player,key,status,skin_frac,cheek_r,cheek_g,cheek_b,cheek_lum,crown_r,crown_g,crown_b,crown_lum,mous_delta,chin_delta,jaw_delta,hair_above
Isaako Aaitui,isaako aaitui,no face,0.0,,,,,,,,,,,,
Israel Abanikanda,israel abanikanda,ok,0.083,106,65,46,75.1,14,14,13,13.9,10.9,2.5,40.9,0.623
Jared Abbrederis,jared abbrederis,no face,0.0,,,,,,,,,,,,
Mehdi Abdesmad,mehdi abdesmad,no face,0.0,,,,,,,,,,,,
Isa Abdul-Quddus,isa abdul quddus,no face,0.0,,,,,,,,,,,,
Ameer Abdullah,ameer abdullah,ok,0.119,173,113,90,128.3,16,13,14,14.0,117.1,63.6,40.4,1.0
Hamza Abdullah,hamza abdullah,no face,0.0,,,,,,,,,,,,
Husain Abdullah,husain abdullah,no face,0.0,,,,,,,,,,,,
Khalid Abdullah,khalid abdullah,no face,0.0,,,,,,,,,,,,
Rabih Abdullah,rabih abdullah,no face,0.0,,,,,,,,,,,,
Yasir Abdullah,yasir abdullah,ok,0.12,150,99,83,112.4,15,13,18,14.1,62.3,73.0,58.2,0.781
Victor Abiamiri,victor abiamiri,no face,0.0,,,,,,,,,,,,
Oday Aboushi,oday aboushi,ok,0.17,246,193,158,204.9,20,17,16,17.9,151.0,59.2,100.0,0.466
John Abraham,john abraham,no face,0.0,,,,,,,,,,,,
Micah Abraham,micah abraham,ok,0.115,173,117,100,131.8,20,20,25,20.6,35.2,106.2,108.2,0.624
Donnie Abraham,donnie abraham,no face,0.0,,,,,,,,,,,,
Johnathan Abram,johnathan abram,ok,0.156,172,108,74,123.3,21,16,13,17.2,18.5,17.0,24.2,0.346
Kris Abrams-Draine,kris abrams draine,ok,0.151,219,142,102,160.5,8,8,6,7.8,82.0,7.3,20.9,1.0
De'Von Achane,devon achane,ok,0.111,132,92,83,102.9,19,16,19,17.2,74.4,47.7,52.8,0.39
Emmanuel Acho,emmanuel acho,no face,0.0,,,,,,,,,,,,
Sam Acho,sam acho,ok,0.156,137,90,75,102.3,33,26,24,27.9,19.9,51.1,60.8,0.296
Kenneth Acker,kenneth acker,no face,0.0,,,,,,,,,,,,
Aaron Adams,aaron adams,no face,0.0,,,,,,,,,,,,
Joe Adams,joe adams,no face,0.0,,,,,,,,,,,,
Andrew Adams,andrew adams,ok,0.143,211,153,125,167.1,51,49,50,49.7,19.4,147.9,106.8,0.269
Keion Adams,keion adams,ok,0.203,179,124,97,137.4,37,38,35,37.4,-43.2,39.3,40.4,0.317
Anthony Adams,anthony adams,no face,0.0,,,,,,,,,,,,
Charlie Adams,charlie adams,no face,0.0,,,,,,,,,,,,
Blue Adams,blue adams,no face,0.0,,,,,,,,,,,,
Davante Adams,davante adams,ok,0.091,83,50,38,58.2,29,26,30,27.4,14.8,2.4,-10.8,1.0
Flozell Adams,flozell adams,no face,0.0,,,,,,,,,,,,
Gaines Adams,gaines adams,no face,0.0,,,,,,,,,,,,
Isaiah Adams,isaiah adams,ok,0.146,216,152,128,168.4,33,27,24,28.5,97.7,137.2,136.2,0.438
Jamal Adams,jamal adams,ok,0.16,217,153,116,167.9,28,24,24,25.2,129.6,31.2,38.2,0.44
Jamar Adams,jamar adams,no face,0.0,,,,,,,,,,,,
Jeff Adams,jeff adams,no face,0.0,,,,,,,,,,,,
Jerell Adams,jerell adams,ok,0.153,141,98,86,109.5,46,37,38,39.8,91.7,36.3,81.9,0.094
Johnny Adams,johnny adams,no face,0.0,,,,,,,,,,,,
Josh Adams,josh adams,ok,0.159,118,62,43,76.7,25,25,27,25.2,40.4,63.8,39.9,0.283
Keith Adams,keith adams,no face,0.0,,,,,,,,,,,,
Kris Adams,kris adams,no face,0.0,,,,,,,,,,,,
Kyle Adams,kyle adams,no face,0.0,,,,,,,,,,,,
Matthew Adams,matthew adams,ok,0.109,129,76,56,89.6,22,21,20,21.2,81.9,34.6,24.2,0.458
Mike Adams,mike adams,ok,0.183,96,51,39,63.1,123,95,94,103.3,-53.6,27.8,50.3,0.07
Michael Adams,michael adams,no face,0.0,,,,,,,,,,,,
Montravius Adams,montravius adams,ok,0.092,138,93,68,103.7,43,42,39,42.0,56.8,68.0,77.6,0.267
Myles Adams,myles adams,ok,0.072,93,59,55,68.7,21,20,21,20.4,57.1,22.5,25.4,0.971
Phillip Adams,phillip adams,no face,0.0,,,,,,,,,,,,
Rodney Adams,rodney adams,ok,0.125,133,83,59,95.2,94,76,79,82.0,22.2,-48.9,7.6,0.132
Sam Adams,sam adams,no face,0.0,,,,,,,,,,,,
Titus Adams,titus adams,no face,0.0,,,,,,,,,,,,
Tyrell Adams,tyrell adams,ok,0.149,155,109,81,119.6,29,24,22,25.3,15.7,107.0,102.8,0.341
Jahleel Addae,jahleel addae,ok,0.117,50,37,33,40.4,62,48,43,51.8,-86.6,-126.6,-37.6,0.271
Joseph Addai,joseph addai,no face,0.0,,,,,,,,,,,,
Nasir Adderley,nasir adderley,ok,0.203,227,168,131,181.4,35,27,26,29.3,85.7,48.5,85.8,0.465
Jordan Addison,jordan addison,ok,0.139,119,75,58,86.2,12,12,11,11.9,55.4,16.2,39.3,1.0
Mario Addison,mario addison,ok,0.087,164,86,46,104.8,21,16,19,17.8,52.2,93.4,93.9,0.975
Adetomiwa Adebawore,adetomiwa adebawore,ok,0.108,145,90,64,103.5,28,26,26,26.6,15.4,84.0,64.0,0.177
Paulson Adebo,paulson adebo,ok,0.105,142,68,41,86.9,17,15,14,15.5,39.8,72.6,69.5,0.54
Quincy Adeboyejo,quincy adeboyejo,ok,0.128,105,61,46,72.4,19,19,19,19.0,43.8,46.9,54.8,0.787
Hakeem Adeniji,hakeem adeniji,ok,0.091,102,71,68,79.9,24,24,23,23.6,56.9,54.9,58.3,0.482
Victor Adeyanju,victor adeyanju,no face,0.0,,,,,,,,,,,,
Xavier Adibi,xavier adibi,no face,0.0,,,,,,,,,,,,
Jude Adjei-Barimah,jude adjei barimah,no face,0.0,,,,,,,,,,,,
Spencer Adkins,spencer adkins,no face,0.0,,,,,,,,,,,,
Daniel Adongo,daniel adongo,no face,0.0,,,,,,,,,,,,
Al Afalava,al afalava,no face,0.0,,,,,,,,,,,,
Nelson Agholor,nelson agholor,ok,0.114,127,96,85,104.0,22,16,16,17.8,50.9,93.2,95.2,0.161
McTelvin Agim,mctelvin agim,ok,0.096,114,73,64,84.2,11,10,10,10.3,-4.4,67.7,74.9,0.939
Jamal Agnew,jamal agnew,ok,0.133,168,114,93,128.2,8,6,5,6.5,120.6,53.8,48.5,1.0
Roberto Aguayo,roberto aguayo,ok,0.189,212,147,117,163.0,34,29,28,30.4,25.3,77.7,88.6,0.675
C.J. Ah You,cj ah you,no face,0.0,,,,,,,,,,,,
Chidi Ahanotu,chidi ahanotu,no face,0.0,,,,,,,,,,,,
Salvon Ahmed,salvon ahmed,ok,0.127,168,114,89,127.3,5,6,7,5.8,116.7,-9.8,27.5,0.659
Danny Aiken,danny aiken,no face,0.0,,,,,,,,,,,,
Kamar Aiken,kamar aiken,no face,0.0,,,,,,,,,,,,
Sam Aiken,sam aiken,no face,0.0,,,,,,,,,,,,
Walt Aikens,walt aikens,ok,0.204,146,102,86,113.3,27,22,21,23.4,69.8,37.6,43.0,0.606
Erik Ainge,erik ainge,no face,0.0,,,,,,,,,,,,
Victor Aiyewa,victor aiyewa,no face,0.0,,,,,,,,,,,,
Brandon Aiyuk,brandon aiyuk,ok,0.109,91,56,40,64.9,14,13,13,13.3,53.3,-22.2,0.7,1.0
Jay Ajayi,jay ajayi,ok,0.314,95,66,53,73.2,35,34,31,33.7,-2.5,,-24.7,0.323
Seyi Ajirotutu,seyi ajirotutu,no face,0.0,,,,,,,,,,,,
Cam Akers,cam akers,ok,0.097,152,99,74,112.0,30,27,26,27.8,0.1,100.4,101.4,0.35
David Akers,david akers,ok,0.271,190,155,139,163.6,20,18,18,18.6,-6.7,70.9,72.4,0.371
Landen Akers,landen akers,ok,0.215,236,181,167,195.8,132,102,84,108.9,117.5,27.4,30.0,0.051
Tommy Akingbesote,tommy akingbesote,ok,0.068,162,100,93,117.7,20,19,21,19.5,84.1,92.7,94.3,0.423
Freedom Akinmoladun,freedom akinmoladun,ok,0.154,179,121,100,135.9,38,33,31,34.3,79.0,46.0,57.7,0.14
Jordan Akins,jordan akins,ok,0.142,105,64,53,75.3,23,17,15,18.6,-32.5,-57.8,11.9,0.052
Azeez Al-Shaair,azeez al shaair,ok,0.131,151,83,57,100.4,12,11,11,11.3,38.7,58.4,82.5,0.519
Anthony Alabi,anthony alabi,no face,0.0,,,,,,,,,,,,
Ikaika Alama-Francis,ikaika alama francis,no face,0.0,,,,,,,,,,,,
Branden Albert,branden albert,no face,0.0,,,,,,,,,,,,
Alex Albright,alex albright,no face,0.0,,,,,,,,,,,,
Bryson Albright,bryson albright,ok,0.235,183,138,114,148.7,59,43,30,46.3,96.1,-30.8,15.6,0.054
Ethan Albright,ethan albright,no face,0.0,,,,,,,,,,,,
Chas Alecxih,chas alecxih,no face,0.0,,,,,,,,,,,,
Alvester Alexander,alvester alexander,no face,0.0,,,,,,,,,,,,
Brent Alexander,brent alexander,no face,0.0,,,,,,,,,,,,
Danario Alexander,danario alexander,no face,0.0,,,,,,,,,,,,
Darius Alexander,darius alexander,ok,0.096,191,129,106,144.9,18,18,17,17.9,123.6,121.1,101.7,1.0
Dominique Alexander,dominique alexander,no face,0.0,,,,,,,,,,,,
D.J. Alexander,dj alexander,ok,0.204,220,146,102,163.1,28,20,17,22.0,85.5,45.8,91.6,0.369
Eric Alexander,eric alexander,no face,0.0,,,,,,,,,,,,
Frank Alexander,frank alexander,no face,0.0,,,,,,,,,,,,
Gerald Alexander,gerald alexander,no face,0.0,,,,,,,,,,,,
Jaire Alexander,jaire alexander,ok,0.133,198,140,110,153.9,28,26,23,26.0,54.0,109.9,88.5,0.611
Kevin Alexander,kevin alexander,no face,0.0,,,,,,,,,,,,
Lorenzo Alexander,lorenzo alexander,ok,0.157,205,138,102,153.9,112,85,70,91.2,99.1,13.9,32.6,0.005
Mackensie Alexander,mackensie alexander,ok,0.167,132,81,58,93.7,19,14,14,15.5,27.4,36.6,38.6,0.557
Maurice Alexander,maurice alexander,ok,0.165,169,103,74,119.4,16,13,13,13.9,86.7,26.6,43.9,0.67
Roc Alexander,roc alexander,no face,0.0,,,,,,,,,,,,
P.J. Alexander,pj alexander,no face,0.0,,,,,,,,,,,,
Rufus Alexander,rufus alexander,no face,0.0,,,,,,,,,,,,
Kwon Alexander,kwon alexander,ok,0.115,176,103,79,121.9,41,17,18,24.3,28.3,104.9,86.6,0.669
Shaun Alexander,shaun alexander,no face,0.0,,,,,,,,,,,,
Stephen Alexander,stephen alexander,no face,0.0,,,,,,,,,,,,
Vadal Alexander,vadal alexander,ok,0.167,218,149,113,165.5,34,28,24,29.3,97.9,123.9,125.7,0.151
Rich Alexis,rich alexis,no face,0.0,,,,,,,,,,,,
Dominic Alford,dominic alford,no face,0.0,,,,,,,,,,,,
Jay Alford,jay alford,no face,0.0,,,,,,,,,,,,
Mario Alford,mario alford,no face,0.0,,,,,,,,,,,,
Robert Alford,robert alford,ok,0.143,207,142,115,158.4,21,20,20,20.3,120.6,86.9,61.9,0.856
Charles Ali,charles ali,no face,0.0,,,,,,,,,,,,
Rasheen Ali,rasheen ali,ok,0.104,160,118,94,127.8,16,16,16,16.0,69.9,35.8,73.4,0.977
Mo Alie-Cox,mo alie cox,ok,0.111,138,96,86,107.2,7,9,15,9.1,35.3,61.6,89.6,0.561
Erick All,erick all,ok,0.123,238,174,150,190.3,38,33,30,34.2,21.2,46.7,73.4,0.684
Michael Allan,michael allan,no face,0.0,,,,,,,,,,,,
Nick Allegretti,nick allegretti,ok,0.139,242,190,158,201.9,33,31,28,31.3,148.3,2.9,22.7,0.308
Andy Alleman,andy alleman,no face,0.0,,,,,,,,,,,,
Anthony Allen,anthony allen,no face,0.0,,,,,,,,,,,,
Antonio Allen,antonio allen,no face,0.0,,,,,,,,,,,,
Armando Allen,armando allen,no face,0.0,,,,,,,,,,,,
Asher Allen,asher allen,no face,0.0,,,,,,,,,,,,
Beau Allen,beau allen,ok,0.208,220,163,148,178.3,105,94,92,97.1,31.4,-19.1,29.7,0.026
Braelon Allen,braelon allen,ok,0.077,164,109,90,123.2,10,10,10,10.0,47.9,108.7,112.2,0.881
Brandon Allen,brandon allen,ok,0.124,226,157,141,175.8,37,34,31,34.6,32.8,128.7,140.1,0.558
Brian Allen,brian allen,no face,0.0,,,,,,,,,,,,
Chase Allen,chase allen,ok,0.172,170,129,114,139.5,78,56,44,61.2,-21.8,-32.9,-20.6,0.082
Cortez Allen,cortez allen,no face,0.0,,,,,,,,,,,,
Dakota Allen,dakota allen,ok,0.255,132,81,54,93.2,113,106,100,107.4,-52.9,-24.2,-1.3,0.168
David Allen,david allen,no face,0.0,,,,,,,,,,,,
Davis Allen,davis allen,ok,0.171,196,142,125,156.2,81,55,44,61.5,4.2,85.6,36.5,0.026
Dwayne Allen,dwayne allen,ok,0.162,156,107,88,119.5,27,21,20,22.7,42.7,61.2,65.1,0.53
Ian Allen,ian allen,no face,0.0,,,,,,,,,,,,
Jake Allen,jake allen,no face,0.0,,,,,,,,,,,,
Jack Allen,jack allen,no face,0.0,,,,,,,,,,,,
James Allen,james allen,no face,0.0,,,,,,,,,,,,
Jared Allen,jared allen,no face,0.0,,,,,,,,,,,,
Jason Allen,jason allen,no face,0.0,,,,,,,,,,,,
Javorius Allen,javorius allen,ok,0.131,170,109,79,123.8,15,15,15,15.0,86.9,106.5,103.4,0.584
Jeff Allen,jeff allen,ok,0.109,140,71,48,89.0,18,14,11,14.9,72.1,-146.5,-144.2,0.329
Jonathan Allen,jonathan allen,ok,0.122,188,125,97,140.6,27,24,22,24.7,93.9,78.0,107.9,0.781
Josh Allen,josh allen,ok,0.288,51,24,20,31.6,19,18,15,18.0,,,,0.0
Keenan Allen,keenan allen,ok,0.112,180,132,108,143.6,165,135,123,142.6,55.4,113.6,120.7,0.007
Kenderick Allen,kenderick allen,no face,0.0,,,,,,,,,,,,
Kyle Allen,kyle allen,ok,0.043,169,126,125,138.7,12,10,8,10.4,61.5,-18.6,7.2,0.364
Larry Allen,larry allen,no face,0.06,,,,,,,,,,,,
LeQuint Allen Jr.,lequint allen,ok,0.113,155,103,84,116.4,16,14,16,14.8,56.7,63.8,50.8,0.485
Marcus Allen,marcus allen,no face,0.04,,,,,,,,,,,,
Nate Allen,nate allen,no face,0.0,,,,,,,,,,,,
Ricardo Allen,ricardo allen,ok,0.147,237,172,138,187.5,28,26,24,26.4,90.2,36.7,54.6,0.963
Russell Allen,russell allen,no face,0.0,,,,,,,,,,,,
Ryan Allen,ryan allen,ok,0.205,213,165,140,176.5,104,79,61,84.4,21.0,-2.1,13.5,0.096
Will Allen,will allen,no face,0.0,,,,,,,,,,,,
Zach Allen,zach allen,no face,0.0,,,,,,,,,,,,
Tyler Allgeier,tyler allgeier,ok,0.142,215,165,146,177.7,15,13,13,13.6,146.9,61.0,51.4,1.0
Aundrae Allison,aundrae allison,no face,0.0,,,,,,,,,,,,
Geronimo Allison,geronimo allison,ok,0.161,179,149,144,157.4,24,24,24,24.0,61.8,124.0,128.6,0.741
Colin Allred,colin allred,no face,0.0,,,,,,,,,,,,
Kiko Alonso,kiko alonso,ok,0.157,154,102,66,113.4,68,42,20,47.2,-36.4,-4.8,7.0,0.099
Jon Alston,jon alston,no face,0.0,,,,,,,,,,,,
Richard Alston,richard alston,no face,0.0,,,,,,,,,,,,
Mike Alstott,mike alstott,no face,0.0,,,,,,,,,,,,
Joe Alt,joe alt,ok,0.133,201,157,143,168.6,46,35,34,38.2,-21.0,53.8,44.8,0.176
Tyson Alualu,tyson alualu,ok,0.128,234,162,132,180.1,30,30,30,30.0,147.3,32.2,91.8,0.77
Ugo Amadi,ugo amadi,ok,0.104,150,104,86,115.6,18,18,21,18.3,84.5,46.4,42.4,0.671
Eugene Amano,eugene amano,no face,0.0,,,,,,,,,,,,
Jace Amaro,jace amaro,ok,0.163,211,134,107,153.9,21,17,12,17.6,59.1,18.3,87.3,0.499
Ken Amato,ken amato,no face,0.0,,,,,,,,,,,,
Jonathon Amaya,jonathon amaya,no face,0.0,,,,,,,,,,,,
Ashley Ambrose,ashley ambrose,no face,0.0,,,,,,,,,,,,
Kiran Amegadjie,kiran amegadjie,ok,0.115,215,156,130,171.0,6,5,5,5.3,109.8,17.5,74.5,0.32
Danny Amendola,danny amendola,ok,0.226,169,119,95,131.2,83,64,54,68.5,-0.1,49.5,18.3,0.157
David Amerson,david amerson,ok,0.129,172,82,50,105.3,15,12,9,12.3,92.3,22.8,40.8,0.435
Kofi Amichia,kofi amichia,ok,0.126,83,42,31,53.0,27,18,16,20.5,29.2,38.5,36.1,0.086
Matt Ammendola,matt ammendola,ok,0.141,118,83,67,91.6,95,91,87,91.7,3.6,1.1,15.6,0.276
Adrian Amos,adrian amos,ok,0.092,115,68,47,79.7,16,12,8,12.7,22.4,71.4,75.3,0.797
Trey Amos,trey amos,ok,0.133,159,100,79,115.2,14,13,11,13.1,99.2,57.0,56.2,0.373
Prince Amukamara,prince amukamara,ok,0.107,99,63,50,72.3,26,23,22,23.8,44.3,63.6,57.3,0.414
Bradlee Anae,bradlee anae,ok,0.128,192,114,73,132.9,8,5,3,5.7,102.0,-1.2,5.0,1.0
Tremayne Anchrum,tremayne anchrum,ok,0.13,162,103,82,118.4,26,23,22,23.8,57.7,96.1,83.9,0.418
Morten Andersen,morten andersen,no face,0.112,,,,,,,,,,,,
Troy Andersen,troy andersen,ok,0.14,210,149,121,164.0,15,12,10,12.7,64.6,20.6,16.3,0.803
Abdullah Anderson,abdullah anderson,ok,0.149,214,166,140,177.4,53,45,40,46.8,84.2,150.8,147.6,0.128
Andre' Anderson,andre anderson,no face,0.0,,,,,,,,,,,,
Bryan Anderson,bryan anderson,no face,0.0,,,,,,,,,,,,
Calvin Anderson,calvin anderson,ok,0.112,136,92,80,103.9,23,23,26,23.3,-7.9,89.3,83.0,0.329
Charlie Anderson,charlie anderson,no face,0.0,,,,,,,,,,,,
Colt Anderson,colt anderson,no face,0.0,,,,,,,,,,,,
C.J. Anderson,cj anderson,ok,0.122,186,125,95,139.8,32,31,30,31.2,117.8,52.0,108.6,0.428
Courtney Anderson,courtney anderson,no face,0.0,,,,,,,,,,,,
Damien Anderson,damien anderson,no face,0.0,,,,,,,,,,,,
David Anderson,david anderson,no face,0.0,,,,,,,,,,,,
Deon Anderson,deon anderson,no face,0.0,,,,,,,,,,,,
Derek Anderson,derek anderson,no face,0.0,,,,,,,,,,,,
Dres Anderson,dres anderson,no face,0.0,,,,,,,,,,,,
Dwight Anderson,dwight anderson,no face,0.0,,,,,,,,,,,,
Gary Anderson,gary anderson,no face,0.0,,,,,,,,,,,,
Henry Anderson,henry anderson,ok,0.153,225,173,160,187.1,84,72,70,75.1,5.0,82.1,27.5,0.007
Jack Anderson,jack anderson,ok,0.156,191,140,122,153.2,74,56,42,59.8,-22.0,24.9,17.7,0.037
Jamaal Anderson,jamaal anderson,no face,0.0,,,,,,,,,,,,
James Anderson,james anderson,no face,0.0,,,,,,,,,,,,
Jonathan Anderson,jonathan anderson,ok,0.166,200,142,102,154.8,185,160,133,164.4,-40.5,-17.8,1.9,0.036
Joe Anderson,joe anderson,no face,0.0,,,,,,,,,,,,
Justin Anderson,justin anderson,no face,0.0,,,,,,,,,,,,
Mark Anderson,mark anderson,no face,0.0,,,,,,,,,,,,
Marques Anderson,marques anderson,no face,0.0,,,,,,,,,,,,
Mike Anderson,mike anderson,no face,0.0,,,,,,,,,,,,
Ryan Anderson,ryan anderson,ok,0.136,206,136,98,152.6,28,20,17,22.0,108.0,135.1,136.0,0.183
Richie Anderson,richie anderson,no face,0.0,,,,,,,,,,,,
Rodney Anderson,rodney anderson,ok,0.232,231,167,133,182.3,56,45,40,47.7,40.5,50.6,54.4,0.095
Rory Anderson,rory anderson,no face,0.0,,,,,,,,,,,,
Scotty Anderson,scotty anderson,no face,0.0,,,,,,,,,,,,
Spencer Anderson,spencer anderson,ok,0.116,187,127,101,142.0,17,16,17,16.4,-11.9,120.6,80.7,0.861
Stephen Anderson,stephen anderson,ok,0.209,178,108,86,126.6,32,25,21,26.6,11.2,-4.1,22.3,0.253
Tim Anderson,tim anderson,no face,0.0,,,,,,,,,,,,
Tycen Anderson,tycen anderson,ok,0.158,165,103,72,118.0,39,16,5,21.6,100.2,11.6,10.3,0.086
Bennie Anderson,bennie anderson,no face,0.0,,,,,,,,,,,,
Vince Anderson,vince anderson,no face,0.0,,,,,,,,,,,,
Will Anderson Jr.,will anderson,ok,0.106,96,59,44,68.3,19,16,16,16.9,58.7,-19.0,4.6,1.0
Willie Anderson,willie anderson,no face,0.0,,,,,,,,,,,,
Zaire Anderson,zaire anderson,ok,0.139,130,68,47,84.1,25,17,14,19.1,69.2,25.9,24.6,0.33
Zayne Anderson,zayne anderson,ok,0.178,212,156,136,170.6,120,104,95,107.8,-14.2,54.8,15.4,0.061
David Andrews,david andrews,ok,0.115,141,95,76,106.6,106,95,88,97.5,16.3,75.6,76.2,0.015
Jake Andrews,jake andrews,ok,0.145,229,150,127,171.0,31,19,15,22.1,137.9,3.1,55.6,0.32
Josh Andrews,josh andrews,ok,0.149,173,110,78,125.2,12,10,8,10.4,77.0,32.7,40.9,0.578
Mark Andrews,mark andrews,ok,0.145,208,135,118,154.9,13,8,7,9.4,116.7,-13.9,-4.1,0.322
Shawn Andrews,shawn andrews,ok,0.219,206,146,122,161.4,27,15,18,18.9,34.4,52.0,91.5,0.578
Stacy Andrews,stacy andrews,no face,0.0,,,,,,,,,,,,
Willie Andrews,willie andrews,no face,0.0,,,,,,,,,,,,
Shane Andrus,shane andrus,no face,0.0,,,,,,,,,,,,
Joe Andruzzi,joe andruzzi,no face,0.0,,,,,,,,,,,,
Bryan Anger,bryan anger,ok,0.161,172,117,96,131.1,139,99,84,109.2,-12.0,81.4,84.7,0.051
Pat Angerer,pat angerer,no face,0.0,,,,,,,,,,,,
Richard Angulo,richard angulo,no face,0.0,,,,,,,,,,,,
Eli Ankou,eli ankou,ok,0.108,198,136,110,151.6,24,22,22,22.6,27.0,44.8,52.9,0.786
Ezekiel Ansah,ezekiel ansah,ok,0.163,126,78,58,90.2,16,15,14,15.2,-27.5,0.2,14.7,0.603
Andre Anthony,andre anthony,ok,0.151,139,77,56,93.1,17,14,14,14.9,-17.7,60.0,22.2,0.718
Daijahn Anthony,daijahn anthony,ok,0.13,188,112,72,130.3,22,18,14,18.7,16.1,-36.6,8.8,0.259
Marc Anthony,marc anthony,no face,0.0,,,,,,,,,,,,
Stephone Anthony,stephone anthony,ok,0.158,125,81,57,91.4,17,18,14,17.2,19.9,47.5,42.9,0.742
Felix Anudike-Uzomah,felix anudike uzomah,ok,0.084,135,65,40,83.1,19,23,19,21.3,-81.4,-153.0,-147.3,0.375
Chigbo Anunoby,chigbo anunoby,no face,0.0,,,,,,,,,,,,
Alex Anzalone,alex anzalone,ok,0.23,193,165,136,170.1,152,143,137,144.9,99.1,97.1,38.9,0.002
Troy Apke,troy apke,ok,0.161,222,164,144,179.5,69,52,40,55.7,-13.2,63.8,-3.7,0.029
Eli Apple,eli apple,ok,0.128,156,98,67,111.8,26,24,23,24.5,-14.7,80.4,70.3,0.546
Antwan Applewhite,antwan applewhite,no face,0.0,,,,,,,,,,,,
Matt Araiza,matt araiza,ok,0.132,223,136,117,159.8,16,9,7,10.9,87.7,-49.1,-41.2,0.55
J.J. Arcega-Whiteside,jj arcega whiteside,ok,0.163,222,170,136,181.7,24,23,18,22.7,63.0,95.4,66.5,0.82
Dri Archer,dri archer,no face,0.0,,,,,,,,,,,,
Brandon Archer,brandon archer,no face,0.0,,,,,,,,,,,,
Daniel Archibong,daniel archibong,ok,0.146,228,159,131,176.4,24,21,19,21.7,12.7,130.1,113.1,0.526
Adam Archuleta,adam archuleta,no face,0.0,,,,,,,,,,,,
A.J. Arcuri,aj arcuri,ok,0.15,200,146,123,159.5,61,45,37,48.9,-11.2,22.1,19.1,0.032
Javier Arenas,javier arenas,no face,0.0,,,,,,,,,,,,
David Arkin,david arkin,no face,0.0,,,,,,,,,,,,
Alex Armah,alex armah,ok,0.106,147,113,96,121.2,27,26,25,26.2,76.4,48.0,33.2,1.0
Thurston Armbrister,thurston armbrister,ok,0.167,152,96,65,109.7,45,34,25,36.0,5.5,1.5,10.9,0.094
Jalyn Armour-Davis,jalyn armour davis,ok,0.115,112,75,54,83.7,15,14,14,14.3,36.0,62.9,61.9,1.0
Arik Armstead,arik armstead,ok,0.133,175,124,102,136.7,21,20,24,20.8,39.1,2.3,24.0,0.994
Ryquell Armstead,ryquell armstead,ok,0.163,151,100,74,112.3,37,31,31,32.8,99.9,23.8,47.9,0.462
Terron Armstead,terron armstead,ok,0.103,117,81,74,91.0,17,13,17,14.7,80.1,83.1,84.2,0.294
Anthony Armstrong,anthony armstrong,no face,0.0,,,,,,,,,,,,
Ray-Ray Armstrong,ray ray armstrong,ok,0.255,86,48,31,57.4,22,16,12,17.3,-59.8,-37.8,-40.0,0.281
Calvin Armstrong,calvin armstrong,no face,0.0,,,,,,,,,,,,
Cornell Armstrong,cornell armstrong,ok,0.135,188,136,106,148.1,42,39,36,39.6,23.0,78.2,55.5,0.338
Derick Armstrong,derick armstrong,no face,0.0,,,,,,,,,,,,
Dorance Armstrong,dorance armstrong,ok,0.133,179,118,93,133.4,13,11,10,11.5,58.6,49.8,70.2,0.346
Damon Arnette,damon arnette,ok,0.096,66,41,26,46.8,30,28,33,29.2,-47.9,-12.0,-43.5,0.752
Brian Arnfelt,brian arnfelt,no face,0.0,,,,,,,,,,,,
Dan Arnold,dan arnold,ok,0.16,232,184,160,195.6,31,20,14,22.6,69.3,180.6,178.4,0.25
Grayland Arnold,grayland arnold,ok,0.139,178,125,96,137.5,39,38,37,38.2,24.8,57.3,56.5,0.632
Terrion Arnold,terrion arnold,ok,0.103,129,79,67,92.6,15,15,15,15.0,4.7,56.3,44.7,1.0
Stanley Arnoux,stanley arnoux,no face,0.0,,,,,,,,,,,,
Devin Aromashodu,devin aromashodu,no face,0.0,,,,,,,,,,,,
Adrian Arrington,adrian arrington,no face,0.0,,,,,,,,,,,,
J.J. Arrington,jj arrington,no face,0.0,,,,,,,,,,,,
Kyle Arrington,kyle arrington,no face,0.0,,,,,,,,,,,,
LaVar Arrington,lavar arrington,no face,0.0,,,,,,,,,,,,
Elijah Arroyo,elijah arroyo,ok,0.134,205,151,120,163.6,10,8,7,8.5,112.7,9.9,33.1,0.778
Cameron Artis-Payne,cameron artis payne,ok,0.186,153,90,69,106.4,21,13,14,15.5,40.0,90.9,59.4,0.466
Ade Aruna,ade aruna,ok,0.199,79,50,35,57.0,32,25,23,26.9,-80.8,-53.1,-44.6,0.425
George Asafo-Adjei,george asafo adjei,no face,0.0,,,,,,,,,,,,
Brian Asamoah II,brian asamoah,ok,0.109,91,56,41,64.8,22,19,17,19.7,19.6,51.2,39.2,0.688
Jon Asamoah,jon asamoah,no face,0.0,,,,,,,,,,,,
Larry Asante,larry asante,no face,0.0,,,,,,,,,,,,
Richard Ash,richard ash,ok,0.166,153,82,49,99.5,18,14,8,14.5,73.3,51.1,72.3,0.626
Tom Ashworth,tom ashworth,no face,0.0,,,,,,,,,,,,
Devin Asiasi,devin asiasi,ok,0.184,180,125,100,138.8,39,32,33,34.2,28.9,7.3,36.3,0.377
Isaac Asiata,isaac asiata,ok,0.15,161,104,78,118.1,22,18,16,19.0,104.1,-5.0,27.0,0.361
Johan Asiata,johan asiata,no face,0.0,,,,,,,,,,,,
Matt Asiata,matt asiata,no face,0.0,,,,,,,,,,,,
K.C. Asiodu,kc asiodu,no face,0.0,,,,,,,,,,,,
B.J. Askew,bj askew,no face,0.0,,,,,,,,,,,,
Matthias Askew,matthias askew,no face,0.0,,,,,,,,,,,,
Nnamdi Asomugha,nnamdi asomugha,no face,0.0,,,,,,,,,,,,
Mark Asper,mark asper,no face,0.0,,,,,,,,,,,,
Marcell Ateman,marcell ateman,ok,0.088,147,98,83,110.6,4,65,143,55.7,2.5,-45.7,1.0,0.999
Baraka Atkins,baraka atkins,no face,0.0,,,,,,,,,,,,
Geno Atkins,geno atkins,ok,0.154,109,71,57,80.8,42,34,31,36.0,62.1,4.8,8.7,0.333
James Atkins,james atkins,no face,0.0,,,,,,,,,,,,
George Atkinson,george atkinson,no face,0.0,,,,,,,,,,,,
Jeremiah Attaochu,jeremiah attaochu,ok,0.155,117,71,55,82.9,15,12,9,12.6,27.3,21.3,56.8,0.82
Tutu Atwell,tutu atwell,ok,0.149,174,114,94,129.7,24,19,18,20.4,45.4,76.4,60.3,0.805
Josh Aubrey,josh aubrey,no face,0.0,,,,,,,,,,,,
Antony Auclair,antony auclair,ok,0.183,214,140,107,158.4,57,43,35,46.3,72.4,110.2,51.2,0.082
Malaesala Aumavae-Laulu,malaesala aumavae laulu,ok,0.111,188,135,109,147.7,11,9,9,9.6,110.2,138.1,129.4,0.27
David Ausberry,david ausberry,no face,0.0,,,,,,,,,,,,
Erik Austell,erik austell,no face,0.0,,,,,,,,,,,,
Alex Austin,alex austin,ok,0.195,194,119,83,137.3,118,102,100,106.6,16.2,2.1,119.1,0.023
Blessuan Austin,blessuan austin,ok,0.156,129,64,37,80.4,21,21,18,20.7,-8.1,37.1,35.2,0.822
Calvin Austin III,calvin austin,ok,0.117,208,143,112,159.0,39,37,36,37.5,-13.7,112.4,81.1,0.488
Marvin Austin,marvin austin,no face,0.0,,,,,,,,,,,,
Miles Austin,miles austin,no face,0.0,,,,,,,,,,,,
Rodney Austin,rodney austin,no face,0.0,,,,,,,,,,,,
Tavon Austin,tavon austin,ok,0.15,155,101,84,115.2,58,43,42,47.4,16.5,77.9,65.0,0.152
Terrence Austin,terrence austin,no face,0.0,,,,,,,,,,,,
Thomas Austin,thomas austin,no face,0.0,,,,,,,,,,,,
Denico Autry,denico autry,ok,0.119,130,83,61,94.4,13,11,12,11.7,85.0,82.6,85.1,0.422
Jason Avant,jason avant,no face,0.0,,,,,,,,,,,,
Anthony Averett,anthony averett,ok,0.109,110,82,64,88.3,44,43,44,43.4,19.1,-78.1,-27.7,1.0
Donnie Avery,donnie avery,no face,0.0,,,,,,,,,,,,
Genard Avery,genard avery,ok,0.123,131,89,79,100.4,50,36,33,39.8,76.9,22.3,80.8,0.018
Steve Avila,steve avila,ok,0.127,158,98,67,112.0,6,5,4,5.2,66.5,2.0,34.0,0.787
Cliff Avril,cliff avril,no face,0.0,,,,,,,,,,,,
Adrian Awasom,adrian awasom,no face,0.0,,,,,,,,,,,,
Kayode Awosika,kayode awosika,ok,0.062,103,59,56,71.8,13,13,20,13.8,-18.6,59.6,40.5,0.682
Chidobe Awuzie,chidobe awuzie,ok,0.118,134,91,75,102.2,12,10,10,10.4,72.9,87.0,39.8,0.796
Obafemi Ayanbadejo,obafemi ayanbadejo,no face,0.0,,,,,,,,,,,,
Brendon Ayanbadejo,brendon ayanbadejo,no face,0.0,,,,,,,,,,,,
Akeem Ayers,akeem ayers,no face,0.0,,,,,,,,,,,,
DeMarcus Ayers,demarcus ayers,ok,0.16,179,126,102,139.1,28,23,19,24.0,58.9,92.6,49.7,0.935
Robert Ayers,robert ayers,no face,0.0,,,,,,,,,,,,
Akin Ayodele,akin ayodele,no face,0.0,,,,,,,,,,,,
Remi Ayodele,remi ayodele,no face,0.0,,,,,,,,,,,,
Elic Ayomanor,elic ayomanor,ok,0.152,158,95,67,110.8,158,152,152,153.6,-33.4,0.9,17.9,0.15
Jerry Azumah,jerry azumah,no face,0.0,,,,,,,,,,,,
David Baas,david baas,no face,0.0,,,,,,,,,,,,
Billy Baber,billy baber,no face,0.0,,,,,,,,,,,,
Jason Babin,jason babin,no face,0.0,,,,,,,,,,,,
Jonathan Babineaux,jonathan babineaux,no face,0.0,,,,,,,,,,,,
Jordan Babineaux,jordan babineaux,no face,0.0,,,,,,,,,,,,
Jeff Baca,jeff baca,no face,0.0,,,,,,,,,,,,
Joe Bachie,joe bachie,ok,0.138,198,147,125,159.7,139,134,132,135.3,9.6,46.6,22.9,0.095
Alex Bachman,alex bachman,ok,0.168,191,132,115,147.7,47,33,25,36.3,-7.8,83.8,80.0,0.104
Kennard Backman,kennard backman,no face,0.0,,,,,,,,,,,,
Jeff Backus,jeff backus,no face,0.0,,,,,,,,,,,,
Waine Bacon,waine bacon,no face,0.0,,,,,,,,,,,,
Johnson Bademosi,johnson bademosi,ok,0.114,110,70,54,80.0,23,20,19,20.8,51.8,32.3,8.1,1.0
Brad Badger,brad badger,no face,0.0,,,,,,,,,,,,
Tyler Badie,tyler badie,ok,0.138,168,104,74,119.9,20,16,10,16.5,64.4,25.0,29.7,0.221
Allen Bailey,allen bailey,ok,0.137,120,73,57,85.2,15,14,13,14.2,55.0,81.9,75.7,0.377
Alvin Bailey,alvin bailey,no face,0.0,,,,,,,,,,,,
Dan Bailey,dan bailey,ok,0.171,150,102,82,114.3,57,41,35,45.1,-47.1,-22.8,17.9,0.172
Jake Bailey,jake bailey,ok,0.157,149,102,86,114.2,114,101,96,104.3,-23.7,2.0,2.1,0.062
Markus Bailey,markus bailey,ok,0.128,191,151,143,162.0,22,20,19,20.5,136.7,-11.1,26.8,0.92
Patrick Bailey,patrick bailey,no face,0.0,,,,,,,,,,,,
Quinn Bailey,quinn bailey,ok,0.167,196,148,138,161.2,137,123,106,125.2,12.2,65.1,65.7,0.027
Rodney Bailey,rodney bailey,no face,0.0,,,,,,,,,,,,
Boss Bailey,boss bailey,no face,0.0,,,,,,,,,,,,
Champ Bailey,champ bailey,ok,0.08,183,110,70,127.3,212,180,184,190.0,,,,0.159
Stedman Bailey,stedman bailey,no face,0.0,,,,,,,,,,,,
Sterling Bailey,sterling bailey,no face,0.0,,,,,,,,,,,,
Brandon Bair,brandon bair,no face,0.0,,,,,,,,,,,,
Billy Bajema,billy bajema,no face,0.0,,,,,,,,,,,,
Budda Baker,budda baker,ok,0.129,186,131,106,144.6,17,13,12,14.1,97.1,135.9,129.5,0.416
Chase Baker,chase baker,no face,0.0,,,,,,,,,,,,
Chris Baker,chris baker,no face,0.0,,,,,,,,,,,,
Dallas Baker,dallas baker,no face,0.0,,,,,,,,,,,,
Deandre Baker,deandre baker,ok,0.132,126,77,52,89.0,35,29,26,30.5,19.1,25.8,8.8,0.203
Edwin Baker,edwin baker,no face,0.0,,,,,,,,,,,,
Eugene Baker,eugene baker,no face,0.0,,,,,,,,,,,,
Jason Baker,jason baker,no face,0.0,,,,,,,,,,,,
Javon Baker,javon baker,ok,0.12,187,118,96,136.1,26,25,24,25.2,17.7,55.1,65.5,0.706
Jerome Baker,jerome baker,ok,0.173,141,91,65,103.0,21,20,19,20.2,60.5,43.9,60.4,0.669
Kawaan Baker,kawaan baker,ok,0.121,164,96,68,113.1,106,91,84,94.7,48.6,2.0,29.9,0.007
Mikail Baker,mikail baker,no face,0.0,,,,,,,,,,,,
Rashad Baker,rashad baker,no face,0.0,,,,,,,,,,,,
Ryan Baker,ryan baker,no face,0.0,,,,,,,,,,,,
Sam Baker,sam baker,no face,0.0,,,,,,,,,,,,
Steven Baker,steven baker,no face,0.0,,,,,,,,,,,,
David Bakhtiari,david bakhtiari,ok,0.13,222,150,137,170.0,10,5,3,6.3,119.8,66.4,110.6,0.337
Daniel Baldridge,daniel baldridge,no face,0.0,,,,,,,,,,,,
Alex Balducci,alex balducci,no face,0.0,,,,,,,,,,,,
Doug Baldwin,doug baldwin,ok,0.176,190,130,96,144.1,29,24,20,25.0,79.1,40.0,99.0,0.439
Ervin Baldwin,ervin baldwin,no face,0.0,,,,,,,,,,,,
Johnny Baldwin,johnny baldwin,no face,0.0,,,,,,,,,,,,
Alan Ball,alan ball,no face,0.0,,,,,,,,,,,,
Dave Ball,dave ball,no face,0.0,,,,,,,,,,,,
Jason Ball,jason ball,no face,0.0,,,,,,,,,,,,
Josh Ball,josh ball,ok,0.144,141,108,90,115.8,52,41,38,43.9,21.6,57.3,49.1,0.047
Lance Ball,lance ball,no face,0.0,,,,,,,,,,,,
Marcus Ball,marcus ball,no face,0.0,,,,,,,,,,,,
Montee Ball,montee ball,no face,0.0,,,,,,,,,,,,
Neiron Ball,neiron ball,no face,0.0,,,,,,,,,,,,
Kalen Ballage,kalen ballage,ok,0.125,154,107,79,118.0,27,30,25,28.5,11.1,38.8,66.4,0.92
Christian Ballard,christian ballard,no face,0.0,,,,,,,,,,,,
Jake Ballard,jake ballard,no face,0.0,,,,,,,,,,,,
Vick Ballard,vick ballard,no face,0.0,,,,,,,,,,,,
Corey Ballentine,corey ballentine,ok,0.124,130,85,72,97.0,14,11,15,12.4,16.7,73.9,34.2,1.0
Lonnie Ballentine,lonnie ballentine,no face,0.0,,,,,,,,,,,,
Kentwan Balmer,kentwan balmer,no face,0.0,,,,,,,,,,,,
Mike Balogun,mike balogun,no face,0.0,,,,,,,,,,,,
Michael Bandy,michael bandy,ok,0.166,214,155,133,170.3,17,15,12,15.3,24.4,1.4,2.2,0.88
Chris Banjo,chris banjo,ok,0.219,127,88,77,98.4,55,39,30,42.8,-8.9,80.6,50.8,0.097
Aaron Banks,aaron banks,ok,0.119,195,129,102,145.7,16,15,13,15.1,59.1,126.2,135.2,0.597
Tony Banks,tony banks,no face,0.0,,,,,,,,,,,,
Brandon Banks,brandon banks,no face,0.0,,,,,,,,,,,,
Deonte Banks,deonte banks,ok,0.111,150,80,51,97.6,22,22,21,22.0,79.0,4.8,9.5,0.805
Eric Banks,eric banks,ok,0.136,109,73,56,81.8,21,20,20,20.3,4.6,4.9,4.9,0.522
Gary Banks,gary banks,no face,0.0,,,,,,,,,,,,
Johnthan Banks,johnthan banks,no face,0.0,,,,,,,,,,,,
Kelvin Banks Jr.,kelvin banks,ok,0.132,114,68,45,79.1,14,9,7,10.3,73.2,11.8,20.9,0.48
Justin Bannan,justin bannan,no face,0.0,,,,,,,,,,,,
Zach Banner,zach banner,ok,0.172,247,177,145,194.3,25,23,22,23.5,15.9,97.7,93.9,0.956
Alex Bannister,alex bannister,no face,0.0,,,,,,,,,,,,
Shane Bannon,shane bannon,no face,0.0,,,,,,,,,,,,
Ben Banogu,ben banogu,ok,0.116,133,87,67,98.5,19,19,20,19.1,29.0,79.4,77.4,0.909
Tully Banta-Cain,tully banta cain,no face,0.0,,,,,,,,,,,,
Joe Banyard,joe banyard,no face,0.0,,,,,,,,,,,,
Tiki Barber,tiki barber,no face,0.0,,,,,,,,,,,,
Dominique Barber,dominique barber,no face,0.0,,,,,,,,,,,,
Ronde Barber,ronde barber,no face,0.0,,,,,,,,,,,,
Peyton Barber,peyton barber,ok,0.121,87,52,37,60.5,10,9,9,9.3,49.2,3.7,24.1,0.996
Marion Barber,marion barber,no face,0.0,,,,,,,,,,,,
Shawn Barber,shawn barber,no face,0.0,,,,,,,,,,,,
Allen Barbre,allen barbre,no face,0.0,,,,,,,,,,,,
Chris Barclay,chris barclay,no face,0.0,,,,,,,,,,,,
Don Barclay,don barclay,no face,0.0,,,,,,,,,,,,
Brandon Barden,brandon barden,no face,0.0,,,,,,,,,,,,
Ramses Barden,ramses barden,no face,0.0,,,,,,,,,,,,
Jake Bargas,jake bargas,ok,0.158,204,142,118,157.7,50,32,23,36.4,-36.0,-7.8,18.8,0.087
Bryce Baringer,bryce baringer,ok,0.153,182,136,114,147.4,71,64,59,65.5,-12.1,27.0,14.1,0.044
Bryan Barker,bryan barker,no face,0.0,,,,,,,,,,,,
Chris Barker,chris barker,no face,0.0,,,,,,,,,,,,
Will Barker,will barker,no face,0.0,,,,,,,,,,,,
Matt Barkley,matt barkley,ok,0.143,198,142,129,157.3,64,46,37,50.5,-18.8,-2.5,27.1,0.028
Saquon Barkley,saquon barkley,ok,0.144,189,123,103,140.5,33,31,32,31.7,30.6,8.7,18.2,0.402
Joe Barksdale,joe barksdale,no face,0.0,,,,,,,,,,,,
Rashad Barksdale,rashad barksdale,no face,0.0,,,,,,,,,,,,
Kevan Barlow,kevan barlow,no face,0.0,,,,,,,,,,,,
Christian Barmore,christian barmore,ok,0.114,160,97,72,113.0,21,18,16,18.7,71.3,86.0,86.0,0.637
AJ Barner,aj barner,ok,0.167,232,181,155,193.3,47,39,35,40.9,99.7,-0.2,14.9,0.203
Kenjon Barner,kenjon barner,ok,0.113,152,94,72,108.8,18,16,18,16.8,14.9,96.0,95.4,0.66
Adairius Barnes,adairius barnes,no face,0.0,,,,,,,,,,,,
Antwan Barnes,antwan barnes,no face,0.0,,,,,,,,,,,,
Brandon Barnes,brandon barnes,no face,0.0,,,,,,,,,,,,
Darian Barnes,darian barnes,no face,0.0,,,,,,,,,,,,
Derrick Barnes,derrick barnes,no face,0.0,,,,,,,,,,,,
Kalon Barnes,kalon barnes,ok,0.121,161,115,92,126.1,42,41,39,41.1,31.3,88.5,77.5,0.578
Kevin Barnes,kevin barnes,no face,0.0,,,,,,,,,,,,
Khalif Barnes,khalif barnes,no face,0.0,,,,,,,,,,,,
Krys Barnes,krys barnes,ok,0.124,149,99,86,112.5,31,29,25,29.1,29.8,78.9,67.7,0.314
Lionel Barnes,lionel barnes,no face,0.0,,,,,,,,,,,,
Tavaris Barnes,tavaris barnes,ok,0.142,106,63,47,74.0,23,18,14,19.0,-6.4,60.8,55.2,0.593
Tim Barnes,tim barnes,no face,0.0,,,,,,,,,,,,
Zaire Barnes,zaire barnes,ok,0.124,200,134,101,150.1,15,15,14,14.9,118.3,46.4,60.4,0.988
Derek Barnett,derek barnett,ok,0.098,198,140,110,153.9,95,62,46,70.0,144.0,142.8,141.0,0.022
Nick Barnett,nick barnett,no face,0.0,,,,,,,,,,,,
Lem Barney,lem barney,ok,0.092,134,117,96,119.9,230,206,191,211.3,-22.3,18.3,48.6,0.0
Gary Barnidge,gary barnidge,no face,0.0,,,,,,,,,,,,
Amare Barno,amare barno,ok,0.114,199,141,108,154.6,27,24,25,25.0,132.6,77.2,47.5,0.569
Tyler Baron,tyler baron,ok,0.103,157,115,87,124.4,22,19,17,19.7,7.1,-94.3,-81.4,0.217
Anthony Barr,anthony barr,ok,0.17,153,98,77,112.1,36,36,42,36.7,42.2,7.4,-5.1,0.374
Mike Barr,mike barr,no face,0.0,,,,,,,,,,,,
Alex Barrett,alex barrett,ok,0.112,203,145,110,158.4,8,7,7,7.3,140.2,0.6,60.5,0.43
David Barrett,david barrett,no face,0.0,,,,,,,,,,,,
Josh Barrett,josh barrett,no face,0.0,,,,,,,,,,,,
Michael Barrett,michael barrett,ok,0.111,161,99,72,114.5,29,21,19,23.2,57.8,101.8,100.1,0.209
Shaquil Barrett,shaquil barrett,ok,0.131,148,99,83,111.8,10,9,9,9.3,32.2,48.1,91.3,0.98
Sam Barrington,sam barrington,no face,0.0,,,,,,,,,,,,
Alex Barron,alex barron,no face,0.0,,,,,,,,,,,,
Jahdae Barron,jahdae barron,ok,0.134,196,126,90,142.8,30,27,27,27.9,30.4,75.5,88.5,0.338
Mark Barron,mark barron,ok,0.139,240,167,131,184.7,32,31,29,31.1,69.2,157.8,145.2,0.585
Lamin Barrow,lamin barrow,no face,0.0,,,,,,,,,,,,
Kevin Barry,kevin barry,no face,0.0,,,,,,,,,,,,
Alex Bars,alex bars,ok,0.123,194,125,118,144.8,24,18,17,19.4,17.4,129.0,125.2,0.393
Ben Bartch,ben bartch,ok,0.132,185,134,124,148.1,199,194,192,195.0,-1.4,87.2,49.5,0.033
William Bartee,william bartee,no face,0.0,,,,,,,,,,,,
Richard Bartel,richard bartel,no face,0.0,,,,,,,,,,,,
Connor Barth,connor barth,no face,0.0,,,,,,,,,,,,
Gavin Bartholomew,gavin bartholomew,ok,0.176,165,112,88,125.1,42,31,27,33.8,-8.3,36.0,55.5,0.06
Cody Barton,cody barton,ok,0.182,209,138,112,156.3,54,36,24,40.0,17.2,-27.4,-9.0,0.018
Eric Barton,eric barton,no face,0.0,,,,,,,,,,,,
Graham Barton,graham barton,ok,0.137,219,167,157,181.4,29,26,27,27.0,120.1,15.4,62.4,0.672
Jackson Barton,jackson barton,ok,0.153,185,133,125,147.6,68,45,30,50.4,-1.3,-7.4,24.3,0.02
Kirk Barton,kirk barton,no face,0.0,,,,,,,,,,,,
Mike Bartrum,mike bartrum,no face,0.0,,,,,,,,,,,,
Joplo Bartu,joplo bartu,no face,0.0,,,,,,,,,,,,
Connor Barwin,connor barwin,ok,0.168,210,160,138,172.9,36,26,24,28.7,33.7,4.5,20.5,0.352
Tarell Basham,tarell basham,ok,0.111,123,62,36,77.3,4,4,1,3.7,59.6,48.7,48.2,0.799
Idrees Bashir,idrees bashir,no face,0.0,,,,,,,,,,,,
Hank Baskett,hank baskett,no face,0.0,,,,,,,,,,,,
Ben Bass,ben bass,no face,0.0,,,,,,,,,,,,
David Bass,david bass,ok,0.113,114,68,52,80.0,26,26,25,26.0,68.2,22.2,17.0,0.99
Tyler Bass,tyler bass,ok,0.029,201,146,144,162.2,194,191,190,191.7,117.4,-1.2,21.2,0.0
Jeffrey Bassa,jeffrey bassa,ok,0.078,95,49,37,61.4,21,20,18,20.1,-20.4,42.6,31.5,0.527
Eric Bassey,eric bassey,no face,0.0,,,,,,,,,,,,
Essang Bassey,essang bassey,ok,0.116,123,79,64,90.4,22,18,15,18.9,-35.1,65.7,57.2,0.614
Baron Batch,baron batch,no face,0.0,,,,,,,,,,,,
Charlie Batch,charlie batch,no face,0.0,,,,,,,,,,,,
Rashod Bateman,rashod bateman,ok,0.11,183,118,92,134.8,37,32,31,33.4,110.9,94.4,104.5,0.464
Daren Bates,daren bates,ok,0.148,186,99,60,120.6,19,18,16,18.1,-9.5,95.7,65.9,0.935
Jackie Bates,jackie bates,no face,0.0,,,,,,,,,,,,
Jessie Bates,jessie bates,ok,0.16,179,109,78,126.4,30,19,15,21.8,-0.9,1.0,9.7,0.141
John Bates,john bates,ok,0.133,210,147,135,164.5,11,9,8,9.5,76.2,-29.3,28.6,0.818
Phil Bates,phil bates,no face,0.0,,,,,,,,,,,,
Ryan Bates,ryan bates,ok,0.105,226,179,163,191.2,73,59,53,62.5,152.5,93.6,173.7,0.008
Solomon Bates,solomon bates,no face,0.0,,,,,,,,,,,,
Trevor Bates,trevor bates,ok,0.129,194,121,80,138.2,19,10,4,12.0,95.5,115.3,121.1,0.744
Houston Bates,houston bates,no face,0.0,,,,,,,,,,,,
D'Anthony Batiste,danthony batiste,no face,0.0,,,,,,,,,,,,
Cameron Batson,cameron batson,ok,0.218,185,128,112,143.5,36,28,28,30.3,104.5,120.4,124.8,0.356
Danny Batten,danny batten,no face,0.0,,,,,,,,,,,,
Arnaz Battle,arnaz battle,no face,0.0,,,,,,,,,,,,
Jackie Battle,jackie battle,no face,0.0,,,,,,,,,,,,
Isaiah Battle,isaiah battle,ok,0.163,133,83,65,95.9,27,21,17,22.3,-14.8,35.8,58.1,0.444
Jordan Battle,jordan battle,ok,0.11,157,99,75,113.6,29,24,24,25.5,28.5,67.9,86.8,0.34
Julian Battle,julian battle,no face,0.0,,,,,,,,,,,,
Ainsley Battles,ainsley battles,no face,0.0,,,,,,,,,,,,
Danny Baugher,danny baugher,no face,0.0,,,,,,,,,,,,
Rashad Bauman,rashad bauman,no face,0.0,,,,,,,,,,,,
Zack Baun,zack baun,ok,0.168,201,140,118,155.8,116,85,77,93.4,81.6,-15.1,-0.4,0.05
DeVante Bausby,devante bausby,ok,0.155,208,140,104,156.2,16,15,14,15.2,50.8,138.7,131.8,0.466
Nick Bawden,nick bawden,ok,0.112,118,73,52,84.1,40,105,78,82.5,-41.3,-72.5,-24.6,1.0
Colin Baxter,colin baxter,no face,0.0,,,,,,,,,,,,
Gary Baxter,gary baxter,no face,0.0,,,,,,,,,,,,
Jarrod Baxter,jarrod baxter,no face,0.0,,,,,,,,,,,,
Evan Baylis,evan baylis,ok,0.135,198,134,110,150.4,103,84,75,88.7,32.1,104.4,108.4,0.018
Dan Bazuin,dan bazuin,no face,0.0,,,,,,,,,,,,
Kelvin Beachum,kelvin beachum,ok,0.133,157,94,83,111.6,22,14,15,16.5,99.5,49.5,60.0,0.354
Zane Beadles,zane beadles,no face,0.0,,,,,,,,,,,,
Jeremy Beal,jeremy beal,no face,0.0,,,,,,,,,,,,
Robert Beal Jr.,robert beal,ok,0.128,181,117,93,133.4,32,22,20,24.8,13.5,114.2,49.9,0.091
Sam Beal,sam beal,ok,0.118,227,160,121,175.6,36,32,36,33.7,14.2,115.5,68.0,1.0
Aaron Beasley,aaron beasley,no face,0.0,,,,,,,,,,,,
Cole Beasley,cole beasley,ok,0.144,209,149,130,164.8,54,40,35,43.6,25.9,65.0,78.2,0.094
Fred Beasley,fred beasley,no face,0.0,,,,,,,,,,,,
Vic Beasley,vic beasley,ok,0.166,221,152,118,168.8,36,31,29,32.3,124.5,90.7,62.1,0.641
Jon Beason,jon beason,no face,0.0,,,,,,,,,,,,
C.J. Beathard,cj beathard,ok,0.169,218,183,160,190.8,114,93,77,97.6,65.6,32.1,41.2,0.098
Steve Beauharnais,steve beauharnais,no face,0.0,,,,,,,,,,,,
Darrian Beavers,darrian beavers,ok,0.155,236,163,122,180.2,49,38,32,40.6,50.4,14.1,34.6,0.136
Willie Beavers,willie beavers,ok,0.15,202,144,112,157.8,40,33,30,34.8,5.9,137.9,137.6,0.36
Jack Bech,jack bech,ok,0.162,201,145,124,159.3,26,18,16,20.2,0.7,32.6,32.4,0.539
Anthony Becht,anthony becht,no face,0.0,,,,,,,,,,,,
Andrew Beck,andrew beck,ok,0.163,171,131,117,141.4,46,34,29,37.2,-10.8,58.2,30.9,0.134
John Beck,john beck,no face,0.0,,,,,,,,,,,,
Jordan Beck,jordan beck,no face,0.0,,,,,,,,,,,,
Rogers Beckett,rogers beckett,no face,0.0,,,,,,,,,,,,
Tony Beckham,tony beckham,no face,0.0,,,,,,,,,,,,
Odell Beckham Jr.,odell beckham,ok,0.138,146,98,73,109.5,168,164,156,163.8,-45.0,92.0,98.1,0.036
Terry Beckner,terry beckner,ok,0.241,68,34,22,42.8,21,14,12,15.9,,,,0.12
Travis Beckum,travis beckum,no face,0.0,,,,,,,,,,,,
Darry Beckwith,darry beckwith,no face,0.0,,,,,,,,,,,,
Kendell Beckwith,kendell beckwith,ok,0.134,107,60,41,71.9,23,16,14,17.9,-12.2,58.3,28.0,0.565
Mekhi Becton,mekhi becton,ok,0.058,120,86,84,95.9,19,18,23,18.9,37.5,76.2,70.1,0.861
Nick Becton,nick becton,no face,0.0,,,,,,,,,,,,
Brad Bedell,brad bedell,no face,0.0,,,,,,,,,,,,
Cooper Beebe,cooper beebe,ok,0.135,199,153,145,165.8,58,49,47,51.5,68.7,110.4,132.7,0.11
Josh Beekman,josh beekman,no face,0.0,,,,,,,,,,,,
Monty Beisel,monty beisel,no face,0.0,,,,,,,,,,,,
Jovan Belcher,jovan belcher,no face,0.0,,,,,,,,,,,,
Blake Bell,blake bell,ok,0.136,201,132,111,150.2,166,159,154,160.5,-28.5,26.5,55.6,0.017
Brandon Bell,brandon bell,ok,0.202,198,132,98,147.7,33,27,23,28.3,62.7,2.9,16.5,0.296
Byron Bell,byron bell,ok,0.136,152,94,75,108.7,20,16,12,16.7,82.7,53.6,75.4,0.597
David Bell,david bell,ok,0.161,127,84,70,95.3,12,11,13,11.5,21.6,-6.9,-8.0,0.985
Demetress Bell,demetress bell,no face,0.0,,,,,,,,,,,,
Jacob Bell,jacob bell,no face,0.0,,,,,,,,,,,,
Jaheim Bell,jaheim bell,ok,0.114,179,116,98,132.7,22,22,24,22.2,96.7,55.3,46.2,1.0
Beau Bell,beau bell,no face,0.0,,,,,,,,,,,,
Jason Bell,jason bell,no face,0.0,,,,,,,,,,,,
Joique Bell,joique bell,no face,0.0,,,,,,,,,,,,
Kahlil Bell,kahlil bell,no face,0.0,,,,,,,,,,,,
Kendrell Bell,kendrell bell,no face,0.0,,,,,,,,,,,,
Kenny Bell,kenny bell,ok,0.259,173,113,84,127.6,194,191,190,191.8,-53.1,1.4,-37.1,0.0
Le'Veon Bell,leveon bell,ok,0.151,131,66,47,83.3,23,23,19,22.5,57.8,16.1,47.2,0.509
Marcus Bell,marcus bell,no face,0.0,,,,,,,,,,,,
Mike Bell,mike bell,no face,0.0,,,,,,,,,,,,
Quinton Bell,quinton bell,ok,0.136,173,115,94,129.9,24,17,18,19.2,109.9,23.3,38.9,0.357
Ronnie Bell,ronnie bell,ok,0.145,197,144,120,157.1,28,25,28,26.2,146.0,21.3,32.3,0.687
Tatum Bell,tatum bell,no face,0.0,,,,,,,,,,,,
Travis Bell,travis bell,ok,0.117,168,98,62,115.1,21,16,15,17.4,97.9,-0.3,55.2,0.662
Vonn Bell,vonn bell,ok,0.129,203,137,110,153.7,52,42,38,44.5,123.7,43.9,65.2,0.086
Yeremiah Bell,yeremiah bell,no face,0.0,,,,,,,,,,,,
Jay Bellamy,jay bellamy,no face,0.0,,,,,,,,,,,,
Josh Bellamy,josh bellamy,ok,0.126,153,89,62,105.1,14,16,14,15.2,80.3,38.0,56.9,0.934
Ronald Bellamy,ronald bellamy,no face,0.0,,,,,,,,,,,,
Daniel Bellinger,daniel bellinger,ok,0.16,183,131,105,143.6,80,67,56,69.6,-22.6,59.3,66.8,0.063
B.J. Bello,bj bello,ok,0.151,102,60,48,71.0,21,18,16,18.7,16.6,57.8,59.1,0.21
Nick Bellore,nick bellore,ok,0.149,246,171,153,191.4,36,31,30,32.4,155.9,7.7,50.8,0.371
Anthony Belton,anthony belton,ok,0.127,138,86,70,99.7,16,16,14,15.8,83.2,-10.9,24.1,0.921
Dane Belton,dane belton,ok,0.116,194,149,132,160.4,38,36,33,36.0,26.4,48.5,41.2,0.373
Marcus Benard,marcus benard,no face,0.0,,,,,,,,,,,,
Jacob Bender,jacob bender,no face,0.0,,,,,,,,,,,,
Caleb Benenoch,caleb benenoch,ok,0.12,116,58,40,73.0,57,43,38,46.6,15.8,56.8,59.4,0.027
Christian Benford,christian benford,ok,0.051,120,66,51,80.4,30,29,33,29.8,61.6,-127.4,-120.6,0.996
Tim Benford,tim benford,no face,0.0,,,,,,,,,,,,
Eno Benjamin,eno benjamin,ok,0.102,56,40,29,43.7,29,27,23,27.1,-36.3,-94.8,-44.4,1.0
Kelvin Benjamin,kelvin benjamin,ok,0.112,174,115,93,130.1,17,15,16,15.7,5.5,23.4,73.1,0.989
Travis Benjamin,travis benjamin,ok,0.143,164,103,73,117.8,29,28,24,27.8,38.5,90.9,76.0,0.446
Kurt Benkert,kurt benkert,ok,0.179,200,147,128,160.7,15,9,5,10.3,0.6,26.4,30.6,0.502
Arrelious Benn,arrelious benn,no face,0.0,,,,,,,,,,,,
Drew Bennett,drew bennett,no face,0.0,,,,,,,,,,,,
Michael Bennett,michael bennett,ok,0.158,157,102,80,115.9,19,13,14,14.9,49.1,-15.2,32.1,0.721
Brandon Bennett,brandon bennett,no face,0.0,,,,,,,,,,,,
Charles Bennett,charles bennett,no face,0.0,,,,,,,,,,,,
Darren Bennett,darren bennett,no face,0.0,,,,,,,,,,,,
Earl Bennett,earl bennett,no face,0.0,,,,,,,,,,,,
Fred Bennett,fred bennett,no face,0.0,,,,,,,,,,,,
Jakorian Bennett,jakorian bennett,ok,0.118,130,84,68,95.7,7,6,5,6.2,48.8,13.5,22.7,0.41
Martellus Bennett,martellus bennett,no face,0.0,,,,,,,,,,,,
Stetson Bennett,stetson bennett,ok,0.161,182,122,103,137.8,13,8,7,9.4,104.3,8.9,29.3,0.848
Cedric Benson,cedric benson,no face,0.0,,,,,,,,,,,,
Trey Benson,trey benson,ok,0.122,165,117,99,129.3,34,34,34,34.0,100.1,89.0,75.6,0.302
Trinity Benson,trinity benson,ok,0.117,165,113,82,125.1,28,28,28,28.0,13.3,76.0,48.0,0.449
Ja'Whaun Bentley,jawhaun bentley,ok,0.117,136,85,67,98.2,18,20,21,19.5,78.3,23.6,45.8,0.658
Kevin Bentley,kevin bentley,no face,0.0,,,,,,,,,,,,
LeCharles Bentley,lecharles bentley,no face,0.0,,,,,,,,,,,,
Keeanu Benton,keeanu benton,ok,0.1,185,132,119,146.4,21,21,22,21.1,22.8,130.0,126.4,0.736
Bene' Benwikere,bene benwikere,ok,0.21,78,45,30,53.2,15,15,13,14.8,-150.0,-123.8,-153.8,0.399
Jake Bequette,jake bequette,no face,0.0,,,,,,,,,,,,
Mike Bercovici,mike bercovici,no face,0.0,,,,,,,,,,,,
Junior Bergen,junior bergen,ok,0.133,213,150,123,165.5,12,11,13,11.5,33.4,-2.0,31.6,0.991
Joe Berger,joe berger,no face,0.0,,,,,,,,,,,,
Mitch Berger,mitch berger,no face,0.0,,,,,,,,,,,,
Matthew Bergeron,matthew bergeron,ok,0.139,166,106,82,121.1,32,20,17,23.1,8.5,5.2,30.2,0.34
Tony Bergstrom,tony bergstrom,ok,0.169,218,164,147,178.4,33,25,21,26.9,29.0,126.8,105.9,0.182
Nat Berhe,nat berhe,ok,0.115,190,131,108,146.0,23,28,29,26.6,93.6,122.4,122.8,0.905
Justin Beriault,justin beriault,no face,0.0,,,,,,,,,,,,
Brock Berlin,brock berlin,no face,0.0,,,,,,,,,,,,
Eddie Berlin,eddie berlin,no face,0.0,,,,,,,,,,,,
Mackenzy Bernadeau,mackenzy bernadeau,no face,0.0,,,,,,,,,,,,
Francis Bernard,francis bernard,ok,0.134,199,123,80,140.8,7,5,2,5.3,33.2,67.1,76.2,0.97
Giovani Bernard,giovani bernard,ok,0.166,180,120,98,135.4,40,33,33,35.1,-11.1,97.8,78.7,0.412
Rocky Bernard,rocky bernard,no face,0.0,,,,,,,,,,,,
Terrel Bernard,terrel bernard,ok,0.113,210,153,133,167.8,21,18,16,18.7,55.9,58.8,93.2,0.685
Jarrick Bernard-Converse,jarrick bernard converse,ok,0.115,139,99,81,108.9,18,18,17,17.9,60.7,35.4,45.0,0.625
Bernard Berrian,bernard berrian,no face,0.0,,,,,,,,,,,,
Braxton Berrios,braxton berrios,ok,0.183,174,119,103,133.6,29,22,19,23.8,54.7,-24.5,5.5,0.398
Aaron Berry,aaron berry,no face,0.0,,,,,,,,,,,,
Bertrand Berry,bertrand berry,no face,0.0,,,,,,,,,,,,
Damien Berry,damien berry,no face,0.0,,,,,,,,,,,,
Eric Berry,eric berry,ok,0.118,106,54,36,67.4,34,23,19,25.8,-8.2,39.3,14.4,0.109
Jordan Berry,jordan berry,ok,0.179,195,146,138,159.8,33,24,22,26.5,25.6,70.7,61.1,0.336
Rashod Berry,rashod berry,ok,0.15,146,101,74,111.4,12,8,7,9.1,23.2,95.5,97.1,0.532
Brenton Bersin,brenton bersin,no face,0.0,,,,,,,,,,,,
Sean Berton,sean berton,no face,0.0,,,,,,,,,,,,
JD Bertrand,jd bertrand,ok,0.176,194,139,120,153.3,199,181,170,185.1,8.0,62.0,2.5,0.036
Davone Bess,davone bess,no face,0.0,,,,,,,,,,,,
Jahvid Best,jahvid best,no face,0.0,,,,,,,,,,,,
Antoine Bethea,antoine bethea,ok,0.162,201,139,106,153.8,134,88,70,99.7,-14.5,88.4,106.9,0.054
Justin Bethel,justin bethel,ok,0.14,154,96,76,111.3,9,7,8,7.7,28.4,48.5,77.0,0.368
McLeod Bethel-Thompson,mcleod bethel thompson,no face,0.0,,,,,,,,,,,,
Tatum Bethune,tatum bethune,ok,0.116,132,78,52,90.9,14,16,15,15.3,73.9,8.0,25.2,0.334
Jerome Bettis,jerome bettis,ok,0.043,142,110,72,114.9,,,,,,,,0.0
Ladell Betts,ladell betts,no face,0.0,,,,,,,,,,,,
Eric Beverly,eric beverly,no face,0.0,,,,,,,,,,,,
Tyler Biadasz,tyler biadasz,ok,0.122,200,146,141,161.6,86,71,64,74.9,-20.2,65.0,75.5,0.004
Kapri Bibbs,kapri bibbs,ok,0.156,178,116,84,130.8,18,14,12,15.0,42.9,68.7,56.6,0.72
Martin Bibla,martin bibla,no face,0.0,,,,,,,,,,,,
Josh Bidwell,josh bidwell,no face,0.0,,,,,,,,,,,,
Vince Biegel,vince biegel,ok,0.156,166,112,92,125.9,41,32,27,34.1,63.6,103.3,101.0,0.071
Troy Bienemann,troy bienemann,no face,0.0,,,,,,,,,,,,
Kroy Biermann,kroy biermann,no face,0.0,,,,,,,,,,,,
Keishawn Bierria,keishawn bierria,ok,0.139,211,136,106,154.9,45,35,32,37.6,67.6,106.3,95.1,0.118
Terreal Bierria,terreal bierria,no face,0.0,,,,,,,,,,,,
Atari Bigby,atari bigby,no face,0.0,,,,,,,,,,,,
E.J. Biggers,ej biggers,no face,0.0,,,,,,,,,,,,
Zeek Biggers,zeek biggers,ok,0.127,119,74,60,85.9,164,152,149,155.0,-4.3,72.5,59.0,0.075
Adam Bighill,adam bighill,no face,0.0,,,,,,,,,,,,
Tank Bigsby,tank bigsby,ok,0.121,182,127,104,140.8,14,12,12,12.6,72.8,60.9,63.7,0.944
Andrew Billings,andrew billings,ok,0.117,150,100,84,113.0,24,25,27,24.9,94.4,73.4,62.2,0.237
Jace Billingsley,jace billingsley,ok,0.15,229,176,155,189.7,22,6,1,10.2,110.4,1.5,24.5,0.323
Christo Bilukidi,christo bilukidi,no face,0.0,,,,,,,,,,,,
Darnell Bing,darnell bing,no face,0.0,,,,,,,,,,,,
Ryon Bingham,ryon bingham,no face,0.0,,,,,,,,,,,,
David Binn,david binn,no face,0.0,,,,,,,,,,,,
Armon Binns,armon binns,no face,0.0,,,,,,,,,,,,
Bront Bird,bront bird,no face,0.0,,,,,,,,,,,,
Cory Bird,cory bird,no face,0.0,,,,,,,,,,,,
Matt Birk,matt birk,no face,0.0,,,,,,,,,,,,
Rob Bironas,rob bironas,no face,0.0,,,,,,,,,,,,
Cole Bishop,cole bishop,ok,0.102,229,177,172,192.0,26,23,22,23.8,88.9,0.1,19.5,0.555
Desmond Bishop,desmond bishop,no face,0.0,,,,,,,,,,,,
Freddie Bishop,freddie bishop,no face,0.0,,,,,,,,,,,,
Ken Bishop,ken bishop,no face,0.0,,,,,,,,,,,,
Adam Bisnowaty,adam bisnowaty,no face,0.0,,,,,,,,,,,,
Joel Bitonio,joel bitonio,ok,0.13,203,159,140,170.0,30,24,20,25.3,144.2,118.1,159.7,0.129
Ahmad Black,ahmad black,no face,0.0,,,,,,,,,,,,
Jordan Black,jordan black,no face,0.0,,,,,,,,,,,,
Henry Black,henry black,ok,0.112,130,75,42,87.7,13,11,8,11.3,28.1,78.9,68.9,0.954
Korie Black,korie black,ok,0.115,191,121,86,137.9,39,34,31,35.2,39.3,127.6,120.3,0.195
Quincy Black,quincy black,no face,0.0,,,,,,,,,,,,
Tarik Black,tarik black,ok,0.096,169,113,91,127.2,33,25,28,27.7,107.1,29.1,41.8,0.497
Yahya Black,yahya black,ok,0.094,208,148,128,163.4,20,19,20,19.4,148.8,1.5,27.4,0.614
Chase Blackburn,chase blackburn,no face,0.0,,,,,,,,,,,,
Ross Blacklock,ross blacklock,ok,0.152,178,114,79,129.1,23,19,20,20.3,111.8,-3.7,25.8,0.412
Julian Blackmon,julian blackmon,ok,0.133,107,67,52,77.2,136,132,128,132.7,-2.5,25.2,47.8,0.19
Justin Blackmon,justin blackmon,no face,0.0,,,,,,,,,,,,
Mekhi Blackmon,mekhi blackmon,ok,0.146,145,91,67,104.4,14,13,13,13.3,39.5,76.8,61.9,0.585
Will Blackmon,will blackmon,no face,0.0,,,,,,,,,,,,
Angelo Blackson,angelo blackson,ok,0.107,148,102,80,113.4,20,20,18,19.8,32.3,88.9,72.6,0.954
Darryl Blackstock,darryl blackstock,no face,0.0,,,,,,,,,,,,
Willie Blade,willie blade,no face,0.0,,,,,,,,,,,,
H.B. Blades,hb blades,no face,0.0,,,,,,,,,,,,
Marquise Blair,marquise blair,ok,0.153,207,150,123,163.7,26,26,27,26.1,134.4,53.0,67.5,0.8
Ronald Blair,ronald blair,ok,0.137,179,111,85,128.4,29,28,24,27.8,0.1,92.9,82.1,0.568
Valentino Blake,valentino blake,no face,0.0,,,,,,,,,,,,
Christian Blake,christian blake,ok,0.183,118,84,70,92.6,24,23,20,23.0,62.8,-18.8,-19.2,0.585
Jeff Blake,jeff blake,no face,0.0,,,,,,,,,,,,
Philip Blake,philip blake,no face,0.0,,,,,,,,,,,,
Dwayne Blakley,dwayne blakley,no face,0.0,,,,,,,,,,,,
Justin Blalock,justin blalock,no face,0.0,,,,,,,,,,,,
Matt Blanchard,matt blanchard,no face,0.0,,,,,,,,,,,,
Rob Blanchflower,rob blanchflower,no face,0.0,,,,,,,,,,,,
DaRon Bland,daron bland,ok,0.136,99,64,51,73.0,8,8,7,7.9,46.9,-6.5,23.5,1.0
Rodrigo Blankenship,rodrigo blankenship,ok,0.126,222,191,179,198.9,27,24,24,24.9,119.2,43.4,159.6,0.951
Ed Blanton,ed blanton,no face,0.0,,,,,,,,,,,,
Kendall Blanton,kendall blanton,ok,0.101,196,117,94,138.0,31,27,25,28.0,93.3,53.5,109.9,0.134
Robert Blanton,robert blanton,no face,0.0,,,,,,,,,,,,
Khari Blasingame,khari blasingame,ok,0.121,197,150,125,160.9,34,27,24,28.8,139.4,39.7,71.3,0.077
Derrick Blaylock,derrick blaylock,no face,0.0,,,,,,,,,,,,
Amani Bledsoe,amani bledsoe,ok,0.133,229,166,126,180.3,20,16,14,17.0,151.0,172.8,155.0,0.982
Drew Bledsoe,drew bledsoe,ok,0.111,152,104,80,115.4,,,,,,,,0.0
Joshuah Bledsoe,joshuah bledsoe,ok,0.138,113,65,49,77.5,34,29,26,30.2,-8.3,13.1,39.3,0.139
Chris Blewitt,chris blewitt,ok,0.201,194,151,134,161.9,30,24,20,25.0,42.3,68.2,77.7,0.653
Bobby Blizzard,bobby blizzard,no face,0.0,,,,,,,,,,,,
Jeremy Bloom,jeremy bloom,no face,0.0,,,,,,,,,,,,
David Blough,david blough,ok,0.164,188,142,132,154.6,37,32,27,32.9,82.9,65.7,104.2,0.284
LeGarrette Blount,legarrette blount,ok,0.159,109,67,44,77.0,33,22,13,24.3,34.4,-44.9,13.9,0.092
Alfred Blue,alfred blue,ok,0.182,118,63,37,76.5,29,20,15,22.1,-1.8,56.7,29.0,0.387
Greg Blue,greg blue,no face,0.0,,,,,,,,,,,,
Jaydon Blue,jaydon blue,ok,0.112,138,87,64,99.6,21,17,15,18.0,16.1,-3.5,31.6,0.895
Dre' Bly,dre bly,no face,0.0,,,,,,,,,,,,
Austin Blythe,austin blythe,ok,0.145,233,170,155,187.1,47,42,39,43.2,-1.4,-2.2,22.7,0.624
Chris Board,chris board,ok,0.098,177,107,74,124.2,21,20,20,20.3,12.3,103.4,80.2,0.391
C.J. Board,cj board,ok,0.2,215,140,107,158.7,156,112,86,122.2,36.6,140.4,134.5,0.041
Chris Bober,chris bober,no face,0.0,,,,,,,,,,,,
Colby Bockwoldt,colby bockwoldt,no face,0.0,,,,,,,,,,,,
Leigh Bodden,leigh bodden,no face,0.0,,,,,,,,,,,,
Briean Boddy-Calhoun,briean boddy calhoun,ok,0.137,47,32,23,35.5,17,24,42,24.0,23.9,28.1,28.2,0.991
Shaun Bodiford,shaun bodiford,no face,0.0,,,,,,,,,,,,
Russell Bodine,russell bodine,ok,0.165,194,132,112,148.3,41,30,26,32.8,84.3,21.6,113.8,0.062
Evan Boehm,evan boehm,ok,0.172,214,151,137,168.4,44,35,33,37.5,59.9,127.1,103.1,0.261
Moritz Boehringer,moritz boehringer,no face,0.0,,,,,,,,,,,,
Ike Boettger,ike boettger,ok,0.139,213,158,142,172.6,30,21,18,23.3,16.1,57.1,74.6,0.207
Taylor Boggs,taylor boggs,no face,0.0,,,,,,,,,,,,
Phil Bogle,phil bogle,no face,0.0,,,,,,,,,,,,
Quinton Bohanna,quinton bohanna,ok,0.093,159,110,94,122.8,13,11,15,12.1,112.8,49.2,97.3,1.0
Tommy Bohanon,tommy bohanon,ok,0.246,227,158,135,176.0,40,28,25,31.2,39.1,6.7,23.2,0.122
Rocky Boiman,rocky boiman,no face,0.0,,,,,,,,,,,,
Corey Bojorquez,corey bojorquez,ok,0.202,195,133,117,149.7,123,106,100,110.4,-0.5,74.4,30.4,0.06
Brandon Bolden,brandon bolden,ok,0.099,93,56,34,64.6,33,31,33,31.8,-18.5,26.2,30.2,0.996
Isaiah Bolden,isaiah bolden,ok,0.126,182,118,92,134.5,6,5,4,5.2,41.4,56.1,79.3,0.353
Juran Bolden,juran bolden,no face,0.0,,,,,,,,,,,,
Omar Bolden,omar bolden,no face,0.0,,,,,,,,,,,,
Victor Bolden,victor bolden,ok,0.127,188,111,78,130.3,28,26,25,26.5,36.3,70.8,52.6,0.718
Anquan Boldin,anquan boldin,no face,0.0,,,,,,,,,,,,
Brock Bolen,brock bolen,no face,0.0,,,,,,,,,,,,
Michael Boley,michael boley,no face,0.0,,,,,,,,,,,,
Clint Boling,clint boling,ok,0.201,244,180,162,196.9,67,42,30,48.1,-7.1,12.8,29.7,0.189
Kyle Boller,kyle boller,no face,0.0,,,,,,,,,,,,
Garett Bolles,garett bolles,ok,0.149,188,128,104,143.1,90,83,65,83.0,-15.1,22.3,11.7,0.122
Brooks Bollinger,brooks bollinger,no face,0.0,,,,,,,,,,,,
Ted Bolser,ted bolser,no face,0.0,,,,,,,,,,,,
Conrad Bolston,conrad bolston,no face,0.0,,,,,,,,,,,,
Curtis Bolton,curtis bolton,ok,0.142,184,119,106,137.0,122,91,75,98.3,-3.4,108.7,114.4,0.033
Nick Bolton,nick bolton,ok,0.083,114,51,33,67.8,17,16,16,16.3,44.9,-158.0,-158.8,0.417
Rhett Bomar,rhett bomar,no face,0.0,,,,,,,,,,,,
Devante Bond,devante bond,ok,0.165,208,140,103,156.1,42,38,36,39.0,54.7,100.0,76.0,0.258
Deyshawn Bond,deyshawn bond,ok,0.124,151,93,66,107.3,29,26,23,26.6,15.7,88.8,86.8,0.313
Travis Bond,travis bond,no face,0.0,,,,,,,,,,,,
Nik Bonitto,nik bonitto,ok,0.118,155,100,73,113.4,47,48,53,48.3,53.4,-49.9,12.7,1.0
Reggie Bonnafon,reggie bonnafon,ok,0.155,171,110,79,124.7,12,9,9,9.9,108.3,37.0,75.9,0.738
Alan Bonner,alan bonner,no face,0.0,,,,,,,,,,,,
Ian Book,ian book,ok,0.129,226,146,122,167.5,28,16,13,19.2,47.1,38.0,50.9,0.281
Austin Booker,austin booker,ok,0.157,215,167,142,178.5,5,4,4,4.3,140.6,-17.3,22.3,0.752
Devontae Booker,devontae booker,ok,0.204,234,157,125,176.4,63,40,31,46.1,-7.7,101.7,76.9,0.035
Thomas Booker,thomas booker,ok,0.089,143,105,102,116.0,20,20,25,20.6,77.0,-6.9,16.5,0.797
Lorenzo Booker,lorenzo booker,no face,0.0,,,,,,,,,,,,
Marty Booker,marty booker,no face,0.0,,,,,,,,,,,,
Tyler Booker,tyler booker,ok,0.112,89,49,33,59.1,36,26,21,28.4,-35.6,39.4,40.4,0.183
Alex Boone,alex boone,no face,0.0,,,,,,,,,,,,
Alfonso Boone,alfonso boone,no face,0.0,,,,,,,,,,,,
Mike Boone,mike boone,ok,0.081,123,77,61,88.9,46,44,49,45.2,59.3,24.9,7.2,0.999
Andrew Booth,andrew booth,ok,0.121,125,80,58,90.9,28,25,25,25.9,16.1,54.8,38.2,0.724
Cody Booth,cody booth,no face,0.0,,,,,,,,,,,,
Kevin Boothe,kevin boothe,no face,0.0,,,,,,,,,,,,
Dicaprio Bootle,dicaprio bootle,ok,0.114,95,64,54,72.1,82,72,73,75.0,6.1,11.3,-10.3,0.2
John David Booty,john david booty,no face,0.0,,,,,,,,,,,,
Breon Borders,breon borders,ok,0.137,139,103,96,113.0,50,49,49,49.3,89.9,44.5,7.6,0.448
Diondre Borel,diondre borel,no face,0.0,,,,,,,,,,,,
Justin Boren,justin boren,no face,0.0,,,,,,,,,,,,
Chris Borland,chris borland,no face,0.0,,,,,,,,,,,,
Larry Borom,larry borom,ok,0.092,202,132,109,150.3,29,28,31,28.6,136.0,-4.9,41.0,0.818
Blake Bortles,blake bortles,ok,0.182,183,129,109,142.9,105,72,49,79.2,22.9,127.4,134.9,0.034
Tanor Bortolini,tanor bortolini,ok,0.159,215,170,160,182.3,146,139,135,140.6,57.4,123.7,123.0,0.076
Joey Bosa,joey bosa,ok,0.115,227,152,146,173.4,29,17,15,20.4,47.2,102.6,107.9,0.08
Nick Bosa,nick bosa,ok,0.14,200,146,134,160.8,79,72,74,74.3,-22.2,13.3,36.8,0.287
Ryan Boschetti,ryan boschetti,no face,0.0,,,,,,,,,,,,
Kevin Boss,kevin boss,no face,0.0,,,,,,,,,,,,
Jon Bostic,jon bostic,ok,0.176,159,101,69,114.7,29,25,18,25.4,92.6,-12.6,30.4,0.334
Brandon Bostick,brandon bostick,no face,0.0,,,,,,,,,,,,
David Boston,david boston,no face,0.0,,,,,,,,,,,,
Tre Boston,tre boston,no face,0.155,,,,,,,,,,,,
Chris Boswell,chris boswell,ok,0.153,221,181,163,190.9,124,106,94,109.7,-3.4,74.7,122.1,0.03
Kyle Bosworth,kyle bosworth,no face,0.0,,,,,,,,,,,,
Ben Boulware,ben boulware,no face,0.0,,,,,,,,,,,,
Michael Boulware,michael boulware,no face,0.0,,,,,,,,,,,,
Todd Bouman,todd bouman,no face,0.0,,,,,,,,,,,,
Kendrick Bourne,kendrick bourne,ok,0.135,216,160,122,172.4,22,21,20,21.2,106.4,106.7,80.7,0.549
Kayshon Boutte,kayshon boutte,ok,0.107,146,86,61,100.8,33,25,22,27.0,73.1,62.6,79.7,0.072
A.J. Bouye,aj bouye,ok,0.151,226,154,112,170.7,23,17,14,18.5,72.6,13.7,61.7,0.538
Luke Bowanko,luke bowanko,ok,0.172,198,153,132,164.1,38,33,29,34.0,88.9,98.1,87.2,0.356
Brent Bowden,brent bowden,no face,0.0,,,,,,,,,,,,
Lynn Bowden,lynn bowden,ok,0.142,177,120,98,134.5,101,92,90,94.8,-11.6,45.3,14.4,0.094
Dwayne Bowe,dwayne bowe,no face,0.0,,,,,,,,,,,,
Alvin Bowen,alvin bowen,no face,0.0,,,,,,,,,,,,
Matt Bowen,matt bowen,no face,0.0,,,,,,,,,,,,
Stephen Bowen,stephen bowen,no face,0.0,,,,,,,,,,,,
David Bowens,david bowens,no face,0.0,,,,,,,,,,,,
Tim Bowens,tim bowens,no face,0.0,,,,,,,,,,,,
Tashawn Bower,tashawn bower,ok,0.162,203,145,130,160.6,12,9,9,9.9,62.1,50.3,52.9,0.576
Brock Bowers,brock bowers,ok,0.156,173,134,128,145.0,64,50,44,53.0,-5.8,56.2,35.4,0.059
Da'Quan Bowers,daquan bowers,no face,0.0,,,,,,,,,,,,
Nick Bowers,nick bowers,ok,0.177,181,134,126,147.1,42,32,28,34.5,-9.1,48.8,47.9,0.281
John Bowie,john bowie,no face,0.0,,,,,,,,,,,,
Michael Bowie,michael bowie,no face,0.0,,,,,,,,,,,,
Billy Bowman Jr.,billy bowman,ok,0.179,205,144,115,158.9,32,24,22,26.5,102.3,44.1,21.5,0.226
NaVorro Bowman,navorro bowman,no face,0.0,,,,,,,,,,,,
Tyus Bowser,tyus bowser,ok,0.12,151,95,67,108.6,21,20,16,19.8,75.9,78.1,79.0,0.869
Josh Boyce,josh boyce,no face,0.0,,,,,,,,,,,,
Chris Boyd,chris boyd,no face,0.0,,,,,,,,,,,,
Cory Boyd,cory boyd,no face,0.0,,,,,,,,,,,,
Josh Boyd,josh boyd,no face,0.0,,,,,,,,,,,,
Khristian Boyd,khristian boyd,ok,0.175,48,31,27,35.6,36,30,32,32.0,-1.0,,-6.3,0.246
Kris Boyd,kris boyd,ok,0.111,144,93,80,106.8,12,11,11,11.3,34.8,98.5,94.8,0.802
Tyler Boyd,tyler boyd,ok,0.121,195,135,111,150.2,8,7,7,7.3,107.6,62.7,86.4,0.999
Brant Boyer,brant boyer,no face,0.0,,,,,,,,,,,,
John Boyett,john boyett,no face,0.0,,,,,,,,,,,,
Brandon Boykin,brandon boykin,no face,0.0,,,,,,,,,,,,
Jarrett Boykin,jarrett boykin,no face,0.0,,,,,,,,,,,,
McKinley Boykin,mckinley boykin,no face,0.0,,,,,,,,,,,,
Miles Boykin,miles boykin,ok,0.127,172,112,87,127.1,4,3,3,3.1,99.5,-0.6,52.9,0.44
Trevone Boykin,trevone boykin,no face,0.0,,,,,,,,,,,,
Jeremy Boykins,jeremy boykins,ok,0.201,174,110,79,125.6,38,26,21,29.2,-27.6,15.3,0.3,0.131
Brett Boyko,brett boyko,ok,0.186,215,159,139,173.5,69,52,47,56.5,42.0,140.3,141.6,0.136
Nick Boyle,nick boyle,ok,0.204,236,176,152,191.2,68,46,34,51.4,19.6,58.6,97.5,0.066
Tim Boyle,tim boyle,ok,0.154,204,162,148,173.0,18,13,10,14.2,4.5,25.0,21.9,0.178
Bradley Bozeman,bradley bozeman,ok,0.159,227,167,156,183.7,48,33,30,37.1,38.9,122.1,103.9,0.035
Ron Brace,ron brace,no face,0.0,,,,,,,,,,,,
Tyron Brackenridge,tyron brackenridge,no face,0.0,,,,,,,,,,,,
Brett Brackett,brett brackett,no face,0.0,,,,,,,,,,,,
Gary Brackett,gary brackett,no face,0.0,,,,,,,,,,,,
Larry Brackins,larry brackins,no face,0.0,,,,,,,,,,,,
James Bradberry,james bradberry,ok,0.153,163,104,68,117.5,113,94,86,98.8,79.2,36.6,34.9,0.026
Garrett Bradbury,garrett bradbury,ok,0.139,223,160,136,175.8,12,5,4,7.0,17.8,-18.3,12.6,0.265
Ben Braden,ben braden,ok,0.163,230,171,161,187.5,180,171,164,172.9,29.4,107.5,105.6,0.012
Cameron Bradfield,cameron bradfield,no face,0.0,,,,,,,,,,,,
Allen Bradford,allen bradford,no face,0.0,,,,,,,,,,,,
Anthony Bradford,anthony bradford,ok,0.108,162,106,85,120.5,21,21,21,21.0,99.7,30.1,42.5,0.548
Carl Bradford,carl bradford,no face,0.0,,,,,,,,,,,,
Corey Bradford,corey bradford,no face,0.0,,,,,,,,,,,,
Sam Bradford,sam bradford,ok,0.197,194,127,101,143.9,22,19,14,19.3,19.0,-21.2,24.8,0.601
Nigel Bradham,nigel bradham,ok,0.146,145,107,95,117.0,45,24,12,28.6,19.5,98.9,102.6,0.087
Bam Bradley,bam bradley,ok,0.205,155,100,73,113.4,36,30,26,31.0,74.3,92.2,91.8,0.269
Hunter Bradley,hunter bradley,ok,0.161,156,100,77,114.6,60,48,28,49.3,-32.6,38.5,52.0,0.145
Ja'Marcus Bradley,jamarcus bradley,ok,0.113,167,108,88,123.4,31,30,29,30.2,61.4,88.2,75.2,0.876
Jon Bradley,jon bradley,no face,0.0,,,,,,,,,,,,
Mark Bradley,mark bradley,no face,0.0,,,,,,,,,,,,
Shaun Bradley,shaun bradley,ok,0.117,161,121,94,129.9,59,59,61,59.2,-33.0,-33.2,-21.1,0.972
Stewart Bradley,stewart bradley,no face,0.0,,,,,,,,,,,,
Ahmad Bradshaw,ahmad bradshaw,no face,0.0,,,,,,,,,,,,
Darius Bradwell,darius bradwell,ok,0.162,147,100,82,112.0,38,34,27,34.4,21.5,32.1,33.7,0.391
Kyle Brady,kyle brady,no face,0.0,,,,,,,,,,,,
Tom Brady,tom brady,ok,0.157,220,157,134,173.2,159,146,142,149.8,5.8,-5.7,16.1,0.146
Rich Braham,rich braham,no face,0.0,,,,,,,,,,,,
Jordan Brailford,jordan brailford,ok,0.182,217,152,128,168.7,17,17,18,17.1,139.0,60.7,44.9,0.678
Bryan Braman,bryan braman,no face,0.0,,,,,,,,,,,,
Casey Bramlet,casey bramlet,no face,0.0,,,,,,,,,,,,
Alan Branch,alan branch,no face,0.0,,,,,,,,,,,,
Deion Branch,deion branch,no face,0.0,,,,,,,,,,,,
Brian Branch,brian branch,ok,0.108,213,150,121,165.5,17,16,15,16.2,23.5,115.2,61.6,1.0
Colin Branch,colin branch,no face,0.0,,,,,,,,,,,,
Jamaal Branch,jamaal branch,no face,0.0,,,,,,,,,,,,
Andre Branch,andre branch,ok,0.146,130,82,59,93.7,41,31,28,33.6,14.0,63.6,70.3,0.081
Tyvon Branch,tyvon branch,no face,0.0,,,,,,,,,,,,
Blake Brandel,blake brandel,ok,0.173,168,122,103,133.4,80,63,53,66.9,10.1,97.0,105.9,0.048
Cory Brandon,cory brandon,no face,0.0,,,,,,,,,,,,
Sam Brandon,sam brandon,no face,0.0,,,,,,,,,,,,
Tom Brandstater,tom brandstater,no face,0.0,,,,,,,,,,,,
David Brandt,david brandt,no face,0.0,,,,,,,,,,,,
Caleb Brantley,caleb brantley,ok,0.291,71,59,58,62.5,30,31,36,31.3,,,,0.328
Chris Braswell,chris braswell,ok,0.098,110,76,69,85.4,15,14,17,14.6,74.8,1.4,41.6,0.425
Christian Braswell,christian braswell,ok,0.132,200,141,111,155.2,25,23,28,24.2,52.4,92.5,51.7,0.506
Cameron Brate,cameron brate,ok,0.194,226,174,157,187.9,85,65,57,70.1,1.4,20.3,22.5,0.063
Ben Braunecker,ben braunecker,ok,0.186,219,170,156,183.1,47,31,21,34.6,-5.0,13.9,19.6,0.102
Daniel Braverman,daniel braverman,ok,0.175,229,150,123,170.5,19,15,13,16.0,119.4,5.5,39.0,0.68
Quan Bray,quan bray,no face,0.0,,,,,,,,,,,,
Tyler Bray,tyler bray,ok,0.181,245,185,168,201.1,17,11,9,12.6,63.0,-9.0,28.7,0.671
Tyler Brayton,tyler brayton,no face,0.0,,,,,,,,,,,,
Bennie Brazell,bennie brazell,no face,0.0,,,,,,,,,,,,
LaVon Brazill,lavon brazill,no face,0.0,,,,,,,,,,,,
Steve Breaston,steve breaston,no face,0.0,,,,,,,,,,,,
Ben Bredeson,ben bredeson,ok,0.143,195,131,109,147.6,49,40,32,41.8,34.1,63.9,65.8,0.032
Bashaud Breeland,bashaud breeland,ok,0.15,114,54,41,70.5,21,16,14,17.3,39.2,0.0,19.9,0.215
Drew Brees,drew brees,ok,0.159,205,153,128,165.7,105,67,46,76.0,-0.5,50.5,25.1,0.026
Brady Breeze,brady breeze,ok,0.171,202,158,142,169.3,21,15,12,16.5,17.7,-31.1,4.6,0.322
Matt Breida,matt breida,ok,0.121,135,77,54,91.7,66,48,43,52.5,-85.2,20.9,64.5,0.051
Jake Brendel,jake brendel,ok,0.155,214,164,159,178.4,33,17,12,21.2,40.7,24.0,82.2,0.174
Colt Brennan,colt brennan,no face,0.0,,,,,,,,,,,,
Sam Brenner,sam brenner,no face,0.0,,,,,,,,,,,,
K.J. Brent,kj brent,ok,0.236,160,82,41,100.6,57,36,29,41.8,10.1,,9.4,0.032
Julius Brents,julius brents,ok,0.141,205,146,119,160.6,31,31,31,31.0,47.3,107.7,81.8,0.392
Bryan Bresee,bryan bresee,ok,0.129,197,152,145,164.7,6,5,5,5.3,51.3,-0.9,13.1,0.536
Aaron Brewer,aaron brewer,ok,0.166,185,139,129,151.6,88,60,45,66.7,-2.7,29.7,21.3,0.036
Jack Brewer,jack brewer,no face,0.0,,,,,,,,,,,,
James Brewer,james brewer,no face,0.0,,,,,,,,,,,,
Sean Brewer,sean brewer,no face,0.0,,,,,,,,,,,,
Robert Brewster,robert brewster,no face,0.0,,,,,,,,,,,,
Kentrell Brice,kentrell brice,ok,0.126,150,87,61,102.9,27,23,18,23.6,0.1,73.0,68.9,0.541
Jeremy Bridges,jeremy bridges,no face,0.0,,,,,,,,,,,,
Trikweze Bridges,trikweze bridges,ok,0.129,138,84,66,98.5,20,21,19,20.5,74.4,38.5,67.5,0.451
Teddy Bridgewater,teddy bridgewater,ok,0.16,139,93,80,105.2,26,21,24,22.8,47.2,16.9,18.6,0.916
Doug Brien,doug brien,no face,0.0,,,,,,,,,,,,
Diyral Briggs,diyral briggs,no face,0.0,,,,,,,,,,,,
Jowon Briggs,jowon briggs,ok,0.084,146,96,77,108.8,36,34,31,34.3,70.2,92.8,91.8,0.296
Lance Briggs,lance briggs,no face,0.0,,,,,,,,,,,,
Travis Bright,travis bright,no face,0.0,,,,,,,,,,,,
Lamont Brightful,lamont brightful,no face,0.0,,,,,,,,,,,,
Gary Brightwell,gary brightwell,ok,0.113,208,132,100,151.1,33,29,28,30.1,82.2,35.5,93.1,0.377
Alex Brink,alex brink,no face,0.0,,,,,,,,,,,,
Beau Brinkley,beau brinkley,ok,0.193,176,138,124,147.9,43,33,25,35.1,-10.2,-9.0,-14.0,0.167
Curtis Brinkley,curtis brinkley,no face,0.0,,,,,,,,,,,,
Jasper Brinkley,jasper brinkley,no face,0.0,,,,,,,,,,,,
Warren Brinson,warren brinson,ok,0.121,174,103,82,121.8,23,20,18,20.7,-3.9,99.9,66.5,1.0
Dezmon Briscoe,dezmon briscoe,no face,0.0,,,,,,,,,,,,
Mike Brisiel,mike brisiel,no face,0.0,,,,,,,,,,,,
Jaquan Brisker,jaquan brisker,ok,0.107,209,146,134,163.7,35,36,38,35.9,-12.9,89.8,67.8,0.481
Jacoby Brissett,jacoby brissett,ok,0.118,202,149,126,162.2,22,22,23,22.1,148.7,118.0,101.8,0.647
Justin Britt,justin britt,no face,0.0,,,,,,,,,,,,
K.J. Britt,kj britt,ok,0.108,134,98,84,107.2,12,12,12,12.0,65.3,56.9,55.8,0.395
Kenny Britt,kenny britt,ok,0.153,158,112,90,123.1,26,23,22,23.8,100.5,103.9,100.9,0.713
Wesley Britt,wesley britt,no face,0.0,,,,,,,,,,,,
Eben Britton,eben britton,no face,0.0,,,,,,,,,,,,
Kevin Brock,kevin brock,no face,0.0,,,,,,,,,,,,
Raheem Brock,raheem brock,no face,0.0,,,,,,,,,,,,
Tramaine Brock,tramaine brock,ok,0.157,181,113,87,130.4,20,17,15,17.7,111.3,33.6,48.8,0.976
Richie Brockel,richie brockel,no face,0.0,,,,,,,,,,,,
Michael Brockers,michael brockers,ok,0.14,188,106,71,126.5,38,33,28,33.9,89.5,97.2,88.5,0.227
Mason Brodine,mason brodine,no face,0.0,,,,,,,,,,,,
Nick Broeker,nick broeker,no face,0.018,,,,,,,,,,,,
Brian Brohm,brian brohm,no face,0.0,,,,,,,,,,,,
Lorenzo Bromell,lorenzo bromell,no face,0.0,,,,,,,,,,,,
Jay Bromley,jay bromley,ok,0.154,178,106,70,123.3,12,11,7,10.8,8.7,102.1,90.3,0.59
Josiah Bronson,josiah bronson,ok,0.103,96,63,55,72.0,32,23,23,25.8,55.3,65.4,64.2,0.096
Malcolm Bronson,malcolm bronson,no face,0.0,,,,,,,,,,,,
Keith Brooking,keith brooking,no face,0.0,,,,,,,,,,,,
Aaron Brooks,aaron brooks,no face,0.0,,,,,,,,,,,,
Ahmad Brooks,ahmad brooks,no face,0.0,,,,,,,,,,,,
Antoine Brooks Jr.,antoine brooks,ok,0.166,185,118,85,134.3,32,35,30,33.5,39.1,54.0,66.2,0.514
Barrett Brooks,barrett brooks,no face,0.0,,,,,,,,,,,,
Brandon Brooks,brandon brooks,ok,0.138,188,117,99,136.2,14,14,12,13.8,54.3,10.1,34.4,0.998
Chris Brooks,chris brooks,ok,0.125,139,89,73,102.1,20,16,17,17.0,87.0,13.1,32.0,0.489
Curtis Brooks,curtis brooks,ok,0.136,166,106,77,120.5,24,23,22,23.2,2.5,102.2,101.3,0.311
Derrick Brooks,derrick brooks,no face,0.102,,,,,,,,,,,,
Durant Brooks,durant brooks,no face,0.0,,,,,,,,,,,,
Ethan Brooks,ethan brooks,no face,0.0,,,,,,,,,,,,
Jalen Brooks,jalen brooks,ok,0.116,189,131,110,145.9,17,18,20,17.9,84.6,105.5,78.8,0.598
Jonathon Brooks,jonathon brooks,ok,0.104,183,120,92,135.6,34,30,27,30.9,-5.3,41.4,23.8,0.372
Jordyn Brooks,jordyn brooks,ok,0.131,133,86,69,98.1,60,45,42,49.0,45.4,82.2,73.3,0.053
Karl Brooks,karl brooks,ok,0.115,168,101,74,118.0,17,13,10,13.9,79.0,43.1,57.1,0.397
Michael Brooks,michael brooks,no face,0.0,,,,,,,,,,,,
Ron Brooks,ron brooks,no face,0.0,,,,,,,,,,,,
Tahj Brooks,tahj brooks,ok,0.113,205,132,108,151.1,37,33,33,34.2,125.5,31.2,61.5,0.25
Terrence Brooks,terrence brooks,ok,0.148,129,77,53,89.8,25,22,21,22.8,63.0,54.5,60.2,0.543
Zac Brooks,zac brooks,no face,0.0,,,,,,,,,,,,
Kentrell Brothers,kentrell brothers,ok,0.192,150,91,66,105.8,26,19,18,21.0,86.8,17.5,30.8,0.435
Cortez Broughton,cortez broughton,ok,0.104,211,138,114,157.1,13,12,12,12.3,103.6,137.4,114.4,0.801
Nehemiah Broughton,nehemiah broughton,no face,0.0,,,,,,,,,,,,
Vernon Broughton,vernon broughton,ok,0.115,185,133,109,145.8,29,29,33,29.5,127.7,49.3,59.3,0.445
Jamall Broussard,jamall broussard,no face,0.0,,,,,,,,,,,,
John Broussard,john broussard,no face,0.0,,,,,,,,,,,,
Aaron Brown,aaron brown,no face,0.0,,,,,,,,,,,,
Alex Brown,alex brown,no face,0.0,,,,,,,,,,,,
Andre Brown,andre brown,no face,0.0,,,,,,,,,,,,
Andrew Brown,andrew brown,ok,0.196,202,137,95,151.6,148,105,81,115.1,44.5,120.2,120.5,0.028
Anthony Brown,anthony brown,no face,0.0,,,,,,,,,,,,
Tony Brown,tony brown,no face,0.0,,,,,,,,,,,,
Antonio Brown,antonio brown,no face,0.0,,,,,,,,,,,,
Arthur Brown,arthur brown,no face,0.0,,,,,,,,,,,,
A.J. Brown,aj brown,ok,0.101,121,80,64,90.4,21,18,18,18.9,-7.3,37.8,37.9,0.457
Blair Brown,blair brown,ok,0.189,170,98,70,116.3,38,32,32,33.8,91.5,79.2,75.4,0.651
Bobby Brown III,bobby brown,ok,0.103,115,63,53,77.4,14,14,14,14.0,57.4,-40.5,23.5,0.76
Brittain Brown,brittain brown,ok,0.124,177,123,101,136.6,15,14,15,14.4,13.8,75.5,80.9,0.984
Bryce Brown,bryce brown,no face,0.0,,,,,,,,,,,,
C.C. Brown,cc brown,no face,0.0,,,,,,,,,,,,
Chad Brown,chad brown,no face,0.0,,,,,,,,,,,,
Charles Brown,charles brown,no face,0.0,,,,,,,,,,,,
Chase Brown,chase brown,ok,0.128,241,171,144,188.9,38,32,30,33.6,105.0,65.1,70.6,0.42
Chris Brown,chris brown,no face,0.0,,,,,,,,,,,,
Chykie Brown,chykie brown,no face,0.0,,,,,,,,,,,,
Cody Brown,cody brown,no face,0.0,,,,,,,,,,,,
Colin Brown,colin brown,no face,0.0,,,,,,,,,,,,
Cornelius Brown,cornelius brown,no face,0.0,,,,,,,,,,,,
Cornell Brown,cornell brown,no face,0.0,,,,,,,,,,,,
Courtney Brown,courtney brown,no face,0.0,,,,,,,,,,,,
Curtis Brown,curtis brown,no face,0.0,,,,,,,,,,,,
Da'Ron Brown,daron brown,no face,0.0,,,,,,,,,,,,
Dee Brown,dee brown,no face,0.0,,,,,,,,,,,,
Daniel Brown,daniel brown,ok,0.165,141,95,83,107.4,56,44,39,47.0,-35.9,-12.0,0.4,0.058
Dante Brown,dante brown,no face,0.0,,,,,,,,,,,,
Deonte Brown,deonte brown,ok,0.12,178,113,88,129.6,24,17,18,19.2,102.4,51.5,45.8,0.332
Derrick Brown,derrick brown,ok,0.098,137,83,65,97.1,22,21,20,21.2,66.9,18.9,28.2,0.366
Donald Brown,donald brown,no face,0.0,,,,,,,,,,,,
Donatello Brown,donatello brown,ok,0.167,192,112,77,131.9,19,14,10,15.0,114.7,50.4,64.4,0.434
Duane Brown,duane brown,ok,0.156,176,118,92,132.0,17,15,15,15.6,93.5,63.1,89.4,0.493
Dyami Brown,dyami brown,ok,0.118,135,90,77,102.0,25,24,25,24.4,48.0,86.7,81.8,0.676
Earnest Brown IV,earnest brown,ok,0.117,198,122,86,140.6,23,16,13,17.8,14.4,131.4,133.0,0.233
Elton Brown,elton brown,no face,0.0,,,,,,,,,,,,
Eric Brown,eric brown,no face,0.0,,,,,,,,,,,,
Evan Brown,evan brown,ok,0.158,223,159,139,175.9,24,16,12,17.9,82.4,-23.8,7.3,0.28
Everette Brown,everette brown,no face,0.0,,,,,,,,,,,,
Fadol Brown,fadol brown,ok,0.135,192,109,79,130.4,52,50,49,50.5,108.3,81.9,72.8,0.602
Fakhir Brown,fakhir brown,no face,0.0,,,,,,,,,,,,
Freddie Brown,freddie brown,no face,0.0,,,,,,,,,,,,
Jason Brown,jason brown,no face,0.0,,,,,,,,,,,,
Levi Brown,levi brown,no face,0.0,,,,,,,,,,,,
Jalil Brown,jalil brown,no face,0.0,,,,,,,,,,,,
James Brown,james brown,no face,0.0,,,,,,,,,,,,
Jammal Brown,jammal brown,no face,0.0,,,,,,,,,,,,
Jamon Brown,jamon brown,ok,0.107,144,99,80,110.3,48,47,47,47.3,37.9,94.0,92.0,1.0
Jaron Brown,jaron brown,ok,0.169,139,97,84,108.1,32,30,28,30.4,31.2,89.5,37.5,0.54
Jatavis Brown,jatavis brown,ok,0.161,166,115,94,127.7,42,36,35,37.7,-10.0,95.3,69.5,0.6
Jayon Brown,jayon brown,ok,0.171,155,98,76,112.5,11,10,12,10.5,62.1,40.3,53.8,0.646
Ji'Ayir Brown,jiayir brown,ok,0.115,138,84,54,96.6,23,22,21,22.2,-5.9,77.1,56.0,0.638
John Brown,john brown,ok,0.168,156,94,60,108.7,11,12,9,11.4,37.4,98.3,98.2,0.382
Jordan Brown,jordan brown,no face,0.0,,,,,,,,,,,,
Josh Brown,josh brown,no face,0.0,,,,,,,,,,,,
Justin Brown,justin brown,no face,0.0,,,,,,,,,,,,
Kareem Brown,kareem brown,no face,0.0,,,,,,,,,,,,
Kourtnei Brown,kourtnei brown,no face,0.0,,,,,,,,,,,,
Kris Brown,kris brown,no face,0.0,,,,,,,,,,,,
Kyron Brown,kyron brown,ok,0.08,126,89,72,98.1,37,76,167,74.7,-4.7,-63.1,-33.6,1.0
Ray Brown,ray brown,no face,0.0,,,,,,,,,,,,
Mack Brown,mack brown,ok,0.152,131,79,41,90.2,19,17,13,17.1,14.0,74.9,55.2,0.323
Malcolm Brown,malcolm brown,ok,0.152,139,103,88,112.1,16,16,15,15.9,85.6,52.8,36.9,0.605
Malcom Brown,malcom brown,ok,0.15,86,51,31,59.2,43,34,30,36.2,-25.7,48.6,49.7,0.043
Marcus Brown,marcus brown,no face,0.0,,,,,,,,,,,,
Mark Brown,mark brown,no face,0.0,,,,,,,,,,,,
Marlon Brown,marlon brown,ok,0.18,176,115,91,130.5,40,36,35,37.1,61.6,42.0,53.0,0.661
Marquise Brown,marquise brown,ok,0.108,138,87,70,100.3,14,13,12,13.2,38.1,10.3,26.0,0.677
Mike Brown,mike brown,no face,0.0,,,,,,,,,,,,
Michael Brown,michael brown,no face,0.0,,,,,,,,,,,,
Preston Brown,preston brown,ok,0.199,206,130,98,149.1,46,36,34,38.8,105.4,22.7,58.6,0.131
Milford Brown,milford brown,no face,0.0,,,,,,,,,,,,
Montaric Brown,montaric brown,ok,0.133,161,112,94,124.7,20,17,21,18.4,16.9,100.9,63.9,0.88
Noah Brown,noah brown,ok,0.115,134,95,74,104.3,18,16,16,16.6,16.6,46.8,77.4,0.528
Omar Brown,omar brown,no face,0.0,,,,,,,,,,,,
Orlando Brown,orlando brown,no face,0.0,,,,,,,,,,,,
Patrick Brown,patrick brown,no face,0.0,,,,,,,,,,,,
Pharaoh Brown,pharaoh brown,ok,0.126,177,118,98,133.4,36,25,27,28.5,7.3,82.3,58.3,0.3
Ralph Brown,ralph brown,no face,0.0,,,,,,,,,,,,
Reggie Brown,reggie brown,no face,0.0,,,,,,,,,,,,
Ricky Brown,ricky brown,no face,0.0,,,,,,,,,,,,
Ronnie Brown,ronnie brown,no face,0.0,,,,,,,,,,,,
Ruben Brown,ruben brown,no face,0.0,,,,,,,,,,,,
Rufus Brown,rufus brown,no face,0.0,,,,,,,,,,,,
Ryan Brown,ryan brown,no face,0.0,,,,,,,,,,,,
Sammy Brown,sammy brown,no face,0.0,,,,,,,,,,,,
Sergio Brown,sergio brown,no face,0.0,,,,,,,,,,,,
Sheldon Brown,sheldon brown,no face,0.0,,,,,,,,,,,,
Spencer Brown,spencer brown,ok,0.133,216,146,120,164.0,30,23,23,25.1,90.7,81.7,53.2,0.633
Stevie Brown,stevie brown,no face,0.0,,,,,,,,,,,,
Sydney Brown,sydney brown,ok,0.152,95,59,48,68.5,35,23,19,26.1,-61.6,-46.9,-43.6,0.206
Tarell Brown,tarell brown,no face,0.0,,,,,,,,,,,,
Thomas Brown,thomas brown,no face,0.0,,,,,,,,,,,,
Tim Brown,tim brown,no face,0.0,,,,,,,,,,,,
Titus Brown,titus brown,no face,0.0,,,,,,,,,,,,
Tre Brown,tre brown,ok,0.103,179,115,79,130.0,16,16,14,15.8,113.2,22.9,54.2,0.818
Trent Brown,trent brown,ok,0.119,160,98,68,113.1,11,9,9,9.6,70.7,27.2,61.7,0.373
Troy Brown,troy brown,no face,0.0,,,,,,,,,,,,
Vincent Brown,vincent brown,no face,0.0,,,,,,,,,,,,
Zach Brown,zach brown,no face,0.0,,,,,,,,,,,,
Brandon Browner,brandon browner,no face,0.0,,,,,,,,,,,,
Baron Browning,baron browning,ok,0.116,199,154,138,165.6,37,36,35,36.2,101.4,152.2,146.8,0.434
Bryant Browning,bryant browning,no face,0.0,,,,,,,,,,,,
John Browning,john browning,no face,0.0,,,,,,,,,,,,
Jarvis Brownlee Jr.,jarvis brownlee,ok,0.116,111,78,67,86.6,23,20,19,20.8,74.6,26.5,23.0,0.233
Ryan Broyles,ryan broyles,no face,0.0,,,,,,,,,,,,
Isaac Bruce,isaac bruce,no face,0.0,,,,,,,,,,,,
Carson Bruener,carson bruener,ok,0.102,237,175,174,193.4,33,30,28,30.7,18.6,19.6,44.3,0.65
Mark Bruener,mark bruener,no face,0.0,,,,,,,,,,,,
Mark Brunell,mark brunell,no face,0.0,,,,,,,,,,,,
Daniel Brunskill,daniel brunskill,ok,0.191,190,134,110,147.7,86,69,57,72.7,-1.2,45.0,60.2,0.033
T.J. Brunson,tj brunson,ok,0.165,182,113,81,130.0,38,34,29,34.6,33.9,111.6,106.7,0.37
Tedy Bruschi,tedy bruschi,no face,0.0,,,,,,,,,,,,
Logan Bruss,logan bruss,ok,0.13,220,183,171,192.7,92,74,62,78.1,-9.8,108.0,35.6,0.02
David Bruton,david bruton,no face,0.0,,,,,,,,,,,,
Chris Bryan,chris bryan,no face,0.0,,,,,,,,,,,,
Copeland Bryan,copeland bryan,no face,0.0,,,,,,,,,,,,
Courtney Bryan,courtney bryan,no face,0.0,,,,,,,,,,,,
Taven Bryan,taven bryan,ok,0.141,246,192,174,206.1,27,26,24,26.1,64.4,4.0,56.4,0.88
Anthony Bryant,anthony bryant,no face,0.0,,,,,,,,,,,,
Antonio Bryant,antonio bryant,no face,0.0,,,,,,,,,,,,
Armonty Bryant,armonty bryant,no face,0.0,,,,,,,,,,,,
Austin Bryant,austin bryant,ok,0.103,168,122,96,132.6,107,93,88,96.6,109.5,117.5,117.3,0.0
Brandin Bryant,brandin bryant,ok,0.102,200,138,125,155.1,44,41,48,42.7,90.9,110.5,102.4,0.714
Christian Bryant,christian bryant,no face,0.0,,,,,,,,,,,,
Coby Bryant,coby bryant,ok,0.123,196,130,99,146.2,8,10,10,9.4,51.2,31.4,73.0,0.927
Corbin Bryant,corbin bryant,no face,0.0,,,,,,,,,,,,
Desmond Bryant,desmond bryant,no face,0.0,,,,,,,,,,,,
Dez Bryant,dez bryant,ok,0.138,169,95,60,113.1,11,13,14,12.5,95.4,80.7,80.6,0.53
Fernando Bryant,fernando bryant,no face,0.0,,,,,,,,,,,,
Harrison Bryant,harrison bryant,ok,0.184,227,169,149,184.1,130,101,94,108.8,-3.4,-20.5,-1.9,0.044
Red Bryant,red bryant,no face,0.0,,,,,,,,,,,,
Marcus Bryant,marcus bryant,ok,0.107,128,89,74,99.0,11,10,10,10.3,88.7,30.8,28.0,0.581
Martavis Bryant,martavis bryant,ok,0.138,164,104,84,119.7,39,38,40,38.5,45.7,99.7,83.3,0.35
Myles Bryant,myles bryant,ok,0.146,199,135,102,150.4,18,15,15,15.9,131.8,-3.6,9.9,0.524
Pat Bryant,pat bryant,ok,0.148,199,131,96,147.3,16,14,10,14.1,13.9,126.0,58.1,0.557
Roderick Bryant,roderick bryant,no face,0.0,,,,,,,,,,,,
Romby Bryant,romby bryant,no face,0.0,,,,,,,,,,,,
Matt Bryant,matt bryant,ok,0.199,206,134,96,151.3,164,108,72,120.6,-5.5,6.0,72.5,0.076
Tony Bryant,tony bryant,no face,0.0,,,,,,,,,,,,
Wendell Bryant,wendell bryant,no face,0.0,,,,,,,,,,,,
Shawn Bryson,shawn bryson,no face,0.0,,,,,,,,,,,,
Doug Brzezinski,doug brzezinski,no face,0.0,,,,,,,,,,,,
Tony Bua,tony bua,no face,0.0,,,,,,,,,,,,
Deone Bucannon,deone bucannon,ok,0.158,185,114,70,130.2,27,19,16,21.1,58.5,66.5,65.9,0.221
Michael Buchanan,michael buchanan,no face,0.0,,,,,,,,,,,,
Ray Buchanan,ray buchanan,no face,0.0,,,,,,,,,,,,
Teddye Buchanan,teddye buchanan,ok,0.139,202,146,121,159.9,12,11,10,11.2,125.7,8.9,34.3,1.0
Phillip Buchanon,phillip buchanon,no face,0.0,,,,,,,,,,,,
Correll Buckhalter,correll buckhalter,no face,0.0,,,,,,,,,,,,
Terrell Buckley,terrell buckley,no face,0.0,,,,,,,,,,,,
Eldra Buckley,eldra buckley,no face,0.0,,,,,,,,,,,,
Brentson Buckner,brentson buckner,no face,0.0,,,,,,,,,,,,
DeForest Buckner,deforest buckner,ok,0.124,168,110,86,124.9,19,18,19,18.4,103.8,22.0,48.7,0.889
David Buehler,david buehler,no face,0.0,,,,,,,,,,,,
Dan Buenning,dan buenning,no face,0.0,,,,,,,,,,,,
Isaiah Buggs,isaiah buggs,ok,0.076,139,93,70,104.2,17,17,18,17.1,72.6,82.0,85.0,0.294
Bryan Bulaga,bryan bulaga,ok,0.152,239,200,181,209.5,27,19,15,20.9,12.7,103.8,68.6,0.111
Marc Bulger,marc bulger,no face,0.0,,,,,,,,,,,,
Javon Bullard,javon bullard,ok,0.111,194,124,93,141.4,20,17,14,17.6,48.9,128.7,95.7,0.708
Jonathan Bullard,jonathan bullard,ok,0.105,156,98,68,111.6,24,22,20,22.4,47.6,91.4,92.3,0.346
Melvin Bullitt,melvin bullitt,no face,0.0,,,,,,,,,,,,
Calen Bullock,calen bullock,ok,0.125,141,77,51,93.2,20,17,15,17.7,18.5,81.2,65.6,0.5
Randy Bullock,randy bullock,ok,0.156,207,158,140,170.3,76,66,63,68.9,-14.9,90.6,81.9,0.082
Daniel Bullocks,daniel bullocks,no face,0.0,,,,,,,,,,,,
Josh Bullocks,josh bullocks,no face,0.0,,,,,,,,,,,,
Riley Bullough,riley bullough,ok,0.161,187,130,114,145.2,66,49,41,53.2,-9.1,-8.6,33.5,0.079
Keith Bulluck,keith bulluck,no face,0.0,,,,,,,,,,,,
Tim Bulman,tim bulman,no face,0.0,,,,,,,,,,,,
Marquis Bundy,marquis bundy,ok,0.199,201,132,97,148.6,36,30,26,31.3,12.5,82.2,78.0,0.367
Brodrick Bunkley,brodrick bunkley,no face,0.0,,,,,,,,,,,,
Ian Bunting,ian bunting,ok,0.192,211,156,132,170.0,38,30,27,32.1,66.8,78.8,136.9,0.302
Aaron Burbridge,aaron burbridge,ok,0.155,156,87,64,105.0,28,27,24,27.0,18.8,85.0,86.5,0.589
Jordan Burch,jordan burch,ok,0.098,95,61,47,69.6,31,36,39,34.8,-2.9,-81.0,-26.9,1.0
Luther Burden III,luther burden,ok,0.131,215,144,108,161.1,24,23,21,23.1,-12.4,141.1,124.5,0.445
Vontaze Burfict,vontaze burfict,ok,0.172,181,99,75,120.8,74,57,54,61.7,91.7,88.5,100.7,0.238
Spencer Burford,spencer burford,ok,0.082,109,79,76,87.6,18,17,20,17.6,62.3,22.1,22.4,0.571
Derrick Burgess,derrick burgess,no face,0.0,,,,,,,,,,,,
James Burgess,james burgess,no face,0.0,,,,,,,,,,,,
Prescott Burgess,prescott burgess,no face,0.0,,,,,,,,,,,,
Terrell Burgess,terrell burgess,ok,0.129,161,101,76,116.1,29,26,31,27.5,100.7,33.8,28.9,0.319
Denzel Burke,denzel burke,ok,0.13,140,101,90,111.4,26,26,27,26.1,86.9,90.9,70.0,0.629
Rex Burkhead,rex burkhead,ok,0.213,224,146,118,166.1,181,130,108,142.7,77.6,-1.9,91.1,0.063
Oren Burks,oren burks,ok,0.108,150,98,81,111.5,20,19,19,19.3,96.2,38.2,54.7,0.601
Treylon Burks,treylon burks,ok,0.118,145,89,63,102.8,11,10,11,10.4,2.5,-6.8,12.8,1.0
Nate Burleson,nate burleson,no face,0.0,,,,,,,,,,,,
Marcus Burley,marcus burley,no face,0.0,,,,,,,,,,,,
Joe Burnett,joe burnett,no face,0.0,,,,,,,,,,,,
Kaelin Burnett,kaelin burnett,no face,0.0,,,,,,,,,,,,
Kevin Burnett,kevin burnett,no face,0.0,,,,,,,,,,,,
Morgan Burnett,morgan burnett,ok,0.308,71,44,36,51.2,16,14,14,14.6,,,,0.487
Amari Burney,amari burney,ok,0.133,186,128,106,142.8,40,29,25,31.8,39.9,127.0,126.3,0.096
Artie Burns,artie burns,ok,0.133,144,104,92,114.4,13,10,14,11.4,100.5,42.3,40.4,1.0
Brian Burns,brian burns,ok,0.095,158,96,68,111.3,12,12,12,12.0,67.3,101.0,96.3,0.856
Curry Burns,curry burns,no face,0.0,,,,,,,,,,,,
Joe Burns,joe burns,no face,0.0,,,,,,,,,,,,
Keith Burns,keith burns,no face,0.0,,,,,,,,,,,,
Vincent Burns,vincent burns,no face,0.0,,,,,,,,,,,,
Ben Burr-Kirven,ben burr kirven,ok,0.179,220,182,167,191.7,62,55,50,56.5,-10.6,13.6,7.6,0.178
Plaxico Burress,plaxico burress,no face,0.0,,,,,,,,,,,,
Juston Burris,juston burris,ok,0.113,169,104,83,121.0,30,32,37,32.0,67.3,78.8,72.1,0.547
Miles Burris,miles burris,no face,0.0,,,,,,,,,,,,
Joe Burrow,joe burrow,ok,0.176,137,88,66,100.1,83,67,58,70.8,-46.9,-54.3,-31.3,0.039
Isaiah Burse,isaiah burse,no face,0.0,,,,,,,,,,,,
Antwon Burton,antwon burton,no face,0.0,,,,,,,,,,,,
Brandon Burton,brandon burton,no face,0.0,,,,,,,,,,,,
Deante Burton,deante burton,ok,0.145,160,94,69,110.9,15,13,8,13.0,61.2,67.8,49.8,0.831
Jermaine Burton,jermaine burton,ok,0.129,228,148,118,168.5,15,12,8,12.4,18.3,20.6,54.5,0.376
Keenan Burton,keenan burton,no face,0.0,,,,,,,,,,,,
Trey Burton,trey burton,ok,0.152,218,167,142,179.5,26,27,23,26.2,118.2,43.0,92.0,0.61
Michael Burton,michael burton,ok,0.186,207,146,124,161.7,35,28,16,28.7,-1.9,72.4,34.4,0.129
Stephen Burton,stephen burton,no face,0.0,,,,,,,,,,,,
Tyreek Burwell,tyreek burwell,ok,0.135,125,71,50,84.8,21,18,17,18.8,55.4,20.1,65.9,0.586
Deon Bush,deon bush,ok,0.095,196,99,70,124.7,19,19,19,19.0,12.6,99.5,74.2,0.978
Devin Bush,devin bush,no face,0.0,,,,,,,,,,,,
Jarrett Bush,jarrett bush,no face,0.0,,,,,,,,,,,,
Josh Bush,josh bush,no face,0.0,,,,,,,,,,,,
Michael Bush,michael bush,no face,0.0,,,,,,,,,,,,
Rafael Bush,rafael bush,ok,0.141,192,124,86,140.0,31,30,28,30.1,119.7,16.6,73.3,0.575
Reggie Bush,reggie bush,no face,0.0,,,,,,,,,,,,
Steve Bush,steve bush,no face,0.0,,,,,,,,,,,,
Matt Bushman,matt bushman,ok,0.143,199,139,115,154.2,180,159,142,163.3,-0.6,42.6,61.3,0.001
Jermon Bushrod,jermon bushrod,ok,0.144,192,116,80,134.6,15,12,8,12.4,68.7,118.4,88.2,0.665
John Busing,john busing,no face,0.0,,,,,,,,,,,,
George Bussey,george bussey,no face,0.0,,,,,,,,,,,,
Nate Bussey,nate bussey,no face,0.0,,,,,,,,,,,,
Harrison Butker,harrison butker,ok,0.129,149,93,78,108.0,166,152,140,154.7,-26.1,42.3,63.1,0.005
Adam Butler,adam butler,ok,0.111,148,100,89,113.2,26,23,25,24.1,94.9,97.3,98.7,0.324
Drew Butler,drew butler,no face,0.0,,,,,,,,,,,,
Brad Butler,brad butler,no face,0.0,,,,,,,,,,,,
Brice Butler,brice butler,ok,0.174,160,108,83,120.7,25,21,18,21.9,45.9,40.2,57.1,0.541
Crezdon Butler,crezdon butler,no face,0.0,,,,,,,,,,,,
Darius Butler,darius butler,no face,0.0,,,,,,,,,,,,
Donald Butler,donald butler,no face,0.0,,,,,,,,,,,,
Hakeem Butler,hakeem butler,ok,0.099,86,65,55,70.0,87,86,92,87.3,-2.5,-49.4,-13.5,1.0
James Butler,james butler,no face,0.0,,,,,,,,,,,,
Jerametrius Butler,jerametrius butler,no face,0.0,,,,,,,,,,,,
Jeremy Butler,jeremy butler,no face,0.0,,,,,,,,,,,,
Kelly Butler,kelly butler,no face,0.0,,,,,,,,,,,,
Malcolm Butler,malcolm butler,ok,0.169,160,106,86,119.8,34,28,28,29.8,57.1,69.1,92.8,0.416
Mario Butler,mario butler,no face,0.0,,,,,,,,,,,,
Matthew Butler,matthew butler,ok,0.113,178,116,97,132.4,102,74,62,81.4,112.3,126.0,124.3,0.004
Percy Butler,percy butler,ok,0.135,167,114,95,128.0,22,21,22,21.4,75.5,20.3,49.6,0.912
Quincy Butler,quincy butler,no face,0.0,,,,,,,,,,,,
Rashad Butler,rashad butler,no face,0.0,,,,,,,,,,,,
Robb Butler,robb butler,no face,0.0,,,,,,,,,,,,
Vernon Butler,vernon butler,ok,0.137,191,134,120,149.4,48,43,46,44.8,117.5,82.5,87.7,0.277
Victor Butler,victor butler,no face,0.0,,,,,,,,,,,,
Deon Butler,deon butler,no face,0.0,,,,,,,,,,,,
Jake Butt,jake butt,ok,0.176,174,124,105,136.6,100,82,70,86.5,-20.8,102.8,89.1,0.007
Kevin Byard,kevin byard,ok,0.116,170,110,84,124.9,15,14,13,14.2,102.0,45.6,47.0,0.238
Jeff Byers,jeff byers,no face,0.0,,,,,,,,,,,,
Nate Byham,nate byham,no face,0.0,,,,,,,,,,,,
Carter Bykowski,carter bykowski,no face,0.0,,,,,,,,,,,,
Josh Bynes,josh bynes,ok,0.131,126,93,82,101.6,38,42,41,40.7,-66.5,-35.6,35.1,0.534
Camryn Bynum,camryn bynum,ok,0.129,221,158,115,171.9,10,9,9,9.3,114.8,50.5,85.5,0.813
Damiere Byrd,damiere byrd,ok,0.138,155,101,88,115.7,23,23,24,23.1,1.5,102.4,71.1,0.235
Demetrius Byrd,demetrius byrd,no face,0.0,,,,,,,,,,,,
Dominique Byrd,dominique byrd,no face,0.0,,,,,,,,,,,,
Emanuel Byrd,emanuel byrd,ok,0.163,158,95,74,111.4,20,12,9,14.0,25.3,82.0,61.7,0.545
Jairus Byrd,jairus byrd,no face,0.0,,,,,,,,,,,,
LaRon Byrd,laron byrd,no face,0.0,,,,,,,,,,,,
Solomon Byrd,solomon byrd,ok,0.132,151,89,57,103.9,11,10,11,10.4,81.9,26.0,42.4,0.346
Jake Byrne,jake byrne,no face,0.0,,,,,,,,,,,,
Bryce Cabeldue,bryce cabeldue,ok,0.143,243,190,163,202.5,92,63,40,69.0,117.2,149.3,167.6,0.02
Jason Cabinda,jason cabinda,ok,0.092,131,95,79,103.9,31,31,32,31.1,73.8,27.9,37.6,0.999
Travaris Cadet,travaris cadet,ok,0.188,189,109,65,127.9,79,66,59,69.4,104.2,14.3,83.4,0.0
Lawrence Cager,lawrence cager,ok,0.124,201,145,117,158.6,15,14,13,14.2,54.2,139.0,59.6,0.949
Deon Cain,deon cain,ok,0.116,140,97,68,106.6,40,39,37,39.1,-89.4,48.4,51.1,0.55
Jeremy Cain,jeremy cain,no face,0.0,,,,,,,,,,,,
Yodny Cajuste,yodny cajuste,ok,0.105,144,95,77,107.6,25,23,21,23.4,86.2,73.4,77.8,0.583
Raymond Calais,raymond calais,ok,0.172,165,109,85,123.0,43,37,38,38.9,85.5,36.4,6.6,0.445
Grant Calcaterra,grant calcaterra,ok,0.163,229,162,141,179.6,17,9,6,11.0,24.9,-23.2,-4.7,0.247
Andre Caldwell,andre caldwell,no face,0.0,,,,,,,,,,,,
Antoine Caldwell,antoine caldwell,no face,0.0,,,,,,,,,,,,
Trey Caldwell,trey caldwell,no face,0.0,,,,,,,,,,,,
David Caldwell,david caldwell,no face,0.0,,,,,,,,,,,,
Reche Caldwell,reche caldwell,no face,0.0,,,,,,,,,,,,
Jamaree Caldwell,jamaree caldwell,ok,0.093,156,88,60,105.1,9,9,13,9.5,32.7,95.3,96.4,0.493
Brian Calhoun,brian calhoun,no face,0.0,,,,,,,,,,,,
Shaq Calhoun,shaq calhoun,ok,0.156,123,80,61,90.7,19,17,15,17.4,66.5,26.2,39.3,0.373
Duke Calhoun,duke calhoun,no face,0.0,,,,,,,,,,,,
Shilique Calhoun,shilique calhoun,ok,0.08,108,67,49,77.2,36,29,27,30.9,-28.4,33.2,53.2,0.292
Taveze Calhoun,taveze calhoun,ok,0.216,185,116,85,133.4,46,34,30,37.3,9.0,106.5,104.3,0.149
Tyrone Calico,tyrone calico,no face,0.0,,,,,,,,,,,,
Austin Calitro,austin calitro,ok,0.173,232,169,136,184.1,144,103,78,112.4,30.0,61.2,120.5,0.031
Bryce Callahan,bryce callahan,ok,0.174,204,140,103,154.9,35,26,24,28.5,-9.2,39.8,59.9,0.318
Joe Callahan,joe callahan,ok,0.228,215,163,139,175.8,82,65,51,68.5,-12.3,52.9,20.8,0.053
Antonio Callaway,antonio callaway,ok,0.119,114,62,42,75.3,14,11,9,11.7,39.8,-158.8,25.6,0.846
Marquez Callaway,marquez callaway,ok,0.118,127,85,60,94.7,49,49,49,49.0,10.3,-21.2,1.1,1.0
Rocky Calmus,rocky calmus,no face,0.0,,,,,,,,,,,,
Johnathan Calvin,johnathan calvin,ok,0.121,132,74,49,88.5,15,13,10,13.3,-5.8,62.1,74.9,0.503
Jorrick Calvin,jorrick calvin,no face,0.0,,,,,,,,,,,,
Jake Camarda,jake camarda,ok,0.127,182,150,128,157.1,23,21,20,21.5,-9.8,-2.5,-11.1,1.0
Greg Camarillo,greg camarillo,no face,0.0,,,,,,,,,,,,
Jordan Cameron,jordan cameron,no face,0.0,,,,,,,,,,,,
Jalen Camp,jalen camp,ok,0.126,154,95,75,110.4,36,33,37,34.4,-9.5,79.8,65.8,0.681
Michael Campanaro,michael campanaro,ok,0.175,158,110,81,121.0,92,60,38,66.8,-6.2,94.2,72.0,0.102
Bruce Campbell,bruce campbell,no face,0.0,,,,,,,,,,,,
Calais Campbell,calais campbell,ok,0.145,192,121,100,140.0,21,15,16,16.9,117.0,23.2,47.9,0.583
Caleb Campbell,caleb campbell,no face,0.0,,,,,,,,,,,,
Chance Campbell,chance campbell,ok,0.159,216,152,124,167.9,33,22,16,24.6,-16.1,-37.9,-26.3,0.203
Dan Campbell,dan campbell,no face,0.0,,,,,,,,,,,,
D.J. Campbell,dj campbell,no face,0.0,,,,,,,,,,,,
De'Vondre Campbell,devondre campbell,ok,0.11,117,77,57,86.7,26,25,24,25.2,11.4,57.4,64.7,1.0
Elijah Campbell,elijah campbell,ok,0.115,181,102,70,121.9,17,17,15,16.8,73.5,-7.0,4.2,0.736
Ibraheim Campbell,ibraheim campbell,ok,0.158,148,96,76,109.3,105,76,61,83.0,25.4,89.0,79.1,0.029
Jack Campbell,jack campbell,ok,0.133,200,149,136,163.0,92,72,62,76.8,-19.5,19.0,13.3,0.018
Jason Campbell,jason campbell,no face,0.0,,,,,,,,,,,,
Jihaad Campbell,jihaad campbell,ok,0.129,187,120,90,136.6,15,13,13,13.6,110.4,15.0,31.5,0.837
Khary Campbell,khary campbell,no face,0.0,,,,,,,,,,,,
Kurt Campbell,kurt campbell,no face,0.0,,,,,,,,,,,,
Kelly Campbell,kelly campbell,no face,0.0,,,,,,,,,,,,
Mark Campbell,mark campbell,no face,0.0,,,,,,,,,,,,
Michael Campbell,michael campbell,no face,0.0,,,,,,,,,,,,
Parris Campbell,parris campbell,ok,0.118,166,107,89,122.7,31,29,29,29.6,91.4,85.2,89.5,0.184
Tevaughn Campbell,tevaughn campbell,ok,0.097,108,76,70,84.8,21,20,26,21.0,-7.3,54.5,40.3,1.0
Tommie Campbell,tommie campbell,no face,0.0,,,,,,,,,,,,
Tyson Campbell,tyson campbell,ok,0.124,188,129,103,143.7,14,12,14,12.8,69.0,29.1,38.1,0.485
Will Campbell,will campbell,ok,0.14,161,119,102,129.6,71,65,63,66.6,-30.3,18.1,-26.5,0.205
William Campbell,william campbell,no face,0.0,,,,,,,,,,,,
Kameron Canaday,kameron canaday,ok,0.195,249,185,169,202.3,39,39,32,38.2,8.9,17.3,49.6,0.45
Maurice Canady,maurice canady,ok,0.161,207,140,106,156.5,28,25,22,25.6,41.8,137.6,138.2,0.665
Sean Canfield,sean canfield,no face,0.0,,,,,,,,,,,,
Trevor Canfield,trevor canfield,no face,0.0,,,,,,,,,,,,
Trung Canidate,trung canidate,no face,0.0,,,,,,,,,,,,
A.J. Cann,aj cann,ok,0.164,168,92,55,110.5,21,17,18,18.3,102.9,-2.1,20.5,0.457
Anthony Cannon,anthony cannon,no face,0.0,,,,,,,,,,,,
KD Cannon,kd cannon,ok,0.209,146,78,39,93.9,20,16,10,16.5,72.4,-6.7,37.1,0.684
Marcus Cannon,marcus cannon,ok,0.156,184,105,66,124.2,118,95,85,100.7,10.7,55.1,99.3,0.027
Trenton Cannon,trenton cannon,ok,0.176,193,124,86,140.3,24,18,14,19.3,15.2,71.9,79.2,0.218
Dylan Cantrell,dylan cantrell,ok,0.177,196,145,126,158.1,35,24,14,26.1,1.8,33.5,48.7,0.153
Chris Canty,chris canty,no face,0.0,,,,,,,,,,,,
Selvish Capers,selvish capers,no face,0.0,,,,,,,,,,,,
Alex Cappa,alex cappa,ok,0.183,200,150,140,163.8,90,73,63,76.9,72.9,-1.2,23.2,0.028
Tank Carder,tank carder,no face,0.0,,,,,,,,,,,,
Joe Cardona,joe cardona,ok,0.156,217,147,123,165.2,13,10,10,10.9,52.5,46.7,73.2,0.751
Don Carey,don carey,ok,0.185,171,102,73,119.6,22,17,16,18.4,91.3,33.5,49.8,0.681
Ka'Deem Carey,kadeem carey,no face,0.0,,,,,,,,,,,,
Vernon Carey,vernon carey,no face,0.0,,,,,,,,,,,,
Steve Cargile,steve cargile,no face,0.0,,,,,,,,,,,,
Gabe Carimi,gabe carimi,no face,0.0,,,,,,,,,,,,
Jaylon Carlies,jaylon carlies,ok,0.126,170,121,97,132.9,20,18,18,18.6,119.6,34.7,73.3,0.376
Cooper Carlisle,cooper carlisle,no face,0.0,,,,,,,,,,,,
Anders Carlson,anders carlson,ok,0.183,224,178,152,188.5,148,121,98,126.6,-19.2,64.6,61.3,0.039
Daniel Carlson,daniel carlson,ok,0.188,162,109,95,123.3,134,106,80,111.2,-44.3,49.9,6.9,0.059
John Carlson,john carlson,no face,0.0,,,,,,,,,,,,
Calvin Carlyle,calvin carlyle,no face,0.0,,,,,,,,,,,,
Jackson Carman,jackson carman,ok,0.084,112,75,57,84.0,23,22,20,22.1,59.8,-69.7,-12.3,1.0
Roc Carmichael,roc carmichael,no face,0.0,,,,,,,,,,,,
Andrew Carnahan,andrew carnahan,no face,0.0,,,,,,,,,,,,
John Carney,john carney,no face,0.0,,,,,,,,,,,,
Dan Carpenter,dan carpenter,no face,0.0,,,,,,,,,,,,
Dwaine Carpenter,dwaine carpenter,no face,0.0,,,,,,,,,,,,
James Carpenter,james carpenter,ok,0.135,140,88,70,101.5,68,61,59,62.7,73.4,86.2,83.2,0.05
Bobby Carpenter,bobby carpenter,no face,0.0,,,,,,,,,,,,
Tariq Carpenter,tariq carpenter,ok,0.151,163,100,73,115.8,14,13,10,13.1,84.8,26.7,38.9,0.346
Austin Carr,austin carr,ok,0.137,136,93,70,103.2,52,43,38,45.1,-68.2,16.0,48.5,0.151
Brandon Carr,brandon carr,ok,0.185,167,107,86,122.6,33,30,29,30.8,79.3,34.4,57.0,0.479
Chris Carr,chris carr,no face,0.0,,,,,,,,,,,,
David Carr,david carr,no face,0.0,,,,,,,,,,,,
Derek Carr,derek carr,ok,0.149,188,123,100,139.8,18,13,10,14.2,53.8,4.6,23.8,0.452
Deveron Carr,deveron carr,no face,0.0,,,,,,,,,,,,
Tank Carradine,tank carradine,ok,0.165,130,91,78,101.2,40,30,26,32.6,37.2,75.5,36.9,0.17
Josh Carraway,josh carraway,ok,0.205,215,142,112,160.4,24,20,20,21.2,15.8,27.5,43.6,0.721
Ryan Carrethers,ryan carrethers,no face,0.0,,,,,,,,,,,,
T.J. Carrie,tj carrie,ok,0.139,146,111,93,119.4,20,21,20,20.6,24.9,63.1,56.1,0.662
Derek Carrier,derek carrier,ok,0.176,228,176,161,189.8,57,47,46,49.9,19.7,100.5,77.0,0.116
Adam Carriker,adam carriker,no face,0.0,,,,,,,,,,,,
Alex Carrington,alex carrington,no face,0.0,,,,,,,,,,,,
Ahmad Carroll,ahmad carroll,no face,0.0,,,,,,,,,,,,
Nolan Carroll,nolan carroll,no face,0.0,,,,,,,,,,,,
Leonte Carroo,leonte carroo,ok,0.153,115,74,49,83.4,46,28,19,32.5,-30.9,65.9,61.4,0.05
Caelen Carson,caelen carson,ok,0.122,166,105,80,120.4,18,16,13,16.3,41.3,72.9,85.9,0.512
Chris Carson,chris carson,ok,0.144,120,80,67,90.5,19,18,19,18.4,-17.0,-23.1,-18.7,1.0
Leonardo Carson,leonardo carson,no face,0.0,,,,,,,,,,,,
Jordan Carstens,jordan carstens,no face,0.0,,,,,,,,,,,,
Dwayne Carswell,dwayne carswell,no face,0.0,,,,,,,,,,,,
Abdul Carter,abdul carter,ok,0.117,196,120,80,138.3,16,15,16,15.4,121.7,12.5,28.7,0.791
Alex Carter,alex carter,no face,0.0,,,,,,,,,,,,
Andre Carter,andre carter,no face,0.0,,,,,,,,,,,,
Tony Carter,tony carter,no face,0.0,,,,,,,,,,,,
Barrett Carter,barrett carter,ok,0.108,176,113,86,128.9,18,17,17,17.3,97.9,15.2,33.6,0.965
Brandon Carter,brandon carter,no face,0.0,,,,,,,,,,,,
Bruce Carter,bruce carter,ok,0.165,164,91,60,109.3,36,31,28,32.2,91.9,65.2,89.4,0.444
Cethan Carter,cethan carter,ok,0.123,184,118,95,135.1,15,12,13,13.0,78.3,125.6,125.3,0.708
Chris Carter,chris carter,no face,0.0,,,,,,,,,,,,
David Carter,david carter,no face,0.0,,,,,,,,,,,,
DeAndre Carter,deandre carter,ok,0.127,157,102,77,115.6,11,8,6,8.7,92.6,10.8,60.0,0.388
DeWayne Carter,dewayne carter,ok,0.094,185,115,99,134.1,18,16,15,16.5,28.4,59.2,108.2,0.101
Delone Carter,delone carter,no face,0.0,,,,,,,,,,,,
Drew Carter,drew carter,no face,0.0,,,,,,,,,,,,
Dyshod Carter,dyshod carter,no face,0.0,,,,,,,,,,,,
Ja'Tyre Carter,jatyre carter,no face,0.098,,,,,,,,,,,,
Jalen Carter,jalen carter,ok,0.106,168,108,85,123.2,27,26,27,26.4,95.0,15.1,26.4,0.632
Jamal Carter,jamal carter,ok,0.137,96,62,50,70.6,19,16,17,17.3,28.9,64.9,60.4,0.797
Jermaine Carter,jermaine carter,ok,0.09,124,70,51,83.8,11,15,16,13.9,66.9,20.7,29.1,0.992
Jerome Carter,jerome carter,no face,0.0,,,,,,,,,,,,
Jonathan Carter,jonathan carter,no face,0.0,,,,,,,,,,,,
Ki-Jana Carter,ki jana carter,no face,0.0,,,,,,,,,,,,
Kerry Carter,kerry carter,no face,0.0,,,,,,,,,,,,
Kevin Carter,kevin carter,no face,0.0,,,,,,,,,,,,
Kyle Carter,kyle carter,no face,0.0,,,,,,,,,,,,
Quincy Carter,quincy carter,no face,0.0,,,,,,,,,,,,
Lorenzo Carter,lorenzo carter,ok,0.106,142,111,102,119.2,35,33,34,33.7,100.8,91.9,63.2,0.407
Markell Carter,markell carter,no face,0.0,,,,,,,,,,,,
Michael Carter II,michael carter,ok,0.106,174,118,94,132.0,11,9,8,9.5,90.0,54.7,60.0,0.27
Quinton Carter,quinton carter,no face,0.0,,,,,,,,,,,,
Ron'Dell Carter,rondell carter,ok,0.147,128,56,27,74.2,4,4,2,3.8,53.3,8.7,22.6,0.999
Tim Carter,tim carter,no face,0.0,,,,,,,,,,,,
Todd Carter,todd carter,no face,0.0,,,,,,,,,,,,
Tory Carter,tory carter,ok,0.183,178,126,98,138.2,51,38,30,40.9,16.8,110.4,85.5,0.167
Tyrone Carter,tyrone carter,no face,0.0,,,,,,,,,,,,
Zachary Carter,zachary carter,ok,0.127,166,109,91,123.8,40,34,31,35.5,75.1,98.0,67.7,0.16
Ran Carthon,ran carthon,no face,0.0,,,,,,,,,,,,
Rock Cartwright,rock cartwright,no face,0.0,,,,,,,,,,,,
Chance Casey,chance casey,no face,0.0,,,,,,,,,,,,
James Casey,james casey,no face,0.0,,,,,,,,,,,,
Jurrell Casey,jurrell casey,ok,0.14,182,125,92,138.2,99,88,85,90.9,-0.8,28.4,92.7,0.052
Antoine Cash,antoine cash,no face,0.0,,,,,,,,,,,,
Chris Cash,chris cash,no face,0.0,,,,,,,,,,,,
Jeremy Cash,jeremy cash,ok,0.213,137,80,52,93.6,15,14,10,13.8,-23.2,-44.9,-19.3,0.397
Blake Cashman,blake cashman,ok,0.146,200,153,132,164.6,27,22,19,23.2,131.8,-13.5,18.3,0.316
Jonathan Casillas,jonathan casillas,no face,0.0,,,,,,,,,,,,
Antoine Cason,antoine cason,no face,0.0,,,,,,,,,,,,
Aveion Cason,aveion cason,no face,0.0,,,,,,,,,,,,
Matt Cassel,matt cassel,ok,0.169,202,133,96,149.4,42,22,10,27.0,-25.4,16.6,18.7,0.469
Tim Castille,tim castille,no face,0.0,,,,,,,,,,,,
Luis Castillo,luis castillo,no face,0.0,,,,,,,,,,,,
Anthony Castonzo,anthony castonzo,ok,0.153,229,154,138,174.6,44,37,37,39.1,133.2,-6.2,13.0,0.505
Tariq Castro-Fields,tariq castro fields,ok,0.135,218,147,116,164.6,30,28,31,28.8,126.2,12.1,29.8,0.61
Tyler Catalina,tyler catalina,ok,0.167,207,142,126,159.7,25,17,14,19.1,17.7,76.3,124.5,0.502
Chandler Catanzaro,chandler catanzaro,ok,0.167,204,150,139,164.9,100,74,63,80.2,6.6,72.8,34.0,0.035
Mike Catapano,mike catapano,no face,0.0,,,,,,,,,,,,
Sean Cattouse,sean cattouse,no face,0.0,,,,,,,,,,,,
Jehuu Caulcrick,jehuu caulcrick,no face,0.0,,,,,,,,,,,,
Mike Caussin,mike caussin,no face,0.0,,,,,,,,,,,,
Braxston Cave,braxston cave,no face,0.0,,,,,,,,,,,,
Quinton Caver,quinton caver,no face,0.0,,,,,,,,,,,,
Brent Celek,brent celek,no face,0.0,,,,,,,,,,,,
Garrett Celek,garrett celek,ok,0.149,184,134,113,146.6,72,62,56,64.1,14.3,95.7,100.1,0.114
Oliver Celestin,oliver celestin,no face,0.0,,,,,,,,,,,,
Quintez Cephus,quintez cephus,ok,0.185,170,131,119,141.3,42,37,34,38.2,27.8,81.8,56.3,0.208
Jacques Cesaire,jacques cesaire,no face,0.0,,,,,,,,,,,,
Andre Chachere,andre chachere,ok,0.127,187,133,111,146.6,32,30,27,30.3,28.5,22.5,76.2,0.622
K'Lavon Chaisson,klavon chaisson,ok,0.11,146,87,61,101.7,66,52,48,56.0,76.6,88.0,83.7,0.019
Byron Chamberlain,byron chamberlain,no face,0.0,,,,,,,,,,,,
Chris Chamberlain,chris chamberlain,no face,0.0,,,,,,,,,,,,
Chris Chambers,chris chambers,no face,0.0,,,,,,,,,,,,
Kirk Chambers,kirk chambers,no face,0.0,,,,,,,,,,,,
Kam Chancellor,kam chancellor,no face,0.0,,,,,,,,,,,,
Chris Chandler,chris chandler,no face,0.115,,,,,,,,,,,,
Nate Chandler,nate chandler,no face,0.0,,,,,,,,,,,,
Jeff Chandler,jeff chandler,no face,0.0,,,,,,,,,,,,
Sean Chandler,sean chandler,ok,0.119,152,105,95,118.1,37,36,39,36.6,95.1,21.3,-0.5,1.0
Ty Chandler,ty chandler,ok,0.098,168,112,86,125.8,230,232,238,232.1,22.8,109.1,103.7,1.0
Scott Chandler,scott chandler,no face,0.0,,,,,,,,,,,,
Jamar Chaney,jamar chaney,no face,0.0,,,,,,,,,,,,
Shaun Chapas,shaun chapas,no face,0.0,,,,,,,,,,,,
Josh Chapman,josh chapman,no face,0.0,,,,,,,,,,,,
Zach Charbonnet,zach charbonnet,ok,0.137,229,179,139,189.4,18,17,16,17.2,91.4,4.2,22.7,1.0
DJ Chark,dj chark,ok,0.13,179,119,94,134.1,25,23,28,24.2,107.2,24.9,36.6,0.54
Jamaal Charles,jamaal charles,no face,0.0,,,,,,,,,,,,
Orson Charles,orson charles,ok,0.383,61,47,43,50.7,24,21,18,21.6,,,,0.15
Saahdiq Charles,saahdiq charles,ok,0.119,133,80,62,93.8,24,23,22,23.2,61.3,-6.1,15.8,0.731
Stefan Charles,stefan charles,ok,0.119,178,105,66,122.4,22,16,13,17.5,97.0,28.4,57.7,0.278
Jeff Charleston,jeff charleston,no face,0.0,,,,,,,,,,,,
Ike Charlton,ike charlton,no face,0.0,,,,,,,,,,,,
Joseph Charlton,joseph charlton,ok,0.173,159,110,89,122.3,28,19,15,21.2,106.5,-40.4,74.9,0.164
Taco Charlton,taco charlton,ok,0.134,184,121,93,136.6,29,26,28,27.1,28.1,67.7,9.0,0.627
Ja'Marr Chase,jamarr chase,ok,0.118,151,89,62,104.5,13,13,12,12.9,83.2,-35.9,19.8,0.496
Matt Chatham,matt chatham,no face,0.0,,,,,,,,,,,,
Antonio Chatman,antonio chatman,no face,0.0,,,,,,,,,,,,
Jesse Chatman,jesse chatman,no face,0.0,,,,,,,,,,,,
Corey Chavous,corey chavous,no face,0.0,,,,,,,,,,,,
Joseph Cheek,joseph cheek,ok,0.167,206,156,143,169.5,114,93,79,97.8,-19.6,-13.6,-9.4,0.118
Camaron Cheeseman,camaron cheeseman,ok,0.179,249,178,158,196.9,65,43,29,48.0,7.3,42.1,-3.8,0.028
Chimdi Chekwa,chimdi chekwa,no face,0.0,,,,,,,,,,,,
Leo Chenal,leo chenal,ok,0.15,231,171,153,186.9,7,6,4,6.1,134.0,-6.3,34.7,0.625
Gosder Cherilus,gosder cherilus,no face,0.0,,,,,,,,,,,,
Don Cherry,don cherry,no face,0.0,,,,,,,,,,,,
Je'Rod Cherry,jerod cherry,no face,0.0,,,,,,,,,,,,
Anthony Chesley,anthony chesley,ok,0.117,252,199,162,210.6,26,25,25,25.3,183.7,65.2,59.2,0.726
Jehu Chesson,jehu chesson,ok,0.156,172,107,74,122.7,16,12,10,13.0,60.2,46.4,28.9,0.685
Chris Chester,chris chester,no face,0.0,,,,,,,,,,,,
Larry Chester,larry chester,no face,0.0,,,,,,,,,,,,
Anthony Chickillo,anthony chickillo,ok,0.201,218,162,126,174.6,82,65,55,68.8,-14.4,38.1,12.0,0.063
Greg Childs,greg childs,no face,0.0,,,,,,,,,,,,
Brandon Chillar,brandon chillar,no face,0.0,,,,,,,,,,,,
Jeremy Chinn,jeremy chinn,ok,0.137,165,105,76,119.6,15,13,13,13.6,107.6,37.1,43.1,0.471
Dan Chisena,dan chisena,ok,0.14,199,145,128,159.2,31,24,21,25.8,-15.6,65.1,18.8,0.238
Tashard Choice,tashard choice,no face,0.0,,,,,,,,,,,,
Robbie Chosen,robbie chosen,ok,0.126,172,118,93,130.9,25,21,22,22.3,42.0,24.1,46.7,0.349
Wayne Chrebet,wayne chrebet,no face,0.0,,,,,,,,,,,,
Brady Christensen,brady christensen,ok,0.145,219,135,129,159.4,8,5,6,6.0,97.0,-35.8,65.0,0.382
Gerald Christian,gerald christian,no face,0.0,,,,,,,,,,,,
Geron Christian,geron christian,ok,0.123,118,71,55,83.2,20,15,16,16.7,45.4,73.6,72.4,0.35
Marqui Christian,marqui christian,ok,0.314,133,82,55,94.2,170,129,97,137.6,-65.2,29.3,-17.2,0.016
Cole Christiansen,cole christiansen,ok,0.134,221,144,122,164.5,118,100,94,104.8,20.4,-51.6,-37.0,0.008
Steve Christie,steve christie,no face,0.0,,,,,,,,,,,,
Demarcus Christmas,demarcus christmas,ok,0.158,179,110,75,126.6,121,101,91,105.8,1.2,100.9,103.2,0.025
Bradley Chubb,bradley chubb,ok,0.102,223,153,132,171.5,26,23,24,24.0,98.9,148.6,147.9,0.2
Nick Chubb,nick chubb,ok,0.142,101,51,34,64.0,8,7,7,7.3,18.5,9.4,32.5,0.459
Patrick Chukwurah,patrick chukwurah,no face,0.0,,,,,,,,,,,,
Patrick Chung,patrick chung,ok,0.169,169,110,82,124.4,31,28,26,28.7,0.9,104.0,71.5,0.476
Barry Church,barry church,ok,0.216,120,65,42,78.8,97,64,50,72.0,-13.8,48.8,22.8,0.068
Jack Cichy,jack cichy,ok,0.199,189,131,109,145.8,39,17,10,22.8,-13.1,28.8,26.0,0.248
Brad Cieslak,brad cieslak,no face,0.0,,,,,,,,,,,,
Lewis Cine,lewis cine,ok,0.124,138,83,70,98.1,23,22,24,22.5,0.4,-7.4,2.1,0.836
Andre Cisco,andre cisco,ok,0.114,178,122,98,136.0,6,6,5,5.9,67.7,122.8,120.5,0.383
Vinny Ciurciu,vinny ciurciu,no face,0.0,,,,,,,,,,,,
Tyson Clabo,tyson clabo,no face,0.0,,,,,,,,,,,,
Ryan Clady,ryan clady,no face,0.0,,,,,,,,,,,,
Chris Claiborne,chris claiborne,no face,0.0,,,,,,,,,,,,
Morris Claiborne,morris claiborne,ok,0.139,128,84,75,96.1,24,24,21,23.7,44.0,55.4,65.7,0.532
Kendrick Clancy,kendrick clancy,no face,0.0,,,,,,,,,,,,
Will Clapp,will clapp,ok,0.131,216,174,170,186.3,22,16,14,17.7,39.6,13.8,49.0,0.654
Ryan Claridge,ryan claridge,no face,0.0,,,,,,,,,,,,
Brian Clark,brian clark,no face,0.0,,,,,,,,,,,,
Chuck Clark,chuck clark,ok,0.094,206,140,118,157.1,31,21,17,23.5,126.5,123.2,88.1,0.107
Chris Clark,chris clark,no face,0.0,,,,,,,,,,,,
Corey Clark,corey clark,no face,0.0,,,,,,,,,,,,
Dallas Clark,dallas clark,no face,0.0,,,,,,,,,,,,
Damone Clark,damone clark,ok,0.087,167,110,94,125.2,25,22,21,22.8,21.9,105.4,84.6,0.669
Danny Clark,danny clark,no face,0.0,,,,,,,,,,,,
Desmond Clark,desmond clark,no face,0.0,,,,,,,,,,,,
Donavon Clark,donavon clark,no face,0.0,,,,,,,,,,,,
Frank Clark,frank clark,ok,0.139,145,100,84,111.6,59,38,28,43.1,-21.6,74.2,11.5,0.015
Jeremy Clark,jeremy clark,no face,0.0,,,,,,,,,,,,
Kei'Trel Clark,keitrel clark,ok,0.138,78,42,33,51.7,22,16,18,18.0,-17.3,-18.1,-11.4,0.377
Kenny Clark,kenny clark,no face,0.0,,,,,,,,,,,,
Le'Raven Clark,leraven clark,ok,0.164,142,82,71,98.7,19,18,18,18.3,81.8,5.9,22.8,0.467
Michael Clark,michael clark,no face,0.0,,,,,,,,,,,,
Ryan Clark,ryan clark,no face,0.0,,,,,,,,,,,,
Adrien Clarke,adrien clarke,no face,0.0,,,,,,,,,,,,
Will Clarke,will clarke,ok,0.123,118,57,33,72.5,9,4,3,5.4,-7.6,67.4,67.7,0.501
Jeromey Clary,jeromey clary,no face,0.0,,,,,,,,,,,,
Jimmy Clausen,jimmy clausen,no face,0.0,,,,,,,,,,,,
Jared Clauss,jared clauss,no face,0.0,,,,,,,,,,,,
Ben Claxton,ben claxton,no face,0.0,,,,,,,,,,,,
Charles Clay,charles clay,ok,0.142,194,113,69,132.2,16,16,15,15.9,48.4,107.9,111.7,0.759
Kaelin Clay,kaelin clay,ok,0.325,63,37,20,42.8,45,31,21,34.0,-30.6,,-28.2,0.0
Adrian Clayborn,adrian clayborn,no face,0.145,,,,,,,,,,,,
Chris Claybrooks,chris claybrooks,ok,0.217,63,41,27,46.0,37,33,31,34.0,-118.5,,-57.6,0.141
DeVone Claybrooks,devone claybrooks,no face,0.0,,,,,,,,,,,,
Chase Claypool,chase claypool,ok,0.122,211,161,128,172.2,49,42,41,44.0,-6.2,0.2,11.6,0.268
Keenan Clayton,keenan clayton,no face,0.0,,,,,,,,,,,,
Mark Clayton,mark clayton,no face,0.0,,,,,,,,,,,,
Michael Clayton,michael clayton,no face,0.0,,,,,,,,,,,,
Thomas Clayton,thomas clayton,no face,0.0,,,,,,,,,,,,
Travis Clayton,travis clayton,ok,0.094,185,112,104,132.9,19,18,19,18.4,104.6,73.0,70.8,0.48
Zach Clayton,zach clayton,no face,0.0,,,,,,,,,,,,
Emmett Cleary,emmett cleary,no face,0.0,,,,,,,,,,,,
Kellen Clemens,kellen clemens,no face,0.0,,,,,,,,,,,,
Anthony Clement,anthony clement,no face,0.0,,,,,,,,,,,,
Corey Clement,corey clement,ok,0.143,133,87,75,99.4,34,31,28,31.6,-10.6,-51.6,-6.6,0.362
Chunky Clements,chunky clements,ok,0.2,139,96,83,107.4,29,24,25,25.6,84.3,20.6,39.5,0.326
Nate Clements,nate clements,no face,0.0,,,,,,,,,,,,
T.J. Clemmings,tj clemmings,ok,0.128,167,95,63,112.9,20,18,11,17.8,95.0,5.4,43.4,0.449
Chris Clemons,chris clemons,no face,0.0,,,,,,,,,,,,
Duane Clemons,duane clemons,no face,0.0,,,,,,,,,,,,
Micheal Clemons,micheal clemons,ok,0.098,112,71,56,81.4,8,8,12,8.5,67.3,74.1,72.2,0.287
Toney Clemons,toney clemons,no face,0.0,,,,,,,,,,,,
Asante Cleveland,asante cleveland,no face,0.0,,,,,,,,,,,,
Ben Cleveland,ben cleveland,ok,0.103,201,144,141,160.7,34,28,27,29.7,125.2,147.6,152.2,0.335
Ezra Cleveland,ezra cleveland,ok,0.141,240,188,176,202.2,20,14,14,15.8,45.2,19.7,44.9,0.773
Tyrie Cleveland,tyrie cleveland,ok,0.131,194,128,98,144.2,22,20,23,20.9,-7.3,107.2,50.7,0.579
Reshard Cliett,reshard cliett,ok,0.201,195,127,91,143.2,38,28,25,30.5,-18.4,100.3,66.0,0.234
Sean Clifford,sean clifford,ok,0.15,247,172,155,192.5,78,70,66,71.8,52.4,20.8,32.1,0.091
Chad Clifton,chad clifton,no face,0.0,,,,,,,,,,,,
Kameron Cline,kameron cline,ok,0.111,211,160,136,172.5,27,25,25,25.6,17.7,20.5,30.1,0.842
Jonathan Clinkscale,jonathan clinkscale,no face,0.0,,,,,,,,,,,,
Ha Ha Clinton-Dix,ha ha clinton dix,ok,0.181,190,119,87,136.6,31,23,17,24.7,86.0,74.8,59.7,0.206
Colin Cloherty,colin cloherty,no face,0.0,,,,,,,,,,,,
Mike Cloud,mike cloud,no face,0.0,,,,,,,,,,,,
David Clowney,david clowney,no face,0.0,,,,,,,,,,,,
Jadeveon Clowney,jadeveon clowney,ok,0.13,58,42,38,46.7,55,49,49,50.8,-33.8,-174.5,24.7,0.129
Tyler Clutts,tyler clutts,no face,0.0,,,,,,,,,,,,
Rich Coady,rich coady,no face,0.0,,,,,,,,,,,,
Dexter Coakley,dexter coakley,no face,0.0,,,,,,,,,,,,
Danny Coale,danny coale,no face,0.0,,,,,,,,,,,,
Sammie Coates,sammie coates,ok,0.129,168,113,92,127.1,35,33,36,33.9,112.4,34.0,52.9,0.616
Sherrod Coates,sherrod coates,no face,0.0,,,,,,,,,,,,
Daniel Coats,daniel coats,no face,0.0,,,,,,,,,,,,
David Cobb,david cobb,no face,0.0,,,,,,,,,,,,
DeAndra Cobb,deandra cobb,no face,0.0,,,,,,,,,,,,
Randall Cobb,randall cobb,ok,0.101,45,24,13,29.3,15,14,17,14.6,-23.9,-66.9,-35.5,1.0
Cedric Cobbs,cedric cobbs,no face,0.0,,,,,,,,,,,,
Patrick Cobbs,patrick cobbs,no face,0.0,,,,,,,,,,,,
Keondre Coburn,keondre coburn,ok,0.099,106,67,56,77.4,8,6,4,6.4,66.6,66.8,73.4,0.387
Colin Cochart,colin cochart,no face,0.0,,,,,,,,,,,,
Antonio Cochran,antonio cochran,no face,0.0,,,,,,,,,,,,
Earl Cochran,earl cochran,no face,0.0,,,,,,,,,,,,
Ross Cockrell,ross cockrell,ok,0.237,200,136,104,151.3,91,78,76,81.9,128.9,5.1,36.8,0.085
Dan Cody,dan cody,no face,0.0,,,,,,,,,,,,
Shaun Cody,shaun cody,no face,0.0,,,,,,,,,,,,
Terrence Cody,terrence cody,no face,0.0,,,,,,,,,,,,
Michael Coe,michael coe,no face,0.0,,,,,,,,,,,,
Rodney Coe,rodney coe,no face,0.0,,,,,,,,,,,,
Glen Coffee,glen coffee,no face,0.0,,,,,,,,,,,,
Chase Coffman,chase coffman,no face,0.0,,,,,,,,,,,,
Barry Cofield,barry cofield,no face,0.0,,,,,,,,,,,,
Joe Cohen,joe cohen,no face,0.0,,,,,,,,,,,,
Landon Cohen,landon cohen,no face,0.0,,,,,,,,,,,,
Tarik Cohen,tarik cohen,ok,0.186,148,74,47,93.0,17,15,13,15.4,20.0,-10.1,24.7,0.524
Adrian Colbert,adrian colbert,ok,0.142,109,72,48,80.4,26,24,21,24.3,18.3,-17.6,10.9,0.303
Keary Colbert,keary colbert,no face,0.0,,,,,,,,,,,,
Connor Colby,connor colby,ok,0.154,224,165,149,180.8,24,17,16,19.0,145.1,-38.6,27.5,0.415
Ricardo Colclough,ricardo colclough,no face,0.0,,,,,,,,,,,,
AJ Cole,aj cole,ok,0.15,220,154,141,172.3,35,22,14,25.0,76.2,49.5,60.1,0.084
Audie Cole,audie cole,no face,0.0,,,,,,,,,,,,
Brian Cole,brian cole,ok,0.159,164,111,90,124.5,68,55,51,58.4,23.7,76.6,65.8,0.19
Colin Cole,colin cole,no face,0.0,,,,,,,,,,,,
Dylan Cole,dylan cole,ok,0.12,194,139,119,153.2,40,20,14,25.6,23.4,149.2,132.5,0.062
Justin Cole,justin cole,no face,0.0,,,,,,,,,,,,
Keelan Cole,keelan cole,ok,0.108,190,132,110,146.5,32,30,32,31.0,41.8,118.6,96.6,0.597
Marquice Cole,marquice cole,no face,0.0,,,,,,,,,,,,
Mason Cole,mason cole,ok,0.141,227,169,151,184.3,52,43,37,45.0,-11.0,135.4,83.4,0.159
Myles Cole,myles cole,ok,0.12,181,126,98,139.3,10,9,11,9.5,69.3,51.6,49.1,0.547
Nick Cole,nick cole,no face,0.0,,,,,,,,,,,,
Trent Cole,trent cole,ok,0.254,163,107,78,120.4,46,43,34,42.9,30.2,51.0,71.8,0.405
Antonio Coleman,antonio coleman,no face,0.0,,,,,,,,,,,,
Brandon Coleman,brandon coleman,ok,0.179,171,100,65,117.2,21,22,19,21.4,91.2,105.0,98.5,0.576
B.J. Coleman,bj coleman,no face,0.0,,,,,,,,,,,,
Corey Coleman,corey coleman,ok,0.147,165,105,76,119.7,36,32,27,32.6,-3.2,12.9,-2.1,0.111
Cosey Coleman,cosey coleman,no face,0.0,,,,,,,,,,,,
Deandre Coleman,deandre coleman,no face,0.0,,,,,,,,,,,,
Derrick Coleman,derrick coleman,ok,0.157,82,51,36,58.5,15,16,14,15.5,-21.7,-36.4,-160.7,0.453
Drew Coleman,drew coleman,no face,0.0,,,,,,,,,,,,
Erik Coleman,erik coleman,no face,0.0,,,,,,,,,,,,
Justin Coleman,justin coleman,ok,0.153,160,110,87,122.6,29,28,28,28.3,29.5,91.3,51.7,0.449
Kenyon Coleman,kenyon coleman,no face,0.0,,,,,,,,,,,,
Keon Coleman,keon coleman,ok,0.108,177,111,87,128.0,221,201,102,195.8,23.9,37.1,50.1,0.1
Kurt Coleman,kurt coleman,ok,0.196,250,163,128,185.0,13,8,4,9.0,42.0,151.4,97.9,0.596
Lanier Coleman,lanier coleman,no face,0.0,,,,,,,,,,,,
Larnel Coleman,larnel coleman,ok,0.103,162,106,92,121.1,27,22,28,24.2,95.6,32.8,52.8,0.661
Marco Coleman,marco coleman,no face,0.0,,,,,,,,,,,,
Marcus Coleman,marcus coleman,no face,0.0,,,,,,,,,,,,
Shon Coleman,shon coleman,ok,0.182,153,91,64,106.5,26,25,22,25.0,34.3,63.4,60.9,0.374
Tevin Coleman,tevin coleman,ok,0.102,56,32,24,38.1,9,22,27,18.7,21.4,-35.7,-10.3,1.0
Xavier Coleman,xavier coleman,ok,0.139,205,151,123,164.0,19,18,15,18.0,23.0,79.9,91.0,0.615
Laveranues Coles,laveranues coles,no face,0.0,,,,,,,,,,,,
Stacy Coley,stacy coley,ok,0.135,147,92,59,104.7,18,10,8,12.2,46.8,48.9,57.4,0.75
Trevon Coley,trevon coley,ok,0.161,169,107,81,122.6,82,50,37,58.1,59.0,107.1,106.5,0.065
Daryn Colledge,daryn colledge,no face,0.0,,,,,,,,,,,,
Austin Collie,austin collie,no face,0.0,,,,,,,,,,,,
L.J. Collier,lj collier,ok,0.113,127,87,79,98.0,45,41,36,41.6,79.6,17.8,39.1,0.208
Richard Collier,richard collier,no face,0.0,,,,,,,,,,,,
Alex Collins,alex collins,ok,0.103,139,94,64,104.3,26,27,21,26.0,23.4,71.8,54.1,0.63
Alfred Collins,alfred collins,ok,0.121,190,115,84,133.9,13,12,12,12.3,35.7,2.3,43.3,0.991
Anthony Collins,anthony collins,no face,0.0,,,,,,,,,,,,
Aviante Collins,aviante collins,ok,0.148,170,126,102,136.1,48,36,34,39.4,-26.2,110.1,37.7,0.134
Cameron Collins,cameron collins,no face,0.0,,,,,,,,,,,,
Jalen Collins,jalen collins,ok,0.175,206,136,87,151.3,34,30,23,30.1,10.6,118.0,44.4,0.247
Jamie Collins,jamie collins,ok,0.12,203,126,88,144.7,42,40,41,40.7,41.7,108.5,45.8,0.652
Javiar Collins,javiar collins,no face,0.0,,,,,,,,,,,,
Jed Collins,jed collins,no face,0.0,,,,,,,,,,,,
Jerome Collins,jerome collins,no face,0.0,,,,,,,,,,,,
Kerry Collins,kerry collins,ok,0.162,139,80,68,96.3,16,36,153,43.4,,,,0.923
La'el Collins,lael collins,ok,0.096,183,130,110,143.6,34,30,31,31.3,113.2,-2.0,13.1,0.548
Landon Collins,landon collins,ok,0.125,57,37,33,42.5,194,162,170,172.7,-26.0,-56.7,-19.9,0.262
Maliek Collins,maliek collins,ok,0.111,112,69,54,80.1,97,84,76,87.3,74.1,72.5,73.7,0.007
Nate Collins,nate collins,no face,0.0,,,,,,,,,,,,
Nick Collins,nick collins,no face,0.0,,,,,,,,,,,,
Nico Collins,nico collins,ok,0.136,176,106,70,123.1,15,14,13,14.2,82.1,48.9,108.6,0.503
Todd Collins,todd collins,no face,0.0,,,,,,,,,,,,
Zaven Collins,zaven collins,ok,0.136,190,134,108,147.3,24,20,19,21.1,112.0,64.4,23.2,0.998
Chris Colmer,chris colmer,no face,0.0,,,,,,,,,,,,
Marc Colombo,marc colombo,no face,0.0,,,,,,,,,,,,
Trystan Colon,trystan colon,ok,0.116,144,102,89,113.1,8,5,3,5.7,33.2,-53.4,-22.8,0.996
Willie Colon,willie colon,no face,0.0,,,,,,,,,,,,
Britton Colquitt,britton colquitt,ok,0.2,155,99,77,113.2,53,35,27,39.5,-36.6,-15.2,21.0,0.164
Dustin Colquitt,dustin colquitt,ok,0.161,185,128,94,141.5,121,93,74,99.2,-23.6,42.6,33.1,0.053
Junior Colson,junior colson,ok,0.126,220,156,132,172.4,28,26,33,27.2,20.6,106.1,110.6,0.399
Marques Colston,marques colston,no face,0.0,,,,,,,,,,,,
Aaron Colvin,aaron colvin,ok,0.143,237,174,143,189.3,47,42,41,43.4,172.7,88.1,134.1,0.535
Rosevelt Colvin,rosevelt colvin,no face,0.0,,,,,,,,,,,,
Greg Comella,greg comella,no face,0.0,,,,,,,,,,,,
John Cominsky,john cominsky,ok,0.151,204,142,116,157.6,52,36,30,40.1,-0.1,74.5,47.0,0.057
Sanders Commings,sanders commings,no face,0.0,,,,,,,,,,,,
Jonathan Compas,jonathan compas,no face,0.0,,,,,,,,,,,,
Mike Compton,mike compton,no face,0.0,,,,,,,,,,,,
Tom Compton,tom compton,ok,0.157,225,164,151,180.8,28,16,13,19.5,-9.6,29.9,27.6,0.202
Bill Conaty,bill conaty,no face,0.0,,,,,,,,,,,,
Jon Condo,jon condo,no face,0.0,,,,,,,,,,,,
Brannon Condren,brannon condren,no face,0.0,,,,,,,,,,,,
Kevin Cone,kevin cone,no face,0.0,,,,,,,,,,,,
Josh Conerly Jr.,josh conerly,ok,0.124,156,102,81,115.8,10,10,10,10.0,41.9,6.9,10.6,1.0
Jack Conklin,jack conklin,ok,0.161,172,124,97,135.3,39,26,20,29.2,8.8,5.1,-28.5,0.102
Tyler Conklin,tyler conklin,ok,0.11,227,173,161,187.8,19,16,17,17.0,167.6,164.6,168.3,0.325
Chris Conley,chris conley,ok,0.123,168,115,89,127.9,29,28,27,28.2,26.0,30.8,79.5,0.914
Gareon Conley,gareon conley,ok,0.148,171,109,72,123.3,24,20,21,21.3,40.4,104.3,108.2,0.444
T.J. Conley,tj conley,no face,0.0,,,,,,,,,,,,
Ryan Connelly,ryan connelly,ok,0.142,247,184,159,200.0,210,166,146,176.9,15.4,75.3,58.0,0.039
Chamarri Conner,chamarri conner,ok,0.1,120,48,20,66.3,21,16,12,17.0,-146.3,-168.1,-159.7,0.173
Hayden Conner,hayden conner,ok,0.166,221,171,160,184.7,156,145,139,147.6,56.5,78.2,110.0,0.054
James Conner,james conner,ok,0.133,240,189,166,201.6,16,15,14,15.2,92.9,95.4,56.8,0.543
Snoop Conner,snoop conner,ok,0.117,187,143,120,153.5,35,33,32,33.5,74.2,115.5,74.3,0.394
John Conner,john conner,no face,0.0,,,,,,,,,,,,
Kavell Conner,kavell conner,no face,0.0,,,,,,,,,,,,
Dan Connolly,dan connolly,no face,0.0,,,,,,,,,,,,
Dan Connor,dan connor,no face,0.0,,,,,,,,,,,,
Scott Connot,scott connot,no face,0.0,,,,,,,,,,,,
Sean Conover,sean conover,no face,0.0,,,,,,,,,,,,
Zach Conque,zach conque,no face,0.0,,,,,,,,,,,,
Matt Conrath,matt conrath,no face,0.0,,,,,,,,,,,,
Sean Considine,sean considine,no face,0.0,,,,,,,,,,,,
Chris Conte,chris conte,ok,0.259,148,93,66,106.4,36,27,22,29.1,25.8,26.6,26.5,0.078
Curtis Conway,curtis conway,no face,0.0,,,,,,,,,,,,
Ernie Conwell,ernie conwell,no face,0.0,,,,,,,,,,,,
Bryan Cook,bryan cook,ok,0.126,211,141,108,158.2,41,37,38,38.3,102.0,80.7,66.4,0.179
Chris Cook,chris cook,no face,0.0,,,,,,,,,,,,
Connor Cook,connor cook,ok,0.179,222,155,137,172.8,107,77,61,84.1,12.6,80.6,73.8,0.094
Dalvin Cook,dalvin cook,ok,0.138,85,60,51,66.4,47,40,39,42.0,-50.2,-133.3,,0.26
Damion Cook,damion cook,no face,0.0,,,,,,,,,,,,
Emanuel Cook,emanuel cook,no face,0.0,,,,,,,,,,,,
Erik Cook,erik cook,no face,0.0,,,,,,,,,,,,
Jameel Cook,jameel cook,no face,0.0,,,,,,,,,,,,
James Cook,james cook,ok,0.121,163,117,99,128.7,36,33,34,34.0,39.5,99.1,86.3,0.955
Jared Cook,jared cook,ok,0.114,176,121,92,134.1,19,15,15,16.2,7.1,52.3,58.3,1.0
Kyle Cook,kyle cook,no face,0.0,,,,,,,,,,,,
Ryan Cook,ryan cook,no face,0.0,,,,,,,,,,,,
Logan Cooke,logan cooke,ok,0.163,207,165,159,176.9,107,88,80,92.8,-16.5,104.6,80.5,0.051
Brandin Cooks,brandin cooks,ok,0.132,125,90,79,98.9,26,23,24,24.0,21.4,62.0,65.1,0.191
Chris Cooley,chris cooley,no face,0.0,,,,,,,,,,,,
Travis Coons,travis coons,no face,0.0,,,,,,,,,,,,
Amari Cooper,amari cooper,ok,0.129,166,103,69,118.0,9,6,5,6.8,30.8,28.7,23.3,0.407
Chris Cooper,chris cooper,no face,0.0,,,,,,,,,,,,
Edgerrin Cooper,edgerrin cooper,ok,0.121,167,106,82,121.5,15,15,13,14.8,20.7,88.4,81.8,0.999
Ethan Cooper,ethan cooper,no face,0.0,,,,,,,,,,,,
Fahn Cooper,fahn cooper,no face,0.0,,,,,,,,,,,,
Jarrod Cooper,jarrod cooper,no face,0.0,,,,,,,,,,,,
Deke Cooper,deke cooper,no face,0.0,,,,,,,,,,,,
Jon Cooper,jon cooper,no face,0.0,,,,,,,,,,,,
Jonathan Cooper,jonathan cooper,ok,0.102,150,92,75,107.4,22,23,20,22.4,77.7,91.0,89.0,0.653
Jonathon Cooper,jonathon cooper,ok,0.136,208,141,106,157.0,31,19,10,21.6,131.4,107.1,120.4,0.101
Josh Cooper,josh cooper,no face,0.0,,,,,,,,,,,,
Marcus Cooper,marcus cooper,ok,0.137,210,139,106,156.5,23,18,16,19.3,72.1,129.4,131.7,0.767
Pharoh Cooper,pharoh cooper,ok,0.166,184,114,83,131.4,29,23,19,24.3,0.5,74.5,70.5,0.526
Riley Cooper,riley cooper,no face,0.0,,,,,,,,,,,,
Stephen Cooper,stephen cooper,no face,0.0,,,,,,,,,,,,
Marquis Cooper,marquis cooper,no face,0.0,,,,,,,,,,,,
Xavier Cooper,xavier cooper,ok,0.15,203,148,120,161.3,150,106,89,117.2,43.8,83.8,95.8,0.049
Brandon Copeland,brandon copeland,ok,0.187,189,130,99,144.1,18,17,17,17.3,25.4,70.8,77.4,0.537
Marquise Copeland,marquise copeland,ok,0.124,144,101,78,111.1,37,34,33,34.8,60.4,89.0,88.1,0.221
Quinton Coples,quinton coples,no face,0.0,,,,,,,,,,,,
Terrance Copper,terrance copper,no face,0.0,,,,,,,,,,,,
Austin Corbett,austin corbett,ok,0.067,212,140,138,161.3,36,32,33,33.3,137.0,-10.0,4.9,0.372
Jim Cordle,jim cordle,no face,0.0,,,,,,,,,,,,
Jorge Cordova,jorge cordova,no face,0.0,,,,,,,,,,,,
Cody Core,cody core,ok,0.145,144,95,80,107.9,46,31,32,35.5,-31.4,69.3,36.9,0.318
Malachi Corley,malachi corley,ok,0.107,142,90,74,103.9,8,8,7,7.9,-7.1,89.9,94.0,0.349
Ajani Cornelius,ajani cornelius,ok,0.115,151,98,73,111.0,17,17,17,17.0,44.4,15.2,44.8,1.0
Jashon Cornell,jashon cornell,ok,0.138,189,108,74,128.3,30,29,29,29.3,108.0,64.1,76.0,0.244
Jack Cornell,jack cornell,no face,0.0,,,,,,,,,,,,
Reggie Corner,reggie corner,no face,0.0,,,,,,,,,,,,
Matt Corral,matt corral,ok,0.119,232,176,153,190.1,33,30,30,30.9,76.8,-6.6,5.1,0.921
Kamalei Correa,kamalei correa,ok,0.193,155,113,96,123.6,74,65,58,66.9,14.0,94.3,86.4,0.142
Jose Cortez,jose cortez,no face,0.0,,,,,,,,,,,,
Jon Corto,jon corto,no face,0.0,,,,,,,,,,,,
Blake Corum,blake corum,ok,0.145,202,138,104,153.4,11,8,7,8.8,136.2,8.6,19.7,0.983
Quan Cosby,quan cosby,no face,0.0,,,,,,,,,,,,
Phil Costa,phil costa,no face,0.0,,,,,,,,,,,,
Blake Costanzo,blake costanzo,no face,0.0,,,,,,,,,,,,
Doug Costin,doug costin,ok,0.105,199,133,104,149.4,29,29,28,28.9,98.6,120.5,121.5,0.676
Junius Coston,junius coston,no face,0.0,,,,,,,,,,,,
Jerricho Cotchery,jerricho cotchery,no face,0.0,,,,,,,,,,,,
Brad Cottam,brad cottam,no face,0.0,,,,,,,,,,,,
Jeff Cotton,jeff cotton,ok,0.116,207,134,109,153.0,4,3,1,3.1,130.3,63.5,141.8,0.35
Lester Cotton,lester cotton,ok,0.091,115,73,66,84.8,19,16,20,17.4,-3.1,67.9,48.0,0.722
Nathan Cottrell,nathan cottrell,ok,0.188,224,175,150,186.7,161,118,94,128.1,110.2,159.7,160.8,0.04
Carter Coughlin,carter coughlin,ok,0.155,221,157,132,173.3,25,14,11,16.9,47.5,87.8,113.3,0.168
Isaiah Coulter,isaiah coulter,ok,0.154,138,88,75,101.5,31,26,25,27.4,8.1,83.9,71.8,0.426
Blake Countess,blake countess,ok,0.185,144,92,74,105.5,51,40,36,42.8,-6.0,64.0,71.6,0.287
Terry Cousin,terry cousin,no face,0.0,,,,,,,,,,,,
Kirk Cousins,kirk cousins,ok,0.126,128,101,98,108.6,68,57,56,60.2,-41.4,13.7,31.0,0.031
Oniel Cousins,oniel cousins,no face,0.0,,,,,,,,,,,,
Keke Coutee,keke coutee,ok,0.154,196,139,107,152.4,25,24,23,24.2,116.4,91.6,112.2,0.226
Brandon Coutu,brandon coutu,no face,0.0,,,,,,,,,,,,
Christian Covington,christian covington,ok,0.115,156,105,86,118.0,23,23,23,23.0,2.9,48.3,42.2,0.509
Chris Covington,chris covington,ok,0.167,186,106,65,125.2,11,11,9,10.8,68.7,50.7,72.8,0.749
Rashaad Coward,rashaad coward,ok,0.115,155,98,68,111.7,38,41,36,39.5,25.1,94.4,93.7,0.357
Byron Cowart,byron cowart,ok,0.118,180,133,108,144.2,37,27,20,29.2,19.5,126.3,122.9,0.052
Sam Cowart,sam cowart,no face,0.0,,,,,,,,,,,,
Jacob Cowing,jacob cowing,ok,0.14,184,107,71,125.8,14,11,10,11.8,1.8,48.8,39.6,0.792
James Cowser,james cowser,ok,0.174,206,153,135,166.8,73,58,49,61.5,-6.5,-17.0,40.2,0.107
Bryan Cox,bryan cox,no face,0.0,,,,,,,,,,,,
Chandler Cox,chandler cox,ok,0.165,201,130,112,149.2,49,30,20,34.5,-28.5,20.7,-14.3,0.089
Curome Cox,curome cox,no face,0.0,,,,,,,,,,,,
Demetrious Cox,demetrious cox,ok,0.209,216,156,116,169.5,47,39,35,40.9,60.1,54.2,65.4,0.34
Derek Cox,derek cox,no face,0.0,,,,,,,,,,,,
Fletcher Cox,fletcher cox,ok,0.127,192,117,92,136.6,52,51,47,50.8,58.2,98.8,100.7,0.129
Jabril Cox,jabril cox,ok,0.127,165,110,84,123.8,2,2,2,2.0,91.7,88.9,115.5,0.472
Kennard Cox,kennard cox,no face,0.0,,,,,,,,,,,,
Mike Cox,mike cox,no face,0.0,,,,,,,,,,,,
Michael Cox,michael cox,no face,0.0,,,,,,,,,,,,
Morgan Cox,morgan cox,ok,0.155,204,134,110,152.2,127,95,78,102.6,53.4,103.6,109.1,0.02
Perrish Cox,perrish cox,no face,0.0,,,,,,,,,,,,
Torrie Cox,torrie cox,no face,0.0,,,,,,,,,,,,
Brock Coyle,brock coyle,ok,0.197,151,108,90,118.8,61,51,44,53.2,-45.2,27.6,10.2,0.118
Tyler Coyle,tyler coyle,ok,0.125,149,103,78,113.9,22,21,21,21.3,75.4,-4.9,65.9,1.0
Shawn Crable,shawn crable,no face,0.0,,,,,,,,,,,,
Michael Crabtree,michael crabtree,ok,0.128,190,123,88,138.9,23,21,18,21.3,78.7,60.2,79.2,1.0
Tom Crabtree,tom crabtree,no face,0.0,,,,,,,,,,,,
River Cracraft,river cracraft,ok,0.136,140,100,88,110.6,143,133,131,135.8,-44.7,-46.6,-47.6,0.064
Jason Craft,jason craft,no face,0.0,,,,,,,,,,,,
Angelo Craig,angelo craig,no face,0.0,,,,,,,,,,,,
Casey Cramer,casey cramer,no face,0.0,,,,,,,,,,,,
Su'a Cravens,sua cravens,ok,0.202,229,162,127,178.0,28,26,24,26.4,8.9,32.3,50.4,0.587
Jack Crawford,jack crawford,ok,0.191,201,130,95,147.2,173,108,80,124.2,4.0,54.7,68.6,0.072
Kitan Crawford,kitan crawford,ok,0.131,188,132,110,146.2,50,40,37,42.6,40.5,127.5,110.2,0.4
Richard Crawford,richard crawford,no face,0.0,,,,,,,,,,,,
Tyrone Crawford,tyrone crawford,ok,0.171,225,163,129,177.7,31,22,17,24.1,24.6,45.6,56.7,0.153
Xavier Crawford,xavier crawford,ok,0.19,218,152,120,168.1,66,59,55,60.6,32.7,139.6,135.4,0.316
Ken Crawley,ken crawley,ok,0.143,95,56,36,65.4,14,13,12,13.2,41.6,52.4,57.4,0.447
Jeremy Crawshaw,jeremy crawshaw,ok,0.174,208,157,151,171.6,94,86,77,87.8,10.0,32.3,12.0,0.103
Patrick Crayton,patrick crayton,no face,0.0,,,,,,,,,,,,
Gabe Crecion,gabe crecion,no face,0.0,,,,,,,,,,,,
Josh Cribbs,josh cribbs,no face,0.0,,,,,,,,,,,,
Scott Crichton,scott crichton,no face,0.0,,,,,,,,,,,,
Jared Crick,jared crick,no face,0.0,,,,,,,,,,,,
Juron Criner,juron criner,no face,0.0,,,,,,,,,,,,
Chris Crocker,chris crocker,no face,0.0,,,,,,,,,,,,
Damarea Crockett,damarea crockett,ok,0.143,169,113,84,126.4,31,26,24,27.3,-14.8,69.8,62.0,0.549
Zack Crockett,zack crockett,no face,0.0,,,,,,,,,,,,
Antonio Cromartie,antonio cromartie,no face,0.0,,,,,,,,,,,,
Marcus Cromartie,marcus cromartie,ok,0.146,150,93,66,107.0,53,43,38,45.4,5.5,81.3,55.2,0.169
Da'Mon Cromartie-Smith,damon cromartie smith,no face,0.0,,,,,,,,,,,,
Jonathan Crompton,jonathan crompton,no face,0.0,,,,,,,,,,,,
Jason Croom,jason croom,ok,0.167,157,102,92,117.3,8,8,8,8.0,74.3,39.1,53.9,0.522
Larry Croom,larry croom,no face,0.0,,,,,,,,,,,,
Mason Crosby,mason crosby,ok,0.174,140,100,78,109.3,48,41,32,42.1,-17.4,-17.8,7.0,0.123
Maxx Crosby,maxx crosby,ok,0.066,126,82,68,93.6,27,28,34,28.4,-62.5,-8.1,63.5,0.913
Tyrell Crosby,tyrell crosby,ok,0.133,196,125,91,142.4,116,62,38,75.5,21.0,107.5,101.4,0.024
Jacory Croskey-Merritt,jacory croskey merritt,ok,0.137,161,98,73,114.0,20,20,22,20.2,72.9,-13.8,16.8,0.595
Charles Cross,charles cross,ok,0.112,163,118,101,129.8,26,23,20,23.6,115.7,51.1,54.6,0.236
Nick Cross,nick cross,ok,0.135,197,128,99,145.3,17,16,17,16.4,26.5,59.0,58.0,0.459
Alan Cross,alan cross,ok,0.291,55,41,36,44.6,134,120,116,124.2,,,,0.0
Keion Crossen,keion crossen,ok,0.123,85,65,64,70.9,46,42,50,44.1,11.0,-6.4,-6.6,0.958
Cole Croston,cole croston,ok,0.205,215,157,140,172.4,65,51,38,53.7,-2.7,88.1,76.6,0.083
Tae Crowder,tae crowder,ok,0.202,200,127,92,144.8,24,23,19,22.8,107.2,60.4,58.6,0.645
Jamison Crowder,jamison crowder,ok,0.109,141,97,74,107.5,102,80,62,84.5,71.2,80.5,81.2,0.007
Channing Crowder,channing crowder,no face,0.0,,,,,,,,,,,,
Tim Crowder,tim crowder,no face,0.0,,,,,,,,,,,,
Angelo Crowell,angelo crowell,no face,0.0,,,,,,,,,,,,
Isaiah Crowell,isaiah crowell,ok,0.117,86,57,48,64.7,31,31,29,30.8,25.2,6.6,10.5,0.988
Brodie Croyle,brodie croyle,no face,0.0,,,,,,,,,,,,
Dane Cruikshank,dane cruikshank,ok,0.151,201,151,127,163.2,37,30,28,31.9,12.7,97.0,64.3,0.556
Jaden Crumedy,jaden crumedy,ok,0.104,138,74,55,90.8,9,9,9,9.0,44.3,-3.0,25.0,0.752
Alge Crumpler,alge crumpler,no face,0.0,,,,,,,,,,,,
Victor Cruz,victor cruz,no face,0.0,,,,,,,,,,,,
Jermelle Cudjo,jermelle cudjo,no face,0.0,,,,,,,,,,,,
Quinton Culberson,quinton culberson,no face,0.0,,,,,,,,,,,,
Johnny Culbreath,johnny culbreath,no face,0.0,,,,,,,,,,,,
Sean Culkin,sean culkin,ok,0.158,238,186,166,199.3,82,65,55,68.9,50.8,156.4,131.4,0.029
Chris Culliver,chris culliver,no face,0.0,,,,,,,,,,,,
Devin Culp,devin culp,ok,0.081,117,82,72,91.3,10,9,12,9.6,80.8,44.1,71.8,1.0
Daunte Culpepper,daunte culpepper,no face,0.0,,,,,,,,,,,,
Tyrone Culver,tyrone culver,no face,0.0,,,,,,,,,,,,
Jeff Cumberland,jeff cumberland,no face,0.0,,,,,,,,,,,,
Kenwin Cummings,kenwin cummings,no face,0.0,,,,,,,,,,,,
Billy Cundiff,billy cundiff,no face,0.0,,,,,,,,,,,,
Benny Cunningham,benny cunningham,ok,0.164,200,123,84,141.6,21,16,13,17.2,80.9,21.9,57.4,0.514
B.J. Cunningham,bj cunningham,no face,0.0,,,,,,,,,,,,
Jermaine Cunningham,jermaine cunningham,no face,0.0,,,,,,,,,,,,
Jerome Cunningham,jerome cunningham,ok,0.151,191,130,89,143.6,37,35,34,35.5,60.4,118.7,88.5,0.562
Justice Cunningham,justice cunningham,no face,0.0,,,,,,,,,,,,
Korey Cunningham,korey cunningham,ok,0.125,152,85,66,102.9,42,35,34,37.0,19.7,80.7,79.0,0.236
Zach Cunningham,zach cunningham,ok,0.095,146,92,53,103.7,20,16,14,17.0,91.6,96.5,94.5,0.474
Jake Curhan,jake curhan,ok,0.154,192,145,130,157.3,43,30,30,33.9,78.2,133.9,134.7,0.152
Rennie Curran,rennie curran,no face,0.0,,,,,,,,,,,,
Airese Currie,airese currie,no face,0.0,,,,,,,,,,,,
Justin Currie,justin currie,ok,0.173,187,140,122,152.3,63,46,36,50.2,-29.1,56.3,50.7,0.189
Aaron Curry,aaron curry,no face,0.0,,,,,,,,,,,,
Clarence Curry,clarence curry,no face,0.0,,,,,,,,,,,,
Dominique Curry,dominique curry,no face,0.0,,,,,,,,,,,,
Donte Curry,donte curry,no face,0.0,,,,,,,,,,,,
Ronald Curry,ronald curry,no face,0.0,,,,,,,,,,,,
Vinny Curry,vinny curry,ok,0.116,108,58,43,71.2,9,23,22,18.7,57.3,59.1,58.3,0.677
Tony Curtis,tony curtis,no face,0.0,,,,,,,,,,,,
Kevin Curtis,kevin curtis,no face,0.0,,,,,,,,,,,,
Lloyd Cushenberry III,lloyd cushenberry,ok,0.042,77,46,43,54.9,13,13,14,13.1,29.5,-30.0,7.0,0.435
Brian Cushing,brian cushing,no face,0.0,,,,,,,,,,,,
Matt Cushing,matt cushing,no face,0.0,,,,,,,,,,,,
Jay Cutler,jay cutler,no face,0.0,,,,,,,,,,,,
Jacob Cutrera,jacob cutrera,no face,0.0,,,,,,,,,,,,
Austin Cutting,austin cutting,ok,0.191,137,102,85,110.5,70,56,45,58.9,-20.7,-2.2,2.8,0.073
Johnathan Cyprien,johnathan cyprien,ok,0.167,155,85,56,102.6,23,20,17,20.6,50.9,5.3,37.7,0.52
Ryan D'Imperio,ryan dimperio,no face,0.0,,,,,,,,,,,,
Dominique Dafney,dominique dafney,ok,0.12,147,93,63,105.7,10,9,6,9.0,75.3,97.3,98.7,0.586
Craig Dahl,craig dahl,no face,0.0,,,,,,,,,,,,
Harvey Dahl,harvey dahl,no face,0.0,,,,,,,,,,,,
Joe Dahl,joe dahl,ok,0.169,198,141,122,155.9,119,108,103,110.7,77.6,49.1,83.7,0.06
Dennis Daley,dennis daley,ok,0.097,120,80,68,90.3,22,22,22,22.0,-18.9,69.8,14.4,0.809
DeeJay Dallas,deejay dallas,ok,0.11,148,98,83,111.2,18,16,20,17.1,3.7,97.3,85.3,0.93
Drew Dalman,drew dalman,ok,0.148,219,153,143,171.6,37,25,21,28.1,22.7,104.4,114.0,0.312
Andy Dalton,andy dalton,ok,0.177,201,150,136,163.7,68,41,25,47.2,-1.9,16.4,3.5,0.049
Lional Dalton,lional dalton,no face,0.0,,,,,,,,,,,,
Scott Daly,scott daly,ok,0.139,223,176,169,189.3,52,44,43,46.3,-0.1,48.9,32.5,0.246
Jordan Dangerfield,jordan dangerfield,ok,0.153,254,184,146,200.6,42,40,36,40.0,53.1,76.8,35.4,0.445
Robertson Daniel,robertson daniel,no face,0.0,,,,,,,,,,,,
Chase Daniel,chase daniel,ok,0.148,179,130,108,142.1,99,71,61,78.2,-16.3,58.9,81.7,0.029
Braeden Daniels,braeden daniels,ok,0.111,106,71,66,80.7,14,12,17,13.2,-8.2,32.9,21.5,0.971
B.J. Daniels,bj daniels,no face,0.0,,,,,,,,,,,,
Darrell Daniels,darrell daniels,ok,0.182,160,100,75,115.1,23,20,18,20.7,57.0,100.0,100.7,0.452
James Daniels,james daniels,ok,0.109,104,70,63,79.4,81,57,54,63.8,-5.0,18.3,34.3,0.051
Jayden Daniels,jayden daniels,ok,0.138,197,133,104,148.8,23,22,23,22.4,2.9,31.9,63.2,0.576
LeShun Daniels,leshun daniels,no face,0.0,,,,,,,,,,,,
Matt Daniels,matt daniels,no face,0.0,,,,,,,,,,,,
Mike Daniels,mike daniels,ok,0.181,193,122,86,139.2,29,25,22,25.9,104.2,12.1,36.2,0.181
Owen Daniels,owen daniels,no face,0.0,,,,,,,,,,,,
Phillip Daniels,phillip daniels,no face,0.0,,,,,,,,,,,,
P.J. Daniels,pj daniels,no face,0.0,,,,,,,,,,,,
Stanley Daniels,stanley daniels,no face,0.0,,,,,,,,,,,,
Steven Daniels,steven daniels,no face,0.0,,,,,,,,,,,,
Torrance Daniels,torrance daniels,no face,0.0,,,,,,,,,,,,
Travis Daniels,travis daniels,no face,0.0,,,,,,,,,,,,
Michael Danna,michael danna,ok,0.08,154,90,74,107.5,20,20,22,20.2,63.5,88.6,86.3,0.599
Karlos Dansby,karlos dansby,no face,0.0,,,,,,,,,,,,
Cameron Dantzler,cameron dantzler,ok,0.208,209,133,88,150.6,28,19,15,21.2,16.9,110.2,95.6,0.236
Amara Darboh,amara darboh,ok,0.131,183,122,89,136.5,21,24,22,22.9,43.5,113.2,83.4,1.0
Chartric Darby,chartric darby,no face,0.0,,,,,,,,,,,,
Frank Darby,frank darby,ok,0.113,98,63,57,72.8,16,16,17,16.1,18.2,55.2,40.9,0.892
Kenneth Darby,kenneth darby,no face,0.0,,,,,,,,,,,,
Ronald Darby,ronald darby,ok,0.1,163,125,101,133.6,22,20,26,21.3,24.3,104.9,68.1,0.378
Jaelon Darden,jaelon darden,ok,0.131,139,98,85,108.8,23,22,24,22.5,85.5,7.0,15.0,0.982
Marcell Dareus,marcell dareus,ok,0.143,134,76,50,90.0,18,14,13,15.1,75.8,-30.5,10.4,0.415
Trey Darilek,trey darilek,no face,0.0,,,,,,,,,,,,
Donovin Darius,donovin darius,no face,0.0,,,,,,,,,,,,
Orleans Darkwa,orleans darkwa,no face,0.0,,,,,,,,,,,,
Devard Darling,devard darling,no face,0.0,,,,,,,,,,,,
James Darling,james darling,no face,0.0,,,,,,,,,,,,
Sam Darnold,sam darnold,ok,0.179,190,145,124,156.1,51,37,27,40.0,-8.6,83.5,46.5,0.096
Matt Darr,matt darr,ok,0.191,196,142,129,156.8,95,72,58,77.3,9.8,85.1,92.1,0.092
Christian Darrisaw,christian darrisaw,ok,0.128,157,103,77,116.2,11,10,8,10.1,106.1,15.4,58.1,0.726
Jaxson Dart,jaxson dart,ok,0.152,189,130,116,145.8,117,104,101,107.5,-11.9,10.7,35.4,0.053
Doug Datish,doug datish,no face,0.0,,,,,,,,,,,,
Andrew Datko,andrew datko,no face,0.0,,,,,,,,,,,,
Julie'n Davenport,julien davenport,ok,0.107,159,121,103,130.3,39,37,38,37.7,49.1,109.8,109.9,0.395
Marcus Davenport,marcus davenport,ok,0.106,216,156,127,170.6,19,19,19,19.0,100.6,91.1,113.0,0.607
Najeh Davenport,najeh davenport,no face,0.0,,,,,,,,,,,,
Rohan Davey,rohan davey,no face,0.0,,,,,,,,,,,,
Jason David,jason david,no face,0.0,,,,,,,,,,,,
Lavonte David,lavonte david,ok,0.14,122,84,68,93.5,28,26,26,26.6,71.9,12.7,4.6,0.203
DJ Davidson,dj davidson,ok,0.132,225,177,148,188.0,17,13,10,13.9,165.4,45.6,41.4,0.645
Marlon Davidson,marlon davidson,ok,0.102,71,40,28,47.9,7,7,7,7.0,-22.6,24.1,28.8,0.988
Zach Davidson,zach davidson,ok,0.127,196,128,117,147.1,49,35,30,38.6,18.3,85.6,75.1,0.097
A.J. Davis,aj davis,no face,0.0,,,,,,,,,,,,
Andra Davis,andra davis,no face,0.0,,,,,,,,,,,,
Andre Davis,andre davis,no face,0.0,,,,,,,,,,,,
Drew Davis,drew davis,no face,0.0,,,,,,,,,,,,
Anthony Davis,anthony davis,no face,0.0,,,,,,,,,,,,
Ashtyn Davis,ashtyn davis,ok,0.166,160,116,108,127.9,170,168,165,168.3,-26.5,-2.1,9.2,0.11
Austin Davis,austin davis,ok,0.166,168,110,94,125.5,37,26,20,28.6,-28.2,-1.1,11.6,0.192
Britt Davis,britt davis,no face,0.0,,,,,,,,,,,,
Bruce Davis,bruce davis,no face,0.0,,,,,,,,,,,,
Carey Davis,carey davis,no face,0.0,,,,,,,,,,,,
Carl Davis,carl davis,ok,0.097,147,102,80,112.9,29,26,24,26.7,76.8,92.9,92.0,0.423
Carlos Davis,carlos davis,ok,0.103,199,156,147,167.8,34,33,34,33.4,68.7,160.4,129.8,0.725
Carlton Davis III,carlton davis,ok,0.106,182,113,82,130.2,105,71,51,78.9,94.3,108.6,108.0,0.001
Charles Davis,charles davis,no face,0.0,,,,,,,,,,,,
Chauncey Davis,chauncey davis,no face,0.0,,,,,,,,,,,,
Chris Davis,chris davis,no face,0.0,,,,,,,,,,,,
Cody Davis,cody davis,ok,0.141,170,132,120,142.0,46,38,35,40.0,-20.5,28.7,13.2,0.087
Corey Davis,corey davis,ok,0.131,84,52,39,60.1,14,13,11,13.1,47.2,10.1,33.2,0.799
Craig Davis,craig davis,no face,0.0,,,,,,,,,,,,
Davion Davis,davion davis,ok,0.107,152,84,45,100.0,17,14,16,15.1,51.8,47.4,63.8,1.0
Demario Davis,demario davis,ok,0.052,73,47,42,54.2,21,22,22,21.7,35.4,-4.7,7.9,0.991
Derius Davis,derius davis,ok,0.127,149,88,72,104.4,36,26,28,29.2,8.6,86.8,68.6,0.302
Deshaun Davis,deshaun davis,ok,0.195,155,97,72,111.5,39,34,28,34.8,-11.3,71.5,57.7,0.28
Dexter Davis,dexter davis,no face,0.0,,,,,,,,,,,,
Dominique Davis,dominique davis,no face,0.0,,,,,,,,,,,,
Don Davis,don davis,no face,0.0,,,,,,,,,,,,
C.J. Davis,cj davis,no face,0.0,,,,,,,,,,,,
Fred Davis,fred davis,ok,0.094,189,131,104,145.3,32,31,32,31.4,-14.2,29.6,-25.1,1.0
Gabe Davis,gabe davis,ok,0.095,109,83,70,89.3,28,27,33,28.0,-52.5,-64.3,-40.8,0.954
Geremy Davis,geremy davis,ok,0.122,96,53,32,63.5,37,29,26,31.0,-14.4,15.3,-39.6,0.372
Hall Davis,hall davis,no face,0.0,,,,,,,,,,,,
Isaiah Davis,isaiah davis,ok,0.115,167,131,113,139.7,28,21,18,22.8,18.0,17.8,11.6,0.405
Ja'Gared Davis,jagared davis,no face,0.0,,,,,,,,,,,,
Jaden Davis,jaden davis,ok,0.131,144,84,72,100.5,17,13,15,14.4,31.8,35.8,40.5,0.629
Jalen Davis,jalen davis,ok,0.125,213,143,115,160.7,21,19,19,19.6,120.4,57.2,77.8,0.257
James Davis,james davis,no face,0.0,,,,,,,,,,,,
Buster Davis,buster davis,no face,0.0,,,,,,,,,,,,
Jamin Davis,jamin davis,ok,0.088,114,92,79,97.2,24,24,23,23.9,68.1,40.2,45.6,0.97
Jarrad Davis,jarrad davis,ok,0.128,156,87,64,105.0,82,55,48,62.3,-19.5,79.0,60.2,0.022
Jason Davis,jason davis,no face,0.0,,,,,,,,,,,,
Javaris Davis,javaris davis,ok,0.138,136,100,87,109.3,10,11,10,10.6,87.9,51.9,42.2,0.797
Jerome Davis,jerome davis,no face,0.0,,,,,,,,,,,,
Jesse Davis,jesse davis,ok,0.174,189,152,141,161.8,66,49,41,53.3,54.9,128.9,120.2,0.073
Jordan Davis,jordan davis,ok,0.094,121,76,68,88.5,19,17,19,17.8,64.4,15.8,25.4,1.0
Justin Davis,justin davis,ok,0.139,154,102,86,116.0,18,16,16,16.6,86.9,21.3,30.5,1.0
Kalia Davis,kalia davis,ok,0.115,140,86,59,99.1,24,22,20,22.4,82.3,-11.8,25.7,0.453
Kanorris Davis,kanorris davis,no face,0.0,,,,,,,,,,,,
Keith Davis,keith davis,no face,0.0,,,,,,,,,,,,
Kellen Davis,kellen davis,no face,0.0,,,,,,,,,,,,
Khalil Davis,khalil davis,ok,0.122,116,73,59,84.3,13,11,12,11.7,58.0,16.2,47.3,0.335
Knile Davis,knile davis,no face,0.0,,,,,,,,,,,,
Leonard Davis,leonard davis,no face,0.0,,,,,,,,,,,,
Mike Davis,mike davis,no face,0.0,,,,,,,,,,,,
Michael Davis,michael davis,no face,0.0,,,,,,,,,,,,
Nate Davis,nate davis,no face,0.0,,,,,,,,,,,,
Raekwon Davis,raekwon davis,ok,0.111,172,108,83,124.4,50,37,36,40.9,112.8,53.8,39.6,0.046
Rashied Davis,rashied davis,no face,0.0,,,,,,,,,,,,
Ray Davis,ray davis,ok,0.095,173,113,98,129.2,20,18,16,18.4,79.5,107.6,103.7,0.193
Rob Davis,rob davis,no face,0.0,,,,,,,,,,,,
Robert Davis,robert davis,ok,0.196,197,124,79,140.7,23,14,9,16.1,50.4,10.8,62.7,0.371
Rod Davis,rod davis,no face,0.0,,,,,,,,,,,,
Russell Davis,russell davis,no face,0.0,,,,,,,,,,,,
Ryan Davis,ryan davis,no face,0.0,,,,,,,,,,,,
Sammy Davis,sammy davis,no face,0.0,,,,,,,,,,,,
Sean Davis,sean davis,ok,0.199,175,122,97,135.0,29,28,28,28.3,84.9,21.1,49.9,0.319
Shawn Davis,shawn davis,ok,0.093,86,61,48,67.0,8,8,6,7.8,6.0,12.0,31.5,1.0
Stephen Davis,stephen davis,no face,0.0,,,,,,,,,,,,
Thomas Davis,thomas davis,ok,0.159,144,87,69,102.0,24,19,16,20.2,46.8,53.6,41.4,0.513
Todd Davis,todd davis,ok,0.103,99,58,45,68.8,27,23,26,24.5,0.5,-10.9,-3.4,1.0
Trevor Davis,trevor davis,ok,0.182,234,163,131,180.4,9,4,4,5.5,66.2,-12.7,17.2,0.888
Troy Davis,troy davis,no face,0.0,,,,,,,,,,,,
Tyler Davis,tyler davis,ok,0.136,235,192,165,201.5,40,35,31,36.0,30.7,85.7,73.3,0.352
Vernon Davis,vernon davis,ok,0.162,98,60,44,69.5,58,42,36,46.1,-28.2,16.0,39.4,0.082
Vontae Davis,vontae davis,ok,0.155,143,90,63,102.8,57,42,29,45.0,10.7,83.0,47.0,0.031
Will Davis,will davis,no face,0.0,,,,,,,,,,,,
Wyatt Davis,wyatt davis,ok,0.117,172,102,78,120.3,44,34,36,37.2,-6.6,96.9,96.8,0.55
Akeem Davis-Gaither,akeem davis gaither,ok,0.115,116,71,54,82.5,20,15,15,16.5,6.3,69.8,31.3,0.39
Tyrion Davis-Price,tyrion davis price,ok,0.1,180,114,87,130.5,20,18,17,18.6,19.4,115.9,116.3,0.586
Tyeler Davison,tyeler davison,ok,0.188,234,180,145,192.2,28,24,23,25.1,40.2,76.3,118.9,0.482
Brian Dawkins,brian dawkins,no face,0.057,,,,,,,,,,,,
Dion Dawkins,dion dawkins,ok,0.114,221,156,142,173.8,43,37,40,39.1,105.9,77.6,97.9,0.219
Everett Dawkins,everett dawkins,no face,0.0,,,,,,,,,,,,
Noah Dawkins,noah dawkins,ok,0.161,184,102,60,121.7,16,14,11,14.4,50.2,112.3,110.3,0.428
Clifton Dawson,clifton dawson,no face,0.0,,,,,,,,,,,,
Duke Dawson,duke dawson,ok,0.146,159,110,84,121.7,41,38,36,38.7,83.0,56.5,64.5,0.237
Keyunta Dawson,keyunta dawson,no face,0.0,,,,,,,,,,,,
Paul Dawson,paul dawson,no face,0.0,,,,,,,,,,,,
Phil Dawson,phil dawson,ok,0.235,149,100,78,112.1,69,51,44,55.6,-32.8,-48.4,-37.2,0.032
Skye Dawson,skye dawson,no face,0.0,,,,,,,,,,,,
Sheldon Day,sheldon day,ok,0.116,176,110,86,127.0,26,29,28,28.0,99.5,65.5,99.8,0.607
Ron Dayne,ron dayne,no face,0.0,,,,,,,,,,,,
Brian De La Puente,brian de la puente,no face,0.0,,,,,,,,,,,,
Clay DeBord,clay debord,no face,0.0,,,,,,,,,,,,
David DeCastro,david decastro,ok,0.137,230,157,140,176.9,28,21,20,23.0,82.0,48.1,114.6,0.658
Dom DeCicco,dom decicco,no face,0.0,,,,,,,,,,,,
Thomas DeCoud,thomas decoud,no face,0.0,,,,,,,,,,,,
Chris DeGeare,chris degeare,no face,0.0,,,,,,,,,,,,
Cooper DeJean,cooper dejean,ok,0.171,173,132,123,143.2,170,166,163,166.9,-33.5,-14.8,-9.5,0.044
Jerry DeLoach,jerry deloach,no face,0.0,,,,,,,,,,,,
Ben DeLuca,ben deluca,ok,0.158,238,182,162,196.5,44,35,35,37.7,25.0,-8.8,-1.0,0.692
Enoch DeMar,enoch demar,no face,0.0,,,,,,,,,,,,
Rick DeMulling,rick demulling,no face,0.0,,,,,,,,,,,,
Zak DeOssie,zak deossie,ok,0.174,233,169,149,185.9,43,30,26,33.4,-1.7,88.6,81.2,0.215
Andrew DePaola,andrew depaola,ok,0.157,187,135,124,149.4,122,89,80,97.8,38.5,39.2,79.6,0.035
Seth DeValve,seth devalve,ok,0.185,213,160,142,173.8,60,47,42,50.2,2.3,102.3,65.6,0.146
Kyle DeVan,kyle devan,no face,0.0,,,,,,,,,,,,
Mike DeVito,mike devito,no face,0.0,,,,,,,,,,,,
Jared DeVries,jared devries,no face,0.0,,,,,,,,,,,,
Divine Deablo,divine deablo,ok,0.113,101,67,56,75.9,18,15,14,15.9,43.1,32.4,59.4,0.611
Brandon Deaderick,brandon deaderick,no face,0.0,,,,,,,,,,,,
David Dean,david dean,no face,0.0,,,,,,,,,,,,
Jamel Dean,jamel dean,ok,0.124,188,128,115,144.5,77,72,75,73.8,71.6,83.8,66.5,0.186
Larry Dean,larry dean,no face,0.0,,,,,,,,,,,,
Nakobe Dean,nakobe dean,ok,0.108,118,82,75,92.3,15,14,17,14.6,76.4,23.2,12.5,0.714
James Dearth,james dearth,no face,0.0,,,,,,,,,,,,
Dawson Deaton,dawson deaton,ok,0.172,232,171,155,187.4,31,19,14,22.0,15.1,-11.3,3.8,0.247
Donte' Deayon,donte deayon,ok,0.158,182,125,100,139.2,36,32,34,33.4,51.8,112.8,75.3,0.466
Andre Debose,andre debose,no face,0.0,,,,,,,,,,,,
Eric Decker,eric decker,no face,0.0,,,,,,,,,,,,
Taylor Decker,taylor decker,ok,0.121,153,105,85,117.1,22,17,15,18.3,-37.7,54.8,70.8,0.5
Treston Decoud,treston decoud,ok,0.174,56,28,16,35.0,12,11,11,11.3,-135.9,-175.6,-191.8,0.526
Austin Deculus,austin deculus,ok,0.137,210,136,103,154.4,31,24,17,25.3,27.9,96.0,58.4,0.18
Derrick Deese,derrick deese,no face,0.0,,,,,,,,,,,,
Josiah Deguara,josiah deguara,ok,0.143,214,146,130,164.7,25,18,19,20.2,139.8,13.9,54.6,0.502
Michael Deiter,michael deiter,ok,0.158,228,167,159,184.3,58,46,32,48.0,6.1,85.6,16.7,0.029
Ryan Delaire,ryan delaire,no face,0.0,,,,,,,,,,,,
Dee Delaney,dee delaney,ok,0.1,141,102,89,112.2,32,31,32,31.4,47.7,84.6,77.4,0.967
Jake Delhomme,jake delhomme,ok,0.156,229,192,158,199.2,184,166,146,169.3,146.4,189.4,99.7,0.0
Tank Dell,tank dell,ok,0.139,174,100,58,117.3,15,13,12,13.5,40.2,-16.0,33.5,1.0
Garrett Dellinger,garrett dellinger,ok,0.141,234,174,147,188.9,13,7,4,8.5,86.5,2.5,77.6,0.511
Louis Delmas,louis delmas,no face,0.0,,,,,,,,,,,,
Curtis Deloatch,curtis deloatch,no face,0.0,,,,,,,,,,,,
Grant Delpit,grant delpit,ok,0.188,130,83,46,92.8,14,12,10,12.4,-20.7,-66.0,-29.5,0.386
Jamil Demby,jamil demby,ok,0.149,212,153,126,167.6,22,19,21,20.1,92.7,-4.4,6.5,0.933
Kenny Demens,kenny demens,no face,0.0,,,,,,,,,,,,
Jeff Demps,jeff demps,no face,0.0,,,,,,,,,,,,
Quintin Demps,quintin demps,no face,0.0,,,,,,,,,,,,
Will Demps,will demps,no face,0.0,,,,,,,,,,,,
Patrick Dendy,patrick dendy,no face,0.0,,,,,,,,,,,,
Chris Denman,chris denman,no face,0.0,,,,,,,,,,,,
Stephen Denmark,stephen denmark,ok,0.183,153,82,59,100.6,19,17,14,17.3,82.3,15.4,75.3,0.66
Alfonzo Dennard,alfonzo dennard,no face,0.0,,,,,,,,,,,,
Darqueze Dennard,darqueze dennard,ok,0.158,137,72,51,89.0,38,28,26,30.8,8.6,72.0,52.1,0.328
John Denney,john denney,ok,0.161,141,97,71,107.2,47,34,24,36.5,-26.0,31.1,44.8,0.21
Ryan Denney,ryan denney,no face,0.0,,,,,,,,,,,,
Derek Dennis,derek dennis,no face,0.0,,,,,,,,,,,,
Pat Dennis,pat dennis,no face,0.0,,,,,,,,,,,,
SirVocea Dennis,sirvocea dennis,ok,0.115,194,143,113,154.8,23,20,19,20.8,28.7,109.3,53.8,0.432
Akeem Dent,akeem dent,no face,0.0,,,,,,,,,,,,
A.J. Derby,aj derby,ok,0.198,196,130,105,146.9,76,41,27,49.9,-10.3,70.6,28.5,0.073
Pierre Desir,pierre desir,ok,0.154,123,87,66,95.4,23,23,17,22.3,18.0,17.8,55.8,0.484
Koy Detmer,koy detmer,no face,0.0,,,,,,,,,,,,
James Develin,james develin,ok,0.163,170,123,100,134.4,61,47,38,50.2,34.5,97.0,99.4,0.115
Jordan Devey,jordan devey,ok,0.206,214,147,125,164.5,122,92,74,98.9,-2.5,-1.6,-35.3,0.007
Pat Devlin,pat devlin,no face,0.0,,,,,,,,,,,,
MJ Devonshire,mj devonshire,ok,0.118,161,102,80,117.1,26,24,20,24.1,94.1,97.6,95.6,0.366
Gervon Dexter Sr.,gervon dexter,ok,0.153,146,92,72,105.6,17,16,14,16.1,72.5,28.0,79.4,0.493
John DiGiorgio,john digiorgio,no face,0.0,,,,,,,,,,,,
Christian DiLauro,christian dilauro,ok,0.124,237,169,142,186.3,39,34,30,35.0,24.6,82.4,54.8,0.46
Jayson DiManche,jayson dimanche,no face,0.0,,,,,,,,,,,,
Patrick DiMarco,patrick dimarco,ok,0.153,227,153,120,171.4,136,102,76,109.3,-19.0,-24.3,27.9,0.034
Ben DiNucci,ben dinucci,ok,0.117,251,176,162,196.8,33,29,26,29.9,121.0,72.5,20.6,0.961
Yaya Diaby,yaya diaby,ok,0.107,135,87,72,99.7,32,26,24,27.6,10.9,24.6,42.9,0.265
Marcellas Dial Jr.,marcellas dial,ok,0.111,112,70,57,81.2,50,41,37,43.2,-124.4,-15.6,26.6,0.183
Quinton Dial,quinton dial,no face,0.0,,,,,,,,,,,,
Lorenzo Diamond,lorenzo diamond,no face,0.0,,,,,,,,,,,,
Dorin Dickerson,dorin dickerson,no face,0.0,,,,,,,,,,,,
Landon Dickerson,landon dickerson,ok,0.135,215,142,128,162.2,110,102,101,104.3,1.1,103.4,34.5,0.065
Ed Dickson,ed dickson,ok,0.18,168,109,84,123.8,16,14,13,14.5,60.5,21.7,20.9,0.37
Michael Dickson,michael dickson,ok,0.174,204,158,136,169.2,57,46,37,48.3,-25.5,16.0,39.2,0.282
Xzavier Dickson,xzavier dickson,no face,0.0,,,,,,,,,,,,
Dahrran Diedrick,dahrran diedrick,no face,0.0,,,,,,,,,,,,
David Diehl,david diehl,no face,0.0,,,,,,,,,,,,
J.J Dielman,jj dielman,ok,0.17,239,183,160,197.1,44,25,19,29.8,131.1,35.5,78.7,0.078
Kris Dielman,kris dielman,no face,0.0,,,,,,,,,,,,
Ryan Diem,ryan diem,no face,0.0,,,,,,,,,,,,
Fadil Diggs,fadil diggs,ok,0.115,204,148,120,161.6,20,19,23,19.8,127.9,140.1,105.9,0.985
Na'il Diggs,nail diggs,no face,0.0,,,,,,,,,,,,
Quandre Diggs,quandre diggs,ok,0.171,171,123,82,132.7,21,22,17,21.1,107.4,11.8,43.9,0.442
Stefon Diggs,stefon diggs,ok,0.122,156,90,67,107.4,27,24,24,24.9,30.5,95.0,68.7,0.491
Trevon Diggs,trevon diggs,ok,0.111,104,71,56,79.2,24,23,19,22.8,36.0,23.4,50.1,0.745
Chimere Dike,chimere dike,ok,0.134,210,131,87,149.6,12,7,5,8.3,33.5,29.4,45.8,0.756
Marc Dile,marc dile,no face,0.0,,,,,,,,,,,,
Trent Dilfer,trent dilfer,ok,0.026,124,95,95,103.7,208,214,246,215.9,93.9,-92.6,-100.4,1.0
Ken Dilger,ken dilger,no face,0.0,,,,,,,,,,,,
Andre Dillard,andre dillard,ok,0.112,208,145,110,159.8,22,21,19,21.1,138.1,-5.2,35.1,0.918
Jarett Dillard,jarett dillard,no face,0.0,,,,,,,,,,,,
Phillip Dillard,phillip dillard,no face,0.0,,,,,,,,,,,,
AJ Dillon,aj dillon,ok,0.115,179,111,84,128.3,136,118,114,122.9,15.7,49.4,38.5,0.018
Brandon Dillon,brandon dillon,ok,0.165,251,188,165,204.2,64,47,38,51.0,6.8,71.1,18.4,0.114
Corey Dillon,corey dillon,no face,0.0,,,,,,,,,,,,
K.J. Dillon,kj dillon,no face,0.0,,,,,,,,,,,,
Victor Dimukeje,victor dimukeje,ok,0.096,128,69,53,84.8,11,11,10,10.9,71.7,29.7,29.3,0.997
Adrian Dingle,adrian dingle,no face,0.0,,,,,,,,,,,,
Darnell Dinkins,darnell dinkins,no face,0.0,,,,,,,,,,,,
Chris Dishman,chris dishman,no face,0.0,,,,,,,,,,,,
Will Dissly,will dissly,ok,0.158,221,172,160,185.3,118,96,85,101.3,21.7,84.8,123.5,0.048
Lamar Divens,lamar divens,no face,0.0,,,,,,,,,,,,
Ahmad Dixon,ahmad dixon,no face,0.0,,,,,,,,,,,,
Anthony Dixon,anthony dixon,no face,0.0,,,,,,,,,,,,
Antonio Dixon,antonio dixon,no face,0.0,,,,,,,,,,,,
Brandon Dixon,brandon dixon,no face,0.0,,,,,,,,,,,,
Brian Dixon,brian dixon,no face,0.0,,,,,,,,,,,,
David Dixon,david dixon,no face,0.0,,,,,,,,,,,,
Dennis Dixon,dennis dixon,no face,0.0,,,,,,,,,,,,
Kenneth Dixon,kenneth dixon,ok,0.172,130,79,59,91.8,51,40,36,42.8,7.0,70.7,71.3,0.274
Marcus Dixon,marcus dixon,no face,0.0,,,,,,,,,,,,
Riley Dixon,riley dixon,ok,0.116,188,148,142,158.9,122,113,111,115.5,-29.0,68.5,46.4,0.036
Tony Dixon,tony dixon,no face,0.0,,,,,,,,,,,,
Jordon Dizon,jordon dizon,no face,0.0,,,,,,,,,,,,
Gerrid Doaks,gerrid doaks,ok,0.14,213,138,94,155.4,58,48,48,51.0,59.0,130.0,121.5,0.115
J.K. Dobbins,jk dobbins,ok,0.141,145,88,54,101.2,30,23,17,24.4,4.5,79.3,53.6,0.172
Tim Dobbins,tim dobbins,no face,0.0,,,,,,,,,,,,
Demarcus Dobbs,demarcus dobbs,no face,0.0,,,,,,,,,,,,
Joshua Dobbs,joshua dobbs,ok,0.134,176,110,81,126.4,176,124,96,136.4,18.7,49.3,52.9,0.018
Aaron Dobson,aaron dobson,no face,0.0,,,,,,,,,,,,
Derrick Dockery,derrick dockery,no face,0.0,,,,,,,,,,,,
James Dockery,james dockery,no face,0.0,,,,,,,,,,,,
Kevin Dockery,kevin dockery,no face,0.0,,,,,,,,,,,,
Darnell Dockett,darnell dockett,no face,0.0,,,,,,,,,,,,
Josh Doctson,josh doctson,ok,0.19,227,156,116,172.7,14,6,5,8.3,22.1,124.6,38.6,0.468
Kevin Dodd,kevin dodd,no face,0.0,,,,,,,,,,,,
Matt Dodge,matt dodge,no face,0.0,,,,,,,,,,,,
Tyrel Dodson,tyrel dodson,ok,0.13,172,112,93,127.6,27,21,25,23.2,75.0,59.2,56.7,0.394
Chris Doering,chris doering,no face,0.0,,,,,,,,,,,,
Jason Doering,jason doering,no face,0.0,,,,,,,,,,,,
Michael Dogbe,michael dogbe,ok,0.154,125,90,80,99.3,32,27,27,28.5,44.1,52.0,56.9,0.289
Brandyn Dombrowski,brandyn dombrowski,no face,0.0,,,,,,,,,,,,
Ray Dominguez,ray dominguez,no face,0.0,,,,,,,,,,,,
Dylan Donahue,dylan donahue,ok,0.276,78,52,39,58.6,86,71,62,74.5,10.3,10.2,17.0,0.034
Aaron Donald,aaron donald,ok,0.144,226,177,145,188.0,48,41,42,43.2,74.3,89.9,96.0,0.431
Andrew Donnal,andrew donnal,ok,0.227,210,153,130,167.4,87,78,63,79.0,-13.1,-35.0,-0.9,0.094
Larry Donnell,larry donnell,no face,0.0,,,,,,,,,,,,
Kendall Donnerson,kendall donnerson,ok,0.144,221,143,105,162.0,24,21,18,21.6,30.6,81.4,61.6,0.613
Vontarrius Dora,vontarrius dora,ok,0.119,186,108,77,127.5,16,15,14,15.0,99.1,52.0,54.2,1.0
Jon Dorenbos,jon dorenbos,no face,0.0,,,,,,,,,,,,
Brandon Dorlus,brandon dorlus,ok,0.118,140,96,84,107.7,18,14,14,15.2,51.8,73.6,41.7,0.688
Myles Dorn,myles dorn,ok,0.155,177,103,57,119.9,16,10,8,11.6,43.9,40.0,32.7,0.743
Phillip Dorsett,phillip dorsett,ok,0.132,109,73,56,81.8,16,16,13,15.7,47.1,17.7,20.5,1.0
DeDe Dorsey,dede dorsey,no face,0.0,,,,,,,,,,,,
Glenn Dorsey,glenn dorsey,no face,0.0,,,,,,,,,,,,
Ken Dorsey,ken dorsey,no face,0.0,,,,,,,,,,,,
Kevin Dorsey,kevin dorsey,no face,0.0,,,,,,,,,,,,
Nat Dorsey,nat dorsey,no face,0.0,,,,,,,,,,,,
Greg Dortch,greg dortch,ok,0.069,110,68,58,79.5,21,19,19,19.6,-98.0,-35.3,8.2,0.838
Lorenzo Doss,lorenzo doss,ok,0.168,199,134,102,149.8,26,22,20,23.0,50.3,45.1,42.8,0.622
Mike Doss,mike doss,no face,0.0,,,,,,,,,,,,
Tandon Doss,tandon doss,no face,0.0,,,,,,,,,,,,
Demar Dotson,demar dotson,ok,0.244,54,45,39,47.0,26,15,11,17.8,-37.9,,-37.6,0.04
Jahan Dotson,jahan dotson,ok,0.144,155,102,84,115.7,55,46,43,48.3,82.8,52.6,44.6,0.136
Kevin Dotson,kevin dotson,ok,0.122,186,174,106,169.8,16,15,16,15.4,,,,0.009
Lionel Dotson,lionel dotson,no face,0.0,,,,,,,,,,,,
Romeo Doubs,romeo doubs,ok,0.099,136,91,71,102.2,19,17,17,17.6,60.2,89.6,87.9,0.598
Early Doucet,early doucet,no face,0.0,,,,,,,,,,,,
Brandon Doughty,brandon doughty,no face,0.0,,,,,,,,,,,,
Reed Doughty,reed doughty,no face,0.0,,,,,,,,,,,,
David Douglas,david douglas,no face,0.0,,,,,,,,,,,,
DeMario Douglas,demario douglas,ok,0.113,148,101,73,112.0,28,24,23,25.1,26.4,24.9,59.4,0.49
Dominic Douglas,dominic douglas,no face,0.0,,,,,,,,,,,,
Harry Douglas,harry douglas,no face,0.0,,,,,,,,,,,,
Hugh Douglas,hugh douglas,ok,0.191,151,108,86,118.3,154,155,160,155.3,50.4,104.9,87.4,0.373
Jamil Douglas,jamil douglas,ok,0.139,230,147,114,168.1,35,30,26,31.0,72.4,146.9,147.5,0.558
Marques Douglas,marques douglas,no face,0.0,,,,,,,,,,,,
Rasul Douglas,rasul douglas,ok,0.137,192,140,116,152.8,46,43,44,44.0,-4.8,78.3,48.6,0.383
Robert Douglas,robert douglas,no face,0.0,,,,,,,,,,,,
Leger Douzable,leger douzable,no face,0.0,,,,,,,,,,,,
Andrew Dowell,andrew dowell,ok,0.12,192,118,82,136.2,28,24,19,24.6,10.6,119.1,116.6,0.379
Colton Dowell,colton dowell,ok,0.189,147,100,77,111.4,17,14,12,14.7,-11.0,-18.8,12.2,0.832
Jonathan Dowling,jonathan dowling,no face,0.0,,,,,,,,,,,,
Ras-I Dowling,ras i dowling,no face,0.0,,,,,,,,,,,,
Eric Downing,eric downing,no face,0.0,,,,,,,,,,,,
Devante Downs,devante downs,ok,0.161,233,174,141,187.6,22,16,14,17.6,97.5,34.2,61.5,0.442
Josh Downs,josh downs,ok,0.14,190,137,107,149.4,23,22,22,22.3,50.6,28.8,74.3,0.686
Marcus Dowtin,marcus dowtin,no face,0.0,,,,,,,,,,,,
Jack Doyle,jack doyle,ok,0.154,222,189,183,198.2,44,39,38,40.4,115.7,145.0,149.6,0.505
Tommy Doyle,tommy doyle,ok,0.129,196,142,127,156.6,102,84,80,88.8,-19.5,-4.5,-24.8,0.042
Dakota Dozier,dakota dozier,ok,0.158,221,150,117,167.5,14,11,9,11.7,148.8,23.7,68.8,0.474
Chris Draft,chris draft,no face,0.0,,,,,,,,,,,,
Kenyan Drake,kenyan drake,ok,0.117,126,74,55,87.4,22,24,29,24.0,35.7,-14.1,27.5,1.0
Spencer Drango,spencer drango,ok,0.172,216,165,143,177.6,94,74,63,78.7,17.9,132.4,126.3,0.071
Shaun Draughn,shaun draughn,no face,0.0,,,,,,,,,,,,
Jim Dray,jim dray,no face,0.0,,,,,,,,,,,,
Joel Dreessen,joel dreessen,no face,0.0,,,,,,,,,,,,
Justin Drescher,justin drescher,no face,0.0,,,,,,,,,,,,
Davon Drew,davon drew,no face,0.0,,,,,,,,,,,,
Jack Driscoll,jack driscoll,ok,0.04,206,169,163,179.4,29,27,27,27.6,12.1,-20.8,-3.6,0.337
Jeff Driskel,jeff driskel,ok,0.171,180,139,119,149.0,55,45,32,46.5,-11.0,66.0,36.5,0.08
Donald Driver,donald driver,no face,0.0,,,,,,,,,,,,
Reuben Droughns,reuben droughns,no face,0.0,,,,,,,,,,,,
Eddie Drummond,eddie drummond,no face,0.0,,,,,,,,,,,,
Kurtis Drummond,kurtis drummond,ok,0.186,212,145,109,160.9,32,29,31,30.1,78.1,108.4,104.5,0.574
Grant DuBose,grant dubose,ok,0.109,132,88,67,98.8,20,19,18,19.2,70.6,62.0,50.5,1.0
Thomas Duarte,thomas duarte,ok,0.131,208,145,111,160.0,8,5,3,5.7,16.8,114.5,68.8,0.541
B.J. Dubose,bj dubose,no face,0.0,,,,,,,,,,,,
Vladimir Ducasse,vladimir ducasse,ok,0.132,122,85,69,94.2,9,7,9,7.8,81.5,-18.5,21.4,0.688
Damane Duckett,damane duckett,no face,0.0,,,,,,,,,,,,
T.J. Duckett,tj duckett,no face,0.0,,,,,,,,,,,,
Tim Duckworth,tim duckworth,no face,0.0,,,,,,,,,,,,
Rickey Dudley,rickey dudley,no face,0.0,,,,,,,,,,,,
Jeff Dugan,jeff dugan,no face,0.0,,,,,,,,,,,,
Max Duggan,max duggan,ok,0.165,224,179,172,191.7,182,176,172,177.7,-7.0,15.0,44.2,0.001
Kyle Dugger,kyle dugger,ok,0.117,183,115,83,131.7,21,19,20,19.7,90.8,43.6,92.9,0.67
Greg Dulcich,greg dulcich,ok,0.196,231,165,135,181.3,190,184,183,185.2,10.2,-21.7,114.4,0.045
Ashton Dulin,ashton dulin,ok,0.084,116,81,77,91.0,17,17,18,17.1,55.3,67.9,49.1,1.0
Elvis Dumervil,elvis dumervil,no face,0.0,,,,,,,,,,,,
Jo-Lonn Dunbar,jo lonn dunbar,no face,0.0,,,,,,,,,,,,
LaTarence Dunbar,latarence dunbar,no face,0.0,,,,,,,,,,,,
Lance Dunbar,lance dunbar,no face,0.0,,,,,,,,,,,,
Quinton Dunbar,quinton dunbar,ok,0.108,213,138,102,156.7,28,26,26,26.4,40.3,94.0,63.4,1.0
Jaelyn Duncan,jaelyn duncan,ok,0.115,119,75,54,85.8,18,16,15,16.5,25.6,79.5,77.8,0.658
Jamie Duncan,jamie duncan,no face,0.0,,,,,,,,,,,,
Jessamen Dunker,jessamen dunker,no face,0.0,,,,,,,,,,,,
Carlos Dunlap,carlos dunlap,ok,0.161,188,141,104,150.8,31,31,24,30.2,67.4,102.6,89.1,0.461
King Dunlap,king dunlap,no face,0.0,,,,,,,,,,,,
Brandon Dunn,brandon dunn,ok,0.162,180,124,97,137.7,41,37,39,38.4,102.1,39.5,74.8,0.561
Isaiah Dunn,isaiah dunn,ok,0.14,247,172,139,190.7,24,21,19,21.7,13.5,146.9,150.2,0.542
Jason Dunn,jason dunn,no face,0.0,,,,,,,,,,,,
Jon Dunn,jon dunn,no face,0.0,,,,,,,,,,,,
Michael Dunn,michael dunn,ok,0.188,197,138,120,153.6,19,13,10,14.5,-50.3,-20.3,-28.0,0.235
Warrick Dunn,warrick dunn,no face,0.0,,,,,,,,,,,,
Drake Dunsmore,drake dunsmore,no face,0.0,,,,,,,,,,,,
Malachi Dupre,malachi dupre,ok,0.161,160,101,62,114.2,25,15,8,17.2,17.8,69.1,47.6,0.324
Bud Dupree,bud dupree,ok,0.098,198,136,118,152.8,26,24,30,25.3,54.6,139.5,131.5,0.728
Travin Dural,travin dural,ok,0.191,188,111,75,129.9,7,5,4,5.5,33.5,44.8,69.5,0.396
Ryan Durand,ryan durand,no face,0.0,,,,,,,,,,,,
Cobie Durant,cobie durant,ok,0.141,172,106,82,123.0,36,29,26,30.8,51.1,25.5,43.1,0.281
Justin Durant,justin durant,no face,0.0,,,,,,,,,,,,
Yasir Durant,yasir durant,ok,0.14,179,120,95,134.8,29,26,26,26.9,76.2,3.7,38.3,0.934
Kris Durham,kris durham,no face,0.0,,,,,,,,,,,,
Payne Durham,payne durham,ok,0.139,210,159,152,173.5,53,45,42,47.0,35.7,91.8,110.9,0.132
Devin Duvernay,devin duvernay,ok,0.114,188,133,106,146.4,23,22,22,22.3,111.4,121.2,84.4,0.395
Laurent Duvernay-Tardif,laurent duvernay tardif,ok,0.119,196,133,112,149.3,18,15,11,15.4,130.8,-85.7,119.3,0.524
Dusty Dvoracek,dusty dvoracek,no face,0.0,,,,,,,,,,,,
Ross Dwelley,ross dwelley,ok,0.151,165,132,115,139.9,76,63,54,65.9,-29.9,-5.5,13.8,0.064
Tim Dwight,tim dwight,no face,0.0,,,,,,,,,,,,
Michael Dwumfour,michael dwumfour,ok,0.116,132,96,74,104.2,36,33,29,33.4,-9.7,80.1,76.3,0.537
Jonathan Dwyer,jonathan dwyer,no face,0.0,,,,,,,,,,,,
Tony Dye,tony dye,no face,0.0,,,,,,,,,,,,
Donteea Dye,donteea dye,no face,0.0,,,,,,,,,,,,
Troy Dye,troy dye,ok,0.122,218,163,142,177.1,11,10,13,10.6,158.5,55.0,51.5,0.869
Zac Dysert,zac dysert,no face,0.0,,,,,,,,,,,,
Andre Dyson,andre dyson,no face,0.0,,,,,,,,,,,,
Nick Dzubnar,nick dzubnar,ok,0.188,193,144,129,156.9,52,45,39,46.4,9.0,67.0,49.4,0.238
Biren Ealy,biren ealy,no face,0.0,,,,,,,,,,,,
Kony Ealy,kony ealy,ok,0.17,187,123,94,138.8,15,13,8,13.0,45.6,97.2,48.4,0.988
Glenn Earl,glenn earl,no face,0.0,,,,,,,,,,,,
Dominique Easley,dominique easley,ok,0.192,149,100,82,112.6,39,36,36,36.9,59.5,6.2,22.2,0.548
Marcus Easley,marcus easley,no face,0.0,,,,,,,,,,,,
Doug Easlick,doug easlick,no face,0.0,,,,,,,,,,,,
Jacob Eason,jacob eason,ok,0.153,200,166,157,175.1,65,54,50,56.8,-26.3,19.0,61.3,0.109
Nick Eason,nick eason,no face,0.0,,,,,,,,,,,,
Nick Easton,nick easton,ok,0.148,226,162,134,177.9,132,107,92,112.8,-7.4,119.4,82.6,0.0
Omar Easy,omar easy,no face,0.0,,,,,,,,,,,,
Chad Eaton,chad eaton,no face,0.0,,,,,,,,,,,,
Dominik Eberle,dominik eberle,ok,0.178,195,152,135,162.9,22,16,10,17.1,-3.5,48.7,42.6,0.341
Jeremy Ebert,jeremy ebert,no face,0.0,,,,,,,,,,,,
Arnold Ebiketie,arnold ebiketie,ok,0.124,126,79,61,90.9,11,9,9,9.6,50.2,72.9,66.7,0.569
Nate Ebner,nate ebner,ok,0.14,235,172,154,188.8,29,27,24,27.3,98.3,88.8,91.6,0.285
Trestan Ebner,trestan ebner,ok,0.192,227,168,133,181.9,28,20,17,22.0,96.9,69.5,63.8,0.258
Justin Eboigbe,justin eboigbe,ok,0.095,205,144,126,160.2,10,9,13,9.8,126.0,135.0,108.9,0.313
Eric Ebron,eric ebron,ok,0.121,202,126,88,144.2,31,25,24,26.7,42.3,126.1,118.1,0.244
Samson Ebukam,samson ebukam,ok,0.114,147,105,91,116.0,22,18,18,19.2,88.1,70.3,66.0,0.275
Adimchinobe Echemandu,adimchinobe echemandu,no face,0.0,,,,,,,,,,,,
Brandin Echols,brandin echols,ok,0.128,180,132,109,143.7,26,25,27,25.5,54.8,60.2,73.6,1.0
Kyle Eckel,kyle eckel,no face,0.0,,,,,,,,,,,,
Tyler Ecker,tyler ecker,no face,0.0,,,,,,,,,,,,
Andrew Economos,andrew economos,no face,0.0,,,,,,,,,,,,
A.J. Edds,aj edds,no face,0.0,,,,,,,,,,,,
Kasim Edebali,kasim edebali,no face,0.0,,,,,,,,,,,,
Julian Edelman,julian edelman,ok,0.114,200,146,143,161.8,45,37,36,39.3,8.5,88.5,111.1,0.294
Paul Edinger,paul edinger,no face,0.0,,,,,,,,,,,,
Cornelius Edison,cornelius edison,ok,0.163,194,126,86,141.8,25,19,19,20.8,107.5,64.3,79.4,0.774
Dominique Edison,dominique edison,no face,0.0,,,,,,,,,,,,
Chase Edmonds,chase edmonds,ok,0.133,149,106,80,115.9,34,31,28,31.6,90.7,36.0,10.7,0.171
Tremaine Edmunds,tremaine edmunds,ok,0.127,203,127,97,146.3,40,37,35,37.7,115.6,4.2,37.8,0.313
Terrell Edmunds,terrell edmunds,ok,0.134,138,92,58,101.7,43,40,35,40.3,-43.5,51.7,47.8,0.135
Trey Edmunds,trey edmunds,ok,0.128,130,83,54,93.7,64,73,74,70.4,72.1,2.2,29.9,0.999
Chuma Edoga,chuma edoga,ok,0.1,182,124,99,138.5,9,8,12,8.8,57.8,130.9,127.9,0.471
Antuan Edwards,antuan edwards,no face,0.0,,,,,,,,,,,,
Armanti Edwards,armanti edwards,no face,0.0,,,,,,,,,,,,
Braylon Edwards,braylon edwards,no face,0.0,,,,,,,,,,,,
Bryan Edwards,bryan edwards,ok,0.152,164,103,77,118.3,24,21,18,21.6,30.5,17.3,66.0,0.629
David Edwards,david edwards,ok,0.15,175,126,121,140.1,176,167,162,169.1,-13.4,75.0,59.2,0.008
Donnie Edwards,donnie edwards,no face,0.0,,,,,,,,,,,,
Dovonte Edwards,dovonte edwards,no face,0.0,,,,,,,,,,,,
Dwan Edwards,dwan edwards,no face,0.0,,,,,,,,,,,,
Eric Edwards,eric edwards,no face,0.0,,,,,,,,,,,,
Kadeem Edwards,kadeem edwards,ok,0.196,146,82,49,97.4,22,18,11,18.4,36.6,-1.2,20.9,0.585
Kalimba Edwards,kalimba edwards,no face,0.0,,,,,,,,,,,,
Lavar Edwards,lavar edwards,no face,0.0,,,,,,,,,,,,
Marc Edwards,marc edwards,no face,0.0,,,,,,,,,,,,
Mario Edwards,mario edwards,no face,0.0,,,,,,,,,,,,
Mike Edwards,mike edwards,ok,0.08,142,64,34,83.7,17,14,13,14.8,67.1,-133.0,67.3,0.413
Ray Edwards,ray edwards,no face,0.0,,,,,,,,,,,,
Ron Edwards,ron edwards,no face,0.0,,,,,,,,,,,,
Steve Edwards,steve edwards,no face,0.0,,,,,,,,,,,,
T.J. Edwards,tj edwards,ok,0.15,211,140,102,156.9,29,22,19,23.8,100.1,25.5,60.8,0.449
Trent Edwards,trent edwards,no face,0.0,,,,,,,,,,,,
Troy Edwards,troy edwards,no face,0.0,,,,,,,,,,,,
Clyde Edwards-Helaire,clyde edwards helaire,ok,0.089,70,51,44,55.9,26,27,31,27.2,-25.1,-63.3,-22.3,0.999
Pannel Egboh,pannel egboh,no face,0.0,,,,,,,,,,,,
Emeka Egbuka,emeka egbuka,ok,0.118,203,154,135,166.5,11,10,11,10.4,141.6,55.8,64.7,0.911
Emeke Egbule,emeke egbule,ok,0.137,219,154,116,169.1,25,23,24,23.7,119.0,150.7,151.3,0.399
Michael Egnew,michael egnew,no face,0.0,,,,,,,,,,,,
Parker Ehinger,parker ehinger,ok,0.15,218,158,140,173.7,42,32,22,33.9,53.9,125.6,136.6,0.144
Sam Ehlinger,sam ehlinger,ok,0.167,226,146,128,167.6,29,16,8,19.0,-4.4,3.8,0.9,0.316
Liam Eichenberg,liam eichenberg,ok,0.145,224,189,184,198.9,124,98,88,104.9,48.6,115.8,79.8,0.037
Tommy Eichenberg,tommy eichenberg,ok,0.166,206,149,136,164.6,84,64,50,68.2,34.6,11.3,66.3,0.039
Tyler Eifert,tyler eifert,ok,0.179,196,133,109,149.0,74,64,55,66.0,-11.9,23.8,72.0,0.179
Milo Eifler,milo eifler,ok,0.115,136,102,86,110.3,43,41,43,41.8,45.4,98.7,92.6,0.229
Dieter Eiselen,dieter eiselen,ok,0.15,194,152,138,163.1,50,39,37,42.1,19.6,-15.2,0.2,0.211
Duke Ejiofor,duke ejiofor,ok,0.178,141,95,79,106.9,32,27,25,28.3,85.5,-4.7,26.7,0.558
Isaiah Ekejiuba,isaiah ekejiuba,no face,0.0,,,,,,,,,,,,
Austin Ekeler,austin ekeler,ok,0.145,182,132,98,143.1,127,90,62,97.9,37.5,46.5,65.1,0.031
Ifo Ekpre-Olomu,ifo ekpre olomu,no face,0.0,,,,,,,,,,,,
Daniel Ekuale,daniel ekuale,ok,0.112,217,152,125,168.4,14,11,10,11.8,82.3,151.8,149.0,0.202
Ebenezer Ekuban,ebenezer ekuban,no face,0.0,,,,,,,,,,,,
Ikem Ekwonu,ikem ekwonu,ok,0.086,92,69,63,75.3,26,25,24,25.2,-26.5,49.2,44.1,1.0
Abram Elam,abram elam,no face,0.0,,,,,,,,,,,,
Jason Elam,jason elam,no face,0.0,,,,,,,,,,,,
Kaiir Elam,kaiir elam,ok,0.14,100,61,55,72.0,22,21,20,21.2,-1.2,34.2,25.8,1.0
Matt Elam,matt elam,no face,0.0,,,,,,,,,,,,
Corn Elder,corn elder,ok,0.195,200,134,99,149.7,28,21,19,22.7,133.9,68.5,126.7,0.356
Jake Eldrenkamp,jake eldrenkamp,ok,0.173,200,177,174,183.5,66,57,53,59.2,-16.0,17.9,5.6,0.116
Brody Eldridge,brody eldridge,no face,0.0,,,,,,,,,,,,
Pat Elflein,pat elflein,ok,0.17,211,148,135,165.1,90,79,77,82.2,0.2,-25.9,-12.6,0.038
Mike Elgin,mike elgin,no face,0.0,,,,,,,,,,,,
Ukeme Eligwe,ukeme eligwe,ok,0.146,162,120,102,130.5,35,31,28,31.9,78.3,74.8,54.6,0.543
Ben Ellefson,ben ellefson,ok,0.17,146,106,88,115.9,45,31,23,34.3,-38.2,9.6,-6.5,0.052
Dannell Ellerbe,dannell ellerbe,no face,0.0,,,,,,,,,,,,
Emmanuel Ellerbee,emmanuel ellerbee,ok,0.173,172,112,82,126.5,13,13,13,13.0,85.8,35.5,75.6,0.773
Aaron Elling,aaron elling,no face,0.0,,,,,,,,,,,,
Andre Ellington,andre ellington,ok,0.225,40,23,17,27.4,21,13,12,15.3,-69.9,,-69.9,0.279
Bruce Ellington,bruce ellington,ok,0.179,196,131,100,146.8,46,39,39,41.1,66.6,88.1,73.2,0.406
DeShon Elliott,deshon elliott,ok,0.129,203,141,112,156.2,24,23,23,23.3,111.6,59.2,76.2,0.433
DeAndre Elliott,deandre elliott,ok,0.136,162,96,68,112.5,23,19,15,19.7,94.4,79.2,58.0,0.42
Ezekiel Elliott,ezekiel elliott,ok,0.093,138,94,73,104.8,2,2,2,2.0,100.8,-17.2,33.7,1.0
Jake Elliott,jake elliott,ok,0.178,208,147,136,164.0,63,55,52,57.0,76.7,120.8,114.5,0.163
Jalen Elliott,jalen elliott,ok,0.118,131,86,70,97.6,48,43,39,44.2,50.1,37.3,46.1,0.233
Javien Elliott,javien elliott,ok,0.142,175,118,91,131.7,35,34,34,34.4,-35.1,-20.0,3.4,1.0
Jordan Elliott,jordan elliott,ok,0.113,167,102,66,117.3,12,9,7,9.7,110.0,36.7,81.9,0.244
Kevin Elliott,kevin elliott,no face,0.0,,,,,,,,,,,,
Alex Ellis,alex ellis,ok,0.178,235,161,136,180.3,64,52,40,53.9,27.3,31.1,103.9,0.12
Chris Ellis,chris ellis,no face,0.0,,,,,,,,,,,,
Brooks Ellis,brooks ellis,ok,0.194,209,155,135,168.9,97,68,46,74.2,-1.2,110.2,92.0,0.097
Greg Ellis,greg ellis,no face,0.0,,,,,,,,,,,,
Justin Ellis,justin ellis,ok,0.135,138,84,58,97.3,102,70,59,78.3,-32.1,74.2,77.9,0.0
Kenrick Ellis,kenrick ellis,no face,0.0,,,,,,,,,,,,
Shaun Ellis,shaun ellis,no face,0.0,,,,,,,,,,,,
Sedrick Ellis,sedrick ellis,no face,0.0,,,,,,,,,,,,
Atiyyah Ellison,atiyyah ellison,no face,0.0,,,,,,,,,,,,
Keith Ellison,keith ellison,no face,0.0,,,,,,,,,,,,
Kevin Ellison,kevin ellison,no face,0.0,,,,,,,,,,,,
Rhett Ellison,rhett ellison,ok,0.184,212,162,141,174.4,55,42,38,45.8,-20.8,72.9,45.2,0.084
Jonah Elliss,jonah elliss,ok,0.137,212,153,119,166.8,15,11,8,11.9,4.7,-10.8,-11.3,0.997
Kaden Elliss,kaden elliss,ok,0.151,210,157,131,169.9,56,44,42,47.4,10.5,95.2,55.0,0.102
Luther Elliss,luther elliss,no face,0.0,,,,,,,,,,,,
Ricky Elmore,ricky elmore,no face,0.0,,,,,,,,,,,,
Trae Elston,trae elston,ok,0.153,120,75,56,86.3,22,20,19,20.5,44.6,46.4,45.2,0.547
Jermaine Eluemunor,jermaine eluemunor,ok,0.121,207,135,102,152.8,107,48,20,62.4,112.7,114.6,137.6,0.0
Ben Emanuel,ben emanuel,no face,0.0,,,,,,,,,,,,
Kyle Emanuel,kyle emanuel,ok,0.232,195,149,135,161.2,76,56,49,61.3,-7.7,102.8,63.6,0.117
Martin Emerson,martin emerson,ok,0.116,134,93,72,102.9,19,18,18,18.3,-3.2,31.4,45.7,0.695
Nick Emmanwori,nick emmanwori,ok,0.129,159,100,70,114.3,16,16,16,16.0,29.6,24.1,20.9,1.0
Carlos Emmons,carlos emmons,no face,0.0,,,,,,,,,,,,
Justin Ena,justin ena,no face,0.0,,,,,,,,,,,,
Kingsley Enagbare,kingsley enagbare,ok,0.094,157,102,78,115.4,27,25,24,25.5,66.8,50.6,58.6,0.37
Nathan Enderle,nathan enderle,no face,0.0,,,,,,,,,,,,
IK Enemkpali,ik enemkpali,no face,0.0,,,,,,,,,,,,
John Engelberger,john engelberger,no face,0.0,,,,,,,,,,,,
Larry English,larry english,no face,0.0,,,,,,,,,,,,
Evan Engram,evan engram,ok,0.142,214,139,108,157.9,8,6,3,6.4,126.5,-0.7,-1.2,0.33
Bobby Engram,bobby engram,no face,0.0,,,,,,,,,,,,
Quincy Enunwa,quincy enunwa,ok,0.153,134,65,46,83.5,15,17,13,15.9,39.5,14.6,47.5,1.0
A.J. Epenesa,aj epenesa,ok,0.14,231,167,140,183.1,16,14,13,14.5,121.2,149.2,148.5,0.553
Alonzo Ephraim,alonzo ephraim,no face,0.0,,,,,,,,,,,,
Dedrick Epps,dedrick epps,no face,0.0,,,,,,,,,,,,
Marcus Epps,marcus epps,ok,0.138,219,146,108,163.2,10,5,3,6.3,85.2,128.0,133.6,0.387
Alex Erickson,alex erickson,ok,0.207,114,80,66,89.0,35,25,21,27.5,-63.0,-63.3,-18.5,0.406
Paul Ernster,paul ernster,no face,0.0,,,,,,,,,,,,
Aireontae Ersery,aireontae ersery,ok,0.124,128,71,44,85.1,9,8,9,8.4,34.4,-27.2,14.5,0.809
Zach Ertz,zach ertz,ok,0.132,196,145,120,157.4,23,20,15,20.3,80.5,21.4,24.8,0.155
Tyler Ervin,tyler ervin,ok,0.108,113,70,52,80.6,1,5,7,4.0,56.8,69.9,54.5,0.93
Cameron Erving,cameron erving,ok,0.11,113,80,72,89.0,27,24,31,25.7,63.1,-33.6,1.7,0.679
Gavin Escobar,gavin escobar,ok,0.167,204,134,108,152.0,12,12,8,11.5,29.5,99.1,71.5,0.643
Greg Eslinger,greg eslinger,no face,0.0,,,,,,,,,,,,
Trai Essex,trai essex,no face,0.0,,,,,,,,,,,,
Greg Estandia,greg estandia,no face,0.0,,,,,,,,,,,,
John Estes,john estes,no face,0.0,,,,,,,,,,,,
Patrick Estes,patrick estes,no face,0.0,,,,,,,,,,,,
Audric Estimé,audric estime,ok,0.114,159,100,73,114.3,11,11,11,11.0,89.7,70.5,72.4,0.79
Dorian Etheridge,dorian etheridge,ok,0.194,188,131,92,143.6,90,78,71,80.8,12.0,109.5,49.9,0.092
Travis Etienne,travis etienne,ok,0.14,128,80,61,92.2,22,21,24,21.6,29.6,18.1,15.0,0.533
Trevor Etienne,trevor etienne,ok,0.117,162,108,88,121.6,20,19,18,19.2,98.1,51.5,43.6,0.814
Danny Etling,danny etling,ok,0.152,154,115,96,124.6,70,51,37,55.1,-38.6,-19.0,1.8,0.098
Amba Etta-Tawo,amba etta tawo,ok,0.135,195,124,84,141.0,44,34,24,35.8,41.4,9.0,36.0,0.065
Darius Eubanks,darius eubanks,no face,0.0,,,,,,,,,,,,
John Eubanks,john eubanks,no face,0.0,,,,,,,,,,,,
Hiram Eugene,hiram eugene,no face,0.0,,,,,,,,,,,,
Tim Euhus,tim euhus,no face,0.0,,,,,,,,,,,,
Kaleb Eulls,kaleb eulls,ok,0.171,156,89,60,105.7,22,19,16,19.6,67.6,49.3,56.0,0.34
Akayleb Evans,akayleb evans,ok,0.112,154,95,73,110.1,14,14,14,14.0,65.5,26.9,31.8,1.0
Bobby Evans,bobby evans,ok,0.171,174,120,89,132.6,13,8,6,9.3,16.1,97.2,68.4,0.419
Heath Evans,heath evans,no face,0.0,,,,,,,,,,,,
Chris Evans,chris evans,ok,0.111,194,126,93,142.6,36,34,33,34.9,84.5,120.2,117.3,0.196
Darrynton Evans,darrynton evans,ok,0.098,205,148,113,161.1,42,39,39,39.9,22.9,63.7,48.3,0.411
DeQuin Evans,dequin evans,no face,0.0,,,,,,,,,,,,
Demetric Evans,demetric evans,no face,0.0,,,,,,,,,,,,
Ethan Evans,ethan evans,ok,0.144,231,162,145,180.7,32,23,18,25.1,12.5,69.9,77.0,0.223
Fred Evans,fred evans,no face,0.0,,,,,,,,,,,,
Jahri Evans,jahri evans,no face,0.0,,,,,,,,,,,,
Jordan Evans,jordan evans,ok,0.205,254,184,152,200.8,32,26,23,27.5,112.2,36.9,29.9,0.429
Josh Evans,josh evans,no face,0.0,,,,,,,,,,,,
Justin Evans,justin evans,ok,0.143,207,144,109,158.8,19,17,15,17.4,7.3,112.1,134.1,0.894
Lee Evans,lee evans,no face,0.0,,,,,,,,,,,,
Marwin Evans,marwin evans,ok,0.148,174,116,92,130.6,13,12,12,12.3,43.2,98.8,69.2,0.787
Mike Evans,mike evans,no face,0.0,,,,,,,,,,,,
Mitchell Evans,mitchell evans,ok,0.137,197,138,123,153.9,73,55,43,59.0,-22.9,21.2,-12.2,0.014
Randall Evans,randall evans,no face,0.0,,,,,,,,,,,,
Rashaan Evans,rashaan evans,ok,0.177,146,83,53,98.6,100,71,61,78.5,1.5,89.1,85.2,0.011
Troy Evans,troy evans,no face,0.0,,,,,,,,,,,,
Zach Evans,zach evans,ok,0.08,74,57,48,60.9,31,27,27,28.2,-50.0,-14.1,16.5,1.0
Deshazor Everett,deshazor everett,ok,0.172,169,120,93,131.6,30,29,23,28.6,70.7,20.2,42.4,0.664
Gerald Everett,gerald everett,ok,0.109,196,154,131,163.9,24,20,18,21.0,82.9,58.2,95.9,0.526
Kevin Everett,kevin everett,no face,0.0,,,,,,,,,,,,
Quinn Ewers,quinn ewers,ok,0.165,219,159,148,175.7,97,73,65,79.3,-10.2,128.9,63.1,0.131
Bradie Ewing,bradie ewing,no face,0.0,,,,,,,,,,,,
Antone Exum,antone exum,ok,0.13,155,88,61,105.0,29,29,25,28.5,76.5,15.5,35.5,0.541
Donovan Ezeiruaku,donovan ezeiruaku,ok,0.131,164,109,86,122.8,12,11,10,11.2,90.1,31.4,69.7,0.291
Joshua Ezeudu,joshua ezeudu,ok,0.099,186,119,100,137.0,40,33,29,34.8,26.0,120.3,119.4,0.176
Josiah Ezirim,josiah ezirim,ok,0.1,130,91,77,101.1,15,15,14,14.9,50.7,76.8,81.0,0.984
Erik Ezukanma,erik ezukanma,ok,0.142,170,101,72,118.2,15,11,10,12.1,86.5,-5.0,12.8,0.902
Daniel Faalele,daniel faalele,ok,0.122,219,149,110,165.5,12,10,7,10.3,108.1,137.6,132.0,0.326
Anthony Fabiano,anthony fabiano,ok,0.069,157,105,102,120.3,16,13,14,14.0,95.4,-20.6,88.3,0.975
Jason Fabini,jason fabini,no face,0.0,,,,,,,,,,,,
Tayo Fabuluje,tayo fabuluje,no face,0.0,,,,,,,,,,,,
Kyler Fackrell,kyler fackrell,ok,0.149,210,149,140,166.2,9,7,7,7.6,6.2,126.9,143.3,0.613
Brandon Facyson,brandon facyson,ok,0.095,94,70,59,75.8,39,39,37,38.8,20.1,-0.1,-15.4,0.996
Demarcus Faggins,demarcus faggins,no face,0.0,,,,,,,,,,,,
Jeff Faine,jeff faine,no face,0.0,,,,,,,,,,,,
Ka'imi Fairbairn,kaimi fairbairn,ok,0.171,216,160,140,174.8,18,14,14,15.2,27.0,-7.6,14.4,0.727
Dylan Fairchild,dylan fairchild,ok,0.115,246,177,157,195.4,20,15,13,16.3,161.3,-5.6,23.0,0.346
Nick Fairley,nick fairley,no face,0.0,,,,,,,,,,,,
David Fales,david fales,ok,0.138,128,93,82,102.2,146,139,135,140.5,-71.3,-35.5,-43.6,0.079
Luke Falk,luke falk,ok,0.17,167,120,105,132.3,33,25,19,26.7,-15.7,75.8,51.5,0.318
Paul Fanaika,paul fanaika,no face,0.0,,,,,,,,,,,,
Alan Faneca,alan faneca,no face,0.0,,,,,,,,,,,,
Jonathan Fanene,jonathan fanene,no face,0.0,,,,,,,,,,,,
Hebron Fangupo,hebron fangupo,no face,0.0,,,,,,,,,,,,
Harold Fannin Jr.,harold fannin,ok,0.118,102,62,40,71.6,8,7,7,7.3,-0.5,-51.2,-19.6,0.999
George Fant,george fant,ok,0.122,170,113,83,126.5,84,51,28,58.1,105.7,27.1,45.1,0.016
Noah Fant,noah fant,ok,0.136,204,138,112,154.8,31,33,39,33.1,99.1,21.2,50.2,0.523
Austin Faoliu,austin faoliu,ok,0.159,176,104,78,122.6,2,1,2,1.4,94.8,15.7,59.9,0.455
Justin Fargas,justin fargas,no face,0.0,,,,,,,,,,,,
Caleb Farley,caleb farley,ok,0.144,229,173,131,185.0,15,12,10,12.7,97.1,32.6,69.4,0.872
Matthias Farley,matthias farley,ok,0.173,163,109,77,121.5,50,32,24,36.3,74.5,104.8,107.0,0.061
Joshua Farmer,joshua farmer,ok,0.089,126,80,60,91.5,11,10,10,10.3,70.4,64.7,41.4,1.0
Matt Farniok,matt farniok,ok,0.152,214,151,126,167.0,9,4,3,5.4,0.8,0.1,28.6,0.323
Luke Farrell,luke farrell,ok,0.142,228,159,143,177.8,13,9,9,10.2,134.3,-0.4,33.7,0.811
Neil Farrell,neil farrell,ok,0.102,145,64,32,84.6,23,12,8,14.8,57.1,72.4,75.0,0.272
James Farrior,james farrior,no face,0.0,,,,,,,,,,,,
Chase Farris,chase farris,no face,0.0,,,,,,,,,,,,
Jimmy Farris,jimmy farris,no face,0.0,,,,,,,,,,,,
Kenneth Farrow,kenneth farrow,ok,0.18,197,145,115,157.1,21,16,13,17.2,119.2,28.8,65.9,0.371
Heath Farwell,heath farwell,no face,0.0,,,,,,,,,,,,
Anthony Fasano,anthony fasano,no face,0.0,,,,,,,,,,,,
Ciatrick Fason,ciatrick fason,no face,0.0,,,,,,,,,,,,
Mario Fatafehi,mario fatafehi,no face,0.0,,,,,,,,,,,,
Chris Faulk,chris faulk,no face,0.0,,,,,,,,,,,,
Kevin Faulk,kevin faulk,no face,0.0,,,,,,,,,,,,
Marshall Faulk,marshall faulk,ok,0.086,69,52,25,53.7,138,128,146,133.3,,,,0.004
Trev Faulk,trev faulk,no face,0.0,,,,,,,,,,,,
Christian Fauria,christian fauria,no face,0.0,,,,,,,,,,,,
Joseph Fauria,joseph fauria,no face,0.0,,,,,,,,,,,,
Troy Fautanu,troy fautanu,ok,0.098,228,160,151,179.3,13,12,13,12.7,127.2,61.8,150.1,0.979
Greg Favors,greg favors,no face,0.0,,,,,,,,,,,,
Brett Favre,brett favre,ok,0.073,134,101,16,101.4,218,163,24,163.6,3.8,-6.6,23.6,0.214
Jarred Fayson,jarred fayson,no face,0.0,,,,,,,,,,,,
Jeff Feagles,jeff feagles,no face,0.0,,,,,,,,,,,,
Tavien Feaster,tavien feaster,ok,0.179,123,83,68,93.3,21,21,20,20.8,81.0,45.6,59.2,0.833
Terrence Fede,terrence fede,ok,0.136,127,73,39,85.3,59,39,26,43.5,-41.4,54.7,65.2,0.045
Daniel Federkeil,daniel federkeil,no face,0.0,,,,,,,,,,,,
A.J. Feeley,aj feeley,no face,0.0,,,,,,,,,,,,
Jay Feely,jay feely,no face,0.0,,,,,,,,,,,,
Dan Feeney,dan feeney,ok,0.133,227,171,168,187.4,23,18,17,19.4,56.9,14.0,39.4,0.648
Travis Feeney,travis feeney,no face,0.0,,,,,,,,,,,,
Breiden Fehoko,breiden fehoko,ok,0.102,218,170,148,182.0,32,32,31,31.9,152.9,54.6,100.6,0.809
Simi Fehoko,simi fehoko,ok,0.133,228,181,166,193.3,16,13,13,13.9,147.5,136.3,162.3,0.999
Viliami Fehoko Jr.,viliami fehoko,ok,0.143,196,119,83,137.9,47,40,38,41.8,107.9,-30.8,92.5,0.089
Matt Feiler,matt feiler,ok,0.127,189,119,110,138.9,12,9,8,9.8,41.8,-64.7,17.7,0.707
Ray Feinga,ray feinga,no face,0.0,,,,,,,,,,,,
Clayton Fejedelem,clayton fejedelem,ok,0.191,170,128,117,139.2,122,92,81,100.0,-57.8,10.5,2.6,0.007
Jon Feliciano,jon feliciano,ok,0.133,192,136,109,149.7,17,13,11,14.0,80.0,132.9,130.4,0.401
Daniel Fells,daniel fells,no face,0.0,,,,,,,,,,,,
Darren Fells,darren fells,ok,0.127,179,112,82,128.6,32,30,29,30.5,23.6,102.1,98.3,0.576
Demetric Felton,demetric felton,ok,0.225,120,77,53,87.1,24,19,14,19.9,1.6,-21.4,0.5,0.46
Jerome Felton,jerome felton,no face,0.0,,,,,,,,,,,,
Tai Felton,tai felton,ok,0.117,118,72,56,83.4,16,16,14,15.8,14.4,48.8,49.7,0.613
Mark Fenton,mark fenton,no face,0.0,,,,,,,,,,,,
Rashad Fenton,rashad fenton,ok,0.144,152,108,98,120.1,31,30,28,30.1,100.5,28.1,45.7,0.49
James Ferentz,james ferentz,ok,0.133,184,124,100,139.2,41,34,30,35.6,-17.0,38.7,26.8,0.07
Blake Ferguson,blake ferguson,ok,0.145,186,141,128,153.0,86,64,56,69.9,-20.6,14.2,30.1,0.018
Reid Ferguson,reid ferguson,ok,0.067,201,138,133,156.3,140,116,118,123.5,54.3,10.0,38.2,0.0
D'Brickashaw Ferguson,dbrickashaw ferguson,no face,0.0,,,,,,,,,,,,
Ego Ferguson,ego ferguson,no face,0.0,,,,,,,,,,,,
Jake Ferguson,jake ferguson,ok,0.162,177,124,106,137.9,26,19,16,20.8,97.3,-11.0,59.9,0.176
Jason Ferguson,jason ferguson,no face,0.0,,,,,,,,,,,,
Jaylon Ferguson,jaylon ferguson,ok,0.126,173,112,90,127.7,32,32,33,32.1,50.3,44.9,74.3,0.985
Josh Ferguson,josh ferguson,ok,0.143,201,134,98,149.9,32,25,24,27.0,84.9,128.5,126.5,0.579
Nick Ferguson,nick ferguson,no face,0.0,,,,,,,,,,,,
Robert Ferguson,robert ferguson,no face,0.0,,,,,,,,,,,,
Terrance Ferguson,terrance ferguson,ok,0.169,183,125,105,140.1,73,44,22,50.2,-44.5,0.8,3.2,0.156
Clelin Ferrell,clelin ferrell,ok,0.113,193,135,110,149.5,13,12,12,12.3,94.4,134.5,134.4,0.592
Maurice Ffrench,maurice ffrench,ok,0.145,189,108,72,128.1,18,15,16,16.0,49.4,45.8,81.9,0.927
Tony Fiammetta,tony fiammetta,no face,0.0,,,,,,,,,,,,
Sam Ficken,sam ficken,ok,0.187,202,137,110,153.2,67,44,34,49.7,-5.8,-10.2,18.5,0.319
Thomas Fidone II,thomas fidone,ok,0.153,161,119,107,130.2,148,142,139,143.5,-24.3,-16.3,4.7,0.141
Jay Fiedler,jay fiedler,no face,0.0,,,,,,,,,,,,
C.J. Fiedorowicz,cj fiedorowicz,no face,0.0,,,,,,,,,,,,
Brandon Fields,brandon fields,no face,0.0,,,,,,,,,,,,
Justin Fields,justin fields,ok,0.071,138,86,65,99.4,210,28,36,83.3,-101.6,-130.0,-112.1,0.944
Mark Fields,mark fields,no face,0.0,,,,,,,,,,,,
Ronald Fields,ronald fields,no face,0.0,,,,,,,,,,,,
Tony Fields II,tony fields,ok,0.153,217,150,134,168.2,15,11,10,12.1,116.3,36.5,40.9,0.342
Steve Fifita,steve fifita,no face,0.0,,,,,,,,,,,,
Yamon Figurs,yamon figurs,no face,0.0,,,,,,,,,,,,
Joel Filani,joel filani,no face,0.0,,,,,,,,,,,,
Tevita Finau,tevita finau,no face,0.0,,,,,,,,,,,,
Sharif Finch,sharif finch,ok,0.107,216,165,140,177.4,23,21,20,21.5,17.2,157.4,95.2,1.0
Alfred Fincher,alfred fincher,no face,0.0,,,,,,,,,,,,
Derek Fine,derek fine,no face,0.0,,,,,,,,,,,,
Jay Finley,jay finley,no face,0.0,,,,,,,,,,,,
Jermichael Finley,jermichael finley,no face,0.0,,,,,,,,,,,,
Ryan Finley,ryan finley,ok,0.163,240,182,168,197.7,71,61,52,63.0,-7.7,32.9,42.4,0.085
Jim Finn,jim finn,no face,0.0,,,,,,,,,,,,
Cortland Finnegan,cortland finnegan,no face,0.0,,,,,,,,,,,,
Brian Finneran,brian finneran,no face,0.0,,,,,,,,,,,,
B.J. Finney,bj finney,ok,0.151,255,184,170,203.6,21,13,10,15.0,25.2,135.7,143.2,0.438
Anthony Firkser,anthony firkser,ok,0.143,206,160,140,171.6,72,62,52,63.6,-5.3,93.7,80.8,0.061
Tony Fisher,tony fisher,no face,0.0,,,,,,,,,,,,
Blake Fisher,blake fisher,ok,0.108,152,87,54,102.5,10,9,9,9.3,97.0,-20.2,66.4,0.589
Bryce Fisher,bryce fisher,no face,0.0,,,,,,,,,,,,
Eric Fisher,eric fisher,ok,0.196,214,160,138,173.6,30,26,25,27.2,47.7,68.8,63.4,0.364
Jake Fisher,jake fisher,ok,0.182,253,187,162,203.9,138,90,69,102.0,56.5,54.1,97.3,0.047
Travis Fisher,travis fisher,no face,0.0,,,,,,,,,,,,
Jason Fisk,jason fisk,no face,0.0,,,,,,,,,,,,
Braden Fiske,braden fiske,ok,0.141,230,175,152,188.8,25,12,5,15.1,90.0,75.5,125.5,0.182
Kylie Fitts,kylie fitts,ok,0.198,212,144,123,161.9,21,19,17,19.4,95.9,15.4,41.0,0.895
John FitzPatrick,john fitzpatrick,ok,0.142,132,94,74,103.4,49,38,31,40.5,-74.9,-53.8,-35.7,0.108
Larry Fitzgerald,larry fitzgerald,ok,0.146,179,112,81,128.5,19,15,19,16.7,-6.5,74.4,103.8,0.259
Dez Fitzpatrick,dez fitzpatrick,ok,0.137,190,142,117,153.5,50,45,43,46.3,14.2,114.4,103.0,0.281
Minkah Fitzpatrick,minkah fitzpatrick,ok,0.111,178,131,105,142.2,18,17,16,17.2,124.1,23.0,27.9,1.0
Ryan Fitzpatrick,ryan fitzpatrick,ok,0.206,214,162,135,174.5,97,74,54,78.3,81.4,126.6,105.0,0.031
Casey Fitzsimmons,casey fitzsimmons,no face,0.0,,,,,,,,,,,,
Joe Flacco,joe flacco,ok,0.138,140,104,91,113.1,66,52,47,55.6,-69.8,-46.7,-10.7,0.016
Mike Flanagan,mike flanagan,no face,0.0,,,,,,,,,,,,
Demetrius Flannigan-Fowles,demetrius flannigan fowles,ok,0.06,117,80,70,89.9,20,19,21,19.5,35.2,72.6,70.3,0.356
P.J. Fleck,pj fleck,no face,0.0,,,,,,,,,,,,
Coby Fleener,coby fleener,no face,0.0,,,,,,,,,,,,
Cameron Fleming,cameron fleming,ok,0.121,175,108,84,125.3,16,13,11,13.7,115.6,47.7,78.9,0.622
Darius Fleming,darius fleming,no face,0.0,,,,,,,,,,,,
Jamell Fleming,jamell fleming,no face,0.0,,,,,,,,,,,,
Troy Fleming,troy fleming,no face,0.0,,,,,,,,,,,,
Ronald Flemons,ronald flemons,no face,0.0,,,,,,,,,,,,
Bradley Fletcher,bradley fletcher,no face,0.0,,,,,,,,,,,,
Bryan Fletcher,bryan fletcher,no face,0.0,,,,,,,,,,,,
Dane Fletcher,dane fletcher,no face,0.0,,,,,,,,,,,,
Donnie Fletcher,donnie fletcher,no face,0.0,,,,,,,,,,,,
Jamar Fletcher,jamar fletcher,no face,0.0,,,,,,,,,,,,
London Fletcher,london fletcher,no face,0.0,,,,,,,,,,,,
Thomas Fletcher,thomas fletcher,ok,0.146,210,157,144,171.4,88,74,71,78.3,-10.8,47.2,28.6,0.064
Ryan Flinn,ryan flinn,no face,0.0,,,,,,,,,,,,
Drayton Florence,drayton florence,no face,0.0,,,,,,,,,,,,
Cordale Flott,cordale flott,ok,0.125,161,102,77,116.5,19,16,14,16.7,84.8,46.3,101.8,0.48
Ryan Flournoy,ryan flournoy,ok,0.126,141,85,68,99.9,37,34,33,34.8,16.8,38.5,52.5,0.239
Brandon Flowers,brandon flowers,no face,0.0,,,,,,,,,,,,
Ereck Flowers,ereck flowers,ok,0.161,174,115,83,129.0,106,100,92,100.5,-6.0,-16.5,17.4,0.033
Erik Flowers,erik flowers,no face,0.0,,,,,,,,,,,,
Marquis Flowers,marquis flowers,ok,0.14,167,104,78,119.9,11,10,10,10.3,82.1,22.4,31.5,1.0
Trey Flowers,trey flowers,ok,0.126,212,142,103,158.2,32,31,30,31.2,20.2,125.7,122.0,0.941
Tre Flowers,tre flowers,ok,0.106,151,113,105,123.5,56,50,50,51.9,34.4,103.9,80.0,0.279
Zay Flowers,zay flowers,ok,0.12,137,83,66,97.2,7,6,7,6.4,20.6,29.8,28.7,0.991
Anthony Floyd,anthony floyd,no face,0.0,,,,,,,,,,,,
Leonard Floyd,leonard floyd,ok,0.096,122,83,69,92.9,18,16,15,16.5,21.5,84.6,81.6,0.755
Malcom Floyd,malcom floyd,no face,0.0,,,,,,,,,,,,
Michael Floyd,michael floyd,ok,0.225,211,143,113,159.9,164,106,84,120.7,47.9,62.2,85.0,0.083
Sharrif Floyd,sharrif floyd,no face,0.0,,,,,,,,,,,,
Andre Fluellen,andre fluellen,no face,0.0,,,,,,,,,,,,
David Fluellen,david fluellen,ok,0.161,128,85,68,95.9,80,47,33,55.3,58.8,68.1,70.4,0.05
D.J. Fluker,dj fluker,ok,0.188,92,57,31,64.5,20,20,18,19.8,-10.2,0.5,0.5,0.501
Doug Flutie,doug flutie,no face,0.0,,,,,,,,,,,,
Matt Flynn,matt flynn,no face,0.0,,,,,,,,,,,,
Mike Flynn,mike flynn,no face,0.0,,,,,,,,,,,,
Moise Fokou,moise fokou,no face,0.0,,,,,,,,,,,,
Spencer Folau,spencer folau,no face,0.0,,,,,,,,,,,,
Nick Foles,nick foles,ok,0.174,219,177,156,187.2,79,71,64,72.6,-3.9,-13.4,-4.9,0.106
Steve Foley,steve foley,no face,0.0,,,,,,,,,,,,
Nick Folk,nick folk,ok,0.164,166,106,88,121.5,86,69,59,72.9,-24.4,28.3,-14.4,0.042
Brian Folkerts,brian folkerts,no face,0.0,,,,,,,,,,,,
Zack Follett,zack follett,no face,0.0,,,,,,,,,,,,
J.D. Folsom,jd folsom,no face,0.0,,,,,,,,,,,,
Toniu Fonoti,toniu fonoti,no face,0.0,,,,,,,,,,,,
Jerry Fontenot,jerry fontenot,no face,0.0,,,,,,,,,,,,
Wilrey Fontenot,wilrey fontenot,no face,0.0,,,,,,,,,,,,
Larry Foote,larry foote,no face,0.0,,,,,,,,,,,,
Kai Forbath,kai forbath,ok,0.154,211,133,128,155.7,55,38,32,42.4,-0.6,-15.4,37.9,0.057
Drew Forbes,drew forbes,ok,0.157,206,160,146,172.3,19,11,8,13.1,-30.5,55.3,140.4,0.179
Emmanuel Forbes,emmanuel forbes,ok,0.134,125,86,70,96.1,19,17,18,17.7,78.0,28.6,30.2,0.629
Cody Ford,cody ford,ok,0.096,177,113,87,129.2,24,24,24,24.0,103.2,103.0,98.9,0.584
Dee Ford,dee ford,ok,0.132,109,59,43,72.1,18,17,16,17.2,61.1,-1.4,5.8,1.0
Isaiah Ford,isaiah ford,ok,0.107,124,97,88,104.0,35,32,34,33.1,11.1,34.8,27.7,1.0
Jacob Ford,jacob ford,no face,0.0,,,,,,,,,,,,
Jacoby Ford,jacoby ford,no face,0.0,,,,,,,,,,,,
Jaylan Ford,jaylan ford,ok,0.127,185,126,94,140.0,40,39,42,39.6,121.6,56.7,94.9,0.332
Jerome Ford,jerome ford,ok,0.115,134,78,63,93.3,8,7,8,7.4,55.6,32.8,39.2,0.736
Rudy Ford,rudy ford,ok,0.117,159,94,66,110.2,14,12,10,12.4,47.1,37.2,56.0,0.6
Jonathan Ford,jonathan ford,ok,0.099,159,105,86,119.0,21,22,18,21.2,50.1,-5.9,6.5,0.848
Chase Ford,chase ford,no face,0.0,,,,,,,,,,,,
Poona Ford,poona ford,ok,0.109,85,53,44,61.5,13,10,9,10.8,35.5,-9.5,9.6,0.762
Michael Ford,michael ford,no face,0.0,,,,,,,,,,,,
Mike Ford,mike ford,ok,0.177,118,72,46,82.8,133,127,126,128.7,-91.7,24.1,28.1,0.1
Todd Fordham,todd fordham,no face,0.0,,,,,,,,,,,,
D'Onta Foreman,donta foreman,ok,0.118,128,87,72,97.5,28,25,24,25.8,38.7,79.2,81.1,0.431
Jay Foreman,jay foreman,no face,0.0,,,,,,,,,,,,
Kynan Forney,kynan forney,no face,0.0,,,,,,,,,,,,
Darrick Forrest,darrick forrest,ok,0.113,197,123,80,140.2,13,11,11,11.6,0.0,120.5,82.2,0.832
Josh Forrest,josh forrest,no face,0.0,,,,,,,,,,,,
Miller Forristall,miller forristall,ok,0.159,165,125,101,134.2,161,143,122,146.0,-68.3,-58.6,-26.5,0.06
Justin Forsett,justin forsett,no face,0.0,,,,,,,,,,,,
Brock Forsey,brock forsey,no face,0.0,,,,,,,,,,,,
Marcus Forston,marcus forston,no face,0.0,,,,,,,,,,,,
Alex Forsyth,alex forsyth,ok,0.17,225,142,134,165.9,46,25,17,30.5,113.9,-5.5,-5.5,0.106
Stone Forsythe,stone forsythe,ok,0.121,196,134,110,149.8,26,22,20,23.0,95.1,29.6,49.5,0.638
L.J. Fort,lj fort,ok,0.157,166,119,93,130.1,54,46,40,47.9,-21.7,5.2,-4.1,0.192
Matt Forte,matt forte,no face,0.0,,,,,,,,,,,,
Luke Fortner,luke fortner,ok,0.152,216,160,146,175.1,165,122,102,132.6,109.0,16.3,12.6,0.024
Khairi Fortt,khairi fortt,no face,0.0,,,,,,,,,,,,
J.P. Foschi,jp foschi,no face,0.0,,,,,,,,,,,,
Isaiah Foskey,isaiah foskey,ok,0.103,164,98,70,114.9,19,19,20,19.1,24.1,69.7,50.8,0.244
Arian Foster,arian foster,no face,0.0,,,,,,,,,,,,
Brooks Foster,brooks foster,no face,0.0,,,,,,,,,,,,
D.J. Foster,dj foster,ok,0.182,215,145,100,160.8,13,13,10,12.7,51.4,-6.1,7.8,0.573
DeShaun Foster,deshaun foster,no face,0.0,,,,,,,,,,,,
Eric Foster,eric foster,no face,0.0,,,,,,,,,,,,
George Foster,george foster,no face,0.0,,,,,,,,,,,,
Glenn Foster,glenn foster,no face,0.0,,,,,,,,,,,,
Javon Foster,javon foster,ok,0.11,164,109,91,123.4,25,24,25,24.4,97.5,35.1,52.8,0.686
Mason Foster,mason foster,ok,0.162,169,111,88,125.7,19,11,9,13.2,-0.2,-26.4,9.0,0.467
Ramon Foster,ramon foster,ok,0.123,251,171,135,190.8,27,25,24,25.5,40.1,130.7,127.4,0.928
Renardo Foster,renardo foster,no face,0.0,,,,,,,,,,,,
Reuben Foster,reuben foster,ok,0.106,172,107,88,124.3,24,25,23,24.5,14.9,48.4,63.9,0.991
Leki Fotu,leki fotu,ok,0.111,156,99,78,113.6,39,30,26,32.2,61.9,40.5,37.4,0.35
Daurice Fountain,daurice fountain,ok,0.101,108,60,39,72.0,23,18,17,19.4,-8.4,38.3,28.4,0.26
Leonard Fournette,leonard fournette,ok,0.149,138,95,82,106.4,83,66,61,70.5,27.8,84.7,86.0,0.021
Bennie Fowler,bennie fowler,ok,0.159,177,110,84,127.1,29,27,24,27.3,-12.4,76.8,78.8,0.381
Dante Fowler Jr.,dante fowler,ok,0.116,152,102,77,114.1,36,33,31,33.7,64.4,17.1,89.8,0.283
Jalston Fowler,jalston fowler,no face,0.0,,,,,,,,,,,,
Melvin Fowler,melvin fowler,no face,0.0,,,,,,,,,,,,
Ryan Fowler,ryan fowler,no face,0.0,,,,,,,,,,,,
Dustin Fox,dustin fox,no face,0.0,,,,,,,,,,,,
Jason Fox,jason fox,no face,0.0,,,,,,,,,,,,
Jack Fox,jack fox,ok,0.15,171,124,112,136.6,41,31,28,33.6,-52.2,56.2,29.2,0.094
Keyaron Fox,keyaron fox,no face,0.0,,,,,,,,,,,,
Morgan Fox,morgan fox,ok,0.156,190,139,118,151.6,62,44,35,48.2,12.5,127.3,88.5,0.057
Vernon Fox,vernon fox,no face,0.0,,,,,,,,,,,,
Domonique Foxworth,domonique foxworth,no face,0.0,,,,,,,,,,,,
Reid Fragel,reid fragel,no face,0.0,,,,,,,,,,,,
Hank Fraley,hank fraley,no face,0.0,,,,,,,,,,,,
Eric Frampton,eric frampton,no face,0.0,,,,,,,,,,,,
Dan France,dan france,no face,0.0,,,,,,,,,,,,
Chris Francies,chris francies,no face,0.0,,,,,,,,,,,,
Coye Francies,coye francies,no face,0.0,,,,,,,,,,,,
A.J. Francis,aj francis,ok,0.133,228,155,116,172.4,128,87,57,95.8,142.0,168.8,163.7,0.013
Carlos Francis,carlos francis,no face,0.0,,,,,,,,,,,,
Justin Francis,justin francis,no face,0.0,,,,,,,,,,,,
Aaron Francisco,aaron francisco,no face,0.0,,,,,,,,,,,,
Rob Francois,rob francois,no face,0.0,,,,,,,,,,,,
Aubrayo Franklin,aubrayo franklin,no face,0.0,,,,,,,,,,,,
Jerry Franklin,jerry franklin,no face,0.0,,,,,,,,,,,,
Johnathan Franklin,johnathan franklin,no face,0.0,,,,,,,,,,,,
Orlando Franklin,orlando franklin,no face,0.0,,,,,,,,,,,,
Sam Franklin Jr.,sam franklin,ok,0.129,124,84,66,93.7,11,11,9,10.8,62.5,-25.0,-19.5,0.578
Troy Franklin,troy franklin,ok,0.131,234,154,115,173.5,11,10,8,10.1,150.6,78.9,29.9,1.0
Will Franklin,will franklin,no face,0.0,,,,,,,,,,,,
Zaire Franklin,zaire franklin,ok,0.116,169,103,75,119.5,11,11,10,10.9,27.2,101.3,81.5,0.826
John Franklin-Myers,john franklin myers,ok,0.115,166,102,68,117.3,24,16,11,17.8,22.1,80.8,98.0,0.19
Andrew Franks,andrew franks,no face,0.0,,,,,,,,,,,,
Bubba Franks,bubba franks,no face,0.0,,,,,,,,,,,,
Dominique Franks,dominique franks,no face,0.0,,,,,,,,,,,,
Feleipe Franks,feleipe franks,ok,0.144,196,136,110,150.8,186,181,179,182.3,-31.9,-7.5,17.4,0.146
Jordan Franks,jordan franks,ok,0.175,157,101,75,114.8,146,128,120,132.4,-16.8,56.6,67.0,0.014
Todd Franz,todd franz,no face,0.0,,,,,,,,,,,,
Simon Fraser,simon fraser,no face,0.0,,,,,,,,,,,,
Andre Frazier,andre frazier,no face,0.0,,,,,,,,,,,,
Lance Frazier,lance frazier,no face,0.0,,,,,,,,,,,,
Kavon Frazier,kavon frazier,ok,0.203,182,122,94,136.7,36,33,30,33.6,36.9,-24.0,32.2,0.538
Miles Frazier,miles frazier,ok,0.1,214,152,124,167.3,14,14,14,14.0,38.3,147.5,146.0,0.919
Mose Frazier,mose frazier,ok,0.152,121,67,57,82.0,24,16,19,18.7,24.3,35.1,19.0,0.62
Zach Frazier,zach frazier,ok,0.083,244,178,177,197.6,29,26,25,26.8,75.8,17.4,67.5,0.891
Zah Frazier,zah frazier,ok,0.122,151,98,76,111.3,11,11,11,11.0,38.8,99.1,74.0,0.768
Terrence Frederick,terrence frederick,no face,0.0,,,,,,,,,,,,
Travis Frederick,travis frederick,ok,0.198,199,133,97,148.6,37,20,11,24.1,63.4,101.2,83.4,0.368
Doug Free,doug free,no face,0.0,,,,,,,,,,,,
Blake Freeland,blake freeland,ok,0.145,221,167,152,181.4,26,22,20,22.8,74.6,14.8,49.6,0.41
Arturo Freeman,arturo freeman,no face,0.0,,,,,,,,,,,,
Devonta Freeman,devonta freeman,ok,0.232,69,39,20,45.8,37,31,23,31.9,-58.2,-66.9,-54.1,0.077
Eddie Freeman,eddie freeman,no face,0.0,,,,,,,,,,,,
Jerrell Freeman,jerrell freeman,no face,0.0,,,,,,,,,,,,
Josh Freeman,josh freeman,no face,0.0,,,,,,,,,,,,
Marcus Freeman,marcus freeman,no face,0.0,,,,,,,,,,,,
Royce Freeman,royce freeman,ok,0.126,99,64,48,72.6,76,66,63,68.6,65.7,-21.2,0.4,0.018
Dwight Freeney,dwight freeney,no face,0.0,,,,,,,,,,,,
Jonathan Freeny,jonathan freeny,ok,0.129,168,105,69,119.7,22,13,6,14.9,37.0,90.2,92.0,0.482
Nate Freese,nate freese,no face,0.0,,,,,,,,,,,,
Pat Freiermuth,pat freiermuth,ok,0.127,237,178,169,194.6,36,30,27,31.5,42.8,86.8,141.6,0.275
Makoa Freitas,makoa freitas,no face,0.0,,,,,,,,,,,,
Gus Frerotte,gus frerotte,no face,0.0,,,,,,,,,,,,
Nolan Frese,nolan frese,no face,0.0,,,,,,,,,,,,
Isaiah Frey,isaiah frey,no face,0.0,,,,,,,,,,,,
Lennie Friedman,lennie friedman,no face,0.0,,,,,,,,,,,,
Kyle Friend,kyle friend,ok,0.168,229,149,142,172.1,142,95,86,108.0,59.7,115.0,105.8,0.012
Will Fries,will fries,ok,0.173,189,144,129,155.7,31,21,15,23.3,-29.1,5.2,35.7,0.086
Hjalte Froholdt,hjalte froholdt,ok,0.155,236,180,172,195.7,62,44,28,47.4,98.5,150.9,139.4,0.038
Jake Fromm,jake fromm,ok,0.147,186,137,118,149.5,109,78,53,84.4,-34.7,-27.5,-49.6,0.026
Derrick Frost,derrick frost,no face,0.0,,,,,,,,,,,,
Dustin Fry,dustin fry,no face,0.0,,,,,,,,,,,,
Elliott Fry,elliott fry,ok,0.164,194,140,124,154.3,102,78,65,84.0,-33.6,-28.1,-25.4,0.044
Brandon Frye,brandon frye,no face,0.0,,,,,,,,,,,,
Charlie Frye,charlie frye,no face,0.0,,,,,,,,,,,,
Alani Fua,alani fua,no face,0.0,,,,,,,,,,,,
Sione Fua,sione fua,no face,0.0,,,,,,,,,,,,
Taliese Fuaga,taliese fuaga,ok,0.117,204,151,127,164.1,18,14,15,15.3,134.8,53.2,51.6,0.914
Chris Fuamatu-Ma'afala,chris fuamatu maafala,no face,0.0,,,,,,,,,,,,
Jamaal Fudge,jamaal fudge,no face,0.0,,,,,,,,,,,,
Tim Fugger,tim fugger,no face,0.0,,,,,,,,,,,,
Scott Fujita,scott fujita,no face,0.0,,,,,,,,,,,,
Travis Fulgham,travis fulgham,ok,0.166,184,116,96,134.1,11,11,9,10.8,17.9,42.4,61.8,0.983
Aaron Fuller,aaron fuller,ok,0.137,234,173,145,187.9,21,21,21,21.0,94.3,-0.5,20.3,1.0
Corey Fuller,corey fuller,no face,0.0,,,,,,,,,,,,
Curtis Fuller,curtis fuller,no face,0.0,,,,,,,,,,,,
Devin Fuller,devin fuller,no face,0.0,,,,,,,,,,,,
Jeff Fuller,jeff fuller,no face,0.0,,,,,,,,,,,,
Jordan Fuller,jordan fuller,ok,0.113,97,54,36,64.8,9,7,7,7.6,54.9,16.2,28.2,1.0
Kendall Fuller,kendall fuller,ok,0.101,165,108,93,123.3,15,12,16,13.4,105.8,105.8,101.8,1.0
Kyle Fuller,kyle fuller,ok,0.172,157,91,60,107.2,12,11,7,10.8,13.4,80.7,70.1,0.393
Vincent Fuller,vincent fuller,no face,0.0,,,,,,,,,,,,
Will Fuller,will fuller,ok,0.144,180,123,98,137.0,51,45,51,47.5,-9.0,-20.6,-13.9,1.0
John Fullington,john fullington,no face,0.0,,,,,,,,,,,,
Kristian Fulton,kristian fulton,ok,0.125,83,42,27,52.5,103,93,86,95.2,-161.7,-36.9,-38.2,0.022
Xavier Fulton,xavier fulton,no face,0.0,,,,,,,,,,,,
Zach Fulton,zach fulton,ok,0.104,157,107,90,120.0,12,10,11,10.7,99.9,107.4,107.7,1.0
Troy Fumagalli,troy fumagalli,ok,0.171,195,131,112,148.0,66,46,38,50.6,-13.8,24.1,51.0,0.043
Devin Funchess,devin funchess,ok,0.138,106,60,35,70.9,14,10,5,10.6,7.7,63.2,54.1,0.432
Jake Funk,jake funk,ok,0.157,199,149,121,160.8,50,35,27,38.6,-7.5,70.3,56.0,0.057
Mike Furrey,mike furrey,no face,0.0,,,,,,,,,,,,
Brandon Fusco,brandon fusco,ok,0.199,200,119,86,139.5,24,14,9,16.4,108.1,-29.4,-5.4,0.139
Blaine Gabbert,blaine gabbert,ok,0.139,174,124,108,137.1,58,38,30,43.0,-5.4,46.5,66.2,0.023
Dillon Gabriel,dillon gabriel,ok,0.138,222,156,125,172.3,9,6,5,6.8,92.9,-1.7,14.2,0.988
Doug Gabriel,doug gabriel,no face,0.0,,,,,,,,,,,,
Taylor Gabriel,taylor gabriel,ok,0.195,168,101,73,117.8,21,20,14,19.6,64.4,23.0,43.9,0.531
Andrew Gachkar,andrew gachkar,no face,0.0,,,,,,,,,,,,
C.J. Gaddis,cj gaddis,no face,0.0,,,,,,,,,,,,
Christian Gaddis,christian gaddis,no face,0.0,,,,,,,,,,,,
Samkon Gado,samkon gado,no face,0.0,,,,,,,,,,,,
Oronde Gadsden,oronde gadsden,no face,0.0,,,,,,,,,,,,
Jabar Gaffney,jabar gaffney,no face,0.0,,,,,,,,,,,,
Tyler Gaffney,tyler gaffney,ok,0.175,209,140,106,156.8,21,20,20,20.3,42.8,18.5,45.7,0.75
Thomas Gafford,thomas gafford,no face,0.0,,,,,,,,,,,,
Justin Gage,justin gage,no face,0.0,,,,,,,,,,,,
Russell Gage,russell gage,ok,0.116,153,100,70,112.4,20,20,19,19.9,53.3,99.8,88.8,0.683
Lamont Gaillard,lamont gaillard,ok,0.156,170,100,77,118.3,34,28,28,29.6,98.0,77.2,98.2,0.394
Charles Gaines,charles gaines,no face,0.0,,,,,,,,,,,,
E.J. Gaines,ej gaines,ok,0.134,108,68,49,77.8,31,29,33,30.1,-39.7,-34.0,-29.0,0.876
Greg Gaines,greg gaines,ok,0.179,210,175,163,184.1,94,82,68,84.0,140.7,-3.9,19.4,0.0
Innis Gaines,innis gaines,ok,0.109,126,73,54,86.7,14,11,8,11.6,75.6,4.9,19.9,0.585
Jon Gaines II,jon gaines,ok,0.122,175,102,83,122.0,12,8,10,9.4,77.3,57.0,60.7,0.855
Michael Gaines,michael gaines,no face,0.0,,,,,,,,,,,,
Phillip Gaines,phillip gaines,ok,0.17,190,120,84,136.8,25,21,21,22.2,118.0,118.7,122.5,0.396
Jared Gaither,jared gaither,no face,0.0,,,,,,,,,,,,
Omar Gaither,omar gaither,no face,0.0,,,,,,,,,,,,
Anthony Gaitor,anthony gaitor,no face,0.0,,,,,,,,,,,,
Tipa Galeai,tipa galeai,ok,0.163,176,120,90,133.3,6,5,2,5.0,123.0,107.3,122.8,0.389
Dion Gales,dion gales,no face,0.0,,,,,,,,,,,,
Junior Galette,junior galette,no face,0.0,,,,,,,,,,,,
Tommy Gallarda,tommy gallarda,no face,0.0,,,,,,,,,,,,
Robert Gallery,robert gallery,no face,0.0,,,,,,,,,,,,
Andy Gallik,andy gallik,no face,0.0,,,,,,,,,,,,
Neville Gallimore,neville gallimore,ok,0.098,104,70,49,78.1,34,13,4,18.3,71.6,20.4,67.0,0.083
Wayne Gallman,wayne gallman,ok,0.148,162,102,76,116.9,20,20,18,19.8,19.7,79.6,72.0,0.554
Joey Galloway,joey galloway,no face,0.0,,,,,,,,,,,,
Michael Gallup,michael gallup,ok,0.145,130,78,70,92.6,19,20,23,20.0,59.8,17.4,40.6,0.509
Chris Gamble,chris gamble,no face,0.0,,,,,,,,,,,,
Kendall Gammon,kendall gammon,no face,0.0,,,,,,,,,,,,
Terrance Ganaway,terrance ganaway,no face,0.0,,,,,,,,,,,,
Dylan Gandy,dylan gandy,no face,0.0,,,,,,,,,,,,
Mike Gandy,mike gandy,no face,0.0,,,,,,,,,,,,
Wayne Gandy,wayne gandy,no face,0.0,,,,,,,,,,,,
Antonio Gandy-Golden,antonio gandy golden,ok,0.154,151,96,69,109.4,11,8,7,8.8,18.9,43.9,45.7,0.983
Rich Gannon,rich gannon,ok,0.16,196,143,122,156.5,177,171,168,172.5,21.8,74.4,25.7,0.0
Graham Gano,graham gano,ok,0.129,218,156,140,172.7,7,7,6,6.9,15.5,75.7,66.3,0.645
Quinton Ganther,quinton ganther,no face,0.0,,,,,,,,,,,,
Antonio Garay,antonio garay,no face,0.0,,,,,,,,,,,,
Antonio Garcia,antonio garcia,ok,0.14,182,115,89,132.1,22,16,14,17.6,4.7,51.4,43.1,0.572
Jeff Garcia,jeff garcia,no face,0.0,,,,,,,,,,,,
Max Garcia,max garcia,ok,0.134,223,140,96,159.7,21,15,11,16.3,104.1,125.8,133.5,0.187
Jerrol Garcia-Williams,jerrol garcia williams,ok,0.166,163,95,65,111.9,24,16,13,18.0,93.1,28.5,55.1,0.412
Pierre Garcon,pierre garcon,ok,0.138,133,89,73,100.3,33,33,29,32.5,10.2,65.6,76.9,0.456
Dennis Gardeck,dennis gardeck,ok,0.152,242,214,206,221.5,31,23,24,25.5,92.0,25.9,60.0,0.246
Sauce Gardner,sauce gardner,ok,0.115,155,107,90,119.5,17,16,20,16.8,46.0,88.0,75.2,1.0
Andrew Gardner,andrew gardner,no face,0.0,,,,,,,,,,,,
Barry Gardner,barry gardner,no face,0.0,,,,,,,,,,,,
Ben Gardner,ben gardner,no face,0.0,,,,,,,,,,,,
Gilbert Gardner,gilbert gardner,no face,0.0,,,,,,,,,,,,
Rich Gardner,rich gardner,no face,0.0,,,,,,,,,,,,
Rod Gardner,rod gardner,no face,0.0,,,,,,,,,,,,
Talman Gardner,talman gardner,no face,0.0,,,,,,,,,,,,
C.J. Gardner-Johnson,cj gardner johnson,ok,0.13,121,89,80,97.5,23,23,24,23.1,67.6,22.0,23.8,0.988
Chris Gardocki,chris gardocki,no face,0.0,,,,,,,,,,,,
Nick Gargiulo,nick gargiulo,ok,0.169,254,201,183,214.8,26,22,18,22.7,85.1,-10.9,-6.9,0.353
Ben Garland,ben garland,ok,0.131,164,110,97,124.7,78,56,48,61.3,19.0,77.6,75.8,0.039
Kelvin Garmon,kelvin garmon,no face,0.0,,,,,,,,,,,,
Charlie Garner,charlie garner,no face,0.0,,,,,,,,,,,,
Nate Garner,nate garner,no face,0.0,,,,,,,,,,,,
Joshua Garnett,joshua garnett,ok,0.162,128,81,56,92.1,176,160,157,164.7,-60.6,90.9,49.5,0.01
Jimmy Garoppolo,jimmy garoppolo,ok,0.168,136,97,79,106.6,63,52,51,55.2,-22.0,-12.0,-5.8,0.147
David Garrard,david garrard,no face,0.0,,,,,,,,,,,,
Chris Garrett,chris garrett,ok,0.141,123,90,84,99.2,39,33,36,35.1,6.8,68.4,45.0,0.507
Kevin Garrett,kevin garrett,no face,0.0,,,,,,,,,,,,
Keyarris Garrett,keyarris garrett,no face,0.0,,,,,,,,,,,,
Myles Garrett,myles garrett,ok,0.125,163,106,82,120.3,132,89,76,100.2,90.5,15.6,35.1,0.9
Jonathan Garvin,jonathan garvin,ok,0.131,162,113,86,124.6,6,6,7,6.1,54.4,31.2,54.8,0.519
Terence Garvin,terence garvin,ok,0.164,105,66,41,74.8,25,26,20,25.1,58.7,27.0,38.1,0.373
Rashan Gary,rashan gary,ok,0.11,142,79,51,94.6,27,19,16,21.1,-15.5,71.8,76.4,0.403
Shamiel Gary,shamiel gary,no face,0.0,,,,,,,,,,,,
Roberto Garza,roberto garza,no face,0.0,,,,,,,,,,,,
Myles Gaskin,myles gaskin,ok,0.114,195,144,106,154.9,31,26,27,27.6,104.8,102.7,121.7,0.291
Michael Gasperson,michael gasperson,no face,0.0,,,,,,,,,,,,
Bruce Gaston,bruce gaston,no face,0.0,,,,,,,,,,,,
Willie Gaston,willie gaston,no face,0.0,,,,,,,,,,,,
Antonio Gates,antonio gates,no face,0.0,,,,,,,,,,,,
Clyde Gates,clyde gates,no face,0.0,,,,,,,,,,,,
Lionel Gates,lionel gates,no face,0.0,,,,,,,,,,,,
Nick Gates,nick gates,ok,0.172,243,173,152,191.5,130,120,112,122.1,-4.1,116.2,-8.8,0.077
Curtis Gatewood,curtis gatewood,no face,0.0,,,,,,,,,,,,
Rico Gathers,rico gathers,ok,0.197,186,121,89,136.8,21,20,17,20.0,-15.3,116.5,117.8,0.545
Gregory Gatson,gregory gatson,no face,0.0,,,,,,,,,,,,
Josh Gattis,josh gattis,no face,0.0,,,,,,,,,,,,
Rashaan Gaulden,rashaan gaulden,ok,0.119,185,124,102,139.7,18,16,16,16.6,87.1,59.4,52.7,0.997
Quentin Gause,quentin gause,no face,0.0,,,,,,,,,,,,
Jordan Gay,jordan gay,no face,0.0,,,,,,,,,,,,
Matt Gay,matt gay,no face,0.067,,,,,,,,,,,,
Randall Gay,randall gay,no face,0.0,,,,,,,,,,,,
William Gay,william gay,ok,0.179,168,98,72,116.0,53,39,33,42.5,-8.9,91.0,76.4,0.209
Willie Gay Jr.,willie gay,ok,0.088,98,71,68,78.6,36,32,44,34.6,39.0,7.2,15.2,0.967
Joe Gaziano,joe gaziano,ok,0.116,215,149,148,168.6,22,20,20,20.6,119.1,96.6,106.8,0.639
Akbar Gbaja-Biamila,akbar gbaja biamila,no face,0.0,,,,,,,,,,,,
Kabeer Gbaja-Biamila,kabeer gbaja biamila,no face,0.0,,,,,,,,,,,,
Clayton Geathers,clayton geathers,ok,0.132,121,76,44,85.8,33,28,22,28.8,-47.8,53.5,58.0,0.273
Clifton Geathers,clifton geathers,no face,0.0,,,,,,,,,,,,
Kwame Geathers,kwame geathers,no face,0.0,,,,,,,,,,,,
Robert Geathers,robert geathers,no face,0.0,,,,,,,,,,,,
Ben Gedeon,ben gedeon,ok,0.132,209,140,96,155.6,26,29,16,26.6,108.9,7.5,36.9,0.667
Justin Geisinger,justin geisinger,no face,0.0,,,,,,,,,,,,
Avery Gennesy,avery gennesy,ok,0.122,177,116,95,131.8,134,106,98,113.8,34.6,105.5,101.0,0.02
Tanner Gentry,tanner gentry,ok,0.128,212,160,146,174.0,31,24,24,26.0,11.1,130.4,133.4,0.297
Zach Gentry,zach gentry,ok,0.158,198,158,141,168.0,81,69,58,71.3,-10.2,65.3,-15.4,0.042
Eddie George,eddie george,no face,0.0,,,,,,,,,,,,
Jeff George,jeff george,no face,0.0,,,,,,,,,,,,
Jeremiah George,jeremiah george,ok,0.169,119,71,53,83.3,18,11,8,12.8,59.8,6.0,11.4,0.499
Dan Gerberry,dan gerberry,no face,0.0,,,,,,,,,,,,
Garth Gerhart,garth gerhart,no face,0.0,,,,,,,,,,,,
Toby Gerhart,toby gerhart,no face,0.0,,,,,,,,,,,,
Jake Gervase,jake gervase,ok,0.205,236,177,160,192.6,110,87,77,92.9,16.7,31.7,31.6,0.052
Mike Gesicki,mike gesicki,ok,0.149,228,160,135,177.5,206,194,184,196.1,9.4,78.3,106.6,0.003
Chas Gessner,chas gessner,no face,0.0,,,,,,,,,,,,
Adam Gettis,adam gettis,ok,0.152,175,108,79,124.7,34,31,30,31.8,39.8,97.1,83.6,0.777
David Gettis,david gettis,no face,0.0,,,,,,,,,,,,
Brandon Ghee,brandon ghee,no face,0.0,,,,,,,,,,,,
Ronnie Ghent,ronnie ghent,no face,0.0,,,,,,,,,,,,
Eric Ghiaciuc,eric ghiaciuc,no face,0.0,,,,,,,,,,,,
Vernon Gholston,vernon gholston,no face,0.0,,,,,,,,,,,,
William Gholston,william gholston,ok,0.145,159,111,81,121.9,28,27,27,27.3,-17.7,-14.2,10.5,0.286
Breno Giacomini,breno giacomini,ok,0.165,227,170,150,184.8,36,32,33,33.3,51.6,72.2,99.6,0.538
Jahmyr Gibbs,jahmyr gibbs,ok,0.098,138,80,63,95.4,208,203,211,205.4,-10.1,-14.2,-13.7,0.997
Aaron Gibson,aaron gibson,no face,0.0,,,,,,,,,,,,
Antonio Gibson,antonio gibson,ok,0.129,164,106,78,120.1,36,30,27,31.5,-15.6,96.6,81.8,0.333
Brandon Gibson,brandon gibson,no face,0.0,,,,,,,,,,,,
Derrick Gibson,derrick gibson,no face,0.0,,,,,,,,,,,,
Fred Gibson,fred gibson,no face,0.0,,,,,,,,,,,,
Gary Gibson,gary gibson,no face,0.0,,,,,,,,,,,,
Laurence Gibson,laurence gibson,no face,0.0,,,,,,,,,,,,
Mike Gibson,mike gibson,no face,0.0,,,,,,,,,,,,
Shelton Gibson,shelton gibson,ok,0.146,158,106,87,119.2,91,83,86,85.7,1.6,-12.8,-5.1,0.999
Thaddeus Gibson,thaddeus gibson,no face,0.0,,,,,,,,,,,,
DJ Giddens,dj giddens,ok,0.108,144,91,63,103.7,22,25,28,24.4,42.8,87.7,57.5,0.683
Luke Gifford,luke gifford,ok,0.153,221,159,146,176.1,18,9,6,11.3,116.4,-4.5,6.4,0.204
Wallace Gilberry,wallace gilberry,no face,0.0,,,,,,,,,,,,
Tony Gilbert,tony gilbert,no face,0.0,,,,,,,,,,,,
Garrett Gilbert,garrett gilbert,ok,0.205,174,105,82,123.0,53,31,20,36.3,6.0,-16.9,-17.7,0.142
Jarron Gilbert,jarron gilbert,no face,0.0,,,,,,,,,,,,
Justin Gilbert,justin gilbert,no face,0.0,,,,,,,,,,,,
Marcus Gilbert,marcus gilbert,ok,0.17,141,83,60,97.7,15,14,14,14.3,81.4,-41.4,15.7,0.507
Mark Gilbert,mark gilbert,ok,0.151,176,100,59,118.0,38,33,30,34.2,45.3,91.6,76.7,0.31
Reggie Gilbert,reggie gilbert,ok,0.149,176,103,69,121.0,46,40,36,41.3,-18.1,72.1,106.0,0.393
Ulysees Gilbert,ulysees gilbert,ok,0.107,93,56,42,65.5,32,31,31,31.3,5.9,-24.5,-2.3,0.922
Marcus Gilchrist,marcus gilchrist,ok,0.162,145,89,69,103.5,42,39,42,40.2,69.4,48.4,38.4,0.514
Jason Gildon,jason gildon,no face,0.0,,,,,,,,,,,,
Joe Giles-Harris,joe giles harris,ok,0.104,206,132,100,150.5,19,19,18,18.9,121.3,97.3,125.0,0.769
Garrett Gilkey,garrett gilkey,no face,0.0,,,,,,,,,,,,
Cam Gill,cam gill,ok,0.093,162,109,83,122.0,41,39,41,39.8,94.8,43.8,20.0,1.0
Trenton Gill,trenton gill,ok,0.173,183,125,115,141.2,54,46,38,47.5,-11.2,-8.2,8.3,0.042
Jamie Gillan,jamie gillan,ok,0.138,220,169,152,182.3,15,12,8,12.5,93.7,108.7,85.1,0.553
Cullen Gillaspia,cullen gillaspia,ok,0.187,218,158,131,172.9,54,40,32,43.3,44.4,130.5,129.5,0.065
Tyree Gillespie,tyree gillespie,ok,0.139,106,64,52,75.2,14,12,13,12.7,14.8,15.7,32.0,0.494
Garry Gilliam,garry gilliam,ok,0.174,212,146,114,161.7,33,31,27,31.1,93.6,134.9,130.3,0.569
Reggie Gilliam,reggie gilliam,ok,0.105,174,126,99,137.3,21,20,20,20.3,105.9,123.5,119.1,0.407
Blake Gillikin,blake gillikin,ok,0.188,219,182,163,190.9,151,140,129,142.0,-2.9,52.3,74.7,0.057
Mike Gillislee,mike gillislee,ok,0.162,133,94,76,103.6,21,21,21,21.0,78.9,22.0,28.2,0.646
Crockett Gillmore,crockett gillmore,no face,0.0,,,,,,,,,,,,
Ashton Gillotte,ashton gillotte,ok,0.128,204,127,100,146.9,204,200,200,201.2,-65.1,-83.5,-71.4,0.058
Alohi Gilman,alohi gilman,ok,0.12,206,126,96,146.9,19,15,13,16.0,93.4,24.0,50.5,0.73
Bryan Gilmore,bryan gilmore,no face,0.0,,,,,,,,,,,,
John Gilmore,john gilmore,no face,0.0,,,,,,,,,,,,
Stephon Gilmore,stephon gilmore,ok,0.126,180,119,93,134.3,31,28,28,28.9,57.6,31.9,43.1,0.276
David Gilreath,david gilreath,no face,0.0,,,,,,,,,,,,
Mardy Gilyard,mardy gilyard,no face,0.0,,,,,,,,,,,,
Ted Ginn,ted ginn,ok,0.172,199,131,97,147.5,24,23,22,23.2,43.5,129.2,115.6,0.4
Matt Giordano,matt giordano,no face,0.0,,,,,,,,,,,,
Tashaun Gipson,tashaun gipson,ok,0.127,131,75,59,89.9,21,18,18,18.9,15.6,64.6,60.9,0.562
Trevis Gipson,trevis gipson,ok,0.137,189,126,99,141.8,35,30,27,31.2,105.3,41.2,32.6,0.404
Chris Givens,chris givens,no face,0.0,,,,,,,,,,,,
David Givens,david givens,no face,0.0,,,,,,,,,,,,
Kevin Givens,kevin givens,ok,0.132,138,85,56,97.6,16,15,15,15.3,77.9,7.4,26.4,0.955
Jeff Gladney,jeff gladney,ok,0.196,171,103,66,119.1,37,30,28,31.9,29.9,63.4,68.4,0.511
Graham Glasgow,graham glasgow,ok,0.123,204,155,139,167.8,151,148,146,148.7,-5.5,-1.3,-4.2,0.001
Jordan Glasgow,jordan glasgow,ok,0.116,182,151,141,159.1,52,44,41,46.0,10.7,126.6,107.3,0.386
Ryan Glasgow,ryan glasgow,ok,0.173,185,141,122,152.0,29,22,18,23.6,33.4,44.3,91.4,0.302
Ka'Lial Glaud,kalial glaud,no face,0.0,,,,,,,,,,,,
Steve Gleason,steve gleason,no face,0.0,,,,,,,,,,,,
Aaron Glenn,aaron glenn,no face,0.0,,,,,,,,,,,,
Cordy Glenn,cordy glenn,ok,0.195,192,124,87,140.1,63,49,41,52.3,73.8,27.1,16.1,0.092
Jason Glenn,jason glenn,no face,0.0,,,,,,,,,,,,
Cody Glenn,cody glenn,no face,0.0,,,,,,,,,,,,
Tarik Glenn,tarik glenn,no face,0.0,,,,,,,,,,,,
Terry Glenn,terry glenn,no face,0.0,,,,,,,,,,,,
Mike Glennon,mike glennon,ok,0.171,188,128,110,143.9,161,120,105,130.5,5.9,42.2,100.6,0.056
La'Roi Glover,laroi glover,no face,0.0,,,,,,,,,,,,
Travis Glover,travis glover,ok,0.096,145,92,74,105.8,15,15,13,14.8,95.5,15.8,59.0,0.568
Mark Glowinski,mark glowinski,ok,0.121,207,140,130,158.9,31,23,21,25.2,95.2,145.3,140.0,0.197
Junior Glymph,junior glymph,no face,0.0,,,,,,,,,,,,
Chris Gocong,chris gocong,no face,0.0,,,,,,,,,,,,
Davon Godchaux,davon godchaux,ok,0.12,160,102,81,116.9,26,25,28,25.6,102.5,44.6,48.9,0.284
Charles Godfrey,charles godfrey,no face,0.0,,,,,,,,,,,,
Randall Godfrey,randall godfrey,no face,0.0,,,,,,,,,,,,
Chris Godwin Jr.,chris godwin,ok,0.123,81,57,48,63.1,23,22,21,22.2,-1.3,-13.8,10.5,0.567
Terry Godwin,terry godwin,ok,0.181,152,92,60,106.3,48,35,25,37.7,10.0,79.8,60.8,0.093
Luke Goedeke,luke goedeke,ok,0.139,220,172,158,184.8,73,54,39,58.0,1.3,1.3,2.8,0.063
Dallas Goedert,dallas goedert,ok,0.176,179,132,115,144.1,128,122,120,123.6,101.2,-35.8,-6.6,0.365
Travis Goethel,travis goethel,no face,0.0,,,,,,,,,,,,
Jared Goff,jared goff,ok,0.163,202,152,136,165.1,122,99,88,104.6,-9.3,4.5,38.4,0.047
Jonathan Goff,jonathan goff,no face,0.0,,,,,,,,,,,,
Mike Goff,mike goff,no face,0.0,,,,,,,,,,,,
Nick Goings,nick goings,no face,0.0,,,,,,,,,,,,
Ian Gold,ian gold,no face,0.0,,,,,,,,,,,,
Adam Goldberg,adam goldberg,no face,0.0,,,,,,,,,,,,
Brittan Golden,brittan golden,ok,0.158,240,169,130,185.8,15,12,12,12.9,19.6,22.4,25.6,0.916
Markus Golden,markus golden,ok,0.121,138,93,78,104.7,25,22,18,22.4,-19.5,83.3,79.6,0.215
Matthew Golden,matthew golden,ok,0.133,171,99,69,117.1,16,14,12,14.4,100.6,13.5,16.7,1.0
Robert Golden,robert golden,ok,0.15,158,75,47,96.6,22,18,14,18.7,27.7,69.3,73.5,0.407
Eddie Goldman,eddie goldman,ok,0.115,188,141,132,154.0,34,32,32,32.6,136.6,133.6,90.0,0.257
Dashon Goldson,dashon goldson,no face,0.0,,,,,,,,,,,,
Kenny Golladay,kenny golladay,ok,0.2,221,145,112,164.0,27,21,17,22.3,-0.5,128.9,84.7,0.187
Senquez Golson,senquez golson,no face,0.0,,,,,,,,,,,,
Chauncey Golston,chauncey golston,ok,0.114,221,148,110,165.5,36,33,31,33.7,135.7,72.8,56.2,0.333
Kedric Golston,kedric golston,no face,0.0,,,,,,,,,,,,
DeJon Gomes,dejon gomes,no face,0.0,,,,,,,,,,,,
Matt Goncalves,matt goncalves,ok,0.147,241,197,191,209.5,23,19,21,20.4,191.0,-4.3,151.5,0.774
Tony Gonzalez,tony gonzalez,ok,0.213,50,22,13,29.3,31,33,24,31.4,,,,0.461
Anthony Gonzalez,anthony gonzalez,no face,0.0,,,,,,,,,,,,
Christian Gonzalez,christian gonzalez,ok,0.139,165,108,86,122.5,53,39,31,42.3,-18.7,35.3,29.1,0.042
Joaquin Gonzalez,joaquin gonzalez,no face,0.0,,,,,,,,,,,,
Zane Gonzalez,zane gonzalez,ok,0.156,202,142,126,158.4,87,62,51,68.2,-1.3,103.4,102.6,0.03
Jeff Gooch,jeff gooch,no face,0.0,,,,,,,,,,,,
Denzelle Good,denzelle good,ok,0.135,152,90,68,106.0,5,4,5,4.4,84.9,10.8,47.8,0.571
Brett Goode,brett goode,no face,0.0,,,,,,,,,,,,
Cameron Goode,cameron goode,ok,0.148,200,140,111,154.6,128,111,107,115.6,-1.7,109.4,55.5,0.066
Najee Goode,najee goode,ok,0.19,228,151,111,169.5,30,22,18,23.9,19.4,75.0,87.1,0.19
Tavares Gooden,tavares gooden,no face,0.0,,,,,,,,,,,,
Zaviar Gooden,zaviar gooden,no face,0.0,,,,,,,,,,,,
Stephen Goodin,stephen goodin,no face,0.0,,,,,,,,,,,,
Andre' Goodman,andre goodman,no face,0.0,,,,,,,,,,,,
Malliciah Goodman,malliciah goodman,no face,0.0,,,,,,,,,,,,
Richard Goodman,richard goodman,no face,0.0,,,,,,,,,,,,
B.J. Goodson,bj goodson,ok,0.224,171,117,93,130.4,21,13,13,15.4,15.2,-14.9,-20.2,0.305
Demetri Goodson,demetri goodson,ok,0.204,181,111,83,128.7,13,10,7,10.6,51.2,78.3,73.7,0.472
Mike Goodson,mike goodson,no face,0.0,,,,,,,,,,,,
Joey Goodspeed,joey goodspeed,no face,0.0,,,,,,,,,,,,
C.J. Goodwin,cj goodwin,ok,0.15,178,128,102,140.0,13,13,12,12.9,106.6,57.0,86.4,1.0
Jonathan Goodwin,jonathan goodwin,no face,0.0,,,,,,,,,,,,
Marquise Goodwin,marquise goodwin,ok,0.189,121,84,69,93.4,40,32,22,33.3,,,,0.295
Amon Gordon,amon gordon,no face,0.0,,,,,,,,,,,,
Charles Gordon,charles gordon,no face,0.0,,,,,,,,,,,,
Cletis Gordon,cletis gordon,no face,0.0,,,,,,,,,,,,
Dillon Gordon,dillon gordon,ok,0.151,83,56,47,63.0,104,71,56,79.2,-11.1,-2.5,1.4,0.108
Josh Gordon,josh gordon,ok,0.138,150,91,67,105.9,41,35,34,36.7,30.7,-124.1,52.8,0.331
Kyler Gordon,kyler gordon,ok,0.179,202,125,89,143.9,172,169,169,170.0,29.3,2.4,44.7,0.114
Lamar Gordon,lamar gordon,no face,0.0,,,,,,,,,,,,
Melvin Gordon,melvin gordon,ok,0.11,161,108,84,121.4,37,62,56,53.8,17.8,84.8,59.4,0.929
Ollie Gordon II,ollie gordon,ok,0.121,164,108,88,122.3,47,36,36,39.0,21.4,53.0,42.8,0.293
Richard Gordon,richard gordon,no face,0.0,,,,,,,,,,,,
Josh Gordy,josh gordy,no face,0.0,,,,,,,,,,,,
Derrick Gore,derrick gore,ok,0.139,149,98,75,110.6,31,28,22,28.2,77.6,-127.0,43.3,0.41
Frank Gore,frank gore,ok,0.107,98,74,57,79.2,33,32,28,31.8,13.7,36.0,33.2,0.5
Brandon Gorin,brandon gorin,no face,0.0,,,,,,,,,,,,
Danny Gorrer,danny gorrer,no face,0.0,,,,,,,,,,,,
Colby Gossett,colby gossett,ok,0.169,209,148,126,163.8,76,48,34,54.9,63.9,134.4,114.4,0.088
Stephen Gostkowski,stephen gostkowski,ok,0.178,150,112,92,121.1,58,42,33,45.8,-33.9,-17.2,6.3,0.09
Adam Gotsis,adam gotsis,ok,0.153,214,184,165,190.8,142,109,87,116.4,5.0,-10.2,-1.5,0.013
Anthony Gould,anthony gould,ok,0.14,231,175,149,188.8,45,43,49,44.3,161.2,0.3,35.3,0.436
Robbie Gould,robbie gould,ok,0.161,175,127,118,140.3,148,100,88,112.8,-24.9,10.4,36.8,0.031
Tay Gowan,tay gowan,ok,0.121,186,122,94,137.9,8,8,8,8.0,130.9,24.7,87.9,0.604
Toby Gowin,toby gowin,no face,0.0,,,,,,,,,,,,
Tylan Grable,tylan grable,ok,0.095,216,142,117,161.3,29,27,29,27.8,135.4,86.5,117.6,0.388
Jermaine Grace,jermaine grace,ok,0.203,168,106,87,122.4,29,23,21,24.6,19.0,102.8,67.5,0.836
Bruce Gradkowski,bruce gradkowski,no face,0.0,,,,,,,,,,,,
Gino Gradkowski,gino gradkowski,no face,0.0,,,,,,,,,,,,
Kevin Graf,kevin graf,no face,0.0,,,,,,,,,,,,
Scott Gragg,scott gragg,no face,0.0,,,,,,,,,,,,
Chris Gragg,chris gragg,no face,0.0,,,,,,,,,,,,
Ben Graham,ben graham,no face,0.0,,,,,,,,,,,,
Brandon Graham,brandon graham,ok,0.093,149,98,75,110.6,26,24,25,24.7,78.9,66.5,71.8,0.29
Cameron Graham,cameron graham,no face,0.0,,,,,,,,,,,,
Corey Graham,corey graham,no face,0.0,,,,,,,,,,,,
Daniel Graham,daniel graham,no face,0.0,,,,,,,,,,,,
Earnest Graham,earnest graham,no face,0.0,,,,,,,,,,,,
Garrett Graham,garrett graham,no face,0.0,,,,,,,,,,,,
Jalen Graham,jalen graham,ok,0.119,187,109,64,127.2,10,8,8,8.6,90.9,2.1,23.6,0.624
Jimmy Graham,jimmy graham,ok,0.156,237,152,114,173.4,143,96,73,107.4,3.5,-16.0,14.0,0.022
Mason Graham,mason graham,ok,0.159,178,132,118,143.8,154,151,149,151.7,-56.1,89.3,-36.9,0.136
Shayne Graham,shayne graham,no face,0.0,,,,,,,,,,,,
Nick Graham,nick graham,no face,0.0,,,,,,,,,,,,
Ray Graham,ray graham,no face,0.0,,,,,,,,,,,,
Ta'Quon Graham,taquon graham,ok,0.094,127,96,83,103.8,43,41,42,41.8,52.6,88.6,83.6,0.364
Thomas Graham Jr.,thomas graham,ok,0.102,212,159,130,171.5,28,28,26,27.5,43.4,136.9,131.9,1.0
Bill Gramatica,bill gramatica,no face,0.0,,,,,,,,,,,,
Martin Gramatica,martin gramatica,no face,0.0,,,,,,,,,,,,
Carl Granderson,carl granderson,ok,0.074,136,85,67,98.2,43,45,52,45.2,-23.2,63.7,69.4,0.623
Kylen Granson,kylen granson,ok,0.138,233,164,142,182.1,33,31,33,31.8,95.4,-21.9,18.1,0.37
Charles Grant,charles grant,no face,0.0,,,,,,,,,,,,
Curtis Grant,curtis grant,no face,0.0,,,,,,,,,,,,
DeLawrence Grant,delawrence grant,no face,0.0,,,,,,,,,,,,
Deon Grant,deon grant,no face,0.0,,,,,,,,,,,,
Doran Grant,doran grant,ok,0.17,183,127,102,141.0,59,48,43,50.7,-4.3,101.9,99.5,0.067
Jakeem Grant,jakeem grant,ok,0.177,76,53,43,58.7,17,14,13,14.8,-24.1,23.2,25.5,0.371
Kenneth Grant,kenneth grant,ok,0.138,126,82,65,93.1,48,36,33,39.2,-12.2,65.5,48.8,0.174
Larry Grant,larry grant,no face,0.0,,,,,,,,,,,,
Richie Grant,richie grant,ok,0.122,141,93,68,104.5,28,26,26,26.6,42.7,94.3,89.6,0.388
Ryan Grant,ryan grant,no face,0.0,,,,,,,,,,,,
Corey Grant,corey grant,ok,0.224,192,117,85,135.8,45,35,34,37.9,92.5,12.8,50.9,0.301
Cie Grant,cie grant,no face,0.0,,,,,,,,,,,,
Paul Grasmanis,paul grasmanis,no face,0.0,,,,,,,,,,,,
Hroniss Grasu,hroniss grasu,ok,0.123,199,142,133,158.0,41,35,34,36.7,14.6,124.3,126.2,0.48
Dwayne Gratz,dwayne gratz,no face,0.0,,,,,,,,,,,,
Bobby Gray,bobby gray,no face,0.0,,,,,,,,,,,,
Cedric Gray,cedric gray,ok,0.131,174,108,71,123.5,20,15,12,16.0,111.9,24.7,41.6,0.41
Chris Gray,chris gray,no face,0.0,,,,,,,,,,,,
Cyrus Gray,cyrus gray,no face,0.0,,,,,,,,,,,,
Danny Gray,danny gray,ok,0.12,143,88,78,103.0,25,23,26,23.9,75.7,16.5,29.1,0.504
Derwin Gray,derwin gray,no face,0.0,,,,,,,,,,,,
Eric Gray,eric gray,ok,0.14,179,113,83,129.3,36,32,29,32.9,115.3,-5.2,24.0,0.232
J.T. Gray,jt gray,ok,0.122,178,116,92,131.8,14,13,13,13.3,60.5,36.2,82.3,0.747
MarQueis Gray,marqueis gray,ok,0.126,45,34,29,36.7,34,32,34,32.8,-44.2,-94.5,-45.7,1.0
Noah Gray,noah gray,ok,0.12,149,94,75,108.6,28,18,13,20.4,-36.6,-8.9,30.2,0.246
Quinn Gray,quinn gray,no face,0.0,,,,,,,,,,,,
Cyril Grayson,cyril grayson,ok,0.172,140,96,83,107.7,97,76,71,81.7,43.5,43.8,65.4,0.023
Garrett Grayson,garrett grayson,ok,0.199,180,121,82,134.2,69,48,36,52.9,-28.0,54.8,37.0,0.076
John Greco,john greco,ok,0.171,190,131,97,144.9,46,31,21,34.3,22.7,119.5,70.2,0.246
A.J. Green,aj green,ok,0.162,153,98,77,112.1,17,15,13,15.4,80.8,17.2,25.9,0.62
Ahman Green,ahman green,no face,0.0,,,,,,,,,,,,
Alex Green,alex green,no face,0.0,,,,,,,,,,,,
Antoine Green,antoine green,ok,0.121,154,77,47,96.6,161,158,158,158.9,-21.9,-32.8,-14.9,0.15
Barrett Green,barrett green,no face,0.0,,,,,,,,,,,,
Eric Green,eric green,no face,0.0,,,,,,,,,,,,
Chaz Green,chaz green,ok,0.111,181,113,83,129.9,20,20,18,19.8,31.9,112.4,111.4,0.42
Cornell Green,cornell green,no face,0.0,,,,,,,,,,,,
Gerri Green,gerri green,ok,0.126,118,68,45,80.3,8,8,9,8.1,36.3,68.0,66.2,0.49
Howard Green,howard green,no face,0.0,,,,,,,,,,,,
Isaiah Green,isaiah green,no face,0.0,,,,,,,,,,,,
Jamaal Green,jamaal green,no face,0.0,,,,,,,,,,,,
Brandon Green,brandon green,no face,0.0,,,,,,,,,,,,
Jarvis Green,jarvis green,no face,0.0,,,,,,,,,,,,
Jonte Green,jonte green,no face,0.0,,,,,,,,,,,,
Justin Green,justin green,no face,0.0,,,,,,,,,,,,
Kendrick Green,kendrick green,ok,0.109,222,144,118,164.0,15,13,13,13.6,146.4,92.0,71.1,0.796
Kenyon Green,kenyon green,ok,0.094,115,67,55,80.0,28,26,30,27.1,-19.6,-37.5,-17.9,1.0
Ladarius Green,ladarius green,no face,0.0,,,,,,,,,,,,
Louis Green,louis green,no face,0.0,,,,,,,,,,,,
Marcus Green,marcus green,no face,0.0,,,,,,,,,,,,
Marshay Green,marshay green,no face,0.0,,,,,,,,,,,,
Michael Green,michael green,no face,0.0,,,,,,,,,,,,
Mike Green,mike green,no face,0.0,,,,,,,,,,,,
Rasheem Green,rasheem green,ok,0.112,125,71,56,85.4,17,14,15,15.0,80.7,8.6,46.2,0.529
Renardo Green,renardo green,ok,0.135,161,92,60,109.0,20,18,17,18.5,62.3,-13.2,25.0,0.958
Roderick Green,roderick green,no face,0.0,,,,,,,,,,,,
Skyler Green,skyler green,no face,0.0,,,,,,,,,,,,
T.J. Green,tj green,ok,0.196,186,130,100,143.3,28,25,25,25.9,100.6,131.5,127.5,0.63
Tion Green,tion green,no face,0.0,,,,,,,,,,,,
Trent Green,trent green,no face,0.0,,,,,,,,,,,,
Tyronne Green,tyronne green,no face,0.0,,,,,,,,,,,,
Virgil Green,virgil green,ok,0.134,182,119,98,135.5,31,26,26,27.5,79.1,38.1,53.0,0.723
William Green,william green,no face,0.0,,,,,,,,,,,,
Dorial Green-Beckham,dorial green beckham,no face,0.0,,,,,,,,,,,,
BenJarvus Green-Ellis,benjarvus green ellis,no face,0.0,,,,,,,,,,,,
Jonathan Greenard,jonathan greenard,ok,0.123,155,99,66,112.0,17,15,13,15.4,97.4,-6.3,23.4,0.807
Courtney Greene,courtney greene,no face,0.0,,,,,,,,,,,,
Darrell Greene,darrell greene,ok,0.187,165,96,77,114.5,43,32,28,34.8,-3.3,78.3,36.2,0.182
David Greene,david greene,no face,0.0,,,,,,,,,,,,
Khaseem Greene,khaseem greene,no face,0.0,,,,,,,,,,,,
Rashad Greene,rashad greene,ok,0.19,179,121,98,135.7,16,12,11,13.1,59.2,105.6,99.0,0.758
Shonn Greene,shonn greene,no face,0.0,,,,,,,,,,,,
Isaiah Greenhouse,isaiah greenhouse,no face,0.0,,,,,,,,,,,,
Dre Greenlaw,dre greenlaw,ok,0.112,147,80,46,96.2,18,16,15,16.5,21.5,80.0,79.6,0.785
Chad Greenway,chad greenway,no face,0.0,,,,,,,,,,,,
Chris Greenwood,chris greenwood,no face,0.0,,,,,,,,,,,,
Cory Greenwood,cory greenwood,no face,0.0,,,,,,,,,,,,
Morlon Greenwood,morlon greenwood,no face,0.0,,,,,,,,,,,,
Jabari Greer,jabari greer,no face,0.0,,,,,,,,,,,,
Kelly Gregg,kelly gregg,no face,0.0,,,,,,,,,,,,
Damian Gregory,damian gregory,no face,0.0,,,,,,,,,,,,
Randy Gregory,randy gregory,ok,0.128,167,104,79,120.0,36,34,32,34.3,89.4,-2.8,49.5,0.247
Steve Gregory,steve gregory,no face,0.0,,,,,,,,,,,,
Nick Greisen,nick greisen,no face,0.0,,,,,,,,,,,,
Clint Gresham,clint gresham,no face,0.0,,,,,,,,,,,,
Jermaine Gresham,jermaine gresham,ok,0.217,117,73,51,83.6,15,15,13,14.8,-115.4,,-119.5,0.111
Marion Grice,marion grice,no face,0.0,,,,,,,,,,,,
Will Grier,will grier,ok,0.134,185,131,110,144.8,60,46,42,49.6,114.7,126.9,125.6,0.048
Brian Griese,brian griese,no face,0.0,,,,,,,,,,,,
Everson Griffen,everson griffen,ok,0.192,178,115,84,130.5,26,18,15,20.1,64.1,31.8,18.6,0.244
Cedric Griffin,cedric griffin,no face,0.0,,,,,,,,,,,,
Cornelius Griffin,cornelius griffin,no face,0.0,,,,,,,,,,,,
Garrett Griffin,garrett griffin,ok,0.181,191,130,103,145.2,110,92,81,96.1,27.7,55.1,72.0,0.024
Kris Griffin,kris griffin,no face,0.0,,,,,,,,,,,,
Michael Griffin,michael griffin,no face,0.0,,,,,,,,,,,,
Quentin Griffin,quentin griffin,no face,0.0,,,,,,,,,,,,
Robert Griffin,robert griffin,no face,0.0,,,,,,,,,,,,
Ryan Griffin,ryan griffin,ok,0.155,227,173,151,186.6,94,74,65,79.0,29.6,13.6,32.1,0.035
Shaquem Griffin,shaquem griffin,ok,0.128,132,83,64,95.5,14,12,12,12.6,-24.7,11.6,18.4,0.901
Shaquill Griffin,shaquill griffin,ok,0.119,160,97,74,113.2,38,34,34,35.2,-19.2,86.1,79.4,0.45
Nakia Griffin-Stewart,nakia griffin stewart,ok,0.151,196,134,104,149.1,31,23,20,25.1,28.0,127.2,111.1,0.455
Jonas Griffith,jonas griffith,ok,0.129,140,102,78,110.6,19,19,16,18.7,94.4,21.7,24.0,0.576
Justin Griffith,justin griffith,no face,0.0,,,,,,,,,,,,
Robert Griffith,robert griffith,no face,0.0,,,,,,,,,,,,
Boomer Grigsby,boomer grigsby,no face,0.0,,,,,,,,,,,,
Nicholas Grigsby,nicholas grigsby,ok,0.13,133,90,68,100.3,18,18,19,18.1,18.0,73.4,51.9,0.711
Nic Grigsby,nic grigsby,no face,0.0,,,,,,,,,,,,
Otis Grigsby,otis grigsby,no face,0.0,,,,,,,,,,,,
Xavier Grimble,xavier grimble,ok,0.12,162,114,87,125.3,28,28,24,27.5,15.3,106.8,101.9,0.366
Brent Grimes,brent grimes,ok,0.225,156,97,62,110.7,29,18,14,20.8,27.6,,28.0,0.061
Jonathan Grimes,jonathan grimes,no face,0.0,,,,,,,,,,,,
Cody Grimm,cody grimm,no face,0.0,,,,,,,,,,,,
Geneo Grissom,geneo grissom,ok,0.144,115,74,58,84.4,30,25,24,26.4,8.9,13.4,23.3,0.396
DeJuan Groce,dejuan groce,no face,0.0,,,,,,,,,,,,
Chris Gronkowski,chris gronkowski,no face,0.0,,,,,,,,,,,,
Dan Gronkowski,dan gronkowski,no face,0.0,,,,,,,,,,,,
Glenn Gronkowski,glenn gronkowski,no face,0.0,,,,,,,,,,,,
Rob Gronkowski,rob gronkowski,ok,0.163,204,153,131,165.7,50,29,21,34.4,-10.1,-25.9,-20.1,0.147
Andy Groom,andy groom,no face,0.0,,,,,,,,,,,,
Jordan Gross,jordan gross,no face,0.0,,,,,,,,,,,,
Yetur Gross-Matos,yetur gross matos,ok,0.12,172,116,78,128.4,23,21,19,21.4,23.9,23.6,76.5,0.893
Rex Grossman,rex grossman,ok,0.108,192,156,124,163.1,60,61,77,62.5,40.7,-15.4,114.5,0.825
Jake Grove,jake grove,no face,0.0,,,,,,,,,,,,
Quentin Groves,quentin groves,no face,0.0,,,,,,,,,,,,
Ryan Groy,ryan groy,ok,0.156,212,162,142,174.2,74,56,50,60.9,39.9,105.7,75.6,0.046
Ben Grubbs,ben grubbs,no face,0.0,,,,,,,,,,,,
Kamu Grugier-Hill,kamu grugier hill,ok,0.133,195,142,113,154.5,30,25,22,26.2,32.5,115.3,97.4,0.645
Aaron Grymes,aaron grymes,no face,0.0,,,,,,,,,,,,
Isaac Guerendo,isaac guerendo,ok,0.117,212,151,114,165.0,11,9,9,9.6,55.1,-19.8,12.6,1.0
Derrius Guice,derrius guice,ok,0.187,181,124,92,137.4,163,120,84,129.0,94.2,18.6,31.9,0.04
Javelin Guidry,javelin guidry,ok,0.11,79,49,36,56.5,22,19,17,19.7,23.7,45.6,44.6,0.139
Letroy Guion,letroy guion,no face,0.0,,,,,,,,,,,,
Jose Gumbs,jose gumbs,no face,0.0,,,,,,,,,,,,
Harland Gunn,harland gunn,no face,0.0,,,,,,,,,,,,
LaDarius Gunter,ladarius gunter,ok,0.209,165,92,62,110.4,25,16,14,18.5,43.5,32.0,38.8,0.459
Rodney Gunter,rodney gunter,ok,0.159,114,70,53,81.1,21,18,17,19.1,63.2,30.1,60.9,0.259
Tori Gurley,tori gurley,no face,0.0,,,,,,,,,,,,
Todd Gurley,todd gurley,ok,0.117,186,125,92,139.5,18,16,15,16.5,20.0,83.2,73.3,0.687
Andre Gurode,andre gurode,no face,0.0,,,,,,,,,,,,
Porter Gustin,porter gustin,ok,0.202,235,185,164,197.5,170,145,133,151.1,52.1,136.8,175.6,0.011
Brock Gutierrez,brock gutierrez,no face,0.0,,,,,,,,,,,,
Matt Gutierrez,matt gutierrez,no face,0.0,,,,,,,,,,,,
Lawrence Guy,lawrence guy,ok,0.133,182,133,108,144.8,81,60,47,64.8,54.3,110.2,112.9,0.03
Winston Guy,winston guy,no face,0.0,,,,,,,,,,,,
Gary Guyton,gary guyton,no face,0.0,,,,,,,,,,,,
Jalen Guyton,jalen guyton,ok,0.13,221,175,148,185.7,40,35,31,36.0,147.7,53.6,38.5,0.163
Tyler Guyton,tyler guyton,ok,0.139,134,89,72,100.5,22,18,16,19.0,46.6,25.3,60.7,0.377
Ramon Guzman,ramon guzman,no face,0.0,,,,,,,,,,,,
Obum Gwacham,obum gwacham,ok,0.171,166,101,61,115.9,87,67,53,71.4,20.7,79.1,73.6,0.04
Jovaughn Gwyn,jovaughn gwyn,ok,0.113,161,108,87,121.5,9,7,7,7.6,102.4,-38.2,26.8,0.966
Matt Haack,matt haack,ok,0.195,177,137,130,148.2,53,44,36,46.1,-20.8,27.2,32.6,0.134
Adam Haayer,adam haayer,no face,0.0,,,,,,,,,,,,
Christian Hackenberg,christian hackenberg,no face,0.0,,,,,,,,,,,,
D.J. Hackett,dj hackett,no face,0.0,,,,,,,,,,,,
Drew Haddad,drew haddad,no face,0.0,,,,,,,,,,,,
Kamal Hadden,kamal hadden,ok,0.114,158,77,45,97.6,15,14,13,14.2,33.8,79.6,49.6,0.632
Joe Haden,joe haden,ok,0.15,174,130,98,139.5,126,91,66,98.6,-64.7,33.8,28.7,0.135
Rex Hadnot,rex hadnot,no face,0.0,,,,,,,,,,,,
Joe Haeg,joe haeg,ok,0.16,239,196,188,207.9,193,153,134,162.8,20.1,88.3,127.6,0.029
Jake Haener,jake haener,ok,0.168,171,139,132,147.8,41,28,21,31.1,25.1,3.1,-4.2,0.077
Derek Hagan,derek hagan,no face,0.0,,,,,,,,,,,,
Marques Hagans,marques hagans,no face,0.0,,,,,,,,,,,,
Ra'Shede Hageman,rashede hageman,ok,0.17,170,98,66,115.8,31,25,24,26.7,8.8,97.2,96.9,0.527
Bryce Hager,bryce hager,ok,0.159,188,137,118,150.2,43,34,31,36.3,-44.6,73.7,91.3,0.261
Eric Hagg,eric hagg,no face,0.0,,,,,,,,,,,,
Mario Haggan,mario haggan,no face,0.0,,,,,,,,,,,,
Clark Haggans,clark haggans,no face,0.0,,,,,,,,,,,,
Tyjuan Hagler,tyjuan hagler,no face,0.0,,,,,,,,,,,,
Robert Hainsey,robert hainsey,ok,0.118,231,168,156,185.5,17,12,14,13.8,40.1,163.3,165.2,0.724
Chris Hairston,chris hairston,no face,0.0,,,,,,,,,,,,
Justise Hairston,justise hairston,no face,0.0,,,,,,,,,,,,
Maxwell Hairston,maxwell hairston,ok,0.077,142,86,80,102.1,18,52,198,58.5,75.1,0.3,49.2,0.913
Nate Hairston,nate hairston,ok,0.137,134,89,75,100.9,86,66,50,70.2,17.7,86.5,84.8,0.015
Lirim Hajrullahu,lirim hajrullahu,ok,0.164,162,112,88,124.2,107,77,55,83.5,-21.3,-18.6,-0.6,0.017
Az-Zahir Hakim,az zahir hakim,no face,0.0,,,,,,,,,,,,
Saalim Hakim,saalim hakim,no face,0.0,,,,,,,,,,,,
Andre Hal,andre hal,ok,0.173,174,123,100,135.8,31,33,37,32.9,50.6,41.0,58.9,0.459
Jon Halapio,jon halapio,ok,0.154,236,172,133,186.7,50,39,39,42.3,71.7,162.5,150.2,0.31
David Hale,david hale,no face,0.0,,,,,,,,,,,,
Dennis Haley,dennis haley,no face,0.0,,,,,,,,,,,,
Grant Haley,grant haley,ok,0.164,188,120,90,136.9,37,30,31,32.2,49.5,47.2,44.2,0.575
Jermaine Haley,jermaine haley,no face,0.0,,,,,,,,,,,,
Tamba Hali,tamba hali,ok,0.17,116,67,47,79.4,60,46,39,49.4,-6.5,16.4,21.0,0.019
Ahmard Hall,ahmard hall,no face,0.0,,,,,,,,,,,,
Alex Hall,alex hall,no face,0.0,,,,,,,,,,,,
Andre Hall,andre hall,no face,0.0,,,,,,,,,,,,
Andy Hall,andy hall,no face,0.0,,,,,,,,,,,,
Breece Hall,breece hall,ok,0.086,76,47,38,54.6,27,28,30,27.9,32.6,-14.6,-0.9,1.0
Bryan Hall,bryan hall,no face,0.0,,,,,,,,,,,,
Bryce Hall,bryce hall,ok,0.127,150,100,70,111.5,28,27,27,27.3,51.4,4.6,-6.8,0.444
Carlos Hall,carlos hall,no face,0.0,,,,,,,,,,,,
Chad Hall,chad hall,no face,0.0,,,,,,,,,,,,
Cory Hall,cory hall,no face,0.0,,,,,,,,,,,,
Daeshon Hall,daeshon hall,ok,0.154,192,130,105,145.7,30,24,28,26.2,8.9,124.7,108.7,0.422
Dante Hall,dante hall,no face,0.0,,,,,,,,,,,,
Darren Hall,darren hall,ok,0.135,159,115,105,127.0,25,21,20,22.1,88.7,69.1,75.7,0.267
DeAngelo Hall,deangelo hall,no face,0.0,,,,,,,,,,,,
Deiondre' Hall,deiondre hall,ok,0.172,183,118,91,134.1,31,28,27,28.8,24.4,84.7,49.6,0.595
Derick Hall,derick hall,ok,0.132,114,83,70,90.8,24,22,21,22.5,-15.0,68.5,64.5,0.194
Lamont Hall,lamont hall,no face,0.0,,,,,,,,,,,,
James Hall,james hall,no face,0.0,,,,,,,,,,,,
Jaren Hall,jaren hall,ok,0.141,194,154,135,163.8,28,22,19,23.5,65.2,18.1,101.4,0.888
John Hall,john hall,no face,0.0,,,,,,,,,,,,
Kemon Hall,kemon hall,ok,0.116,112,64,52,77.0,24,23,22,23.2,4.0,45.0,48.9,0.95
Korey Hall,korey hall,no face,0.0,,,,,,,,,,,,
Leon Hall,leon hall,ok,0.187,154,96,78,111.3,113,82,80,91.0,9.1,52.5,65.2,0.119
Logan Hall,logan hall,ok,0.131,221,154,117,169.5,16,13,12,13.8,155.6,-7.2,52.9,0.963
Marvin Hall,marvin hall,ok,0.156,156,103,75,115.7,13,12,12,12.3,46.0,101.7,70.8,0.718
Max Hall,max hall,no face,0.0,,,,,,,,,,,,
P.J. Hall,pj hall,ok,0.155,223,132,105,156.1,63,58,59,59.6,89.0,137.8,125.4,0.379
Rannell Hall,rannell hall,no face,0.0,,,,,,,,,,,,
Roy Hall,roy hall,no face,0.0,,,,,,,,,,,,
Travis Hall,travis hall,no face,0.0,,,,,,,,,,,,
Tyler Hall,tyler hall,ok,0.117,229,155,122,173.4,22,21,19,21.1,36.5,19.2,24.6,0.603
Bob Hallen,bob hallen,no face,0.0,,,,,,,,,,,,
Erick Hallett,erick hallett,ok,0.104,152,96,80,110.9,16,16,16,16.0,26.3,44.9,57.9,0.928
Aaron Halterman,aaron halterman,no face,0.0,,,,,,,,,,,,
C.J. Ham,cj ham,ok,0.133,161,97,59,111.8,24,15,12,17.3,72.5,30.0,38.4,0.231
Troy Hambrick,troy hambrick,no face,0.0,,,,,,,,,,,,
Arlington Hambright,arlington hambright,ok,0.125,117,85,79,93.9,24,23,24,23.4,45.4,36.5,52.0,0.829
Adrian Hamilton,adrian hamilton,no face,0.0,,,,,,,,,,,,
Antonio Hamilton,antonio hamilton,ok,0.146,187,126,100,141.3,69,52,35,55.1,114.1,-4.4,11.7,0.456
Ben Hamilton,ben hamilton,no face,0.0,,,,,,,,,,,,
Bobby Hamilton,bobby hamilton,no face,0.0,,,,,,,,,,,,
Cobi Hamilton,cobi hamilton,no face,0.0,,,,,,,,,,,,
DaVon Hamilton,davon hamilton,ok,0.106,167,110,88,124.5,33,28,30,29.7,53.4,113.6,108.0,0.239
DaeSean Hamilton,daesean hamilton,ok,0.136,155,97,77,112.1,21,19,19,19.6,47.2,23.4,27.9,0.875
Derrick Hamilton,derrick hamilton,no face,0.0,,,,,,,,,,,,
Jakar Hamilton,jakar hamilton,no face,0.0,,,,,,,,,,,,
Justin Hamilton,justin hamilton,no face,0.0,,,,,,,,,,,,
Kyle Hamilton,kyle hamilton,ok,0.126,171,112,88,126.9,10,8,8,8.6,85.5,16.5,15.3,0.984
Kyonte Hamilton,kyonte hamilton,ok,0.122,218,149,115,165.8,25,18,15,20.0,116.5,52.2,152.0,0.117
La'Darius Hamilton,ladarius hamilton,ok,0.114,134,85,68,97.7,50,46,48,47.4,-11.7,-51.8,3.0,1.0
Lawrence Hamilton,lawrence hamilton,no face,0.0,,,,,,,,,,,,
Lynell Hamilton,lynell hamilton,no face,0.0,,,,,,,,,,,,
Marcus Hamilton,marcus hamilton,no face,0.0,,,,,,,,,,,,
Shaun Dion Hamilton,shaun dion hamilton,ok,0.148,200,121,81,139.9,30,29,28,29.2,23.8,77.0,98.9,0.538
Ty Hamilton,ty hamilton,ok,0.116,77,46,40,54.6,19,18,20,18.5,-81.2,-79.9,-77.3,0.778
Woodrow Hamilton,woodrow hamilton,ok,0.139,139,92,77,104.3,21,17,14,17.9,64.1,40.2,63.9,0.76
KJ Hamler,kj hamler,ok,0.104,185,135,112,147.3,26,24,25,24.7,46.6,50.0,45.7,1.0
Connor Hamlett,connor hamlett,no face,0.0,,,,,,,,,,,,
Damar Hamlin,damar hamlin,ok,0.108,169,110,92,125.6,16,16,19,16.3,105.1,43.0,69.9,1.0
Ken Hamlin,ken hamlin,no face,0.0,,,,,,,,,,,,
Frankie Hammond,frankie hammond,no face,0.0,,,,,,,,,,,,
Josh Hammond,josh hammond,ok,0.178,161,99,69,114.1,29,23,18,24.2,-8.4,80.7,64.3,0.27
Casey Hampton,casey hampton,no face,0.0,,,,,,,,,,,,
Dominique Hampton,dominique hampton,ok,0.13,144,96,67,107.0,25,23,21,23.4,63.4,31.9,20.2,0.827
Jewel Hampton,jewel hampton,no face,0.0,,,,,,,,,,,,
Nick Hampton,nick hampton,ok,0.081,137,88,71,100.7,24,22,21,22.5,38.8,76.0,13.2,0.393
Omarion Hampton,omarion hampton,ok,0.109,207,146,121,161.4,15,15,21,15.7,36.6,26.6,49.2,0.999
Saquan Hampton,saquan hampton,ok,0.128,207,135,107,153.3,11,11,10,10.9,100.2,78.0,66.2,1.0
Victor Hampton,victor hampton,no face,0.0,,,,,,,,,,,,
William Hampton,william hampton,no face,0.0,,,,,,,,,,,,
Blake Hance,blake hance,ok,0.139,224,166,142,180.5,16,10,8,11.6,116.2,70.6,122.4,0.545
Jordan Hancock,jordan hancock,ok,0.109,218,160,136,174.8,36,34,36,34.8,25.6,139.1,82.9,0.225
Da'Shawn Hand,dashawn hand,ok,0.113,171,121,104,134.0,24,20,18,21.0,123.9,70.0,54.9,0.095
Harrison Hand,harrison hand,ok,0.096,108,83,77,89.8,27,26,28,26.5,55.7,73.6,74.3,0.54
Norman Hand,norman hand,no face,0.0,,,,,,,,,,,,
Geoff Hangartner,geoff hangartner,no face,0.0,,,,,,,,,,,,
Caleb Hanie,caleb hanie,no face,0.0,,,,,,,,,,,,
Leonard Hankerson,leonard hankerson,no face,0.0,,,,,,,,,,,,
Johnathan Hankins,johnathan hankins,ok,0.119,201,130,100,148.0,28,26,23,26.3,131.0,95.6,129.9,0.247
Cortez Hankton,cortez hankton,no face,0.0,,,,,,,,,,,,
Karl Hankton,karl hankton,no face,0.0,,,,,,,,,,,,
James Hanna,james hanna,no face,0.0,,,,,,,,,,,,
John Hannah,john hannah,ok,0.158,78,26,19,40.7,188,161,186,171.9,6.9,,8.1,0.202
Ryan Hannam,ryan hannam,no face,0.0,,,,,,,,,,,,
Chris Hannon,chris hannon,no face,0.0,,,,,,,,,,,,
Chase Hansen,chase hansen,ok,0.204,166,121,99,131.9,54,43,36,45.5,-30.6,25.9,-5.6,0.145
Chad Hansen,chad hansen,ok,0.179,186,134,110,146.8,108,77,61,84.4,-50.4,-18.5,-16.9,0.084
Chris Hanson,chris hanson,no face,0.0,,,,,,,,,,,,
C.J. Hanson,cj hanson,ok,0.116,224,157,144,175.6,100,74,58,79.9,9.7,80.7,90.5,0.005
Jake Hanson,jake hanson,ok,0.146,215,184,179,192.7,59,48,45,50.9,73.2,143.6,126.9,0.045
Jason Hanson,jason hanson,no face,0.0,,,,,,,,,,,,
Joselio Hanson,joselio hanson,no face,0.0,,,,,,,,,,,,
Patrick Hape,patrick hape,no face,0.0,,,,,,,,,,,,
Parys Haralson,parys haralson,no face,0.0,,,,,,,,,,,,
Clay Harbor,clay harbor,no face,0.0,,,,,,,,,,,,
Justin Hardee,justin hardee,ok,0.138,157,118,87,126.1,19,17,18,17.7,78.8,33.6,70.7,0.476
Myles Harden,myles harden,ok,0.168,102,56,30,66.8,20,16,15,16.9,5.1,-66.9,-12.0,0.435
Montario Hardesty,montario hardesty,no face,0.0,,,,,,,,,,,,
Brandon Hardin,brandon hardin,no face,0.0,,,,,,,,,,,,
Marcus Hardison,marcus hardison,no face,0.0,,,,,,,,,,,,
Mecole Hardman,mecole hardman,ok,0.11,169,89,54,108.9,20,17,15,17.7,17.3,89.8,72.7,0.344
Derek Hardman,derek hardman,no face,0.0,,,,,,,,,,,,
Nick Hardwick,nick hardwick,no face,0.0,,,,,,,,,,,,
Daequan Hardy,daequan hardy,ok,0.112,214,142,111,160.3,15,14,15,14.4,125.0,73.3,73.7,0.832
Daniel Hardy,daniel hardy,no face,0.0,,,,,,,,,,,,
Greg Hardy,greg hardy,no face,0.0,,,,,,,,,,,,
JaQuan Hardy,jaquan hardy,ok,0.132,164,96,67,113.2,8,7,8,7.4,23.3,31.9,72.9,0.389
James Hardy,james hardy,no face,0.0,,,,,,,,,,,,
Justin Hardy,justin hardy,ok,0.151,179,110,79,127.1,41,35,32,36.5,66.6,113.2,111.4,0.595
Kevin Hardy,kevin hardy,no face,0.0,,,,,,,,,,,,
Ramon Harewood,ramon harewood,no face,0.0,,,,,,,,,,,,
Javon Hargrave,javon hargrave,ok,0.106,144,86,65,101.2,14,13,11,13.1,64.3,32.9,72.2,0.462
Vernon Hargreaves III,vernon hargreaves,ok,0.194,174,108,72,123.6,24,19,17,20.3,92.9,10.0,33.5,0.306
Anthony Hargrove,anthony hargrove,no face,0.0,,,,,,,,,,,,
Cory Harkey,cory harkey,no face,0.0,,,,,,,,,,,,
Sean Harlow,sean harlow,ok,0.187,201,136,111,152.6,34,26,20,27.7,94.9,118.4,115.8,0.166
Derrick Harmon,derrick harmon,ok,0.108,215,143,118,161.6,25,25,27,25.2,138.9,14.3,61.3,0.755
Duron Harmon,duron harmon,ok,0.219,131,80,66,93.7,59,43,44,47.9,39.8,12.9,25.0,0.061
Kelvin Harmon,kelvin harmon,ok,0.144,110,82,70,89.0,18,15,14,15.8,55.8,28.9,34.7,0.437
Chandler Harnish,chandler harnish,no face,0.0,,,,,,,,,,,,
Eli Harold,eli harold,ok,0.128,172,82,59,106.3,27,27,23,26.5,30.7,85.3,65.6,0.402
Alan Harper,alan harper,no face,0.0,,,,,,,,,,,,
Chris Harper,chris harper,no face,0.0,,,,,,,,,,,,
Deveron Harper,deveron harper,no face,0.0,,,,,,,,,,,,
Devin Harper,devin harper,ok,0.117,175,119,95,133.0,26,26,25,25.9,104.8,61.4,75.6,0.312
Jamie Harper,jamie harper,no face,0.0,,,,,,,,,,,,
Justin Harper,justin harper,no face,0.0,,,,,,,,,,,,
Madre Harper,madre harper,ok,0.124,187,118,86,135.0,36,36,36,36.0,90.5,98.1,80.3,0.867
Nick Harper,nick harper,no face,0.0,,,,,,,,,,,,
Roman Harper,roman harper,no face,0.0,,,,,,,,,,,,
Graham Harrell,graham harrell,no face,0.0,,,,,,,,,,,,
Jaylen Harrell,jaylen harrell,ok,0.12,157,93,60,108.4,11,9,8,9.5,89.2,34.1,36.6,0.728
Justin Harrell,justin harrell,no face,0.0,,,,,,,,,,,,
Chris Harrington,chris harrington,no face,0.0,,,,,,,,,,,,
Joey Harrington,joey harrington,no face,0.0,,,,,,,,,,,,
Al Harris,al harris,no face,0.0,,,,,,,,,,,,
Anthony Harris,anthony harris,no face,0.0,,,,,,,,,,,,
Antoine Harris,antoine harris,no face,0.0,,,,,,,,,,,,
Arlen Harris,arlen harris,no face,0.0,,,,,,,,,,,,
Brandon Harris,brandon harris,no face,0.0,,,,,,,,,,,,
Bryce Harris,bryce harris,ok,0.178,216,158,145,173.9,106,88,76,91.7,-23.1,51.5,18.2,0.102
Cary Harris,cary harris,no face,0.0,,,,,,,,,,,,
Charles Harris,charles harris,ok,0.105,116,72,56,83.3,57,57,54,56.6,27.2,25.3,31.7,0.094
Tuff Harris,tuff harris,no face,0.0,,,,,,,,,,,,
Christian Harris,christian harris,ok,0.117,125,94,88,102.5,13,11,11,11.6,48.8,80.8,57.8,0.948
Chris Harris,chris harris,no face,0.0,,,,,,,,,,,,
Clark Harris,clark harris,ok,0.227,82,50,35,57.9,72,61,56,63.7,32.1,22.4,29.4,0.007
Tre Harris,tre harris,ok,0.12,135,84,66,97.2,29,30,41,31.0,-22.0,-62.4,-36.8,1.0
DaJohn Harris,dajohn harris,no face,0.0,,,,,,,,,,,,
Damien Harris,damien harris,ok,0.104,204,129,107,148.9,12,12,13,12.1,68.9,132.0,116.9,0.599
Darius Harris,darius harris,ok,0.131,165,107,81,121.4,55,42,40,45.7,26.4,88.2,52.8,0.069
David Harris,david harris,no face,0.0,,,,,,,,,,,,
Davontae Harris,davontae harris,ok,0.188,112,71,51,81.0,45,41,35,41.5,-11.1,-17.1,27.3,0.297
De'Michael Harris,demichael harris,ok,0.158,185,132,100,144.2,22,24,21,23.1,36.5,95.6,84.8,0.765
De'Vante Harris,devante harris,ok,0.144,120,66,46,79.9,24,23,23,23.3,69.0,46.9,33.2,0.75
Demetrius Harris,demetrius harris,ok,0.179,166,105,86,121.1,10,6,6,7.2,69.6,-1.3,30.0,0.921
Demone Harris,demone harris,ok,0.092,96,69,60,76.2,28,26,27,26.7,48.7,56.0,58.1,0.885
Dominique Harris,dominique harris,no face,0.0,,,,,,,,,,,,
DuJuan Harris,dujuan harris,no face,0.0,,,,,,,,,,,,
Dwayne Harris,dwayne harris,ok,0.131,159,102,84,116.9,43,41,40,41.5,20.8,84.1,79.8,0.778
Erik Harris,erik harris,ok,0.177,196,140,114,153.7,165,162,160,162.7,26.0,56.7,73.0,0.072
Gilbert Harris,gilbert harris,no face,0.0,,,,,,,,,,,,
Jacob Harris,jacob harris,ok,0.109,204,151,133,164.8,80,70,66,73.0,2.6,76.3,37.5,0.201
Jeremy Harris,jeremy harris,no face,0.0,,,,,,,,,,,,
Jonathan Harris,jonathan harris,ok,0.136,161,96,68,112.2,19,13,11,14.6,25.7,84.7,76.0,0.377
Joey Harris,joey harris,no face,0.0,,,,,,,,,,,,
Josh Harris,josh harris,no face,0.0,,,,,,,,,,,,
Kevin Harris,kevin harris,no face,0.0,,,,,,,,,,,,
Kwame Harris,kwame harris,no face,0.0,,,,,,,,,,,,
Leroy Harris,leroy harris,no face,0.0,,,,,,,,,,,,
Marcell Harris,marcell harris,ok,0.071,77,37,25,47.6,25,38,42,34.6,37.3,-4.8,2.1,0.98
Marcus Harris,marcus harris,no face,0.0,,,,,,,,,,,,
Marques Harris,marques harris,no face,0.0,,,,,,,,,,,,
Maurice Harris,maurice harris,ok,0.156,201,136,101,151.4,21,20,19,20.2,56.8,38.3,86.2,0.629
Mike Harris,mike harris,no face,0.0,,,,,,,,,,,,
Najee Harris,najee harris,ok,0.12,152,95,70,109.1,24,23,27,23.8,0.0,85.5,63.8,0.583
Napoleon Harris,napoleon harris,no face,0.0,,,,,,,,,,,,
Nate Harris,nate harris,no face,0.0,,,,,,,,,,,,
Nic Harris,nic harris,no face,0.0,,,,,,,,,,,,
Nick Harris,nick harris,no face,0.0,,,,,,,,,,,,
Nigel Harris,nigel harris,ok,0.117,87,47,32,57.2,223,222,219,222.0,-16.8,9.0,-32.1,0.205
Orien Harris,orien harris,no face,0.0,,,,,,,,,,,,
Quentin Harris,quentin harris,no face,0.0,,,,,,,,,,,,
Ra'Shon Harris,rashon harris,no face,0.0,,,,,,,,,,,,
Ryan Harris,ryan harris,no face,0.0,,,,,,,,,,,,
Shelby Harris,shelby harris,ok,0.123,117,76,54,85.8,12,11,11,11.3,80.8,-6.8,49.6,0.186
Steven Harris,steven harris,no face,0.0,,,,,,,,,,,,
Tim Harris,tim harris,ok,0.129,197,125,101,143.8,41,37,41,38.7,4.6,111.6,85.3,0.587
Tommie Harris,tommie harris,no face,0.0,,,,,,,,,,,,
Trent Harris,trent harris,ok,0.135,178,117,82,131.2,20,15,13,16.3,23.4,105.2,76.9,0.86
Victor Harris,victor harris,no face,0.0,,,,,,,,,,,,
Walt Harris,walt harris,no face,0.0,,,,,,,,,,,,
Will Harris,will harris,ok,0.14,210,132,101,151.5,15,14,13,14.2,115.3,57.7,54.2,0.651
Anton Harrison,anton harrison,ok,0.098,154,103,87,116.4,25,21,23,22.4,102.5,42.2,92.7,0.284
Arnold Harrison,arnold harrison,no face,0.0,,,,,,,,,,,,
Brandon Harrison,brandon harrison,no face,0.0,,,,,,,,,,,,
Damon Harrison,damon harrison,ok,0.142,174,95,65,115.2,23,22,20,22.1,98.6,-23.1,57.6,0.798
James Harrison,james harrison,no face,0.0,,,,,,,,,,,,
Jarvis Harrison,jarvis harrison,no face,0.0,,,,,,,,,,,,
Jerome Harrison,jerome harrison,no face,0.0,,,,,,,,,,,,
Jonotthan Harrison,jonotthan harrison,ok,0.12,185,139,133,152.1,51,48,48,48.9,24.9,123.5,108.9,0.254
Kevin Harrison,kevin harrison,no face,0.0,,,,,,,,,,,,
Malik Harrison,malik harrison,ok,0.084,219,155,138,172.2,32,31,33,31.5,22.3,152.3,147.0,0.564
Marcus Harrison,marcus harrison,no face,0.0,,,,,,,,,,,,
Marvin Harrison,marvin harrison,ok,0.063,74,36,30,46.7,187,188,190,187.9,,,,0.185
Rodney Harrison,rodney harrison,no face,0.0,,,,,,,,,,,,
Ronnie Harrison,ronnie harrison,ok,0.152,116,74,61,85.1,16,13,11,13.7,-11.9,28.7,-18.6,0.683
Zach Harrison,zach harrison,ok,0.105,90,54,42,63.3,23,19,19,20.2,-4.8,20.7,21.6,0.203
N'Keal Harry,nkeal harry,ok,0.126,177,122,88,134.6,28,25,25,25.9,-6.0,103.8,68.0,0.751
Cam Hart,cam hart,ok,0.108,155,89,70,106.6,6,5,7,5.5,20.8,48.3,68.3,0.467
Clinton Hart,clinton hart,no face,0.0,,,,,,,,,,,,
Derek Hart,derek hart,no face,0.0,,,,,,,,,,,,
Larry Hart,larry hart,no face,0.0,,,,,,,,,,,,
Mike Hart,mike hart,no face,0.0,,,,,,,,,,,,
Penny Hart,penny hart,ok,0.099,111,88,85,94.5,30,30,30,30.0,73.5,70.6,24.0,0.406
Bobby Hart,bobby hart,ok,0.133,140,76,46,91.8,34,25,19,27.0,15.8,67.6,75.4,0.101
Taylor Hart,taylor hart,ok,0.204,224,161,144,177.9,39,32,27,33.5,11.0,67.2,26.1,0.422
Jeff Hartings,jeff hartings,no face,0.0,,,,,,,,,,,,
Garrett Hartley,garrett hartley,no face,0.0,,,,,,,,,,,,
Brian Hartline,brian hartline,no face,0.0,,,,,,,,,,,,
Tysyn Hartman,tysyn hartman,no face,0.0,,,,,,,,,,,,
Shaunard Harts,shaunard harts,no face,0.0,,,,,,,,,,,,
Myles Hartsfield,myles hartsfield,ok,0.127,173,108,84,124.7,29,25,24,26.1,58.0,98.9,104.0,0.446
Ben Hartsock,ben hartsock,no face,0.0,,,,,,,,,,,,
Justin Hartwig,justin hartwig,no face,0.0,,,,,,,,,,,,
Deonte Harty,deonte harty,ok,0.116,175,124,101,136.6,34,32,32,32.6,108.3,105.9,69.2,0.445
Derrick Harvey,derrick harvey,no face,0.0,,,,,,,,,,,,
Mario Harvey,mario harvey,no face,0.0,,,,,,,,,,,,
RJ Harvey,rj harvey,ok,0.129,169,109,80,123.6,17,17,14,16.7,99.9,6.4,12.0,0.459
Willie Harvey,willie harvey,ok,0.19,101,64,56,74.1,13,8,8,9.5,10.3,28.6,3.8,0.449
Josh Harvey-Clemons,josh harvey clemons,ok,0.187,140,89,63,101.3,22,19,19,19.9,79.9,-5.4,38.1,0.312
Percy Harvin,percy harvin,no face,0.0,,,,,,,,,,,,
Pressley Harvin III,pressley harvin,ok,0.132,128,72,50,86.4,32,31,31,31.3,34.2,48.7,50.6,0.331
Dwayne Haskins,dwayne haskins,ok,0.181,166,113,86,125.8,28,32,29,30.5,33.3,36.9,83.5,0.526
Hassan Haskins,hassan haskins,ok,0.11,200,132,110,149.8,15,14,19,14.9,39.2,133.6,124.8,0.405
Kevin Haslam,kevin haslam,no face,0.0,,,,,,,,,,,,
Mike Hass,mike hass,no face,0.0,,,,,,,,,,,,
Ahmed Hassanein,ahmed hassanein,ok,0.12,205,145,119,160.0,23,16,14,17.9,122.5,134.9,136.4,0.144
Matt Hasselbeck,matt hasselbeck,ok,0.163,147,111,85,118.8,199,152,124,162.6,-19.9,-16.9,-11.4,0.025
Tim Hasselbeck,tim hasselbeck,no face,0.0,,,,,,,,,,,,
J.C. Hassenauer,jc hassenauer,ok,0.161,207,145,134,162.2,92,71,63,76.4,-20.7,63.3,30.7,0.028
Joe Hastings,joe hastings,no face,0.0,,,,,,,,,,,,
JaMycal Hasty,jamycal hasty,ok,0.099,108,76,69,84.8,19,19,22,19.3,-6.5,58.8,46.1,0.714
Jeff Hatch,jeff hatch,no face,0.0,,,,,,,,,,,,
Jason Hatcher,jason hatcher,no face,0.0,,,,,,,,,,,,
Keon Hatcher,keon hatcher,ok,0.151,223,153,120,170.2,53,50,52,51.1,100.8,142.6,140.7,0.658
Dominique Hatfield,dominique hatfield,ok,0.22,172,117,97,131.2,29,23,23,24.8,46.1,43.3,53.8,0.448
Rickey Hatley,rickey hatley,ok,0.17,189,114,70,131.4,50,38,33,41.0,-15.1,80.2,51.5,0.031
Caylin Hauptmann,caylin hauptmann,no face,0.0,,,,,,,,,,,,
Rob Havenstein,rob havenstein,ok,0.152,196,144,114,156.3,37,25,23,28.4,-7.4,109.2,36.7,0.135
Stanley Havili,stanley havili,no face,0.0,,,,,,,,,,,,
Spencer Havner,spencer havner,no face,0.0,,,,,,,,,,,,
Jackson Hawes,jackson hawes,ok,0.055,180,134,126,146.5,43,37,34,38.5,-42.2,35.0,-0.1,0.03
A.J. Hawk,aj hawk,no face,0.0,,,,,,,,,,,,
Andrew Hawkins,andrew hawkins,no face,0.0,,,,,,,,,,,,
Artrell Hawkins,artrell hawkins,no face,0.0,,,,,,,,,,,,
Brent Hawkins,brent hawkins,no face,0.0,,,,,,,,,,,,
Donald Hawkins,donald hawkins,no face,0.0,,,,,,,,,,,,
Jaylinn Hawkins,jaylinn hawkins,ok,0.119,138,88,66,100.4,8,8,8,8.0,81.1,33.7,34.4,0.999
Jerald Hawkins,jerald hawkins,ok,0.149,230,156,123,174.7,41,36,32,37.0,8.6,141.2,138.1,0.118
Josh Hawkins,josh hawkins,ok,0.156,165,101,74,117.1,19,17,16,17.5,64.6,90.7,88.1,0.504
Lavelle Hawkins,lavelle hawkins,no face,0.0,,,,,,,,,,,,
Tre Hawkins III,tre hawkins,ok,0.131,172,124,105,135.9,10,9,9,9.3,25.5,67.7,77.2,0.498
Tanner Hawkinson,tanner hawkinson,no face,0.0,,,,,,,,,,,,
Joe Hawley,joe hawley,no face,0.0,,,,,,,,,,,,
Anttaj Hawthorne,anttaj hawthorne,no face,0.0,,,,,,,,,,,,
David Hawthorne,david hawthorne,no face,0.0,,,,,,,,,,,,
Michael Hawthorne,michael hawthorne,no face,0.0,,,,,,,,,,,,
D.J. Hayden,dj hayden,ok,0.144,164,94,61,111.2,25,19,15,20.3,50.0,82.5,97.2,0.272
Kelvin Hayden,kelvin hayden,no face,0.0,,,,,,,,,,,,
Nick Hayden,nick hayden,no face,0.0,,,,,,,,,,,,
Jovan Haye,jovan haye,no face,0.0,,,,,,,,,,,,
Daelin Hayes,daelin hayes,ok,0.186,149,89,64,104.1,24,18,17,19.7,63.5,69.1,60.4,0.229
Geno Hayes,geno hayes,no face,0.0,,,,,,,,,,,,
Gerald Hayes,gerald hayes,no face,0.0,,,,,,,,,,,,
Josh Hayes,josh hayes,ok,0.107,143,98,84,109.9,19,18,22,18.8,102.6,11.1,23.8,0.855
Marquis Hayes,marquis hayes,ok,0.098,175,126,101,137.8,19,18,17,18.2,120.5,72.7,100.8,0.412
Ryan Hayes,ryan hayes,ok,0.17,215,154,126,169.0,21,13,8,14.8,-6.8,28.5,37.5,0.339
William Hayes,william hayes,ok,0.15,126,83,69,94.1,20,16,14,17.0,42.2,58.8,59.1,0.41
Alex Haynes,alex haynes,no face,0.0,,,,,,,,,,,,
Christian Haynes,christian haynes,ok,0.117,149,111,96,120.7,28,26,25,26.5,54.4,63.3,93.2,0.344
Marquis Haynes,marquis haynes,ok,0.116,165,105,84,120.5,35,27,30,29.7,78.1,47.5,48.2,0.346
Michael Haynes,michael haynes,no face,0.0,,,,,,,,,,,,
Phil Haynes,phil haynes,ok,0.123,202,135,109,152.1,22,20,20,20.6,103.0,54.9,88.8,0.693
Verron Haynes,verron haynes,no face,0.0,,,,,,,,,,,,
Albert Haynesworth,albert haynesworth,no face,0.0,,,,,,,,,,,,
Joey Haynos,joey haynos,no face,0.0,,,,,,,,,,,,
Adam Hayward,adam hayward,no face,0.0,,,,,,,,,,,,
Casey Hayward,casey hayward,ok,0.178,179,107,67,124.0,29,26,20,26.2,19.7,105.1,103.5,0.318
Reggie Hayward,reggie hayward,no face,0.0,,,,,,,,,,,,
Matt Hazel,matt hazel,no face,0.0,,,,,,,,,,,,
Paul Hazel,paul hazel,no face,0.0,,,,,,,,,,,,
Vidal Hazelton,vidal hazelton,no face,0.0,,,,,,,,,,,,
Todd Heap,todd heap,no face,0.0,,,,,,,,,,,,
Kellen Heard,kellen heard,no face,0.0,,,,,,,,,,,,
Ronnie Heard,ronnie heard,no face,0.0,,,,,,,,,,,,
Garrison Hearst,garrison hearst,no face,0.0,,,,,,,,,,,,
Jeff Heath,jeff heath,ok,0.164,208,137,111,155.3,24,17,16,19.0,-11.4,7.5,4.5,0.172
Joel Heath,joel heath,ok,0.164,169,112,84,125.9,32,31,33,31.5,45.3,72.6,72.0,0.585
T.J. Heath,tj heath,no face,0.0,,,,,,,,,,,,
Charlie Heck,charlie heck,ok,0.148,206,149,137,164.5,114,94,86,99.1,0.9,25.4,23.3,0.035
Bruce Hector,bruce hector,ok,0.115,172,133,115,142.8,60,49,48,52.1,114.0,54.8,71.7,0.026
Madison Hedgecock,madison hedgecock,no face,0.0,,,,,,,,,,,,
Ben Heeney,ben heeney,ok,0.119,238,167,147,185.9,61,55,54,56.7,165.7,164.3,165.9,0.465
Jack Heflin,jack heflin,ok,0.144,190,137,124,151.4,32,27,23,28.0,44.2,-6.1,15.0,0.395
Steve Heiden,steve heiden,no face,0.0,,,,,,,,,,,,
Taylor Heinicke,taylor heinicke,ok,0.164,222,175,164,187.8,85,58,51,65.6,18.9,91.6,51.4,0.031
Keith Heinrich,keith heinrich,no face,0.0,,,,,,,,,,,,
Eric Heitmann,eric heitmann,no face,0.0,,,,,,,,,,,,
Johnny Hekker,johnny hekker,ok,0.178,190,136,125,151.2,46,33,25,36.0,0.2,70.5,80.9,0.098
Cooper Helfet,cooper helfet,no face,0.0,,,,,,,,,,,,
DeMarcco Hellams,demarcco hellams,ok,0.124,128,88,76,98.6,23,19,18,20.1,13.5,89.0,84.0,0.346
Will Heller,will heller,no face,0.0,,,,,,,,,,,,
Daniel Helm,daniel helm,ok,0.146,201,148,129,161.7,65,50,40,53.3,-10.5,-9.6,0.3,0.034
Gunnar Helm,gunnar helm,ok,0.156,152,110,92,120.2,58,46,36,48.4,-35.9,-57.5,-43.0,0.098
Roy Helu,roy helu,no face,0.0,,,,,,,,,,,,
Junior Hemingway,junior hemingway,no face,0.0,,,,,,,,,,,,
Temarrick Hemingway,temarrick hemingway,ok,0.149,154,113,94,123.1,36,35,29,34.6,57.1,99.8,97.8,0.495
Tonka Hemingway,tonka hemingway,ok,0.114,109,62,47,74.3,17,15,14,15.5,-21.4,19.0,14.1,0.765
Carlos Henderson,carlos henderson,no face,0.0,,,,,,,,,,,,
C.J. Henderson,cj henderson,ok,0.125,152,99,82,112.8,36,28,26,30.2,94.7,38.9,30.6,0.133
Darrell Henderson,darrell henderson,ok,0.082,173,115,96,130.2,40,36,39,37.5,45.9,105.1,102.1,1.0
De'Angelo Henderson Sr.,deangelo henderson,ok,0.158,153,86,61,103.2,21,13,11,15.2,85.1,23.5,33.5,0.428
Devery Henderson,devery henderson,no face,0.0,,,,,,,,,,,,
E.J. Henderson,ej henderson,no face,0.0,,,,,,,,,,,,
Erin Henderson,erin henderson,no face,0.0,,,,,,,,,,,,
John Henderson,john henderson,no face,0.0,,,,,,,,,,,,
LaDarius Henderson,ladarius henderson,ok,0.11,130,88,76,99.0,14,13,13,13.3,82.7,17.0,45.1,0.451
Mario Henderson,mario henderson,no face,0.0,,,,,,,,,,,,
Robert Henderson,robert henderson,no face,0.0,,,,,,,,,,,,
Seantrel Henderson,seantrel henderson,ok,0.133,167,109,83,123.4,35,29,27,30.6,102.1,35.8,61.1,0.244
Trayvon Henderson,trayvon henderson,ok,0.155,186,108,78,127.9,25,21,22,22.3,10.6,57.3,43.1,0.523
TreVeyon Henderson,treveyon henderson,ok,0.109,204,152,116,163.4,18,16,15,16.5,81.4,92.3,51.7,0.223
William Henderson,william henderson,no face,0.0,,,,,,,,,,,,
Tommy Hendricks,tommy hendricks,no face,0.0,,,,,,,,,,,,
Trey Hendrickson,trey hendrickson,ok,0.143,106,72,61,80.5,59,49,42,51.2,-64.4,-23.1,-72.3,0.112
A.J. Hendy,aj hendy,ok,0.206,180,119,78,132.6,39,34,29,34.9,50.2,30.8,65.0,0.546
Alex Henery,alex henery,no face,0.0,,,,,,,,,,,,
Daiyan Henley,daiyan henley,ok,0.106,203,132,112,150.9,33,28,32,30.0,14.4,130.6,104.8,0.318
Chad Henne,chad henne,ok,0.148,217,154,136,170.8,88,72,66,76.0,5.0,20.7,21.0,0.01
Matt Hennessy,matt hennessy,ok,0.133,204,160,141,171.3,12,11,10,11.2,149.8,14.9,31.6,0.78
Thomas Hennessy,thomas hennessy,ok,0.127,158,116,98,126.3,24,18,15,19.5,26.3,80.7,70.4,0.376
Matt Henningsen,matt henningsen,ok,0.157,217,155,138,171.6,33,28,20,28.6,143.5,-19.5,-19.3,0.505
Anthony Henry,anthony henry,no face,0.0,,,,,,,,,,,,
Chas Henry,chas henry,no face,0.0,,,,,,,,,,,,
Chris Henry,chris henry,no face,0.0,,,,,,,,,,,,
Derrick Henry,derrick henry,ok,0.114,155,102,77,115.0,44,33,30,35.9,83.9,98.6,70.1,0.087
Hunter Henry,hunter henry,ok,0.14,231,178,152,190.9,51,42,37,44.1,29.1,12.5,9.5,0.063
KJ Henry,kj henry,ok,0.119,156,115,92,124.6,21,21,21,21.0,53.0,92.1,39.5,0.998
Leonard Henry,leonard henry,no face,0.0,,,,,,,,,,,,
Marcus Henry,marcus henry,no face,0.0,,,,,,,,,,,,
Ricky Henry,ricky henry,no face,0.0,,,,,,,,,,,,
Travis Henry,travis henry,no face,0.0,,,,,,,,,,,,
Willie Henry,willie henry,ok,0.184,136,92,81,103.9,34,28,27,29.7,66.9,36.8,56.7,0.378
Drew Henson,drew henson,no face,0.0,,,,,,,,,,,,
Robert Henson,robert henson,no face,0.0,,,,,,,,,,,,
Craig Hentrich,craig hentrich,no face,0.0,,,,,,,,,,,,
Brandon Hepburn,brandon hepburn,no face,0.0,,,,,,,,,,,,
Justin Herbert,justin herbert,ok,0.158,155,110,97,122.0,50,39,38,42.0,-47.4,-1.7,2.6,0.311
Khalil Herbert,khalil herbert,ok,0.115,177,125,99,137.6,29,25,21,25.7,80.8,46.9,69.5,0.391
Nate Herbig,nate herbig,ok,0.108,213,161,143,174.5,44,40,37,40.9,31.2,139.8,114.8,0.808
Nick Herbig,nick herbig,ok,0.117,239,164,162,186.2,26,21,19,22.3,149.1,45.5,67.7,0.324
Eric Herman,eric herman,no face,0.0,,,,,,,,,,,,
Aaron Hernandez,aaron hernandez,no face,0.0,,,,,,,,,,,,
Will Hernandez,will hernandez,ok,0.116,162,130,117,138.1,23,21,19,21.4,80.3,-32.1,-15.0,0.994
Chris Herndon,chris herndon,ok,0.104,125,60,36,76.7,13,13,11,12.8,56.7,3.6,33.6,1.0
Kelly Herndon,kelly herndon,no face,0.0,,,,,,,,,,,,
Steve Herndon,steve herndon,no face,0.0,,,,,,,,,,,,
Tre Herndon,tre herndon,ok,0.127,148,103,87,114.6,32,29,28,29.8,72.1,90.1,83.4,0.454
Todd Herremans,todd herremans,no face,0.0,,,,,,,,,,,,
Amarlo Herrera,amarlo herrera,no face,0.0,,,,,,,,,,,,
Anthony Herrera,anthony herrera,no face,0.0,,,,,,,,,,,,
Kim Herring,kim herring,no face,0.0,,,,,,,,,,,,
Will Herring,will herring,no face,0.0,,,,,,,,,,,,
Dan Herron,dan herron,no face,0.0,,,,,,,,,,,,
David Herron,david herron,no face,0.0,,,,,,,,,,,,
Frank Herron,frank herron,ok,0.135,187,130,112,145.0,29,20,20,22.7,121.8,58.8,48.5,0.318
Justin Herron,justin herron,ok,0.141,173,105,70,121.3,17,12,9,13.2,52.6,9.8,15.1,0.653
Noah Herron,noah herron,no face,0.0,,,,,,,,,,,,
Robert Herron,robert herron,no face,0.0,,,,,,,,,,,,
Mark Herzlich,mark herzlich,ok,0.191,195,132,93,146.4,74,44,27,51.0,-11.0,91.5,87.0,0.2
Gavin Heslop,gavin heslop,ok,0.121,151,107,76,116.6,23,23,17,22.3,33.8,89.3,83.9,0.55
Parker Hesse,parker hesse,ok,0.144,194,148,135,160.3,91,62,52,69.5,2.0,53.8,44.6,0.047
Devin Hester,devin hester,no face,0.0,,,,,,,,,,,,
Jacob Hester,jacob hester,no face,0.0,,,,,,,,,,,,
Treyvon Hester,treyvon hester,ok,0.117,164,94,66,111.7,26,23,22,23.8,76.5,71.7,88.8,0.557
Chris Hetherington,chris hetherington,no face,0.0,,,,,,,,,,,,
Jeff Heuerman,jeff heuerman,ok,0.187,217,160,138,174.2,27,15,9,17.9,-5.3,63.9,20.4,0.394
Neville Hewitt,neville hewitt,ok,0.111,99,63,50,72.3,11,10,10,10.3,-10.5,65.3,61.7,0.513
Ryan Hewitt,ryan hewitt,ok,0.167,184,137,117,148.8,106,93,80,95.6,-34.8,-35.0,-6.6,0.079
Stephon Heyer,stephon heyer,no face,0.0,,,,,,,,,,,,
Cameron Heyward,cameron heyward,ok,0.093,161,110,100,124.1,19,15,15,16.2,55.8,26.7,98.8,0.927
Connor Heyward,connor heyward,ok,0.149,144,109,95,117.7,184,181,180,181.8,-1.5,100.9,82.8,0.037
Darrius Heyward-Bey,darrius heyward bey,ok,0.14,137,91,67,102.0,10,10,10,10.0,47.3,91.3,91.4,0.689
Justin Hickman,justin hickman,no face,0.0,,,,,,,,,,,,
Akiem Hicks,akiem hicks,ok,0.137,176,108,75,124.6,77,50,42,57.2,111.7,109.9,68.4,0.014
Artis Hicks,artis hicks,no face,0.0,,,,,,,,,,,,
Elijah Hicks,elijah hicks,ok,0.13,184,115,80,131.6,7,9,10,8.5,-12.3,-29.1,-0.2,0.966
Eric Hicks,eric hicks,no face,0.0,,,,,,,,,,,,
Faion Hicks,faion hicks,ok,0.116,112,75,55,83.6,21,18,15,18.6,1.6,-7.9,-5.8,1.0
Hayworth Hicks,hayworth hicks,no face,0.0,,,,,,,,,,,,
Jaden Hicks,jaden hicks,ok,0.107,179,104,75,123.1,168,158,157,160.9,48.4,-80.9,16.6,0.019
Jordan Hicks,jordan hicks,ok,0.17,148,101,71,111.8,10,7,5,7.7,82.9,22.3,56.5,0.317
Lamarcus Hicks,lamarcus hicks,no face,0.0,,,,,,,,,,,,
Maurice Hicks,maurice hicks,no face,0.0,,,,,,,,,,,,
Tyler Higbee,tyler higbee,ok,0.154,196,151,129,161.9,21,16,14,17.3,46.4,86.6,87.7,0.344
Elijah Higgins,elijah higgins,ok,0.118,175,117,95,131.8,19,16,16,16.9,37.5,21.8,33.1,0.936
Jayden Higgins,jayden higgins,ok,0.181,155,105,87,117.9,173,171,170,171.5,-44.3,54.0,25.6,0.208
Johnnie Lee Higgins,johnnie lee higgins,no face,0.0,,,,,,,,,,,,
Rashard Higgins,rashard higgins,ok,0.148,206,136,107,153.6,19,18,20,18.5,25.1,41.0,43.6,0.649
Tee Higgins,tee higgins,ok,0.123,145,83,56,98.5,15,12,12,12.9,81.2,36.4,44.2,0.494
Alex Highsmith,alex highsmith,ok,0.132,235,171,158,188.7,23,22,22,22.3,-1.1,132.6,70.6,0.61
Ali Highsmith,ali highsmith,no face,0.0,,,,,,,,,,,,
John Hightower,john hightower,ok,0.126,146,84,50,98.3,139,137,133,137.1,7.6,-9.4,21.2,0.218
Dont'a Hightower,donta hightower,ok,0.149,136,76,55,91.5,18,18,20,18.2,63.4,-7.3,9.4,0.529
Tim Hightower,tim hightower,no face,0.0,,,,,,,,,,,,
Cole Hikutini,cole hikutini,ok,0.136,208,138,112,156.0,11,7,5,8.0,17.4,29.8,56.2,0.846
Anthony Hill,anthony hill,no face,0.0,,,,,,,,,,,,
B.J. Hill,bj hill,ok,0.125,178,112,88,128.7,16,15,14,15.2,42.7,51.5,76.0,0.166
Brandon Hill,brandon hill,ok,0.131,150,100,82,113.1,23,17,16,18.7,-2.7,59.0,63.1,0.329
Brian Hill,brian hill,ok,0.159,123,75,57,87.3,20,16,14,17.0,21.2,65.0,60.4,0.361
Bronson Hill,bronson hill,no face,0.0,,,,,,,,,,,,
Darrell Hill,darrell hill,no face,0.0,,,,,,,,,,,,
Daxton Hill,daxton hill,ok,0.123,190,113,68,130.9,23,20,17,20.6,35.9,111.1,110.8,0.307
Lano Hill,lano hill,ok,0.188,162,111,94,124.3,26,18,15,20.1,44.0,59.2,53.7,0.264
Trey Hill,trey hill,ok,0.113,138,82,57,96.0,18,17,15,17.1,13.0,78.0,75.8,1.0
Jamal Hill,jamal hill,ok,0.124,95,54,40,64.7,13,11,11,11.6,45.8,11.0,15.5,0.584
Jason Hill,jason hill,no face,0.0,,,,,,,,,,,,
Jaylen Hill,jaylen hill,ok,0.191,191,126,91,141.4,40,38,33,38.0,73.9,55.4,54.9,0.618
Jeremy Hill,jeremy hill,ok,0.197,145,95,69,107.0,44,35,32,37.3,25.5,60.4,46.8,0.114
Tye Hill,tye hill,no face,0.0,,,,,,,,,,,,
Jordan Hill,jordan hill,no face,0.0,,,,,,,,,,,,
Josh Hill,josh hill,ok,0.17,192,137,115,150.8,86,61,46,66.8,-14.6,-13.5,14.2,0.061
Justice Hill,justice hill,ok,0.141,118,76,60,86.6,18,15,14,15.8,74.2,10.2,26.0,0.391
K.J. Hill,kj hill,ok,0.131,175,110,88,126.9,26,21,21,22.5,97.8,22.8,45.9,0.912
Kylin Hill,kylin hill,ok,0.16,150,95,62,107.7,20,14,9,15.2,12.7,99.4,75.3,0.473
Leroy Hill,leroy hill,no face,0.0,,,,,,,,,,,,
Marquise Hill,marquise hill,no face,0.0,,,,,,,,,,,,
Michael Hill,michael hill,no face,0.0,,,,,,,,,,,,
Rashod Hill,rashod hill,ok,0.164,206,128,85,146.4,18,10,6,11.9,127.3,0.0,43.8,0.384
Renaldo Hill,renaldo hill,no face,0.0,,,,,,,,,,,,
Reynaldo Hill,reynaldo hill,no face,0.0,,,,,,,,,,,,
Sammie Lee Hill,sammie lee hill,no face,0.0,,,,,,,,,,,,
Shaun Hill,shaun hill,no face,0.0,,,,,,,,,,,,
Stephen Hill,stephen hill,no face,0.0,,,,,,,,,,,,
Taysom Hill,taysom hill,ok,0.151,176,128,107,140.0,117,106,97,108.3,-18.1,-5.1,-5.4,0.046
Troy Hill,troy hill,ok,0.113,177,118,94,132.9,100,88,85,90.8,56.1,87.6,34.2,0.123
Trysten Hill,trysten hill,ok,0.119,206,147,119,161.4,29,27,26,27.5,129.6,31.4,59.6,0.747
Tyreek Hill,tyreek hill,ok,0.079,99,71,69,79.1,18,15,20,16.5,46.1,30.2,22.3,0.598
Will Hill,will hill,no face,0.0,,,,,,,,,,,,
Darius Hillary,darius hillary,no face,0.0,,,,,,,,,,,,
Hunter Hillenmeyer,hunter hillenmeyer,no face,0.0,,,,,,,,,,,,
Corey Hilliard,corey hilliard,no face,0.0,,,,,,,,,,,,
Dontrell Hilliard,dontrell hilliard,ok,0.186,152,96,68,109.2,34,31,30,31.8,100.6,80.7,72.2,0.412
Ike Hilliard,ike hilliard,no face,0.0,,,,,,,,,,,,
Jason Hilliard,jason hilliard,no face,0.0,,,,,,,,,,,,
Justin Hilliard,justin hilliard,ok,0.16,192,115,80,134.0,28,23,20,24.1,106.5,4.8,58.5,0.579
Kenny Hilliard,kenny hilliard,no face,0.0,,,,,,,,,,,,
Lex Hilliard,lex hilliard,no face,0.0,,,,,,,,,,,,
Peyton Hillis,peyton hillis,no face,0.0,,,,,,,,,,,,
Ronnie Hillman,ronnie hillman,no face,0.0,,,,,,,,,,,,
Tony Hills,tony hills,no face,0.0,,,,,,,,,,,,
T.Y. Hilton,ty hilton,ok,0.115,99,68,50,75.2,30,31,28,30.4,-57.7,46.1,52.8,0.513
Mike Hilton,mike hilton,ok,0.121,179,121,96,135.5,43,42,41,42.2,83.8,37.3,57.7,0.409
Zach Hilton,zach hilton,no face,0.0,,,,,,,,,,,,
Chasen Hines,chasen hines,ok,0.077,122,84,79,94.8,31,24,29,26.7,36.3,39.0,74.1,0.373
Jermale Hines,jermale hines,no face,0.0,,,,,,,,,,,,
Nyheim Hines,nyheim hines,ok,0.137,141,99,75,108.8,10,8,7,8.5,88.0,13.6,49.1,0.455
Josh Hines-Allen,josh hines allen,ok,0.114,184,124,111,140.5,19,16,20,17.4,51.2,120.0,122.7,0.67
Kendall Hinton,kendall hinton,ok,0.093,91,63,53,70.2,64,63,66,63.6,-8.2,-68.7,-64.8,0.992
Kyle Hinton,kyle hinton,ok,0.118,150,88,66,104.0,36,26,22,28.2,54.5,47.6,39.1,0.099
Myles Hinton,myles hinton,ok,0.135,129,73,52,87.3,35,20,16,24.0,67.6,-13.9,33.8,0.037
Anthony Hitchens,anthony hitchens,ok,0.137,174,97,63,116.3,21,14,11,15.8,101.0,74.2,100.0,0.281
Domenik Hixon,domenik hixon,no face,0.0,,,,,,,,,,,,
Ellis Hobbs,ellis hobbs,no face,0.0,,,,,,,,,,,,
Kevin Hobbs,kevin hobbs,no face,0.0,,,,,,,,,,,,
Nate Hobbs,nate hobbs,ok,0.128,178,102,64,120.4,40,36,33,36.9,47.7,69.4,96.6,0.424
Victor Hobson,victor hobson,no face,0.0,,,,,,,,,,,,
Russ Hochstein,russ hochstein,no face,0.0,,,,,,,,,,,,
T.J. Hockenson,tj hockenson,ok,0.206,124,72,34,83.1,31,18,8,20.7,-84.8,-71.6,52.7,0.059
Zach Hocker,zach hocker,no face,0.0,,,,,,,,,,,,
Nathan Hodel,nathan hodel,no face,0.0,,,,,,,,,,,,
Drew Hodgdon,drew hodgdon,no face,0.0,,,,,,,,,,,,
Abdul Hodge,abdul hodge,no face,0.0,,,,,,,,,,,,
Alphonso Hodge,alphonso hodge,no face,0.0,,,,,,,,,,,,
Darius Hodge,darius hodge,ok,0.153,148,97,77,110.0,26,20,23,22.1,81.0,-2.2,14.8,0.54
KhaDarel Hodge,khadarel hodge,ok,0.13,177,114,83,129.3,13,12,11,12.2,101.0,48.3,28.6,0.612
Sedrick Hodge,sedrick hodge,no face,0.0,,,,,,,,,,,,
Stephen Hodge,stephen hodge,no face,0.0,,,,,,,,,,,,
Cooper Hodges,cooper hodges,ok,0.141,214,161,154,176.0,50,36,32,39.6,94.4,146.1,150.2,0.115
Gerald Hodges,gerald hodges,no face,0.0,,,,,,,,,,,,
Reggie Hodges,reggie hodges,no face,0.0,,,,,,,,,,,,
Isaiah Hodgins,isaiah hodgins,ok,0.121,229,161,130,177.8,21,19,17,19.4,12.5,146.8,87.4,0.514
James Hodgins,james hodgins,no face,0.0,,,,,,,,,,,,
Michael Hoecht,michael hoecht,ok,0.073,237,197,195,208.7,38,33,33,34.5,129.9,10.9,29.2,0.705
Jon Hoese,jon hoese,no face,0.0,,,,,,,,,,,,
Andrew Hoffman,andrew hoffman,no face,0.0,,,,,,,,,,,,
Sterling Hofrichter,sterling hofrichter,ok,0.16,199,139,113,154.0,90,62,50,68.9,-36.7,-38.5,-6.8,0.01
Brandon Hogan,brandon hogan,no face,0.0,,,,,,,,,,,,
Chris Hogan,chris hogan,ok,0.184,167,113,90,126.6,20,15,11,16.0,10.0,30.8,61.6,0.409
Kevin Hogan,kevin hogan,ok,0.196,221,150,133,169.3,46,30,24,34.1,3.3,64.0,69.6,0.157
Krishawn Hogan,krishawn hogan,ok,0.242,53,35,24,39.1,38,32,25,32.8,-53.3,-43.7,6.9,0.174
Doug Hogue,doug hogue,no face,0.0,,,,,,,,,,,,
Chris Hoke,chris hoke,no face,0.0,,,,,,,,,,,,
Colin Holba,colin holba,ok,0.177,196,154,136,164.5,98,71,58,77.6,-8.2,64.1,70.9,0.033
Kelly Holcomb,kelly holcomb,no face,0.0,,,,,,,,,,,,
Cole Holcomb,cole holcomb,ok,0.128,217,160,150,175.9,66,59,56,60.8,9.0,38.3,123.3,0.242
Curtis Holcomb,curtis holcomb,no face,0.0,,,,,,,,,,,,
Robert Holcombe,robert holcombe,no face,0.0,,,,,,,,,,,,
Will Holden,will holden,ok,0.161,168,138,128,145.5,62,55,52,56.8,-44.4,95.3,96.8,0.181
Warrick Holdman,warrick holdman,no face,0.0,,,,,,,,,,,,
Carlyle Holiday,carlyle holiday,no face,0.0,,,,,,,,,,,,
Darius Holland,darius holland,no face,0.0,,,,,,,,,,,,
Devin Holland,devin holland,no face,0.0,,,,,,,,,,,,
Jevon Holland,jevon holland,ok,0.145,160,89,58,106.7,94,90,87,90.9,-6.1,2.6,24.9,0.164
Jonathan Holland,jonathan holland,no face,0.0,,,,,,,,,,,,
Joe Holland,joe holland,no face,0.0,,,,,,,,,,,,
Montrae Holland,montrae holland,no face,0.0,,,,,,,,,,,,
Jesse Holley,jesse holley,no face,0.0,,,,,,,,,,,,
Vonnie Holliday,vonnie holliday,no face,0.0,,,,,,,,,,,,
Trindon Holliday,trindon holliday,no face,0.0,,,,,,,,,,,,
Gerod Holliman,gerod holliman,no face,0.0,,,,,,,,,,,,
Tony Hollings,tony hollings,no face,0.0,,,,,,,,,,,,
Justin Hollins,justin hollins,ok,0.133,183,108,74,126.5,8,7,5,7.2,111.3,17.8,44.8,0.316
Mack Hollins,mack hollins,ok,0.132,190,130,107,145.3,83,58,46,64.1,1.4,86.6,51.1,0.019
Cody Hollister,cody hollister,ok,0.143,219,166,152,180.2,27,24,20,24.4,83.4,25.0,31.9,1.0
Jacob Hollister,jacob hollister,ok,0.237,63,42,33,47.3,26,18,17,20.3,-138.4,9.5,17.4,0.382
Ka'dar Hollman,kadar hollman,ok,0.091,159,113,91,124.2,13,10,8,10.7,114.9,118.1,117.9,0.441
DeVonte Holloman,devonte holloman,no face,0.0,,,,,,,,,,,,
T.J. Hollowell,tj hollowell,no face,0.0,,,,,,,,,,,,
Daven Holly,daven holly,no face,0.0,,,,,,,,,,,,
Andre Holmes,andre holmes,ok,0.174,213,159,124,171.1,29,17,10,19.8,49.3,51.1,52.4,0.254
Christian Holmes,christian holmes,ok,0.15,161,117,90,127.1,26,25,23,25.1,52.1,64.4,51.5,0.401
Darnay Holmes,darnay holmes,ok,0.131,102,58,44,69.6,24,20,20,21.2,3.6,38.8,21.8,0.436
Earl Holmes,earl holmes,no face,0.0,,,,,,,,,,,,
Gabe Holmes,gabe holmes,ok,0.161,130,83,50,93.3,36,30,23,31.0,-24.0,61.0,41.7,0.117
Jalyn Holmes,jalyn holmes,ok,0.126,158,105,82,118.4,18,16,14,16.4,38.2,44.3,46.8,0.331
Kenny Holmes,kenny holmes,no face,0.0,,,,,,,,,,,,
Khaled Holmes,khaled holmes,no face,0.0,,,,,,,,,,,,
Lamar Holmes,lamar holmes,no face,0.0,,,,,,,,,,,,
Priest Holmes,priest holmes,no face,0.0,,,,,,,,,,,,
Santonio Holmes,santonio holmes,no face,0.0,,,,,,,,,,,,
Tyrone Holmes,tyrone holmes,ok,0.136,210,155,123,167.9,18,14,12,15.0,106.6,80.9,123.1,0.999
Joshua Holsey,joshua holsey,ok,0.171,142,88,65,101.5,19,15,14,16.1,70.4,8.0,70.0,0.509
Glenn Holt,glenn holt,no face,0.0,,,,,,,,,,,,
James Holt,james holt,no face,0.0,,,,,,,,,,,,
Terrence Holt,terrence holt,no face,0.0,,,,,,,,,,,,
Torry Holt,torry holt,no face,0.0,,,,,,,,,,,,
Johnny Holton,johnny holton,ok,0.182,167,105,79,120.6,39,33,29,34.3,36.0,75.0,68.3,0.325
J.P. Holtz,jp holtz,ok,0.174,216,164,142,177.0,85,66,58,70.8,-5.1,58.3,22.2,0.058
Travis Homer,travis homer,ok,0.15,217,173,150,183.5,32,23,19,25.2,66.7,146.1,161.4,0.162
Elijah Hood,elijah hood,ok,0.13,134,85,72,98.1,29,27,30,27.9,-5.2,75.2,67.2,0.663
Ziggy Hood,ziggy hood,ok,0.109,146,101,75,111.5,29,28,25,28.0,-53.4,-33.5,13.1,0.782
Roderick Hood,roderick hood,no face,0.0,,,,,,,,,,,,
Hendon Hooker,hendon hooker,ok,0.15,151,91,61,105.5,10,8,6,8.4,75.1,-5.0,33.5,0.384
Amani Hooker,amani hooker,ok,0.131,217,139,98,157.6,19,15,13,16.0,136.4,4.3,52.6,0.328
Malik Hooker,malik hooker,ok,0.117,123,68,48,82.2,51,37,29,40.3,31.0,68.5,70.8,0.189
Lavon Hooks,lavon hooks,ok,0.148,207,140,105,156.0,25,25,23,24.8,40.7,85.0,88.2,0.442
Michael Hoomanawanui,michael hoomanawanui,no face,0.0,,,,,,,,,,,,
Austin Hooper,austin hooper,ok,0.141,170,103,81,120.5,63,43,34,48.0,21.3,93.4,40.9,0.037
Brad Hoover,brad hoover,no face,0.0,,,,,,,,,,,,
Chris Hope,chris hope,no face,0.0,,,,,,,,,,,,
Brad Hopkins,brad hopkins,no face,0.0,,,,,,,,,,,,
Brycen Hopkins,brycen hopkins,ok,0.162,208,147,120,162.3,95,87,86,89.3,-17.4,-10.4,-7.1,0.24
DeAndre Hopkins,deandre hopkins,ok,0.099,114,69,46,79.8,26,25,25,25.3,60.9,12.7,36.6,1.0
Dustin Hopkins,dustin hopkins,ok,0.344,191,147,137,159.0,129,99,78,105.6,126.8,,130.0,0.0
Trey Hopkins,trey hopkins,ok,0.14,109,65,50,76.4,32,31,29,31.1,52.7,-29.7,56.0,0.487
Ty'Ron Hopper,tyron hopper,ok,0.112,165,92,62,110.4,18,15,13,15.5,7.8,81.4,64.6,0.794
Tyrone Hopson,tyrone hopson,no face,0.0,,,,,,,,,,,,
Chris Horn,chris horn,no face,0.0,,,,,,,,,,,,
Jaycee Horn,jaycee horn,ok,0.093,120,84,73,93.7,33,32,31,32.2,27.1,30.2,8.0,1.0
Jimmy Horn Jr.,jimmy horn,ok,0.13,211,136,105,154.9,16,14,15,14.7,23.9,12.7,54.3,1.0
Joe Horn,joe horn,no face,0.0,,,,,,,,,,,,
Tyler Horn,tyler horn,no face,0.0,,,,,,,,,,,,
Jeremy Horne,jeremy horne,no face,0.0,,,,,,,,,,,,
Jesper Horsted,jesper horsted,ok,0.17,204,143,138,160.7,59,48,43,50.7,63.4,-4.7,33.9,0.029
Chris Horton,chris horton,no face,0.0,,,,,,,,,,,,
Dylan Horton,dylan horton,ok,0.117,183,106,71,125.0,26,19,16,20.8,75.0,116.0,115.7,0.256
Jason Horton,jason horton,no face,0.0,,,,,,,,,,,,
Mike Horton,mike horton,ok,0.144,134,90,79,101.9,25,22,22,22.9,67.1,-7.0,22.9,0.356
Tory Horton,tory horton,ok,0.148,199,143,111,156.1,33,29,28,30.1,136.6,37.9,52.5,0.359
Wes Horton,wes horton,ok,0.173,215,135,103,155.3,26,22,22,23.2,71.9,71.5,68.6,0.683
Zander Horvath,zander horvath,ok,0.171,170,122,102,134.4,42,34,29,35.8,-32.3,77.6,60.8,0.301
Phil Hoskins,phil hoskins,ok,0.109,141,96,80,107.6,101,75,60,81.1,52.2,86.3,90.3,0.006
Jayron Hosley,jayron hosley,no face,0.0,,,,,,,,,,,,
Davon House,davon house,ok,0.233,80,40,25,50.2,17,13,10,13.9,-74.2,-93.0,-7.5,0.415
Kevin Houser,kevin houser,no face,0.0,,,,,,,,,,,,
T.J. Houshmandzadeh,tj houshmandzadeh,no face,0.0,,,,,,,,,,,,
Rob Housler,rob housler,no face,0.0,,,,,,,,,,,,
Cedric Houston,cedric houston,no face,0.0,,,,,,,,,,,,
Chris Houston,chris houston,no face,0.0,,,,,,,,,,,,
Lamarr Houston,lamarr houston,no face,0.0,,,,,,,,,,,,
James Houston,james houston,ok,0.097,126,76,57,88.8,16,17,16,16.6,-5.6,66.3,62.9,0.62
Justin Houston,justin houston,ok,0.128,111,70,45,79.4,102,91,78,92.8,51.5,60.3,53.1,0.022
DeAndre Houston-Carson,deandre houston carson,ok,0.187,218,145,97,161.4,101,52,24,63.8,121.4,115.4,150.3,0.045
Chris Hovan,chris hovan,no face,0.0,,,,,,,,,,,,
Austin Howard,austin howard,ok,0.125,206,118,72,138.9,4,4,3,3.9,84.3,7.0,57.2,0.734
Brian Howard,brian howard,no face,0.0,,,,,,,,,,,,
Darren Howard,darren howard,no face,0.0,,,,,,,,,,,,
David Howard,david howard,no face,0.0,,,,,,,,,,,,
Jaye Howard,jaye howard,no face,0.0,,,,,,,,,,,,
Bug Howard,bug howard,ok,0.183,216,146,111,162.6,30,26,24,27.0,126.9,54.7,76.1,0.406
Jordan Howard,jordan howard,ok,0.155,154,94,81,110.3,31,27,28,28.3,0.8,26.1,45.5,0.661
Marcus Howard,marcus howard,no face,0.0,,,,,,,,,,,,
O.J. Howard,oj howard,ok,0.134,176,117,88,131.3,24,23,24,23.4,69.3,61.2,100.5,0.678
Reggie Howard,reggie howard,no face,0.0,,,,,,,,,,,,
Thomas Howard,thomas howard,no face,0.0,,,,,,,,,,,,
Tracy Howard,tracy howard,no face,0.0,,,,,,,,,,,,
Travin Howard,travin howard,ok,0.107,44,29,24,32.9,69,66,76,68.0,-26.5,-34.2,-22.3,0.85
Tytus Howard,tytus howard,ok,0.098,178,117,97,132.8,17,15,15,15.6,76.7,107.0,123.3,0.549
Will Howard,will howard,ok,0.11,162,120,116,132.0,33,28,25,29.2,-40.9,61.9,32.8,0.181
Xavien Howard,xavien howard,ok,0.076,108,72,61,81.5,27,22,23,23.6,-8.7,70.6,71.9,0.21
Jordan Howden,jordan howden,ok,0.129,179,125,102,138.5,20,19,20,19.4,106.4,2.2,32.6,0.515
Delano Howell,delano howell,no face,0.0,,,,,,,,,,,,
Buddy Howell,buddy howell,ok,0.099,170,107,87,123.6,16,14,16,14.8,23.1,107.4,110.2,1.0
John Howell,john howell,no face,0.0,,,,,,,,,,,,
Sam Howell,sam howell,ok,0.146,190,132,114,147.6,9,6,4,6.7,17.9,11.9,45.0,0.981
Keenan Howry,keenan howry,no face,0.0,,,,,,,,,,,,
Julian Howsare,julian howsare,no face,0.0,,,,,,,,,,,,
Brian Hoyer,brian hoyer,ok,0.135,180,124,115,139.7,121,78,66,89.5,47.8,102.4,91.1,0.028
Braxton Hoyett,braxton hoyett,ok,0.139,74,35,23,45.3,17,13,11,14.0,10.9,-18.5,20.4,0.457
Oliver Hoyte,oliver hoyte,no face,0.0,,,,,,,,,,,,
Damon Huard,damon huard,no face,0.0,,,,,,,,,,,,
Adrian Hubbard,adrian hubbard,no face,0.0,,,,,,,,,,,,
Chris Hubbard,chris hubbard,ok,0.108,160,103,77,117.1,25,23,23,23.6,6.1,95.5,98.2,0.364
Chuba Hubbard,chuba hubbard,ok,0.102,199,142,117,156.2,17,16,15,16.2,101.5,59.3,51.3,0.981
Paul Hubbard,paul hubbard,no face,0.0,,,,,,,,,,,,
Sam Hubbard,sam hubbard,ok,0.147,194,136,131,152.8,57,48,42,49.7,-11.3,27.0,55.0,0.103
Kevin Huber,kevin huber,ok,0.182,179,125,107,139.1,88,70,62,74.5,-18.2,-7.2,-18.8,0.088
Chris Hubert,chris hubert,no face,0.0,,,,,,,,,,,,
Wyatt Hubert,wyatt hubert,ok,0.17,230,169,142,184.2,156,150,152,152.3,-6.4,75.5,11.2,0.213
Jeb Huckeba,jeb huckeba,no face,0.0,,,,,,,,,,,,
James Hudson,james hudson,ok,0.095,111,66,49,77.5,20,19,19,19.3,4.4,63.0,58.2,0.466
Khaleke Hudson,khaleke hudson,ok,0.127,154,92,63,107.7,18,14,11,14.9,92.7,1.8,15.5,0.493
Marcus Hudson,marcus hudson,no face,0.0,,,,,,,,,,,,
Otis Hudson,otis hudson,no face,0.0,,,,,,,,,,,,
Rodney Hudson,rodney hudson,ok,0.16,161,114,102,126.7,79,52,44,59.2,103.9,68.5,83.6,0.036
Tanner Hudson,tanner hudson,ok,0.139,236,167,147,185.2,74,66,61,67.8,25.9,25.7,129.5,0.083
Tommy Hudson,tommy hudson,ok,0.126,198,136,132,154.1,82,66,58,69.9,-25.1,62.9,14.1,0.028
Talanoa Hufanga,talanoa hufanga,ok,0.122,168,126,104,136.0,209,218,244,218.3,-42.7,-65.4,-43.7,0.994
Bryce Huff,bryce huff,ok,0.125,95,58,34,66.3,31,23,20,25.1,24.0,55.6,54.0,0.321
Josh Huff,josh huff,ok,0.137,120,64,33,77.1,36,37,33,36.2,60.8,10.9,14.8,1.0
Marqueston Huff,marqueston huff,ok,0.131,123,73,55,85.9,16,13,8,13.3,63.7,21.6,37.7,0.947
Michael Huff,michael huff,no face,0.0,,,,,,,,,,,,
Orlando Huff,orlando huff,no face,0.0,,,,,,,,,,,,
Albert Huggins,albert huggins,ok,0.073,142,117,115,124.2,76,69,70,71.2,87.8,84.8,89.6,1.0
Kareem Huggins,kareem huggins,no face,0.0,,,,,,,,,,,,
Brandon Hughes,brandon hughes,no face,0.0,,,,,,,,,,,,
Dante Hughes,dante hughes,no face,0.0,,,,,,,,,,,,
Jerry Hughes,jerry hughes,ok,0.114,148,83,49,98.7,32,53,73,49.0,75.4,1.6,17.8,0.996
John Hughes,john hughes,no face,0.0,,,,,,,,,,,,
JuJu Hughes,juju hughes,ok,0.113,172,96,61,114.6,20,20,19,19.9,55.8,5.6,24.7,1.0
Kevin Hughes,kevin hughes,no face,0.0,,,,,,,,,,,,
Mike Hughes,mike hughes,ok,0.173,173,112,81,126.7,82,72,68,74.6,-19.1,72.9,57.8,0.18
Montori Hughes,montori hughes,no face,0.0,,,,,,,,,,,,
Nate Hughes,nate hughes,no face,0.0,,,,,,,,,,,,
Robert Hughes,robert hughes,no face,0.0,,,,,,,,,,,,
Charley Hughlett,charley hughlett,ok,0.193,222,161,142,177.1,84,60,54,66.4,7.9,64.5,54.3,0.049
Evan Hull,evan hull,ok,0.146,229,173,157,187.9,114,110,108,111.0,21.0,124.7,5.6,0.278
Josh Hull,josh hull,no face,0.0,,,,,,,,,,,,
Mike Hull,mike hull,ok,0.194,225,170,147,184.1,22,13,9,15.2,144.8,13.8,105.7,0.595
Corey Hulsey,corey hulsey,no face,0.0,,,,,,,,,,,,
Ramon Humber,ramon humber,ok,0.149,170,108,69,122.1,30,20,12,22.1,72.6,78.6,85.0,0.078
Cedric Humes,cedric humes,no face,0.0,,,,,,,,,,,,
Mike Humpal,mike humpal,no face,0.0,,,,,,,,,,,,
Creed Humphrey,creed humphrey,ok,0.15,228,146,123,167.9,44,26,20,30.7,119.9,-34.8,121.4,0.112
Lil'Jordan Humphrey,liljordan humphrey,ok,0.097,128,78,59,90.5,14,14,12,13.8,4.2,37.5,22.1,0.674
Marlon Humphrey,marlon humphrey,ok,0.109,158,112,83,122.4,35,34,32,34.1,32.3,39.5,88.6,1.0
Tory Humphrey,tory humphrey,no face,0.0,,,,,,,,,,,,
Adam Humphries,adam humphries,ok,0.206,216,161,139,174.9,121,92,68,97.9,10.5,13.0,23.5,0.045
D.J. Humphries,dj humphries,ok,0.177,146,96,81,109.2,27,26,24,26.1,64.6,-3.4,46.0,0.264
Brett Hundley,brett hundley,ok,0.132,150,98,72,111.1,13,11,8,11.3,-3.8,93.5,79.9,0.906
Akeem Hunt,akeem hunt,no face,0.0,,,,,,,,,,,,
Tony Hunt,tony hunt,no face,0.0,,,,,,,,,,,,
Cletidus Hunt,cletidus hunt,no face,0.0,,,,,,,,,,,,
Jalyx Hunt,jalyx hunt,ok,0.132,127,90,82,100.2,31,30,31,30.4,64.6,6.0,12.2,0.414
Joey Hunt,joey hunt,ok,0.162,79,50,35,57.0,24,21,18,21.6,0.7,3.5,20.8,0.185
Kareem Hunt,kareem hunt,ok,0.131,49,22,14,29.2,29,22,18,23.6,-65.2,-77.5,-61.6,0.111
Margus Hunt,margus hunt,ok,0.164,235,190,178,202.1,29,18,16,21.1,59.0,173.7,180.9,0.148
Phillip Hunt,phillip hunt,no face,0.0,,,,,,,,,,,,
Robert Hunt,robert hunt,no face,0.0,,,,,,,,,,,,
Danielle Hunter,danielle hunter,ok,0.131,179,110,75,126.6,14,12,11,12.5,97.4,31.7,35.8,0.602
David Hunter,david hunter,no face,0.0,,,,,,,,,,,,
Jarquez Hunter,jarquez hunter,ok,0.128,180,121,99,136.1,13,10,10,10.9,128.2,49.2,62.8,0.341
Jason Hunter,jason hunter,no face,0.0,,,,,,,,,,,,
Justin Hunter,justin hunter,ok,0.141,123,76,51,87.2,11,12,12,11.7,7.4,3.3,12.2,0.967
Kendall Hunter,kendall hunter,no face,0.0,,,,,,,,,,,,
Michael Hunter,michael hunter,ok,0.15,157,90,60,106.6,25,18,15,19.8,89.8,11.6,26.8,0.504
Pete Hunter,pete hunter,no face,0.0,,,,,,,,,,,,
Travis Hunter,travis hunter,ok,0.112,152,98,84,112.5,13,11,15,12.1,69.9,31.4,37.6,0.771
Wayne Hunter,wayne hunter,no face,0.0,,,,,,,,,,,,
Jason Huntley,jason huntley,ok,0.133,149,93,84,108.7,20,17,17,17.9,33.7,84.4,70.2,0.523
Kevin Huntley,kevin huntley,no face,0.0,,,,,,,,,,,,
Tyler Huntley,tyler huntley,ok,0.104,88,59,48,66.4,12,12,12,12.0,54.5,-9.7,9.7,0.666
Jalen Hurd,jalen hurd,ok,0.164,232,178,160,192.1,28,27,24,27.1,51.0,21.5,39.3,0.617
Sam Hurd,sam hurd,no face,0.0,,,,,,,,,,,,
Allen Hurns,allen hurns,ok,0.142,144,108,95,117.6,12,13,12,12.6,57.1,60.9,48.4,0.971
Demontre Hurst,demontre hurst,ok,0.165,180,110,79,127.4,30,25,21,26.0,43.8,88.1,65.9,0.338
Hayden Hurst,hayden hurst,ok,0.157,226,182,177,194.7,81,62,52,66.5,108.3,91.7,80.8,0.018
James Hurst,james hurst,ok,0.142,227,160,134,177.1,52,30,19,35.2,79.3,32.1,103.8,0.014
Maurice Hurst,maurice hurst,no face,0.0,,,,,,,,,,,,
Maurice Hurt,maurice hurt,no face,0.0,,,,,,,,,,,,
Jalen Hurts,jalen hurts,ok,0.1,189,111,77,130.4,14,12,10,12.4,5.7,1.6,12.4,0.309
Von Hutchins,von hutchins,no face,0.0,,,,,,,,,,,,
Aidan Hutchinson,aidan hutchinson,ok,0.142,205,159,144,171.0,130,112,102,115.9,-7.4,87.9,68.2,0.049
Chad Hutchinson,chad hutchinson,no face,0.0,,,,,,,,,,,,
Steve Hutchinson,steve hutchinson,no face,0.0,,,,,,,,,,,,
Johnny Jones,johnny jones,no face,0.0,,,,,,,,,,,,
Jonathan Jones,jonathan jones,ok,0.137,146,86,64,101.4,15,13,13,13.6,38.1,11.0,11.0,0.988
Josh Jones,josh jones,ok,0.093,80,58,50,63.9,45,60,89,58.8,-41.9,-78.9,-47.5,0.981
Julius Jones,julius jones,no face,0.0,,,,,,,,,,,,
Justin Jones,justin jones,no face,0.0,,,,,,,,,,,,
Keandre Jones,keandre jones,ok,0.115,108,75,52,82.2,29,29,27,28.8,-38.5,-56.3,-48.4,0.983
Kenyatta Jones,kenyatta jones,no face,0.0,,,,,,,,,,,,
Kevin Jones,kevin jones,no face,0.0,,,,,,,,,,,,
Levi Jones,levi jones,no face,0.0,,,,,,,,,,,,
Marcel Jones,marcel jones,no face,0.0,,,,,,,,,,,,
Marcus Jones,marcus jones,no face,0.0,,,,,,,,,,,,
Mark Jones,mark jones,no face,0.0,,,,,,,,,,,,
Marvin Jones,marvin jones,no face,0.0,,,,,,,,,,,,
Matt Jones,matt jones,no face,0.0,,,,,,,,,,,,
Landry Jones,landry jones,ok,0.142,226,162,143,179.0,14,11,9,11.7,44.6,145.0,147.6,0.343
Mike Jones,mike jones,no face,0.0,,,,,,,,,,,,
Mac Jones,mac jones,ok,0.158,209,160,140,172.4,18,10,7,12.0,-10.6,56.8,62.5,0.381
Naquan Jones,naquan jones,ok,0.114,123,73,58,86.2,10,9,10,9.4,65.0,31.3,51.7,0.673
Nate Jones,nate jones,no face,0.0,,,,,,,,,,,,
Nazair Jones,nazair jones,ok,0.166,234,174,130,186.9,23,17,15,18.6,89.5,101.3,140.2,0.245
Nic Jones,nic jones,ok,0.118,195,126,97,143.6,26,25,23,25.1,117.6,40.0,36.7,0.834
Onrea Jones,onrea jones,no face,0.0,,,,,,,,,,,,
Patrick Jones II,patrick jones,ok,0.127,154,86,64,103.7,21,19,19,19.6,-9.0,64.5,70.7,0.378
Julio Jones,julio jones,ok,0.139,155,113,93,123.3,23,22,23,22.4,0.2,85.9,91.2,0.894
Reshad Jones,reshad jones,ok,0.139,116,77,60,86.7,41,32,30,34.5,24.3,65.2,62.5,0.206
Robert Jones,robert jones,no face,0.0,,,,,,,,,,,,
Ronald Jones,ronald jones,ok,0.127,67,38,28,45.5,6,6,6,6.0,-19.6,-37.1,-8.2,0.338
Rushen Jones,rushen jones,no face,0.0,,,,,,,,,,,,
Sai'vion Jones,saivion jones,ok,0.122,136,88,65,99.7,12,12,11,11.9,61.3,13.2,-3.9,0.696
Sam Jones,sam jones,ok,0.168,237,181,151,194.3,18,13,10,14.2,166.9,179.6,178.1,0.47
Seantavius Jones,seantavius jones,ok,0.155,147,93,71,106.6,23,21,20,21.5,63.0,36.1,56.3,0.418
Sidney Jones,sidney jones,ok,0.159,212,150,118,164.8,28,28,27,27.9,62.2,28.7,86.3,0.887
T.J. Jones,tj jones,ok,0.152,180,121,83,134.3,10,4,2,5.6,-73.7,-13.3,18.0,0.835
Taiwan Jones,taiwan jones,ok,0.122,169,104,80,120.7,39,36,40,37.4,-7.8,89.6,88.5,0.361
Tebucky Jones,tebucky jones,no face,0.0,,,,,,,,,,,,
Terren Jones,terren jones,no face,0.0,,,,,,,,,,,,
Terry Jones,terry jones,no face,0.0,,,,,,,,,,,,
Thomas Jones,thomas jones,no face,0.0,,,,,,,,,,,,
Travis Jones,travis jones,ok,0.104,192,128,104,144.4,17,16,13,16.0,36.5,119.4,104.7,0.958
Velus Jones Jr.,velus jones,ok,0.127,181,121,94,135.9,25,23,22,23.5,115.1,11.8,74.7,0.395
Walter Jones,walter jones,ok,0.04,80,50,24,56.0,154,171,179,166.8,,,,0.275
Maurice Jones-Drew,maurice jones drew,no face,0.0,,,,,,,,,,,,
Harold Jones-Quartey,harold jones quartey,ok,0.132,129,60,42,78.6,18,17,15,17.1,58.9,-38.6,23.2,0.763
Jaryd Jones-Smith,jaryd jones smith,ok,0.076,109,78,67,86.0,36,34,34,34.6,38.1,68.8,65.1,0.172
Bennie Joppru,bennie joppru,no face,0.0,,,,,,,,,,,,
Akeem Jordan,akeem jordan,no face,0.0,,,,,,,,,,,,
Brevin Jordan,brevin jordan,ok,0.138,161,90,60,108.1,13,10,9,10.8,-13.7,93.1,39.2,0.902
Cameron Jordan,cameron jordan,ok,0.148,118,80,62,89.2,79,75,72,75.9,-5.1,6.3,23.7,0.601
Dion Jordan,dion jordan,ok,0.163,160,96,71,112.6,26,22,21,23.1,44.8,35.3,53.1,0.316
Jawhar Jordan,jawhar jordan,ok,0.141,164,94,61,111.2,36,33,31,33.8,-13.3,62.9,54.2,0.286
LaMont Jordan,lamont jordan,no face,0.0,,,,,,,,,,,,
Leander Jordan,leander jordan,no face,0.0,,,,,,,,,,,,
Mike Jordan,mike jordan,ok,0.124,206,161,141,172.2,35,35,36,35.1,110.6,141.6,142.7,0.559
Omari Jordan,omari jordan,no face,0.0,,,,,,,,,,,,
Alex Joseph,alex joseph,no face,0.0,,,,,,,,,,,,
Davin Joseph,davin joseph,no face,0.0,,,,,,,,,,,,
Greg Joseph,greg joseph,ok,0.144,166,121,97,131.7,69,59,50,61.0,-41.7,-42.1,-46.8,0.034
Joe Joseph,joe joseph,no face,0.0,,,,,,,,,,,,
Johnathan Joseph,johnathan joseph,ok,0.176,108,75,59,83.2,117,95,84,100.4,-41.3,47.1,43.5,0.089
Karl Joseph,karl joseph,ok,0.097,104,60,44,71.3,21,21,21,21.0,52.3,52.2,51.2,0.708
Kelvin Joseph,kelvin joseph,ok,0.13,139,72,49,89.4,25,20,19,21.4,57.8,66.2,55.4,0.29
Kerby Joseph,kerby joseph,ok,0.08,114,75,70,86.1,13,13,13,13.0,67.8,-70.3,41.6,1.0
Linval Joseph,linval joseph,ok,0.112,202,133,99,149.8,35,30,28,31.3,31.8,128.0,127.9,0.439
Michael Joseph,michael joseph,ok,0.202,163,84,39,102.5,15,12,9,12.6,88.1,-34.0,2.2,0.644
Vosean Joseph,vosean joseph,ok,0.108,156,100,76,113.9,12,11,12,11.4,38.0,101.5,89.9,0.553
William Joseph,william joseph,no face,0.0,,,,,,,,,,,,
Sebastian Joseph-Day,sebastian joseph day,ok,0.119,158,105,91,119.3,19,18,20,18.5,19.3,50.1,46.5,1.0
Steve Josue,steve josue,no face,0.0,,,,,,,,,,,,
Matt Joyce,matt joyce,no face,0.0,,,,,,,,,,,,
Lamarcus Joyner,lamarcus joyner,ok,0.147,195,122,85,139.6,17,18,16,17.5,57.1,137.6,127.3,0.308
Quinshon Judkins,quinshon judkins,ok,0.173,146,87,49,100.3,115,86,45,90.0,32.9,-4.9,51.2,0.1
Bhawoh Jue,bhawoh jue,no face,0.0,,,,,,,,,,,,
Cato June,cato june,no face,0.0,,,,,,,,,,,,
Gregory Junior,gregory junior,ok,0.133,168,129,110,138.6,50,43,43,45.1,7.4,39.2,74.3,0.32
Joe Jurevicius,joe jurevicius,no face,0.0,,,,,,,,,,,,
Cam Jurgens,cam jurgens,ok,0.165,212,150,142,167.6,198,194,191,194.9,21.1,-24.0,8.5,0.039
Michael Jurgens,michael jurgens,ok,0.157,183,128,116,143.1,82,70,67,73.4,11.0,106.1,94.9,0.063
Steve Justice,steve justice,no face,0.0,,,,,,,,,,,,
Winston Justice,winston justice,no face,0.0,,,,,,,,,,,,
Kyle Juszczyk,kyle juszczyk,ok,0.173,170,121,97,132.8,34,26,23,28.0,-33.7,15.2,58.4,0.192
Brad Kaaya,brad kaaya,ok,0.174,201,135,108,151.7,28,23,20,24.2,-8.8,6.4,49.7,0.478
Isaiah Kacyvenski,isaiah kacyvenski,no face,0.0,,,,,,,,,,,,
Nick Kaczur,nick kaczur,no face,0.0,,,,,,,,,,,,
Josh Kaddu,josh kaddu,no face,0.0,,,,,,,,,,,,
Dave Kadela,dave kadela,no face,0.0,,,,,,,,,,,,
Nate Kaeding,nate kaeding,no face,0.0,,,,,,,,,,,,
Colin Kaepernick,colin kaepernick,ok,0.34,200,154,115,163.3,228,227,225,227.1,-18.7,,70.5,0.0
Kevin Kaesviharn,kevin kaesviharn,no face,0.0,,,,,,,,,,,,
Mike Kafka,mike kafka,no face,0.0,,,,,,,,,,,,
Joshua Kaindoh,joshua kaindoh,ok,0.239,227,94,92,133.5,21,19,17,19.4,,,,0.335
Peter Kalambayi,peter kalambayi,ok,0.246,82,53,41,60.3,34,29,27,30.3,-87.9,,0.1,0.61
Matt Kalil,matt kalil,ok,0.156,161,116,89,126.4,35,26,23,28.3,21.1,99.2,99.5,0.282
Ryan Kalil,ryan kalil,ok,0.14,206,136,120,154.8,26,22,22,23.3,99.7,119.0,117.2,0.413
Kyle Kalis,kyle kalis,ok,0.314,188,138,120,150.7,70,50,41,55.0,-41.3,-38.7,-34.3,0.008
Francis Kallon,francis kallon,no face,0.0,,,,,,,,,,,,
Ufomba Kamalu,ufomba kamalu,ok,0.131,153,104,82,116.1,30,28,26,28.4,82.5,20.7,57.7,1.0
Alvin Kamara,alvin kamara,ok,0.122,164,116,94,127.9,32,32,36,32.6,43.5,105.3,92.6,0.501
Azur Kamara,azur kamara,ok,0.192,88,50,40,60.1,10,8,4,8.1,-1.7,25.7,27.4,0.981
Mohamed Kamara,mohamed kamara,ok,0.059,65,45,45,51.0,9,9,12,9.3,39.5,-28.5,2.4,0.98
Sam Kamara,sam kamara,ok,0.226,55,41,39,45.0,15,14,15,14.4,,,,0.007
Aaron Kampman,aaron kampman,no face,0.0,,,,,,,,,,,,
Hunter Kampmoyer,hunter kampmoyer,ok,0.176,201,159,149,170.4,65,45,39,50.3,-6.8,48.2,90.4,0.076
Calijah Kancey,calijah kancey,ok,0.109,104,69,59,78.3,13,11,10,11.5,57.8,15.2,-0.8,0.312
Sanoussi Kane,sanoussi kane,ok,0.11,99,63,47,71.9,14,11,9,11.7,51.8,46.7,37.0,0.503
Jeremy Kapinos,jeremy kapinos,no face,0.0,,,,,,,,,,,,
Khalid Kareem,khalid kareem,ok,0.123,127,71,47,85.0,19,15,15,16.2,25.4,61.1,69.7,0.177
Deji Karim,deji karim,no face,0.0,,,,,,,,,,,,
George Karlaftis,george karlaftis,ok,0.11,231,153,135,174.3,14,9,8,10.4,74.8,-50.6,-48.3,0.428
Mike Karney,mike karney,no face,0.0,,,,,,,,,,,,
Ted Karras,ted karras,ok,0.151,242,172,157,191.4,82,65,57,69.2,118.8,30.5,140.5,0.049
Joshua Karty,joshua karty,ok,0.164,126,85,68,95.5,160,152,146,153.6,-87.4,-14.9,-61.2,0.107
Nick Kasa,nick kasa,no face,0.0,,,,,,,,,,,,
John Kasay,john kasay,no face,0.0,,,,,,,,,,,,
Drew Kaser,drew kaser,ok,0.241,192,142,121,154.6,80,53,43,59.9,-19.4,-8.4,-2.8,0.144
Alain Kashama,alain kashama,no face,0.0,,,,,,,,,,,,
Kevin Kasper,kevin kasper,no face,0.0,,,,,,,,,,,,
Brad Kassell,brad kassell,no face,0.0,,,,,,,,,,,,
Matt Katula,matt katula,no face,0.0,,,,,,,,,,,,
Bronson Kaufusi,bronson kaufusi,ok,0.159,189,137,119,150.5,4,2,1,2.5,97.5,70.5,85.9,0.411
Damontae Kazee,damontae kazee,ok,0.142,133,87,65,98.2,13,12,11,12.2,90.2,24.7,50.9,0.366
Frank Kearse,frank kearse,no face,0.0,,,,,,,,,,,,
Jayron Kearse,jayron kearse,ok,0.138,121,67,48,81.0,9,8,2,7.6,68.2,10.2,21.4,0.579
Jermaine Kearse,jermaine kearse,ok,0.167,125,84,70,94.7,42,35,32,36.8,23.0,31.7,30.0,0.367
Jevon Kearse,jevon kearse,no face,0.0,,,,,,,,,,,,
Zak Keasey,zak keasey,no face,0.0,,,,,,,,,,,,
Trevor Keegan,trevor keegan,ok,0.166,209,146,127,162.7,18,12,9,13.5,68.2,40.5,94.0,0.611
Dalton Keene,dalton keene,ok,0.161,223,178,162,189.6,31,25,24,26.7,32.3,-12.5,15.7,0.527
Case Keenum,case keenum,ok,0.17,198,152,135,163.8,174,167,163,168.6,-12.4,3.8,26.5,0.012
Stanford Keglar,stanford keglar,no face,0.0,,,,,,,,,,,,
Bryan Kehl,bryan kehl,no face,0.0,,,,,,,,,,,,
Freddy Keiaho,freddy keiaho,no face,0.0,,,,,,,,,,,,
Brett Keisel,brett keisel,no face,0.0,,,,,,,,,,,,
Thomas Keiser,thomas keiser,no face,0.0,,,,,,,,,,,,
Brandon Keith,brandon keith,no face,0.0,,,,,,,,,,,,
Kenton Keith,kenton keith,no face,0.0,,,,,,,,,,,,
Kingsley Keke,kingsley keke,ok,0.18,194,133,94,146.8,25,21,18,21.9,122.4,15.7,78.5,0.196
Jason Kelce,jason kelce,ok,0.147,162,123,103,132.4,67,62,54,62.6,43.7,85.7,95.1,0.03
Travis Kelce,travis kelce,ok,0.114,198,108,94,133.0,30,22,15,23.4,40.8,77.2,70.5,0.023
Senio Kelemete,senio kelemete,ok,0.165,216,144,107,161.3,28,22,19,23.5,118.8,52.1,109.5,0.573
Dustin Keller,dustin keller,no face,0.0,,,,,,,,,,,,
Ethan Kelley,ethan kelley,no face,0.0,,,,,,,,,,,,
Joshua Kelley,joshua kelley,ok,0.121,184,116,83,132.4,17,13,14,14.3,46.6,38.6,22.5,0.971
Brian Kelly,brian kelly,no face,0.0,,,,,,,,,,,,
Chad Kelly,chad kelly,ok,0.141,240,178,153,193.7,16,10,9,11.7,6.9,34.8,53.7,0.378
Dennis Kelly,dennis kelly,ok,0.142,247,196,177,209.1,12,9,6,9.6,68.1,171.0,70.7,0.567
Derrick Kelly,derrick kelly,ok,0.099,95,49,33,60.9,4,17,16,13.0,44.9,49.6,48.6,0.935
Jermaine Kelly,jermaine kelly,ok,0.138,143,92,74,105.2,27,22,21,23.4,75.7,27.1,37.9,0.915
John Kelly,john kelly,ok,0.12,162,122,98,130.9,12,11,11,11.3,111.0,41.2,80.0,0.305
Kyu Blu Kelly,kyu blu kelly,ok,0.121,150,100,72,111.9,29,27,24,27.3,56.6,25.2,51.7,0.429
Lewis Kelly,lewis kelly,no face,0.0,,,,,,,,,,,,
Malcolm Kelly,malcolm kelly,no face,0.0,,,,,,,,,,,,
Reggie Kelly,reggie kelly,no face,0.0,,,,,,,,,,,,
Ryan Kelly,ryan kelly,ok,0.153,230,167,142,183.0,24,16,14,18.5,119.0,-1.6,34.7,0.262
Tommy Kelly,tommy kelly,no face,0.0,,,,,,,,,,,,
Chris Kelsay,chris kelsay,no face,0.0,,,,,,,,,,,,
Keith Kelsey,keith kelsey,ok,0.134,147,104,83,114.5,15,20,24,19.0,22.1,107.1,104.5,0.354
Ma'ake Kemoeatu,maake kemoeatu,no face,0.0,,,,,,,,,,,,
Chris Kemoeatu,chris kemoeatu,no face,0.0,,,,,,,,,,,,
Marcus Kemp,marcus kemp,ok,0.112,238,156,122,176.9,15,15,13,14.8,134.3,160.8,153.4,0.779
Drew Kendall,drew kendall,ok,0.169,216,164,147,177.5,44,31,24,34.1,-17.8,4.2,10.0,0.188
Pete Kendall,pete kendall,no face,0.0,,,,,,,,,,,,
Derion Kendrick,derion kendrick,ok,0.117,152,82,60,100.3,12,11,10,11.2,-34.6,47.4,58.7,0.865
Eric Kendricks,eric kendricks,ok,0.135,181,133,109,144.6,2,1,1,1.1,46.0,11.0,69.9,0.992
Lance Kendricks,lance kendricks,ok,0.146,201,131,101,148.5,13,9,6,9.9,75.3,131.8,138.9,0.525
Mychal Kendricks,mychal kendricks,ok,0.199,228,170,135,182.9,78,54,40,59.9,36.9,45.2,71.1,0.07
Devon Kennard,devon kennard,ok,0.155,176,118,89,131.6,20,19,17,19.1,-24.5,58.4,44.6,0.63
Kyle Kennard,kyle kennard,ok,0.111,174,97,60,115.9,12,11,13,11.5,59.4,49.3,50.2,0.464
Jimmy Kennedy,jimmy kennedy,no face,0.0,,,,,,,,,,,,
Kenoy Kennedy,kenoy kennedy,no face,0.0,,,,,,,,,,,,
Tom Kennedy,tom kennedy,ok,0.138,220,172,157,184.6,34,27,23,28.6,40.4,17.9,28.1,0.196
Eddie Kennison,eddie kennison,no face,0.0,,,,,,,,,,,,
Donte Kent,donte kent,ok,0.104,215,152,132,168.9,22,22,22,22.0,66.7,141.8,146.5,0.894
Jordan Kent,jordan kent,no face,0.0,,,,,,,,,,,,
Shiloh Keo,shiloh keo,no face,0.0,,,,,,,,,,,,
Zac Kerin,zac kerin,ok,0.171,182,141,124,151.3,51,44,37,45.3,-6.8,48.7,0.4,0.136
Jeremy Kerley,jeremy kerley,ok,0.153,168,104,67,118.9,24,17,11,18.4,90.9,95.0,94.6,0.38
Brett Kern,brett kern,ok,0.184,205,165,143,174.5,92,71,57,75.7,-10.6,23.2,32.1,0.039
Chris Kern,chris kern,no face,0.0,,,,,,,,,,,,
Patrick Kerney,patrick kerney,no face,0.0,,,,,,,,,,,,
Zach Kerr,zach kerr,ok,0.105,165,108,87,122.4,18,18,17,17.9,91.1,91.3,91.6,1.0
Joe Kerridge,joe kerridge,ok,0.149,218,142,123,162.9,10,4,1,5.5,20.7,14.5,18.6,0.303
Ryan Kerrigan,ryan kerrigan,ok,0.181,210,151,138,167.2,31,24,23,26.0,66.8,1.9,16.5,0.643
William Kershaw,william kershaw,no face,0.0,,,,,,,,,,,,
Cody Kessler,cody kessler,ok,0.204,179,128,114,141.4,69,46,39,52.1,-35.4,77.7,71.8,0.002
Alex Kessman,alex kessman,ok,0.174,175,130,112,141.4,143,114,102,121.3,-5.6,-8.0,-12.6,0.016
Eric Kettani,eric kettani,no face,0.0,,,,,,,,,,,,
Arden Key,arden key,ok,0.111,127,78,60,90.7,4,5,8,5.0,27.4,78.9,37.0,0.999
Jaylen Key,jaylen key,ok,0.142,90,60,44,67.3,19,18,18,18.3,-10.8,19.2,18.7,0.311
Josh Keyes,josh keyes,ok,0.158,163,122,110,132.9,35,33,36,33.9,86.3,57.8,92.8,0.733
Isaac Keys,isaac keys,no face,0.0,,,,,,,,,,,,
Caleb Kidder,caleb kidder,no face,0.0,,,,,,,,,,,,
Adam Kieft,adam kieft,no face,0.0,,,,,,,,,,,,
Ko Kieft,ko kieft,ok,0.215,189,111,62,128.7,80,60,49,64.7,39.3,48.2,49.5,0.0
Terrence Kiel,terrence kiel,no face,0.0,,,,,,,,,,,,
Kelvin Kight,kelvin kight,no face,0.0,,,,,,,,,,,,
Hau'oli Kikaha,hauoli kikaha,ok,0.131,232,136,97,160.3,6,4,3,4.5,54.3,153.8,152.8,0.513
Darius Kilgo,darius kilgo,ok,0.132,174,113,80,127.5,109,70,60,80.5,15.1,104.5,103.2,0.04
Daniel Kilgore,daniel kilgore,ok,0.23,218,150,128,167.8,152,139,135,142.4,115.6,128.3,135.4,0.0
Miles Killebrew,miles killebrew,ok,0.153,192,138,119,151.5,51,44,38,45.4,-13.5,68.5,12.2,0.15
Cedric Killings,cedric killings,no face,0.0,,,,,,,,,,,,
Ethan Kilmer,ethan kilmer,no face,0.0,,,,,,,,,,,,
Ola Kimrin,ola kimrin,no face,0.0,,,,,,,,,,,,
Dalton Kincaid,dalton kincaid,ok,0.081,169,130,123,141.2,232,235,249,235.7,-44.5,-90.7,-38.0,0.831
Kamren Kinchens,kamren kinchens,ok,0.118,135,86,73,99.2,10,8,9,8.7,92.1,28.2,36.2,0.638
Sergio Kindle,sergio kindle,no face,0.0,,,,,,,,,,,,
Solomon Kindley,solomon kindley,ok,0.104,158,109,96,122.2,31,26,30,28.0,105.1,99.0,105.1,0.635
Derrick Kindred,derrick kindred,ok,0.378,55,43,35,45.7,23,20,17,20.6,,,,0.21
Akeem King,akeem king,ok,0.166,229,176,140,187.7,21,18,16,18.7,172.9,15.7,22.5,0.682
Andre King,andre king,no face,0.0,,,,,,,,,,,,
Austin King,austin king,no face,0.0,,,,,,,,,,,,
Brandon King,brandon king,no face,0.0,,,,,,,,,,,,
David King,david king,ok,0.125,162,92,70,110.3,19,18,16,18.1,22.6,49.4,48.5,0.746
Deon King,deon king,ok,0.212,176,103,70,121.1,26,19,18,20.8,101.6,29.6,46.8,0.386
Desmond King,desmond king,ok,0.122,95,57,42,66.7,14,11,11,11.9,56.8,-14.2,16.0,0.195
Eric King,eric king,no face,0.0,,,,,,,,,,,,
Jeff King,jeff king,no face,0.0,,,,,,,,,,,,
Justin King,justin king,no face,0.0,,,,,,,,,,,,
Kalen King,kalen king,ok,0.134,184,129,109,143.2,36,34,34,34.6,23.4,89.7,55.0,0.497
Kevin King,kevin king,ok,0.145,198,144,126,158.0,35,31,31,32.2,109.7,46.2,53.2,0.439
Kobe King,kobe king,ok,0.115,180,109,74,126.2,32,16,9,19.8,2.2,76.1,86.5,0.132
Marquette King,marquette king,ok,0.131,172,102,77,120.1,39,34,32,35.3,84.9,81.2,61.5,0.726
Mitch King,mitch king,no face,0.0,,,,,,,,,,,,
Shaun King,shaun king,no face,0.0,,,,,,,,,,,,
Tavarres King,tavarres king,ok,0.181,151,104,74,114.6,64,40,28,45.8,46.8,94.1,70.6,0.158
Vick King,vick king,no face,0.0,,,,,,,,,,,,
Jarrett Kingston,jarrett kingston,ok,0.133,230,156,144,176.7,42,33,29,35.2,32.0,-19.6,38.6,0.498
Javon Kinlaw,javon kinlaw,ok,0.117,142,102,90,112.7,28,23,22,24.4,85.9,61.5,68.6,0.157
Darian Kinnard,darian kinnard,ok,0.12,82,52,37,59.3,12,11,10,11.2,-131.2,4.8,22.3,0.438
G.J. Kinne,gj kinne,no face,0.0,,,,,,,,,,,,
Erron Kinney,erron kinney,no face,0.0,,,,,,,,,,,,
Mason Kinsey,mason kinsey,ok,0.178,216,145,115,162.8,64,54,42,56.1,43.2,-7.6,18.5,0.119
David Kircus,david kircus,no face,0.0,,,,,,,,,,,,
Christian Kirk,christian kirk,ok,0.122,209,138,105,155.5,14,12,11,12.6,95.0,5.0,34.7,0.938
Luther Kirk,luther kirk,ok,0.195,105,63,40,72.9,11,7,7,8.2,60.9,-23.4,-19.2,0.33
Denver Kirkland,denver kirkland,ok,0.104,159,90,72,108.6,30,29,28,29.2,22.5,89.8,86.6,0.999
Dre Kirkpatrick,dre kirkpatrick,ok,0.203,194,138,111,151.7,43,36,33,37.8,92.1,58.3,61.6,0.417
Christian Kirksey,christian kirksey,ok,0.129,137,94,63,103.3,43,37,33,38.3,2.2,-13.0,-6.1,0.411
Keith Kirkwood,keith kirkwood,ok,0.106,144,97,74,108.4,15,13,12,13.5,72.9,90.5,90.4,0.589
Jammie Kirlew,jammie kirlew,no face,0.0,,,,,,,,,,,,
Travis Kirschke,travis kirschke,no face,0.0,,,,,,,,,,,,
David Kirtman,david kirtman,no face,0.0,,,,,,,,,,,,
Jack Kiser,jack kiser,ok,0.152,233,189,184,201.6,78,65,62,68.5,11.8,110.2,119.9,0.115
Micah Kiser,micah kiser,ok,0.199,148,87,66,102.8,10,9,9,9.3,90.2,-0.5,21.2,0.575
Ishmaa'ily Kitchen,ishmaaily kitchen,no face,0.0,,,,,,,,,,,,
Jon Kitna,jon kitna,no face,0.0,,,,,,,,,,,,
George Kittle,george kittle,ok,0.237,103,51,25,63.6,66,55,46,57.3,-140.8,-21.3,-13.3,0.029
Mathias Kiwanuka,mathias kiwanuka,no face,0.0,,,,,,,,,,,,
DeShone Kizer,deshone kizer,ok,0.15,182,118,82,133.0,19,15,13,16.0,43.7,6.2,40.7,1.0
Dan Klecko,dan klecko,no face,0.0,,,,,,,,,,,,
A.J. Klein,aj klein,ok,0.134,206,131,110,151.0,19,15,13,16.0,-12.7,34.4,49.9,0.567
Elijah Klein,elijah klein,ok,0.084,228,184,182,196.9,176,149,154,157.6,92.5,0.9,34.9,0.286
Adrian Klemm,adrian klemm,no face,0.0,,,,,,,,,,,,
Josh Kline,josh kline,ok,0.166,234,168,149,185.6,14,7,5,8.9,124.4,106.6,152.1,0.436
Joe Klopfenstein,joe klopfenstein,no face,0.0,,,,,,,,,,,,
Karl Klug,karl klug,no face,0.0,,,,,,,,,,,,
Chris Kluwe,chris kluwe,no face,0.0,,,,,,,,,,,,
Cole Kmet,cole kmet,ok,0.147,224,160,136,176.7,12,7,4,8.2,18.9,56.3,69.9,0.443
Marshawn Kneeland,marshawn kneeland,ok,0.124,224,162,134,177.6,32,29,29,29.9,143.0,7.3,29.4,0.75
Brandon Knight,brandon knight,ok,0.146,196,115,84,135.7,80,43,26,52.2,124.4,-6.4,43.4,0.02
Bryan Knight,bryan knight,no face,0.0,,,,,,,,,,,,
Demetrius Knight Jr.,demetrius knight,ok,0.11,111,63,46,75.4,21,20,19,20.2,53.2,-10.7,13.2,0.588
Roger Knight,roger knight,no face,0.0,,,,,,,,,,,,
Sammy Knight,sammy knight,no face,0.0,,,,,,,,,,,,
Tyrice Knight,tyrice knight,ok,0.103,141,102,86,111.5,24,23,22,23.2,39.8,70.8,41.8,0.667
Terrance Knighton,terrance knighton,no face,0.0,,,,,,,,,,,,
Micah Knorr,micah knorr,no face,0.0,,,,,,,,,,,,
Jake Knott,jake knott,no face,0.0,,,,,,,,,,,,
Dawson Knox,dawson knox,no face,0.018,,,,,,,,,,,,
Johnny Knox,johnny knox,no face,0.0,,,,,,,,,,,,
Kyle Knox,kyle knox,no face,0.0,,,,,,,,,,,,
Sam Koch,sam koch,ok,0.198,219,156,137,172.7,90,70,59,74.7,29.4,98.0,102.8,0.083
Marshall Koehn,marshall koehn,ok,0.195,177,134,103,143.3,35,19,9,22.6,-45.5,8.9,38.9,0.221
Adam Koets,adam koets,no face,0.0,,,,,,,,,,,,
Charlie Kolar,charlie kolar,ok,0.137,217,158,144,174.0,29,22,20,23.9,8.9,72.2,76.0,0.59
Kevin Kolb,kevin kolb,no face,0.0,,,,,,,,,,,,
Ross Kolodziej,ross kolodziej,no face,0.0,,,,,,,,,,,,
Max Komar,max komar,no face,0.0,,,,,,,,,,,,
Bilhal Kone,bilhal kone,ok,0.129,122,82,69,92.5,11,11,11,11.0,47.4,42.4,38.7,0.904
Rob Konrad,rob konrad,no face,0.0,,,,,,,,,,,,
Jameson Konz,jameson konz,no face,0.0,,,,,,,,,,,,
Peter Konz,peter konz,no face,0.0,,,,,,,,,,,,
Younghoe Koo,younghoe koo,ok,0.113,204,172,156,179.7,27,26,26,26.3,128.7,123.5,125.5,0.987
Scott Kooistra,scott kooistra,no face,0.0,,,,,,,,,,,,
Malcolm Koonce,malcolm koonce,ok,0.138,133,81,65,94.7,12,11,10,11.2,71.2,40.6,45.4,0.98
Matt Kopa,matt kopa,no face,0.0,,,,,,,,,,,,
Dan Koppen,dan koppen,no face,0.0,,,,,,,,,,,,
Kyle Kosier,kyle kosier,no face,0.0,,,,,,,,,,,,
J.J. Koski,jj koski,ok,0.23,219,172,142,182.3,102,79,56,83.3,-1.6,-0.5,19.2,0.006
Arie Kouandjio,arie kouandjio,ok,0.163,90,59,49,67.3,72,54,51,59.2,-27.5,38.2,-10.9,0.043
Cyrus Kouandjio,cyrus kouandjio,ok,0.14,126,81,64,92.5,29,21,18,23.0,64.9,9.3,39.2,0.158
Niko Koutouvides,niko koutouvides,no face,0.0,,,,,,,,,,,,
Jordan Kovacs,jordan kovacs,no face,0.0,,,,,,,,,,,,
Joe Kowalewski,joe kowalewski,no face,0.0,,,,,,,,,,,,
Kevin Kowalski,kevin kowalski,no face,0.0,,,,,,,,,,,,
Ben Koyack,ben koyack,ok,0.194,243,183,163,198.7,39,22,13,26.1,57.1,122.5,140.5,0.134
Brian Kozlowski,brian kozlowski,no face,0.0,,,,,,,,,,,,
Tanoh Kpassagnon,tanoh kpassagnon,ok,0.14,154,106,85,118.0,39,33,27,34.1,45.5,7.6,32.2,0.164
Tommy Kraemer,tommy kraemer,ok,0.17,216,139,110,158.7,78,64,59,67.8,65.4,108.9,111.0,0.045
Tucker Kraft,tucker kraft,ok,0.14,212,142,119,160.3,18,9,7,11.5,19.6,35.4,52.6,0.468
Doug Kramer,doug kramer,ok,0.154,172,137,123,145.9,80,62,48,65.7,-33.1,65.2,26.4,0.021
Jordan Kramer,jordan kramer,no face,0.0,,,,,,,,,,,,
Matt Kranchick,matt kranchick,no face,0.0,,,,,,,,,,,,
Jonathan Krause,jonathan krause,no face,0.0,,,,,,,,,,,,
Paul Krause,paul krause,ok,0.056,85,68,57,71.8,70,81,112,81.2,,,,0.079
Ryan Krause,ryan krause,no face,0.0,,,,,,,,,,,,
Dan Kreider,dan kreider,no face,0.0,,,,,,,,,,,,
Casey Kreiter,casey kreiter,ok,0.181,213,178,162,186.6,128,105,79,108.9,6.8,132.1,72.1,0.013
Craig Krenzel,craig krenzel,no face,0.0,,,,,,,,,,,,
Olin Kreutz,olin kreutz,no face,0.0,,,,,,,,,,,,
Henry Krieger-Coble,henry krieger coble,ok,0.185,205,144,131,160.8,30,21,16,23.1,86.5,89.1,99.6,0.436
Clint Kriewaldt,clint kriewaldt,no face,0.0,,,,,,,,,,,,
Keaton Kristick,keaton kristick,no face,0.0,,,,,,,,,,,,
Tyler Kroft,tyler kroft,ok,0.163,199,142,126,157.2,78,58,50,63.2,-14.4,101.5,4.8,0.046
Troy Kropog,troy kropog,no face,0.0,,,,,,,,,,,,
Matt Kroul,matt kroul,no face,0.0,,,,,,,,,,,,
Joe Kruger,joe kruger,no face,0.0,,,,,,,,,,,,
Paul Kruger,paul kruger,no face,0.0,,,,,,,,,,,,
Luke Kuechly,luke kuechly,ok,0.188,218,140,119,160.9,15,11,9,12.0,-3.0,3.7,23.1,0.581
Ryan Kuehl,ryan kuehl,no face,0.0,,,,,,,,,,,,
Edmund Kugbila,edmund kugbila,no face,0.0,,,,,,,,,,,,
John Kuhn,john kuhn,no face,0.0,,,,,,,,,,,,
Markus Kuhn,markus kuhn,no face,0.0,,,,,,,,,,,,
Jake Kumerow,jake kumerow,ok,0.069,117,81,75,91.1,2,65,160,57.0,48.4,66.7,59.3,0.997
Jordan Kunaszyk,jordan kunaszyk,ok,0.148,158,98,77,113.5,82,63,54,67.7,-35.8,-8.8,54.7,0.154
Christian Kuntz,christian kuntz,ok,0.123,251,182,179,202.3,46,40,38,41.9,114.8,21.3,64.1,0.511
Zack Kuntz,zack kuntz,ok,0.118,180,152,136,158.5,16,16,15,15.9,-0.7,-4.4,-3.6,1.0
Chris Kuper,chris kuper,no face,0.0,,,,,,,,,,,,
Cooper Kupp,cooper kupp,ok,0.175,213,165,144,177.0,68,57,47,59.3,4.7,98.6,131.9,0.174
Alex Kupper,alex kupper,no face,0.0,,,,,,,,,,,,
Justin Kurpeikis,justin kurpeikis,no face,0.0,,,,,,,,,,,,
Eric Kush,eric kush,ok,0.176,175,122,110,136.2,74,57,49,61.2,-1.6,88.8,83.2,0.07
Nick Kwiatkoski,nick kwiatkoski,ok,0.208,244,200,196,212.7,43,28,24,32.0,105.4,68.1,59.4,0.056
Jason Kyle,jason kyle,no face,0.0,,,,,,,,,,,,
Travis LaBoy,travis laboy,no face,0.0,,,,,,,,,,,,
Ryan LaCasse,ryan lacasse,no face,0.0,,,,,,,,,,,,
Matt LaCosse,matt lacosse,ok,0.153,145,98,80,109.9,70,55,50,58.8,-51.2,-6.7,11.1,0.154
L.P. LaDouceur,lp ladouceur,ok,0.166,179,101,78,121.7,58,41,29,44.7,-9.0,-9.5,-4.1,0.297
Brandon LaFell,brandon lafell,ok,0.109,154,104,87,116.6,25,26,22,25.2,57.4,93.1,91.4,0.536
Sam LaPorta,sam laporta,ok,0.149,198,143,125,157.4,52,42,40,44.8,-23.8,16.2,26.6,0.244
Joey LaRocque,joey larocque,no face,0.0,,,,,,,,,,,,
Mike Labinjo,mike labinjo,no face,0.0,,,,,,,,,,,,
Deon Lacey,deon lacey,ok,0.151,159,95,64,110.6,17,13,14,14.3,63.2,-23.8,33.2,0.404
Jacob Lacey,jacob lacey,no face,0.0,,,,,,,,,,,,
Luke Lachey,luke lachey,ok,0.15,184,121,112,138.8,24,17,14,18.8,64.8,-19.5,23.6,0.755
Eddie Lacy,eddie lacy,no face,0.0,,,,,,,,,,,,
Tyler Lacy,tyler lacy,ok,0.094,174,111,91,127.6,23,20,20,20.9,97.1,-10.5,35.1,0.432
Bill Lafleur,bill lafleur,no face,0.0,,,,,,,,,,,,
Patrick Laird,patrick laird,ok,0.177,193,145,127,157.3,48,36,28,38.6,10.7,44.9,14.6,0.137
Antwan Lake,antwan lake,no face,0.0,,,,,,,,,,,,
Quentin Lake,quentin lake,ok,0.147,194,135,108,149.7,10,7,8,8.0,67.8,91.2,73.5,0.487
CeeDee Lamb,ceedee lamb,ok,0.135,194,110,84,132.2,16,14,14,14.6,1.1,82.6,107.1,0.843
DaVonte Lambert,davonte lambert,ok,0.244,52,43,39,45.2,21,14,11,15.8,,,,0.229
Terrail Lambert,terrail lambert,no face,0.0,,,,,,,,,,,,
KeAndre Lambert-Smith,keandre lambert smith,ok,0.124,182,123,102,138.2,30,28,32,29.1,21.6,102.9,72.9,0.526
Josh Lambo,josh lambo,ok,0.2,247,162,141,185.0,37,31,26,32.2,9.7,43.5,105.8,0.308
Kendall Lamm,kendall lamm,ok,0.131,223,148,117,166.9,35,26,26,28.7,33.7,68.9,66.6,0.578
Chris Lammons,chris lammons,ok,0.117,182,121,99,136.6,31,26,28,27.7,29.2,63.2,57.4,0.582
Forrest Lamp,forrest lamp,ok,0.173,213,145,120,162.5,80,62,54,66.1,-13.1,34.3,22.0,0.102
Jake Lampman,jake lampman,ok,0.156,210,164,143,175.4,17,12,10,13.6,21.5,-13.0,69.4,0.554
Emmanuel Lamur,emmanuel lamur,ok,0.132,171,112,93,127.5,39,39,42,39.3,22.8,104.3,100.6,0.598
Tyler Lancaster,tyler lancaster,ok,0.128,251,173,161,195.0,103,85,73,89.0,20.2,110.7,68.0,0.011
Trey Lance,trey lance,ok,0.141,231,169,151,185.5,53,36,30,40.5,27.5,155.3,85.0,0.096
Jimmy Landes,jimmy landes,no face,0.0,,,,,,,,,,,,
Sean Landeta,sean landeta,no face,0.0,,,,,,,,,,,,
Dennis Landolt,dennis landolt,no face,0.0,,,,,,,,,,,,
Derek Landri,derek landri,no face,0.0,,,,,,,,,,,,
Chris Landrum,chris landrum,ok,0.129,138,88,66,100.2,31,26,24,27.0,12.3,73.6,75.9,0.454
Dawan Landry,dawan landry,no face,0.0,,,,,,,,,,,,
Harold Landry III,harold landry,ok,0.119,193,122,86,139.1,33,25,22,27.0,53.6,125.2,121.3,0.258
Jarvis Landry,jarvis landry,ok,0.117,186,121,91,137.0,38,34,37,35.5,87.2,114.9,100.1,0.268
LaRon Landry,laron landry,no face,0.0,,,,,,,,,,,,
Austen Lane,austen lane,no face,0.0,,,,,,,,,,,,
Jeremy Lane,jeremy lane,no face,0.0,,,,,,,,,,,,
Jorvorskie Lane,jorvorskie lane,no face,0.0,,,,,,,,,,,,
Jaylin Lane,jaylin lane,ok,0.123,210,160,138,172.4,40,37,36,37.8,59.6,152.3,151.4,0.425
Rayuan Lane III,rayuan lane,ok,0.13,157,102,79,115.8,10,9,11,9.5,26.9,14.6,41.3,0.878
Brandon Lang,brandon lang,no face,0.0,,,,,,,,,,,,
Kenard Lang,kenard lang,no face,0.0,,,,,,,,,,,,
T.J. Lang,tj lang,ok,0.163,212,154,135,168.7,138,116,100,120.9,28.2,95.2,86.9,0.02
Jeremy Langford,jeremy langford,no face,0.0,,,,,,,,,,,,
Kendall Langford,kendall langford,no face,0.0,,,,,,,,,,,,
Reshard Langford,reshard langford,no face,0.0,,,,,,,,,,,,
Harvey Langi,harvey langi,ok,0.135,191,136,105,148.9,35,32,33,33.0,61.3,39.3,95.9,0.781
Brendan Langley,brendan langley,ok,0.174,196,135,106,150.0,22,19,19,19.9,27.1,48.8,59.9,0.452
Anthony Lanier,anthony lanier,ok,0.108,197,133,104,148.8,46,41,39,42.3,18.6,118.9,117.6,0.19
Ellis Lankster,ellis lankster,no face,0.0,,,,,,,,,,,,
Spencer Lanning,spencer lanning,no face,0.0,,,,,,,,,,,,
Danny Lansanah,danny lansanah,no face,0.0,,,,,,,,,,,,
Spencer Larsen,spencer larsen,no face,0.0,,,,,,,,,,,,
Ted Larsen,ted larsen,ok,0.202,213,149,127,165.6,92,67,56,73.2,33.7,-12.7,48.5,0.014
Tyler Larsen,tyler larsen,ok,0.158,222,155,135,172.8,56,39,28,42.9,19.7,99.9,11.5,0.046
Kyle Larson,kyle larson,no face,0.0,,,,,,,,,,,,
Daniel Lasco,daniel lasco,no face,0.0,,,,,,,,,,,,
Jordan Lasley,jordan lasley,ok,0.212,157,105,76,117.2,64,55,47,56.8,34.7,83.5,54.9,0.126
Kamari Lassiter,kamari lassiter,ok,0.128,123,79,66,90.7,17,13,12,14.1,22.1,31.4,57.6,1.0
Kwamie Lassiter,kwamie lassiter,no face,0.0,,,,,,,,,,,,
Darius Latham,darius latham,no face,0.0,,,,,,,,,,,,
JC Latham,jc latham,ok,0.113,169,98,54,114.2,10,8,7,8.6,101.6,75.2,100.7,0.584
Cody Latimer,cody latimer,ok,0.114,212,157,123,169.7,43,40,37,40.6,100.0,135.9,132.6,0.414
Billy Latsko,billy latsko,no face,0.0,,,,,,,,,,,,
Jamari Lattimore,jamari lattimore,no face,0.0,,,,,,,,,,,,
Marcus Lattimore,marcus lattimore,no face,0.0,,,,,,,,,,,,
Marshon Lattimore,marshon lattimore,ok,0.114,83,54,40,61.1,16,15,16,15.4,-64.3,-87.5,-41.0,0.999
Cameron Latu,cameron latu,ok,0.143,238,167,150,186.3,34,30,32,31.4,68.2,-3.2,13.9,0.382
Laiatu Latu,laiatu latu,ok,0.141,226,174,158,187.7,25,20,20,21.5,10.8,122.8,67.0,0.57
Dylan Laube,dylan laube,ok,0.158,212,156,144,171.4,102,92,88,95.0,41.8,11.5,52.0,0.057
Kyle Lauletta,kyle lauletta,ok,0.242,252,196,176,210.4,42,29,25,32.4,13.5,13.5,15.1,0.212
Jonah Laulu,jonah laulu,ok,0.111,175,130,116,141.9,13,13,16,13.3,126.5,43.8,50.9,0.984
Sataoa Laumea,sataoa laumea,ok,0.128,237,171,138,187.0,11,10,8,10.1,48.2,7.8,39.1,0.429
James Laurinaitis,james laurinaitis,no face,0.0,,,,,,,,,,,,
Lance Laury,lance laury,no face,0.0,,,,,,,,,,,,
Shawn Lauvao,shawn lauvao,ok,0.192,240,178,150,193.3,29,19,14,21.4,92.6,21.5,41.8,0.125
Chad Lavalais,chad lavalais,no face,0.0,,,,,,,,,,,,
Ty Law,ty law,ok,0.057,114,96,67,97.9,209,205,221,208.0,,,,0.174
Justin Lawler,justin lawler,ok,0.157,232,178,141,189.9,9,6,3,6.6,145.3,-20.1,22.5,0.858
Kenny Lawler,kenny lawler,no face,0.0,,,,,,,,,,,,
Cameron Lawrence,cameron lawrence,no face,0.0,,,,,,,,,,,,
DeMarcus Lawrence,demarcus lawrence,ok,0.119,143,106,91,115.4,37,32,27,32.9,32.4,96.1,91.9,0.319
Dexter Lawrence,dexter lawrence,ok,0.099,192,124,98,141.4,120,91,84,98.9,118.0,37.9,79.3,0.0
Quinten Lawrence,quinten lawrence,no face,0.0,,,,,,,,,,,,
Rashard Lawrence,rashard lawrence,ok,0.168,191,131,102,145.6,17,16,14,16.1,121.4,86.7,114.8,0.443
Trevor Lawrence,trevor lawrence,ok,0.207,223,178,165,189.7,97,81,76,85.2,0.1,-0.1,42.4,0.047
Nile Lawrence-Stample,nile lawrence stample,no face,0.0,,,,,,,,,,,,
Nate Lawrie,nate lawrie,no face,0.0,,,,,,,,,,,,
Trevor Laws,trevor laws,no face,0.0,,,,,,,,,,,,
Carl Lawson,carl lawson,ok,0.119,91,57,42,65.5,17,16,13,16.0,11.2,0.6,37.8,0.644
Manny Lawson,manny lawson,no face,0.0,,,,,,,,,,,,
Gerard Lawson,gerard lawson,no face,0.0,,,,,,,,,,,,
Nevin Lawson,nevin lawson,ok,0.181,159,90,73,108.7,30,29,30,29.4,52.8,88.9,68.9,0.596
Shaq Lawson,shaq lawson,ok,0.111,131,81,68,94.5,18,16,18,16.8,46.5,82.2,81.7,0.496
Luke Lawton,luke lawton,no face,0.0,,,,,,,,,,,,
Josh Lay,josh lay,no face,0.0,,,,,,,,,,,,
George Layne,george layne,no face,0.0,,,,,,,,,,,,
Justin Layne,justin layne,ok,0.163,184,119,79,133.9,22,29,25,26.5,39.5,104.5,93.3,0.623
Allen Lazard,allen lazard,ok,0.114,166,113,87,125.9,8,7,5,7.1,54.4,-10.1,10.4,1.0
Cre'von LeBlanc,crevon leblanc,ok,0.189,209,141,111,157.9,40,34,30,35.3,-2.3,66.4,41.6,0.395
Richard LeCounte,richard lecounte,ok,0.128,145,98,88,110.9,38,24,28,28.6,44.4,90.5,84.8,0.215
Dan LeFevour,dan lefevour,no face,0.0,,,,,,,,,,,,
Stefan LeFors,stefan lefors,no face,0.0,,,,,,,,,,,,
Mark LeGree,mark legree,no face,0.0,,,,,,,,,,,,
Josh LeRibeus,josh leribeus,ok,0.177,238,152,126,174.7,35,19,13,23.1,62.4,135.5,133.7,0.51
Mark LeVoir,mark levoir,no face,0.0,,,,,,,,,,,,
Mike Leach,mike leach,no face,0.0,,,,,,,,,,,,
Vonta Leach,vonta leach,no face,0.0,,,,,,,,,,,,
DeMarvin Leal,demarvin leal,ok,0.105,139,99,88,109.7,26,36,47,34.3,1.1,-25.5,-16.6,0.986
Devin Leary,devin leary,ok,0.126,201,161,144,171.0,36,30,24,31.1,61.2,138.9,142.8,0.306
Ronald Leary,ronald leary,no face,0.0,,,,,,,,,,,,
Alex Leatherwood,alex leatherwood,ok,0.056,105,81,77,87.7,32,30,33,30.9,24.8,36.5,9.7,0.756
Dallin Leavitt,dallin leavitt,ok,0.149,201,139,117,155.0,152,148,145,148.9,-4.1,37.4,28.9,0.123
Ben Leber,ben leber,no face,0.0,,,,,,,,,,,,
Shane Lechler,shane lechler,ok,0.158,201,158,137,168.5,72,59,52,62.1,22.6,75.6,58.0,0.069
Nick Leckey,nick leckey,no face,0.0,,,,,,,,,,,,
Jeremiah Ledbetter,jeremiah ledbetter,ok,0.111,154,110,90,120.9,17,15,19,16.1,28.5,87.0,66.8,0.472
Jonathan Ledbetter,jonathan ledbetter,ok,0.116,176,126,108,139.0,19,18,19,18.7,32.9,116.6,120.3,0.713
Andy Lee,andy lee,ok,0.184,211,168,141,177.8,19,14,10,15.0,14.6,10.5,26.0,0.385
Cameron Lee,cameron lee,no face,0.0,,,,,,,,,,,,
Charles Lee,charles lee,no face,0.0,,,,,,,,,,,,
Darron Lee,darron lee,ok,0.14,153,96,73,110.1,15,12,11,12.8,9.6,38.5,63.1,0.606
Donald Lee,donald lee,no face,0.0,,,,,,,,,,,,
Elijah Lee,elijah lee,ok,0.118,158,95,68,110.8,32,26,24,27.4,83.8,-128.5,-114.1,0.44
Eric Lee,eric lee,ok,0.126,185,135,116,147.8,23,22,20,22.1,23.7,122.6,119.9,0.321
James Lee,james lee,no face,0.0,,,,,,,,,,,,
Khari Lee,khari lee,ok,0.16,116,73,56,83.9,16,15,14,15.2,14.4,52.8,62.6,0.348
Logan Lee,logan lee,ok,0.112,230,165,164,184.2,32,27,23,28.0,139.3,7.2,92.2,0.329
Marqise Lee,marqise lee,ok,0.194,171,105,76,121.4,20,15,11,16.0,50.6,39.8,59.9,0.436
Marquel Lee,marquel lee,ok,0.145,165,87,60,107.2,17,15,15,15.6,81.2,22.5,41.7,0.43
Matt Lee,matt lee,ok,0.117,214,126,107,150.1,19,15,10,15.6,109.3,3.0,52.8,0.263
Pat Lee,pat lee,no face,0.0,,,,,,,,,,,,
ReShard Lee,reshard lee,no face,0.0,,,,,,,,,,,,
Sean Lee,sean lee,ok,0.197,186,139,122,151.1,94,62,44,69.5,6.6,27.5,28.8,0.143
Tanner Lee,tanner lee,ok,0.195,223,168,141,181.4,62,39,25,44.3,-1.1,117.3,83.4,0.12
Kili Lefotu,kili lefotu,no face,0.0,,,,,,,,,,,,
Byron Leftwich,byron leftwich,no face,0.0,,,,,,,,,,,,
Xavier Legette,xavier legette,ok,0.089,102,76,68,82.9,29,28,27,28.2,20.0,55.8,49.0,1.0
Jordan Leggett,jordan leggett,ok,0.132,209,140,124,158.8,17,15,16,15.7,131.5,95.9,138.9,0.501
Maurice Leggett,maurice leggett,no face,0.0,,,,,,,,,,,,
John Leglue,john leglue,ok,0.171,126,96,90,104.3,148,139,133,141.0,-44.1,6.9,14.5,0.036
Jimmy Legree,jimmy legree,no face,0.0,,,,,,,,,,,,
Lance Legree,lance legree,no face,0.0,,,,,,,,,,,,
Doug Legursky,doug legursky,no face,0.0,,,,,,,,,,,,
Michael Lehan,michael lehan,no face,0.0,,,,,,,,,,,,
Teddy Lehman,teddy lehman,no face,0.0,,,,,,,,,,,,
Matt Lehr,matt lehr,no face,0.0,,,,,,,,,,,,
Matt Leinart,matt leinart,no face,0.0,,,,,,,,,,,,
Rodney Leisle,rodney leisle,no face,0.0,,,,,,,,,,,,
Cory Lekkerkerker,cory lekkerkerker,no face,0.0,,,,,,,,,,,,
Ashley Lelie,ashley lelie,no face,0.0,,,,,,,,,,,,
Tim Lelito,tim lelito,no face,0.0,,,,,,,,,,,,
Shane Lemieux,shane lemieux,ok,0.14,209,149,117,163.3,56,42,34,45.3,-19.6,-0.1,-8.1,0.091
Cleo Lemon,cleo lemon,no face,0.0,,,,,,,,,,,,
Orie Lemon,orie lemon,no face,0.0,,,,,,,,,,,,
Corey Lemonier,corey lemonier,no face,0.0,,,,,,,,,,,,
Jessie Lemonier,jessie lemonier,ok,0.166,205,151,121,163.7,28,26,25,26.5,131.2,143.7,140.6,0.378
Devin Lemons,devin lemons,no face,0.0,,,,,,,,,,,,
Matt Lengel,matt lengel,ok,0.178,232,171,150,186.8,133,101,87,109.0,45.8,130.2,129.2,0.161
Charles Leno Jr.,charles leno,ok,0.173,173,118,88,131.0,33,30,23,30.1,5.4,-42.4,16.5,0.242
Deommodore Lenoir,deommodore lenoir,ok,0.123,190,112,72,130.4,14,12,12,12.6,25.4,23.9,23.4,0.984
Lance Lenoir,lance lenoir,ok,0.147,189,107,71,127.4,18,17,17,17.3,86.5,32.1,61.0,0.315
Paris Lenon,paris lenon,no face,0.0,,,,,,,,,,,,
Josh Lenz,josh lenz,no face,0.0,,,,,,,,,,,,
Titus Leo,titus leo,ok,0.117,169,117,93,129.8,14,15,17,14.9,7.1,55.5,77.9,0.499
Brian Leonard,brian leonard,no face,0.0,,,,,,,,,,,,
Shaquille Leonard,shaquille leonard,ok,0.115,129,78,55,90.6,24,23,25,23.5,22.6,74.4,75.4,0.226
Deane Leonard,deane leonard,ok,0.124,224,167,151,182.2,16,16,22,16.7,142.6,127.4,94.2,0.455
Louis Leonard,louis leonard,no face,0.0,,,,,,,,,,,,
Rick Leonard,rick leonard,ok,0.207,237,173,168,191.6,80,65,62,69.1,96.1,66.5,29.1,0.053
Riley Leonard,riley leonard,ok,0.136,203,158,152,170.8,53,46,42,47.6,1.0,-3.2,13.3,0.318
Jim Leonhard,jim leonhard,no face,0.0,,,,,,,,,,,,
Matt Lepsis,matt lepsis,no face,0.0,,,,,,,,,,,,
Mikel Leshoure,mikel leshoure,no face,0.0,,,,,,,,,,,,
Jordan Leslie,jordan leslie,ok,0.172,183,121,93,136.3,34,25,22,27.3,-8.5,88.4,65.9,0.162
Robert Lester,robert lester,no face,0.0,,,,,,,,,,,,
Dorsey Levens,dorsey levens,no face,0.0,,,,,,,,,,,,
Nick Leverett,nick leverett,ok,0.121,190,101,72,124.3,12,11,9,11.1,85.0,43.9,84.2,0.417
Otis Leverette,otis leverette,no face,0.0,,,,,,,,,,,,
KT Leveston,kt leveston,ok,0.118,187,116,86,133.6,7,7,7,7.0,125.6,-11.4,56.0,1.0
Corey Levin,corey levin,ok,0.137,206,146,129,161.9,20,14,12,15.6,94.1,152.6,148.7,0.324
Anthony Levine,anthony levine,ok,0.151,151,103,82,115.0,29,29,26,28.6,77.8,85.3,53.8,0.777
Lazarius Levingston,lazarius levingston,no face,0.0,,,,,,,,,,,,
Will Levis,will levis,ok,0.178,211,147,115,162.5,82,62,46,66.2,14.9,7.6,69.6,0.039
Andy Levitre,andy levitre,ok,0.22,207,140,102,155.7,39,28,20,30.4,21.6,55.1,72.8,0.118
Deandre Levy,deandre levy,no face,0.0,,,,,,,,,,,,
Taylor Lewan,taylor lewan,ok,0.173,203,164,136,172.5,133,123,118,125.4,-17.7,96.1,45.1,0.018
Alex Lewis,alex lewis,no face,0.0,,,,,,,,,,,,
Chad Lewis,chad lewis,no face,0.0,,,,,,,,,,,,
Damien Lewis,damien lewis,ok,0.101,159,107,93,121.0,23,21,19,21.4,98.7,46.3,58.0,0.573
Damione Lewis,damione lewis,no face,0.0,,,,,,,,,,,,
D.D. Lewis,dd lewis,no face,0.0,,,,,,,,,,,,
Derrick Lewis,derrick lewis,no face,0.0,,,,,,,,,,,,
Dezmin Lewis,dezmin lewis,no face,0.0,,,,,,,,,,,,
Dion Lewis,dion lewis,ok,0.139,165,106,82,120.9,45,40,39,41.7,15.5,76.7,70.6,0.155
Donnie Lewis,donnie lewis,ok,0.147,153,90,63,105.8,10,9,9,9.3,88.4,12.6,31.8,0.761
Greg Lewis,greg lewis,no face,0.0,,,,,,,,,,,,
Lance Lewis,lance lewis,no face,0.0,,,,,,,,,,,,
Jamal Lewis,jamal lewis,no face,0.0,,,,,,,,,,,,
Jermaine Lewis,jermaine lewis,no face,0.0,,,,,,,,,,,,
Jonathan Lewis,jonathan lewis,no face,0.0,,,,,,,,,,,,
Jourdan Lewis,jourdan lewis,ok,0.118,129,84,70,95.9,17,16,21,16.9,18.5,84.0,49.4,0.568
Keenan Lewis,keenan lewis,no face,0.0,,,,,,,,,,,,
Keith Lewis,keith lewis,no face,0.0,,,,,,,,,,,,
Kendrick Lewis,kendrick lewis,ok,0.152,188,116,84,133.7,35,28,25,30.0,-9.8,119.5,111.2,0.58
Kevin Lewis,kevin lewis,no face,0.0,,,,,,,,,,,,
LaTroy Lewis,latroy lewis,ok,0.165,173,109,82,125.1,26,24,23,24.5,89.2,82.5,89.7,0.287
Marcedes Lewis,marcedes lewis,ok,0.119,125,84,61,93.6,46,30,18,33.4,57.3,81.7,81.8,0.028
Marquavius Lewis,marquavius lewis,ok,0.167,176,100,61,118.3,29,18,12,20.6,95.4,16.5,35.4,0.171
Michael Lewis,michael lewis,no face,0.0,,,,,,,,,,,,
Myron Lewis,myron lewis,no face,0.0,,,,,,,,,,,,
Patrick Lewis,patrick lewis,no face,0.0,,,,,,,,,,,,
Ray Lewis,ray lewis,ok,0.064,107,89,71,92.3,115,109,109,110.8,,,,0.002
Roger Lewis,roger lewis,ok,0.176,190,118,76,134.7,128,79,54,90.8,-21.2,29.9,40.1,0.048
Ronnell Lewis,ronnell lewis,no face,0.0,,,,,,,,,,,,
Roy Lewis,roy lewis,no face,0.0,,,,,,,,,,,,
Terrell Lewis,terrell lewis,ok,0.091,140,98,86,109.6,26,26,30,26.5,85.4,26.9,49.8,0.573
Tommylee Lewis,tommylee lewis,ok,0.145,196,132,96,147.0,33,32,31,32.2,124.1,48.5,110.7,0.345
Travis Lewis,travis lewis,no face,0.0,,,,,,,,,,,,
Trey Lewis,trey lewis,no face,0.0,,,,,,,,,,,,
Tyquan Lewis,tyquan lewis,ok,0.099,172,111,92,127.1,41,36,34,37.3,38.7,92.9,98.3,0.105
Chris Lewis-Harris,chris lewis harris,ok,0.171,138,77,45,91.6,108,68,43,77.1,-52.6,21.4,56.6,0.082
Kapron Lewis-Moore,kapron lewis moore,ok,0.087,114,73,65,84.3,21,24,23,23.0,53.7,65.9,66.2,0.535
Kory Lichtensteiger,kory lichtensteiger,no face,0.0,,,,,,,,,,,,
Matt Light,matt light,no face,0.0,,,,,,,,,,,,
Isaiah Likely,isaiah likely,ok,0.107,229,156,121,173.8,22,18,17,19.1,-6.2,145.8,93.1,1.0
Ryan Lilja,ryan lilja,no face,0.0,,,,,,,,,,,,
Beaux Limmer,beaux limmer,ok,0.15,213,135,127,157.4,18,9,6,11.3,111.5,18.8,38.0,0.358
Rian Lindell,rian lindell,no face,0.0,,,,,,,,,,,,
Cody Lindenberg,cody lindenberg,ok,0.165,192,134,120,149.2,184,171,165,174.2,-13.3,25.6,27.5,0.029
Brandon Linder,brandon linder,ok,0.167,160,114,91,125.1,49,39,30,41.0,-46.6,11.3,35.1,0.145
Tyler Linderbaum,tyler linderbaum,ok,0.106,147,115,112,124.2,29,24,25,25.6,60.6,-47.4,-28.9,0.658
Ryan Lindley,ryan lindley,no face,0.0,,,,,,,,,,,,
Trevard Lindley,trevard lindley,no face,0.0,,,,,,,,,,,,
Phillip Lindsay,phillip lindsay,ok,0.13,245,184,154,198.8,31,26,23,27.2,11.8,31.6,25.4,0.843
Korey Lindsey,korey lindsey,no face,0.0,,,,,,,,,,,,
Chris Lindstrom,chris lindstrom,ok,0.144,201,128,110,147.8,70,53,44,56.9,15.7,42.9,5.3,0.018
Zach Line,zach line,ok,0.182,251,166,148,189.7,14,4,3,6.9,132.4,68.9,90.8,0.493
Corey Linsley,corey linsley,ok,0.143,237,184,161,197.2,66,47,39,51.8,62.8,145.7,102.0,0.011
Tony Lippett,tony lippett,ok,0.168,114,75,59,84.8,15,12,12,12.9,20.3,71.2,67.9,0.731
Sean Lissemore,sean lissemore,no face,0.0,,,,,,,,,,,,
Kolby Listenbee,kolby listenbee,no face,0.0,,,,,,,,,,,,
Cam Little,cam little,ok,0.157,188,146,136,157.3,72,61,56,63.7,-55.4,-28.1,-6.5,0.084
Earl Little,earl little,no face,0.0,,,,,,,,,,,,
Greg Little,greg little,ok,0.202,64,48,38,51.6,13,14,10,13.2,-69.6,-84.0,-60.0,0.553
Leonard Little,leonard little,no face,0.0,,,,,,,,,,,,
Walker Little,walker little,ok,0.159,218,169,160,182.6,110,91,82,95.7,33.3,116.0,74.9,0.049
Cory Littleton,cory littleton,ok,0.153,130,76,59,90.4,34,31,33,32.1,-14.0,45.0,27.0,0.329
Jody Littleton,jody littleton,no face,0.0,,,,,,,,,,,,
Marist Liufau,marist liufau,ok,0.127,187,135,106,147.2,25,23,22,23.5,74.9,4.3,46.2,0.247
Corey Liuget,corey liuget,ok,0.171,133,86,73,98.6,45,35,32,37.6,74.9,-6.3,10.8,0.069
Nate Livings,nate livings,no face,0.0,,,,,,,,,,,,
Chris Liwienski,chris liwienski,no face,0.0,,,,,,,,,,,,
Brandon Lloyd,brandon lloyd,no face,0.0,,,,,,,,,,,,
Devin Lloyd,devin lloyd,ok,0.113,131,86,72,97.9,24,23,21,23.1,41.7,62.9,57.6,0.391
Greg Lloyd,greg lloyd,no face,0.0,,,,,,,,,,,,
MarShawn Lloyd,marshawn lloyd,ok,0.137,136,80,56,93.9,17,16,13,16.0,-9.3,0.4,9.9,0.283
Rhys Lloyd,rhys lloyd,no face,0.0,,,,,,,,,,,,
Phil Loadholt,phil loadholt,no face,0.0,,,,,,,,,,,,
Drew Lock,drew lock,ok,0.161,231,180,157,192.6,34,27,22,28.5,-2.0,0.6,26.6,0.286
P.J. Locke,pj locke,ok,0.129,141,88,70,101.8,37,33,31,34.0,63.3,-2.5,36.2,0.43
Jeff Locke,jeff locke,ok,0.189,212,161,144,174.3,82,63,53,67.5,11.9,79.1,88.6,0.17
Jake Locker,jake locker,no face,0.0,,,,,,,,,,,,
Bret Lockett,bret lockett,no face,0.0,,,,,,,,,,,,
Tyler Lockett,tyler lockett,ok,0.108,181,120,92,135.0,74,48,33,53.6,13.6,101.1,65.1,0.026
Ricardo Lockette,ricardo lockette,no face,0.0,,,,,,,,,,,,
Sean Locklear,sean locklear,no face,0.0,,,,,,,,,,,,
Cullen Loeffler,cullen loeffler,no face,0.0,,,,,,,,,,,,
Mitchell Loewen,mitchell loewen,ok,0.208,199,168,156,175.9,112,98,86,100.8,-19.7,3.9,30.8,0.198
Curtis Lofton,curtis lofton,no face,0.0,,,,,,,,,,,,
Bennie Logan,bennie logan,ok,0.118,134,68,47,85.3,33,30,27,30.6,41.8,51.1,54.7,0.331
Mike Logan,mike logan,no face,0.0,,,,,,,,,,,,
Stefan Logan,stefan logan,no face,0.0,,,,,,,,,,,,
T.J. Logan,tj logan,ok,0.122,120,77,70,89.0,17,16,18,16.5,66.4,51.5,57.2,0.499
Zion Logue,zion logue,ok,0.059,108,68,64,79.8,38,42,52,41.9,54.3,-27.7,-1.7,0.95
Caleb Lohner,caleb lohner,ok,0.184,239,184,173,199.2,81,72,65,73.9,-2.3,-7.5,3.0,0.138
Drake London,drake london,ok,0.133,154,99,76,112.8,40,29,28,32.2,18.1,98.8,84.8,0.327
LaCale London,lacale london,ok,0.1,188,121,90,137.3,27,22,22,23.5,128.4,81.0,121.8,0.212
Chris Long,chris long,ok,0.24,231,155,131,175.0,96,75,55,79.0,48.7,112.3,78.0,0.077
David Long Jr.,david long,ok,0.103,154,103,91,116.9,13,10,13,11.2,93.7,106.6,103.8,0.996
Hunter Long,hunter long,ok,0.156,193,152,145,163.5,90,80,79,83.0,-7.1,-42.9,-15.0,0.147
Jake Long,jake long,no face,0.0,,,,,,,,,,,,
Jerome Long,jerome long,no face,0.0,,,,,,,,,,,,
Khari Long,khari long,no face,0.0,,,,,,,,,,,,
Kyle Long,kyle long,ok,0.205,226,171,148,184.8,163,115,93,126.8,103.9,-9.7,69.9,0.08
Rien Long,rien long,no face,0.0,,,,,,,,,,,,
Spencer Long,spencer long,ok,0.185,236,172,154,189.1,34,20,14,23.5,17.8,-40.4,-5.6,0.197
Ty Long,ty long,ok,0.166,235,176,158,191.6,111,87,69,92.1,15.7,-4.1,-3.0,0.037
Steve Longa,steve longa,ok,0.095,178,127,98,138.9,25,25,24,24.9,88.8,124.9,119.6,0.901
Matt Longacre,matt longacre,ok,0.224,199,136,131,154.3,53,38,33,41.9,41.1,34.2,91.7,0.163
Robert Longerbeam,robert longerbeam,ok,0.12,135,90,74,102.0,18,18,18,17.7,80.1,54.7,39.8,0.471
Ryan Longwell,ryan longwell,no face,0.0,,,,,,,,,,,,
Dane Looker,dane looker,no face,0.0,,,,,,,,,,,,
Joe Looney,joe looney,ok,0.149,140,83,53,96.6,117,110,107,111.8,71.5,81.4,83.5,0.287
James Looney,james looney,ok,0.17,103,63,42,72.6,9,13,13,11.8,-45.3,-71.5,-80.8,0.61
Tyler Loop,tyler loop,ok,0.186,151,108,95,119.4,101,93,89,94.9,-40.7,-14.4,-30.7,0.11
Daniel Loper,daniel loper,no face,0.0,,,,,,,,,,,,
Roy Lopez,roy lopez,ok,0.123,200,151,136,163.9,26,20,18,21.6,-7.0,86.9,3.7,0.483
Tom Lopienski,tom lopienski,no face,0.0,,,,,,,,,,,,
Jammal Lord,jammal lord,no face,0.0,,,,,,,,,,,,
Jared Lorenzen,jared lorenzen,no face,0.0,,,,,,,,,,,,
Erik Lorig,erik lorig,no face,0.0,,,,,,,,,,,,
J.P. Losman,jp losman,no face,0.0,,,,,,,,,,,,
Andre Lott,andre lott,no face,0.0,,,,,,,,,,,,
John Lotulelei,john lotulelei,no face,0.0,,,,,,,,,,,,
Star Lotulelei,star lotulelei,ok,0.106,216,149,126,166.4,22,19,21,20.1,98.5,137.2,129.3,0.769
Isaiahh Loudermilk,isaiahh loudermilk,ok,0.144,183,123,104,138.7,25,21,17,21.7,113.9,-11.9,48.6,0.597
Lamar Louis,lamar louis,no face,0.0,,,,,,,,,,,,
Lance Louis,lance louis,no face,0.0,,,,,,,,,,,,
Ricardo Louis,ricardo louis,ok,0.169,132,88,70,99.1,19,17,17,17.6,64.2,69.9,26.9,0.645
Rick Lovato,rick lovato,ok,0.113,218,156,140,172.6,129,106,101,112.3,70.6,124.1,110.8,0.07
Kyle Love,kyle love,no face,0.0,,,,,,,,,,,,
DeMarcus Love,demarcus love,no face,0.0,,,,,,,,,,,,
Bryce Love,bryce love,ok,0.11,129,81,56,92.5,24,22,23,22.7,-10.2,78.9,81.8,0.957
Jordan Love,jordan love,ok,0.133,200,125,95,144.0,14,10,8,11.0,45.7,51.9,73.7,0.358
Julian Love,julian love,ok,0.133,212,155,115,167.5,19,19,18,18.9,148.1,45.6,46.6,0.589
Colston Loveland,colston loveland,ok,0.144,226,172,153,186.0,0,0,0,0.0,-4.0,-4.3,14.3,0.915
David Loverne,david loverne,no face,0.0,,,,,,,,,,,,
Dominic Lovett,dominic lovett,ok,0.116,179,113,91,130.2,30,25,24,26.4,82.4,43.3,72.0,0.185
Omare Lowe,omare lowe,no face,0.0,,,,,,,,,,,,
Vederian Lowe,vederian lowe,ok,0.124,165,89,56,108.0,11,8,7,8.8,97.0,15.8,43.3,0.314
Dwight Lowery,dwight lowery,no face,0.0,,,,,,,,,,,,
Calvin Lowry,calvin lowry,no face,0.0,,,,,,,,,,,,
Dean Lowry,dean lowry,ok,0.093,222,159,156,177.3,24,23,22,23.2,83.4,-19.1,17.8,0.449
Oscar Lua,oscar lua,no face,0.0,,,,,,,,,,,,
Shalom Luani,shalom luani,ok,0.156,223,160,124,174.7,20,19,18,19.2,150.5,17.6,27.1,0.829
Abraham Lucas,abraham lucas,ok,0.119,232,176,151,189.9,19,16,14,16.7,168.1,48.6,172.3,0.757
Chad Lucas,chad lucas,no face,0.0,,,,,,,,,,,,
Chase Lucas,chase lucas,ok,0.12,192,132,113,147.8,15,13,14,13.8,58.5,5.0,19.4,0.999
Cornelius Lucas,cornelius lucas,ok,0.131,114,70,49,80.8,15,9,6,10.5,77.8,-4.2,39.8,0.219
Jordan Lucas,jordan lucas,ok,0.16,208,126,83,145.6,10,3,3,4.9,110.5,125.7,46.5,0.284
Justin Lucas,justin lucas,no face,0.0,,,,,,,,,,,,
Ken Lucas,ken lucas,no face,0.0,,,,,,,,,,,,
Devin Lucien,devin lucien,no face,0.0,,,,,,,,,,,,
Wayne Lucier,wayne lucier,no face,0.0,,,,,,,,,,,,
Andrew Luck,andrew luck,ok,0.166,225,158,149,177.0,33,25,25,27.4,88.2,6.2,40.8,0.551
Triandos Luke,triandos luke,no face,0.0,,,,,,,,,,,,
Jesse Luketa,jesse luketa,ok,0.091,122,82,67,92.2,25,23,21,23.4,-10.5,86.2,84.5,0.236
Kregg Lumpkin,kregg lumpkin,no face,0.0,,,,,,,,,,,,
Ricky Lumpkin,ricky lumpkin,no face,0.0,,,,,,,,,,,,
Chase Lundt,chase lundt,ok,0.03,119,67,61,81.9,,,,,-57.9,-103.1,-62.2,0.0
Wali Lundy,wali lundy,no face,0.0,,,,,,,,,,,,
Darrell Luter Jr.,darrell luter,ok,0.124,115,68,41,79.0,26,23,21,23.7,-2.0,66.4,51.1,0.338
Jake Luton,jake luton,ok,0.117,227,171,157,186.1,31,29,25,29.1,63.5,140.5,105.4,0.755
Scott Lutrus,scott lutrus,no face,0.0,,,,,,,,,,,,
Deuce Lutui,deuce lutui,no face,0.0,,,,,,,,,,,,
Wil Lutz,wil lutz,ok,0.183,222,155,142,173.6,22,16,10,17.1,14.4,0.3,42.6,0.237
Frankie Luvu,frankie luvu,ok,0.11,217,150,123,167.0,24,22,23,22.7,138.2,45.6,92.9,0.376
Chris Luzar,chris luzar,no face,0.0,,,,,,,,,,,,
Chase Lyman,chase lyman,no face,0.0,,,,,,,,,,,,
Dustin Lyman,dustin lyman,no face,0.0,,,,,,,,,,,,
Aaron Lynch,aaron lynch,ok,0.197,217,164,143,177.5,21,18,13,18.3,23.2,17.2,32.3,0.419
Arthur Lynch,arthur lynch,no face,0.0,,,,,,,,,,,,
Blake Lynch,blake lynch,ok,0.151,209,141,104,157.1,22,14,11,16.1,6.0,118.2,66.2,0.258
Cameron Lynch,cameron lynch,ok,0.206,55,43,36,45.8,12,7,5,8.3,,,,0.426
Corey Lynch,corey lynch,no face,0.0,,,,,,,,,,,,
James Lynch,james lynch,no face,0.0,,,,,,,,,,,,
John Lynch,john lynch,ok,0.123,155,103,88,116.8,92,76,71,80.5,-35.2,7.0,7.5,0.006
Marshawn Lynch,marshawn lynch,ok,0.132,157,88,64,105.9,40,36,34,37.0,69.8,82.0,73.7,0.323
Paxton Lynch,paxton lynch,ok,0.158,222,161,139,176.6,49,37,31,39.9,19.1,131.7,15.3,0.074
Greg Mabin,greg mabin,ok,0.13,186,134,101,146.1,18,16,14,16.4,39.9,31.7,55.3,1.0
Tyler Mabry,tyler mabry,ok,0.121,204,134,103,151.7,17,17,16,16.9,135.5,26.1,64.8,0.522
Alize Mack,alize mack,ok,0.139,182,123,91,137.0,77,59,45,62.8,7.1,60.5,110.9,0.032
Daylon Mack,daylon mack,ok,0.117,122,83,70,93.1,28,25,24,25.8,68.6,25.8,40.7,0.255
Elbert Mack,elbert mack,no face,0.0,,,,,,,,,,,,
Isaiah Mack,isaiah mack,ok,0.114,143,93,80,106.5,38,27,28,30.3,75.2,34.9,38.0,0.114
Alex Mack,alex mack,ok,0.18,215,146,111,162.6,32,21,15,23.6,-12.0,68.8,43.2,0.171
Khalil Mack,khalil mack,ok,0.106,191,130,113,146.3,15,13,17,14.1,122.4,51.6,66.9,0.531
Marlon Mack,marlon mack,ok,0.132,117,55,20,69.5,15,11,12,12.3,47.9,17.7,49.9,1.0
David Macklin,david macklin,no face,0.0,,,,,,,,,,,,
Jeremy Maclin,jeremy maclin,no face,0.0,,,,,,,,,,,,
Tre Madden,tre madden,ok,0.149,149,88,64,103.5,17,14,11,14.6,-4.2,3.3,33.1,0.551
Andre Maddox,andre maddox,no face,0.0,,,,,,,,,,,,
Anthony Maddox,anthony maddox,no face,0.0,,,,,,,,,,,,
Avonte Maddox,avonte maddox,ok,0.14,131,74,50,88.3,29,28,27,28.2,-58.6,,-49.3,0.816
Tommy Maddox,tommy maddox,no face,0.0,,,,,,,,,,,,
Adrian Madise,adrian madise,no face,0.0,,,,,,,,,,,,
Anthony Madison,anthony madison,no face,0.0,,,,,,,,,,,,
Cole Madison,cole madison,ok,0.184,215,160,147,175.0,70,52,46,56.7,17.9,145.0,118.0,0.388
Sam Madison,sam madison,no face,0.0,,,,,,,,,,,,
John Madsen,john madsen,no face,0.0,,,,,,,,,,,,
Joe Madsen,joe madsen,no face,0.0,,,,,,,,,,,,
Nnamdi Madubuike,nnamdi madubuike,ok,0.107,135,98,82,107.3,19,17,17,17.6,-1.5,62.1,62.3,0.307
Lamar Mady,lamar mady,no face,0.0,,,,,,,,,,,,
Jeff Maehl,jeff maehl,no face,0.0,,,,,,,,,,,,
Joe Maese,joe maese,no face,0.0,,,,,,,,,,,,
Phil Mafah,phil mafah,ok,0.128,121,71,54,84.0,16,14,13,14.5,18.1,38.1,53.2,0.468
Boye Mafe,boye mafe,ok,0.098,149,102,87,114.3,21,20,21,20.4,76.5,26.5,47.6,0.486
Atonio Mafi,atonio mafi,ok,0.123,166,116,105,129.7,22,21,25,21.8,95.7,-8.2,18.6,0.494
Alex Magee,alex magee,no face,0.0,,,,,,,,,,,,
Brandon Magee,brandon magee,no face,0.0,,,,,,,,,,,,
Jordan Magee,jordan magee,ok,0.112,148,99,82,111.8,19,17,17,17.6,8.8,60.6,74.2,0.311
Terrence Magee,terrence magee,no face,0.0,,,,,,,,,,,,
Craig Mager,craig mager,ok,0.185,222,165,137,178.9,36,30,29,31.7,109.1,149.0,149.0,0.772
Erik Magnuson,erik magnuson,ok,0.184,203,158,147,170.5,154,125,112,132.2,104.1,132.1,134.5,0.054
Sean Mahan,sean mahan,no face,0.0,,,,,,,,,,,,
Reno Mahe,reno mahe,no face,0.0,,,,,,,,,,,,
Jesse Mahelona,jesse mahelona,no face,0.0,,,,,,,,,,,,
Brett Maher,brett maher,ok,0.211,217,139,118,159.9,31,20,13,22.5,20.9,-11.4,26.3,0.522
Christian Mahogany,christian mahogany,ok,0.101,244,186,172,201.7,24,21,20,21.8,115.5,37.5,65.8,0.634
Patrick Mahomes,patrick mahomes,ok,0.099,182,112,92,130.7,16,13,12,13.8,104.1,8.0,11.5,0.859
Kaluka Maiava,kaluka maiava,no face,0.0,,,,,,,,,,,,
Jordan Mailata,jordan mailata,ok,0.105,178,128,110,140.7,18,18,20,18.2,111.0,6.4,30.6,0.787
John Malecki,john malecki,no face,0.0,,,,,,,,,,,,
Josh Mallard,josh mallard,no face,0.0,,,,,,,,,,,,
Wesly Mallard,wesly mallard,no face,0.0,,,,,,,,,,,,
Ryan Malleck,ryan malleck,ok,0.147,243,182,168,198.6,30,29,26,29.0,21.1,52.1,79.3,0.546
Ryan Mallett,ryan mallett,no face,0.0,,,,,,,,,,,,
Will Mallory,will mallory,ok,0.164,223,169,150,183.0,26,22,18,22.6,78.3,1.8,27.3,0.653
DeAngelo Malone,deangelo malone,ok,0.125,128,88,77,99.0,17,16,16,16.3,86.0,57.2,32.4,0.998
Josh Malone,josh malone,ok,0.14,196,122,80,139.0,18,15,13,15.7,87.2,126.4,128.8,0.616
Robert Malone,robert malone,no face,0.0,,,,,,,,,,,,
Cassh Maluia,cassh maluia,ok,0.171,222,166,140,179.8,40,38,39,38.7,101.8,26.7,56.7,0.486
Cameron Malveaux,cameron malveaux,ok,0.208,75,59,54,63.2,22,16,17,17.9,20.9,,22.8,0.484
Greg Mancz,greg mancz,ok,0.123,192,139,124,153.1,83,66,62,70.6,-33.7,22.1,-19.3,0.07
Steve Maneri,steve maneri,no face,0.0,,,,,,,,,,,,
Nick Mangold,nick mangold,no face,0.0,,,,,,,,,,,,
Kris Mangum,kris mangum,no face,0.0,,,,,,,,,,,,
Chris Manhertz,chris manhertz,ok,0.114,174,116,93,130.7,52,39,35,42.6,51.1,103.4,88.5,0.06
Logan Mankins,logan mankins,no face,0.0,,,,,,,,,,,,
Phillipkeith Manley,phillipkeith manley,no face,0.0,,,,,,,,,,,,
Braden Mann,braden mann,ok,0.151,206,160,147,172.3,41,39,37,39.4,14.5,7.6,27.1,0.639
Patrick Mannelly,patrick mannelly,no face,0.0,,,,,,,,,,,,
Danieal Manning,danieal manning,no face,0.0,,,,,,,,,,,,
Terrell Manning,terrell manning,no face,0.0,,,,,,,,,,,,
Eli Manning,eli manning,ok,0.172,182,144,132,154.0,90,73,70,77.6,-20.7,-35.0,4.7,0.027
Peyton Manning,peyton manning,ok,0.112,180,120,100,135.9,84,62,53,67.7,-26.9,-0.9,11.4,0.014
Ricky Manning,ricky manning,no face,0.0,,,,,,,,,,,,
Roy Manning,roy manning,no face,0.0,,,,,,,,,,,,
Mario Manningham,mario manningham,no face,0.0,,,,,,,,,,,,
Sean Mannion,sean mannion,ok,0.197,194,145,132,158.0,45,27,17,31.2,-2.6,85.7,51.9,0.253
Giovanni Manu,giovanni manu,ok,0.119,207,151,127,165.0,122,69,45,82.1,22.6,127.4,71.3,0.007
EJ Manuel,ej manuel,ok,0.172,170,113,91,127.5,35,33,36,33.9,61.9,104.2,103.8,0.442
Marquand Manuel,marquand manuel,no face,0.0,,,,,,,,,,,,
Brandon Manumaleuna,brandon manumaleuna,no face,0.0,,,,,,,,,,,,
Vince Manuwai,vince manuwai,no face,0.0,,,,,,,,,,,,
Johnny Manziel,johnny manziel,no face,0.0,,,,,,,,,,,,
Stansly Maponga,stansly maponga,ok,0.121,144,81,64,97.9,28,26,25,26.5,31.4,76.2,71.6,0.315
Marte Mapu,marte mapu,ok,0.141,204,126,89,145.1,25,22,21,22.8,56.7,-6.1,65.0,0.495
Chris Maragos,chris maragos,ok,0.227,236,164,142,183.0,177,129,107,140.8,15.6,49.9,58.8,0.153
Justin March,justin march,ok,0.179,162,96,63,112.0,48,39,34,41.1,92.0,30.4,68.5,0.148
Olindo Mare,olindo mare,no face,0.0,,,,,,,,,,,,
Owen Marecic,owen marecic,no face,0.0,,,,,,,,,,,,
Marc Mariani,marc mariani,no face,0.0,,,,,,,,,,,,
Brock Marion,brock marion,no face,0.0,,,,,,,,,,,,
Marcus Mariota,marcus mariota,ok,0.159,188,127,102,142.4,31,28,28,28.9,119.0,42.8,48.1,0.537
Woody Marks,woody marks,ok,0.139,124,67,42,81.0,14,11,11,11.9,62.6,-19.5,11.5,0.464
Sen'Derrick Marks,senderrick marks,no face,0.0,,,,,,,,,,,,
Seth Marler,seth marler,no face,0.0,,,,,,,,,,,,
Dean Marlowe,dean marlowe,ok,0.091,221,153,124,170.0,14,14,13,13.6,92.7,48.8,43.4,1.0
Laurence Maroney,laurence maroney,no face,0.0,,,,,,,,,,,,
Ali Marpet,ali marpet,ok,0.228,237,180,153,194.0,111,83,69,89.8,55.6,-6.8,27.6,0.067
Bradley Marquez,bradley marquez,ok,0.132,179,116,77,130.4,20,11,5,13.0,-11.4,102.4,59.4,0.651
Cassius Marsh,cassius marsh,ok,0.2,255,192,165,207.8,163,147,132,150.0,21.3,21.4,31.1,0.087
Curtis Marsh,curtis marsh,no face,0.0,,,,,,,,,,,,
Alfonso Marshall,alfonso marshall,no face,0.0,,,,,,,,,,,,
Brandon Marshall,brandon marshall,ok,0.14,185,126,92,139.8,47,38,33,40.1,11.9,28.7,59.4,0.918
Byron Marshall,byron marshall,ok,0.153,179,113,80,129.0,26,23,21,23.7,29.4,86.6,76.5,0.309
Iman Marshall,iman marshall,ok,0.152,179,110,78,126.9,31,28,26,28.7,-4.7,94.4,66.6,0.527
Jalin Marshall,jalin marshall,no face,0.0,,,,,,,,,,,,
Jason Marshall Jr.,jason marshall,ok,0.141,146,94,84,108.4,37,34,37,35.2,15.7,29.6,56.1,0.328
Jonathan Marshall,jonathan marshall,ok,0.093,153,106,86,117.8,30,30,30,30.0,93.4,35.0,53.8,0.398
Keith Marshall,keith marshall,no face,0.0,,,,,,,,,,,,
Keyonta Marshall,keyonta marshall,no face,0.0,,,,,,,,,,,,
Lemar Marshall,lemar marshall,no face,0.0,,,,,,,,,,,,
Rasheed Marshall,rasheed marshall,no face,0.0,,,,,,,,,,,,
Richard Marshall,richard marshall,no face,0.0,,,,,,,,,,,,
Terrace Marshall Jr.,terrace marshall,ok,0.153,147,92,73,106.3,27,19,16,21.1,91.4,21.0,37.6,0.169
Torrance Marshall,torrance marshall,no face,0.0,,,,,,,,,,,,
Trey Marshall,trey marshall,ok,0.105,150,96,71,109.6,23,22,21,22.2,89.2,37.4,23.5,0.874
James Marten,james marten,no face,0.0,,,,,,,,,,,,
Brodric Martin,brodric martin,ok,0.099,170,105,84,122.0,25,22,20,22.7,79.7,79.5,86.7,0.233
Charly Martin,charly martin,no face,0.0,,,,,,,,,,,,
Curtis Martin,curtis martin,no face,0.116,,,,,,,,,,,,
Koda Martin,koda martin,ok,0.131,215,156,132,170.6,21,16,12,17.0,118.2,150.8,140.4,0.158
David Martin,david martin,no face,0.0,,,,,,,,,,,,
Derrick Martin,derrick martin,no face,0.0,,,,,,,,,,,,
Doug Martin,doug martin,ok,0.141,171,113,89,127.6,39,37,40,37.9,100.2,71.2,69.1,0.358
Eric Martin,eric martin,no face,0.0,,,,,,,,,,,,
Gabe Martin,gabe martin,no face,0.0,,,,,,,,,,,,
Ingle Martin,ingle martin,no face,0.0,,,,,,,,,,,,
Jacob Martin,jacob martin,ok,0.126,140,82,58,96.9,12,9,8,9.8,3.3,34.6,77.8,0.737
Jamar Martin,jamar martin,no face,0.0,,,,,,,,,,,,
Jamie Martin,jamie martin,no face,0.0,,,,,,,,,,,,
Quan Martin,quan martin,ok,0.155,161,118,108,130.0,16,15,13,15.1,51.2,68.7,56.0,0.395
Sherrod Martin,sherrod martin,no face,0.0,,,,,,,,,,,,
Jimmy Martin,jimmy martin,no face,0.0,,,,,,,,,,,,
Jonathan Martin,jonathan martin,no face,0.0,,,,,,,,,,,,
Josh Martin,josh martin,ok,0.119,152,96,82,111.4,8,10,7,9.2,40.9,75.4,72.0,0.805
Kamal Martin,kamal martin,ok,0.114,166,108,88,123.4,36,38,42,37.9,19.7,-7.4,21.8,1.0
Kareem Martin,kareem martin,ok,0.165,224,162,130,176.9,35,28,31,30.4,58.9,78.1,89.4,0.312
Keshawn Martin,keshawn martin,no face,0.0,,,,,,,,,,,,
Marcus Martin,marcus martin,ok,0.14,113,64,49,76.9,20,20,21,20.1,43.0,24.0,33.3,0.38
Markelle Martin,markelle martin,no face,0.0,,,,,,,,,,,,
Mike Martin,mike martin,no face,0.0,,,,,,,,,,,,
Nick Martin,nick martin,ok,0.162,230,173,144,186.7,98,75,66,80.9,-6.2,1.6,-14.3,0.031
Ronald Martin,ronald martin,ok,0.163,152,98,72,111.2,30,27,26,27.8,86.7,-0.1,24.3,0.482
Ruvell Martin,ruvell martin,no face,0.0,,,,,,,,,,,,
Sam Martin,sam martin,ok,0.158,202,151,134,164.3,169,165,162,165.9,13.3,37.8,30.0,0.048
Steve Martin,steve martin,no face,0.0,,,,,,,,,,,,
Terrance Martin,terrance martin,no face,0.0,,,,,,,,,,,,
Vaughn Martin,vaughn martin,no face,0.0,,,,,,,,,,,,
Wes Martin,wes martin,ok,0.16,219,155,142,172.7,48,29,22,33.9,-9.6,-20.8,67.5,0.027
Zack Martin,zack martin,ok,0.137,190,137,115,150.3,33,27,23,28.3,117.8,-25.4,24.7,0.27
Blake Martinez,blake martinez,ok,0.192,231,165,134,181.1,15,12,9,12.6,46.3,-0.7,22.4,0.317
Damien Martinez,damien martinez,ok,0.153,78,46,29,53.6,14,12,10,12.4,-105.4,11.9,24.2,0.28
Glenn Martinez,glenn martinez,no face,0.0,,,,,,,,,,,,
Freddie Martino,freddie martino,ok,0.268,58,46,39,48.8,13,7,5,8.6,,,,0.207
Matthew Masifilo,matthew masifilo,no face,0.0,,,,,,,,,,,,
Mike Maslowski,mike maslowski,no face,0.0,,,,,,,,,,,,
Ben Mason,ben mason,ok,0.142,236,190,179,202.5,19,14,14,15.5,134.6,35.4,27.4,0.273
Derrick Mason,derrick mason,no face,0.0,,,,,,,,,,,,
Grant Mason,grant mason,no face,0.0,,,,,,,,,,,,
Marcus Mason,marcus mason,no face,0.0,,,,,,,,,,,,
Shaq Mason,shaq mason,ok,0.117,166,102,73,117.8,46,36,29,38.2,95.0,78.5,83.5,0.077
Tre Mason,tre mason,no face,0.0,,,,,,,,,,,,
Tim Massaquoi,tim massaquoi,no face,0.0,,,,,,,,,,,,
Jonathan Massaquoi,jonathan massaquoi,no face,0.0,,,,,,,,,,,,
Mohamed Massaquoi,mohamed massaquoi,no face,0.0,,,,,,,,,,,,
Chris Massey,chris massey,no face,0.0,,,,,,,,,,,,
Bobby Massie,bobby massie,ok,0.092,186,112,79,130.5,13,9,7,10.0,122.2,105.4,116.0,0.999
Tim Masthay,tim masthay,no face,0.0,,,,,,,,,,,,
Jeron Mastrud,jeron mastrud,no face,0.0,,,,,,,,,,,,
Tyler Matakevich,tyler matakevich,ok,0.135,227,174,160,188.3,178,151,118,155.3,69.4,9.0,108.4,0.0
Moliki Matavao,moliki matavao,ok,0.135,142,106,89,114.7,55,51,48,51.9,-43.2,-40.7,-32.1,0.171
Mitch Mathews,mitch mathews,no face,0.0,,,,,,,,,,,,
Ricardo Mathews,ricardo mathews,no face,0.0,,,,,,,,,,,,
Ryan Mathews,ryan mathews,no face,0.0,,,,,,,,,,,,
Jason Mathews,jason mathews,no face,0.0,,,,,,,,,,,,
Tyrann Mathieu,tyrann mathieu,ok,0.137,190,126,92,141.3,41,29,23,31.9,17.1,36.8,55.1,0.083
Damarri Mathis,damarri mathis,ok,0.133,102,61,45,71.4,9,10,8,9.5,15.3,-9.6,-11.2,0.683
Evan Mathis,evan mathis,no face,0.0,,,,,,,,,,,,
Jerome Mathis,jerome mathis,no face,0.0,,,,,,,,,,,,
Kevin Mathis,kevin mathis,no face,0.0,,,,,,,,,,,,
Ochaun Mathis,ochaun mathis,ok,0.121,195,125,96,142.6,22,21,24,21.6,123.8,23.9,50.6,1.0
Phidarian Mathis,phidarian mathis,ok,0.063,177,117,109,134.0,19,19,21,19.2,108.2,100.3,102.3,0.501
Rashean Mathis,rashean mathis,no face,0.0,,,,,,,,,,,,
Robert Mathis,robert mathis,no face,0.0,,,,,,,,,,,,
Josue Matias,josue matias,no face,0.0,,,,,,,,,,,,
Ross Matiscik,ross matiscik,ok,0.139,212,162,146,175.6,64,52,50,55.2,4.7,67.9,41.9,0.099
Scott Matlock,scott matlock,ok,0.127,214,162,158,177.2,226,220,217,221.5,77.0,16.4,25.4,0.0
Christian Matthew,christian matthew,ok,0.111,119,77,60,87.6,9,8,8,8.3,75.5,-13.9,5.0,0.633
Bruce Matthews,bruce matthews,ok,0.149,153,110,77,119.1,236,215,218,221.6,,,,0.023
Casey Matthews,casey matthews,no face,0.0,,,,,,,,,,,,
Chris Matthews,chris matthews,no face,0.0,,,,,,,,,,,,
Cliff Matthews,cliff matthews,no face,0.0,,,,,,,,,,,,
Jake Matthews,jake matthews,ok,0.146,202,114,81,136.5,37,24,20,27.8,18.7,65.5,64.0,0.167
John Matthews,john matthews,no face,0.0,,,,,,,,,,,,
Jordan Matthews,jordan matthews,ok,0.126,182,129,101,141.7,102,96,97,97.9,17.1,106.3,71.7,0.22
Kevin Matthews,kevin matthews,no face,0.0,,,,,,,,,,,,
Shane Matthews,shane matthews,no face,0.0,,,,,,,,,,,,
Michael Matthews,michael matthews,no face,0.0,,,,,,,,,,,,
Rishard Matthews,rishard matthews,ok,0.193,208,139,99,155.1,28,21,16,22.5,-13.5,124.3,111.2,0.205
Clay Matthews,clay matthews,no face,0.0,,,,,,,,,,,,
Alexander Mattison,alexander mattison,ok,0.097,102,69,62,78.1,31,28,36,29.8,29.9,-11.0,-0.6,0.986
Bryan Mattison,bryan mattison,no face,0.0,,,,,,,,,,,,
Fred Matua,fred matua,no face,0.0,,,,,,,,,,,,
Rey Maualuga,rey maualuga,no face,0.0,,,,,,,,,,,,
Cody Mauch,cody mauch,ok,0.242,130,61,30,78.1,216,202,190,204.5,-6.6,,-2.1,0.0
Josh Mauga,josh mauga,no face,0.0,,,,,,,,,,,,
Quincy Mauger,quincy mauger,no face,0.0,,,,,,,,,,,,
Reagan Maui'a,reagan mauia,no face,0.0,,,,,,,,,,,,
Francisco Mauigoa,francisco mauigoa,ok,0.12,176,137,117,146.5,7,7,7,7.0,83.1,25.3,45.3,0.605
Lorenzo Mauldin,lorenzo mauldin,ok,0.1,96,56,42,65.9,32,30,28,30.4,-6.1,-11.2,-11.2,0.984
Arthur Maulet,arthur maulet,ok,0.094,150,101,76,112.8,20,16,14,17.0,67.7,106.8,90.6,0.332
Josh Mauro,josh mauro,ok,0.185,240,167,143,186.1,49,38,28,40.1,72.3,140.2,120.3,0.055
Michael Mauti,michael mauti,no face,0.0,,,,,,,,,,,,
Kevin Mawae,kevin mawae,no face,0.073,,,,,,,,,,,,
Johnny Maxey,johnny maxey,no face,0.0,,,,,,,,,,,,
Marcus Maxey,marcus maxey,no face,0.0,,,,,,,,,,,,
Byron Maxwell,byron maxwell,ok,0.123,151,100,82,113.2,27,23,18,23.6,88.7,17.4,54.4,1.0
Jim Maxwell,jim maxwell,no face,0.0,,,,,,,,,,,,
Marcus Maxwell,marcus maxwell,no face,0.0,,,,,,,,,,,,
Jermane Mayberry,jermane mayberry,ok,0.287,186,125,99,140.1,177,174,169,174.3,-36.9,62.0,56.1,0.261
Aaron Maybin,aaron maybin,no face,0.0,,,,,,,,,,,,
Jared Mayden,jared mayden,ok,0.093,184,113,91,131.7,14,14,15,14.1,30.4,119.2,115.1,0.578
Drake Maye,drake maye,ok,0.138,186,142,120,152.6,90,74,65,78.1,-23.2,65.9,2.5,0.064
Marcus Maye,marcus maye,ok,0.141,162,101,73,116.0,30,24,20,25.3,91.6,92.8,68.4,0.1
Michael Mayer,michael mayer,ok,0.172,128,99,95,107.2,140,130,126,132.5,-24.8,49.8,1.5,0.016
Shawn Mayer,shawn mayer,no face,0.0,,,,,,,,,,,,
Adrian Mayes,adrian mayes,no face,0.0,,,,,,,,,,,,
Baker Mayfield,baker mayfield,ok,0.141,207,172,161,181.2,44,36,31,37.8,77.0,137.8,113.1,0.053
Jalen Mayfield,jalen mayfield,ok,0.133,209,146,124,162.3,35,28,25,29.8,18.4,81.9,109.0,0.464
Vince Mayle,vince mayle,ok,0.16,205,139,106,155.0,51,41,37,43.5,54.2,125.0,121.9,0.083
Brad Maynard,brad maynard,no face,0.0,,,,,,,,,,,,
David Mayo,david mayo,ok,0.154,253,183,158,201.1,84,65,53,69.3,40.8,113.5,31.5,0.025
Jerod Mayo,jerod mayo,no face,0.0,,,,,,,,,,,,
Benson Mayowa,benson mayowa,ok,0.133,144,82,70,98.9,30,29,29,29.3,51.2,75.1,47.9,0.655
Cade Mays,cade mays,ok,0.123,239,180,169,196.4,71,63,58,64.8,40.9,81.1,124.1,0.018
Corey Mays,corey mays,no face,0.0,,,,,,,,,,,,
Devante Mays,devante mays,ok,0.152,140,91,72,103.5,17,16,16,16.3,87.8,33.3,24.7,0.928
Joe Mays,joe mays,no face,0.0,,,,,,,,,,,,
Lee Mays,lee mays,no face,0.0,,,,,,,,,,,,
Taylor Mays,taylor mays,no face,0.0,,,,,,,,,,,,
Miguel Maysonet,miguel maysonet,no face,0.0,,,,,,,,,,,,
Marcus Mbow,marcus mbow,ok,0.162,167,114,89,127.0,158,150,146,152.2,-14.7,81.7,88.2,0.023
Joey Mbu,joey mbu,ok,0.14,108,83,74,89.6,13,12,12,12.3,35.0,44.3,32.6,0.913
Jason McAddley,jason mcaddley,no face,0.0,,,,,,,,,,,,
Fred McAfee,fred mcafee,no face,0.0,,,,,,,,,,,,
Chris McAlister,chris mcalister,no face,0.0,,,,,,,,,,,,
Deuce McAllister,deuce mcallister,no face,0.0,,,,,,,,,,,,
Darcel McBath,darcel mcbath,no face,0.0,,,,,,,,,,,,
Ryan McBean,ryan mcbean,no face,0.0,,,,,,,,,,,,
Mat McBriar,mat mcbriar,no face,0.0,,,,,,,,,,,,
Turk McBride,turk mcbride,no face,0.0,,,,,,,,,,,,
DeWayne McBride,dewayne mcbride,ok,0.124,148,100,70,110.9,32,29,29,29.9,68.6,2.6,29.5,0.638
Tre McBride,tre mcbride,ok,0.114,142,85,68,100.0,17,17,16,16.9,43.4,20.7,25.6,1.0
Tod McBride,tod mcbride,no face,0.0,,,,,,,,,,,,
Trey McBride,trey mcbride,ok,0.186,189,141,123,153.3,210,201,190,202.6,-44.7,77.5,35.2,0.018
Trumaine McBride,trumaine mcbride,no face,0.0,,,,,,,,,,,,
Kevin McCadam,kevin mccadam,no face,0.0,,,,,,,,,,,,
Christian McCaffrey,christian mccaffrey,ok,0.161,196,147,133,160.1,35,23,19,26.1,5.0,48.6,43.4,0.152
Luke McCaffrey,luke mccaffrey,ok,0.162,231,172,155,187.7,13,9,8,10.1,83.6,8.2,49.9,0.989
Max McCaffrey,max mccaffrey,ok,0.163,215,153,132,169.1,53,45,40,46.8,3.9,103.0,98.2,0.225
Bobby McCain,bobby mccain,ok,0.131,178,120,92,134.1,51,46,48,47.7,104.1,20.7,68.0,0.445
Brice McCain,brice mccain,no face,0.0,,,,,,,,,,,,
Chris McCain,chris mccain,ok,0.126,142,81,68,97.8,21,19,18,19.5,7.1,65.1,62.1,0.98
Mac McCain III,mac mccain,ok,0.163,63,23,13,33.8,23,19,16,19.9,-72.3,15.0,-5.9,0.65
Onterio McCalebb,onterio mccalebb,no face,0.0,,,,,,,,,,,,
Alex McCalister,alex mccalister,ok,0.121,156,101,71,114.0,22,19,18,19.8,52.5,96.2,88.9,0.75
Dee McCann,dee mccann,no face,0.0,,,,,,,,,,,,
Bryan McCann,bryan mccann,no face,0.0,,,,,,,,,,,,
Darnerien McCants,darnerien mccants,no face,0.0,,,,,,,,,,,,
Matt McCants,matt mccants,ok,0.16,216,148,111,164.1,44,37,34,38.8,112.9,77.7,83.9,0.581
Keenan McCardell,keenan mccardell,no face,0.0,,,,,,,,,,,,
Justin McCareins,justin mccareins,no face,0.0,,,,,,,,,,,,
John McCargo,john mccargo,no face,0.0,,,,,,,,,,,,
AJ McCarron,aj mccarron,ok,0.172,228,168,141,182.9,42,34,30,35.9,-4.2,164.4,164.4,0.399
Riley McCarron,riley mccarron,ok,0.182,197,152,127,162.6,32,27,25,28.3,63.4,-13.4,10.5,0.78
Colin McCarthy,colin mccarthy,no face,0.0,,,,,,,,,,,,
J.J. McCarthy,jj mccarthy,ok,0.164,188,134,106,147.1,120,93,69,98.5,-8.3,30.2,27.9,0.053
Kyle McCarthy,kyle mccarthy,no face,0.0,,,,,,,,,,,,
Marcus McCauley,marcus mccauley,no face,0.0,,,,,,,,,,,,
Antoine McClain,antoine mcclain,no face,0.0,,,,,,,,,,,,
Jameel McClain,jameel mcclain,no face,0.0,,,,,,,,,,,,
Jimmy McClain,jimmy mcclain,no face,0.0,,,,,,,,,,,,
Le'Ron McClain,leron mcclain,no face,0.0,,,,,,,,,,,,
Robert McClain,robert mcclain,no face,0.0,,,,,,,,,,,,
Rolando McClain,rolando mcclain,no face,0.0,,,,,,,,,,,,
Terrell McClain,terrell mcclain,ok,0.141,161,90,61,107.9,21,20,19,20.2,96.6,83.7,90.7,0.564
Albert McClellan,albert mcclellan,ok,0.142,130,81,63,93.6,35,27,27,29.4,10.6,76.7,71.9,0.24
Jase McClellan,jase mcclellan,ok,0.154,171,136,114,144.0,26,25,26,25.4,97.7,76.6,98.7,0.401
Shea McClellin,shea mcclellin,no face,0.0,,,,,,,,,,,,
Jacques McClendon,jacques mcclendon,no face,0.0,,,,,,,,,,,,
Warren McClendon Jr.,warren mcclendon,ok,0.139,163,108,87,122.1,27,23,22,24.1,43.8,80.9,88.8,0.392
Dexter McCleon,dexter mccleon,no face,0.0,,,,,,,,,,,,
Nick McCloud,nick mccloud,ok,0.149,208,152,128,166.1,18,15,14,15.8,9.8,6.1,33.8,0.499
Ray-Ray McCloud,ray ray mccloud,ok,0.115,127,96,88,104.7,42,40,41,40.6,38.9,87.7,84.3,0.637
Darrell McClover,darrell mcclover,no face,0.0,,,,,,,,,,,,
Stanley McClover,stanley mcclover,no face,0.0,,,,,,,,,,,,
Todd McClure,todd mcclure,no face,0.0,,,,,,,,,,,,
Stefan McClure,stefan mcclure,ok,0.165,187,117,76,133.3,18,8,3,10.4,36.4,32.6,79.7,0.628
Dexter McCluster,dexter mccluster,no face,0.0,,,,,,,,,,,,
Dexter McCoil,dexter mccoil,no face,0.0,,,,,,,,,,,,
Andy McCollum,andy mccollum,no face,0.0,,,,,,,,,,,,
Ryan McCollum,ryan mccollum,ok,0.125,226,166,156,182.6,23,18,15,19.2,3.6,106.7,101.7,0.206
Zyon McCollum,zyon mccollum,ok,0.184,189,139,110,150.6,208,199,192,200.8,-11.8,92.7,2.7,0.001
Ladd McConkey,ladd mcconkey,ok,0.187,221,172,164,185.7,41,30,28,33.1,26.8,3.8,42.7,0.238
Eric McCoo,eric mccoo,no face,0.0,,,,,,,,,,,,
Kyle McCord,kyle mccord,ok,0.139,177,126,106,139.0,72,54,44,58.0,-27.1,-6.7,-16.0,0.025
Mason McCormick,mason mccormick,ok,0.111,221,145,138,166.9,44,32,27,34.6,12.6,140.5,128.4,0.009
Devin McCourty,devin mccourty,ok,0.172,122,80,71,91.4,67,53,54,57.3,9.8,30.6,49.5,0.093
Jason McCourty,jason mccourty,ok,0.203,90,64,54,70.6,37,26,22,28.8,50.4,-4.4,-2.2,0.174
Josh McCown,josh mccown,ok,0.139,156,119,104,128.4,117,102,93,105.5,0.1,-30.2,-13.2,0.039
Luke McCown,luke mccown,no face,0.0,,,,,,,,,,,,
Chris McCoy,chris mccoy,no face,0.0,,,,,,,,,,,,
Colt McCoy,colt mccoy,ok,0.149,192,156,155,166.4,82,66,54,69.0,10.8,37.2,45.4,0.026
Erik McCoy,erik mccoy,ok,0.112,199,139,115,154.2,29,29,32,29.3,126.6,144.3,141.5,0.148
Gerald McCoy,gerald mccoy,ok,0.173,171,108,87,124.4,21,19,17,19.4,41.2,41.0,98.7,0.479
Greg McCoy,greg mccoy,no face,0.0,,,,,,,,,,,,
Jamie McCoy,jamie mccoy,no face,0.0,,,,,,,,,,,,
LeRon McCoy,leron mccoy,no face,0.0,,,,,,,,,,,,
LeSean McCoy,lesean mccoy,ok,0.182,164,103,77,118.3,28,19,17,21.5,-0.3,79.5,72.6,0.2
Matt McCoy,matt mccoy,no face,0.0,,,,,,,,,,,,
Anthony McCoy,anthony mccoy,no face,0.0,,,,,,,,,,,,
Fred McCrary,fred mccrary,no face,0.0,,,,,,,,,,,,
Nate McCrary,nate mccrary,ok,0.146,110,60,49,73.8,22,20,21,20.7,36.0,-33.9,-18.2,0.441
Bobby McCray,bobby mccray,no face,0.0,,,,,,,,,,,,
Danny McCray,danny mccray,no face,0.0,,,,,,,,,,,,
Demetrius McCray,demetrius mccray,no face,0.0,,,,,,,,,,,,
Justin McCray,justin mccray,ok,0.114,212,154,129,168.5,71,59,53,61.9,40.8,136.0,110.1,0.076
Kelcie McCray,kelcie mccray,ok,0.177,142,78,51,94.1,94,74,58,78.1,68.9,8.7,7.7,0.021
Lerentee McCray,lerentee mccray,ok,0.142,183,111,77,128.7,23,17,14,18.5,111.0,107.0,97.0,0.35
Roger McCreary,roger mccreary,ok,0.106,124,75,68,88.6,15,15,15,15.0,67.2,24.1,28.4,0.952
Marlon McCree,marlon mccree,no face,0.0,,,,,,,,,,,,
Robert McCune,robert mccune,no face,0.0,,,,,,,,,,,,
Daylon McCutcheon,daylon mccutcheon,no face,0.0,,,,,,,,,,,,
Tony McDaniel,tony mcdaniel,no face,0.0,,,,,,,,,,,,
Conor McDermott,conor mcdermott,ok,0.173,209,145,127,162.1,135,114,103,119.0,-11.0,81.7,76.1,0.054
KC McDermott,kc mcdermott,ok,0.163,235,190,171,201.3,13,9,8,10.1,99.2,173.9,167.1,0.418
Kevin McDermott,kevin mcdermott,ok,0.197,183,125,102,139.8,71,52,39,56.2,-35.8,-19.4,-10.3,0.131
Andrew McDonald,andrew mcdonald,no face,0.0,,,,,,,,,,,,
Brandon McDonald,brandon mcdonald,no face,0.0,,,,,,,,,,,,
Clinton McDonald,clinton mcdonald,ok,0.144,164,93,67,111.3,36,23,19,26.4,19.4,61.0,23.9,0.089
Dewey McDonald,dewey mcdonald,no face,0.0,,,,,,,,,,,,
Dexter McDonald,dexter mcdonald,ok,0.153,133,76,58,91.0,26,21,19,22.3,79.9,51.5,55.8,0.323
Nick McDonald,nick mcdonald,no face,0.0,,,,,,,,,,,,
Ray McDonald,ray mcdonald,no face,0.0,,,,,,,,,,,,
Shaun McDonald,shaun mcdonald,no face,0.0,,,,,,,,,,,,
T.J. McDonald,tj mcdonald,ok,0.179,193,142,109,153.5,126,92,68,99.4,116.3,76.3,85.7,0.067
Vance McDonald,vance mcdonald,ok,0.172,210,154,124,167.2,117,83,62,90.8,-40.5,7.3,2.0,0.043
Will McDonald IV,will mcdonald,ok,0.135,101,63,41,71.9,20,20,19,19.9,24.0,53.4,43.6,0.194
Bradley McDougald,bradley mcdougald,ok,0.159,175,115,90,130.1,31,29,29,29.6,-22.8,-5.2,-0.1,0.954
Dexter McDougle,dexter mcdougle,no face,0.0,,,,,,,,,,,,
Jerome McDougle,jerome mcdougle,no face,0.0,,,,,,,,,,,,
Stockar McDougle,stockar mcdougle,no face,0.0,,,,,,,,,,,,
Malik McDowell,malik mcdowell,ok,0.117,204,131,98,148.9,20,18,19,18.7,78.0,132.0,111.1,0.938
Isaiah McDuffie,isaiah mcduffie,ok,0.13,204,135,112,153.0,115,70,52,81.8,23.0,135.7,140.4,0.01
Trent McDuffie,trent mcduffie,ok,0.137,151,100,78,112.7,8,6,6,6.6,106.8,31.7,36.9,0.712
Codey McElroy,codey mcelroy,ok,0.179,242,191,171,204.0,47,32,30,36.2,83.3,144.0,162.4,0.028
Greg McElroy,greg mcelroy,no face,0.0,,,,,,,,,,,,
Tanner McEvoy,tanner mcevoy,ok,0.162,175,124,112,137.9,29,23,18,24.2,-5.1,43.7,60.6,0.455
Bryant McFadden,bryant mcfadden,no face,0.0,,,,,,,,,,,,
Darren McFadden,darren mcfadden,no face,0.0,,,,,,,,,,,,
Jordan McFadden,jordan mcfadden,ok,0.109,136,92,70,102.6,39,48,71,47.9,91.3,-56.0,35.9,0.842
Leon McFadden,leon mcfadden,ok,0.228,184,109,65,126.4,56,45,38,47.5,-3.5,86.5,74.0,0.019
Marshall McFadden,marshall mcfadden,no face,0.0,,,,,,,,,,,,
Micah McFadden,micah mcfadden,ok,0.152,232,173,152,188.1,29,23,18,24.3,29.4,7.2,38.7,0.124
Walter McFadden,walter mcfadden,no face,0.0,,,,,,,,,,,,
Anthony McFarland,anthony mcfarland,no face,0.0,,,,,,,,,,,,
Dylan McFarland,dylan mcfarland,no face,0.0,,,,,,,,,,,,
Chris McFoy,chris mcfoy,no face,0.0,,,,,,,,,,,,
Willis McGahee,willis mcgahee,no face,0.0,,,,,,,,,,,,
Tim McGarigle,tim mcgarigle,no face,0.0,,,,,,,,,,,,
Scott McGarrahan,scott mcgarrahan,no face,0.0,,,,,,,,,,,,
Kaleb McGary,kaleb mcgary,ok,0.14,193,131,116,147.8,107,89,81,93.5,67.7,100.0,71.6,0.024
Brandon McGee,brandon mcgee,no face,0.0,,,,,,,,,,,,
Richmond McGee,richmond mcgee,no face,0.0,,,,,,,,,,,,
Scotty McGee,scotty mcgee,no face,0.0,,,,,,,,,,,,
Stacy McGee,stacy mcgee,ok,0.11,114,81,73,90.0,6,5,5,5.3,59.4,32.0,72.3,0.862
Stephen McGee,stephen mcgee,no face,0.0,,,,,,,,,,,,
Terrence McGee,terrence mcgee,no face,0.0,,,,,,,,,,,,
Keith McGill,keith mcgill,no face,0.0,,,,,,,,,,,,
Tim McGill,tim mcgill,no face,0.0,,,,,,,,,,,,
T.Y. McGill,ty mcgill,ok,0.116,179,118,88,133.1,24,21,19,21.7,79.0,113.9,112.6,0.418
Willie McGinest,willie mcginest,no face,0.0,,,,,,,,,,,,
Mike McGlinchey,mike mcglinchey,ok,0.158,248,164,152,187.7,24,17,10,18.3,4.8,24.8,7.0,0.283
Matt McGloin,matt mcgloin,ok,0.2,212,150,128,165.9,120,96,83,101.8,59.2,39.5,82.9,0.04
Mike McGlynn,mike mcglynn,no face,0.0,,,,,,,,,,,,
Alex McGough,alex mcgough,ok,0.145,206,174,149,180.7,55,50,38,50.4,-10.4,8.8,43.4,0.417
Connor McGovern,connor mcgovern,ok,0.131,169,132,119,141.6,16,13,11,13.7,19.1,30.7,53.1,0.672
Brandon McGowan,brandon mcgowan,no face,0.0,,,,,,,,,,,,
Sean McGrath,sean mcgrath,no face,0.0,,,,,,,,,,,,
Jon McGraw,jon mcgraw,no face,0.0,,,,,,,,,,,,
Cameron McGrone,cameron mcgrone,ok,0.118,160,113,101,125.7,22,21,25,21.8,97.2,6.0,-3.4,0.542
Dusty McGrorty,dusty mcgrorty,no face,0.0,,,,,,,,,,,,
Elijah McGuire,elijah mcguire,ok,0.125,112,68,54,79.6,26,23,20,23.6,63.7,-153.9,26.7,0.306
Isaiah McGuire,isaiah mcguire,ok,0.102,114,86,69,92.6,21,21,23,21.2,-30.9,-19.1,-0.6,0.837
Sean McHugh,sean mchugh,no face,0.0,,,,,,,,,,,,
Damion McIntosh,damion mcintosh,no face,0.0,,,,,,,,,,,,
Kenny McIntosh,kenny mcintosh,ok,0.142,201,126,90,144.3,19,18,16,18.1,105.5,46.8,32.2,0.551
R.J. McIntosh,rj mcintosh,ok,0.142,241,186,154,199.0,28,28,27,27.9,175.1,83.7,159.2,0.574
Rocky McIntosh,rocky mcintosh,no face,0.0,,,,,,,,,,,,
Corey McIntyre,corey mcintyre,no face,0.0,,,,,,,,,,,,
Garrett McIntyre,garrett mcintyre,no face,0.0,,,,,,,,,,,,
Tanner McKee,tanner mckee,ok,0.163,201,152,147,166.1,34,31,30,31.8,5.3,-5.3,4.2,0.671
Leodis McKelvin,leodis mckelvin,no face,0.0,,,,,,,,,,,,
Isaiah McKenzie,isaiah mckenzie,ok,0.111,190,124,106,141.7,36,34,38,35.1,14.2,111.8,100.0,0.768
Kareem McKenzie,kareem mckenzie,no face,0.0,,,,,,,,,,,,
Mike McKenzie,mike mckenzie,no face,0.0,,,,,,,,,,,,
Kahlil McKenzie,kahlil mckenzie,ok,0.131,215,144,116,162.0,40,36,33,36.9,96.7,43.6,115.6,0.546
Tyrone McKenzie,tyrone mckenzie,no face,0.0,,,,,,,,,,,,
Sean McKeon,sean mckeon,ok,0.153,227,177,160,190.0,33,24,19,26.1,168.5,186.8,180.6,0.139
Marcus McKethan,marcus mckethan,ok,0.086,165,111,93,125.1,30,28,26,28.4,106.8,105.4,104.8,0.449
Jason McKie,jason mckie,no face,0.0,,,,,,,,,,,,
Scott McKillop,scott mckillop,no face,0.0,,,,,,,,,,,,
Alvin McKinley,alvin mckinley,no face,0.0,,,,,,,,,,,,
Kenny McKinley,kenny mckinley,no face,0.0,,,,,,,,,,,,
Benardrick McKinney,benardrick mckinney,ok,0.151,160,112,88,123.9,156,130,98,133.9,-3.9,57.9,41.4,0.025
Brandon McKinney,brandon mckinney,no face,0.0,,,,,,,,,,,,
Seth McKinney,seth mckinney,no face,0.0,,,,,,,,,,,,
Steve McKinney,steve mckinney,no face,0.0,,,,,,,,,,,,
Xavier McKinney,xavier mckinney,ok,0.129,185,118,87,134.5,16,14,12,14.4,119.1,53.1,107.2,0.559
Bryant McKinnie,bryant mckinnie,no face,0.0,,,,,,,,,,,,
Jerick McKinnon,jerick mckinnon,ok,0.104,119,78,56,87.8,31,30,25,29.7,35.5,29.4,29.5,0.418
Ronald McKinnon,ronald mckinnon,no face,0.0,,,,,,,,,,,,
Kool-Aid McKinstry,kool aid mckinstry,ok,0.144,150,97,74,110.2,21,22,26,22.2,88.9,35.5,32.0,1.0
J.D. McKissic,jd mckissic,ok,0.157,111,66,46,77.4,66,49,46,53.7,53.0,60.9,60.7,0.078
Tre' McKitty,tre mckitty,ok,0.11,163,110,88,123.3,44,40,41,41.3,10.2,24.2,45.6,0.357
Colton McKivitz,colton mckivitz,ok,0.152,177,139,121,148.3,93,76,60,79.3,30.9,118.1,104.5,0.029
Joe McKnight,joe mcknight,no face,0.0,,,,,,,,,,,,
Scotty McKnight,scotty mcknight,no face,0.0,,,,,,,,,,,,
Tanner McLachlan,tanner mclachlan,ok,0.128,223,144,134,166.5,16,11,7,12.0,135.6,-22.2,11.4,0.643
Chase McLaughlin,chase mclaughlin,ok,0.107,222,165,163,181.8,14,8,5,9.3,50.2,134.8,127.0,0.265
Terry McLaurin,terry mclaurin,ok,0.136,172,115,93,129.5,16,14,13,14.5,20.1,23.3,74.6,0.404
Steve McLendon,steve mclendon,ok,0.156,171,117,99,131.1,46,35,36,38.4,28.0,100.6,72.8,0.25
Jalen McLeod,jalen mcleod,ok,0.108,157,105,86,118.4,17,15,19,16.1,103.5,105.4,65.8,0.464
Rodney McLeod Jr.,rodney mcleod,ok,0.255,68,51,47,55.6,19,15,15,16.2,,,,0.146
Kevin McMahan,kevin mcmahan,no face,0.0,,,,,,,,,,,,
Dylan McMahon,dylan mcmahon,ok,0.138,202,151,131,164.0,12,9,8,9.8,4.4,107.3,61.6,0.628
Mike McMahon,mike mcmahon,no face,0.0,,,,,,,,,,,,
Pete McMahon,pete mcmahon,no face,0.0,,,,,,,,,,,,
Sherrick McManis,sherrick mcmanis,ok,0.19,166,90,64,109.9,21,16,14,17.3,87.6,13.5,48.6,0.281
Brandon McManus,brandon mcmanus,ok,0.156,222,163,135,177.4,41,34,31,35.8,44.4,130.8,133.1,0.522
Racey McMath,racey mcmath,ok,0.116,163,108,78,121.0,28,27,26,27.2,66.7,65.1,92.7,0.522
Randy McMichael,randy mcmichael,no face,0.0,,,,,,,,,,,,
David McMillan,david mcmillan,no face,0.0,,,,,,,,,,,,
Jalen McMillan,jalen mcmillan,ok,0.144,202,150,125,162.7,14,13,13,13.3,31.9,36.8,20.8,0.676
Raekwon McMillan,raekwon mcmillan,ok,0.162,139,86,66,99.6,28,23,22,24.4,-14.9,16.2,41.5,0.349
Tetairoa McMillan,tetairoa mcmillan,ok,0.114,209,149,127,164.4,10,9,7,9.1,54.9,20.2,31.0,0.317
Jerron McMillian,jerron mcmillian,no face,0.0,,,,,,,,,,,,
Todd McMillon,todd mcmillon,no face,0.0,,,,,,,,,,,,
Patrick McMorris,patrick mcmorris,ok,0.129,194,114,79,133.9,9,8,8,8.3,111.4,3.4,32.5,0.986
Billy McMullen,billy mcmullen,no face,0.0,,,,,,,,,,,,
Donovan McNabb,donovan mcnabb,ok,0.172,156,86,43,102.0,12,2,0,4.8,102.0,102.0,34.9,0.341
Steve McNair,steve mcnair,ok,0.08,149,118,106,126.0,24,23,29,24.0,107.4,-89.1,69.8,0.64
Josh McNary,josh mcnary,no face,0.0,,,,,,,,,,,,
Reggie McNeal,reggie mcneal,no face,0.0,,,,,,,,,,,,
Alim McNeill,alim mcneill,ok,0.079,90,51,44,61.9,28,28,31,28.3,15.4,-50.2,-4.3,1.0
Marcus McNeill,marcus mcneill,no face,0.0,,,,,,,,,,,,
Mike McNeill,mike mcneill,no face,0.0,,,,,,,,,,,,
Jeremy McNichols,jeremy mcnichols,ok,0.121,190,129,101,144.0,34,23,20,25.9,125.6,-12.5,34.7,0.176
Marvin McNutt,marvin mcnutt,no face,0.0,,,,,,,,,,,,
Gerrick McPhearson,gerrick mcphearson,no face,0.0,,,,,,,,,,,,
Zech McPhearson,zech mcphearson,ok,0.127,200,135,96,150.0,38,37,36,37.2,65.1,105.7,63.3,0.908
Pernell McPhee,pernell mcphee,ok,0.123,112,73,61,83.3,45,42,46,43.4,17.0,-30.3,-0.6,0.995
Adrian McPherson,adrian mcpherson,no face,0.0,,,,,,,,,,,,
Evan McPherson,evan mcpherson,ok,0.133,237,183,172,197.9,16,13,11,13.7,23.9,20.9,32.7,0.618
Jake McQuaide,jake mcquaide,ok,0.129,178,146,140,154.9,50,41,36,43.2,0.7,83.5,94.3,0.157
R.W. McQuarters,rw mcquarters,no face,0.0,,,,,,,,,,,,
Leon McQuay III,leon mcquay,ok,0.108,148,75,46,93.4,16,16,13,15.7,57.4,19.8,41.9,1.0
Pat McQuistan,pat mcquistan,no face,0.0,,,,,,,,,,,,
Paul McQuistan,paul mcquistan,no face,0.0,,,,,,,,,,,,
Tony McRae,tony mcrae,ok,0.183,131,81,56,93.1,30,26,23,27.0,80.2,0.1,12.5,0.408
Gerald McRath,gerald mcrath,no face,0.0,,,,,,,,,,,,
Paul McRoberts,paul mcroberts,no face,0.0,,,,,,,,,,,,
Trace McSorley,trace mcsorley,ok,0.129,128,90,77,99.9,52,39,33,42.2,-51.3,27.7,-10.3,0.02
Caleb McSurdy,caleb mcsurdy,no face,0.0,,,,,,,,,,,,
Torry McTyer,torry mctyer,ok,0.175,201,141,105,154.8,36,32,25,32.4,85.0,4.9,5.9,0.635
Mac McWilliams,mac mcwilliams,ok,0.124,132,77,56,91.1,17,16,16,16.3,75.2,-26.4,-9.4,0.83
Robert Meachem,robert meachem,no face,0.0,,,,,,,,,,,,
Adam Meadows,adam meadows,no face,0.0,,,,,,,,,,,,
Bub Means,bub means,ok,0.122,181,120,93,135.2,50,42,41,44.3,42.7,64.4,71.2,0.239
Steven Means,steven means,ok,0.124,98,56,33,65.9,30,21,17,23.2,-8.9,-31.8,-28.6,0.127
Brandon Mebane,brandon mebane,ok,0.174,104,64,50,74.4,121,91,84,99.1,-77.9,-21.6,16.1,0.019
Jamie Meder,jamie meder,ok,0.179,223,164,142,179.1,51,37,30,40.4,123.2,72.9,135.4,0.032
Justin Medlock,justin medlock,no face,0.0,,,,,,,,,,,,
Kain Medrano,kain medrano,ok,0.148,239,185,172,199.7,16,13,11,13.7,96.6,0.2,27.2,0.998
Jonathan Meeks,jonathan meeks,no face,0.0,,,,,,,,,,,,
Brad Meester,brad meester,no face,0.0,,,,,,,,,,,,
Taylor Mehlhaff,taylor mehlhaff,no face,0.0,,,,,,,,,,,,
Kerry Meier,kerry meier,no face,0.0,,,,,,,,,,,,
Rob Meier,rob meier,no face,0.0,,,,,,,,,,,,
Shad Meier,shad meier,no face,0.0,,,,,,,,,,,,
Quinn Meinerz,quinn meinerz,ok,0.149,253,182,167,201.8,29,21,17,22.9,132.1,-4.4,4.4,0.088
Patrick Mekari,patrick mekari,ok,0.118,221,165,149,179.9,31,19,17,22.4,117.4,169.4,165.4,0.08
Obi Melifonwu,obi melifonwu,ok,0.137,185,121,88,136.4,23,21,19,21.4,32.9,18.1,34.4,1.0
Ifeatu Melifonwu,ifeatu melifonwu,ok,0.119,146,100,89,112.8,42,36,39,38.1,-30.8,41.2,80.2,0.478
Aaron Mellette,aaron mellette,no face,0.0,,,,,,,,,,,,
Tommy Mellott,tommy mellott,ok,0.168,224,165,146,180.5,23,14,10,16.2,62.0,2.1,43.9,0.323
Henry Melton,henry melton,no face,0.0,,,,,,,,,,,,
Max Melton,max melton,ok,0.094,104,70,57,78.7,13,13,14,13.1,34.1,-6.0,2.1,1.0
Bo Melton,bo melton,ok,0.118,199,134,110,150.7,11,10,9,10.2,129.0,60.2,60.1,1.0
Terrence Melton,terrence melton,no face,0.0,,,,,,,,,,,,
Rashaan Melvin,rashaan melvin,ok,0.137,191,136,112,149.7,26,23,24,24.0,110.8,39.0,29.2,0.563
Armand Membou,armand membou,ok,0.106,127,88,79,98.6,17,17,17,17.0,72.0,5.0,21.2,0.684
Rashard Mendenhall,rashard mendenhall,no face,0.0,,,,,,,,,,,,
Michal Menet,michal menet,ok,0.166,205,161,145,172.3,153,123,109,130.4,139.8,160.4,159.8,0.016
Nate Menkin,nate menkin,no face,0.0,,,,,,,,,,,,
DeQuan Menzie,dequan menzie,no face,0.0,,,,,,,,,,,,
Whitney Mercilus,whitney mercilus,ok,0.157,180,115,90,131.7,44,37,34,38.8,89.7,112.6,101.8,0.367
Jamon Meredith,jamon meredith,no face,0.0,,,,,,,,,,,,
Brandon Meriweather,brandon meriweather,no face,0.0,,,,,,,,,,,,
Phillip Merling,phillip merling,no face,0.0,,,,,,,,,,,,
Forrest Merrill,forrest merrill,ok,0.157,237,186,171,199.5,170,136,119,144.2,57.9,119.2,128.4,0.007
Shawne Merriman,shawne merriman,no face,0.0,,,,,,,,,,,,
Ahmad Merritt,ahmad merritt,no face,0.0,,,,,,,,,,,,
Kirk Merritt,kirk merritt,ok,0.128,160,102,75,116.3,11,9,7,9.4,43.1,40.0,40.1,1.0
Mike Merritt,mike merritt,no face,0.0,,,,,,,,,,,,
Graham Mertz,graham mertz,ok,0.16,178,130,110,142.3,139,132,129,133.5,-31.4,18.1,27.5,0.13
Aaron Merz,aaron merz,no face,0.0,,,,,,,,,,,,
Zoltan Mesko,zoltan mesko,no face,0.0,,,,,,,,,,,,
Carmen Messina,carmen messina,no face,0.0,,,,,,,,,,,,
DK Metcalf,dk metcalf,ok,0.104,174,116,91,130.6,22,22,24,22.2,42.8,112.1,81.7,1.0
Terrence Metcalf,terrence metcalf,no face,0.0,,,,,,,,,,,,
John Metchie III,john metchie,ok,0.111,186,128,104,142.6,33,31,30,31.5,62.4,113.3,62.4,0.737
Josh Metellus,josh metellus,ok,0.147,108,65,45,75.6,39,27,21,29.9,-30.3,-19.0,8.8,0.207
Zach Mettenberger,zach mettenberger,no face,0.0,,,,,,,,,,,,
Jack Mewhort,jack mewhort,no face,0.0,,,,,,,,,,,,
Jakobi Meyers,jakobi meyers,ok,0.157,112,72,58,82.3,29,26,31,27.5,-20.0,-68.9,30.3,0.487
Christine Michael,christine michael,ok,0.125,153,108,95,120.0,12,12,10,12.1,41.2,58.6,76.4,0.39
Sony Michel,sony michel,ok,0.171,132,91,82,102.2,29,24,28,26.0,42.8,61.0,44.4,0.389
Jaydon Mickens,jaydon mickens,ok,0.126,168,94,67,113.0,28,23,23,24.5,18.8,94.0,74.1,0.314
Mike Mickens,mike mickens,no face,0.0,,,,,,,,,,,,
R.J. Mickens,rj mickens,ok,0.149,180,104,72,123.1,25,20,21,21.6,29.2,13.3,43.5,0.471
Ray Mickens,ray mickens,no face,0.0,,,,,,,,,,,,
Willie Middlebrooks,willie middlebrooks,no face,0.0,,,,,,,,,,,,
Brandon Middleton,brandon middleton,no face,0.0,,,,,,,,,,,,
Doug Middleton,doug middleton,ok,0.158,171,95,71,115.0,24,22,16,21.9,3.3,77.4,77.3,0.495
Frank Middleton,frank middleton,no face,0.0,,,,,,,,,,,,
William Middleton,william middleton,no face,0.0,,,,,,,,,,,,
Brian Mihalik,brian mihalik,ok,0.164,186,143,124,153.7,76,60,52,64.3,-15.2,-33.8,-14.2,0.112
Quintin Mikell,quintin mikell,no face,0.0,,,,,,,,,,,,
Matt Milano,matt milano,ok,0.116,236,167,144,185.1,15,12,11,12.8,141.9,36.9,70.4,0.818
Edmond Miles,edmond miles,no face,0.0,,,,,,,,,,,,
Jeromy Miles,jeromy miles,no face,0.0,,,,,,,,,,,,
Joshua Miles,joshua miles,ok,0.103,130,86,65,96.9,17,18,18,17.7,48.6,69.8,74.5,0.202
Rontez Miles,rontez miles,ok,0.126,120,69,43,81.3,26,26,25,25.9,-22.0,-47.1,-14.1,1.0
Itula Mili,itula mili,no face,0.0,,,,,,,,,,,,
Trey Millard,trey millard,no face,0.0,,,,,,,,,,,,
Anthony Miller,anthony miller,no face,0.0,,,,,,,,,,,,
Billy Miller,billy miller,no face,0.0,,,,,,,,,,,,
Braxton Miller,braxton miller,ok,0.143,136,93,74,103.7,57,54,60,55.6,-37.3,-84.3,-50.8,1.0
Brit Miller,brit miller,no face,0.0,,,,,,,,,,,,
Bruce Miller,bruce miller,no face,0.0,,,,,,,,,,,,
Caleb Miller,caleb miller,no face,0.0,,,,,,,,,,,,
Cam Miller,cam miller,ok,0.157,146,98,83,110.6,203,192,186,194.6,-41.9,-53.6,-71.0,0.014
Christian Miller,christian miller,ok,0.141,181,119,92,134.5,81,64,60,68.9,29.3,102.3,37.6,0.053
Heath Miller,heath miller,no face,0.0,,,,,,,,,,,,
Fred Miller,fred miller,no face,0.0,,,,,,,,,,,,
Gabe Miller,gabe miller,no face,0.0,,,,,,,,,,,,
Harlan Miller,harlan miller,no face,0.0,,,,,,,,,,,,
Herb Miller,herb miller,ok,0.095,165,115,101,128.4,49,42,48,44.8,35.2,-6.3,50.2,1.0
Jim Miller,jim miller,no face,0.0,,,,,,,,,,,,
John Miller,john miller,ok,0.1,125,90,82,99.5,8,6,6,6.6,52.4,52.8,77.2,0.591
Jordan Miller,jordan miller,no face,0.0,,,,,,,,,,,,
Josh Miller,josh miller,no face,0.0,,,,,,,,,,,,
Justin Miller,justin miller,no face,0.0,,,,,,,,,,,,
Kendre Miller,kendre miller,ok,0.127,101,66,54,74.7,30,30,33,30.3,34.1,-7.9,-0.6,0.437
Kolton Miller,kolton miller,ok,0.15,200,137,124,154.4,49,36,29,39.1,0.7,107.8,104.1,0.043
Kyle Miller,kyle miller,no face,0.0,,,,,,,,,,,,
Lamar Miller,lamar miller,ok,0.181,166,108,75,121.7,29,28,22,27.6,88.5,43.8,51.8,0.295
Lonyae Miller,lonyae miller,no face,0.0,,,,,,,,,,,,
Nick Miller,nick miller,no face,0.0,,,,,,,,,,,,
Prince Miller,prince miller,no face,0.0,,,,,,,,,,,,
Roy Miller,roy miller,no face,0.0,,,,,,,,,,,,
Ryan Miller,ryan miller,no face,0.0,,,,,,,,,,,,
Shareef Miller,shareef miller,ok,0.167,134,91,68,101.2,14,13,14,13.4,33.5,93.2,90.8,0.717
Ventrell Miller,ventrell miller,ok,0.119,152,97,76,111.1,9,9,11,9.2,88.6,17.5,25.3,1.0
Von Miller,von miller,ok,0.141,169,113,87,126.8,51,40,37,42.9,18.4,18.0,55.0,0.068
Zach Miller,zach miller,no face,0.0,,,,,,,,,,,,
Hanik Milligan,hanik milligan,no face,0.0,,,,,,,,,,,,
Dee Milliner,dee milliner,no face,0.0,,,,,,,,,,,,
Lawyer Milloy,lawyer milloy,no face,0.0,,,,,,,,,,,,
Davis Mills,davis mills,ok,0.18,215,152,137,169.4,99,90,85,91.8,-6.1,74.3,66.7,0.099
Jalen Mills,jalen mills,ok,0.109,191,124,94,140.6,27,28,25,27.4,103.9,123.4,120.4,0.691
Jordan Mills,jordan mills,ok,0.124,95,65,53,72.6,24,20,19,21.1,54.8,10.8,31.3,0.222
Garrett Mills,garrett mills,no face,0.0,,,,,,,,,,,,
Rylie Mills,rylie mills,ok,0.172,230,181,160,193.3,46,34,20,36.0,-6.9,74.4,82.3,0.07
Dax Milne,dax milne,ok,0.169,206,153,124,165.5,33,29,22,29.4,54.0,10.3,19.6,0.323
Martrez Milner,martrez milner,no face,0.0,,,,,,,,,,,,
Jalen Milroe,jalen milroe,ok,0.137,146,101,81,112.2,23,19,17,20.0,78.4,19.6,26.6,0.348
Joe Milton III,joe milton,ok,0.153,144,80,62,97.1,33,29,28,30.1,68.2,18.3,48.3,0.375
Keavon Milton,keavon milton,no face,0.0,,,,,,,,,,,,
Wyatt Milum,wyatt milum,ok,0.151,221,147,137,168.0,16,8,9,10.5,109.1,8.5,35.4,0.253
Amarius Mims,amarius mims,ok,0.113,132,89,75,100.3,33,29,28,30.1,83.5,28.3,48.3,0.237
David Mims,david mims,no face,0.0,,,,,,,,,,,,
Denzel Mims,denzel mims,ok,0.133,112,62,48,75.4,8,17,16,14.2,57.9,43.5,51.9,0.711
Marvin Mims Jr.,marvin mims,ok,0.126,173,112,88,127.7,12,12,9,11.7,104.5,15.3,17.6,0.386
Jeremy Mincey,jeremy mincey,no face,0.0,,,,,,,,,,,,
Barkevious Mingo,barkevious mingo,ok,0.195,136,77,57,92.4,31,12,5,16.9,80.7,-4.7,63.1,0.386
Jonathan Mingo,jonathan mingo,ok,0.111,118,76,60,86.9,10,14,14,12.8,41.2,66.9,46.9,0.687
Chase Minnifield,chase minnifield,no face,0.0,,,,,,,,,,,,
Kobee Minor,kobee minor,ok,0.121,149,102,79,113.4,22,20,19,20.5,0.8,53.4,57.3,0.52
Travis Minor,travis minor,no face,0.0,,,,,,,,,,,,
Gardner Minshew,gardner minshew,ok,0.15,127,100,86,106.5,41,42,43,41.8,-33.9,-89.4,-89.4,0.861
DeMario Minter,demario minter,no face,0.0,,,,,,,,,,,,
Kevin Minter,kevin minter,ok,0.202,214,147,114,163.3,42,30,29,33.5,69.7,86.3,86.3,0.088
Mike Minter,mike minter,no face,0.0,,,,,,,,,,,,
Zach Minter,zach minter,no face,0.0,,,,,,,,,,,,
Andre Mintze,andre mintze,ok,0.139,156,103,76,115.8,21,20,19,20.2,28.5,102.8,96.5,0.7
Brandon Miree,brandon miree,no face,0.0,,,,,,,,,,,,
Koa Misi,koa misi,no face,0.0,,,,,,,,,,,,
Tevin Mitchel,tevin mitchel,ok,0.146,157,99,79,114.1,30,31,35,31.2,41.4,78.1,59.2,0.868
Adonai Mitchell,adonai mitchell,ok,0.133,192,125,98,141.8,26,26,32,26.8,121.2,-4.4,66.4,0.671
Anthony Mitchell,anthony mitchell,no face,0.0,,,,,,,,,,,,
Brandon Mitchell,brandon mitchell,no face,0.0,,,,,,,,,,,,
Cameron Mitchell,cameron mitchell,ok,0.117,187,131,104,144.7,8,8,12,8.5,18.5,129.1,93.4,0.425
Carlton Mitchell,carlton mitchell,no face,0.0,,,,,,,,,,,,
Charles Mitchell,charles mitchell,no face,0.0,,,,,,,,,,,,
Dillon Mitchell,dillon mitchell,ok,0.112,149,98,60,108.9,13,12,11,12.2,63.6,16.3,36.4,1.0
Earl Mitchell,earl mitchell,ok,0.14,129,81,66,93.6,29,26,23,26.6,32.6,70.8,74.8,0.336
Elijah Mitchell,elijah mitchell,ok,0.086,213,135,104,154.8,18,16,14,16.4,143.2,-39.0,98.1,0.25
Freddie Mitchell,freddie mitchell,no face,0.0,,,,,,,,,,,,
James Mitchell,james mitchell,ok,0.138,156,96,75,111.7,22,22,20,21.8,90.5,34.6,43.6,0.416
Jayme Mitchell,jayme mitchell,no face,0.0,,,,,,,,,,,,
Jeff Mitchell,jeff mitchell,no face,0.0,,,,,,,,,,,,
Kawika Mitchell,kawika mitchell,no face,0.0,,,,,,,,,,,,
Khalif Mitchell,khalif mitchell,no face,0.0,,,,,,,,,,,,
Lance Mitchell,lance mitchell,no face,0.0,,,,,,,,,,,,
Malcolm Mitchell,malcolm mitchell,ok,0.183,120,79,59,89.0,25,24,23,24.2,57.2,-15.3,5.6,0.669
Marko Mitchell,marko mitchell,no face,0.0,,,,,,,,,,,,
Marvin Mitchell,marvin mitchell,no face,0.0,,,,,,,,,,,,
Max Mitchell,max mitchell,ok,0.11,187,141,127,153.2,28,24,22,25.0,91.9,133.5,136.1,0.504
Mel Mitchell,mel mitchell,no face,0.0,,,,,,,,,,,,
Mike Mitchell,mike mitchell,no face,0.0,,,,,,,,,,,,
Michael Mitchell,michael mitchell,no face,0.0,,,,,,,,,,,,
Myron Mitchell,myron mitchell,ok,0.187,100,68,57,76.2,126,101,94,107.7,-24.8,32.1,-0.7,0.013
Qasim Mitchell,qasim mitchell,no face,0.0,,,,,,,,,,,,
Quinyon Mitchell,quinyon mitchell,ok,0.139,130,91,80,101.5,28,27,30,27.6,67.7,-6.3,5.0,0.314
Terrance Mitchell,terrance mitchell,ok,0.215,148,97,76,109.9,32,27,28,28.6,83.6,49.7,51.4,0.268
Anthony Mix,anthony mix,no face,0.0,,,,,,,,,,,,
Joe Mixon,joe mixon,ok,0.141,158,109,88,121.3,50,50,47,49.7,4.3,47.7,78.6,0.297
Kenny Mixon,kenny mixon,no face,0.0,,,,,,,,,,,,
Taquan Mizzell,taquan mizzell,ok,0.148,173,113,85,127.7,21,20,19,20.2,106.6,116.4,115.4,0.402
David Moa,david moa,ok,0.178,225,152,125,170.7,20,17,13,17.4,157.4,128.1,157.4,0.434
Fili Moala,fili moala,no face,0.0,,,,,,,,,,,,
Arthur Moats,arthur moats,no face,0.0,,,,,,,,,,,,
Ryan Moats,ryan moats,no face,0.0,,,,,,,,,,,,
Dontay Moch,dontay moch,no face,0.0,,,,,,,,,,,,
Tony Moeaki,tony moeaki,no face,0.0,,,,,,,,,,,,
Tre'von Moehrig,trevon moehrig,ok,0.107,202,149,128,162.5,17,17,17,17.0,-14.2,-41.9,-15.4,1.0
Jovante Moffatt,jovante moffatt,ok,0.133,182,130,109,143.2,26,25,21,24.8,121.6,43.0,69.0,0.589
John Moffitt,john moffitt,no face,0.0,,,,,,,,,,,,
Mike Mohamed,mike mohamed,no face,0.0,,,,,,,,,,,,
Chris Mohr,chris mohr,no face,0.0,,,,,,,,,,,,
Antwaun Molden,antwaun molden,no face,0.0,,,,,,,,,,,,
Elijah Molden,elijah molden,ok,0.19,198,130,108,147.8,210,201,190,202.2,-36.2,18.2,24.9,0.031
Jim Molinaro,jim molinaro,no face,0.0,,,,,,,,,,,,
David Molk,david molk,no face,0.0,,,,,,,,,,,,
Tony Moll,tony moll,no face,0.0,,,,,,,,,,,,
Ifeanyi Momah,ifeanyi momah,no face,0.0,,,,,,,,,,,,
Kyle Monangai,kyle monangai,ok,0.109,130,78,51,90.5,10,9,6,9.0,40.0,42.0,72.7,0.351
Donte Moncrief,donte moncrief,ok,0.152,241,158,118,178.3,37,30,25,31.5,133.4,155.7,152.4,0.062
Kellen Mond,kellen mond,ok,0.143,224,152,127,170.7,42,28,23,31.6,119.7,1.8,13.8,0.094
Henry Mondeaux,henry mondeaux,ok,0.149,226,173,164,187.8,70,61,56,63.0,-9.5,89.6,39.7,0.033
Nick Mondek,nick mondek,no face,0.0,,,,,,,,,,,,
Smael Mondon Jr.,smael mondon,ok,0.144,180,118,95,134.2,18,15,15,15.9,113.2,29.2,78.9,0.95
Mario Monds,mario monds,no face,0.0,,,,,,,,,,,,
Bryan Mone,bryan mone,ok,0.155,216,158,128,171.9,19,18,18,18.3,132.8,4.6,49.7,0.319
Jonah Monheim,jonah monheim,ok,0.23,206,166,148,175.9,55,44,44,47.3,-37.0,34.7,55.4,0.045
Jacob Monk,jacob monk,ok,0.103,149,88,61,102.9,10,9,8,9.2,89.9,-1.7,24.6,0.985
Marcus Monk,marcus monk,no face,0.0,,,,,,,,,,,,
Quincy Monk,quincy monk,no face,0.0,,,,,,,,,,,,
Eugene Monroe,eugene monroe,no face,0.0,,,,,,,,,,,,
Joe Montana,joe montana,ok,0.109,233,191,187,203.1,218,216,211,216.0,133.0,169.5,150.5,0.581
Anthony Montgomery,anthony montgomery,no face,0.0,,,,,,,,,,,,
D.J. Montgomery,dj montgomery,ok,0.129,185,122,92,137.4,23,22,25,22.6,-13.8,74.5,58.5,0.624
David Montgomery,david montgomery,ok,0.136,173,101,69,118.9,17,14,13,14.8,93.0,5.9,49.0,0.279
Monty Montgomery,monty montgomery,no face,0.0,,,,,,,,,,,,
Mike Montgomery,mike montgomery,no face,0.0,,,,,,,,,,,,
Scottie Montgomery,scottie montgomery,no face,0.0,,,,,,,,,,,,
Sam Montgomery,sam montgomery,no face,0.0,,,,,,,,,,,,
Ty Montgomery,ty montgomery,ok,0.104,135,83,67,96.7,40,38,35,38.3,18.8,55.7,68.5,0.831
Will Montgomery,will montgomery,no face,0.0,,,,,,,,,,,,
Jake Moody,jake moody,ok,0.128,191,132,116,147.8,13,11,10,11.5,104.0,-41.7,21.6,0.846
Nick Moody,nick moody,no face,0.0,,,,,,,,,,,,
Collin Mooney,collin mooney,no face,0.0,,,,,,,,,,,,
Darnell Mooney,darnell mooney,ok,0.122,125,93,82,101.3,21,21,21,21.0,67.0,75.8,51.9,0.999
A.J. Moore,aj moore,ok,0.157,77,52,39,58.0,191,188,185,188.6,-8.1,-28.9,-13.8,0.967
Brandon Moore,brandon moore,no face,0.0,,,,,,,,,,,,
C.J. Moore,cj moore,ok,0.112,113,68,52,79.6,76,56,49,60.7,10.8,54.7,55.3,0.018
Chris Moore,chris moore,ok,0.137,244,180,150,196.0,13,12,12,12.6,42.8,61.9,50.9,1.0
Clarence Moore,clarence moore,no face,0.0,,,,,,,,,,,,
Corey Moore,corey moore,no face,0.0,,,,,,,,,,,,
Damontre Moore,damontre moore,no face,0.0,,,,,,,,,,,,
Dan Moore,dan moore,no face,0.0,,,,,,,,,,,,
Dave Moore,dave moore,no face,0.0,,,,,,,,,,,,
D.J. Moore,dj moore,no face,0.0,,,,,,,,,,,,
David Moore,david moore,ok,0.098,124,78,64,90.6,38,32,29,33.5,9.1,31.7,33.0,0.203
Denarius Moore,denarius moore,no face,0.0,,,,,,,,,,,,
Devin Moore,devin moore,no face,0.0,,,,,,,,,,,,
Eddie Moore,eddie moore,no face,0.0,,,,,,,,,,,,
Elijah Moore,elijah moore,ok,0.117,75,51,41,57.0,224,224,234,225.1,-36.1,-75.4,-52.1,0.697
Eric Moore,eric moore,no face,0.0,,,,,,,,,,,,
Evan Moore,evan moore,no face,0.0,,,,,,,,,,,,
Rashad Moore,rashad moore,no face,0.0,,,,,,,,,,,,
J'Mon Moore,jmon moore,ok,0.197,152,98,79,111.7,15,10,10,11.5,95.9,39.9,0.4,0.315
Jason Moore,jason moore,no face,0.0,,,,,,,,,,,,
Jay Moore,jay moore,no face,0.0,,,,,,,,,,,,
Jaylon Moore,jaylon moore,ok,0.097,104,73,61,80.9,30,29,30,29.4,-7.6,-37.1,-12.3,1.0
Joshua Moore,joshua moore,no face,0.0,,,,,,,,,,,,
Kareem Moore,kareem moore,no face,0.0,,,,,,,,,,,,
Kashif Moore,kashif moore,no face,0.0,,,,,,,,,,,,
Kellen Moore,kellen moore,no face,0.0,,,,,,,,,,,,
Kenny Moore,kenny moore,no face,0.0,,,,,,,,,,,,
Kyle Moore,kyle moore,no face,0.0,,,,,,,,,,,,
Lance Moore,lance moore,no face,0.0,,,,,,,,,,,,
Langston Moore,langston moore,no face,0.0,,,,,,,,,,,,
Larry Moore,larry moore,no face,0.0,,,,,,,,,,,,
Malachi Moore,malachi moore,ok,0.116,192,146,122,157.0,19,19,18,18.9,116.5,17.9,15.2,1.0
Dre Moore,dre moore,no face,0.0,,,,,,,,,,,,
Marlon Moore,marlon moore,no face,0.0,,,,,,,,,,,,
Matt Moore,matt moore,ok,0.121,177,100,73,119.9,16,12,9,12.9,55.7,-19.6,30.0,0.524
Mewelde Moore,mewelde moore,no face,0.0,,,,,,,,,,,,
Michael Moore,michael moore,no face,0.0,,,,,,,,,,,,
Rahim Moore,rahim moore,no face,0.0,,,,,,,,,,,,
Rondale Moore,rondale moore,ok,0.155,187,114,67,130.5,10,9,8,9.2,115.5,19.2,37.1,1.0
Skyy Moore,skyy moore,ok,0.136,214,137,109,156.8,25,19,16,20.5,124.5,38.6,56.6,0.314
Sio Moore,sio moore,no face,0.0,,,,,,,,,,,,
Sterling Moore,sterling moore,no face,0.0,,,,,,,,,,,,
Steven Moore,steven moore,no face,0.0,,,,,,,,,,,,
Tarvarius Moore,tarvarius moore,ok,0.122,170,125,101,135.9,28,25,22,25.6,77.3,103.8,85.7,0.347
William Moore,william moore,no face,0.0,,,,,,,,,,,,
Zach Moore,zach moore,ok,0.146,103,67,54,76.2,22,18,16,19.0,-43.3,54.7,57.3,0.486
Aaron Moorehead,aaron moorehead,no face,0.0,,,,,,,,,,,,
Kindal Moorehead,kindal moorehead,no face,0.0,,,,,,,,,,,,
Brian Moorman,brian moorman,no face,0.0,,,,,,,,,,,,
Johnnie Morant,johnnie morant,no face,0.0,,,,,,,,,,,,
Fabian Moreau,fabian moreau,ok,0.105,182,110,69,126.9,44,39,40,40.6,38.5,98.2,97.4,0.335
Foster Moreau,foster moreau,ok,0.15,208,150,124,164.3,15,10,8,11.6,43.7,-19.0,25.7,0.344
Earthwind Moreland,earthwind moreland,no face,0.0,,,,,,,,,,,,
Jimmy Moreland,jimmy moreland,ok,0.151,113,68,50,79.7,22,21,19,21.1,11.0,24.6,34.1,0.426
Vernand Morency,vernand morency,no face,0.0,,,,,,,,,,,,
Zeke Moreno,zeke moreno,no face,0.0,,,,,,,,,,,,
Knowshon Moreno,knowshon moreno,no face,0.0,,,,,,,,,,,,
Sean Morey,sean morey,no face,0.0,,,,,,,,,,,,
Aaron Morgan,aaron morgan,no face,0.0,,,,,,,,,,,,
DaJuan Morgan,dajuan morgan,no face,0.0,,,,,,,,,,,,
Dan Morgan,dan morgan,no face,0.0,,,,,,,,,,,,
David Morgan,david morgan,ok,0.168,229,168,154,184.6,21,10,2,12.4,0.8,47.9,51.1,0.399
Derrick Morgan,derrick morgan,ok,0.161,223,150,106,166.8,22,19,16,19.6,36.1,61.1,60.1,0.634
James Morgan,james morgan,ok,0.157,162,125,116,135.0,99,80,72,84.5,-13.1,79.7,75.8,0.05
Jordan Morgan,jordan morgan,ok,0.145,158,87,58,104.9,22,23,19,22.2,85.0,-17.4,41.9,0.588
Josh Morgan,josh morgan,no face,0.0,,,,,,,,,,,,
Mike Morgan,mike morgan,no face,0.0,,,,,,,,,,,,
Quincy Morgan,quincy morgan,no face,0.0,,,,,,,,,,,,
Stanley Morgan,stanley morgan,ok,0.122,130,82,58,93.6,14,13,11,13.1,78.2,11.5,27.7,0.664
Drew Mormino,drew mormino,no face,0.0,,,,,,,,,,,,
Cameron Morrah,cameron morrah,no face,0.0,,,,,,,,,,,,
Alfred Morris,alfred morris,ok,0.144,187,122,84,136.8,23,20,13,20.1,89.5,103.1,108.1,0.815
Anthony Morris,anthony morris,no face,0.0,,,,,,,,,,,,
Chris Morris,chris morris,no face,0.0,,,,,,,,,,,,
Darryl Morris,darryl morris,no face,0.0,,,,,,,,,,,,
Maurice Morris,maurice morris,no face,0.0,,,,,,,,,,,,
Mike Morris,mike morris,no face,0.0,,,,,,,,,,,,
Rob Morris,rob morris,no face,0.0,,,,,,,,,,,,
Sammy Morris,sammy morris,no face,0.0,,,,,,,,,,,,
Stephen Morris,stephen morris,ok,0.171,232,163,124,179.2,36,31,31,32.5,-11.7,136.3,105.5,0.637
Wanya Morris,wanya morris,ok,0.137,162,111,95,124.4,31,23,21,25.2,51.5,87.3,54.2,0.359
Antonio Morrison,antonio morrison,no face,0.0,,,,,,,,,,,,
Benjamin Morrison,benjamin morrison,ok,0.106,133,88,75,100.0,19,17,18,17.7,34.4,37.0,48.8,0.362
Kirk Morrison,kirk morrison,no face,0.0,,,,,,,,,,,,
Jimmy Morrissey,jimmy morrissey,ok,0.133,226,170,159,185.5,20,17,19,18.1,9.0,14.1,42.5,0.761
Harold Morrow,harold morrow,no face,0.0,,,,,,,,,,,,
Nicholas Morrow,nicholas morrow,ok,0.1,162,116,98,127.6,26,25,27,25.5,30.8,48.1,42.2,0.961
Mitch Morse,mitch morse,ok,0.097,194,151,142,162.8,92,79,79,82.9,116.2,123.7,125.1,0.019
Thomas Morstead,thomas morstead,ok,0.172,137,103,81,110.7,36,29,26,30.8,-35.3,37.5,17.2,0.437
Chad Morton,chad morton,no face,0.0,,,,,,,,,,,,
Christian Morton,christian morton,no face,0.0,,,,,,,,,,,,
Johnnie Morton,johnnie morton,no face,0.0,,,,,,,,,,,,
Emmanuel Moseley,emmanuel moseley,ok,0.107,78,54,45,60.1,21,21,22,21.1,31.8,11.2,11.6,0.942
Dezman Moses,dezman moses,no face,0.0,,,,,,,,,,,,
J.J. Moses,jj moses,no face,0.0,,,,,,,,,,,,
Morgan Moses,morgan moses,ok,0.081,124,81,59,91.3,82,72,68,74.6,-19.5,66.4,79.8,0.0
Quentin Moses,quentin moses,no face,0.0,,,,,,,,,,,,
Brandon Mosley,brandon mosley,no face,0.0,,,,,,,,,,,,
C.J. Mosley,cj mosley,no face,0.0,,,,,,,,,,,,
Avery Moss,avery moss,ok,0.125,182,109,88,128.3,52,47,53,49.0,66.0,86.9,66.5,0.627
Jarvis Moss,jarvis moss,no face,0.0,,,,,,,,,,,,
Randy Moss,randy moss,ok,0.065,152,124,52,124.2,120,106,158,116.2,,,,0.298
Riley Moss,riley moss,ok,0.17,219,157,143,173.9,29,23,16,24.0,19.5,-11.9,1.4,0.365
Santana Moss,santana moss,no face,0.0,,,,,,,,,,,,
Sinorice Moss,sinorice moss,no face,0.0,,,,,,,,,,,,
Zack Moss,zack moss,ok,0.099,149,96,71,109.0,26,26,26,26.0,88.1,-14.3,20.8,0.439
Raheem Mostert,raheem mostert,ok,0.11,137,80,62,95.0,11,10,11,10.4,78.3,37.0,32.9,0.82
Adrian Moten,adrian moten,no face,0.0,,,,,,,,,,,,
Parnell Motley,parnell motley,ok,0.209,150,99,73,111.3,18,14,13,15.1,-36.3,-14.5,70.2,0.378
Taylor Moton,taylor moton,ok,0.096,130,82,64,94.3,109,101,101,103.4,60.1,75.0,70.4,0.016
Zeke Motta,zeke motta,no face,0.0,,,,,,,,,,,,
Eric Moulds,eric moulds,no face,0.0,,,,,,,,,,,,
Deiontrez Mount,deiontrez mount,ok,0.166,166,101,81,118.2,26,24,27,24.9,97.1,33.5,52.8,0.695
Jonas Mouton,jonas mouton,no face,0.0,,,,,,,,,,,,
Ryan Mouton,ryan mouton,no face,0.0,,,,,,,,,,,,
Derek Moye,derek moye,no face,0.0,,,,,,,,,,,,
Gene Mruczkowski,gene mruczkowski,no face,0.0,,,,,,,,,,,,
Scott Mruczkowski,scott mruczkowski,no face,0.0,,,,,,,,,,,,
Darius Muasau,darius muasau,ok,0.113,196,120,92,140.0,12,11,11,11.3,130.7,6.9,34.1,0.964
Roddrick Muckelroy,roddrick muckelroy,no face,0.0,,,,,,,,,,,,
Ovie Mughelli,ovie mughelli,no face,0.0,,,,,,,,,,,,
Al-Quadin Muhammad,al quadin muhammad,ok,0.111,171,112,88,126.9,21,22,25,22.0,113.0,18.2,36.2,0.594
Khalfani Muhammad,khalfani muhammad,ok,0.191,176,112,84,127.9,14,12,11,12.5,93.2,15.8,29.8,0.409
Muhsin Muhammad,muhsin muhammad,no face,0.0,,,,,,,,,,,,
Don Muhlbach,don muhlbach,ok,0.146,228,181,159,192.5,42,37,33,38.0,78.9,108.2,146.3,0.258
Daniel Muir,daniel muir,no face,0.0,,,,,,,,,,,,
Israel Mukuamu,israel mukuamu,ok,0.146,146,84,64,100.4,25,24,24,24.4,59.1,-3.8,21.8,0.584
Andrew Mukuba,andrew mukuba,ok,0.149,183,94,68,117.9,16,9,10,11.2,52.5,35.6,52.5,0.629
Edwin Mulitalo,edwin mulitalo,no face,0.0,,,,,,,,,,,,
Trayvon Mullen,trayvon mullen,ok,0.101,144,101,82,111.7,27,26,26,26.3,-6.5,95.8,92.4,0.645
Nick Mullens,nick mullens,ok,0.144,227,173,155,187.1,9,4,5,5.6,15.1,7.3,40.9,0.698
Matthew Mulligan,matthew mulligan,no face,0.0,,,,,,,,,,,,
Kalel Mullings,kalel mullings,ok,0.127,132,82,54,94.0,10,9,8,9.2,41.8,21.1,40.3,0.531
Andy Mulumba,andy mulumba,no face,0.0,,,,,,,,,,,,
Chad Muma,chad muma,ok,0.141,206,156,130,167.8,86,77,70,79.1,24.3,86.6,81.4,0.068
Konata Mumpfield,konata mumpfield,ok,0.147,118,79,65,89.1,20,15,14,16.4,24.6,56.5,46.1,0.322
Keith Mumphery,keith mumphery,no face,0.0,,,,,,,,,,,,
Johnny Mundt,johnny mundt,ok,0.164,220,156,126,171.3,29,21,17,22.9,2.0,-21.0,30.2,0.276
Ryan Mundy,ryan mundy,no face,0.0,,,,,,,,,,,,
Thayer Munford Jr.,thayer munford,ok,0.093,104,62,51,73.3,27,27,27,27.0,39.4,-17.6,6.3,0.993
James Mungro,james mungro,no face,0.0,,,,,,,,,,,,
Captain Munnerlyn,captain munnerlyn,no face,0.0,,,,,,,,,,,,
Calvin Munson,calvin munson,ok,0.139,189,131,111,146.1,32,29,26,29.6,39.0,3.9,26.6,0.524
Daniel Munyer,daniel munyer,ok,0.214,203,142,106,156.1,183,174,168,176.0,113.9,-15.4,52.0,0.082
Larrell Murchison,larrell murchison,ok,0.126,194,134,105,148.6,23,21,22,21.7,125.7,120.7,97.3,0.731
Byron Murphy,byron murphy,ok,0.227,147,110,88,118.6,160,156,153,156.6,-9.1,-43.6,1.3,0.258
Frank Murphy,frank murphy,no face,0.0,,,,,,,,,,,,
Pace Murphy,pace murphy,ok,0.208,185,118,92,135.1,188,172,164,175.9,-84.0,36.2,36.6,0.011
Jerome Murphy,jerome murphy,no face,0.0,,,,,,,,,,,,
Kyle Murphy,kyle murphy,ok,0.176,208,140,119,157.9,24,19,19,20.5,74.6,27.3,79.2,0.74
Louis Murphy,louis murphy,no face,0.0,,,,,,,,,,,,
Marcus Murphy,marcus murphy,ok,0.156,187,115,77,132.2,26,22,21,23.1,80.2,45.8,52.6,0.513
Matt Murphy,matt murphy,no face,0.0,,,,,,,,,,,,
Myles Murphy,myles murphy,ok,0.115,180,115,85,131.2,24,21,22,22.0,70.3,52.7,80.5,0.374
Nick Murphy,nick murphy,no face,0.0,,,,,,,,,,,,
Rob Murphy,rob murphy,no face,0.0,,,,,,,,,,,,
Ryan Murphy,ryan murphy,no face,0.0,,,,,,,,,,,,
Shawn Murphy,shawn murphy,no face,0.0,,,,,,,,,,,,
Terrence Murphy,terrence murphy,no face,0.0,,,,,,,,,,,,
Trent Murphy,trent murphy,ok,0.172,237,189,173,201.5,129,95,76,103.0,86.0,126.2,121.5,0.035
Sean Murphy-Bunting,sean murphy bunting,ok,0.125,219,161,129,174.7,33,32,32,32.2,68.0,149.1,89.3,0.457
Aaron Murray,aaron murray,no face,0.0,,,,,,,,,,,,
DeMarco Murray,demarco murray,no face,0.0,,,,,,,,,,,,
Eric Murray,eric murray,ok,0.103,170,115,98,129.5,18,16,21,17.2,116.4,100.5,90.1,0.558
Justin Murray,justin murray,ok,0.139,187,119,106,137.8,25,21,22,22.3,6.9,111.5,96.3,0.226
Kyler Murray,kyler murray,ok,0.152,175,116,87,130.0,26,22,20,23.0,23.1,38.5,73.5,0.323
Latavius Murray,latavius murray,ok,0.127,174,112,95,128.6,16,16,18,16.2,55.6,73.3,110.0,0.254
Patrick Murray,patrick murray,no face,0.0,,,,,,,,,,,,
Rico Murray,rico murray,no face,0.0,,,,,,,,,,,,
Marques Murrell,marques murrell,no face,0.0,,,,,,,,,,,,
Lydon Murtha,lydon murtha,no face,0.0,,,,,,,,,,,,
Nick Muse,nick muse,ok,0.162,240,159,141,181.2,30,22,22,24.3,32.8,4.9,29.6,0.291
Tanner Muse,tanner muse,ok,0.199,215,154,130,169.5,44,34,29,36.4,2.8,-12.0,6.4,0.023
Luke Musgrave,luke musgrave,ok,0.166,181,126,106,139.9,186,182,181,183.1,18.0,-18.4,27.8,0.249
Malik Mustapha,malik mustapha,ok,0.13,138,98,85,108.3,27,30,28,28.9,18.7,18.2,41.5,0.594
Chad Mustard,chad mustard,no face,0.0,,,,,,,,,,,,
Sam Mustipher,sam mustipher,ok,0.129,219,161,137,175.6,24,19,17,20.3,58.6,2.4,26.4,0.601
Netane Muti,netane muti,ok,0.092,227,159,140,177.2,23,19,18,20.1,77.0,148.8,150.2,1.0
Chris Myarick,chris myarick,ok,0.115,225,156,134,174.1,40,32,30,34.2,86.4,160.5,156.5,0.341
Brandon Myers,brandon myers,no face,0.0,,,,,,,,,,,,
Chris Myers,chris myers,no face,0.0,,,,,,,,,,,,
Jason Myers,jason myers,ok,0.167,216,163,141,176.3,35,28,23,29.5,-5.4,43.1,31.8,0.187
Josh Myers,josh myers,ok,0.123,198,152,138,164.2,29,24,20,25.0,50.5,29.8,113.6,0.215
Michael Myers,michael myers,no face,0.0,,,,,,,,,,,,
Robert Myers,robert myers,no face,0.0,,,,,,,,,,,,
Reggie Myles,reggie myles,no face,0.0,,,,,,,,,,,,
Jalen Myrick,jalen myrick,ok,0.188,107,63,44,74.0,36,30,29,31.7,-9.1,-29.8,-8.4,0.616
Legedu Naanee,legedu naanee,no face,0.0,,,,,,,,,,,,
Gabe Nabers,gabe nabers,ok,0.166,176,122,99,135.5,87,74,72,77.7,-32.0,49.4,58.1,0.207
Malik Nabers,malik nabers,ok,0.125,166,114,90,126.8,47,41,38,42.5,23.0,107.5,96.3,0.341
Kai Nacua,kai nacua,ok,0.153,182,115,88,132.0,4,14,10,10.6,121.7,5.2,26.6,0.867
Puka Nacua,puka nacua,ok,0.122,188,138,116,150.3,4,1,1,1.9,139.9,37.0,43.3,1.0
Jesse Nading,jesse nading,no face,0.0,,,,,,,,,,,,
Chris Naeole,chris naeole,no face,0.0,,,,,,,,,,,,
Bill Nagy,bill nagy,no face,0.0,,,,,,,,,,,,
Jalen Nailor,jalen nailor,ok,0.148,231,169,137,183.9,32,27,25,28.3,46.0,157.4,109.1,0.412
Haruki Nakamura,haruki nakamura,no face,0.0,,,,,,,,,,,,
Tom Nalen,tom nalen,no face,0.0,,,,,,,,,,,,
Craig Nall,craig nall,no face,0.0,,,,,,,,,,,,
Ryan Nall,ryan nall,ok,0.193,211,158,139,171.7,34,26,24,28.1,10.1,38.7,43.6,0.406
Dimitri Nance,dimitri nance,no face,0.0,,,,,,,,,,,,
Terna Nande,terna nande,no face,0.0,,,,,,,,,,,,
Damien Nash,damien nash,no face,0.0,,,,,,,,,,,,
Keyon Nash,keyon nash,no face,0.0,,,,,,,,,,,,
Zack Nash,zack nash,no face,0.0,,,,,,,,,,,,
Hamsah Nasirildeen,hamsah nasirildeen,ok,0.129,101,63,48,72.7,26,24,20,24.1,-0.4,53.0,35.7,0.449
Carl Nassib,carl nassib,ok,0.158,192,136,110,149.8,37,27,18,29.0,-18.2,-14.5,-5.9,0.158
Ryan Nassib,ryan nassib,no face,0.0,,,,,,,,,,,,
JoJo Natson,jojo natson,ok,0.241,133,91,79,102.2,18,11,11,13.1,38.4,36.4,6.7,0.554
Isaac Nauta,isaac nauta,ok,0.16,184,137,123,149.5,126,99,85,105.3,83.7,130.6,128.1,0.014
John Navarre,john navarre,no face,0.0,,,,,,,,,,,,
Hannibal Navies,hannibal navies,no face,0.0,,,,,,,,,,,,
Chinedum Ndukwe,chinedum ndukwe,no face,0.0,,,,,,,,,,,,
Devin Neal,devin neal,ok,0.115,170,119,101,132.2,22,16,16,17.8,37.8,92.9,49.9,0.344
Evan Neal,evan neal,ok,0.113,176,112,85,128.1,19,17,15,17.4,22.8,111.7,111.6,0.237
Keanu Neal,keanu neal,ok,0.142,118,86,68,93.5,35,35,34,34.9,68.5,2.8,8.3,0.696
Lewis Neal,lewis neal,ok,0.168,143,87,66,101.3,28,22,16,23.1,29.1,29.6,17.3,0.265
Lorenzo Neal,lorenzo neal,no face,0.0,,,,,,,,,,,,
Mike Neal,mike neal,no face,0.0,,,,,,,,,,,,
Ryan Neal,ryan neal,ok,0.134,163,97,80,114.8,11,11,13,11.2,9.3,109.7,65.6,0.651
Siran Neal,siran neal,ok,0.123,152,90,62,105.1,24,26,23,25.1,-6.5,12.5,40.9,0.601
Stephen Neal,stephen neal,no face,0.0,,,,,,,,,,,,
Aaron Neary,aaron neary,ok,0.158,206,152,136,166.3,82,51,35,58.6,-19.2,36.8,34.8,0.314
Sharrod Neasman,sharrod neasman,ok,0.165,189,114,86,133.5,32,25,23,26.9,-7.3,94.7,75.7,0.794
Andre Neblett,andre neblett,no face,0.0,,,,,,,,,,,,
Ryan Nece,ryan nece,no face,0.0,,,,,,,,,,,,
Larry Ned,larry ned,no face,0.0,,,,,,,,,,,,
Joe Nedney,joe nedney,no face,0.0,,,,,,,,,,,,
Nik Needham,nik needham,ok,0.121,174,115,80,128.6,8,8,7,7.9,122.4,-0.9,73.7,0.484
Dan Neil,dan neil,no face,0.0,,,,,,,,,,,,
Chris Neild,chris neild,no face,0.0,,,,,,,,,,,,
Ryan Neill,ryan neill,no face,0.0,,,,,,,,,,,,
Cory Nelms,cory nelms,no face,0.0,,,,,,,,,,,,
Anthony Nelson,anthony nelson,ok,0.161,195,151,127,161.4,57,44,34,46.7,-8.2,68.8,30.5,0.047
Ben Nelson,ben nelson,no face,0.0,,,,,,,,,,,,
Bruce Nelson,bruce nelson,no face,0.0,,,,,,,,,,,,
Corey Nelson,corey nelson,ok,0.271,73,57,50,61.0,15,8,5,9.8,,,,0.102
David Nelson,david nelson,no face,0.0,,,,,,,,,,,,
Jack Nelson,jack nelson,ok,0.149,127,84,69,95.1,116,104,98,107.1,-47.3,42.7,-14.4,0.094
J.J. Nelson,jj nelson,ok,0.155,119,88,81,96.5,30,30,30,30.0,28.8,74.4,72.4,0.353
Jim Nelson,jim nelson,no face,0.0,,,,,,,,,,,,
Jerico Nelson,jerico nelson,no face,0.0,,,,,,,,,,,,
Jonathan Nelson,jonathan nelson,no face,0.0,,,,,,,,,,,,
Jordy Nelson,jordy nelson,ok,0.162,161,114,101,126.6,83,56,51,63.5,-7.2,44.1,40.1,0.094
Kyle Nelson,kyle nelson,ok,0.178,177,122,101,136.1,92,66,56,72.5,0.1,34.3,53.0,0.042
Matt Nelson,matt nelson,ok,0.169,189,128,105,143.3,83,63,53,67.8,-37.7,8.4,1.3,0.061
Nick Nelson,nick nelson,ok,0.235,75,51,41,57.0,27,26,26,26.3,-27.7,-51.6,24.3,0.488
Quenton Nelson,quenton nelson,ok,0.143,215,148,135,166.6,6,5,7,5.5,126.5,22.8,77.7,0.662
Reggie Nelson,reggie nelson,ok,0.173,155,102,84,115.8,28,32,30,30.6,11.0,91.6,83.9,0.556
Rhett Nelson,rhett nelson,no face,0.0,,,,,,,,,,,,
Robert Nelson,robert nelson,no face,0.0,,,,,,,,,,,,
Shawn Nelson,shawn nelson,no face,0.0,,,,,,,,,,,,
Steven Nelson,steven nelson,ok,0.127,203,128,102,147.5,39,31,30,33.3,87.1,130.4,127.0,0.323
Tom Nelson,tom nelson,no face,0.0,,,,,,,,,,,,
Stephane Nembot,stephane nembot,no face,0.0,,,,,,,,,,,,
Jamar Nesbit,jamar nesbit,no face,0.0,,,,,,,,,,,,
Nate Ness,nate ness,no face,0.0,,,,,,,,,,,,
Al Netter,al netter,no face,0.0,,,,,,,,,,,,
Ryan Neufeld,ryan neufeld,no face,0.0,,,,,,,,,,,,
Drake Nevis,drake nevis,no face,0.0,,,,,,,,,,,,
Jared Newberry,jared newberry,no face,0.0,,,,,,,,,,,,
Jeremy Newberry,jeremy newberry,no face,0.0,,,,,,,,,,,,
Marshall Newhouse,marshall newhouse,ok,0.137,149,85,52,100.4,28,19,11,20.8,84.0,21.6,50.1,0.056
Reggie Newhouse,reggie newhouse,no face,0.0,,,,,,,,,,,,
Keith Newman,keith newman,no face,0.0,,,,,,,,,,,,
Luke Newman,luke newman,ok,0.163,205,150,140,165.5,105,93,83,95.4,31.5,44.8,53.2,0.078
Royce Newman,royce newman,ok,0.169,233,165,163,185.1,14,7,7,9.1,78.1,3.5,26.1,0.369
Terence Newman,terence newman,ok,0.161,158,95,72,111.4,68,49,39,53.5,78.6,23.3,62.5,0.126
Dazz Newsome,dazz newsome,ok,0.197,227,139,102,161.1,5,3,3,3.6,123.5,46.3,55.9,0.51
Greg Newsome II,greg newsome,ok,0.118,207,138,114,155.9,14,11,12,12.0,93.1,50.3,52.1,0.988
Jamar Newsome,jamar newsome,no face,0.0,,,,,,,,,,,,
Jonathan Newsome,jonathan newsome,no face,0.0,,,,,,,,,,,,
Tony Newson,tony newson,no face,0.0,,,,,,,,,,,,
Cam Newton,cam newton,no face,0.0,,,,,,,,,,,,
Mike Newton,mike newton,no face,0.0,,,,,,,,,,,,
Derek Newton,derek newton,no face,0.0,,,,,,,,,,,,
Jim Newton,jim newton,no face,0.0,,,,,,,,,,,,
Jer'Zhan Newton,jerzhan newton,ok,0.108,171,119,90,131.2,20,20,19,19.9,110.0,14.2,40.8,0.777
Josh Newton,josh newton,ok,0.098,164,104,81,119.6,24,23,22,23.2,104.4,-13.4,45.1,0.75
Yannick Ngakoue,yannick ngakoue,ok,0.126,202,131,95,148.1,14,16,14,15.2,92.4,129.4,129.7,0.567
Haloti Ngata,haloti ngata,ok,0.153,66,41,33,47.6,51,50,49,50.2,-120.7,-128.3,-128.0,0.97
Dat Nguyen,dat nguyen,no face,0.0,,,,,,,,,,,,
Lucas Niang,lucas niang,ok,0.081,143,79,55,95.4,22,21,22,21.4,8.5,78.2,78.2,0.395
Stephen Nicholas,stephen nicholas,no face,0.0,,,,,,,,,,,,
Bilal Nichols,bilal nichols,ok,0.119,156,93,78,110.1,16,13,15,14.1,51.9,79.1,85.0,0.74
Lew Nichols III,lew nichols,ok,0.11,181,121,100,136.5,16,17,18,16.8,119.5,42.1,80.9,0.378
A.J. Nicholson,aj nicholson,no face,0.0,,,,,,,,,,,,
Donte Nicholson,donte nicholson,no face,0.0,,,,,,,,,,,,
Montae Nicholson,montae nicholson,ok,0.16,154,87,63,104.3,13,12,13,12.4,-17.7,38.1,63.0,0.878
Hardy Nickerson,hardy nickerson,no face,0.0,,,,,,,,,,,,
Parry Nickerson,parry nickerson,ok,0.151,198,120,87,139.6,30,27,28,28.0,117.6,43.5,87.0,0.621
Donnie Nickey,donnie nickey,no face,0.0,,,,,,,,,,,,
Carl Nicks,carl nicks,no face,0.0,,,,,,,,,,,,
Hakeem Nicks,hakeem nicks,no face,0.0,,,,,,,,,,,,
Dadi Nicolas,dadi nicolas,ok,0.161,149,94,60,106.6,31,26,21,26.9,71.6,19.3,72.5,0.254
Ben Niemann,ben niemann,ok,0.128,182,143,123,152.4,58,43,32,46.1,5.0,98.4,60.9,0.026
Nick Niemann,nick niemann,ok,0.153,191,153,137,162.5,74,62,52,64.3,-7.6,100.1,59.5,0.044
Doug Nienhuis,doug nienhuis,no face,0.0,,,,,,,,,,,,
Yosh Nijman,yosh nijman,ok,0.104,126,78,68,91.2,14,13,13,13.3,32.7,26.2,52.1,0.401
Troy Niklas,troy niklas,ok,0.174,197,160,138,168.6,32,26,22,27.3,5.7,-5.2,23.7,0.554
Lance Nimmo,lance nimmo,no face,0.0,,,,,,,,,,,,
Rob Ninkovich,rob ninkovich,no face,0.0,,,,,,,,,,,,
Rudy Niswanger,rudy niswanger,no face,0.0,,,,,,,,,,,,
Bo Nix,bo nix,ok,0.161,193,137,122,152.0,148,140,130,140.8,-19.9,12.6,-12.3,0.054
John Nix,john nix,no face,0.0,,,,,,,,,,,,
Louis Nix,louis nix,no face,0.0,,,,,,,,,,,,
Lucas Nix,lucas nix,no face,0.0,,,,,,,,,,,,
Roosevelt Nix,roosevelt nix,no face,0.0,,,,,,,,,,,,
David Nixon,david nixon,no face,0.0,,,,,,,,,,,,
Daviyon Nixon,daviyon nixon,ok,0.12,125,76,65,89.4,15,13,15,13.8,62.1,32.8,56.1,0.383
James Nixon,james nixon,no face,0.0,,,,,,,,,,,,
Keisean Nixon,keisean nixon,ok,0.132,123,65,41,79.6,56,40,32,43.8,9.7,9.2,-14.1,0.229
Taurean Nixon,taurean nixon,ok,0.213,150,104,85,115.4,42,35,36,37.2,75.0,21.9,31.8,0.462
Tre Nixon,tre nixon,ok,0.123,126,79,62,91.1,92,69,56,74.2,-46.0,-51.3,-18.9,0.036
Xavier Nixon,xavier nixon,no face,0.0,,,,,,,,,,,,
Cameron Nizialek,cameron nizialek,no face,0.0,,,,,,,,,,,,
David Njoku,david njoku,ok,0.088,140,90,84,104.6,16,15,20,15.9,-15.1,60.4,52.9,0.678
Chad Nkang,chad nkang,no face,0.0,,,,,,,,,,,,
Robert Nkemdiche,robert nkemdiche,ok,0.128,200,149,103,159.0,31,30,22,29.4,93.9,13.4,61.9,0.921
Mathias Nkwenti,mathias nkwenti,no face,0.0,,,,,,,,,,,,
Derrick Nnadi,derrick nnadi,ok,0.094,126,84,71,94.9,10,13,21,13.0,27.6,81.1,84.8,0.501
Brandon Noble,brandon noble,no face,0.0,,,,,,,,,,,,
Danny Noble,danny noble,no face,0.0,,,,,,,,,,,,
Jaylin Noel,jaylin noel,ok,0.166,204,134,91,150.0,21,18,17,18.8,29.8,-26.0,-0.3,0.886
Troy Nolan,troy nolan,no face,0.0,,,,,,,,,,,,
Walter Nolen,walter nolen,ok,0.124,179,114,95,131.3,23,19,20,20.3,114.7,64.9,62.0,0.606
Ben Noll,ben noll,no face,0.0,,,,,,,,,,,,
Jake Nordin,jake nordin,no face,0.0,,,,,,,,,,,,
Dennis Norman,dennis norman,no face,0.0,,,,,,,,,,,,
Josh Norman,josh norman,no face,0.0,,,,,,,,,,,,
Omarr Norman-Lott,omarr norman lott,ok,0.098,150,73,47,93.1,21,18,18,18.9,74.8,33.6,42.4,0.387
Jared Norris,jared norris,ok,0.27,204,145,111,158.8,55,39,25,42.2,-27.7,17.6,85.1,0.077
Slade Norris,slade norris,no face,0.0,,,,,,,,,,,,
Moran Norris,moran norris,no face,0.0,,,,,,,,,,,,
Dennis Northcutt,dennis northcutt,no face,0.0,,,,,,,,,,,,
Brad Nortman,brad nortman,no face,0.0,,,,,,,,,,,,
Kendrick Norton,kendrick norton,ok,0.148,136,88,70,100.3,20,15,14,16.4,69.5,26.7,18.4,0.963
Storm Norton,storm norton,ok,0.169,180,123,101,137.5,88,72,64,75.7,-12.2,70.6,37.6,0.103
Andrew Norwell,andrew norwell,ok,0.181,217,141,121,161.4,33,16,9,20.6,63.5,39.4,109.1,0.134
Eric Norwood,eric norwood,no face,0.0,,,,,,,,,,,,
Jerious Norwood,jerious norwood,no face,0.0,,,,,,,,,,,,
Jordan Norwood,jordan norwood,no face,0.0,,,,,,,,,,,,
Kevin Norwood,kevin norwood,no face,0.0,,,,,,,,,,,,
Tre Norwood,tre norwood,ok,0.125,236,170,142,186.8,27,26,24,26.1,49.0,71.0,98.8,1.0
Hunter Nourzad,hunter nourzad,ok,0.146,178,110,90,128.1,26,16,11,18.4,44.2,50.7,45.7,0.146
Nick Novak,nick novak,no face,0.0,,,,,,,,,,,,
Drew Nowak,drew nowak,no face,0.0,,,,,,,,,,,,
Ty Nsekhe,ty nsekhe,ok,0.13,139,100,82,109.6,35,32,29,32.6,22.4,56.9,74.0,0.493
Shaun Nua,shaun nua,no face,0.0,,,,,,,,,,,,
Tyler Nubin,tyler nubin,ok,0.126,187,115,84,133.0,22,21,19,21.1,107.4,61.8,39.7,0.441
Mike Nugent,mike nugent,no face,0.0,,,,,,,,,,,,
Keith Null,keith null,no face,0.0,,,,,,,,,,,,
Rakeem Nunez-Roches,rakeem nunez roches,ok,0.065,64,42,40,48.4,9,10,15,10.3,38.2,-23.1,5.4,0.802
Tom Nutten,tom nutten,no face,0.0,,,,,,,,,,,,
Noble Nwachukwu,noble nwachukwu,no face,0.0,,,,,,,,,,,,
Uzoma Nwachukwu,uzoma nwachukwu,no face,0.0,,,,,,,,,,,,
Ogemdi Nwagbuo,ogemdi nwagbuo,no face,0.0,,,,,,,,,,,,
Uche Nwaneri,uche nwaneri,no face,0.0,,,,,,,,,,,,
Kene Nwangwu,kene nwangwu,ok,0.117,82,59,52,65.1,13,12,12,12.3,14.5,40.5,16.5,0.603
Chukie Nwokorie,chukie nwokorie,no face,0.0,,,,,,,,,,,,
Uchenna Nwosu,uchenna nwosu,ok,0.137,222,158,127,173.8,22,21,20,21.2,28.4,129.5,57.8,0.421
Mark Nzeocha,mark nzeocha,ok,0.138,166,98,75,116.0,32,23,21,25.5,0.9,87.5,81.4,0.12
Ryan O'Callaghan,ryan ocallaghan,no face,0.0,,,,,,,,,,,,
Aidan O'Connell,aidan oconnell,ok,0.151,224,163,143,179.0,6,3,3,3.9,85.4,36.5,60.8,0.535
Jake O'Connell,jake oconnell,no face,0.0,,,,,,,,,,,,
Kevin O'Connell,kevin oconnell,no face,0.0,,,,,,,,,,,,
Pat O'Connor,pat oconnor,ok,0.111,233,169,151,186.1,13,10,8,10.4,127.4,59.7,163.4,0.204
Dorian O'Daniel,dorian odaniel,ok,0.117,179,88,62,112.0,15,14,13,14.2,84.0,79.6,95.2,0.85
Pat O'Donnell,pat odonnell,ok,0.227,207,137,124,156.4,20,14,11,15.5,19.5,64.7,70.1,0.814
Matt O'Dwyer,matt odwyer,no face,0.0,,,,,,,,,,,,
Shaun O'Hara,shaun ohara,no face,0.0,,,,,,,,,,,,
Nick O'Leary,nick oleary,ok,0.164,182,125,105,139.8,86,68,52,71.6,-6.6,77.5,73.5,0.069
Ryan O'Malley,ryan omalley,ok,0.217,226,177,150,188.6,43,23,9,27.4,101.1,41.9,158.8,0.273
Deltha O'Neal,deltha oneal,no face,0.0,,,,,,,,,,,,
Oren O'Neal,oren oneal,no face,0.0,,,,,,,,,,,,
Keith O'Neil,keith oneil,no face,0.0,,,,,,,,,,,,
Brian O'Neill,brian oneill,ok,0.166,211,136,115,156.0,24,13,7,15.6,38.7,109.9,96.9,0.298
James O'Shaughnessy,james oshaughnessy,ok,0.201,212,147,114,162.7,31,18,12,21.2,0.7,19.5,9.6,0.236
J.T. O'Sullivan,jt osullivan,no face,0.0,,,,,,,,,,,,
Anthony Oakley,anthony oakley,no face,0.0,,,,,,,,,,,,
Efe Obada,efe obada,ok,0.105,76,60,53,64.1,31,31,30,30.9,4.2,-33.9,-15.5,1.0
Roman Oben,roman oben,no face,0.0,,,,,,,,,,,,
Cyril Obiozor,cyril obiozor,no face,0.0,,,,,,,,,,,,
Ben Obomanu,ben obomanu,no face,0.0,,,,,,,,,,,,
Victor Ochi,victor ochi,no face,0.0,,,,,,,,,,,,
Steve Octavien,steve octavien,no face,0.0,,,,,,,,,,,,
Ifeadi Odenigbo,ifeadi odenigbo,ok,0.131,122,82,57,91.1,24,19,19,20.5,41.9,46.1,32.6,0.998
Dayo Odeyingbo,dayo odeyingbo,ok,0.12,190,121,94,138.5,6,6,6,6.0,126.3,11.5,115.9,0.541
Rees Odhiambo,rees odhiambo,ok,0.16,110,70,54,80.3,47,33,23,36.0,64.1,19.4,57.1,0.233
Osa Odighizuwa,osa odighizuwa,ok,0.112,112,53,25,67.4,54,39,30,42.6,-1.6,-7.7,50.9,0.133
Owa Odighizuwa,owa odighizuwa,ok,0.17,145,83,48,97.5,45,30,21,33.5,70.3,8.4,15.8,0.005
Antwan Odom,antwan odom,no face,0.0,,,,,,,,,,,,
Chris Odom,chris odom,ok,0.179,199,136,113,151.9,36,31,29,32.3,127.2,122.6,131.4,0.523
Joe Odom,joe odom,no face,0.0,,,,,,,,,,,,
Jared Odrick,jared odrick,no face,0.0,,,,,,,,,,,,
George Odum,george odum,ok,0.147,176,113,76,127.8,32,28,26,29.0,-10.1,51.7,69.3,0.245
Rome Odunze,rome odunze,ok,0.132,212,166,138,176.6,21,24,23,23.0,81.8,93.0,84.0,0.414
Kendrick Office,kendrick office,no face,0.0,,,,,,,,,,,,
Willie Offord,willie offord,no face,0.0,,,,,,,,,,,,
Emmanuel Ogbah,emmanuel ogbah,ok,0.094,118,76,66,87.8,8,7,10,7.6,19.1,59.8,79.0,0.974
Eric Ogbogu,eric ogbogu,no face,0.0,,,,,,,,,,,,
Amen Ogbongbemiga,amen ogbongbemiga,ok,0.125,183,118,89,134.1,13,12,11,12.2,25.1,107.1,100.1,0.713
Chris Ogbonnaya,chris ogbonnaya,no face,0.0,,,,,,,,,,,,
Otito Ogbonnia,otito ogbonnia,ok,0.111,116,68,50,80.3,10,10,10,10.0,46.6,8.0,45.0,1.0
Cedric Ogbuehi,cedric ogbuehi,ok,0.112,178,104,62,121.3,35,27,27,29.4,13.3,76.9,95.2,0.253
Jonathan Ogden,jonathan ogden,no face,0.059,,,,,,,,,,,,
Evan Oglesby,evan oglesby,no face,0.0,,,,,,,,,,,,
Alec Ogletree,alec ogletree,ok,0.165,177,119,97,133.8,87,67,64,72.6,21.3,100.7,91.1,0.089
Andrew Ogletree,andrew ogletree,ok,0.147,215,143,118,161.7,14,14,13,13.9,134.0,27.6,47.4,0.887
Kevin Ogletree,kevin ogletree,no face,0.0,,,,,,,,,,,,
Dare Ogunbowale,dare ogunbowale,ok,0.123,134,86,70,98.5,18,14,14,15.2,16.0,86.9,87.9,0.454
Adetokunbo Ogundeji,adetokunbo ogundeji,ok,0.081,79,63,61,67.6,40,40,40,40.0,48.0,24.3,5.7,0.995
Larry Ogunjobi,larry ogunjobi,ok,0.096,152,117,104,126.0,48,45,42,45.6,17.5,100.2,79.1,0.253
Adewale Ogunleye,adewale ogunleye,no face,0.0,,,,,,,,,,,,
Ifeanyi Ohalete,ifeanyi ohalete,no face,0.0,,,,,,,,,,,,
Michael Oher,michael oher,no face,0.0,,,,,,,,,,,,
Rich Ohrnberger,rich ohrnberger,no face,0.0,,,,,,,,,,,,
David Ojabo,david ojabo,ok,0.123,138,98,89,108.9,51,42,42,44.7,85.6,91.2,51.3,0.155
Michael Ojemudia,michael ojemudia,ok,0.141,145,92,68,105.1,34,28,26,29.6,2.0,71.0,51.2,0.381
Quinn Ojinnaka,quinn ojinnaka,no face,0.0,,,,,,,,,,,,
Adewale Ojomo,adewale ojomo,no face,0.0,,,,,,,,,,,,
Moro Ojomo,moro ojomo,ok,0.096,107,76,70,84.6,20,20,21,20.1,31.2,22.5,48.8,0.456
Azeez Ojulari,azeez ojulari,ok,0.112,107,69,58,79.1,24,20,20,21.2,70.4,26.8,9.4,0.377
BJ Ojulari,bj ojulari,ok,0.12,176,124,101,136.6,38,35,31,35.4,-7.1,102.7,88.8,0.392
Alex Okafor,alex okafor,ok,0.123,115,56,43,72.5,15,13,11,13.4,57.4,36.4,39.8,0.32
Frank Okam,frank okam,no face,0.0,,,,,,,,,,,,
Chike Okeafor,chike okeafor,no face,0.0,,,,,,,,,,,,
Bobby Okereke,bobby okereke,ok,0.12,155,88,62,105.1,27,24,21,24.6,-21.8,87.0,80.9,0.227
Earl Okine,earl okine,no face,0.0,,,,,,,,,,,,
Chukky Okobi,chukky okobi,no face,0.0,,,,,,,,,,,,
Chig Okonkwo,chig okonkwo,ok,0.086,82,58,50,64.5,19,18,18,18.3,14.5,-151.7,20.4,0.818
Chukwuma Okorafor,chukwuma okorafor,ok,0.097,125,82,66,93.0,20,19,19,19.3,27.6,77.3,76.0,0.644
Amobi Okoye,amobi okoye,no face,0.0,,,,,,,,,,,,
Lawrence Okoye,lawrence okoye,no face,0.0,,,,,,,,,,,,
Jeff Okudah,jeff okudah,ok,0.08,157,91,60,107.2,16,12,11,13.1,85.5,90.3,74.5,0.909
Russell Okung,russell okung,ok,0.171,158,94,77,111.2,64,49,45,53.0,70.8,46.2,31.6,0.018
Julian Okwara,julian okwara,ok,0.148,154,109,76,118.7,13,12,12,12.3,103.7,6.1,42.5,0.29
Romeo Okwara,romeo okwara,ok,0.115,133,82,58,94.5,8,8,8,8.0,24.3,22.7,38.4,0.623
Michael Okwo,michael okwo,no face,0.0,,,,,,,,,,,,
Albert Okwuegbunam,albert okwuegbunam,ok,0.116,194,149,143,161.8,21,18,19,19.0,147.8,45.2,44.5,0.998
Michael Ola,michael ola,ok,0.12,99,64,53,72.9,12,12,13,12.1,34.4,49.4,21.5,0.744
Kitan Oladapo,kitan oladapo,ok,0.124,118,70,52,82.2,10,10,9,9.9,51.8,6.4,7.2,0.999
Oluwafemi Oladejo,oluwafemi oladejo,ok,0.104,96,62,50,70.8,10,7,5,7.7,58.5,5.9,29.0,0.511
Chris Oladokun,chris oladokun,ok,0.117,177,106,77,123.9,98,83,82,87.2,78.0,16.2,69.1,0.015
Deji Olatoye,deji olatoye,no face,0.0,,,,,,,,,,,,
Chris Olave,chris olave,ok,0.104,64,54,46,55.9,232,238,247,237.2,-67.1,-106.4,-63.9,0.826
Jamize Olawale,jamize olawale,ok,0.176,162,87,48,105.0,73,48,34,53.9,70.7,64.1,59.9,0.055
Clint Oldenburg,clint oldenburg,no face,0.0,,,,,,,,,,,,
Shane Olivea,shane olivea,no face,0.0,,,,,,,,,,,,
Branden Oliver,branden oliver,no face,0.0,,,,,,,,,,,,
Collin Oliver,collin oliver,ok,0.112,180,104,77,123.6,13,12,10,12.1,69.9,33.4,85.5,0.565
Ed Oliver,ed oliver,ok,0.097,148,104,88,115.3,33,30,31,31.0,89.0,28.2,65.2,0.446
Isaiah Oliver,isaiah oliver,ok,0.136,213,151,118,165.7,35,30,28,31.3,23.7,92.8,56.1,0.432
Josh Oliver,josh oliver,ok,0.139,161,116,97,127.3,30,29,25,28.8,96.2,-0.1,29.5,0.399
Melvin Oliver,melvin oliver,no face,0.0,,,,,,,,,,,,
Paul Oliver,paul oliver,no face,0.0,,,,,,,,,,,,
Qadree Ollison,qadree ollison,ok,0.126,182,122,90,136.7,50,45,42,46.3,63.0,120.1,116.7,0.269
Eric Olsen,eric olsen,no face,0.0,,,,,,,,,,,,
Greg Olsen,greg olsen,ok,0.217,182,132,114,144.9,152,126,118,132.9,-18.2,-0.4,-6.5,0.067
Seth Olsen,seth olsen,no face,0.0,,,,,,,,,,,,
Igor Olshansky,igor olshansky,no face,0.0,,,,,,,,,,,,
Benji Olson,benji olson,no face,0.0,,,,,,,,,,,,
Gunner Olszewski,gunner olszewski,ok,0.168,230,179,155,191.5,60,44,34,47.6,5.0,18.5,38.8,0.031
Patrick Omameh,patrick omameh,ok,0.121,172,109,73,123.7,12,14,12,13.2,109.0,19.9,58.4,0.917
Charles Omenihu,charles omenihu,ok,0.113,151,111,102,121.9,17,16,15,16.2,85.3,108.5,106.5,0.212
Frank Omiyale,frank omiyale,no face,0.0,,,,,,,,,,,,
Xavier Omon,xavier omon,no face,0.0,,,,,,,,,,,,
Kenny Onatolu,kenny onatolu,no face,0.0,,,,,,,,,,,,
Fendi Onobun,fendi onobun,no face,0.0,,,,,,,,,,,,
James Onwualu,james onwualu,ok,0.142,242,163,123,182.1,19,15,10,15.6,8.2,122.1,105.3,0.856
Patrick Onwuasor,patrick onwuasor,ok,0.147,116,65,47,78.2,19,18,17,18.2,40.0,23.8,15.5,0.969
Levi Onwuzurike,levi onwuzurike,ok,0.072,108,64,54,76.0,32,31,32,31.4,38.1,-17.8,13.2,1.0
David Onyemata,david onyemata,ok,0.157,127,79,61,91.3,18,15,14,15.8,61.0,54.2,53.6,0.195
Sua Opeta,sua opeta,ok,0.117,77,54,39,59.2,39,37,36,37.5,-19.4,-100.1,-96.8,0.6
Brian Orakpo,brian orakpo,ok,0.145,157,82,50,100.8,26,22,18,22.7,-14.0,87.5,85.1,0.378
Nate Orchard,nate orchard,ok,0.136,169,111,81,124.9,13,13,12,12.9,112.0,86.1,109.7,0.83
Ruke Orhorhoro,ruke orhorhoro,ok,0.108,153,100,84,114.0,18,15,21,16.6,68.1,65.4,60.3,0.684
Dan Orlovsky,dan orlovsky,no face,0.0,,,,,,,,,,,,
Scott Orndoff,scott orndoff,ok,0.218,244,158,138,181.7,22,13,11,15.5,13.5,8.5,33.9,0.5
Jonathan Orr,jonathan orr,no face,0.0,,,,,,,,,,,,
Kareem Orr,kareem orr,ok,0.189,179,123,104,137.6,30,23,24,25.2,78.3,43.7,39.4,0.26
Raheem Orr,raheem orr,no face,0.0,,,,,,,,,,,,
Shantee Orr,shantee orr,no face,0.0,,,,,,,,,,,,
Ricky Ortiz,ricky ortiz,ok,0.155,208,144,108,159.0,54,43,39,45.8,-22.0,115.3,13.0,0.08
Greg Orton,greg orton,no face,0.0,,,,,,,,,,,,
Kyle Orton,kyle orton,no face,0.0,,,,,,,,,,,,
Amani Oruwariye,amani oruwariye,ok,0.128,116,71,54,82.4,17,15,14,15.5,72.1,25.3,23.8,0.346
K.J. Osborn,kj osborn,ok,0.136,161,96,61,111.4,16,11,9,12.3,93.4,25.2,37.0,0.689
Kelechi Osemele,kelechi osemele,ok,0.166,121,52,31,70.2,17,13,11,14.0,37.3,22.5,44.0,0.666
Kassim Osgood,kassim osgood,no face,0.0,,,,,,,,,,,,
Joseph Ossai,joseph ossai,ok,0.062,86,61,55,67.8,28,28,29,28.1,-19.0,-170.5,-162.8,0.964
Brock Osweiler,brock osweiler,ok,0.107,214,149,121,165.2,19,10,7,12.3,-18.4,83.2,34.7,0.305
Jeff Otah,jeff otah,no face,0.0,,,,,,,,,,,,
Esezi Otomewo,esezi otomewo,ok,0.094,180,117,103,134.2,35,34,35,34.4,59.3,110.6,109.9,0.394
Tyler Ott,tyler ott,ok,0.136,231,166,160,184.8,21,18,17,18.8,40.8,83.4,102.2,0.732
Ryan Otten,ryan otten,no face,0.0,,,,,,,,,,,,
Michael Otto,michael otto,no face,0.0,,,,,,,,,,,,
Cade Otton,cade otton,ok,0.149,181,133,119,145.8,52,43,41,45.5,-14.8,4.8,36.7,0.222
Robbie Ouzts,robbie ouzts,ok,0.17,226,169,147,183.5,35,28,23,29.5,-5.2,22.8,38.3,0.174
Jeff Overbaugh,jeff overbaugh,no face,0.0,,,,,,,,,,,,
Nathan Overbay,nathan overbay,no face,0.0,,,,,,,,,,,,
DeMarvion Overshown,demarvion overshown,ok,0.11,113,74,61,84.2,10,9,9,9.3,11.3,23.3,39.0,0.711
Will Overstreet,will overstreet,no face,0.0,,,,,,,,,,,,
Matt Overton,matt overton,ok,0.182,208,152,126,165.8,109,79,60,85.8,5.5,40.4,58.0,0.085
Odafe Oweh,odafe oweh,ok,0.124,158,102,74,115.6,16,16,15,15.6,89.8,28.5,78.6,0.383
Chad Owens,chad owens,no face,0.0,,,,,,,,,,,,
Chris Owens,chris owens,no face,0.0,,,,,,,,,,,,
Gervarrius Owens,gervarrius owens,ok,0.137,150,94,65,107.1,9,8,7,8.2,66.0,14.5,18.5,0.52
Jeff Owens,jeff owens,no face,0.0,,,,,,,,,,,,
John Owens,john owens,no face,0.0,,,,,,,,,,,,
Jonathan Owens,jonathan owens,ok,0.121,180,120,88,134.3,13,10,10,10.9,40.7,109.4,107.2,0.393
Montell Owens,montell owens,no face,0.0,,,,,,,,,,,,
Richard Owens,richard owens,no face,0.0,,,,,,,,,,,,
Terrell Owens,terrell owens,ok,0.042,98,64,58,73.9,237,236,229,235.2,-106.0,-136.3,-137.5,0.0
Chris Owusu,chris owusu,no face,0.0,,,,,,,,,,,,
Akwasi Owusu-Ansah,akwasi owusu ansah,no face,0.0,,,,,,,,,,,,
Jeremiah Owusu-Koramoah,jeremiah owusu koramoah,ok,0.188,91,72,68,77.2,17,16,16,16.3,-23.7,27.6,34.3,0.294
Devine Ozigbo,devine ozigbo,ok,0.169,174,119,92,132.4,64,51,49,54.7,-4.1,50.6,23.8,0.199
Cheta Ozougwu,cheta ozougwu,no face,0.0,,,,,,,,,,,,
Calvin Pace,calvin pace,no face,0.0,,,,,,,,,,,,
Orlando Pace,orlando pace,ok,0.116,79,52,45,59.3,183,191,210,190.8,,,,0.0
Isiah Pacheco,isiah pacheco,ok,0.114,179,112,81,128.5,20,19,19,19.3,110.5,44.4,53.5,0.759
Stephen Paea,stephen paea,no face,0.0,,,,,,,,,,,,
Jeoffrey Pagan,jeoffrey pagan,no face,0.0,,,,,,,,,,,,
Chase Page,chase page,no face,0.0,,,,,,,,,,,,
Eric Page,eric page,no face,0.0,,,,,,,,,,,,
Jarrad Page,jarrad page,no face,0.0,,,,,,,,,,,,
Derek Pagel,derek pagel,no face,0.0,,,,,,,,,,,,
Curtis Painter,curtis painter,no face,0.0,,,,,,,,,,,,
Vinston Painter,vinston painter,ok,0.244,113,69,51,80.1,14,13,13,13.3,,,,0.461
Glenn Pakulak,glenn pakulak,no face,0.0,,,,,,,,,,,,
Kache Palacio,kache palacio,no face,0.0,,,,,,,,,,,,
Michael Palardy,michael palardy,ok,0.176,160,114,94,125.5,89,65,54,70.9,-19.9,42.2,25.1,0.041
Anton Palepoi,anton palepoi,no face,0.0,,,,,,,,,,,,
Tenny Palepoi,tenny palepoi,no face,0.0,,,,,,,,,,,,
Tyler Palko,tyler palko,no face,0.0,,,,,,,,,,,,
Ashlee Palmer,ashlee palmer,no face,0.0,,,,,,,,,,,,
Carson Palmer,carson palmer,no face,0.0,,,,,,,,,,,,
Jordan Palmer,jordan palmer,no face,0.0,,,,,,,,,,,,
Josh Palmer,josh palmer,ok,0.095,176,96,68,116.8,15,15,15,15.0,64.6,102.3,79.0,0.281
Michael Palmer,michael palmer,no face,0.0,,,,,,,,,,,,
Nathan Palmer,nathan palmer,no face,0.0,,,,,,,,,,,,
Nate Palmer,nate palmer,ok,0.146,130,86,64,96.8,13,14,11,13.4,-7.0,87.0,83.0,0.754
Tejhaun Palmer,tejhaun palmer,ok,0.107,184,133,116,146.3,31,30,30,30.3,-1.5,32.4,85.3,0.608
Tobais Palmer,tobais palmer,no face,0.0,,,,,,,,,,,,
Tony Palmer,tony palmer,no face,0.0,,,,,,,,,,,,
Trey Palmer,trey palmer,ok,0.151,192,128,98,143.7,210,196,177,198.0,58.1,42.1,54.5,0.0
Kevin Pamphile,kevin pamphile,ok,0.143,139,90,66,101.9,41,31,26,33.4,20.6,62.9,52.1,0.099
Adam Pankey,adam pankey,ok,0.113,164,107,76,120.5,8,7,5,7.1,115.7,72.8,112.2,0.83
Chris Pantale,chris pantale,no face,0.0,,,,,,,,,,,,
Owen Pappoe,owen pappoe,ok,0.138,188,134,112,147.6,40,38,35,38.3,64.3,102.2,47.8,0.127
Matt Paradis,matt paradis,ok,0.185,210,150,131,165.6,145,130,125,133.9,3.8,72.9,8.3,0.069
Donald Parham,donald parham,ok,0.137,185,126,102,140.9,20,18,20,18.8,81.0,17.9,55.4,0.927
Dylan Parham,dylan parham,ok,0.084,107,65,54,76.3,15,17,16,16.3,59.3,-12.5,12.8,0.986
Derek Parish,derek parish,ok,0.17,236,178,161,193.4,64,39,30,45.5,111.3,113.6,144.9,0.014
Aaron Parker,aaron parker,ok,0.223,144,77,47,93.6,6,6,5,5.9,74.9,11.8,36.9,0.552
AJ Parker,aj parker,ok,0.143,200,139,108,153.7,35,33,32,33.5,83.2,42.3,50.3,0.803
Brandon Parker,brandon parker,ok,0.109,166,93,58,111.0,29,14,9,17.9,15.3,101.4,100.3,0.108
Brian Parker,brian parker,ok,0.179,209,146,131,163.1,60,45,37,48.6,-8.1,59.3,25.0,0.04
DeVante Parker,devante parker,ok,0.105,141,90,74,103.7,34,33,31,33.1,70.0,0.9,24.6,0.814
Eric Parker,eric parker,no face,0.0,,,,,,,,,,,,
J'Vonne Parker,jvonne parker,no face,0.0,,,,,,,,,,,,
Juqua Parker,juqua parker,no face,0.0,,,,,,,,,,,,
Preston Parker,preston parker,no face,0.0,,,,,,,,,,,,
Ron Parker,ron parker,no face,0.0,,,,,,,,,,,,
Samie Parker,samie parker,no face,0.0,,,,,,,,,,,,
Steven Parker,steven parker,ok,0.17,151,78,42,95.7,5,4,2,4.1,9.1,37.2,48.2,0.637
Vaughn Parker,vaughn parker,no face,0.0,,,,,,,,,,,,
Willie Parker,willie parker,no face,0.0,,,,,,,,,,,,
Cody Parkey,cody parkey,ok,0.217,195,136,117,151.5,78,54,39,59.5,-24.2,-7.4,7.4,0.205
Colby Parkinson,colby parkinson,ok,0.159,220,159,141,175.2,9,4,2,5.3,56.1,60.8,85.5,0.305
Will Parks,will parks,ok,0.169,130,65,42,81.8,4,20,19,15.1,-29.2,63.6,60.5,0.524
Jalen Parmele,jalen parmele,no face,0.0,,,,,,,,,,,,
Jermey Parnell,jermey parnell,ok,0.127,151,94,73,108.6,73,55,46,59.4,28.8,75.6,73.6,0.026
Jeremy Parquet,jeremy parquet,no face,0.0,,,,,,,,,,,,
John Parrella,john parrella,no face,0.0,,,,,,,,,,,,
Jacob Parrish,jacob parrish,ok,0.111,114,76,56,85.1,22,23,24,22.8,-32.5,10.1,12.7,0.999
Roscoe Parrish,roscoe parrish,no face,0.0,,,,,,,,,,,,
Tony Parrish,tony parrish,no face,0.0,,,,,,,,,,,,
David Parry,david parry,ok,0.171,210,143,120,160.4,15,14,12,14.1,116.6,52.0,59.0,0.361
Josh Parry,josh parry,no face,0.0,,,,,,,,,,,,
Alex Parsons,alex parsons,no face,0.0,,,,,,,,,,,,
Micah Parsons,micah parsons,ok,0.112,151,94,69,108.2,17,10,7,11.8,17.5,95.5,64.3,0.365
Zach Pascal,zach pascal,ok,0.115,142,101,98,113.0,46,44,40,44.1,70.1,34.1,71.7,0.447
Marcus Paschal,marcus paschal,no face,0.0,,,,,,,,,,,,
Bear Pascoe,bear pascoe,no face,0.0,,,,,,,,,,,,
Tony Pashos,tony pashos,no face,0.0,,,,,,,,,,,,
Patrick Pass,patrick pass,no face,0.0,,,,,,,,,,,,
Austin Pasztor,austin pasztor,ok,0.186,219,167,142,179.7,17,10,7,11.8,121.5,-18.8,52.5,0.311
Jerome Pathon,jerome pathon,no face,0.0,,,,,,,,,,,,
Tyler Patmon,tyler patmon,ok,0.227,204,130,96,148.2,41,31,29,33.8,58.5,53.2,57.7,0.214
Dezmon Patmon,dezmon patmon,ok,0.081,215,147,123,164.6,13,11,10,11.5,79.9,103.5,145.8,1.0
Aaron Patrick,aaron patrick,ok,0.115,190,126,103,142.5,33,29,26,29.9,49.4,69.0,48.3,0.366
Allen Patrick,allen patrick,no face,0.0,,,,,,,,,,,,
Ben Patrick,ben patrick,no face,0.0,,,,,,,,,,,,
Jacques Patrick,jacques patrick,ok,0.161,193,126,100,143.1,47,40,37,41.8,17.0,67.7,77.8,0.151
Johnny Patrick,johnny patrick,no face,0.0,,,,,,,,,,,,
Lucas Patrick,lucas patrick,ok,0.107,224,160,140,176.9,30,25,22,26.3,72.2,163.3,160.4,0.305
Ronald Patrick,ronald patrick,no face,0.0,,,,,,,,,,,,
Tim Patrick,tim patrick,ok,0.095,172,117,97,131.2,16,16,15,15.9,70.4,45.9,95.2,0.452
David Patten,david patten,no face,0.0,,,,,,,,,,,,
Cordarrelle Patterson,cordarrelle patterson,ok,0.12,158,114,92,124.9,37,36,34,36.1,-22.0,81.1,80.3,1.0
Dimitri Patterson,dimitri patterson,no face,0.0,,,,,,,,,,,,
Elton Patterson,elton patterson,no face,0.0,,,,,,,,,,,,
Jaret Patterson,jaret patterson,ok,0.128,200,132,102,148.6,14,12,16,13.1,121.5,113.7,121.0,0.786
Jarrett Patterson,jarrett patterson,ok,0.153,218,162,134,175.6,18,14,12,15.0,120.9,151.8,152.8,0.847
Javon Patterson,javon patterson,ok,0.321,63,49,41,52.3,25,18,17,20.0,,,,0.062
Martin Patterson,martin patterson,no face,0.0,,,,,,,,,,,,
Mike Patterson,mike patterson,no face,0.0,,,,,,,,,,,,
Riley Patterson,riley patterson,ok,0.157,189,128,113,144.5,41,26,19,29.7,-60.1,-53.4,-21.9,0.072
Quinton Patton,quinton patton,no face,0.0,,,,,,,,,,,,
Chris Paul,chris paul,ok,0.111,124,84,76,95.0,15,15,16,15.1,-3.6,23.2,55.1,0.572
Niles Paul,niles paul,ok,0.191,166,94,64,112.2,71,45,34,51.5,82.1,90.4,93.7,0.143
Patrick Paul,patrick paul,ok,0.121,143,92,77,105.5,26,22,22,23.2,8.1,79.1,57.2,0.459
Sam Paulescu,sam paulescu,no face,0.0,,,,,,,,,,,,
Logan Paulsen,logan paulsen,ok,0.261,244,178,149,194.4,140,126,120,129.9,-13.8,-26.3,14.0,0.0
David Paulson,david paulson,no face,0.0,,,,,,,,,,,,
Joe Pawelek,joe pawelek,no face,0.0,,,,,,,,,,,,
Scott Paxson,scott paxson,no face,0.0,,,,,,,,,,,,
Lonie Paxton,lonie paxton,no face,0.0,,,,,,,,,,,,
Kwity Paye,kwity paye,ok,0.044,73,50,49,56.8,13,13,15,13.2,0.4,47.3,46.3,0.715
Karl Paymah,karl paymah,no face,0.0,,,,,,,,,,,,
Daron Payne,daron payne,ok,0.126,215,153,124,168.2,30,27,27,27.9,148.2,49.8,85.0,0.209
Donald Payne,donald payne,ok,0.142,128,77,56,89.9,134,81,59,94.5,7.6,-0.9,31.3,0.06
Kevin Payne,kevin payne,no face,0.0,,,,,,,,,,,,
Seth Payne,seth payne,no face,0.0,,,,,,,,,,,,
Spencer Paysinger,spencer paysinger,no face,0.0,,,,,,,,,,,,
Jordan Payton,jordan payton,no face,0.0,,,,,,,,,,,,
Isaiah Pead,isaiah pead,no face,0.0,,,,,,,,,,,,
Charone Peake,charone peake,ok,0.159,168,87,55,107.6,37,37,39,37.2,-2.5,-5.8,8.0,0.982
James Pearce Jr.,james pearce,ok,0.122,129,96,90,105.2,20,16,16,17.2,70.2,56.3,43.6,0.789
Alvin Pearman,alvin pearman,no face,0.0,,,,,,,,,,,,
Erik Pears,erik pears,no face,0.0,,,,,,,,,,,,
Morgan Pears,morgan pears,no face,0.0,,,,,,,,,,,,
Ricky Pearsall,ricky pearsall,ok,0.172,198,140,114,154.5,28,15,10,18.3,53.5,114.3,111.8,0.168
Kalvin Pearson,kalvin pearson,no face,0.0,,,,,,,,,,,,
Mike Pearson,mike pearson,no face,0.0,,,,,,,,,,,,
Matt Peart,matt peart,ok,0.111,116,76,64,86.7,10,11,11,10.7,69.3,-36.1,-25.0,0.441
Andrus Peat,andrus peat,ok,0.149,232,165,132,181.1,17,13,10,13.9,-2.0,16.9,24.3,0.871
Jared Peck,jared peck,no face,0.0,,,,,,,,,,,,
Doug Pederson,doug pederson,no face,0.0,,,,,,,,,,,,
Aeneas Peebles,aeneas peebles,ok,0.111,122,75,57,86.9,15,14,14,14.3,42.9,32.7,39.4,0.21
Antwan Peek,antwan peek,no face,0.0,,,,,,,,,,,,
Justin Peelle,justin peelle,no face,0.0,,,,,,,,,,,,
Cedric Peerman,cedric peerman,no face,0.0,,,,,,,,,,,,
Rodney Peete,rodney peete,no face,0.0,,,,,,,,,,,,
JJ Pegues,jj pegues,ok,0.118,114,66,56,79.2,14,13,12,13.2,71.8,19.8,35.3,0.554
Domata Peko Sr.,domata peko,ok,0.173,77,37,23,47.4,25,17,14,19.1,-121.8,5.6,10.3,0.451
Kyle Peko,kyle peko,ok,0.078,132,86,65,97.7,30,27,27,27.9,16.2,-0.8,-46.1,1.0
Tupe Peko,tupe peko,no face,0.0,,,,,,,,,,,,
Micah Pellerin,micah pellerin,no face,0.0,,,,,,,,,,,,
Claude Pelon,claude pelon,no face,0.0,,,,,,,,,,,,
David Pender,david pender,no face,0.0,,,,,,,,,,,,
Jeris Pendleton,jeris pendleton,no face,0.0,,,,,,,,,,,,
John Penisini,john penisini,ok,0.122,235,173,145,188.3,27,25,25,25.6,94.3,88.4,135.4,0.757
Michael Penix Jr.,michael penix,ok,0.109,97,53,35,64.1,11,11,12,11.1,5.0,-22.1,-16.1,1.0
Donald Penn,donald penn,ok,0.142,168,112,84,125.6,41,39,38,39.5,116.4,13.3,57.7,0.941
Mike Pennel,mike pennel,ok,0.095,206,132,101,150.6,148,101,82,113.0,21.5,96.0,93.4,0.0
Trevor Penning,trevor penning,ok,0.114,174,121,108,135.4,78,61,54,65.4,-25.6,61.1,40.0,0.004
Chad Pennington,chad pennington,no face,0.0,,,,,,,,,,,,
Terrance Pennington,terrance pennington,no face,0.0,,,,,,,,,,,,
Elijhaa Penny,elijhaa penny,ok,0.167,158,92,60,108.1,21,16,14,17.3,78.3,90.3,96.6,0.366
Rashaad Penny,rashaad penny,ok,0.11,69,42,27,48.4,176,161,159,165.3,-84.1,-120.2,-84.2,0.184
Donovan Peoples-Jones,donovan peoples jones,ok,0.115,183,120,84,134.4,24,21,19,21.7,46.1,121.4,115.5,0.742
Taybor Pepper,taybor pepper,ok,0.174,200,155,132,166.0,73,58,48,61.7,16.7,0.9,20.9,0.292
Jabrill Peppers,jabrill peppers,ok,0.099,139,83,65,97.7,48,38,33,40.4,65.2,88.2,81.4,0.135
Julius Peppers,julius peppers,ok,0.165,214,134,101,154.2,23,17,17,18.8,41.6,126.1,110.9,0.69
Charlie Peprah,charlie peprah,no face,0.0,,,,,,,,,,,,
La'Mical Perine,lamical perine,ok,0.104,173,122,93,133.9,27,27,27,27.0,83.2,77.3,90.5,1.0
Samaje Perine,samaje perine,ok,0.091,130,80,56,92.2,136,99,88,109.0,45.7,72.1,76.0,0.0
Antonio Perkins,antonio perkins,no face,0.0,,,,,,,,,,,,
Kent Perkins,kent perkins,ok,0.219,217,152,114,167.1,34,28,23,29.2,62.1,51.0,65.9,0.097
Paul Perkins,paul perkins,ok,0.144,232,165,138,182.0,47,37,40,40.3,100.7,155.5,152.8,0.399
Ronnie Perkins,ronnie perkins,ok,0.109,136,92,69,102.5,20,19,16,18.8,81.5,53.5,36.3,0.45
Breshad Perriman,breshad perriman,ok,0.172,147,96,77,109.1,84,55,46,62.6,10.8,79.3,72.4,0.028
A.T. Perry,at perry,ok,0.109,85,55,37,61.9,19,16,14,16.7,-32.9,-43.4,-37.6,1.0
Ed Perry,ed perry,no face,0.0,,,,,,,,,,,,
Jereme Perry,jereme perry,no face,0.0,,,,,,,,,,,,
Joshua Perry,joshua perry,no face,0.0,,,,,,,,,,,,
Malcolm Perry,malcolm perry,ok,0.169,184,127,97,140.6,25,22,21,22.8,50.6,27.1,39.8,0.404
Nick Perry,nick perry,ok,0.144,207,144,106,158.5,19,13,7,14.1,126.5,109.2,100.2,0.571
Chris Perry,chris perry,no face,0.0,,,,,,,,,,,,
Senorise Perry,senorise perry,ok,0.148,183,123,103,138.7,34,33,30,33.0,96.5,76.6,108.0,0.552
Tab Perry,tab perry,no face,0.0,,,,,,,,,,,,
Denzel Perryman,denzel perryman,ok,0.12,156,84,63,103.3,20,15,18,16.8,79.2,51.5,45.2,0.385
Mike Person,mike person,ok,0.149,193,135,120,150.6,47,36,30,38.7,22.1,82.0,99.8,0.03
Nathan Peterman,nathan peterman,ok,0.161,247,166,134,186.6,12,9,4,9.3,24.4,2.6,63.4,0.621
Stephen Peterman,stephen peterman,no face,0.0,,,,,,,,,,,,
Brian Peters,brian peters,ok,0.202,223,155,129,172.4,43,32,30,35.0,4.6,24.8,56.4,0.242
Corey Peters,corey peters,ok,0.169,199,133,96,148.5,20,18,20,18.8,91.1,12.8,64.2,0.613
Jason Peters,jason peters,ok,0.107,51,40,32,42.4,26,23,19,23.4,-15.8,-55.5,-43.9,0.925
Marcus Peters,marcus peters,ok,0.164,155,100,70,113.0,29,28,22,27.6,3.7,52.5,67.4,0.261
Otha Peters,otha peters,no face,0.0,,,,,,,,,,,,
Adrian Peterson,adrian peterson,no face,0.0,,,,,,,,,,,,
Greg Peterson,greg peterson,no face,0.0,,,,,,,,,,,,
Kenny Peterson,kenny peterson,no face,0.0,,,,,,,,,,,,
Todd Peterson,todd peterson,no face,0.0,,,,,,,,,,,,
Julian Peterson,julian peterson,no face,0.0,,,,,,,,,,,,
Kevin Peterson,kevin peterson,ok,0.173,223,154,110,169.6,19,13,12,14.7,50.9,12.8,44.3,0.504
Patrick Peterson,patrick peterson,ok,0.132,204,132,103,150.2,40,39,38,39.2,6.1,106.5,115.7,0.336
Mike Peterson,mike peterson,no face,0.0,,,,,,,,,,,,
Nicholas Petit-Frere,nicholas petit frere,ok,0.098,134,94,87,105.6,20,21,24,21.0,58.2,98.0,98.3,0.58
Luke Petitgout,luke petitgout,no face,0.0,,,,,,,,,,,,
Rob Petitti,rob petitti,no face,0.0,,,,,,,,,,,,
Jamie Petrowski,jamie petrowski,no face,0.0,,,,,,,,,,,,
Mitch Petrus,mitch petrus,no face,0.0,,,,,,,,,,,,
Brandon Pettigrew,brandon pettigrew,no face,0.0,,,,,,,,,,,,
Austin Pettis,austin pettis,no face,0.0,,,,,,,,,,,,
Dante Pettis,dante pettis,ok,0.125,205,159,138,170.4,13,12,14,12.5,142.4,53.2,152.3,0.763
Aaron Pettrey,aaron pettrey,no face,0.0,,,,,,,,,,,,
Kenneth Pettway,kenneth pettway,no face,0.0,,,,,,,,,,,,
Bryce Petty,bryce petty,ok,0.16,193,133,99,147.1,21,21,15,20.3,73.4,3.5,34.1,0.84
Roman Phifer,roman phifer,no face,0.0,,,,,,,,,,,,
Marvin Philip,marvin philip,no face,0.0,,,,,,,,,,,,
Kyle Philips,kyle philips,ok,0.146,198,150,139,163.1,68,58,54,60.5,-14.7,107.2,57.2,0.049
Adrian Phillips,adrian phillips,ok,0.126,162,106,80,119.8,37,35,32,35.3,-4.2,67.4,84.8,0.179
Andru Phillips,andru phillips,ok,0.123,177,103,58,120.0,24,22,20,22.4,-7.7,99.6,65.2,0.231
Carroll Phillips,carroll phillips,ok,0.149,103,65,51,74.8,34,28,25,29.5,17.2,47.8,46.7,0.417
Clark Phillips III,clark phillips,ok,0.119,128,94,86,103.2,17,13,12,14.1,95.4,65.9,44.3,0.429
Darius Phillips,darius phillips,ok,0.144,112,64,43,76.0,17,18,20,17.9,11.4,2.8,13.8,0.999
Dashaun Phillips,dashaun phillips,ok,0.148,172,115,88,129.0,12,13,12,12.6,4.5,120.1,76.9,0.787
Del'Shawn Phillips,delshawn phillips,ok,0.13,219,165,145,178.9,44,43,50,44.1,51.8,162.3,158.1,0.348
Harrison Phillips,harrison phillips,ok,0.12,224,151,133,170.8,51,38,29,40.9,79.3,42.7,64.5,0.011
Jacob Phillips,jacob phillips,ok,0.128,123,85,68,94.4,39,34,35,35.6,3.8,22.3,44.2,0.273
Jaelan Phillips,jaelan phillips,ok,0.122,204,139,115,155.7,23,22,20,22.1,68.3,10.6,12.1,0.624
Jason Phillips,jason phillips,no face,0.0,,,,,,,,,,,,
Jermaine Phillips,jermaine phillips,no face,0.0,,,,,,,,,,,,
John Phillips,john phillips,no face,0.0,,,,,,,,,,,,
Jordan Phillips,jordan phillips,ok,0.095,233,164,137,181.3,46,45,43,45.1,144.6,160.1,156.0,0.443
Kenny Phillips,kenny phillips,no face,0.0,,,,,,,,,,,,
Kyle Phillips,kyle phillips,ok,0.146,198,150,139,163.1,68,58,54,60.5,-14.7,107.2,57.2,0.049
Randy Phillips,randy phillips,no face,0.0,,,,,,,,,,,,
Scottie Phillips,scottie phillips,ok,0.176,162,103,72,117.1,26,20,20,21.8,50.5,64.3,52.4,0.375
Shaun Phillips,shaun phillips,no face,0.0,,,,,,,,,,,,
Tyre Phillips,tyre phillips,ok,0.132,162,90,54,107.4,34,28,26,29.6,-10.9,74.6,88.2,0.525
Darius Philon,darius philon,ok,0.138,220,148,107,164.9,16,15,12,15.0,48.5,17.5,76.1,0.524
Justin Phinisee,justin phinisee,no face,0.0,,,,,,,,,,,,
Zack Pianalto,zack pianalto,no face,0.0,,,,,,,,,,,,
George Pickens,george pickens,ok,0.121,156,99,87,114.7,28,27,27,27.3,29.2,73.5,68.9,0.777
Zacch Pickens,zacch pickens,ok,0.101,186,126,103,141.3,21,17,16,18.1,127.6,26.2,35.6,0.344
Cody Pickett,cody pickett,no face,0.0,,,,,,,,,,,,
Kenny Pickett,kenny pickett,ok,0.174,211,164,147,176.1,84,66,56,69.8,39.3,24.4,27.5,0.042
Ryan Pickett,ryan pickett,no face,0.0,,,,,,,,,,,,
Alec Pierce,alec pierce,ok,0.146,173,126,103,137.4,179,164,152,167.5,-21.7,-35.9,9.6,0.029
Antonio Pierce,antonio pierce,no face,0.0,,,,,,,,,,,,
Artavis Pierce,artavis pierce,ok,0.16,196,121,95,140.6,14,8,9,9.9,128.7,19.8,93.0,0.62
Bernard Pierce,bernard pierce,no face,0.0,,,,,,,,,,,,
Brett Pierce,brett pierce,no face,0.0,,,,,,,,,,,,
Dameon Pierce,dameon pierce,ok,0.104,83,57,45,63.4,22,22,22,22.2,-63.5,-87.8,-61.2,0.993
Michael Pierce,michael pierce,ok,0.096,173,126,106,137.8,13,12,12,12.3,73.4,127.4,122.7,0.864
Terry Pierce,terry pierce,no face,0.0,,,,,,,,,,,,
James Pierre,james pierre,ok,0.147,95,64,54,72.1,16,17,13,16.2,44.9,-10.3,20.2,0.964
Olsen Pierre,olsen pierre,ok,0.135,198,134,110,150.4,41,34,38,36.5,31.9,122.4,110.2,0.473
Kevin Pierre-Louis,kevin pierre louis,ok,0.201,125,78,60,89.9,38,33,32,34.4,18.4,38.6,63.8,0.277
Jason Pierre-Paul,jason pierre paul,ok,0.132,118,67,49,80.2,8,5,4,5.8,46.1,46.9,21.0,0.758
Ross Pierschbacher,ross pierschbacher,ok,0.128,205,150,135,164.4,54,46,40,47.5,3.2,120.1,68.4,0.028
Shurron Pierson,shurron pierson,no face,0.0,,,,,,,,,,,,
Tony Pike,tony pike,no face,0.0,,,,,,,,,,,,
Kealoha Pilares,kealoha pilares,no face,0.0,,,,,,,,,,,,
Willie Pile,willie pile,no face,0.0,,,,,,,,,,,,
Zach Piller,zach piller,no face,0.0,,,,,,,,,,,,
Eddy Pineiro,eddy pineiro,ok,0.16,153,104,84,116.0,68,54,47,57.2,-44.6,-52.4,-44.0,0.061
Bradley Pinion,bradley pinion,ok,0.167,238,173,151,189.9,180,169,164,171.7,53.4,172.4,127.6,0.047
Larry Pinkard,larry pinkard,no face,0.0,,,,,,,,,,,,
Eric Pinkins,eric pinkins,ok,0.187,180,106,64,123.3,16,14,9,14.0,104.0,39.4,54.5,0.576
Cleveland Pinkney,cleveland pinkney,no face,0.0,,,,,,,,,,,,
Jared Pinkney,jared pinkney,ok,0.124,187,134,102,146.5,17,16,15,16.2,94.8,24.7,51.9,1.0
Todd Pinkston,todd pinkston,no face,0.0,,,,,,,,,,,,
Jason Pinkston,jason pinkston,no face,0.0,,,,,,,,,,,,
Artose Pinner,artose pinner,no face,0.0,,,,,,,,,,,,
Andrew Pinnock,andrew pinnock,no face,0.0,,,,,,,,,,,,
Jason Pinnock,jason pinnock,ok,0.104,200,136,103,151.4,28,27,25,27.1,36.8,129.3,112.5,0.543
Danny Pinter,danny pinter,ok,0.152,190,140,122,152.9,77,61,52,64.7,100.2,118.1,123.8,0.012
Lenzy Pipkins,lenzy pipkins,ok,0.229,63,41,34,46.8,14,12,12,12.6,-10.5,-46.8,-6.4,0.556
Trey Pipkins,trey pipkins,ok,0.104,216,144,112,161.5,23,21,25,22.1,111.5,145.9,144.4,0.559
Jerrell Pippens,jerrell pippens,no face,0.0,,,,,,,,,,,,
Sabby Piscitelli,sabby piscitelli,no face,0.0,,,,,,,,,,,,
Quinn Pitcock,quinn pitcock,no face,0.0,,,,,,,,,,,,
Ropati Pitoitua,ropati pitoitua,no face,0.0,,,,,,,,,,,,
Jalen Pitre,jalen pitre,ok,0.137,123,76,52,87.6,17,13,11,14.0,-22.9,63.1,62.1,0.71
Dennis Pitta,dennis pitta,no face,0.0,,,,,,,,,,,,
Anthony Pittman,anthony pittman,ok,0.086,215,150,120,166.0,19,17,15,17.4,40.1,58.9,79.3,0.234
Antonio Pittman,antonio pittman,no face,0.0,,,,,,,,,,,,
Chase Pittman,chase pittman,no face,0.0,,,,,,,,,,,,
Bryan Pittman,bryan pittman,no face,0.0,,,,,,,,,,,,
David Pittman,david pittman,no face,0.0,,,,,,,,,,,,
Michael Pittman,michael pittman,no face,0.0,,,,,,,,,,,,
Chester Pitts,chester pitts,no face,0.0,,,,,,,,,,,,
Kyle Pitts,kyle pitts,ok,0.125,126,82,68,93.6,22,17,16,18.4,54.1,43.7,4.3,0.339
Lafayette Pitts,lafayette pitts,ok,0.157,46,31,25,34.8,21,21,23,21.2,,,,0.517
Ryan Plackemeier,ryan plackemeier,no face,0.0,,,,,,,,,,,,
Scott Player,scott player,no face,0.0,,,,,,,,,,,,
Eddie Pleasant,eddie pleasant,no face,0.0,,,,,,,,,,,,
Austen Pleasants,austen pleasants,ok,0.159,213,159,141,173.1,78,68,60,70.3,-11.1,86.9,75.8,0.078
Ahmed Plummer,ahmed plummer,no face,0.0,,,,,,,,,,,,
Jake Plummer,jake plummer,no face,0.0,,,,,,,,,,,,
Jason Pociask,jason pociask,no face,0.0,,,,,,,,,,,,
Ethan Pocic,ethan pocic,ok,0.162,199,158,138,168.0,88,78,68,79.8,12.4,10.7,-3.2,0.018
Adam Podlesh,adam podlesh,no face,0.0,,,,,,,,,,,,
Dontari Poe,dontari poe,ok,0.131,191,120,85,137.2,16,15,13,15.1,118.3,19.4,60.6,0.652
Quinton Pointer,quinton pointer,no face,0.0,,,,,,,,,,,,
Troy Polamalu,troy polamalu,no face,0.0,,,,,,,,,,,,
Quentin Poling,quentin poling,ok,0.196,160,119,103,129.4,47,37,29,39.1,-32.3,4.7,33.3,0.151
Jachai Polite,jachai polite,ok,0.122,106,75,55,81.8,18,14,11,14.9,54.0,17.6,9.7,0.96
Lousaka Polite,lousaka polite,no face,0.0,,,,,,,,,,,,
Tony Poljan,tony poljan,ok,0.156,160,111,94,123.7,52,36,28,39.8,-23.5,18.2,44.7,0.051
Carlos Polk,carlos polk,no face,0.0,,,,,,,,,,,,
Chris Polk,chris polk,no face,0.0,,,,,,,,,,,,
DaShon Polk,dashon polk,no face,0.0,,,,,,,,,,,,
Ja'Lynn Polk,jalynn polk,ok,0.119,208,144,109,159.1,66,44,30,48.6,129.1,132.0,140.0,0.015
David Pollack,david pollack,no face,0.0,,,,,,,,,,,,
Mike Pollak,mike pollak,no face,0.0,,,,,,,,,,,,
Bernard Pollard,bernard pollard,no face,0.0,,,,,,,,,,,,
Marcus Pollard,marcus pollard,no face,0.0,,,,,,,,,,,,
Robert Pollard,robert pollard,no face,0.0,,,,,,,,,,,,
Tony Pollard,tony pollard,ok,0.124,147,88,56,102.0,66,46,32,50.5,-7.0,91.9,88.4,0.011
Tommy Polley,tommy polley,no face,0.0,,,,,,,,,,,,
Tyler Polumbus,tyler polumbus,no face,0.0,,,,,,,,,,,,
Christian Ponder,christian ponder,no face,0.0,,,,,,,,,,,,
Willie Ponder,willie ponder,no face,0.0,,,,,,,,,,,,
Ryan Pontbriand,ryan pontbriand,no face,0.0,,,,,,,,,,,,
Brodney Pool,brodney pool,no face,0.0,,,,,,,,,,,,
Brian Poole,brian poole,ok,0.132,93,55,39,64.5,24,19,17,20.3,-25.6,4.9,26.3,0.243
Nate Poole,nate poole,no face,0.0,,,,,,,,,,,,
Tauren Poole,tauren poole,no face,0.0,,,,,,,,,,,,
Terry Poole,terry poole,no face,0.0,,,,,,,,,,,,
Tyrone Poole,tyrone poole,no face,0.0,,,,,,,,,,,,
Will Poole,will poole,no face,0.0,,,,,,,,,,,,
Derrick Pope,derrick pope,no face,0.0,,,,,,,,,,,,
Geoffrey Pope,geoffrey pope,no face,0.0,,,,,,,,,,,,
Kendyll Pope,kendyll pope,no face,0.0,,,,,,,,,,,,
Leonard Pope,leonard pope,no face,0.0,,,,,,,,,,,,
Monsanto Pope,monsanto pope,no face,0.0,,,,,,,,,,,,
Troymaine Pope,troymaine pope,ok,0.133,166,109,88,123.6,24,19,19,20.5,103.8,31.2,46.7,0.896
Brady Poppinga,brady poppinga,no face,0.0,,,,,,,,,,,,
Darien Porter,darien porter,ok,0.121,170,118,106,132.3,13,13,15,13.2,108.1,40.2,32.9,1.0
Jerry Porter,jerry porter,no face,0.0,,,,,,,,,,,,
Joey Porter,joey porter,no face,0.0,,,,,,,,,,,,
Reggie Porter,reggie porter,no face,0.0,,,,,,,,,,,,
Sean Porter,sean porter,no face,0.0,,,,,,,,,,,,
Tracy Porter,tracy porter,no face,0.0,,,,,,,,,,,,
Clinton Portis,clinton portis,no face,0.0,,,,,,,,,,,,
Marico Portis,marico portis,no face,0.0,,,,,,,,,,,,
DeVier Posey,devier posey,ok,0.195,199,134,96,149.1,31,27,22,27.6,39.1,85.9,110.0,0.638
Jeff Posey,jeff posey,no face,0.0,,,,,,,,,,,,
Julian Posey,julian posey,no face,0.0,,,,,,,,,,,,
Paul Posluszny,paul posluszny,no face,0.0,,,,,,,,,,,,
Hank Poteat,hank poteat,no face,0.0,,,,,,,,,,,,
Benning Potoa'e,benning potoae,ok,0.21,99,38,34,55.8,54,47,44,48.5,,,,0.093
John Potter,john potter,no face,0.0,,,,,,,,,,,,
Nate Potter,nate potter,no face,0.0,,,,,,,,,,,,
Zach Potter,zach potter,no face,0.0,,,,,,,,,,,,
Sione Po'uha,sione pouha,no face,0.0,,,,,,,,,,,,
Mike Pouncey,mike pouncey,ok,0.158,234,167,134,183.3,50,39,37,42.1,66.6,108.6,100.1,0.065
Maurkice Pouncey,maurkice pouncey,ok,0.153,187,126,102,141.5,21,18,15,18.8,74.8,117.9,89.0,0.418
Jeremiah Poutasi,jeremiah poutasi,ok,0.161,208,150,126,164.6,23,17,15,18.6,135.3,26.2,43.7,0.814
Jerrell Powe,jerrell powe,no face,0.0,,,,,,,,,,,,
Bilal Powell,bilal powell,ok,0.118,121,73,62,86.1,15,17,12,15.8,31.1,55.5,39.2,0.754
Brandon Powell,brandon powell,ok,0.111,128,88,64,97.2,29,26,25,26.8,36.1,39.9,32.0,0.421
Carl Powell,carl powell,no face,0.0,,,,,,,,,,,,
Carlton Powell,carlton powell,no face,0.0,,,,,,,,,,,,
Cornell Powell,cornell powell,ok,0.123,132,76,56,90.5,18,17,15,17.1,39.0,15.9,49.2,0.175
Eric Powell,eric powell,no face,0.0,,,,,,,,,,,,
Ronald Powell,ronald powell,no face,0.0,,,,,,,,,,,,
Shawn Powell,shawn powell,no face,0.0,,,,,,,,,,,,
Ty Powell,ty powell,no face,0.0,,,,,,,,,,,,
Tyvis Powell,tyvis powell,ok,0.136,174,104,85,122.8,32,29,26,29.6,81.9,102.3,98.9,0.373
Walt Powell,walt powell,no face,0.0,,,,,,,,,,,,
William Powell,william powell,no face,0.0,,,,,,,,,,,,
Antwaun Powell-Ryland,antwaun powell ryland,ok,0.115,120,79,64,89.5,44,36,36,38.4,75.2,62.1,52.7,0.207
Ben Powers,ben powers,ok,0.159,254,193,180,209.8,76,46,28,52.8,115.4,134.5,115.8,0.023
Jerraud Powers,jerraud powers,no face,0.0,,,,,,,,,,,,
Jackson Powers-Johnson,jackson powers johnson,ok,0.133,215,150,141,168.7,48,33,21,36.1,115.8,22.6,44.7,0.054
Jordan Poyer,jordan poyer,ok,0.131,192,127,103,143.5,38,25,23,28.7,-2.8,52.3,51.9,0.042
Matt Prater,matt prater,ok,0.1,145,116,113,124.0,117,96,85,101.0,-12.1,0.9,42.8,0.0
Shaun Prater,shaun prater,no face,0.0,,,,,,,,,,,,
Kaden Prather,kaden prather,ok,0.102,169,99,80,117.8,17,16,16,16.3,10.6,74.4,64.2,0.839
Germaine Pratt,germaine pratt,ok,0.097,163,98,71,114.4,92,83,82,85.6,62.4,94.1,90.5,0.081
Michael Pratt,michael pratt,ok,0.188,225,175,153,187.4,152,134,115,137.5,111.8,19.0,45.0,0.011
Paul Pratt,paul pratt,no face,0.0,,,,,,,,,,,,
Adam Prentice,adam prentice,ok,0.166,253,194,175,209.8,14,12,10,12.4,27.8,16.5,8.8,0.408
Dak Prescott,dak prescott,ok,0.129,170,107,82,122.8,72,39,24,47.2,50.8,19.1,84.2,0.031
Gimel President,gimel president,ok,0.166,190,126,96,141.7,24,22,20,22.4,52.6,113.8,88.0,0.71
De'Andre Presley,deandre presley,no face,0.0,,,,,,,,,,,,
Chris Pressley,chris pressley,no face,0.0,,,,,,,,,,,,
DeMario Pressley,demario pressley,no face,0.0,,,,,,,,,,,,
Michael Preston,michael preston,no face,0.0,,,,,,,,,,,,
Duke Preston,duke preston,no face,0.0,,,,,,,,,,,,
Bobby Price,bobby price,ok,0.127,192,152,135,162.0,53,51,48,51.3,21.2,78.4,97.8,0.273
Brian Price,brian price,no face,0.0,,,,,,,,,,,,
Ejuan Price,ejuan price,ok,0.186,155,102,81,115.5,34,28,29,29.9,88.8,8.1,17.4,0.631
Givens Price,givens price,ok,0.255,74,57,46,60.8,14,7,5,8.9,,,,0.0
Jabari Price,jabari price,no face,0.0,,,,,,,,,,,,
Marcus Price,marcus price,no face,0.0,,,,,,,,,,,,
Peerless Price,peerless price,no face,0.0,,,,,,,,,,,,
Ricky Price,ricky price,no face,0.0,,,,,,,,,,,,
Sheldon Price,sheldon price,no face,0.0,,,,,,,,,,,,
Taylor Price,taylor price,no face,0.0,,,,,,,,,,,,
Billy Price,billy price,ok,0.164,251,175,161,196.1,178,129,106,141.0,-0.4,98.2,77.9,0.022
Josh Brent,josh brent,no face,0.0,,,,,,,,,,,,
Troy Pride,troy pride,ok,0.151,163,97,76,114.3,28,25,23,25.7,3.5,57.7,28.8,0.579
Deantre Prince,deantre prince,ok,0.119,182,131,110,143.9,19,17,17,17.6,61.2,69.3,72.3,0.953
Isaiah Prince,isaiah prince,ok,0.112,159,100,77,114.7,35,29,25,30.3,85.9,54.8,67.1,0.119
Byron Pringle,byron pringle,ok,0.141,148,98,75,109.9,26,20,18,21.6,75.1,26.3,44.7,0.202
Casey Printers,casey printers,no face,0.0,,,,,,,,,,,,
Pierson Prioleau,pierson prioleau,no face,0.0,,,,,,,,,,,,
Kelvin Pritchett,kelvin pritchett,no face,0.0,,,,,,,,,,,,
Nehemiah Pritchett,nehemiah pritchett,ok,0.131,194,144,117,155.7,19,18,18,18.6,136.5,59.4,58.1,1.0
Stanley Pritchett,stanley pritchett,no face,0.0,,,,,,,,,,,,
James Proche,james proche,ok,0.136,143,91,74,104.6,24,17,14,18.8,84.0,20.6,36.1,0.131
Cory Procter,cory procter,no face,0.0,,,,,,,,,,,,
Austin Proehl,austin proehl,ok,0.176,192,136,114,150.2,31,22,16,24.0,4.2,78.9,89.2,0.232
Ricky Proehl,ricky proehl,no face,0.0,,,,,,,,,,,,
Jay Prosch,jay prosch,ok,0.19,235,190,170,201.2,100,82,72,86.2,6.6,31.7,68.0,0.086
Chris Prosinski,chris prosinski,no face,0.0,,,,,,,,,,,,
C.J. Prosise,cj prosise,ok,0.177,157,102,77,115.6,21,19,18,19.5,98.7,-4.5,3.1,0.5
Ronnie Prude,ronnie prude,no face,0.0,,,,,,,,,,,,
Etric Pruitt,etric pruitt,no face,0.0,,,,,,,,,,,,
MyCole Pruitt,mycole pruitt,ok,0.108,194,140,109,152.6,33,32,30,32.1,85.5,100.5,74.7,0.666
Trevor Pryce,trevor pryce,no face,0.0,,,,,,,,,,,,
Calvin Pryor,calvin pryor,no face,0.0,,,,,,,,,,,,
Lonnie Pryor,lonnie pryor,no face,0.0,,,,,,,,,,,,
Matt Pryor,matt pryor,ok,0.119,224,165,139,179.7,20,17,16,17.8,156.5,157.8,161.5,1.0
Myron Pryor,myron pryor,no face,0.0,,,,,,,,,,,,
Terrelle Pryor,terrelle pryor,ok,0.186,195,129,95,144.9,35,28,24,29.6,3.7,93.2,54.4,0.513
Mike Pucillo,mike pucillo,no face,0.0,,,,,,,,,,,,
Jordan Pugh,jordan pugh,no face,0.0,,,,,,,,,,,,
Justin Pugh,justin pugh,ok,0.155,229,168,144,183.5,26,21,17,22.0,32.9,137.8,116.0,0.371
Jarrod Pughsley,jarrod pughsley,no face,0.0,,,,,,,,,,,,
Hayes Pullard,hayes pullard,ok,0.181,202,139,116,155.2,43,37,35,38.6,22.9,118.9,117.8,0.459
Spencer Pulley,spencer pulley,ok,0.166,242,179,157,195.3,153,110,95,121.1,55.7,140.6,145.5,0.031
Donnel Pumphrey,donnel pumphrey,ok,0.174,231,162,138,179.9,25,20,19,21.4,87.1,44.5,44.5,0.502
Dominick Puni,dominick puni,ok,0.139,225,168,142,182.1,17,8,5,10.3,86.0,144.7,155.7,0.364
Melila Purcell,melila purcell,no face,0.0,,,,,,,,,,,,
Mike Purcell,mike purcell,ok,0.122,244,175,147,192.4,26,16,9,18.2,93.5,163.1,162.3,0.167
Tanner Purdum,tanner purdum,no face,0.0,,,,,,,,,,,,
Brock Purdy,brock purdy,ok,0.164,173,125,106,137.2,63,46,38,50.2,-22.2,-16.2,3.3,0.057
Loucheiz Purifoy,loucheiz purifoy,no face,0.0,,,,,,,,,,,,
Ryan Purvis,ryan purvis,no face,0.0,,,,,,,,,,,,
Jeb Putzier,jeb putzier,no face,0.0,,,,,,,,,,,,
Brad Pyatt,brad pyatt,no face,0.0,,,,,,,,,,,,
Elijah Qualls,elijah qualls,ok,0.172,230,160,131,177.6,52,43,36,44.9,108.4,17.3,24.9,0.014
Cyhl Quarles,cyhl quarles,no face,0.0,,,,,,,,,,,,
Kelcy Quarles,kelcy quarles,no face,0.0,,,,,,,,,,,,
Shelton Quarles,shelton quarles,no face,0.0,,,,,,,,,,,,
Andrew Quarless,andrew quarless,no face,0.0,,,,,,,,,,,,
Shaquille Quarterman,shaquille quarterman,ok,0.151,157,103,81,116.6,32,26,24,27.6,29.9,55.6,62.3,0.387
Patrick Queen,patrick queen,ok,0.109,190,131,112,146.6,24,24,26,24.2,123.1,112.1,98.9,0.999
David Quessenberry,david quessenberry,ok,0.144,204,141,126,158.1,32,22,20,24.7,32.5,131.3,135.3,0.389
Paul Quessenberry,paul quessenberry,ok,0.213,235,161,128,179.4,42,30,28,33.6,31.7,35.7,86.0,0.179
Scott Quessenberry,scott quessenberry,ok,0.138,240,165,132,183.7,95,78,73,82.5,13.2,110.9,97.5,0.092
Brian Quick,brian quick,ok,0.108,109,71,55,80.5,8,7,7,7.3,30.2,44.4,47.4,0.747
Ryan Quigley,ryan quigley,ok,0.183,166,122,98,132.4,52,38,30,41.0,-35.4,-2.6,-2.3,0.225
Glover Quin,glover quin,ok,0.132,174,101,59,118.0,24,15,8,16.9,1.3,108.1,106.0,0.592
Brady Quinn,brady quinn,no face,0.0,,,,,,,,,,,,
Trey Quinn,trey quinn,ok,0.254,189,142,116,153.1,69,49,36,53.5,101.4,12.1,8.8,0.021
Jonathan Quinn,jonathan quinn,no face,0.0,,,,,,,,,,,,
Richard Quinn,richard quinn,no face,0.0,,,,,,,,,,,,
Robert Quinn,robert quinn,ok,0.161,180,116,88,132.0,71,40,29,48.0,101.6,107.7,108.6,0.079
Teagan Quitoriano,teagan quitoriano,ok,0.147,240,190,177,203.5,21,12,7,14.1,139.3,30.8,12.3,0.149
Brent Qvale,brent qvale,ok,0.174,199,131,111,149.1,23,19,17,20.0,50.6,20.4,25.6,0.501
Casey Rabach,casey rabach,no face,0.0,,,,,,,,,,,,
Chilo Rachal,chilo rachal,no face,0.0,,,,,,,,,,,,
Neil Rackers,neil rackers,no face,0.0,,,,,,,,,,,,
Derek Rackley,derek rackley,no face,0.0,,,,,,,,,,,,
Will Rackley,will rackley,no face,0.0,,,,,,,,,,,,
Kevin Rader,kevin rader,ok,0.152,158,116,101,126.8,50,35,24,38.3,-19.9,93.9,21.2,0.057
Drew Radovich,drew radovich,no face,0.0,,,,,,,,,,,,
Dillon Radunz,dillon radunz,ok,0.117,204,147,127,161.6,14,11,12,12.0,128.6,-0.2,37.1,0.992
Raymond Radway,raymond radway,no face,0.0,,,,,,,,,,,,
Trey Ragas,trey ragas,ok,0.137,239,155,111,175.1,19,18,13,17.7,23.0,121.6,125.1,0.628
Reggie Ragland,reggie ragland,ok,0.147,146,91,67,104.7,19,15,15,16.2,24.2,97.3,96.3,0.369
Frank Ragnow,frank ragnow,ok,0.128,174,119,104,133.8,79,55,42,60.7,11.5,70.8,69.4,0.044
Dave Ragone,dave ragone,no face,0.0,,,,,,,,,,,,
Bernhard Raimann,bernhard raimann,ok,0.138,204,152,137,166.0,143,133,121,134.6,-5.8,64.3,12.9,0.017
Wali Rainer,wali rainer,no face,0.0,,,,,,,,,,,,
Bobby Rainey,bobby rainey,no face,0.0,,,,,,,,,,,,
Chris Rainey,chris rainey,no face,0.0,,,,,,,,,,,,
Dominic Raiola,dominic raiola,no face,0.0,,,,,,,,,,,,
Donovan Raiola,donovan raiola,no face,0.0,,,,,,,,,,,,
B.J. Raji,bj raji,no face,0.0,,,,,,,,,,,,
Ennis Rakestraw Jr.,ennis rakestraw,ok,0.102,161,98,79,114.7,22,22,21,21.6,74.2,61.8,53.8,1.0
Nick Ralston,nick ralston,ok,0.185,181,134,111,145.4,69,48,39,53.3,-25.3,-20.8,-20.2,0.089
Bacarri Rambo,bacarri rambo,no face,0.0,,,,,,,,,,,,
Ryan Ramczyk,ryan ramczyk,ok,0.139,243,194,168,205.7,50,40,37,42.6,94.7,161.8,155.9,0.132
Jose Ramirez,jose ramirez,ok,0.122,132,85,70,97.3,16,14,12,14.4,58.3,24.7,34.2,0.562
Manny Ramirez,manny ramirez,no face,0.0,,,,,,,,,,,,
Jalen Ramsey,jalen ramsey,ok,0.145,165,103,90,120.1,120,105,103,109.3,42.3,50.2,46.6,0.045
Kaleb Ramsey,kaleb ramsey,no face,0.0,,,,,,,,,,,,
LaJuan Ramsey,lajuan ramsey,no face,0.0,,,,,,,,,,,,
Patrick Ramsey,patrick ramsey,no face,0.0,,,,,,,,,,,,
Curtis Randall,curtis randall,no face,0.0,,,,,,,,,,,,
Damarious Randall,damarious randall,ok,0.152,176,130,87,138.9,28,28,22,27.3,13.1,18.2,71.8,0.633
Kheeston Randall,kheeston randall,no face,0.0,,,,,,,,,,,,
Joseph Randle,joseph randle,no face,0.0,,,,,,,,,,,,
Rueben Randle,rueben randle,no face,0.0,,,,,,,,,,,,
Antwaan Randle El,antwaan randle el,no face,0.0,,,,,,,,,,,,
Louis Rankin,louis rankin,no face,0.0,,,,,,,,,,,,
Martinas Rankin,martinas rankin,ok,0.139,126,76,52,88.2,19,11,8,13.1,51.1,-146.0,3.9,0.157
Sheldon Rankins,sheldon rankins,ok,0.1,171,96,65,114.9,10,9,8,9.2,109.5,-6.5,88.7,0.386
Caleb Ransaw,caleb ransaw,ok,0.123,189,119,85,136.1,14,11,15,12.4,76.9,47.0,54.0,0.988
Derrick Ransom,derrick ransom,no face,0.0,,,,,,,,,,,,
Lathan Ransom,lathan ransom,ok,0.105,191,139,116,151.9,25,24,23,24.2,21.6,-0.4,2.4,1.0
Taylor Rapp,taylor rapp,ok,0.124,230,144,121,167.1,9,8,7,8.2,30.9,29.2,47.8,0.604
Walter Rasby,walter rasby,no face,0.0,,,,,,,,,,,,
Sha'reff Rashad,shareff rashad,no face,0.0,,,,,,,,,,,,
Saleem Rasheed,saleem rasheed,no face,0.0,,,,,,,,,,,,
Kemp Rasmussen,kemp rasmussen,no face,0.0,,,,,,,,,,,,
Tate Ratledge,tate ratledge,ok,0.134,229,165,155,183.0,23,15,12,17.1,70.7,65.3,62.0,0.224
Damion Ratley,damion ratley,ok,0.136,170,102,73,119.0,14,7,6,9.0,63.5,96.3,51.7,0.288
Brett Ratliff,brett ratliff,no face,0.0,,,,,,,,,,,,
Jay Ratliff,jay ratliff,no face,0.0,,,,,,,,,,,,
Keiwan Ratliff,keiwan ratliff,no face,0.0,,,,,,,,,,,,
Tim Rattay,tim rattay,no face,0.0,,,,,,,,,,,,
Spencer Rattler,spencer rattler,ok,0.158,167,122,101,133.1,136,117,104,121.2,9.1,6.9,26.8,0.028
Thomas Rawls,thomas rawls,ok,0.151,207,134,96,151.5,22,18,15,18.9,34.3,89.2,61.3,0.667
Shane Ray,shane ray,ok,0.099,201,142,118,156.9,19,71,153,64.8,55.3,-38.1,-11.0,1.0
Wyatt Ray,wyatt ray,ok,0.16,153,96,58,108.7,76,66,56,67.8,-10.0,-13.1,51.8,0.054
Sam Rayburn,sam rayburn,no face,0.0,,,,,,,,,,,,
Caesar Rayford,caesar rayford,no face,0.0,,,,,,,,,,,,
Cory Raymer,cory raymer,no face,0.0,,,,,,,,,,,,
Kalif Raymond,kalif raymond,ok,0.144,204,144,114,158.4,1,0,0,0.3,67.5,-6.7,27.5,0.333
Mistral Raymond,mistral raymond,no face,0.0,,,,,,,,,,,,
Dave Rayner,dave rayner,no face,0.0,,,,,,,,,,,,
Rick Razzano,rick razzano,no face,0.0,,,,,,,,,,,,
DJ Reader,dj reader,ok,0.091,182,125,103,139.5,18,19,17,18.5,68.3,72.6,112.9,0.999
Jalen Reagor,jalen reagor,ok,0.095,152,95,85,110.8,10,10,12,10.2,6.4,88.2,80.7,0.57
Montae Reagor,montae reagor,no face,0.0,,,,,,,,,,,,
Keith Reaser,keith reaser,ok,0.124,196,109,79,131.6,16,14,11,14.3,112.4,38.1,53.5,0.554
Jeremy Reaves,jeremy reaves,ok,0.124,109,76,59,83.9,22,22,20,21.8,-2.2,10.6,18.5,0.446
Jamaica Rector,jamaica rector,no face,0.0,,,,,,,,,,,,
Haason Reddick,haason reddick,ok,0.135,98,42,25,56.8,19,14,12,15.3,-34.2,-34.6,-30.7,0.259
Kevin Reddick,kevin reddick,no face,0.0,,,,,,,,,,,,
Cory Redding,cory redding,no face,0.0,,,,,,,,,,,,
Kasey Redfern,kasey redfern,ok,0.185,173,130,106,140.2,69,51,41,55.2,-29.2,-11.0,20.9,0.268
Chris Redman,chris redman,no face,0.0,,,,,,,,,,,,
Isaac Redman,isaac redman,no face,0.0,,,,,,,,,,,,
Adam Redmond,adam redmond,ok,0.153,197,133,107,149.2,84,54,36,61.1,-26.1,43.0,30.9,0.053
Alex Redmond,alex redmond,ok,0.133,206,139,116,156.4,22,20,20,20.6,38.4,26.9,55.8,1.0
J.R. Redmond,redmond,no face,0.0,,,,,,,,,,,,
Will Redmond,will redmond,ok,0.167,153,102,76,114.3,20,20,20,20.0,80.0,4.1,35.4,0.754
Sheldrick Redwine,sheldrick redwine,ok,0.118,121,73,50,84.7,36,32,30,32.8,-8.6,46.7,49.1,0.492
Marcel Reece,marcel reece,no face,0.0,,,,,,,,,,,,
Rayshun Reed,rayshun reed,no face,0.0,,,,,,,,,,,,
David Reed,david reed,no face,0.0,,,,,,,,,,,,
Brooks Reed,brooks reed,ok,0.203,226,162,140,178.9,72,54,42,58.4,29.0,106.9,98.0,0.157
Chris Reed,chris reed,ok,0.154,206,148,128,163.1,70,54,44,57.6,26.0,108.8,84.1,0.029
D'Aundre Reed,daundre reed,no face,0.0,,,,,,,,,,,,
D.J. Reed,dj reed,ok,0.099,138,103,97,112.8,29,26,27,27.0,86.5,48.8,53.1,0.659
Ed Reed,ed reed,no face,0.069,,,,,,,,,,,,
J.R. Reed,reed,no face,0.0,,,,,,,,,,,,
James Reed,james reed,no face,0.0,,,,,,,,,,,,
Jarran Reed,jarran reed,ok,0.128,174,116,93,130.7,33,29,25,29.7,102.7,45.5,56.1,0.31
Jayden Reed,jayden reed,ok,0.116,171,108,87,124.4,14,13,12,13.2,106.3,55.7,61.9,1.0
Jaylen Reed,jaylen reed,ok,0.191,137,86,59,98.2,26,22,21,23.1,-75.4,52.9,-15.7,0.292
Jeff Reed,jeff reed,no face,0.0,,,,,,,,,,,,
Jerrick Reed II,jerrick reed,ok,0.121,162,109,87,122.3,26,24,22,24.4,0.8,26.9,22.2,0.318
Jordan Reed,jordan reed,ok,0.182,240,175,148,191.4,41,36,34,37.3,111.7,30.7,33.6,0.33
Joe Reed,joe reed,ok,0.169,202,134,103,150.8,27,20,20,22.1,17.0,72.0,90.9,0.336
Josh Reed,josh reed,no face,0.0,,,,,,,,,,,,
Kalan Reed,kalan reed,ok,0.19,202,142,106,155.8,24,21,19,21.7,80.0,28.8,36.1,0.471
Kerry Reed,kerry reed,no face,0.0,,,,,,,,,,,,
Malik Reed,malik reed,ok,0.13,155,92,69,108.2,7,5,5,5.6,14.8,69.6,55.4,0.609
Nick Reed,nick reed,no face,0.0,,,,,,,,,,,,
Trovon Reed,trovon reed,no face,0.0,,,,,,,,,,,,
Tyler Reed,tyler reed,no face,0.0,,,,,,,,,,,,
Troy Reeder,troy reeder,ok,0.155,146,108,94,117.3,114,99,91,102.6,-44.5,57.6,1.2,0.068
Bernard Reedy,bernard reedy,ok,0.256,58,45,39,48.2,17,10,8,11.9,,,,0.054
Ike Reese,ike reese,no face,0.0,,,,,,,,,,,,
Izell Reese,izell reese,no face,0.0,,,,,,,,,,,,
Marcus Reese,marcus reese,no face,0.0,,,,,,,,,,,,
Tevin Reese,tevin reese,no face,0.0,,,,,,,,,,,,
Jacques Reeves,jacques reeves,no face,0.0,,,,,,,,,,,,
Jalen Reeves-Maybin,jalen reeves maybin,ok,0.105,175,102,67,119.8,14,13,13,13.3,53.7,110.5,104.6,0.681
Micanor Regis,micanor regis,no face,0.0,,,,,,,,,,,,
Will Reichard,will reichard,ok,0.175,172,124,112,137.1,44,35,28,37.0,-23.3,-11.6,33.2,0.065
Caraun Reid,caraun reid,ok,0.137,190,125,97,141.2,34,32,34,32.7,40.9,109.6,85.4,0.205
Darrell Reid,darrell reid,no face,0.0,,,,,,,,,,,,
Dexter Reid,dexter reid,no face,0.0,,,,,,,,,,,,
Eric Reid,eric reid,ok,0.138,193,125,96,142.0,25,22,20,22.7,48.7,121.2,58.8,0.546
Jah Reid,jah reid,no face,0.0,,,,,,,,,,,,
John Reid,john reid,ok,0.155,243,194,170,205.9,31,31,35,31.5,87.1,12.2,9.5,0.994
Justin Reid,justin reid,ok,0.167,154,101,82,114.7,16,14,14,14.6,93.3,2.7,40.2,0.412
Willie Reid,willie reid,no face,0.0,,,,,,,,,,,,
Riley Reiff,riley reiff,ok,0.115,173,125,104,137.0,59,49,43,51.3,-0.1,92.4,97.4,0.032
Trevor Reilly,trevor reilly,no face,0.0,,,,,,,,,,,,
Tip Reiman,tip reiman,ok,0.165,219,156,142,173.2,77,64,59,67.3,108.8,0.8,21.3,0.025
Chris Reis,chris reis,no face,0.0,,,,,,,,,,,,
Allen Reisner,allen reisner,no face,0.0,,,,,,,,,,,,
Austin Reiter,austin reiter,ok,0.155,218,147,125,165.7,58,44,39,47.3,-65.3,48.5,60.1,0.004
Joe Reitz,joe reitz,no face,0.0,,,,,,,,,,,,
Mike Remmers,mike remmers,ok,0.195,205,127,98,147.0,72,52,45,57.2,112.8,115.2,106.1,0.023
Sean Renfree,sean renfree,no face,0.0,,,,,,,,,,,,
Mel Renfro,mel renfro,no face,0.0,,,,,,,,,,,,
Hunter Renfrow,hunter renfrow,ok,0.142,220,158,139,174.7,26,16,17,19.1,-4.4,9.4,52.5,0.39
Brandon Renkart,brandon renkart,no face,0.0,,,,,,,,,,,,
Bryn Renner,bryn renner,no face,0.0,,,,,,,,,,,,
Alan Reuber,alan reuber,no face,0.0,,,,,,,,,,,,
Konrad Reuland,konrad reuland,no face,0.0,,,,,,,,,,,,
Shavon Revel Jr.,shavon revel,ok,0.161,114,65,52,78.2,123,85,64,94.0,-15.6,-3.4,10.3,0.11
Darrelle Revis,darrelle revis,no face,0.0,,,,,,,,,,,,
Vincent Rey,vincent rey,ok,0.197,206,136,100,152.8,46,34,28,36.7,29.7,51.6,47.4,0.1
Kendall Reyes,kendall reyes,no face,0.0,,,,,,,,,,,,
Sammis Reyes,sammis reyes,ok,0.139,208,156,132,168.8,19,14,13,15.4,57.4,2.0,13.9,0.633
Tutan Reyes,tutan reyes,no face,0.0,,,,,,,,,,,,
Darius Reynaud,darius reynaud,no face,0.0,,,,,,,,,,,,
Chase Reynolds,chase reynolds,no face,0.0,,,,,,,,,,,,
Craig Reynolds,craig reynolds,ok,0.079,194,132,103,147.1,31,30,29,30.2,-20.6,-91.7,-75.9,0.993
Dallas Reynolds,dallas reynolds,no face,0.0,,,,,,,,,,,,
Ed Reynolds,ed reynolds,no face,0.0,,,,,,,,,,,,
Josh Reynolds,josh reynolds,ok,0.111,156,103,80,116.3,4,4,4,4.0,1.3,8.1,3.9,0.952
Keenan Reynolds,keenan reynolds,ok,0.178,187,119,88,135.8,24,16,13,18.0,77.9,49.2,87.4,0.321
LaRoy Reynolds,laroy reynolds,ok,0.153,154,92,64,107.3,18,16,15,16.5,95.4,92.4,96.1,0.271
Matt Reynolds,matt reynolds,no face,0.0,,,,,,,,,,,,
Garrett Reynolds,garrett reynolds,no face,0.0,,,,,,,,,,,,
Demetrius Rhaney,demetrius rhaney,ok,0.276,44,28,21,32.0,30,21,17,23.2,-84.6,-42.3,-4.3,0.26
Jon Rhattigan,jon rhattigan,ok,0.129,223,153,141,172.6,26,16,17,19.1,55.7,113.6,143.4,0.617
Dominic Rhodes,dominic rhodes,no face,0.0,,,,,,,,,,,,
Kerry Rhodes,kerry rhodes,no face,0.0,,,,,,,,,,,,
Luke Rhodes,luke rhodes,ok,0.158,220,160,133,174.9,35,29,30,30.9,153.9,-23.4,8.4,0.551
Xavier Rhodes,xavier rhodes,ok,0.153,114,72,61,83.3,24,23,24,23.4,-11.9,63.2,42.3,0.669
Sean Rhyan,sean rhyan,ok,0.189,85,59,39,64.5,101,96,93,96.9,,,,0.061
Alan Ricard,alan ricard,no face,0.0,,,,,,,,,,,,
Patrick Ricard,patrick ricard,ok,0.124,202,141,120,156.8,33,26,21,27.5,36.2,135.2,127.7,0.09
Giovanni Ricci,giovanni ricci,ok,0.15,212,154,123,167.8,18,13,10,14.2,69.2,42.5,51.0,0.802
Brenden Rice,brenden rice,ok,0.121,214,149,118,165.0,26,24,28,25.1,60.9,44.8,62.2,0.633
Denzel Rice,denzel rice,ok,0.236,56,38,28,42.2,20,18,18,18.6,-41.5,-43.5,-40.1,0.663
Jerry Rice,jerry rice,no face,0.016,,,,,,,,,,,,
Monty Rice,monty rice,ok,0.119,130,77,63,91.3,38,32,28,33.3,-10.3,43.7,46.1,0.248
Rashee Rice,rashee rice,ok,0.065,132,79,65,93.3,232,53,64,107.8,51.6,-138.5,-49.2,0.93
Ray Rice,ray rice,no face,0.0,,,,,,,,,,,,
Sidney Rice,sidney rice,no face,0.0,,,,,,,,,,,,
Simeon Rice,simeon rice,no face,0.0,,,,,,,,,,,,
Darryl Richard,darryl richard,no face,0.0,,,,,,,,,,,,
Jalen Richard,jalen richard,ok,0.118,146,93,64,105.5,14,16,14,15.2,-4.3,88.2,77.5,0.761
Jamey Richard,jamey richard,no face,0.0,,,,,,,,,,,,
Kris Richard,kris richard,no face,0.0,,,,,,,,,,,,
Asim Richards,asim richards,ok,0.111,127,84,69,94.9,26,26,32,26.7,69.3,13.5,28.3,0.395
Jordan Richards,jordan richards,ok,0.18,178,117,82,131.2,36,31,25,31.8,19.2,43.3,53.4,0.273
Anthony Richardson,anthony richardson,ok,0.119,160,106,85,119.8,25,24,23,24.2,-12.4,88.9,73.1,0.338
Tony Richardson,tony richardson,no face,0.0,,,,,,,,,,,,
Antonio Richardson,antonio richardson,no face,0.0,,,,,,,,,,,,
Barry Richardson,barry richardson,no face,0.0,,,,,,,,,,,,
Cyril Richardson,cyril richardson,no face,0.0,,,,,,,,,,,,
Daryl Richardson,daryl richardson,no face,0.0,,,,,,,,,,,,
David Richardson,david richardson,no face,0.0,,,,,,,,,,,,
Decamerion Richardson,decamerion richardson,ok,0.101,63,36,26,43.0,28,28,36,28.9,-28.4,-50.1,-33.9,0.997
Jay Richardson,jay richardson,no face,0.0,,,,,,,,,,,,
Mike Richardson,mike richardson,no face,0.0,,,,,,,,,,,,
Paul Richardson,paul richardson,no face,0.0,,,,,,,,,,,,
Sean Richardson,sean richardson,no face,0.0,,,,,,,,,,,,
Shaquille Richardson,shaquille richardson,ok,0.152,167,112,96,126.6,42,40,41,40.7,49.8,105.3,96.8,0.714
Sheldon Richardson,sheldon richardson,ok,0.101,126,86,69,95.7,6,4,5,4.7,86.5,10.5,-7.8,0.606
Trent Richardson,trent richardson,no face,0.0,,,,,,,,,,,,
Will Richardson,will richardson,ok,0.158,168,122,94,132.4,130,82,54,93.2,46.6,119.0,124.8,0.033
Weston Richburg,weston richburg,ok,0.151,194,136,115,150.9,71,46,38,52.6,54.0,129.0,118.3,0.0
Wade Richey,wade richey,no face,0.0,,,,,,,,,,,,
Mason Richman,mason richman,ok,0.166,208,164,137,174.1,89,72,59,75.6,-22.0,96.1,25.4,0.049
Mikhael Ricks,mikhael ricks,no face,0.0,,,,,,,,,,,,
Desmond Ridder,desmond ridder,ok,0.154,174,137,122,146.4,30,26,21,26.6,3.4,18.9,51.0,0.526
Shaquille Riddick,shaquille riddick,no face,0.0,,,,,,,,,,,,
Theo Riddick,theo riddick,ok,0.16,196,127,88,143.1,13,15,12,14.1,58.7,62.0,99.0,0.562
Ryan Riddle,ryan riddle,no face,0.0,,,,,,,,,,,,
Dante Ridgeway,dante ridgeway,no face,0.0,,,,,,,,,,,,
Hassan Ridgeway,hassan ridgeway,ok,0.146,146,77,55,95.1,23,19,18,20.1,53.6,44.5,68.1,0.28
John Ridgeway,john ridgeway,ok,0.137,203,161,141,171.3,24,21,16,21.3,29.4,-17.0,2.3,0.509
Calvin Ridley,calvin ridley,ok,0.115,122,71,45,83.3,9,8,7,8.2,50.1,51.9,52.6,0.72
Riley Ridley,riley ridley,ok,0.153,119,73,61,85.4,13,8,8,9.5,63.9,-8.1,7.9,0.712
Stevan Ridley,stevan ridley,ok,0.112,160,110,86,122.6,10,13,15,12.3,79.9,106.0,109.4,0.538
Jay Riemersma,jay riemersma,no face,0.0,,,,,,,,,,,,
Cody Riggs,cody riggs,no face,0.0,,,,,,,,,,,,
Curtis Riley,curtis riley,ok,0.113,40,26,25,30.5,,,,,-79.9,-66.1,-24.8,0.027
Duke Riley,duke riley,ok,0.126,208,145,114,160.3,29,20,21,22.8,75.5,93.1,84.5,0.3
Elijah Riley,elijah riley,ok,0.124,203,138,107,153.9,52,41,35,43.6,50.1,139.1,127.5,0.223
Jordon Riley,jordon riley,ok,0.111,190,114,86,133.5,11,11,9,10.8,52.3,97.5,109.4,0.464
Karon Riley,karon riley,no face,0.0,,,,,,,,,,,,
Perry Riley,perry riley,no face,0.0,,,,,,,,,,,,
Quincy Riley,quincy riley,ok,0.123,84,57,50,64.3,22,16,15,17.7,15.7,-25.5,-10.7,0.313
Victor Riley,victor riley,no face,0.0,,,,,,,,,,,,
Brian Rimpf,brian rimpf,no face,0.0,,,,,,,,,,,,
Chad Rinehart,chad rinehart,no face,0.0,,,,,,,,,,,,
Javon Ringer,javon ringer,no face,0.0,,,,,,,,,,,,
Christian Ringo,christian ringo,ok,0.109,78,50,35,56.7,14,14,14,14.0,-26.5,-41.4,-10.9,1.0
Kelee Ringo,kelee ringo,ok,0.14,125,87,75,97.0,11,8,8,8.9,-0.5,60.5,19.5,0.454
Marcus Rios,marcus rios,ok,0.155,185,111,75,129.0,29,18,14,20.8,97.1,25.8,37.2,0.12
Aaron Ripkowski,aaron ripkowski,ok,0.172,221,158,135,174.2,9,3,1,4.6,81.8,137.3,155.8,0.527
Dalton Risner,dalton risner,ok,0.131,241,158,154,182.6,169,118,99,131.1,130.7,77.7,109.3,0.007
Jon Ritchie,jon ritchie,no face,0.0,,,,,,,,,,,,
Marco Rivera,marco rivera,no face,0.0,,,,,,,,,,,,
Mike Rivera,mike rivera,no face,0.0,,,,,,,,,,,,
Mychal Rivera,mychal rivera,no face,0.0,,,,,,,,,,,,
Chauncey Rivers,chauncey rivers,ok,0.149,169,118,105,131.8,28,25,24,25.8,83.9,44.0,61.8,0.633
David Rivers,david rivers,no face,0.0,,,,,,,,,,,,
Derek Rivers,derek rivers,ok,0.131,216,135,98,155.1,23,20,18,20.7,116.9,-1.1,21.7,0.968
Gerald Rivers,gerald rivers,no face,0.0,,,,,,,,,,,,
Jalen Rivers,jalen rivers,ok,0.102,160,100,77,115.0,32,31,32,31.4,97.7,26.9,43.5,0.357
Keith Rivers,keith rivers,no face,0.0,,,,,,,,,,,,
Marcellus Rivers,marcellus rivers,no face,0.0,,,,,,,,,,,,
Philip Rivers,philip rivers,ok,0.18,230,167,144,183.2,60,48,40,50.7,-1.0,74.7,46.9,0.048
David Roach,david roach,no face,0.0,,,,,,,,,,,,
Malcolm Roach,malcolm roach,ok,0.124,135,91,72,102.0,9,10,10,9.7,81.7,-1.2,9.7,1.0
Nick Roach,nick roach,no face,0.0,,,,,,,,,,,,
Willie Roaf,willie roaf,no face,0.116,,,,,,,,,,,,
Brad Robbins,brad robbins,ok,0.13,194,134,124,150.6,160,104,92,119.2,20.3,95.8,113.1,0.021
Fred Robbins,fred robbins,no face,0.0,,,,,,,,,,,,
Chris Roberson,chris roberson,no face,0.0,,,,,,,,,,,,
Derick Roberson,derick roberson,ok,0.167,140,90,67,102.5,19,18,16,18.1,0.9,47.4,60.1,0.591
Derrick Roberson,derrick roberson,no face,0.0,,,,,,,,,,,,
Marcus Roberson,marcus roberson,no face,0.0,,,,,,,,,,,,
Andre Roberts,andre roberts,ok,0.118,193,127,100,143.7,32,30,32,31.1,-6.3,75.6,91.1,0.68
Darryl Roberts,darryl roberts,ok,0.188,192,131,92,144.7,36,33,26,33.1,127.1,12.9,45.0,0.424
Elandon Roberts,elandon roberts,ok,0.106,80,51,38,58.1,35,35,36,35.1,-10.3,-39.7,-25.0,0.927
Elijah Roberts,elijah roberts,ok,0.126,123,82,72,93.1,12,12,16,12.5,70.1,-1.0,28.7,1.0
Michael Roberts,michael roberts,ok,0.108,169,100,68,117.3,16,9,4,10.5,28.1,103.4,78.8,0.748
Sam Roberts,sam roberts,ok,0.078,49,29,26,34.6,29,25,27,26.4,11.4,2.8,7.9,1.0
Seth Roberts,seth roberts,ok,0.182,207,131,106,150.9,8,5,4,5.8,63.7,44.6,77.3,0.841
Terrell Roberts,terrell roberts,no face,0.0,,,,,,,,,,,,
Amik Robertson,amik robertson,ok,0.1,154,105,85,117.4,12,12,13,12.1,106.0,102.8,102.4,0.608
Dewayne Robertson,dewayne robertson,no face,0.0,,,,,,,,,,,,
Jamal Robertson,jamal robertson,no face,0.0,,,,,,,,,,,,
Pete Robertson,pete robertson,ok,0.161,217,128,85,149.7,18,17,17,17.3,103.8,123.5,124.9,0.793
Tracy Robertson,tracy robertson,no face,0.0,,,,,,,,,,,,
Travian Robertson,travian robertson,no face,0.0,,,,,,,,,,,,
Craig Robertson,craig robertson,ok,0.139,210,137,104,155.1,37,22,17,25.9,65.1,144.0,122.5,0.091
Roy Robertson-Harris,roy robertson harris,ok,0.135,201,126,92,144.5,23,20,18,20.7,101.6,52.2,53.6,0.563
Nickell Robey-Coleman,nickell robey coleman,ok,0.219,125,82,70,93.1,26,22,22,23.2,14.4,-16.8,2.7,0.662
A'Shawn Robinson,ashawn robinson,ok,0.085,105,74,69,82.7,49,40,38,42.5,18.0,69.5,71.3,0.016
Aaron Robinson,aaron robinson,ok,0.124,198,115,82,136.2,29,25,28,26.5,93.6,61.9,26.6,0.83
Adrian Robinson,adrian robinson,no face,0.0,,,,,,,,,,,,
Adrien Robinson,adrien robinson,no face,0.0,,,,,,,,,,,,
Aldrick Robinson,aldrick robinson,ok,0.166,146,90,59,103.2,103,84,71,88.5,96.9,93.3,84.2,0.025
Allen Robinson,allen robinson,ok,0.107,148,91,67,105.3,34,25,21,27.2,-33.7,-1.6,81.3,0.157
Alton Robinson,alton robinson,ok,0.159,185,128,101,142.0,24,24,25,24.1,79.8,23.5,38.0,0.852
Michael Robinson,michael robinson,no face,0.0,,,,,,,,,,,,
Bijan Robinson,bijan robinson,ok,0.116,129,72,50,86.5,24,20,20,21.2,33.5,33.9,8.5,0.725
Brian Robinson,brian robinson,ok,0.125,170,114,92,127.9,23,20,19,20.8,107.1,56.0,61.1,0.325
Bryan Robinson,bryan robinson,no face,0.0,,,,,,,,,,,,
Cam Robinson,cam robinson,ok,0.112,97,60,42,69.0,4,4,5,4.1,55.8,64.2,67.0,0.666
Corey Robinson,corey robinson,ok,0.13,166,99,61,114.7,22,13,6,14.9,5.5,104.1,104.9,0.485
Curtis Robinson,curtis robinson,ok,0.125,178,104,76,122.9,17,16,15,16.2,102.4,1.3,32.4,0.614
Darius Robinson,darius robinson,ok,0.087,102,64,48,73.2,24,24,24,24.0,-6.8,-133.1,-9.9,0.586
DelJuan Robinson,deljuan robinson,no face,0.0,,,,,,,,,,,,
Demarcus Robinson,demarcus robinson,ok,0.152,103,53,29,65.2,58,33,24,39.4,-31.3,-43.3,-52.5,0.139
Chop Robinson,chop robinson,ok,0.14,171,116,91,129.6,111,96,93,100.1,-14.4,56.7,-0.6,0.067
Denard Robinson,denard robinson,no face,0.0,,,,,,,,,,,,
Derreck Robinson,derreck robinson,no face,0.0,,,,,,,,,,,,
Dominique Robinson,dominique robinson,ok,0.135,155,94,69,109.7,9,7,6,7.5,77.8,37.5,78.3,0.206
Duke Robinson,duke robinson,no face,0.0,,,,,,,,,,,,
Edmond Robinson,edmond robinson,ok,0.164,165,105,77,119.7,18,17,16,17.2,113.2,30.1,58.1,0.417
Gijon Robinson,gijon robinson,no face,0.0,,,,,,,,,,,,
Greg Robinson,greg robinson,no face,0.0,,,,,,,,,,,,
James Robinson,james robinson,no face,0.0,,,,,,,,,,,,
Jammie Robinson,jammie robinson,ok,0.122,108,64,47,75.2,15,13,14,13.7,62.3,33.1,36.3,0.597
Janarius Robinson,janarius robinson,ok,0.059,131,68,60,85.9,25,23,25,23.8,44.4,-81.7,-92.6,0.266
Jeff Robinson,jeff robinson,no face,0.0,,,,,,,,,,,,
Josh Robinson,josh robinson,ok,0.234,97,48,27,60.3,26,17,13,19.2,-22.5,,-22.5,0.14
Keenan Robinson,keenan robinson,no face,0.0,,,,,,,,,,,,
Keilan Robinson,keilan robinson,ok,0.129,173,100,76,119.1,26,23,24,24.0,91.0,13.9,37.9,0.521
Kenny Robinson,kenny robinson,ok,0.119,233,164,132,180.9,38,35,32,35.6,32.0,154.7,152.7,0.289
Kevin Robinson,kevin robinson,no face,0.0,,,,,,,,,,,,
Khiry Robinson,khiry robinson,no face,0.0,,,,,,,,,,,,
Koren Robinson,koren robinson,no face,0.0,,,,,,,,,,,,
Gerell Robinson,gerell robinson,no face,0.0,,,,,,,,,,,,
Laurent Robinson,laurent robinson,no face,0.0,,,,,,,,,,,,
Layden Robinson,layden robinson,ok,0.113,172,114,91,128.4,22,17,15,18.3,118.2,52.8,96.9,0.252
Lee Robinson,lee robinson,no face,0.0,,,,,,,,,,,,
Marcus Robinson,marcus robinson,no face,0.0,,,,,,,,,,,,
Mark Robinson,mark robinson,no face,0.0,,,,,,,,,,,,
Micah Robinson,micah robinson,ok,0.137,212,147,102,161.3,10,9,9,9.3,151.4,32.2,49.7,0.928
Patrick Robinson,patrick robinson,no face,0.0,,,,,,,,,,,,
Ramzee Robinson,ramzee robinson,no face,0.0,,,,,,,,,,,,
Rashard Robinson,rashard robinson,ok,0.156,144,99,80,110.3,30,27,27,27.9,92.2,16.1,39.0,0.607
Reggie Robinson II,reggie robinson,ok,0.217,102,66,50,74.9,8,7,7,7.3,-14.9,-30.1,11.5,0.946
Ryan Robinson,ryan robinson,no face,0.0,,,,,,,,,,,,
Ryne Robinson,ryne robinson,no face,0.0,,,,,,,,,,,,
Tavius Robinson,tavius robinson,ok,0.129,190,130,104,145.0,31,25,24,26.7,77.0,132.6,66.2,0.471
Travaris Robinson,travaris robinson,no face,0.0,,,,,,,,,,,,
Trevor Robinson,trevor robinson,no face,0.0,,,,,,,,,,,,
Ty Robinson,ty robinson,ok,0.162,192,131,117,147.6,33,20,13,23.1,43.2,-12.1,1.9,0.148
Wan'Dale Robinson,wandale robinson,ok,0.122,150,83,58,100.2,29,24,20,25.0,-27.3,-19.5,9.4,0.369
Dunta Robinson,dunta robinson,no face,0.0,,,,,,,,,,,,
Zac Robinson,zac robinson,no face,0.0,,,,,,,,,,,,
Brian Robiskie,brian robiskie,no face,0.0,,,,,,,,,,,,
Brian Robison,brian robison,ok,0.157,177,133,116,144.2,31,21,17,23.5,-15.9,26.9,53.2,0.157
Bradley Roby,bradley roby,ok,0.212,162,109,86,122.2,59,50,50,53.0,15.8,-25.5,3.5,0.148
Courtney Roby,courtney roby,no face,0.0,,,,,,,,,,,,
Sav Rocca,sav rocca,no face,0.0,,,,,,,,,,,,
Quincy Roche,quincy roche,ok,0.122,191,132,109,147.0,31,30,29,30.2,15.9,123.5,112.2,0.596
Isaac Rochell,isaac rochell,ok,0.261,138,90,64,101.2,19,12,10,13.9,-52.5,41.2,66.4,0.423
Robert Rochell,robert rochell,ok,0.09,121,86,77,95.4,20,20,20,20.0,69.6,49.3,31.1,0.634
Brandon Rodd,brandon rodd,no face,0.0,,,,,,,,,,,,
Aaron Rodgers,aaron rodgers,ok,0.139,219,163,151,178.4,37,32,31,33.1,25.1,67.6,57.6,0.389
Amari Rodgers,amari rodgers,ok,0.143,153,93,53,106.4,12,11,7,10.8,0.8,92.4,96.4,0.569
Cory Rodgers,cory rodgers,no face,0.0,,,,,,,,,,,,
Derrick Rodgers,derrick rodgers,no face,0.0,,,,,,,,,,,,
Isaiah Rodgers,isaiah rodgers,ok,0.147,131,81,56,93.1,12,10,8,10.4,79.5,1.3,39.0,0.341
Jake Rodgers,jake rodgers,ok,0.197,237,196,177,206.1,64,52,42,54.4,2.0,-5.7,33.1,0.094
Jacquizz Rodgers,jacquizz rodgers,ok,0.146,163,90,60,108.4,20,10,8,12.8,21.1,21.2,38.7,0.524
James Rodgers,james rodgers,no face,0.0,,,,,,,,,,,,
Jordan Rodgers,jordan rodgers,no face,0.0,,,,,,,,,,,,
Richard Rodgers,richard rodgers,ok,0.168,187,122,101,139.0,6,6,5,5.9,112.0,3.9,110.5,0.475
Dominique Rodgers-Cromartie,dominique rodgers cromartie,ok,0.129,143,92,66,104.0,19,12,10,13.9,28.4,76.1,92.5,0.171
Chris Rodriguez Jr.,chris rodriguez,ok,0.116,206,148,118,161.9,19,14,16,15.7,150.0,6.0,35.4,0.759
Evan Rodriguez,evan rodriguez,no face,0.0,,,,,,,,,,,,
Levi Drake Rodriguez,levi drake rodriguez,ok,0.137,162,97,66,112.9,24,14,12,16.8,26.8,73.3,34.2,0.721
Malcolm Rodriguez,malcolm rodriguez,ok,0.116,163,118,108,130.6,114,110,110,111.3,-49.5,-39.9,-33.0,0.206
Ben Roethlisberger,ben roethlisberger,ok,0.148,253,179,150,197.8,27,17,12,19.4,66.5,167.9,141.9,0.166
Caleb Rogers,caleb rogers,ok,0.105,116,79,69,88.9,18,15,16,16.0,74.3,-20.7,-16.2,1.0
Carlos Rogers,carlos rogers,no face,0.0,,,,,,,,,,,,
Charles Rogers,charles rogers,no face,0.0,,,,,,,,,,,,
Chester Rogers,chester rogers,ok,0.18,131,74,52,88.5,24,18,15,19.5,-6.7,38.4,56.5,0.311
Da'Rick Rogers,darick rogers,no face,0.0,,,,,,,,,,,,
Eli Rogers,eli rogers,ok,0.165,147,83,50,98.4,24,24,23,23.9,74.6,-0.7,-6.6,0.928
Jacob Rogers,jacob rogers,no face,0.0,,,,,,,,,,,,
Justin Rogers,justin rogers,no face,0.0,,,,,,,,,,,,
Nick Rogers,nick rogers,no face,0.0,,,,,,,,,,,,
Roderick Rogers,roderick rogers,no face,0.0,,,,,,,,,,,,
Sam Rogers,sam rogers,no face,0.0,,,,,,,,,,,,
Shaun Rogers,shaun rogers,no face,0.0,,,,,,,,,,,,
Tyrone Rogers,tyrone rogers,no face,0.0,,,,,,,,,,,,
Victor Rogers,victor rogers,no face,0.0,,,,,,,,,,,,
Justin Rohrwasser,justin rohrwasser,ok,0.156,192,136,122,151.4,62,52,49,54.6,-33.6,72.8,68.6,0.142
Dennis Roland,dennis roland,no face,0.0,,,,,,,,,,,,
Antrel Rolle,antrel rolle,no face,0.0,,,,,,,,,,,,
Brian Rolle,brian rolle,no face,0.0,,,,,,,,,,,,
Jumal Rolle,jumal rolle,no face,0.0,,,,,,,,,,,,
Myron Rolle,myron rolle,no face,0.0,,,,,,,,,,,,
Samari Rolle,samari rolle,no face,0.0,,,,,,,,,,,,
Quinten Rollins,quinten rollins,ok,0.123,189,114,82,132.5,13,9,6,9.9,119.5,124.8,123.1,1.0
Mark Roman,mark roman,no face,0.0,,,,,,,,,,,,
Brett Romberg,brett romberg,no face,0.0,,,,,,,,,,,,
Dario Romero,dario romero,no face,0.0,,,,,,,,,,,,
Greg Romeus,greg romeus,no face,0.0,,,,,,,,,,,,
Tony Romo,tony romo,no face,0.0,,,,,,,,,,,,
Tavon Rooks,tavon rooks,no face,0.0,,,,,,,,,,,,
Jordan Roos,jordan roos,ok,0.138,226,170,152,184.7,42,33,28,35.1,130.2,161.2,161.2,0.053
Michael Roos,michael roos,no face,0.0,,,,,,,,,,,,
Naaman Roosevelt,naaman roosevelt,no face,0.0,,,,,,,,,,,,
Dante Rosario,dante rosario,no face,0.0,,,,,,,,,,,,
Nelson Rosario,nelson rosario,no face,0.0,,,,,,,,,,,,
Aldrick Rosas,aldrick rosas,ok,0.186,237,161,130,180.1,20,10,4,12.3,95.2,-2.6,31.2,0.517
Nick Rose,nick rose,no face,0.0,,,,,,,,,,,,
Josh Rosen,josh rosen,ok,0.171,189,131,106,145.5,15,12,6,12.2,-1.1,-9.7,22.2,0.493
Sage Rosenfels,sage rosenfels,no face,0.0,,,,,,,,,,,,
Roger Rosengarten,roger rosengarten,ok,0.131,211,144,131,162.6,16,12,11,13.1,137.8,8.5,86.8,0.837
Mike Rosenthal,mike rosenthal,no face,0.0,,,,,,,,,,,,
Aaron Ross,aaron ross,no face,0.0,,,,,,,,,,,,
Adrian Ross,adrian ross,no face,0.0,,,,,,,,,,,,
Brandian Ross,brandian ross,no face,0.0,,,,,,,,,,,,
Cory Ross,cory ross,no face,0.0,,,,,,,,,,,,
Daniel Ross,daniel ross,ok,0.103,112,67,43,77.7,38,35,29,35.2,69.4,-29.4,16.0,1.0
Derek Ross,derek ross,no face,0.0,,,,,,,,,,,,
Jay Ross,jay ross,no face,0.0,,,,,,,,,,,,
Jeremy Ross,jeremy ross,no face,0.0,,,,,,,,,,,,
John Ross,john ross,ok,0.093,135,95,84,105.7,26,26,28,26.2,11.7,57.0,32.2,0.685
Micah Ross,micah ross,no face,0.0,,,,,,,,,,,,
Oliver Ross,oliver ross,no face,0.0,,,,,,,,,,,,
Rashad Ross,rashad ross,ok,0.165,165,106,77,120.0,18,16,15,16.5,22.4,30.3,87.9,0.743
Allen Rossum,allen rossum,no face,0.0,,,,,,,,,,,,
Matt Roth,matt roth,no face,0.0,,,,,,,,,,,,
Bunmi Rotimi,bunmi rotimi,ok,0.172,124,93,80,100.8,27,20,16,21.6,66.6,25.4,46.4,0.47
Tom Rouen,tom rouen,no face,0.0,,,,,,,,,,,,
Chase Roullier,chase roullier,ok,0.175,194,138,116,152.2,12,4,3,6.3,4.0,48.9,39.9,0.48
Larry Rountree III,larry rountree,ok,0.113,172,110,86,125.7,23,20,22,21.1,60.0,44.9,48.0,1.0
Kurtis Rourke,kurtis rourke,ok,0.152,195,125,99,143.0,22,15,13,16.9,-18.3,14.1,10.9,0.449
Aaron Rouse,aaron rouse,no face,0.0,,,,,,,,,,,,
Walter Rouse,walter rouse,ok,0.141,184,119,85,134.4,28,25,20,25.2,35.0,3.5,59.2,0.256
Stanford Routt,stanford routt,no face,0.0,,,,,,,,,,,,
Jeff Rowe,jeff rowe,no face,0.0,,,,,,,,,,,,
Eric Rowe,eric rowe,ok,0.093,213,150,125,166.0,42,40,46,41.4,66.3,27.7,32.8,1.0
Bravvion Roy,bravvion roy,ok,0.129,186,124,91,138.8,22,20,20,20.6,39.9,40.9,107.7,0.46
Jaquelin Roy,jaquelin roy,ok,0.111,183,132,104,144.1,27,24,25,25.0,116.9,35.2,85.8,0.942
Robert Royal,robert royal,no face,0.0,,,,,,,,,,,,
Eddie Royal,eddie royal,no face,0.0,,,,,,,,,,,,
Jalen Royals,jalen royals,ok,0.084,158,89,70,107.6,22,20,20,20.6,30.7,91.1,64.2,0.604
Orpheus Roye,orpheus roye,no face,0.0,,,,,,,,,,,,
Evan Royster,evan royster,no face,0.0,,,,,,,,,,,,
Christian Rozeboom,christian rozeboom,ok,0.107,228,164,142,180.3,23,22,22,22.3,-35.7,-39.3,-14.0,1.0
Ahtyba Rubin,ahtyba rubin,ok,0.139,109,66,57,77.8,66,48,46,53.2,6.5,63.8,59.7,0.034
Chris Rucker,chris rucker,no face,0.0,,,,,,,,,,,,
Frostee Rucker,frostee rucker,ok,0.125,112,67,58,79.4,44,41,43,42.1,30.0,66.4,50.0,0.391
Martin Rucker,martin rucker,no face,0.0,,,,,,,,,,,,
Mike Rucker,mike rucker,no face,0.0,,,,,,,,,,,,
Jeremy Ruckert,jeremy ruckert,ok,0.148,199,156,136,166.5,21,16,12,17.0,72.0,9.1,101.2,0.447
Dwayne Rudd,dwayne rudd,no face,0.0,,,,,,,,,,,,
Jake Rudock,jake rudock,ok,0.194,190,148,128,158.3,116,86,66,92.6,-14.1,-11.3,-16.8,0.096
Mason Rudolph,mason rudolph,ok,0.14,251,179,173,199.8,35,32,32,32.9,52.7,19.5,34.3,0.959
Kyle Rudolph,kyle rudolph,ok,0.167,196,149,138,161.8,52,33,27,38.0,-9.7,7.5,46.5,0.192
Travis Rudolph,travis rudolph,ok,0.191,211,137,102,155.1,14,9,6,10.2,31.4,83.9,94.3,0.44
Grey Ruegamer,grey ruegamer,no face,0.0,,,,,,,,,,,,
Orlando Ruff,orlando ruff,no face,0.0,,,,,,,,,,,,
Henry Ruggs III,henry ruggs,ok,0.125,131,77,53,90.4,17,16,16,16.3,27.9,51.5,48.7,0.363
Cesar Ruiz,cesar ruiz,ok,0.128,130,81,65,93.8,20,19,22,19.6,75.5,23.6,28.1,0.383
Chris Rumph II,chris rumph,ok,0.132,103,72,63,80.2,11,10,12,10.5,4.0,-24.0,-0.8,1.0
Mike Rumph,mike rumph,no face,0.0,,,,,,,,,,,,
J.D. Runnels,jd runnels,no face,0.0,,,,,,,,,,,,
Jon Runyan,jon runyan,no face,0.0,,,,,,,,,,,,
Anthony Rush,anthony rush,ok,0.146,158,113,101,125.1,22,21,23,21.5,124.1,59.5,72.8,0.241
Cooper Rush,cooper rush,ok,0.142,140,108,98,116.1,71,59,52,61.8,3.0,39.6,74.9,0.03
Darius Rush,darius rush,ok,0.127,154,105,93,118.3,25,23,24,23.7,92.3,44.1,64.3,0.443
Marcus Rush,marcus rush,ok,0.194,215,144,128,163.3,116,79,59,87.8,51.9,96.8,97.9,0.033
T.J. Rushing,tj rushing,no face,0.0,,,,,,,,,,,,
Alonzo Russell,alonzo russell,ok,0.181,213,140,105,157.8,31,26,28,27.7,129.8,26.8,44.4,0.526
Anderson Russell,anderson russell,no face,0.0,,,,,,,,,,,,
Brian Russell,brian russell,no face,0.0,,,,,,,,,,,,
Chapelle Russell,chapelle russell,ok,0.12,186,135,106,146.9,38,38,38,38.0,80.1,87.2,76.9,0.606
Cliff Russell,cliff russell,no face,0.0,,,,,,,,,,,,
Dontavius Russell,dontavius russell,ok,0.15,176,103,72,121.2,23,19,17,20.0,110.6,28.4,49.4,0.514
Gary Russell,gary russell,no face,0.0,,,,,,,,,,,,
JaMarcus Russell,jamarcus russell,no face,0.0,,,,,,,,,,,,
J.R. Russell,russell,no face,0.0,,,,,,,,,,,,
KeiVarae Russell,keivarae russell,ok,0.217,222,158,120,172.8,38,31,25,32.4,11.6,112.1,74.4,0.083
Ryan Russell,ryan russell,no face,0.0,,,,,,,,,,,,
Rod Rutherford,rod rutherford,no face,0.0,,,,,,,,,,,,
Kevin Rutland,kevin rutland,no face,0.0,,,,,,,,,,,,
Barrett Ruud,barrett ruud,no face,0.0,,,,,,,,,,,,
Bo Ruud,bo ruud,no face,0.0,,,,,,,,,,,,
Clifton Ryan,clifton ryan,no face,0.0,,,,,,,,,,,,
Jake Ryan,jake ryan,ok,0.181,224,175,153,187.1,158,128,108,134.7,-13.0,30.5,44.2,0.065
Jon Ryan,jon ryan,no face,0.0,,,,,,,,,,,,
Logan Ryan,logan ryan,ok,0.127,157,82,48,100.8,59,43,37,47.1,-32.1,0.4,-35.2,0.084
Matt Ryan,matt ryan,ok,0.213,230,186,169,196.9,47,37,31,39.3,10.0,38.6,24.7,0.207
Sean Ryan,sean ryan,no face,0.0,,,,,,,,,,,,
Titus Ryan,titus ryan,no face,0.0,,,,,,,,,,,,
DeMeco Ryans,demeco ryans,no face,0.0,,,,,,,,,,,,
Chad Ryland,chad ryland,ok,0.178,192,144,136,157.4,116,86,60,92.0,-42.6,72.9,-0.1,0.033
Brett Rypien,brett rypien,ok,0.163,175,124,97,136.2,60,45,35,48.5,-19.3,68.8,28.6,0.029
Jimmy Saddler-McQueen,jimmy saddler mcqueen,no face,0.0,,,,,,,,,,,,
Rodger Saffold,rodger saffold,ok,0.124,180,111,84,128.6,16,15,13,15.1,110.0,-4.5,26.4,0.552
Mike Sainristil,mike sainristil,ok,0.139,148,107,97,118.1,18,18,20,18.2,70.9,20.7,41.0,0.983
Blaine Saipaia,blaine saipaia,no face,0.0,,,,,,,,,,,,
Ephraim Salaam,ephraim salaam,no face,0.0,,,,,,,,,,,,
Greg Salas,greg salas,no face,0.0,,,,,,,,,,,,
Joe Salave'a,joe salavea,no face,0.0,,,,,,,,,,,,
Nick Saldiveri,nick saldiveri,ok,0.138,207,151,145,167.1,27,21,20,22.7,45.3,-2.4,47.8,0.447
Nate Salley,nate salley,no face,0.0,,,,,,,,,,,,
Jamaree Salyer,jamaree salyer,ok,0.089,190,113,84,132.7,26,20,19,21.7,114.2,122.4,120.4,0.433
Christian Sam,christian sam,ok,0.139,135,86,64,98.1,22,21,19,21.1,59.3,11.0,19.5,0.98
Michael Sam,michael sam,no face,0.0,,,,,,,,,,,,
P.K. Sam,pk sam,no face,0.0,,,,,,,,,,,,
Nick Samac,nick samac,ok,0.147,208,148,130,163.9,66,51,41,54.3,47.8,88.4,72.6,0.037
Ty Sambrailo,ty sambrailo,ok,0.204,208,162,141,173.4,29,20,15,22.1,3.9,-30.7,22.6,0.2
Dru Samia,dru samia,ok,0.134,196,127,110,145.7,1,14,13,10.0,125.4,55.9,101.5,0.576
Cameron Sample,cameron sample,ok,0.096,158,101,73,115.0,21,23,22,22.3,92.2,-15.1,52.6,0.988
Drew Sample,drew sample,ok,0.147,229,161,147,179.7,64,51,47,54.4,-23.9,86.1,42.4,0.037
James Sample,james sample,no face,0.0,,,,,,,,,,,,
DeMarco Sampson,demarco sampson,no face,0.0,,,,,,,,,,,,
Dylan Sampson,dylan sampson,ok,0.152,130,82,54,93.0,8,7,8,7.4,-22.9,-74.8,-12.4,1.0
Kevin Sampson,kevin sampson,no face,0.0,,,,,,,,,,,,
B.J. Sams,bj sams,no face,0.0,,,,,,,,,,,,
Josh Samuda,josh samuda,no face,0.0,,,,,,,,,,,,
Asante Samuel,asante samuel,ok,0.332,210,138,96,154.6,60,44,42,48.9,64.4,17.1,40.4,0.04
Curtis Samuel,curtis samuel,ok,0.114,147,73,52,92.8,27,22,21,23.4,-7.9,73.2,66.5,0.239
Deebo Samuel Sr.,deebo samuel,ok,0.142,172,112,96,128.4,19,18,19,18.4,113.3,37.8,44.8,0.499
Chris Samuels,chris samuels,no face,0.0,,,,,,,,,,,,
Jaylen Samuels,jaylen samuels,ok,0.098,203,138,97,152.8,22,27,24,25.2,112.6,111.6,108.9,1.0
Garrison Sanborn,garrison sanborn,ok,0.162,160,113,94,124.8,116,89,76,95.6,15.6,70.2,86.7,0.07
Mark Sanchez,mark sanchez,no face,0.0,,,,,,,,,,,,
Rigoberto Sanchez,rigoberto sanchez,ok,0.144,238,181,161,195.8,17,15,19,16.1,38.7,33.4,53.0,0.665
Zack Sanchez,zack sanchez,no face,0.0,,,,,,,,,,,,
B.J. Sander,bj sander,no face,0.0,,,,,,,,,,,,
Darnell Sanders,darnell sanders,no face,0.0,,,,,,,,,,,,
Deion Sanders,deion sanders,ok,0.022,208,194,186,197.3,85,99,123,97.5,,,,0.217
Bob Sanders,bob sanders,no face,0.0,,,,,,,,,,,,
Drew Sanders,drew sanders,ok,0.189,254,189,173,206.6,40,30,18,31.4,51.5,20.1,3.8,0.155
Emmanuel Sanders,emmanuel sanders,ok,0.1,121,60,43,76.3,23,22,21,22.2,16.4,-149.9,-7.7,0.893
Ja'Tavion Sanders,jatavion sanders,ok,0.106,193,123,102,141.5,11,11,11,11.0,43.6,15.1,54.5,0.526
James Sanders,james sanders,no face,0.0,,,,,,,,,,,,
Jason Sanders,jason sanders,ok,0.127,179,150,138,157.3,26,20,16,21.3,40.7,115.5,97.7,0.338
Lewis Sanders,lewis sanders,no face,0.0,,,,,,,,,,,,
Miles Sanders,miles sanders,ok,0.124,182,122,97,137.1,35,32,31,32.8,50.0,100.0,104.8,0.206
Myjai Sanders,myjai sanders,ok,0.122,135,102,99,111.5,64,56,48,57.5,63.7,61.5,74.8,0.242
Shedeur Sanders,shedeur sanders,ok,0.151,127,80,51,90.5,11,10,9,10.2,-17.4,-43.0,2.3,1.0
T.J. Sanders,tj sanders,ok,0.119,177,109,90,127.2,23,22,22,22.3,110.9,35.5,111.6,0.459
Ace Sanders,ace sanders,no face,0.0,,,,,,,,,,,,
Zebrie Sanders,zebrie sanders,no face,0.0,,,,,,,,,,,,
Beau Sandland,beau sandland,no face,0.0,,,,,,,,,,,,
Robert Sands,robert sands,no face,0.0,,,,,,,,,,,,
Terdell Sands,terdell sands,no face,0.0,,,,,,,,,,,,
Justin Sandy,justin sandy,no face,0.0,,,,,,,,,,,,
Brian Sanford,brian sanford,no face,0.0,,,,,,,,,,,,
Jamarca Sanford,jamarca sanford,no face,0.0,,,,,,,,,,,,
Jonas Sanker,jonas sanker,ok,0.139,212,152,118,166.0,65,63,67,64.1,88.0,77.1,58.2,0.258
Bishop Sankey,bishop sankey,no face,0.0,,,,,,,,,,,,
Darnell Sankey,darnell sankey,ok,0.173,223,153,115,169.6,15,14,13,14.2,85.3,123.9,76.2,0.604
Tom Santi,tom santi,no face,0.0,,,,,,,,,,,,
O.J. Santiago,oj santiago,no face,0.0,,,,,,,,,,,,
Cairo Santos,cairo santos,ok,0.157,207,144,124,160.6,22,14,11,16.1,-3.1,59.5,77.0,0.3
Ryan Santoso,ryan santoso,ok,0.152,227,184,160,194.2,23,19,16,19.9,26.2,155.2,133.4,0.765
Dan Santucci,dan santucci,no face,0.0,,,,,,,,,,,,
Mohamed Sanu,mohamed sanu,ok,0.137,122,83,71,93.3,32,29,26,29.6,-13.4,72.8,69.3,0.1
Dane Sanzenbacher,dane sanzenbacher,no face,0.0,,,,,,,,,,,,
Benny Sapp,benny sapp,no face,0.0,,,,,,,,,,,,
Cecil Sapp,cecil sapp,no face,0.0,,,,,,,,,,,,
Gerome Sapp,gerome sapp,no face,0.0,,,,,,,,,,,,
Ricky Sapp,ricky sapp,no face,0.0,,,,,,,,,,,,
Warren Sapp,warren sapp,no face,0.072,,,,,,,,,,,,
Mekhi Sargent,mekhi sargent,ok,0.146,171,119,88,131.0,30,25,23,26.3,118.2,75.0,73.7,0.635
Tyler Sash,tyler sash,no face,0.0,,,,,,,,,,,,
Samson Satele,samson satele,no face,0.0,,,,,,,,,,,,
Jeff Saturday,jeff saturday,no face,0.0,,,,,,,,,,,,
Eric Saubert,eric saubert,ok,0.166,237,174,157,190.9,27,21,16,22.3,111.9,-2.5,-2.1,0.347
Todd Sauerbrun,todd sauerbrun,no face,0.0,,,,,,,,,,,,
Quentin Saulsberry,quentin saulsberry,no face,0.0,,,,,,,,,,,,
C.J. Saunders,cj saunders,ok,0.155,234,185,164,197.3,87,53,41,61.8,79.5,146.7,100.2,0.028
Jalen Saunders,jalen saunders,no face,0.0,,,,,,,,,,,,
Khalen Saunders,khalen saunders,ok,0.071,136,91,82,103.4,21,18,19,19.0,-3.1,80.1,82.5,0.101
Weslye Saunders,weslye saunders,no face,0.0,,,,,,,,,,,,
Cory Sauter,cory sauter,no face,0.0,,,,,,,,,,,,
Darnell Savage,darnell savage,ok,0.106,163,109,83,122.2,19,16,19,17.2,31.7,107.7,69.8,0.506
Josh Savage,josh savage,no face,0.0,,,,,,,,,,,,
Tom Savage,tom savage,ok,0.139,194,151,124,160.8,35,29,25,30.3,6.1,64.3,87.9,0.274
Jonah Savaiinaea,jonah savaiinaea,ok,0.139,215,134,102,154.3,12,9,7,9.7,112.2,11.0,28.0,1.0
Jack Sawyer,jack sawyer,ok,0.042,190,129,129,147.2,14,13,11,13.1,0.2,-42.0,-36.8,0.393
Wes Saxton,wes saxton,no face,0.0,,,,,,,,,,,,
Fabrizio Scaccia,fabrizio scaccia,no face,0.0,,,,,,,,,,,,
Damik Scafe,damik scafe,no face,0.0,,,,,,,,,,,,
Bo Scaife,bo scaife,no face,0.0,,,,,,,,,,,,
Patrick Scales,patrick scales,ok,0.166,202,161,146,171.5,45,31,24,34.4,25.4,105.1,110.7,0.131
Tegray Scales,tegray scales,ok,0.167,169,105,75,120.7,31,29,26,29.3,18.6,92.6,65.4,0.411
Orlando Scandrick,orlando scandrick,ok,0.206,180,91,49,112.8,60,37,25,42.5,60.7,20.0,34.1,0.019
Rich Scanlon,rich scanlon,no face,0.0,,,,,,,,,,,,
Bo Scarbrough,bo scarbrough,ok,0.14,123,78,61,89.5,30,24,22,25.6,66.2,24.0,11.9,0.365
Brennan Scarlett,brennan scarlett,ok,0.173,189,120,95,137.8,27,19,18,21.3,-13.7,2.3,58.8,0.263
Jordan Scarlett,jordan scarlett,ok,0.121,133,93,73,102.7,18,18,16,17.8,21.1,34.0,17.8,0.432
Brian Schaefering,brian schaefering,no face,0.0,,,,,,,,,,,,
J.K. Schaffer,jk schaffer,no face,0.0,,,,,,,,,,,,
Max Scharping,max scharping,ok,0.137,238,176,168,193.6,93,65,57,72.5,31.1,132.1,117.0,0.023
Matt Schaub,matt schaub,ok,0.175,221,154,120,170.2,61,40,28,44.9,12.0,49.7,105.5,0.072
Tony Scheffler,tony scheffler,no face,0.0,,,,,,,,,,,,
Brandon Scherff,brandon scherff,ok,0.157,228,185,162,195.2,69,51,39,55.0,41.8,164.4,138.6,0.009
Jake Schifino,jake schifino,no face,0.0,,,,,,,,,,,,
Chaz Schilens,chaz schilens,no face,0.0,,,,,,,,,,,,
Pat Schiller,pat schiller,no face,0.0,,,,,,,,,,,,
Stephen Schilling,stephen schilling,no face,0.0,,,,,,,,,,,,
Shann Schillinger,shann schillinger,no face,0.0,,,,,,,,,,,,
Caleb Schlauderaff,caleb schlauderaff,no face,0.0,,,,,,,,,,,,
Anthony Schlegel,anthony schlegel,no face,0.0,,,,,,,,,,,,
Cory Schlesinger,cory schlesinger,no face,0.0,,,,,,,,,,,,
Austin Schlottmann,austin schlottmann,ok,0.139,160,113,96,125.2,66,51,39,54.3,54.7,105.4,87.9,0.03
Blake Schlueter,blake schlueter,no face,0.0,,,,,,,,,,,,
Colton Schmidt,colton schmidt,ok,0.186,203,135,120,153.6,139,108,81,114.2,-19.6,28.1,50.2,0.012
Owen Schmitt,owen schmitt,no face,0.0,,,,,,,,,,,,
Tyler Schmitt,tyler schmitt,no face,0.0,,,,,,,,,,,,
John Michael Schmitz,john michael schmitz,ok,0.165,221,150,129,168.8,87,64,54,69.7,-14.4,26.5,33.2,0.007
Mike Schneck,mike schneck,no face,0.0,,,,,,,,,,,,
Aaron Schobel,aaron schobel,no face,0.0,,,,,,,,,,,,
Matt Schobel,matt schobel,no face,0.0,,,,,,,,,,,,
Bo Schobel,bo schobel,no face,0.0,,,,,,,,,,,,
Joe Schobert,joe schobert,ok,0.163,164,126,107,135.5,84,65,50,68.8,-32.9,-24.6,-3.4,0.098
O'Brien Schofield,obrien schofield,no face,0.0,,,,,,,,,,,,
Michael Schofield,michael schofield,ok,0.202,199,148,122,160.3,42,30,19,32.3,-15.7,48.2,35.1,0.083
Luke Schoonmaker,luke schoonmaker,ok,0.183,162,127,115,135.9,77,66,58,68.4,-12.5,60.8,68.9,0.13
Derek Schouman,derek schouman,no face,0.0,,,,,,,,,,,,
Ryan Schraeder,ryan schraeder,ok,0.219,206,147,109,160.3,123,85,54,92.9,18.2,42.7,35.7,0.061
Mason Schreck,mason schreck,ok,0.164,193,124,98,141.7,86,60,47,66.3,-22.1,7.7,13.2,0.04
Bill Schroeder,bill schroeder,no face,0.0,,,,,,,,,,,,
Roy Schuening,roy schuening,no face,0.0,,,,,,,,,,,,
Lance Schulters,lance schulters,no face,0.0,,,,,,,,,,,,
Dalton Schultz,dalton schultz,ok,0.173,224,151,134,170.9,26,20,17,21.5,53.6,11.6,130.8,0.468
Anthony Schwartz,anthony schwartz,ok,0.121,205,153,131,166.0,15,11,13,12.4,133.0,48.6,37.5,1.0
Geoff Schwartz,geoff schwartz,no face,0.0,,,,,,,,,,,,
Mitchell Schwartz,mitchell schwartz,ok,0.114,198,140,120,155.1,88,70,57,74.2,15.3,78.7,63.0,0.0
Stuart Schweigert,stuart schweigert,no face,0.0,,,,,,,,,,,,
Wes Schweitzer,wes schweitzer,ok,0.15,156,107,90,119.7,93,69,54,74.5,44.3,98.1,85.6,0.008
Brian Schwenke,brian schwenke,ok,0.132,224,164,135,178.6,30,16,9,19.4,8.0,125.6,124.6,0.171
Carson Schwesinger,carson schwesinger,ok,0.226,219,164,142,177.9,132,114,95,117.2,33.5,-4.8,-0.3,0.039
Mike Scifres,mike scifres,no face,0.0,,,,,,,,,,,,
Brad Scioli,brad scioli,no face,0.0,,,,,,,,,,,,
Steve Sciullo,steve sciullo,no face,0.0,,,,,,,,,,,,
Josh Scobee,josh scobee,no face,0.0,,,,,,,,,,,,
Josh Scobey,josh scobey,no face,0.0,,,,,,,,,,,,
Bernard Scott,bernard scott,no face,0.0,,,,,,,,,,,,
Artavis Scott,artavis scott,ok,0.162,181,121,95,136.0,49,42,40,43.9,7.1,101.9,76.6,0.222
Bart Scott,bart scott,no face,0.0,,,,,,,,,,,,
Boston Scott,boston scott,ok,0.101,158,111,85,122.1,26,24,25,24.9,62.8,99.1,99.3,0.253
Bryan Scott,bryan scott,no face,0.0,,,,,,,,,,,,
Rashawn Scott,rashawn scott,ok,0.178,174,126,101,137.8,20,17,17,17.9,120.3,58.8,55.3,0.542
Chad Scott,chad scott,no face,0.0,,,,,,,,,,,,
Charles Scott,charles scott,no face,0.0,,,,,,,,,,,,
Chris Scott,chris scott,ok,0.254,125,80,50,90.0,40,31,22,32.5,-53.4,-23.6,71.9,0.037
Da'Rel Scott,darel scott,no face,0.0,,,,,,,,,,,,
Daniel Scott,daniel scott,ok,0.143,224,170,146,183.4,17,16,15,16.2,165.2,-3.7,27.4,1.0
Darell Scott,darell scott,no face,0.0,,,,,,,,,,,,
Darrion Scott,darrion scott,no face,0.0,,,,,,,,,,,,
DeQuincy Scott,dequincy scott,no face,0.0,,,,,,,,,,,,
Delontae Scott,delontae scott,ok,0.127,151,84,54,100.6,30,26,23,26.9,-39.4,25.6,55.7,0.971
Eric Scott Jr.,eric scott,ok,0.116,163,118,89,128.1,31,31,27,30.5,102.3,-75.0,52.8,0.403
Garrett Scott,garrett scott,no face,0.0,,,,,,,,,,,,
Greg Scott,greg scott,no face,0.0,,,,,,,,,,,,
Jake Scott,jake scott,no face,0.0,,,,,,,,,,,,
Jaleel Scott,jaleel scott,ok,0.201,158,99,74,113.8,56,46,43,48.6,-1.9,70.6,46.6,0.137
J.K. Scott,jk scott,ok,0.177,196,152,140,163.8,181,170,166,172.8,-10.2,-24.9,-17.1,0.022
Jonathan Scott,jonathan scott,no face,0.0,,,,,,,,,,,,
Ian Scott,ian scott,no face,0.0,,,,,,,,,,,,
Josiah Scott,josiah scott,ok,0.136,204,151,121,163.4,22,20,20,20.6,135.8,64.0,80.2,0.504
Lynn Scott,lynn scott,no face,0.0,,,,,,,,,,,,
Matt Scott,matt scott,no face,0.0,,,,,,,,,,,,
Nick Scott,nick scott,ok,0.093,138,89,69,101.4,30,29,27,29.1,57.9,33.2,41.0,0.226
Trevor Scott,trevor scott,no face,0.0,,,,,,,,,,,,
Tyler Scott,tyler scott,ok,0.146,156,106,83,118.3,14,13,12,13.2,107.1,9.1,22.3,0.832
Vernon Scott,vernon scott,ok,0.189,163,112,82,123.8,20,11,7,13.2,42.2,108.9,93.8,0.201
Nic Scourton,nic scourton,ok,0.113,119,82,72,91.9,28,24,21,24.9,8.9,50.3,32.1,0.179
Juice Scruggs,juice scruggs,ok,0.079,176,121,94,134.3,190,183,194,186.3,105.0,-36.0,2.1,0.886
Greg Scruggs,greg scruggs,no face,0.0,,,,,,,,,,,,
Ricky Seals-Jones,ricky seals jones,ok,0.173,214,144,109,160.9,30,27,24,27.6,118.1,120.6,124.3,0.401
Sammy Seamster,sammy seamster,ok,0.229,165,102,65,116.6,22,16,6,16.7,49.7,4.6,29.0,0.591
Da'Norris Searcy,danorris searcy,ok,0.127,131,80,66,93.4,18,16,17,16.7,58.0,78.7,77.0,0.742
Arron Sears,arron sears,no face,0.0,,,,,,,,,,,,
Corey Sears,corey sears,no face,0.0,,,,,,,,,,,,
Lache Seastrunk,lache seastrunk,no face,0.0,,,,,,,,,,,,
Brad Seaton,brad seaton,ok,0.166,219,168,147,180.9,127,96,86,104.1,8.6,69.8,76.9,0.055
Junior Seau,junior seau,ok,0.058,122,106,48,104.3,45,53,94,55.3,,,,0.266
Austin Seferian-Jenkins,austin seferian jenkins,ok,0.189,187,110,77,129.3,23,17,16,18.7,60.4,44.5,73.0,0.655
Austin Seibert,austin seibert,ok,0.14,160,130,123,138.6,61,50,47,52.9,17.1,57.3,36.6,0.057
Mike Seidman,mike seidman,no face,0.0,,,,,,,,,,,,
Richard Seigler,richard seigler,no face,0.0,,,,,,,,,,,,
Mike Sellers,mike sellers,no face,0.0,,,,,,,,,,,,
George Selvie,george selvie,no face,0.0,,,,,,,,,,,,
Deadrin Senat,deadrin senat,ok,0.087,115,83,73,91.4,22,20,21,20.7,75.0,75.0,75.2,0.344
Greg Senat,greg senat,ok,0.133,90,59,45,66.5,22,22,20,21.8,38.7,40.2,45.8,0.423
Andrew Sendejo,andrew sendejo,ok,0.195,214,144,117,162.1,149,130,124,135.3,113.5,19.6,-6.3,0.044
Lyle Sendlein,lyle sendlein,no face,0.0,,,,,,,,,,,,
Justin Senior,justin senior,no face,0.0,,,,,,,,,,,,
Jordan Senn,jordan senn,no face,0.0,,,,,,,,,,,,
Coty Sensabaugh,coty sensabaugh,ok,0.166,171,116,91,129.6,16,23,24,21.0,84.3,45.1,79.9,0.474
Gerald Sensabaugh,gerald sensabaugh,no face,0.0,,,,,,,,,,,,
Daniel Sepulveda,daniel sepulveda,no face,0.0,,,,,,,,,,,,
Trey Sermon,trey sermon,ok,0.152,102,66,44,74.3,26,28,31,27.7,-59.8,,49.6,0.144
Clint Session,clint session,no face,0.0,,,,,,,,,,,,
Chad Setterstrom,chad setterstrom,no face,0.0,,,,,,,,,,,,
Mark Setterstrom,mark setterstrom,no face,0.0,,,,,,,,,,,,
Tim Settle,tim settle,ok,0.134,201,140,116,155.4,19,18,18,18.3,139.3,14.1,92.8,0.574
Rich Seubert,rich seubert,no face,0.0,,,,,,,,,,,,
Isaac Seumalo,isaac seumalo,ok,0.159,231,184,152,194.7,39,32,31,34.0,87.6,37.9,21.4,0.576
Adam Seward,adam seward,no face,0.0,,,,,,,,,,,,
Noah Sewell,noah sewell,ok,0.143,230,182,159,193.7,11,10,10,10.3,165.3,5.2,32.3,1.0
Penei Sewell,penei sewell,ok,0.095,217,155,135,171.3,7,7,7,7.0,148.2,13.0,64.2,0.742
Kevon Seymour,kevon seymour,ok,0.115,133,81,59,94.0,13,12,11,12.2,3.4,76.1,50.0,0.999
Richard Seymour,richard seymour,no face,0.0,,,,,,,,,,,,
Ryan Seymour,ryan seymour,no face,0.0,,,,,,,,,,,,
Al-Hajj Shabazz,al hajj shabazz,no face,0.0,,,,,,,,,,,,
Siddeeq Shabazz,siddeeq shabazz,no face,0.0,,,,,,,,,,,,
Justin Shaffer,justin shaffer,ok,0.083,84,57,52,64.4,67,68,77,68.7,62.7,-1.9,-11.7,0.999
Kevin Shaffer,kevin shaffer,no face,0.0,,,,,,,,,,,,
Adam Shaheen,adam shaheen,ok,0.197,168,124,109,135.4,162,142,136,147.3,-41.9,48.3,21.4,0.109
Khalil Shakir,khalil shakir,ok,0.096,213,151,138,168.1,13,12,14,12.5,132.2,141.9,46.9,1.0
Scott Shanle,scott shanle,no face,0.0,,,,,,,,,,,,
Charles Sharon,charles sharon,no face,0.0,,,,,,,,,,,,
Hunter Sharp,hunter sharp,ok,0.184,191,134,101,147.3,48,39,35,41.1,-18.3,100.6,88.6,0.172
David Sharpe,david sharpe,ok,0.109,107,71,60,80.5,11,10,11,10.4,70.5,62.4,70.5,0.986
Tajae Sharpe,tajae sharpe,ok,0.162,177,110,87,127.4,23,15,15,17.4,34.8,83.8,49.5,0.363
Darren Sharper,darren sharper,no face,0.0,,,,,,,,,,,,
Jamie Sharper,jamie sharper,no face,0.0,,,,,,,,,,,,
Darryl Sharpton,darryl sharpton,no face,0.0,,,,,,,,,,,,
Tyler Shatley,tyler shatley,ok,0.166,242,203,189,213.1,94,76,65,80.1,67.9,131.5,137.3,0.027
Matt Shaughnessy,matt shaughnessy,no face,0.0,,,,,,,,,,,,
Bobby Shaw,bobby shaw,no face,0.0,,,,,,,,,,,,
Connor Shaw,connor shaw,no face,0.0,,,,,,,,,,,,
Jarrod Shaw,jarrod shaw,no face,0.0,,,,,,,,,,,,
Josh Shaw,josh shaw,no face,0.0,,,,,,,,,,,,
Terrance Shaw,terrance shaw,no face,0.0,,,,,,,,,,,,
Tim Shaw,tim shaw,no face,0.0,,,,,,,,,,,,
Ryan Shazier,ryan shazier,ok,0.193,240,172,134,188.0,166,126,104,135.5,15.0,78.0,85.4,0.046
Aaron Shea,aaron shea,no face,0.0,,,,,,,,,,,,
DeShawn Shead,deshawn shead,ok,0.135,181,126,98,139.0,21,21,21,21.0,-3.6,60.1,48.8,0.638
Jabaal Sheard,jabaal sheard,ok,0.224,130,82,61,94.0,47,41,42,42.9,-35.0,-11.9,-11.6,0.277
Kory Sheets,kory sheets,no face,0.0,,,,,,,,,,,,
Cameron Sheffield,cameron sheffield,no face,0.0,,,,,,,,,,,,
Kendall Sheffield,kendall sheffield,ok,0.134,165,115,99,128.1,22,17,19,18.9,89.7,58.4,51.0,0.332
Derrick Shelby,derrick shelby,ok,0.188,212,137,77,152.6,40,29,22,31.5,129.5,54.9,120.8,0.02
Brady Sheldon,brady sheldon,ok,0.186,239,178,164,194.6,57,51,44,52.0,-5.1,31.9,42.3,0.308
Brandon Shell,brandon shell,ok,0.097,165,105,92,121.5,16,16,18,16.2,13.1,103.6,98.5,0.594
Duke Shelley,duke shelley,ok,0.14,141,90,71,103.1,7,6,6,6.3,92.5,3.7,18.4,0.19
Coleman Shelton,coleman shelton,ok,0.149,216,162,145,175.9,11,4,2,5.9,114.2,146.8,150.4,0.465
Daimon Shelton,daimon shelton,no face,0.0,,,,,,,,,,,,
Danny Shelton,danny shelton,ok,0.092,187,123,93,138.7,178,36,36,78.5,-67.4,30.0,-54.9,0.145
Eric Shelton,eric shelton,no face,0.0,,,,,,,,,,,,
L.J. Shelton,lj shelton,no face,0.0,,,,,,,,,,,,
R.J. Shelton,rj shelton,no face,0.0,,,,,,,,,,,,
Tyler Shelvin,tyler shelvin,ok,0.112,111,63,44,75.2,11,9,8,9.5,50.2,69.9,69.8,0.519
Prince Shembo,prince shembo,no face,0.0,,,,,,,,,,,,
Laviska Shenault Jr.,laviska shenault,ok,0.121,185,122,87,136.8,23,22,20,22.1,1.4,36.7,60.3,0.579
Russell Shepard,russell shepard,ok,0.184,219,150,105,165.5,110,74,62,83.5,71.2,139.2,122.3,0.07
Sterling Shepard,sterling shepard,ok,0.12,163,117,88,127.5,29,29,29,29.0,101.9,17.5,7.1,0.593
Austin Shepherd,austin shepherd,no face,0.0,,,,,,,,,,,,
JaCorey Shepherd,jacorey shepherd,no face,0.0,,,,,,,,,,,,
Nathan Shepherd,nathan shepherd,no face,0.103,,,,,,,,,,,,
Dakoda Shepley,dakoda shepley,ok,0.144,170,120,100,132.9,43,37,34,38.5,78.0,101.8,103.4,0.338
Kelvin Sheppard,kelvin sheppard,no face,0.0,,,,,,,,,,,,
Lito Sheppard,lito sheppard,no face,0.0,,,,,,,,,,,,
Malcolm Sheppard,malcolm sheppard,no face,0.0,,,,,,,,,,,,
Marcus Sherels,marcus sherels,ok,0.185,184,127,95,140.4,26,19,17,20.9,121.0,23.4,19.9,0.446
Trent Sherfield,trent sherfield,ok,0.081,138,82,73,97.6,15,15,16,15.1,82.7,49.1,68.2,0.304
Anthony Sherman,anthony sherman,ok,0.137,158,100,80,115.1,87,51,33,59.7,63.3,97.1,101.2,0.009
Richard Sherman,richard sherman,ok,0.099,137,84,64,97.6,28,24,23,25.1,38.1,75.8,82.2,0.525
Derek Sherrod,derek sherrod,no face,0.0,,,,,,,,,,,,
Matt Sherry,matt sherry,no face,0.0,,,,,,,,,,,,
Jamien Sherwood,jamien sherwood,ok,0.107,151,103,89,115.8,31,26,24,27.3,68.9,56.0,32.7,0.249
Visanthe Shiancoe,visanthe shiancoe,no face,0.0,,,,,,,,,,,,
Arman Shields,arman shields,no face,0.0,,,,,,,,,,,,
Sam Shields,sam shields,ok,0.217,175,107,67,122.8,31,29,33,30.1,96.6,2.4,44.8,0.625
Will Shields,will shields,no face,0.061,,,,,,,,,,,,
A.Q. Shipley,aq shipley,ok,0.184,234,153,138,175.7,121,80,66,90.7,112.4,113.7,116.7,0.057
Jordan Shipley,jordan shipley,no face,0.0,,,,,,,,,,,,
Will Shipley,will shipley,ok,0.148,226,160,142,177.7,25,24,24,24.3,-10.2,-24.7,-5.5,0.588
Marcel Shipp,marcel shipp,no face,0.0,,,,,,,,,,,,
Jason Shirley,jason shirley,no face,0.0,,,,,,,,,,,,
Jason Shivers,jason shivers,no face,0.0,,,,,,,,,,,,
Jeff Shoate,jeff shoate,no face,0.0,,,,,,,,,,,,
Jeremy Shockey,jeremy shockey,no face,0.0,,,,,,,,,,,,
D.J. Shockley,dj shockley,no face,0.0,,,,,,,,,,,,
Brandon Short,brandon short,no face,0.0,,,,,,,,,,,,
Jason Short,jason short,no face,0.0,,,,,,,,,,,,
Kawann Short,kawann short,ok,0.136,179,114,95,131.6,21,16,16,17.5,123.4,0.4,44.5,0.2
Justin Shorter,justin shorter,ok,0.141,117,69,54,81.6,23,18,15,19.2,50.6,27.2,43.1,0.393
Cecil Shorts,cecil shorts,no face,0.0,,,,,,,,,,,,
Daikiel Shorts,daikiel shorts,no face,0.0,,,,,,,,,,,,
Tyler Shough,tyler shough,ok,0.174,176,140,124,148.9,112,92,76,96.4,-17.3,16.9,-3.0,0.028
Jameill Showers,jameill showers,ok,0.185,218,137,90,155.9,10,9,8,9.2,139.5,4.0,53.1,0.462
Darrell Shropshire,darrell shropshire,no face,0.0,,,,,,,,,,,,
Mickey Shuler,mickey shuler,no face,0.0,,,,,,,,,,,,
Junior Siavii,junior siavii,no face,0.0,,,,,,,,,,,,
Garrett Sickels,garrett sickels,ok,0.212,213,158,144,172.8,80,64,54,67.6,0.9,47.1,50.1,0.089
Lawrence Sidbury,lawrence sidbury,no face,0.0,,,,,,,,,,,,
Zach Sieler,zach sieler,ok,0.141,194,139,120,153.3,28,18,14,20.5,14.5,108.9,106.3,0.211
Trevor Siemian,trevor siemian,ok,0.182,234,172,148,187.7,14,7,5,8.9,9.2,41.8,30.4,0.422
Marques Sigle,marques sigle,ok,0.123,208,138,107,155.4,11,8,7,8.8,25.8,19.0,45.8,0.468
Amini Silatolu,amini silatolu,ok,0.174,202,133,100,150.0,38,21,19,26.0,99.9,135.9,134.0,0.088
Ian Silberman,ian silberman,ok,0.194,224,151,122,169.6,72,50,44,55.9,118.5,78.2,68.6,0.037
Brandon Siler,brandon siler,no face,0.0,,,,,,,,,,,,
Sealver Siliga,sealver siliga,no face,0.0,,,,,,,,,,,,
David Sills,david sills,ok,0.136,216,150,139,168.5,45,37,36,39.3,-2.8,-10.2,25.3,0.538
Jamie Silva,jamie silva,no face,0.0,,,,,,,,,,,,
Mana Silva,mana silva,no face,0.0,,,,,,,,,,,,
Ricardo Silva,ricardo silva,no face,0.0,,,,,,,,,,,,
Nesta Jade Silvera,nesta jade silvera,ok,0.085,176,120,91,133.4,24,23,21,23.1,94.5,112.5,109.2,0.884
Alex Silvestro,alex silvestro,no face,0.0,,,,,,,,,,,,
Anthony Simmons,anthony simmons,no face,0.0,,,,,,,,,,,,
Brian Simmons,brian simmons,no face,0.0,,,,,,,,,,,,
Kendall Simmons,kendall simmons,no face,0.0,,,,,,,,,,,,
Isaiah Simmons,isaiah simmons,ok,0.121,176,114,91,129.9,38,33,30,34.2,6.7,27.3,44.6,0.355
Jason Simmons,jason simmons,no face,0.0,,,,,,,,,,,,
Jeffery Simmons,jeffery simmons,ok,0.102,204,130,100,148.7,14,10,8,11.0,92.7,141.1,141.1,0.265
Jordan Simmons,jordan simmons,ok,0.099,106,78,56,84.0,20,20,15,19.4,49.5,-94.2,-33.3,0.913
Josh Simmons,josh simmons,ok,0.194,170,100,73,117.9,25,22,15,22.1,98.4,5.0,24.9,0.486
Justin Simmons,justin simmons,ok,0.133,203,139,112,155.1,56,56,57,56.1,5.8,12.4,-3.1,1.0
Lachavious Simmons,lachavious simmons,ok,0.105,43,28,20,31.6,21,20,19,20.2,-34.8,-16.7,16.0,0.204
Chris Simms,chris simms,no face,0.0,,,,,,,,,,,,
Matt Simms,matt simms,no face,0.0,,,,,,,,,,,,
Cody Simon,cody simon,ok,0.142,234,183,157,195.3,10,9,9,9.3,32.3,107.3,55.7,0.615
Corey Simon,corey simon,no face,0.0,,,,,,,,,,,,
Deon Simon,deon simon,ok,0.164,208,112,80,137.1,21,20,18,20.1,121.4,-0.6,42.4,0.458
John Simon,john simon,no face,0.0,,,,,,,,,,,,
Tharold Simon,tharold simon,no face,0.0,,,,,,,,,,,,
Mark Simoneau,mark simoneau,no face,0.0,,,,,,,,,,,,
Maurice Simpkins,maurice simpkins,no face,0.0,,,,,,,,,,,,
Chad Simpson,chad simpson,no face,0.0,,,,,,,,,,,,
Jaylin Simpson,jaylin simpson,ok,0.125,183,124,97,138.3,10,9,8,9.2,91.6,16.3,36.8,1.0
Jerome Simpson,jerome simpson,no face,0.0,,,,,,,,,,,,
John Simpson,john simpson,ok,0.099,127,80,66,92.8,16,14,14,14.6,79.6,20.0,54.1,0.183
Ko Simpson,ko simpson,no face,0.0,,,,,,,,,,,,
Trenton Simpson,trenton simpson,ok,0.108,105,65,50,75.2,7,6,6,6.3,64.0,5.8,12.8,0.452
Barry Sims,barry sims,no face,0.0,,,,,,,,,,,,
Blake Sims,blake sims,no face,0.0,,,,,,,,,,,,
Cam Sims,cam sims,ok,0.117,145,93,74,106.4,29,28,30,28.5,40.3,20.8,40.2,0.703
Charles Sims,charles sims,ok,0.256,58,50,45,51.8,21,12,8,14.2,,,,0.021
David Sims,david sims,no face,0.0,,,,,,,,,,,,
Dion Sims,dion sims,ok,0.15,205,140,112,156.2,18,12,10,13.6,131.4,44.2,46.3,0.487
Ernie Sims,ernie sims,no face,0.0,,,,,,,,,,,,
Eugene Sims,eugene sims,no face,0.0,,,,,,,,,,,,
LeShaun Sims,leshaun sims,ok,0.135,197,139,109,152.9,21,26,25,24.4,126.0,36.7,56.7,0.754
Pat Sims,pat sims,no face,0.0,,,,,,,,,,,,
Rob Sims,rob sims,no face,0.0,,,,,,,,,,,,
Ryan Sims,ryan sims,no face,0.0,,,,,,,,,,,,
Steven Sims,steven sims,ok,0.146,125,81,61,91.9,16,15,14,15.2,71.2,16.0,19.7,0.553
Wes Sims,wes sims,no face,0.0,,,,,,,,,,,,
Mike Sims-Walker,mike sims walker,no face,0.0,,,,,,,,,,,,
Matt Sinclair,matt sinclair,no face,0.0,,,,,,,,,,,,
Devin Singletary,devin singletary,ok,0.101,165,101,81,117.9,28,26,25,26.5,1.9,90.6,80.6,0.455
Alex Singleton,alex singleton,ok,0.154,220,145,137,166.5,13,13,8,12.4,115.9,-19.4,-16.0,0.344
Alshermond Singleton,alshermond singleton,no face,0.0,,,,,,,,,,,,
Ben Sinnott,ben sinnott,ok,0.15,208,142,134,160.8,10,8,6,8.4,97.9,-8.0,30.7,0.598
Clint Sintim,clint sintim,no face,0.0,,,,,,,,,,,,
Arryn Siposs,arryn siposs,ok,0.145,166,123,114,134.8,37,26,25,29.2,-21.0,65.3,6.4,0.119
Bobby Sippio,bobby sippio,no face,0.0,,,,,,,,,,,,
Nico Siragusa,nico siragusa,ok,0.139,178,117,97,133.0,31,25,22,26.5,52.8,117.9,116.6,0.342
Jeremiah Sirles,jeremiah sirles,ok,0.183,238,171,160,189.8,34,24,21,26.6,17.4,145.4,131.2,0.097
Peter Sirmon,peter sirmon,no face,0.0,,,,,,,,,,,,
Josh Sitton,josh sitton,ok,0.125,229,150,128,171.1,16,8,7,10.3,126.8,-32.0,43.4,0.174
Cam Skattebo,cam skattebo,ok,0.111,222,178,159,189.0,41,33,28,34.8,58.8,98.4,156.6,0.151
John Skelton,john skelton,no face,0.0,,,,,,,,,,,,
Deontae Skinner,deontae skinner,no face,0.0,,,,,,,,,,,,
JL Skinner,jl skinner,ok,0.143,141,105,89,113.9,10,11,10,10.6,85.6,15.7,10.6,1.0
Dan Skipper,dan skipper,ok,0.122,242,182,175,199.3,167,123,107,134.3,105.7,167.8,164.8,0.006
Peter Skoronski,peter skoronski,ok,0.162,192,137,111,150.5,104,87,70,90.1,-1.3,71.6,40.2,0.043
Ben Skowronek,ben skowronek,ok,0.174,180,145,134,154.2,118,114,112,115.0,-57.2,-68.2,129.0,0.139
Buster Skrine,buster skrine,ok,0.221,107,66,40,75.3,153,130,115,135.2,-89.0,23.8,29.9,0.001
Justin Skule,justin skule,ok,0.121,220,161,156,178.1,48,43,43,44.5,143.1,-17.4,61.5,0.596
Matt Skura,matt skura,ok,0.158,210,147,128,163.7,23,19,15,19.7,50.5,64.5,32.5,0.67
Dan Skuta,dan skuta,no face,0.0,,,,,,,,,,,,
Chad Slade,chad slade,ok,0.166,200,128,95,145.8,62,52,50,55.1,125.9,-0.8,51.1,0.143
Jackson Slater,jackson slater,ok,0.175,199,139,118,154.5,84,67,52,70.4,74.3,112.8,80.7,0.023
Matthew Slater,matthew slater,ok,0.123,93,54,37,63.7,102,92,86,94.3,-8.5,12.2,24.6,0.026
Rashawn Slater,rashawn slater,ok,0.12,216,151,126,167.5,17,13,15,14.4,98.7,145.4,151.4,0.953
Steve Slaton,steve slaton,no face,0.0,,,,,,,,,,,,
Tedarrell Slaton,tedarrell slaton,ok,0.102,160,98,66,112.6,18,18,16,17.8,-16.2,83.5,74.1,0.613
Chad Slaughter,chad slaughter,no face,0.0,,,,,,,,,,,,
Jamoris Slaughter,jamoris slaughter,no face,0.0,,,,,,,,,,,,
T.J. Slaughter,tj slaughter,no face,0.0,,,,,,,,,,,,
Matt Slauson,matt slauson,ok,0.16,206,141,122,158.3,90,71,60,75.4,71.3,127.1,130.7,0.048
Darius Slay,darius slay,ok,0.11,194,135,107,149.3,18,17,19,17.5,125.2,28.0,39.2,1.0
Chris Slayton,chris slayton,ok,0.095,159,101,82,116.2,15,13,10,13.3,105.1,71.7,71.4,1.0
Darius Slayton,darius slayton,ok,0.115,213,145,113,161.7,36,35,32,35.0,130.4,34.2,84.8,0.411
Sam Sloman,sam sloman,ok,0.168,207,151,125,164.8,47,38,32,40.0,-22.9,17.7,15.0,0.104
Jason Slowey,jason slowey,no face,0.0,,,,,,,,,,,,
Joey Slye,joey slye,ok,0.186,210,141,114,158.6,90,64,47,69.8,58.1,92.9,110.8,0.034
Kiero Small,kiero small,no face,0.0,,,,,,,,,,,,
Wendell Smallwood,wendell smallwood,ok,0.108,179,112,86,129.1,41,38,37,38.8,63.8,107.7,101.5,0.403
Yawin Smallwood,yawin smallwood,no face,0.0,,,,,,,,,,,,
Ian Smart,ian smart,no face,0.0,,,,,,,,,,,,
Tanzel Smart,tanzel smart,ok,0.102,143,102,86,112.4,34,30,31,31.3,77.9,67.8,80.8,0.229
Rod Smart,rod smart,no face,0.0,,,,,,,,,,,,
Brad Smelley,brad smelley,no face,0.0,,,,,,,,,,,,
DeAndre Smelter,deandre smelter,ok,0.176,161,95,67,111.5,39,28,24,30.8,-1.3,105.8,79.4,0.295
Justin Smiley,justin smiley,no face,0.0,,,,,,,,,,,,
Aaron Smith,aaron smith,no face,0.0,,,,,,,,,,,,
Ainias Smith,ainias smith,ok,0.126,151,109,92,119.6,33,32,34,32.5,82.4,28.5,84.9,0.55
Aldon Smith,aldon smith,ok,0.124,173,128,91,137.2,22,22,17,21.4,31.7,36.7,65.9,0.917
Alex Smith,alex smith,ok,0.177,103,71,55,78.7,109,90,81,94.7,-43.4,-53.8,-16.2,0.107
Alfonso Smith,alfonso smith,no face,0.0,,,,,,,,,,,,
Alphonso Smith,alphonso smith,no face,0.0,,,,,,,,,,,,
Keith Smith,keith smith,ok,0.143,220,162,140,176.8,55,54,54,54.3,104.1,116.2,67.3,0.451
Andre Smith,andre smith,ok,0.165,128,75,48,87.8,15,14,12,14.1,72.4,-15.6,32.6,0.708
Anthony Smith,anthony smith,no face,0.0,,,,,,,,,,,,
Antone Smith,antone smith,no face,0.0,,,,,,,,,,,,
Antonio Smith,antonio smith,no face,0.0,,,,,,,,,,,,
Antowain Smith,antowain smith,no face,0.0,,,,,,,,,,,,
Arian Smith,arian smith,ok,0.108,149,94,70,107.7,8,8,7,7.9,93.0,29.6,30.4,0.958
Armond Smith,armond smith,no face,0.0,,,,,,,,,,,,
Eric Smith,eric smith,no face,0.0,,,,,,,,,,,,
Braden Smith,braden smith,ok,0.187,203,138,119,155.3,66,51,39,54.1,50.4,112.5,122.7,0.036
Brad Smith,brad smith,no face,0.0,,,,,,,,,,,,
Brady Smith,brady smith,no face,0.0,,,,,,,,,,,,
Brandon Smith,brandon smith,no face,0.0,,,,,,,,,,,,
Brashard Smith,brashard smith,ok,0.077,81,43,34,53.3,8,9,9,8.7,-159.5,-175.0,-166.0,1.0
Brian Smith,brian smith,no face,0.0,,,,,,,,,,,,
Bryan Smith,bryan smith,no face,0.0,,,,,,,,,,,,
Cameron Smith,cameron smith,ok,0.182,176,124,102,137.0,80,47,23,54.1,-34.9,38.7,24.4,0.009
Cam Smith,cam smith,ok,0.147,118,79,72,89.9,19,16,21,17.5,64.3,-0.4,19.8,0.726
C.J. Smith,cj smith,ok,0.148,167,104,75,119.5,24,19,17,20.3,71.4,40.9,31.8,0.953
Chris Smith,chris smith,no face,0.0,,,,,,,,,,,,
Clifton Smith,clifton smith,no face,0.0,,,,,,,,,,,,
Corey Smith,corey smith,no face,0.0,,,,,,,,,,,,
D'Ante Smith,dante smith,ok,0.087,87,68,64,73.2,29,28,28,28.3,47.7,-30.3,-2.4,0.706
D'Anthony Smith,danthony smith,no face,0.0,,,,,,,,,,,,
D'Joun Smith,djoun smith,no face,0.0,,,,,,,,,,,,
Darrin Smith,darrin smith,no face,0.0,,,,,,,,,,,,
D.J. Smith,dj smith,no face,0.0,,,,,,,,,,,,
Daryl Smith,daryl smith,no face,0.0,,,,,,,,,,,,
De'Veon Smith,deveon smith,no face,0.0,,,,,,,,,,,,
DeVonta Smith,devonta smith,ok,0.129,123,82,65,92.3,35,35,38,35.3,-27.2,-42.8,-34.2,0.993
DeAngelo Smith,deangelo smith,no face,0.0,,,,,,,,,,,,
Derron Smith,derron smith,ok,0.182,231,173,140,186.6,26,23,21,23.7,146.4,16.4,25.4,0.529
Devin Smith,devin smith,no face,0.0,,,,,,,,,,,,
Donovan Smith,donovan smith,ok,0.075,145,95,74,107.5,41,37,39,38.4,74.2,-122.8,71.7,0.222
Dwight Smith,dwight smith,no face,0.0,,,,,,,,,,,,
Emmitt Smith,emmitt smith,no face,0.02,,,,,,,,,,,,
Geno Smith,geno smith,ok,0.132,116,84,72,92.3,28,24,21,24.9,-18.9,67.9,69.9,0.256
Evan Smith,evan smith,ok,0.221,124,83,64,92.9,42,30,25,33.0,13.3,,15.2,0.0
Garrison Smith,garrison smith,ok,0.146,180,96,46,115.4,25,21,17,21.7,88.0,81.3,84.3,0.472
Brent Smith,brent smith,no face,0.0,,,,,,,,,,,,
Harrison Smith,harrison smith,no face,0.0,,,,,,,,,,,,
Hayden Smith,hayden smith,no face,0.0,,,,,,,,,,,,
Trey Smith,trey smith,ok,0.084,152,78,47,96.4,13,13,12,12.9,86.9,-48.3,-0.4,0.793
Hunter Smith,hunter smith,no face,0.0,,,,,,,,,,,,
Irv Smith,irv smith,ok,0.127,206,136,112,154.3,31,31,31,31.0,42.7,52.6,81.8,0.294
Jacquies Smith,jacquies smith,no face,0.0,,,,,,,,,,,,
Jimmy Smith,jimmy smith,ok,0.184,166,108,82,122.4,36,31,27,32.0,28.3,76.1,50.1,0.45
Torrey Smith,torrey smith,ok,0.176,153,91,68,106.9,22,19,17,19.7,26.5,65.9,66.2,0.58
Jared Smith,jared smith,no face,0.0,,,,,,,,,,,,
Jason Smith,jason smith,no face,0.0,,,,,,,,,,,,
Jaylin Smith,jaylin smith,ok,0.144,133,71,49,87.0,13,13,14,13.1,29.5,25.7,29.6,0.569
Jaylon Smith,jaylon smith,ok,0.117,149,90,58,103.9,30,28,23,28.0,-11.5,74.5,73.5,0.478
Jeff Smith,jeff smith,no face,0.0,,,,,,,,,,,,
L.J. Smith,lj smith,no face,0.0,,,,,,,,,,,,
Jonathan Smith,jonathan smith,no face,0.0,,,,,,,,,,,,
Jonnu Smith,jonnu smith,ok,0.141,208,146,124,162.0,26,24,21,24.3,104.7,94.2,80.5,0.403
Jordan Smith,jordan smith,ok,0.139,59,35,23,40.8,30,27,27,27.9,-79.1,-92.4,-28.1,0.42
Lee Smith,lee smith,ok,0.167,238,170,147,187.7,17,10,10,11.7,131.2,148.5,154.8,0.155
Justin Smith,justin smith,no face,0.0,,,,,,,,,,,,
Kaden Smith,kaden smith,ok,0.168,201,136,113,152.8,15,10,8,11.3,39.1,45.5,114.4,0.641
Kelvin Smith,kelvin smith,no face,0.0,,,,,,,,,,,,
Kenny Smith,kenny smith,no face,0.0,,,,,,,,,,,,
Kevin Smith,kevin smith,no face,0.0,,,,,,,,,,,,
Khreem Smith,khreem smith,no face,0.0,,,,,,,,,,,,
Kolby Smith,kolby smith,no face,0.0,,,,,,,,,,,,
Larry Smith,larry smith,no face,0.0,,,,,,,,,,,,
Lawrence Smith,lawrence smith,no face,0.0,,,,,,,,,,,,
Le Kevin Smith,le kevin smith,no face,0.0,,,,,,,,,,,,
Lecitus Smith,lecitus smith,ok,0.076,167,114,84,126.4,25,24,22,24.1,106.6,105.1,100.5,0.776
Maason Smith,maason smith,ok,0.13,144,98,87,110.2,13,11,10,11.5,65.0,62.0,36.8,0.761
Malcolm Smith,malcolm smith,ok,0.147,183,117,89,133.5,29,29,25,28.5,59.4,25.7,41.6,0.487
Marcus Smith,marcus smith,no face,0.0,,,,,,,,,,,,
Marvel Smith,marvel smith,no face,0.0,,,,,,,,,,,,
Maurice Smith,maurice smith,no face,0.0,,,,,,,,,,,,
Mazi Smith,mazi smith,ok,0.053,114,81,72,89.9,25,25,28,25.3,72.6,78.0,73.1,0.959
Michael Smith,michael smith,no face,0.0,,,,,,,,,,,,
Mike Smith,mike smith,no face,0.0,,,,,,,,,,,,
Musa Smith,musa smith,no face,0.0,,,,,,,,,,,,
Nolan Smith,nolan smith,ok,0.147,192,114,85,134.0,28,24,25,25.3,67.0,18.9,34.2,0.735
Onterrio Smith,onterrio smith,no face,0.0,,,,,,,,,,,,
Paul Smith,paul smith,no face,0.0,,,,,,,,,,,,
Preston Smith,preston smith,ok,0.12,166,119,97,130.5,34,30,27,30.9,111.2,53.1,74.1,0.266
Quanterus Smith,quanterus smith,no face,0.0,,,,,,,,,,,,
Raonall Smith,raonall smith,no face,0.0,,,,,,,,,,,,
Reggie Smith,reggie smith,no face,0.0,,,,,,,,,,,,
Richard Smith,richard smith,no face,0.0,,,,,,,,,,,,
Robaire Smith,robaire smith,no face,0.0,,,,,,,,,,,,
Rob Smith,rob smith,no face,0.0,,,,,,,,,,,,
Rod Smith,rod smith,no face,0.0,,,,,,,,,,,,
Rodney Smith,rodney smith,no face,0.0,,,,,,,,,,,,
Ito Smith,ito smith,ok,0.146,143,87,59,100.6,18,14,11,14.9,94.6,21.7,49.2,0.476
Roquan Smith,roquan smith,ok,0.116,103,65,54,75.1,12,11,11,11.3,67.9,19.4,23.1,0.555
Rusty Smith,rusty smith,no face,0.0,,,,,,,,,,,,
Ryan Smith,ryan smith,ok,0.168,209,138,98,154.7,32,27,25,28.3,128.3,26.9,30.2,0.605
Saivion Smith,saivion smith,ok,0.091,126,85,70,95.7,31,30,30,30.3,8.9,64.3,51.9,0.916
Sean Smith,sean smith,no face,0.0,,,,,,,,,,,,
Shane Smith,shane smith,ok,0.175,237,187,154,198.2,17,10,6,11.6,25.3,59.6,56.2,0.725
Shaun Smith,shaun smith,no face,0.0,,,,,,,,,,,,
Shelley Smith,shelley smith,no face,0.0,,,,,,,,,,,,
Shi Smith,shi smith,ok,0.104,206,138,116,155.5,30,24,29,26.4,60.1,92.8,51.4,0.738
Steve Smith,steve smith,no face,0.0,,,,,,,,,,,,
Sutton Smith,sutton smith,ok,0.175,205,160,133,170.4,18,15,14,15.8,56.3,7.7,43.8,0.645
T.J. Smith,tj smith,ok,0.096,173,116,97,130.9,45,40,42,41.7,46.4,118.0,92.9,0.511
Taj Smith,taj smith,no face,0.0,,,,,,,,,,,,
Telvin Smith,telvin smith,ok,0.182,112,72,57,82.2,46,36,34,38.8,-16.2,25.7,26.1,0.17
Terell Smith,terell smith,ok,0.149,149,107,96,118.2,34,27,20,28.1,25.3,8.4,67.5,0.274
Terrance Smith,terrance smith,ok,0.175,201,131,96,147.9,17,16,16,16.3,86.6,87.7,49.6,0.714
Terrelle Smith,terrelle smith,no face,0.0,,,,,,,,,,,,
Tevaun Smith,tevaun smith,no face,0.0,,,,,,,,,,,,
Tim Smith,tim smith,ok,0.125,184,123,97,138.3,10,11,16,11.3,19.9,127.5,124.8,0.453
Travian Smith,travian smith,no face,0.0,,,,,,,,,,,,
Tre'Quan Smith,trequan smith,ok,0.084,135,76,54,90.8,32,33,33,32.7,79.8,-34.2,1.7,1.0
Tremon Smith,tremon smith,ok,0.146,81,46,27,54.3,12,10,10,10.6,-36.8,-6.9,19.0,0.984
Troy Smith,troy smith,no face,0.0,,,,,,,,,,,,
Tykee Smith,tykee smith,ok,0.099,116,76,65,86.9,30,30,32,30.2,-3.3,-14.6,-12.2,0.999
Tyler Smith,tyler smith,ok,0.108,127,80,61,91.9,11,11,10,10.9,48.9,39.0,55.5,0.78
Tye Smith,tye smith,ok,0.197,37,23,22,27.1,23,17,18,18.9,-32.8,-33.8,4.9,0.318
Tyreke Smith,tyreke smith,ok,0.085,154,85,62,103.1,26,21,19,22.3,41.6,89.0,89.3,0.182
Tyron Smith,tyron smith,ok,0.146,177,130,111,141.9,61,34,22,40.4,116.1,55.7,72.2,0.009
Vyncint Smith,vyncint smith,ok,0.162,148,81,56,98.2,24,17,16,19.0,-8.6,74.9,49.6,0.231
Wade Smith,wade smith,no face,0.0,,,,,,,,,,,,
Will Smith,will smith,no face,0.0,,,,,,,,,,,,
Willie Smith,willie smith,no face,0.0,,,,,,,,,,,,
Za'Darius Smith,zadarius smith,ok,0.119,80,40,30,50.7,22,21,20,21.2,10.7,-54.2,5.8,0.171
Ihmir Smith-Marsette,ihmir smith marsette,ok,0.144,190,133,106,147.0,46,44,42,44.1,82.2,128.3,87.5,0.487
Jaxon Smith-Njigba,jaxon smith njigba,ok,0.125,223,168,137,180.9,22,19,18,19.8,156.6,22.1,39.2,0.596
JuJu Smith-Schuster,juju smith schuster,ok,0.116,157,95,68,110.5,24,23,23,23.3,-8.1,-125.7,-112.9,0.816
Chau Smith-Wade,chau smith wade,ok,0.107,135,85,69,98.1,24,23,22,23.2,11.1,49.3,45.9,0.572
James Smith-Williams,james smith williams,ok,0.106,134,98,84,107.2,28,28,28,28.1,86.1,89.9,87.0,0.591
Fish Smithson,fish smithson,ok,0.138,167,104,76,119.6,17,13,13,14.2,90.9,68.2,87.1,0.977
Jeff Smoker,jeff smoker,no face,0.0,,,,,,,,,,,,
Isaac Smolko,isaac smolko,no face,0.0,,,,,,,,,,,,
Dawuane Smoot,dawuane smoot,ok,0.12,197,138,116,153.1,9,8,9,8.4,136.3,126.9,122.5,0.459
Fred Smoot,fred smoot,no face,0.0,,,,,,,,,,,,
Durham Smythe,durham smythe,ok,0.145,211,144,129,162.3,19,15,14,16.1,54.4,48.7,52.0,0.454
Willie Snead,willie snead,ok,0.195,173,106,70,121.9,190,182,176,183.9,-26.5,22.3,-3.4,0.034
Chris Snee,chris snee,no face,0.0,,,,,,,,,,,,
L'Jarius Sneed,ljarius sneed,ok,0.116,134,62,33,80.2,53,46,42,47.3,-9.8,60.0,37.7,0.139
Benny Snell,benny snell,ok,0.195,201,117,69,136.6,36,33,31,33.7,9.0,-57.2,25.8,0.368
Jason Snelling,jason snelling,no face,0.0,,,,,,,,,,,,
David Snow,david snow,no face,0.0,,,,,,,,,,,,
Justin Snow,justin snow,no face,0.0,,,,,,,,,,,,
Charles Snowden,charles snowden,ok,0.142,179,116,87,131.2,21,19,18,19.5,74.9,50.5,53.6,0.349
Adam Snyder,adam snyder,no face,0.0,,,,,,,,,,,,
Kevin Snyder,kevin snyder,no face,0.0,,,,,,,,,,,,
Vic So'oto,vic sooto,no face,0.0,,,,,,,,,,,,
Kristjan Sokoli,kristjan sokoli,ok,0.238,234,173,138,187.2,34,22,16,24.9,-1.8,72.9,107.2,0.178
Nate Solder,nate solder,ok,0.168,178,126,106,139.2,75,50,40,56.3,0.9,22.0,41.0,0.047
Paul Soliai,paul soliai,no face,0.0,,,,,,,,,,,,
Javon Solomon,javon solomon,ok,0.056,149,99,94,113.4,25,26,30,26.2,1.8,85.8,67.8,0.632
Scott Solomon,scott solomon,no face,0.0,,,,,,,,,,,,
Mike Solwold,mike solwold,no face,0.0,,,,,,,,,,,,
Isaac Sopoaga,isaac sopoaga,no face,0.0,,,,,,,,,,,,
Brad Sorensen,brad sorensen,no face,0.0,,,,,,,,,,,,
Daniel Sorensen,daniel sorensen,ok,0.199,238,183,154,196.2,199,169,149,175.7,32.9,43.0,11.8,0.065
Nick Sorensen,nick sorensen,no face,0.0,,,,,,,,,,,,
Jim Sorgi,jim sorgi,no face,0.0,,,,,,,,,,,,
Barryn Sorrell,barryn sorrell,ok,0.117,196,115,84,135.5,9,8,6,7.8,123.9,42.4,49.7,0.393
Colby Sorsdal,colby sorsdal,ok,0.139,202,152,138,165.4,75,71,69,72.0,-14.1,40.8,28.9,0.115
Dezmen Southward,dezmen southward,no face,0.0,,,,,,,,,,,,
Sidy Sow,sidy sow,ok,0.136,159,105,80,118.3,98,65,46,72.7,17.4,83.3,89.8,0.001
Bradley Sowell,bradley sowell,ok,0.198,206,160,144,172.1,130,114,106,118.0,-1.4,86.3,63.2,0.155
Jerald Sowell,jerald sowell,no face,0.0,,,,,,,,,,,,
Isaac Sowells,isaac sowells,no face,0.0,,,,,,,,,,,,
Stephen Spach,stephen spach,no face,0.0,,,,,,,,,,,,
Ryan Spadola,ryan spadola,no face,0.0,,,,,,,,,,,,
Matt Spaeth,matt spaeth,no face,0.0,,,,,,,,,,,,
Martrell Spaight,martrell spaight,ok,0.13,117,76,62,86.7,11,9,10,9.7,32.8,16.8,67.5,0.798
Quinton Spain,quinton spain,ok,0.124,96,63,50,71.4,34,33,32,33.2,-41.4,13.4,21.2,0.567
Antwain Spann,antwain spann,no face,0.0,,,,,,,,,,,,
Chad Spann,chad spann,no face,0.0,,,,,,,,,,,,
Breeland Speaks,breeland speaks,ok,0.126,168,78,49,101.9,18,14,12,15.0,47.8,,25.9,0.667
Marcus Spears,marcus spears,no face,0.0,,,,,,,,,,,,
Quinton Spears,quinton spears,no face,0.0,,,,,,,,,,,,
Tyjae Spears,tyjae spears,ok,0.115,117,71,51,82.5,22,18,16,19.0,8.5,60.1,49.1,0.579
Baylon Spector,baylon spector,ok,0.103,207,140,129,158.8,44,46,52,46.1,-16.8,-27.5,-4.1,0.735
Ameer Speed,ameer speed,ok,0.129,198,129,101,146.4,10,11,11,10.7,133.4,19.9,43.3,0.232
E.J. Speed,ej speed,ok,0.129,99,45,28,59.2,8,7,7,7.3,48.9,8.7,24.0,0.478
Nick Speegle,nick speegle,no face,0.0,,,,,,,,,,,,
Akeem Spence,akeem spence,ok,0.15,138,79,61,94.6,16,17,18,16.8,61.8,30.6,46.4,0.721
Noah Spence,noah spence,ok,0.174,168,96,74,115.4,27,21,21,22.8,72.5,25.9,30.1,0.401
Sean Spence,sean spence,no face,0.0,,,,,,,,,,,,
Anthony Spencer,anthony spencer,no face,0.0,,,,,,,,,,,,
Charles Spencer,charles spencer,no face,0.0,,,,,,,,,,,,
Chris Spencer,chris spencer,no face,0.0,,,,,,,,,,,,
Diontae Spencer,diontae spencer,ok,0.124,205,122,80,142.0,99,91,87,92.9,-3.6,117.7,115.1,0.017
Evan Spencer,evan spencer,no face,0.0,,,,,,,,,,,,
Marquiss Spencer,marquiss spencer,ok,0.116,101,60,45,70.5,8,8,6,7.8,67.6,26.1,35.4,0.492
Shawntae Spencer,shawntae spencer,no face,0.0,,,,,,,,,,,,
Cody Spencer,cody spencer,no face,0.0,,,,,,,,,,,,
Kory Sperry,kory sperry,no face,0.0,,,,,,,,,,,,
Paul Spicer,paul spicer,no face,0.0,,,,,,,,,,,,
Amari Spievey,amari spievey,no face,0.0,,,,,,,,,,,,
Brandon Spikes,brandon spikes,no face,0.0,,,,,,,,,,,,
Cameron Spikes,cameron spikes,no face,0.0,,,,,,,,,,,,
Takeo Spikes,takeo spikes,no face,0.0,,,,,,,,,,,,
Robert Spillane,robert spillane,ok,0.117,213,174,150,182.9,36,44,69,44.5,5.5,-20.9,-11.7,0.996
C.J. Spiller,cj spiller,no face,0.0,,,,,,,,,,,,
Isaiah Spiller,isaiah spiller,ok,0.127,213,148,113,163.4,26,24,27,25.1,87.1,65.3,81.7,0.703
C.J. Spillman,cj spillman,no face,0.0,,,,,,,,,,,,
Greg Spires,greg spires,no face,0.0,,,,,,,,,,,,
Austin Spitler,austin spitler,no face,0.0,,,,,,,,,,,,
Jason Spitz,jason spitz,no face,0.0,,,,,,,,,,,,
Donnie Spragan,donnie spragan,no face,0.0,,,,,,,,,,,,
Jason Spriggs,jason spriggs,ok,0.233,237,172,151,189.0,48,30,20,34.2,59.8,108.3,137.4,0.102
Shawn Springs,shawn springs,no face,0.0,,,,,,,,,,,,
Jeremy Sprinkle,jeremy sprinkle,ok,0.147,117,52,26,68.2,4,4,1,3.7,8.1,25.4,26.2,0.952
Darren Sproles,darren sproles,ok,0.123,156,93,68,108.8,20,16,13,16.9,12.7,54.6,50.2,0.4
Nelson Spruce,nelson spruce,ok,0.201,222,166,146,180.5,70,50,43,55.3,41.2,35.4,18.8,0.143
Marquis Spruill,marquis spruill,no face,0.0,,,,,,,,,,,,
Micheal Spurlock,micheal spurlock,no face,0.0,,,,,,,,,,,,
Damion Square,damion square,ok,0.283,98,55,37,65.8,28,22,21,23.7,23.5,,14.2,0.062
Benjamin St-Juste,benjamin st juste,ok,0.154,209,129,94,148.9,7,7,5,6.8,18.2,28.0,39.2,0.981
Amon-Ra St. Brown,amon ra st brown,ok,0.104,206,150,126,163.9,20,16,15,17.1,27.3,78.4,26.7,0.333
Equanimeous St. Brown,equanimeous st brown,ok,0.133,198,132,89,146.8,9,7,5,7.4,129.9,28.6,38.6,0.991
John St. Clair,john st clair,no face,0.0,,,,,,,,,,,,
Brad St. Louis,brad st louis,no face,0.0,,,,,,,,,,,,
Brian St. Pierre,brian st pierre,no face,0.0,,,,,,,,,,,,
Charles Stackhouse,charles stackhouse,no face,0.0,,,,,,,,,,,,
Zac Stacy,zac stacy,no face,0.0,,,,,,,,,,,,
Daimion Stafford,daimion stafford,no face,0.0,,,,,,,,,,,,
Matthew Stafford,matthew stafford,ok,0.179,172,127,108,138.4,90,82,76,83.7,-6.6,48.1,67.7,0.162
Duce Staley,duce staley,no face,0.0,,,,,,,,,,,,
Joe Staley,joe staley,ok,0.14,208,137,124,156.8,45,39,35,40.3,8.1,105.9,83.5,0.359
Tre' Stallings,tre stallings,no face,0.0,,,,,,,,,,,,
Donte' Stallworth,donte stallworth,no face,0.0,,,,,,,,,,,,
John Stallworth,john stallworth,ok,0.073,83,57,29,61.6,,,,,,,,0.0
Taylor Stallworth,taylor stallworth,ok,0.114,197,120,88,139.3,16,11,9,12.3,123.5,77.0,100.4,0.606
Josh Stamer,josh stamer,no face,0.0,,,,,,,,,,,,
Isaiah Stanback,isaiah stanback,no face,0.0,,,,,,,,,,,,
Julian Stanford,julian stanford,ok,0.133,138,88,72,100.7,40,33,32,35.0,-27.6,16.2,39.2,0.321
R.J. Stanford,rj stanford,no face,0.0,,,,,,,,,,,,
Chad Stanley,chad stanley,no face,0.0,,,,,,,,,,,,
Derek Stanley,derek stanley,no face,0.0,,,,,,,,,,,,
Matt Stanley,matt stanley,no face,0.0,,,,,,,,,,,,
Montavious Stanley,montavious stanley,no face,0.0,,,,,,,,,,,,
Nate Stanley,nate stanley,ok,0.172,160,110,83,121.9,45,35,27,37.1,-9.0,51.2,22.7,0.093
Ronnie Stanley,ronnie stanley,ok,0.097,117,77,59,86.9,18,17,17,17.3,18.5,66.3,63.4,0.607
Drew Stanton,drew stanton,ok,0.327,146,98,84,110.9,52,38,35,42.0,40.9,,76.1,0.008
Johnny Stanton,johnny stanton,ok,0.211,218,146,129,165.6,47,29,24,33.8,58.8,-7.3,-18.5,0.125
Ricky Stanzi,ricky stanzi,no face,0.0,,,,,,,,,,,,
Justin Staples,justin staples,no face,0.0,,,,,,,,,,,,
Duane Starks,duane starks,no face,0.0,,,,,,,,,,,,
James Starks,james starks,no face,0.0,,,,,,,,,,,,
Max Starks,max starks,no face,0.0,,,,,,,,,,,,
Randy Starks,randy starks,no face,0.0,,,,,,,,,,,,
Scott Starks,scott starks,no face,0.0,,,,,,,,,,,,
Malaki Starks,malaki starks,ok,0.12,131,84,65,95.9,9,9,9,9.0,81.2,38.8,22.1,1.0
Jawanza Starling,jawanza starling,no face,0.0,,,,,,,,,,,,
Kendrick Starling,kendrick starling,no face,0.0,,,,,,,,,,,,
Tyler Starr,tyler starr,no face,0.0,,,,,,,,,,,,
Jimmy Staten,jimmy staten,no face,0.0,,,,,,,,,,,,
Joel Stave,joel stave,no face,0.0,,,,,,,,,,,,
Aaron Stecker,aaron stecker,no face,0.0,,,,,,,,,,,,
Ryan Steed,ryan steed,no face,0.0,,,,,,,,,,,,
Ben Steele,ben steele,no face,0.0,,,,,,,,,,,,
Markus Steele,markus steele,no face,0.0,,,,,,,,,,,,
Terence Steele,terence steele,ok,0.132,189,130,106,144.9,29,25,24,26.1,76.4,13.6,56.6,0.478
Anthony Steen,anthony steen,no face,0.0,,,,,,,,,,,,
Tyler Steen,tyler steen,ok,0.11,166,113,93,126.6,34,33,34,33.4,49.1,14.7,31.0,0.46
Robert Steeples,robert steeples,no face,0.0,,,,,,,,,,,,
Eric Steinbach,eric steinbach,no face,0.0,,,,,,,,,,,,
David Steinmetz,david steinmetz,ok,0.278,215,161,134,174.1,76,56,37,59.8,-24.6,-36.7,4.6,0.016
Craig Steltz,craig steltz,no face,0.0,,,,,,,,,,,,
Kevin Stemke,kevin stemke,no face,0.0,,,,,,,,,,,,
Logan Stenberg,logan stenberg,ok,0.164,192,139,112,151.9,76,59,51,63.2,-26.3,39.9,2.7,0.041
Jan Stenerud,jan stenerud,no face,0.049,,,,,,,,,,,,
Simon Stepaniak,simon stepaniak,ok,0.143,210,138,121,157.6,12,8,4,8.7,145.8,130.5,152.3,0.7
Alex Stepanovich,alex stepanovich,no face,0.0,,,,,,,,,,,,
Shamar Stephen,shamar stephen,ok,0.124,123,62,38,77.5,31,24,23,26.0,56.8,28.5,12.1,0.472
Brandon Stephens,brandon stephens,no face,0.0,,,,,,,,,,,,
Reggie Stephens,reggie stephens,no face,0.0,,,,,,,,,,,,
LaRod Stephens-Howling,larod stephens howling,no face,0.0,,,,,,,,,,,,
Cameron Stephenson,cameron stephenson,no face,0.0,,,,,,,,,,,,
Donald Stephenson,donald stephenson,no face,0.0,,,,,,,,,,,,
Syndric Steptoe,syndric steptoe,no face,0.0,,,,,,,,,,,,
Neal Sterling,neal sterling,ok,0.127,136,88,74,100.8,21,21,18,20.7,38.1,68.8,75.1,0.532
Jace Sternberger,jace sternberger,ok,0.164,180,145,121,152.6,74,57,40,60.1,-5.8,-17.3,-5.5,0.146
Caden Sterns,caden sterns,ok,0.116,166,120,96,131.0,16,16,13,15.7,50.9,114.9,114.2,0.877
Zach Sterup,zach sterup,ok,0.166,178,139,119,148.2,35,30,24,30.8,-11.9,40.4,8.6,0.323
Todd Steussie,todd steussie,no face,0.0,,,,,,,,,,,,
Craig Stevens,craig stevens,no face,0.0,,,,,,,,,,,,
JaCoby Stevens,jacoby stevens,ok,0.211,179,115,80,130.1,19,18,16,18.1,83.1,12.9,26.2,0.349
Jerramy Stevens,jerramy stevens,no face,0.0,,,,,,,,,,,,
Larry Stevens,larry stevens,no face,0.0,,,,,,,,,,,,
Tevita Stevens,tevita stevens,no face,0.0,,,,,,,,,,,,
Tommy Stevens,tommy stevens,ok,0.173,171,107,81,123.2,46,29,18,33.0,-12.1,23.9,-0.5,0.203
Dominique Stevenson,dominique stevenson,no face,0.0,,,,,,,,,,,,
Dan Stevenson,dan stevenson,no face,0.0,,,,,,,,,,,,
Marquez Stevenson,marquez stevenson,ok,0.144,189,121,103,139.3,21,20,23,20.6,44.1,120.7,86.7,0.343
Rhamondre Stevenson,rhamondre stevenson,ok,0.118,76,46,32,53.4,20,17,16,17.8,-13.9,-26.2,28.6,0.44
Tyrique Stevenson,tyrique stevenson,ok,0.117,154,98,67,111.2,9,10,13,10.0,90.9,-11.7,19.7,0.603
Phillip Steward,phillip steward,no face,0.0,,,,,,,,,,,,
Tony Steward,tony steward,no face,0.0,,,,,,,,,,,,
ArDarius Stewart,ardarius stewart,ok,0.11,166,114,94,127.3,40,29,24,31.8,40.5,103.0,103.2,0.102
Daleroy Stewart,daleroy stewart,no face,0.0,,,,,,,,,,,,
Darian Stewart,darian stewart,ok,0.141,118,65,48,78.9,72,47,39,53.6,38.0,56.6,57.7,0.0
Grover Stewart,grover stewart,ok,0.126,176,117,103,133.2,16,16,17,16.1,115.0,80.3,114.7,0.995
David Stewart,david stewart,no face,0.0,,,,,,,,,,,,
Jason Stewart,jason stewart,no face,0.0,,,,,,,,,,,,
Jeremy Stewart,jeremy stewart,no face,0.0,,,,,,,,,,,,
Jonathan Stewart,jonathan stewart,ok,0.17,200,136,102,151.3,11,8,5,8.6,125.5,77.2,63.2,0.67
Josaiah Stewart,josaiah stewart,ok,0.103,106,69,57,78.7,7,7,7,7.0,73.5,28.9,32.7,1.0
Kordell Stewart,kordell stewart,no face,0.0,,,,,,,,,,,,
M.J. Stewart,mj stewart,ok,0.116,166,110,92,124.8,11,10,10,10.3,116.8,48.3,80.2,1.0
Matt Stewart,matt stewart,no face,0.0,,,,,,,,,,,,
Orion Stewart,orion stewart,ok,0.244,118,62,47,76.9,32,19,15,22.4,-16.4,,-15.0,0.112
Shemar Stewart,shemar stewart,ok,0.098,149,96,78,109.8,34,31,32,32.0,48.7,78.3,66.6,0.548
Tony Stewart,tony stewart,no face,0.0,,,,,,,,,,,,
Easton Stick,easton stick,ok,0.159,181,138,127,149.6,63,52,48,54.8,-13.1,2.8,11.5,0.104
Qwan'tez Stiggers,qwantez stiggers,ok,0.1,118,83,62,91.1,12,11,11,11.3,81.8,14.6,24.9,0.423
Devon Still,devon still,no face,0.0,,,,,,,,,,,,
Tarheeb Still,tarheeb still,ok,0.14,200,134,104,150.3,37,28,25,30.3,137.2,26.2,36.4,0.193
Dante Stills,dante stills,ok,0.123,201,141,115,156.0,31,29,29,29.6,121.2,102.1,88.7,0.387
Gary Stills,gary stills,no face,0.0,,,,,,,,,,,,
Kenny Stills,kenny stills,ok,0.142,202,132,102,149.7,107,101,106,103.4,3.9,4.1,4.5,0.282
Matt Stinchcomb,matt stinchcomb,no face,0.0,,,,,,,,,,,,
Byron Stingily,byron stingily,no face,0.0,,,,,,,,,,,,
Derek Stingley Jr.,derek stingley,ok,0.166,142,92,67,104.1,28,22,19,23.5,89.5,-34.3,8.3,0.407
Aaron Stinnie,aaron stinnie,ok,0.128,214,145,113,162.0,88,58,50,65.9,12.0,137.5,132.5,0.037
Ed Stinson,ed stinson,no face,0.0,,,,,,,,,,,,
Clint Stitser,clint stitser,no face,0.0,,,,,,,,,,,,
Luke Stocker,luke stocker,ok,0.172,212,157,135,170.9,64,44,38,49.8,0.6,78.9,117.2,0.036
Eric Stokes,eric stokes,no face,0.0,,,,,,,,,,,,
Brandon Stokley,brandon stokley,no face,0.0,,,,,,,,,,,,
Jack Stoll,jack stoll,ok,0.185,245,171,157,191.5,27,19,14,20.8,135.6,-7.4,36.6,0.383
Daren Stone,daren stone,no face,0.0,,,,,,,,,,,,
Geno Stone,geno stone,ok,0.102,199,130,110,148.7,18,18,20,18.2,128.1,28.4,34.1,0.994
James Stone,james stone,ok,0.142,126,78,68,90.9,39,36,37,37.0,72.2,41.2,47.4,0.325
John Stone,john stone,no face,0.0,,,,,,,,,,,,
Michael Stone,michael stone,no face,0.0,,,,,,,,,,,,
Ron Stone,ron stone,ok,0.152,215,154,121,168.5,53,48,45,49.4,-18.0,118.0,7.2,0.517
Jake Stoneburner,jake stoneburner,no face,0.0,,,,,,,,,,,,
Dillon Stoner,dillon stoner,ok,0.174,147,105,96,116.5,22,11,7,13.8,-23.7,26.3,19.8,0.415
Byron Storer,byron storer,no face,0.0,,,,,,,,,,,,
Bryan Stork,bryan stork,no face,0.0,,,,,,,,,,,,
Jordan Stout,jordan stout,ok,0.15,209,150,133,165.7,21,17,12,17.6,37.5,41.6,85.9,0.238
Upton Stout,upton stout,ok,0.116,129,63,31,79.1,22,16,12,17.5,0.6,67.1,53.2,0.212
Omar Stoutmire,omar stoutmire,no face,0.0,,,,,,,,,,,,
Maurice Stovall,maurice stovall,no face,0.0,,,,,,,,,,,,
Cade Stover,cade stover,ok,0.144,215,144,113,162.0,14,8,6,9.6,125.8,57.9,131.3,0.206
Matt Stover,matt stover,no face,0.0,,,,,,,,,,,,
Mike Strachan,mike strachan,ok,0.091,147,99,75,110.6,36,73,180,74.1,38.3,-12.2,15.1,1.0
Michael Strahan,michael strahan,no face,0.079,,,,,,,,,,,,
Derrick Strait,derrick strait,no face,0.0,,,,,,,,,,,,
Brenton Strange,brenton strange,ok,0.13,231,170,142,185.0,20,14,16,16.0,170.1,6.6,44.5,1.0
Cole Strange,cole strange,ok,0.144,192,143,137,157.0,43,33,31,35.8,0.1,108.4,78.9,0.229
Rod Streater,rod streater,ok,0.381,101,69,56,77.1,50,35,26,38.5,,,,0.004
Devin Street,devin street,no face,0.0,,,,,,,,,,,,
Kentavius Street,kentavius street,ok,0.142,128,91,75,100.1,5,6,6,5.7,87.3,14.7,42.8,0.948
Tommy Streeter,tommy streeter,no face,0.0,,,,,,,,,,,,
Tai Streets,tai streets,no face,0.0,,,,,,,,,,,,
Chris Streveler,chris streveler,ok,0.152,134,96,75,104.8,122,100,84,104.8,-22.0,60.8,60.7,0.038
Channing Stribling,channing stribling,no face,0.0,,,,,,,,,,,,
Donald Strickland,donald strickland,no face,0.0,,,,,,,,,,,,
Zach Strief,zach strief,no face,0.0,,,,,,,,,,,,
Damore'ea Stringfellow,damoreea stringfellow,ok,0.138,105,55,36,67.8,26,20,16,21.3,-4.5,-26.3,-7.8,0.645
Justin Strnad,justin strnad,ok,0.146,235,157,120,176.1,12,13,11,12.5,87.2,-9.7,-6.3,0.615
Drew Strojny,drew strojny,no face,0.0,,,,,,,,,,,,
Greg Stroman,greg stroman,ok,0.145,178,131,101,141.6,43,34,28,36.0,127.6,31.2,55.2,0.145
Ricky Stromberg,ricky stromberg,ok,0.163,222,170,154,183.7,13,9,7,10.0,102.9,-25.3,50.4,0.486
Dorian Strong,dorian strong,ok,0.09,148,91,75,106.2,23,21,21,21.6,-11.4,-6.8,26.1,0.428
Jaelen Strong,jaelen strong,ok,0.248,110,72,56,81.5,31,26,26,27.5,-31.6,-57.3,11.1,0.454
Kevin Strong,kevin strong,ok,0.109,128,92,81,101.5,38,36,32,36.1,73.7,21.2,51.2,0.31
Mack Strong,mack strong,no face,0.0,,,,,,,,,,,,
Pierre Strong,pierre strong,ok,0.111,142,85,60,99.2,24,23,21,23.1,9.4,87.8,87.1,0.365
Billy Strother,billy strother,no face,0.0,,,,,,,,,,,,
C.J. Stroud,cj stroud,ok,0.14,200,147,117,159.4,19,15,13,16.0,11.6,130.2,97.0,0.429
Marcus Stroud,marcus stroud,no face,0.0,,,,,,,,,,,,
Sammie Stroughter,sammie stroughter,no face,0.0,,,,,,,,,,,,
Jason Strowbridge,jason strowbridge,ok,0.135,109,70,52,79.6,10,11,11,10.7,-6.3,25.0,60.2,1.0
Grant Stuard,grant stuard,ok,0.139,211,153,130,167.7,14,7,5,8.9,117.1,95.8,64.1,0.295
Tim Stuber,tim stuber,no face,0.0,,,,,,,,,,,,
Chansi Stuckey,chansi stuckey,no face,0.0,,,,,,,,,,,,
Darrell Stuckey,darrell stuckey,no face,0.0,,,,,,,,,,,,
Kasey Studdard,kasey studdard,no face,0.0,,,,,,,,,,,,
Andy Studebaker,andy studebaker,no face,0.0,,,,,,,,,,,,
Andrew Stueber,andrew stueber,ok,0.164,186,131,116,145.8,118,104,96,106.9,37.1,110.7,68.3,0.019
Jonathan Stupar,jonathan stupar,no face,0.0,,,,,,,,,,,,
Quan Sturdivant,quan sturdivant,no face,0.0,,,,,,,,,,,,
Caleb Sturgis,caleb sturgis,ok,0.21,198,143,123,157.2,89,63,56,70.0,-12.5,15.3,13.5,0.092
Danny Stutsman,danny stutsman,ok,0.156,193,146,133,158.6,18,14,13,15.1,108.2,-17.1,7.3,0.631
Russell Stuvaints,russell stuvaints,no face,0.0,,,,,,,,,,,,
Xavier Su'a-Filo,xavier sua filo,ok,0.226,226,163,136,178.8,29,23,18,24.2,-13.3,-39.9,8.8,0.255
Kingsley Suamataia,kingsley suamataia,ok,0.101,203,118,77,138.7,12,9,7,9.7,-90.9,-86.4,-78.0,0.877
Ryan Succop,ryan succop,ok,0.18,186,144,129,154.8,136,124,119,127.0,-6.6,11.8,18.6,0.028
Nate Sudfeld,nate sudfeld,ok,0.153,188,131,109,145.5,111,88,73,93.2,-9.2,15.5,58.2,0.044
Zach Sudfeld,zach sudfeld,no face,0.0,,,,,,,,,,,,
Lee Suggs,lee suggs,no face,0.0,,,,,,,,,,,,
Terrell Suggs,terrell suggs,ok,0.194,143,85,61,99.6,60,44,36,47.9,-7.6,29.5,39.2,0.275
Ndamukong Suh,ndamukong suh,ok,0.134,173,118,88,131.0,45,32,30,35.7,-3.3,102.2,67.4,0.164
Shaun Suisham,shaun suisham,no face,0.0,,,,,,,,,,,,
Alex Sulfsted,alex sulfsted,no face,0.0,,,,,,,,,,,,
Chandon Sullivan,chandon sullivan,ok,0.131,166,114,85,126.2,53,51,50,51.5,92.9,76.5,48.3,0.424
John Sullivan,john sullivan,ok,0.197,211,150,137,166.8,58,46,44,49.4,60.3,8.3,42.6,0.205
Johnathan Sullivan,johnathan sullivan,no face,0.0,,,,,,,,,,,,
Stephen Sullivan,stephen sullivan,ok,0.064,106,80,72,86.9,42,39,42,40.2,74.6,76.7,72.3,1.0
Frank Summers,frank summers,no face,0.0,,,,,,,,,,,,
Ty Summers,ty summers,ok,0.15,158,98,76,113.5,90,59,35,65.5,-44.0,-36.6,-35.8,0.031
Nick Sundberg,nick sundberg,ok,0.113,196,146,145,161.0,30,23,22,25.0,-26.2,65.4,4.4,0.235
Vinnie Sunseri,vinnie sunseri,no face,0.0,,,,,,,,,,,,
Phillip Supernaw,phillip supernaw,ok,0.204,178,123,98,136.6,88,59,42,65.7,-37.7,77.5,48.1,0.059
Chazz Surratt,chazz surratt,ok,0.147,204,148,113,160.8,16,12,10,13.0,105.6,-6.7,23.6,0.991
Patrick Surtain,patrick surtain,no face,0.0,,,,,,,,,,,,
Keaton Sutherland,keaton sutherland,ok,0.192,254,192,175,208.6,57,42,32,45.3,127.5,8.4,13.6,0.01
Cameron Sutton,cameron sutton,ok,0.102,203,150,116,162.0,32,31,31,31.3,115.7,136.7,129.1,1.0
Courtland Sutton,courtland sutton,ok,0.134,114,74,56,83.9,255,108,46,144.9,-34.0,-26.3,-44.7,0.998
Tyrell Sutton,tyrell sutton,no face,0.0,,,,,,,,,,,,
Will Sutton,will sutton,no face,0.0,,,,,,,,,,,,
Will Svitek,will svitek,no face,0.0,,,,,,,,,,,,
Geoff Swaim,geoff swaim,ok,0.135,247,180,149,196.5,24,13,7,15.6,175.2,-5.6,33.5,0.1
Brett Swain,brett swain,no face,0.0,,,,,,,,,,,,
Freddie Swain,freddie swain,ok,0.153,188,144,120,154.4,23,19,17,20.0,126.6,28.4,68.4,0.34
Bill Swancutt,bill swancutt,no face,0.0,,,,,,,,,,,,
Damian Swann,damian swann,no face,0.0,,,,,,,,,,,,
Travis Swanson,travis swanson,ok,0.124,227,171,154,185.8,19,17,13,17.1,82.4,90.7,57.6,0.491
D.J. Swearinger,dj swearinger,ok,0.119,178,112,81,128.3,24,23,23,23.3,94.6,19.2,49.1,0.691
Josh Sweat,josh sweat,ok,0.106,170,117,94,130.1,15,14,18,14.8,117.6,71.7,64.8,0.99
Montez Sweat,montez sweat,ok,0.139,219,158,125,172.5,39,26,21,29.3,85.3,27.7,87.2,0.159
T'Vondre Sweat,tvondre sweat,ok,0.095,110,76,64,85.0,18,16,17,16.7,-85.1,-14.9,20.0,0.608
Limas Sweed,limas sweed,no face,0.0,,,,,,,,,,,,
Tommy Sweeney,tommy sweeney,ok,0.146,202,158,147,169.9,38,28,22,30.3,34.6,62.1,124.7,0.172
Rod Sweeting,rod sweeting,no face,0.0,,,,,,,,,,,,
J.R. Sweezy,sweezy,ok,0.223,211,146,116,162.0,24,19,16,20.2,85.9,-29.3,10.2,0.607
Brett Swenson,brett swenson,no face,0.0,,,,,,,,,,,,
D'Andre Swift,dandre swift,ok,0.131,203,135,105,151.9,19,13,11,14.6,134.9,62.7,64.8,0.347
Bradyn Swinson,bradyn swinson,ok,0.109,149,99,75,111.2,19,17,16,17.5,27.5,87.1,48.3,0.554
Reggie Swinton,reggie swinton,no face,0.0,,,,,,,,,,,,
Ryan Switzer,ryan switzer,ok,0.365,249,205,190,216.4,46,32,27,35.3,-6.6,,170.6,0.055
Erik Swoope,erik swoope,ok,0.182,161,103,74,117.0,71,64,58,65.4,14.0,91.4,81.9,0.102
Tyrone Swoopes,tyrone swoopes,ok,0.145,157,101,71,114.3,16,16,11,15.4,69.6,42.1,57.9,0.553
Jashon Sykes,jashon sykes,no face,0.0,,,,,,,,,,,,
Rudy Sylvan,rudy sylvan,no face,0.0,,,,,,,,,,,,
Stevenson Sylvester,stevenson sylvester,no face,0.0,,,,,,,,,,,,
Quinn Sypniewski,quinn sypniewski,no face,0.0,,,,,,,,,,,,
Alameda Ta'amu,alameda taamu,no face,0.0,,,,,,,,,,,,
Will Ta'ufo'ou,will taufoou,no face,0.0,,,,,,,,,,,,
Teez Tabor,teez tabor,ok,0.202,145,100,84,111.6,16,16,16,16.0,6.4,-19.3,-7.6,0.756
Joe Tafoya,joe tafoya,no face,0.0,,,,,,,,,,,,
Tua Tagovailoa,tua tagovailoa,ok,0.121,162,95,67,111.8,12,10,10,10.6,57.0,54.6,29.7,1.0
Naufahu Tahi,naufahu tahi,no face,0.0,,,,,,,,,,,,
John Tait,john tait,no face,0.0,,,,,,,,,,,,
Sione Takitaki,sione takitaki,ok,0.123,192,140,114,152.6,26,22,21,23.1,70.2,31.6,91.3,0.457
Lorenzo Taliaferro,lorenzo taliaferro,no face,0.0,,,,,,,,,,,,
Aqib Talib,aqib talib,ok,0.18,147,91,71,105.5,59,29,15,36.4,-11.0,78.0,65.5,0.14
Julian Talley,julian talley,no face,0.0,,,,,,,,,,,,
Ronald Talley,ronald talley,no face,0.0,,,,,,,,,,,,
Jacob Tamme,jacob tamme,no face,0.0,,,,,,,,,,,,
T.J. Tampa,tj tampa,ok,0.099,142,104,82,112.9,21,21,20,20.9,-31.7,-7.9,45.9,0.531
Keith Tandy,keith tandy,ok,0.232,57,48,43,50.1,23,16,13,17.8,,,,0.035
Cordrea Tankersley,cordrea tankersley,ok,0.155,159,110,75,120.7,30,29,21,28.4,32.8,88.2,53.6,0.643
Ryan Tannehill,ryan tannehill,ok,0.165,184,146,126,155.1,165,152,143,154.9,-20.0,39.1,25.9,0.066
Andy Tanner,andy tanner,no face,0.0,,,,,,,,,,,,
Phillip Tanner,phillip tanner,no face,0.0,,,,,,,,,,,,
Alex Tanney,alex tanney,ok,0.156,174,124,96,135.8,60,46,37,49.2,-16.5,43.3,75.7,0.024
Thomas Tapeh,thomas tapeh,no face,0.0,,,,,,,,,,,,
Darryl Tapp,darryl tapp,no face,0.0,,,,,,,,,,,,
Charles Tapper,charles tapper,ok,0.185,159,95,62,110.4,25,21,14,21.4,83.7,-4.0,43.2,0.72
Jeff Tarpinian,jeff tarpinian,no face,0.0,,,,,,,,,,,,
Teair Tart,teair tart,ok,0.085,179,122,108,137.1,15,15,20,15.6,10.7,128.0,118.7,0.421
Jaquiski Tartt,jaquiski tartt,ok,0.154,116,76,60,86.3,36,32,28,32.7,10.3,68.8,43.0,0.402
Matt Tarullo,matt tarullo,no face,0.0,,,,,,,,,,,,
Auden Tate,auden tate,ok,0.165,114,66,51,78.9,12,13,14,12.8,45.9,1.6,37.0,0.857
Ben Tate,ben tate,no face,0.0,,,,,,,,,,,,
Brandon Tate,brandon tate,no face,0.0,,,,,,,,,,,,
Golden Tate,golden tate,ok,0.151,215,139,106,158.0,30,27,23,27.4,33.7,109.0,85.4,0.508
Robert Tate,robert tate,no face,0.0,,,,,,,,,,,,
Lofa Tatupu,lofa tatupu,no face,0.0,,,,,,,,,,,,
Pita Taumoepenu,pita taumoepenu,ok,0.133,134,80,50,92.9,126,116,104,117.2,7.2,-16.2,36.6,0.062
Mark Tauscher,mark tauscher,no face,0.0,,,,,,,,,,,,
Jahlani Tavai,jahlani tavai,ok,0.116,209,148,123,163.1,7,7,7,7.0,29.1,145.0,108.7,0.481
Giorgio Tavecchio,giorgio tavecchio,ok,0.215,200,140,106,154.1,70,52,47,56.8,-36.0,39.1,36.2,0.247
Adarius Taylor,adarius taylor,ok,0.177,106,67,52,77.0,19,17,17,17.6,-6.5,-45.2,23.7,0.64
Alontae Taylor,alontae taylor,ok,0.151,194,123,80,139.3,11,8,7,8.8,81.2,22.6,55.3,0.77
Ben Taylor,ben taylor,no face,0.0,,,,,,,,,,,,
Brandon Taylor,brandon taylor,no face,0.0,,,,,,,,,,,,
Branson Taylor,branson taylor,ok,0.103,218,159,154,176.1,13,10,11,11.0,3.2,155.1,159.9,0.921
Chester Taylor,chester taylor,no face,0.0,,,,,,,,,,,,
Chris Taylor,chris taylor,no face,0.0,,,,,,,,,,,,
Cooper Taylor,cooper taylor,no face,0.0,,,,,,,,,,,,
Courtney Taylor,courtney taylor,no face,0.0,,,,,,,,,,,,
Curtis Taylor,curtis taylor,no face,0.0,,,,,,,,,,,,
Darrell Taylor,darrell taylor,ok,0.183,56,34,24,39.4,9,10,11,9.8,-15.9,,18.2,0.44
Davion Taylor,davion taylor,ok,0.163,166,111,89,124.9,17,16,16,16.3,31.8,104.9,98.8,0.259
Devin Taylor,devin taylor,no face,0.0,,,,,,,,,,,,
Jay Taylor,jay taylor,no face,0.0,,,,,,,,,,,,
Eric Taylor,eric taylor,no face,0.0,,,,,,,,,,,,
Fred Taylor,fred taylor,no face,0.0,,,,,,,,,,,,
Jamaar Taylor,jamaar taylor,no face,0.0,,,,,,,,,,,,
Hilee Taylor,hilee taylor,no face,0.0,,,,,,,,,,,,
Ike Taylor,ike taylor,no face,0.0,,,,,,,,,,,,
J.J. Taylor,jj taylor,ok,0.151,124,79,65,90.9,13,11,11,11.6,28.4,28.4,27.7,0.925
Ja'Sir Taylor,jasir taylor,ok,0.109,206,140,114,156.4,26,22,20,22.8,56.8,138.0,136.1,0.376
Jamar Taylor,jamar taylor,ok,0.139,145,86,65,101.2,30,21,19,23.5,18.2,81.4,82.0,0.167
Jason Taylor,jason taylor,ok,0.083,92,67,39,71.3,226,205,206,211.4,,,,0.035
Jawaan Taylor,jawaan taylor,ok,0.104,140,84,60,97.9,17,14,15,15.0,84.0,41.4,20.7,0.527
Jonathan Taylor,jonathan taylor,ok,0.13,183,124,96,138.4,21,19,22,19.9,-3.2,120.9,70.9,0.456
Jordan Taylor,jordan taylor,ok,0.36,103,75,48,80.3,94,74,56,78.0,-117.9,-130.5,35.9,0.06
Jullian Taylor,jullian taylor,ok,0.134,184,129,101,142.3,25,20,20,21.5,80.3,115.0,110.0,0.587
Keith Taylor,keith taylor,no face,0.0,,,,,,,,,,,,
Kelvin Taylor,kelvin taylor,no face,0.0,,,,,,,,,,,,
Kerry Taylor,kerry taylor,no face,0.0,,,,,,,,,,,,
Lane Taylor,lane taylor,ok,0.152,218,138,107,158.4,56,42,34,45.6,-13.5,80.8,77.1,0.038
Malik Taylor,malik taylor,ok,0.124,158,100,68,113.4,4,4,2,3.8,62.6,42.0,106.5,0.726
Mason Taylor,mason taylor,ok,0.134,185,139,120,150.6,42,34,30,35.9,3.1,-15.7,10.4,0.064
Patrick Taylor,patrick taylor,ok,0.127,170,111,84,125.6,35,30,28,31.3,10.7,103.7,84.4,0.303
Bobby Taylor,bobby taylor,no face,0.0,,,,,,,,,,,,
Rod Taylor,rod taylor,ok,0.171,121,72,50,84.4,20,23,20,21.8,50.2,-13.7,16.2,0.516
Ryan Taylor,ryan taylor,no face,0.0,,,,,,,,,,,,
Sean Taylor,sean taylor,no face,0.0,,,,,,,,,,,,
Stepfan Taylor,stepfan taylor,no face,0.0,,,,,,,,,,,,
Taywan Taylor,taywan taylor,ok,0.191,121,83,74,93.3,20,13,13,15.1,49.7,38.9,2.7,0.412
Terrance Taylor,terrance taylor,no face,0.0,,,,,,,,,,,,
Tony Taylor,tony taylor,no face,0.0,,,,,,,,,,,,
Tory Taylor,tory taylor,ok,0.186,191,143,128,155.6,64,55,42,56.1,-2.3,-20.7,-3.8,0.199
Travis Taylor,travis taylor,no face,0.0,,,,,,,,,,,,
Trent Taylor,trent taylor,ok,0.199,173,135,120,144.7,109,101,97,102.9,-8.4,123.3,104.5,0.085
Trey Taylor,trey taylor,ok,0.135,175,118,90,131.9,26,25,23,25.1,100.4,19.0,42.4,0.336
Tyrod Taylor,tyrod taylor,ok,0.113,153,93,70,108.3,34,28,22,29.1,68.8,97.1,89.6,0.199
Vincent Taylor,vincent taylor,ok,0.152,67,45,40,51.0,19,19,20,19.1,39.8,-58.1,-13.6,0.495
Cam Taylor-Britt,cam taylor britt,ok,0.115,150,98,79,111.4,9,9,14,9.6,25.4,29.6,52.0,0.918
Dadrion Taylor-Demerson,dadrion taylor demerson,ok,0.142,182,123,94,137.4,24,24,25,24.1,122.6,49.1,22.1,0.688
Manti Te'o,manti teo,ok,0.16,247,170,137,189.3,12,8,6,9.0,137.3,178.1,180.8,0.677
Daniel Te'o-Nesheim,daniel teo nesheim,no face,0.0,,,,,,,,,,,,
Isaac TeSlaa,isaac teslaa,ok,0.156,185,136,123,149.2,186,182,178,182.4,-42.2,0.0,-0.4,0.003
Trey Teague,trey teague,no face,0.0,,,,,,,,,,,,
Quinton Teal,quinton teal,no face,0.0,,,,,,,,,,,,
Roderic Teamer,roderic teamer,ok,0.142,151,95,66,108.4,14,12,14,12.8,95.7,-10.3,38.8,0.453
Tim Tebow,tim tebow,ok,0.196,170,118,95,131.1,65,50,39,53.2,-37.4,-4.0,36.6,0.054
Sam Tecklenburg,sam tecklenburg,ok,0.149,239,178,167,195.0,25,16,15,18.6,51.9,13.7,33.2,0.072
Mike Teel,mike teel,no face,0.0,,,,,,,,,,,,
Randall Telfer,randall telfer,no face,0.0,,,,,,,,,,,,
Marvell Tell,marvell tell,ok,0.168,191,134,104,147.6,25,24,24,24.6,101.8,-5.8,36.2,0.666
Wyatt Teller,wyatt teller,ok,0.171,209,135,116,155.0,77,62,52,65.6,61.1,104.9,121.2,0.071
Matt Tennant,matt tennant,no face,0.0,,,,,,,,,,,,
Luke Tenuta,luke tenuta,ok,0.17,230,169,156,185.8,24,18,13,19.2,129.2,-3.2,18.2,0.3
Scott Tercero,scott tercero,no face,0.0,,,,,,,,,,,,
A.J. Terrell,aj terrell,ok,0.142,188,133,111,146.9,40,33,32,35.0,125.1,58.6,43.5,0.142
Claude Terrell,claude terrell,no face,0.0,,,,,,,,,,,,
David Terrell,david terrell,no face,0.0,,,,,,,,,,,,
Steven Terrell,steven terrell,no face,0.0,,,,,,,,,,,,
Craig Terrill,craig terrill,no face,0.0,,,,,,,,,,,,
Adam Terry,adam terry,no face,0.0,,,,,,,,,,,,
Chris Terry,chris terry,no face,0.0,,,,,,,,,,,,
Jeb Terry,jeb terry,no face,0.0,,,,,,,,,,,,
Vinny Testaverde,vinny testaverde,no face,0.0,,,,,,,,,,,,
Martin Tevaseu,martin tevaseu,no face,0.0,,,,,,,,,,,,
Sam Tevi,sam tevi,ok,0.086,203,153,130,165.3,20,20,21,20.1,149.2,41.5,139.2,1.0
Robenson Therezie,robenson therezie,no face,0.0,,,,,,,,,,,,
John Theus,john theus,no face,0.0,,,,,,,,,,,,
Kayvon Thibodeaux,kayvon thibodeaux,ok,0.097,194,125,89,141.5,30,29,28,29.2,40.1,120.5,120.9,0.49
Adam Thielen,adam thielen,ok,0.132,201,148,114,159.7,46,43,45,44.1,43.8,1.6,-8.4,0.983
Marcus Thigpen,marcus thigpen,no face,0.0,,,,,,,,,,,,
Tyler Thigpen,tyler thigpen,no face,0.0,,,,,,,,,,,,
Adalius Thomas,adalius thomas,no face,0.0,,,,,,,,,,,,
Ambry Thomas,ambry thomas,ok,0.13,159,92,57,108.0,15,12,11,12.8,94.1,31.9,32.4,0.41
Andrew Thomas,andrew thomas,ok,0.098,193,116,86,135.6,32,26,22,27.3,36.4,116.3,112.3,0.148
Anthony Thomas,anthony thomas,no face,0.0,,,,,,,,,,,,
Azareye'h Thomas,azareyeh thomas,ok,0.122,220,169,143,181.3,33,33,34,33.1,116.8,43.5,45.8,0.736
Brandon Thomas,brandon thomas,ok,0.156,204,131,96,148.8,87,64,52,69.5,127.1,46.1,81.2,0.01
Brian Thomas Jr.,brian thomas,ok,0.098,93,61,52,69.5,18,17,21,17.8,-43.6,31.4,29.3,0.979
Bryan Thomas,bryan thomas,no face,0.0,,,,,,,,,,,,
Cam Thomas,cam thomas,no face,0.0,,,,,,,,,,,,
Cameron Thomas,cameron thomas,ok,0.17,214,153,135,169.2,96,67,52,74.0,80.4,19.3,18.1,0.03
Chad Thomas,chad thomas,ok,0.159,108,71,62,81.0,6,3,4,4.0,24.7,1.3,-14.6,0.656
Pierre Thomas,pierre thomas,no face,0.0,,,,,,,,,,,,
Dallas Thomas,dallas thomas,no face,0.0,,,,,,,,,,,,
Daniel Thomas,daniel thomas,no face,0.0,,,,,,,,,,,,
De'Anthony Thomas,deanthony thomas,ok,0.127,116,64,49,77.5,29,25,20,25.6,55.1,,27.7,0.111
Demaryius Thomas,demaryius thomas,ok,0.178,197,127,93,144.1,28,25,22,25.6,44.2,14.2,47.6,0.785
Devin Thomas,devin thomas,no face,0.0,,,,,,,,,,,,
Donald Thomas,donald thomas,no face,0.0,,,,,,,,,,,,
Dontarrious Thomas,dontarrious thomas,no face,0.0,,,,,,,,,,,,
Dymonte Thomas,dymonte thomas,ok,0.152,98,56,42,67.2,12,11,11,11.3,52.1,11.0,7.8,0.795
Earl Thomas,earl thomas,ok,0.158,212,141,110,158.7,41,35,33,36.6,119.3,134.3,135.4,0.389
Fred Thomas,fred thomas,no face,0.0,,,,,,,,,,,,
Hollis Thomas,hollis thomas,no face,0.0,,,,,,,,,,,,
Ian Thomas,ian thomas,ok,0.123,122,81,73,92.3,23,22,22,22.3,76.4,81.1,78.3,0.481
Isaiah Thomas,isaiah thomas,ok,0.112,178,106,74,123.7,16,16,14,15.8,98.6,32.2,45.8,0.35
Jaimie Thomas,jaimie thomas,no face,0.0,,,,,,,,,,,,
J.T. Thomas,jt thomas,no face,0.0,,,,,,,,,,,,
Jason Thomas,jason thomas,no face,0.0,,,,,,,,,,,,
Jemea Thomas,jemea thomas,no face,0.0,,,,,,,,,,,,
Joe Thomas,joe thomas,ok,0.161,193,114,78,133.5,13,10,7,10.6,117.0,91.4,108.4,0.263
Joey Thomas,joey thomas,no face,0.0,,,,,,,,,,,,
David Thomas,david thomas,no face,0.0,,,,,,,,,,,,
Jordan Thomas,jordan thomas,ok,0.1,118,85,79,94.2,45,39,49,41.9,6.6,-33.3,9.6,0.879
Josh Thomas,josh thomas,no face,0.0,,,,,,,,,,,,
Julius Thomas,julius thomas,no face,0.0,,,,,,,,,,,,
Kevin Thomas,kevin thomas,no face,0.0,,,,,,,,,,,,
Kiondre Thomas,kiondre thomas,ok,0.138,154,95,73,110.1,11,8,6,8.7,20.5,73.2,60.3,0.316
Kiwaukee Thomas,kiwaukee thomas,no face,0.0,,,,,,,,,,,,
Lamaar Thomas,lamaar thomas,no face,0.0,,,,,,,,,,,,
Lawrence Thomas,lawrence thomas,ok,0.128,142,91,77,104.7,29,26,21,26.3,85.6,46.9,48.4,0.23
Logan Thomas,logan thomas,ok,0.156,246,167,131,186.5,11,11,9,10.8,104.6,35.7,60.2,0.9
Mike Thomas,mike thomas,no face,0.0,,,,,,,,,,,,
Marcus Thomas,marcus thomas,no face,0.0,,,,,,,,,,,,
Michael Thomas,michael thomas,ok,0.162,114,77,67,86.9,45,35,33,37.8,69.4,46.7,68.3,0.069
Chase Thomas,chase thomas,no face,0.0,,,,,,,,,,,,
Nathan Thomas,nathan thomas,ok,0.097,123,74,68,88.0,23,22,22,22.3,-13.8,57.7,58.7,0.814
Pat Thomas,pat thomas,no face,0.0,,,,,,,,,,,,
Phillip Thomas,phillip thomas,no face,0.0,,,,,,,,,,,,
Randy Thomas,randy thomas,no face,0.0,,,,,,,,,,,,
Robert Thomas,robert thomas,no face,0.0,,,,,,,,,,,,
Rodney Thomas,rodney thomas,no face,0.0,,,,,,,,,,,,
Santonio Thomas,santonio thomas,no face,0.0,,,,,,,,,,,,
Shamarko Thomas,shamarko thomas,ok,0.162,195,126,96,143.2,19,17,16,17.5,80.8,94.3,66.5,0.92
Simeon Thomas,simeon thomas,ok,0.132,172,120,100,133.1,22,22,21,21.9,31.3,97.3,36.8,0.948
Solomon Thomas,solomon thomas,ok,0.128,192,126,87,141.3,18,12,9,13.5,106.4,4.1,49.9,0.201
Tavierre Thomas,tavierre thomas,ok,0.124,132,84,66,96.4,18,16,11,16.0,73.8,35.5,53.4,0.312
Terrell Thomas,terrell thomas,no face,0.0,,,,,,,,,,,,
Thurman Thomas,thurman thomas,ok,0.053,190,178,176,180.9,193,94,136,128.4,,,,0.163
Tra Thomas,tra thomas,ok,0.207,196,141,121,155.2,69,82,86,78.3,20.9,130.7,111.1,0.643
Xavier Thomas,xavier thomas,ok,0.118,194,127,109,145.0,19,14,15,15.6,131.8,74.4,68.8,0.433
Zach Thomas,zach thomas,no face,0.0,,,,,,,,,,,,
Stantley Thomas-Oliver,stantley thomas oliver,ok,0.164,52,39,38,42.8,41,36,43,38.3,11.4,10.6,7.7,0.738
Jeff Thomason,jeff thomason,no face,0.0,,,,,,,,,,,,
Kenbrell Thompkins,kenbrell thompkins,no face,0.0,,,,,,,,,,,,
Brandon Thompson,brandon thompson,no face,0.0,,,,,,,,,,,,
BJ Thompson,bj thompson,ok,0.093,114,67,47,78.9,85,73,68,76.0,44.4,52.5,57.7,0.026
Brandyn Thompson,brandyn thompson,no face,0.0,,,,,,,,,,,,
Bryce Thompson,bryce thompson,ok,0.135,127,86,75,97.0,4,3,5,3.5,92.6,25.8,33.6,1.0
Carlos Thompson,carlos thompson,no face,0.0,,,,,,,,,,,,
Cedric Thompson,cedric thompson,no face,0.0,,,,,,,,,,,,
Chaun Thompson,chaun thompson,no face,0.0,,,,,,,,,,,,
Christian Thompson,christian thompson,no face,0.0,,,,,,,,,,,,
Chris Thompson,chris thompson,no face,0.0,,,,,,,,,,,,
Cody Thompson,cody thompson,ok,0.139,208,181,168,187.6,55,49,44,50.2,29.5,13.6,34.5,0.269
Colin Thompson,colin thompson,ok,0.177,176,125,108,138.3,39,27,24,30.2,-21.2,8.1,18.9,0.166
Darian Thompson,darian thompson,ok,0.199,204,128,88,146.2,17,12,9,13.2,15.2,98.9,104.0,0.256
Darwin Thompson,darwin thompson,ok,0.145,174,121,96,134.0,25,25,25,25.0,44.1,98.0,88.7,1.0
Deionte Thompson,deionte thompson,ok,0.229,118,81,67,90.5,20,19,16,19.0,-5.5,-3.8,-1.3,0.323
Deonte Thompson,deonte thompson,ok,0.105,77,46,35,54.0,63,62,66,62.8,19.2,-30.0,-10.8,0.984
Derrius Thompson,derrius thompson,no face,0.0,,,,,,,,,,,,
Jalen Thompson,jalen thompson,ok,0.134,123,71,53,84.5,28,23,20,24.2,-8.7,34.9,43.4,0.413
Jeremy Thompson,jeremy thompson,no face,0.0,,,,,,,,,,,,
Juwan Thompson,juwan thompson,no face,0.0,,,,,,,,,,,,
Lamont Thompson,lamont thompson,no face,0.0,,,,,,,,,,,,
Mykkele Thompson,mykkele thompson,no face,0.0,,,,,,,,,,,,
Peyton Thompson,peyton thompson,no face,0.0,,,,,,,,,,,,
Raynoch Thompson,raynoch thompson,no face,0.0,,,,,,,,,,,,
Shaq Thompson,shaq thompson,ok,0.184,67,41,31,47.6,28,25,25,25.9,-63.0,-19.8,23.4,0.249
Skylar Thompson,skylar thompson,ok,0.134,213,140,130,160.7,10,9,7,9.1,151.6,13.4,61.6,0.481
Syd'Quan Thompson,sydquan thompson,no face,0.0,,,,,,,,,,,,
Taylor Thompson,taylor thompson,no face,0.0,,,,,,,,,,,,
Tedric Thompson,tedric thompson,ok,0.111,91,60,46,67.7,66,63,68,64.5,22.0,-87.8,-59.7,1.0
Tyrus Thompson,tyrus thompson,no face,0.0,,,,,,,,,,,,
Tyson Thompson,tyson thompson,no face,0.0,,,,,,,,,,,,
Dorian Thompson-Robinson,dorian thompson robinson,ok,0.252,139,95,74,105.8,39,31,27,32.9,27.4,,72.7,0.056
Juan Thornhill,juan thornhill,ok,0.082,192,141,114,153.2,25,25,27,25.2,119.5,113.4,101.5,0.406
Bruce Thornton,bruce thornton,no face,0.0,,,,,,,,,,,,
Cedric Thornton,cedric thornton,no face,0.0,,,,,,,,,,,,
David Thornton,david thornton,no face,0.0,,,,,,,,,,,,
Dont'e Thornton Jr.,donte thornton,ok,0.125,60,33,20,39.6,34,34,35,34.1,-32.3,-73.2,-53.3,0.999
John Thornton,john thornton,no face,0.0,,,,,,,,,,,,
Kalen Thornton,kalen thornton,no face,0.0,,,,,,,,,,,,
Khyri Thornton,khyri thornton,no face,0.0,,,,,,,,,,,,
Hugh Thornton,hugh thornton,no face,0.0,,,,,,,,,,,,
Tyquan Thornton,tyquan thornton,ok,0.09,220,146,120,165.2,28,28,28,28.0,136.9,53.5,81.8,0.988
Craphonso Thorpe,craphonso thorpe,no face,0.0,,,,,,,,,,,,
Neiko Thorpe,neiko thorpe,ok,0.129,116,78,66,88.1,31,29,29,29.6,6.1,-21.5,-22.5,0.979
Clayton Thorson,clayton thorson,ok,0.153,196,135,119,151.4,7,4,4,4.9,8.9,8.7,32.7,0.55
Jamari Thrash,jamari thrash,ok,0.152,160,113,83,123.6,18,17,18,17.4,83.1,26.2,65.4,0.633
James Thrash,james thrash,no face,0.0,,,,,,,,,,,,
Calvin Throckmorton,calvin throckmorton,ok,0.148,254,185,174,204.4,9,7,2,7.0,51.5,-10.3,-12.8,0.418
Joe Thuney,joe thuney,ok,0.166,233,201,193,209.7,29,22,19,23.8,84.0,115.6,155.4,0.488
Andrae Thurman,andrae thurman,no face,0.0,,,,,,,,,,,,
Nick Thurman,nick thurman,ok,0.108,195,130,105,146.6,74,68,71,70.1,106.8,124.3,112.3,0.121
Odell Thurman,odell thurman,no face,0.0,,,,,,,,,,,,
Walter Thurmond,walter thurmond,no face,0.0,,,,,,,,,,,,
D.J. Tialavea,dj tialavea,no face,0.0,,,,,,,,,,,,
Andrew Tiller,andrew tiller,ok,0.148,156,93,65,108.6,19,18,14,17.8,77.6,77.6,63.4,0.581
Jerry Tillery,jerry tillery,ok,0.115,206,124,92,144.9,19,17,17,17.6,77.8,113.3,109.0,1.0
Cedric Tillman,cedric tillman,no face,0.0,,,,,,,,,,,,
Charles Tillman,charles tillman,no face,0.0,,,,,,,,,,,,
Travares Tillman,travares tillman,no face,0.0,,,,,,,,,,,,
Adam Timmerman,adam timmerman,no face,0.0,,,,,,,,,,,,
Lawrence Timmons,lawrence timmons,no face,0.0,,,,,,,,,,,,
John Timu,john timu,ok,0.193,232,172,145,186.9,34,30,25,30.6,26.5,32.0,45.6,0.669
Channing Tindall,channing tindall,ok,0.123,152,102,85,115.0,27,23,23,24.2,34.8,76.7,51.8,0.308
Carson Tinker,carson tinker,ok,0.171,200,141,121,156.4,32,20,13,22.8,-16.1,59.4,29.9,0.286
Pisa Tinoisamoa,pisa tinoisamoa,no face,0.0,,,,,,,,,,,,
Joe Tippmann,joe tippmann,ok,0.17,108,80,70,87.1,18,15,12,15.6,-76.9,-136.3,-132.7,0.258
Henry To'oTo'o,henry tootoo,ok,0.135,202,138,115,154.7,8,6,7,6.7,49.5,75.9,58.0,0.828
Robbie Tobeck,robbie tobeck,no face,0.0,,,,,,,,,,,,
Matt Tobin,matt tobin,ok,0.197,166,127,107,136.4,48,38,31,40.2,-16.1,32.8,-7.9,0.292
Jack Tocho,jack tocho,no face,0.121,,,,,,,,,,,,
Jordan Todman,jordan todman,no face,0.0,,,,,,,,,,,,
Matt Toeaina,matt toeaina,no face,0.0,,,,,,,,,,,,
LaBrandon Toefield,labrandon toefield,no face,0.0,,,,,,,,,,,,
Pago Togafau,pago togafau,no face,0.0,,,,,,,,,,,,
Noah Togiai,noah togiai,ok,0.138,233,174,136,187.4,25,20,20,21.8,103.4,24.3,65.9,0.717
Tommy Togiai,tommy togiai,ok,0.11,219,146,112,164.0,12,10,9,10.3,144.8,34.0,139.3,0.831
Jay Toia,jay toia,ok,0.122,208,135,104,153.3,7,7,7,7.0,113.5,18.8,79.9,1.0
Levine Toilolo,levine toilolo,ok,0.137,217,145,119,163.6,20,19,18,19.2,93.3,54.1,61.1,0.955
Jalen Tolbert,jalen tolbert,ok,0.148,179,117,91,132.6,20,15,14,16.4,49.8,117.9,1.8,0.818
Mike Tolbert,mike tolbert,no face,0.0,,,,,,,,,,,,
Joe Toledo,joe toledo,no face,0.0,,,,,,,,,,,,
Greg Toler,greg toler,no face,0.0,,,,,,,,,,,,
Terrence Toliver,terrence toliver,no face,0.0,,,,,,,,,,,,
Dave Tollefson,dave tollefson,no face,0.0,,,,,,,,,,,,
Scott Tolzien,scott tolzien,no face,0.0,,,,,,,,,,,,
Cameron Tom,cameron tom,ok,0.126,179,120,96,134.9,30,30,29,29.9,101.9,36.2,67.9,0.763
Dalvin Tomlinson,dalvin tomlinson,ok,0.054,128,69,59,85.7,19,18,24,19.0,72.8,-20.7,52.5,0.641
Eric Tomlinson,eric tomlinson,ok,0.127,98,64,48,72.3,40,127,225,112.2,-136.9,-70.9,-62.6,0.968
LaDainian Tomlinson,ladainian tomlinson,ok,0.047,90,79,40,77.7,185,187,167,184.1,,,,0.093
Laken Tomlinson,laken tomlinson,ok,0.097,86,59,45,65.5,7,6,7,6.4,63.5,-16.2,18.3,0.389
Cole Toner,cole toner,ok,0.186,215,146,132,165.0,84,65,54,69.6,-11.9,55.5,40.6,0.073
Kadarius Toney,kadarius toney,ok,0.093,85,47,33,56.8,27,28,29,27.8,34.2,20.9,25.5,1.0
Shaka Toney,shaka toney,ok,0.172,199,137,100,151.3,9,6,5,6.8,142.6,25.3,52.3,0.723
Khyiris Tonga,khyiris tonga,ok,0.067,96,52,43,64.1,192,13,22,67.5,-167.6,-35.0,-23.7,0.971
Reggie Tongue,reggie tongue,no face,0.0,,,,,,,,,,,,
Robert Tonyan,robert tonyan,ok,0.127,223,144,119,164.8,34,25,22,27.3,112.2,-54.8,28.1,0.124
Casey Toohill,casey toohill,ok,0.139,192,143,133,156.5,77,63,60,66.8,-4.0,53.1,33.8,0.02
Amani Toomer,amani toomer,no face,0.0,,,,,,,,,,,,
Korey Toomer,korey toomer,ok,0.154,173,107,77,123.3,27,25,21,25.1,26.7,95.6,70.2,0.355
Nick Toon,nick toon,no face,0.0,,,,,,,,,,,,
Spencer Toone,spencer toone,no face,0.0,,,,,,,,,,,,
Tim Toone,tim toone,no face,0.0,,,,,,,,,,,,
Ryan Torain,ryan torain,no face,0.0,,,,,,,,,,,,
Reggie Torbor,reggie torbor,no face,0.0,,,,,,,,,,,,
Alek Torgersen,alek torgersen,no face,0.0,,,,,,,,,,,,
Anthony Toribio,anthony toribio,no face,0.0,,,,,,,,,,,,
Leigh Torrence,leigh torrence,no face,0.0,,,,,,,,,,,,
O'Cyrus Torrence,ocyrus torrence,ok,0.09,176,89,63,112.2,16,15,15,15.3,19.8,98.9,98.2,0.516
Keith Toston,keith toston,no face,0.0,,,,,,,,,,,,
Brett Toth,brett toth,ok,0.14,213,150,130,166.3,24,18,16,19.6,64.8,-0.3,136.8,0.504
Jon Toth,jon toth,ok,0.205,154,107,86,118.7,63,48,41,51.7,-37.4,63.3,17.3,0.0
Michael Toudouze,michael toudouze,no face,0.0,,,,,,,,,,,,
Samori Toure,samori toure,ok,0.151,230,171,138,184.9,27,23,22,24.1,160.5,20.2,40.3,0.402
Fitzgerald Toussaint,fitzgerald toussaint,ok,0.143,122,77,51,87.5,108,95,86,97.9,-30.1,67.2,68.1,0.056
Keith Towbridge,keith towbridge,ok,0.169,158,93,61,108.8,25,20,18,21.3,11.9,-12.4,8.5,0.477
Lester Towns,lester towns,no face,0.0,,,,,,,,,,,,
Derrick Townsel,derrick townsel,no face,0.0,,,,,,,,,,,,
Johnny Townsend,johnny townsend,ok,0.173,147,111,90,119.4,130,124,118,125.0,-52.7,-40.6,-23.0,0.192
Tommy Townsend,tommy townsend,ok,0.225,127,84,61,94.2,21,15,10,16.2,-97.6,-74.0,62.0,0.112
Deshea Townsend,deshea townsend,no face,0.0,,,,,,,,,,,,
Adrian Tracy,adrian tracy,no face,0.0,,,,,,,,,,,,
Tyrone Tracy Jr.,tyrone tracy,ok,0.112,158,91,66,108.2,12,12,12,12.0,96.3,39.8,56.5,0.989
Dante Trader Jr.,dante trader,ok,0.139,206,148,124,162.3,36,25,26,28.5,8.4,118.6,115.7,0.268
Rod Trafford,rod trafford,no face,0.0,,,,,,,,,,,,
Patrick Trahan,patrick trahan,no face,0.0,,,,,,,,,,,,
Lynden Trail,lynden trail,no face,0.0,,,,,,,,,,,,
Austin Trammell,austin trammell,ok,0.16,197,151,143,163.8,98,79,72,83.7,-31.5,29.5,77.1,0.024
Drue Tranquill,drue tranquill,ok,0.132,216,135,101,155.3,21,15,12,16.5,97.8,7.9,-8.0,0.442
Badara Traore,badara traore,ok,0.171,159,110,80,120.9,18,15,13,15.7,116.2,39.8,58.5,0.487
Ozzy Trapilo,ozzy trapilo,ok,0.154,235,185,178,199.2,80,57,48,62.9,27.1,9.5,52.9,0.032
Kyle Trask,kyle trask,ok,0.153,211,183,172,190.1,73,60,48,62.8,40.3,81.1,36.4,0.029
Justin Trattou,justin trattou,no face,0.0,,,,,,,,,,,,
Adam Trautman,adam trautman,ok,0.162,198,148,126,160.4,57,49,36,50.0,-18.2,56.1,76.1,0.065
Phil Trautwein,phil trautwein,no face,0.0,,,,,,,,,,,,
Damarius Travis,damarius travis,ok,0.142,170,123,100,134.4,21,20,20,20.3,51.5,45.8,52.2,0.841
Jalen Travis,jalen travis,ok,0.126,213,159,146,173.7,14,13,13,13.3,140.3,-6.2,11.7,0.857
Jordan Travis,jordan travis,ok,0.131,190,153,137,162.2,14,13,15,13.5,31.7,91.8,48.8,1.0
Ross Travis,ross travis,ok,0.168,208,147,127,163.0,22,19,17,19.7,135.7,62.0,86.2,0.566
Brynden Trawick,brynden trawick,ok,0.149,198,127,94,144.5,45,41,38,41.9,76.4,123.6,112.4,0.68
Austin Traylor,austin traylor,ok,0.138,114,66,46,78.1,22,16,14,17.6,46.2,5.7,8.9,0.679
Keith Traylor,keith traylor,no face,0.0,,,,,,,,,,,,
Laquon Treadwell,laquon treadwell,ok,0.134,129,84,65,95.3,182,179,158,177.5,90.6,25.0,62.9,0.469
Bryce Treggs,bryce treggs,ok,0.157,223,161,135,176.6,28,27,25,27.1,89.1,29.5,39.3,1.0
Stephen Trejo,stephen trejo,no face,0.0,,,,,,,,,,,,
Tommy Tremble,tommy tremble,ok,0.123,188,127,104,142.6,14,13,12,13.2,93.3,18.5,29.1,1.0
Morgan Trent,morgan trent,no face,0.0,,,,,,,,,,,,
Sebastian Tretola,sebastian tretola,no face,0.0,,,,,,,,,,,,
JC Tretter,jc tretter,ok,0.255,55,40,38,44.3,36,18,13,22.8,24.5,,14.3,0.004
Adam Treu,adam treu,no face,0.0,,,,,,,,,,,,
Danny Trevathan,danny trevathan,ok,0.123,126,80,65,91.9,36,31,37,33.2,-23.4,-27.0,40.9,0.933
DeJuan Tribble,dejuan tribble,no face,0.0,,,,,,,,,,,,
Bralen Trice,bralen trice,ok,0.14,161,115,86,125.4,18,12,10,13.6,14.3,108.6,62.6,0.689
Cory Trice Jr.,cory trice,ok,0.121,157,110,97,122.6,29,27,29,27.8,38.6,89.2,63.9,0.723
Louis Trinca-Pasat,louis trinca pasat,no face,0.0,,,,,,,,,,,,
Nate Triplett,nate triplett,no face,0.0,,,,,,,,,,,,
Jordan Tripp,jordan tripp,no face,0.0,,,,,,,,,,,,
Larry Tripplett,larry tripplett,no face,0.0,,,,,,,,,,,,
Jeremiah Trotter,jeremiah trotter,no face,0.0,,,,,,,,,,,,
Torell Troup,torell troup,no face,0.0,,,,,,,,,,,,
Ben Troupe,ben troupe,no face,0.0,,,,,,,,,,,,
Johnnie Troutman,johnnie troutman,no face,0.0,,,,,,,,,,,,
Mitchell Trubisky,mitchell trubisky,ok,0.159,210,146,113,161.4,35,25,18,27.2,52.6,123.1,93.6,0.242
Jeremy Trueblood,jeremy trueblood,no face,0.0,,,,,,,,,,,,
Desmond Trufant,desmond trufant,ok,0.142,141,69,42,87.5,26,25,25,25.3,-8.9,69.6,67.6,0.627
Isaiah Trufant,isaiah trufant,no face,0.0,,,,,,,,,,,,
Marcus Trufant,marcus trufant,no face,0.0,,,,,,,,,,,,
R-Kal Truluck,r kal truluck,no face,0.0,,,,,,,,,,,,
Jason Trusnik,jason trusnik,no face,0.0,,,,,,,,,,,,
Justin Tryon,justin tryon,no face,0.0,,,,,,,,,,,,
Joe Tryon-Shoyinka,joe tryon shoyinka,ok,0.139,221,160,131,174.9,6,5,4,5.2,7.5,14.6,37.4,0.999
Stevie Tu'ikolovatu,stevie tuikolovatu,ok,0.227,90,66,57,72.2,136,130,128,131.6,,,,0.0
Marcus Tubbs,marcus tubbs,no face,0.0,,,,,,,,,,,,
Justin Tuck,justin tuck,no face,0.0,,,,,,,,,,,,
Casey Tucker,casey tucker,ok,0.181,216,170,149,181.4,37,23,14,26.2,99.4,148.3,149.2,0.07
Justin Tucker,justin tucker,ok,0.131,171,120,102,133.2,18,15,13,15.7,35.6,103.4,106.0,0.722
Jyles Tucker,jyles tucker,no face,0.0,,,,,,,,,,,,
Marcus Tucker,marcus tucker,ok,0.153,153,115,97,124.3,13,18,21,16.8,68.0,81.7,85.3,0.438
Matthew Tucker,matthew tucker,no face,0.0,,,,,,,,,,,,
Rex Tucker,rex tucker,no face,0.0,,,,,,,,,,,,
Ross Tucker,ross tucker,no face,0.0,,,,,,,,,,,,
Ryan Tucker,ryan tucker,no face,0.0,,,,,,,,,,,,
Torrin Tucker,torrin tucker,no face,0.0,,,,,,,,,,,,
Tre Tucker,tre tucker,ok,0.114,161,113,101,126.0,26,24,28,25.1,4.6,100.1,102.4,0.583
Verran Tucker,verran tucker,no face,0.0,,,,,,,,,,,,
Jeff Tuel,jeff tuel,no face,0.0,,,,,,,,,,,,
Max Tuerk,max tuerk,no face,0.0,,,,,,,,,,,,
Jay Tufele,jay tufele,ok,0.094,167,125,103,135.0,16,16,15,15.9,112.3,21.6,67.6,0.996
Sean Tufts,sean tufts,no face,0.0,,,,,,,,,,,,
Justin Tuggle,justin tuggle,no face,0.0,,,,,,,,,,,,
Jacob Tuioti-Mariner,jacob tuioti mariner,ok,0.12,144,101,84,111.9,4,3,2,3.2,-24.1,-20.8,74.3,0.997
Marlon Tuipulotu,marlon tuipulotu,ok,0.071,193,122,101,140.8,8,7,7,7.3,130.4,-83.3,52.7,0.329
Tuli Tuipulotu,tuli tuipulotu,ok,0.115,215,158,135,172.4,10,10,14,10.5,158.5,31.1,70.8,0.997
Stephon Tuitt,stephon tuitt,ok,0.158,233,157,120,175.5,33,29,26,29.9,3.3,48.7,83.3,0.262
Will Tukuafu,will tukuafu,no face,0.0,,,,,,,,,,,,
Davis Tull,davis tull,no face,0.0,,,,,,,,,,,,
Stephen Tulloch,stephen tulloch,no face,0.0,,,,,,,,,,,,
Jerame Tuman,jerame tuman,no face,0.0,,,,,,,,,,,,
Clayton Tune,clayton tune,ok,0.156,158,112,98,123.7,62,44,40,49.1,-62.7,-33.4,-10.0,0.126
Laremy Tunsil,laremy tunsil,ok,0.131,160,109,93,122.4,89,48,34,58.7,92.5,28.8,62.2,0.033
Tom Tupa,tom tupa,no face,0.0,,,,,,,,,,,,
Christian Tupou,christian tupou,no face,0.0,,,,,,,,,,,,
Fenuki Tupou,fenuki tupou,no face,0.0,,,,,,,,,,,,
Josh Tupou,josh tupou,ok,0.097,210,126,97,147.8,12,11,11,11.3,133.3,4.3,69.0,0.351
Tani Tupou,tani tupou,no face,0.0,,,,,,,,,,,,
Kemoko Turay,kemoko turay,ok,0.12,115,64,51,77.8,29,24,22,25.3,12.7,59.0,60.1,0.346
Robert Turbin,robert turbin,ok,0.117,106,67,54,77.2,13,12,15,12.6,67.3,36.8,60.8,0.534
Matt Turk,matt turk,no face,0.0,,,,,,,,,,,,
Kyle Turley,kyle turley,no face,0.0,,,,,,,,,,,,
Barry Turner,barry turner,no face,0.0,,,,,,,,,,,,
DJ Turner II,dj turner,ok,0.127,226,144,104,164.4,18,16,14,16.4,99.8,64.0,74.9,1.0
Dallas Turner,dallas turner,ok,0.136,124,81,60,91.5,19,20,15,19.1,69.6,7.6,33.1,0.464
Kobie Turner,kobie turner,ok,0.106,169,111,89,125.8,11,10,10,10.3,34.8,117.3,98.0,0.53
Landon Turner,landon turner,ok,0.163,217,138,101,157.4,109,73,50,81.1,99.8,150.4,146.1,0.051
Larry Turner,larry turner,no face,0.0,,,,,,,,,,,,
Malik Turner,malik turner,ok,0.121,151,85,50,100.7,20,16,15,17.1,14.3,89.9,71.5,0.544
Michael Turner,michael turner,no face,0.0,,,,,,,,,,,,
Cole Turner,cole turner,ok,0.137,219,162,138,176.3,129,117,116,120.5,1.5,116.2,29.0,0.013
Patrick Turner,patrick turner,no face,0.0,,,,,,,,,,,,
Paul Turner,paul turner,no face,0.0,,,,,,,,,,,,
Payton Turner,payton turner,ok,0.105,216,147,120,164.6,17,16,17,16.4,121.1,40.0,60.3,1.0
Robert Turner,robert turner,no face,0.0,,,,,,,,,,,,
Shemar Turner,shemar turner,ok,0.109,146,89,69,103.9,14,12,11,12.5,89.9,16.3,56.8,0.328
Trai Turner,trai turner,ok,0.127,172,98,64,116.4,59,37,26,42.3,5.5,44.3,81.3,0.014
Billy Turner,billy turner,ok,0.125,109,73,54,81.5,16,14,12,14.4,12.4,7.8,41.6,0.785
Delarrin Turner-Yell,delarrin turner yell,ok,0.144,140,87,67,100.6,8,9,8,8.6,31.9,47.1,20.7,0.292
Derrek Tuszka,derrek tuszka,ok,0.233,142,98,72,108.3,166,149,132,152.1,79.3,-22.5,-26.8,0.0
Bhayshul Tuten,bhayshul tuten,ok,0.096,146,109,96,118.7,29,24,26,25.7,-1.6,74.6,58.1,0.872
Melvin Tuten,melvin tuten,no face,0.0,,,,,,,,,,,,
Stacy Tutt,stacy tutt,no face,0.0,,,,,,,,,,,,
Shy Tuttle,shy tuttle,ok,0.109,193,126,96,142.6,14,12,13,12.7,11.7,126.6,110.3,0.992
Jaylen Twyman,jaylen twyman,ok,0.125,156,99,80,113.7,26,20,22,22.0,79.4,56.2,53.0,0.521
Will Tye,will tye,ok,0.131,145,95,78,108.1,20,22,18,20.9,28.5,50.0,31.8,0.939
Tank Tyler,tank tyler,no face,0.0,,,,,,,,,,,,
Rich Tylski,rich tylski,no face,0.0,,,,,,,,,,,,
Brian Tyms,brian tyms,no face,0.0,,,,,,,,,,,,
Lawrence Tynes,lawrence tynes,no face,0.0,,,,,,,,,,,,
David Tyree,david tyree,no face,0.0,,,,,,,,,,,,
DeAngelo Tyson,deangelo tyson,no face,0.0,,,,,,,,,,,,
Joshua Uche,joshua uche,ok,0.111,142,95,81,107.5,26,19,16,20.8,53.2,61.1,38.8,0.19
Kenechi Udeze,kenechi udeze,no face,0.0,,,,,,,,,,,,
Tony Ugoh,tony ugoh,no face,0.0,,,,,,,,,,,,
Jerry Ugokwe,jerry ugokwe,no face,0.0,,,,,,,,,,,,
Jeff Ulbrich,jeff ulbrich,no face,0.0,,,,,,,,,,,,
Artie Ulmer,artie ulmer,no face,0.0,,,,,,,,,,,,
Edefuan Ulofoshio,edefuan ulofoshio,ok,0.176,69,39,20,45.8,24,15,9,17.0,-33.5,-37.3,-16.9,0.174
Princely Umanmielen,princely umanmielen,ok,0.2,74,48,31,53.5,19,18,18,18.3,-56.2,,24.9,0.155
Osi Umenyiora,osi umenyiora,no face,0.0,,,,,,,,,,,,
Mason Unck,mason unck,no face,0.0,,,,,,,,,,,,
Brandon Underwood,brandon underwood,no face,0.0,,,,,,,,,,,,
Marviel Underwood,marviel underwood,no face,0.0,,,,,,,,,,,,
Tiquan Underwood,tiquan underwood,no face,0.0,,,,,,,,,,,,
Harvey Unga,harvey unga,no face,0.0,,,,,,,,,,,,
J.J. Unga,jj unga,no face,0.0,,,,,,,,,,,,
Max Unger,max unger,ok,0.173,222,151,137,170.6,172,128,112,139.3,80.5,138.9,155.4,0.075
Mitch Unrein,mitch unrein,ok,0.253,59,45,38,48.4,19,7,4,10.2,,,,0.146
Courtney Upshaw,courtney upshaw,no face,0.0,,,,,,,,,,,,
Regan Upshaw,regan upshaw,no face,0.0,,,,,,,,,,,,
Brent Urban,brent urban,ok,0.138,179,129,116,142.4,76,57,47,61.5,-31.2,47.2,35.1,0.02
Jerheme Urban,jerheme urban,no face,0.0,,,,,,,,,,,,
Kraig Urbik,kraig urbik,no face,0.0,,,,,,,,,,,,
Brian Urlacher,brian urlacher,no face,0.104,,,,,,,,,,,,
Mario Urrutia,mario urrutia,no face,0.0,,,,,,,,,,,,
John Urschel,john urschel,no face,0.0,,,,,,,,,,,,
John Ursua,john ursua,ok,0.127,207,158,118,168.1,32,32,25,31.2,124.1,146.1,147.5,0.915
Ben Utecht,ben utecht,no face,0.0,,,,,,,,,,,,
Eyioma Uwazurike,eyioma uwazurike,ok,0.125,200,127,93,145.0,12,10,6,10.1,126.9,15.0,46.7,0.591
C.J. Uzomah,cj uzomah,ok,0.141,152,102,83,114.8,141,122,101,125.3,20.7,99.4,105.6,0.021
Kenny Vaccaro,kenny vaccaro,ok,0.142,237,143,109,167.2,16,13,12,13.8,74.2,74.9,89.3,0.554
Destiny Vaeao,destiny vaeao,ok,0.18,204,135,107,152.4,25,21,20,22.1,107.8,39.1,43.0,0.766
Halapoulivaati Vaitai,halapoulivaati vaitai,ok,0.111,170,123,100,134.4,44,43,43,43.3,55.4,96.3,92.2,0.896
Fui Vakapuna,fui vakapuna,no face,0.0,,,,,,,,,,,,
Sione Vaki,sione vaki,ok,0.089,162,98,68,113.7,201,196,203,198.3,-26.1,-71.0,-16.1,1.0
Marquez Valdes-Scantling,marquez valdes scantling,ok,0.126,121,71,53,83.9,27,22,20,23.3,31.8,8.9,39.8,0.32
Carrington Valentine,carrington valentine,ok,0.12,179,112,81,128.5,6,6,5,5.9,36.8,35.0,45.2,1.0
Vincent Valentine,vincent valentine,ok,0.143,114,79,69,88.3,15,14,15,14.4,71.0,18.3,48.2,0.695
Tanner Vallejo,tanner vallejo,ok,0.181,214,170,150,180.7,20,15,11,16.0,126.1,147.9,139.3,0.366
Hakeem Valles,hakeem valles,ok,0.133,125,73,45,85.4,54,31,16,36.2,-7.8,47.9,68.5,0.113
Max Valles,max valles,no face,0.0,,,,,,,,,,,,
Steve Vallos,steve vallos,no face,0.0,,,,,,,,,,,,
Jeremiah Valoaga,jeremiah valoaga,ok,0.147,164,121,86,130.0,34,28,22,29.1,53.5,109.7,105.9,0.126
Courtney Van Buren,courtney van buren,no face,0.0,,,,,,,,,,,,
Mitchell Van Dyk,mitchell van dyk,no face,0.0,,,,,,,,,,,,
DeMarcus Van Dyke,demarcus van dyke,no face,0.0,,,,,,,,,,,,
Andrew Van Ginkel,andrew van ginkel,ok,0.252,121,81,53,89.8,69,52,38,55.5,-103.6,46.6,-6.4,0.012
Cole Van Lanen,cole van lanen,ok,0.119,196,151,150,164.2,15,10,8,11.3,108.7,-21.1,15.4,0.302
Lukas Van Ness,lukas van ness,ok,0.157,170,119,93,131.3,72,50,30,54.6,-22.9,-27.6,20.0,0.041
Kyle Van Noy,kyle van noy,ok,0.111,210,164,140,175.0,38,36,36,36.6,43.4,85.8,90.4,0.368
Sedrick Van Pran-Granger,sedrick van pran granger,ok,0.087,164,92,78,112.1,19,19,19,19.0,37.6,102.1,101.1,0.77
Greg Van Roten,greg van roten,ok,0.124,202,126,109,146.9,17,15,12,15.3,17.6,115.7,124.2,0.587
Kyle Vanden Bosch,kyle vanden bosch,no face,0.0,,,,,,,,,,,,
Leighton Vander Esch,leighton vander esch,ok,0.157,195,126,99,143.6,17,9,4,10.8,45.5,4.7,6.0,0.345
Eddie Vanderdoes,eddie vanderdoes,ok,0.214,226,162,136,178.2,92,73,69,78.2,-12.2,110.9,86.7,0.089
Mike Vanderjagt,mike vanderjagt,no face,0.0,,,,,,,,,,,,
Julian Vandervelde,julian vandervelde,no face,0.0,,,,,,,,,,,,
Nick Vannett,nick vannett,ok,0.141,203,143,129,159.3,17,12,11,13.4,105.8,-15.7,22.3,0.815
Nathan Vasher,nathan vasher,no face,0.0,,,,,,,,,,,,
Louis Vasquez,louis vasquez,no face,0.0,,,,,,,,,,,,
Dustin Vaughan,dustin vaughan,no face,0.0,,,,,,,,,,,,
Josh Vaughan,josh vaughan,no face,0.0,,,,,,,,,,,,
Cassius Vaughn,cassius vaughn,no face,0.0,,,,,,,,,,,,
Deuce Vaughn,deuce vaughn,ok,0.125,184,118,94,135.1,19,19,19,19.0,104.8,-33.3,18.3,0.96
Chip Vaughn,chip vaughn,no face,0.0,,,,,,,,,,,,
Ke'Shawn Vaughn,keshawn vaughn,ok,0.113,173,124,106,136.6,20,18,19,18.7,73.3,125.0,118.9,0.465
Khaleed Vaughn,khaleed vaughn,no face,0.0,,,,,,,,,,,,
Vickiel Vaughn,vickiel vaughn,no face,0.0,,,,,,,,,,,,
James Vaughters,james vaughters,ok,0.157,234,143,107,166.1,39,17,9,22.7,156.7,-1.9,112.2,0.092
Vita Vea,vita vea,ok,0.114,169,114,89,127.6,10,9,9,9.3,109.7,-22.4,-17.1,0.522
Demetrin Veal,demetrin veal,no face,0.0,,,,,,,,,,,,
Jordan Veasy,jordan veasy,ok,0.119,132,76,54,90.2,3,3,3,3.0,20.2,52.8,55.9,0.697
Jason Vega,jason vega,no face,0.0,,,,,,,,,,,,
David Veikune,david veikune,no face,0.0,,,,,,,,,,,,
Fernando Velasco,fernando velasco,no face,0.0,,,,,,,,,,,,
Jared Veldheer,jared veldheer,ok,0.168,215,150,127,166.8,38,23,17,26.8,11.3,48.7,38.8,0.118
Matt Veldman,matt veldman,no face,0.0,,,,,,,,,,,,
Devaughn Vele,devaughn vele,ok,0.126,179,116,89,131.8,16,14,17,15.1,110.5,-12.7,-1.8,1.0
Joe Vellano,joe vellano,no face,0.0,,,,,,,,,,,,
Justin Veltung,justin veltung,no face,0.0,,,,,,,,,,,,
Raymond Ventrone,raymond ventrone,no face,0.0,,,,,,,,,,,,
Ross Ventrone,ross ventrone,no face,0.0,,,,,,,,,,,,
Alijah Vera-Tucker,alijah vera tucker,ok,0.12,210,147,102,160.7,12,10,10,10.6,64.9,52.4,60.6,0.737
Ross Verba,ross verba,no face,0.0,,,,,,,,,,,,
Jimmy Verdon,jimmy verdon,no face,0.0,,,,,,,,,,,,
Brock Vereen,brock vereen,no face,0.0,,,,,,,,,,,,
Shane Vereen,shane vereen,no face,0.0,,,,,,,,,,,,
Alterraun Verner,alterraun verner,no face,0.0,,,,,,,,,,,,
Conner Vernon,conner vernon,no face,0.0,,,,,,,,,,,,
Olivier Vernon,olivier vernon,ok,0.155,65,49,45,53.3,21,13,14,15.5,-8.2,34.1,33.1,0.307
Jason Verrett,jason verrett,ok,0.162,183,118,90,134.2,25,21,20,22.1,32.2,111.3,50.1,0.429
Jared Verse,jared verse,ok,0.168,68,47,34,51.7,6,5,5,5.3,-77.7,-58.6,-22.5,0.334
Marcus Vick,marcus vick,no face,0.0,,,,,,,,,,,,
Lee Vickers,lee vickers,no face,0.0,,,,,,,,,,,,
Kendal Vickers,kendal vickers,ok,0.109,140,92,66,103.5,17,16,14,16.1,82.5,26.8,25.7,0.998
Lawrence Vickers,lawrence vickers,no face,0.0,,,,,,,,,,,,
Kevin Vickerson,kevin vickerson,no face,0.0,,,,,,,,,,,,
Azeem Victor,azeem victor,ok,0.133,208,120,91,143.0,23,33,40,30.8,105.4,126.3,120.8,0.659
Josh Victorian,josh victorian,no face,0.0,,,,,,,,,,,,
Kimani Vidal,kimani vidal,ok,0.112,199,123,99,143.0,12,12,17,12.6,31.7,107.0,82.1,0.611
Nick Vigil,nick vigil,ok,0.139,202,152,133,164.8,28,19,16,21.4,-11.0,91.2,45.3,0.189
Zach Vigil,zach vigil,ok,0.153,205,152,136,166.0,25,17,10,18.6,-16.3,64.1,10.8,0.354
Kindle Vildor,kindle vildor,ok,0.109,164,108,80,121.6,33,26,24,27.9,53.8,58.5,67.8,0.166
Alejandro Villanueva,alejandro villanueva,ok,0.18,168,130,101,138.2,144,135,121,136.1,7.8,93.1,77.1,0.004
Chris Villarrial,chris villarrial,no face,0.0,,,,,,,,,,,,
Jonathan Vilma,jonathan vilma,no face,0.0,,,,,,,,,,,,
Adam Vinatieri,adam vinatieri,ok,0.154,251,159,131,183.3,12,7,4,8.2,35.4,10.7,23.5,0.698
Keydrick Vincent,keydrick vincent,no face,0.0,,,,,,,,,,,,
Troy Vincent,troy vincent,ok,0.286,171,134,111,142.1,26,20,18,21.6,110.7,39.5,57.0,0.128
Darius Vinnett,darius vinnett,no face,0.0,,,,,,,,,,,,
Carson Vinson,carson vinson,ok,0.123,166,110,85,124.0,13,11,11,11.6,99.3,20.4,30.0,0.519
Dee Virgin,dee virgin,ok,0.156,129,77,57,90.3,18,19,20,18.8,57.5,24.8,38.0,0.789
Danny Vitale,danny vitale,ok,0.168,182,122,108,138.3,38,28,24,30.6,-39.8,52.1,33.1,0.349
Tristan Vizcaino,tristan vizcaino,ok,0.151,190,149,121,158.2,65,57,52,58.8,-31.7,25.4,23.5,0.05
David Vobora,david vobora,no face,0.0,,,,,,,,,,,,
Justin Vogel,justin vogel,ok,0.408,89,66,60,72.2,29,20,19,22.6,,,,0.098
Billy Volek,billy volek,no face,0.0,,,,,,,,,,,,
Kurt Vollers,kurt vollers,no face,0.0,,,,,,,,,,,,
Sebastian Vollmer,sebastian vollmer,no face,0.0,,,,,,,,,,,,
Cordell Volson,cordell volson,ok,0.163,215,148,112,164.0,22,14,8,15.7,84.6,-4.5,57.1,0.277
Andrew Vorhees,andrew vorhees,ok,0.127,214,153,137,169.3,17,12,11,13.4,154.2,-16.5,35.7,0.89
Mike Vrabel,mike vrabel,no face,0.0,,,,,,,,,,,,
Jeremy Vujnovich,jeremy vujnovich,ok,0.145,239,169,148,187.5,12,12,10,11.8,160.6,128.0,165.3,0.726
Michael Waddell,michael waddell,no face,0.0,,,,,,,,,,,,
Jaylen Waddle,jaylen waddle,ok,0.145,227,156,121,173.2,9,10,9,9.6,153.8,59.2,32.0,0.506
LaAdrian Waddle,laadrian waddle,ok,0.201,113,72,51,81.9,18,16,15,16.5,-7.1,-0.5,47.7,0.229
Barrington Wade,barrington wade,ok,0.148,190,121,88,137.9,24,20,16,20.7,105.8,17.2,48.6,0.924
Jonathan Wade,jonathan wade,no face,0.0,,,,,,,,,,,,
John Wade,john wade,no face,0.0,,,,,,,,,,,,
Bobby Wade,bobby wade,no face,0.0,,,,,,,,,,,,
Shaun Wade,shaun wade,ok,0.154,200,138,106,152.9,25,20,17,21.2,117.4,46.5,41.5,0.475
Todd Wade,todd wade,no face,0.0,,,,,,,,,,,,
Trevin Wade,trevin wade,no face,0.0,,,,,,,,,,,,
Bobby Wagner,bobby wagner,ok,0.127,232,161,126,178.2,3,3,2,2.9,91.1,39.1,75.8,0.457
Mike Wahle,mike wahle,no face,0.0,,,,,,,,,,,,
Drew Wahlroos,drew wahlroos,no face,0.0,,,,,,,,,,,,
Corliss Waitman,corliss waitman,ok,0.125,139,75,47,90.9,10,9,9,9.3,5.7,74.3,77.5,0.999
Cameron Wake,cameron wake,ok,0.144,188,121,83,136.7,23,23,18,22.4,83.1,32.0,51.2,0.837
Erik Walden,erik walden,no face,0.0,,,,,,,,,,,,
Matt Waletzko,matt waletzko,ok,0.125,230,157,150,178.0,168,162,158,163.3,89.6,134.4,143.0,0.043
Clive Walford,clive walford,ok,0.144,123,77,57,88.5,75,66,63,68.3,-30.5,63.2,64.9,0.187
Aaron Walker,aaron walker,no face,0.0,,,,,,,,,,,,
Anthony Walker,anthony walker,ok,0.116,176,140,119,148.4,18,17,17,17.3,126.8,30.7,50.0,0.427
Bracy Walker,bracy walker,no face,0.0,,,,,,,,,,,,
Brian Walker,brian walker,no face,0.0,,,,,,,,,,,,
D'Andre Walker,dandre walker,ok,0.142,186,134,118,147.7,21,17,16,18.0,28.8,124.9,130.8,0.4
Darius Walker,darius walker,no face,0.0,,,,,,,,,,,,
Darwin Walker,darwin walker,no face,0.0,,,,,,,,,,,,
David Walker,david walker,ok,0.118,69,53,46,57.0,21,20,20,20.3,-53.2,-6.9,-1.2,0.103
DeMarcus Walker,demarcus walker,ok,0.127,184,130,99,142.9,19,17,16,17.5,92.9,69.0,84.8,0.99
Denard Walker,denard walker,no face,0.0,,,,,,,,,,,,
Deone Walker,deone walker,ok,0.097,209,142,122,159.8,26,25,26,25.4,124.1,30.5,43.8,0.704
Devontez Walker,devontez walker,ok,0.125,119,78,64,88.7,13,12,12,12.3,77.4,28.3,30.6,0.493
Frank Walker,frank walker,no face,0.0,,,,,,,,,,,,
Gary Walker,gary walker,no face,0.0,,,,,,,,,,,,
Greg Walker,greg walker,no face,0.0,,,,,,,,,,,,
Delanie Walker,delanie walker,ok,0.114,193,106,66,127.5,24,23,21,23.1,66.7,106.7,100.5,0.998
Kenyatta Walker,kenyatta walker,no face,0.0,,,,,,,,,,,,
Jalon Walker,jalon walker,ok,0.112,61,41,36,46.5,12,10,10,10.6,36.1,1.2,-19.0,1.0
Quay Walker,quay walker,ok,0.102,138,102,100,112.0,13,13,14,13.1,25.0,92.4,64.7,0.329
Javon Walker,javon walker,no face,0.0,,,,,,,,,,,,
Joe Walker,joe walker,no face,0.0,,,,,,,,,,,,
Josh Walker,josh walker,ok,0.136,223,153,123,170.5,33,27,25,28.6,100.1,72.2,74.3,0.798
Kenneth Walker III,kenneth walker,ok,0.108,97,51,33,62.7,75,65,60,67.4,28.9,12.0,29.0,0.007
Langston Walker,langston walker,no face,0.0,,,,,,,,,,,,
Mykal Walker,mykal walker,ok,0.094,139,99,82,109.0,170,165,162,166.2,-26.5,34.9,19.7,0.011
PJ Walker,pj walker,ok,0.161,169,115,91,128.4,22,18,14,18.9,37.4,53.9,72.3,0.201
Rasheed Walker,rasheed walker,ok,0.091,144,88,65,102.1,22,20,18,20.4,65.0,88.1,86.1,0.349
Reggie Walker,reggie walker,no face,0.0,,,,,,,,,,,,
Tracy Walker III,tracy walker,ok,0.114,116,81,68,90.0,40,39,37,39.1,26.5,58.5,24.7,0.335
Tray Walker,tray walker,no face,0.0,,,,,,,,,,,,
Tyrunn Walker,tyrunn walker,no face,0.0,,,,,,,,,,,,
Vance Walker,vance walker,no face,0.0,,,,,,,,,,,,
Travon Walker,travon walker,ok,0.112,189,128,101,143.2,26,18,17,20.3,92.0,71.1,69.7,0.322
Jamar Wall,jamar wall,no face,0.0,,,,,,,,,,,,
Aaron Wallace,aaron wallace,no face,0.0,,,,,,,,,,,,
Al Wallace,al wallace,no face,0.0,,,,,,,,,,,,
Mike Wallace,mike wallace,ok,0.171,179,119,98,134.5,26,24,21,24.3,26.3,65.1,61.0,0.623
Caedan Wallace,caedan wallace,ok,0.096,165,104,78,119.3,15,12,11,12.8,13.9,85.3,42.6,0.782
C.J. Wallace,cj wallace,no face,0.0,,,,,,,,,,,,
Cody Wallace,cody wallace,no face,0.0,,,,,,,,,,,,
K'Von Wallace,kvon wallace,ok,0.148,146,87,58,101.3,21,20,18,20.1,79.1,16.5,29.5,0.471
Taco Wallace,taco wallace,no face,0.0,,,,,,,,,,,,
Levi Wallace,levi wallace,ok,0.154,136,93,70,103.1,20,19,18,19.2,31.3,53.0,43.1,0.367
Martin Wallace,martin wallace,no face,0.0,,,,,,,,,,,,
Rian Wallace,rian wallace,no face,0.0,,,,,,,,,,,,
Roberto Wallace,roberto wallace,no face,0.0,,,,,,,,,,,,
Seneca Wallace,seneca wallace,no face,0.0,,,,,,,,,,,,
Trevin Wallace,trevin wallace,ok,0.111,159,108,89,121.1,18,18,17,17.9,104.8,25.3,28.7,0.735
Tylan Wallace,tylan wallace,ok,0.126,206,132,102,151.0,22,19,18,19.8,48.3,50.2,35.3,1.0
Tre'Vour Wallace-Simms,trevour wallace simms,ok,0.111,186,107,64,125.7,17,11,14,13.1,,,,0.128
Darren Waller,darren waller,ok,0.132,238,156,125,176.7,37,28,26,30.5,50.5,99.9,90.5,0.109
Justin Walley,justin walley,ok,0.132,157,100,68,113.4,6,8,12,7.9,102.8,25.5,36.1,0.717
Garret Wallow,garret wallow,ok,0.143,233,184,160,195.9,3,2,2,2.3,155.7,29.3,62.9,0.688
Darrin Walls,darrin walls,no face,0.0,,,,,,,,,,,,
Lenny Walls,lenny walls,no face,0.0,,,,,,,,,,,,
Raymond Walls,raymond walls,no face,0.0,,,,,,,,,,,,
Blair Walsh,blair walsh,no face,0.0,,,,,,,,,,,,
Andrew Walter,andrew walter,no face,0.0,,,,,,,,,,,,
Austin Walter,austin walter,ok,0.134,171,130,103,139.2,32,29,29,29.9,70.8,87.3,92.7,0.241
Ken Walter,ken walter,no face,0.0,,,,,,,,,,,,
Kevin Walter,kevin walter,no face,0.0,,,,,,,,,,,,
Tyson Walter,tyson walter,no face,0.0,,,,,,,,,,,,
Anthony Walters,anthony walters,no face,0.0,,,,,,,,,,,,
Bryan Walters,bryan walters,no face,0.0,,,,,,,,,,,,
Matt Walters,matt walters,no face,0.0,,,,,,,,,,,,
Pierre Walters,pierre walters,no face,0.0,,,,,,,,,,,,
Troy Walters,troy walters,no face,0.0,,,,,,,,,,,,
J.D. Walton,jd walton,no face,0.0,,,,,,,,,,,,
L.T. Walton,lt walton,ok,0.142,171,116,91,129.6,21,22,19,21.4,-1.4,118.6,119.2,0.305
Mark Walton,mark walton,ok,0.135,132,91,78,101.8,26,23,23,23.9,22.1,25.1,37.4,0.575
Seth Wand,seth wand,no face,0.0,,,,,,,,,,,,
Ed Wang,ed wang,no face,0.0,,,,,,,,,,,,
Prince Tega Wanogho,prince tega wanogho,ok,0.101,116,75,62,85.8,31,29,29,29.6,12.8,,6.9,0.672
B.J. Ward,bj ward,no face,0.0,,,,,,,,,,,,
Cam Ward,cam ward,ok,0.132,130,77,53,90.1,18,15,14,15.8,24.0,28.3,47.6,0.623
Channing Ward,channing ward,ok,0.242,54,42,36,44.9,9,6,4,6.7,,,,0.345
Charvarius Ward,charvarius ward,ok,0.138,165,104,73,118.7,14,14,15,14.1,33.1,38.9,51.4,0.521
Dedric Ward,dedric ward,no face,0.0,,,,,,,,,,,,
Denzel Ward,denzel ward,ok,0.113,167,108,76,122.0,4,3,5,3.5,120.0,43.6,58.1,0.972
Derrick Ward,derrick ward,no face,0.0,,,,,,,,,,,,
Greg Ward,greg ward,ok,0.154,192,129,96,144.1,41,41,38,40.7,93.8,15.5,11.9,0.799
Hines Ward,hines ward,no face,0.0,,,,,,,,,,,,
Jimmie Ward,jimmie ward,ok,0.125,138,92,73,103.7,17,16,15,16.2,88.5,56.6,53.6,0.526
Jay Ward,jay ward,ok,0.131,171,118,88,130.4,21,21,18,20.7,49.0,113.1,113.7,0.585
Jihad Ward,jihad ward,ok,0.13,163,110,78,122.2,27,24,24,24.9,93.3,33.7,49.1,1.0
Jonathan Ward,jonathan ward,ok,0.114,63,46,36,50.2,40,39,39,39.3,19.6,-28.6,10.1,0.311
T.J. Ward,tj ward,no face,0.0,,,,,,,,,,,,
Terron Ward,terron ward,no face,0.0,,,,,,,,,,,,
Tim Ward,tim ward,ok,0.117,143,68,39,87.1,16,13,11,13.7,4.5,-0.1,47.4,0.827
D.J. Ware,dj ware,no face,0.0,,,,,,,,,,,,
DeMarcus Ware,demarcus ware,no face,0.0,,,,,,,,,,,,
Jeremy Ware,jeremy ware,no face,0.0,,,,,,,,,,,,
Jylan Ware,jylan ware,ok,0.154,134,86,72,98.5,46,43,41,43.7,76.3,39.2,44.8,0.629
Kevin Ware,kevin ware,no face,0.0,,,,,,,,,,,,
Matt Ware,matt ware,no face,0.0,,,,,,,,,,,,
Spencer Ware,spencer ware,ok,0.143,188,124,81,138.2,22,19,15,19.4,121.1,87.8,88.7,0.893
Eric Warfield,eric warfield,no face,0.0,,,,,,,,,,,,
Larry Warford,larry warford,ok,0.149,223,133,100,156.1,11,10,9,10.2,130.4,150.6,144.7,0.636
Chance Warmack,chance warmack,ok,0.151,169,105,84,121.7,35,32,29,32.6,89.3,27.4,57.0,0.558
Julius Warmsley,julius warmsley,ok,0.145,188,118,85,134.9,18,16,14,16.4,46.2,126.7,123.7,0.583
Fred Warner,fred warner,ok,0.158,151,84,57,101.0,38,26,24,29.4,-32.2,-12.8,11.6,0.262
Josh Warner,josh warner,no face,0.0,,,,,,,,,,,,
Kurt Warner,kurt warner,no face,0.088,,,,,,,,,,,,
Ron Warner,ron warner,no face,0.0,,,,,,,,,,,,
Carter Warren,carter warren,ok,0.087,110,74,68,84.2,10,10,9,9.9,72.2,20.8,12.7,0.985
Gerard Warren,gerard warren,no face,0.0,,,,,,,,,,,,
Greg Warren,greg warren,no face,0.0,,,,,,,,,,,,
Paris Warren,paris warren,no face,0.0,,,,,,,,,,,,
Tyler Warren,tyler warren,ok,0.214,157,125,117,133.7,114,109,104,110.0,-79.6,-74.9,74.7,0.021
Ty Warren,ty warren,no face,0.0,,,,,,,,,,,,
Peter Warrick,peter warrick,no face,0.0,,,,,,,,,,,,
Kahale Warring,kahale warring,ok,0.201,218,163,140,176.8,98,72,58,78.3,-13.5,33.2,-13.9,0.088
Nigel Warrior,nigel warrior,ok,0.189,178,123,85,135.1,37,32,25,32.7,-21.0,86.3,83.4,0.56
Adolphus Washington,adolphus washington,ok,0.134,132,82,62,94.7,33,29,27,30.0,55.2,75.0,75.3,0.385
Ar'Darius Washington,ardarius washington,ok,0.116,160,112,90,124.1,25,21,19,22.0,0.7,80.0,42.8,0.374
Brandon Washington,brandon washington,no face,0.0,,,,,,,,,,,,
Broderick Washington,broderick washington,ok,0.1,183,119,82,133.9,25,24,19,23.7,107.6,105.5,108.8,0.429
Casey Washington,casey washington,ok,0.152,151,102,84,114.6,70,54,46,57.9,2.9,54.8,3.8,0.036
Charles Washington,charles washington,no face,0.0,,,,,,,,,,,,
Chauncey Washington,chauncey washington,no face,0.0,,,,,,,,,,,,
Parker Washington,parker washington,ok,0.14,192,142,121,154.6,36,25,24,28.2,3.0,79.8,50.7,0.274
Cornelius Washington,cornelius washington,ok,0.153,175,111,76,126.1,20,11,5,13.0,7.7,115.0,110.8,0.248
Darnell Washington,darnell washington,ok,0.077,162,104,91,120.0,28,27,27,27.3,69.9,59.7,58.9,0.999
Daryl Washington,daryl washington,no face,0.0,,,,,,,,,,,,
DeAndre Washington,deandre washington,ok,0.204,167,96,65,113.7,29,26,23,26.6,84.2,10.8,16.8,0.431
Rashad Washington,rashad washington,no face,0.0,,,,,,,,,,,,
Dewayne Washington,dewayne washington,no face,0.0,,,,,,,,,,,,
Donald Washington,donald washington,no face,0.0,,,,,,,,,,,,
Dwayne Washington,dwayne washington,ok,0.149,97,55,33,65.0,4,4,4,4.0,-5.8,50.5,44.5,0.583
Fabian Washington,fabian washington,no face,0.0,,,,,,,,,,,,
James Washington,james washington,no face,0.0,,,,,,,,,,,,
Kelley Washington,kelley washington,no face,0.0,,,,,,,,,,,,
Keith Washington,keith washington,no face,0.0,,,,,,,,,,,,
Leon Washington,leon washington,no face,0.0,,,,,,,,,,,,
Malik Washington,malik washington,ok,0.133,173,107,82,123.9,60,49,46,51.9,18.1,77.3,33.6,0.108
Marcus Washington,marcus washington,no face,0.0,,,,,,,,,,,,
Mark Washington,mark washington,no face,0.0,,,,,,,,,,,,
Montrell Washington,montrell washington,ok,0.115,163,109,82,122.1,14,14,13,13.9,102.2,19.2,9.0,0.627
Nate Washington,nate washington,no face,0.0,,,,,,,,,,,,
Tahj Washington,tahj washington,ok,0.16,187,124,102,140.3,37,29,28,31.3,60.8,84.0,55.7,0.303
Ted Washington,ted washington,no face,0.0,,,,,,,,,,,,
Todd Washington,todd washington,no face,0.0,,,,,,,,,,,,
Anthony Waters,anthony waters,no face,0.0,,,,,,,,,,,,
Brian Waters,brian waters,no face,0.0,,,,,,,,,,,,
Herb Waters,herb waters,ok,0.137,171,110,79,124.7,31,28,26,28.7,3.0,97.0,85.5,0.599
Swayze Waters,swayze waters,no face,0.0,,,,,,,,,,,,
Earl Watford,earl watford,ok,0.261,64,50,45,53.6,9,4,2,5.3,,,,0.032
Carlos Watkins,carlos watkins,ok,0.17,117,74,57,84.9,26,22,22,23.2,-32.4,-52.3,-25.8,0.252
Danny Watkins,danny watkins,no face,0.0,,,,,,,,,,,,
Jaylen Watkins,jaylen watkins,ok,0.169,164,99,70,115.1,31,27,25,28.0,36.3,87.2,79.9,0.327
Jordan Watkins,jordan watkins,ok,0.138,216,149,119,165.8,13,10,10,10.9,149.3,-9.5,24.4,1.0
Pat Watkins,pat watkins,no face,0.0,,,,,,,,,,,,
Rokevious Watkins,rokevious watkins,no face,0.0,,,,,,,,,,,,
Sammy Watkins,sammy watkins,ok,0.173,101,60,42,70.2,9,9,6,8.7,48.4,2.9,12.9,0.792
Quez Watkins,quez watkins,ok,0.149,152,96,73,110.3,25,20,18,21.3,66.1,3.8,21.0,0.318
Todd Watkins,todd watkins,no face,0.0,,,,,,,,,,,,
Benjamin Watson,benjamin watson,ok,0.149,147,99,76,110.7,16,16,14,15.8,48.2,59.6,27.7,0.72
Christian Watson,christian watson,ok,0.129,216,146,119,164.3,11,8,7,8.8,119.7,6.4,15.0,0.947
Courtney Watson,courtney watson,no face,0.0,,,,,,,,,,,,
Deshaun Watson,deshaun watson,ok,0.221,144,88,55,101.0,10,8,7,8.5,5.2,-13.6,4.5,0.487
Gabe Watson,gabe watson,no face,0.0,,,,,,,,,,,,
Dekoda Watson,dekoda watson,ok,0.162,218,148,116,165.3,42,35,31,36.6,109.1,139.1,137.7,0.291
Jaylen Watson,jaylen watson,ok,0.09,134,68,40,84.5,20,18,17,18.8,65.6,-138.6,-116.2,0.621
Josh Watson,josh watson,ok,0.124,140,80,49,94.4,25,17,15,19.2,-22.2,68.3,38.8,0.48
Justin Watson,justin watson,no face,0.0,,,,,,,,,,,,
Kenny Watson,kenny watson,no face,0.0,,,,,,,,,,,,
Menelik Watson,menelik watson,ok,0.148,113,57,34,71.1,25,15,11,17.5,46.9,56.6,43.0,0.552
Nathaniel Watson,nathaniel watson,ok,0.145,184,135,100,145.7,11,11,11,11.0,113.5,1.1,43.7,0.95
Terrell Watson,terrell watson,no face,0.0,,,,,,,,,,,,
Chris Watt,chris watt,no face,0.0,,,,,,,,,,,,
Derek Watt,derek watt,ok,0.179,159,107,84,119.9,80,64,55,67.8,-41.7,50.6,45.9,0.067
J.J. Watt,jj watt,ok,0.163,195,150,128,160.9,38,26,21,29.0,-21.4,54.9,43.5,0.296
T.J. Watt,tj watt,ok,0.133,237,180,172,196.1,31,29,25,29.1,29.1,75.1,66.4,0.579
Luke Wattenberg,luke wattenberg,ok,0.183,251,192,172,207.4,9,7,5,7.4,-20.7,33.0,28.7,0.192
Armani Watts,armani watts,ok,0.13,209,151,119,164.7,36,36,35,35.9,72.7,74.7,56.8,0.762
Armon Watts,armon watts,ok,0.122,137,80,61,94.9,21,15,13,16.6,51.6,43.5,89.7,0.566
Brandon Watts,brandon watts,no face,0.0,,,,,,,,,,,,
Craig Watts,craig watts,no face,0.0,,,,,,,,,,,,
Darius Watts,darius watts,no face,0.0,,,,,,,,,,,,
Ryan Watts,ryan watts,ok,0.124,135,95,74,104.6,30,30,30,30.0,46.2,47.2,67.0,0.993
Xavier Watts,xavier watts,ok,0.132,190,130,103,144.6,20,17,16,17.8,131.6,44.4,41.0,0.384
Tress Way,tress way,ok,0.171,234,181,167,195.3,30,27,25,27.7,16.6,-6.5,69.3,0.575
Nate Wayne,nate wayne,no face,0.0,,,,,,,,,,,,
Reggie Wayne,reggie wayne,no face,0.0,,,,,,,,,,,,
Trae Waynes,trae waynes,ok,0.224,131,83,61,94.8,35,31,28,31.9,-55.8,-65.5,52.6,0.463
Fred Weary,fred weary,no face,0.0,,,,,,,,,,,,
Steve Weatherford,steve weatherford,no face,0.0,,,,,,,,,,,,
Stephen Weatherly,stephen weatherly,ok,0.161,104,64,45,73.5,22,19,18,19.8,67.9,-5.6,3.7,0.478
Sean Weatherspoon,sean weatherspoon,no face,0.0,,,,,,,,,,,,
Anthony Weaver,anthony weaver,no face,0.0,,,,,,,,,,,,
Curtis Weaver,curtis weaver,ok,0.144,185,120,94,136.5,30,23,22,25.0,9.8,33.4,41.2,0.758
Evan Weaver,evan weaver,ok,0.209,166,112,94,126.2,84,50,31,58.0,-55.6,17.6,-19.8,0.069
Jason Weaver,jason weaver,no face,0.0,,,,,,,,,,,,
Leonard Weaver,leonard weaver,no face,0.0,,,,,,,,,,,,
Rashad Weaver,rashad weaver,ok,0.082,155,111,88,121.5,10,9,9,9.3,103.2,14.7,37.7,1.0
Ross Weaver,ross weaver,no face,0.0,,,,,,,,,,,,
Jed Weaver,jed weaver,no face,0.0,,,,,,,,,,,,
Davis Webb,davis webb,ok,0.199,212,153,124,167.3,46,32,22,35.0,113.1,143.1,137.0,0.078
Dee Webb,dee webb,no face,0.0,,,,,,,,,,,,
J'Marcus Webb,jmarcus webb,ok,0.146,122,81,52,90.0,46,39,31,40.2,-28.0,13.7,30.7,0.079
Jeff Webb,jeff webb,no face,0.0,,,,,,,,,,,,
Joe Webb,joe webb,ok,0.113,236,170,133,185.5,31,27,28,28.3,111.3,165.5,162.5,0.718
Lardarius Webb,lardarius webb,no face,0.0,,,,,,,,,,,,
Mark Webb,mark webb,ok,0.163,193,128,98,144.0,27,22,20,23.3,7.5,54.5,55.8,0.369
B.W. Webb,bw webb,ok,0.29,150,94,63,107.1,45,38,34,39.6,-60.4,-63.9,-32.0,0.279
Adam Weber,adam weber,no face,0.0,,,,,,,,,,,,
Mike Weber,mike weber,ok,0.172,192,135,97,147.7,13,11,9,11.4,130.3,52.6,53.1,0.493
Corey Webster,corey webster,no face,0.0,,,,,,,,,,,,
Jason Webster,jason webster,no face,0.0,,,,,,,,,,,,
Kayvon Webster,kayvon webster,no face,0.0,,,,,,,,,,,,
Ken Webster,ken webster,ok,0.12,134,84,64,96.8,22,23,21,22.6,1.7,81.7,79.0,0.351
Larry Webster,larry webster,no face,0.0,,,,,,,,,,,,
Nate Webster,nate webster,no face,0.0,,,,,,,,,,,,
Nsimba Webster,nsimba webster,ok,0.127,139,100,78,109.2,34,30,28,31.0,-41.3,-39.7,9.9,0.419
Eric Weddle,eric weddle,ok,0.18,232,187,165,197.9,34,26,26,28.4,133.0,112.3,109.4,0.419
Scott Wedige,scott wedige,no face,0.0,,,,,,,,,,,,
Brandon Weeden,brandon weeden,ok,0.201,198,146,125,159.2,94,70,57,75.8,-8.7,-2.1,-10.5,0.083
Jon Weeks,jon weeks,ok,0.153,217,147,134,166.4,33,24,21,26.3,-8.4,33.0,60.7,0.226
Darrion Weems,darrion weems,no face,0.0,,,,,,,,,,,,
Eric Weems,eric weems,no face,0.0,,,,,,,,,,,,
Todd Weiner,todd weiner,no face,0.0,,,,,,,,,,,,
Chris Weinke,chris weinke,no face,0.0,,,,,,,,,,,,
John Welbourn,john welbourn,no face,0.0,,,,,,,,,,,,
Thomas Welch,thomas welch,no face,0.0,,,,,,,,,,,,
Kristian Welch,kristian welch,ok,0.164,216,154,135,170.2,126,120,117,121.2,4.3,65.0,54.4,0.104
Wes Welker,wes welker,no face,0.0,,,,,,,,,,,,
Jonathan Wells,jonathan wells,no face,0.0,,,,,,,,,,,,
Josh Wells,josh wells,ok,0.162,222,168,146,181.7,98,81,68,84.6,-19.5,116.6,41.3,0.039
Ray Wells,ray wells,no face,0.0,,,,,,,,,,,,
Reggie Wells,reggie wells,no face,0.0,,,,,,,,,,,,
Scott Wells,scott wells,no face,0.0,,,,,,,,,,,,
Jonathan Welsh,jonathan welsh,no face,0.0,,,,,,,,,,,,
Ryan Wendell,ryan wendell,no face,0.0,,,,,,,,,,,,
John Wendling,john wendling,no face,0.0,,,,,,,,,,,,
Keith Wenning,keith wenning,no face,0.0,,,,,,,,,,,,
Carson Wentz,carson wentz,ok,0.173,181,136,120,147.6,40,32,25,33.4,17.3,103.8,116.3,0.183
Bjoern Werner,bjoern werner,no face,0.0,,,,,,,,,,,,
Pete Werner,pete werner,ok,0.172,178,132,120,144.3,92,76,68,80.3,-15.0,41.3,9.6,0.059
Trevon Wesco,trevon wesco,ok,0.125,194,134,107,148.9,13,9,7,10.0,115.3,-0.5,47.5,0.937
Antoine Wesley,antoine wesley,ok,0.182,204,159,123,168.4,24,20,18,21.0,57.0,129.2,106.2,0.559
Dante Wesley,dante wesley,no face,0.0,,,,,,,,,,,,
Greg Wesley,greg wesley,no face,0.0,,,,,,,,,,,,
CJ West,cj west,ok,0.108,98,53,39,64.9,17,15,15,15.6,-48.4,-42.1,-11.1,0.437
Charcandrick West,charcandrick west,no face,0.0,,,,,,,,,,,,
Chastin West,chastin west,no face,0.0,,,,,,,,,,,,
Terrance West,terrance west,no face,0.0,,,,,,,,,,,,
Brian Westbrook,brian westbrook,no face,0.0,,,,,,,,,,,,
Byron Westbrook,byron westbrook,no face,0.0,,,,,,,,,,,,
Dede Westbrook,dede westbrook,ok,0.146,184,110,78,128.8,161,153,149,154.9,25.0,-8.1,28.1,0.012
Nick Westbrook-Ikhine,nick westbrook ikhine,ok,0.133,196,132,106,148.0,12,10,12,10.8,38.1,121.6,68.4,0.62
Ethan Westbrooks,ethan westbrooks,ok,0.175,171,117,96,130.8,28,24,28,25.7,103.6,38.8,46.7,0.638
LaJohntay Wester,lajohntay wester,ok,0.124,139,89,70,101.8,12,11,11,11.3,86.9,21.5,36.0,0.393
Leonard Wester,leonard wester,ok,0.179,234,167,149,185.0,124,110,102,113.6,80.6,159.4,156.0,0.057
Christian Westerman,christian westerman,ok,0.194,248,189,175,205.0,152,122,102,128.7,84.8,24.8,97.8,0.222
Jamaal Westerman,jamaal westerman,no face,0.0,,,,,,,,,,,,
Eric Westmoreland,eric westmoreland,no face,0.0,,,,,,,,,,,,
Kade Weston,kade weston,no face,0.0,,,,,,,,,,,,
Chris Westry,chris westry,ok,0.135,197,138,124,154.0,17,14,13,14.8,64.9,122.8,71.0,0.369
John Wetzel,john wetzel,ok,0.184,237,169,140,186.0,13,6,4,8.2,36.6,52.5,98.9,0.333
Griff Whalen,griff whalen,ok,0.171,200,153,137,165.4,39,33,34,34.9,26.0,105.0,72.3,0.608
James Whalen,james whalen,no face,0.0,,,,,,,,,,,,
Ryan Whalen,ryan whalen,no face,0.0,,,,,,,,,,,,
Travelle Wharton,travelle wharton,no face,0.0,,,,,,,,,,,,
Tershawn Wharton,tershawn wharton,ok,0.089,63,31,22,39.5,15,15,15,15.0,-27.8,-39.5,-22.5,1.0
Terrence Wheatley,terrence wheatley,no face,0.0,,,,,,,,,,,,
Tyrone Wheatley,tyrone wheatley,no face,0.0,,,,,,,,,,,,
Markus Wheaton,markus wheaton,no face,0.0,,,,,,,,,,,,
Chad Wheeler,chad wheeler,ok,0.209,203,151,123,163.4,60,49,43,51.6,-2.6,26.1,5.4,0.09
Philip Wheeler,philip wheeler,no face,0.0,,,,,,,,,,,,
Guy Whimper,guy whimper,no face,0.0,,,,,,,,,,,,
Ronyell Whitaker,ronyell whitaker,no face,0.0,,,,,,,,,,,,
LenDale White,lendale white,no face,0.0,,,,,,,,,,,,
Blair White,blair white,no face,0.0,,,,,,,,,,,,
Chris White,chris white,no face,0.0,,,,,,,,,,,,
Cody White,cody white,no face,0.0,,,,,,,,,,,,
Corey White,corey white,no face,0.0,,,,,,,,,,,,
D.J. White,dj white,ok,0.127,128,72,48,86.0,23,21,20,21.5,7.6,62.3,31.1,1.0
Devin White,devin white,ok,0.116,117,74,63,85.6,13,12,12,12.3,10.6,67.7,68.3,0.297
Dez White,dez white,no face,0.0,,,,,,,,,,,,
Jamel White,jamel white,no face,0.0,,,,,,,,,,,,
James White,james white,ok,0.14,135,90,72,101.4,49,37,36,40.5,18.2,51.0,68.5,0.088
Mike White,mike white,no face,0.0,,,,,,,,,,,,
Javin White,javin white,ok,0.174,116,68,51,80.4,4,5,7,4.9,50.9,-3.4,4.6,0.733
Johnny White,johnny white,no face,0.0,,,,,,,,,,,,
Jordan White,jordan white,no face,0.0,,,,,,,,,,,,
Keion White,keion white,ok,0.115,70,46,32,51.7,22,21,17,20.8,28.8,-29.4,-3.7,0.61
Kevin White,kevin white,ok,0.138,136,98,84,108.1,34,32,33,32.7,-5.5,-32.0,-42.2,1.0
Kyzir White,kyzir white,ok,0.098,177,123,103,136.9,82,72,61,73.3,13.9,117.5,114.8,0.072
Dewayne White,dewayne white,no face,0.0,,,,,,,,,,,,
Manuel White,manuel white,no face,0.0,,,,,,,,,,,,
Markus White,markus white,no face,0.0,,,,,,,,,,,,
Marquez White,marquez white,ok,0.199,142,75,42,91.3,21,16,10,16.8,-14.4,38.9,36.3,0.506
Marvin White,marvin white,no face,0.0,,,,,,,,,,,,
Melvin White,melvin white,no face,0.0,,,,,,,,,,,,
Mitch White,mitch white,no face,0.0,,,,,,,,,,,,
Myles White,myles white,no face,0.0,,,,,,,,,,,,
Pat White,pat white,no face,0.0,,,,,,,,,,,,
Rachaad White,rachaad white,ok,0.135,183,131,113,144.5,30,29,30,29.4,110.6,12.6,37.1,1.0
Reggie White Jr.,reggie white,no face,0.0,,,,,,,,,,,,
Ricky White III,ricky white,ok,0.144,145,91,68,104.5,25,22,20,22.7,-10.7,26.9,34.9,0.783
Roddy White,roddy white,no face,0.0,,,,,,,,,,,,
Tim White,tim white,ok,0.113,167,93,60,111.4,16,16,14,15.8,53.5,23.6,54.6,1.0
Tracy White,tracy white,no face,0.0,,,,,,,,,,,,
Tre'Davious White,tredavious white,ok,0.1,111,72,56,81.8,13,10,9,10.8,65.3,48.4,33.6,0.452
Zamir White,zamir white,ok,0.127,142,90,73,103.6,24,14,11,16.6,67.3,54.2,52.2,0.255
Cody Whitehair,cody whitehair,ok,0.144,206,165,144,174.9,160,124,101,132.3,35.9,113.1,67.1,0.023
Jermaine Whitehead,jermaine whitehead,ok,0.316,75,47,37,54.2,15,14,14,14.3,,,,0.268
Jordan Whitehead,jordan whitehead,ok,0.136,120,91,75,97.8,57,48,44,50.2,24.5,-21.7,10.0,0.142
Lucky Whitehead,lucky whitehead,ok,0.131,91,55,46,64.7,49,35,29,38.5,15.2,-56.9,-2.3,0.285
Tahir Whitehead,tahir whitehead,ok,0.181,143,83,68,99.2,20,11,8,13.3,58.4,16.3,14.8,0.407
Willie Whitehead,willie whitehead,no face,0.0,,,,,,,,,,,,
Charlie Whitehurst,charlie whitehurst,no face,0.0,,,,,,,,,,,,
Keyon Whiteside,keyon whiteside,no face,0.0,,,,,,,,,,,,
Bob Whitfield,bob whitfield,no face,0.0,,,,,,,,,,,,
Brandon Whiting,brandon whiting,no face,0.0,,,,,,,,,,,,
E.J. Whitley,ej whitley,no face,0.0,,,,,,,,,,,,
James Whitley,james whitley,no face,0.0,,,,,,,,,,,,
Taylor Whitley,taylor whitley,no face,0.0,,,,,,,,,,,,
Nikita Whitlock,nikita whitlock,no face,0.0,,,,,,,,,,,,
Donte Whitner,donte whitner,no face,0.0,,,,,,,,,,,,
Isaac Whitney,isaac whitney,ok,0.196,158,101,81,115.8,22,21,19,21.1,22.5,48.7,69.8,0.454
Fozzy Whittaker,fozzy whittaker,no face,0.0,,,,,,,,,,,,
Jace Whittaker,jace whittaker,ok,0.202,210,173,139,180.2,13,13,11,12.8,157.6,109.1,115.2,0.672
Alvis Whitted,alvis whitted,no face,0.0,,,,,,,,,,,,
Will Whitticker,will whitticker,no face,0.0,,,,,,,,,,,,
Jordan Whittington,jordan whittington,ok,0.147,194,136,118,151.4,31,25,21,26.3,135.9,44.0,37.5,0.469
Jason Whittle,jason whittle,no face,0.0,,,,,,,,,,,,
Andrew Whitworth,andrew whitworth,ok,0.136,200,152,143,165.3,115,69,54,81.0,10.7,43.8,22.9,0.0
Josh Whyle,josh whyle,ok,0.155,192,134,120,149.6,63,53,43,54.8,-0.7,-1.1,42.6,0.058
Kerrith Whyte,kerrith whyte,ok,0.204,163,100,80,116.6,34,28,20,28.9,21.5,33.1,50.8,0.375
Cody Wichmann,cody wichmann,ok,0.18,181,128,108,141.5,70,49,40,54.3,-48.3,60.5,16.9,0.082
Cole Wick,cole wick,ok,0.161,186,139,119,150.8,82,65,57,69.2,-18.4,53.4,22.8,0.063
Dontayvion Wicks,dontayvion wicks,ok,0.153,132,78,56,91.9,13,10,8,10.7,-5.4,-23.7,-11.4,1.0
Zach Wiegert,zach wiegert,no face,0.0,,,,,,,,,,,,
Casey Wiegmann,casey wiegmann,no face,0.0,,,,,,,,,,,,
James Wiggins,james wiggins,ok,0.217,191,141,122,153.8,36,33,32,33.8,70.2,49.4,54.1,0.441
Jermaine Wiggins,jermaine wiggins,no face,0.0,,,,,,,,,,,,
Kenny Wiggins,kenny wiggins,ok,0.158,168,121,102,132.9,106,92,86,95.9,-19.9,42.7,43.8,0.115
Nate Wiggins,nate wiggins,ok,0.144,202,140,117,155.9,26,23,21,23.7,142.8,104.2,88.0,0.461
Kyle Wilber,kyle wilber,ok,0.158,199,134,107,150.4,143,113,99,120.4,13.4,124.2,116.0,0.035
Chris Wilcox,chris wilcox,ok,0.116,231,176,152,189.7,24,21,22,22.0,121.4,121.7,159.6,1.0
Daniel Wilcox,daniel wilcox,no face,0.0,,,,,,,,,,,,
J.J. Wilcox,jj wilcox,ok,0.117,162,96,65,112.6,13,12,11,12.2,87.9,65.9,103.0,0.577
Mitchell Wilcox,mitchell wilcox,ok,0.181,193,128,105,145.1,80,57,50,63.1,34.4,88.7,48.3,0.09
James Wilder Jr.,james wilder,no face,0.0,,,,,,,,,,,,
Rachad Wildgoose,rachad wildgoose,ok,0.122,230,162,129,178.6,23,21,18,21.3,89.0,65.0,46.3,0.553
Brandon Wilds,brandon wilds,ok,0.181,209,132,96,150.6,20,16,12,16.7,17.0,39.8,39.1,0.492
Garnell Wilds,garnell wilds,no face,0.0,,,,,,,,,,,,
Matt Wile,matt wile,ok,0.186,174,124,103,136.6,53,45,38,46.6,-62.5,-52.7,1.6,0.555
Chuck Wiley,chuck wiley,ok,0.15,174,109,72,124.2,23,22,17,21.7,105.2,-10.4,42.0,0.818
Jared Wiley,jared wiley,ok,0.106,206,132,114,152.1,14,7,4,8.8,94.8,-68.8,-73.1,0.407
Marcellus Wiley,marcellus wiley,no face,0.0,,,,,,,,,,,,
Ernest Wilford,ernest wilford,no face,0.0,,,,,,,,,,,,
Vince Wilfork,vince wilfork,no face,0.0,,,,,,,,,,,,
Matt Wilhelm,matt wilhelm,no face,0.0,,,,,,,,,,,,
Jonathan Wilhite,jonathan wilhite,no face,0.0,,,,,,,,,,,,
Michael Wilhoite,michael wilhoite,no face,0.0,,,,,,,,,,,,
Ben Wilkerson,ben wilkerson,no face,0.0,,,,,,,,,,,,
Jimmy Wilkerson,jimmy wilkerson,no face,0.0,,,,,,,,,,,,
Kristian Wilkerson,kristian wilkerson,ok,0.091,108,61,48,73.7,17,16,17,16.4,-104.7,-1.2,7.4,0.837
Muhammad Wilkerson,muhammad wilkerson,ok,0.125,152,88,67,104.7,41,22,15,26.9,86.3,92.1,91.4,0.178
Christian Wilkins,christian wilkins,ok,0.099,187,129,96,142.6,42,40,36,40.1,122.7,47.0,55.3,0.184
Jeff Wilkins,jeff wilkins,no face,0.0,,,,,,,,,,,,
Jordan Wilkins,jordan wilkins,ok,0.175,235,169,145,186.0,17,10,9,12.0,15.2,163.3,150.8,0.501
Marcus Wilkins,marcus wilkins,no face,0.0,,,,,,,,,,,,
Terrence Wilkins,terrence wilkins,no face,0.0,,,,,,,,,,,,
Dan Wilkinson,dan wilkinson,no face,0.0,,,,,,,,,,,,
Elijah Wilkinson,elijah wilkinson,ok,0.121,182,127,97,140.2,15,15,15,15.0,120.7,48.1,63.9,0.773
Gerris Wilkinson,gerris wilkinson,no face,0.0,,,,,,,,,,,,
Kenny Willekes,kenny willekes,ok,0.171,139,98,77,107.6,82,69,62,72.1,-21.8,43.0,42.1,0.057
Aaron Williams,aaron williams,no face,0.0,,,,,,,,,,,,
Aeneas Williams,aeneas williams,ok,0.088,104,62,45,72.6,,,,,,,,0.0
Greedy Williams,greedy williams,ok,0.137,201,136,100,151.6,31,30,30,30.3,94.2,37.3,60.1,1.0
Andre Williams,andre williams,no face,0.0,,,,,,,,,,,,
Andrew Williams,andrew williams,no face,0.0,,,,,,,,,,,,
Pooka Williams Jr.,pooka williams,ok,0.129,194,117,87,136.6,28,23,22,24.4,109.2,64.0,64.1,0.431
Trill Williams,trill williams,ok,0.085,92,64,57,71.6,25,22,26,23.4,22.5,50.7,21.6,0.975
Avery Williams,avery williams,ok,0.114,122,74,54,86.1,35,33,37,34.1,-92.7,-107.7,-89.9,0.989
Bobbie Williams,bobbie williams,no face,0.0,,,,,,,,,,,,
Brandon Williams,brandon williams,no face,0.0,,,,,,,,,,,,
Brennan Williams,brennan williams,no face,0.0,,,,,,,,,,,,
Brett Williams,brett williams,no face,0.0,,,,,,,,,,,,
Brian Williams,brian williams,no face,0.0,,,,,,,,,,,,
Brock Williams,brock williams,no face,0.0,,,,,,,,,,,,
Caleb Williams,caleb williams,ok,0.13,227,167,142,182.0,18,15,13,15.7,165.3,21.0,58.4,1.0
Cadillac Williams,cadillac williams,no face,0.0,,,,,,,,,,,,
Cary Williams,cary williams,no face,0.0,,,,,,,,,,,,
Chad Williams,chad williams,no face,0.0,,,,,,,,,,,,
Chandler Williams,chandler williams,no face,0.0,,,,,,,,,,,,
Chris Williams,chris williams,ok,0.088,119,76,63,87.4,25,23,26,23.9,12.6,-41.0,-8.8,1.0
Tank Williams,tank williams,no face,0.0,,,,,,,,,,,,
Connor Williams,connor williams,ok,0.124,225,158,136,175.6,31,21,22,24.1,119.0,147.8,157.7,0.595
Corey Williams,corey williams,no face,0.0,,,,,,,,,,,,
Duke Williams,duke williams,ok,0.129,166,95,72,113.6,24,22,22,22.6,86.3,35.1,65.0,0.343
D.J. Williams,dj williams,ok,0.126,139,95,68,105.1,26,25,25,25.3,33.5,-7.1,16.8,0.397
Damarion Williams,damarion williams,ok,0.107,110,75,66,84.4,21,21,26,21.6,65.3,-2.4,-4.3,1.0
Damian Williams,damian williams,no face,0.0,,,,,,,,,,,,
Damien Williams,damien williams,ok,0.095,125,98,95,105.4,11,11,11,11.0,94.8,85.1,82.5,1.0
Dan Williams,dan williams,no face,0.0,,,,,,,,,,,,
Darious Williams,darious williams,ok,0.124,130,93,80,102.6,13,10,10,10.9,85.1,51.4,56.3,0.973
Darrel Williams,darrel williams,ok,0.14,171,120,101,133.1,19,19,18,18.9,105.5,35.3,75.4,0.908
Darrell Williams,darrell williams,ok,0.204,161,107,88,121.0,37,29,29,31.4,1.4,48.7,46.3,0.576
Darrent Williams,darrent williams,no face,0.0,,,,,,,,,,,,
Daryl Williams,daryl williams,ok,0.103,68,40,32,47.5,20,19,18,19.2,28.0,-44.3,-22.6,0.371
Davern Williams,davern williams,no face,0.0,,,,,,,,,,,,
David Williams,david williams,no face,0.0,,,,,,,,,,,,
DeAngelo Williams,deangelo williams,no face,0.0,,,,,,,,,,,,
DeShawn Williams,deshawn williams,ok,0.109,138,100,90,110.4,34,31,33,32.1,52.5,24.7,21.7,0.632
Demetrius Williams,demetrius williams,no face,0.0,,,,,,,,,,,,
Demorrio Williams,demorrio williams,no face,0.0,,,,,,,,,,,,
Derrick Williams,derrick williams,no face,0.0,,,,,,,,,,,,
Dexter Williams,dexter williams,ok,0.15,105,60,36,70.7,10,9,6,9.0,14.4,67.8,66.8,0.45
Domanick Williams,domanick williams,no face,0.0,,,,,,,,,,,,
Dorian Williams,dorian williams,ok,0.091,190,108,82,129.3,18,17,18,17.4,37.7,108.4,107.8,0.529
Boo Williams,boo williams,no face,0.0,,,,,,,,,,,,
Eddie Williams,eddie williams,no face,0.0,,,,,,,,,,,,
Edwin Williams,edwin williams,no face,0.0,,,,,,,,,,,,
Ricky Williams,ricky williams,no face,0.0,,,,,,,,,,,,
Evan Williams,evan williams,ok,0.122,202,137,107,152.9,14,10,9,11.1,131.6,-5.0,-3.2,1.0
Garrett Williams,garrett williams,ok,0.13,162,126,118,135.9,26,27,28,26.8,113.9,82.6,55.4,0.405
Garry Williams,garry williams,no face,0.0,,,,,,,,,,,,
Grant Williams,grant williams,no face,0.0,,,,,,,,,,,,
Harry Williams,harry williams,no face,0.0,,,,,,,,,,,,
Ian Williams,ian williams,no face,0.0,,,,,,,,,,,,
Isaiah Williams,isaiah williams,no face,0.0,,,,,,,,,,,,
Jabara Williams,jabara williams,no face,0.0,,,,,,,,,,,,
Jack Williams,jack williams,no face,0.0,,,,,,,,,,,,
Jacquian Williams,jacquian williams,no face,0.0,,,,,,,,,,,,
Jamaal Williams,jamaal williams,ok,0.125,108,70,53,79.4,16,12,9,12.9,-21.1,-6.2,-3.0,0.821
Jamal Williams,jamal williams,no face,0.0,,,,,,,,,,,,
Jamar Williams,jamar williams,no face,0.0,,,,,,,,,,,,
James Williams,james williams,no face,0.0,,,,,,,,,,,,
Jimmy Williams,jimmy williams,no face,0.0,,,,,,,,,,,,
Jameson Williams,jameson williams,ok,0.114,157,97,82,113.2,17,17,17,17.0,44.5,39.1,47.8,1.0
Jarren Williams,jarren williams,ok,0.162,204,132,99,149.8,25,22,19,22.6,29.7,125.9,113.5,0.429
Jarveon Williams,jarveon williams,ok,0.235,196,132,104,147.9,39,32,28,33.6,106.8,28.6,28.7,0.27
Jason Williams,jason williams,no face,0.0,,,,,,,,,,,,
Javarris Williams,javarris williams,no face,0.0,,,,,,,,,,,,
Javonte Williams,javonte williams,ok,0.126,135,78,57,92.6,15,13,11,13.4,39.8,65.3,69.8,0.688
Jay Williams,jay williams,no face,0.0,,,,,,,,,,,,
Jesse Williams,jesse williams,no face,0.0,,,,,,,,,,,,
Joejuan Williams,joejuan williams,ok,0.134,133,82,65,95.0,32,25,22,26.8,19.3,65.1,43.3,0.344
John Williams,john williams,no face,0.0,,,,,,,,,,,,
Jonah Williams,jonah williams,ok,0.15,234,179,177,195.2,28,17,16,20.2,160.6,173.8,170.3,0.182
Jonathan Williams,jonathan williams,ok,0.154,179,107,76,125.0,29,23,20,24.5,71.2,58.3,109.8,0.319
Jordan Williams,jordan williams,ok,0.162,193,121,85,138.4,40,30,24,32.4,-2.6,-21.0,24.4,0.137
Joe Williams,joe williams,ok,0.156,161,99,78,115.1,31,31,29,30.8,56.7,56.5,70.4,0.596
Josh Williams,josh williams,no face,0.0,,,,,,,,,,,,
Joshua Williams,joshua williams,ok,0.136,140,94,73,105.4,11,7,5,8.0,32.6,49.6,61.1,0.427
Julius Williams,julius williams,no face,0.0,,,,,,,,,,,,
K'Waun Williams,kwaun williams,ok,0.115,220,142,112,161.8,19,18,17,18.2,65.4,110.4,63.2,0.311
Karl Williams,karl williams,no face,0.0,,,,,,,,,,,,
Karlos Williams,karlos williams,no face,0.0,,,,,,,,,,,,
Kasen Williams,kasen williams,ok,0.118,132,81,57,93.5,26,23,21,23.7,55.0,76.1,73.1,0.399
Keiland Williams,keiland williams,no face,0.0,,,,,,,,,,,,
Keith Williams,keith williams,no face,0.0,,,,,,,,,,,,
P.J. Williams,pj williams,ok,0.134,101,63,45,72.3,11,11,12,11.1,43.3,-22.2,15.3,1.0
Kerwynn Williams,kerwynn williams,ok,0.155,135,65,43,83.4,22,17,13,18.0,63.6,-2.8,17.9,0.784
Kevin Williams,kevin williams,no face,0.0,,,,,,,,,,,,
Kyle Williams,kyle williams,ok,0.187,247,175,167,195.6,77,54,36,58.9,108.4,-10.9,63.8,0.05
Kyren Williams,kyren williams,ok,0.129,188,133,100,145.5,13,9,8,10.1,142.6,22.7,51.6,0.8
LaQuan Williams,laquan williams,no face,0.0,,,,,,,,,,,,
Antwione Williams,antwione williams,ok,0.149,158,91,59,107.4,15,12,11,12.8,53.8,91.2,60.6,0.381
Leon Williams,leon williams,no face,0.0,,,,,,,,,,,,
Leonard Williams,leonard williams,ok,0.126,196,124,94,142.1,18,17,16,17.2,127.2,14.3,35.7,0.7
Madieu Williams,madieu williams,no face,0.0,,,,,,,,,,,,
Malcolm Williams,malcolm williams,no face,0.0,,,,,,,,,,,,
Marcus Williams,marcus williams,no face,0.0,,,,,,,,,,,,
Mario Williams,mario williams,no face,0.0,,,,,,,,,,,,
Marquez Williams,marquez williams,ok,0.357,81,66,62,70.0,94,66,57,73.3,,,,0.0
Moe Williams,moe williams,no face,0.0,,,,,,,,,,,,
Maurice Williams,maurice williams,no face,0.0,,,,,,,,,,,,
Maxx Williams,maxx williams,ok,0.169,204,166,147,175.0,75,52,36,56.8,30.0,36.7,70.5,0.13
Melvin Williams,melvin williams,no face,0.0,,,,,,,,,,,,
Mike Williams,mike williams,no face,0.0,,,,,,,,,,,,
Michael Williams,michael williams,no face,0.0,,,,,,,,,,,,
Milton Williams,milton williams,ok,0.092,132,86,66,97.4,8,7,7,7.3,87.1,72.8,78.7,0.279
Mykel Williams,mykel williams,ok,0.112,162,90,57,107.8,8,6,5,6.5,93.5,20.4,52.7,0.43
Nick Williams,nick williams,ok,0.132,211,135,93,152.9,134,96,80,105.6,8.2,96.9,79.3,0.027
Nohl Williams,nohl williams,ok,0.11,99,45,30,59.4,27,22,22,23.5,-92.9,-54.9,-51.7,0.196
Pat Williams,pat williams,no face,0.0,,,,,,,,,,,,
Paul Williams,paul williams,no face,0.0,,,,,,,,,,,,
Preston Williams,preston williams,ok,0.128,104,70,62,79.0,46,30,28,34.6,2.6,6.2,-7.3,0.346
Quincy Williams,quincy williams,ok,0.111,116,79,64,88.4,28,25,23,25.7,12.2,20.4,29.0,0.408
Quinnen Williams,quinnen williams,ok,0.108,97,59,46,68.9,19,15,13,16.0,19.3,-21.5,9.7,0.819
Quintin Williams,quintin williams,no face,0.0,,,,,,,,,,,,
Shawn Williams,shawn williams,ok,0.13,114,81,68,89.3,20,27,28,25.0,63.1,-5.9,9.0,0.916
Raequan Williams,raequan williams,ok,0.095,164,104,83,119.5,24,19,23,21.0,1.2,95.3,45.2,0.709
Randal Williams,randal williams,no face,0.0,,,,,,,,,,,,
Reggie Williams,reggie williams,no face,0.0,,,,,,,,,,,,
Rodarius Williams,rodarius williams,ok,0.155,190,122,89,138.6,25,22,18,22.4,48.6,123.6,113.1,0.698
Rodney Williams,rodney williams,no face,0.0,,,,,,,,,,,,
Roland Williams,roland williams,no face,0.0,,,,,,,,,,,,
Roy Williams,roy williams,no face,0.0,,,,,,,,,,,,
Roydell Williams,roydell williams,no face,0.0,,,,,,,,,,,,
Ryan Williams,ryan williams,no face,0.0,,,,,,,,,,,,
Sam Williams,sam williams,no face,0.0,,,,,,,,,,,,
Savion Williams,savion williams,ok,0.14,169,101,68,117.6,22,21,20,21.2,95.5,15.0,71.2,0.538
Seth Williams,seth williams,ok,0.147,187,128,96,142.0,45,39,37,40.6,69.8,127.7,107.2,0.273
Shaud Williams,shaud williams,no face,0.0,,,,,,,,,,,,
Shaun Williams,shaun williams,no face,0.0,,,,,,,,,,,,
Steve Williams,steve williams,no face,0.0,,,,,,,,,,,,
Stephen Williams,stephen williams,no face,0.0,,,,,,,,,,,,
Sylvester Williams,sylvester williams,ok,0.099,148,85,50,100.0,39,32,26,33.4,48.3,91.5,91.8,0.435
T.J. Williams,tj williams,no face,0.0,,,,,,,,,,,,
Teddy Williams,teddy williams,ok,0.182,210,141,106,157.6,17,12,9,13.2,33.2,140.8,117.4,0.455
Terrance Williams,terrance williams,ok,0.193,194,122,87,139.5,21,15,11,16.3,9.9,94.3,58.3,0.577
Thomas Williams,thomas williams,no face,0.0,,,,,,,,,,,,
Tim Williams,tim williams,ok,0.111,154,109,86,119.9,6,16,18,13.2,72.2,106.8,109.4,0.617
Todd Williams,todd williams,no face,0.0,,,,,,,,,,,,
Tony Williams,tony williams,no face,0.0,,,,,,,,,,,,
Torri Williams,torri williams,no face,0.0,,,,,,,,,,,,
Tourek Williams,tourek williams,no face,0.0,,,,,,,,,,,,
Trae Williams,trae williams,no face,0.0,,,,,,,,,,,,
Tramon Williams,tramon williams,ok,0.161,202,114,81,136.5,23,21,19,21.4,102.9,86.6,54.2,0.751
Travis Williams,travis williams,no face,0.0,,,,,,,,,,,,
Trayveon Williams,trayveon williams,ok,0.112,183,118,85,133.7,58,48,46,50.8,84.8,114.2,102.7,0.013
Trent Williams,trent williams,ok,0.091,170,108,81,123.5,19,18,18,18.3,104.6,25.8,70.1,0.895
Trevardo Williams,trevardo williams,no face,0.0,,,,,,,,,,,,
Trevor Williams,trevor williams,ok,0.196,188,130,101,144.2,60,46,39,49.1,24.3,78.9,52.3,0.151
Ty'Son Williams,tyson williams,ok,0.15,130,86,66,97.2,27,26,21,25.7,77.2,60.0,72.9,0.536
Tyleik Williams,tyleik williams,ok,0.079,114,61,43,74.8,25,24,22,24.1,47.1,-59.7,16.4,0.999
Tyrell Williams,tyrell williams,ok,0.135,211,137,96,154.5,37,34,31,34.6,44.2,78.0,113.1,0.3
Tyrone Williams,tyrone williams,no face,0.0,,,,,,,,,,,,
Vince Williams,vince williams,no face,0.0,,,,,,,,,,,,
Walter Williams,walter williams,no face,0.0,,,,,,,,,,,,
Wendall Williams,wendall williams,no face,0.0,,,,,,,,,,,,
Willie Williams,willie williams,no face,0.0,,,,,,,,,,,,
Xavier Williams,xavier williams,ok,0.133,213,147,122,163.8,22,22,22,22.0,146.3,20.5,72.7,0.972
Avery Williamson,avery williamson,ok,0.156,174,106,72,122.5,40,36,33,36.9,34.9,78.8,70.1,0.438
Chris Williamson,chris williamson,ok,0.203,165,99,65,114.9,18,12,9,13.5,34.4,12.8,58.4,0.328
Kendall Williamson,kendall williamson,ok,0.132,136,70,44,86.8,44,31,28,34.6,-26.5,-46.1,-7.4,0.246
Troy Williamson,troy williamson,no face,0.0,,,,,,,,,,,,
Mike Willie,mike willie,no face,0.0,,,,,,,,,,,,
Matt Willig,matt willig,no face,0.0,,,,,,,,,,,,
Brayden Willis,brayden willis,ok,0.127,208,138,100,154.6,13,11,10,11.5,91.4,143.5,143.0,0.885
Ray Willis,ray willis,no face,0.0,,,,,,,,,,,,
Jason Willis,jason willis,no face,0.0,,,,,,,,,,,,
Jordan Willis,jordan willis,ok,0.116,191,126,103,142.8,18,14,14,15.2,101.1,89.0,76.7,0.301
Khari Willis,khari willis,ok,0.143,195,148,118,158.6,21,20,21,20.4,125.6,49.7,88.4,0.954
Malik Willis,malik willis,ok,0.122,166,100,75,116.7,38,30,28,32.2,-48.6,97.0,54.3,0.31
Matt Willis,matt willis,no face,0.0,,,,,,,,,,,,
Patrick Willis,patrick willis,ok,0.091,161,116,106,128.3,17,15,18,15.9,89.8,111.9,111.7,1.0
Jedrick Wills,jedrick wills,ok,0.189,60,44,43,48.7,17,8,9,10.8,,,,0.072
Luke Willson,luke willson,ok,0.266,70,44,35,50.7,63,52,48,54.8,11.2,16.2,17.3,0.296
Adrian Wilson,adrian wilson,no face,0.0,,,,,,,,,,,,
Albert Wilson,albert wilson,ok,0.145,191,122,97,139.8,20,15,14,16.4,31.6,104.3,89.5,0.581
Al Wilson,al wilson,no face,0.0,,,,,,,,,,,,
Brandon Wilson,brandon wilson,ok,0.146,167,92,69,111.8,28,25,25,25.9,65.7,31.9,44.0,0.782
Caleb Wilson,caleb wilson,ok,0.226,239,171,137,187.5,17,15,10,15.0,94.1,-3.3,16.8,0.639
Cedrick Wilson,cedrick wilson,ok,0.103,73,42,41,51.2,,,,,,,,0.0
Chris Wilson,chris wilson,no face,0.0,,,,,,,,,,,,
C.J. Wilson,cj wilson,no face,0.0,,,,,,,,,,,,
Damien Wilson,damien wilson,ok,0.14,140,89,66,101.6,20,19,19,19.3,3.4,58.8,19.7,0.349
David Wilson,david wilson,no face,0.0,,,,,,,,,,,,
Donovan Wilson,donovan wilson,ok,0.124,140,82,66,97.5,38,34,33,35.1,-16.8,13.5,25.3,0.419
E.J. Wilson,ej wilson,no face,0.0,,,,,,,,,,,,
Eric Wilson,eric wilson,no face,0.0,,,,,,,,,,,,
Eugene Wilson,eugene wilson,no face,0.0,,,,,,,,,,,,
Garrett Wilson,garrett wilson,ok,0.102,167,124,110,135.3,20,18,17,18.5,8.5,64.1,58.7,0.839
George Wilson,george wilson,no face,0.0,,,,,,,,,,,,
Gibril Wilson,gibril wilson,no face,0.0,,,,,,,,,,,,
Howard Wilson,howard wilson,ok,0.33,75,62,60,65.7,30,31,35,31.2,,,,0.416
Isaiah Wilson,isaiah wilson,ok,0.173,134,96,88,106.4,37,32,30,33.3,14.4,-34.1,38.9,0.508
Jimmy Wilson,jimmy wilson,no face,0.0,,,,,,,,,,,,
Tyler Wilson,tyler wilson,no face,0.0,,,,,,,,,,,,
Jared Wilson,jared wilson,ok,0.132,112,68,47,78.8,17,16,16,16.3,-16.3,-30.5,18.4,0.42
Jarrod Wilson,jarrod wilson,ok,0.161,190,132,108,146.6,25,19,16,20.5,73.1,100.3,111.2,0.293
Jeff Wilson,jeff wilson,ok,0.134,132,87,75,99.2,16,7,8,9.8,19.0,93.2,65.1,0.713
Jerry Wilson,jerry wilson,no face,0.0,,,,,,,,,,,,
Bobo Wilson,bobo wilson,ok,0.298,75,44,32,51.9,36,25,22,27.9,,,,0.0
John Parker Wilson,john parker wilson,no face,0.0,,,,,,,,,,,,
Johnny Wilson,johnny wilson,ok,0.123,153,113,98,123.2,24,23,22,23.2,32.6,-5.0,6.2,1.0
Josh Wilson,josh wilson,no face,0.0,,,,,,,,,,,,
Kion Wilson,kion wilson,no face,0.0,,,,,,,,,,,,
Kris Wilson,kris wilson,no face,0.0,,,,,,,,,,,,
Kyle Wilson,kyle wilson,no face,0.0,,,,,,,,,,,,
Lawrence Wilson,lawrence wilson,no face,0.0,,,,,,,,,,,,
Logan Wilson,logan wilson,ok,0.146,156,101,78,114.8,136,122,112,125.2,-69.8,-22.1,-27.6,0.016
Mack Wilson,mack wilson,ok,0.126,123,77,62,89.0,37,35,33,35.4,-7.6,13.1,33.2,0.407
Marco Wilson,marco wilson,ok,0.133,142,91,68,103.6,34,26,24,28.2,-8.9,-4.2,-40.0,0.336
Mark Wilson,mark wilson,no face,0.0,,,,,,,,,,,,
Marquess Wilson,marquess wilson,no face,0.0,,,,,,,,,,,,
Martez Wilson,martez wilson,no face,0.0,,,,,,,,,,,,
Marvin Wilson,marvin wilson,ok,0.12,174,104,75,121.6,15,13,14,13.7,116.6,109.4,108.8,0.492
Michael Wilson,michael wilson,ok,0.162,196,143,116,155.8,23,20,19,20.8,111.8,25.1,-5.3,0.873
Payton Wilson,payton wilson,ok,0.105,142,94,91,108.2,148,144,142,145.0,-36.9,41.9,37.4,0.071
Quincy Wilson,quincy wilson,no face,0.0,,,,,,,,,,,,
Ramik Wilson,ramik wilson,ok,0.125,218,144,105,161.7,21,16,14,17.3,142.9,151.9,149.9,0.761
Rod Wilson,rod wilson,no face,0.0,,,,,,,,,,,,
Roman Wilson,roman wilson,ok,0.135,229,162,152,181.2,19,18,18,18.3,150.9,12.8,44.9,0.66
Russell Wilson,russell wilson,ok,0.122,193,118,87,137.2,18,17,16,17.2,69.0,83.9,53.9,0.771
Stanley Wilson,stanley wilson,no face,0.0,,,,,,,,,,,,
Tavon Wilson,tavon wilson,ok,0.139,171,113,86,127.3,31,31,28,30.7,95.0,76.7,80.7,0.429
Tracy Wilson,tracy wilson,no face,0.0,,,,,,,,,,,,
Travis Wilson,travis wilson,no face,0.0,,,,,,,,,,,,
Tyree Wilson,tyree wilson,ok,0.127,162,104,80,119.0,18,17,20,17.6,95.0,42.5,47.9,0.684
Zach Wilson,zach wilson,ok,0.155,160,120,112,131.2,86,67,60,71.9,-42.2,-36.5,-23.9,0.04
Kamerion Wimbley,kamerion wimbley,no face,0.0,,,,,,,,,,,,
Derrick Wimbush,derrick wimbush,no face,0.0,,,,,,,,,,,,
Javon Wims,javon wims,ok,0.114,117,72,45,82.4,11,10,11,10.4,19.2,64.9,28.8,0.734
Jamie Winborn,jamie winborn,no face,0.0,,,,,,,,,,,,
Jamaine Winborne,jamaine winborne,no face,0.0,,,,,,,,,,,,
James Winchester,james winchester,ok,0.113,227,146,127,168.1,27,22,20,23.3,49.1,35.3,67.0,0.329
Mike Windt,mike windt,ok,0.18,211,158,140,171.8,116,84,66,91.5,30.8,92.3,99.8,0.094
Brandon Winey,brandon winey,no face,0.0,,,,,,,,,,,,
Antoine Winfield,antoine winfield,no face,0.0,,,,,,,,,,,,
Juwann Winfree,juwann winfree,ok,0.108,201,146,121,159.6,26,27,27,26.7,70.5,112.8,94.8,0.598
Perrion Winfrey,perrion winfrey,ok,0.14,170,124,98,134.5,47,43,40,43.9,16.9,91.3,71.0,0.288
Brad Wing,brad wing,no face,0.0,,,,,,,,,,,,
Andrew Wingard,andrew wingard,ok,0.29,112,73,41,81.0,174,167,164,168.8,1.1,,-70.3,0.018
Mekhi Wingo,mekhi wingo,ok,0.086,171,106,83,122.8,24,24,26,24.2,100.3,41.2,32.4,0.743
Ronnie Wingo,ronnie wingo,no face,0.0,,,,,,,,,,,,
Billy Winn,billy winn,ok,0.197,253,198,169,211.1,24,21,18,21.6,177.3,93.9,91.1,0.378
Chase Winovich,chase winovich,ok,0.157,187,132,106,145.5,50,37,28,39.9,51.7,132.8,121.8,0.061
Kellen Winslow,kellen winslow,ok,0.115,147,123,74,124.6,127,144,167,141.5,,,,0.078
Ryan Winslow,ryan winslow,ok,0.187,140,88,72,102.1,41,29,25,32.1,-66.6,-72.6,-69.2,0.403
Easop Winston,easop winston,ok,0.146,174,110,72,124.8,20,19,17,19.1,101.4,61.7,62.8,0.452
Eric Winston,eric winston,no face,0.0,,,,,,,,,,,,
Jameis Winston,jameis winston,ok,0.108,157,109,84,120.5,12,10,10,10.6,8.7,40.0,39.5,0.952
Kevin Winston Jr.,kevin winston,ok,0.096,154,103,77,115.3,54,67,105,67.4,-18.8,-35.5,-31.8,1.0
Brian Winters,brian winters,ok,0.158,208,144,130,161.5,122,80,64,90.7,128.0,35.2,127.9,0.019
Dee Winters,dee winters,ok,0.134,176,104,75,122.1,7,7,6,6.9,8.7,36.8,69.2,1.0
Coy Wire,coy wire,no face,0.0,,,,,,,,,,,,
Tristan Wirfs,tristan wirfs,ok,0.112,209,151,122,165.0,17,14,13,14.8,99.1,-5.8,11.8,0.742
Daniel Wise,daniel wise,ok,0.1,154,85,51,101.8,35,34,33,34.2,62.0,-104.0,39.4,0.259
Deatrich Wise,deatrich wise,ok,0.133,205,138,112,155.1,18,17,15,17.1,144.0,42.5,76.8,0.605
Mitch Wishnowsky,mitch wishnowsky,ok,0.16,194,149,126,159.9,85,68,53,71.4,34.7,46.0,50.5,0.031
Stefen Wisniewski,stefen wisniewski,ok,0.166,216,138,113,158.5,27,22,19,23.2,53.4,91.7,111.2,0.351
Grant Wistrom,grant wistrom,no face,0.0,,,,,,,,,,,,
Brian Witherspoon,brian witherspoon,no face,0.0,,,,,,,,,,,,
Devon Witherspoon,devon witherspoon,ok,0.133,166,117,95,129.1,17,16,16,16.3,109.5,61.4,110.5,0.66
Ahkello Witherspoon,ahkello witherspoon,ok,0.14,204,138,99,153.3,42,33,30,35.3,54.2,58.8,60.0,0.175
Will Witherspoon,will witherspoon,no face,0.0,,,,,,,,,,,,
Cory Withrow,cory withrow,no face,0.0,,,,,,,,,,,,
Jake Witt,jake witt,ok,0.128,246,186,182,203.4,38,33,30,34.0,147.0,20.1,42.4,0.825
Jason Witten,jason witten,ok,0.161,211,132,103,152.3,127,82,68,93.9,44.2,73.1,45.8,0.028
Bryan Witzmann,bryan witzmann,ok,0.201,157,99,72,113.3,74,44,23,50.7,-32.8,30.8,-4.5,0.034
Charlie Woerner,charlie woerner,ok,0.146,193,116,88,135.8,18,13,10,14.2,9.8,17.5,0.2,0.376
Hunter Wohler,hunter wohler,ok,0.131,168,129,123,140.0,132,124,114,125.5,-27.8,14.0,32.7,0.04
Ethan Wolf,ethan wolf,ok,0.193,149,116,100,123.7,78,61,51,64.9,-39.2,-5.1,0.6,0.16
Derek Wolfe,derek wolfe,ok,0.179,203,134,118,152.8,50,36,30,39.5,103.0,134.4,129.5,0.263
Garrett Wolfe,garrett wolfe,no face,0.0,,,,,,,,,,,,
Earl Wolff,earl wolff,no face,0.0,,,,,,,,,,,,
John Wolford,john wolford,ok,0.143,214,167,161,180.4,22,15,13,16.9,23.1,10.3,58.3,0.283
Floyd Womack,floyd womack,no face,0.0,,,,,,,,,,,,
Samuel Womack,samuel womack,ok,0.085,139,97,84,108.1,24,24,24,24.0,14.8,34.4,75.1,0.662
Kailee Wong,kailee wong,no face,0.0,,,,,,,,,,,,
D.J. Wonnum,dj wonnum,ok,0.105,188,128,108,143.4,32,25,24,27.0,84.9,119.8,127.0,0.15
Cierre Wood,cierre wood,no face,0.0,,,,,,,,,,,,
Eric Wood,eric wood,no face,0.0,,,,,,,,,,,,
Zach Wood,zach wood,ok,0.176,183,133,106,144.9,48,37,29,39.4,-15.4,45.7,33.4,0.11
Cedric Woodard,cedric woodard,no face,0.0,,,,,,,,,,,,
Jonathan Woodard,jonathan woodard,ok,0.102,192,116,90,135.5,11,10,10,10.3,119.6,14.6,19.8,0.965
Colby Wooden,colby wooden,ok,0.118,134,83,64,96.1,2,2,5,2.3,17.6,86.7,80.9,0.517
Danny Woodhead,danny woodhead,no face,0.0,,,,,,,,,,,,
LaMarr Woodley,lamarr woodley,no face,0.0,,,,,,,,,,,,
Al Woods,al woods,ok,0.13,154,92,67,108.0,19,11,7,12.9,90.3,52.2,71.8,0.464
Antwaun Woods,antwaun woods,ok,0.168,177,124,99,137.0,29,28,29,28.4,105.1,41.3,94.8,0.258
JT Woods,jt woods,ok,0.146,186,117,85,134.0,20,19,17,19.1,51.2,12.4,23.7,0.68
Jelani Woods,jelani woods,ok,0.115,131,88,75,99.4,24,23,23,23.3,57.1,25.0,29.1,0.508
Jerome Woods,jerome woods,no face,0.0,,,,,,,,,,,,
Josh Woods,josh woods,ok,0.116,179,108,77,125.7,72,48,38,54.0,62.5,82.6,112.2,0.036
LeVar Woods,levar woods,no face,0.0,,,,,,,,,,,,
Pierre Woods,pierre woods,no face,0.0,,,,,,,,,,,,
Rashaun Woods,rashaun woods,no face,0.0,,,,,,,,,,,,
Robert Woods,robert woods,ok,0.137,182,123,94,137.1,27,18,16,20.8,120.6,37.1,82.5,0.125
Xavier Woods,xavier woods,ok,0.117,164,120,108,131.7,19,18,18,18.3,108.4,50.5,53.2,0.27
Logan Woodside,logan woodside,ok,0.13,236,170,159,188.5,28,24,22,25.0,49.8,-0.4,21.8,0.479
Andre Woodson,andre woodson,no face,0.0,,,,,,,,,,,,
Charles Woodson,charles woodson,no face,0.0,,,,,,,,,,,,
Craig Woodson,craig woodson,ok,0.124,156,108,86,119.8,15,14,14,14.3,8.5,59.5,44.1,0.611
Stoney Woodson,stoney woodson,no face,0.0,,,,,,,,,,,,
Xavier Woodson-Luster,xavier woodson luster,ok,0.197,126,84,52,92.9,76,64,56,66.6,-7.8,55.9,35.4,0.061
Damien Woody,damien woody,no face,0.0,,,,,,,,,,,,
Wesley Woodyard,wesley woodyard,ok,0.16,198,138,110,153.0,23,21,21,21.6,71.1,127.5,105.2,0.349
Riq Woolen,riq woolen,ok,0.131,167,113,91,126.6,15,14,13,14.2,85.1,46.7,40.9,0.636
Andre Woolfolk,andre woolfolk,no face,0.0,,,,,,,,,,,,
Khalid Wooten,khalid wooten,no face,0.0,,,,,,,,,,,,
Corey Wootton,corey wootton,no face,0.0,,,,,,,,,,,,
Jason Worilds,jason worilds,no face,0.0,,,,,,,,,,,,
Daryl Worley,daryl worley,ok,0.095,166,103,85,119.8,34,34,34,34.0,57.8,104.5,104.5,0.417
Chris Wormley,chris wormley,ok,0.149,208,151,123,164.9,39,34,27,34.7,25.5,85.4,95.1,0.171
Cameron Worrell,cameron worrell,no face,0.0,,,,,,,,,,,,
Paul Worrilow,paul worrilow,no face,0.0,,,,,,,,,,,,
Cornelius Wortham,cornelius wortham,no face,0.0,,,,,,,,,,,,
Doug Worthington,doug worthington,no face,0.0,,,,,,,,,,,,
Jerel Worthy,jerel worthy,ok,0.146,220,153,119,169.2,71,57,54,60.8,105.3,145.3,137.1,0.053
Xavier Worthy,xavier worthy,ok,0.086,157,82,68,102.8,18,18,19,18.1,12.5,76.5,61.8,0.209
Tony Wragge,tony wragge,no face,0.0,,,,,,,,,,,,
Blidi Wreh-Wilson,blidi wreh wilson,ok,0.172,139,80,50,94.2,19,15,12,15.9,67.6,55.4,88.6,0.337
Renell Wren,renell wren,ok,0.135,171,114,92,128.5,31,30,28,30.1,108.9,-25.3,17.6,0.752
George Wrighster,george wrighster,no face,0.0,,,,,,,,,,,,
Abraham Wright,abraham wright,no face,0.0,,,,,,,,,,,,
Alex Wright,alex wright,ok,0.176,80,57,48,62.9,19,15,14,16.1,-53.1,23.4,28.9,0.261
Anthony Wright,anthony wright,no face,0.0,,,,,,,,,,,,
Brock Wright,brock wright,ok,0.142,218,164,150,178.4,74,58,53,62.7,12.2,110.3,103.0,0.044
Darnell Wright,darnell wright,ok,0.107,206,154,123,165.7,1,1,1,1.0,143.6,-28.7,25.5,0.95
Dwayne Wright,dwayne wright,no face,0.0,,,,,,,,,,,,
DeAndre Wright,deandre wright,no face,0.0,,,,,,,,,,,,
Eric Wright,eric wright,no face,0.0,,,,,,,,,,,,
Gabe Wright,gabe wright,ok,0.117,249,169,135,189.0,44,43,35,42.4,138.2,159.3,158.7,0.334
James Wright,james wright,ok,0.132,173,100,66,118.0,23,19,16,19.9,92.7,5.7,14.0,0.986
Jarius Wright,jarius wright,ok,0.162,172,98,73,117.3,19,13,13,14.8,23.4,94.6,57.5,0.764
Jason Wright,jason wright,no face,0.0,,,,,,,,,,,,
Jaylen Wright,jaylen wright,ok,0.107,159,92,66,109.1,120,107,122,112.6,40.8,-26.7,80.4,0.924
Kendall Wright,kendall wright,ok,0.142,126,80,56,91.2,23,17,16,18.7,45.1,45.4,57.8,0.998
Kenny Wright,kenny wright,no face,0.0,,,,,,,,,,,,
K.J. Wright,kj wright,ok,0.177,199,128,93,145.5,58,33,21,39.1,83.4,25.1,102.2,0.12
Kenyatta Wright,kenyatta wright,no face,0.0,,,,,,,,,,,,
Major Wright,major wright,no face,0.0,,,,,,,,,,,,
Manuel Wright,manuel wright,no face,0.0,,,,,,,,,,,,
Matthew Wright,matthew wright,ok,0.137,195,138,128,153.9,40,30,29,32.9,-27.0,40.2,-0.4,0.182
Mike Wright,mike wright,no face,0.0,,,,,,,,,,,,
Nahshon Wright,nahshon wright,ok,0.107,138,87,72,100.6,18,17,17,17.3,0.6,24.1,16.0,0.665
Scooby Wright,scooby wright,ok,0.243,137,92,71,103.1,26,18,12,19.7,-66.3,-63.8,-110.2,0.211
Rodrique Wright,rodrique wright,no face,0.0,,,,,,,,,,,,
Shareece Wright,shareece wright,ok,0.153,141,93,82,106.1,39,37,41,38.1,74.3,80.5,59.1,0.698
Wallace Wright,wallace wright,no face,0.0,,,,,,,,,,,,
Claude Wroten,claude wroten,no face,0.0,,,,,,,,,,,,
Mansfield Wrotto,mansfield wrotto,no face,0.0,,,,,,,,,,,,
Jerry Wunsch,jerry wunsch,no face,0.0,,,,,,,,,,,,
Devonte Wyatt,devonte wyatt,ok,0.093,162,108,89,122.0,21,21,16,20.4,79.7,108.6,109.5,0.96
James Wyche,james wyche,no face,0.0,,,,,,,,,,,,
Andrew Wylie,andrew wylie,ok,0.15,243,194,183,207.4,88,74,68,77.4,24.8,24.8,47.7,0.023
Devon Wylie,devon wylie,no face,0.0,,,,,,,,,,,,
Ellis Wyms,ellis wyms,no face,0.0,,,,,,,,,,,,
DeShawn Wynn,deshawn wynn,no face,0.0,,,,,,,,,,,,
Dexter Wynn,dexter wynn,no face,0.0,,,,,,,,,,,,
Isaiah Wynn,isaiah wynn,ok,0.069,141,92,74,104.6,21,15,18,17.1,-24.9,42.9,51.8,0.784
Jarius Wynn,jarius wynn,no face,0.0,,,,,,,,,,,,
Kerry Wynn,kerry wynn,ok,0.242,247,179,139,194.8,178,122,89,135.0,106.7,14.0,19.6,0.06
Renaldo Wynn,renaldo wynn,no face,0.0,,,,,,,,,,,,
Shane Wynn,shane wynn,ok,0.133,163,102,78,117.5,36,30,29,31.7,32.7,87.0,83.6,0.648
Luke Wypler,luke wypler,ok,0.158,227,165,154,182.3,83,78,78,79.4,1.9,28.3,25.2,0.15
Jimmy Wyrick,jimmy wyrick,no face,0.0,,,,,,,,,,,,
Oshane Ximines,oshane ximines,ok,0.122,187,123,96,139.1,44,40,38,41.0,8.1,109.7,105.7,0.478
Rock Ya-Sin,rock ya sin,ok,0.11,168,106,91,122.8,20,17,17,17.9,90.6,40.2,49.0,0.596
DeAngelo Yancey,deangelo yancey,ok,0.168,201,126,86,143.9,9,7,4,7.3,113.5,62.5,83.8,0.61
Marshal Yanda,marshal yanda,ok,0.186,226,175,160,188.5,42,28,23,31.6,31.6,109.6,99.2,0.047
David Yankey,david yankey,no face,0.0,,,,,,,,,,,,
Eddie Yarbrough,eddie yarbrough,ok,0.156,210,135,95,152.9,13,11,11,11.6,91.7,13.1,57.2,0.564
Ron Yary,ron yary,ok,0.079,200,176,160,181.4,31,43,65,41.9,,,,0.109
Billy Yates,billy yates,no face,0.0,,,,,,,,,,,,
Max Yates,max yates,no face,0.0,,,,,,,,,,,,
T.J. Yates,tj yates,no face,0.0,,,,,,,,,,,,
Russ Yeast,russ yeast,ok,0.104,157,93,66,109.1,19,18,18,18.3,92.1,-9.8,28.9,1.0
Will Yeatman,will yeatman,no face,0.0,,,,,,,,,,,,
Kenny Yeboah,kenny yeboah,ok,0.112,159,100,85,115.9,21,19,18,19.5,60.9,50.5,54.9,0.994
Deon Yelder,deon yelder,ok,0.142,176,123,104,136.7,20,20,19,19.9,99.2,36.5,44.2,1.0
T.J. Yeldon,tj yeldon,ok,0.166,132,82,63,94.5,24,18,19,19.9,18.3,29.4,62.6,0.373
Isaac Yiadom,isaac yiadom,ok,0.11,73,55,53,60.2,18,17,19,17.5,-7.6,-18.8,-16.9,1.0
Todd Yoder,todd yoder,no face,0.0,,,,,,,,,,,,
Cade York,cade york,ok,0.148,218,161,152,177.0,48,35,32,38.4,-8.7,48.8,-4.7,0.159
Ashton Youboty,ashton youboty,no face,0.0,,,,,,,,,,,,
Albert Young,albert young,no face,0.0,,,,,,,,,,,,
Avery Young,avery young,ok,0.18,143,81,58,96.9,28,22,19,23.5,6.2,-2.0,37.3,0.304
Bryant Young,bryant young,no face,0.0,,,,,,,,,,,,
Bryce Young,bryce young,ok,0.115,196,132,104,147.7,17,17,17,17.0,6.0,16.6,18.8,1.0
Byron Young,byron young,ok,0.11,138,87,65,99.6,22,22,20,21.8,75.5,50.9,33.5,0.986
Cameron Young,cameron young,ok,0.101,166,109,80,122.8,21,21,19,20.8,102.4,83.6,100.4,0.282
Chase Young,chase young,ok,0.163,96,55,38,65.3,24,23,28,23.9,-95.5,-35.9,-41.3,0.532
Chris Young,chris young,no face,0.0,,,,,,,,,,,,
Dareke Young,dareke young,ok,0.078,114,84,84,92.9,26,24,26,24.8,76.4,9.9,-0.7,0.116
Darrel Young,darrel young,no face,0.0,,,,,,,,,,,,
Brian Young,brian young,no face,0.0,,,,,,,,,,,,
Kenny Young,kenny young,ok,0.137,196,140,110,153.3,15,13,14,13.7,48.3,89.0,79.8,0.526
Landon Young,landon young,ok,0.147,181,136,122,147.6,40,32,28,34.2,-0.2,70.2,27.9,0.083
Lou Young,lou young,ok,0.226,110,66,46,76.9,12,12,10,11.8,-146.8,-123.1,-101.2,0.412
Ryan Young,ryan young,no face,0.0,,,,,,,,,,,,
Sam Young,sam young,ok,0.176,214,158,134,172.0,94,73,54,77.1,-12.0,9.5,5.9,0.062
Scott Young,scott young,no face,0.0,,,,,,,,,,,,
Selvin Young,selvin young,no face,0.0,,,,,,,,,,,,
Tavon Young,tavon young,ok,0.179,174,98,59,116.3,19,15,10,15.6,106.2,24.3,62.7,0.399
Titus Young,titus young,no face,0.0,,,,,,,,,,,,
Trevon Young,trevon young,ok,0.185,208,143,114,159.1,19,13,13,14.8,85.2,24.9,37.0,0.444
Usama Young,usama young,no face,0.0,,,,,,,,,,,,
Vince Young,vince young,no face,0.0,,,,,,,,,,,,
Willie Young,willie young,no face,0.0,,,,,,,,,,,,
Christian Yount,christian yount,no face,0.0,,,,,,,,,,,,
Dave Yovanovits,dave yovanovits,no face,0.0,,,,,,,,,,,,
Grey Zabel,grey zabel,ok,0.172,181,140,122,149.9,49,37,28,39.6,-25.0,17.8,-15.2,0.114
Jared Zabransky,jared zabransky,no face,0.0,,,,,,,,,,,,
Olamide Zaccheaus,olamide zaccheaus,ok,0.116,80,56,52,62.6,22,17,17,18.5,52.8,27.5,1.5,0.101
Nick Zakelj,nick zakelj,ok,0.155,171,117,97,130.9,51,34,28,38.6,-31.1,64.7,-5.1,0.074
Bailey Zappe,bailey zappe,ok,0.131,181,133,120,145.9,20,15,11,16.0,8.8,-8.3,8.6,0.397
Dave Zastudil,dave zastudil,no face,0.0,,,,,,,,,,,,
Chandler Zavala,chandler zavala,ok,0.107,187,117,99,135.9,20,18,17,18.5,82.7,32.2,35.1,0.927
Tom Zbikowski,tom zbikowski,no face,0.0,,,,,,,,,,,,
Dominique Zeigler,dominique zeigler,no face,0.0,,,,,,,,,,,,
Kevin Zeitler,kevin zeitler,ok,0.151,236,181,167,195.8,53,39,30,42.2,47.4,9.5,21.0,0.025
Joe Zelenka,joe zelenka,no face,0.0,,,,,,,,,,,,
Peppi Zellner,peppi zellner,no face,0.0,,,,,,,,,,,,
Alan Zemaitis,alan zemaitis,no face,0.0,,,,,,,,,,,,
Zach Zenner,zach zenner,ok,0.173,231,191,169,200.5,15,14,12,14.1,7.0,46.7,58.0,0.843
Amos Zereoue,amos zereoue,no face,0.0,,,,,,,,,,,,
Anthony Zettel,anthony zettel,ok,0.168,210,156,140,170.3,22,18,16,19.0,109.4,-6.2,21.1,0.859
Jeff Zgonina,jeff zgonina,no face,0.0,,,,,,,,,,,,
Lee Ziemba,lee ziemba,no face,0.0,,,,,,,,,,,,
Justin Zimmer,justin zimmer,ok,0.149,230,168,154,184.9,38,28,26,30.9,-1.2,-18.0,48.0,0.061
Mike Zimmer,mike zimmer,no face,0.0,,,,,,,,,,,,
Keith Zinger,keith zinger,no face,0.0,,,,,,,,,,,,
Zak Zinter,zak zinter,ok,0.151,219,183,173,192.6,29,24,20,25.0,78.4,30.5,56.1,0.786
Frank Zombo,frank zombo,ok,0.121,182,120,92,135.3,29,23,18,24.2,27.2,0.0,24.0,0.383
Greg Zuerlein,greg zuerlein,ok,0.156,156,104,89,117.8,128,91,76,100.4,13.9,89.8,62.3,0.041
Paul Zukauskas,paul zukauskas,no face,0.0,,,,,,,,,,,,
Jordan Zumwalt,jordan zumwalt,no face,0.0,,,,,,,,,,,,
Jabari Zuniga,jabari zuniga,ok,0.102,120,60,37,75.3,4,16,15,12.3,34.7,63.0,60.1,1.0
Markus Zusevics,markus zusevics,no face,0.0,,,,,,,,,,,,
Jeremy Zuttah,jeremy zuttah,no face,0.0,,,,,,,,,,,,
Brandon Zylstra,brandon zylstra,ok,0.119,197,141,116,155.0,30,29,29,29.3,-21.5,-9.9,-14.6,1.0
Shane Zylstra,shane zylstra,ok,0.112,193,132,114,148.2,15,12,10,12.7,68.9,109.6,60.7,0.309
Kimo von Oelhoffen,kimo von oelhoffen,no face,0.0,,,,,,,,,,,,
Xavier Hutchinson,xavier hutchinson,ok,0.154,185,116,80,132.8,14,11,10,11.8,116.2,-30.3,15.9,0.992
Trevor Hutton,trevor hutton,no face,0.0,,,,,,,,,,,,
Jalin Hyatt,jalin hyatt,ok,0.119,223,158,127,173.9,18,16,13,16.3,77.0,35.0,79.6,1.0
Carlos Hyde,carlos hyde,ok,0.168,156,94,65,109.2,29,19,14,21.4,5.4,84.0,81.0,0.238
Micah Hyde,micah hyde,ok,0.119,209,134,113,154.3,10,10,9,9.9,25.9,133.7,132.7,0.44
Kerry Hyder,kerry hyder,ok,0.146,160,79,40,98.8,12,11,10,11.2,65.4,36.0,46.1,0.512
Randy Hymes,randy hymes,no face,0.0,,,,,,,,,,,,
Henry Hynoski,henry hynoski,no face,0.0,,,,,,,,,,,,
Ruben Hyppolite II,ruben hyppolite,ok,0.126,138,90,72,102.3,6,6,5,5.9,93.3,5.0,62.1,0.749
Israel Idonije,israel idonije,no face,0.0,,,,,,,,,,,,
Germain Ifedi,germain ifedi,ok,0.135,99,72,55,78.1,23,23,23,23.0,37.2,-13.0,35.1,0.531
Martin Ifedi,martin ifedi,no face,0.0,,,,,,,,,,,,
Noah Igbinoghene,noah igbinoghene,ok,0.103,146,104,85,114.4,19,19,18,18.9,67.3,96.1,96.4,0.386
Juaquin Iglesias,juaquin iglesias,no face,0.0,,,,,,,,,,,,
Godwin Igwebuike,godwin igwebuike,ok,0.133,186,108,77,127.6,27,26,25,26.2,16.9,18.3,40.4,0.936
Emil Igwenagu,emil igwenagu,no face,0.0,,,,,,,,,,,,
James Ihedigbo,james ihedigbo,no face,0.0,,,,,,,,,,,,
Duke Ihenacho,duke ihenacho,no face,0.0,,,,,,,,,,,,
Ben Ijalana,ben ijalana,ok,0.129,117,77,65,87.6,91,73,68,77.9,6.5,71.7,69.8,0.0
Siaki Ika,siaki ika,ok,0.126,205,145,113,159.3,19,17,17,17.6,33.7,121.2,130.2,0.951
Gabe Ikard,gabe ikard,no face,0.0,,,,,,,,,,,,
Jack Ikegwuonu,jack ikegwuonu,no face,0.0,,,,,,,,,,,,
George Iloka,george iloka,ok,0.175,171,105,69,120.6,19,14,11,15.2,27.7,76.7,63.5,0.474
Richie Incognito,richie incognito,ok,0.154,198,148,117,159.4,45,32,20,34.5,-24.6,20.0,20.6,0.084
Alec Ingold,alec ingold,ok,0.133,200,150,136,163.4,53,42,41,45.2,-5.4,57.0,90.3,0.237
Clint Ingram,clint ingram,no face,0.0,,,,,,,,,,,,
Cornelius Ingram,cornelius ingram,no face,0.0,,,,,,,,,,,,
Ed Ingram,ed ingram,ok,0.105,153,81,63,100.5,9,8,8,8.3,62.7,93.4,95.3,0.558
Melvin Ingram,melvin ingram,ok,0.156,122,86,78,95.9,33,28,31,29.8,10.3,74.1,49.5,0.522
Johnathan Ingram,johnathan ingram,no face,0.0,,,,,,,,,,,,
Keaontay Ingram,keaontay ingram,ok,0.168,210,138,99,155.1,59,50,46,52.2,129.9,-51.1,-13.0,0.031
Mark Ingram,mark ingram,no face,0.0,,,,,,,,,,,,
Tyrion Ingram-Dawkins,tyrion ingram dawkins,ok,0.141,220,152,108,167.3,37,30,26,31.6,117.0,36.1,60.6,0.273
Dontrelle Inman,dontrelle inman,ok,0.188,162,114,100,126.8,178,158,150,163.0,15.5,29.2,57.5,0.064
Junior Ioane,junior ioane,no face,0.0,,,,,,,,,,,,
Matthew Ioannidis,matthew ioannidis,ok,0.19,232,172,158,188.5,34,29,27,30.3,160.4,-17.9,0.0,0.759
Joey Iosefa,joey iosefa,no face,0.0,,,,,,,,,,,,
Andrei Iosivas,andrei iosivas,ok,0.138,227,159,136,176.7,22,18,17,18.9,6.7,20.2,43.1,0.83
David Irons,david irons,no face,0.0,,,,,,,,,,,,
Grant Irons,grant irons,no face,0.0,,,,,,,,,,,,
Kenny Irons,kenny irons,no face,0.0,,,,,,,,,,,,
Bruce Irvin,bruce irvin,ok,0.169,202,128,95,146.4,19,15,13,16.0,30.5,122.8,56.2,0.691
Corvey Irvin,corvey irvin,no face,0.0,,,,,,,,,,,,
Ken Irvin,ken irvin,no face,0.0,,,,,,,,,,,,
Michael Irvin,michael irvin,ok,0.073,157,85,79,105.8,217,206,210,209.7,,,,0.064
David Irving,david irving,ok,0.157,161,99,69,114.1,13,11,5,10.9,29.1,54.1,44.0,0.817
Isaiah Irving,isaiah irving,ok,0.187,211,133,98,152.3,24,18,15,19.5,-8.7,108.4,53.4,0.568
Bucky Irving,bucky irving,ok,0.109,138,95,87,106.9,11,10,14,10.8,97.3,8.3,25.2,0.713
Nate Irving,nate irving,no face,0.0,,,,,,,,,,,,
Trenton Irwin,trenton irwin,ok,0.159,63,41,31,46.4,23,22,27,22.9,-58.2,,-52.7,0.641
Adisa Isaac,adisa isaac,ok,0.113,128,82,64,93.7,25,20,18,21.3,28.1,59.7,40.5,0.293
Andy Isabella,andy isabella,ok,0.13,220,174,150,184.9,42,35,33,36.9,7.7,1.0,16.9,0.61
Kemal Ishmael,kemal ishmael,ok,0.162,179,103,78,122.9,22,18,16,19.0,106.9,46.4,42.8,0.865
Danny Isidora,danny isidora,ok,0.2,148,96,75,109.2,26,22,19,22.9,87.0,15.2,31.1,0.236
Keith Ismael,keith ismael,ok,0.143,188,136,117,149.4,29,26,21,26.3,39.3,30.2,57.0,0.395
Jasen Isom,jasen isom,no face,0.0,,,,,,,,,,,,
Rod Issac,rod issac,no face,0.0,,,,,,,,,,,,
Pete Ittersagen,pete ittersagen,no face,0.0,,,,,,,,,,,,
Mike Iupati,mike iupati,ok,0.147,186,121,98,137.8,21,17,15,18.0,102.6,-32.9,-12.6,0.882
D.J. Ivey,dj ivey,ok,0.131,169,103,73,119.3,22,20,18,20.4,78.0,30.4,41.5,0.339
Travis Ivey,travis ivey,no face,0.0,,,,,,,,,,,,
Joey Ivie,joey ivie,ok,0.14,200,155,142,167.0,42,38,32,38.5,33.0,27.1,44.7,0.694
Chris Ivory,chris ivory,ok,0.185,170,99,63,116.0,52,42,36,44.6,94.3,-8.3,64.0,0.061
Corey Ivy,corey ivy,no face,0.0,,,,,,,,,,,,
Kenny Iwebema,kenny iwebema,no face,0.0,,,,,,,,,,,,
Prince Charles Iworah,prince charles iworah,no face,0.0,,,,,,,,,,,,
Brian Iwuh,brian iwuh,no face,0.0,,,,,,,,,,,,
Chidi Iwuoma,chidi iwuoma,no face,0.0,,,,,,,,,,,,
Joel Iyiegbuniwe,joel iyiegbuniwe,ok,0.113,161,105,82,119.1,22,22,23,22.1,91.7,93.0,94.7,0.973
Larry Izzo,larry izzo,no face,0.0,,,,,,,,,,,,
Ryan Izzo,ryan izzo,ok,0.161,223,157,137,174.5,91,69,55,74.0,-23.4,40.1,6.2,0.018
Myles Jack,myles jack,ok,0.175,135,81,55,94.2,183,179,177,180.0,-50.9,-22.3,7.0,0.259
Adoree' Jackson,adoree jackson,ok,0.136,173,106,88,123.9,30,26,26,27.2,54.7,43.7,48.9,0.312
Alaric Jackson,alaric jackson,ok,0.135,208,156,121,167.6,44,34,30,36.5,65.2,121.5,107.0,0.094
Alonzo Jackson,alonzo jackson,no face,0.0,,,,,,,,,,,,
Andrew Jackson,andrew jackson,no face,0.0,,,,,,,,,,,,
Tyson Jackson,tyson jackson,no face,0.0,,,,,,,,,,,,
Austin Jackson,austin jackson,ok,0.142,193,130,107,146.2,14,12,12,12.6,133.6,53.8,59.0,0.736
Bennett Jackson,bennett jackson,ok,0.19,219,160,141,175.5,165,114,95,127.4,71.5,47.0,50.3,0.045
Branden Jackson,branden jackson,ok,0.147,124,80,63,91.4,16,14,13,14.5,-8.6,77.9,72.5,0.27
Brandon Jackson,brandon jackson,no face,0.0,,,,,,,,,,,,
Brennan Jackson,brennan jackson,ok,0.157,207,164,154,175.7,42,35,35,37.1,19.5,57.6,48.5,0.597
Brian Jackson,brian jackson,no face,0.0,,,,,,,,,,,,
Cam Jackson,cam jackson,ok,0.09,147,92,70,105.9,18,17,15,17.1,73.4,81.5,79.7,0.997
Chad Jackson,chad jackson,no face,0.0,,,,,,,,,,,,
Chevis Jackson,chevis jackson,no face,0.0,,,,,,,,,,,,
Chris Jackson,chris jackson,no face,0.0,,,,,,,,,,,,
Corey Jackson,corey jackson,no face,0.0,,,,,,,,,,,,
D'Marco Jackson,dmarco jackson,ok,0.13,136,97,82,106.8,11,10,12,10.5,47.2,-25.2,-17.5,0.906
D'Qwell Jackson,dqwell jackson,no face,0.0,,,,,,,,,,,,
Dane Jackson,dane jackson,ok,0.095,190,107,78,128.5,17,15,14,15.5,45.4,116.3,115.3,0.215
Dan Jackson,dan jackson,ok,0.116,216,168,150,180.4,35,34,36,34.5,-14.9,-9.3,-12.8,0.86
Darius Jackson,darius jackson,ok,0.111,214,128,84,148.7,11,11,10,10.9,137.5,23.1,78.0,0.968
Darrell Jackson,darrell jackson,no face,0.0,,,,,,,,,,,,
DeSean Jackson,desean jackson,ok,0.159,207,146,119,161.2,42,35,35,37.1,33.2,129.3,98.4,0.253
Deon Jackson,deon jackson,ok,0.119,154,112,93,122.5,22,22,23,22.1,88.7,70.8,58.4,1.0
Dexter Jackson,dexter jackson,no face,0.0,,,,,,,,,,,,
Donovan Jackson,donovan jackson,ok,0.102,117,68,53,80.9,18,16,13,16.3,58.2,55.6,67.9,0.316
Donte Jackson,donte jackson,ok,0.077,127,82,72,94.3,14,14,20,14.7,4.0,69.3,78.7,0.769
Drake Jackson,drake jackson,ok,0.129,161,108,83,121.0,15,14,15,14.4,96.8,38.7,43.2,0.699
Eddie Jackson,eddie jackson,no face,0.0,,,,,,,,,,,,
Edwin Jackson,edwin jackson,no face,0.0,,,,,,,,,,,,
Fred Jackson,fred jackson,no face,0.0,,,,,,,,,,,,
Frisman Jackson,frisman jackson,no face,0.0,,,,,,,,,,,,
Gabe Jackson,gabe jackson,ok,0.142,194,141,116,153.9,23,23,23,23.0,127.9,55.2,100.0,0.573
Grady Jackson,grady jackson,no face,0.0,,,,,,,,,,,,
Jamaal Jackson,jamaal jackson,no face,0.0,,,,,,,,,,,,
James Jackson,james jackson,no face,0.0,,,,,,,,,,,,
J.C. Jackson,jc jackson,ok,0.116,198,126,89,143.5,20,16,19,17.5,31.8,96.8,67.3,0.387
Jerrell Jackson,jerrell jackson,no face,0.0,,,,,,,,,,,,
Jha'Quan Jackson,jhaquan jackson,ok,0.129,149,82,50,98.4,15,14,14,14.3,6.7,82.2,83.4,0.593
Joe Jackson,joe jackson,ok,0.17,162,101,83,117.2,24,22,20,22.4,65.3,25.3,36.3,0.606
Jonah Jackson,jonah jackson,ok,0.1,212,146,132,164.3,6,6,6,6.0,138.6,-11.8,59.2,0.422
Jordan Jackson,jordan jackson,ok,0.141,207,136,108,153.7,11,11,10,10.8,101.0,31.1,25.1,0.315
Josh Jackson,josh jackson,ok,0.15,169,114,93,128.1,17,17,16,16.9,76.6,45.8,32.4,0.667
Justin Jackson,justin jackson,no face,0.0,,,,,,,,,,,,
Kareem Jackson,kareem jackson,ok,0.119,173,110,84,126.2,24,21,18,21.6,29.0,108.4,104.7,0.355
Keith Jackson,keith jackson,no face,0.0,,,,,,,,,,,,
Lamar Jackson,lamar jackson,ok,0.116,139,88,69,101.4,18,17,17,17.3,78.2,46.1,37.5,0.541
Landon Jackson,landon jackson,ok,0.121,213,150,145,168.3,120,76,71,88.6,16.6,-11.3,17.6,0.0
Lawrence Jackson,lawrence jackson,no face,0.0,,,,,,,,,,,,
Malik Jackson,malik jackson,ok,0.168,148,107,97,118.1,11,8,7,8.8,47.1,44.3,33.8,0.445
Marlin Jackson,marlin jackson,no face,0.0,,,,,,,,,,,,
McKinnley Jackson,mckinnley jackson,ok,0.078,146,95,72,107.5,17,16,17,16.4,91.8,29.5,68.1,0.323
Michael Jackson,michael jackson,no face,0.0,,,,,,,,,,,,
Nate Jackson,nate jackson,no face,0.0,,,,,,,,,,,,
Asa Jackson,asa jackson,no face,0.0,,,,,,,,,,,,
Rashawn Jackson,rashawn jackson,no face,0.0,,,,,,,,,,,,
Rob Jackson,rob jackson,no face,0.0,,,,,,,,,,,,
Robert Jackson,robert jackson,ok,0.117,149,96,74,109.3,19,17,14,17.3,52.2,88.2,69.9,0.973
Steven Jackson,steven jackson,no face,0.0,,,,,,,,,,,,
Tanard Jackson,tanard jackson,no face,0.0,,,,,,,,,,,,
Tarron Jackson,tarron jackson,ok,0.13,106,75,63,82.9,22,20,20,20.6,68.7,24.9,32.4,0.401
Tarvaris Jackson,tarvaris jackson,no face,0.0,,,,,,,,,,,,
Terry Jackson,terry jackson,no face,0.0,,,,,,,,,,,,
Theo Jackson,theo jackson,ok,0.146,132,75,53,89.5,24,22,17,22.0,53.4,35.8,49.5,0.248
Tony Jackson,tony jackson,no face,0.0,,,,,,,,,,,,
Tre Jackson,tre jackson,no face,0.0,,,,,,,,,,,,
Tyoka Jackson,tyoka jackson,no face,0.0,,,,,,,,,,,,
Tyree Jackson,tyree jackson,ok,0.16,230,148,109,168.1,40,25,18,28.7,27.6,112.6,119.2,0.098
Vincent Jackson,vincent jackson,no face,0.0,,,,,,,,,,,,
William Jackson,william jackson,ok,0.179,167,107,76,121.5,24,18,16,19.6,41.2,64.8,60.0,0.619
Ben Jacobs,ben jacobs,ok,0.196,191,139,120,152.4,88,63,54,69.4,-28.6,97.2,80.1,0.044
Brandon Jacobs,brandon jacobs,no face,0.0,,,,,,,,,,,,
Jerry Jacobs,jerry jacobs,ok,0.099,106,78,67,85.1,27,28,28,27.7,-3.6,59.0,35.3,0.493
Josh Jacobs,josh jacobs,ok,0.094,106,62,41,73.2,21,20,18,20.1,62.0,-64.8,-8.0,1.0
Leon Jacobs,leon jacobs,ok,0.151,148,88,62,103.0,21,17,15,18.0,61.8,32.1,62.5,0.946
Omar Jacobs,omar jacobs,no face,0.0,,,,,,,,,,,,
Taylor Jacobs,taylor jacobs,no face,0.0,,,,,,,,,,,,
Kendyl Jacox,kendyl jacox,no face,0.0,,,,,,,,,,,,
Michael Jacquet,michael jacquet,ok,0.135,196,134,107,149.5,28,25,21,25.4,111.8,130.5,129.2,0.439
Brenden Jaimes,brenden jaimes,ok,0.149,194,151,133,161.8,42,26,16,29.8,102.3,118.6,123.8,0.067
Natrell Jamerson,natrell jamerson,ok,0.164,187,113,91,132.6,18,16,14,16.4,54.0,119.4,119.2,0.624
Andre James,andre james,ok,0.144,195,147,134,159.9,102,86,80,89.9,-15.1,103.6,98.1,0.05
Bradie James,bradie james,no face,0.0,,,,,,,,,,,,
Brandon James,brandon james,no face,0.0,,,,,,,,,,,,
Charles James,charles james,no face,0.0,,,,,,,,,,,,
Cory James,cory james,no face,0.0,,,,,,,,,,,,
DJ James,dj james,ok,0.109,124,76,54,88.0,58,46,40,48.9,-6.0,5.7,4.4,0.13
Derwin James,derwin james,ok,0.112,174,115,86,129.5,50,45,49,47.0,-4.9,110.8,81.2,0.306
Edgerrin James,edgerrin james,no face,0.0,,,,,,,,,,,,
Erasmus James,erasmus james,no face,0.0,,,,,,,,,,,,
Ja'Wuan James,jawuan james,ok,0.168,106,61,42,72.1,83,63,54,68.0,-37.5,44.5,31.0,0.039
Javarris James,javarris james,no face,0.0,,,,,,,,,,,,
Jeno James,jeno james,no face,0.0,,,,,,,,,,,,
Jesse James,jesse james,no face,0.0,,,,,,,,,,,,
Jordan James,jordan james,ok,0.148,207,132,92,150.1,20,21,20,20.6,129.3,5.5,39.9,0.635
Kendall James,kendall james,no face,0.0,,,,,,,,,,,,
LaMichael James,lamichael james,no face,0.0,,,,,,,,,,,,
Mike James,mike james,no face,0.0,,,,,,,,,,,,
Richie James,richie james,ok,0.138,89,49,32,59.0,,,,,,-63.4,-56.1,0.0
Robert James,robert james,no face,0.0,,,,,,,,,,,,
Shemar James,shemar james,ok,0.121,152,93,72,108.2,16,14,12,14.4,39.6,43.5,67.7,0.504
Tory James,tory james,no face,0.0,,,,,,,,,,,,
William James,william james,no face,0.0,,,,,,,,,,,,
Michael Jameson,michael jameson,no face,0.0,,,,,,,,,,,,
Brandon Jamison,brandon jamison,no face,0.0,,,,,,,,,,,,
Jawan Jamison,jawan jamison,no face,0.0,,,,,,,,,,,,
Tim Jamison,tim jamison,no face,0.0,,,,,,,,,,,,
Quentin Jammer,quentin jammer,no face,0.0,,,,,,,,,,,,
Sebastian Janikowski,sebastian janikowski,ok,0.175,175,124,107,137.3,91,68,58,73.7,-2.4,39.7,35.7,0.043
Jeff Janis,jeff janis,ok,0.259,208,148,118,162.5,34,25,24,27.6,-19.5,-53.6,-10.1,0.255
Andy Janovich,andy janovich,ok,0.199,166,110,89,124.3,176,158,155,163.0,-28.7,72.7,63.1,0.098
J.J. Jansen,jj jansen,ok,0.154,226,165,153,181.9,73,56,53,60.7,-39.6,-6.4,1.8,0.1
Jon Jansen,jon jansen,no face,0.0,,,,,,,,,,,,
Jeremy Jarmon,jeremy jarmon,no face,0.0,,,,,,,,,,,,
Dwayne Jarrett,dwayne jarrett,no face,0.0,,,,,,,,,,,,
Grady Jarrett,grady jarrett,ok,0.11,150,104,90,116.2,20,16,13,16.9,-11.1,100.8,101.5,0.206
Jaiquawn Jarrett,jaiquawn jarrett,no face,0.0,,,,,,,,,,,,
Kyshoen Jarrett,kyshoen jarrett,no face,0.0,,,,,,,,,,,,
Tyrique Jarrett,tyrique jarrett,no face,0.0,,,,,,,,,,,,
Blake Jarwin,blake jarwin,ok,0.172,237,189,166,200.7,26,13,6,16.1,92.3,2.8,16.7,0.239
Ed Jasper,ed jasper,no face,0.0,,,,,,,,,,,,
Michael Jasper,michael jasper,no face,0.0,,,,,,,,,,,,
Lestar Jean,lestar jean,no face,0.0,,,,,,,,,,,,
Javontae Jean-Baptiste,javontae jean baptiste,ok,0.119,158,105,83,118.3,18,18,19,18.1,100.7,21.3,52.2,0.341
Nicolas Jean-Baptiste,nicolas jean baptiste,no face,0.0,,,,,,,,,,,,
Stanley Jean-Baptiste,stanley jean baptiste,ok,0.133,139,84,46,95.8,28,30,22,28.5,30.0,70.0,53.0,0.658
Shemar Jean-Charles,shemar jean charles,ok,0.116,158,110,88,121.8,29,26,24,26.7,24.2,105.5,101.4,0.325
Ricky Jean Francois,ricky jean francois,ok,0.124,135,74,53,89.8,18,17,13,16.8,26.0,76.7,74.6,0.337
Max Jean-Gilles,max jean gilles,no face,0.0,,,,,,,,,,,,
Lemuel Jeanpierre,lemuel jeanpierre,no face,0.0,,,,,,,,,,,,
Ashton Jeanty,ashton jeanty,ok,0.155,58,33,22,39.2,22,19,18,19.8,-16.2,5.9,13.8,0.222
Rashad Jeanty,rashad jeanty,no face,0.0,,,,,,,,,,,,
A.J. Jefferson,aj jefferson,no face,0.0,,,,,,,,,,,,
Jason Jefferson,jason jefferson,no face,0.0,,,,,,,,,,,,
Jermar Jefferson,jermar jefferson,ok,0.083,112,66,51,78.3,28,26,26,26.6,66.2,-27.8,1.9,0.998
Jordan Jefferson,jordan jefferson,ok,0.091,130,90,78,100.6,32,31,31,31.3,88.3,4.2,49.2,0.358
Justin Jefferson,justin jefferson,ok,0.093,144,92,65,104.5,25,21,16,21.6,18.6,9.4,47.5,0.165
D.C. Jefferson,dc jefferson,no face,0.0,,,,,,,,,,,,
Malik Jefferson,malik jefferson,ok,0.089,108,58,46,71.7,25,24,24,24.2,-41.8,-24.5,19.1,0.723
Quinton Jefferson,quinton jefferson,ok,0.141,128,77,45,88.6,57,43,34,46.2,-43.0,0.3,59.0,0.031
Tony Jefferson,tony jefferson,ok,0.117,160,96,77,112.5,15,11,13,12.4,83.1,22.4,44.4,0.287
Van Jefferson,van jefferson,ok,0.133,146,101,87,112.7,12,10,10,10.6,102.4,25.5,57.3,0.649
Willie Jefferson,willie jefferson,no face,0.0,,,,,,,,,,,,
Alshon Jeffery,alshon jeffery,ok,0.175,193,120,100,139.5,39,32,31,34.0,5.8,51.7,46.9,0.272
Jalen Jelks,jalen jelks,ok,0.156,222,166,136,179.4,26,24,18,23.9,142.4,13.6,44.1,0.749
A.J. Jenkins,aj jenkins,no face,0.0,,,,,,,,,,,,
Brandon Jenkins,brandon jenkins,no face,0.0,,,,,,,,,,,,
Corey Jenkins,corey jenkins,no face,0.0,,,,,,,,,,,,
Cullen Jenkins,cullen jenkins,no face,0.0,,,,,,,,,,,,
Elgton Jenkins,elgton jenkins,ok,0.146,187,112,73,130.0,122,88,62,95.0,107.7,61.3,72.4,0.0
Greg Jenkins,greg jenkins,no face,0.0,,,,,,,,,,,,
Jarvis Jenkins,jarvis jenkins,ok,0.147,107,63,49,74.6,22,19,15,19.4,46.7,6.6,31.9,0.308
Jelani Jenkins,jelani jenkins,no face,0.0,,,,,,,,,,,,
John Jenkins,john jenkins,no face,0.0,,,,,,,,,,,,
Jordan Jenkins,jordan jenkins,ok,0.129,80,52,41,59.1,17,28,47,26.9,42.8,-43.6,-27.4,0.798
Julian Jenkins,julian jenkins,no face,0.0,,,,,,,,,,,,
Justin Jenkins,justin jenkins,no face,0.0,,,,,,,,,,,,
Kris Jenkins,kris jenkins,no face,0.0,,,,,,,,,,,,
Malcolm Jenkins,malcolm jenkins,ok,0.136,134,86,67,98.2,104,97,90,98.4,-29.3,64.0,68.8,0.046
Mike Jenkins,mike jenkins,no face,0.0,,,,,,,,,,,,
Michael Jenkins,michael jenkins,no face,0.0,,,,,,,,,,,,
Rayshawn Jenkins,rayshawn jenkins,ok,0.139,146,88,56,101.6,37,27,28,30.1,-4.6,-30.5,-6.2,1.0
Shaneil Jenkins,shaneil jenkins,no face,0.0,,,,,,,,,,,,
Teven Jenkins,teven jenkins,ok,0.143,229,182,165,194.1,43,35,30,36.8,122.3,-8.0,18.2,0.158
Adam Jennings,adam jennings,no face,0.0,,,,,,,,,,,,
Anfernee Jennings,anfernee jennings,ok,0.116,166,108,76,121.4,21,19,21,19.8,99.5,28.6,29.3,0.977
Jauan Jennings,jauan jennings,ok,0.13,118,71,50,82.7,19,13,17,15.2,16.0,-4.4,24.8,1.0
Brian Jennings,brian jennings,no face,0.0,,,,,,,,,,,,
Chris Jennings,chris jennings,no face,0.0,,,,,,,,,,,,
Darius Jennings,darius jennings,ok,0.163,203,138,108,154.0,43,33,33,36.0,38.6,132.7,110.0,0.302
Gary Jennings,gary jennings,ok,0.122,140,92,79,104.7,39,34,41,36.3,15.1,-5.7,-1.1,0.778
Greg Jennings,greg jennings,no face,0.0,,,,,,,,,,,,
Jonas Jennings,jonas jennings,no face,0.0,,,,,,,,,,,,
Kelly Jennings,kelly jennings,no face,0.0,,,,,,,,,,,,
M.D. Jennings,md jennings,no face,0.0,,,,,,,,,,,,
Rashad Jennings,rashad jennings,no face,0.0,,,,,,,,,,,,
Tim Jennings,tim jennings,no face,0.0,,,,,,,,,,,,
Ryan Jensen,ryan jensen,ok,0.149,216,165,153,178.9,142,130,122,132.3,-23.2,50.9,-4.9,0.05
Greg Jerman,greg jerman,no face,0.0,,,,,,,,,,,,
Jerrel Jernigan,jerrel jernigan,no face,0.0,,,,,,,,,,,,
Timmy Jernigan,timmy jernigan,ok,0.14,148,94,73,108.0,24,21,20,21.8,81.2,33.1,41.4,0.968
Tony Jerod-Eddie,tony jerod eddie,no face,0.0,,,,,,,,,,,,
Lorenzo Jerome,lorenzo jerome,no face,0.0,,,,,,,,,,,,
Michael Jerrell,michael jerrell,ok,0.111,123,75,62,87.9,27,21,20,22.7,74.0,52.2,39.1,0.166
John Jerry,john jerry,ok,0.183,202,136,100,151.7,43,34,29,36.4,99.6,56.6,114.5,0.153
Peria Jerry,peria jerry,no face,0.0,,,,,,,,,,,,
Jerry Jeudy,jerry jeudy,ok,0.121,64,44,35,49.0,234,235,248,236.2,-21.7,-42.8,-15.9,0.622
Josey Jewell,josey jewell,ok,0.14,177,136,121,146.5,102,82,76,87.4,-29.4,13.5,42.8,0.044
Ade Jimoh,ade jimoh,no face,0.0,,,,,,,,,,,,
Leon Joe,leon joe,no face,0.0,,,,,,,,,,,,
Luke Joeckel,luke joeckel,no face,0.0,,,,,,,,,,,,
Ulrick John,ulrick john,ok,0.149,197,148,123,159.8,31,27,25,28.0,15.5,131.9,49.5,0.556
Kyle Johnson,kyle johnson,no face,0.0,,,,,,,,,,,,
Al Johnson,al johnson,no face,0.0,,,,,,,,,,,,
Alexander Johnson,alexander johnson,ok,0.156,173,109,83,125.2,28,25,22,25.6,63.4,38.8,52.6,0.509
Andre Johnson,andre johnson,no face,0.0,,,,,,,,,,,,
Anthony Johnson,anthony johnson,no face,0.0,,,,,,,,,,,,
T.J. Johnson,tj johnson,ok,0.213,248,178,160,197.2,188,144,127,155.4,53.1,3.6,24.4,0.051
Chris Johnson,chris johnson,ok,0.135,210,138,100,155.2,23,17,16,18.7,10.2,46.6,43.4,0.625
Antonio Johnson,antonio johnson,no face,0.0,,,,,,,,,,,,
Austin Johnson,austin johnson,ok,0.276,203,138,106,153.8,11,5,4,6.7,,,,0.288
Bethel Johnson,bethel johnson,no face,0.0,,,,,,,,,,,,
Brandon Johnson,brandon johnson,no face,0.0,,,,,,,,,,,,
Brian Johnson,brian johnson,no face,0.0,,,,,,,,,,,,
Bruce Johnson,bruce johnson,no face,0.0,,,,,,,,,,,,
Bryan Johnson,bryan johnson,no face,0.0,,,,,,,,,,,,
Bryant Johnson,bryant johnson,no face,0.0,,,,,,,,,,,,
Caleb Johnson,caleb johnson,ok,0.148,168,103,75,119.2,28,22,20,24.0,90.3,35.1,96.7,0.169
Calvin Johnson,calvin johnson,no face,0.0,,,,,,,,,,,,
Cam Johnson,cam johnson,ok,0.157,182,135,102,145.1,23,19,17,20.0,4.4,56.3,41.3,0.766
Cedric Johnson,cedric johnson,ok,0.11,129,74,56,88.3,20,18,20,19.1,70.3,-0.4,30.7,0.312
Chad Johnson,chad johnson,no face,0.0,,,,,,,,,,,,
Charles Johnson,charles johnson,no face,0.0,,,,,,,,,,,,
Charlie Johnson,charlie johnson,no face,0.0,,,,,,,,,,,,
Collin Johnson,collin johnson,ok,0.137,190,143,116,153.9,24,21,19,21.7,34.8,121.1,96.9,0.456
Cornelius Johnson,cornelius johnson,ok,0.146,162,104,80,118.6,11,9,9,9.6,74.9,52.2,37.9,1.0
D'Ernest Johnson,dernest johnson,ok,0.074,94,69,63,75.8,24,23,28,23.9,-3.5,42.9,34.4,0.692
DJ Johnson,dj johnson,ok,0.131,143,91,75,104.7,14,14,15,14.1,75.1,15.4,50.5,0.727
Damaris Johnson,damaris johnson,no face,0.0,,,,,,,,,,,,
Danny Johnson,danny johnson,no face,0.0,,,,,,,,,,,,
Darcy Johnson,darcy johnson,no face,0.0,,,,,,,,,,,,
Darius Johnson,darius johnson,no face,0.0,,,,,,,,,,,,
Darryl Johnson,darryl johnson,ok,0.137,155,97,68,111.0,26,25,27,25.5,65.9,-64.2,-68.9,0.973
David Johnson,david johnson,no face,0.0,,,,,,,,,,,,
Lane Johnson,lane johnson,ok,0.147,219,155,144,172.9,140,108,105,117.2,106.2,138.6,134.9,0.031
Dennis Johnson,dennis johnson,no face,0.0,,,,,,,,,,,,
Denzel Johnson,denzel johnson,no face,0.0,,,,,,,,,,,,
Derrick Johnson,derrick johnson,ok,0.137,130,84,69,96.0,29,29,31,29.2,-17.6,60.8,70.3,0.602
Desjuan Johnson,desjuan johnson,ok,0.12,162,110,90,123.1,16,15,17,15.5,100.4,114.3,114.5,0.848
Buddy Johnson,buddy johnson,ok,0.114,167,102,81,119.0,21,20,20,20.3,16.1,87.1,60.4,0.571
Diontae Johnson,diontae johnson,ok,0.063,86,56,45,63.7,30,28,30,28.8,46.2,48.7,31.7,1.0
Dirk Johnson,dirk johnson,no face,0.0,,,,,,,,,,,,
Domonique Johnson,domonique johnson,no face,0.0,,,,,,,,,,,,
Dontae Johnson,dontae johnson,ok,0.145,155,89,62,105.7,27,21,19,22.6,0.9,87.6,79.7,0.371
Dorian Johnson,dorian johnson,ok,0.175,128,84,68,95.3,50,36,31,39.6,-18.0,35.1,45.4,0.143
Doug Johnson,doug johnson,no face,0.0,,,,,,,,,,,,
Ellis Johnson,ellis johnson,no face,0.0,,,,,,,,,,,,
Eric Johnson,eric johnson,no face,0.0,,,,,,,,,,,,
Fred Johnson,fred johnson,ok,0.12,173,105,66,120.9,29,28,28,28.3,93.6,-1.4,38.3,0.805
Gartrell Johnson,gartrell johnson,no face,0.0,,,,,,,,,,,,
George Johnson,george johnson,ok,0.143,157,108,88,120.4,22,20,15,20.0,89.4,106.1,83.7,0.54
Herman Johnson,herman johnson,no face,0.0,,,,,,,,,,,,
Ian Johnson,ian johnson,no face,0.0,,,,,,,,,,,,
Isaiah Johnson,isaiah johnson,ok,0.156,215,142,92,158.1,28,24,19,24.6,3.8,89.6,79.6,0.444
Jakob Johnson,jakob johnson,ok,0.136,194,135,100,148.4,2,2,2,2.0,48.4,-8.9,32.7,0.796
Jaleel Johnson,jaleel johnson,ok,0.115,76,45,32,52.6,11,9,9,9.6,47.3,29.8,47.3,0.31
Jamar Johnson,jamar johnson,ok,0.112,82,58,45,63.5,219,192,150,195.3,-155.4,-118.9,-64.3,0.056
Brad Johnson,brad johnson,ok,0.273,178,80,49,105.8,29,27,25,27.4,,,,0.274
James Johnson,james johnson,no face,0.0,,,,,,,,,,,,
Jimmy Johnson,jimmy johnson,ok,0.197,106,72,63,81.1,155,75,96,101.3,,,,0.101
James-Michael Johnson,james michael johnson,no face,0.0,,,,,,,,,,,,
Jaquan Johnson,jaquan johnson,ok,0.101,159,102,81,116.6,14,9,8,10.4,68.9,78.7,56.8,0.611
Jarret Johnson,jarret johnson,no face,0.0,,,,,,,,,,,,
Jaylon Johnson,jaylon johnson,ok,0.116,175,109,89,126.5,11,8,7,8.8,112.5,66.8,71.6,0.221
Jaymar Johnson,jaymar johnson,no face,0.0,,,,,,,,,,,,
Jeremi Johnson,jeremi johnson,no face,0.0,,,,,,,,,,,,
Jeremiah Johnson,jeremiah johnson,no face,0.0,,,,,,,,,,,,
Jermaine Johnson II,jermaine johnson,ok,0.131,210,141,94,156.3,21,17,14,17.9,141.5,28.5,70.1,0.411
Jerome Johnson,jerome johnson,no face,0.0,,,,,,,,,,,,
Jeron Johnson,jeron johnson,no face,0.0,,,,,,,,,,,,
Jerrod Johnson,jerrod johnson,no face,0.0,,,,,,,,,,,,
John Johnson,john johnson,no face,0.0,,,,,,,,,,,,
Josh Johnson,josh johnson,ok,0.151,175,118,91,132.0,26,26,26,26.0,-1.4,37.2,64.6,0.786
Rashad Johnson,rashad johnson,no face,0.0,,,,,,,,,,,,
Juwan Johnson,juwan johnson,ok,0.111,125,87,75,97.0,28,27,31,27.8,57.2,20.0,30.1,0.653
Kaleb Johnson,kaleb johnson,no face,0.0,,,,,,,,,,,,
KeeSean Johnson,keesean johnson,ok,0.108,169,98,69,115.9,16,15,16,15.4,-13.1,105.4,94.8,0.576
Keelan Johnson,keelan johnson,no face,0.0,,,,,,,,,,,,
Kerryon Johnson,kerryon johnson,ok,0.11,157,92,77,110.0,11,12,11,11.6,6.6,34.2,59.0,1.0
Kevin Johnson,kevin johnson,no face,0.0,,,,,,,,,,,,
Tez Johnson,tez johnson,ok,0.115,149,100,83,112.7,11,9,10,9.7,72.7,32.9,53.3,0.759
Keyshawn Johnson,keyshawn johnson,no face,0.0,,,,,,,,,,,,
Kyron Johnson,kyron johnson,ok,0.102,128,87,68,97.1,30,30,29,29.9,-7.7,29.7,51.7,0.641
Landon Johnson,landon johnson,no face,0.0,,,,,,,,,,,,
Larry Johnson,larry johnson,no face,0.0,,,,,,,,,,,,
Leonard Johnson,leonard johnson,no face,0.0,,,,,,,,,,,,
Lonnie Johnson,lonnie johnson,ok,0.137,201,138,113,154.3,21,18,18,18.9,127.7,82.6,87.3,0.525
Malcolm Johnson,malcolm johnson,no face,0.0,,,,,,,,,,,,
Manuel Johnson,manuel johnson,no face,0.0,,,,,,,,,,,,
Tyrell Johnson,tyrell johnson,no face,0.0,,,,,,,,,,,,
Marcus Johnson,marcus johnson,no face,0.0,,,,,,,,,,,,
Marquis Johnson,marquis johnson,no face,0.0,,,,,,,,,,,,
Matt Johnson,matt johnson,no face,0.0,,,,,,,,,,,,
Micah Johnson,micah johnson,no face,0.0,,,,,,,,,,,,
Mike Johnson,mike johnson,no face,0.0,,,,,,,,,,,,
Michael Johnson,michael johnson,no face,0.0,,,,,,,,,,,,
Nazeeh Johnson,nazeeh johnson,ok,0.105,132,77,69,92.5,22,20,19,20.5,37.7,40.4,52.2,0.639
Nick Johnson,nick johnson,no face,0.0,,,,,,,,,,,,
Nico Johnson,nico johnson,no face,0.0,,,,,,,,,,,,
P.J. Johnson,pj johnson,ok,0.087,181,124,104,139.1,31,31,30,30.9,49.8,102.8,94.8,0.993
Paris Johnson,paris johnson,no face,0.0,,,,,,,,,,,,
Patrick Johnson,patrick johnson,ok,0.125,206,130,101,149.4,21,19,21,19.8,86.2,-19.3,3.7,1.0
Quinn Johnson,quinn johnson,no face,0.0,,,,,,,,,,,,
Randell Johnson,randell johnson,no face,0.0,,,,,,,,,,,,
Duke Johnson,duke johnson,ok,0.114,135,89,75,101.2,41,40,48,41.2,79.3,-20.6,9.4,0.975
Raylee Johnson,raylee johnson,no face,0.0,,,,,,,,,,,,
Raymond Johnson III,raymond johnson,ok,0.118,171,104,77,121.0,14,11,12,12.0,106.4,109.1,76.1,0.723
Riall Johnson,riall johnson,no face,0.0,,,,,,,,,,,,
Rishaw Johnson,rishaw johnson,no face,0.0,,,,,,,,,,,,
Robert Johnson,robert johnson,no face,0.0,,,,,,,,,,,,
Roderick Johnson,roderick johnson,ok,0.138,160,108,82,120.6,80,46,30,54.3,88.6,82.9,90.3,0.02
Ronald Johnson,ronald johnson,no face,0.0,,,,,,,,,,,,
Roschon Johnson,roschon johnson,ok,0.133,191,127,94,142.4,3,4,5,3.8,51.4,-13.8,4.3,0.995
Rudi Johnson,rudi johnson,no face,0.0,,,,,,,,,,,,
Rufus Johnson,rufus johnson,no face,0.0,,,,,,,,,,,,
Shelton Johnson,shelton johnson,no face,0.0,,,,,,,,,,,,
Spencer Johnson,spencer johnson,no face,0.0,,,,,,,,,,,,
Steven Johnson,steven johnson,no face,0.0,,,,,,,,,,,,
Taron Johnson,taron johnson,ok,0.143,186,146,141,157.4,32,29,29,29.9,19.5,32.1,27.9,0.382
Ted Johnson,ted johnson,no face,0.0,,,,,,,,,,,,
Terrence Johnson,terrence johnson,no face,0.0,,,,,,,,,,,,
Tank Johnson,tank johnson,no face,0.0,,,,,,,,,,,,
Teyo Johnson,teyo johnson,no face,0.0,,,,,,,,,,,,
Theo Johnson,theo johnson,ok,0.171,205,142,123,158.7,182,178,174,178.7,-5.4,3.4,34.4,0.113
Thomas Johnson,thomas johnson,no face,0.0,,,,,,,,,,,,
Tom Johnson,tom johnson,ok,0.172,153,94,69,108.8,61,38,29,43.9,52.6,13.1,55.7,0.053
Tim Johnson,tim johnson,no face,0.0,,,,,,,,,,,,
Todd Johnson,todd johnson,no face,0.0,,,,,,,,,,,,
Travis Johnson,travis johnson,no face,0.0,,,,,,,,,,,,
Trevor Johnson,trevor johnson,no face,0.0,,,,,,,,,,,,
Trumaine Johnson,trumaine johnson,ok,0.162,170,98,72,116.6,31,26,22,27.0,-9.0,-5.3,60.8,0.317
Ty Johnson,ty johnson,ok,0.078,176,113,91,129.3,23,22,23,22.4,109.8,19.9,39.0,1.0
Tyler Johnson,tyler johnson,ok,0.132,121,77,59,88.1,11,9,9,9.6,53.1,34.8,49.3,0.513
Tyron Johnson,tyron johnson,ok,0.117,156,109,88,120.7,22,19,18,19.8,40.7,95.5,54.7,0.903
Wesley Johnson,wesley johnson,ok,0.151,177,115,100,131.8,19,17,13,17.1,31.6,104.5,100.2,0.38
Storm Johnson,storm johnson,no face,0.0,,,,,,,,,,,,
Will Johnson,will johnson,no face,0.0,,,,,,,,,,,,
Zion Johnson,zion johnson,ok,0.144,134,82,51,94.0,7,7,6,6.9,1.1,-34.8,1.9,0.247
Brian Johnston,brian johnston,no face,0.0,,,,,,,,,,,,
Cameron Johnston,cameron johnston,ok,0.115,246,198,196,212.1,218,169,173,184.1,51.6,105.9,106.0,0.284
Clay Johnston,clay johnston,ok,0.183,203,132,103,149.9,141,136,139,137.8,-2.2,-20.6,9.7,0.249
Quentin Johnston,quentin johnston,ok,0.126,191,126,110,143.6,21,18,21,19.2,61.5,133.9,87.7,0.418
Lance Johnstone,lance johnstone,no face,0.0,,,,,,,,,,,,
Doug Jolley,doug jolley,no face,0.0,,,,,,,,,,,,
Johnny Jolly,johnny jolly,no face,0.0,,,,,,,,,,,,
Aaron Jones,aaron jones,no face,0.0,,,,,,,,,,,,
Abry Jones,abry jones,ok,0.129,142,86,61,99.9,19,17,16,17.5,79.2,87.0,88.0,0.302
Adam Jones,adam jones,no face,0.0,,,,,,,,,,,,
Adrian Jones,adrian jones,no face,0.0,,,,,,,,,,,,
Andy Jones,andy jones,ok,0.145,176,115,83,129.6,23,22,22,22.3,49.0,40.7,74.8,0.492
Andre Jones,andre jones,no face,0.0,,,,,,,,,,,,
Tony Jones,tony jones,no face,0.0,,,,,,,,,,,,
Arthur Jones,arthur jones,no face,0.0,,,,,,,,,,,,
Barrett Jones,barrett jones,no face,0.0,,,,,,,,,,,,
Ben Jones,ben jones,ok,0.153,181,134,124,146.9,73,60,58,63.6,2.5,54.7,28.7,0.014
Brad Jones,brad jones,no face,0.0,,,,,,,,,,,,
Brandon Jones,brandon jones,no face,0.0,,,,,,,,,,,,
Braxton Jones,braxton jones,ok,0.094,190,130,107,145.0,7,8,8,7.7,134.2,-0.7,53.8,0.561
Brett Jones,brett jones,ok,0.183,216,147,126,165.3,24,16,13,18.0,85.7,65.4,56.5,0.369
Brian Jones,brian jones,no face,0.0,,,,,,,,,,,,
Broderick Jones,broderick jones,ok,0.097,171,114,96,129.0,34,32,33,32.7,31.8,76.8,91.5,0.686
Byron Jones,byron jones,ok,0.139,159,100,76,115.2,16,11,13,12.7,46.1,76.1,59.6,0.845
Cardale Jones,cardale jones,ok,0.149,169,116,96,129.9,42,35,32,36.8,3.2,110.1,96.9,0.331
Chad Jones,chad jones,no face,0.0,,,,,,,,,,,,
Chandler Jones,chandler jones,ok,0.132,115,72,57,82.9,44,26,24,31.2,29.0,65.8,43.7,0.034
Charlie Jones,charlie jones,no face,0.0,,,,,,,,,,,,
Chris Jones,chris jones,no face,0.0,,,,,,,,,,,,
Christian Jones,christian jones,ok,0.138,190,128,93,142.5,37,36,36,36.3,43.4,98.0,84.5,0.313
Colin Jones,colin jones,ok,0.171,187,131,117,146.1,86,63,52,68.6,-13.5,41.9,16.7,0.031
Cyrus Jones,cyrus jones,ok,0.159,186,116,83,133.2,31,28,27,28.8,7.4,101.6,69.8,0.591
DaQuan Jones,daquan jones,ok,0.074,158,111,94,123.2,97,72,63,78.4,-34.6,71.5,88.5,0.004
Daniel Jones,daniel jones,ok,0.174,176,130,110,141.5,57,42,36,45.8,-19.4,0.1,-5.2,0.033
Daryl Jones,daryl jones,no face,0.0,,,,,,,,,,,,
Datone Jones,datone jones,ok,0.165,150,85,55,101.0,118,93,79,98.9,0.2,77.7,66.7,0.023
David Jones,david jones,no face,0.0,,,,,,,,,,,,
D.J. Jones,dj jones,no face,0.0,,,,,,,,,,,,
Dawand Jones,dawand jones,ok,0.3,51,39,37,42.4,23,17,15,18.6,,,,0.034
Deion Jones,deion jones,ok,0.136,92,70,61,75.6,75,59,55,63.3,10.3,0.6,11.4,0.02
Derrick Jones,derrick jones,no face,0.0,,,,,,,,,,,,
Dhani Jones,dhani jones,no face,0.0,,,,,,,,,,,,
Dominique Jones,dominique jones,no face,0.0,,,,,,,,,,,,
Don Jones,don jones,no face,0.0,,,,,,,,,,,,
Donnie Jones,donnie jones,no face,0.0,,,,,,,,,,,,
Donald Jones,donald jones,no face,0.0,,,,,,,,,,,,
Dre'Mont Jones,dremont jones,ok,0.114,197,136,100,150.1,17,14,13,14.8,136.6,51.4,42.9,0.85
Sean Jones,sean jones,no face,0.0,,,,,,,,,,,,
Edgar Jones,edgar jones,no face,0.0,,,,,,,,,,,,
Elijah Jones,elijah jones,ok,0.144,162,112,95,125.0,40,36,33,36.4,79.9,107.7,69.2,0.502
Emery Jones Jr.,emery jones,ok,0.11,93,62,52,69.8,7,6,7,6.4,42.0,39.4,40.8,0.994
Ernest Jones,ernest jones,ok,0.139,162,102,78,117.6,34,30,31,31.3,44.7,39.8,28.7,0.919
Felix Jones,felix jones,no face,0.0,,,,,,,,,,,,
Fred Jones,fred jones,no face,0.0,,,,,,,,,,,,
Freddie Jones,freddie jones,no face,0.0,,,,,,,,,,,,
Greg Jones,greg jones,no face,0.0,,,,,,,,,,,,
Herana-Daze Jones,herana daze jones,no face,0.0,,,,,,,,,,,,
Howard Jones,howard jones,no face,0.0,,,,,,,,,,,,
Zay Jones,zay jones,ok,0.125,160,92,72,110.2,10,6,7,7.3,70.5,7.3,10.4,1.0
Jack Jones,jack jones,ok,0.135,170,118,82,129.4,27,24,23,24.8,65.8,111.2,89.5,0.224
Jacoby Jones,jacoby jones,no face,0.0,,,,,,,,,,,,
Jamaal Jones,jamaal jones,ok,0.219,201,118,86,139.2,28,16,17,19.7,80.8,79.7,69.5,0.38
Jamarco Jones,jamarco jones,ok,0.09,176,111,94,128.5,22,19,18,19.8,49.1,95.5,102.7,0.471
James Jones,james jones,no face,0.0,,,,,,,,,,,,
Jamir Jones,jamir jones,ok,0.143,165,111,82,123.8,18,13,11,14.3,4.9,110.2,100.0,0.832
Jarrian Jones,jarrian jones,ok,0.125,176,112,89,128.5,23,21,26,22.2,10.3,78.3,56.2,0.533
Jarron Jones,jarron jones,ok,0.139,183,126,96,139.6,17,22,20,20.3,62.3,121.9,111.4,0.674
Jarvis Jones,jarvis jones,no face,0.0,,,,,,,,,,,,
Jason Jones,jason jones,no face,0.0,,,,,,,,,,,,
Jaylon Jones,jaylon jones,ok,0.139,176,115,78,129.0,17,12,9,13.2,96.3,-1.5,22.4,0.294
Michael Koenen,michael koenen,no face,0.0,,,,,,,,,,,,
Laron Scott,laron scott,no face,0.0,,,,,,,,,,,,
Jordan Steckler,jordan steckler,ok,0.167,228,159,133,176.7,92,66,52,72.2,47.0,117.8,119.0,0.057
Jarrett Stidham,jarrett stidham,ok,0.163,252,176,153,196.1,18,17,14,17.0,94.7,-0.3,13.6,0.774
David Wells,david wells,ok,0.171,205,171,159,179.8,76,63,52,65.6,53.9,20.7,-4.0,0.022
De'Ondre Wesley,deondre wesley,ok,0.106,193,132,102,146.8,21,21,22,21.1,124.4,41.5,57.8,1.0
