PRL2,PLHA,TLHA,PRHA,TRHA,PTHA,PFNA,PLNA,PTSA,PSTA,PFPB,PVSB,PKAC,PACC,PMPC,PHED,PGID,TGID,POID,PSPD,PAGE,PBRE,PEYE,PTGH,PCPH,PLSH,PRSH,PCTH,PLTH,PRTH,PAGI,PSKI,PDPI,PPTI,PINJ,PTAK,PPBK,PRBK,PNEK,PFMK,PBTK,PTAL,PHCL,PUCL,PLEL,TLEL,PREL,TREL,PCOL,PROL,PLPL,PGSL,PTSL,PCYL,PHLM,PSTM,PHAN,PICN,PJEN,PTEN,PCON,PSBO,PVCO,PEGO,PFHO,PDRO,PTHP,PIMP,PJMP,PYRP,PSXP,PCAR,PTAR,PJER,PMOR,PKPR,PSTR,POVR,PAWR,PLWR,TLWR,PRWR,TRWR,PFAS,PMAS,PSBS,PFCS,PMCS,PFGS,PCHS,PFHS,PMHS,PVIS,PPOS,POPS,PLSS,PFTS,PMTS,PUTS,PVTS,PMUS,PHGT,PWGT,PCMT,PKRT,PYWT,PLHY,PJTY,PSTY,PFEx
45,0,0,0,0,21,Karim,Abdul-Jabbar,573,99,0,121,25,91,0,0,1,10,1,87,25,0,0,50,1,0,0,76,0,0,88,3,11,1009,88,35,26,26,0,8,92,0,0,0,0,7,0,7,226,21,71,0,0,1,0,22,0,0,33,0,1,121,3,49,0,2,24,88,75,4,0,96,0,1,100,26,70,91,85,4,4,4,4,3,25,83,8,11,44,11,5,23,0,1,1,22,3,6,4,573,0,70,34,1023,0,0,-19,0,0,204
45,2,7,2,7,29,Rahim,Abdullah,328,83,0,20,17,84,1,7,2,5,2,80,21,0,0,83,0,0,0,49,0,0,81,1,5,1015,71,62,19,15,0,3,30,0,2,0,0,8,0,8,38,45,100,2,3,2,0,26,0,0,55,1,2,20,2,66,0,3,26,36,61,1,0,22,0,1,56,14,73,67,61,2,0,2,0,1,26,51,39,36,33,12,0,5,0,13,13,20,5,32,14,164,0,77,73,1023,5,0,-19,0,0,58
45,6,6,6,6,16,Clifton,Abraham,0,88,0,0,11,88,0,5,3,1009,3,87,27,0,0,80,1,0,0,55,0,0,86,1,33,20,79,56,23,24,0,7,25,0,0,0,0,0,0,0,64,45,0,0,0,0,0,60,0,0,24,2,0,0,2,25,0,5,17,34,84,5,0,25,0,0,23,13,55,70,63,3,3,3,3,4,18,97,5,15,15,9,0,20,0,16,16,20,0,4,0,20,0,69,24,1023,20,1,-30,0,0,354
45,3,7,3,7,20,Donnie,Abraham,1654,99,0,260,12,96,0,0,4,6,4,93,26,0,0,91,1,0,0,62,0,0,94,2,9,1015,84,70,21,21,0,1,25,0,0,0,8,8,8,8,57,30,39,0,0,1,0,43,0,0,21,0,4,260,3,69,0,4,19,71,93,4,0,48,0,1,100,21,62,88,82,2,3,2,3,3,21,76,8,12,47,7,8,9,0,16,16,36,3,8,9,1654,0,70,30,1023,0,3,-19,0,0,204
45,4,6,4,6,28,Kevin,Abrams,100,87,0,0,23,96,2,5,5,1014,5,91,24,0,0,89,0,0,0,62,0,0,83,1,28,1015,81,68,18,20,0,8,28,0,0,0,0,0,0,0,205,30,33,2,2,1,0,48,0,0,24,2,3,0,0,98,0,7,36,54,91,3,0,44,0,1,99,37,53,83,79,0,0,0,0,0,16,90,8,11,27,8,3,10,0,16,16,29,2,4,2,100,0,68,10,1023,1,1,-19,0,0,204
45,1,1,1,1,31,Tom,Ackerman,400,72,0,0,24,68,0,7,6,27,6,56,27,0,0,80,1,0,0,18,0,0,55,0,6,26,83,12,77,82,0,2,25,0,4,0,0,0,0,0,59,8,23,0,0,3,0,1,0,0,69,0,4,0,2,94,0,6,17,40,29,4,0,16,0,1,0,21,87,75,70,2,2,2,2,5,34,29,16,20,27,13,18,21,0,7,6,42,6,30,27,400,0,75,130,1023,0,1,-19,0,0,150
45,0,2,0,2,32,Flozell,Adams,1843,65,0,310,17,86,0,4,7,11,7,50,24,0,0,80,0,1,0,18,0,0,61,3,25,1015,82,15,91,87,0,3,35,0,0,0,0,0,0,0,118,25,73,0,0,4,0,26,0,0,77,1,5,310,3,98,0,2,24,73,37,2,0,14,0,1,85,29,89,77,53,2,2,2,2,28,34,2,34,10,33,10,34,27,0,5,9,104,35,35,24,1843,0,79,180,1023,2,1,-19,0,0,204
40,6,6,6,6,8,Sam,Adams,1010,65,0,255,8,75,0,5,8,25,8,66,25,0,0,93,1,0,0,48,0,0,47,2,8,1015,89,85,40,41,0,3,31,0,0,0,0,0,0,0,215,12,48,0,0,1,0,60,0,0,95,2,2,255,3,70,0,1,14,66,50,6,0,42,0,0,100,11,95,88,71,3,3,3,3,9,38,40,17,25,31,7,18,30,0,12,12,30,9,38,30,1377,0,75,135,1023,0,5,-30,0,0,317
45,6,6,6,6,10,Mel,Agee,0,60,0,42,10,55,0,5,9,1009,9,48,30,0,0,87,2,0,0,20,0,0,46,2,33,13,83,83,33,34,0,3,33,0,0,0,0,0,0,0,84,45,0,0,0,0,0,60,0,0,68,1,0,42,2,25,0,6,14,50,46,9,0,24,0,0,97,11,88,72,66,3,3,3,3,7,34,42,19,25,22,13,15,30,0,12,12,30,5,33,24,266,0,77,140,1023,0,3,-30,0,0,113
4,6,6,6,6,8,Ray,Agnew,680,69,0,129,8,65,0,5,10,24,10,56,31,0,0,88,2,0,0,28,0,0,50,2,10,1009,84,80,35,36,0,3,41,0,0,0,0,0,0,0,138,40,0,0,0,2,0,60,0,0,99,2,3,129,3,25,0,1,14,50,54,10,0,32,0,0,83,11,88,76,69,3,3,3,3,7,34,35,23,25,27,7,25,30,0,12,12,30,6,38,28,680,0,75,125,1023,0,1,-30,0,0,335
45,0,0,0,0,19,Louie,Aguiar,541,99,0,37,93,55,0,7,11,1,11,53,32,0,0,70,1,0,0,15,0,0,52,0,33,1009,75,24,13,13,0,1,26,0,2,0,0,0,0,0,234,6,75,0,0,1,0,60,0,0,10,1,1,37,1,0,0,15,22,48,35,9,0,16,0,0,100,87,48,93,98,2,2,2,2,3,14,71,10,15,15,7,5,20,0,20,20,15,2,12,7,541,0,74,56,1023,0,0,-30,0,0,46
45,6,6,6,6,11,Chidi,Ahanotu,1133,65,0,204,9,75,0,5,12,6,12,61,28,0,0,88,1,0,0,48,0,0,60,2,33,1015,82,87,33,37,0,3,38,0,0,0,0,0,0,0,28,45,30,0,0,2,0,60,0,0,72,1,4,204,3,25,0,6,15,73,55,7,0,33,0,0,100,11,83,85,85,3,3,3,3,8,32,31,21,25,31,9,20,30,0,11,10,25,31,30,23,1133,0,74,123,1023,0,6,-30,0,0,282
13,0,0,0,0,92,Troy,Aikman,130,87,0,0,10,73,0,7,13,11,13,67,32,0,0,82,2,0,0,13,0,0,65,0,1,1015,77,21,22,26,0,1,57,0,2,0,0,0,0,0,226,20,59,0,0,1,0,60,0,1,8,1,6,0,0,30,0,1,93,92,55,11,0,56,0,0,73,12,62,95,90,2,2,2,2,2,21,90,5,10,15,11,0,20,0,0,0,20,3,11,11,130,0,76,59,1023,0,10,-30,0,0,133
45,0,0,0,0,18,David,Akers,647,71,0,84,82,55,0,7,14,13,14,57,25,0,0,41,0,0,0,10,0,0,42,0,7,1009,81,19,12,12,0,4,20,0,2,0,0,0,0,0,105,45,0,3,3,7,0,54,0,0,2,0,7,84,3,7,0,6,27,37,30,3,0,20,0,1,88,97,22,82,67,0,2,0,2,4,1,63,0,15,20,11,3,22,0,19,19,2,3,13,9,647,0,70,45,1023,9,0,-19,0,0,150
45,7,3,7,3,16,Chris,Akins,0,90,0,0,20,81,0,5,15,1009,15,82,22,0,0,85,0,0,0,64,0,0,78,3,25,1015,89,86,24,32,0,8,29,0,0,0,0,8,0,8,11,45,100,3,3,0,0,51,0,0,29,1,0,0,3,76,0,6,15,35,72,1,0,45,0,1,95,17,55,75,62,0,0,0,0,1,18,73,14,43,30,13,4,31,3,18,18,46,3,9,7,198,0,71,40,1023,3,0,-19,0,0,204
45,5,5,5,5,22,Ethan,Albright,198,75,0,0,19,65,0,7,16,3,16,59,28,0,0,74,1,0,0,21,0,0,56,0,33,1009,69,35,75,75,0,3,30,0,2,0,0,0,0,0,135,45,0,0,0,2,0,60,0,0,76,2,3,0,2,0,0,15,24,25,34,5,0,32,0,0,99,21,79,63,61,2,2,2,2,6,30,34,18,25,26,7,25,25,0,9,7,10,9,27,25,198,0,77,123,1023,0,1,-30,0,0,163
2,5,5,5,5,13,Allen,Aldridge,2288,89,0,528,13,75,0,7,17,19,17,73,26,0,0,91,1,0,0,32,0,0,75,1,33,1009,86,89,31,35,0,3,30,0,2,0,0,0,0,0,80,6,36,0,0,3,0,60,0,0,55,1,4,528,3,25,0,2,18,67,73,6,0,32,0,0,99,18,76,88,99,2,2,2,2,7,28,48,15,25,20,12,10,30,0,15,15,20,4,34,20,2288,0,73,88,1023,0,1,-30,0,0,314
45,6,6,6,6,13,Brent,Alexander,200,86,0,0,10,85,0,5,18,29,18,83,30,0,0,87,1,0,0,56,0,0,83,2,33,6,82,65,23,25,0,8,29,0,0,0,0,0,0,0,212,45,0,0,0,1,0,60,0,0,27,2,2,0,2,25,0,15,14,48,87,6,0,29,0,0,39,15,62,74,66,3,3,3,3,1,21,85,5,20,15,11,5,20,0,17,17,15,1,6,5,200,0,71,24,1023,15,1,-30,0,0,238
4,6,6,6,6,11,Derrick,Alexander,200,65,0,100,11,69,0,5,19,1014,19,62,25,0,0,88,1,0,0,30,0,0,60,2,11,30,82,72,33,37,0,3,38,0,0,0,0,0,0,0,64,12,0,0,0,1,0,60,0,0,94,2,1,100,0,50,0,1,15,55,57,5,0,33,0,0,50,12,90,74,68,3,3,3,3,4,35,56,25,25,30,8,15,30,0,11,10,25,5,35,28,200,0,76,117,1023,0,0,-30,0,0,287
45,6,6,6,6,16,Derrick,Alexander,2332,90,0,270,14,95,0,5,20,9,20,91,27,0,0,84,1,0,0,89,0,0,92,1,29,1009,79,19,29,30,0,1,58,0,0,0,0,0,0,0,117,36,29,0,0,3,0,60,0,0,82,2,4,270,3,50,0,1,17,67,95,6,0,69,0,0,100,15,59,93,98,3,3,3,3,1,20,78,5,15,15,12,0,20,0,3,3,20,5,7,11,1590,0,74,45,1023,55,1,-30,0,0,226
45,5,5,5,5,12,Elijah,Alexander,142,89,0,60,11,75,0,7,21,23,21,74,28,0,0,90,1,0,0,35,0,0,73,1,33,3,85,79,29,30,0,3,32,0,2,0,0,0,0,0,96,45,56,0,0,1,0,60,0,0,58,2,1,60,3,25,0,10,18,54,70,8,0,33,0,0,87,16,75,78,84,2,2,2,2,5,28,75,15,25,20,13,10,30,0,13,15,20,9,16,14,388,0,74,73,1023,0,3,-30,0,0,310
45,7,7,7,7,26,Stephen,Alexander,3524,72,0,728,26,84,0,5,22,26,22,79,23,0,1,85,0,1,0,84,0,0,83,0,12,1015,83,25,59,60,0,8,64,0,0,0,9,0,9,0,157,12,73,0,0,3,3,15,0,0,80,1,4,728,3,38,0,1,21,67,80,2,0,66,0,1,81,26,74,90,72,0,0,0,0,5,27,62,20,23,22,8,3,22,0,4,4,68,7,44,25,3524,0,76,90,1023,0,1,-19,0,0,150
45,5,5,5,5,13,Tuineau,Alipate,0,77,0,0,11,73,0,7,23,1009,23,68,31,0,0,90,1,0,0,29,0,0,68,1,33,30,85,76,28,32,0,3,26,0,2,0,2,2,2,2,251,45,0,0,0,0,0,60,0,0,53,2,0,0,0,25,0,15,17,44,64,6,0,24,0,0,93,14,75,70,73,2,2,2,2,5,28,50,15,25,20,9,5,30,0,14,14,25,0,25,23,0,0,73,85,1023,0,2,-30,0,0,297
5,6,6,6,6,16,Eric,Allen,1804,89,0,246,15,84,0,5,24,23,24,82,33,0,0,83,2,0,0,72,0,0,83,1,33,1009,69,60,22,26,0,7,39,0,0,0,0,0,0,0,9,29,55,0,0,3,0,60,0,0,21,1,4,246,3,70,0,2,18,59,81,12,0,46,0,0,83,16,58,85,96,3,3,3,3,4,19,81,5,15,15,11,0,20,0,16,16,20,5,9,4,1230,0,70,24,1023,35,1,-30,0,0,230
45,6,6,6,6,11,James,Allen,200,83,0,0,10,90,0,5,25,1,25,87,24,0,0,92,0,0,0,67,0,0,88,2,63,1009,88,31,35,36,0,8,83,0,0,0,0,0,0,0,157,45,0,0,0,3,0,60,0,0,20,2,4,0,0,0,0,15,12,57,61,2,0,80,0,0,81,11,72,79,59,3,3,3,3,3,26,87,5,20,15,9,0,30,0,1,1,25,4,13,12,200,0,70,52,1023,20,4,-30,0,0,22
13,5,5,5,5,21,Larry,Allen,4235,87,0,1162,19,70,0,7,26,11,26,58,27,0,0,92,1,0,0,20,0,0,49,1,33,1015,87,36,94,99,0,3,31,0,2,0,0,0,0,0,265,26,69,0,0,6,0,60,0,0,73,0,7,1162,3,0,0,2,23,92,33,6,0,31,0,0,85,21,99,99,90,2,2,2,2,25,40,17,31,25,45,8,27,30,0,6,8,25,29,45,28,4235,0,75,165,1023,0,5,-30,0,0,5
45,7,3,7,3,12,Taje,Allen,472,85,0,78,37,79,0,5,27,24,27,78,26,0,0,77,0,0,0,62,0,0,76,3,17,1015,96,71,13,20,0,7,24,0,0,0,2,0,2,0,214,45,29,2,2,1,0,29,0,0,20,1,3,78,3,80,0,4,24,75,73,3,0,59,0,1,90,35,78,82,84,0,0,0,0,5,29,79,33,3,42,12,3,39,1,18,17,19,1,9,2,472,0,71,24,1023,7,2,-19,0,0,204
21,6,6,6,6,15,Terry,Allen,606,90,0,140,14,88,0,5,28,27,28,84,32,0,0,85,2,0,0,79,0,0,84,2,33,1009,76,33,32,36,0,8,82,0,0,0,0,0,0,0,38,13,88,0,0,1,0,60,0,1,20,2,1,140,3,60,0,9,16,91,67,9,0,82,0,0,100,15,65,82,82,3,3,3,3,1,22,64,5,20,15,11,0,30,0,1,1,25,4,8,10,606,0,70,44,1023,20,0,-30,0,0,86
45,6,7,6,7,25,Brian,Allford,121,80,0,15,18,86,0,5,29,12,29,89,22,1,0,95,0,0,0,61,0,0,86,3,4,1015,70,29,23,39,0,0,69,0,0,0,7,0,7,0,169,45,0,1,1,1,0,69,0,0,84,2,1,15,2,53,0,3,16,33,94,2,0,64,0,1,48,24,53,69,61,0,2,0,2,0,16,87,6,19,32,11,18,16,0,3,3,73,4,8,9,121,0,73,30,1023,44,1,-19,0,0,204
45,0,1,0,1,24,John,Allred,1859,87,0,57,10,77,0,0,30,1,30,62,23,0,1,84,0,0,0,79,0,0,78,1,2,1015,66,24,58,59,0,9,53,0,2,0,0,7,0,7,231,12,0,2,0,3,3,38,0,0,84,2,5,57,3,82,0,1,22,47,73,3,0,62,10,1,27,21,78,76,55,2,1,2,1,3,29,57,25,26,25,10,28,29,2,4,4,8,7,28,20,381,0,76,86,1023,8,2,-19,0,0,58
45,6,6,6,6,31,Mike,Alstott,2959,95,0,670,13,85,0,7,31,6,31,80,26,0,0,99,1,0,0,75,0,0,83,0,9,1015,97,37,50,58,1,10,90,0,2,0,0,8,0,8,169,21,0,0,0,2,0,8,0,0,40,0,5,670,3,98,0,2,12,69,55,4,0,75,0,1,95,27,84,99,85,2,1,2,1,3,32,44,10,11,19,10,9,26,0,2,2,22,9,30,20,2959,0,73,88,1023,0,3,-19,0,0,150
6,6,6,6,6,16,Ashley,Ambrose,500,99,0,100,11,93,0,5,32,14,32,91,28,0,0,81,1,0,0,65,0,0,91,2,33,1009,76,67,22,23,0,7,32,0,0,0,0,0,0,0,107,38,67,0,0,1,0,60,0,1,33,0,1,100,3,60,0,2,16,80,85,8,0,26,0,0,94,12,56,91,98,3,3,3,3,5,18,96,5,15,15,13,0,20,0,16,16,20,2,10,4,500,0,71,27,1023,20,3,-30,0,0,52
45,4,7,4,7,19,Vince,Amey,0,75,0,54,27,77,0,4,33,1009,33,63,24,0,0,71,0,0,0,20,0,0,74,0,8,22,82,71,23,22,0,3,12,0,2,0,7,0,7,0,9,45,42,2,0,0,0,50,0,0,93,2,0,54,3,95,0,2,26,59,55,2,0,21,0,1,53,19,83,78,72,1,0,1,0,49,32,25,34,19,32,7,22,29,1,11,11,73,40,37,23,438,0,74,140,1023,0,0,-19,0,0,150
13,5,5,5,5,17,Kimble,Anders,693,85,0,252,13,85,0,5,34,9,34,82,32,0,0,87,1,0,0,78,0,0,83,2,33,1009,82,34,49,60,0,8,74,0,0,0,2,2,2,2,80,6,74,0,0,2,0,60,0,0,38,1,2,252,3,50,0,15,18,54,63,9,0,78,0,0,84,15,72,99,99,2,2,2,2,1,26,78,10,25,20,8,5,30,0,2,2,25,3,28,14,945,0,71,68,1023,30,8,-30,0,0,103
45,5,3,5,3,26,Jason,Andersen,0,87,0,0,29,75,0,7,35,1009,35,41,24,0,0,95,0,0,0,19,0,1,56,0,33,1009,71,13,52,83,0,3,36,0,2,0,2,0,2,0,26,45,0,0,0,0,2,0,0,0,67,0,0,0,1,3,0,8,19,22,23,2,0,26,0,1,58,39,76,62,65,2,4,2,4,16,28,25,20,10,30,10,22,0,0,6,7,82,18,45,23,158,0,78,155,1023,9,1,-19,0,0,150
14,0,0,0,0,24,Morten,Andersen,1023,76,0,75,97,50,0,7,36,14,36,47,38,0,0,60,2,0,0,21,0,0,46,0,33,1009,61,21,18,20,0,0,11,0,2,0,0,0,0,0,118,1,67,0,0,3,0,60,1,0,5,1,5,75,3,0,0,4,26,69,45,18,0,23,0,0,85,87,48,99,99,2,2,2,2,0,14,75,5,15,15,8,5,15,0,19,19,15,3,12,11,558,0,74,57,1023,0,4,-30,0,0,8
45,6,5,6,5,28,Antonio,Anderson,0,75,0,56,14,75,0,7,37,1009,37,65,24,0,0,96,0,0,0,24,0,0,51,3,10,10,76,71,27,29,1,12,38,0,0,0,0,0,0,0,205,45,0,0,0,0,4,25,0,0,94,2,0,56,2,80,0,6,17,46,46,3,0,14,0,1,79,24,91,66,35,0,0,0,0,7,36,39,24,45,22,11,23,21,0,12,12,109,28,30,23,324,0,78,151,1023,9,0,-19,0,0,204
45,6,6,6,6,14,Darren,Anderson,0,93,0,0,11,89,0,5,38,1009,38,88,30,0,0,78,1,0,0,56,0,0,86,2,33,13,73,57,19,22,0,7,26,0,0,0,0,0,0,0,218,45,0,0,0,0,0,60,0,0,26,2,0,0,2,25,0,4,15,39,86,8,0,26,0,0,72,12,53,73,68,3,3,3,3,2,16,78,5,15,15,10,0,20,0,16,16,20,0,3,2,50,0,70,27,1023,20,0,-30,0,0,229
14,0,0,0,0,14,Gary,Anderson,737,76,0,54,99,50,0,7,39,31,39,46,40,0,0,60,2,0,0,14,0,0,45,0,33,1009,61,21,18,20,0,0,12,0,2,0,0,0,0,0,205,1,55,0,0,4,0,60,0,0,1,1,5,54,3,0,0,7,18,65,45,18,0,17,0,0,100,81,45,94,99,2,2,2,2,5,12,82,5,15,15,10,5,15,0,19,19,15,2,0,1,402,0,71,29,1023,0,1,-30,0,0,83
45,6,6,6,6,16,Jamal,Anderson,1106,88,0,195,15,92,0,5,40,14,40,88,26,0,0,95,1,0,0,75,0,0,87,2,33,1015,93,33,35,36,0,8,87,0,0,0,0,0,0,0,233,45,68,0,0,2,0,60,0,0,32,2,3,195,3,50,0,7,17,76,65,6,0,87,0,0,87,16,76,86,73,3,3,3,3,3,28,78,5,20,15,11,0,30,0,1,1,25,8,22,10,1005,0,71,77,1023,35,5,-30,0,0,364
45,5,5,5,5,16,Richie,Anderson,581,86,0,81,12,80,0,5,41,18,41,76,27,0,0,86,1,0,0,63,0,0,74,2,33,1015,81,33,58,60,0,8,76,0,0,0,2,2,2,2,164,45,0,0,0,1,0,60,0,0,20,2,4,81,3,50,0,6,18,56,58,8,0,72,0,0,100,15,71,84,69,2,2,2,2,1,26,72,10,25,20,10,5,30,0,2,2,25,10,33,13,396,0,74,70,1023,35,6,-30,0,0,11
24,2,2,2,2,25,Willie,Anderson,2904,79,0,655,31,73,0,7,42,2,42,55,24,0,0,99,1,0,0,28,0,0,54,3,16,1015,99,10,95,92,0,2,13,0,0,0,0,0,0,0,14,12,61,0,0,2,0,15,0,0,71,1,5,655,3,66,0,1,23,72,22,4,0,20,0,1,100,36,95,88,74,0,0,0,0,26,38,12,30,17,42,13,29,20,0,9,9,49,29,45,30,2904,0,77,180,1023,0,3,-19,0,0,204
45,3,4,3,4,16,Joe,Andruzzi,317,61,0,54,21,64,0,7,43,22,43,56,24,0,0,73,0,0,0,26,0,0,51,0,8,1009,66,29,80,85,0,12,30,0,0,0,6,2,6,2,179,45,0,0,0,1,4,26,0,0,63,0,3,54,2,68,0,3,19,38,21,3,0,24,0,1,97,14,86,75,64,2,2,2,2,7,33,29,20,3,24,8,21,22,0,8,8,59,7,43,24,317,0,75,130,1023,7,2,-19,0,0,150
45,7,6,7,6,20,Reidel,Anthony,0,82,0,0,30,91,3,5,44,1009,44,88,24,0,0,71,0,0,0,79,0,0,89,3,28,1009,70,13,17,36,0,7,62,0,0,0,0,8,0,8,62,45,10,1,1,0,2,5,0,0,85,2,0,0,3,85,0,4,18,54,91,3,0,65,6,1,100,7,65,79,64,0,0,0,0,1,22,87,16,11,48,12,7,39,2,3,3,30,1,11,5,950,1,71,20,1023,58,2,-19,0,0,204
45,0,0,0,0,22,Leo,Araguz,0,82,0,0,87,50,0,7,45,1009,45,48,29,0,0,65,1,0,0,18,0,0,48,1,33,1009,75,18,17,19,0,1,19,0,2,0,0,0,0,0,181,45,69,0,0,0,0,60,0,0,2,0,0,0,3,88,0,15,21,45,22,5,0,25,0,0,83,89,52,83,76,2,2,2,2,4,16,77,10,15,15,13,5,20,0,20,20,15,3,12,5,207,0,71,30,1023,0,3,-30,0,0,215
45,6,6,6,6,11,Lester,Archambeau,642,65,0,54,11,70,0,5,46,4,46,62,31,0,0,87,2,0,0,30,0,0,57,0,33,1009,81,83,32,36,0,3,37,0,0,0,0,0,0,0,200,45,54,0,0,1,0,60,0,0,92,1,4,54,3,25,0,7,15,57,57,10,0,32,0,0,85,12,82,80,82,3,3,3,3,6,31,56,25,25,30,9,15,30,0,10,10,25,6,38,28,438,0,77,115,1023,0,4,-30,0,0,122
45,6,6,6,6,15,Mike,Archie,0,81,0,0,14,98,0,5,47,1009,47,94,30,0,0,85,1,0,0,72,0,0,95,1,18,13,76,30,36,38,0,8,69,0,0,0,0,0,0,0,164,45,0,0,0,0,0,60,0,0,22,1,0,0,3,0,0,7,16,56,61,4,0,75,0,0,94,15,45,79,62,3,3,3,3,1,12,73,5,20,15,11,0,30,0,1,1,25,0,12,10,476,0,68,45,1023,90,3,-30,0,0,86
45,4,7,4,7,16,JoJuan,Armour,145,83,0,18,13,89,0,7,48,2,48,79,23,0,0,87,0,0,0,59,0,0,70,0,11,1015,93,74,23,24,0,3,38,0,2,0,0,0,0,0,115,45,100,3,3,1,0,7,0,0,33,0,1,18,2,92,0,5,34,37,57,1,0,20,0,1,50,15,72,76,74,0,4,0,4,2,26,69,29,19,54,7,7,14,0,18,14,63,1,9,6,145,0,71,60,1023,1,0,-19,0,0,150
28,5,5,5,5,13,Jessie,Armstead,400,89,0,0,12,85,0,7,49,16,49,76,28,0,0,90,1,0,0,57,0,0,78,2,33,15,85,91,29,30,0,3,32,0,2,0,0,0,0,0,115,45,62,0,0,2,0,60,0,0,98,2,4,0,3,50,0,8,20,79,72,7,0,35,0,0,10,18,75,87,79,2,2,2,2,2,28,60,15,25,20,10,10,30,0,15,15,20,0,24,13,400,0,73,77,1023,0,2,-30,0,0,285
13,5,5,5,5,17,Bruce,Armstrong,3317,56,0,504,14,61,0,7,50,22,50,44,33,0,0,89,2,0,0,16,0,0,48,2,23,1015,78,34,97,93,0,3,29,0,2,0,0,0,0,0,105,26,67,0,0,2,0,60,0,0,78,1,5,504,3,0,0,1,19,78,29,13,0,27,0,0,100,16,92,93,94,2,2,2,2,6,36,29,17,25,24,10,25,30,0,5,5,35,6,30,27,1809,0,76,135,1023,0,12,-30,0,0,433
45,6,6,6,6,11,Trace,Armstrong,700,67,0,140,12,72,0,5,51,12,51,63,33,0,0,85,2,0,0,32,0,0,70,0,12,1023,76,88,30,34,0,3,34,0,0,0,0,0,0,0,62,5,47,0,0,2,0,60,0,0,93,1,2,140,3,50,0,1,15,69,59,11,0,31,0,0,100,12,77,79,90,3,3,3,3,5,28,46,25,25,30,8,15,30,0,13,11,25,6,37,23,700,0,76,115,1023,0,4,-30,0,0,172
45,5,5,5,5,15,Tyji,Armstrong,0,84,0,69,13,70,0,7,52,1009,52,69,28,0,0,90,1,0,0,69,0,0,68,0,33,23,85,35,65,68,0,8,65,0,2,0,0,0,0,0,265,45,0,0,0,0,0,60,0,0,89,2,0,69,3,50,0,3,16,49,69,8,0,59,0,0,72,14,75,79,65,2,2,2,2,7,28,40,15,25,20,7,5,30,0,4,4,30,9,37,27,465,0,76,102,1023,15,0,-30,0,0,132
45,3,4,3,4,28,Jahine,Arnold,0,82,0,0,23,89,0,5,53,1009,53,89,26,0,0,31,0,0,0,62,0,0,81,2,27,1009,55,24,22,21,0,1,49,0,0,0,0,0,0,0,66,45,0,2,2,0,0,55,0,0,88,2,0,0,2,81,0,5,18,28,85,4,0,51,0,1,95,25,43,72,89,0,0,0,0,0,12,81,5,9,28,10,6,11,0,3,3,25,4,11,0,180,0,72,27,1023,35,0,-19,0,0,195
45,5,5,5,5,15,Darryl,Ashmore,400,60,0,0,12,55,0,7,54,23,54,42,29,0,0,83,1,0,0,14,0,0,42,1,33,25,78,28,85,83,0,3,23,0,2,0,0,0,0,0,151,45,0,0,0,3,0,60,0,0,73,1,4,0,2,0,0,7,17,35,27,7,0,25,0,0,65,14,88,70,60,2,2,2,2,6,34,49,23,25,27,9,15,30,0,8,9,35,10,30,25,400,0,79,150,1023,0,1,-30,0,0,310
45,5,5,5,5,16,Joe,Aska,0,82,0,0,12,85,0,5,55,1009,55,82,26,0,0,88,1,0,0,68,0,0,70,2,33,22,83,35,59,62,0,8,69,0,0,0,2,2,2,2,275,45,0,0,0,0,0,60,0,0,35,2,0,0,0,30,0,3,18,41,59,5,0,69,0,0,74,15,73,86,61,2,2,2,2,5,26,75,10,25,20,11,5,30,0,2,2,25,8,33,10,45,0,71,76,1023,15,1,-30,0,0,52
45,5,5,5,5,11,James,Atkins,290,55,0,42,8,45,0,7,56,19,56,38,29,0,0,84,1,0,0,10,0,0,40,2,33,1009,79,29,87,85,0,3,24,0,2,0,0,0,0,0,228,45,0,0,0,1,0,60,0,0,74,1,2,42,2,0,0,15,13,39,23,6,0,21,0,0,75,10,89,74,71,2,2,2,2,9,34,41,24,25,31,13,20,30,0,5,5,35,10,24,26,290,0,78,146,1023,0,1,-30,0,0,279
45,7,2,7,2,16,Larry,Atkins,106,97,0,14,20,82,0,5,57,9,57,82,22,0,0,92,0,1,5,68,0,0,89,0,20,1015,84,72,21,19,0,0,26,0,0,0,0,0,0,0,226,45,100,1,1,1,0,7,0,0,35,2,1,14,2,6,0,5,22,37,74,1,0,34,0,1,99,18,71,74,56,4,0,4,0,5,26,40,17,39,31,9,20,30,0,18,18,19,5,27,25,106,0,75,90,1023,8,0,-19,0,0,150
6,6,6,6,6,16,Steve,Atwater,0,94,0,0,15,84,0,5,58,1014,58,78,32,0,0,97,2,0,0,69,0,0,81,1,20,1009,86,91,22,28,0,8,39,0,0,0,0,0,0,0,10,31,62,0,0,0,0,60,0,1,27,1,0,0,3,60,0,1,16,92,78,11,0,52,0,0,100,16,82,97,98,3,3,3,3,4,31,75,5,20,15,9,5,20,0,17,17,15,5,11,9,344,0,75,57,1023,15,0,-30,0,0,379
45,4,6,4,6,12,Ray,Austin,0,88,0,0,26,77,0,1,59,1009,59,81,23,0,0,95,0,0,0,68,0,0,78,3,11,17,99,71,29,28,0,0,26,4,0,0,9,9,9,9,211,45,42,3,3,0,0,34,0,0,36,2,0,0,3,71,0,5,28,48,74,3,0,40,0,1,96,12,61,78,76,4,2,4,2,1,20,78,37,40,37,10,4,5,0,18,18,30,2,5,6,50,0,71,44,1023,19,0,-19,0,0,204
45,5,3,5,3,23,Darnell,Autry,0,86,0,0,21,89,0,7,60,13,60,86,24,0,0,75,0,0,0,74,0,0,88,3,2,1015,60,27,35,21,0,9,75,0,0,0,0,0,0,0,151,14,0,3,3,0,2,2,0,0,24,2,0,0,3,76,0,3,10,54,75,3,0,84,0,1,29,28,69,78,62,0,1,0,1,1,24,72,8,21,37,12,37,21,1,1,1,31,3,11,5,0,0,70,50,1023,59,2,-19,0,0,204
45,4,7,4,7,19,John,Avery,0,86,0,0,37,86,0,7,61,1009,61,80,24,0,0,94,0,1,0,66,0,0,74,3,27,11,80,20,30,46,0,2,75,0,0,0,0,0,0,0,159,12,0,0,0,0,0,54,0,0,33,2,0,0,2,86,0,1,38,31,72,2,0,74,0,1,50,20,70,70,72,0,3,0,3,5,25,76,9,25,25,11,22,6,0,1,1,15,0,6,11,499,0,69,30,1023,10,0,-19,0,0,204
45,0,3,0,3,37,Obafemi,Ayanbadejo,200,73,0,0,29,88,0,7,62,25,62,69,24,0,1,86,0,0,0,70,0,0,51,3,63,28,70,25,50,50,0,7,62,0,0,0,0,1,0,1,180,45,0,2,2,3,0,38,0,0,30,2,4,0,1,57,0,15,29,0,76,2,0,77,0,1,99,18,65,76,70,0,4,0,4,4,22,52,7,35,20,13,39,21,0,2,2,9,9,15,10,200,1,74,75,1023,2,0,-19,0,0,204
45,4,5,4,5,10,Jerry,Azumah,343,92,0,60,24,92,0,5,63,1,63,90,23,0,0,70,0,2,0,75,0,0,80,3,24,1015,65,66,29,16,0,0,27,0,0,0,0,0,0,0,266,45,100,0,2,2,0,45,0,0,23,0,2,60,3,81,0,6,26,50,93,1,0,45,0,1,56,28,45,76,54,4,0,4,0,0,12,71,39,9,10,10,7,12,0,16,16,34,1,6,4,564,0,70,32,1023,17,0,-19,0,0,204
45,6,4,6,4,27,Brad,Badger,160,63,0,30,34,73,0,4,64,31,64,53,24,0,0,87,0,0,0,33,0,0,42,0,14,1015,99,10,84,82,0,3,20,0,2,0,0,2,0,2,200,45,0,0,0,1,0,49,0,0,74,2,1,30,3,75,0,4,26,44,16,3,0,33,0,1,100,22,89,80,76,2,2,2,2,13,34,25,18,38,21,9,24,2,0,6,8,86,18,30,30,160,0,76,160,1023,0,2,-19,0,0,150
45,6,6,6,6,15,Aaron,Bailey,0,89,0,40,15,90,0,5,65,1009,65,86,27,0,0,81,1,0,0,73,0,0,87,1,33,9,76,23,25,26,0,1,55,0,0,0,0,0,0,0,105,45,45,0,0,0,0,60,0,0,80,2,0,40,2,50,0,15,16,47,80,6,0,66,0,0,72,16,56,75,75,3,3,3,3,1,18,91,5,15,15,7,0,20,0,3,3,20,5,0,4,272,0,70,24,1023,65,0,-30,0,0,232
45,4,7,4,7,38,Champ,Bailey,5721,88,0,1260,27,96,0,5,66,26,66,97,21,0,0,91,0,0,0,72,0,0,99,3,10,1015,79,70,27,12,0,7,28,0,0,0,0,0,0,0,70,12,100,0,0,7,0,40,0,0,24,0,7,1260,3,73,0,1,25,71,99,1,0,48,0,1,98,19,45,88,70,3,0,3,0,0,12,80,27,12,38,12,3,16,0,16,16,24,3,8,7,5721,0,72,32,1023,17,0,-19,0,0,204
45,7,4,7,4,27,Karsten,Bailey,256,85,0,39,16,81,0,1,67,28,67,82,21,0,1,79,0,0,0,71,0,0,89,0,12,1015,92,25,33,32,0,7,53,0,0,0,0,7,0,7,14,45,100,3,3,1,3,29,0,0,83,0,1,39,2,73,0,3,13,38,86,1,0,53,0,1,98,21,56,72,73,4,0,4,0,0,18,75,37,19,29,7,8,14,0,3,3,76,1,11,9,256,0,72,45,1023,59,0,-19,0,0,150
45,6,6,6,6,12,Robert,Bailey,400,89,0,0,6,91,0,5,68,25,68,89,30,0,0,78,2,0,0,57,0,0,88,2,33,11,73,57,21,23,0,7,24,0,0,0,0,0,0,0,115,45,0,0,0,2,0,60,0,0,35,2,4,0,2,25,0,4,13,50,81,9,0,33,0,0,99,8,53,76,74,3,3,3,3,0,16,88,5,15,15,13,0,20,0,16,16,20,5,7,8,400,0,69,16,1023,20,2,-30,0,0,229
45,3,4,3,4,16,Eugene,Baker,161,83,0,24,22,99,0,0,69,14,69,96,22,0,0,72,0,0,5,75,0,0,72,3,17,1015,81,19,23,62,0,1,63,0,0,0,7,1,7,1,97,45,100,0,0,1,0,48,0,0,80,2,1,24,2,87,0,5,23,40,94,1,0,52,0,1,78,11,31,73,55,2,3,2,3,2,6,79,16,15,13,7,0,8,0,3,3,1,0,5,5,161,0,74,22,1023,10,0,-19,0,0,204
45,6,6,6,6,10,Jerry,Ball,0,60,0,0,10,66,0,5,70,1014,70,68,34,0,0,93,2,0,0,50,0,0,50,2,33,1009,80,95,40,41,0,3,33,0,0,0,0,0,0,0,192,40,16,0,0,0,0,60,0,0,96,2,0,0,3,60,0,3,14,79,59,13,0,54,0,0,100,11,86,90,84,3,3,3,3,24,33,33,28,25,32,9,31,30,0,12,12,30,21,35,24,1659,0,73,170,1023,0,2,-30,0,0,365
45,5,5,5,5,12,Howard,Ballard,0,53,0,519,9,43,0,7,71,1009,71,39,35,0,0,88,2,0,0,11,0,0,40,2,33,27,80,33,97,93,0,3,28,0,2,0,0,0,0,0,4,26,71,0,0,0,0,60,0,0,75,1,0,519,3,0,0,11,14,71,24,12,0,22,0,0,80,11,92,91,96,2,2,2,2,11,36,35,24,25,30,8,22,30,0,9,9,35,22,23,30,1871,0,78,165,1023,0,0,-30,0,0,282
45,6,5,6,5,21,Antonio,Banks,164,93,0,18,22,71,0,5,72,31,72,77,24,0,0,93,0,5,6,60,0,0,73,2,24,1015,75,76,29,26,0,8,15,0,0,0,0,0,0,0,241,45,0,0,0,2,0,8,0,0,30,1,2,18,2,89,0,4,19,30,74,3,0,44,0,1,69,27,69,69,63,0,0,0,0,1,24,75,18,10,15,7,0,39,1,18,18,48,0,6,10,164,0,70,44,1023,4,2,-19,0,0,204
45,3,3,3,3,1,Chris,Banks,132,67,0,16,24,60,0,5,73,14,73,57,26,0,0,27,1,0,0,11,0,0,62,2,32,1015,50,28,76,75,0,3,37,0,0,0,0,0,0,0,95,14,0,0,0,1,0,25,0,0,76,2,2,16,2,89,0,6,18,26,40,4,0,22,0,1,29,16,86,69,65,2,4,2,4,30,33,14,24,21,34,10,20,21,0,6,8,41,32,37,24,132,0,73,140,1023,0,3,-19,0,0,445
45,0,0,0,0,81,Tony,Banks,372,99,0,62,12,82,0,7,74,25,74,75,26,0,0,99,1,0,0,25,0,0,76,3,18,1009,81,30,23,23,0,1,52,0,0,0,0,0,0,0,118,18,0,2,2,2,0,44,0,0,12,1,2,62,3,54,0,4,93,62,50,4,0,47,0,1,91,22,56,83,72,1,0,2,0,1,18,57,9,7,25,12,6,7,0,0,0,20,9,33,12,372,0,76,70,1023,0,0,-19,0,1,204
45,6,6,6,6,8,Michael,Bankston,383,60,0,51,10,65,0,5,75,2,75,55,29,0,0,91,1,0,0,21,0,0,53,2,33,1009,85,82,35,39,0,3,40,0,0,0,0,0,0,0,183,40,0,0,0,2,0,60,0,0,63,1,3,51,2,25,0,4,14,52,48,8,0,35,0,0,100,11,87,73,66,3,3,3,3,10,34,43,24,25,27,7,19,30,0,11,10,25,10,31,22,383,0,77,122,1023,0,1,-30,0,0,106
45,5,5,5,5,12,Brad,Banta,279,80,0,42,10,70,0,7,76,18,76,65,28,0,0,91,1,0,0,62,0,0,63,0,33,1015,86,39,70,75,0,8,59,0,2,0,0,0,0,0,231,45,0,0,0,1,0,60,0,0,81,2,2,42,3,25,0,4,14,53,58,6,0,62,0,0,71,12,76,78,67,2,2,2,2,3,28,40,15,25,20,7,5,30,0,4,4,30,9,23,25,279,0,78,94,1023,15,5,-30,0,0,12
45,5,5,5,5,10,Mike,Barber,0,78,0,0,9,85,0,7,77,1009,77,79,28,0,0,91,1,0,0,43,0,0,80,0,63,4,86,79,30,31,0,3,33,0,2,0,0,0,0,0,38,45,0,0,0,0,0,60,0,0,53,2,0,0,0,0,0,15,14,49,65,5,0,28,0,0,100,12,76,74,68,2,2,2,2,7,28,45,15,25,20,9,10,30,0,14,13,20,2,36,21,300,0,72,86,1023,0,0,-30,0,0,62
11,7,6,7,6,29,Ronde,Barber,1800,76,0,392,26,95,0,5,78,6,78,93,25,0,0,94,0,0,3,74,0,0,94,3,8,1015,69,81,29,29,0,7,24,0,0,0,8,0,8,0,240,30,52,0,0,2,0,33,0,0,20,0,4,392,3,81,0,6,14,80,91,3,0,55,0,1,100,16,65,93,81,0,4,0,4,2,22,85,1,14,19,10,7,19,0,16,16,69,5,2,7,1800,0,70,23,1023,62,2,-19,0,0,204
45,6,6,6,6,29,Shawn,Barber,884,75,0,60,21,86,0,0,79,26,79,77,24,0,0,94,0,0,0,54,0,0,80,3,12,1015,99,77,32,23,0,6,24,0,0,0,0,0,0,0,172,45,7,0,1,3,0,48,0,0,59,2,4,60,3,83,0,3,10,69,67,2,0,33,0,1,100,36,80,78,66,4,0,4,0,5,30,75,29,36,31,13,7,22,0,13,13,29,2,33,11,381,0,74,80,1023,8,1,-19,0,0,204
15,4,1,4,1,12,Tiki,Barber,4492,88,0,258,14,97,0,5,80,16,80,95,25,1,1,89,0,0,0,82,0,0,96,2,3,1015,66,32,34,38,0,1,83,6,0,0,0,7,0,7,240,23,82,1,2,2,0,55,0,0,21,2,4,258,3,87,0,2,36,86,74,3,0,74,0,1,66,33,83,90,78,4,0,4,0,1,32,85,5,10,4,12,18,40,0,1,1,5,3,13,7,1302,0,70,45,1023,41,2,-19,0,0,204
6,0,0,0,0,24,Bryan,Barker,399,93,0,120,93,55,0,7,81,17,81,51,34,0,0,60,1,0,0,13,0,0,50,0,33,1009,65,29,18,17,0,1,24,0,2,0,0,0,0,0,265,14,54,0,0,2,0,60,0,0,4,1,3,120,1,0,0,15,29,55,33,10,0,16,0,0,100,90,49,94,84,2,2,2,2,4,14,76,10,15,15,10,5,20,0,20,20,15,1,12,5,399,0,73,42,1023,0,4,-30,0,0,132
45,6,6,6,6,9,Roy,Barker,284,80,0,141,9,65,0,5,82,31,82,62,30,0,0,94,1,0,0,59,0,0,64,2,33,1009,88,83,35,36,0,3,42,0,0,0,0,0,0,0,135,40,25,0,0,1,0,60,0,0,92,1,1,141,3,60,0,4,14,75,67,8,0,33,0,0,91,11,92,85,94,3,3,3,3,5,36,44,21,25,31,12,24,30,0,10,12,25,8,39,28,774,0,77,127,1023,0,0,-30,0,0,279
45,3,6,3,6,10,Reggie,Barlow,121,84,0,0,12,96,0,7,83,17,83,92,26,0,1,72,0,0,0,76,0,0,94,2,10,1015,80,22,24,24,0,1,60,0,0,0,0,0,0,0,5,45,13,0,0,1,0,29,0,0,84,2,1,0,3,78,0,5,30,50,81,4,0,62,0,1,100,10,50,81,78,2,0,2,0,3,15,77,3,9,22,10,9,10,0,3,3,23,1,5,8,121,1,72,30,1023,78,3,-19,0,0,204
45,6,6,6,6,8,Tom,Barndt,585,65,0,92,8,65,0,5,84,2,84,53,27,0,0,87,1,0,0,24,0,0,60,0,33,1009,83,80,31,32,0,3,37,0,0,0,0,0,0,0,166,40,0,0,0,1,0,60,0,0,93,1,4,92,2,25,0,6,13,43,52,5,0,28,0,0,97,10,89,85,91,3,3,3,3,5,34,31,21,25,22,13,15,30,0,12,12,30,9,44,25,585,0,75,138,1023,0,3,-30,0,0,144
45,6,2,6,2,10,Lionel,Barnes,163,84,0,29,22,70,0,7,85,24,85,60,21,0,0,88,0,0,1,20,0,0,67,3,2,1015,79,73,20,23,0,3,39,0,0,0,0,0,0,0,265,45,100,0,0,1,0,32,0,0,92,0,1,29,2,50,0,6,27,46,69,1,0,22,0,1,71,24,88,74,60,2,2,2,2,4,34,64,54,41,46,13,43,35,0,11,12,83,9,29,24,163,0,77,100,1023,6,0,-19,0,0,204
45,0,0,0,0,71,Pat,Barnes,0,95,0,0,26,56,0,2,86,1009,86,58,24,0,0,92,0,0,0,21,0,0,59,2,18,1009,72,38,23,13,0,1,38,1,0,0,0,0,0,0,28,45,0,0,0,0,0,38,0,0,10,0,0,0,3,1,0,3,85,72,56,3,0,56,0,1,99,27,56,62,60,3,2,3,2,4,18,73,5,3,62,8,18,3,0,0,0,51,0,8,5,428,0,75,55,1023,1,0,-19,0,0,204
45,6,6,6,6,17,Fred,Barnett,0,91,0,162,10,90,0,5,87,1009,87,88,32,0,0,81,2,0,0,83,0,0,87,2,33,11,76,22,25,26,0,1,55,0,0,0,0,0,0,0,12,45,0,0,0,0,0,60,0,0,80,2,0,162,3,60,0,3,19,68,90,10,0,70,0,0,100,12,56,84,86,3,3,3,3,1,18,74,5,15,15,9,0,20,0,3,3,20,5,8,6,969,0,72,44,1023,20,1,-30,0,0,60
45,6,6,6,6,8,Oliver,Barnett,0,65,0,0,8,65,0,5,88,1009,88,52,33,0,0,88,2,0,0,24,0,0,50,1,33,14,84,80,35,36,0,3,37,0,0,0,0,0,0,0,98,40,0,0,0,0,0,60,0,0,72,1,0,0,3,25,0,3,14,36,50,10,0,28,0,0,100,11,90,78,71,3,3,3,3,6,35,30,20,25,25,11,24,30,0,12,12,30,10,28,30,0,0,75,128,1023,0,3,-30,0,0,66
45,6,6,6,6,10,Tim,Barnett,21,87,0,0,17,86,0,5,89,1009,89,84,31,0,0,82,1,0,0,78,0,0,85,2,33,1009,77,15,26,27,0,1,58,0,0,0,0,0,0,0,92,45,0,0,0,0,0,60,0,0,80,2,1,0,0,0,0,3,12,50,84,8,0,69,0,0,99,19,57,75,70,3,3,3,3,5,18,63,5,15,15,7,0,20,0,3,3,20,3,8,8,0,0,73,49,1023,20,4,-30,0,0,347
6,0,0,0,0,14,Tommy,Barnhardt,405,87,0,131,89,50,0,7,90,26,90,50,35,0,0,60,2,0,0,10,0,0,49,0,33,1009,65,27,22,23,0,1,23,0,2,0,0,0,0,0,265,14,60,0,0,1,0,60,0,0,6,0,1,131,3,0,0,9,18,55,31,13,0,18,0,0,69,92,44,94,94,2,2,2,2,1,12,61,10,15,15,11,5,20,0,20,20,15,10,16,14,405,0,74,68,1023,0,0,-30,0,0,246
45,5,5,5,5,17,Micheal,Barrow,660,85,0,120,16,80,0,7,91,16,91,72,29,0,0,91,1,0,0,53,0,0,76,2,33,1009,86,88,31,32,0,3,34,0,2,0,0,0,0,0,115,45,57,0,0,1,0,60,0,0,58,1,3,120,3,50,0,2,17,69,68,7,0,31,0,0,100,15,76,84,82,2,2,2,2,7,28,63,15,25,20,13,10,30,0,14,13,20,0,35,21,660,0,74,84,1023,0,2,-30,0,0,23
45,0,0,0,0,16,Brent,Bartholomew,0,76,0,0,80,50,0,10,92,1009,92,42,21,0,0,65,0,0,0,27,0,0,45,3,21,1009,85,15,17,18,0,5,29,0,0,0,0,0,0,0,156,45,100,0,0,0,2,49,0,0,12,1,0,0,2,51,0,5,25,12,33,1,0,22,0,1,72,85,33,63,56,4,2,4,2,4,6,80,45,21,26,13,12,17,0,20,20,41,2,13,11,47,0,74,60,1023,8,0,-19,0,0,204
45,6,4,6,4,15,Eric,Barton,1117,97,0,54,30,73,1,5,93,23,93,86,23,0,0,86,0,0,0,57,0,0,80,3,33,1009,73,84,27,38,0,3,39,0,0,0,9,0,9,0,111,45,100,0,3,5,0,14,0,0,50,2,5,54,3,93,0,8,26,52,65,1,0,27,0,1,57,24,77,79,75,0,0,0,0,3,28,54,10,33,18,11,2,15,0,14,14,23,4,20,22,609,0,76,85,1023,7,0,-19,0,0,204
45,5,5,5,5,10,Mike,Bartrum,386,79,0,57,8,65,0,7,94,13,94,64,28,0,0,90,1,0,0,62,0,0,63,0,33,1009,85,42,70,75,0,8,59,0,2,0,0,0,0,0,110,45,0,0,0,1,0,60,0,0,88,2,3,57,3,25,0,15,13,39,59,7,0,62,0,0,85,11,75,75,62,2,2,2,2,5,28,69,15,25,20,13,5,30,0,4,4,30,6,30,20,386,0,76,88,1023,15,2,-30,0,0,68
45,0,0,0,0,80,Charlie,Batch,906,95,0,156,35,83,0,1,95,19,95,81,23,0,0,85,0,0,0,49,0,0,82,3,21,1015,77,27,15,25,0,0,60,0,0,0,0,0,0,0,58,19,0,2,2,3,0,43,0,0,10,1,4,156,3,82,0,3,89,48,46,2,0,55,0,1,99,23,60,82,71,0,2,0,2,3,20,63,6,32,11,11,16,10,0,0,0,13,1,10,11,906,0,74,56,1023,1,1,-19,0,0,204
45,4,2,4,2,22,D'Wayne,Bates,252,88,0,52,29,85,0,2,96,1,96,98,22,0,0,93,0,0,0,87,0,0,73,1,11,1015,82,29,12,24,0,0,42,0,0,0,9,0,9,0,151,45,100,2,0,1,0,51,0,0,87,2,1,52,2,73,0,4,36,42,94,1,0,31,0,1,51,11,40,74,50,2,0,2,0,4,10,82,21,19,24,11,8,26,0,3,3,30,4,10,12,338,0,74,55,1023,20,0,-19,0,0,58
45,6,6,6,6,16,Mario,Bates,308,89,0,72,15,88,0,5,97,19,97,86,26,0,0,82,1,0,0,60,0,0,85,2,33,1009,79,27,31,34,0,8,78,0,0,0,0,0,0,0,9,45,0,0,0,1,0,60,0,0,31,2,2,72,3,50,0,2,17,52,65,6,0,80,0,0,98,16,62,78,79,3,3,3,3,5,21,82,5,20,15,7,0,30,0,1,1,25,2,12,7,420,0,73,57,1023,65,1,-30,0,0,99
36,6,6,6,6,17,Michael,Bates,1091,97,0,180,17,95,0,5,98,21,98,94,29,0,0,82,1,0,0,79,0,0,90,2,33,1009,77,49,35,38,0,1,66,0,0,0,0,0,0,0,8,11,57,0,0,1,0,60,0,0,24,2,4,180,3,35,0,6,19,54,81,8,0,76,0,0,88,19,57,80,67,3,3,3,3,2,18,84,5,15,15,11,0,20,0,3,3,20,0,5,7,1091,0,71,22,1023,95,3,-30,0,0,21
45,3,1,3,1,23,Marco,Battaglia,121,85,0,24,18,78,0,5,99,2,99,70,26,0,0,82,1,0,0,70,0,0,72,2,16,1015,87,34,55,53,0,2,70,0,0,0,0,7,0,7,175,45,0,0,0,1,0,24,0,0,89,1,1,24,2,72,0,2,18,36,70,4,0,60,0,1,93,22,72,72,65,2,4,2,4,6,26,61,9,11,48,10,8,16,0,4,4,24,8,20,25,151,0,75,90,1023,0,3,-19,0,0,151
45,5,5,5,5,16,Brad,Baxter,0,80,0,122,12,74,0,5,100,1009,100,71,31,0,0,84,2,0,0,66,0,0,69,2,33,17,75,31,59,62,0,8,85,0,0,0,2,2,2,2,5,45,0,0,0,0,0,60,0,0,30,2,0,122,3,30,0,11,18,47,58,11,0,68,0,0,94,15,69,88,80,2,2,2,2,2,24,69,10,25,20,12,5,30,0,2,2,25,5,16,11,530,0,73,73,1023,15,2,-30,0,0,339
45,5,5,5,5,15,Fred,Baxter,734,86,0,75,13,80,0,7,101,18,101,71,27,0,0,90,1,0,0,74,0,0,72,2,33,1015,85,28,62,63,0,8,66,0,2,0,0,0,0,0,14,45,21,0,0,2,0,60,0,0,84,2,4,75,3,50,0,5,17,45,68,7,0,62,0,0,100,15,75,81,63,2,2,2,2,4,28,53,15,25,20,13,5,30,0,4,4,30,5,28,22,500,0,75,108,1023,25,6,-30,0,0,131
45,3,7,3,7,30,Aaron,Beasley,263,99,0,0,26,94,0,5,102,17,102,91,26,0,1,90,1,0,0,60,0,0,87,2,10,1015,89,78,28,32,0,1,24,0,0,0,0,1,0,1,254,38,63,0,0,1,0,54,0,0,21,2,1,0,3,88,0,4,30,70,93,4,0,45,0,1,100,10,57,88,87,2,4,2,4,0,18,69,6,10,18,7,6,10,0,16,16,35,2,7,5,263,0,72,45,1023,0,3,-19,0,0,204
45,6,4,6,4,18,Fred,Beasley,1840,39,0,476,17,88,0,5,103,15,103,79,23,0,0,79,0,0,0,78,0,0,84,3,31,1015,78,17,51,76,0,3,83,0,0,0,0,0,0,0,14,45,85,3,3,6,0,35,0,0,40,2,7,476,3,84,0,6,30,54,40,2,0,79,0,1,90,24,81,99,74,0,1,0,1,7,30,51,28,33,27,7,32,27,0,2,2,7,0,34,20,1840,1,72,86,1023,0,1,-19,0,0,204
5,6,6,6,6,17,Don,Beebe,0,96,0,192,16,94,0,5,104,1009,104,91,34,0,0,76,2,0,0,88,0,0,87,0,33,19,71,16,24,25,0,1,55,0,0,0,0,0,0,0,265,36,0,0,0,0,0,60,0,0,82,2,0,192,3,30,0,3,19,71,81,11,0,66,0,0,94,17,51,87,91,3,3,3,3,3,16,83,5,15,15,10,0,20,0,3,3,20,0,5,4,1146,0,71,25,1023,89,1,-30,0,0,327
45,5,5,5,5,16,Frank,Beede,314,60,0,14,13,55,0,7,105,28,105,45,26,0,0,86,1,0,0,14,0,0,43,0,33,1009,81,31,78,76,0,3,26,0,2,0,0,0,0,0,265,45,0,0,0,3,0,60,0,0,63,2,5,14,2,0,0,15,18,24,27,5,0,25,0,0,100,15,90,68,68,2,2,2,2,5,35,29,25,25,27,7,17,30,0,6,6,25,6,23,24,120,0,76,136,1023,0,2,-30,0,0,62
45,6,6,6,6,13,Myron,Bell,334,86,0,63,12,89,0,5,106,29,106,86,27,0,0,88,1,0,0,66,0,0,88,2,33,1009,83,73,23,24,0,8,28,0,0,0,0,0,0,0,118,45,54,0,0,1,0,60,0,0,42,2,2,63,3,25,0,5,13,65,90,6,0,28,0,0,100,13,63,87,81,3,3,3,3,0,22,70,5,20,15,11,5,20,0,18,17,15,0,8,5,456,0,71,43,1023,15,1,-30,0,0,235
45,7,1,7,1,10,Tyrone,Bell,0,89,0,0,25,81,0,7,107,1009,107,86,23,0,0,83,0,0,0,68,0,0,88,3,9,1015,84,63,29,23,0,7,27,0,0,0,1,2,1,2,132,45,100,0,0,0,0,55,0,0,47,2,0,0,2,88,0,4,21,36,92,1,0,41,0,1,50,22,57,67,43,4,3,4,3,1,18,68,28,36,19,8,28,19,0,16,16,11,3,5,10,262,0,74,50,1023,28,0,-19,0,0,204
45,6,6,6,6,15,Jay,Bellamy,611,94,0,108,14,89,0,5,108,28,108,86,26,0,0,87,1,0,0,66,0,0,83,2,33,1009,82,67,22,26,0,8,29,0,0,0,0,0,0,0,175,45,42,0,0,2,0,60,0,0,20,2,3,108,3,25,0,15,15,68,90,6,0,30,0,0,100,15,62,84,76,3,3,3,3,1,21,83,5,20,15,8,5,20,0,17,17,15,1,7,11,611,0,71,40,1023,15,4,-30,0,0,245
45,6,6,6,6,13,Jason,Belser,433,86,0,108,10,88,0,5,109,10,109,83,28,0,0,87,1,0,0,58,0,0,83,2,33,1015,82,73,26,25,0,8,29,0,0,0,0,0,0,0,157,45,26,0,0,2,0,60,0,0,29,1,2,108,3,25,0,8,14,65,84,8,0,29,0,0,95,15,62,82,79,3,3,3,3,3,21,78,5,20,15,11,5,20,0,17,17,15,0,1,0,591,0,69,27,1023,15,7,-30,0,0,61
45,3,7,3,7,11,Leon,Bender,0,70,0,117,28,76,0,7,110,1009,110,69,22,0,1,86,0,0,0,23,0,0,67,0,13,22,73,71,35,32,0,3,21,0,2,0,0,0,0,0,251,45,0,0,0,0,2,19,0,0,97,2,0,117,3,71,0,3,23,50,64,2,0,23,0,1,52,26,88,77,61,2,3,2,3,27,34,26,27,26,38,7,22,31,0,12,12,47,20,40,28,618,0,74,142,1023,3,0,-19,0,0,150
45,6,6,6,6,16,Brandon,Bennett,831,80,0,78,15,92,0,5,111,2,111,88,26,0,0,86,0,0,0,78,0,0,89,2,63,1009,77,31,33,35,0,8,75,0,0,0,0,0,0,0,176,45,0,0,0,5,0,60,0,0,36,2,5,78,3,0,0,15,16,51,63,2,0,76,0,0,100,15,66,80,71,3,3,3,3,5,23,77,5,20,15,7,0,30,0,1,1,25,5,13,10,453,0,71,60,1023,20,4,-30,0,0,148
28,5,5,5,5,17,Cornelius,Bennett,570,74,0,147,15,73,0,7,112,10,112,61,33,0,0,91,2,0,0,52,0,0,63,1,2,1009,74,95,32,36,0,3,28,0,2,0,2,2,2,2,3,45,47,0,0,2,0,60,0,0,97,1,2,147,3,75,0,1,20,69,83,13,0,47,0,0,95,17,76,84,95,2,2,2,2,3,28,57,15,25,20,8,5,30,0,13,14,25,6,19,14,777,0,74,77,1023,0,0,-30,0,0,297
13,0,0,0,0,32,Darren,Bennett,825,93,0,45,93,55,0,7,113,8,113,51,34,0,0,60,1,0,0,15,0,0,50,0,33,1009,65,29,21,27,0,1,24,0,2,0,0,0,0,0,265,14,93,0,0,5,0,60,0,0,2,0,6,45,1,0,0,15,36,59,33,6,0,24,0,0,58,96,53,99,98,2,2,2,2,2,16,76,10,15,15,10,5,20,0,20,20,15,9,26,11,114,0,77,75,1023,0,4,-30,0,0,107
45,5,5,5,5,16,Donnell,Bennett,241,79,0,4,12,70,0,5,114,9,114,69,26,0,0,89,1,0,0,59,0,0,67,2,33,1015,85,36,55,60,0,8,70,0,0,0,2,2,2,2,115,45,0,0,0,2,0,60,0,0,30,2,3,4,1,25,0,2,18,22,59,6,0,72,0,0,99,15,74,64,90,2,2,2,2,5,27,42,10,25,20,11,5,30,0,1,2,25,9,42,23,73,0,72,81,1023,15,5,-30,0,0,114
45,6,6,6,6,16,Edgar,Bennett,0,90,0,0,15,88,0,5,115,1009,115,84,30,0,0,90,1,0,0,79,0,0,86,2,33,1009,75,35,43,46,0,8,82,0,0,0,0,0,0,0,64,3,82,0,0,0,0,60,0,1,32,0,0,0,3,60,0,4,17,84,73,8,0,82,0,0,76,16,63,83,83,3,3,3,3,4,22,68,5,20,15,7,0,30,0,1,1,25,3,13,10,1027,0,72,57,1023,20,1,-30,0,0,326
45,4,5,4,5,29,Tommy,Bennett,250,98,0,0,34,91,0,0,116,7,116,82,25,0,0,81,0,0,0,58,0,0,80,3,3,1015,78,72,27,24,0,7,36,0,0,0,1,9,1,9,226,45,0,0,0,2,0,42,0,0,28,2,5,0,0,81,0,6,23,47,54,3,0,33,0,1,64,37,55,78,80,2,0,2,0,3,18,70,19,45,37,9,1,7,0,18,18,26,0,5,8,250,0,74,59,1023,4,0,-19,0,0,204
45,6,6,6,6,12,Tony,Bennett,0,75,0,0,12,80,0,5,117,1009,117,73,31,0,0,81,2,0,0,37,0,0,74,2,18,9,75,79,24,28,0,3,28,0,0,0,0,0,0,0,159,45,0,0,0,0,0,60,0,0,56,0,0,0,0,50,0,1,19,77,64,10,0,25,0,0,90,16,76,87,84,3,3,3,3,3,28,68,25,25,30,7,15,30,0,11,11,25,7,25,23,0,0,74,88,1023,0,1,-30,0,0,92
45,0,0,0,0,24,Scott,Bentley,0,81,0,0,66,30,0,7,118,1009,118,37,25,0,0,36,0,0,0,21,0,0,44,0,1,1015,70,10,25,23,0,0,16,0,2,0,0,0,0,0,64,45,100,3,3,0,0,51,0,0,1,2,0,0,0,86,0,4,12,0,22,1,0,19,5,1,57,89,20,47,59,2,0,0,0,5,0,83,7,12,28,7,1,11,0,19,19,4,0,13,10,50,0,72,43,1023,1,31,-19,0,0,150
45,5,5,5,5,11,Pete,Bercich,264,82,0,22,10,75,0,7,119,31,119,72,27,0,0,91,1,0,0,33,0,0,71,0,33,1015,86,79,31,32,0,3,34,0,2,0,0,0,0,0,152,45,0,0,0,2,0,60,0,0,50,2,3,22,2,25,0,7,16,39,68,6,0,31,0,0,64,14,76,69,66,2,2,2,2,1,28,70,15,25,20,8,10,30,0,14,15,20,6,28,10,160,0,73,80,1023,0,5,-30,0,0,150
45,0,0,0,0,21,Mitch,Berger,616,92,0,145,88,89,0,7,120,31,120,76,26,0,0,70,1,0,0,5,0,0,55,1,33,1009,75,58,18,19,0,1,29,0,2,0,0,0,0,0,41,45,73,0,0,2,0,60,0,0,17,0,5,145,3,0,0,6,27,53,39,6,0,15,0,0,100,94,48,94,87,2,2,2,2,1,14,90,10,15,15,11,5,20,0,20,20,15,4,5,7,616,0,76,60,1023,0,3,-30,0,0,30
45,6,3,6,3,25,Bertrand,Berry,0,84,0,0,23,71,0,5,121,1009,121,65,25,0,0,79,0,0,0,14,0,0,76,3,26,1015,76,83,21,25,0,3,34,0,0,0,0,0,0,0,64,45,40,1,1,0,0,47,0,0,57,1,0,0,3,98,0,3,39,71,64,3,0,14,0,1,95,26,77,83,81,0,0,0,0,4,28,54,12,2,8,12,36,22,0,10,10,101,6,21,23,1003,0,75,100,1023,5,2,-19,0,0,204
3,6,6,6,6,16,Jerome,Bettis,3298,94,0,765,15,89,0,5,122,29,122,87,27,0,0,95,1,0,0,68,0,0,87,1,10,23,92,34,36,38,0,8,99,0,0,0,0,0,0,0,152,21,79,0,0,3,0,60,0,1,36,0,5,765,3,70,0,1,16,96,63,7,0,99,0,0,100,15,76,96,99,3,3,3,3,6,28,47,5,20,15,12,0,30,0,1,1,25,7,27,23,3298,0,71,92,1023,20,3,-30,0,0,33
45,0,0,0,0,90,Steve,Beuerlein,1719,85,0,375,10,64,0,7,123,21,123,61,34,0,0,78,2,0,0,21,0,0,46,0,33,1009,80,17,17,22,0,1,57,0,2,0,0,0,0,0,152,20,28,0,0,2,0,60,0,0,7,0,3,375,3,30,0,4,90,90,53,13,0,60,0,0,43,13,58,89,89,2,2,2,2,2,19,82,5,10,15,13,0,20,0,0,0,20,1,13,7,1563,0,75,60,1023,0,3,-30,0,0,403
45,5,5,5,5,18,Eric,Beverly,300,70,0,0,15,55,0,7,124,19,124,45,24,0,0,85,0,0,0,17,0,0,54,2,33,19,80,30,86,87,0,3,25,0,2,0,0,0,0,0,116,45,68,0,0,4,0,60,0,0,79,0,5,0,0,0,0,7,20,64,30,2,0,28,0,0,99,17,90,82,82,2,2,2,2,40,35,32,35,25,39,11,24,30,0,7,5,35,28,34,26,300,0,75,140,1023,0,4,-30,0,0,11
23,0,0,0,0,23,Tim,Biakabutuka,2767,88,0,540,22,96,0,4,125,21,125,90,25,0,1,70,1,0,0,74,0,0,93,3,19,1015,68,21,23,24,0,1,82,0,0,0,4,4,4,4,117,12,70,0,0,2,0,5,0,0,21,1,5,540,3,94,0,1,13,70,77,4,0,79,0,1,32,12,65,86,81,2,0,2,0,4,22,66,9,10,36,11,7,25,0,1,1,33,1,9,6,2767,0,72,55,1023,0,3,-19,0,0,204
45,0,0,0,0,16,Josh,Bidwell,655,89,0,105,81,54,0,7,126,20,126,48,23,0,0,68,0,0,0,22,0,0,49,0,25,1015,96,13,10,16,0,0,17,0,2,0,0,0,0,0,160,45,100,2,2,7,0,64,0,0,9,1,7,105,3,62,0,4,28,31,39,1,0,11,0,1,100,94,18,79,61,2,0,2,0,0,0,64,47,26,29,9,17,16,0,20,20,49,5,13,7,655,0,75,60,1023,3,0,-19,0,0,150
45,5,5,5,5,13,Greg,Biekert,2178,79,0,237,11,85,0,7,127,23,127,78,30,0,0,92,1,0,0,58,0,0,71,0,33,1015,87,86,33,37,0,3,31,0,2,0,2,2,2,2,41,45,46,0,0,3,0,60,0,0,54,0,5,237,3,25,0,7,17,69,74,7,0,54,0,0,84,14,87,86,81,2,2,2,2,7,34,67,15,25,20,7,5,30,0,14,14,25,0,35,23,1188,0,74,93,1023,0,6,-30,0,0,351
45,6,6,6,6,15,Eric,Bienemy,0,83,0,0,14,86,0,5,128,1009,128,81,29,0,0,85,2,0,0,74,0,0,80,1,33,1009,76,30,35,36,0,8,82,0,0,0,0,0,0,0,41,45,13,0,0,0,0,60,0,0,33,2,0,0,3,50,0,2,16,57,69,9,0,88,0,0,74,15,65,80,79,3,3,3,3,2,22,91,5,20,15,8,0,30,0,1,1,25,1,7,12,177,0,67,45,1023,55,0,-30,0,0,232
45,5,5,5,5,16,David,Binn,1000,65,0,300,13,60,0,7,129,8,129,47,27,0,0,83,1,0,0,14,0,0,45,0,63,4,78,29,79,81,0,3,24,0,2,0,0,0,0,0,28,45,0,0,0,7,0,60,0,0,50,2,7,300,0,0,0,15,18,63,28,6,0,25,0,0,100,15,88,76,80,2,2,2,2,4,34,44,15,25,34,11,21,25,0,7,7,10,6,44,24,1000,0,75,85,1023,0,0,-30,0,0,151
45,3,4,3,4,11,Matt,Birk,754,75,0,120,30,63,0,7,130,31,130,58,24,0,0,92,0,0,0,26,0,0,66,0,17,1015,88,11,85,88,0,3,19,0,0,0,6,2,6,2,75,45,0,0,0,4,0,45,0,0,78,0,5,120,3,76,0,6,12,41,16,2,0,22,0,1,86,26,87,81,68,2,2,2,2,9,34,36,24,32,22,10,21,14,0,7,5,101,10,39,29,754,0,76,149,1023,4,1,-19,0,0,150
45,6,6,6,6,16,Blaine,Bishop,987,90,0,69,16,88,0,5,131,30,131,86,28,0,0,92,1,0,0,57,0,0,87,1,33,1015,87,73,23,24,0,8,32,0,0,0,0,0,0,0,265,45,14,0,0,3,0,60,0,0,23,2,5,69,3,50,0,8,16,58,86,7,0,39,0,0,86,18,67,81,73,3,3,3,3,2,24,75,5,20,15,9,5,20,0,18,18,15,0,4,11,538,0,69,37,1023,15,4,-30,0,0,43
45,5,5,5,5,19,Greg,Bishop,400,69,0,200,16,60,0,7,132,1014,132,46,27,0,0,86,1,0,0,18,0,0,47,0,33,15,81,31,90,94,0,3,26,0,2,0,0,0,0,0,265,24,58,0,0,1,0,60,0,0,78,0,1,200,3,0,0,4,21,68,31,7,0,29,0,0,4,18,91,83,70,2,2,2,2,7,36,43,20,25,33,11,15,30,0,8,6,25,10,36,30,400,0,77,145,1023,0,0,-30,0,0,72
45,0,0,0,0,75,Michael,Bishop,0,97,0,0,25,75,0,4,133,1009,133,58,23,0,0,77,0,0,0,35,0,0,54,1,12,1015,90,20,18,17,0,0,48,0,4,0,0,0,0,0,96,45,100,1,1,0,0,50,0,0,7,1,0,0,2,65,0,7,94,33,47,1,0,42,0,1,73,17,56,69,60,0,2,0,2,5,18,69,35,3,5,7,5,3,0,0,0,16,0,9,9,142,0,74,55,1023,0,0,-19,0,0,58
45,5,5,5,5,16,Eric,Bjornson,141,87,0,57,14,75,0,7,134,22,134,72,27,0,0,84,1,0,0,78,0,0,74,0,33,1015,79,34,46,49,0,8,65,0,2,0,0,0,0,0,252,45,68,0,0,1,0,60,0,0,86,1,1,57,3,30,0,4,17,47,72,5,0,68,0,0,85,15,69,74,71,2,2,2,2,4,24,51,15,25,20,11,5,30,0,4,4,30,3,19,12,384,0,76,76,1023,15,4,-30,0,0,161
45,3,3,3,3,22,Ken,Blackman,0,75,0,93,23,70,0,7,135,1009,135,56,27,0,1,27,1,0,0,20,0,0,48,0,16,1,28,27,88,83,2,2,29,0,0,0,0,2,0,2,84,14,0,0,0,0,0,51,0,0,66,1,0,93,3,1,0,3,24,56,32,4,0,37,0,1,99,21,91,80,69,2,2,2,2,12,36,43,23,20,26,10,20,22,0,8,8,38,21,39,28,495,0,78,160,1023,0,0,-19,0,0,153
45,6,6,6,6,14,Robert,Blackmon,0,91,0,63,16,82,0,5,136,1009,136,81,31,0,0,90,2,0,0,59,0,0,79,2,33,9,82,72,22,25,0,8,30,0,0,0,0,0,0,0,17,45,41,0,0,0,0,60,0,0,25,2,0,63,3,50,0,2,16,55,83,10,0,32,0,0,88,17,65,80,79,3,3,3,3,1,22,74,5,20,15,11,5,20,0,18,18,15,4,10,7,456,0,72,48,1023,15,0,-30,0,0,339
45,0,4,0,4,15,Roosevelt,Blackmon,0,99,0,0,5,83,0,4,137,1009,137,94,24,0,0,73,0,0,1,52,0,0,95,3,29,1015,92,56,28,25,0,8,21,0,0,0,8,1,8,1,129,45,0,0,0,0,3,55,0,0,37,2,0,0,2,88,0,3,26,36,95,2,0,48,0,1,97,10,53,71,56,0,2,0,2,2,16,88,36,9,11,9,13,7,1,16,16,0,4,7,8,275,1,73,25,1023,20,1,-19,0,0,204
45,5,5,5,5,9,Jeff,Blackshear,295,50,0,14,5,45,0,7,138,9,138,39,30,0,0,86,1,0,0,10,0,0,38,2,33,1009,81,30,81,83,0,3,25,0,2,0,0,0,0,0,229,45,0,0,0,1,0,60,0,0,69,0,4,14,2,0,0,8,11,35,22,7,0,11,0,0,57,7,91,68,60,2,2,2,2,13,36,31,15,25,23,8,22,30,0,8,8,25,21,24,24,134,0,78,163,1023,0,3,-30,0,0,280
45,6,2,6,2,16,Will,Blackwell,2033,80,0,336,12,92,0,1,139,29,139,84,25,1,0,91,0,1,0,75,0,0,87,2,22,1015,87,17,20,23,0,7,59,0,0,0,0,0,0,0,180,19,9,0,0,2,3,0,0,0,89,2,4,336,3,51,0,2,35,56,98,3,0,63,0,1,100,15,34,83,99,0,0,0,0,2,7,91,15,11,27,11,0,18,0,3,3,39,1,6,7,2033,1,73,36,1023,21,2,-19,0,0,204
45,6,6,6,6,14,Bennie,Blades,0,83,0,114,16,79,0,5,140,1009,140,76,32,0,0,97,2,0,0,68,0,0,77,2,3,27,83,80,23,24,0,8,32,0,0,0,0,0,0,0,115,3,0,0,0,0,0,60,0,1,36,1,0,114,3,80,0,1,16,70,76,12,0,53,0,0,90,17,72,87,88,3,3,3,3,0,26,59,5,20,15,12,5,20,0,18,18,15,2,16,12,284,0,72,61,1023,15,1,-30,0,0,352
45,6,6,6,6,15,Brian,Blades,0,87,0,177,11,83,0,5,141,1009,141,80,33,0,0,80,2,0,0,87,0,0,82,2,33,27,74,19,24,25,0,1,61,0,0,0,0,0,0,0,115,5,36,0,0,0,0,60,0,0,89,0,0,177,3,65,0,2,16,53,86,12,0,72,0,0,98,13,55,81,88,3,3,3,3,5,18,91,5,15,15,10,0,20,0,3,3,20,3,4,1,1056,0,71,29,1023,20,0,-30,0,0,134
45,0,0,0,0,80,Jeff,Blake,869,96,0,232,17,88,0,7,142,27,142,80,28,0,0,81,1,0,0,58,0,0,82,2,33,1009,86,19,20,25,0,1,60,0,2,0,0,0,0,0,54,45,23,0,0,1,0,60,0,0,18,1,1,232,3,60,0,6,95,99,63,8,0,66,0,0,84,19,61,89,80,2,2,2,2,3,20,70,5,10,15,7,0,20,0,0,0,20,0,9,10,869,0,73,56,1023,0,5,-30,0,0,266
45,0,0,0,0,23,Cary,Blanchard,108,85,0,18,90,55,0,7,143,7,143,51,30,0,0,70,1,0,0,19,0,0,50,0,33,1009,75,18,17,18,0,0,13,0,2,0,0,0,0,0,158,45,59,0,0,1,0,60,0,0,15,1,1,18,1,0,0,15,27,50,49,8,0,18,0,0,54,89,48,91,99,2,2,2,2,4,14,77,5,15,15,9,5,15,0,19,19,15,10,28,14,108,0,73,65,1023,0,0,-30,0,0,107
13,0,0,0,0,91,Drew,Bledsoe,4664,90,0,1265,7,70,0,7,144,22,144,65,27,0,0,90,1,0,0,17,0,0,68,0,1,1015,90,19,24,28,0,1,63,0,2,0,0,0,0,0,251,20,68,0,0,4,0,60,0,0,11,2,5,1265,3,30,0,1,96,99,75,7,0,65,0,0,100,10,65,95,89,2,2,2,2,4,22,77,5,10,15,10,0,20,0,0,0,20,5,33,14,4664,0,77,78,1023,0,6,-30,0,0,382
45,6,6,6,6,22,Dre',Bly,3665,77,0,644,19,95,0,1,145,24,145,92,23,0,0,80,0,0,0,63,0,0,89,3,4,1015,94,61,14,17,0,9,29,0,0,0,9,0,9,0,135,45,100,0,0,4,4,4,0,0,32,2,4,644,3,96,0,2,25,64,95,1,0,47,0,1,91,25,59,84,77,0,4,0,4,3,20,92,32,1,11,9,2,3,1,16,16,66,0,9,7,3665,0,70,28,1023,10,0,-19,0,0,204
45,5,5,5,5,17,Harry,Boatswain,0,74,0,32,14,50,0,7,146,1009,146,45,29,0,0,85,2,0,0,16,0,0,43,0,33,17,80,29,83,86,0,3,24,0,2,0,0,0,0,0,265,45,0,0,0,0,0,60,0,0,65,0,0,32,2,0,0,5,19,46,29,9,0,27,0,0,81,16,90,75,71,2,2,2,2,10,35,31,23,25,21,10,24,30,0,8,8,25,10,35,26,170,0,76,150,1023,0,2,-30,0,0,62
45,5,5,5,5,18,Orlando,Bobo,100,65,0,0,15,55,0,7,147,25,147,45,24,0,0,84,1,0,0,17,0,0,42,0,33,30,79,29,86,85,0,3,24,0,2,0,0,0,0,0,265,45,0,0,0,1,0,60,0,0,74,1,1,0,0,0,0,4,20,45,30,5,0,28,0,0,90,17,89,72,60,2,2,2,2,45,34,32,27,25,42,9,25,30,0,8,9,35,26,34,24,100,0,75,160,1023,0,0,-30,0,0,176
45,5,5,5,5,16,John,Bock,201,65,0,16,13,60,0,7,148,12,148,48,28,0,0,83,1,0,0,15,0,0,47,0,33,1009,78,30,81,83,0,3,25,0,2,0,0,0,0,0,87,45,0,0,0,2,0,60,0,0,60,0,3,16,2,0,0,15,18,32,28,5,0,26,0,0,70,15,88,69,54,2,2,2,2,4,34,41,23,25,34,8,16,25,0,7,7,10,8,44,26,136,0,75,130,1023,0,1,-30,0,0,125
45,3,7,3,7,24,Juran,Bolden,0,94,0,0,26,89,0,5,149,1009,149,87,25,0,1,91,1,0,0,59,0,0,86,2,25,13,81,65,20,25,0,0,28,0,0,0,0,7,0,7,121,45,0,0,0,0,0,21,0,0,43,1,0,0,2,77,0,2,23,43,93,4,0,53,0,1,78,24,64,73,60,2,3,2,3,0,22,66,9,11,28,8,9,12,0,16,16,33,3,12,7,100,0,74,47,1023,20,0,-19,0,0,189
45,6,6,6,6,12,Shane,Bonham,0,65,0,0,12,55,0,5,150,1009,150,53,28,0,0,85,1,0,0,25,0,0,49,0,33,18,81,82,24,25,0,3,38,0,0,0,0,0,0,0,265,45,0,0,0,0,0,60,0,0,78,1,0,0,2,25,0,3,19,34,51,6,0,29,0,0,97,16,86,74,72,3,3,3,3,4,33,57,25,25,35,7,20,30,0,12,12,30,5,39,23,100,0,74,112,1023,0,1,-30,0,0,122
45,0,0,0,0,23,Chris,Boniol,0,85,0,0,91,59,0,7,151,1009,151,55,27,0,0,70,1,0,0,15,0,0,54,0,33,1009,75,23,17,19,0,0,9,0,2,0,0,0,0,0,101,45,66,0,0,0,0,60,0,0,18,1,0,0,1,0,0,15,27,62,53,6,0,14,0,0,77,87,46,90,99,2,2,2,2,3,13,95,5,15,15,11,5,15,0,19,19,15,3,11,8,84,0,71,14,1023,0,0,-30,0,0,286
45,0,0,0,0,83,Steve,Bono,200,82,0,33,7,55,0,7,152,1014,152,54,36,0,0,74,2,0,0,25,0,0,54,0,33,1009,67,18,15,18,0,1,53,0,2,0,0,0,0,0,226,45,49,0,0,1,0,60,0,0,12,0,1,33,3,25,0,6,85,67,49,15,0,58,0,0,69,10,54,80,86,2,2,2,2,4,17,79,5,10,15,7,0,20,0,0,0,20,4,11,6,200,0,76,55,1023,0,0,-30,0,0,107
45,1,6,1,6,19,Marty,Booker,1386,79,0,162,14,90,0,5,153,1,153,89,22,0,1,86,0,0,0,80,0,0,97,3,10,1015,80,10,20,37,0,0,66,0,0,0,0,7,0,7,265,45,100,0,0,4,0,53,0,0,86,2,4,162,3,59,0,5,20,60,96,1,0,64,0,1,65,37,65,82,65,2,1,2,1,2,22,69,11,20,44,10,1,10,0,3,3,6,1,6,7,975,1,72,45,1023,53,0,-19,0,0,204
30,4,4,4,4,21,Michael,Booker,1953,85,0,220,25,95,0,6,154,30,154,94,25,0,1,72,0,0,0,70,0,0,85,3,25,1015,72,67,25,17,0,8,37,0,0,0,7,0,7,0,142,12,63,0,0,3,2,54,0,0,33,2,5,220,3,81,0,1,28,57,91,3,0,42,0,1,85,18,49,82,66,0,1,0,1,2,14,67,38,1,39,13,5,4,0,16,16,64,1,12,8,1953,0,74,40,1023,27,2,-19,0,0,204
45,6,6,6,6,8,Vaughn,Booker,295,60,0,38,8,65,0,5,155,2,155,56,31,0,0,91,1,0,0,54,0,0,60,2,33,1009,85,82,35,39,0,3,40,0,0,0,0,0,0,0,36,40,12,0,0,1,0,60,0,0,96,1,2,38,3,25,0,15,14,54,51,6,0,35,0,0,100,11,87,76,75,3,3,3,3,6,34,33,20,25,22,11,22,30,0,11,10,25,4,26,26,295,0,77,132,1023,0,1,-30,0,0,79
40,4,0,4,0,24,Dorian,Boose,733,73,0,108,29,70,0,0,156,18,156,63,22,0,0,84,0,0,0,31,0,0,65,1,15,1015,77,73,25,38,0,3,28,6,0,0,0,0,0,0,251,12,14,0,0,1,0,26,0,0,97,2,2,108,2,88,0,1,27,48,60,2,0,28,0,1,100,22,88,74,60,0,3,0,3,6,34,35,20,22,21,8,20,22,2,12,10,69,10,22,23,733,0,77,132,1023,1,1,-19,0,0,58
45,6,6,6,6,15,Isaac,Booth,0,88,0,0,12,87,0,5,157,1009,157,86,27,0,0,84,1,0,0,56,0,0,85,1,33,24,79,54,23,25,0,7,27,0,0,0,0,0,0,0,28,45,0,0,0,0,0,60,0,0,36,1,0,0,0,25,0,5,16,47,85,6,0,27,0,0,69,12,59,70,65,3,3,3,3,1,20,89,5,15,15,13,0,20,0,16,16,20,3,5,9,43,0,76,31,1023,20,2,-30,0,0,337
45,2,6,2,6,22,Tony,Booth,87,84,0,16,21,88,0,7,158,21,158,79,23,0,0,89,0,0,0,60,0,0,77,0,7,1015,80,60,20,20,0,7,27,0,1,0,0,9,0,9,91,45,100,2,0,1,0,36,0,0,31,1,1,16,2,2,0,4,28,37,81,1,0,54,0,1,62,29,56,69,61,0,0,0,0,1,18,72,0,27,33,13,24,36,0,17,17,11,5,8,7,116,0,73,35,1023,7,0,-19,0,0,150
45,6,7,6,7,33,Chris,Bordano,0,76,0,0,16,74,2,7,159,1009,159,75,24,0,0,83,0,0,0,61,0,0,67,3,1,1015,93,78,26,28,0,8,38,0,0,0,0,9,0,9,192,45,40,0,0,0,2,46,0,0,55,2,0,0,2,83,0,6,14,36,63,2,0,31,0,1,94,9,70,70,74,0,0,0,0,7,25,50,16,27,18,12,12,8,3,14,14,84,6,40,20,143,1,73,88,1023,7,1,-19,0,0,204
13,5,5,5,5,21,Tony,Boselli,90,70,0,0,18,75,0,7,160,17,160,68,27,0,0,89,1,0,0,20,0,0,69,0,2,1015,84,34,99,90,0,3,29,0,2,0,0,0,0,0,231,26,78,0,0,1,0,60,0,0,71,1,5,0,0,0,0,1,23,91,33,5,0,31,0,0,100,20,94,99,97,2,2,2,2,16,37,40,23,25,21,11,17,30,0,5,5,35,23,36,25,90,0,79,164,1023,0,4,-30,0,0,165
45,2,6,2,6,22,David,Boston,2042,93,0,344,23,93,0,5,161,7,161,92,21,0,0,80,0,0,0,85,0,0,81,3,9,1015,84,10,32,20,0,0,60,0,0,0,0,0,0,0,156,12,100,1,1,4,0,24,0,0,89,2,4,344,3,93,0,1,36,59,97,1,0,48,0,1,89,21,69,80,53,1,0,1,0,2,24,59,0,36,22,8,17,24,0,3,3,72,10,16,13,2042,0,74,68,1023,52,0,-19,0,0,204
45,5,5,5,5,14,Kirk,Botkin,0,83,0,66,12,70,0,7,162,1009,162,68,28,0,0,90,1,0,0,72,0,0,65,0,33,28,85,25,62,68,0,8,63,0,2,0,0,0,0,0,10,45,0,0,0,0,0,60,0,0,86,2,0,66,3,30,0,15,15,48,71,6,0,59,0,0,94,13,75,80,66,2,2,2,2,6,28,56,15,25,20,12,5,30,0,4,4,30,9,42,21,438,0,75,85,1023,15,1,-30,0,0,161
45,4,6,4,6,23,Peter,Boulware,2371,85,0,450,25,84,0,1,163,25,163,76,26,0,0,73,0,0,0,51,0,0,77,3,16,1015,87,85,39,33,1,12,35,0,0,0,0,8,0,8,64,12,69,2,2,3,4,4,0,0,58,2,5,450,3,88,0,1,36,58,61,3,0,37,0,1,100,31,75,84,81,0,3,0,3,7,28,40,14,42,23,12,8,0,0,15,15,13,2,42,24,2371,0,76,95,1023,8,2,-19,0,0,204
45,6,6,6,6,9,Marc,Boutte,0,64,0,0,9,55,0,5,164,1009,164,52,29,0,0,88,1,0,0,24,0,0,52,2,33,1009,84,77,35,36,0,3,37,0,0,0,0,0,0,0,106,40,7,0,0,0,0,60,0,0,93,2,0,0,2,25,0,3,14,32,50,8,0,28,0,0,98,11,90,72,67,3,3,3,3,10,35,31,17,25,24,11,17,30,0,12,12,30,8,40,24,324,0,76,147,1023,0,4,-30,0,0,108
45,5,5,5,5,13,Joe,Bowden,532,92,0,84,12,75,0,7,165,11,165,73,29,0,0,90,1,0,0,34,0,0,72,2,33,1015,85,89,29,30,0,3,32,0,2,0,0,0,0,0,157,45,56,0,0,1,0,60,0,0,58,1,4,84,3,25,0,5,17,60,69,8,0,32,0,0,86,15,75,80,79,2,2,2,2,2,28,57,15,25,20,13,10,30,0,15,15,20,3,34,10,532,0,71,70,1023,0,4,-30,0,0,67
45,4,4,4,4,15,David,Bowens,178,75,0,15,22,87,0,7,166,20,166,86,23,0,0,88,0,0,0,74,0,0,76,0,28,1015,73,88,37,16,0,8,28,0,4,0,9,0,9,0,244,45,100,2,2,1,2,3,0,0,96,2,1,15,3,5,0,7,30,52,50,1,0,21,0,1,57,26,66,79,75,0,1,0,1,3,23,47,43,30,53,7,2,28,0,14,14,43,4,31,22,178,0,75,105,1023,2,0,-19,0,0,150
4,6,6,6,6,9,Tim,Bowens,2118,60,0,165,9,60,0,5,167,12,167,45,26,0,0,91,1,0,0,17,0,0,43,2,20,1015,87,87,38,39,0,3,30,0,0,0,0,0,0,0,159,40,46,0,0,6,0,60,0,0,95,1,7,165,3,50,0,1,14,57,43,6,0,21,0,0,92,11,91,79,73,3,3,3,3,18,36,34,19,25,27,12,20,30,0,12,12,30,28,45,30,825,0,76,165,1023,0,5,-30,0,0,94
45,6,6,6,6,18,Jimmie,Boyd,0,90,0,0,17,88,0,5,168,1009,168,87,28,0,0,69,1,0,0,72,0,0,85,1,33,18,64,15,18,19,0,1,52,0,0,0,0,0,0,0,218,14,0,0,0,0,0,60,0,0,80,2,0,0,0,0,0,2,19,38,81,5,0,65,0,0,100,19,49,75,82,3,3,3,3,5,14,85,5,15,15,13,0,20,0,3,3,20,5,11,7,44,0,72,35,1023,35,0,-30,0,0,290
45,5,5,5,5,15,Stephen,Boyd,574,77,0,51,13,95,0,7,169,19,169,78,26,0,0,90,1,0,0,51,0,0,79,0,33,1015,85,78,28,32,0,3,26,0,2,0,2,2,2,2,20,45,1,0,0,3,0,60,0,0,57,0,3,51,3,25,0,5,19,46,66,5,0,26,0,0,99,16,75,80,78,2,2,2,2,5,28,61,15,25,20,12,5,30,0,14,14,25,0,20,25,522,0,72,87,1023,0,4,-30,0,0,144
45,5,5,5,5,10,Brant,Boyer,418,79,0,48,9,75,0,7,170,17,170,69,27,0,0,91,1,0,0,60,0,0,69,0,33,15,86,76,31,32,0,3,34,0,2,0,0,0,0,0,8,45,0,0,0,2,0,60,0,0,52,2,4,48,2,0,0,6,14,60,65,6,0,28,0,0,100,12,76,78,87,2,2,2,2,3,28,64,15,25,20,9,10,30,0,14,13,20,9,18,12,418,0,73,80,1023,0,4,-30,0,0,57
40,2,2,2,2,14,Tony,Brackens,2057,92,0,360,13,78,0,4,171,17,171,75,25,0,1,81,1,0,0,50,0,0,76,1,10,1015,81,74,11,25,0,3,21,0,0,0,2,2,2,2,214,12,63,0,0,2,0,41,0,0,90,2,5,360,3,87,0,1,27,81,67,4,0,21,0,1,100,12,89,88,79,2,3,2,3,5,34,58,10,10,48,11,11,18,0,11,11,39,6,39,22,2057,1,76,107,1023,0,3,-19,0,0,58
45,5,7,5,7,35,Corey,Bradford,1109,88,0,180,28,98,0,4,172,20,172,94,24,0,0,87,0,2,0,72,0,0,95,3,29,1015,88,12,23,36,0,7,64,0,0,0,0,2,0,2,92,45,0,0,0,3,2,36,0,0,85,2,4,180,3,61,0,4,22,54,83,2,0,66,0,1,100,26,63,79,65,0,0,0,0,2,22,71,9,17,37,8,5,12,0,3,3,76,4,13,5,1109,1,73,41,1023,14,1,-19,0,0,204
45,6,3,6,3,29,Paul,Bradford,0,74,0,0,28,87,0,7,173,1009,173,92,24,0,0,86,0,0,0,58,0,0,94,0,6,1015,78,60,24,26,0,7,28,0,0,0,0,1,0,1,167,45,0,0,0,0,0,60,0,0,25,2,0,0,2,71,0,4,28,45,83,3,0,48,0,1,39,11,69,72,54,0,0,0,0,1,24,78,36,19,21,8,1,5,0,16,16,62,3,7,0,0,0,69,25,1023,10,2,-19,0,0,150
45,6,6,6,6,15,Ronnie,Bradford,400,91,0,0,11,88,0,5,174,14,174,87,28,0,0,81,1,0,0,56,0,0,86,2,33,3,76,52,23,26,0,7,28,0,0,0,0,0,0,0,41,45,0,0,0,2,0,60,0,0,23,1,4,0,2,25,0,4,16,41,83,7,0,25,0,0,75,12,56,76,79,3,3,3,3,3,18,97,5,15,15,8,0,20,0,16,16,20,2,0,0,400,0,70,28,1023,20,2,-30,0,0,384
45,6,0,6,0,23,Melvin,Bradley,0,80,0,0,38,91,0,7,175,1009,175,81,21,0,0,95,0,0,0,57,0,0,71,3,19,1009,93,74,30,15,0,3,31,0,0,0,0,0,0,0,10,45,100,1,1,0,0,40,0,0,54,0,0,0,3,87,0,6,29,57,66,1,0,38,0,1,88,19,77,75,64,0,0,0,0,6,28,52,24,36,11,11,8,4,0,15,13,22,9,36,26,154,0,74,111,1023,5,0,-19,0,0,204
45,5,5,5,5,10,Jeff,Brady,100,80,0,0,9,75,0,7,176,1014,176,72,31,0,0,89,2,0,0,33,0,0,71,0,33,20,84,76,28,29,0,3,31,0,2,0,0,0,0,0,98,45,25,0,0,1,0,60,0,0,51,2,1,0,2,25,0,12,16,44,68,9,0,31,0,0,70,14,74,71,73,2,2,2,2,3,27,54,15,25,20,10,10,30,0,14,15,20,4,26,10,100,0,73,75,1023,0,0,-30,0,0,72
45,5,5,5,5,15,Kyle,Brady,1594,83,0,280,13,70,0,7,177,17,177,68,27,0,0,93,1,0,0,74,0,0,73,0,9,1009,88,31,65,68,0,8,69,0,2,0,0,0,0,0,164,12,36,0,0,7,0,60,0,0,80,2,7,280,3,30,0,1,16,57,71,5,0,65,0,0,100,14,78,87,80,2,2,2,2,7,29,56,15,25,20,8,5,30,0,4,4,30,7,31,22,1594,0,78,118,1023,15,0,-30,0,0,81
45,5,5,5,5,14,Rich,Braham,554,63,0,91,10,55,0,7,178,2,178,43,28,0,0,83,1,0,0,10,0,0,45,0,33,1009,78,30,83,85,0,3,25,0,2,0,0,0,0,0,254,45,0,0,0,5,0,60,0,0,74,0,7,91,2,0,0,3,16,42,22,6,0,24,0,0,100,11,88,75,73,2,2,2,2,3,34,36,20,25,30,10,17,25,0,7,7,10,4,36,25,554,0,76,134,1023,0,2,-30,0,0,167
45,6,7,6,7,37,Calvin,Branch,244,85,0,33,15,82,0,7,179,23,179,71,25,0,0,72,0,0,0,54,0,0,79,0,12,1015,62,72,63,50,0,11,57,0,2,0,0,0,0,0,42,45,0,0,0,1,4,42,0,0,27,0,3,33,2,89,0,4,13,43,59,3,0,56,0,1,47,21,74,71,72,0,4,0,4,1,27,76,29,35,34,9,27,25,0,18,1,11,2,11,5,244,0,71,35,1023,4,2,-19,0,0,150
45,3,4,3,4,24,Dan,Brandenburg,121,79,0,32,25,84,0,7,180,1014,180,82,26,0,1,27,1,0,0,29,0,0,71,1,29,1015,17,79,22,22,1,2,20,0,2,0,2,2,2,2,87,14,0,0,0,1,0,33,0,0,96,2,1,32,2,71,0,7,22,40,67,4,0,27,4,1,95,29,78,74,65,2,4,2,4,3,29,69,9,10,40,11,9,10,0,15,14,29,6,24,11,221,0,74,80,1023,0,3,-19,0,0,153
45,6,6,6,6,10,Chad,Bratzke,776,65,0,54,9,70,0,5,181,10,181,59,27,0,0,88,1,0,0,28,0,0,60,0,33,1009,82,83,32,36,0,3,37,0,0,0,0,0,0,0,56,45,28,0,0,5,0,60,0,0,92,1,5,54,3,25,0,5,14,57,54,6,0,32,0,0,81,11,83,77,67,3,3,3,3,4,32,53,25,25,30,9,15,30,0,11,10,25,4,31,24,423,0,77,110,1023,0,0,-30,0,0,152
45,5,5,5,5,13,David,Braxton,24,73,0,0,11,69,0,7,182,1009,182,64,33,0,0,89,2,0,0,30,0,0,63,2,33,1009,78,80,27,31,0,3,25,0,2,0,2,2,2,2,249,45,0,0,0,0,0,60,0,0,54,2,1,0,0,0,0,2,17,50,63,11,0,25,0,0,99,14,74,71,76,2,2,2,2,0,27,56,15,25,20,8,5,30,0,14,14,25,5,19,12,24,0,74,80,1023,0,4,-30,0,0,92
3,6,6,6,6,16,Tyrone,Braxton,220,84,0,69,16,76,0,5,183,1014,183,75,34,0,0,90,2,0,0,70,0,0,74,2,33,1015,73,83,23,24,0,8,32,0,0,0,0,0,0,0,270,45,42,0,0,1,0,60,0,1,34,1,1,69,3,60,0,12,17,60,75,13,0,59,0,0,100,18,65,85,84,3,3,3,3,2,22,80,5,20,15,11,5,20,0,18,18,15,5,1,0,600,0,71,25,1023,15,12,-30,0,0,468
45,4,3,4,3,17,Chris,Brazzell,189,94,0,20,11,76,0,1,184,11,184,81,22,0,0,80,0,1,0,73,0,0,71,2,12,1009,83,32,25,34,0,1,59,0,0,0,0,0,0,0,265,45,0,0,2,2,0,24,0,0,85,2,2,20,2,96,0,7,18,26,76,2,0,63,0,1,73,25,68,66,68,0,3,0,3,5,24,87,14,38,27,11,29,16,0,3,3,16,4,11,8,172,0,74,33,1023,8,0,-19,0,0,204
45,6,6,6,6,12,Alundis,Brice,0,91,0,0,6,91,0,5,185,1009,185,90,29,0,0,74,1,0,0,56,0,0,89,2,33,10,69,56,21,23,0,7,22,0,0,0,0,0,0,0,159,45,0,0,0,0,0,60,0,0,29,0,0,0,0,25,0,4,12,32,83,5,0,27,0,0,99,8,49,83,92,3,3,3,3,1,14,83,5,15,15,8,0,20,0,16,16,20,3,10,9,0,0,70,18,1023,20,1,-30,0,0,134
45,0,0,0,0,28,Will,Brice,0,73,0,0,70,58,0,7,186,1009,186,57,25,0,0,66,0,0,0,29,0,0,47,0,63,1015,84,15,11,19,0,0,24,0,2,0,0,0,0,0,240,12,100,1,1,0,0,57,0,0,10,1,0,0,0,94,0,15,25,0,27,2,0,22,0,1,62,82,36,46,60,0,0,0,0,3,8,58,47,29,26,8,18,11,0,20,20,40,9,33,27,50,0,76,117,1023,4,31,-19,0,0,150
45,0,0,0,0,21,Doug,Brien,189,85,0,20,82,55,0,7,187,27,187,53,28,0,0,70,1,0,0,14,0,0,52,1,33,1015,75,21,21,24,0,0,13,0,2,0,0,0,0,0,28,45,45,0,0,1,0,60,0,0,10,2,2,20,1,0,0,3,27,48,51,6,0,18,0,0,1,88,47,76,90,2,2,2,2,1,14,87,5,15,15,13,5,15,0,19,19,15,5,7,8,189,0,72,20,1023,0,5,-30,0,0,56
45,5,5,5,5,12,O.J.,Brigance,459,93,0,75,11,85,0,7,188,25,188,80,29,0,0,88,1,0,0,55,0,0,83,2,33,1009,83,83,26,27,0,3,29,0,2,0,0,0,0,0,171,45,60,0,0,1,0,60,0,0,57,0,3,75,3,25,0,15,18,57,70,6,0,33,0,0,100,16,73,77,71,2,2,2,2,0,26,53,15,25,20,10,10,30,0,14,15,20,8,27,14,459,0,72,76,1023,0,2,-30,0,0,131
45,3,6,3,6,28,Jeremy,Brigham,515,91,0,76,11,87,0,0,189,23,189,76,23,0,0,82,0,0,0,67,0,0,78,0,13,1015,67,36,59,54,0,8,56,0,0,0,0,0,0,0,252,45,0,3,3,3,3,41,0,0,87,2,4,76,3,53,0,6,23,40,72,2,0,65,0,1,53,10,78,75,64,2,4,2,4,4,29,66,14,13,38,13,4,20,0,4,4,70,7,32,24,515,0,78,95,1023,3,1,-19,0,0,150
5,5,5,5,5,15,Darrick,Brilz,0,65,0,0,11,56,0,7,190,1009,190,44,35,0,0,83,2,0,0,12,0,0,42,0,33,1,72,31,91,94,0,3,26,0,2,0,0,0,0,0,161,26,78,0,0,0,0,60,0,0,65,0,0,0,0,0,0,15,17,74,26,13,0,25,0,0,97,13,86,88,93,2,2,2,2,7,33,35,23,25,35,9,21,25,0,7,7,10,8,38,26,138,0,75,127,1023,0,0,-30,0,0,172
45,6,6,6,6,17,Vincent,Brisby,1174,95,0,180,14,93,0,5,191,18,191,92,28,0,0,77,1,0,0,83,0,0,89,2,33,1015,72,22,20,21,0,1,56,0,0,0,0,0,0,0,229,36,13,0,0,1,0,60,0,0,82,2,3,180,3,50,0,2,19,61,83,7,0,71,0,0,100,16,52,83,82,3,3,3,3,2,16,73,5,15,15,13,0,20,0,3,3,20,3,6,7,1067,0,75,30,1023,70,6,-30,0,0,240
45,0,0,0,0,84,Bubby,Brister,710,89,0,132,15,79,0,7,192,31,192,75,36,0,0,80,2,0,0,22,0,0,57,0,33,1009,67,18,22,28,0,1,57,0,2,0,0,0,0,0,265,45,0,0,0,1,0,60,0,0,6,0,3,132,3,50,0,3,85,55,57,14,0,66,0,0,100,17,60,82,77,2,2,2,2,0,20,72,5,10,15,10,0,20,0,0,0,20,0,9,12,710,0,75,45,1023,0,0,-30,0,0,80
45,6,6,6,6,11,Matt,Brock,0,69,0,0,11,58,0,5,193,1009,193,56,33,0,0,89,2,0,0,28,0,0,52,0,33,17,82,82,38,39,0,3,41,0,0,0,0,0,0,0,160,40,42,0,0,0,0,60,0,0,94,2,0,0,0,25,0,3,15,70,54,11,0,32,0,0,95,12,88,81,84,3,3,3,3,6,34,49,21,25,29,9,15,30,0,12,12,30,9,29,23,0,0,77,140,1023,0,1,-30,0,0,151
45,5,5,5,5,24,Blake,Brockermeyer,1600,75,0,900,21,55,0,7,194,1,194,51,26,0,0,84,1,0,0,23,0,0,51,0,29,20,79,29,84,87,0,3,24,0,2,0,0,0,0,0,214,4,64,0,0,3,0,60,0,0,78,0,3,900,0,0,0,1,26,56,36,5,0,34,0,0,53,23,89,76,71,2,2,2,2,4,34,46,16,25,27,11,15,30,0,5,5,35,8,37,27,1600,0,76,135,1023,0,0,-30,0,0,239
45,0,0,0,0,79,Jeff,Brohm,0,87,0,0,10,55,0,7,195,1009,195,53,28,0,0,79,1,0,0,26,0,0,55,0,33,14,84,16,18,23,0,1,58,0,2,0,0,0,0,0,105,45,0,0,0,0,0,60,0,0,11,0,0,0,2,0,0,15,88,35,52,5,0,63,0,0,88,12,59,73,71,2,2,2,2,1,20,80,5,10,15,11,0,20,0,0,0,20,3,6,12,0,0,73,45,1023,0,1,-30,0,0,30
45,7,1,7,1,16,Lorenzo,Bromell,447,79,0,60,3,73,0,0,196,12,196,73,24,0,1,89,0,0,0,24,0,0,77,3,27,1015,64,72,22,23,0,3,22,0,0,0,7,0,7,0,38,45,2,0,0,3,0,51,0,0,91,2,3,60,2,86,0,5,34,41,60,2,0,10,0,1,69,27,63,68,71,0,0,0,0,3,22,64,50,10,2,7,30,15,0,12,10,72,6,38,23,447,1,78,100,1023,6,1,-19,0,0,204
45,7,2,7,2,25,Zack,Bronson,472,90,0,78,21,94,0,5,197,15,197,91,25,1,0,90,0,2,0,61,0,0,88,2,31,1015,89,68,15,29,0,8,13,4,0,0,1,0,1,0,113,32,36,1,1,1,3,47,0,0,31,0,3,78,3,83,0,5,37,53,83,3,0,54,0,1,99,27,52,87,81,0,0,0,0,1,16,69,38,12,36,9,3,21,0,17,17,35,4,12,5,472,0,73,44,1023,1,2,-19,0,0,204
45,7,0,7,0,21,Keith,Brooking,5968,88,0,183,14,90,0,5,198,14,198,83,24,0,0,83,0,0,0,50,0,0,85,0,26,1015,85,83,21,20,0,3,31,0,0,0,0,9,0,9,71,12,10,2,0,6,0,2,0,0,56,2,7,183,3,56,0,1,24,55,79,2,0,20,0,1,77,24,83,85,67,2,0,2,0,5,32,44,49,1,32,8,49,20,1,15,15,20,0,41,24,939,0,74,81,1023,2,1,-19,0,0,150
45,0,0,0,0,79,Aaron,Brooks,1052,99,0,184,28,92,0,5,199,27,199,82,21,0,1,85,0,0,0,24,0,0,87,3,25,1015,73,37,25,20,0,1,36,0,0,0,0,0,0,0,240,45,100,3,3,4,0,25,0,0,2,2,4,184,3,69,0,3,92,56,42,1,0,54,0,1,100,27,57,79,64,2,0,2,0,0,18,80,19,25,14,7,3,12,0,0,0,19,0,9,11,1052,0,76,60,1023,0,0,-19,0,0,204
45,5,5,5,5,15,Barrett,Brooks,400,60,0,200,12,60,0,7,200,19,200,42,26,0,0,85,1,0,0,14,0,0,43,2,33,12,80,30,87,89,0,3,25,0,2,0,0,0,0,0,96,45,0,0,0,2,0,60,0,0,76,0,2,200,0,0,0,2,17,51,27,5,0,25,0,0,88,14,90,80,76,2,2,2,2,37,35,15,20,25,41,10,20,30,0,9,9,35,39,30,27,400,0,75,165,1023,0,0,-30,0,0,205
28,5,5,5,5,14,Derrick,Brooks,4589,99,0,1141,13,90,0,7,201,6,201,85,26,0,0,87,1,0,0,65,0,0,88,2,28,1015,82,95,25,26,0,3,28,0,2,0,0,0,0,0,64,12,47,0,0,7,0,60,0,0,55,0,7,1141,3,25,0,1,21,81,80,5,0,46,0,0,100,19,72,95,76,2,2,2,2,0,26,71,15,25,20,13,10,30,0,13,15,20,4,23,12,4589,0,72,65,1023,0,4,-30,0,0,52
45,3,3,3,3,22,Ethan,Brooks,0,76,0,0,20,69,0,7,202,7,202,52,27,0,1,66,1,0,0,13,0,0,65,0,25,23,55,17,87,86,0,3,37,0,4,0,0,0,0,0,256,14,28,0,0,0,0,52,0,0,66,1,0,0,3,69,0,5,12,56,39,4,0,13,0,1,79,13,87,79,72,2,2,2,2,7,34,42,18,20,28,11,24,21,0,5,9,47,23,24,28,50,0,78,170,1023,0,0,-19,0,0,150
45,0,3,0,3,39,Macey,Brooks,550,96,0,123,23,93,0,0,203,1,203,85,23,0,1,70,0,0,0,83,0,0,85,3,29,1009,96,22,34,24,0,1,55,0,0,0,0,2,0,2,91,45,8,2,2,2,0,34,0,0,83,2,2,123,3,9,0,5,26,53,95,3,0,62,0,1,59,29,58,74,42,0,2,0,2,2,19,78,15,13,36,8,21,5,0,3,3,37,4,11,7,750,0,77,55,1023,44,0,-19,0,0,204
45,5,5,5,5,11,Michael,Brooks,0,72,0,0,10,64,0,7,204,1009,204,63,34,0,0,90,2,0,0,35,0,0,62,2,33,18,73,88,29,30,0,3,32,0,2,0,2,2,2,2,106,45,0,0,0,0,0,60,0,0,50,1,0,0,3,50,0,3,18,80,66,13,0,33,0,0,97,16,75,81,89,2,2,2,2,2,28,51,15,25,20,7,5,30,0,14,13,25,2,20,14,0,0,73,76,1023,0,2,-30,0,0,317
45,6,6,6,6,14,Reggie,Brooks,0,85,0,26,13,85,0,5,205,1009,205,83,28,0,0,84,1,0,0,63,0,0,86,2,33,5,80,29,31,33,0,8,78,0,0,0,0,0,0,0,152,45,0,0,0,0,0,60,0,0,41,2,0,26,2,50,0,2,16,52,68,7,0,78,0,0,55,15,64,72,55,3,3,3,3,1,22,82,5,20,15,9,0,30,0,1,1,25,2,11,7,178,0,68,49,1023,35,2,-30,0,0,119
45,6,6,6,6,12,Robert,Brooks,0,95,0,0,16,93,0,5,206,4,206,92,28,0,0,81,1,0,0,93,0,0,92,2,33,19,76,18,25,26,0,1,57,0,0,0,0,0,0,0,176,35,71,0,0,0,0,60,0,1,85,2,0,0,3,60,0,3,12,79,87,8,0,66,0,0,70,18,56,91,91,3,3,3,3,5,18,85,5,15,15,9,0,20,0,3,3,20,1,1,3,1924,0,72,18,1023,75,0,-30,0,0,334
45,5,5,5,5,15,Bern,Brostek,0,70,0,108,12,60,0,7,207,1009,207,46,32,0,0,85,2,0,0,14,0,0,45,0,23,23,80,31,89,87,0,3,26,0,2,0,0,0,0,0,252,45,0,0,0,0,0,60,0,0,61,1,0,108,3,0,0,1,17,57,27,10,0,25,0,0,86,14,90,82,80,2,2,2,2,42,35,29,33,25,39,9,28,25,0,7,7,10,32,44,25,540,0,75,140,1023,0,1,-30,0,0,258
45,4,7,4,7,19,Luther,Broughton,594,89,0,114,10,79,0,4,208,13,208,72,24,0,0,95,0,0,0,78,0,0,71,3,15,1015,61,36,54,64,0,9,61,0,0,0,8,1,8,1,67,45,66,0,0,2,3,63,0,0,84,2,2,114,3,81,0,5,14,66,57,3,0,76,0,1,100,12,76,87,82,0,0,0,0,5,28,69,20,28,21,10,0,29,1,4,4,74,9,34,20,594,2,74,88,1023,6,2,-19,0,0,204
45,6,6,6,6,16,Steve,Broussard,0,76,0,78,15,83,0,5,209,1009,209,80,32,0,0,82,2,0,0,68,0,0,79,2,20,27,69,27,31,32,0,8,81,0,0,0,0,0,0,0,251,45,0,0,0,0,0,60,0,0,31,2,0,78,3,25,0,1,16,42,72,10,0,78,0,0,97,15,62,75,79,3,3,3,3,3,21,71,5,20,15,7,0,30,0,1,1,25,3,9,6,450,0,67,41,1023,75,0,-30,0,0,100
45,5,5,5,5,8,Anthony,Brown,0,50,0,0,6,45,0,7,210,1009,210,39,26,0,0,86,1,0,0,8,0,0,40,2,33,1,81,30,82,83,0,3,25,0,2,0,0,0,0,0,233,45,0,0,0,0,0,60,0,0,60,0,0,0,0,0,0,15,10,32,17,5,0,19,0,0,76,8,91,69,61,2,2,2,2,11,36,34,24,25,33,9,20,30,0,9,6,25,21,32,27,200,0,77,155,1023,0,0,-30,0,0,97
45,5,5,5,5,17,Chad,Brown,946,94,0,165,16,80,0,7,211,28,211,76,28,0,0,91,1,0,0,37,0,0,79,1,33,1009,86,86,31,32,0,3,34,0,2,0,0,0,0,0,41,45,0,0,0,3,0,60,0,0,94,1,5,165,3,60,0,2,20,62,72,7,0,35,0,0,100,18,76,84,85,2,2,2,2,3,28,64,15,25,20,11,10,30,0,15,13,20,8,45,21,946,0,74,85,1023,0,2,-30,0,0,53
45,0,7,0,7,32,Cornell,Brown,100,97,0,0,25,84,2,7,212,25,212,83,23,0,0,86,0,0,0,59,0,0,82,3,32,1015,61,76,26,28,0,3,39,2,0,0,0,1,0,1,241,45,78,2,2,2,0,19,0,0,51,2,4,0,0,39,0,7,31,58,64,3,0,37,10,1,100,29,75,84,80,3,0,3,0,4,28,47,44,12,23,9,21,13,3,13,13,68,5,44,21,100,0,72,89,1023,10,2,-19,0,0,204
45,6,6,6,6,16,Corwin,Brown,200,88,0,0,16,86,0,5,213,19,213,85,29,0,0,87,1,0,0,58,0,0,83,1,33,17,82,65,23,26,0,8,29,0,0,0,0,0,0,0,117,45,0,0,0,2,0,60,0,0,44,2,2,0,2,25,0,4,16,38,87,7,0,33,0,0,91,17,62,72,63,3,3,3,3,2,21,90,5,20,15,10,5,20,0,18,17,15,3,7,8,200,0,73,40,1023,15,0,-30,0,0,354
45,6,6,6,6,23,Darwin,Brown,0,83,0,0,17,88,0,7,214,1009,214,90,24,0,0,78,0,0,0,66,0,0,82,3,4,1015,84,68,19,28,0,7,35,0,0,0,0,7,0,7,217,45,100,4,2,0,0,39,0,0,41,2,0,0,2,73,0,7,27,24,87,1,0,40,0,1,50,26,45,68,45,3,0,3,0,0,12,81,9,10,18,10,8,12,0,16,16,35,1,7,5,180,0,70,15,1023,17,0,-19,0,0,204
4,0,0,0,0,77,Dave,Brown,502,90,0,54,10,69,0,7,215,7,215,67,29,0,0,80,1,0,0,22,0,0,68,0,33,1009,75,18,19,24,0,1,62,0,2,0,0,0,0,0,52,45,0,0,0,3,0,60,0,0,17,1,4,54,3,50,0,1,88,51,53,8,0,52,0,0,82,13,60,75,68,2,2,2,2,5,20,56,5,10,15,12,0,20,0,0,0,20,9,21,11,342,0,77,70,1023,0,1,-30,0,0,286
45,6,6,6,6,9,Dennis,Brown,0,60,0,0,8,65,0,5,216,1009,216,56,31,0,0,92,2,0,0,24,0,0,66,2,33,14,86,84,37,41,0,3,42,0,0,0,0,0,0,0,252,40,0,0,0,0,0,60,0,0,96,1,0,0,0,25,0,2,14,58,51,10,0,37,0,0,100,11,88,82,93,3,3,3,3,3,34,36,21,25,27,11,16,30,0,11,10,25,7,34,23,96,0,76,130,1023,0,2,-30,0,0,365
45,5,5,5,5,15,Derek,Brown,183,84,0,75,13,72,0,7,217,1014,217,69,29,0,0,90,1,0,0,68,0,0,67,2,14,1009,85,28,63,65,0,8,62,0,2,0,0,0,0,0,152,4,0,0,0,1,0,60,0,0,87,2,1,75,3,0,0,1,16,56,67,8,0,62,0,0,91,14,75,80,78,2,2,2,2,6,28,63,15,25,20,7,5,30,0,4,4,30,1,41,20,498,0,78,99,1023,15,0,-30,0,0,15
45,6,6,6,6,16,Derek,Brown,0,89,0,0,15,90,0,5,218,1009,218,87,28,0,0,82,1,0,0,62,0,0,89,2,33,26,78,27,32,33,0,8,76,0,0,0,0,0,0,0,142,45,0,0,0,0,0,60,0,0,20,2,0,0,3,50,0,4,18,66,67,7,0,78,0,0,34,17,62,76,61,3,3,3,3,5,21,84,5,20,15,13,0,30,0,1,1,25,5,5,8,120,0,69,41,1023,65,2,-30,0,0,100
45,4,6,4,6,35,Eric,Brown,570,81,0,102,15,91,0,7,219,4,219,85,23,0,0,96,0,0,0,68,0,0,83,2,32,1015,98,79,27,30,0,8,39,0,0,0,0,0,0,0,121,45,17,0,0,2,0,35,0,0,26,1,2,102,3,67,0,2,13,73,77,2,0,54,0,1,46,28,69,75,51,0,0,0,0,3,24,74,0,47,14,8,22,15,0,17,18,49,2,7,12,777,0,73,53,1023,0,1,-19,0,0,204
45,6,2,6,2,17,Fakhir,Brown,171,88,0,20,28,90,0,7,220,8,220,90,23,0,0,85,0,0,3,60,0,0,84,3,9,1015,84,67,10,18,0,8,12,0,0,0,0,9,0,9,72,45,100,2,2,1,3,55,0,0,24,1,1,20,2,73,0,5,13,52,92,1,0,36,0,1,50,14,41,74,63,4,0,4,0,4,10,71,0,2,36,9,9,12,0,16,16,20,1,4,9,171,0,71,32,1023,85,0,-19,0,0,204
45,6,6,6,6,16,Gary,Brown,592,83,0,112,15,84,0,5,221,1014,221,81,29,0,0,88,2,0,0,69,0,0,81,2,33,1009,63,33,36,38,0,8,86,0,0,0,0,0,0,0,164,2,0,0,0,1,0,60,0,0,33,2,2,112,3,50,0,8,17,64,64,9,0,86,0,0,10,16,68,81,82,3,3,3,3,1,24,53,5,20,15,9,0,30,0,1,1,25,4,22,10,592,0,71,70,1023,20,1,-30,0,0,32
3,6,6,6,6,8,Gilbert,Brown,3014,79,0,550,8,65,0,5,222,1014,222,40,28,0,0,96,1,0,0,12,0,0,47,1,33,1009,92,89,42,43,0,3,25,0,0,0,0,0,0,0,95,40,45,0,0,3,0,60,0,1,93,1,5,550,3,75,0,3,13,66,45,7,0,16,0,0,100,10,98,88,84,3,3,3,3,24,39,25,28,25,42,10,26,30,0,12,12,30,24,36,23,3014,0,74,175,1023,0,6,-30,0,0,369
45,6,6,6,6,16,J.B.,Brown,141,88,0,17,12,82,0,5,223,19,223,81,32,0,0,87,2,0,0,58,0,0,80,2,33,1009,76,63,18,23,0,7,29,0,0,0,0,0,0,0,111,45,0,0,0,1,0,60,0,0,27,1,1,17,2,25,0,12,16,41,78,11,0,29,0,0,97,12,62,73,78,3,3,3,3,2,21,93,5,15,15,9,0,20,0,16,16,20,0,12,8,141,0,72,33,1023,15,0,-30,0,0,238
45,5,5,5,5,17,James,Brown,380,60,0,30,14,45,0,7,224,5,224,44,28,0,0,85,1,0,0,16,0,0,42,2,33,1009,80,30,80,84,0,3,25,0,2,0,0,0,0,0,241,45,0,0,0,1,0,60,0,0,74,2,3,30,2,0,0,3,19,36,29,8,0,27,0,0,75,16,90,70,66,2,2,2,2,10,35,30,25,25,27,12,25,30,0,9,9,35,21,41,28,230,0,78,170,1023,0,2,-30,0,0,118
45,5,5,5,5,12,Jamie,Brown,0,55,0,0,9,50,0,7,225,1009,225,39,27,0,0,86,1,0,0,11,0,0,39,2,33,14,81,31,93,87,0,3,26,0,2,0,0,0,0,0,63,25,73,0,0,0,0,60,0,0,73,1,0,0,2,0,0,4,14,53,24,5,0,22,0,0,100,11,91,85,90,2,2,2,2,14,36,32,22,25,30,8,24,30,0,5,9,35,21,22,23,200,0,80,160,1023,0,0,-30,0,0,75
45,6,7,6,7,29,Jonathan,Brown,0,76,0,0,25,87,0,7,226,1009,226,52,24,0,0,93,0,0,0,20,0,0,71,0,29,1015,65,66,27,38,0,8,27,0,2,0,9,9,9,9,211,45,0,0,0,0,3,42,0,0,91,2,0,0,2,56,0,2,29,35,69,2,0,14,0,1,94,31,72,67,65,0,0,0,0,7,26,43,47,40,31,8,26,24,2,12,10,83,7,22,23,460,1,76,110,1023,4,1,-19,0,0,150
45,0,0,0,0,18,Kris,Brown,261,86,0,30,88,50,0,7,227,29,227,40,23,0,0,49,0,0,0,22,0,0,19,0,33,1009,84,12,11,12,0,5,22,0,2,0,0,0,0,0,142,45,100,2,2,3,1,49,0,0,3,0,3,30,3,71,0,8,26,50,38,1,0,26,0,1,99,87,13,79,70,0,0,0,0,0,0,76,22,15,10,13,2,17,0,19,19,9,2,12,6,237,0,71,46,1023,1,0,-19,0,0,150
45,6,6,6,6,17,Lance,Brown,0,89,0,0,16,88,0,5,228,1009,228,86,27,0,0,83,1,0,0,55,0,0,87,2,33,6,78,58,22,23,0,7,32,0,0,0,0,0,0,0,86,45,0,0,0,0,0,60,0,0,29,1,0,0,0,25,0,5,18,33,83,5,0,32,0,0,94,17,58,74,74,3,3,3,3,5,19,85,5,15,15,7,0,20,0,16,16,20,2,6,11,100,0,74,40,1023,20,1,-30,0,0,143
45,2,6,1,5,13,Larry,Brown,0,82,0,0,28,67,0,7,229,1009,229,46,23,0,0,81,0,0,0,25,0,0,50,1,33,1015,80,12,55,65,0,2,31,0,0,0,0,2,0,2,70,45,100,0,0,0,0,29,0,0,84,1,0,0,0,77,0,8,37,0,20,1,0,28,0,1,100,12,85,58,71,2,2,2,2,4,32,47,19,28,21,8,16,11,0,7,7,94,4,39,23,50,0,76,120,1023,4,31,-19,0,0,58
45,6,6,6,6,12,Larry,Brown,0,96,0,0,8,90,0,5,230,1009,230,89,29,0,0,84,2,0,0,65,0,0,88,1,33,10,79,58,22,23,0,7,25,0,0,0,0,0,0,0,207,45,0,0,0,0,0,60,0,0,34,1,0,0,3,25,0,12,13,60,83,9,0,28,0,0,12,10,59,82,83,3,3,3,3,5,20,85,5,15,15,11,0,20,0,16,16,20,0,3,7,50,0,71,26,1023,20,0,-30,0,0,337
6,5,5,5,5,22,Lomas,Brown,1169,60,0,187,19,60,0,7,231,16,231,49,36,0,0,84,2,0,0,21,0,0,53,2,6,1009,67,29,99,96,0,3,24,0,2,0,0,0,0,0,62,26,82,0,0,1,0,60,0,0,76,1,1,187,3,0,0,1,24,91,34,15,0,32,0,0,100,21,85,94,95,2,2,2,2,8,32,49,16,25,32,7,17,30,0,5,5,35,4,37,30,1169,0,76,122,1023,0,0,-30,0,0,285
45,5,5,5,5,15,Monty,Brown,0,80,0,32,13,75,0,7,232,1009,232,70,29,0,0,89,1,0,0,31,0,0,69,2,33,2,84,80,27,31,0,3,26,0,2,0,2,2,2,2,265,45,0,0,0,0,0,60,0,0,96,2,0,32,2,25,0,15,19,37,66,7,0,26,0,0,100,16,74,71,70,2,2,2,2,3,27,73,15,25,20,12,5,30,0,14,14,25,8,27,11,242,0,74,73,1023,0,3,-30,0,0,52
45,7,7,7,7,11,Na,Brown,330,81,0,42,22,84,0,5,233,13,233,85,21,0,1,74,0,0,0,77,0,0,76,3,15,1015,55,17,30,25,0,0,46,0,0,0,0,0,0,0,135,45,100,2,2,3,0,43,0,0,85,2,3,42,2,89,0,5,35,41,93,1,0,50,0,1,58,22,66,70,55,0,2,0,2,0,23,87,24,36,2,12,8,24,3,3,3,89,2,8,8,330,0,72,36,1023,89,0,-19,0,0,204
45,6,5,6,5,12,Omar,Brown,163,90,0,18,16,82,0,5,234,14,234,87,23,1,0,97,0,0,0,49,0,0,88,3,26,1015,80,57,25,10,0,0,30,0,0,0,1,9,1,9,135,45,0,1,1,1,0,23,0,0,27,2,2,18,2,63,0,3,22,16,84,2,0,54,0,1,80,25,64,60,42,0,0,0,0,5,22,84,6,46,28,13,18,34,0,17,17,11,3,13,5,163,0,70,40,1023,3,1,-19,0,0,204
45,5,5,5,5,12,Orlando,Brown,0,55,0,0,9,60,0,7,235,1009,235,39,28,0,0,89,1,0,0,11,0,0,43,2,33,24,84,34,90,86,0,3,29,0,2,0,0,0,0,0,265,25,57,0,0,0,0,60,0,0,77,1,0,0,3,0,0,15,14,58,24,6,0,22,0,0,86,11,94,79,71,2,2,2,2,46,37,11,32,25,39,9,24,30,0,9,9,35,28,37,27,400,0,79,185,1023,0,0,-30,0,0,32
6,5,5,5,5,19,Ray,Brown,2827,89,0,595,16,59,0,7,236,15,236,46,36,0,0,87,2,0,0,18,0,0,51,2,33,1009,73,33,99,95,0,3,28,0,2,0,0,0,0,0,12,26,81,0,0,2,0,60,0,0,65,1,5,595,3,0,0,8,21,82,31,14,0,29,0,0,90,18,89,94,95,2,2,2,2,14,34,26,21,25,25,10,19,30,0,6,8,25,24,27,25,2827,0,77,158,1023,0,3,-30,0,0,84
45,0,6,0,6,21,Reggie,Brown,205,80,0,30,22,82,0,7,237,28,237,65,26,0,1,52,1,0,0,60,0,0,62,2,22,1015,69,56,48,55,0,8,60,0,0,0,0,0,0,0,66,45,0,4,4,2,0,4,0,0,34,2,3,30,2,81,0,4,18,21,40,4,0,68,0,1,97,17,78,73,69,0,0,0,0,5,29,54,11,12,27,8,9,20,0,2,2,23,7,43,20,205,0,72,84,1023,4,3,-19,0,0,186
13,5,5,5,5,18,Ruben,Brown,2893,83,0,333,15,65,0,7,238,3,238,45,27,0,0,88,1,0,0,17,0,0,49,2,14,1015,83,34,97,93,0,3,29,0,2,0,0,0,0,0,166,26,80,0,0,5,0,60,0,0,79,1,5,333,3,0,0,1,20,75,30,5,0,28,0,0,100,17,93,95,97,2,2,2,2,35,36,14,27,25,43,13,26,30,0,6,6,25,25,33,25,1578,0,75,144,1023,0,4,-30,0,0,207
2,6,6,6,6,16,Tim,Brown,5684,91,0,612,16,92,0,5,239,23,239,89,32,0,0,84,2,0,0,99,0,0,88,2,6,1015,78,21,28,29,0,1,64,0,0,0,0,0,0,0,152,37,74,0,0,5,0,60,0,1,81,2,7,612,3,70,0,1,18,91,92,12,0,72,0,0,87,17,59,95,99,3,3,3,3,1,20,82,5,15,15,11,0,20,0,3,3,20,2,9,10,2214,0,72,35,1023,90,11,-30,0,0,59
36,6,6,6,6,16,Troy,Brown,2761,91,0,180,16,94,0,5,240,22,240,91,27,0,0,80,1,0,0,80,0,0,89,2,33,1015,75,52,24,25,0,1,69,0,0,0,0,0,0,0,110,11,49,0,0,4,0,60,0,0,80,2,7,180,3,50,0,8,17,59,85,7,0,72,0,0,100,18,55,83,80,3,3,3,3,3,18,90,5,15,15,10,0,20,0,3,3,20,1,11,6,1076,0,70,36,1023,85,6,-30,0,0,238
45,5,5,5,5,11,Vincent,Brown,0,77,0,0,9,66,0,7,241,1009,241,62,34,0,0,91,2,0,0,60,0,0,63,2,33,21,77,87,31,35,0,3,28,0,2,0,2,2,2,2,107,45,0,0,0,0,0,60,0,0,59,1,0,0,0,25,0,2,18,67,62,12,0,25,0,0,87,15,76,79,84,2,2,2,2,7,28,47,15,25,20,12,5,30,0,14,14,25,1,39,24,60,0,74,85,1023,0,3,-30,0,0,322
45,3,3,3,3,27,John,Browning,263,90,0,270,23,75,0,5,242,9,242,60,26,0,0,98,1,0,0,50,0,0,65,2,12,1015,85,78,20,31,1,2,21,0,0,0,0,4,0,4,254,40,2,0,0,1,0,34,0,0,93,2,1,270,3,73,0,3,29,67,44,4,0,30,0,1,100,16,89,92,99,2,2,2,2,8,34,46,16,15,27,12,16,20,0,12,12,35,7,41,29,1458,0,77,137,1023,0,3,-19,0,0,204
45,6,6,6,6,12,Aundray,Bruce,0,61,0,32,11,64,0,5,243,1009,243,63,32,0,0,84,2,0,0,30,0,0,63,2,1,22,72,78,29,33,0,3,34,0,0,0,0,0,0,0,14,45,11,0,0,0,0,60,0,0,99,2,0,32,2,50,0,1,15,50,56,12,0,29,0,0,37,12,73,73,80,3,3,3,3,5,26,46,25,25,30,10,15,30,0,10,10,25,9,33,25,256,0,77,105,1023,0,0,-30,0,0,340
37,6,6,6,6,17,Isaac,Bruce,5415,94,0,519,17,95,0,5,244,24,244,94,26,0,0,86,1,0,0,99,0,0,94,2,33,1015,81,22,29,30,0,1,65,0,0,0,0,0,0,0,114,35,65,0,0,6,0,60,0,1,80,2,7,519,3,75,0,2,19,91,93,6,0,73,0,0,100,19,61,96,88,3,3,3,3,5,20,99,5,15,15,13,0,20,0,3,3,20,3,9,6,2110,0,72,28,1023,35,5,-30,0,0,61
45,5,5,5,5,15,Mark,Bruener,1153,83,0,150,13,75,0,7,245,29,245,68,26,0,0,93,1,0,0,75,0,0,73,0,27,1015,88,32,62,65,0,8,68,0,2,0,0,0,0,0,252,12,70,0,0,4,0,60,0,0,87,2,4,150,3,30,0,1,16,62,75,5,0,66,0,0,100,14,78,90,93,2,2,2,2,5,29,39,15,25,20,13,5,30,0,4,4,30,7,24,24,786,0,76,100,1023,15,4,-30,0,0,152
13,0,0,0,0,88,Mark,Brunell,6562,98,0,1875,18,88,0,7,246,17,246,83,28,0,0,79,1,0,0,29,0,0,84,0,33,18,84,22,21,26,0,1,63,0,2,0,0,0,0,0,252,20,84,0,0,4,0,60,1,1,8,1,5,1875,3,30,0,5,92,99,65,7,0,64,0,0,100,20,59,96,88,2,2,2,2,5,20,89,5,10,15,9,0,20,0,0,0,20,5,6,10,6562,0,73,57,1023,0,4,-30,0,0,62
45,2,2,2,2,11,Tedy,Bruschi,2948,99,0,596,34,88,0,7,247,22,247,85,26,0,0,99,1,1,1,57,0,0,86,0,5,1015,99,92,17,34,0,3,32,0,0,0,0,0,0,0,8,28,47,0,0,1,0,44,0,0,54,2,4,596,3,91,0,3,28,79,67,4,0,26,0,1,100,32,82,93,73,3,3,3,3,6,31,51,9,11,47,11,9,13,0,15,15,27,7,23,23,2948,0,73,87,1023,6,3,-19,0,0,150
45,7,6,7,6,34,Fernando,Bryant,2036,90,0,219,23,99,0,5,248,17,248,94,23,0,0,77,0,0,3,61,0,0,88,3,30,1015,75,63,25,26,0,11,24,0,0,0,0,0,0,0,3,12,100,2,2,3,4,52,0,0,25,0,3,219,3,87,0,1,18,48,93,1,0,41,0,1,100,18,46,78,62,4,0,4,0,3,13,80,5,34,32,9,20,0,0,16,16,32,4,10,7,2036,0,70,15,1023,11,0,-19,0,0,204
45,6,6,6,6,8,Junior,Bryant,524,73,0,104,9,70,0,5,249,15,249,60,28,0,0,87,1,0,0,58,0,0,67,2,33,1009,81,82,32,36,0,3,37,0,0,0,0,0,0,0,152,45,41,0,0,2,0,60,0,0,90,1,2,104,3,25,0,15,14,55,54,5,0,32,0,0,100,11,82,83,82,3,3,3,3,5,31,44,25,25,30,10,15,30,0,12,10,25,7,32,22,524,0,76,118,1023,0,4,-30,0,0,368
45,6,2,6,2,13,Tony,Bryant,647,79,0,80,29,70,0,4,250,23,250,76,21,0,0,84,0,0,1,25,0,0,70,3,33,1009,87,77,12,17,0,3,24,0,0,0,7,8,7,8,64,45,100,1,1,4,2,21,0,0,94,2,4,80,3,6,0,8,4,59,53,1,0,20,0,1,57,2,72,77,65,0,2,0,2,4,26,44,25,24,20,13,15,18,0,11,11,85,6,42,29,647,0,78,122,1023,1,0,-19,0,0,204
45,1,7,1,7,26,Shawn,Bryson,574,85,0,102,34,88,2,7,251,3,251,87,23,0,0,88,0,0,1,69,0,0,83,3,23,1015,68,14,34,33,0,7,83,0,0,0,2,0,2,0,211,45,100,0,0,3,0,4,0,0,38,2,3,102,3,62,0,3,37,58,53,1,0,74,0,1,100,12,72,77,61,3,2,3,2,0,26,55,46,23,38,11,38,32,2,1,1,13,3,25,14,574,0,73,70,1023,0,0,-19,0,0,204
45,0,1,0,1,17,Doug,Brzezinski,722,71,0,124,32,77,0,7,252,13,252,59,21,0,0,80,0,1,0,27,0,0,58,0,15,1015,99,16,82,84,0,2,27,2,2,0,6,0,6,0,20,45,100,0,0,4,0,3,0,0,74,1,4,124,3,86,0,3,23,40,27,1,0,11,0,1,58,22,87,75,54,2,0,2,0,6,34,41,15,11,35,12,17,16,0,6,8,100,6,44,27,722,0,76,145,1023,5,0,-19,0,0,150
45,6,6,6,6,16,Ray,Buchanan,3058,99,0,405,11,94,0,5,253,14,253,92,27,0,0,84,1,0,0,67,0,0,93,1,33,1009,79,66,18,22,0,7,29,0,0,0,0,0,0,0,105,38,56,0,0,3,0,60,0,1,34,0,5,405,3,75,0,3,16,84,88,7,0,25,0,0,90,12,59,94,99,3,3,3,3,1,20,72,5,15,15,8,0,20,0,16,16,20,4,4,7,1668,0,69,35,1023,75,2,-30,0,0,66
45,2,2,2,2,10,Jeff,Buckey,0,74,0,0,38,67,0,7,254,1009,254,56,25,0,0,37,1,0,0,37,0,0,56,1,25,11,52,19,82,82,0,2,12,0,0,0,0,6,0,6,200,14,0,0,0,0,0,42,0,0,71,2,0,0,2,68,0,4,7,38,27,4,0,23,6,1,61,23,84,70,59,2,2,2,2,7,32,36,17,20,33,9,19,20,0,5,6,44,9,25,26,50,0,77,145,1023,0,0,-19,0,0,232
45,6,6,6,6,16,Curtis,Buckley,0,92,0,0,12,89,0,5,255,1009,255,88,28,0,0,78,1,0,0,52,0,0,87,2,33,14,73,53,23,24,0,7,39,0,0,0,0,0,0,0,265,45,9,0,0,0,0,60,0,0,26,2,0,0,2,25,0,15,17,36,83,7,0,35,0,0,100,12,53,75,79,3,3,3,3,5,16,87,5,15,15,12,0,20,0,16,16,20,2,6,8,100,0,72,26,1023,65,0,-30,0,0,149
45,5,5,5,5,13,Marcus,Buckley,0,83,0,0,12,75,0,7,256,1009,256,73,28,0,0,91,1,0,0,34,0,0,73,2,33,1015,86,78,31,32,0,3,34,0,2,0,0,0,0,0,215,45,0,0,0,0,0,60,0,0,55,2,0,0,2,25,0,3,17,36,69,7,0,32,0,0,70,15,76,65,57,2,2,2,2,1,28,68,15,25,20,9,10,30,0,14,13,20,6,32,14,271,0,75,80,1023,0,6,-30,0,0,289
42,6,6,6,6,17,Terrell,Buckley,45,99,0,0,18,95,0,5,257,4,257,93,27,0,0,81,1,0,0,65,0,0,93,2,5,18,76,64,23,26,0,7,47,0,0,0,0,0,0,0,64,38,42,0,0,1,0,60,0,1,27,0,5,0,0,80,0,1,19,82,87,8,0,55,0,0,82,19,56,93,99,3,3,3,3,4,18,92,5,15,15,10,0,20,0,16,16,20,5,2,2,45,0,70,20,1023,85,4,-30,0,0,240
45,6,6,6,6,10,Brentson,Buckner,442,64,0,51,10,60,0,5,258,15,258,52,27,0,0,96,1,0,0,24,0,0,52,2,33,1009,90,84,38,39,0,3,37,0,0,0,0,0,0,0,38,40,0,0,0,2,0,60,0,0,99,1,3,51,3,35,0,2,16,62,50,6,0,28,0,0,99,13,92,85,88,3,3,3,3,23,36,18,27,25,32,12,22,30,0,12,12,25,32,36,26,402,0,74,145,1023,0,1,-30,0,0,270
45,3,3,3,3,36,Jim,Bundren,200,80,0,0,35,74,0,7,259,5,259,57,23,0,0,71,0,0,0,16,0,0,44,0,21,11,73,18,86,74,0,3,28,0,2,0,6,4,6,4,38,45,0,0,0,2,0,18,0,0,65,1,2,0,2,54,0,7,22,43,18,2,0,17,0,1,71,11,85,71,60,0,3,0,3,31,32,33,22,15,42,11,27,24,0,8,8,61,32,35,25,200,0,75,143,1023,6,0,-19,0,0,150
45,5,5,5,5,18,Todd,Burger,0,71,0,0,16,55,0,7,260,1009,260,46,29,0,0,85,1,0,0,17,0,0,45,0,33,17,80,30,84,90,0,3,25,0,2,0,0,0,0,0,164,24,70,0,0,0,0,60,0,0,63,0,0,0,2,0,0,15,20,59,30,6,0,28,0,0,54,18,90,80,75,2,2,2,2,28,35,21,22,25,37,11,31,30,0,6,8,25,36,38,24,100,0,75,141,1023,0,0,-30,0,0,169
45,3,2,3,2,17,Tom,Burke,473,79,0,78,21,71,0,7,261,7,261,59,22,0,0,72,0,0,0,20,0,0,57,0,19,1015,97,78,31,21,1,3,25,0,2,0,8,0,8,0,258,45,100,0,0,2,0,44,0,0,95,0,2,78,2,5,0,3,21,39,61,1,0,12,0,1,77,27,82,72,59,2,0,2,0,4,31,40,28,12,21,11,26,5,2,11,12,109,6,38,24,473,0,75,115,1023,6,0,-19,0,0,150
2,6,6,6,6,9,Rob,Burnett,1390,70,0,280,11,65,0,5,262,25,262,63,31,0,0,92,2,0,0,31,0,0,60,2,33,1015,86,89,35,39,0,3,40,0,0,0,0,0,0,0,205,40,38,0,0,3,0,60,0,0,90,1,4,280,3,25,0,5,15,72,58,10,0,35,0,0,100,12,87,85,88,3,3,3,3,9,34,43,23,25,31,12,19,30,0,10,10,25,7,36,28,1390,0,76,120,1023,0,9,-30,0,0,44
45,5,5,5,5,13,Keith,Burns,100,78,0,0,11,75,0,7,263,4,263,70,26,0,0,91,1,0,0,31,0,0,69,2,33,3,86,73,31,35,0,3,28,0,2,0,2,2,2,2,158,45,0,0,0,1,0,60,0,0,55,2,1,0,0,25,0,7,18,37,66,6,0,26,0,0,36,15,76,68,70,2,2,2,2,2,28,55,15,25,20,8,5,30,0,14,14,25,8,17,13,100,0,74,77,1023,0,0,-30,0,0,198
2,6,6,6,6,13,Jeff,Burris,1445,99,0,303,16,92,0,5,264,10,264,89,26,0,0,83,1,0,0,62,0,0,92,2,27,1009,78,65,23,24,0,7,29,0,0,0,0,0,0,0,152,29,60,0,0,2,0,60,0,0,20,1,3,303,3,60,0,1,13,78,85,6,0,32,0,0,100,18,58,90,99,3,3,3,3,0,19,83,5,15,15,7,0,20,0,16,16,20,1,9,6,1445,0,72,34,1023,65,1,-30,0,0,119
45,1,1,1,1,7,Kendrick,Burton,0,54,0,32,18,75,0,7,265,1009,265,65,26,0,0,3,1,0,0,23,0,0,65,0,14,17,2,67,13,38,0,3,33,0,0,0,0,7,0,7,3,14,0,0,0,0,0,12,0,0,91,2,0,32,2,1,0,6,21,46,64,4,0,36,0,1,62,20,84,72,59,2,0,2,0,3,32,43,24,16,30,13,20,20,0,10,10,38,9,24,27,244,0,77,128,1023,0,1,-19,0,0,195
45,3,6,3,6,20,Shane,Burton,100,83,0,0,13,72,0,7,266,18,266,60,25,0,0,80,1,0,0,48,0,0,65,2,6,11,97,70,21,20,0,2,28,0,0,0,0,0,0,0,211,40,4,0,0,1,0,24,0,0,98,2,1,0,0,96,0,4,22,54,20,4,0,19,0,1,80,25,93,77,65,2,2,2,2,5,36,48,18,21,27,8,15,20,0,12,12,48,5,39,26,100,0,78,145,1023,0,0,-19,0,0,200
45,6,6,6,6,15,Devin,Bush,900,89,0,500,16,85,0,5,267,24,267,84,25,0,0,90,1,0,0,60,0,0,82,2,26,13,85,67,23,24,0,8,31,0,0,0,0,0,0,0,64,4,0,0,0,2,0,60,0,0,23,2,2,500,0,25,0,1,16,51,84,5,0,33,0,0,72,17,65,77,69,3,3,3,3,2,22,69,5,20,15,8,5,20,0,17,18,15,0,11,5,900,0,71,50,1023,15,0,-30,0,0,146
45,5,5,5,5,11,Lewis,Bush,270,79,0,36,10,75,0,7,268,9,268,69,29,0,0,91,1,0,0,58,0,0,68,1,33,1015,86,79,31,32,0,3,34,0,2,0,0,0,0,0,251,45,0,0,0,1,0,60,0,0,51,2,3,36,2,25,0,4,14,33,65,7,0,28,0,0,33,12,76,75,78,2,2,2,2,6,28,61,15,25,20,11,10,30,0,14,13,20,8,40,25,270,0,74,85,1023,0,6,-30,0,0,66
45,3,3,2,3,39,Steve,Bush,200,49,0,0,5,80,0,4,269,2,269,71,25,0,0,90,0,0,1,68,0,0,77,0,63,1015,95,15,74,66,0,3,27,0,2,0,0,6,0,6,9,45,100,0,0,2,0,4,0,0,88,2,4,0,0,95,0,15,24,0,38,3,0,32,0,1,100,16,82,76,56,2,0,2,0,4,31,39,20,21,22,9,15,7,0,4,7,83,6,29,28,200,0,75,120,1023,4,31,-19,0,0,150
45,0,0,0,0,12,Kevin,Butler,0,79,0,0,86,50,0,7,270,1009,270,48,36,0,0,60,2,0,0,18,0,0,47,0,33,6,64,20,20,26,0,0,11,0,2,0,0,0,0,0,70,14,0,0,0,0,0,60,0,0,3,1,0,0,3,50,0,4,15,36,46,15,0,20,0,0,40,85,47,77,87,2,2,2,2,2,14,85,5,15,15,8,5,15,0,19,19,15,0,12,5,0,0,72,47,1023,0,1,-30,0,0,168
3,6,6,6,6,16,LeRoy,Butler,1932,96,0,376,16,87,0,5,271,20,271,84,32,0,0,94,2,0,0,69,0,0,85,2,33,1015,86,77,23,24,0,8,32,0,0,0,0,0,0,0,64,2,41,0,0,3,0,60,0,1,36,1,4,376,3,50,0,2,17,86,83,10,0,39,0,0,100,18,85,99,98,3,3,3,3,3,32,88,5,20,15,10,5,20,0,18,17,15,2,10,8,1932,0,72,38,1023,15,9,-30,0,0,236
45,6,6,6,6,14,Marion,Butts,0,72,0,0,13,76,0,5,272,1009,272,72,32,0,0,95,2,0,0,68,0,0,74,2,33,31,76,33,36,38,0,8,90,0,0,0,0,0,0,0,265,21,0,0,0,0,0,60,0,0,35,0,0,0,0,60,0,7,16,79,61,11,0,86,0,0,67,15,75,76,82,3,3,3,3,3,28,48,5,20,15,7,0,30,0,1,1,25,5,35,25,24,0,73,88,1023,20,3,-30,0,0,60
45,5,5,5,5,17,Keith,Byars,0,59,0,0,13,62,0,5,273,1014,273,54,35,0,0,92,2,0,0,79,0,0,53,2,10,17,64,39,60,65,0,8,79,0,0,0,2,2,2,2,156,42,60,0,0,0,0,60,0,0,41,2,0,0,3,60,0,1,18,55,61,14,0,76,0,0,77,15,77,97,98,2,2,2,2,3,28,54,10,25,20,7,5,30,0,2,1,25,3,32,25,885,0,73,85,1023,35,0,-30,0,0,143
14,7,6,7,6,20,Kenny,Bynum,426,74,0,66,29,85,3,0,274,8,274,90,25,0,0,67,0,0,0,74,0,0,85,2,6,1015,64,19,33,36,0,9,71,0,0,0,8,0,8,0,179,23,0,0,1,1,2,39,0,0,43,2,3,66,3,50,0,5,32,57,68,3,0,70,0,1,41,23,83,76,69,4,0,4,0,5,32,84,50,34,66,7,29,4,0,1,1,20,5,5,9,390,0,71,31,1023,56,2,-19,0,0,204
45,4,4,4,4,15,Isaac,Byrd,293,95,0,48,29,91,0,0,275,21,275,88,25,2,0,99,0,0,0,75,0,0,89,2,18,1009,70,21,33,46,0,0,34,0,0,0,2,0,2,0,95,45,7,0,0,1,0,9,0,0,82,2,1,48,3,67,0,5,12,56,99,3,0,32,0,1,80,21,62,76,63,0,2,0,2,3,21,82,24,18,15,7,19,14,1,3,3,35,4,10,9,293,0,73,28,1023,2,0,-19,0,0,204
45,5,5,5,5,15,Texans,C #67,400,63,0,0,12,55,0,7,276,1014,276,46,28,0,0,85,1,0,0,14,0,0,43,0,33,29,80,28,76,82,0,3,23,0,2,0,0,0,0,0,265,45,0,0,0,3,0,60,0,0,67,0,4,0,0,0,0,15,17,48,27,6,0,25,0,0,0,14,90,69,62,2,2,2,2,10,35,33,15,25,29,9,16,25,0,7,7,10,6,29,25,400,0,75,137,1023,0,1,-30,0,0,150
45,5,5,5,5,16,Texans,C #68,400,65,0,0,13,60,0,7,277,32,277,47,28,0,0,83,1,0,0,14,0,0,45,0,33,29,78,29,79,81,0,3,24,0,2,0,0,0,0,0,265,45,0,0,0,3,0,60,0,0,68,2,4,0,0,0,0,15,18,46,28,6,0,25,0,0,0,15,88,69,58,2,2,2,2,8,34,34,21,25,20,10,23,25,0,7,7,10,7,31,30,400,0,77,120,1023,0,1,-30,0,0,151
45,5,5,5,5,15,Dave,Cadigan,29,58,0,0,12,58,0,7,278,1009,278,43,34,0,0,83,2,0,0,15,0,0,42,0,8,1009,75,26,84,80,0,3,21,0,2,0,0,0,0,0,231,45,0,0,0,0,0,60,0,0,60,2,1,0,0,0,0,1,17,50,28,12,0,26,0,0,99,14,87,75,80,2,2,2,2,8,34,29,17,25,30,12,18,30,0,6,6,25,7,33,30,0,0,76,120,1023,0,4,-30,0,0,81
45,5,5,5,5,11,Glenn,Cadrez,403,81,0,38,10,75,0,7,279,4,279,72,29,0,0,91,1,0,0,53,0,0,71,0,33,1009,86,79,30,31,0,3,33,0,2,0,0,0,0,0,80,45,2,0,0,2,0,60,0,0,59,2,2,38,3,25,0,6,16,48,68,8,0,31,0,0,46,14,76,75,74,2,2,2,2,6,28,47,15,25,20,13,10,30,0,13,13,20,1,41,24,403,0,75,81,1023,0,4,-30,0,0,161
45,5,5,5,5,14,Mike,Caldwell,400,83,0,0,13,75,0,7,280,13,280,73,27,0,0,89,1,0,0,34,0,0,71,1,33,6,84,79,28,29,0,3,31,0,2,0,0,0,0,0,119,45,0,0,0,3,0,60,0,0,56,2,4,0,2,25,0,3,17,59,69,7,0,32,0,0,45,15,74,69,66,2,2,2,2,4,27,54,15,25,20,12,10,30,0,14,15,20,2,23,12,400,0,74,75,1023,0,1,-30,0,0,121
45,6,6,6,6,16,Chris,Calloway,490,89,0,83,16,88,0,5,281,22,281,86,31,0,0,84,2,0,0,88,0,0,88,2,33,1009,79,22,28,29,0,1,61,0,0,0,0,0,0,0,117,37,37,0,0,1,0,60,0,0,82,0,1,83,3,50,0,4,17,69,84,10,0,69,0,0,87,17,59,84,85,3,3,3,3,5,20,89,5,15,15,11,0,20,0,3,3,20,4,5,1,490,0,70,28,1023,20,0,-30,0,0,101
16,0,0,0,0,92,Anthony,Calvillo,0,90,0,0,50,80,0,5,282,1009,282,76,27,0,0,95,1,0,0,50,0,0,78,0,0,1023,90,50,50,50,0,1,50,0,0,0,0,0,0,0,234,18,0,0,0,0,0,60,0,0,13,1,0,0,0,0,0,0,95,50,50,3,0,50,0,0,75,50,60,96,85,1,1,0,0,4,20,91,10,19,15,8,0,24,0,0,0,10,3,10,7,848,0,73,40,1023,50,4,-30,0,0,3
45,4,6,4,6,13,Dan,Campbell,671,83,0,102,29,77,0,5,283,16,283,70,23,0,0,85,0,0,0,77,0,0,85,0,3,1015,80,36,56,53,0,3,66,0,0,0,0,1,0,1,215,45,100,2,2,2,0,47,0,0,89,1,2,102,3,75,0,3,29,50,94,1,0,58,0,1,51,18,70,79,74,0,0,0,0,7,25,56,29,17,21,9,1,7,0,4,4,66,7,25,27,671,0,77,102,1023,5,0,-19,0,0,150
45,6,6,6,6,15,Jesse,Campbell,0,92,0,0,14,83,0,5,284,1009,284,82,30,0,0,91,2,0,0,54,0,0,80,0,33,25,86,77,23,26,0,8,28,0,0,0,0,0,0,0,138,45,31,0,0,0,0,60,0,0,37,1,0,0,3,25,0,2,15,57,82,9,0,29,0,0,73,15,66,81,80,3,3,3,3,1,23,80,5,20,15,8,5,20,0,18,18,15,0,6,9,100,0,73,51,1023,15,0,-30,0,0,93
45,4,6,4,6,14,Mark,Campbell,792,91,0,87,14,84,0,4,285,5,285,78,23,0,0,75,0,0,0,74,0,0,81,0,33,1009,72,12,54,64,0,6,68,4,0,0,0,0,0,0,117,45,100,0,3,4,0,17,0,0,83,2,4,87,3,92,0,8,25,55,80,1,0,74,0,1,72,12,81,85,60,1,0,1,0,3,30,56,0,26,22,8,28,19,0,4,4,70,5,19,20,540,0,78,100,1023,5,0,-19,0,0,150
45,5,5,5,5,15,Matthew,Campbell,300,64,0,0,12,60,0,7,286,21,286,42,26,0,0,84,1,0,0,14,0,0,42,0,33,20,79,29,87,85,0,3,24,0,2,0,0,0,0,0,176,45,54,0,0,2,0,60,0,0,66,1,6,0,0,0,0,15,17,43,27,5,0,25,0,0,73,14,89,73,61,2,2,2,2,6,34,45,23,25,25,10,24,30,0,6,9,35,4,24,25,300,0,76,124,1023,0,1,-30,0,0,284
45,5,0,5,0,27,James,Cannida,585,72,0,42,14,72,0,5,287,6,287,65,24,0,0,92,0,0,0,29,0,0,54,3,32,1009,90,76,15,29,0,3,22,0,0,0,9,0,9,0,143,45,6,2,0,3,0,25,0,0,98,2,4,42,2,87,0,7,37,32,53,2,0,28,0,1,79,29,78,71,62,2,0,2,0,24,29,16,34,28,39,11,24,30,2,12,12,88,45,44,25,266,0,74,145,1023,7,1,-19,0,0,204
45,6,3,6,3,24,Chris,Canty,898,91,0,120,35,90,0,4,288,28,288,89,24,0,0,91,0,0,0,68,0,0,94,1,9,1015,73,60,12,32,0,8,30,0,2,0,8,2,8,2,96,12,0,0,0,4,2,42,0,0,26,2,6,120,2,86,0,1,29,36,99,3,0,51,0,1,85,18,40,71,46,0,0,0,0,1,10,79,33,5,1,13,5,12,0,16,16,11,5,1,8,898,0,69,25,1023,18,2,-19,0,0,58
14,0,0,0,0,31,John,Carney,400,80,0,200,91,50,0,7,289,8,289,48,35,0,0,60,2,0,0,19,0,0,47,0,33,7,65,34,23,26,0,0,15,0,2,0,0,0,0,0,152,1,76,0,0,2,0,60,0,0,3,1,2,200,1,0,0,15,40,63,46,12,0,28,0,0,100,89,46,91,94,2,2,2,2,4,13,92,5,15,15,11,5,15,0,19,19,15,2,11,2,400,0,71,20,1023,0,0,-30,0,0,71
45,6,6,6,6,14,Keion,Carpenter,150,84,0,0,7,88,0,5,290,3,290,87,22,0,0,77,1,0,0,53,0,0,87,2,63,4,72,52,21,23,0,7,38,0,0,0,0,0,0,0,241,45,0,0,0,3,0,60,0,0,29,2,3,0,0,0,0,15,16,69,84,1,0,25,0,0,0,9,52,69,64,3,3,3,3,3,16,85,5,15,15,7,0,20,0,16,16,20,3,12,10,150,0,71,45,1023,35,0,-30,0,0,114
45,6,6,6,6,16,Rob,Carpenter,0,90,0,0,16,90,0,5,291,1009,291,87,30,0,0,80,1,0,0,79,0,0,87,2,33,12,75,19,24,25,0,1,55,0,0,0,0,0,0,0,265,45,0,0,0,0,0,60,0,0,81,2,0,0,0,50,0,4,17,52,89,9,0,66,0,0,63,18,55,77,65,3,3,3,3,2,18,79,5,15,15,13,0,20,0,3,3,20,0,12,9,24,0,74,30,1023,55,3,-30,0,0,114
45,6,6,6,6,16,Ron,Carpenter,0,91,0,0,15,91,0,5,292,1009,292,89,29,0,0,80,1,0,0,63,0,0,88,2,33,17,75,45,22,26,0,7,43,0,0,0,0,0,0,0,116,45,0,0,0,0,0,60,0,0,24,2,0,0,2,25,0,15,18,31,84,7,0,49,0,0,51,16,55,69,55,3,3,3,3,0,18,84,5,15,15,7,0,20,0,16,16,20,1,10,7,100,0,73,29,1023,80,2,-30,0,0,356
45,6,6,6,6,16,Mark,Carrier,832,86,0,171,16,85,0,5,293,26,293,84,31,0,0,88,2,0,0,65,0,0,83,1,6,1009,80,71,24,26,0,8,32,0,0,0,0,0,0,0,231,45,36,0,0,1,0,60,0,0,27,1,3,171,3,65,0,1,17,83,87,10,0,42,0,0,99,18,72,86,82,3,3,3,3,2,26,73,5,20,15,11,5,20,0,17,17,15,5,8,4,832,0,73,32,1023,15,2,-30,0,0,354
14,6,6,6,6,16,Mark,Carrier,0,90,0,0,16,83,0,5,294,1009,294,82,33,0,0,73,2,0,0,93,0,0,81,1,33,20,65,19,22,23,0,1,56,0,0,0,0,0,0,0,146,37,31,0,0,0,0,60,0,0,83,0,0,0,3,75,0,3,18,67,76,13,0,67,0,0,62,18,53,84,98,3,3,3,3,0,16,86,5,15,15,7,0,20,0,3,3,20,1,8,4,1323,0,72,26,1023,20,0,-30,0,0,337
45,6,6,6,6,16,Darren,Carrington,0,84,0,60,10,79,0,5,295,1009,295,77,32,0,0,88,2,0,0,62,0,0,75,2,33,22,77,70,22,26,0,8,28,0,0,0,0,0,0,0,265,45,0,0,0,0,0,60,0,0,23,2,0,60,3,25,0,5,16,60,77,11,0,30,0,0,86,15,63,78,81,3,3,3,3,3,22,83,5,20,15,13,5,20,0,18,18,15,5,13,5,420,0,74,40,1023,15,2,-30,0,0,238
45,6,4,6,4,15,Rae,Carruth,3042,87,0,525,11,95,0,7,296,1014,296,92,26,0,0,93,0,0,0,78,0,0,93,3,23,1015,81,17,16,21,0,8,65,0,0,0,1,7,1,7,41,12,0,0,0,3,4,23,0,0,89,2,5,525,3,62,0,1,18,54,95,3,0,69,0,1,80,29,55,80,59,2,0,2,0,5,18,71,5,31,25,13,18,6,2,3,3,70,0,4,10,3042,0,71,34,1023,13,2,-19,0,0,204
45,5,5,5,5,14,Dwayne,Carswell,607,83,0,84,12,70,0,7,297,4,297,68,27,0,0,89,1,0,0,69,0,0,68,2,33,1009,84,28,62,63,0,8,62,0,2,0,0,0,0,0,104,45,0,0,0,2,0,60,0,0,89,2,4,84,3,35,0,15,15,39,68,6,0,62,0,0,100,13,74,77,72,2,2,2,2,6,27,42,15,25,20,12,5,30,0,4,4,30,4,38,24,607,0,75,101,1023,15,4,-30,0,0,124
45,7,4,7,4,15,Chris,Carter,964,81,0,108,25,91,0,7,298,2,298,87,24,2,1,89,0,3,0,63,0,0,88,2,9,1015,75,50,20,21,0,7,28,0,0,0,0,8,0,8,214,45,28,2,2,1,0,44,0,0,42,2,3,108,2,92,0,2,24,48,86,3,0,38,6,1,85,12,53,78,72,0,0,0,0,1,16,88,31,12,17,12,29,4,0,17,16,39,5,13,9,964,1,74,52,1023,73,2,-19,0,0,204
37,6,6,6,6,13,Cris,Carter,4777,87,0,1272,13,87,0,5,299,31,299,82,33,0,0,86,2,0,0,99,0,0,85,2,33,1009,78,21,30,31,0,1,65,0,0,0,0,0,0,0,156,2,51,0,0,3,0,60,0,1,80,0,6,1272,3,75,0,4,14,77,91,13,0,74,0,0,100,14,61,91,95,3,3,3,3,1,20,76,5,15,15,7,0,20,0,3,3,20,1,8,6,4777,0,75,42,1023,20,9,-30,0,0,339
45,6,6,6,6,17,Dale,Carter,1784,99,0,717,16,95,0,5,300,4,300,93,29,0,0,80,1,0,0,78,0,0,95,2,20,1009,75,59,21,43,0,7,51,0,0,0,0,0,0,0,211,38,53,0,0,2,0,60,0,1,40,0,2,717,3,75,0,1,19,91,94,8,0,59,0,0,84,18,55,97,98,3,3,3,3,0,18,75,5,15,15,8,0,20,0,16,16,20,2,11,11,2433,0,73,30,1023,95,0,-30,0,0,236
15,6,6,6,6,16,Dexter,Carter,0,81,0,66,15,88,0,5,301,1009,301,85,31,0,0,80,2,0,0,68,0,0,83,2,25,14,67,24,28,29,0,8,66,0,0,0,0,0,0,0,64,23,0,0,0,0,0,60,0,0,35,2,0,66,3,50,0,1,18,48,72,10,0,75,0,0,100,17,59,71,71,3,3,3,3,5,20,92,5,20,15,9,0,30,0,1,1,25,3,2,4,390,0,69,10,1023,85,2,-30,0,0,240
4,6,6,6,6,11,Kevin,Carter,449,75,0,90,11,74,0,5,302,24,302,58,25,0,0,87,1,0,0,30,0,0,61,2,6,1015,83,83,32,33,0,3,43,0,0,0,0,0,0,0,62,40,23,0,0,2,0,60,0,0,93,1,2,90,3,60,0,1,15,70,58,5,0,34,0,0,75,12,89,81,72,3,3,3,3,6,34,41,16,25,29,13,25,30,0,10,12,30,9,45,26,612,0,77,130,1023,0,4,-30,0,0,76
45,6,6,6,6,16,Ki-Jana,Carter,0,94,0,0,15,89,0,5,303,1009,303,87,25,0,0,88,1,0,0,70,0,0,88,2,1,1015,86,33,32,33,0,8,82,0,0,0,0,0,0,0,164,12,0,0,0,0,0,60,0,0,32,2,0,0,0,70,0,1,18,63,65,5,0,86,0,0,50,17,68,84,78,3,3,3,3,0,24,55,5,20,15,10,0,30,0,1,1,25,7,17,12,90,0,70,62,1023,35,4,-30,0,0,61
45,6,6,6,6,15,Marty,Carter,584,86,0,72,14,84,0,5,304,14,304,82,29,0,0,94,2,0,0,58,0,0,82,2,33,1009,89,77,22,26,0,8,28,0,0,0,0,0,0,0,119,45,41,0,0,3,0,60,0,0,25,1,3,72,3,25,0,8,15,64,85,9,0,29,0,0,87,15,69,83,80,3,3,3,3,0,24,82,5,20,15,10,5,20,0,18,18,15,3,9,5,584,0,73,49,1023,15,0,-30,0,0,149
45,5,5,5,5,15,Pat,Carter,0,78,0,64,13,69,0,7,305,1009,305,64,32,0,0,91,2,0,0,73,0,0,64,0,33,6,79,28,62,63,0,8,64,0,2,0,0,0,0,0,64,45,0,0,0,0,0,60,0,0,88,2,0,64,3,30,0,2,16,59,64,12,0,62,0,0,41,14,76,80,78,2,2,2,2,7,28,51,15,25,20,13,5,30,0,4,4,30,1,39,25,394,0,76,96,1023,15,1,-30,0,0,174
45,6,6,6,6,16,Perry,Carter,0,93,0,0,12,89,0,5,306,1009,306,88,27,0,0,81,1,0,0,59,0,0,87,2,33,22,76,58,19,22,0,7,25,0,0,0,0,0,0,0,194,45,0,0,0,0,0,60,0,0,20,1,0,0,0,25,0,4,17,32,85,5,0,28,0,0,21,12,56,69,55,3,3,3,3,0,18,91,5,15,15,13,0,20,0,16,16,20,5,11,10,150,0,73,35,1023,20,0,-30,0,0,235
45,6,6,6,6,16,Tom,Carter,100,92,0,0,14,88,0,5,307,2,307,87,26,0,0,84,1,0,0,58,0,0,87,2,17,25,79,61,21,23,0,7,29,0,0,0,0,0,0,0,152,4,35,0,0,3,0,60,0,0,21,1,3,0,0,50,0,1,17,52,89,7,0,29,0,0,41,15,59,77,74,3,3,3,3,4,20,99,5,15,15,12,0,20,0,16,16,20,2,3,7,100,0,72,25,1023,20,2,-30,0,0,247
45,5,5,5,5,16,Tony,Carter,244,83,0,36,12,75,0,5,308,22,308,73,26,0,0,88,1,0,0,62,0,0,71,1,33,1009,83,35,53,57,0,8,69,0,0,0,2,2,2,2,120,45,42,0,0,2,0,60,0,0,30,2,3,36,3,50,0,15,18,51,69,6,0,68,0,0,100,15,73,79,74,2,2,2,2,5,26,62,10,25,20,8,5,30,0,2,2,25,2,29,13,243,0,72,72,1023,15,1,-30,0,0,43
45,3,4,3,4,34,Johndale,Carty,133,80,0,21,11,87,3,5,309,14,309,89,24,0,1,83,0,0,0,48,0,0,86,3,17,1015,90,60,20,17,0,11,28,0,0,0,7,0,7,0,234,45,100,2,2,1,4,43,0,0,35,0,1,21,2,63,0,4,22,46,79,1,0,50,0,1,78,10,79,73,65,2,4,2,4,1,30,87,32,45,31,7,2,11,2,17,17,8,3,10,8,133,0,72,36,1023,21,0,-19,0,0,204
45,6,6,6,6,13,Shante,Carver,0,70,0,0,11,74,0,5,310,1009,310,66,28,0,0,80,1,0,0,33,0,0,63,2,23,10,74,74,22,26,0,3,26,0,0,0,0,0,0,0,9,4,0,0,0,0,0,60,0,0,96,2,0,0,0,25,0,1,17,49,60,6,0,23,0,0,97,13,75,80,99,3,3,3,3,4,28,55,25,25,30,9,15,30,0,11,11,25,0,45,25,63,0,77,90,1023,0,1,-30,0,0,94
45,5,5,5,5,12,Chad,Cascadden,0,84,0,0,11,80,0,7,311,1014,311,74,26,0,0,90,1,0,0,35,0,0,73,0,33,17,85,76,28,29,0,3,31,0,2,0,0,0,0,0,258,45,0,0,0,0,0,60,0,0,53,2,0,0,0,25,0,15,18,31,70,5,0,33,0,0,99,16,75,70,66,2,2,2,2,4,28,79,15,25,20,11,10,30,0,15,13,20,9,32,14,125,0,73,75,1023,0,3,-30,0,0,68
45,0,0,0,0,78,Stoney,Case,151,89,0,7,12,60,0,7,312,19,312,59,26,0,0,77,1,0,0,21,0,0,58,0,33,1009,82,16,16,21,0,1,56,0,2,0,0,0,0,0,145,45,0,0,0,1,0,60,0,0,15,0,1,7,2,50,0,3,89,42,55,5,0,65,0,0,76,15,57,71,64,2,2,2,2,4,18,87,5,10,15,13,0,20,0,0,0,20,4,12,11,151,0,75,44,1023,0,0,-30,0,0,161
45,5,5,5,5,15,Kerry,Cash,0,84,0,69,13,70,0,7,313,1009,313,69,29,0,0,90,2,0,0,72,0,0,68,2,33,0,85,26,62,63,0,8,63,0,2,0,0,0,0,0,214,45,0,0,0,0,0,60,0,0,84,2,0,69,3,30,0,5,16,53,72,9,0,60,0,0,37,14,75,79,71,2,2,2,2,5,28,44,15,25,20,10,5,30,0,4,4,30,4,27,20,465,0,76,85,1023,15,2,-30,0,0,289
45,6,6,6,6,15,Texans,CB #20,400,89,0,0,11,87,0,5,314,32,314,87,28,0,0,81,1,0,0,55,0,0,85,2,33,29,76,54,23,24,0,7,27,0,0,0,0,0,0,0,265,45,0,0,0,3,0,60,0,0,20,1,4,0,0,0,0,15,16,53,85,6,0,27,0,0,0,12,56,68,60,3,3,3,3,1,18,85,5,15,15,13,0,20,0,16,16,20,1,6,7,400,0,73,32,1023,20,1,-30,0,0,101
45,6,6,6,6,11,Texans,CB #21,400,89,0,0,8,88,0,5,315,32,315,87,29,0,0,77,1,0,0,55,0,0,86,2,33,29,72,52,19,22,0,7,20,0,0,0,0,0,0,0,265,45,0,0,0,3,0,60,0,0,21,2,4,0,0,0,0,15,12,56,84,6,0,25,0,0,0,10,52,69,63,3,3,3,3,2,16,97,5,15,15,7,0,20,0,16,16,20,0,2,1,400,0,71,13,1023,20,1,-30,0,0,102
45,6,6,6,6,14,Texans,CB #22,400,86,0,0,7,88,0,5,316,32,316,87,29,0,0,77,1,0,0,53,0,0,87,2,33,29,72,52,21,23,0,7,38,0,0,0,0,0,0,0,265,45,0,0,0,3,0,60,0,0,22,2,4,0,0,0,0,15,16,56,84,6,0,25,0,0,0,9,52,69,65,3,3,3,3,0,16,83,5,15,15,10,0,20,0,16,16,20,4,4,5,400,0,69,15,1023,35,1,-30,0,0,114
45,6,6,6,6,16,Texans,CB #23,400,90,0,0,11,89,0,5,317,32,317,88,28,0,0,66,1,0,0,52,0,0,87,2,33,29,61,49,19,22,0,7,36,0,0,0,0,0,0,0,265,14,0,0,0,3,0,60,0,0,23,2,4,0,0,0,0,15,16,53,80,6,0,25,0,0,0,12,46,68,65,3,3,3,3,3,13,91,5,15,15,8,0,20,0,16,16,20,4,10,0,400,0,68,15,1023,35,1,-30,0,0,119
45,6,6,6,6,14,Texans,CB #24,400,89,0,0,8,88,0,5,318,32,318,87,28,0,0,80,1,0,0,55,0,0,87,0,33,29,75,55,19,22,0,7,38,0,0,0,0,0,0,0,265,45,0,0,0,3,0,60,0,0,24,2,4,0,0,0,0,15,16,51,83,6,0,25,0,0,0,10,55,68,58,3,3,3,3,2,18,97,5,15,15,7,0,20,0,16,16,20,5,5,5,400,0,69,25,1023,35,1,-30,0,0,91
45,6,6,6,6,12,Texans,CB #25,400,85,0,0,12,83,0,5,319,32,319,82,28,0,0,89,1,0,0,57,0,0,83,1,33,29,84,71,23,26,0,8,32,0,0,0,0,0,0,0,265,45,0,0,0,3,0,60,0,0,25,1,4,0,0,0,0,15,13,50,84,6,0,28,0,0,0,12,64,69,55,3,3,3,3,3,22,88,5,20,15,9,5,20,0,17,17,15,0,6,5,400,0,72,26,1023,15,1,-30,0,0,288
6,5,5,5,5,17,Larry,Centers,697,86,0,255,13,78,0,5,320,26,320,76,30,0,0,87,2,0,0,89,0,0,76,1,33,1009,82,34,56,60,0,8,73,0,0,0,2,2,2,2,181,45,72,0,0,2,0,60,0,0,37,1,2,255,3,30,0,5,18,69,63,10,0,78,0,0,92,15,72,99,92,2,2,2,2,3,26,54,10,25,20,12,5,30,0,2,2,25,1,33,12,951,0,72,65,1023,35,0,-30,0,0,226
45,3,2,3,2,21,Anthony,Cesario,0,66,0,0,30,76,0,5,321,1009,321,50,21,0,0,87,0,1,0,28,0,0,62,1,30,1015,83,28,81,79,0,3,10,0,0,0,0,0,0,0,42,45,100,0,0,0,0,21,0,0,60,1,0,0,2,65,0,3,17,36,23,1,0,19,0,1,97,36,80,71,61,0,2,0,2,10,30,46,15,0,23,13,23,29,0,8,8,73,8,33,28,108,0,77,145,1023,2,0,-19,0,0,58
45,5,5,5,5,15,Byron,Chamberlain,323,84,0,48,13,75,0,7,322,4,322,69,27,0,0,90,1,0,0,69,0,0,68,2,33,1009,85,28,59,60,0,8,62,0,2,0,0,0,0,0,265,45,0,0,0,2,0,60,0,0,86,2,2,48,3,0,0,7,16,37,68,5,0,62,0,0,100,14,75,76,70,2,2,2,2,6,28,68,15,25,20,11,5,30,0,4,4,30,4,41,21,323,0,73,90,1023,15,4,-30,0,0,15
14,0,0,0,0,82,Chris,Chandler,1544,90,0,344,12,61,0,7,323,14,323,59,33,0,0,75,2,0,0,18,0,0,60,0,33,1009,63,16,19,24,0,1,56,0,2,0,0,0,0,0,252,20,57,0,0,2,0,60,0,1,12,0,4,344,3,25,0,3,90,97,55,12,0,67,0,0,91,15,60,82,82,2,2,2,2,5,20,63,5,10,15,8,0,20,0,0,0,20,2,20,14,1544,0,76,64,1023,0,2,-30,0,0,133
45,5,5,5,5,15,Roger,Chanoine,200,63,0,0,12,55,0,7,324,5,324,46,23,0,0,85,1,0,0,14,0,0,43,0,33,4,80,28,76,82,0,3,23,0,2,0,0,0,0,0,208,45,0,0,0,4,0,60,0,0,69,0,4,0,0,0,0,15,17,35,27,1,0,25,0,0,100,14,90,67,62,2,2,2,2,8,35,36,22,25,21,8,18,25,0,9,7,10,9,33,27,200,0,76,145,1023,0,0,-30,0,0,150
45,2,2,2,2,21,Martin,Chase,197,83,0,36,12,75,0,5,325,27,325,64,22,0,0,80,0,0,0,13,0,0,59,3,6,1015,89,73,12,34,0,3,32,0,0,0,0,9,0,9,157,45,0,1,1,1,0,1,0,0,92,2,1,36,3,3,0,2,21,49,48,2,0,20,0,1,74,14,85,76,69,0,0,0,0,21,32,20,34,41,40,7,28,9,0,10,12,85,28,43,22,197,0,74,150,1023,4,1,-19,0,0,204
45,7,2,7,2,23,Corey,Chavous,2614,88,0,63,23,92,0,7,326,7,326,87,22,2,1,89,0,0,1,65,0,0,88,2,20,1015,91,82,21,22,0,0,19,0,0,0,0,0,0,0,238,12,40,0,0,3,0,63,0,0,25,1,4,63,3,77,0,1,27,54,78,2,0,33,0,1,100,23,61,82,74,4,3,4,3,1,20,82,37,37,34,11,9,27,1,16,18,0,5,10,9,603,0,73,48,1023,1,1,-19,0,0,204
45,1,0,1,0,17,Michael,Cheever,0,78,0,24,30,72,0,0,327,1009,327,60,26,0,0,17,1,0,0,26,0,0,50,0,10,16,35,23,73,83,0,3,33,0,2,0,0,2,0,2,71,14,0,0,0,0,0,1,0,0,78,0,0,24,2,67,0,3,24,43,15,4,0,13,0,1,99,24,88,82,88,2,2,2,2,3,34,37,15,13,26,7,15,21,0,7,7,37,6,33,30,160,0,76,133,1023,0,0,-19,0,0,150
45,3,3,3,3,30,Je'Rod,Cherry,200,86,0,0,22,86,0,4,328,13,328,85,26,0,1,91,1,0,0,30,0,0,90,2,6,26,91,84,19,18,0,1,25,0,0,0,0,1,0,1,28,45,0,0,0,1,0,32,0,0,25,1,4,0,2,85,0,2,20,38,85,4,0,34,0,1,0,24,75,70,60,2,1,2,1,5,28,86,9,12,30,10,9,12,0,18,18,23,4,6,8,200,0,73,50,1023,0,1,-19,0,0,195
45,0,0,0,0,73,Mike,Cherry,0,75,0,0,24,67,0,7,329,16,329,60,23,0,0,85,0,0,0,23,0,0,57,0,1,15,76,13,23,13,0,1,50,0,4,0,0,0,0,0,131,12,0,0,0,0,0,35,0,0,18,2,0,0,0,6,0,1,77,35,56,3,0,42,0,1,2,11,56,62,65,2,0,2,0,4,18,71,38,19,1,7,6,10,0,0,0,17,4,33,10,50,0,76,65,1023,0,0,-19,0,0,150
45,5,0,5,0,26,Larry,Chester,150,75,0,0,18,73,2,7,330,10,330,50,24,0,0,86,0,0,0,21,0,0,64,3,63,1023,78,73,22,28,0,3,12,0,0,0,0,0,0,0,208,45,0,0,0,3,0,65,0,0,64,2,3,0,1,75,0,15,13,51,42,2,0,12,0,1,100,25,95,78,64,2,0,2,0,39,38,26,33,26,33,8,27,13,0,12,0,41,34,30,25,150,0,74,165,999,4,0,-31,0,0,204
45,4,7,4,7,21,Darrin,Chiaverini,337,86,0,46,17,85,0,5,331,5,331,86,21,0,0,76,0,0,0,72,0,0,90,1,25,1009,92,18,23,24,0,1,61,0,0,0,7,0,7,0,41,45,100,2,0,2,0,31,0,0,84,2,2,46,2,86,0,6,16,52,96,1,0,51,0,1,62,19,30,73,64,0,4,0,4,4,5,69,23,39,5,11,0,24,1,3,3,22,5,9,8,306,0,74,50,1023,54,0,-19,0,0,58
45,6,6,6,6,29,O.J.,Childress,0,89,0,0,19,77,0,4,332,1009,332,75,21,0,0,87,0,0,0,47,0,0,72,1,3,1015,85,72,39,12,0,3,24,9,0,0,0,9,0,9,38,45,100,0,0,0,0,44,0,0,57,2,0,0,2,66,0,6,27,29,51,1,0,26,0,1,51,36,64,64,57,0,0,0,0,7,22,58,45,18,15,13,5,7,2,13,13,38,7,27,24,74,0,73,85,1023,9,0,-19,0,0,58
37,5,5,5,5,16,Mark,Chmura,2041,85,0,565,14,75,0,7,333,1014,333,70,30,0,0,92,1,0,0,89,0,0,73,0,33,1015,87,34,65,68,0,8,68,0,2,0,0,0,0,0,20,3,61,0,0,2,0,60,0,1,89,2,5,565,3,50,0,6,17,84,80,8,0,68,0,0,100,15,77,99,91,2,2,2,2,5,28,58,15,25,20,7,5,30,0,4,4,30,2,26,21,2041,0,77,89,1023,15,7,-30,0,0,109
45,6,6,6,6,17,Wayne,Chrebet,1679,90,0,273,17,88,0,5,334,18,334,87,25,0,0,83,1,0,0,88,0,0,87,0,33,1009,78,22,28,27,0,1,61,0,0,0,0,0,0,0,78,45,16,0,0,7,0,60,0,0,80,2,7,273,3,50,0,15,18,49,81,5,0,61,0,0,100,19,60,85,88,3,3,3,3,5,19,81,5,15,15,8,0,20,0,3,3,20,5,11,8,1679,0,70,28,1023,35,4,-30,0,0,80
45,5,5,5,5,17,Bob,Christian,1052,84,0,204,13,88,0,5,335,14,335,84,30,0,0,86,1,0,0,77,0,0,72,0,33,1009,81,33,59,60,0,8,73,0,0,0,2,2,2,2,151,45,60,0,0,1,0,60,0,0,44,1,3,204,3,30,0,12,18,66,63,8,0,71,0,0,91,15,71,95,77,2,2,2,2,5,26,53,10,25,20,9,5,30,0,2,2,25,5,35,10,834,0,71,66,1023,30,2,-30,0,0,315
14,0,0,0,0,23,Steve,Christie,508,80,0,19,96,55,0,7,336,3,336,50,31,0,0,60,1,0,0,19,0,0,49,0,33,1009,65,21,19,21,0,0,19,0,2,0,0,0,0,0,256,1,74,0,0,2,0,60,0,0,2,1,3,19,1,0,0,15,26,69,48,10,0,21,0,0,100,90,46,99,99,2,2,2,2,5,13,79,5,15,15,12,5,15,0,19,19,15,5,4,2,147,0,72,28,1023,0,7,-30,0,0,30
13,5,5,5,5,19,Jeff,Christy,1087,82,0,165,16,70,0,7,337,6,337,51,30,0,0,84,1,0,0,18,0,0,52,0,33,1009,79,31,95,94,0,3,26,0,2,0,0,0,0,0,166,26,55,0,0,1,0,60,0,0,62,1,4,165,3,0,0,4,21,68,31,8,0,29,0,0,100,18,89,94,92,2,2,2,2,8,34,35,21,25,20,9,19,25,0,7,7,10,5,45,22,741,0,75,124,1023,0,6,-30,0,0,122
45,1,4,1,4,13,Pete,Chryplewicz,0,95,0,0,24,80,0,7,338,1009,338,88,24,0,0,98,0,0,0,61,0,0,76,0,28,1015,75,28,55,55,0,2,67,0,2,0,7,0,7,0,152,45,0,2,2,0,0,7,0,0,85,2,0,0,3,57,0,4,12,43,66,3,0,43,0,1,99,32,66,81,99,0,0,0,0,5,23,39,46,20,29,8,25,20,1,4,4,70,8,36,22,411,1,77,101,1023,0,2,-19,0,0,150
45,4,6,4,6,37,Chris,Claiborne,1883,94,0,324,14,84,0,0,339,19,339,75,23,0,0,88,0,0,0,67,0,0,80,3,21,1015,81,82,21,31,1,8,32,0,0,0,0,0,0,0,231,12,100,3,3,4,0,1,0,0,50,1,4,324,3,9,0,1,34,52,60,1,0,21,0,1,97,19,74,80,68,2,3,2,3,3,27,54,42,36,43,10,1,16,0,13,15,55,5,43,23,1883,1,75,95,1023,9,0,-19,0,0,204
45,5,4,5,4,20,Desmond,Clark,748,84,0,132,23,82,0,7,340,4,340,75,22,0,1,92,0,0,0,83,0,0,67,3,28,1015,89,32,53,51,0,3,64,0,0,0,0,7,0,7,249,45,100,1,1,4,0,7,0,0,88,1,4,132,3,61,0,6,29,51,83,1,0,64,0,1,67,13,85,82,67,3,0,3,0,4,32,56,35,16,15,9,5,21,0,4,4,0,9,27,20,748,0,75,89,1023,1,0,-19,0,0,204
45,4,4,4,4,15,Greg,Clark,515,87,0,75,25,84,0,0,341,15,341,82,25,1,0,89,0,0,0,77,0,0,83,0,31,1015,85,30,54,55,0,1,73,0,4,0,0,0,0,0,200,45,0,2,2,1,0,23,0,0,85,1,3,75,3,54,0,4,37,54,71,3,0,58,0,1,100,25,62,84,81,4,0,4,0,4,21,69,54,24,20,13,6,19,0,4,4,0,0,21,24,515,1,76,95,1023,2,2,-19,0,0,150
45,5,5,5,5,10,Reggie,Clark,0,81,0,0,9,75,0,7,342,1009,342,71,31,0,0,89,1,0,0,32,0,0,70,2,33,16,84,75,28,29,0,3,31,0,2,0,0,0,0,0,135,45,0,0,0,0,0,60,0,0,59,2,0,0,0,0,0,15,16,40,67,6,0,30,0,0,65,14,74,70,74,2,2,2,2,3,27,74,15,25,20,11,10,30,0,13,13,20,10,16,13,33,0,74,78,1023,0,2,-30,0,0,52
45,6,6,6,6,16,Willie,Clark,0,99,0,0,11,90,0,5,343,1009,343,88,27,0,0,78,1,0,0,61,0,0,88,2,33,7,73,59,21,23,0,7,25,0,0,0,0,0,0,0,152,45,34,0,0,0,0,60,0,0,31,2,0,0,3,50,0,3,16,66,88,6,0,25,0,0,53,12,53,80,79,3,3,3,3,5,16,85,5,15,15,8,0,20,0,16,16,20,5,3,2,735,0,70,26,1023,20,0,-30,0,0,99
45,6,6,6,6,31,Phil,Clarke,150,76,0,0,25,78,0,5,344,27,344,77,22,1,0,97,0,0,0,53,0,0,70,2,20,1015,71,78,22,31,0,3,33,0,0,0,0,8,0,8,166,45,100,2,2,3,0,50,0,0,51,1,3,0,0,68,0,6,34,0,61,1,0,26,0,1,100,13,76,69,52,0,0,0,0,7,28,59,12,58,21,13,5,2,0,15,14,85,4,44,23,150,0,72,81,1023,3,31,-19,0,0,204
45,6,6,6,6,11,Willie,Clay,0,81,0,0,12,95,0,5,345,1009,345,91,28,0,0,90,1,0,0,60,0,0,91,2,33,1009,85,75,25,26,0,8,37,0,0,0,0,0,0,0,71,32,18,0,0,0,0,60,0,0,42,1,0,0,3,75,0,8,12,68,81,8,0,53,0,0,55,12,65,84,70,3,3,3,3,4,22,78,5,20,15,11,5,20,0,17,17,15,0,11,6,223,0,70,33,1023,15,0,-30,0,0,374
45,7,6,7,6,20,Cameron,Cleeland,805,89,0,60,21,82,0,7,346,27,346,75,22,0,0,88,0,0,0,74,0,0,77,0,1,1015,61,38,51,55,0,8,68,0,2,0,0,1,0,1,252,45,70,0,3,1,3,5,0,0,85,1,2,60,3,52,0,2,30,53,56,2,0,61,0,1,33,39,80,78,62,3,0,3,0,3,30,51,28,24,23,9,1,23,0,4,4,73,8,26,23,408,0,77,110,1023,7,1,-19,0,0,150
45,3,0,3,0,12,Anthony,Clement,948,79,0,158,10,76,0,7,347,7,347,57,23,0,0,85,0,0,0,21,0,0,43,0,7,1015,82,23,86,86,0,3,36,0,2,0,0,2,0,2,265,45,67,0,0,1,0,4,0,0,65,2,2,158,3,61,0,2,34,63,17,2,0,31,0,1,98,28,94,85,85,2,0,2,0,14,37,42,22,24,29,13,24,29,0,9,5,72,26,34,23,948,0,80,160,1023,8,1,-19,0,0,150
45,5,5,5,5,13,Charlie,Clemons,100,74,0,0,11,83,0,7,348,27,348,76,26,0,0,92,1,0,0,55,0,0,78,2,33,1009,87,80,34,38,0,3,32,0,2,0,2,2,2,2,70,45,0,0,0,1,0,60,0,0,56,0,3,0,0,25,0,15,17,37,65,5,0,25,0,0,48,14,77,70,59,2,2,2,2,3,28,43,15,25,20,13,5,30,0,14,14,25,8,32,22,100,0,74,90,1023,0,4,-30,0,0,67
40,2,2,2,2,27,Duane,Clemons,1672,94,0,230,28,70,0,7,349,9,349,68,25,0,0,99,1,0,0,30,0,0,65,0,13,1015,95,81,13,22,0,3,21,0,0,0,0,8,0,8,28,12,31,0,0,2,0,26,0,0,99,2,5,230,3,53,0,1,34,64,65,4,0,39,0,1,100,18,88,83,73,2,4,2,4,7,34,41,11,12,31,9,14,21,0,10,10,23,8,37,25,1672,1,77,115,1023,0,3,-19,0,0,156
45,4,7,4,7,21,Mike,Cloud,888,85,0,153,12,91,0,5,350,9,350,87,21,0,0,81,0,0,0,69,0,0,99,0,6,1015,95,14,25,38,0,13,68,0,0,0,1,0,1,0,20,45,100,0,0,3,4,34,0,0,34,0,3,153,3,76,0,2,32,63,56,1,0,86,0,1,98,37,74,76,47,0,2,0,2,2,27,80,25,33,32,8,10,1,0,1,1,12,5,9,9,888,0,70,45,1023,42,0,-19,0,0,150
45,4,6,4,6,39,Rich,Coady,442,96,0,62,26,86,3,4,351,24,351,84,23,0,0,91,0,2,0,62,0,0,83,0,2,1015,87,73,20,16,0,11,28,0,0,0,0,0,0,0,215,45,100,0,0,2,4,31,0,0,38,1,2,62,3,91,0,3,21,48,81,1,0,32,0,1,71,30,71,75,61,0,0,0,0,5,26,76,37,20,35,8,4,9,0,18,18,43,2,5,5,442,0,73,50,1023,8,0,-19,0,0,150
2,5,5,5,5,16,Ben,Coates,2083,92,0,423,14,80,0,7,352,25,352,77,29,0,0,89,2,0,0,99,0,0,76,2,33,1015,84,35,48,69,0,8,87,0,2,0,0,0,0,0,265,37,71,0,0,1,0,60,0,1,81,2,4,423,3,50,0,5,18,87,69,9,0,69,0,0,100,16,74,99,96,2,2,2,2,5,27,61,15,25,20,11,5,30,0,4,4,30,1,42,24,1421,0,77,85,1023,30,8,-30,0,0,386
45,2,6,2,6,17,Dexter,Coakley,2613,86,0,490,16,86,0,5,353,11,353,84,28,0,0,87,1,0,0,53,0,0,78,3,29,1015,62,80,28,28,0,3,34,0,0,0,0,2,0,2,7,45,45,3,3,3,0,41,0,0,52,2,5,490,3,56,0,2,29,72,63,3,0,27,0,1,75,32,89,80,58,0,0,0,0,5,34,60,45,27,26,7,5,20,3,15,15,14,3,20,11,2613,1,70,70,1023,3,2,-19,0,0,204
45,6,6,6,6,15,Reggie,Cobb,0,76,0,132,14,81,0,5,354,1009,354,77,30,0,0,83,2,0,0,72,0,0,76,2,33,17,70,28,36,37,0,8,84,0,0,0,0,0,0,0,211,45,0,0,0,0,0,60,0,0,28,2,0,132,3,0,0,2,16,67,66,10,0,82,0,0,82,15,63,77,86,3,3,3,3,0,22,76,5,20,15,9,0,30,0,1,1,25,0,8,9,708,0,73,52,1023,20,2,-30,0,0,60
45,5,5,5,5,20,Antonio,Cochran,235,80,0,54,21,73,0,4,355,28,355,67,22,0,1,74,0,0,0,39,0,0,68,3,24,1015,74,77,35,33,0,3,26,0,0,0,2,0,2,0,70,45,100,5,2,1,0,0,0,0,90,2,1,54,3,91,0,3,36,50,62,1,0,22,0,1,97,24,75,76,64,0,0,0,0,6,28,31,20,25,22,12,21,14,0,10,10,5,9,24,22,423,1,76,139,1023,6,0,-19,0,0,204
45,5,5,5,5,16,Joe,Cocozzo,0,63,0,29,13,50,0,7,356,1009,356,43,28,0,0,87,1,0,0,14,0,0,45,0,33,7,82,32,88,90,0,3,27,0,2,0,0,0,0,0,117,24,0,0,0,0,0,60,0,0,68,0,0,29,3,0,0,3,18,51,27,7,0,25,0,0,65,15,92,78,68,2,2,2,2,8,36,42,22,25,25,7,22,30,0,6,8,25,8,38,22,151,0,76,140,1023,0,1,-30,0,0,38
14,6,6,6,6,17,Andre,Coleman,0,96,0,87,15,94,0,5,357,1009,357,93,26,0,0,70,1,0,0,69,0,0,90,2,33,27,65,18,19,20,0,1,55,0,0,0,0,0,0,0,96,36,0,0,0,0,0,60,0,0,83,2,0,87,3,50,0,3,19,49,85,6,0,69,0,0,97,16,50,77,76,3,3,3,3,4,15,78,5,15,15,12,0,20,0,3,3,20,3,4,9,552,0,69,8,1023,90,1,-30,0,0,21
45,5,5,5,5,22,Ben,Coleman,475,82,0,72,19,60,0,7,358,8,358,49,27,0,0,85,1,0,0,21,0,0,52,2,33,1009,80,30,92,93,0,3,25,0,2,0,0,0,0,0,249,26,83,0,0,1,0,60,0,0,62,0,3,72,3,0,0,2,24,78,34,7,0,32,0,0,100,21,90,88,82,2,2,2,2,12,35,25,23,25,21,7,22,30,0,6,9,35,21,23,22,475,0,77,170,1023,0,2,-30,0,0,27
45,4,4,4,4,30,Fred,Coleman,0,86,0,0,34,80,0,7,359,1009,359,80,22,0,1,92,0,0,5,79,0,0,79,3,18,1015,80,14,35,34,0,1,61,0,0,0,9,8,9,8,252,45,0,2,2,0,0,76,0,0,86,2,0,0,2,69,0,4,22,29,78,2,0,75,0,1,99,16,53,69,64,4,0,4,0,1,16,83,2,34,21,13,1,16,0,3,3,77,4,4,11,192,0,72,32,1023,53,1,-19,0,0,204
4,6,6,6,6,10,Marco,Coleman,647,65,0,96,10,69,0,5,360,26,360,59,29,0,0,90,1,0,0,28,0,0,76,2,12,1009,84,80,34,38,0,3,39,0,0,0,0,0,0,0,71,40,22,0,0,3,0,60,0,0,99,1,3,96,3,50,0,1,14,56,54,8,0,34,0,0,99,11,86,82,84,3,3,3,3,5,33,35,21,25,28,8,22,30,0,10,10,25,10,23,23,647,0,75,126,1023,0,0,-30,0,0,196
45,5,5,5,5,17,Marcus,Coleman,121,99,0,0,22,90,0,7,361,18,361,89,25,0,0,99,1,0,0,60,0,0,90,2,14,1015,99,70,26,16,0,7,24,0,0,0,8,8,8,8,217,45,48,0,0,1,0,33,0,0,42,1,1,0,3,5,0,4,23,60,93,4,0,41,0,1,100,9,63,80,72,0,0,0,0,1,22,84,7,13,38,8,7,10,0,16,16,36,0,12,6,121,0,74,50,1023,0,3,-19,0,0,204
45,3,6,3,6,13,Roderick,Coleman,334,71,0,69,19,76,2,7,362,23,362,64,22,0,0,86,0,0,0,24,0,0,67,0,10,1015,71,79,12,25,0,3,10,0,0,0,0,0,0,0,54,45,100,2,2,1,0,54,0,0,57,0,1,69,3,84,0,4,16,49,49,1,0,22,0,1,56,12,87,80,60,0,2,0,2,9,34,47,22,12,23,10,16,23,0,10,12,42,31,25,27,334,0,74,137,1023,2,0,-19,0,0,150
45,6,6,6,6,31,Stalin,Colinet,558,78,0,54,7,80,0,5,363,5,363,65,26,0,0,86,0,0,0,21,0,0,71,3,24,1015,79,67,39,22,0,3,33,0,0,0,9,0,9,0,20,45,0,0,3,1,0,25,0,0,93,2,3,54,3,63,0,3,12,50,63,3,0,11,0,1,88,19,83,77,73,4,0,4,0,8,32,43,15,17,25,11,24,11,0,11,11,63,10,33,27,420,0,78,128,1023,5,2,-19,0,0,204
45,5,5,5,5,14,Andre,Collins,200,83,0,100,13,77,0,7,364,1014,364,70,30,0,0,90,2,0,0,34,0,0,67,2,33,0,82,87,28,29,0,3,31,0,2,0,0,0,0,0,164,45,52,0,0,1,0,60,0,0,53,1,1,100,0,25,0,2,17,57,68,10,0,32,0,0,30,15,75,77,80,2,2,2,2,1,28,52,15,25,20,12,10,30,0,13,13,20,3,23,10,200,0,73,75,1023,0,0,-30,0,0,51
45,2,6,2,6,11,Bobby,Collins,163,95,0,22,20,80,0,1,365,3,365,75,22,0,0,89,0,1,1,66,0,0,77,3,23,1015,79,22,55,53,0,8,60,0,0,0,9,9,9,9,132,45,100,2,0,2,0,6,0,0,84,1,2,22,2,61,0,5,22,36,71,1,0,76,0,1,99,19,64,70,70,2,0,2,0,5,22,57,14,28,29,13,5,10,0,4,4,67,0,25,20,160,0,76,86,1023,8,0,-19,0,0,204
45,6,3,6,3,31,Calvin,Collins,524,67,0,92,25,78,0,7,366,14,366,49,23,0,0,93,0,0,0,14,0,0,44,0,32,1009,85,23,84,77,0,3,10,0,4,0,0,0,0,0,215,45,67,0,0,2,0,29,0,0,68,2,4,92,3,57,0,3,30,55,27,3,0,28,0,1,85,27,90,79,81,0,2,0,2,22,35,18,24,13,41,7,31,4,0,6,7,3,43,45,23,524,0,74,150,1023,7,2,-19,0,0,150
45,5,5,5,5,14,Cecil,Collins,198,98,0,24,17,87,2,7,367,1014,367,85,23,0,0,88,0,5,0,73,0,0,65,0,6,1015,82,25,34,49,0,11,71,0,2,0,0,0,0,0,113,45,100,2,2,2,3,8,0,0,34,2,2,24,2,35,0,4,34,39,72,1,0,78,0,1,72,26,79,67,57,3,4,3,4,5,30,84,6,20,28,13,4,34,0,1,1,30,4,11,6,198,2,70,47,1023,23,0,-19,0,0,150
18,0,0,0,0,90,Kerry,Collins,2893,90,0,378,7,61,0,7,368,16,368,60,26,0,0,85,1,0,0,22,0,0,63,0,5,1009,90,21,24,28,0,1,62,0,2,0,0,0,0,0,164,12,75,0,0,5,0,60,0,0,5,2,5,378,3,30,0,1,95,86,50,5,0,63,0,0,59,10,65,90,82,2,2,2,2,4,22,47,5,10,15,12,0,20,0,0,0,20,1,38,22,1578,0,77,88,1023,0,0,-30,0,0,91
45,3,5,3,5,10,Mo,Collins,1716,74,0,265,28,69,0,1,369,23,369,53,24,1,0,88,0,0,2,14,0,0,55,3,13,1015,80,25,82,86,0,3,33,0,0,0,1,0,1,0,62,8,45,0,0,4,0,1,0,0,79,0,5,265,3,90,0,2,5,46,45,2,0,34,0,1,44,39,87,75,67,4,2,4,2,7,34,26,19,12,21,8,23,20,0,5,5,73,26,38,29,1716,0,76,165,1023,3,1,-19,0,0,204
45,5,5,5,5,13,Todd,Collins,673,88,0,147,11,75,0,7,370,24,370,68,28,0,0,92,1,0,0,29,0,0,70,0,33,1009,87,90,34,38,0,3,31,0,2,0,2,2,2,2,265,28,33,0,0,2,0,60,0,0,54,1,2,147,3,50,0,3,17,57,64,8,0,24,0,0,87,14,77,79,83,2,2,2,2,7,28,68,15,25,20,8,5,30,0,15,14,25,4,44,24,918,0,74,88,1023,0,0,-30,0,0,81
45,0,0,0,0,78,Todd,Collins,0,88,0,0,10,55,0,7,371,9,371,53,28,0,0,79,1,0,0,26,0,0,55,0,33,2,84,16,18,23,0,1,58,0,2,0,0,0,0,0,117,45,0,0,0,0,0,60,0,0,15,0,0,0,0,35,0,2,88,46,52,5,0,67,0,0,100,12,59,73,73,2,2,2,2,0,20,59,5,10,15,7,0,20,0,0,0,20,3,22,14,0,0,76,65,1023,0,0,-30,0,0,422
45,6,6,6,6,9,Ferric,Collons,0,60,0,0,8,65,0,5,372,1009,372,55,29,0,0,92,1,0,0,21,0,0,54,2,33,1009,86,82,37,41,0,3,42,0,0,0,0,0,0,0,28,40,0,0,0,0,0,60,0,0,92,1,0,0,2,25,0,15,14,41,48,5,0,37,0,0,94,10,88,73,60,3,3,3,3,8,34,30,24,25,35,13,15,30,0,10,10,25,4,39,29,242,0,79,130,1023,0,1,-30,0,0,405
45,3,0,3,0,23,Doug,Colman,100,66,0,0,27,80,0,7,373,5,373,75,26,0,0,52,1,0,0,23,0,0,77,2,8,15,57,72,18,22,0,3,20,0,0,0,0,0,0,0,142,45,0,0,0,1,0,6,0,0,59,2,1,0,2,72,0,6,32,57,60,4,0,30,0,1,75,17,82,72,70,2,0,2,0,3,31,52,10,13,12,12,8,14,0,14,15,26,7,34,20,100,1,74,90,1023,0,0,-19,0,0,195
45,6,6,6,6,13,Harry,Colon,0,95,0,0,11,85,0,5,374,1009,374,83,30,0,0,86,2,0,0,56,0,0,83,0,33,18,81,62,23,24,0,8,28,0,0,0,0,0,0,0,122,45,0,0,0,0,0,60,0,0,29,2,0,0,2,25,0,8,13,48,84,9,0,29,0,0,100,13,61,78,81,3,3,3,3,2,20,68,5,20,15,12,5,20,0,18,17,15,3,9,10,100,0,72,43,1023,15,1,-30,0,0,120
45,7,4,7,4,22,Rosevelt,Colvin,800,87,0,400,27,82,0,2,375,1,375,77,21,0,0,96,0,0,0,59,0,0,85,3,26,1015,63,82,21,39,0,3,21,0,0,0,7,0,7,0,169,45,100,0,0,4,0,33,0,0,59,2,4,400,0,88,0,5,28,0,67,1,0,27,0,1,100,21,71,79,66,0,3,0,3,4,26,60,25,54,34,11,12,27,2,15,15,52,1,28,20,800,0,75,90,1023,3,31,-19,0,0,204
45,5,7,5,7,19,Greg,Comella,1144,68,0,264,17,82,0,7,376,16,376,71,24,0,0,88,0,0,0,74,0,0,78,3,63,1009,72,48,59,62,0,8,75,0,0,0,0,0,0,0,200,45,0,2,2,3,0,48,0,0,34,2,4,264,3,77,0,15,28,45,57,2,0,78,0,1,10,26,64,90,66,4,4,4,4,6,22,45,28,33,23,9,37,28,0,2,2,22,5,25,21,1144,1,73,88,1023,7,1,-19,0,0,204
13,5,5,5,5,16,Mike,Compton,1118,81,0,220,13,60,0,7,377,19,377,43,28,0,0,87,1,0,0,15,0,0,48,0,33,1015,82,32,94,94,0,3,27,0,2,0,0,0,0,0,254,26,69,0,0,2,0,60,0,0,77,2,4,220,3,0,0,3,18,75,28,7,0,26,0,0,100,15,92,94,99,2,2,2,2,3,36,38,20,25,20,8,23,30,0,7,8,25,5,23,24,1118,0,78,150,1023,0,6,-30,0,0,68
45,5,3,5,3,23,Bill,Conaty,300,70,0,0,11,76,0,7,378,3,378,50,26,0,0,93,0,0,0,39,0,0,48,1,16,12,95,15,71,76,0,2,11,0,4,0,3,3,3,3,241,45,0,0,0,4,0,34,0,0,63,2,6,0,2,60,0,6,31,27,24,3,0,24,0,1,49,25,83,71,76,0,2,0,2,34,32,22,30,23,37,7,26,15,0,7,8,106,23,35,24,300,0,74,146,1023,7,0,-19,0,0,58
45,3,4,3,4,30,Steve,Conley,0,80,0,20,20,75,0,7,379,1009,379,75,27,0,0,30,1,0,0,50,0,0,75,1,27,28,28,70,35,29,0,3,34,0,0,0,4,4,4,4,10,45,0,0,2,0,0,54,0,0,58,2,0,20,2,84,0,3,27,36,65,4,0,32,0,1,100,13,75,75,81,2,0,2,0,1,28,57,10,12,60,11,11,15,0,13,13,27,6,33,14,162,0,77,75,1023,0,0,-19,0,0,213
36,7,7,7,7,17,Albert,Connell,1487,78,0,248,20,98,0,1,380,26,380,96,26,0,0,68,0,0,0,80,0,0,94,3,14,1015,51,25,37,23,0,7,33,0,0,0,9,0,9,0,215,14,30,0,0,2,3,4,0,0,83,2,4,248,3,85,0,3,34,45,95,3,0,66,2,1,100,20,31,81,68,0,0,0,0,0,6,95,37,22,6,10,4,2,0,3,3,70,1,0,2,1487,0,72,24,1023,79,2,-19,0,0,204
45,5,5,5,5,10,Darion,Conner,0,78,0,63,9,72,0,7,381,1009,381,67,31,0,0,93,2,0,0,31,0,0,69,2,33,12,85,81,36,37,0,3,39,0,2,0,0,0,0,0,92,45,0,0,0,0,0,60,0,0,93,1,0,63,3,60,0,2,15,44,65,10,0,29,0,0,21,13,78,72,76,2,2,2,2,7,29,65,15,25,20,7,10,30,0,13,13,20,0,24,20,396,0,74,90,1023,0,1,-30,0,0,115
45,5,5,5,5,18,Scott,Conover,0,76,0,75,16,65,0,7,382,1009,382,46,30,0,0,83,2,0,0,18,0,0,51,2,33,18,78,27,91,88,0,3,22,0,2,0,0,0,0,0,169,45,0,0,0,0,0,60,0,0,76,1,0,75,3,0,0,5,20,64,31,9,0,29,0,0,89,18,88,82,74,2,2,2,2,4,34,44,20,25,40,12,25,30,0,8,6,25,7,37,27,402,0,76,116,1023,0,2,-30,0,0,275
45,6,3,6,3,19,Chris,Conrad,0,75,0,0,29,76,0,7,383,1014,383,46,24,0,0,97,0,1,0,23,0,0,56,0,28,1015,64,19,80,83,0,3,23,0,0,0,0,0,0,0,66,45,0,0,0,0,3,50,0,0,78,2,0,0,2,64,0,3,13,30,11,2,0,12,0,1,99,26,80,75,82,2,0,2,0,5,30,35,25,13,32,13,23,13,2,5,9,67,4,40,22,122,0,78,150,1023,4,1,-19,0,0,150
45,0,0,0,0,18,Brett,Conway,207,88,0,45,85,30,0,7,384,26,384,32,25,0,0,65,0,0,0,23,0,0,31,0,20,1009,75,10,12,16,0,5,25,0,4,0,0,0,0,0,164,45,0,3,3,1,0,32,0,0,5,0,2,45,3,76,0,3,26,51,21,3,0,22,0,1,100,93,37,89,99,0,2,0,2,1,8,87,5,16,31,12,9,15,0,19,19,5,2,8,10,282,0,74,48,1023,6,1,-19,0,0,150
45,6,6,6,6,15,Curtis,Conway,1450,93,0,0,17,92,0,5,385,8,385,90,28,0,0,83,1,0,0,88,0,0,92,2,7,1015,78,22,28,29,0,1,56,0,0,0,0,0,0,0,231,35,66,0,0,1,0,60,0,0,80,2,1,0,3,75,0,1,16,73,88,7,0,66,0,0,100,18,58,87,84,3,3,3,3,0,19,83,5,15,15,10,0,20,0,3,3,20,2,12,8,1450,0,73,36,1023,35,6,-30,0,0,94
45,2,2,2,2,23,Ernie,Conwell,1826,88,0,324,17,90,0,5,386,24,386,84,27,0,0,99,1,0,0,78,0,0,83,3,27,1015,80,34,56,54,0,6,70,0,0,0,0,0,0,0,252,45,61,0,0,1,0,36,0,0,84,1,4,324,3,89,0,2,22,58,72,4,0,54,0,1,100,25,75,84,64,2,3,2,3,6,28,45,9,10,27,7,10,14,0,4,4,29,9,29,24,1826,0,74,95,1023,0,3,-19,0,0,204
45,6,6,6,6,9,Anthony,Cook,0,59,0,0,9,55,0,5,387,1009,387,49,26,0,0,89,1,0,0,21,0,0,55,2,33,31,85,80,37,38,0,3,34,0,0,0,0,0,0,0,179,40,0,0,0,0,0,60,0,0,75,1,0,0,0,25,0,2,14,40,47,5,0,25,0,0,63,11,91,68,63,3,3,3,3,5,36,46,15,25,29,12,18,30,0,10,12,30,8,43,22,200,0,75,135,1023,0,0,-30,0,0,45
45,6,6,6,6,23,Rashard,Cook,405,75,0,28,22,84,0,5,388,13,388,83,23,0,1,80,0,0,0,62,0,0,75,3,3,1009,86,81,18,38,0,1,38,0,0,0,7,0,7,0,231,45,100,0,2,4,0,35,0,0,42,1,4,28,2,87,0,7,22,38,87,1,0,57,0,1,59,29,71,73,54,0,4,0,4,3,26,87,39,37,35,7,7,2,2,17,17,11,0,11,6,184,0,71,45,1023,8,0,-19,0,0,204
45,5,5,5,5,19,Richard,Cooper,0,65,0,0,16,55,0,7,389,1009,389,46,34,0,0,86,2,0,0,18,0,0,49,2,33,12,81,31,89,86,0,3,26,0,2,0,0,0,0,0,211,45,63,0,0,0,0,60,0,0,77,1,0,0,0,0,0,15,21,53,31,10,0,29,0,0,87,18,91,82,81,2,2,2,2,10,36,44,18,25,28,8,22,30,0,9,5,35,5,33,30,400,0,77,130,1023,0,0,-30,0,0,70
45,6,6,6,6,17,Horace,Copeland,0,88,0,40,8,88,0,5,390,1009,390,85,28,0,0,84,1,0,0,72,0,0,87,2,33,11,79,23,27,28,0,1,59,0,0,0,0,0,0,0,115,45,0,0,0,0,0,60,0,0,89,2,0,40,2,50,0,4,18,45,82,7,0,68,0,0,71,11,59,74,73,3,3,3,3,2,20,72,5,15,15,13,0,20,0,3,3,20,1,5,8,272,0,75,40,1023,55,0,-30,0,0,119
4,6,6,6,6,8,John,Copeland,222,65,0,26,9,64,0,5,391,2,391,59,28,0,0,92,1,0,0,28,0,0,57,2,5,1015,86,74,37,41,0,3,42,0,0,0,0,0,0,0,3,40,0,0,0,2,0,60,0,0,92,2,2,26,2,25,0,1,14,46,54,7,0,37,0,0,54,11,88,71,63,3,3,3,3,6,34,48,18,25,26,10,22,30,0,10,10,25,4,38,26,202,0,75,125,1023,0,6,-30,0,0,106
45,6,6,6,6,8,Russell,Copeland,0,90,0,46,17,89,0,5,392,1009,392,87,27,0,0,78,1,0,0,74,0,0,88,2,33,19,73,19,19,20,0,1,59,0,0,0,0,0,0,0,114,45,0,0,0,0,0,60,0,0,16,2,0,46,2,50,0,4,11,41,85,7,0,69,0,0,100,18,53,74,65,3,3,3,3,2,16,91,5,15,15,12,0,20,0,3,3,20,2,11,6,304,0,72,40,1023,70,0,-30,0,0,60
45,0,0,0,0,21,Jose,Cortez,0,85,0,0,89,59,0,7,393,1009,393,55,24,0,0,70,1,0,0,11,0,0,54,0,63,4,75,20,17,18,0,0,10,0,2,0,0,0,0,0,161,45,47,0,0,0,0,60,0,0,2,1,0,0,0,0,0,15,27,52,53,1,0,15,0,0,100,85,45,76,62,2,2,2,2,5,12,83,5,15,15,10,5,15,0,19,19,15,5,6,10,50,0,71,40,1023,0,0,-30,0,0,161
45,5,5,5,5,13,Quentin,Coryatt,600,91,0,400,12,80,0,7,394,1014,394,75,28,0,0,92,1,0,0,35,0,0,77,2,2,9,87,88,33,34,0,3,36,0,2,0,0,0,0,0,215,45,0,0,0,1,0,60,0,0,57,1,1,400,3,50,0,1,18,75,71,8,0,33,0,0,90,16,77,82,77,2,2,2,2,4,28,52,15,25,20,12,10,30,0,15,15,20,2,35,23,600,0,75,90,1023,0,1,-30,0,0,51
45,6,6,6,6,16,Chad,Cota,545,95,0,63,16,85,0,5,395,10,395,84,27,0,0,88,1,0,0,64,0,0,83,0,33,1009,83,74,23,25,0,8,30,0,0,0,0,0,0,0,160,45,25,0,0,3,0,60,0,0,37,2,3,63,3,25,0,7,16,79,82,5,0,32,0,0,95,17,63,83,77,3,3,3,3,0,22,74,5,20,15,12,5,20,0,18,18,15,1,5,8,495,0,73,38,1023,15,0,-30,0,0,286
45,0,0,0,0,80,Tim,Couch,1902,94,0,301,22,84,0,5,396,5,396,77,22,0,0,82,0,0,0,24,0,0,80,0,5,1015,88,23,26,29,0,1,52,0,0,0,0,0,0,0,98,12,100,2,2,7,0,45,0,0,2,2,7,301,3,89,0,1,90,58,52,1,0,46,0,1,71,31,56,77,62,3,1,3,0,1,18,77,28,10,10,13,3,19,0,0,0,17,0,5,5,1902,0,76,60,1023,1,0,-19,0,0,150
45,7,4,7,4,11,Terry,Cousin,465,71,0,36,11,93,0,7,397,14,397,87,24,0,0,81,0,0,0,64,0,0,90,2,2,1015,89,55,17,27,0,7,37,0,0,0,0,0,0,0,176,45,0,3,2,1,0,36,0,0,24,2,3,36,2,90,0,6,24,43,87,3,0,31,0,1,0,12,52,73,59,0,4,0,4,1,16,95,33,6,20,7,14,5,0,16,16,69,1,0,9,314,0,69,25,1023,15,2,-19,0,0,204
45,0,4,0,4,85,Scott,Covington,277,94,0,42,14,77,0,5,398,2,398,73,21,0,0,86,0,0,0,49,0,0,76,1,27,1015,87,45,10,37,0,7,26,0,0,0,9,1,9,1,115,45,100,2,2,3,0,10,0,0,4,2,3,42,2,75,0,6,81,50,55,1,0,49,4,1,90,30,63,74,67,0,0,0,0,0,22,81,17,27,37,8,13,20,0,0,0,31,4,12,12,277,1,75,57,1023,5,0,-19,0,0,58
45,6,6,6,6,17,Tony,Covington,0,92,0,0,18,88,0,5,399,1009,399,87,31,0,0,80,2,0,0,58,0,0,87,2,33,27,75,56,23,24,0,7,27,0,0,0,0,0,0,0,240,45,0,0,0,0,0,60,0,0,27,2,0,0,0,25,0,4,19,47,84,9,0,27,0,0,67,19,55,70,61,3,3,3,3,3,18,82,5,15,15,12,0,20,0,16,16,20,4,8,7,0,0,71,32,1023,20,3,-30,0,0,235
45,3,7,3,7,25,Sam,Cowart,2248,79,0,232,20,83,0,7,400,3,400,79,22,0,0,82,0,0,0,59,0,0,80,3,18,1015,82,83,22,23,0,3,34,0,0,0,0,0,0,0,64,12,68,2,2,3,0,41,0,0,56,0,4,232,3,73,0,1,26,62,62,2,0,23,0,1,100,24,67,83,88,0,4,0,4,4,24,63,3,14,13,13,22,15,2,14,14,57,4,31,24,2248,0,74,82,1023,6,1,-19,0,0,204
45,5,5,5,5,14,Bryan,Cox,693,82,0,60,12,80,0,7,401,18,401,70,31,0,0,92,2,0,0,51,0,0,71,2,33,1009,87,89,34,38,0,3,33,0,2,0,2,2,2,2,244,45,64,0,0,2,0,60,0,0,51,1,3,60,3,70,0,5,19,58,66,9,0,26,0,0,100,16,77,83,82,2,2,2,2,4,28,63,15,25,20,9,5,30,0,14,14,25,9,41,21,693,0,76,90,1023,0,1,-30,0,0,74
45,5,5,5,5,17,Ron,Cox,0,89,0,20,16,72,0,7,402,1009,402,69,31,0,0,90,2,0,0,53,0,0,69,2,33,0,82,88,28,29,0,3,31,0,2,0,0,0,0,0,66,45,0,0,0,0,0,60,0,0,55,2,0,20,3,25,0,2,17,81,67,10,0,31,0,0,41,15,65,80,88,2,2,2,2,5,22,52,15,25,20,12,10,30,0,13,15,20,9,15,10,221,0,74,75,1023,0,1,-30,0,0,92
45,3,5,3,5,25,Jason,Craft,475,89,0,78,17,83,0,4,403,17,403,92,23,0,0,83,0,1,5,76,0,0,74,3,30,1015,91,73,15,33,0,8,37,0,0,0,7,0,7,0,42,45,100,0,0,3,2,7,0,0,29,2,3,78,3,55,0,5,17,71,90,1,0,57,0,1,100,20,68,79,62,0,2,0,2,5,24,89,19,33,34,8,9,21,0,16,17,14,4,12,9,475,1,69,38,1023,28,0,-19,0,0,204
45,5,5,5,5,17,Aaron,Craver,0,90,0,0,13,83,0,5,404,1009,404,82,30,0,0,81,1,0,0,63,0,0,80,2,33,1009,76,28,45,66,0,8,78,0,0,0,2,2,2,2,66,2,36,0,0,0,0,60,0,0,32,2,0,0,3,35,0,3,19,69,59,9,0,78,0,0,67,16,66,97,96,2,2,2,2,1,23,86,10,25,20,7,5,30,0,2,1,25,3,6,8,640,0,72,59,1023,35,1,-30,0,0,143
45,6,6,6,6,13,Keith,Crawford,0,90,0,0,12,90,0,5,405,1009,405,88,28,0,0,81,1,0,0,67,0,0,88,2,33,23,76,52,22,23,0,7,20,0,0,0,0,0,0,0,265,19,0,0,0,0,0,60,0,0,45,2,0,0,0,25,0,15,14,35,81,7,0,28,0,0,84,13,56,79,73,3,3,3,3,3,18,85,5,15,15,7,0,20,0,17,16,20,4,5,2,100,0,74,28,1023,20,1,-30,0,0,119
45,6,7,6,7,24,Vernon,Crawford,100,81,0,0,37,84,0,5,406,20,406,78,24,0,0,82,0,0,0,51,0,0,76,3,30,1015,87,73,29,37,0,3,33,0,0,0,2,7,2,7,64,45,2,3,3,1,0,41,0,0,99,2,3,0,0,4,0,6,21,36,61,3,0,29,0,1,100,24,67,73,70,0,4,0,4,3,24,50,22,22,46,13,8,28,3,15,15,22,8,20,20,100,0,76,85,1023,6,1,-19,0,0,204
45,5,5,5,5,10,Terry,Crews,0,83,0,0,9,75,0,7,407,1009,407,72,30,0,0,91,2,0,0,33,0,0,72,2,33,25,86,78,30,31,0,3,33,0,2,0,0,0,0,0,246,45,0,0,0,0,0,60,0,0,90,2,0,0,0,25,0,11,16,39,68,9,0,31,0,0,94,14,76,71,71,2,2,2,2,4,28,62,15,25,20,11,10,30,0,13,13,20,5,19,23,0,0,74,85,1023,0,3,-30,0,0,247
45,5,5,5,5,18,Jeff,Criswell,0,61,0,0,15,51,0,7,408,1009,408,45,35,0,0,86,2,0,0,17,0,0,46,0,33,8,75,31,89,92,0,3,26,0,2,0,0,0,0,0,265,24,0,0,0,0,0,60,0,0,69,0,0,0,0,0,0,15,20,61,30,13,0,28,0,0,80,17,89,83,81,2,2,2,2,3,34,48,25,25,26,13,22,30,0,5,5,35,6,34,27,126,0,79,132,1023,0,0,-30,0,0,169
45,4,6,4,6,28,Henri,Crockett,1069,84,0,210,29,87,0,7,409,14,409,84,26,0,0,81,0,0,0,59,0,0,85,3,25,1015,86,89,21,23,0,10,32,0,0,0,1,1,1,1,64,45,54,2,2,1,2,41,0,0,94,0,3,210,3,95,0,4,36,70,54,3,0,24,0,1,100,0,73,92,83,0,0,0,0,1,26,58,23,32,27,7,8,0,0,13,15,64,0,35,10,1069,0,74,78,1023,2,2,-19,0,0,204
2,6,6,6,6,15,Ray,Crockett,964,95,0,202,11,83,0,5,410,4,410,81,32,0,0,83,2,0,0,66,0,0,82,1,33,1015,72,71,22,28,0,7,29,0,0,0,0,0,0,0,17,29,55,0,0,1,0,60,0,0,39,1,2,202,3,50,0,4,16,53,79,11,0,32,0,0,100,12,58,81,90,3,3,3,3,2,19,83,5,15,15,12,0,20,0,16,16,20,2,9,1,964,0,70,25,1023,20,4,-30,0,0,337
45,5,5,5,5,16,Zack,Crockett,2526,76,0,686,12,79,0,5,411,23,411,76,26,0,0,89,1,0,0,75,0,0,78,2,33,1009,84,36,55,53,0,8,92,0,0,0,2,2,2,2,64,45,89,0,0,7,0,60,0,0,32,2,7,686,3,50,0,3,18,55,62,5,0,72,0,0,81,15,74,89,72,2,2,2,2,6,27,54,10,25,20,7,5,30,0,2,2,25,1,30,23,2526,0,74,81,1023,15,0,-30,0,0,17
45,5,5,5,5,12,Mike,Croel,0,90,0,0,11,80,0,7,412,1009,412,75,29,0,0,90,2,0,0,36,0,0,76,2,4,27,85,84,28,29,0,3,31,0,2,0,0,0,0,0,142,4,5,0,0,0,0,60,0,0,90,1,0,0,0,50,0,1,18,48,71,9,0,34,0,0,27,16,73,77,73,2,2,2,2,0,26,61,15,25,20,10,10,30,0,13,13,20,6,16,13,100,0,75,78,1023,0,0,-30,0,0,291
45,5,5,5,5,15,Howard,Cross,1155,81,0,153,13,72,0,7,413,16,413,66,31,0,0,88,2,0,0,76,0,0,69,2,33,1015,80,28,66,69,0,8,65,0,2,0,0,0,0,0,3,45,55,0,0,1,0,60,0,0,87,2,4,153,3,30,0,6,16,62,63,11,0,62,0,0,10,14,73,86,77,2,2,2,2,3,26,50,15,25,20,12,5,30,0,4,4,30,9,33,26,788,0,77,110,1023,15,10,0,0,0,134
45,6,6,6,6,8,Jeff,Cross,0,56,0,0,9,61,0,5,414,1009,414,58,33,0,0,90,2,0,0,23,0,0,57,2,33,11,78,88,31,35,0,3,36,0,0,0,0,0,0,0,122,40,0,0,0,0,0,60,0,0,91,1,0,0,0,50,0,9,14,67,50,12,0,31,0,0,67,11,80,78,84,3,3,3,3,7,30,46,20,25,23,12,16,30,0,10,10,25,4,41,25,0,0,76,120,1023,0,3,-30,0,0,188
45,4,6,4,6,28,Germane,Crowell,1918,88,0,105,13,93,0,7,415,19,415,87,24,0,0,74,0,5,0,78,0,0,88,3,21,1015,86,25,12,20,0,1,63,0,0,0,7,0,7,0,240,45,9,3,3,3,0,46,0,0,82,2,4,105,3,86,0,2,14,51,87,2,0,68,0,1,99,27,56,80,79,4,0,4,0,3,18,57,12,12,20,13,5,7,0,3,3,34,10,24,14,648,0,75,62,1023,37,1,-19,0,0,204
45,5,5,5,5,15,Carlester,Crumpler,0,83,0,0,13,75,0,7,416,1009,416,68,27,0,0,91,1,0,0,72,0,0,68,2,33,1009,86,29,59,60,0,8,69,0,2,0,0,0,0,0,54,45,0,0,0,0,0,60,0,0,87,1,0,0,3,25,0,7,16,47,71,6,0,63,0,0,84,14,76,77,66,2,2,2,2,3,28,44,15,25,20,8,5,30,0,4,4,30,7,25,22,151,0,78,100,1023,15,0,-30,0,0,356
45,6,6,6,6,9,Brad,Culpepper,21,69,0,0,9,70,0,5,417,1,417,59,29,0,0,87,1,0,0,31,0,0,57,0,33,1009,83,83,31,32,0,3,44,0,0,0,0,0,0,0,62,40,29,0,0,1,0,60,0,0,76,2,5,0,0,25,0,10,14,66,55,8,0,35,0,0,100,11,89,86,82,3,3,3,3,7,34,47,25,25,35,11,20,30,0,12,12,30,8,32,26,21,0,73,115,1023,0,5,-30,0,0,151
45,0,0,0,0,81,Daunte,Culpepper,7247,92,0,1752,22,88,0,7,418,31,418,81,22,0,1,87,0,0,0,24,0,0,84,3,16,1015,92,19,24,22,0,0,81,0,2,0,0,0,0,0,225,12,100,0,0,6,0,32,1,0,11,0,6,1752,3,72,0,1,98,68,51,1,0,53,9,1,94,10,56,87,67,0,2,0,2,7,18,65,6,3,28,13,8,2,0,0,0,18,8,23,23,7247,0,76,100,1023,1,0,-19,0,0,204
45,5,5,5,5,18,Ed,Cunningham,0,65,0,32,15,60,0,7,419,1009,419,50,29,0,0,83,1,0,0,17,0,0,48,0,33,6,78,33,82,85,0,3,28,0,2,0,0,0,0,0,252,45,0,0,0,0,0,60,0,0,79,0,0,32,2,0,0,3,20,46,30,8,0,28,0,0,58,17,88,74,65,2,2,2,2,6,34,32,19,25,34,9,19,25,0,7,7,10,8,39,25,175,0,75,127,1023,0,3,-30,0,0,151
18,0,0,0,0,86,Randall,Cunningham,1719,99,0,414,75,71,0,7,420,11,420,67,35,0,0,79,2,0,0,21,0,0,70,2,33,1009,78,17,22,25,0,1,62,0,2,0,0,0,0,0,230,45,64,0,0,1,0,60,0,0,7,1,3,414,3,50,0,2,94,76,69,14,0,71,0,0,100,85,59,90,84,2,2,2,2,3,20,75,5,10,15,11,0,20,0,0,0,20,5,13,5,1719,0,76,52,1023,0,2,-30,0,0,243
45,0,0,0,0,26,Richie,Cunningham,0,95,0,0,79,49,0,7,421,1009,421,45,29,0,0,44,1,0,0,33,0,0,25,0,11,1009,79,11,14,21,0,5,34,0,2,0,0,0,0,0,228,45,0,2,2,0,0,64,0,0,3,2,0,0,2,7,0,3,24,39,31,3,0,25,0,1,79,88,13,64,58,0,2,0,2,5,0,97,45,15,19,8,1,2,0,19,19,22,1,5,8,118,0,70,7,1023,8,2,-19,0,0,150
45,5,5,5,5,15,Rick,Cunningham,0,60,0,42,12,55,0,7,422,1009,422,42,32,0,0,85,2,0,0,14,0,0,40,0,33,22,80,30,84,86,0,3,25,0,2,0,0,0,0,0,265,45,0,0,0,0,0,60,0,0,67,0,0,42,2,0,0,4,17,48,27,10,0,25,0,0,41,14,90,75,73,2,2,2,2,12,35,39,15,25,22,9,18,30,0,5,9,35,23,24,27,278,0,79,151,1023,0,0,-30,0,0,142
45,6,6,6,6,11,Eric,Curry,0,70,0,0,11,69,0,5,423,1009,423,63,29,0,0,84,1,0,0,32,0,0,64,2,6,1009,78,74,29,33,0,3,33,0,0,0,0,0,0,0,3,4,6,0,0,0,0,60,0,0,75,2,0,0,2,25,0,1,15,40,59,7,0,30,0,0,100,12,79,74,78,3,3,3,3,4,30,45,25,25,30,7,15,30,0,11,11,25,5,22,25,220,0,77,110,1023,0,1,-30,0,0,287
45,5,2,5,2,35,Scott,Curry,0,75,0,0,13,66,0,7,424,1009,424,45,21,0,0,85,0,0,1,12,0,0,55,1,26,1009,90,25,60,77,0,3,12,0,0,0,0,4,0,4,124,45,100,0,0,0,0,1,0,0,61,2,0,0,2,87,0,6,29,26,16,1,0,25,0,1,95,33,97,63,66,2,2,2,2,5,38,36,20,24,35,9,25,12,0,9,9,109,9,28,25,100,0,77,140,1023,6,0,-19,0,0,58
45,5,5,5,5,13,Caunte,Curtis,300,76,0,0,11,75,0,7,425,2,425,69,25,0,0,89,1,0,0,30,0,0,68,2,33,4,84,75,27,31,0,3,25,0,2,0,2,2,2,2,254,45,0,0,0,4,0,60,0,0,98,2,6,0,0,0,0,15,17,52,65,3,0,25,0,0,100,14,74,69,71,2,2,2,2,7,27,55,15,25,20,7,5,30,0,14,14,25,2,30,20,300,0,74,90,1023,0,0,-30,0,0,92
45,0,0,0,0,88,Kevin,Daft,0,99,0,0,13,56,0,7,426,1009,426,54,23,0,1,94,0,2,0,21,0,0,60,0,12,1015,78,13,27,25,0,0,43,0,0,0,0,0,0,0,265,45,100,2,2,0,0,47,0,0,10,2,0,0,2,78,0,4,87,33,47,1,0,43,0,1,63,18,57,72,60,2,2,2,2,4,18,79,39,13,31,8,19,19,0,0,0,10,0,8,11,152,1,73,47,1023,1,0,-19,0,0,150
45,5,5,5,5,16,Bob,Dahl,0,70,0,40,13,50,0,7,427,1009,427,44,31,0,0,87,2,0,0,15,0,0,45,0,33,25,82,32,86,86,0,3,27,0,2,0,0,0,0,0,152,45,0,0,0,0,0,60,0,0,74,2,0,40,3,0,0,3,18,49,28,9,0,26,0,0,99,15,92,78,76,2,2,2,2,13,36,37,19,25,25,7,18,30,0,6,8,25,25,24,28,231,0,77,153,1023,0,1,-30,0,0,57
45,1,6,1,6,24,Casey,Dailey,0,67,0,0,26,82,0,4,428,1009,428,84,23,0,0,89,0,0,0,48,0,0,78,0,15,1015,64,72,34,31,0,12,31,0,1,0,0,8,0,8,151,45,0,0,0,0,3,35,0,0,94,0,0,0,2,86,0,5,14,28,64,2,0,32,0,1,96,28,64,70,59,3,2,3,2,6,22,69,40,54,6,10,26,20,2,13,15,59,2,20,23,91,0,75,89,1023,8,1,-19,0,0,150
45,5,5,5,5,18,Chris,Dalman,1417,89,0,280,15,60,0,7,429,1014,429,49,29,0,0,83,1,0,0,17,0,0,46,0,33,1015,78,29,91,89,0,3,24,0,2,0,0,0,0,0,200,25,78,0,0,2,0,60,0,0,67,1,4,280,3,0,0,6,20,59,30,7,0,28,0,0,99,17,88,82,76,2,2,2,2,10,34,36,23,25,25,12,16,25,0,7,7,10,9,34,30,1417,0,75,127,1023,0,6,-30,0,0,169
45,4,6,4,6,38,Antico,Dalton,50,64,0,0,25,70,0,5,430,22,430,67,22,0,0,86,0,0,0,50,0,0,83,3,14,1015,95,68,24,25,0,3,36,0,0,0,0,8,0,8,74,45,100,2,2,1,0,27,0,0,93,2,1,0,0,0,0,6,37,0,67,1,0,21,0,1,71,36,76,67,66,4,3,4,3,0,28,67,26,54,67,12,19,3,0,13,13,68,4,24,10,50,0,73,80,1023,1,31,-19,0,0,204
45,6,2,6,2,25,Lional,Dalton,739,82,0,144,16,75,0,7,431,25,431,57,24,1,0,78,0,0,0,14,0,0,65,3,6,1015,77,77,27,22,0,3,21,0,0,0,0,0,0,0,58,40,0,0,0,3,0,30,0,0,91,2,3,144,3,75,0,6,22,56,44,2,0,24,0,1,100,5,91,79,69,0,2,0,2,29,36,33,24,19,44,9,27,11,0,11,12,87,26,38,24,739,1,73,155,1023,0,1,-19,0,0,204
45,0,0,0,0,12,Brad,Daluiso,396,80,0,56,90,55,0,7,432,16,432,50,31,0,0,60,1,0,0,17,0,0,49,0,33,1009,65,21,17,19,0,0,14,0,2,0,0,0,0,0,265,14,63,0,0,1,0,60,0,0,3,1,4,56,1,0,0,15,15,41,48,9,0,19,0,0,100,87,45,85,85,2,2,2,2,3,12,84,5,15,15,11,5,15,0,19,19,15,4,9,7,396,0,73,20,1023,0,4,-30,0,0,107
45,2,0,2,0,18,Jerome,Daniels,0,72,0,44,19,75,0,4,433,1009,433,43,25,0,0,91,0,1,1,22,0,0,53,0,30,6,83,17,92,84,0,3,25,0,4,0,0,2,0,2,149,25,0,1,1,0,0,43,0,0,65,1,0,44,2,90,0,4,37,47,23,3,0,29,0,1,100,11,82,77,64,0,3,0,3,34,31,12,24,24,33,11,23,12,0,6,5,64,34,43,26,332,0,77,190,1023,8,0,-19,0,0,150
45,4,4,4,4,20,Phillip,Daniels,472,94,0,96,22,78,0,0,434,1,434,64,26,0,0,99,1,0,0,48,0,0,65,2,22,1015,99,79,20,30,0,3,28,0,0,0,0,0,0,0,70,45,41,0,0,1,0,40,0,0,93,2,2,96,3,84,0,6,21,64,65,4,0,21,0,1,100,21,84,82,76,2,1,2,1,5,32,32,25,17,34,11,19,17,0,11,11,28,6,30,23,644,0,75,130,1023,0,3,-19,0,0,204
45,6,6,6,6,15,Matt,Darby,0,91,0,38,15,92,0,5,435,1009,435,84,30,0,0,91,1,0,0,57,0,0,83,0,33,6,86,71,23,25,0,8,30,0,0,0,0,0,0,0,226,45,0,0,0,0,0,60,0,0,43,2,0,38,3,25,0,5,16,64,81,8,0,32,0,0,55,16,66,79,74,3,3,3,3,2,23,79,5,20,15,11,5,20,0,18,18,15,5,10,12,266,0,74,40,1023,15,1,-30,0,0,120
45,1,2,1,2,21,Donovin,Darius,981,83,0,136,22,95,0,4,436,17,436,80,25,0,0,88,0,0,0,65,0,0,82,2,30,1015,87,65,22,20,0,0,39,0,0,0,0,0,0,0,205,45,36,0,0,3,0,35,0,0,20,2,4,136,3,76,0,2,25,40,88,2,0,46,0,1,100,16,69,83,80,0,4,0,4,0,24,57,28,42,16,10,14,6,3,18,18,17,0,26,10,981,0,73,65,1023,15,1,-19,0,0,204
45,2,6,2,6,16,James,Darling,1298,99,0,216,23,83,0,7,437,13,437,78,23,0,0,84,0,0,0,62,0,0,85,3,15,1015,89,80,19,36,0,3,36,0,0,0,0,0,0,0,252,45,43,0,0,2,0,0,0,0,57,2,4,216,3,84,0,2,23,58,65,3,0,30,0,1,100,10,81,82,68,3,0,3,0,6,30,60,20,21,38,12,3,24,0,13,13,8,0,20,21,1298,0,73,85,1023,9,2,-19,0,0,204
45,6,6,6,6,10,Don,Davey,0,66,0,0,9,65,0,5,438,1009,438,59,31,0,0,82,2,0,0,27,0,0,54,0,33,16,78,81,30,34,0,3,35,0,0,0,0,0,0,0,258,45,0,0,0,0,0,60,0,0,92,2,0,0,0,25,0,3,14,55,54,9,0,30,0,0,93,11,83,82,87,3,3,3,3,4,32,58,25,25,35,9,20,30,0,12,10,30,4,26,27,0,0,76,113,1023,0,1,-30,0,0,48
45,3,0,3,0,36,Norbert,Davidds,157,73,0,23,23,76,0,7,439,7,439,52,27,0,1,51,1,0,0,29,0,0,50,1,30,1009,79,20,87,81,0,2,28,0,0,0,0,0,0,0,231,45,0,0,0,1,0,18,0,0,64,1,1,23,2,62,0,6,15,49,28,4,0,17,0,1,74,18,90,74,61,2,2,2,2,18,35,37,20,22,24,8,22,20,1,9,9,42,20,38,28,157,0,78,155,1023,0,2,-19,0,0,213
45,6,6,6,6,8,Kenny,Davidson,0,60,0,0,10,65,0,5,440,1009,440,56,31,0,0,91,2,0,0,24,0,0,53,2,33,31,85,80,35,39,0,3,39,0,0,0,0,0,0,0,106,40,0,0,0,0,0,60,0,0,90,1,0,0,0,25,0,2,14,51,51,10,0,36,0,0,62,11,87,73,68,3,3,3,3,5,34,43,25,25,30,8,15,30,0,11,11,25,6,33,28,0,0,77,112,1023,0,3,-30,0,0,44
45,5,5,5,5,13,Anthony,Davis,100,93,0,0,12,78,0,7,441,25,441,73,30,0,0,89,1,0,0,54,0,0,74,2,33,8,84,84,28,29,0,3,31,0,2,0,0,0,0,0,233,45,52,0,0,1,0,60,0,0,56,1,1,0,2,25,0,11,17,48,69,8,0,32,0,0,94,15,74,77,70,2,2,2,2,2,27,62,15,25,20,7,10,30,0,13,13,20,5,21,11,100,0,72,71,1023,0,0,-30,0,0,67
45,5,5,5,5,14,Antone,Davis,0,60,0,123,11,50,0,7,442,1009,442,41,32,0,0,88,2,0,0,13,0,0,40,2,8,13,83,33,84,86,0,3,28,0,2,0,0,0,0,0,211,45,0,0,0,0,0,60,0,0,78,0,0,123,3,0,0,1,16,56,26,9,0,24,0,0,100,13,93,81,90,2,2,2,2,7,36,41,21,25,24,7,16,30,0,9,9,35,17,30,23,627,0,76,165,1023,0,1,-30,0,0,14
45,6,6,6,6,10,Billy,Davis,407,87,0,64,16,87,0,5,443,25,443,84,26,0,0,83,1,0,0,77,0,0,86,0,33,1009,78,33,25,26,0,1,55,0,0,0,0,0,0,0,166,45,3,0,0,2,0,60,0,0,86,2,2,64,3,50,0,15,11,49,81,5,0,66,0,0,75,18,58,73,66,3,3,3,3,2,19,87,5,15,15,9,0,20,0,3,3,20,5,9,5,407,0,73,45,1023,55,0,-30,0,0,136
45,6,6,6,6,16,Dexter,Davis,0,90,0,0,12,89,0,5,444,1009,444,88,29,0,0,80,2,0,0,56,0,0,87,2,33,23,75,55,21,23,0,7,29,0,0,0,0,0,0,0,38,45,0,0,0,0,0,60,0,0,29,2,0,0,0,25,0,4,17,45,83,9,0,29,0,0,72,12,55,71,65,3,3,3,3,3,18,83,5,15,15,10,0,20,0,16,16,20,1,8,10,0,0,70,30,1023,20,3,-30,0,0,101
45,5,5,5,5,14,Don,Davis,100,84,0,0,13,78,0,7,445,6,445,74,26,0,0,90,1,0,0,35,0,0,72,2,33,26,85,78,28,29,0,3,31,0,2,0,0,0,0,0,95,45,0,0,0,2,0,60,0,0,58,2,2,0,0,25,0,15,18,39,70,5,0,33,0,0,17,16,75,70,68,2,2,2,2,2,28,52,15,25,20,7,10,30,0,14,15,20,6,25,13,100,0,73,75,1023,0,0,-30,0,0,124
5,6,6,6,6,17,Eric,Davis,2860,96,0,360,6,91,0,5,446,21,446,88,31,0,0,81,2,0,0,68,0,0,87,1,33,1009,73,58,23,24,0,7,36,0,0,0,0,0,0,0,93,29,19,0,0,2,0,60,0,1,25,1,5,360,3,50,0,2,18,72,85,10,0,32,0,0,82,8,56,88,95,3,3,3,3,0,18,80,5,15,15,12,0,20,0,16,16,20,2,11,0,1560,0,71,25,1023,20,3,-30,0,0,230
45,0,0,0,0,14,Greg,Davis,0,80,0,0,89,50,0,7,447,1009,447,49,33,0,0,60,2,0,0,17,0,0,48,0,33,22,65,23,17,19,0,0,12,0,2,0,0,0,0,0,37,14,63,0,0,0,0,60,0,0,7,1,0,0,1,0,0,9,18,59,47,13,0,17,0,0,74,88,45,86,88,2,2,2,2,2,12,74,5,15,15,10,5,15,0,19,19,15,0,8,6,100,0,72,42,1023,0,0,-30,0,0,327
45,5,5,5,5,9,Isaac,Davis,0,55,0,0,8,45,0,7,448,1009,448,39,27,0,0,89,1,0,0,11,0,0,40,2,33,7,84,34,88,91,0,3,29,0,2,0,0,0,0,0,10,24,0,0,0,0,0,60,0,0,77,0,0,0,0,0,0,2,11,54,24,6,0,14,0,0,99,10,94,81,78,2,2,2,2,43,37,15,35,25,41,13,21,30,0,8,8,25,29,31,24,63,0,75,160,1023,0,1,-30,0,0,32
45,3,3,3,3,13,Nathan,Davis,761,70,0,96,11,65,0,1,449,1014,449,71,23,0,0,75,0,0,0,39,0,0,73,0,25,1015,76,65,39,25,0,3,25,0,0,0,1,0,1,0,86,45,0,3,3,2,0,14,0,0,99,2,4,96,2,98,0,2,25,27,62,3,0,10,0,1,80,27,72,67,62,4,0,4,0,17,26,28,22,19,28,7,23,22,0,10,11,17,16,39,27,761,0,77,168,1023,7,2,-19,0,0,150
45,1,4,1,4,31,Pernell,Davis,0,68,0,0,26,80,0,7,450,1009,450,54,22,0,0,82,0,0,0,24,0,0,62,3,15,1009,78,26,45,43,0,3,12,0,0,0,0,2,0,2,3,45,100,0,0,0,0,48,0,0,90,2,0,0,2,94,0,7,16,25,23,1,0,25,0,1,52,24,98,63,73,0,2,0,2,31,39,27,34,47,43,7,30,22,0,12,12,101,25,38,27,156,0,74,160,1023,5,0,-19,0,0,204
45,6,6,6,6,9,Reuben,Davis,0,58,0,0,9,51,0,5,451,1009,451,49,33,0,0,92,2,0,0,21,0,0,46,2,33,7,82,91,40,41,0,3,34,0,0,0,0,0,0,0,135,40,0,0,0,0,0,60,0,0,93,1,0,0,0,25,0,9,14,67,47,12,0,25,0,0,69,11,88,79,77,3,3,3,3,3,34,40,18,25,32,10,15,30,0,12,12,30,4,25,30,0,0,77,142,1023,0,2,-30,0,0,59
45,5,5,5,5,23,Rob,Davis,554,75,0,91,20,70,0,7,452,20,452,60,30,0,0,75,1,0,0,21,0,0,58,2,33,1009,70,28,75,75,0,3,23,0,2,0,0,0,0,0,189,45,0,0,0,6,0,60,0,0,60,2,7,91,2,0,0,15,25,33,35,5,0,32,0,0,94,22,80,69,75,2,2,2,2,7,30,31,22,25,25,7,20,25,0,5,7,10,4,38,29,554,0,75,124,1023,0,1,-30,0,0,29
45,6,6,6,6,14,Ron,Davis,0,88,0,0,11,87,0,5,453,1009,453,86,27,0,0,84,1,0,0,56,0,0,85,2,33,13,79,59,17,18,0,7,27,0,0,0,0,0,0,0,211,45,0,0,0,0,0,60,0,0,28,1,0,0,0,25,0,2,15,40,83,5,0,27,0,0,97,12,59,70,64,3,3,3,3,2,20,92,5,15,15,10,0,20,0,16,16,20,5,12,10,0,0,70,30,1023,15,3,-30,0,0,247
45,7,2,7,2,19,Russell,Davis,416,89,0,57,27,80,0,7,454,7,454,79,23,0,0,99,0,0,0,32,0,0,75,1,11,1015,72,67,15,34,0,3,25,0,0,0,8,0,8,0,135,45,100,3,0,1,0,29,0,0,98,2,1,57,3,96,0,2,35,59,64,1,0,21,0,1,57,18,74,78,62,4,3,4,3,4,27,34,15,13,21,8,17,23,2,11,11,66,9,23,24,459,1,76,146,1023,5,0,-19,0,0,58
45,5,6,5,6,28,Stephen,Davis,263,96,0,138,26,90,0,6,455,26,455,87,25,0,0,99,1,0,0,72,0,0,86,3,24,1015,90,29,25,25,0,10,90,0,0,0,6,6,6,6,14,21,0,0,0,1,0,19,0,0,48,0,1,138,3,23,0,2,37,68,67,4,0,84,0,1,41,27,75,82,62,0,0,0,0,1,28,69,8,12,46,13,8,30,0,1,1,27,10,25,12,750,1,72,70,1023,0,3,-19,0,0,204
13,6,6,6,6,16,Terrell,Davis,3029,99,0,824,15,97,0,5,456,4,456,91,28,0,0,88,1,0,0,78,0,0,92,2,33,1009,60,36,41,42,0,8,91,0,0,0,0,0,0,0,70,34,86,0,0,4,0,60,0,1,30,2,4,824,3,60,0,6,18,99,68,6,0,99,0,0,100,17,68,97,90,3,3,3,3,5,24,84,5,20,15,13,0,30,0,1,1,25,3,5,8,3029,0,71,47,1023,20,4,-30,0,0,119
45,6,6,6,6,13,Travis,Davis,0,88,0,0,11,88,0,5,457,1009,457,86,26,0,0,90,1,0,0,58,0,0,86,2,33,1009,85,60,18,19,0,7,25,0,0,0,0,0,0,0,152,45,0,0,0,0,0,60,0,0,27,2,0,0,3,25,0,7,13,44,81,5,0,29,0,0,100,12,65,77,76,3,3,3,3,5,22,89,5,15,15,12,0,20,0,18,16,20,2,10,5,138,0,72,43,1023,20,0,-30,0,0,146
45,7,6,7,6,26,Troy,Davis,0,74,0,0,11,82,0,5,458,1009,458,81,23,0,0,61,0,0,5,79,0,0,84,3,5,1015,65,29,38,31,0,10,71,0,0,0,0,7,0,7,90,14,57,0,0,0,3,54,0,0,28,2,0,0,2,52,0,4,40,57,69,3,0,92,0,1,10,38,60,76,70,0,4,0,4,0,20,93,28,26,69,8,11,26,0,1,1,35,2,12,10,363,0,67,31,1023,29,2,-19,0,0,204
45,5,5,5,5,17,Tyrone,Davis,353,91,0,51,15,84,0,7,459,20,459,78,27,0,0,84,1,0,0,72,0,0,75,2,33,1009,79,29,53,55,0,8,63,0,2,0,0,0,0,0,240,45,0,0,0,2,0,60,0,0,81,1,3,51,2,0,0,4,18,34,66,5,0,63,0,0,97,16,69,74,59,2,2,2,2,5,24,63,15,25,20,8,5,30,0,4,4,30,9,31,12,353,0,76,80,1023,25,1,-30,0,0,99
45,6,6,6,6,17,Willie,Davis,0,92,0,123,16,90,0,5,460,1009,460,89,31,0,0,78,1,0,0,78,0,0,88,2,33,31,73,22,22,23,0,1,59,0,0,0,0,0,0,0,265,45,2,0,0,0,0,60,0,0,86,2,0,123,3,50,0,15,18,54,88,9,0,69,0,0,78,18,53,80,79,3,3,3,3,1,16,83,5,15,15,7,0,20,0,3,3,20,4,4,9,744,0,72,21,1023,55,0,-30,0,0,134
45,2,2,2,2,21,Brian,Dawkins,1725,99,0,141,24,91,0,4,461,13,461,87,26,0,0,99,1,0,0,59,0,0,91,2,7,1015,99,94,23,24,0,10,42,0,0,0,0,8,0,8,38,31,49,0,2,1,0,50,0,0,20,1,4,141,3,63,0,3,2,74,89,4,0,45,0,1,100,24,65,89,74,0,0,0,0,1,22,79,8,11,31,12,8,11,2,17,17,26,3,10,6,705,0,72,50,1023,0,3,-19,0,0,204
45,6,6,6,6,16,Sean,Dawkins,585,87,0,96,15,88,0,5,462,28,462,84,28,0,0,84,1,0,0,82,0,0,86,1,16,1009,79,22,27,28,0,1,59,0,0,0,0,0,0,0,28,4,8,0,0,2,0,60,0,0,81,0,2,96,3,70,0,1,18,56,81,7,0,69,0,0,100,16,59,80,83,3,3,3,3,3,20,73,5,15,15,11,0,20,0,3,3,20,5,5,8,585,0,76,51,1023,35,0,-30,0,0,233
45,6,6,6,6,15,Lawrence,Dawsey,0,90,0,0,15,88,0,5,463,1009,463,87,31,0,0,81,1,0,0,79,0,0,86,2,33,5,76,22,25,26,0,1,61,0,0,0,0,0,0,0,64,45,0,0,0,0,0,60,0,0,81,2,0,0,3,50,0,3,16,53,80,9,0,71,0,0,59,16,56,76,70,3,3,3,3,2,18,70,5,15,15,10,0,20,0,3,3,20,2,10,8,200,0,72,32,1023,20,2,-30,0,0,290
13,5,5,5,5,21,Dermonti,Dawson,1912,90,0,372,18,72,0,7,464,29,464,54,33,0,0,88,2,0,0,20,0,0,59,1,33,1015,80,29,99,96,0,3,24,0,2,0,0,0,0,0,98,26,90,0,0,2,0,60,0,0,63,1,4,372,3,0,0,2,23,78,33,12,0,31,0,0,100,20,92,99,99,2,2,2,2,8,36,39,18,25,26,8,25,25,0,7,7,10,25,37,29,1304,0,74,128,1023,0,11,-30,0,0,369
45,6,6,6,6,15,Lake,Dawson,0,90,0,0,15,87,0,5,465,1009,465,87,27,0,0,81,1,0,0,78,0,0,85,2,33,8,76,22,25,26,0,1,58,0,0,0,0,0,0,0,152,45,0,0,0,0,0,60,0,0,80,2,0,0,3,50,0,3,16,50,88,6,0,72,0,0,99,16,56,80,85,3,3,3,3,0,18,83,5,15,15,8,0,20,0,3,3,20,2,11,8,120,0,73,45,1023,20,1,-30,0,0,143
45,0,0,0,0,14,Phil,Dawson,662,84,0,36,85,65,0,7,466,5,466,61,24,0,0,34,0,0,0,22,0,0,64,0,33,1009,90,45,13,22,0,0,13,0,2,0,0,0,0,0,214,45,0,3,3,7,0,84,0,0,4,0,7,36,3,70,0,8,10,57,53,2,0,24,0,1,90,94,25,83,68,0,0,0,0,5,2,74,7,8,17,12,9,3,0,19,19,7,2,5,5,258,0,71,35,1023,8,0,-19,0,0,150
45,3,7,3,7,0,Terry,Day,0,77,0,0,22,81,0,5,467,1009,467,60,23,0,0,84,0,0,0,36,0,0,61,3,4,1015,82,74,32,12,0,3,23,0,0,0,0,0,0,0,121,45,0,0,2,0,0,55,0,0,127,2,0,0,0,84,0,6,35,0,69,3,0,32,0,1,100,12,74,73,63,0,4,0,4,7,27,49,19,20,28,12,24,28,0,10,10,107,8,33,25,0,1,76,130,1023,5,1,-19,0,0,204
45,5,7,5,7,27,James,Dearth,0,93,0,0,29,70,0,7,468,1009,468,70,21,0,1,82,0,0,0,89,0,0,67,1,6,1009,87,23,58,42,0,1,60,0,0,0,8,9,8,9,265,45,100,0,0,0,0,41,0,0,83,1,0,0,3,3,0,7,22,61,62,1,0,62,0,1,80,17,78,78,76,1,4,1,4,6,29,52,51,25,27,11,21,1,2,4,4,78,9,23,25,660,0,76,110,1023,3,0,-19,0,0,58
45,5,5,5,5,22,Derrick,Deese,2169,86,0,584,19,65,0,7,469,15,469,50,28,0,0,84,1,0,0,21,0,0,48,1,33,1009,79,28,92,96,0,3,23,0,2,0,0,0,0,0,231,26,78,0,0,3,0,60,0,0,63,0,4,584,3,0,0,15,24,72,34,6,0,32,0,0,99,21,89,92,90,2,2,2,2,10,34,37,24,25,28,11,21,30,0,8,6,25,10,23,24,2169,0,75,129,1023,0,7,-30,0,0,499
14,0,0,0,0,14,Al,Del Greco,240,78,0,51,96,50,0,7,470,30,470,48,37,0,0,60,2,0,0,17,0,0,47,0,33,1009,63,21,21,22,0,0,11,0,2,0,0,0,0,0,14,1,69,0,0,2,0,60,0,0,3,1,2,51,3,0,0,15,18,65,46,16,0,16,0,0,100,85,46,94,97,2,2,2,2,3,13,70,5,15,15,11,5,15,0,19,19,15,5,10,8,327,0,70,40,1023,0,4,-30,0,0,72
45,0,0,0,0,94,Jake,Delhomme,1861,89,0,291,22,89,0,7,471,27,471,81,25,0,0,78,0,0,0,25,0,0,83,0,31,1009,80,21,12,27,0,1,46,0,2,0,0,0,0,0,228,45,0,2,2,4,0,33,0,0,12,1,4,291,3,76,0,6,91,82,41,3,0,56,6,1,58,11,59,86,63,1,0,1,0,3,20,60,2,27,38,13,18,13,0,0,0,37,5,39,20,1269,1,78,83,1023,0,0,-19,0,0,150
45,5,5,5,5,15,Jeff,Dellenbach,400,62,0,200,12,52,0,7,472,1014,472,46,36,0,0,85,2,0,0,14,0,0,45,0,33,19,68,32,87,85,0,3,27,0,2,0,0,0,0,0,258,45,0,0,0,1,0,60,0,0,66,1,1,200,0,0,0,4,17,41,27,15,0,25,0,0,100,14,86,80,86,2,2,2,2,10,33,46,25,25,26,7,23,25,0,8,7,10,10,22,25,400,0,78,130,1023,0,0,-30,0,0,142
45,6,6,6,6,11,Greg,DeLong,200,87,0,100,17,84,0,5,473,17,473,74,26,0,0,81,1,0,0,69,0,0,75,0,63,4,76,32,58,53,0,1,55,0,0,0,0,0,0,0,135,45,0,0,0,1,0,60,0,0,83,2,1,100,0,0,0,15,13,70,63,5,0,53,0,0,100,18,78,77,78,3,3,3,3,3,29,52,5,15,15,12,0,20,0,4,3,20,7,44,23,200,0,76,90,1023,55,0,-30,0,0,168
45,5,5,5,5,13,Brian,DeMarco,0,67,0,0,10,55,0,7,474,1014,474,41,27,0,0,87,1,0,0,12,0,0,42,0,33,1009,82,31,86,89,0,3,26,0,2,0,0,0,0,0,118,45,91,0,0,0,0,60,0,0,73,0,0,0,3,0,0,2,15,65,25,5,0,23,0,0,98,12,92,87,99,2,2,2,2,18,36,27,24,25,28,11,16,30,0,8,8,35,24,25,22,978,0,79,163,1023,0,0,-30,0,0,142
45,5,5,5,5,16,Mark,Dennis,0,56,0,66,13,46,0,7,475,1009,475,43,34,0,0,84,2,0,0,15,0,0,43,0,33,20,73,29,84,84,0,3,24,0,2,0,0,0,0,0,84,45,0,0,0,0,0,60,0,0,62,2,0,66,3,0,0,8,18,51,28,13,0,26,0,0,82,15,87,74,75,2,2,2,2,3,34,48,22,25,32,11,23,30,0,9,9,35,6,43,26,432,0,78,140,1023,0,2,-30,0,0,305
45,0,0,0,0,51,Autry,Denson,58,86,0,7,36,66,0,5,476,12,476,72,22,0,0,91,0,0,0,73,0,0,74,3,30,1015,94,39,47,39,0,1,81,0,1,0,0,0,0,0,152,45,100,0,0,1,2,37,0,0,21,2,1,7,2,64,0,6,54,33,61,1,0,79,0,1,82,14,75,68,63,2,2,2,2,1,28,77,28,22,10,11,7,6,0,1,1,30,2,5,8,58,0,70,43,1023,0,0,-19,0,0,204
45,0,3,0,3,34,Damon,Denson,0,88,0,0,22,73,0,7,477,1009,477,60,24,0,0,76,0,0,0,25,0,0,56,0,9,1015,92,10,85,78,0,3,17,0,0,0,0,0,0,0,117,45,61,0,0,0,0,25,0,0,61,1,0,0,3,67,0,4,5,60,37,3,0,31,0,1,100,16,93,83,81,0,0,0,0,10,36,45,22,23,32,8,18,28,0,7,8,90,4,24,26,256,0,76,145,1023,5,2,-19,0,0,150
45,5,5,5,5,12,Dan,Dercher,100,55,0,0,9,45,0,7,478,15,478,39,23,0,0,85,1,0,0,11,0,0,40,0,63,4,80,30,85,85,0,3,25,0,2,0,0,0,0,0,95,45,0,0,0,2,0,60,0,0,79,2,2,0,0,0,0,15,14,52,24,1,0,22,0,0,100,11,90,68,53,2,2,2,2,4,35,41,20,25,29,12,16,30,0,9,9,35,8,24,27,100,0,77,133,1023,0,0,-30,0,0,258
45,0,0,0,0,81,Koy,Detmer,776,92,0,125,26,79,0,7,479,13,479,67,27,0,0,98,1,0,0,23,0,0,79,0,19,1009,77,24,28,13,0,0,55,0,0,0,0,8,0,8,41,45,0,0,0,3,0,59,0,0,10,1,5,125,3,64,0,4,90,55,52,3,0,53,0,1,69,14,52,76,64,2,2,2,2,2,16,81,36,12,45,12,5,7,0,0,0,53,4,7,11,776,0,73,35,1023,0,2,-19,0,0,150
45,0,0,0,0,81,Ty,Detmer,314,86,0,0,11,78,0,7,480,5,480,71,31,0,0,73,1,0,0,16,0,0,75,0,33,14,78,15,15,18,0,1,52,0,2,0,0,0,0,0,26,45,0,0,0,1,0,60,0,0,11,1,1,0,3,30,0,9,87,73,54,8,0,57,0,0,87,14,53,83,81,2,2,2,2,1,16,79,5,10,15,10,0,20,0,0,0,20,5,6,4,314,0,72,29,1023,0,0,-30,0,0,30
45,6,6,6,6,12,Kevin,Devine,0,90,0,0,8,89,0,5,481,1009,481,88,25,0,0,78,0,0,0,53,0,0,87,2,33,16,73,55,21,23,0,7,20,0,0,0,0,0,0,0,28,45,0,0,0,0,0,60,0,0,27,2,0,0,0,0,0,7,12,69,84,3,0,25,0,0,96,11,53,77,76,3,3,3,3,1,16,97,5,15,15,13,0,20,0,17,16,20,0,1,2,100,0,69,19,1023,20,0,-30,0,0,245
45,5,5,5,5,16,Mike,Devlin,524,65,0,92,12,60,0,7,482,1014,482,45,29,0,0,83,1,0,0,14,0,0,46,0,33,1009,78,32,82,88,0,3,27,0,2,0,0,0,0,0,89,45,66,0,0,1,0,60,0,0,62,0,4,92,3,0,0,5,18,55,27,7,0,25,0,0,92,14,88,80,80,2,2,2,2,48,34,28,28,25,39,8,32,25,0,6,7,10,44,35,24,524,0,74,143,1023,0,3,-30,0,0,62
45,3,5,3,5,14,Jared,DeVries,561,72,0,68,23,83,0,7,483,19,483,64,21,0,0,88,0,0,1,12,0,0,86,0,18,1015,70,79,34,27,0,3,22,2,0,0,8,0,8,0,89,45,100,0,0,2,0,4,0,0,95,2,2,68,3,83,0,3,11,55,69,1,0,24,0,1,97,12,62,79,72,1,4,1,4,6,21,42,5,22,30,7,36,20,2,10,10,67,6,23,28,561,0,76,115,1023,0,0,-19,0,0,150
45,3,3,3,3,17,James,Dexter,419,70,0,36,12,75,0,0,484,21,484,55,26,0,0,45,1,0,0,21,0,0,56,2,4,1009,59,26,83,77,0,2,35,0,0,0,0,0,0,0,176,14,0,0,0,1,0,1,0,0,64,1,3,36,2,87,0,7,29,41,23,4,0,12,0,1,64,15,93,76,63,2,2,2,2,9,36,36,16,22,26,10,19,20,0,8,9,49,20,32,26,254,0,79,159,1023,0,2,-19,0,0,206
45,5,5,5,5,15,Jorge,Diaz,436,91,0,237,14,70,0,7,485,11,485,66,26,0,0,85,1,0,0,37,0,0,77,2,63,1015,80,43,79,91,0,3,28,0,2,0,0,0,0,0,38,24,71,0,0,1,0,60,0,0,64,0,1,237,3,25,0,15,19,70,72,5,0,35,0,0,100,17,84,86,80,2,2,2,2,3,32,39,17,25,34,11,23,30,0,8,15,20,8,29,28,1188,0,76,148,1023,0,4,-30,0,0,257
45,5,5,5,5,12,David,Diaz-Infante,0,58,0,0,9,53,0,7,486,1009,486,41,35,0,0,84,2,0,0,12,0,0,42,1,33,3,76,28,81,83,0,3,23,0,2,0,0,0,0,0,185,45,0,0,0,0,0,60,0,0,63,0,0,0,3,0,0,15,14,35,25,6,0,23,0,0,100,11,88,75,80,2,2,2,2,9,34,49,18,25,32,8,22,30,0,6,6,25,7,37,24,200,0,75,131,1023,0,0,-30,0,0,28
17,0,0,0,0,90,Trent,Dilfer,540,90,0,348,7,65,0,7,487,25,487,62,27,0,0,81,1,0,0,18,0,0,62,0,6,1015,86,18,23,27,0,1,58,0,2,0,0,0,0,0,66,12,69,0,0,1,0,60,0,0,8,2,1,348,3,50,0,1,89,87,49,6,0,64,0,0,100,10,61,90,89,2,2,2,2,2,20,77,5,10,15,9,0,20,0,0,0,20,7,34,11,1473,0,76,66,1023,0,5,-30,0,0,91
45,5,5,5,5,16,Ken,Dilger,964,84,0,174,14,80,0,7,488,10,488,75,28,0,0,90,1,0,0,79,0,0,74,0,33,1015,85,32,59,62,0,8,68,0,2,0,0,0,0,0,84,45,70,0,0,3,0,60,0,0,85,2,3,174,3,50,0,2,17,67,78,5,0,66,0,0,96,15,75,89,82,2,2,2,2,5,28,62,15,25,20,10,5,30,0,4,4,30,7,22,23,876,0,77,92,1023,15,4,-30,0,0,34
45,5,5,5,5,15,Scott,Dill,0,60,0,0,12,48,0,7,489,1009,489,42,33,0,0,83,2,0,0,14,0,0,42,0,33,30,75,28,82,85,0,3,23,0,2,0,0,0,0,0,114,45,0,0,0,0,0,60,0,0,76,0,0,0,0,0,0,9,17,43,27,12,0,25,0,0,29,14,87,75,78,2,2,2,2,7,34,30,22,25,26,10,19,30,0,8,9,35,4,39,22,87,0,77,132,1023,0,1,-30,0,0,163
45,6,6,6,6,9,Stacey,Dillard,0,65,0,0,9,60,0,5,490,1009,490,53,30,0,0,87,1,0,0,25,0,0,49,2,33,15,83,81,31,32,0,3,38,0,0,0,0,0,0,0,157,40,0,0,0,0,0,60,0,0,71,1,0,0,2,25,0,6,16,48,51,8,0,29,0,0,35,13,89,71,56,3,3,3,3,5,34,34,22,25,32,10,24,30,0,12,12,30,5,32,22,0,0,77,130,1023,0,2,-30,0,0,338
14,0,7,0,7,28,Corey,Dillon,6116,92,0,327,33,95,0,5,491,2,491,94,24,0,0,75,0,0,0,79,0,0,92,2,13,1015,41,11,40,37,0,7,88,0,0,0,0,2,0,2,252,23,88,0,2,3,0,0,0,0,28,2,5,327,3,79,0,2,32,92,72,3,0,96,2,1,94,14,84,96,85,3,0,3,0,4,32,55,5,39,51,9,9,15,0,1,1,30,2,35,13,1545,0,73,65,1023,17,2,-19,0,0,204
45,6,6,6,6,17,Charles,Dimry,200,85,0,0,18,82,0,5,492,1014,492,81,33,0,0,83,2,0,0,59,0,0,81,2,33,12,69,60,22,26,0,7,26,0,0,0,0,0,0,0,230,45,26,0,0,1,0,60,0,0,27,1,2,0,0,25,0,5,19,48,77,12,0,26,0,0,31,19,58,73,79,3,3,3,3,4,19,89,5,15,15,9,0,20,0,16,16,20,2,3,6,200,0,72,16,1023,20,1,-30,0,0,229
45,2,4,2,4,29,Gennaro,DiNapoli,227,70,0,38,27,73,0,7,493,30,493,53,22,0,0,95,0,0,0,15,0,0,50,0,13,1015,86,13,86,76,0,3,29,0,2,0,0,6,0,6,241,45,0,0,0,2,0,0,0,0,64,1,2,38,2,64,0,5,17,40,13,2,0,13,9,1,52,11,94,74,59,2,0,2,0,10,37,43,22,23,33,7,22,16,0,8,8,77,7,35,25,227,0,75,127,1023,1,1,-19,0,0,150
45,6,3,6,3,21,Adrian,Dingle,517,71,0,66,23,62,0,4,494,8,494,71,22,0,0,89,0,0,0,27,0,0,68,0,9,1015,65,83,31,27,0,3,38,0,2,0,0,0,0,0,38,45,100,2,2,2,2,42,0,0,90,0,2,66,3,76,0,3,13,59,68,1,0,30,0,1,50,14,66,75,75,1,0,1,0,7,23,30,24,14,35,8,24,8,2,11,11,53,9,28,24,517,0,75,136,1023,9,0,-19,0,0,150
45,5,6,5,6,25,Antonio,Dingle,0,71,0,0,19,73,0,7,495,1009,495,58,22,0,1,80,0,2,0,15,0,0,61,3,31,1009,72,76,12,32,0,3,22,0,0,0,3,0,3,0,240,45,100,0,0,0,0,26,0,0,74,0,0,0,2,70,0,7,18,39,52,1,0,22,0,1,62,24,72,66,60,0,0,0,0,28,26,31,34,59,44,8,26,20,0,12,12,64,31,31,23,99,0,73,155,1023,9,0,-19,0,0,204
45,3,2,3,2,11,Chris,Dishman,413,72,0,63,34,61,0,5,496,7,496,60,24,0,0,72,0,0,0,24,0,0,56,3,10,1015,83,28,74,82,0,3,21,0,0,0,0,2,0,2,142,45,0,3,1,1,2,42,0,0,67,0,3,63,3,75,0,4,33,52,16,3,0,20,0,1,85,35,93,78,76,0,2,0,2,57,36,10,32,7,55,10,41,30,0,7,6,70,46,48,27,345,0,75,215,1023,1,2,-19,0,0,204
42,6,6,6,6,17,Cris,Dishman,485,94,0,101,18,83,0,5,497,31,497,80,34,0,0,85,2,0,0,78,0,0,82,2,33,1009,71,63,22,27,0,7,28,0,0,0,0,0,0,0,169,29,49,0,0,1,0,60,0,0,25,1,1,101,3,50,0,5,19,64,83,12,0,28,0,0,100,19,60,87,99,3,3,3,3,2,20,72,5,15,15,7,0,20,0,16,16,20,4,7,7,485,0,72,35,1023,20,0,-30,0,0,20
45,5,5,5,5,8,David,Dixon,330,50,0,40,5,55,0,7,498,31,498,39,30,0,0,86,1,0,0,8,0,0,38,1,33,1009,81,30,81,84,0,3,25,0,2,0,0,0,0,0,9,45,0,0,0,2,0,60,0,0,71,0,5,40,2,0,0,9,10,39,21,6,0,19,0,0,67,7,91,75,78,2,2,2,2,48,36,13,30,25,30,12,20,30,0,8,8,25,31,40,27,330,0,77,183,1023,0,5,-30,0,0,215
45,5,5,5,5,10,Gerald,Dixon,400,79,0,0,9,75,0,7,499,8,499,70,29,0,0,92,1,0,0,31,0,0,71,2,33,1,87,79,32,33,0,3,35,0,2,0,0,0,0,0,176,45,0,0,0,3,0,60,0,0,51,2,4,0,0,25,0,3,15,39,66,8,0,29,0,0,31,13,77,72,74,2,2,2,2,4,28,61,15,25,20,9,10,30,0,15,15,20,2,39,22,400,0,75,90,1023,0,1,-30,0,0,92
45,5,5,5,5,12,Mark,Dixon,330,50,0,0,9,50,0,7,500,12,500,40,28,0,0,86,1,0,0,11,0,0,39,0,33,1009,81,30,80,83,0,3,25,0,2,0,0,0,0,0,240,45,0,0,0,3,0,60,0,0,63,0,5,0,2,0,0,15,14,32,24,6,0,22,0,0,72,11,91,69,63,2,2,2,2,5,36,29,22,25,22,13,20,30,0,6,6,25,8,43,24,330,0,76,134,1023,0,2,-30,0,0,109
45,5,5,5,5,15,Randy,Dixon,0,65,0,0,12,51,0,7,501,1009,501,42,34,0,0,86,2,0,0,14,0,0,40,0,33,9,75,30,86,85,0,3,25,0,2,0,0,0,0,0,166,45,0,0,0,0,0,60,0,0,69,1,0,0,0,0,0,4,17,52,27,13,0,25,0,0,100,14,89,79,86,2,2,2,2,31,34,34,28,25,30,10,25,30,0,6,8,25,36,34,26,0,0,75,145,1023,0,2,-30,0,0,57
45,6,6,6,6,11,Ronnie,Dixon,0,59,0,0,11,55,0,5,502,1009,502,48,27,0,0,88,1,0,0,18,0,0,46,2,33,8,84,82,35,36,0,3,31,0,0,0,0,0,0,0,36,40,0,0,0,0,0,60,0,0,90,1,0,0,2,25,0,6,15,33,44,7,0,22,0,0,97,12,90,78,81,3,3,3,3,25,35,16,33,25,33,12,25,30,0,12,12,30,21,41,23,100,0,75,141,1023,0,0,-30,0,0,79
3,6,6,6,6,16,Dedrick,Dodge,0,98,0,0,8,91,0,5,503,1009,503,89,31,0,0,81,2,0,0,60,0,0,90,2,33,7,76,62,24,26,0,7,25,0,0,0,0,0,0,0,64,45,24,0,0,0,0,60,0,1,33,0,0,0,3,25,0,15,17,73,81,9,0,56,0,0,69,10,56,91,97,3,3,3,3,3,18,93,5,15,15,11,0,20,0,17,16,20,0,7,9,50,0,74,24,1023,20,0,-30,0,0,114
45,4,0,4,0,26,Chris,Doering,100,88,0,0,20,84,0,7,504,4,504,96,26,0,0,77,0,0,0,72,0,0,90,0,10,6,81,22,21,21,0,1,43,0,2,0,1,9,1,9,62,36,31,2,2,1,0,42,0,0,85,2,1,0,2,4,0,6,14,38,94,3,0,65,10,1,84,22,53,75,65,3,4,3,4,0,16,83,5,25,18,7,9,13,0,3,3,31,5,6,9,100,0,76,42,1023,40,0,-19,0,0,150
45,2,3,2,3,5,Kevin,Dogins,100,78,0,0,18,78,0,0,505,6,505,58,23,0,0,95,1,0,0,25,0,0,60,2,63,1015,89,27,80,82,0,3,28,6,0,0,2,0,2,0,206,45,0,0,0,1,0,1,0,0,65,0,2,0,0,87,0,15,26,53,28,4,0,22,0,1,94,25,90,78,65,0,2,0,2,3,35,49,18,42,34,10,19,23,0,6,9,72,20,44,23,100,0,73,135,1023,1,0,-19,0,0,204
6,6,6,6,6,11,Chris,Doleman,452,60,0,100,11,67,0,5,506,1014,506,65,37,0,0,89,2,0,0,42,0,0,66,2,4,1009,71,99,34,38,0,3,39,0,0,0,0,0,0,0,166,45,36,0,0,1,0,60,0,0,56,2,1,100,3,60,0,1,16,78,69,15,0,34,0,0,93,12,71,89,96,3,3,3,3,7,26,39,19,25,30,12,24,30,0,11,11,25,9,44,22,452,0,77,125,1023,0,0,1,0,0,116
45,5,5,5,5,19,Jim,Dombrowski,0,59,0,28,16,49,0,7,507,1009,507,46,35,0,0,86,2,0,0,18,0,0,47,0,6,26,72,31,81,84,0,3,26,0,2,0,0,0,0,0,240,45,0,0,0,0,0,60,0,0,72,0,0,28,3,0,0,1,21,57,30,14,0,28,0,0,33,18,88,76,80,2,2,2,2,6,34,30,21,25,22,10,24,30,0,6,6,25,5,24,29,128,0,77,140,1023,0,2,-30,0,0,109
5,5,5,5,5,16,Kevin,Donnalley,1624,75,0,330,13,60,0,7,508,12,508,44,30,0,0,86,2,0,0,16,0,0,52,0,33,1009,81,31,93,94,0,3,26,0,2,0,0,0,0,0,135,26,46,0,0,2,0,60,0,0,65,0,3,330,3,0,0,3,18,61,27,9,0,26,0,0,86,15,91,90,89,2,2,2,2,4,36,29,20,25,35,11,17,30,0,8,8,25,5,29,30,1624,0,77,150,1023,0,1,1,0,0,8
45,3,0,3,0,28,Anthony,Dorsett,228,99,0,30,15,92,0,7,509,23,509,89,26,0,0,81,1,0,0,54,0,0,86,2,15,1015,92,65,12,13,0,10,25,0,0,0,0,8,0,8,166,45,53,4,4,1,0,33,1,0,33,2,2,30,2,97,0,6,27,41,83,4,0,45,0,1,78,27,64,75,63,0,0,0,0,4,22,88,8,11,30,10,9,12,0,17,17,27,3,8,12,228,0,71,45,1023,3,3,-19,0,0,204
45,6,6,6,6,15,Matthew,Dorsett,0,88,0,0,15,88,0,5,510,1009,510,87,25,0,0,81,1,0,0,56,0,0,88,2,33,19,76,56,21,23,0,7,20,0,0,0,0,0,0,0,193,45,0,0,0,0,0,60,0,0,23,1,0,0,0,25,0,15,16,32,81,5,0,25,0,0,99,16,56,81,91,3,3,3,3,5,18,83,5,15,15,12,0,20,0,16,16,20,1,7,7,45,0,71,27,1023,20,1,-30,0,0,134
13,5,5,5,5,15,Earl,Dotson,4116,60,0,1140,12,60,0,7,511,20,511,42,28,0,0,87,1,0,0,14,0,0,46,2,33,1015,82,32,99,95,0,3,27,0,2,0,0,0,0,0,206,26,64,0,0,4,0,60,0,0,72,1,6,1140,3,0,0,3,17,83,27,7,0,25,0,0,100,14,92,91,86,2,2,2,2,16,36,37,21,25,25,12,22,30,0,9,9,35,15,40,28,4116,0,76,155,1023,0,6,-30,0,0,82
3,6,6,6,6,8,Santana,Dotson,3014,69,0,550,8,70,0,5,512,20,512,55,29,0,0,89,1,0,0,27,0,0,66,2,33,1009,85,80,37,38,0,3,40,0,0,0,0,0,0,0,17,40,46,0,0,2,0,60,0,1,71,2,5,550,3,50,0,5,14,69,55,8,0,31,0,0,100,11,91,89,92,3,3,3,3,7,36,43,21,25,26,12,21,30,0,12,12,30,6,44,27,3014,0,77,125,1023,0,3,-30,0,0,349
45,4,4,4,4,16,Dameane,Douglas,356,82,0,59,14,85,0,7,513,13,513,89,21,0,0,79,0,0,0,83,0,0,91,3,29,1015,89,25,18,30,0,1,46,0,0,0,0,2,0,2,28,45,100,5,5,1,0,42,0,0,82,2,1,59,2,87,0,2,22,42,94,1,0,68,0,1,50,13,55,74,44,0,1,0,1,3,18,82,2,16,14,12,12,0,2,3,3,36,1,12,11,356,0,72,35,1023,21,0,-19,0,0,204
45,6,6,6,6,15,Hugh,Douglas,1738,75,0,192,10,85,0,5,514,13,514,69,27,0,0,85,1,0,0,36,0,0,73,2,16,1009,79,78,30,34,0,3,34,0,0,0,0,0,0,0,34,45,37,0,0,4,0,60,0,0,53,2,5,192,3,60,0,1,18,73,63,5,0,31,0,0,99,15,80,86,75,3,3,3,3,6,30,31,17,25,33,12,15,30,0,11,11,25,30,35,27,948,0,74,121,1023,0,1,-30,0,0,113
45,7,4,7,4,21,Marques,Douglas,556,78,0,70,16,78,0,0,515,27,515,63,22,0,0,77,0,0,0,30,0,0,63,3,4,1009,75,74,16,17,0,12,20,0,0,0,0,0,0,0,81,45,100,0,0,5,4,16,0,0,95,0,5,70,2,96,0,5,21,37,68,1,0,13,0,1,63,26,63,60,64,0,1,0,1,7,22,45,21,10,29,10,21,19,0,14,11,41,24,45,29,556,0,74,132,1023,4,0,-19,0,0,204
45,4,5,4,5,34,Chris,Draft,304,80,0,50,25,97,0,7,516,14,516,80,24,0,0,83,0,0,0,47,0,0,75,3,5,1015,98,84,25,33,0,12,32,0,0,0,8,0,8,0,200,45,36,0,0,1,3,7,0,0,54,0,2,50,3,77,0,5,31,49,63,2,0,27,0,1,29,5,72,74,63,4,1,4,1,0,26,52,49,15,4,9,9,6,0,14,15,88,3,26,11,304,0,71,76,1023,3,1,-19,0,0,204
45,6,6,6,6,9,Jerry,Drake,0,60,0,0,9,55,0,5,517,1009,517,49,30,0,0,86,1,0,0,21,0,0,45,2,63,4,82,79,28,29,0,3,34,0,0,0,0,0,0,0,268,45,0,0,0,0,0,60,0,0,76,2,0,0,0,0,0,15,14,52,47,5,0,25,0,0,100,11,87,67,58,3,3,3,3,9,34,37,21,25,24,12,23,30,0,12,12,30,5,29,28,50,0,77,150,1023,0,0,-30,0,0,118
2,6,6,6,6,16,Tyronne,Drakeford,1085,99,0,244,8,93,0,5,518,26,518,89,27,0,0,81,1,0,0,62,0,0,90,2,33,1009,76,70,23,26,0,7,28,0,0,0,0,0,0,0,241,29,47,0,0,1,0,60,0,0,26,1,2,244,3,25,0,2,17,92,84,6,0,27,0,0,57,10,62,84,82,3,3,3,3,4,21,87,5,15,15,9,0,20,0,16,16,20,1,9,8,1085,0,71,25,1023,20,1,-30,0,0,119
45,5,5,5,5,16,Troy,Drayton,906,87,0,108,14,75,0,7,519,9,519,72,28,0,0,91,1,0,0,83,0,0,78,2,33,1009,86,31,60,62,0,8,66,0,2,0,0,0,0,0,164,45,70,0,0,1,0,60,0,0,87,2,4,108,3,65,0,2,17,68,77,7,0,65,0,0,82,15,76,91,83,2,2,2,2,4,28,42,15,25,20,13,5,30,0,4,4,30,6,30,22,618,0,75,100,1023,15,3,-30,0,0,47
45,4,6,4,6,12,Donald,Driver,2379,91,0,399,27,90,0,9,520,20,520,93,22,1,0,71,0,0,0,84,0,0,88,3,25,1015,40,24,28,59,0,0,64,0,2,0,9,9,9,9,6,45,100,1,1,7,0,48,0,0,80,2,7,399,3,93,0,7,12,68,92,1,0,44,0,1,100,26,66,84,72,0,4,0,4,3,23,89,35,13,23,10,4,20,3,3,3,33,3,6,5,2379,0,72,34,1023,17,0,-19,0,0,204
45,6,6,6,6,10,Shane,Dronett,2058,73,0,400,10,65,0,5,521,14,521,58,28,0,0,87,1,0,0,30,0,0,55,0,33,1009,83,82,31,32,0,3,43,0,0,0,0,0,0,0,214,40,38,0,0,3,0,60,0,0,75,2,5,400,3,25,0,2,16,67,55,8,0,34,0,0,91,13,89,83,81,3,3,3,3,4,34,40,16,25,25,9,25,30,0,12,12,30,10,39,29,2058,0,78,140,1023,0,2,-30,0,0,167
18,0,0,0,0,74,Jim,Druckenmiller,0,97,0,175,22,75,0,7,522,1009,522,73,28,0,0,81,1,0,0,27,0,0,74,0,31,14,89,22,26,13,0,1,36,0,4,0,0,0,0,0,241,12,0,0,0,0,0,23,0,0,14,1,0,175,2,72,0,1,93,48,55,3,0,44,5,1,100,34,56,77,72,2,1,2,0,2,18,55,14,15,23,12,7,0,0,0,0,2,3,18,12,1128,0,77,74,1023,1,0,-19,0,0,150
45,6,6,6,6,9,Texans,DT #94,400,60,0,0,9,55,0,5,523,32,523,49,28,0,0,86,1,0,0,21,0,0,45,2,33,29,82,79,28,29,0,3,34,0,0,0,0,0,0,0,265,45,0,0,0,3,0,60,0,0,94,2,4,0,0,0,0,15,14,52,47,6,0,25,0,0,0,11,87,67,58,3,3,3,3,5,34,34,15,25,27,10,20,30,0,12,12,30,8,41,28,400,0,76,127,1023,0,1,-30,0,0,118
45,6,6,6,6,12,Texans,DT #95,400,64,0,0,12,60,0,5,524,32,524,50,29,0,0,89,1,0,0,22,0,0,46,0,33,29,85,77,37,38,0,3,35,0,0,0,0,0,0,0,265,40,0,0,0,3,0,60,0,0,95,2,4,0,0,0,0,15,15,57,48,6,0,26,0,0,0,12,91,69,55,3,3,3,3,8,36,36,19,25,32,9,23,30,0,12,12,30,4,45,30,400,0,77,143,1023,0,1,-30,0,0,361
45,6,6,6,6,8,Texans,DT #96,400,53,0,0,8,45,0,5,525,32,525,41,28,0,0,91,1,0,0,13,0,0,40,0,33,29,87,80,38,39,0,3,26,0,0,0,0,0,0,0,265,40,0,0,0,3,0,60,0,0,96,1,4,0,0,0,0,15,13,57,39,6,0,17,0,0,0,10,93,69,66,3,3,3,3,45,36,26,21,25,38,13,34,30,0,12,12,30,29,37,28,400,0,75,160,1023,0,1,-30,0,0,362
45,6,6,6,6,8,Texans,DT #97,400,55,0,0,8,50,0,5,526,32,526,44,28,0,0,88,1,0,0,16,0,0,43,0,33,29,84,81,34,35,0,3,29,0,0,0,0,0,0,0,265,40,0,0,0,3,0,60,0,0,97,1,4,0,0,0,0,15,13,57,42,6,0,20,0,0,0,10,90,69,64,3,3,3,3,9,35,46,20,25,33,8,17,30,0,12,12,30,10,26,24,400,0,78,130,1023,0,1,-30,0,0,169
45,6,6,6,6,8,Texans,DT #98,400,55,0,0,8,50,0,5,527,32,527,42,29,0,0,87,1,0,0,14,0,0,40,2,33,29,83,81,31,32,0,3,27,0,0,0,0,0,0,0,265,45,0,0,0,3,0,60,0,0,98,1,4,0,0,0,0,15,13,52,40,6,0,18,0,0,0,10,88,67,63,3,3,3,3,21,34,20,29,25,31,10,21,30,0,12,12,30,20,44,27,400,0,73,145,1023,0,1,-30,0,0,138
45,2,2,2,2,16,Rickey,Dudley,2904,92,0,570,22,88,0,5,528,23,528,83,27,0,0,90,1,0,0,82,0,0,84,3,17,1015,89,37,64,59,0,1,59,0,0,0,0,8,0,8,156,12,66,0,0,2,0,15,0,0,83,2,5,570,3,74,0,1,20,64,85,4,0,52,4,1,89,21,64,87,71,2,1,2,1,7,22,54,10,11,31,10,7,17,0,4,4,30,1,31,25,2904,0,78,95,1023,0,3,-19,0,0,204
45,6,6,6,6,8,Jamal,Duff,0,65,0,0,9,65,0,5,529,1009,529,58,27,0,0,89,1,0,0,26,0,0,56,2,33,25,83,77,34,38,0,3,39,0,0,0,0,0,0,0,180,45,0,0,0,0,0,60,0,0,92,2,0,0,0,25,0,6,14,39,53,5,0,34,0,0,52,11,84,69,57,3,3,3,3,4,32,44,25,25,30,12,15,30,0,10,10,25,8,41,23,100,0,79,116,1023,0,0,-30,0,0,346
45,5,5,5,5,19,Roger,Duffy,823,75,0,160,16,60,0,7,530,29,530,46,31,0,0,87,2,0,0,18,0,0,45,0,33,1009,82,33,86,87,0,3,28,0,2,0,0,0,0,0,164,45,0,0,0,3,0,60,0,0,62,0,4,160,3,0,0,8,21,49,31,10,0,29,0,0,100,18,92,81,78,2,2,2,2,45,36,31,27,25,31,12,22,30,0,8,6,25,26,32,25,823,0,75,140,1023,0,1,-30,0,0,62
45,6,6,6,6,15,Mike,Dumas,669,94,0,92,10,85,0,5,531,8,531,84,30,0,0,84,2,0,0,60,0,0,85,2,33,1009,79,66,22,23,0,8,26,0,0,0,0,0,0,0,86,45,4,0,0,2,0,60,0,0,20,2,4,92,3,25,0,2,15,65,83,9,0,29,0,0,31,15,59,83,83,3,3,3,3,5,20,80,5,20,15,13,5,20,0,17,17,15,3,12,11,669,0,72,38,1023,15,2,-30,0,0,100
45,1,1,1,1,25,Jamie,Duncan,1096,98,0,120,26,72,0,0,532,6,532,83,22,0,0,83,0,0,0,60,0,0,73,3,9,1015,82,81,15,11,0,2,28,0,0,0,2,0,2,0,238,45,16,2,2,3,0,45,0,0,59,2,4,120,2,77,0,3,28,36,50,2,0,24,0,1,82,32,71,75,78,4,0,4,0,0,26,79,26,25,15,11,21,11,0,14,14,15,4,35,10,1096,1,73,78,1023,9,1,-19,0,0,204
45,6,6,6,6,16,David,Dunn,107,86,0,24,15,86,0,5,533,23,533,83,26,0,0,84,1,0,0,70,0,0,86,2,33,1009,79,42,33,35,0,1,59,0,0,0,0,0,0,0,66,45,0,0,0,1,0,60,0,0,88,2,1,24,2,60,0,5,17,41,86,5,0,68,0,0,58,16,59,71,67,3,3,3,3,2,20,83,5,15,15,8,0,20,0,3,3,20,2,7,9,194,0,75,51,1023,75,0,-30,0,0,100
45,0,0,0,0,20,Jason,Dunn,121,84,0,0,7,72,0,7,534,9,534,62,26,0,0,99,1,0,0,65,0,0,65,2,7,1015,99,40,62,65,0,10,63,0,0,0,0,0,0,0,56,45,0,0,0,1,0,1,0,0,89,2,1,0,2,84,0,2,25,38,63,4,0,52,0,1,37,29,80,73,62,2,4,2,4,5,30,41,10,10,40,7,11,19,0,4,4,24,5,33,24,121,0,78,116,1023,0,3,-19,0,0,195
34,4,3,4,3,38,Warrick,Dunn,4334,91,0,880,26,98,0,4,535,6,535,95,25,1,0,86,0,0,0,82,0,0,97,2,8,1015,66,27,40,34,0,7,86,0,0,0,0,0,0,0,152,16,83,1,1,3,0,33,0,0,28,2,5,880,3,70,0,1,36,99,71,3,0,92,0,1,100,34,66,96,85,2,4,2,4,4,23,81,8,32,0,12,28,1,1,1,1,13,3,6,9,4334,0,69,27,1023,33,2,-19,0,0,204
45,6,4,6,4,24,Tim,Dwight,1672,84,0,162,19,99,0,5,536,14,536,94,24,2,0,78,0,0,0,78,0,0,95,0,26,1015,95,18,11,40,0,0,51,0,0,0,9,7,9,7,89,36,16,3,3,3,0,46,0,0,83,2,4,162,3,85,0,4,24,58,92,2,0,58,0,1,85,20,55,82,64,0,0,0,0,5,18,79,25,13,26,11,10,28,0,3,3,33,0,0,9,969,0,68,20,1023,32,1,-19,0,0,150
45,4,7,4,7,17,Kevin,Dyson,1158,98,0,96,28,94,0,5,537,30,537,91,22,2,0,81,0,5,0,77,0,0,92,3,8,1015,77,12,19,28,0,1,55,0,0,0,9,0,9,0,233,12,29,3,3,2,0,31,0,0,87,2,3,96,3,77,0,1,23,42,97,2,0,68,0,1,73,12,33,76,50,0,0,0,0,1,6,73,0,10,39,12,7,12,0,3,3,3,2,6,11,600,0,73,48,1023,91,1,-19,0,0,204
45,6,6,6,6,15,Quinn,Early,326,89,0,147,16,83,0,5,538,1014,538,82,34,0,0,82,2,0,0,89,0,0,83,1,33,1009,76,22,25,26,0,1,62,0,0,0,0,0,0,0,89,45,14,0,0,1,0,60,0,0,88,0,1,147,3,50,0,3,16,58,83,12,0,73,0,0,100,18,57,82,85,3,3,3,3,2,18,82,5,15,15,11,0,20,0,3,3,20,4,11,11,888,0,72,30,1023,35,0,-30,0,0,233
45,6,6,6,6,12,Chad,Eaton,557,69,0,153,12,65,0,5,539,22,539,60,27,0,0,89,1,0,0,52,0,0,63,0,33,1009,85,82,37,38,0,3,35,0,0,0,0,0,0,0,251,40,38,0,0,2,0,60,0,0,90,2,2,153,3,0,0,7,15,58,48,5,0,56,0,0,100,12,91,81,68,3,3,3,3,3,36,36,19,25,21,13,18,30,0,12,12,30,4,39,23,759,0,77,143,1023,0,3,-30,0,0,361
45,6,6,6,6,11,Antonio,Edwards,0,65,0,0,11,65,0,5,540,1009,540,62,28,0,0,83,1,0,0,31,0,0,51,1,33,13,77,77,27,31,0,3,31,0,0,0,0,0,0,0,236,45,0,0,0,0,0,60,0,0,96,2,0,0,2,25,0,8,15,39,57,7,0,28,0,0,77,12,78,69,66,3,3,3,3,4,29,48,25,25,30,9,15,30,0,10,11,25,5,23,22,100,0,75,111,1023,0,0,-30,0,0,58
45,3,3,3,3,18,Antuan,Edwards,1034,85,0,110,23,88,0,0,541,20,541,92,23,0,0,90,0,0,0,56,0,0,84,3,7,1009,82,64,22,25,0,7,23,0,0,0,1,0,1,0,38,45,100,3,3,5,0,35,0,0,24,0,5,110,3,80,0,7,9,50,92,1,0,66,0,1,98,34,59,76,66,0,0,0,0,0,20,83,23,10,49,13,4,9,0,16,16,66,4,12,6,1034,0,73,50,1023,17,0,-19,0,0,204
45,5,5,5,5,14,Dixon,Edwards,0,92,0,90,13,75,0,7,542,1009,542,74,31,0,0,90,2,0,0,35,0,0,73,1,33,30,85,87,28,29,0,3,31,0,2,0,0,0,0,0,118,5,47,0,0,0,0,60,0,0,59,1,0,90,3,50,0,2,18,69,70,9,0,33,0,0,94,16,75,84,92,2,2,2,2,0,28,62,15,25,20,13,10,30,0,15,15,20,9,34,12,516,0,73,70,1023,0,0,-30,0,0,290
6,4,4,4,4,23,Donnie,Edwards,263,99,0,0,22,90,1,5,543,9,543,85,26,0,1,99,1,0,0,59,0,0,86,2,12,1015,99,85,18,23,0,10,24,0,0,0,0,7,0,7,226,41,48,3,3,1,0,34,0,0,59,2,1,0,3,87,0,4,20,83,70,4,0,27,0,1,84,20,77,93,85,0,0,0,0,0,28,65,8,11,4,13,9,14,0,15,15,29,3,25,10,263,0,74,67,1023,0,3,-19,0,0,204
45,6,2,6,2,29,Marc,Edwards,268,98,0,168,30,89,0,5,544,5,544,84,25,2,1,95,0,5,4,77,0,0,85,0,31,1009,66,26,39,45,0,13,78,0,0,0,8,0,8,0,152,45,0,0,0,1,4,12,0,0,44,1,1,168,3,72,0,2,30,63,79,3,0,83,0,1,84,28,76,93,95,0,4,0,4,4,28,45,37,10,24,9,7,8,0,2,2,44,7,18,20,732,0,72,89,1023,5,0,-19,0,0,150
45,4,6,4,6,27,Robert,Edwards,3157,74,0,625,12,93,0,1,545,22,545,87,23,0,0,99,0,0,0,77,0,0,89,3,19,1015,81,15,42,35,0,7,86,0,0,0,9,0,9,0,70,12,79,0,0,4,0,14,0,0,47,2,5,625,3,83,0,1,39,72,74,2,0,84,0,1,100,20,70,87,77,1,4,1,4,5,25,88,1,39,29,10,29,30,0,1,1,20,0,12,9,3157,0,71,60,1023,76,1,-19,0,0,204
45,3,7,3,7,21,Troy,Edwards,2508,95,0,400,22,92,0,5,546,29,546,89,22,0,0,74,0,0,0,72,0,0,88,3,31,1015,72,26,11,50,0,0,66,0,0,0,0,8,0,8,101,12,100,3,3,4,0,68,0,0,81,0,4,400,3,78,0,1,22,49,94,1,0,77,0,1,99,16,58,76,62,0,0,0,0,1,19,85,14,13,32,8,7,18,0,3,3,36,3,9,11,2508,0,70,35,1023,67,0,-19,0,0,204
45,4,7,4,7,14,Ebenezer,Ekuban,2138,82,0,57,25,63,0,0,547,11,547,67,22,0,1,96,0,0,0,15,0,0,73,3,12,1015,71,80,18,25,0,3,27,0,0,0,8,0,8,0,135,12,100,0,2,4,0,12,0,0,96,2,4,57,3,7,0,1,10,51,61,1,0,23,0,1,77,18,90,79,59,4,0,4,0,5,35,46,51,12,39,9,35,17,0,10,10,5,9,34,23,477,1,76,115,1023,2,0,-19,0,0,204
13,0,0,0,0,20,Jason,Elam,1609,85,0,252,99,55,0,7,548,4,548,52,29,0,0,70,1,0,0,17,0,0,51,0,33,1015,75,21,25,27,0,0,12,0,2,0,0,0,0,0,76,6,84,0,0,5,0,60,0,0,1,1,7,252,1,0,0,3,22,68,50,7,0,17,0,0,85,98,46,99,90,2,2,2,2,5,13,80,5,15,15,8,5,15,0,19,19,15,4,7,7,1609,0,71,36,1023,0,6,-30,0,0,122
45,6,7,6,7,28,Keith,Elias,0,85,0,0,27,77,0,0,549,1009,549,80,27,0,1,75,0,1,5,67,0,0,77,3,11,23,62,17,28,34,0,8,79,0,0,0,7,9,7,9,168,45,0,3,3,0,0,32,0,0,23,2,0,0,2,77,0,6,32,37,70,5,0,63,0,1,79,35,62,66,60,0,0,0,0,3,21,83,26,27,26,12,2,30,3,1,1,63,0,8,10,100,1,69,43,1023,14,1,-19,0,0,204
6,5,5,5,5,18,Jumbo,Elliott,2653,63,0,740,15,58,0,7,550,18,550,45,34,0,0,88,2,0,0,17,0,0,46,0,33,1009,80,33,95,97,0,3,28,0,2,0,0,0,0,0,117,26,59,0,0,1,0,60,0,0,76,0,4,740,3,0,0,2,20,89,30,12,0,28,0,0,100,17,92,94,96,2,2,2,2,6,36,39,22,25,32,10,17,30,0,5,5,35,4,31,25,2653,0,79,148,1023,0,3,-30,0,0,68
45,5,5,5,5,18,Matt,Elliott,0,71,0,69,15,55,0,7,551,1009,551,45,30,0,0,87,1,0,0,17,0,0,44,0,33,20,82,32,82,87,0,3,27,0,2,0,0,0,0,0,117,45,0,0,0,0,0,60,0,0,52,0,0,69,3,0,0,12,20,56,30,8,0,28,0,0,84,17,92,80,80,2,2,2,2,6,36,45,15,25,22,13,15,30,0,6,6,25,8,23,29,375,0,75,128,1023,0,1,-30,0,0,250
45,6,2,6,2,15,Ed,Ellis,719,70,0,120,12,80,0,9,552,26,552,62,26,0,0,83,0,0,0,24,0,0,60,0,9,1015,85,21,84,84,0,3,19,0,2,0,0,0,0,0,24,45,0,0,0,1,0,3,0,0,69,2,3,120,3,5,0,3,22,45,21,3,0,38,0,1,100,17,80,78,77,2,0,2,0,11,30,40,19,10,33,10,16,30,0,9,9,101,17,28,23,719,0,77,165,1023,8,2,-19,0,0,150
40,4,0,4,0,23,Greg,Ellis,9640,97,0,2366,35,88,0,5,553,11,553,82,25,1,0,95,0,0,0,59,0,0,86,3,25,1015,91,75,15,23,0,3,32,0,0,0,0,0,0,0,135,12,45,2,2,6,0,47,0,0,98,0,7,2366,3,88,0,1,36,79,55,2,0,33,0,1,64,32,87,90,48,4,3,4,3,6,34,44,52,27,54,11,8,25,0,11,15,4,7,38,25,9640,0,78,102,1023,2,1,-19,0,0,204
45,6,6,6,6,13,Jerry,Ellison,0,85,0,0,12,83,0,5,554,1009,554,82,27,0,0,82,1,0,0,58,0,0,82,1,33,1009,80,39,33,35,0,8,79,0,0,0,0,0,0,0,210,45,0,0,0,0,0,60,0,0,35,2,0,0,2,50,0,15,13,33,63,5,0,74,0,0,69,12,62,70,57,3,3,3,3,0,21,89,5,20,15,10,0,30,0,1,1,25,3,6,9,76,0,70,40,1023,20,0,-30,0,0,256
40,6,6,6,6,12,Luther,Elliss,3056,73,0,258,12,65,0,5,555,19,555,52,26,0,0,92,1,0,0,24,0,0,56,1,20,1015,88,89,40,41,0,3,37,0,0,0,0,0,0,0,233,12,39,0,0,6,0,60,0,0,94,1,6,258,3,60,0,1,19,69,50,5,0,28,0,0,99,16,94,89,84,3,3,3,3,8,37,29,19,25,23,13,25,30,0,12,12,30,22,32,25,1389,0,77,158,1023,0,4,-30,0,0,288
45,2,3,2,3,29,Percy,Ellsworth,202,89,0,30,18,86,0,5,556,5,556,82,25,0,0,87,0,0,0,67,0,0,83,2,3,1009,87,70,22,28,0,1,31,0,0,0,1,0,1,0,240,45,36,2,2,2,0,49,0,0,43,2,2,30,2,78,0,6,12,65,82,3,0,50,0,1,61,20,54,74,59,0,3,0,3,4,17,75,10,32,38,12,5,8,0,17,17,12,4,32,14,202,0,74,65,1023,4,0,-19,0,0,204
45,6,6,6,6,16,Bert,Emanuel,967,90,0,147,9,93,0,5,557,12,557,91,28,0,0,80,1,0,0,82,0,0,88,2,33,1009,75,20,24,25,0,1,59,0,0,0,0,0,0,0,265,36,23,0,0,2,0,60,0,0,87,2,3,147,3,50,0,2,17,63,86,6,0,73,0,0,100,11,55,83,79,3,3,3,3,5,18,89,5,15,15,13,0,20,0,3,3,20,3,4,8,879,0,70,20,1023,55,1,-30,0,0,235
45,3,1,3,1,25,Carlos,Emmons,266,96,0,57,24,83,0,7,558,13,558,80,26,0,0,99,1,0,0,52,0,0,82,3,27,1015,90,79,38,30,0,1,33,0,2,0,0,9,0,9,12,45,58,0,0,1,0,1,0,0,51,2,2,57,3,74,0,7,24,57,67,4,0,32,0,1,100,17,82,87,86,2,0,2,0,6,31,49,9,10,49,12,12,13,0,15,15,28,2,24,20,363,0,77,90,1023,0,3,-19,0,0,204
45,5,5,5,5,14,Derek,Engler,200,59,0,0,11,50,0,7,559,16,559,42,25,0,0,86,1,0,0,13,0,0,40,1,63,4,81,30,81,85,0,3,25,0,2,0,0,0,0,0,258,45,0,0,0,2,0,60,0,0,69,0,4,0,0,0,0,15,16,51,26,3,0,24,0,0,100,13,91,69,58,2,2,2,2,7,36,43,16,25,28,13,18,30,0,7,8,25,8,30,24,200,0,77,140,1023,0,0,-30,0,0,66
45,2,2,2,2,18,Bobby,Engram,3054,99,0,512,26,95,0,7,560,1,560,92,26,0,0,99,0,0,0,85,0,0,93,3,2,1015,90,22,24,46,0,1,61,0,0,0,7,7,7,7,164,36,35,0,0,1,0,2,0,0,81,2,4,512,3,54,0,2,21,60,83,4,0,52,0,1,43,15,55,84,71,0,0,0,0,3,18,78,3,10,41,10,6,10,0,3,3,22,3,0,4,3054,1,70,28,1023,75,3,-19,0,0,204
45,5,4,5,4,28,Curtis,Enis,1287,97,0,225,39,94,0,7,561,1,561,84,23,0,0,63,0,0,1,67,0,0,85,2,5,1015,79,18,31,41,0,7,84,0,0,0,9,9,9,9,164,12,0,1,1,2,0,50,0,0,44,2,3,225,3,56,0,1,14,52,78,2,0,77,0,1,43,4,72,78,66,0,0,0,0,3,26,47,45,33,25,12,32,0,0,1,1,20,2,22,21,1287,1,72,90,1023,82,1,-19,0,0,204
45,0,0,0,0,86,Craig,Erickson,0,88,0,90,11,59,0,7,562,1009,562,58,29,0,0,78,1,0,0,22,0,0,57,0,33,11,83,16,17,22,0,1,56,0,2,0,0,0,0,0,115,45,0,0,0,0,0,60,0,0,7,0,0,90,3,30,0,4,87,53,54,8,0,58,0,0,100,14,58,81,79,2,2,2,2,0,19,71,5,10,15,9,0,20,0,0,0,20,1,5,10,540,0,74,47,1023,0,1,-30,0,0,83
45,5,5,5,5,16,Charles,Evans,191,78,0,54,12,70,0,5,563,25,563,68,32,0,0,86,1,0,0,59,0,0,66,2,33,1009,81,33,62,70,0,8,69,0,0,0,2,2,2,2,25,45,49,0,0,2,0,60,0,0,29,0,2,54,3,30,0,11,17,54,62,7,0,60,0,0,93,14,71,81,65,2,2,2,2,5,26,66,10,25,20,13,5,30,0,2,2,25,0,28,14,261,0,73,80,1023,15,0,-30,0,0,231
45,6,6,6,6,12,Doug,Evans,990,96,0,144,12,88,0,5,564,21,564,87,28,0,0,85,1,0,0,62,0,0,87,2,33,1009,80,65,23,26,0,7,20,0,0,0,0,0,0,0,101,45,34,0,0,2,0,60,0,0,33,1,3,144,3,70,0,6,13,57,85,7,0,25,0,0,82,12,60,82,85,3,3,3,3,0,20,83,5,15,15,8,0,20,0,16,16,20,5,6,9,990,0,73,28,1023,20,1,-30,0,0,143
45,6,6,6,6,8,Josh,Evans,550,55,0,0,9,60,0,5,565,30,565,54,26,0,0,91,1,0,0,17,0,0,51,2,33,31,85,83,35,39,0,3,40,0,0,0,0,0,0,0,224,40,0,0,0,3,0,60,0,0,91,1,7,0,0,25,0,15,13,44,44,5,0,35,0,0,73,10,87,72,59,3,3,3,3,4,34,29,18,25,28,12,16,30,0,12,10,25,10,32,22,550,0,75,120,1023,0,1,-30,0,0,75
45,3,3,3,3,24,Leomont,Evans,0,99,0,0,18,89,0,5,566,1009,566,86,25,0,0,41,1,0,0,55,0,0,88,2,24,1015,89,68,23,25,0,1,37,0,0,0,4,4,4,4,38,45,55,0,0,0,0,14,0,0,35,2,0,0,3,99,0,3,12,74,86,4,0,44,0,1,100,25,62,83,80,2,3,2,3,5,21,81,8,11,33,13,7,11,0,17,17,27,0,9,12,185,0,73,42,1023,0,3,-19,0,0,204
45,5,5,5,5,19,Steve,Everitt,205,80,0,108,16,65,0,7,567,24,567,51,30,0,0,89,1,0,0,18,0,0,52,0,14,1009,84,28,85,89,0,3,23,0,2,0,0,0,0,0,117,45,0,0,0,1,0,60,0,0,60,0,1,108,3,0,0,1,21,58,31,7,0,29,0,0,69,18,94,82,71,2,2,2,2,3,37,45,20,25,22,12,15,25,0,7,7,10,4,29,24,558,0,77,137,1023,0,2,2,0,0,50
45,4,3,4,3,12,Jason,Fabini,779,72,0,156,29,75,0,4,568,18,568,56,24,0,0,79,0,0,0,11,0,0,59,0,15,1015,81,24,86,82,0,3,29,0,2,0,0,4,0,4,105,45,42,0,0,3,2,36,0,0,69,1,4,156,3,84,0,4,38,51,27,2,0,28,0,1,100,10,88,78,73,0,0,0,0,16,34,28,19,31,32,8,19,17,0,9,6,109,17,22,26,779,0,76,158,1023,0,1,-19,0,0,150
45,6,3,6,3,28,Terry,Fair,2033,82,0,36,35,96,0,5,569,19,569,89,23,0,0,82,0,0,0,51,0,0,92,3,21,1015,76,60,28,23,0,0,22,0,0,0,0,2,0,2,211,12,32,3,2,3,0,36,0,0,23,1,4,36,2,80,0,1,23,45,91,2,0,40,0,1,97,16,59,79,77,0,0,0,0,2,20,84,22,17,35,8,18,6,3,16,16,33,3,11,8,314,0,70,31,1023,37,1,-19,0,0,204
45,3,3,3,3,23,Alan,Faneca,2895,79,0,87,37,76,0,5,570,29,570,56,22,0,0,93,0,0,0,11,0,0,56,3,28,1015,74,32,86,88,0,3,38,0,0,0,6,0,6,0,106,12,0,0,0,6,0,37,0,0,66,0,7,87,3,63,0,1,26,47,29,2,0,27,0,1,100,31,85,86,83,3,2,3,2,10,32,34,15,37,25,12,19,24,0,6,6,37,8,39,29,459,0,77,147,1023,3,1,-19,0,0,204
45,5,5,5,5,17,Chad,Fann,320,79,0,28,13,70,0,5,571,1014,571,69,28,0,0,90,1,0,0,72,0,0,67,2,33,1009,85,37,60,62,0,8,66,0,0,0,2,2,2,2,265,45,48,0,0,1,0,60,0,0,86,2,4,28,2,30,0,15,18,48,59,7,0,68,0,0,100,15,75,79,72,2,2,2,2,4,28,54,10,25,20,9,5,30,0,4,2,25,2,45,24,320,0,75,91,1023,15,3,-30,0,0,102
45,3,6,3,6,32,Ray,Farmer,0,90,0,51,13,84,0,7,572,1009,572,82,25,0,1,30,1,0,0,50,0,0,77,1,7,12,20,77,16,30,0,3,28,0,0,0,0,0,0,0,52,45,0,0,0,0,0,5,0,0,55,0,0,51,3,8,0,5,19,46,64,4,0,21,2,1,53,19,73,76,66,2,4,2,4,2,26,69,7,11,45,10,9,12,0,13,13,29,0,30,12,352,0,75,65,1023,0,0,-19,0,0,155
45,6,6,6,6,11,D'Marco,Farr,1020,71,0,258,11,69,0,5,573,24,573,58,27,0,0,86,1,0,0,30,0,0,78,2,33,1009,82,81,28,29,0,3,43,0,0,0,0,0,0,0,252,40,18,0,0,1,0,60,0,0,75,2,2,258,3,25,0,15,15,71,55,6,0,34,0,0,87,12,87,85,82,3,3,3,3,6,34,39,25,25,35,9,20,30,0,12,12,30,7,38,22,1391,0,73,116,1023,0,5,-30,0,0,14
45,7,2,7,2,21,James,Farrior,5682,97,0,1315,34,89,0,7,574,18,574,88,25,0,0,86,0,1,1,57,0,0,88,1,11,1015,96,87,11,14,0,8,23,0,0,0,1,8,1,8,240,12,59,0,0,3,0,3,0,0,58,2,5,1315,3,96,0,1,34,82,59,3,0,20,0,1,100,14,83,94,79,2,2,2,2,3,32,43,0,36,45,13,22,25,2,15,13,0,8,31,24,5682,0,74,83,1023,9,2,-19,0,0,58
45,3,6,3,6,26,Kevin,Faulk,3935,75,0,735,26,86,0,7,575,22,575,84,22,2,0,86,0,0,0,76,0,0,86,3,14,1015,73,26,39,49,0,11,77,0,0,0,9,0,9,0,106,45,100,0,0,7,3,48,0,0,33,2,7,735,3,72,0,2,39,64,64,1,0,83,0,1,100,25,60,78,70,0,4,0,4,5,20,70,36,38,23,7,12,38,0,1,1,9,5,11,5,3935,0,68,42,1023,1,0,-19,0,0,204
45,6,6,6,6,18,Marshall,Faulk,1620,99,0,0,17,99,0,5,576,24,576,96,26,0,0,85,1,0,0,90,0,0,97,2,2,9,82,34,38,39,0,8,94,0,0,0,0,0,0,0,180,34,85,0,0,2,0,60,0,1,28,2,2,0,3,60,0,1,19,99,79,6,0,88,0,0,96,18,65,99,91,3,3,3,3,0,22,91,5,20,15,10,0,30,0,1,1,25,4,8,10,1620,0,70,51,1023,35,0,-30,0,0,128
45,5,5,5,5,15,Christian,Fauria,548,84,0,75,13,75,0,7,577,28,577,69,27,0,0,90,1,0,0,76,0,0,72,1,33,1015,85,31,59,60,0,8,72,0,2,0,0,0,0,0,41,45,58,0,0,3,0,60,0,0,86,1,3,75,3,50,0,2,17,51,73,5,0,65,0,0,100,15,75,80,67,2,2,2,2,3,28,60,15,25,20,12,5,30,0,4,4,30,9,40,24,498,0,76,90,1023,15,4,-30,0,0,226
45,2,7,2,7,16,Greg,Favors,723,79,0,72,26,86,0,1,578,30,578,81,23,0,1,75,0,0,0,63,0,0,80,3,24,1015,88,75,30,17,0,3,32,0,0,0,0,0,0,0,121,41,69,0,0,3,0,26,0,0,51,0,3,72,3,99,0,3,24,56,53,2,0,34,0,1,100,26,78,72,65,0,4,0,4,6,29,58,58,41,9,8,14,17,0,14,14,58,5,41,21,723,0,73,84,1023,0,1,-19,0,0,204
13,0,0,0,0,94,Brett,Favre,10342,95,0,2954,18,79,0,7,579,20,579,75,29,0,0,104,2,0,0,17,0,0,76,0,33,12,89,18,29,25,0,1,64,0,2,0,0,0,0,0,194,20,66,0,0,5,0,60,0,1,4,1,7,2954,3,50,0,2,104,99,65,9,0,54,0,0,100,20,64,99,94,2,2,2,2,4,22,75,5,10,15,7,0,20,0,0,0,20,6,30,14,10342,0,74,63,1023,0,7,1,0,0,129
45,7,6,7,6,10,Jermaine,Fazande,393,37,0,51,17,84,1,1,580,8,580,77,23,0,1,64,0,0,0,60,0,0,79,3,9,1015,52,32,57,65,0,1,76,0,0,0,2,1,2,1,157,45,100,2,2,3,0,8,0,0,35,2,3,51,2,58,0,2,39,36,39,1,0,70,0,1,50,33,70,67,51,4,1,4,1,6,25,53,23,38,25,10,7,26,0,1,2,25,6,18,24,393,0,74,95,1023,5,0,-19,0,0,204
45,5,5,5,5,15,Texans,FB #33,400,75,0,0,11,66,0,5,581,32,581,65,29,0,0,88,1,0,0,58,0,0,63,0,33,29,83,35,62,63,0,8,63,0,0,0,2,2,2,2,265,45,1,0,0,3,0,60,0,0,33,0,4,0,0,0,0,15,16,39,56,6,0,66,0,0,0,13,73,72,55,2,2,2,2,6,26,65,10,25,20,7,5,30,0,2,2,25,7,24,22,400,0,74,92,1023,15,1,-30,0,0,120
45,5,5,5,5,17,Texans,FB #34,400,85,0,0,13,76,0,5,582,32,582,75,28,0,0,83,1,0,0,56,0,0,73,0,33,29,78,30,50,53,0,8,69,0,0,0,2,2,2,2,265,45,0,0,0,3,0,60,0,0,34,2,4,0,0,0,0,15,18,33,52,6,0,69,0,0,0,15,68,68,55,2,2,2,2,0,24,51,10,25,20,12,5,30,0,2,2,25,8,32,11,400,0,72,73,1023,15,1,-30,0,0,136
45,0,0,0,0,25,Jeff,Feagles,500,92,0,0,91,55,0,7,583,28,583,52,33,0,0,60,2,0,0,12,0,0,51,0,33,6,65,31,19,21,0,1,25,0,2,0,0,0,0,0,115,14,46,0,0,4,0,60,0,0,10,0,5,0,0,25,0,15,29,53,34,12,0,18,0,0,77,91,52,95,95,2,2,2,2,4,16,81,10,15,15,7,5,20,0,20,20,15,5,11,8,500,0,73,51,1023,0,1,-30,0,0,380
45,5,5,5,5,18,Derrick,Fenner,0,85,0,165,14,80,0,5,584,1009,584,78,31,0,0,84,2,0,0,59,0,0,76,2,33,22,75,31,50,60,0,8,80,0,0,0,2,2,2,2,265,45,0,0,0,0,0,60,0,0,34,2,0,165,3,50,0,10,19,64,62,11,0,80,0,0,54,16,69,90,92,2,2,2,2,3,24,78,10,25,20,13,5,30,0,2,2,25,9,16,14,723,0,71,80,1023,30,1,1,0,0,60
45,2,5,2,5,29,Jason,Ferguson,508,69,0,93,27,73,0,0,585,18,585,69,26,2,0,84,0,0,0,28,0,0,58,3,11,1015,78,71,27,29,0,3,17,0,0,0,2,3,2,3,70,40,13,4,4,1,0,27,0,0,72,2,3,93,3,91,0,6,27,55,47,3,0,19,0,1,99,28,88,76,64,0,2,0,2,25,34,29,24,23,38,7,34,36,0,12,12,102,31,39,27,508,0,75,145,1023,5,2,-19,0,0,204
45,1,7,1,7,22,John,Fiala,250,98,0,0,14,67,0,5,586,29,586,72,25,0,0,84,0,0,0,54,0,0,73,3,18,1015,70,78,19,13,0,3,34,0,0,0,0,2,0,2,164,45,0,1,1,4,0,17,0,0,57,2,5,0,0,61,0,7,29,14,78,3,0,24,0,1,99,12,69,74,82,4,0,4,0,10,24,49,17,27,27,8,18,0,0,14,15,64,5,32,24,250,0,78,132,1023,1,1,-19,0,0,204
45,0,0,0,0,80,Jay,Fiedler,239,90,0,44,12,82,0,7,587,12,587,79,27,0,0,76,1,0,0,21,0,0,78,0,33,1009,81,17,15,20,0,1,56,0,2,0,0,0,0,0,46,45,0,0,0,1,0,60,0,0,9,1,1,44,3,0,0,15,86,60,55,5,0,64,0,0,100,15,56,81,75,2,2,2,2,5,18,56,5,10,15,11,0,20,0,0,0,20,2,27,11,239,0,74,62,1023,0,0,-30,0,0,46
45,5,5,5,5,14,Mark,Fields,840,94,0,111,13,80,0,7,588,27,588,75,26,0,0,91,1,0,0,36,0,0,76,1,13,1015,86,87,30,31,0,3,33,0,2,0,0,0,0,0,251,4,71,0,0,1,0,60,0,0,55,1,1,111,3,50,0,1,18,63,71,5,0,34,0,0,11,16,74,82,82,2,2,2,2,4,27,64,15,25,20,11,10,30,0,13,13,20,7,19,23,621,0,74,84,1023,0,4,-30,0,0,379
4,6,6,6,6,13,Deon,Figures,0,97,0,180,12,91,0,5,589,1009,589,88,29,0,0,83,1,0,0,63,0,0,89,2,23,16,78,67,19,22,0,7,28,0,0,0,0,0,0,0,41,12,44,0,0,0,0,60,0,0,27,1,0,180,3,50,0,1,13,56,85,7,0,27,0,0,100,12,58,85,87,3,3,3,3,2,19,63,5,15,15,13,0,20,0,16,16,20,4,8,6,902,0,72,40,1023,20,0,-30,0,0,86
13,5,5,5,5,23,John,Fina,2820,75,0,792,20,70,0,7,590,3,590,50,30,0,0,88,1,0,0,22,0,0,48,0,27,1015,83,33,99,94,0,3,28,0,2,0,0,0,0,0,8,26,72,0,0,1,0,60,0,0,70,1,4,792,3,0,0,1,25,86,35,8,0,33,0,0,100,22,93,96,96,2,2,2,2,10,36,41,23,25,25,8,22,30,0,5,5,35,7,32,23,2820,0,77,129,1023,0,7,-30,0,0,57
45,0,1,0,1,24,Jim,Finn,243,82,0,201,32,86,0,7,591,10,591,79,21,0,0,81,0,1,1,78,0,0,81,0,5,1015,76,13,59,57,0,3,73,0,2,0,0,0,0,0,163,45,100,0,0,1,3,18,0,0,36,1,1,201,3,59,0,7,21,50,76,1,0,77,0,1,81,13,81,92,60,2,2,2,2,3,30,56,43,12,47,13,33,28,0,2,1,93,3,29,20,828,0,72,85,1023,5,0,-19,0,0,150
45,0,0,0,0,24,Brian,Finneran,275,96,0,45,10,93,0,7,592,14,592,87,23,0,0,87,0,0,0,77,0,0,89,0,8,1009,82,31,15,21,0,6,65,0,2,0,0,0,0,0,239,45,0,2,2,1,2,33,0,0,86,2,1,45,3,68,0,5,28,61,96,2,0,63,0,1,74,32,67,79,64,2,2,2,2,4,24,77,3,10,26,7,3,13,0,3,3,5,2,11,5,275,0,77,50,1023,1,0,-19,0,0,150
45,3,0,3,0,18,Dave,Fiore,300,77,0,100,17,77,0,7,593,15,593,55,25,0,0,83,0,0,0,20,0,0,65,0,33,1015,99,12,81,76,0,3,20,0,2,0,4,0,4,0,78,45,0,2,2,3,0,49,0,0,74,2,4,100,0,68,0,8,23,35,25,2,0,10,0,1,97,29,87,77,81,2,2,2,2,8,34,41,19,46,28,12,18,14,0,5,9,106,4,31,30,300,0,76,133,1023,3,0,-19,0,0,150
45,5,2,5,1,30,Mark,Fischer,172,70,0,20,36,66,0,7,594,26,594,51,24,0,0,72,0,0,0,26,0,0,61,0,9,1015,97,18,52,90,0,3,15,10,4,0,0,0,0,0,169,45,0,0,0,1,2,2,0,0,51,0,2,20,2,66,0,4,17,20,25,2,0,24,9,1,70,29,86,71,71,4,2,4,2,49,33,26,32,16,44,11,24,15,0,7,7,52,34,40,28,172,0,75,143,1023,7,1,-19,0,0,150
45,4,3,4,3,27,Bryce,Fisher,174,73,0,40,17,72,0,7,595,3,595,63,23,0,0,93,0,0,0,17,0,0,76,3,9,1009,75,76,28,20,0,3,31,0,0,0,8,8,8,8,1,45,100,0,0,1,0,3,0,0,95,0,1,40,3,78,0,7,27,47,67,1,0,26,0,1,100,18,86,78,59,1,3,1,3,3,33,46,49,18,34,11,48,21,2,10,12,66,4,28,23,174,0,75,105,1023,4,0,-19,0,0,204
45,6,6,6,6,11,Charles,Fisher,50,89,0,0,8,88,0,5,596,2,596,87,28,0,0,77,1,0,0,55,0,0,86,2,2,4,72,52,19,22,0,7,20,0,0,0,0,0,0,0,254,45,0,0,0,1,0,60,0,0,23,2,1,0,0,0,0,2,12,51,84,1,0,25,0,0,100,10,52,69,63,3,3,3,3,5,16,90,5,15,15,13,0,20,0,16,16,20,1,5,6,50,0,72,25,1023,20,0,-30,0,0,102
45,6,6,6,6,8,Jason,Fisk,600,65,0,300,8,60,0,5,597,30,597,52,26,0,0,87,1,0,0,24,0,0,47,0,33,30,83,81,31,32,0,3,37,0,0,0,0,0,0,0,200,40,0,0,0,3,0,60,0,0,97,1,3,300,0,25,0,7,13,34,52,5,0,28,0,0,90,10,89,72,60,3,3,3,3,3,34,33,16,25,25,9,23,30,0,12,12,30,9,37,28,600,0,75,135,1023,0,0,-30,0,0,144
45,4,4,4,4,10,Mike,Flanagan,263,81,0,0,14,78,0,7,598,20,598,59,26,0,0,99,1,0,0,26,0,0,62,0,20,1015,90,27,85,86,0,3,36,0,0,0,0,0,0,0,226,45,0,3,3,1,0,3,0,0,58,0,1,0,3,0,0,4,21,49,26,4,0,30,0,1,100,10,91,82,65,0,0,0,0,10,36,39,17,20,28,13,19,20,0,7,7,45,8,25,29,263,0,77,137,1023,0,3,-19,0,0,150
45,6,6,6,6,9,Jim,Flanigan,952,74,0,171,9,65,0,5,599,1,599,59,27,0,0,88,1,0,0,31,0,0,55,0,33,1015,84,79,34,35,0,3,44,0,0,0,0,0,0,0,152,40,47,0,0,2,0,60,0,0,99,2,3,171,3,25,0,3,14,65,56,6,0,35,0,0,34,11,90,80,75,3,3,3,3,5,35,45,20,25,28,11,16,30,0,12,12,30,24,34,23,865,0,74,130,1023,0,5,-30,0,0,151
45,5,5,5,5,18,John,Flannery,0,72,0,55,15,65,0,7,600,1009,600,50,30,0,0,85,2,0,0,17,0,0,53,0,33,23,80,30,86,88,0,3,25,0,2,0,0,0,0,0,205,45,36,0,0,0,0,60,0,0,63,0,0,55,3,0,0,2,20,70,30,9,0,28,0,0,62,17,90,90,99,2,2,2,2,5,35,43,18,25,32,8,17,30,0,7,6,25,9,41,22,279,0,76,143,1023,0,0,1,0,0,250
45,5,2,5,2,21,Derrick,Fletcher,149,71,0,22,21,61,0,7,601,22,601,61,21,0,0,83,0,0,0,23,0,0,64,3,12,1015,80,14,84,85,3,3,14,0,0,0,0,0,0,0,17,45,100,0,0,1,3,4,0,0,64,2,1,22,2,80,0,5,21,38,20,1,0,37,0,1,81,31,85,74,62,2,2,2,2,29,32,12,21,22,45,8,35,18,0,5,9,74,26,40,29,149,0,78,190,1023,1,0,-19,0,0,204
45,3,6,3,6,16,London,Fletcher,1065,70,0,147,34,90,3,1,602,24,602,78,24,0,0,98,0,1,0,52,0,0,73,2,11,1015,92,81,20,11,0,12,34,0,0,0,7,0,7,0,94,45,0,2,5,3,3,39,0,0,59,0,4,147,3,76,0,7,25,60,54,2,0,25,0,1,79,13,80,81,77,2,4,2,4,5,30,68,43,49,63,11,0,12,1,14,14,22,1,43,20,909,0,70,85,1023,1,1,-19,0,0,204
45,6,6,6,6,18,Terrell,Fletcher,366,95,0,32,17,92,0,5,603,8,603,91,25,0,0,80,1,0,0,63,0,0,89,1,33,1015,78,24,29,31,0,8,79,0,0,0,0,0,0,0,258,45,0,0,0,4,0,60,0,0,41,2,4,32,2,50,0,2,19,40,68,5,0,80,0,0,77,18,59,79,63,3,3,3,3,0,20,84,5,20,15,11,0,30,0,1,1,25,5,8,4,366,0,68,36,1023,75,4,-30,0,0,226
45,6,6,6,6,15,Mike,Flores,0,70,0,0,10,70,0,5,604,1009,604,68,32,0,0,79,2,0,0,35,0,0,64,0,33,25,73,76,19,23,0,3,23,0,0,0,0,0,0,0,105,45,0,0,0,0,0,60,0,0,94,2,0,0,0,25,0,11,18,49,61,9,0,20,0,0,96,15,74,73,61,3,3,3,3,5,27,53,25,25,30,13,15,30,0,11,11,25,7,20,23,0,0,75,96,1023,0,3,-30,0,0,109
45,6,6,6,6,13,Lethon,Flowers,986,88,0,104,11,90,0,5,605,29,605,87,26,0,0,93,1,0,0,67,0,0,89,2,33,1015,88,73,23,26,0,8,26,0,0,0,0,0,0,0,71,45,33,0,0,4,0,60,0,0,41,2,4,104,3,25,0,5,14,69,88,5,0,58,0,0,100,13,68,91,85,3,3,3,3,4,24,87,5,20,15,7,5,20,0,17,18,15,5,5,6,986,0,72,53,1023,15,4,-30,0,0,236
45,5,5,5,5,25,Chris,Floyd,326,80,0,56,25,86,0,5,606,5,606,88,22,0,0,63,0,0,0,67,0,0,89,3,19,1015,75,28,37,32,0,8,66,0,0,0,8,0,8,0,117,45,0,0,0,2,0,6,0,0,37,2,2,56,3,71,0,5,32,52,62,2,0,82,0,1,100,13,78,77,73,0,0,0,0,2,29,61,8,28,22,13,7,23,0,1,1,39,1,33,11,326,1,74,75,1023,70,1,-19,0,0,204
45,5,5,5,5,12,Eric,Floyd,24,55,0,0,9,45,0,7,607,1009,607,39,33,0,0,86,2,0,0,11,0,0,39,2,33,1009,81,31,86,85,0,3,26,0,2,0,0,0,0,0,14,45,0,0,0,0,0,60,0,0,70,1,1,0,0,0,0,15,14,50,24,10,0,22,0,0,99,11,91,74,70,2,2,2,2,5,36,45,15,25,35,11,18,30,0,9,9,35,4,42,22,0,0,77,150,1023,0,4,-30,0,0,76
2,5,5,5,5,18,William,Floyd,888,87,0,339,14,85,0,5,608,21,608,80,27,0,0,92,1,0,0,78,0,0,81,2,28,1009,87,39,57,85,0,8,89,0,0,0,2,2,2,2,64,12,77,0,0,2,0,60,0,0,40,2,2,339,3,80,0,1,19,71,56,6,0,85,0,0,100,16,77,99,99,2,2,2,2,5,28,54,10,25,20,11,5,30,0,2,2,25,2,33,20,1212,0,73,82,1023,30,1,3,0,0,259
45,4,4,4,4,50,Darren,Flutie,500,92,0,85,50,92,0,7,609,1009,609,90,32,0,1,97,1,0,0,89,0,0,91,0,0,1023,90,50,50,50,0,0,67,0,2,0,0,0,0,0,20,45,0,0,0,0,0,60,0,0,82,2,0,85,0,0,0,0,50,50,90,6,0,62,0,0,75,50,62,88,80,2,2,2,2,5,21,86,10,17,15,7,0,22,0,3,3,10,4,10,8,500,0,70,24,1023,89,4,-30,0,0,496
45,0,0,0,0,85,Doug,Flutie,997,96,0,234,13,71,0,7,610,3,610,69,36,0,0,79,2,0,0,71,0,0,70,0,33,1009,81,16,20,25,0,1,58,0,2,0,0,0,0,0,20,42,59,0,0,1,0,60,0,0,7,1,2,234,3,0,0,11,87,83,86,7,0,77,0,0,100,16,59,89,90,2,2,2,2,2,20,98,5,10,15,8,0,20,0,0,0,20,4,0,8,997,0,69,25,1023,0,0,-30,0,1,315
45,4,6,4,6,25,Mike,Flynn,470,64,0,63,28,48,0,4,611,25,611,41,25,0,0,61,0,0,0,20,0,0,48,0,32,1009,75,23,79,86,0,13,28,0,2,0,0,0,0,0,108,45,0,2,2,5,4,5,0,0,62,0,7,63,2,81,0,6,10,42,32,3,0,29,0,1,69,18,89,72,67,0,2,0,2,39,34,30,26,22,31,13,34,0,0,7,7,54,26,33,24,470,0,75,145,1023,0,2,-19,0,0,150
45,1,2,1,2,21,Spencer,Folau,200,62,0,0,27,75,0,7,612,25,612,58,26,0,0,80,0,1,0,20,0,0,59,0,63,1015,86,23,71,72,0,3,20,0,2,0,0,0,0,0,82,45,0,0,0,4,0,36,0,0,71,2,4,0,2,81,0,15,21,38,13,3,0,26,0,1,24,37,77,68,71,2,2,2,2,14,28,41,17,40,23,8,17,17,0,8,6,106,15,40,25,200,0,77,155,1023,3,2,-19,0,0,150
45,0,0,0,0,79,Glenn,Foley,0,88,0,0,11,69,0,7,613,1009,613,68,28,0,0,79,1,0,0,23,0,0,68,0,33,17,84,19,18,23,0,1,57,0,2,0,0,0,0,0,20,45,0,0,0,0,0,60,0,0,13,1,0,0,3,50,0,7,88,53,54,6,0,63,0,0,100,14,59,78,73,2,2,2,2,0,20,69,5,10,15,13,0,20,0,0,0,20,5,6,10,156,0,74,50,1023,0,0,-30,0,0,132
45,3,2,3,2,13,Steve,Foley,508,76,0,52,34,94,0,0,614,2,614,79,25,0,1,89,0,0,0,62,0,0,74,3,10,1015,83,88,12,21,0,12,37,0,0,0,0,0,0,0,265,45,7,2,2,1,3,30,0,0,95,0,2,52,3,62,0,4,20,47,68,2,0,29,0,1,100,26,62,83,74,0,1,0,1,7,21,43,22,25,48,13,28,27,2,13,14,58,9,26,26,508,1,76,105,1023,8,1,-19,0,0,204
45,6,6,6,6,10,Albert,Fontenot,400,60,0,100,8,60,0,5,615,8,615,55,28,0,0,92,1,0,0,20,0,0,54,2,33,9,86,78,37,41,0,3,42,0,0,0,0,0,0,0,17,45,0,0,0,3,0,60,0,0,95,2,3,100,0,25,0,4,14,35,47,7,0,37,0,0,51,10,87,70,70,3,3,3,3,8,34,30,25,25,22,13,23,30,0,10,10,25,9,36,30,400,0,76,123,1023,0,0,-30,0,0,209
45,5,5,5,5,15,Jerry,Fontenot,561,59,0,115,11,55,0,7,616,27,616,43,32,0,0,83,2,0,0,11,0,0,42,0,33,1009,78,31,83,85,0,3,26,0,2,0,0,0,0,0,215,45,0,0,0,3,0,60,0,0,62,0,5,115,3,0,0,3,17,46,24,11,0,24,0,0,100,12,88,74,71,2,2,2,2,3,34,47,24,25,35,13,15,25,0,7,7,10,10,40,26,561,0,75,136,1023,0,2,-30,0,0,144
45,6,6,6,6,9,Dan,Footman,0,63,0,0,9,60,0,5,617,1009,617,54,30,0,0,86,1,0,0,26,0,0,59,2,33,9,82,86,28,29,0,3,39,0,0,0,0,0,0,0,64,40,0,0,0,0,0,60,0,0,78,1,0,0,0,25,0,2,13,54,52,7,0,30,0,0,89,10,88,77,81,3,3,3,3,5,34,32,20,25,32,13,19,30,0,11,12,30,8,27,25,100,0,77,130,1023,0,0,-30,0,0,85
4,6,6,6,6,8,Henry,Ford,1555,63,0,168,8,65,0,5,618,30,618,56,27,0,0,92,1,0,0,23,0,0,51,2,26,1015,86,83,37,41,0,3,42,0,0,0,0,0,0,0,10,40,32,0,0,4,0,60,0,0,92,2,5,168,3,25,0,1,14,60,50,6,0,37,0,0,56,11,86,79,74,3,3,3,3,4,33,44,24,25,28,11,25,30,0,12,10,25,8,25,25,848,0,75,135,1023,0,6,-30,0,0,32
45,3,3,3,3,14,Todd,Fordham,250,21,0,0,11,65,0,7,619,17,619,47,25,0,0,2,0,0,0,22,0,0,60,0,63,9,1,27,81,78,0,2,28,0,2,0,2,2,2,2,64,45,0,0,0,3,0,54,0,0,78,2,5,0,1,59,0,15,21,27,26,3,0,39,0,1,100,39,88,75,78,2,2,2,2,17,34,32,21,23,27,9,23,21,0,5,5,59,28,40,27,250,0,77,160,1023,0,2,-19,0,0,150
45,7,7,7,7,39,Jay,Foreman,150,81,0,0,25,87,3,7,620,3,620,77,23,0,0,87,0,0,2,68,0,0,83,3,23,1015,86,78,16,25,0,3,20,0,0,0,0,2,0,2,142,45,100,0,0,3,0,43,0,0,55,0,3,0,0,73,0,6,34,0,56,1,0,37,0,1,100,22,78,77,56,0,0,0,0,3,29,74,13,31,43,10,22,29,3,15,15,61,9,22,13,150,0,73,80,1023,9,31,-19,0,0,204
45,5,5,5,5,19,Roman,Fortin,300,77,0,0,16,60,0,7,621,8,621,52,32,0,0,83,2,0,0,18,0,0,53,0,33,13,78,28,88,88,0,3,23,0,2,0,0,0,0,0,180,45,51,0,0,2,0,60,0,0,67,2,3,0,0,0,0,8,21,76,31,10,0,26,0,0,92,18,88,86,87,2,2,2,2,3,34,29,16,25,26,9,16,25,0,7,7,10,5,36,30,300,0,77,137,1023,0,1,-30,0,0,169
45,5,5,5,5,14,Jamal,Fountaine,0,84,0,0,13,75,0,7,622,1009,622,74,28,0,0,89,1,0,0,35,0,0,75,2,33,14,84,73,27,28,0,3,30,0,2,0,0,0,0,0,252,45,0,0,0,0,0,60,0,0,52,2,0,0,0,25,0,15,18,16,70,5,0,33,0,0,99,16,74,79,96,2,2,2,2,5,27,59,15,25,20,13,10,30,0,13,15,20,8,23,14,0,0,75,80,1023,0,1,-30,0,0,269
45,6,6,6,6,8,Mike,Fox,0,55,0,15,8,55,0,5,623,1009,623,52,31,0,0,92,2,0,0,16,0,0,51,0,33,20,86,84,36,40,0,3,41,0,0,0,0,0,0,0,254,40,25,0,0,0,0,60,0,0,93,1,0,15,2,25,0,2,13,66,42,10,0,36,0,0,63,10,88,77,74,3,3,3,3,8,34,40,22,25,31,11,21,30,0,12,10,25,8,33,30,105,0,80,125,1023,0,0,-30,0,0,307
4,5,5,5,5,10,James,Francis,0,81,0,0,9,77,0,7,624,1009,624,67,30,0,0,93,2,0,0,31,0,0,67,2,12,1,85,81,35,36,0,3,38,0,2,0,0,0,0,0,17,45,4,0,0,0,0,60,0,0,51,1,0,0,3,25,0,1,15,50,65,10,0,29,0,0,78,13,76,75,86,2,2,2,2,5,28,41,15,25,20,7,10,30,0,13,13,20,0,29,24,400,0,77,92,1023,0,0,1,0,0,52
45,6,6,6,6,9,Mike,Frederick,0,65,0,0,8,60,0,5,625,1009,625,58,26,0,0,88,1,0,0,26,0,0,58,0,33,24,82,78,32,36,0,3,36,0,0,0,0,0,0,0,240,45,0,0,0,0,0,60,0,0,94,2,0,0,0,25,0,3,14,40,53,5,0,33,0,0,34,11,83,69,63,3,3,3,3,10,32,41,21,25,31,7,20,30,0,11,11,25,7,35,26,100,0,77,120,1023,0,0,-30,0,0,62
45,5,5,5,5,17,Rob,Fredrickson,1100,82,0,600,16,80,0,7,626,7,626,72,28,0,0,92,1,0,0,53,0,0,70,0,22,18,87,79,32,33,0,3,35,0,2,0,0,0,0,0,118,4,10,0,0,4,0,60,0,0,59,2,4,600,3,25,0,1,17,41,68,6,0,51,0,0,97,15,75,78,81,2,2,2,2,0,28,65,15,25,20,9,10,30,0,13,13,20,6,35,13,1100,0,76,80,1023,0,0,-30,0,0,350
45,6,6,6,6,11,Antonio,Freeman,1274,89,0,195,16,95,0,5,627,20,627,90,26,0,0,84,1,0,0,79,0,0,93,1,33,1015,79,22,29,30,0,1,62,0,0,0,0,0,0,0,241,36,23,0,0,3,0,60,0,0,86,2,3,195,3,80,0,3,11,68,86,5,0,75,0,0,100,17,59,84,85,3,3,3,3,0,20,88,5,15,15,8,0,20,0,3,3,20,5,11,8,1158,0,73,38,1023,70,4,-30,0,0,139
3,0,0,0,0,82,Gus,Frerotte,1088,89,0,303,12,70,0,7,628,4,628,69,27,0,0,78,1,0,0,21,0,0,68,0,33,1009,83,16,17,22,0,1,56,0,2,0,0,0,0,0,222,17,70,0,0,1,0,60,0,1,12,1,1,303,3,50,0,7,88,96,55,6,0,63,0,0,100,15,58,84,82,2,2,2,2,1,19,64,5,10,15,13,0,20,0,0,0,20,2,19,11,1088,0,75,63,1023,0,0,-30,0,0,161
45,4,5,4,4,24,Ben,Fricke,132,83,0,18,28,71,0,7,629,11,629,65,23,0,0,78,0,0,0,26,0,0,41,0,4,1015,93,23,73,82,0,3,30,0,2,0,0,2,0,2,80,45,0,0,0,1,0,7,0,0,66,0,2,18,2,81,0,5,21,58,14,2,0,30,0,1,50,29,70,71,73,2,2,2,2,7,25,30,24,10,27,7,18,39,0,7,7,77,28,38,24,132,0,72,120,1023,6,1,-19,0,0,150
45,1,5,1,5,28,Lennie,Friedman,1487,85,0,288,34,70,0,5,630,4,630,59,23,0,0,91,0,0,0,18,0,0,50,0,32,1015,79,15,90,81,0,2,17,0,0,0,0,0,0,0,52,45,100,0,0,4,0,50,0,0,64,2,4,288,3,83,0,2,32,43,22,1,0,21,0,1,55,29,90,79,66,2,0,2,0,9,35,36,17,22,26,7,21,10,0,8,8,84,8,32,27,1487,0,75,130,1023,2,0,-19,0,0,150
17,0,0,0,0,90,John,Friesz,779,82,0,234,7,53,0,7,631,22,631,52,31,0,0,79,2,0,0,23,0,0,52,0,33,1009,84,16,18,23,0,1,57,0,2,0,0,0,0,0,82,10,0,0,0,2,0,60,0,0,17,0,2,234,3,25,0,6,88,73,49,10,0,64,0,0,100,10,59,85,85,2,2,2,2,4,20,72,5,10,15,8,0,20,0,0,0,20,0,13,9,1062,0,76,54,1023,0,0,-30,0,0,107
45,6,0,6,0,27,Scott,Frost,906,86,0,57,22,90,0,7,632,18,632,88,24,0,1,70,0,0,2,63,0,0,89,2,15,1015,92,64,13,33,0,1,28,0,0,0,0,0,0,0,142,45,0,2,0,1,0,46,0,0,47,2,2,57,3,66,0,2,9,47,82,2,0,41,0,1,97,15,55,76,66,1,0,1,0,0,18,84,21,39,17,12,23,23,0,16,16,65,5,12,7,516,0,75,58,1023,13,1,-19,0,0,204
37,6,6,6,6,16,Irving,Fryar,651,77,0,108,17,83,0,5,633,26,633,75,36,0,0,84,2,0,0,89,0,0,81,2,1,1009,61,22,28,29,0,1,65,0,0,0,0,0,0,0,142,45,49,0,0,2,0,60,0,1,86,0,2,108,3,70,0,1,17,57,80,16,0,73,0,0,95,19,59,81,95,3,3,3,3,3,20,63,5,15,15,13,0,20,0,3,3,20,0,8,6,651,0,72,40,1023,75,0,-30,0,0,229
45,6,6,6,6,13,Texans,FS #26,400,92,0,0,10,84,0,5,634,32,634,83,28,0,0,87,1,0,0,59,0,0,82,2,33,29,82,65,26,25,0,8,29,0,0,0,0,0,0,0,265,45,48,0,0,3,0,60,0,0,26,2,4,0,0,0,0,15,13,58,85,6,0,29,0,0,0,15,62,73,64,3,3,3,3,4,21,79,5,20,15,11,5,20,0,17,17,15,3,11,12,400,0,70,49,1023,15,1,-30,0,0,374
45,6,6,6,6,15,Texans,FS #27,400,99,0,0,14,84,0,5,635,32,635,83,29,0,0,87,1,0,0,64,0,0,81,2,33,29,82,66,22,26,0,8,28,0,0,0,0,0,0,0,265,2,79,0,0,3,0,60,0,0,27,2,4,0,0,0,0,15,15,69,82,6,0,29,0,0,25,15,62,82,84,3,3,3,3,0,21,77,5,20,15,9,5,20,0,18,18,15,2,9,7,400,0,72,43,1023,15,1,-30,0,0,52
45,7,6,7,6,28,Chris,Fuamatu-Ma'af,563,88,0,84,10,85,2,4,636,29,636,83,22,2,0,83,0,0,1,74,0,0,81,2,28,1015,72,14,34,35,0,13,78,0,0,0,0,0,0,0,233,45,0,2,1,3,4,39,0,0,45,2,4,84,3,35,0,7,37,52,57,2,0,97,0,1,100,22,72,82,83,1,0,1,0,4,26,62,42,44,46,11,7,25,1,1,1,5,3,36,25,480,1,72,92,1023,20,1,-19,0,0,204
45,6,6,6,6,14,Corey,Fuller,858,92,0,108,11,89,0,5,637,5,637,87,28,0,0,87,1,0,0,58,0,0,87,2,33,1009,82,66,23,24,0,7,28,0,0,0,0,0,0,0,64,45,27,0,0,4,0,60,0,0,24,1,4,108,3,50,0,2,16,68,84,5,0,28,0,0,84,12,62,80,80,3,3,3,3,4,21,91,5,15,15,13,0,20,0,16,16,20,5,7,9,585,0,70,50,1023,20,0,-30,0,0,253
45,6,6,6,6,13,Randy,Fuller,0,94,0,0,16,89,0,5,638,1009,638,88,28,0,0,80,1,0,0,56,0,0,87,2,33,13,75,58,19,22,0,7,27,0,0,0,0,0,0,0,212,45,44,0,0,0,0,60,0,0,21,2,0,0,2,25,0,4,13,47,83,6,0,29,0,0,79,17,55,77,78,3,3,3,3,2,18,99,5,15,15,11,0,20,0,16,16,20,5,8,9,100,0,70,20,1023,20,0,-30,0,0,99
45,3,3,3,3,50,Oronde,Gadsden,1289,96,0,216,50,95,3,0,639,12,639,90,27,0,0,80,1,0,0,86,0,0,91,2,0,1009,90,50,50,50,0,0,64,0,0,0,0,0,0,0,257,36,28,0,0,3,0,60,0,0,86,2,4,216,3,0,0,0,50,59,96,5,0,50,0,0,97,50,62,88,78,3,3,3,3,4,21,64,10,23,15,11,0,28,0,3,3,10,0,11,6,1289,0,74,55,1023,65,1,-30,0,0,148
45,5,5,5,5,15,Scott,Galbraith,0,83,0,0,13,70,0,7,640,1009,640,68,32,0,0,91,2,0,0,71,0,0,68,2,33,25,86,31,63,65,0,8,62,0,2,0,0,0,0,0,231,45,0,0,0,0,0,60,0,0,89,2,0,0,0,30,0,7,16,54,68,10,0,65,0,0,95,14,76,79,70,2,2,2,2,4,28,44,15,25,20,12,5,30,0,4,4,30,1,45,23,0,0,74,98,1023,15,1,-30,0,0,238
35,6,6,6,6,17,Joey,Galloway,759,98,0,483,15,99,0,5,641,11,641,95,27,0,0,81,1,0,0,92,0,0,95,2,8,1015,76,22,26,27,0,1,62,0,0,0,0,0,0,0,156,13,83,0,0,1,0,60,0,1,84,2,1,483,3,75,0,1,19,89,90,5,0,72,0,0,97,16,56,95,95,3,3,3,3,1,18,83,5,15,15,10,0,20,0,3,3,20,3,12,9,2069,0,71,36,1023,90,4,-30,0,0,143
45,3,3,2,3,32,Kendall,Gammon,200,75,0,0,19,73,0,7,642,9,642,40,32,0,0,87,0,0,0,10,0,0,70,0,31,1015,82,11,77,77,0,3,54,0,0,0,0,2,0,2,165,45,100,0,0,1,0,4,0,0,83,2,4,0,0,6,0,6,37,0,54,9,0,10,0,1,100,23,87,74,76,0,0,0,0,4,34,55,79,51,47,11,41,13,0,7,7,51,2,25,24,200,0,76,95,1023,2,31,-19,0,0,150
45,5,5,5,5,15,Wayne,Gandy,660,60,0,100,12,60,0,7,643,29,643,42,28,0,0,86,1,0,0,14,0,0,45,2,15,1009,81,31,85,85,0,3,26,0,2,0,0,0,0,0,14,4,0,0,0,4,0,60,0,0,72,2,4,100,3,0,0,1,17,46,27,6,0,25,0,0,99,14,91,77,73,2,2,2,2,3,36,48,23,25,20,8,21,30,0,5,5,35,6,32,30,660,0,76,148,1023,0,0,-30,0,0,32
45,0,0,0,0,85,Rich,Gannon,3781,98,0,896,18,69,0,7,644,23,644,66,33,0,0,88,2,0,0,23,0,0,68,0,33,1009,80,17,19,23,0,1,64,0,2,0,0,0,0,0,49,18,25,0,0,7,0,60,0,0,12,2,7,896,3,25,0,4,92,82,65,13,0,71,0,0,72,20,58,89,86,2,2,2,2,0,19,81,5,10,15,7,0,20,0,0,0,20,1,7,7,3781,0,75,45,1023,0,0,-30,0,1,394
45,6,6,6,6,14,Kenneth,Gant,0,83,0,0,10,81,0,5,645,1009,645,80,32,0,0,89,2,0,0,58,0,0,81,2,33,5,81,62,24,26,0,8,35,0,0,0,0,0,0,0,265,45,0,0,0,0,0,60,0,0,29,2,0,0,0,25,0,9,15,54,83,10,0,29,0,0,43,15,64,75,75,3,3,3,3,2,22,86,5,20,15,12,5,20,0,17,17,15,2,7,10,77,0,71,35,1023,15,1,-30,0,0,253
45,5,5,5,5,17,Frank,Garcia,198,70,0,0,15,50,0,7,646,21,646,45,27,0,0,85,1,0,0,17,0,0,46,0,33,1009,80,29,77,78,0,3,24,0,2,0,0,0,0,0,252,45,0,0,0,2,0,60,0,0,65,2,3,0,2,0,0,4,19,39,30,5,0,27,0,0,64,17,90,71,75,2,2,2,2,29,35,31,26,25,35,9,23,30,0,7,6,25,41,30,27,198,0,74,142,1023,0,1,-30,0,0,258
45,0,0,0,0,82,Jeff,Garcia,1568,95,0,177,15,85,0,7,647,15,647,80,29,0,0,77,1,0,0,22,0,0,80,0,33,1009,87,17,16,21,0,1,55,0,2,0,0,0,0,0,185,45,0,0,0,5,0,60,0,0,5,1,5,177,3,0,0,15,91,65,57,3,0,61,0,0,99,17,57,83,70,2,2,2,2,0,18,88,5,10,15,9,0,20,0,0,0,20,2,9,9,855,0,73,35,1023,0,0,-30,0,0,315
45,6,7,6,7,13,Barry,Gardner,1192,87,0,184,16,87,1,7,648,13,648,82,21,0,0,81,0,0,1,55,0,0,73,3,15,1015,83,80,15,33,3,3,39,0,0,0,0,1,0,1,151,45,100,3,3,4,0,55,0,0,52,0,4,184,3,79,0,2,27,48,54,1,0,27,0,1,73,21,78,77,60,4,3,4,3,5,29,51,7,36,52,7,49,27,0,15,13,73,0,19,24,1192,0,73,85,1023,8,0,-19,0,0,204
40,3,3,3,3,29,Daryl,Gardener,3042,90,0,150,22,73,0,4,649,12,649,63,26,0,0,70,1,0,0,49,0,0,53,2,11,1015,87,75,35,38,0,3,35,0,0,0,0,1,0,1,17,12,42,0,0,2,0,33,0,0,92,2,5,150,3,82,0,1,21,66,47,4,0,14,0,1,95,21,95,83,73,2,0,2,0,7,38,30,19,16,25,13,16,22,0,12,12,35,5,30,26,750,0,78,135,1023,0,3,-19,0,0,204
45,6,6,6,6,11,Moe,Gardner,0,65,0,138,11,60,0,5,650,1009,650,55,30,0,0,88,2,0,0,27,0,0,49,2,33,13,84,86,34,35,0,3,40,0,0,0,0,0,0,0,84,40,0,0,0,0,0,60,0,0,67,1,0,138,3,25,0,4,15,64,53,9,0,31,0,0,96,12,90,81,75,3,3,3,3,7,35,41,25,25,35,7,20,30,0,12,12,30,5,39,27,705,0,74,105,1023,0,2,-30,0,0,94
45,0,0,0,0,25,Chris,Gardocki,827,98,0,21,92,55,0,7,651,5,651,54,29,0,0,70,1,0,0,12,0,0,53,0,33,1009,75,27,18,19,0,1,27,0,2,0,0,0,0,0,38,6,55,0,0,5,0,60,1,0,17,1,5,21,1,0,0,3,27,53,36,9,0,20,0,0,100,87,43,91,96,2,2,2,2,2,12,81,10,15,15,11,5,20,0,20,20,15,0,4,8,103,0,73,34,1023,0,0,-30,0,0,120
45,3,1,3,1,17,Kelvin,Garmon,427,83,0,32,22,77,0,7,652,11,652,55,21,0,0,96,0,0,1,31,0,0,52,3,13,1009,92,13,81,88,1,3,23,0,0,0,3,2,3,2,17,45,100,0,0,4,0,5,0,0,63,2,4,32,2,2,0,6,17,46,10,1,0,26,0,1,77,16,83,75,57,2,2,2,2,56,32,13,30,41,46,13,39,12,0,8,8,59,48,36,25,194,0,74,190,1023,5,0,-19,0,0,204
45,6,6,6,6,17,Charlie,Garner,1146,86,0,330,16,95,0,5,653,15,653,92,27,0,0,85,1,0,0,83,0,0,93,2,33,1009,82,31,31,32,0,8,86,0,0,0,0,0,0,0,211,23,98,0,0,2,0,60,0,0,25,2,2,330,3,70,0,2,19,80,75,6,0,99,0,0,100,18,65,92,71,3,3,3,3,0,22,91,5,20,15,13,0,30,0,1,1,25,4,4,5,1563,0,70,30,1023,75,0,-30,0,0,147
45,4,4,4,4,22,Sam,Garnes,538,90,0,69,25,90,0,0,654,16,654,89,25,0,0,86,0,5,4,60,0,0,83,2,3,1015,76,73,18,34,0,8,26,0,0,0,0,0,0,0,36,45,68,0,0,1,0,47,0,0,20,2,3,69,3,74,0,5,12,79,85,3,0,40,0,1,6,23,64,81,72,0,3,0,3,4,22,68,23,24,31,10,3,48,0,18,18,27,1,21,24,538,1,75,95,1023,6,2,-19,0,0,204
45,0,0,0,0,83,Jason,Garrett,620,83,0,69,10,67,0,7,655,16,655,63,33,0,0,72,2,0,0,20,0,0,65,0,33,1009,77,20,15,18,0,1,52,0,2,0,0,0,0,0,168,45,0,0,0,2,0,60,0,0,17,2,4,69,3,30,0,15,79,50,52,7,0,63,0,0,87,12,52,77,79,2,2,2,2,4,16,67,5,10,15,8,0,20,0,0,0,20,1,6,11,423,0,74,40,1023,0,4,-30,0,0,107
45,1,6,1,6,26,Olandis,Gary,0,90,0,0,32,85,0,7,656,1009,656,90,23,0,0,90,0,5,0,68,0,0,80,3,28,1015,94,31,31,48,0,7,85,0,0,0,2,0,2,0,70,45,100,2,2,0,0,11,0,0,22,2,0,0,3,83,0,4,37,48,76,1,0,67,0,1,56,26,72,75,61,0,1,0,1,4,26,84,58,45,46,8,27,26,0,1,1,4,1,8,7,678,2,71,58,1023,26,0,-19,0,0,204
45,5,5,5,5,16,Sam,Gash,592,78,0,192,12,73,0,5,657,25,657,68,30,0,0,93,1,0,0,59,0,0,68,2,33,1009,88,40,68,77,0,8,72,0,0,0,2,2,2,2,164,45,48,0,0,1,0,60,0,0,32,0,2,192,3,50,0,8,17,65,58,8,0,68,0,0,100,14,78,94,80,2,2,2,2,5,29,53,10,25,20,12,5,30,0,2,2,25,0,31,21,807,0,72,82,1023,15,1,-30,0,0,235
45,5,5,5,5,17,Scott,Galyon,200,91,0,0,15,80,0,7,658,12,658,76,25,0,0,84,1,0,0,63,0,0,73,2,2,4,79,72,53,55,0,8,63,0,2,0,0,0,0,0,211,45,0,0,0,1,0,60,0,0,58,1,4,0,0,0,0,6,18,70,66,4,0,63,0,0,100,16,69,71,78,2,2,2,2,4,24,72,15,25,20,10,5,30,0,14,4,30,7,31,12,200,0,74,78,1023,25,0,-30,0,0,16
45,5,5,5,5,13,Chris,Gedney,515,82,0,51,11,70,0,7,659,7,659,67,28,0,0,91,1,0,0,70,0,0,68,0,33,1009,86,21,62,63,0,8,62,0,2,0,0,0,0,0,205,45,0,0,0,2,0,60,0,0,86,2,4,51,3,50,0,3,14,46,68,7,0,55,0,0,79,12,76,76,64,2,2,2,2,3,28,89,15,25,20,11,5,30,0,4,4,30,2,3,8,351,0,77,0,1023,15,2,-30,0,0,48
21,6,6,6,6,22,Eddie,George,3603,99,0,730,15,89,0,0,660,30,660,87,26,1,1,91,1,0,0,76,0,0,86,3,15,1015,99,20,39,31,0,7,92,0,0,0,0,0,0,0,156,12,63,0,0,2,0,18,0,0,27,0,5,730,3,71,0,1,39,78,64,4,0,87,0,1,100,29,85,90,82,0,0,0,0,1,32,71,9,12,23,13,11,37,0,1,1,32,2,34,12,3603,2,75,75,1023,0,3,-19,0,0,204
45,0,0,0,0,88,Jeff,George,725,88,0,507,7,62,0,7,661,26,661,60,31,0,0,84,2,0,0,26,0,0,59,0,1,1009,89,18,22,25,0,1,58,0,2,0,0,0,0,0,265,18,42,0,0,1,0,60,0,0,3,0,1,507,3,60,0,1,99,81,46,10,0,64,0,0,100,10,64,92,87,2,2,2,2,2,22,76,5,10,15,13,0,20,0,0,0,20,2,5,10,1977,0,76,58,1023,0,0,-30,0,0,301
45,5,5,5,5,10,Ron,George,150,79,0,0,9,80,0,7,662,9,662,78,29,0,0,91,1,0,0,50,0,0,70,2,33,30,86,78,30,31,0,3,33,0,2,0,2,2,2,2,265,45,0,0,0,2,0,60,0,0,55,2,3,0,2,25,0,5,14,36,65,7,0,28,0,0,100,12,76,78,76,2,2,2,2,3,28,54,15,25,20,12,5,30,0,15,13,25,1,28,22,150,0,74,83,1023,0,1,-30,0,0,141
45,6,4,6,4,16,Tony,George,105,88,0,15,17,89,0,0,663,22,663,86,23,0,1,63,0,0,0,63,0,0,76,0,16,1015,79,51,17,28,0,11,15,0,0,0,0,0,0,0,62,45,100,0,0,1,4,79,0,0,41,0,1,15,2,85,0,3,24,38,94,1,0,58,0,1,72,36,55,64,55,3,0,3,0,4,18,83,38,22,20,8,4,11,2,18,17,22,4,8,6,105,0,71,45,1023,0,0,-19,0,0,150
45,0,0,0,0,71,Joe,Germaine,70,99,0,9,21,59,0,5,664,24,664,56,21,0,0,82,0,0,0,29,0,0,58,0,2,1015,88,39,26,17,0,1,48,0,0,0,0,0,0,0,156,45,100,2,2,1,0,44,0,0,9,2,1,9,2,85,0,4,90,26,53,1,0,46,0,1,65,18,57,63,57,0,2,0,2,3,18,71,8,13,18,13,6,8,0,0,0,7,4,9,12,70,0,74,60,1023,0,0,-19,0,0,150
45,3,6,3,6,24,Jammi,German,799,96,0,126,21,87,0,4,665,14,665,83,24,2,1,83,0,0,0,78,0,0,85,1,26,1015,81,24,23,38,0,1,55,0,0,0,0,9,0,9,115,45,0,0,0,1,0,5,0,0,87,2,2,126,2,89,0,2,17,40,88,2,0,57,0,1,75,10,57,74,64,4,0,4,0,5,18,73,18,18,18,12,13,25,0,3,3,27,2,4,5,799,0,73,32,1023,34,1,-19,0,0,58
45,4,3,4,3,10,Aaron,Gibson,1725,79,0,42,15,64,0,4,666,19,666,55,24,0,0,87,0,1,0,28,1,0,54,0,32,1015,65,16,87,83,0,3,36,0,4,0,0,4,0,4,258,12,100,0,0,4,3,2,0,0,71,2,4,42,2,82,0,1,13,44,41,1,0,20,0,1,97,25,88,76,63,0,2,0,2,35,34,5,23,16,45,10,34,19,0,6,9,37,34,26,22,280,0,78,215,1023,1,0,-19,0,0,150
45,6,6,6,6,12,Oliver,Gibson,1000,58,0,500,12,55,0,5,667,2,667,46,27,0,0,89,1,0,0,18,0,0,46,2,33,28,85,78,37,38,0,3,31,0,0,0,0,0,0,0,152,40,0,0,0,5,0,60,0,0,99,2,5,500,0,25,0,4,16,39,44,5,0,22,0,0,100,13,91,77,82,3,3,3,3,40,36,19,28,25,34,13,26,30,0,12,12,30,40,41,23,1000,0,74,144,1023,0,0,-30,0,0,273
4,6,6,6,6,9,Sean,Gilbert,1023,64,0,198,9,70,0,5,668,21,668,54,29,0,0,92,1,0,0,26,0,0,58,1,3,25,88,83,39,40,0,3,39,0,0,0,0,0,0,0,166,40,28,0,0,2,0,60,0,0,94,1,3,198,3,65,0,1,14,69,56,8,0,30,0,0,71,11,92,79,62,3,3,3,3,8,36,35,21,25,20,7,25,30,0,12,12,30,16,41,27,1023,0,77,158,1023,0,0,-30,0,0,364
45,5,5,5,5,14,Jason,Gildon,1408,89,0,144,13,79,0,7,669,29,669,74,26,0,0,92,1,0,0,53,0,0,78,2,33,1015,87,85,32,33,0,3,35,0,2,0,0,0,0,0,158,45,43,0,0,4,0,60,0,0,92,1,5,144,3,50,0,3,18,59,70,6,0,51,0,0,100,16,76,88,95,2,2,2,2,6,28,50,15,25,20,13,10,30,0,13,13,20,4,43,24,768,0,76,95,1023,0,5,-30,0,0,293
45,7,6,7,6,27,Cory,Gilliard,0,72,0,0,18,84,1,5,670,1009,670,94,24,0,0,89,0,0,0,71,0,0,88,2,32,1015,82,60,14,36,0,7,38,0,0,0,0,0,0,0,16,32,48,3,3,0,0,40,0,0,28,2,0,0,2,76,0,3,21,46,77,3,0,51,0,1,46,22,66,72,52,0,1,0,1,0,23,66,15,43,13,13,11,28,1,18,17,3,1,9,11,215,1,72,50,1023,12,2,-19,0,0,204
45,5,5,5,5,16,Mike,Gisler,0,60,0,0,12,50,0,7,671,1009,671,42,29,0,0,86,1,0,0,13,0,0,45,0,33,1009,81,30,79,80,0,3,25,0,2,0,0,0,0,0,80,45,0,0,0,0,0,60,0,0,65,2,0,0,2,0,0,11,17,24,26,7,0,24,0,0,97,14,91,67,58,2,2,2,2,10,36,45,19,25,21,11,19,30,0,7,6,25,10,23,30,150,0,76,135,1023,0,1,-30,0,0,122
13,6,6,6,6,17,Aaron,Glenn,2386,99,0,366,18,99,0,5,672,18,672,96,26,0,0,81,1,0,0,64,0,0,97,2,12,1015,76,61,22,26,0,7,46,0,0,0,0,0,0,0,215,38,56,0,0,3,0,60,0,0,31,0,4,366,3,70,0,1,19,82,86,6,0,53,0,0,100,19,56,92,92,3,3,3,3,2,18,78,5,15,15,7,0,20,0,16,16,20,0,2,7,1627,0,69,25,1023,85,5,-30,0,0,224
25,3,1,3,1,34,Tarik,Glenn,2882,85,0,585,29,76,0,7,673,10,673,59,24,0,0,97,0,0,0,31,1,0,54,2,26,1015,79,15,92,89,0,3,27,0,2,0,0,2,0,2,121,12,72,0,0,3,0,24,0,0,78,1,5,585,3,84,0,1,16,66,19,3,0,31,0,1,100,31,83,83,77,4,2,4,2,17,32,31,24,38,21,7,17,2,0,5,6,108,21,32,24,2882,0,77,172,1023,4,2,-19,0,0,204
36,4,4,4,4,28,Terry,Glenn,6320,99,0,225,18,99,0,7,674,22,674,97,25,0,1,99,0,0,0,93,0,0,98,1,5,1015,85,23,20,23,0,0,51,0,0,0,0,7,0,7,156,12,59,0,0,2,0,24,0,0,88,2,5,225,3,78,0,1,10,75,87,4,0,53,0,1,100,14,55,90,70,2,0,2,0,3,18,77,8,8,32,12,6,8,0,3,3,23,4,9,4,1323,0,71,35,1023,0,3,-19,0,0,58
45,5,5,5,5,15,Andrew,Glover,788,86,0,128,13,75,0,7,675,27,675,71,31,0,0,90,2,0,0,72,0,0,71,2,33,1009,85,27,62,63,0,8,66,0,2,0,0,0,0,0,72,45,51,0,0,1,0,60,0,0,82,2,4,128,3,30,0,10,17,57,71,9,0,61,0,0,100,15,75,82,74,2,2,2,2,6,28,66,15,25,20,11,5,30,0,4,4,30,3,27,25,788,0,78,90,1023,15,3,-30,0,0,291
5,5,5,5,5,22,Kevin,Glover,728,88,0,261,19,64,0,7,676,1014,676,56,35,0,0,82,2,0,0,21,0,0,56,2,33,1009,65,34,99,92,0,3,29,0,2,0,0,0,0,0,111,26,69,0,0,1,0,60,0,0,53,1,2,261,3,0,0,2,24,84,34,15,0,32,0,0,97,21,83,95,99,2,2,2,2,3,32,43,20,25,35,8,20,25,0,7,7,10,9,22,23,993,0,74,118,1023,0,1,1,0,0,293
45,5,5,5,5,24,La'Roi,Glover,2525,91,0,255,14,80,0,4,677,27,677,55,25,0,0,99,1,0,0,50,0,0,55,2,17,1009,99,82,26,25,0,3,22,0,0,0,0,0,0,0,180,40,23,0,0,3,0,47,0,0,97,2,5,255,3,88,0,3,24,71,59,4,0,30,0,1,17,18,98,85,63,0,0,0,0,7,39,37,16,22,32,8,17,23,0,12,12,63,31,31,25,1377,1,74,125,1023,0,2,-19,0,0,204
45,7,4,7,4,35,Phil,Glover,116,87,0,14,25,73,0,5,678,10,678,77,23,0,0,91,0,1,0,53,0,0,78,3,14,1015,83,66,11,33,0,3,32,0,0,0,0,7,0,7,233,45,100,0,0,1,0,4,0,0,51,2,1,14,2,0,0,4,37,36,61,1,0,29,0,1,54,36,77,66,57,4,0,4,0,3,28,64,44,53,15,11,17,24,0,15,15,26,5,31,22,116,1,71,81,1023,8,0,-19,0,0,204
45,6,6,6,6,8,Tim,Goad,0,64,0,129,8,56,0,5,679,1009,679,56,33,0,0,85,2,0,0,28,0,0,55,0,33,24,75,86,22,23,0,3,41,0,0,0,0,0,0,0,135,40,0,0,0,0,0,60,0,0,73,2,0,129,3,25,0,4,14,59,54,12,0,32,0,0,87,11,81,74,72,3,3,3,3,7,30,45,20,25,34,11,15,30,0,12,12,30,9,26,30,670,0,75,122,1023,0,2,-30,0,0,63
45,4,4,4,4,20,Randall,Godfrey,2035,93,0,195,21,87,0,4,680,30,680,85,26,0,0,99,1,0,0,51,0,0,82,3,28,1015,91,89,21,20,0,6,33,0,0,0,0,2,0,2,70,12,30,0,0,2,0,49,0,0,56,0,5,195,3,91,0,1,21,63,66,4,0,39,0,1,75,22,79,79,64,0,0,0,0,3,30,56,9,14,48,8,15,16,0,14,14,20,1,28,23,2035,1,74,85,1023,0,3,-19,0,0,204
45,5,5,5,5,15,Leo,Goeas,0,66,0,28,12,50,0,7,681,1009,681,43,32,0,0,85,2,0,0,14,0,0,43,0,33,24,80,29,82,86,0,3,24,0,2,0,0,0,0,0,76,45,0,0,0,0,0,60,0,0,60,0,0,28,2,0,0,3,17,54,27,10,0,25,0,0,59,14,90,74,71,2,2,2,2,6,35,39,23,25,27,8,22,30,0,6,6,25,7,28,24,190,0,76,140,1023,0,1,-30,0,0,360
45,1,3,1,3,13,Mike,Goff,326,79,0,62,23,65,0,7,682,2,682,52,23,0,0,89,0,0,1,15,0,0,59,0,10,1015,96,23,88,83,0,3,24,0,2,0,6,0,6,0,89,45,62,0,0,1,0,23,0,0,63,1,2,62,3,61,0,5,21,58,18,2,0,31,0,1,100,23,94,84,81,2,2,2,2,9,37,38,17,42,28,13,19,38,0,8,8,104,15,39,28,326,0,77,151,1023,8,1,-19,0,0,150
5,5,5,5,5,16,Kevin,Gogan,571,65,0,120,13,56,0,7,683,8,683,43,34,0,0,88,2,0,0,15,0,0,46,0,33,14,77,33,98,96,0,3,28,0,2,0,0,0,0,0,252,26,0,0,0,1,0,60,0,0,66,1,1,120,3,0,0,8,18,68,28,13,0,26,0,0,96,15,91,93,95,2,2,2,2,15,36,34,22,25,34,10,18,30,0,8,9,25,18,27,27,571,0,79,157,1023,0,0,2,0,0,362
45,5,5,5,5,13,Keith,Goganious,0,94,0,63,12,75,0,7,684,1009,684,72,30,0,0,91,1,0,0,33,0,0,72,0,33,24,86,89,30,31,0,3,33,0,2,0,0,0,0,0,164,45,0,0,0,0,0,60,0,0,57,1,0,63,3,25,0,3,17,64,68,8,0,31,0,0,68,15,76,82,85,2,2,2,2,1,28,74,15,25,20,9,10,30,0,15,15,20,5,24,11,396,0,74,79,1023,0,1,-30,0,0,63
45,0,0,0,0,77,Pete,Gonzalez,0,89,0,0,12,60,0,7,685,1009,685,59,25,0,0,78,1,0,0,21,0,0,58,2,7,4,83,16,17,22,0,1,56,0,2,0,0,0,0,0,166,45,0,0,0,0,0,60,0,0,7,0,0,0,0,0,0,15,87,92,55,1,0,63,0,0,0,15,58,66,57,2,2,2,2,1,19,83,5,10,15,11,0,20,0,0,0,20,2,7,6,50,0,73,56,1023,0,0,-30,0,0,20
37,6,1,6,1,20,Tony,Gonzalez,7592,96,0,2296,20,98,2,7,686,9,686,89,24,0,0,90,0,0,0,94,0,0,90,1,18,1015,80,25,56,50,0,11,65,6,0,0,0,2,0,2,28,12,78,2,2,5,4,43,0,0,88,1,7,2296,3,61,0,1,17,77,73,3,0,60,6,1,84,25,79,99,99,0,4,0,4,7,30,52,58,17,29,9,25,21,0,4,4,76,6,18,22,7592,1,77,91,1023,2,2,-19,0,0,58
45,3,4,3,4,20,Jeff,Gooch,400,81,0,0,21,90,0,5,687,6,687,78,25,0,0,72,1,0,0,49,0,0,82,2,8,15,75,78,25,24,0,3,26,0,0,0,0,0,0,0,15,45,0,0,0,3,0,54,0,0,50,2,4,0,2,0,0,5,31,51,61,4,0,28,0,1,100,18,75,81,75,2,4,2,4,4,28,76,10,12,34,11,10,11,0,13,15,26,8,24,14,400,0,71,66,1023,0,1,-19,0,0,195
45,3,2,3,2,50,Hunter,Goodwin,356,86,0,51,24,70,0,7,688,12,688,70,27,0,0,80,1,1,1,63,0,0,68,0,13,1009,92,35,58,65,0,6,62,0,0,0,0,0,0,0,215,45,0,0,0,3,0,34,0,0,83,2,3,51,2,52,0,4,20,36,73,4,0,55,0,1,76,21,80,74,62,2,3,2,3,3,30,55,9,12,25,9,9,12,0,4,4,33,7,41,26,356,1,77,108,1023,0,0,-19,0,0,152
45,6,6,6,6,17,Darrien,Gordon,990,99,0,96,16,95,0,5,689,23,689,94,28,0,0,77,1,0,0,62,0,0,92,2,22,1009,72,62,22,23,0,7,48,0,0,0,0,0,0,0,200,30,66,0,0,2,0,60,0,0,23,0,2,96,3,70,0,1,19,71,88,7,0,55,0,0,35,18,52,88,81,3,3,3,3,2,16,84,5,15,15,11,0,20,0,17,16,20,2,1,6,990,0,71,22,1023,90,2,-30,0,0,100
45,5,5,5,5,10,Dwayne,Gordon,100,80,0,0,9,75,0,7,690,18,690,70,30,0,0,90,1,0,0,51,0,0,69,2,33,7,85,77,28,29,0,3,31,0,2,0,0,0,0,0,265,45,0,0,0,1,0,60,0,0,54,2,3,0,2,25,0,8,15,34,66,7,0,29,0,0,91,13,75,69,68,2,2,2,2,5,28,58,15,25,20,13,10,30,0,14,13,20,4,34,14,100,0,73,80,1023,0,2,-30,0,0,73
5,5,5,5,5,13,Kurt,Gouveia,300,76,0,200,12,64,0,7,691,1014,691,62,34,0,0,89,2,0,0,54,0,0,62,0,33,7,72,90,27,28,0,3,30,0,2,0,2,2,2,2,26,28,38,0,0,1,0,60,0,0,56,2,1,200,3,25,0,8,17,66,65,14,0,32,0,0,65,15,74,82,89,2,2,2,2,5,27,65,15,25,20,9,5,30,0,14,13,25,3,29,14,300,0,73,73,1023,0,0,-30,0,0,38
45,0,0,0,0,18,Toby,Gowin,66,83,0,10,78,54,0,6,692,27,692,40,24,0,0,61,0,0,0,32,0,0,46,0,11,1009,65,12,11,9,0,5,25,0,4,0,0,0,0,0,148,14,0,2,2,1,2,64,0,0,4,2,1,10,2,87,0,4,11,30,32,3,0,20,0,1,69,84,14,58,52,0,0,0,0,2,0,81,45,27,26,8,12,18,0,20,20,49,5,8,9,121,0,70,7,1023,0,2,-19,0,0,150
45,5,5,5,5,16,Scott,Gragg,139,60,0,34,13,55,0,7,693,15,693,43,27,0,0,86,1,0,0,15,0,0,43,0,33,1015,81,31,84,85,0,3,26,0,2,0,0,0,0,0,124,45,0,0,0,1,0,60,0,0,78,0,1,34,2,0,0,2,18,47,28,5,0,26,0,0,75,15,91,72,60,2,2,2,2,16,36,24,15,25,21,11,17,30,0,9,9,35,27,24,25,252,0,80,155,1023,0,4,-30,0,0,34
45,1,0,1,0,27,Aaron,Graham,0,75,0,0,10,75,0,7,694,1009,694,51,26,0,0,57,1,0,0,16,0,0,58,0,4,1015,55,24,79,87,0,2,23,0,2,0,0,0,0,0,142,14,76,0,0,0,0,0,0,0,70,0,0,0,2,74,0,4,25,56,28,4,0,36,0,1,75,28,88,79,70,2,0,2,0,6,34,29,23,21,31,13,24,21,0,7,7,42,8,45,24,360,0,76,141,1023,0,3,-19,0,0,150
45,3,4,3,4,19,DeMingo,Graham,202,77,0,38,26,72,0,3,695,8,695,64,26,0,0,95,0,0,0,19,0,0,70,0,20,1015,77,16,83,77,0,3,10,0,2,0,0,3,0,3,78,45,0,0,0,1,3,47,0,0,71,2,2,38,3,8,0,7,13,46,24,2,0,29,0,1,43,22,86,75,61,2,2,2,2,33,33,25,32,29,42,9,22,20,0,8,6,50,38,42,23,202,0,75,150,1023,2,1,-19,0,0,150
45,5,5,5,5,15,Derrick,Graham,0,69,0,69,12,45,0,7,696,1009,696,42,32,0,0,87,2,0,0,12,0,0,42,2,33,22,82,32,84,87,0,3,27,0,2,0,0,0,0,0,7,45,52,0,0,0,0,60,0,0,62,0,0,69,3,0,0,5,17,51,25,10,0,23,0,0,63,14,92,78,81,2,2,2,2,10,36,32,20,25,24,7,22,30,0,8,8,25,8,33,27,312,0,76,150,1023,0,0,-30,0,0,77
45,4,0,4,0,23,Jay,Graham,0,99,0,0,12,91,0,7,697,1009,697,85,23,0,0,93,0,1,0,65,0,0,89,3,16,1015,90,24,33,27,0,8,78,0,0,0,0,0,0,0,211,45,0,0,0,0,0,44,0,0,34,2,0,0,3,77,0,3,34,50,71,3,0,80,0,1,98,27,74,78,63,2,1,2,1,4,27,84,3,28,35,12,35,31,0,1,1,10,2,6,12,604,0,71,55,1023,3,2,-19,0,0,204
45,6,6,6,6,16,Jeff,Graham,1469,90,0,249,17,89,0,5,698,8,698,87,30,0,0,83,1,0,0,89,0,0,89,1,33,1009,78,23,26,27,0,1,56,0,0,0,0,0,0,0,156,45,44,0,0,3,0,60,0,0,81,2,3,249,3,65,0,2,16,76,85,9,0,66,0,0,99,18,58,86,90,3,3,3,3,1,19,83,5,15,15,9,0,20,0,3,3,20,3,5,9,1469,0,74,40,1023,55,0,-30,0,0,226
45,0,0,0,0,80,Kent,Graham,367,80,0,62,7,62,0,7,699,29,699,60,30,0,0,81,1,0,0,16,0,0,61,0,33,1009,86,18,20,25,0,1,57,0,2,0,0,0,0,0,156,18,0,0,0,1,0,60,0,0,11,2,2,62,3,0,0,8,91,58,46,8,0,63,0,0,36,10,61,80,77,2,2,2,2,4,20,55,5,10,15,9,0,20,0,0,0,20,5,16,14,367,0,77,71,1023,0,1,-30,0,0,80
45,6,6,6,6,16,Scottie,Graham,0,86,0,26,15,86,0,5,700,1009,700,84,30,0,0,87,1,0,0,59,0,0,85,2,33,1,82,32,30,31,0,8,79,0,0,0,0,0,0,0,156,45,0,0,0,0,0,60,0,0,31,2,0,26,2,55,0,7,16,40,64,8,0,74,0,0,44,15,67,73,60,3,3,3,3,1,24,78,5,20,15,12,0,30,0,1,1,25,0,8,8,164,0,69,57,1023,55,1,-30,0,0,146
45,0,0,0,0,24,Martin,Gramatica,550,86,0,84,98,38,0,0,701,6,701,49,23,0,0,48,0,0,0,24,0,0,38,0,26,1015,91,10,22,15,0,5,29,0,2,0,0,0,0,0,96,45,100,3,3,4,0,67,0,0,7,0,4,84,3,85,0,3,29,57,22,1,0,15,0,1,99,84,19,86,54,0,0,0,0,3,0,97,4,0,16,8,0,14,0,19,19,16,3,1,8,550,0,68,10,1023,7,0,-19,0,0,150
45,5,5,5,5,13,Stephen,Grant,0,86,0,52,12,80,0,7,702,1009,702,73,29,0,0,91,1,0,0,34,0,0,72,1,33,9,86,82,30,31,0,3,33,0,2,0,0,0,0,0,254,45,0,0,0,0,0,60,0,0,59,2,0,52,3,25,0,10,17,77,69,8,0,32,0,0,90,15,76,83,88,2,2,2,2,6,28,69,15,25,20,10,10,30,0,14,13,20,9,39,23,317,0,72,82,1023,0,1,-30,0,0,139
45,3,1,3,1,28,Paul,Grasmanis,50,79,0,0,13,78,0,7,703,13,703,55,25,0,1,92,1,0,0,26,0,0,54,0,2,0,81,72,17,18,0,3,29,0,0,0,0,0,0,0,152,40,0,0,0,1,0,72,0,0,96,2,1,0,3,76,0,3,21,49,61,4,0,25,0,1,99,12,91,74,56,2,2,2,2,6,36,34,19,18,26,8,21,18,0,12,12,42,9,44,24,50,0,75,138,1023,0,0,-19,0,0,151
45,6,6,6,6,17,Carlton,Gray,700,90,0,400,16,90,0,5,704,9,704,89,27,0,0,83,1,0,0,58,0,0,87,2,33,15,78,58,23,24,0,7,26,0,0,0,0,0,0,0,226,45,0,0,0,2,0,60,0,0,23,1,2,400,0,50,0,2,19,52,87,7,0,26,0,0,63,18,58,74,66,3,3,3,3,3,19,76,5,15,15,13,0,20,0,16,16,20,5,8,6,700,0,72,38,1023,20,0,-30,0,0,236
45,5,5,5,5,18,Chris,Gray,886,73,0,161,15,55,0,7,705,28,705,45,28,0,0,87,1,0,0,17,0,0,45,0,33,1009,82,32,81,87,0,3,27,0,2,0,0,0,0,0,14,45,0,0,0,6,0,60,0,0,62,0,7,161,3,0,0,5,20,40,30,7,0,28,0,0,100,17,92,76,70,2,2,2,2,7,36,30,21,25,28,9,25,30,0,7,8,25,8,22,25,886,0,76,146,1023,0,1,-30,0,0,165
45,6,6,6,6,15,Derwin,Gray,0,92,0,0,15,87,0,5,706,1009,706,85,28,0,0,85,1,0,0,56,0,0,83,2,33,20,80,65,23,24,0,8,28,0,0,0,0,0,0,0,26,45,0,0,0,0,0,60,0,0,44,2,0,0,2,25,0,4,16,50,84,7,0,32,0,0,76,16,60,75,68,3,3,3,3,3,20,69,5,20,15,8,5,20,0,17,17,15,1,12,6,50,0,71,43,1023,15,0,-30,0,0,100
45,7,4,7,4,13,Torrian,Gray,0,81,0,0,18,93,0,7,707,1009,707,91,25,0,0,63,0,0,0,65,0,0,77,3,24,1015,81,74,18,16,0,9,38,0,0,0,1,0,1,0,241,32,48,1,1,0,3,43,0,0,25,2,0,0,2,75,0,2,19,46,74,3,0,52,0,1,90,20,46,76,61,0,3,0,3,0,13,84,24,31,32,12,8,20,3,17,17,63,0,8,12,0,0,72,40,1023,3,2,-19,0,0,204
45,0,0,0,0,77,Tony,Graziani,0,98,0,0,27,79,0,7,708,1009,708,70,26,0,0,71,0,0,0,22,0,0,73,1,25,1015,76,36,29,19,0,0,43,0,2,0,0,6,0,8,160,45,0,2,2,0,0,29,1,0,10,1,0,0,2,70,0,6,89,47,45,3,0,54,0,1,80,27,57,71,60,2,1,3,0,2,18,63,27,4,16,8,18,15,0,0,0,12,1,7,12,241,0,74,55,1023,1,2,-19,0,0,58
45,0,0,0,0,94,Elvis,Grbac,1844,87,0,428,7,67,0,7,709,9,709,64,28,0,0,83,1,0,0,19,0,0,65,0,33,1009,88,18,22,27,0,1,58,0,2,0,0,0,0,0,117,17,72,0,0,2,0,60,0,0,18,2,4,428,3,30,0,8,89,77,50,7,0,61,0,0,84,10,63,89,81,2,2,2,2,1,22,57,5,10,15,12,0,20,0,0,0,20,0,25,13,1844,0,77,72,1023,0,2,-30,0,0,41
45,1,6,1,6,22,Ahman,Green,1363,82,0,276,19,95,2,10,710,20,710,86,25,2,0,98,0,0,0,68,0,0,93,3,23,1015,90,17,47,32,0,8,80,0,0,0,0,7,0,7,142,22,0,1,1,2,0,18,0,0,30,2,3,276,3,82,0,3,37,62,53,2,0,70,0,1,79,30,84,82,68,4,1,4,1,1,32,90,27,21,46,10,24,29,0,1,1,39,4,10,8,1363,0,72,58,1023,64,1,-19,0,0,204
45,1,5,1,5,25,Cornell,Green,10,71,0,0,10,82,0,7,711,18,711,46,21,0,0,99,0,0,0,20,0,0,69,3,29,1015,92,12,74,86,0,3,20,0,0,0,0,2,0,2,225,45,100,2,2,1,0,25,0,0,74,2,1,0,0,71,0,6,23,0,10,1,0,24,10,1,98,31,83,68,55,2,2,2,2,7,32,40,25,20,31,9,25,29,1,5,9,108,17,35,28,10,0,78,155,1023,5,31,-19,0,0,204
3,6,6,6,6,17,Darrell,Green,4709,96,0,1148,18,93,0,5,712,26,712,89,39,0,0,81,2,0,0,79,0,0,91,2,28,1015,64,59,23,24,0,7,46,0,0,0,0,0,0,0,206,30,41,0,0,4,0,60,0,1,28,1,7,1148,3,50,0,1,19,78,77,17,0,55,0,0,100,19,56,91,93,3,3,3,3,0,18,87,5,15,15,7,0,20,0,16,16,20,3,0,8,4709,0,69,23,1023,80,0,-30,0,0,253
45,0,7,0,7,26,E.G.,Green,354,88,0,50,17,91,0,7,713,10,713,82,22,0,0,77,0,0,0,72,0,0,83,3,22,1015,87,25,13,32,0,0,67,0,0,0,7,8,7,8,64,45,0,2,2,1,0,54,0,0,84,2,2,50,2,90,0,3,30,41,82,2,0,52,0,1,65,13,58,70,60,0,1,0,1,1,19,85,9,11,5,10,4,13,0,3,3,73,1,4,11,354,0,71,30,1023,54,1,-19,0,0,204
45,5,5,5,5,15,Eric,Green,378,87,0,95,13,80,0,7,714,1014,714,72,31,0,0,93,2,0,0,89,0,0,72,2,21,1009,76,34,60,63,0,8,76,0,2,0,0,0,0,0,104,45,64,0,0,1,0,60,0,0,86,2,1,95,3,70,0,1,17,73,78,10,0,68,0,0,100,15,78,94,77,2,2,2,2,5,29,48,19,25,30,7,19,30,0,4,4,30,6,34,22,378,0,77,120,1023,15,0,-30,0,0,105
45,6,6,6,6,15,Harold,Green,0,77,0,132,14,80,0,5,715,1009,715,76,31,0,0,85,2,0,0,69,0,0,78,2,33,13,72,30,38,39,0,8,82,0,0,0,0,0,0,0,176,45,0,0,0,0,0,60,0,0,28,2,0,132,3,55,0,2,16,51,63,10,0,89,0,0,76,15,65,77,81,3,3,3,3,1,22,67,5,20,15,13,0,30,0,1,1,25,9,31,13,708,0,74,62,1023,20,0,-30,0,0,64
36,4,6,4,6,19,Jacquez,Green,1686,90,0,147,27,97,0,1,716,6,716,95,22,0,1,73,0,0,2,79,0,0,96,3,9,1015,85,27,24,39,0,1,45,0,0,0,0,9,0,9,62,12,61,0,0,2,0,32,0,0,81,2,3,147,3,67,0,1,37,63,92,2,0,63,0,1,100,21,53,83,70,0,4,0,4,2,16,84,3,23,30,7,4,20,0,3,3,35,1,8,4,879,0,70,10,1023,57,1,-19,0,0,204
45,6,6,6,6,15,Robert,Green,0,85,0,19,14,85,0,5,717,1009,717,83,28,0,0,83,1,0,0,59,0,0,86,2,33,30,78,39,42,43,0,8,75,0,0,0,0,0,0,0,256,45,0,0,0,0,0,60,0,0,23,2,0,19,2,50,0,15,16,49,64,8,0,76,0,0,92,15,63,74,71,3,3,3,3,1,22,91,5,20,15,11,0,30,0,1,1,25,0,13,9,120,0,68,52,1023,20,1,-30,0,0,100
45,0,0,0,0,82,Trent,Green,2726,89,0,602,12,75,0,7,718,24,718,73,28,0,0,77,1,0,0,21,0,0,74,0,33,1009,82,16,16,21,0,1,56,0,2,0,0,0,0,0,86,18,0,0,0,7,0,60,0,0,10,1,7,602,3,30,0,8,91,81,55,7,0,46,0,0,91,15,57,86,81,2,2,2,2,1,18,70,5,10,15,10,0,20,0,0,0,20,5,6,12,2726,0,75,57,1023,0,0,-30,0,0,237
45,6,6,6,6,16,Victor,Green,717,96,0,63,10,90,0,5,719,18,719,85,29,0,0,92,1,0,0,67,0,0,81,2,33,1009,87,70,22,26,0,8,28,0,0,0,0,0,0,0,2,45,37,0,0,3,0,60,0,0,21,2,4,63,3,25,0,15,16,80,83,7,0,50,0,0,100,15,67,84,77,3,3,3,3,1,24,77,5,20,15,9,5,20,0,18,18,15,5,5,11,489,0,71,50,1023,15,4,-30,0,0,231
45,6,6,6,6,16,Willie,Green,0,90,0,118,17,90,0,5,720,1009,720,87,33,0,0,78,2,0,0,81,0,0,87,2,33,3,73,20,22,23,0,1,56,0,0,0,0,0,0,0,159,45,9,0,0,0,0,60,0,0,85,2,0,118,3,60,0,8,18,47,88,9,0,65,0,0,91,19,53,81,81,3,3,3,3,1,16,90,5,15,15,13,0,20,0,3,3,20,5,5,7,711,0,76,25,1023,20,0,-30,0,0,134
45,1,2,1,2,22,Yatil,Green,0,80,0,0,19,94,0,7,721,1009,721,90,27,0,1,86,0,1,0,82,0,0,91,2,30,1015,69,31,38,24,0,0,57,0,0,0,0,0,0,0,214,36,18,2,2,0,0,3,0,0,87,2,0,0,3,73,0,2,24,52,80,3,0,62,6,1,92,13,53,78,62,4,4,4,4,5,16,69,3,36,41,11,6,19,1,3,3,7,2,11,10,2035,0,74,45,1023,83,2,-19,0,0,204
5,5,5,5,5,11,Kevin,Greene,2204,80,0,588,10,72,0,9,722,1014,722,66,36,0,0,94,2,0,0,55,0,0,72,0,33,1009,77,99,35,36,0,3,38,0,1,0,0,0,0,0,14,28,50,0,0,2,0,60,0,1,91,1,3,588,3,75,0,5,18,74,67,15,0,43,0,0,84,16,75,91,99,2,2,2,2,4,28,61,15,25,20,7,10,30,0,13,13,20,3,37,21,2204,0,75,87,1023,0,0,-30,0,0,175
45,0,3,0,3,12,Scott,Greene,0,75,0,0,17,85,0,7,723,1009,723,83,27,0,1,36,1,0,0,73,0,0,76,0,19,1009,55,27,39,47,2,10,75,0,0,0,6,6,6,6,118,14,86,0,0,0,0,6,0,0,43,1,0,0,3,53,0,6,25,56,52,4,0,75,0,1,100,38,78,73,71,2,3,2,3,1,29,63,23,33,23,13,31,24,0,1,2,6,5,35,11,147,0,71,80,1023,5,1,-19,0,0,150
45,6,6,6,6,17,Carl,Greenwood,0,90,0,0,16,90,0,5,724,1009,724,88,27,0,0,81,1,0,0,56,0,0,87,2,33,17,76,56,24,26,0,7,32,0,0,0,0,0,0,0,226,45,0,0,0,0,0,60,0,0,22,1,0,0,0,25,0,5,19,38,83,5,0,32,0,0,65,18,56,70,59,3,3,3,3,3,18,88,5,15,15,12,0,20,0,16,16,20,3,8,9,0,0,71,26,1023,20,1,-30,0,0,235
45,6,3,6,3,28,Kelly,Gregg,241,72,0,47,7,76,0,5,725,25,725,56,22,0,0,87,0,0,0,12,0,0,50,3,27,1015,75,72,25,24,0,12,32,0,0,0,0,0,0,0,157,45,100,0,0,1,3,44,0,0,73,2,1,47,3,83,0,5,14,65,41,1,0,18,0,1,96,29,97,79,65,2,0,2,0,32,38,29,32,48,37,11,30,33,3,12,12,77,28,34,25,241,0,72,155,1023,2,0,-19,0,0,204
45,1,3,1,3,84,Chris,Greisen,65,75,0,9,11,58,0,9,726,7,726,78,23,0,0,95,0,0,0,19,0,0,45,0,19,1015,70,12,21,26,2,3,30,0,0,0,0,0,0,0,265,45,100,0,0,1,0,35,0,0,15,2,1,9,2,93,0,5,86,43,16,1,0,29,0,1,77,13,65,71,58,2,0,2,0,1,22,78,57,21,37,7,70,10,0,0,0,82,1,12,9,65,0,75,59,1023,0,0,-19,0,0,150
45,0,0,0,0,80,Brian,Griese,1018,90,0,180,34,80,0,7,727,4,727,72,22,0,1,98,0,0,0,23,0,0,74,0,32,1015,81,27,27,17,0,11,48,0,2,0,0,0,0,0,117,18,0,2,2,4,4,38,0,0,14,1,5,180,3,67,0,3,91,55,45,2,0,58,0,1,46,11,56,76,64,2,2,2,2,0,18,75,24,10,3,13,1,3,0,0,0,11,1,5,12,1018,0,75,54,1023,0,1,-19,0,0,150
45,5,5,5,5,17,Howard,Griffith,1700,79,0,450,13,75,0,5,728,4,728,69,31,0,0,89,1,0,0,82,0,0,67,2,33,1009,84,36,66,78,0,8,74,0,0,0,2,2,2,2,84,45,73,0,0,3,0,60,0,0,29,2,5,450,3,50,0,9,18,62,56,8,0,76,0,0,65,15,74,99,88,2,2,2,2,0,27,51,10,25,20,10,5,30,0,2,2,25,8,18,13,1700,0,72,70,1023,30,2,-30,0,0,119
45,5,5,5,5,11,Rich,Griffith,352,79,0,22,9,65,0,7,729,17,729,64,29,0,0,91,1,0,0,66,0,0,65,0,33,1009,86,25,60,63,0,8,59,0,2,0,0,0,0,0,8,45,0,0,0,2,0,60,0,0,85,2,4,22,2,30,0,5,13,39,58,7,0,59,0,0,100,11,76,77,87,2,2,2,2,6,28,52,15,25,20,13,5,30,0,4,4,30,6,29,25,160,0,77,103,1023,15,4,-30,0,0,63
45,6,6,6,6,15,Robert,Griffith,1524,91,0,360,15,87,0,5,730,31,730,85,28,0,0,85,1,0,0,77,0,0,85,2,33,1009,80,79,23,24,0,8,27,0,0,0,0,0,0,0,180,13,24,0,0,4,0,60,0,0,24,0,5,360,3,50,0,15,16,88,90,6,0,32,0,0,100,16,60,92,82,3,3,3,3,4,20,75,5,20,15,9,5,20,0,18,17,15,3,4,9,1524,0,71,37,1023,15,4,-30,0,0,240
45,5,5,5,5,15,Clif,Groce,200,75,0,0,11,66,0,5,731,2,731,65,27,0,0,88,1,0,0,64,0,0,63,0,33,4,83,35,62,63,0,8,63,0,0,0,2,2,2,2,265,45,0,0,0,2,0,60,0,0,46,0,2,0,0,0,0,15,16,40,56,4,0,66,0,0,100,13,73,77,64,2,2,2,2,3,26,42,10,25,20,10,5,30,0,2,2,25,5,33,20,200,0,71,85,1023,15,0,-30,0,0,120
45,6,6,6,6,9,Burt,Grossman,24,63,0,0,10,63,0,5,732,1009,732,58,32,0,0,87,2,0,0,25,0,0,54,0,8,1009,59,79,31,35,0,3,36,0,0,0,0,0,0,0,166,14,0,0,0,0,0,60,0,0,92,2,1,0,0,0,0,1,14,50,52,11,0,31,0,0,99,11,79,71,75,3,3,3,3,3,30,53,25,25,30,12,15,30,0,10,10,25,4,40,28,24,0,76,115,1023,0,4,-30,0,0,307
13,5,5,5,5,19,Paul,Gruber,2360,63,0,609,16,67,0,7,733,1014,733,46,34,0,0,90,2,0,0,18,0,0,53,0,4,1015,82,35,99,96,0,3,30,0,2,0,0,0,0,0,258,26,64,0,0,1,0,60,0,0,74,1,3,609,3,0,0,1,20,83,31,12,0,29,0,0,100,18,94,97,95,2,2,2,2,3,37,42,18,25,29,9,21,30,0,5,5,35,4,31,23,2145,0,77,136,1023,0,11,-30,0,0,122
13,5,5,5,5,17,Tim,Grunhard,891,78,0,204,14,65,0,7,734,9,734,48,30,0,0,86,2,0,0,16,0,0,48,0,33,1015,81,34,91,92,0,3,29,0,2,0,0,0,0,0,152,26,67,0,0,2,0,60,0,0,61,0,3,204,3,0,0,2,19,66,29,10,0,27,0,0,84,16,91,92,96,2,2,2,2,35,36,23,35,25,39,10,30,25,0,7,7,10,37,43,26,891,0,74,145,1023,0,9,-30,0,0,152
45,5,5,5,5,16,Mike,Gruttadauria,195,65,0,21,13,65,0,7,735,7,735,52,26,0,0,83,1,0,0,14,0,0,50,0,33,1009,78,29,77,80,0,3,24,0,2,0,0,0,0,0,225,45,0,0,0,1,0,60,0,0,60,2,3,21,2,0,0,15,18,54,28,5,0,25,0,0,55,15,87,69,56,2,2,2,2,3,34,42,21,25,30,9,15,25,0,7,7,10,4,37,23,195,0,75,120,1023,0,2,-30,0,0,151
45,6,6,6,6,8,Marc,Gunn,0,65,0,30,9,65,0,5,736,1009,736,59,30,0,0,89,2,0,0,26,0,0,54,0,33,12,83,76,33,37,0,3,38,0,0,0,0,0,0,0,166,45,0,0,0,0,0,60,0,0,96,2,0,30,2,25,0,4,14,40,53,9,0,33,0,0,32,11,84,70,62,3,3,3,3,9,32,44,22,25,28,12,18,30,0,11,10,25,6,27,25,220,0,75,128,1023,0,2,-30,0,0,68
45,2,6,2,6,21,Brock,Gutierrez,300,72,0,0,26,76,0,7,737,2,737,52,26,0,0,86,0,0,1,18,0,0,62,0,33,1015,80,23,79,85,0,2,34,0,2,0,0,6,0,6,33,45,100,3,3,4,0,30,0,0,62,0,6,0,0,64,0,8,27,0,12,1,0,16,0,1,100,22,95,79,62,2,2,2,2,27,38,19,35,19,39,9,34,0,2,7,6,102,38,44,28,300,0,75,144,1023,6,31,-19,0,0,150
45,5,5,5,5,19,Brian,Habib,0,94,0,0,16,58,0,7,738,1009,738,47,34,0,0,87,2,0,0,18,0,0,46,0,33,1009,79,33,99,93,0,3,28,0,2,0,0,0,0,0,252,26,75,0,0,0,0,60,0,0,68,1,0,0,3,0,0,10,21,80,31,12,0,29,0,0,97,18,91,95,99,2,2,2,2,4,36,34,23,25,34,8,18,30,0,8,8,25,4,41,25,1164,0,79,139,1023,0,1,0,0,0,165
45,1,2,1,2,12,Az-Zahir,Hakim,1773,92,0,312,19,95,0,5,739,24,739,92,24,0,0,90,0,0,0,81,0,0,94,3,11,1015,91,14,14,25,0,7,44,0,0,0,0,0,0,0,180,11,21,3,3,3,2,3,0,0,81,2,4,312,3,90,0,4,14,56,94,2,0,58,0,1,100,28,55,82,65,0,0,0,0,0,18,70,21,13,20,8,1,20,0,3,3,32,1,5,5,1773,0,70,30,1023,98,1,-19,0,0,204
45,1,5,0,5,33,Mike,Halapin,0,74,0,0,12,86,0,9,740,1009,740,44,26,0,0,87,0,0,0,26,0,0,51,0,24,1015,87,25,62,70,0,3,22,0,0,0,0,0,0,0,71,45,100,0,0,0,2,53,0,0,79,0,0,0,0,68,0,5,30,0,18,1,0,11,0,1,100,35,80,63,68,0,2,0,2,4,30,37,15,23,28,8,15,17,0,8,7,82,7,22,25,50,0,76,134,1023,4,31,-19,0,0,150
45,5,7,5,7,24,Ryan,Hale,103,74,0,13,28,81,0,5,741,16,741,48,21,0,0,83,0,0,0,20,0,0,56,3,3,1015,71,72,15,24,0,12,35,0,0,0,0,2,0,2,10,45,100,3,3,1,4,8,0,0,93,0,1,13,2,93,0,5,12,40,60,1,0,17,0,1,52,26,77,67,59,2,3,2,3,8,28,47,16,45,21,7,16,23,0,12,12,106,7,29,30,103,0,76,140,1023,3,0,-19,0,0,204
45,6,6,6,6,14,Charles,Haley,500,66,0,300,14,76,0,5,742,1014,742,75,34,0,0,81,2,0,0,49,0,0,76,2,33,13,66,80,24,28,0,3,27,0,0,0,0,0,0,0,91,5,21,0,0,1,0,60,0,1,94,2,2,300,0,60,0,4,19,78,65,13,0,44,0,0,90,16,67,85,91,3,3,3,3,6,24,48,25,25,30,11,15,30,0,10,13,25,1,40,20,500,0,77,92,1023,0,6,-30,0,0,138
45,4,3,4,3,24,Jermaine,Haley,163,70,0,29,22,81,0,7,743,12,743,64,23,0,0,87,0,0,0,16,0,0,55,2,32,1015,83,75,24,28,0,3,25,0,0,0,0,3,0,3,94,45,100,0,0,1,0,45,0,0,94,2,1,29,2,83,0,5,28,46,60,1,0,18,0,1,78,28,81,76,60,2,2,2,2,12,30,30,16,44,24,8,22,9,0,10,12,44,21,37,27,163,0,76,165,1023,5,0,-19,0,0,204
45,7,7,7,7,24,Cory,Hall,1188,80,0,185,17,89,0,5,744,2,744,91,22,0,0,94,0,2,0,67,0,0,88,0,27,1015,85,56,10,20,0,8,23,0,0,0,0,0,0,0,66,45,100,3,3,5,2,2,0,0,26,0,5,185,3,51,0,2,20,51,83,1,0,54,0,1,91,10,58,75,60,0,0,0,0,2,19,73,8,30,37,10,1,27,0,17,17,13,3,13,6,1188,0,72,53,1023,1,0,-19,0,0,150
45,0,0,0,0,12,Jeff,Hall,95,87,0,11,80,42,0,7,745,24,745,50,24,0,0,43,0,0,0,25,0,0,46,0,10,1015,75,19,11,18,0,0,25,0,4,0,0,0,0,0,211,45,100,2,2,1,0,47,0,0,5,2,1,11,2,85,0,3,22,15,23,1,0,29,0,1,80,83,22,64,78,0,0,0,0,0,1,80,1,18,11,11,6,5,0,19,19,25,0,8,6,95,0,71,30,1023,8,0,-19,0,0,150
45,0,0,0,0,23,John,Hall,188,81,0,16,80,31,0,7,746,18,746,57,24,0,0,42,0,0,0,39,0,0,11,0,33,1009,65,10,14,15,0,5,16,0,2,0,0,0,0,0,258,14,0,0,2,1,0,41,0,0,9,0,3,16,2,86,0,8,19,43,38,3,0,13,0,1,81,89,21,70,73,0,0,0,0,4,0,53,8,18,14,13,3,7,0,19,19,6,0,34,11,114,0,75,80,1023,0,2,-19,0,0,150
45,5,5,5,5,10,Lemanski,Hall,100,79,0,0,9,70,0,7,747,31,747,69,28,0,0,91,1,0,0,30,0,0,69,2,33,0,86,79,30,31,0,3,33,0,2,0,0,0,0,0,3,45,0,0,0,1,0,60,0,0,55,2,1,0,0,25,0,7,14,31,65,5,0,28,0,0,43,12,76,64,57,2,2,2,2,1,28,65,15,25,20,9,10,30,0,13,15,20,9,27,11,100,0,72,71,1023,0,0,-30,0,0,69
45,6,6,6,6,12,Ray,Hall,0,65,0,0,12,55,0,5,748,1009,748,52,28,0,0,87,1,0,0,24,0,0,48,2,33,16,83,76,31,32,0,3,37,0,0,0,0,0,0,0,251,45,0,0,0,0,0,60,0,0,97,2,0,0,0,25,0,15,17,36,50,5,0,28,0,0,99,14,88,72,73,3,3,3,3,10,34,45,23,25,35,9,20,30,0,12,12,30,5,43,26,0,0,76,134,1023,0,1,-30,0,0,55
45,6,6,6,6,8,Travis,Hall,792,51,0,36,8,56,0,5,749,14,749,52,27,0,0,93,1,0,0,15,0,0,55,0,33,1015,81,83,38,42,0,3,43,0,0,0,0,0,0,0,26,45,10,0,0,6,0,60,0,0,98,2,6,36,2,25,0,6,13,40,42,5,0,38,0,0,75,10,82,71,68,3,3,3,3,10,31,44,23,25,31,12,18,30,0,12,10,25,4,33,24,240,0,77,135,1023,0,2,-30,0,0,38
45,4,5,4,5,22,Bob,Hallen,396,45,0,60,16,70,0,7,750,14,750,42,23,0,0,99,0,0,0,17,0,0,53,0,33,1009,72,14,69,83,1,2,33,0,4,0,3,0,3,0,97,45,0,0,0,3,0,7,0,0,66,0,4,60,2,94,0,8,39,38,18,2,0,13,0,1,75,38,92,71,65,3,3,3,3,6,36,41,22,2,34,8,18,10,0,6,7,36,4,40,30,396,0,75,135,1023,9,1,-19,0,0,150
45,5,5,5,5,15,Ty,Hallock,554,75,0,108,11,76,0,5,751,1,751,75,28,0,0,88,1,0,0,70,0,0,76,0,33,1009,83,35,62,63,0,8,63,0,0,0,2,2,2,2,118,45,35,0,0,2,0,60,0,0,94,2,3,108,3,0,0,7,16,42,56,7,0,66,0,0,51,13,73,88,75,2,2,2,2,6,26,67,10,25,20,8,5,30,0,2,2,25,8,18,24,504,0,74,92,1023,15,1,-30,0,0,120
45,4,7,4,7,17,Darren,Hambrick,337,84,0,51,17,77,0,4,752,11,752,80,23,0,0,95,0,0,0,45,0,0,84,0,25,1015,96,81,33,19,2,3,24,0,0,0,2,0,2,0,176,45,53,0,0,2,0,1,0,0,54,2,3,51,2,72,0,4,14,51,63,2,0,32,0,1,82,36,62,77,71,3,4,3,4,0,21,56,23,24,10,12,26,3,3,13,13,28,9,17,10,337,0,74,67,1023,7,1,-19,0,0,150
45,6,6,6,6,9,Bobby,Hamilton,242,65,0,30,8,65,0,5,753,22,753,55,28,0,0,92,1,0,0,21,0,0,53,2,33,1009,86,80,37,41,0,3,42,0,0,0,0,0,0,0,194,45,0,0,0,1,0,60,0,0,91,1,2,30,2,25,0,15,14,43,48,5,0,37,0,0,99,10,89,71,55,3,3,3,3,5,34,40,20,25,32,9,15,30,0,10,10,25,6,35,25,220,0,77,120,1023,0,1,-30,0,0,197
45,3,4,3,4,14,Conrad,Hamilton,0,84,0,0,26,88,0,5,754,1009,754,87,25,0,0,50,1,0,0,53,0,0,87,2,8,1015,75,64,25,25,0,7,23,0,0,0,0,0,0,0,145,45,0,0,0,0,0,35,0,0,41,1,0,0,2,71,0,7,20,38,85,4,0,44,0,1,70,21,62,68,55,2,0,2,0,0,21,74,8,10,22,7,9,11,0,16,16,27,4,6,6,351,0,70,35,1023,27,3,-19,0,0,202
45,6,6,6,6,8,Keith,Hamilton,982,66,0,188,8,60,0,5,755,16,755,55,27,0,0,89,1,0,0,27,0,0,52,2,33,1015,85,89,37,38,0,3,40,0,0,0,0,0,0,0,166,40,34,0,0,1,0,60,0,0,75,1,4,188,3,25,0,4,13,67,53,8,0,31,0,0,5,10,91,87,85,3,3,3,3,8,36,34,22,25,26,9,23,30,0,12,12,30,8,36,27,982,0,78,135,1023,0,7,-30,0,0,340
45,5,7,5,7,27,Michael,Hamilton,955,70,0,112,27,86,1,5,756,12,756,84,24,0,0,83,0,0,0,58,0,0,82,3,6,1015,79,80,10,31,0,12,26,0,0,0,0,0,0,0,134,45,0,1,1,2,3,38,0,0,50,0,4,112,2,60,0,2,23,29,50,3,0,35,0,1,33,15,71,75,52,3,0,3,0,4,26,41,38,24,37,12,14,27,0,13,14,57,3,20,23,955,0,74,85,1023,1,2,-19,0,0,204
45,6,6,6,6,16,Rodney,Hampton,0,69,0,0,15,80,0,5,757,1009,757,78,30,0,0,86,2,0,0,65,0,0,77,2,24,15,63,31,38,39,0,8,86,0,0,0,0,0,0,0,70,5,0,0,0,0,0,60,0,0,27,2,0,0,3,50,0,1,16,68,63,10,0,96,0,0,0,15,66,81,91,3,3,3,3,2,23,65,5,20,15,13,0,30,0,1,1,25,7,34,14,100,0,71,61,1023,20,1,-30,0,0,60
45,6,6,6,6,8,Norman,Hand,100,52,0,0,8,65,0,5,758,27,758,53,26,0,0,89,1,0,0,15,0,0,47,2,33,11,85,78,37,38,0,3,28,0,0,0,0,0,0,0,159,45,0,0,0,1,0,60,0,0,99,2,2,0,2,25,0,5,13,43,66,5,0,19,0,0,82,10,90,71,57,3,3,3,3,24,35,28,25,25,33,9,25,30,0,12,12,30,34,41,27,100,0,75,150,1023,0,1,-30,0,0,97
45,2,2,2,2,15,Ben,Hanks,0,64,0,0,12,76,0,4,759,1009,759,78,27,0,0,21,1,0,0,54,0,0,70,2,7,18,21,70,14,22,0,3,37,0,0,0,0,0,0,0,62,45,0,0,0,0,0,5,0,0,50,2,0,0,2,68,0,6,33,33,65,4,0,24,0,1,99,11,79,73,72,3,3,3,3,0,30,55,10,12,1,10,9,12,0,15,14,27,4,15,12,25,0,74,63,1023,0,1,-19,0,0,293
6,6,6,6,6,16,Merton,Hanks,0,99,0,0,16,90,0,5,760,1009,760,87,31,0,0,86,2,0,0,76,0,0,87,2,33,1009,81,66,23,24,0,8,28,0,0,0,0,0,0,0,89,42,31,0,0,0,0,60,0,1,36,0,0,0,3,75,0,5,16,73,90,9,0,71,0,0,97,18,61,93,87,3,3,3,3,2,20,81,5,20,15,8,5,20,0,17,17,15,4,8,7,864,0,74,25,1023,15,0,-30,0,0,98
6,0,0,0,0,14,Brian,Hansen,303,88,0,27,91,50,0,7,761,1014,761,47,38,0,0,60,2,0,0,12,0,0,46,0,33,1009,63,29,19,22,0,1,20,0,2,0,0,0,0,0,265,14,42,0,0,3,0,60,0,0,12,1,3,27,3,0,0,9,18,34,28,16,0,18,0,0,91,88,52,90,91,2,2,2,2,5,16,73,10,15,15,11,5,20,0,20,20,15,0,13,10,303,0,76,55,1023,0,0,-30,0,0,315
45,3,3,3,3,21,Carl,Hansen,0,74,0,18,17,73,0,7,762,1009,762,61,23,0,0,81,0,0,0,29,0,0,50,2,23,17,78,74,38,28,0,3,11,0,0,0,2,0,2,0,200,45,0,0,0,0,0,17,0,0,75,2,0,18,2,73,0,4,38,42,51,2,0,11,0,1,99,33,81,70,60,2,2,2,2,10,30,42,15,43,27,7,20,0,1,11,12,82,4,36,28,138,0,77,120,1023,6,0,-19,0,0,204
6,6,6,6,6,11,Phil,Hansen,1561,65,0,327,12,75,0,5,763,3,763,64,30,0,0,87,2,0,0,29,0,0,66,0,33,1015,81,91,31,35,0,3,36,0,0,0,0,0,0,0,270,13,39,0,0,3,0,60,0,0,90,1,3,327,3,50,0,2,15,70,56,9,0,31,0,0,100,12,82,90,94,3,3,3,3,3,31,49,25,25,30,11,15,30,0,10,10,25,6,34,24,1419,0,77,109,1023,0,8,-30,0,0,38
45,0,0,0,0,26,Chris,Hanson,0,72,0,0,72,55,0,0,764,1009,764,55,22,0,0,79,0,0,0,26,0,0,40,0,33,1009,95,29,17,10,0,0,25,6,2,0,0,0,0,0,110,45,100,3,3,0,0,61,0,0,7,1,0,0,2,80,0,8,13,12,36,1,0,25,0,1,95,92,19,64,59,0,0,0,0,1,0,77,44,21,22,9,17,14,0,20,20,43,5,8,9,53,0,74,42,1023,2,0,-19,0,0,150
6,0,0,0,0,22,Jason,Hanson,1132,85,0,18,99,55,0,7,765,19,765,53,28,0,0,70,1,0,0,18,0,0,52,0,33,1015,75,27,19,21,0,0,13,0,2,0,0,0,0,0,251,1,72,0,0,4,0,60,0,0,4,1,7,18,1,25,0,2,28,69,51,8,0,18,0,0,100,90,46,99,99,2,2,2,2,5,13,94,5,15,15,12,5,15,0,19,19,15,5,3,6,134,0,71,22,1023,0,7,-30,0,0,286
45,2,4,2,4,20,Byron,Hanspard,0,95,0,0,13,86,0,4,766,1009,766,83,23,0,0,90,0,0,0,60,0,0,84,3,22,1009,69,13,36,43,0,13,83,0,0,0,0,9,0,9,64,45,0,4,4,0,4,54,0,0,24,2,0,0,3,67,0,4,30,55,74,3,0,82,0,1,80,16,70,77,69,3,0,3,0,5,25,73,3,35,28,8,0,21,1,1,1,13,0,11,11,462,0,70,43,1023,3,2,-19,0,0,204
45,5,3,5,3,23,Patrick,Hape,347,96,0,51,27,74,0,6,767,6,767,72,25,0,0,84,0,0,0,74,0,0,73,0,8,1015,85,24,59,67,0,11,64,0,4,0,8,2,8,2,3,45,71,0,0,1,4,3,0,0,82,2,3,51,2,54,0,5,23,49,78,3,0,64,2,1,100,16,68,81,67,2,0,2,0,7,24,64,24,15,48,12,9,28,3,4,4,67,1,44,25,347,0,76,94,1023,4,2,-19,0,0,150
10,0,0,0,0,86,Jim,Harbaugh,931,95,0,291,13,65,0,7,768,8,768,62,35,0,0,79,2,0,0,22,0,0,64,0,26,1009,81,18,22,26,0,1,59,0,2,0,0,0,0,0,117,6,76,0,0,2,0,60,0,1,4,2,2,291,3,50,0,1,88,85,56,13,0,64,0,0,58,16,59,87,88,2,2,2,2,2,20,67,5,10,15,7,0,20,0,0,0,20,0,13,7,1269,0,75,55,1023,0,0,-30,0,0,301
45,7,7,7,7,32,Cedric,Harden,0,93,0,0,21,67,0,1,769,1009,769,50,23,0,0,84,0,0,1,26,0,0,76,3,20,1015,77,75,27,15,0,3,27,0,0,0,0,7,0,7,63,45,0,1,1,0,0,32,0,0,92,2,0,0,2,8,0,4,20,43,69,2,0,26,0,1,32,23,74,69,70,0,2,0,2,7,27,54,2,10,0,10,37,21,0,10,10,22,4,28,25,286,0,78,100,1023,4,1,-19,0,0,204
45,5,5,5,5,12,Darryl,Hardy,0,85,0,0,11,80,0,7,770,1009,770,75,30,0,0,86,1,0,0,36,0,0,73,2,33,10,81,77,25,26,0,3,28,0,2,0,0,0,0,0,211,45,0,0,0,0,0,60,0,0,54,2,0,0,0,25,0,10,18,41,71,5,0,34,0,0,99,16,71,82,99,2,2,2,2,5,26,52,15,25,20,13,10,30,0,15,15,20,5,34,11,100,0,74,70,1023,0,1,-30,0,0,52
6,6,6,6,6,31,Kevin,Hardy,3130,99,0,590,38,88,0,4,771,17,771,85,26,0,0,91,1,0,0,53,0,0,87,0,10,1015,92,93,18,22,0,3,29,0,0,0,0,8,0,8,84,41,67,0,0,2,0,29,0,0,51,2,5,590,3,63,0,2,17,85,65,4,0,25,0,1,100,32,74,91,74,2,0,2,0,7,27,40,10,13,23,7,9,11,0,15,15,25,2,31,24,3130,0,76,99,1023,0,3,-19,0,0,150
45,5,5,5,5,15,Terry,Hardy,200,84,0,0,13,81,0,7,772,7,772,79,23,0,0,89,1,0,0,68,0,0,80,0,2,4,84,25,56,59,0,8,59,0,2,0,0,0,0,0,194,45,66,0,0,3,0,60,0,0,80,2,4,0,0,0,0,5,16,57,62,2,0,59,0,0,0,14,74,78,67,2,2,2,2,3,27,47,15,25,20,8,5,30,0,4,4,30,9,33,26,200,0,76,105,1023,15,0,-30,0,0,48
45,6,6,6,6,9,Andy,Harmon,0,66,0,183,9,60,0,5,773,1009,773,55,30,0,0,89,2,0,0,27,0,0,49,0,33,12,85,87,37,38,0,3,40,0,0,0,0,0,0,0,97,40,0,0,0,0,0,60,0,0,91,1,0,183,3,25,0,6,15,66,53,9,0,31,0,0,83,12,91,82,77,3,3,3,3,4,36,59,25,25,35,7,20,30,0,12,12,30,5,31,28,949,0,76,112,1023,0,1,-30,0,0,122
45,6,6,6,6,13,Alvin,Harper,425,87,0,72,15,96,0,5,774,1014,774,92,30,0,0,88,1,0,0,78,0,0,93,1,12,1009,83,20,34,35,0,1,52,0,0,0,0,0,0,0,211,36,0,0,0,1,0,60,0,0,82,2,1,72,3,80,0,1,14,69,94,9,0,73,0,0,76,16,63,85,80,3,3,3,3,2,22,82,5,15,15,11,0,20,0,3,3,20,1,12,12,425,0,76,52,1023,60,0,-30,0,0,288
45,6,6,6,6,14,Dwayne,Harper,0,86,0,0,11,79,0,5,775,1009,775,78,33,0,0,83,2,0,0,61,0,0,79,2,33,1009,69,62,23,24,0,7,28,0,0,0,0,0,0,0,179,45,0,0,0,0,0,60,0,0,40,1,0,0,3,25,0,11,16,47,77,12,0,28,0,0,36,12,58,72,80,3,3,3,3,1,19,95,5,15,15,8,0,20,0,16,16,20,3,11,3,191,0,71,15,1023,20,0,-30,0,0,101
45,6,6,6,6,16,Roger,Harper,0,90,0,0,16,85,0,5,776,1009,776,85,28,0,0,87,1,0,0,56,0,0,84,2,33,13,82,65,23,24,0,8,31,0,0,0,0,0,0,0,156,45,0,0,0,0,0,60,0,0,47,2,0,0,0,25,0,2,16,51,83,7,0,33,0,0,97,17,62,75,72,3,3,3,3,0,21,78,5,20,15,13,5,20,0,18,18,15,7,29,14,0,0,74,65,1023,15,2,-30,0,0,148
45,4,1,4,1,30,Al,Harris,2712,91,0,610,20,96,0,5,777,13,777,94,26,0,0,84,0,0,1,64,0,0,94,3,8,1009,92,83,17,27,0,1,25,0,0,0,0,7,0,7,206,30,54,3,3,4,0,10,0,0,31,0,5,610,3,78,0,7,16,71,91,3,0,49,0,1,100,18,84,89,73,4,0,4,0,3,32,70,25,13,19,11,18,15,0,16,16,21,3,10,6,2712,0,73,30,1023,25,1,-19,0,0,204
45,5,5,5,5,10,Bernardo,Harris,1112,78,0,177,8,84,0,7,778,20,778,78,27,0,0,90,1,0,0,58,0,0,80,1,33,1009,85,84,28,32,0,3,26,0,2,0,2,2,2,2,135,45,36,0,0,3,0,60,0,0,55,0,3,177,3,25,0,15,16,60,63,5,0,23,0,0,100,13,75,84,84,2,2,2,2,7,28,61,15,25,20,9,5,30,0,14,14,25,8,44,20,1011,0,74,87,1023,0,4,-30,0,0,288
45,6,6,6,6,16,Corey,Harris,400,90,0,0,15,88,0,5,779,25,779,87,29,0,0,84,1,0,0,62,0,0,86,2,33,11,79,56,19,19,0,7,44,0,0,0,0,0,0,0,238,45,0,0,0,3,0,60,0,0,45,0,4,0,2,65,0,3,18,47,85,8,0,48,0,0,100,16,59,74,69,3,3,3,3,0,20,89,5,15,15,11,0,20,0,18,16,20,2,12,7,400,0,71,45,1023,75,1,-30,0,0,238
45,5,5,5,5,17,Derrick,Harris,228,69,0,36,13,75,0,5,780,8,780,70,26,0,0,87,1,0,0,64,0,0,71,0,33,1015,69,34,50,54,0,8,73,0,0,0,2,2,2,2,254,45,36,0,0,1,0,60,0,0,40,2,3,36,3,30,0,6,18,46,61,4,0,72,0,0,52,15,62,74,64,2,2,2,2,3,21,71,10,25,20,7,5,30,0,2,2,25,1,27,11,228,0,72,65,1023,15,1,-30,0,0,161
37,5,5,5,5,16,Jackie,Harris,728,91,0,174,14,80,0,7,781,11,781,76,31,0,0,88,2,0,0,80,0,0,76,2,33,1009,83,28,56,58,0,8,63,0,2,0,0,0,0,0,229,3,82,0,0,1,0,60,0,1,88,1,2,174,3,60,0,4,18,69,70,10,0,62,0,0,100,16,68,85,80,2,2,2,2,6,24,61,15,25,20,11,5,30,0,4,4,30,4,39,20,728,0,76,83,1023,15,1,-30,0,0,146
45,6,6,6,6,11,James,Harris,200,65,0,0,12,65,0,5,782,1014,782,62,30,0,0,83,1,0,0,29,0,0,58,2,33,30,77,76,27,31,0,3,32,0,0,0,0,0,0,0,208,45,0,0,0,1,0,60,0,0,93,2,2,0,2,25,0,15,15,39,55,7,0,27,0,0,62,12,78,69,58,3,3,3,3,3,29,40,25,25,30,11,15,30,0,10,10,25,4,39,24,200,0,78,106,1023,0,2,-30,0,0,280
45,6,6,6,6,14,Johnnie,Harris,150,89,0,0,8,88,0,5,783,23,783,87,27,0,0,80,1,0,0,55,0,0,87,0,33,4,75,55,19,22,0,7,38,0,0,0,0,0,0,0,121,45,0,0,0,3,0,60,0,0,37,2,3,0,0,0,0,15,16,51,83,1,0,25,0,0,0,10,55,68,58,3,3,3,3,3,18,66,5,15,15,7,0,20,0,16,16,20,1,9,7,150,0,73,55,1023,35,0,-30,0,0,91
39,2,7,2,7,20,Jon,Harris,1590,72,0,51,18,67,0,7,784,23,784,83,26,0,0,99,0,0,0,36,0,0,61,1,15,1015,65,66,23,22,0,3,31,5,0,0,0,0,0,0,240,12,0,0,0,3,0,25,0,0,90,2,5,51,3,88,0,1,12,50,60,3,0,20,0,1,53,28,84,76,69,0,0,0,0,7,32,48,17,21,33,8,25,12,0,10,10,85,6,26,29,402,1,79,132,1023,4,2,-19,0,0,58
45,6,6,6,6,12,Mark,Harris,0,90,0,0,15,90,0,5,785,1009,785,87,29,0,0,74,1,0,0,72,0,0,87,2,33,1009,69,15,18,19,0,1,52,0,0,0,0,0,0,0,200,45,10,0,0,0,0,60,0,0,88,2,0,0,0,0,0,2,13,45,79,4,0,66,0,0,100,16,49,79,99,3,3,3,3,4,14,86,5,15,15,11,0,20,0,3,3,20,3,7,11,100,0,76,41,1023,35,4,-30,0,0,247
45,6,6,6,6,15,Raymont,Harris,0,86,0,0,14,88,0,5,786,4,786,84,29,0,0,88,1,0,0,62,0,0,86,2,33,19,85,33,42,45,0,8,81,0,0,0,0,0,0,0,156,45,0,0,0,0,0,60,0,0,34,2,0,0,3,75,0,4,16,56,67,6,0,85,0,0,100,15,68,80,73,3,3,3,3,0,24,58,5,20,15,11,0,30,0,1,1,25,0,34,10,510,0,72,62,1023,20,0,-30,0,0,101
45,6,6,6,6,11,Robert,Harris,0,63,0,0,11,55,0,5,787,1009,787,53,29,0,0,87,1,0,0,25,0,0,53,2,33,1009,83,81,31,32,0,3,38,0,0,0,0,0,0,0,193,40,0,0,0,0,0,60,0,0,97,1,0,0,2,25,0,2,15,49,51,8,0,29,0,0,63,12,89,71,59,3,3,3,3,7,34,46,23,25,32,13,25,30,0,12,12,25,6,39,25,444,0,76,135,1023,0,4,-30,0,0,365
45,6,6,6,6,16,Ronnie,Harris,100,87,0,0,15,85,0,5,788,1014,788,84,28,0,0,80,1,0,0,72,0,0,85,2,33,27,75,33,28,29,0,1,59,0,0,0,0,0,0,0,160,45,0,0,0,1,0,60,0,0,82,2,1,0,2,25,0,15,16,28,85,7,0,68,0,0,100,16,55,69,56,3,3,3,3,5,18,86,5,15,15,7,0,20,0,3,3,20,1,3,0,100,0,71,19,1023,55,0,-30,0,0,384
45,5,5,5,5,13,Sean,Harris,100,79,0,0,11,75,0,7,789,1,789,69,27,0,0,92,1,0,0,30,0,0,70,2,33,0,87,78,34,38,0,3,32,0,2,0,2,2,2,2,8,45,0,0,0,2,0,60,0,0,55,2,4,0,0,25,0,3,17,34,65,5,0,25,0,0,2,14,77,69,66,2,2,2,2,6,28,65,15,25,20,13,5,30,0,14,14,25,3,38,25,100,0,75,86,1023,0,3,-30,0,0,67
30,2,2,2,2,26,Walt,Harris,3993,99,0,105,32,95,0,5,790,1,790,94,25,0,0,99,1,0,0,61,0,0,95,2,2,1015,99,71,25,21,0,7,31,0,0,0,0,8,0,8,121,12,39,6,6,2,0,30,0,0,27,0,5,105,3,58,0,1,26,61,90,4,0,44,0,1,13,29,59,81,64,0,0,0,0,0,20,91,9,11,22,8,7,11,0,16,16,22,0,7,11,819,0,71,32,1023,3,3,-19,0,0,204
45,6,6,6,6,10,Martin,Harrison,0,70,0,0,11,70,0,5,791,1009,791,65,31,0,0,80,2,0,0,33,0,0,64,2,33,27,74,71,21,25,0,3,25,0,0,0,0,0,0,0,252,45,0,0,0,0,0,60,0,0,95,2,0,0,2,25,0,10,16,41,60,10,0,22,0,0,91,12,75,71,68,3,3,3,3,4,28,48,25,25,30,8,15,30,0,11,11,25,0,38,25,100,0,77,92,1023,0,1,-30,0,0,282
35,4,4,4,4,23,Marvin,Harrison,6622,99,0,1335,18,97,0,5,792,10,792,94,27,0,1,99,0,0,0,99,0,0,96,3,26,1015,97,27,27,48,0,1,60,0,0,0,0,8,0,8,205,45,59,0,0,2,0,4,0,0,88,2,5,1335,3,76,0,1,24,97,86,4,0,60,0,1,81,19,54,94,84,0,0,0,0,5,17,96,5,7,25,9,3,7,0,3,3,26,4,6,3,6622,0,72,15,1023,62,3,-19,0,0,204
45,6,6,6,6,8,Nolan,Harrison,209,65,0,28,8,55,0,5,793,26,793,53,30,0,0,86,2,0,0,25,0,0,54,2,33,1015,82,83,27,28,0,3,38,0,0,0,0,0,0,0,86,40,0,0,0,1,0,60,0,0,74,1,2,28,2,25,0,6,14,43,51,9,0,29,0,0,94,11,88,72,79,3,3,3,3,6,34,49,21,25,27,8,23,30,0,11,12,25,5,39,23,190,0,77,120,1023,0,8,-30,0,0,319
45,6,6,6,6,15,Rodney,Harrison,1155,87,0,69,16,87,0,5,794,8,794,86,26,0,0,94,1,0,0,69,0,0,86,1,33,1015,89,80,23,24,0,8,32,0,0,0,0,0,0,0,244,45,33,0,0,4,0,60,0,0,37,1,5,69,3,50,0,5,16,68,86,6,0,36,0,0,56,17,79,86,68,3,3,3,3,1,30,69,5,20,15,9,5,20,0,18,18,15,4,12,12,630,0,73,49,1023,15,5,-30,0,0,256
24,2,2,2,2,28,Jeff,Hartings,864,86,0,87,25,78,0,4,795,19,795,63,27,0,0,99,1,0,0,16,0,0,56,1,32,1009,99,22,87,90,0,6,27,0,0,0,2,2,2,2,164,12,74,0,0,2,0,26,0,0,64,0,5,87,3,80,0,1,14,77,35,4,0,22,0,1,100,11,92,94,93,0,0,0,0,36,36,34,33,18,41,9,23,21,0,8,7,27,20,41,25,471,0,75,141,1023,0,3,-19,0,0,66
45,5,5,5,5,14,Frank,Hartley,0,83,0,0,12,70,0,7,796,1009,796,68,31,0,0,91,1,0,0,68,0,0,68,0,33,7,86,28,63,66,0,8,63,0,2,0,0,0,0,0,84,45,0,0,0,0,0,60,0,0,89,2,0,0,0,50,0,15,15,54,68,6,0,62,0,0,67,13,76,80,76,2,2,2,2,7,28,58,15,25,20,11,5,30,0,4,4,30,8,34,24,100,0,74,105,1023,15,0,-30,0,0,46
5,5,5,5,5,14,Ken,Harvey,0,78,0,0,12,71,0,7,797,1009,797,64,33,0,0,90,2,0,0,57,0,0,67,2,12,25,76,89,29,33,0,3,27,0,2,0,0,0,0,0,28,45,44,0,0,0,0,60,0,0,57,1,0,0,0,60,0,1,21,62,66,12,0,52,0,0,78,18,75,82,91,2,2,2,2,4,28,73,15,25,20,9,10,30,0,13,14,20,5,22,10,130,0,74,77,1023,0,0,-30,0,0,105
45,5,5,5,5,13,Richard,Harvey,200,76,0,0,12,72,0,7,798,8,798,70,32,0,0,91,2,0,0,34,0,0,69,2,33,26,83,80,30,31,0,3,33,0,2,0,0,0,0,0,221,45,3,0,0,1,0,60,0,0,58,1,2,0,0,25,0,11,17,42,68,10,0,32,0,0,0,15,76,71,72,2,2,2,2,3,28,68,15,25,20,12,10,30,0,15,15,20,10,34,10,200,0,73,75,1023,0,1,-30,0,0,52
45,5,5,5,5,18,Carlton,Haselrig,0,66,0,0,15,50,0,7,799,1009,799,45,33,0,0,86,2,0,0,16,0,0,43,0,33,17,81,31,86,88,0,3,26,0,2,0,0,0,0,0,265,45,0,0,0,0,0,60,0,0,63,0,0,0,0,0,0,12,20,55,29,10,0,27,0,0,92,17,91,77,71,2,2,2,2,9,36,49,15,25,26,9,24,30,0,8,8,25,25,44,29,0,0,73,135,1023,0,3,-30,0,0,165
45,6,6,6,6,9,Harald,Hasselbach,330,65,0,42,10,65,0,5,800,4,800,60,31,0,0,81,1,0,0,28,0,0,57,0,33,1009,75,74,24,28,0,3,28,0,0,0,0,0,0,0,252,45,0,0,0,2,0,60,0,0,96,2,3,42,2,25,0,15,14,29,54,6,0,23,0,0,35,11,76,69,73,3,3,3,3,6,28,32,17,25,24,10,22,30,0,10,10,25,8,35,27,330,0,78,120,1023,0,4,-30,0,0,166
45,0,0,0,0,78,Matt,Hasselbeck,506,70,0,69,27,78,0,5,801,20,801,74,22,0,0,99,0,0,0,31,0,0,76,0,29,1015,82,12,21,18,0,8,37,0,0,0,0,0,0,0,20,45,0,1,1,3,3,42,0,0,11,1,4,69,3,80,0,6,91,51,46,2,0,54,0,1,100,14,60,77,67,1,0,0,0,1,20,76,32,10,19,13,2,16,0,0,0,56,10,33,13,423,0,76,65,1023,0,1,-19,0,0,150
36,6,6,6,6,15,Andre,Hastings,1066,94,0,162,15,92,0,5,802,6,802,91,27,0,0,78,1,0,0,88,0,0,92,2,33,1009,73,18,22,23,0,1,55,0,0,0,0,0,0,0,70,11,68,0,0,1,0,60,0,0,88,2,3,162,3,50,0,3,16,68,82,7,0,69,0,0,33,16,53,86,83,3,3,3,3,4,16,80,5,15,15,7,0,20,0,3,3,20,3,4,8,969,0,73,29,1023,90,2,-30,0,0,52
29,6,6,6,6,16,James,Hasty,788,92,0,189,11,82,0,5,803,9,803,79,33,0,0,88,2,0,0,66,0,0,81,2,33,1009,74,69,19,22,0,7,30,0,0,0,0,0,0,0,251,2,38,0,0,2,0,60,0,0,40,1,2,189,3,25,0,3,16,58,82,12,0,43,0,0,100,12,63,84,99,3,3,3,3,4,22,87,5,15,15,9,0,20,0,16,16,20,1,7,9,1074,0,72,45,1023,20,4,-30,0,0,236
45,0,3,0,3,18,Armon,Hatcher,25,93,0,0,33,89,0,9,804,8,804,83,24,0,1,83,0,2,0,64,0,0,85,1,18,1015,98,62,12,26,0,1,20,0,2,0,8,9,8,9,161,45,100,1,1,1,0,69,0,0,29,2,1,0,0,83,0,6,26,0,84,1,0,44,0,1,82,38,47,71,64,0,0,0,0,0,14,75,38,46,14,8,11,29,0,18,18,7,0,11,8,25,0,72,52,1023,8,31,-19,0,0,58
45,7,7,7,7,11,Matthew,Hatchette,680,81,0,111,11,93,0,5,805,31,805,89,25,0,1,73,0,0,0,78,0,0,90,3,24,1015,86,16,15,29,0,0,60,0,0,0,0,8,0,8,265,45,4,0,0,1,0,55,0,0,89,2,3,111,3,68,0,6,23,52,78,3,0,69,0,1,93,20,69,80,77,1,0,1,0,5,24,88,29,39,49,13,6,16,0,3,3,34,2,11,7,680,0,75,40,1023,73,2,-19,0,0,204
45,6,6,6,6,11,Tim,Hauck,900,81,0,500,12,78,0,5,806,13,806,77,32,0,0,88,2,0,0,53,0,0,76,0,33,9,80,74,23,26,0,8,30,0,0,0,0,0,0,0,124,45,4,0,0,3,0,60,0,0,45,2,3,500,0,25,0,15,12,41,81,10,0,27,0,0,79,12,63,73,75,3,3,3,3,2,22,93,5,20,15,11,5,20,0,18,17,15,0,3,3,900,0,70,27,1023,15,0,-30,0,0,301
45,6,4,6,4,10,Artrell,Hawkins,716,85,0,36,27,94,0,5,807,2,807,88,22,1,0,80,0,3,0,58,0,0,90,3,10,1015,83,61,36,25,0,7,28,0,0,0,8,0,8,0,36,45,0,0,0,2,0,45,0,0,27,1,3,36,2,73,0,3,19,40,86,2,0,45,5,1,100,1,56,75,66,2,2,2,2,1,18,69,20,13,11,9,20,13,0,16,16,61,3,6,11,314,1,70,35,1023,23,1,-19,0,0,204
45,6,6,6,6,15,Courtney,Hawkins,607,90,0,87,16,89,0,5,808,29,808,87,29,0,0,78,1,0,0,74,0,0,88,1,33,1015,73,21,22,23,0,1,58,0,0,0,0,0,0,0,118,45,17,0,0,2,0,60,0,0,88,2,3,87,3,50,0,2,16,51,84,8,0,69,0,0,100,17,53,79,90,3,3,3,3,5,16,80,5,15,15,12,0,20,0,3,3,20,5,3,4,552,0,69,23,1023,35,7,-30,0,0,337
45,6,4,6,4,27,Duane,Hawthorne,623,86,0,93,24,92,0,7,809,11,809,82,21,0,0,89,0,3,2,66,0,0,87,3,13,1009,78,65,11,23,0,0,22,0,0,0,9,9,9,9,137,45,100,2,2,3,0,39,0,0,38,0,3,93,2,77,0,5,26,43,81,1,0,49,0,1,77,27,51,74,65,1,0,1,0,0,16,82,7,29,45,8,2,15,1,16,16,39,0,3,3,623,1,70,15,1023,21,0,-19,0,0,204
45,6,6,6,6,17,Aaron,Hayden,0,89,0,0,16,88,0,5,810,1009,810,86,26,0,0,83,1,0,0,62,0,0,86,2,33,12,81,28,29,32,0,8,79,0,0,0,0,0,0,0,211,45,0,0,0,0,0,60,0,0,33,2,0,0,0,50,0,4,18,50,67,5,0,79,0,0,57,17,63,75,58,3,3,3,3,1,22,80,5,20,15,11,0,30,0,1,1,25,5,11,5,50,0,72,58,1023,55,0,-30,0,0,6
45,3,3,3,3,19,Chris,Hayes,286,93,0,20,11,86,0,5,811,18,811,87,27,0,1,70,1,0,0,51,0,0,85,2,14,1015,78,63,23,27,0,1,22,0,0,0,0,0,0,0,251,45,0,0,0,3,0,43,0,0,30,2,4,20,2,85,0,5,21,38,83,4,0,38,0,1,99,20,72,73,64,2,0,2,0,0,26,68,7,12,32,8,7,10,0,17,17,23,5,9,10,130,0,72,46,1023,0,3,-19,0,0,268
45,7,7,7,7,13,Donald,Hayes,990,85,0,164,20,94,0,1,812,21,812,87,24,0,0,78,0,1,0,77,0,0,84,2,14,1015,78,19,30,30,0,8,55,0,0,0,2,0,2,0,258,45,0,2,2,3,4,28,0,0,81,2,4,164,3,75,0,4,10,41,82,2,0,69,0,1,68,28,61,75,62,0,2,0,2,0,20,73,0,12,28,10,4,13,0,3,3,78,4,8,7,990,0,76,60,1023,4,1,-19,0,0,204
45,6,6,6,6,16,Michael,Haynes,0,90,0,0,16,86,0,5,813,1009,813,83,33,0,0,80,2,0,0,82,0,0,85,2,33,13,74,22,24,25,0,1,59,0,0,0,0,0,0,0,133,45,0,0,0,0,0,60,0,0,82,0,0,0,0,60,0,7,17,56,84,12,0,71,0,0,62,17,55,78,79,3,3,3,3,0,18,96,5,15,15,7,0,20,0,3,3,20,4,1,3,90,0,72,24,1023,55,1,-30,0,0,114
45,6,6,6,6,11,Texans,HB #30,400,82,0,0,10,85,0,5,814,32,814,80,28,0,0,92,1,0,0,56,0,0,80,2,33,29,89,31,35,36,0,8,83,0,0,0,0,0,0,0,265,45,0,0,0,3,0,60,0,0,30,2,4,0,0,0,0,15,12,61,61,6,0,80,0,0,0,11,72,73,61,3,3,3,3,3,26,44,5,20,15,13,0,30,0,1,1,25,9,23,22,400,0,74,88,1023,20,1,-30,0,0,22
45,6,6,6,6,15,Texans,HB #31,400,85,0,0,14,85,0,5,815,32,815,83,29,0,0,80,1,0,0,58,0,0,83,2,33,29,77,25,32,33,0,8,75,0,0,0,0,0,0,0,265,45,0,0,0,3,0,60,0,0,31,2,4,0,0,0,0,15,16,49,63,6,0,75,0,0,0,15,60,67,48,3,3,3,3,3,20,79,5,20,15,9,0,30,0,1,1,25,5,8,6,400,0,67,36,1023,20,1,-30,0,0,52
45,6,6,6,6,15,Texans,HB #32,400,89,0,0,14,85,0,5,816,32,816,84,28,0,0,83,1,0,0,62,0,0,83,2,33,29,80,28,36,37,0,8,81,0,0,0,0,0,0,0,265,2,79,0,0,3,0,60,0,0,32,2,4,0,0,0,0,15,16,80,67,6,0,88,0,0,0,15,63,81,85,3,3,3,3,3,22,91,5,20,15,7,0,30,0,1,1,25,5,9,11,400,0,73,52,1023,20,1,-30,0,0,60
3,6,6,6,6,15,Garrison,Hearst,3031,87,0,700,14,92,0,5,817,15,817,87,28,0,0,84,1,0,0,78,0,0,89,2,3,1009,80,29,35,36,0,8,92,0,0,0,0,0,0,0,70,21,76,0,0,5,0,60,0,1,20,2,5,700,3,60,0,1,16,85,73,7,0,91,0,0,90,15,64,92,90,3,3,3,3,2,22,82,5,20,15,7,0,30,0,1,1,25,5,13,8,3031,0,71,56,1023,35,2,-30,0,0,101
45,6,6,6,6,15,Rodney,Heath,150,89,0,0,11,87,0,5,818,2,818,87,25,0,0,81,1,0,0,55,0,0,85,2,33,4,76,54,23,24,0,7,27,0,0,0,0,0,0,0,120,45,0,0,0,3,0,60,0,0,22,1,3,0,0,0,0,15,16,51,85,1,0,27,0,0,0,12,56,68,60,3,3,3,3,3,18,78,5,15,15,10,0,20,0,16,16,20,1,6,2,150,0,70,15,1023,20,0,-30,0,0,101
45,6,6,6,6,16,Vaughn,Hebron,0,87,0,42,15,86,0,5,819,1009,819,85,28,0,0,80,1,0,0,62,0,0,85,1,33,3,76,25,33,34,0,8,75,0,0,0,0,0,0,0,241,45,0,0,0,0,0,60,0,0,22,2,0,42,2,0,0,15,17,40,67,7,0,76,0,0,45,16,60,74,68,3,3,3,3,0,20,77,5,20,15,9,0,30,0,1,1,25,5,10,4,294,0,68,35,1023,75,0,-30,0,0,24
45,5,5,5,5,18,Andy,Heck,700,65,0,228,15,65,0,7,820,26,820,45,32,0,0,88,2,0,0,17,0,0,48,0,15,1009,83,33,93,92,0,3,28,0,2,0,0,0,0,0,152,24,38,0,0,2,0,60,0,0,64,1,2,228,3,0,0,1,20,67,30,11,0,28,0,0,96,17,93,84,73,2,2,2,2,9,36,47,18,25,35,13,20,30,0,5,5,35,7,31,27,954,0,77,136,1023,0,0,-30,0,0,109
25,5,5,5,5,12,George,Hegamin,1016,55,0,369,9,50,0,7,821,6,821,39,26,0,0,87,1,0,0,11,0,0,40,2,33,1009,82,32,91,89,0,3,27,0,2,0,0,0,0,0,138,45,65,0,0,2,0,60,0,0,79,1,2,369,3,0,0,3,14,66,24,6,0,22,0,0,100,11,92,88,99,2,2,2,2,15,36,35,24,25,20,7,25,30,0,9,9,35,17,37,28,1386,0,79,171,1023,0,0,-30,0,0,77
45,1,5,0,5,39,Craig,Heimburger,78,71,0,11,16,52,0,7,822,20,822,63,23,0,0,74,0,0,0,24,0,0,40,1,13,1009,89,28,88,83,0,2,39,0,0,0,6,0,6,0,122,45,100,0,0,1,0,44,0,0,75,0,1,11,2,56,0,7,30,28,46,1,0,18,0,1,96,17,76,70,59,2,2,2,2,26,28,33,24,30,44,7,30,38,0,7,7,89,25,44,23,78,0,74,152,1023,8,0,-19,0,0,58
45,5,5,5,5,15,Dale,Hellestrae,300,52,0,0,12,47,0,7,823,11,823,43,35,0,0,84,2,0,0,15,0,0,43,0,33,10,67,28,80,83,0,3,23,0,2,0,0,0,0,0,192,45,0,0,0,2,0,60,0,0,70,0,3,0,0,0,0,4,17,44,28,15,0,26,0,0,84,14,85,74,82,2,2,2,2,8,32,36,17,25,31,8,21,30,0,6,6,25,5,27,30,300,0,77,122,1023,0,3,-30,0,0,109
45,6,0,6,0,18,Nate,Hemsley,0,85,0,0,21,82,0,5,824,1009,824,74,24,0,0,82,0,1,0,46,0,0,47,3,15,1015,73,64,18,23,0,12,25,0,0,0,0,0,0,0,41,45,7,0,0,0,3,45,0,0,58,2,0,0,0,77,0,6,30,10,68,2,0,26,0,1,69,35,64,48,41,0,0,0,0,5,22,78,44,26,43,9,18,23,0,15,15,86,6,30,14,75,0,72,68,1023,9,0,-19,0,0,204
45,6,6,6,6,16,Jerome,Henderson,0,90,0,0,15,88,0,5,825,1009,825,87,29,0,0,80,2,0,0,56,0,0,87,1,33,17,75,55,21,23,0,7,28,0,0,0,0,0,0,0,38,45,41,0,0,0,0,60,0,0,26,2,0,0,2,25,0,2,17,56,83,9,0,28,0,0,76,16,55,77,75,3,3,3,3,2,18,76,5,15,15,13,0,20,0,17,16,20,1,12,10,100,0,70,33,1023,20,0,-30,0,0,290
45,5,5,5,5,16,William,Henderson,2426,78,0,644,12,72,0,5,826,20,826,68,28,0,0,89,1,0,0,72,0,0,68,2,33,1015,84,36,62,74,0,8,82,0,0,0,2,2,2,2,135,13,57,0,0,7,0,60,0,0,33,2,7,644,3,50,0,3,17,69,60,5,0,75,0,0,100,14,74,99,90,2,2,2,2,6,27,53,10,25,20,10,5,30,0,2,2,25,5,43,23,2426,0,73,86,1023,35,4,-30,0,0,270
45,6,6,6,6,13,Chad,Hennings,906,67,0,172,13,65,0,5,827,11,827,59,33,0,0,86,2,0,0,31,0,0,59,0,33,1015,82,77,27,28,0,3,44,0,0,0,0,0,0,0,1,40,0,0,0,1,0,60,0,0,95,2,4,172,3,25,0,11,17,59,58,9,0,35,0,0,87,14,88,80,78,3,3,3,3,6,34,43,17,25,28,12,25,30,0,12,12,30,8,32,25,906,0,78,127,1023,0,11,-30,0,0,122
45,6,6,6,6,10,Kevin,Henry,537,60,0,32,8,60,0,5,828,29,828,55,30,0,0,91,1,0,0,20,0,0,56,2,33,1015,85,79,35,39,0,3,39,0,0,0,0,0,0,0,121,40,27,0,0,2,0,60,0,0,76,2,4,32,2,35,0,4,14,48,48,7,0,36,0,0,94,10,87,75,92,3,3,3,3,9,34,45,16,25,32,13,24,30,0,11,11,25,10,26,23,244,0,76,122,1023,0,6,-30,0,0,268
45,0,0,0,0,22,Craig,Hentrich,1100,98,0,400,93,59,0,7,829,30,829,55,27,0,0,70,1,0,0,12,0,0,54,0,33,19,75,31,18,19,0,1,28,0,2,0,0,0,0,0,152,6,68,0,0,6,0,60,0,0,15,0,7,400,1,25,0,8,27,57,37,6,0,21,0,0,98,94,49,99,99,2,2,2,2,0,14,65,10,15,15,12,5,20,0,20,20,15,4,13,5,1100,0,75,53,1023,0,1,-30,0,0,168
45,3,4,3,4,27,Jimmy,Herndon,633,65,0,85,19,61,0,6,830,1,830,60,26,0,0,45,1,0,0,26,0,0,41,0,20,1009,40,22,78,84,0,2,20,0,2,0,0,2,0,2,80,14,0,0,0,3,0,21,0,0,74,2,5,85,2,75,0,5,20,36,10,4,0,37,0,1,99,18,91,70,59,2,2,2,2,14,36,33,21,21,22,11,21,21,0,9,9,48,24,27,23,633,0,80,158,1023,0,2,-19,0,0,150
45,2,3,2,3,20,Kelly,Herndon,0,87,0,0,14,96,0,4,831,1009,831,95,23,0,0,92,0,0,0,58,0,0,84,3,33,1015,82,57,19,20,0,8,26,0,0,0,7,0,7,0,218,45,100,0,0,0,3,35,0,0,127,2,0,0,0,50,0,8,25,0,93,1,0,56,0,1,100,23,59,76,61,4,3,4,3,3,20,92,14,35,44,11,19,2,3,16,16,39,2,0,4,0,1,71,20,1023,87,31,-19,0,0,204
45,4,5,4,5,12,Kim,Herring,551,99,0,96,30,91,0,10,832,25,832,85,24,0,0,68,0,2,0,68,0,0,89,3,16,1015,89,68,10,13,0,7,28,0,0,0,9,1,9,1,164,45,69,1,1,1,0,33,0,0,20,2,3,96,3,98,0,4,20,59,77,3,0,52,0,1,100,16,72,84,74,0,0,0,0,4,26,86,37,30,18,11,7,4,0,17,17,13,0,10,7,551,0,72,52,1023,8,2,-19,0,0,204
45,5,5,5,5,14,Jeff,Herrod,0,76,0,140,12,71,0,7,833,1009,833,62,32,0,0,92,2,0,0,52,0,0,64,2,33,9,78,86,34,38,0,3,34,0,2,0,2,2,2,2,159,45,36,0,0,0,0,60,0,1,52,1,0,140,3,50,0,9,20,75,63,12,0,27,0,0,89,17,77,81,86,2,2,2,2,5,28,59,15,25,20,11,5,30,0,14,14,25,4,19,22,589,0,72,89,1023,0,0,-30,0,0,47
45,5,0,5,0,25,Chris,Hetherington,150,75,0,0,17,83,1,4,834,21,834,82,27,0,0,0,1,0,0,72,0,0,78,2,6,26,0,26,52,62,0,9,60,0,0,0,0,0,0,0,261,14,13,0,0,3,4,2,0,0,44,1,3,0,2,77,0,4,32,14,65,4,0,75,0,1,72,29,67,87,64,2,2,2,2,7,24,50,7,10,20,12,7,27,0,2,1,27,2,31,20,150,0,75,85,1023,0,0,-19,0,0,200
45,5,5,5,5,17,Craig,Heyward,0,77,0,99,13,74,0,5,835,1009,835,69,32,0,0,93,2,0,0,69,0,0,70,2,24,9,78,40,62,73,0,8,96,0,0,0,2,2,2,2,166,21,0,0,0,0,0,60,0,0,33,0,0,99,3,60,0,1,19,50,59,12,0,89,0,0,42,16,78,80,93,2,2,2,2,4,29,46,10,25,20,13,5,30,0,1,2,25,4,36,21,363,0,71,100,1023,35,0,-30,0,0,294
45,2,7,2,7,13,Anthony,Hicks,0,89,0,46,39,80,0,5,836,1009,836,70,25,0,0,81,0,0,0,56,0,0,78,2,20,19,87,81,28,25,0,3,33,0,0,0,9,8,9,8,10,45,50,1,1,0,0,14,0,0,55,2,0,46,2,52,0,4,30,46,67,3,0,22,0,1,100,12,68,73,66,0,0,0,0,5,24,61,12,22,31,12,38,8,3,15,14,27,3,41,22,385,0,73,83,1023,2,0,-19,0,0,204
45,3,7,3,7,16,Eric,Hicks,1009,78,0,57,23,81,0,0,837,9,837,71,23,0,0,87,0,0,0,24,0,0,74,2,24,1015,86,68,35,27,0,3,22,0,0,0,0,8,0,8,111,45,34,1,0,6,0,39,0,0,98,0,7,57,3,71,0,6,17,57,61,2,0,27,0,1,100,21,84,86,99,0,4,0,4,6,32,35,24,42,22,7,25,20,3,11,11,77,6,34,23,474,0,78,120,1023,4,1,-19,0,0,204
45,3,4,3,4,26,Robert,Hicks,561,57,0,70,20,74,0,1,838,3,838,40,22,0,0,83,0,1,0,23,0,0,64,3,18,1015,96,14,78,69,0,3,28,0,0,0,0,2,0,2,121,45,0,0,0,1,0,53,0,0,77,2,2,70,2,60,0,2,36,29,28,2,0,25,0,1,99,29,94,71,74,2,2,2,2,11,37,24,19,33,28,10,24,10,0,9,9,108,18,33,28,561,0,79,170,1023,3,1,-19,0,0,204
45,6,3,6,3,23,Skip,Hicks,535,92,0,78,13,91,0,4,839,26,839,87,24,0,0,68,0,2,5,70,0,0,80,3,12,1015,64,19,32,35,0,8,75,0,0,0,0,8,0,8,226,45,0,2,2,2,0,15,0,0,20,2,3,78,2,50,0,2,33,44,66,2,0,71,0,1,100,12,60,72,63,1,4,1,4,2,20,66,5,36,33,10,29,2,0,1,1,31,1,16,13,535,0,72,70,1023,3,1,-19,0,0,204
45,5,5,5,5,13,Eric,Hill,405,73,0,207,11,74,0,7,840,1014,840,63,32,0,0,92,2,0,0,29,0,0,66,2,10,1009,81,93,34,38,0,3,30,0,2,0,2,2,2,2,106,28,31,0,0,1,0,60,0,0,54,1,1,207,3,50,0,1,17,72,62,11,0,24,0,0,57,14,77,86,87,2,2,2,2,3,28,68,15,25,20,13,5,30,0,14,14,25,1,44,20,1104,0,74,95,1023,0,0,-30,0,0,140
4,6,6,6,6,16,Greg,Hill,0,88,0,0,15,88,0,5,841,1009,841,86,27,0,0,82,1,0,0,56,0,0,86,2,25,1009,79,27,32,33,0,8,77,0,0,0,0,0,0,0,215,12,0,0,0,0,0,60,0,0,21,2,0,0,3,50,0,1,17,52,61,6,0,75,0,0,99,16,62,77,79,3,3,3,3,3,21,85,5,20,15,12,0,30,0,1,1,25,1,9,6,393,0,71,47,1023,55,0,-30,0,0,101
45,6,7,6,7,26,Madre,Hill,0,79,0,0,36,83,0,7,842,1009,842,73,23,0,0,93,0,0,2,69,0,0,75,3,7,1015,51,39,32,46,0,8,74,6,0,0,0,0,0,0,10,45,100,0,0,0,0,2,0,0,34,2,0,0,0,47,0,6,35,40,79,1,0,86,6,1,75,23,69,71,77,4,0,4,0,4,24,88,26,34,48,10,20,24,0,1,1,67,0,5,11,150,0,71,39,1023,27,31,-19,0,0,204
36,3,7,3,7,22,Ike,Hilliard,5126,82,0,177,28,92,0,7,843,16,843,90,24,0,0,99,0,5,5,86,0,0,91,2,3,1015,86,28,28,32,0,8,64,0,0,0,0,0,0,0,62,12,12,3,4,3,4,0,0,0,88,2,5,177,3,54,0,1,39,64,91,3,0,80,0,1,22,18,66,82,59,3,1,3,1,0,23,89,11,32,23,10,3,28,1,3,3,8,0,9,12,1056,0,71,50,1023,15,2,-19,0,0,204
45,3,3,3,3,33,Keno,Hills,0,66,0,0,35,72,0,5,844,1009,844,55,26,0,0,25,1,0,0,17,0,0,53,2,16,26,35,11,78,80,0,2,28,0,0,0,3,3,3,3,97,14,0,0,0,0,0,13,0,0,76,2,0,0,2,60,0,4,12,46,29,4,0,19,0,1,0,29,88,72,59,2,0,2,0,7,34,29,21,20,27,7,23,19,0,8,8,54,5,23,25,50,0,78,145,1023,0,0,-19,0,0,186
45,5,5,5,5,18,Bill,Hitchcock,24,65,0,0,15,55,0,7,845,1009,845,45,33,0,0,85,2,0,0,17,0,0,43,0,33,1009,80,30,89,87,0,3,25,0,2,0,0,0,0,0,169,45,0,0,0,0,0,60,0,0,70,1,1,0,0,0,0,8,20,50,30,10,0,28,0,0,99,17,90,78,70,2,2,2,2,9,35,35,15,25,25,13,20,30,0,5,5,35,8,41,23,0,0,78,131,1023,0,4,-30,0,0,38
45,6,6,6,6,17,Jimmy,Hitchcock,472,93,0,57,16,91,0,5,846,21,846,90,28,0,0,81,1,0,0,58,0,0,88,1,33,21,76,57,19,22,0,7,26,0,0,0,0,0,0,0,135,30,14,0,0,2,0,60,0,0,37,0,3,57,2,50,0,3,18,48,85,5,0,26,0,0,71,18,56,72,61,3,3,3,3,1,18,73,5,15,15,13,0,20,0,16,16,20,3,8,10,472,0,70,30,1023,20,0,-30,0,0,337
45,6,6,6,6,13,Leroy,Hoard,0,75,0,0,12,77,0,5,847,1009,847,74,30,0,0,93,2,0,0,62,0,0,73,2,33,1009,78,32,42,46,0,8,94,0,0,0,0,0,0,0,117,21,0,0,0,0,0,60,0,0,44,0,0,0,3,50,0,2,13,52,66,10,0,88,0,0,39,12,73,76,74,3,3,3,3,1,26,54,5,20,15,11,0,30,0,1,1,25,2,30,11,708,0,71,65,1023,35,3,-30,0,0,6
45,6,6,6,6,16,Daryl,Hobbs,0,91,0,0,11,89,0,5,848,1009,848,88,30,0,0,82,1,0,0,73,0,0,87,2,33,22,77,32,27,28,0,1,61,0,0,0,0,0,0,0,265,45,0,0,0,0,0,60,0,0,80,2,0,0,2,50,0,15,17,45,84,7,0,69,0,0,87,13,57,75,71,3,3,3,3,0,18,88,5,15,15,11,0,20,0,3,3,20,0,3,3,0,0,74,15,1023,55,2,-30,0,0,64
45,0,0,0,0,85,Billy Joe,Hobert,300,92,0,100,15,63,0,7,849,10,849,62,28,0,0,76,1,0,0,22,0,0,60,0,33,26,81,19,15,20,0,1,58,0,2,0,0,0,0,0,252,45,0,0,0,1,0,60,0,0,14,0,3,100,2,50,0,3,86,47,57,6,0,64,0,0,0,17,56,72,59,2,2,2,2,2,18,74,5,10,15,9,0,20,0,0,0,20,6,19,11,300,0,75,70,1023,0,1,-30,0,0,161
45,0,0,0,0,74,Kelly,Holcomb,312,90,0,69,12,75,0,7,850,10,850,70,26,0,0,76,0,0,0,21,0,0,73,0,33,1009,81,16,15,20,0,1,53,0,2,0,0,0,0,0,119,18,0,0,0,2,0,60,0,0,13,1,2,69,3,25,0,4,90,53,55,3,0,64,0,0,76,15,56,77,74,2,2,2,2,4,18,89,5,10,15,10,0,20,0,0,0,20,3,10,7,426,0,74,52,1023,0,0,-30,0,0,56
45,5,3,5,3,13,Robert,Holcombe,785,87,0,66,10,84,0,0,851,24,851,80,25,0,0,61,0,0,0,71,0,0,93,2,11,1015,68,23,39,42,0,11,66,0,0,0,8,9,8,9,84,45,0,0,0,2,3,11,0,0,25,2,3,66,3,71,0,2,21,45,60,2,0,88,0,1,77,39,77,76,63,4,0,4,0,3,28,81,17,26,49,11,4,43,0,1,1,1,4,13,8,390,0,71,60,1023,44,1,-19,0,0,204
45,0,3,0,3,26,Warrick,Holdman,1340,71,0,119,23,82,1,4,852,1,852,72,21,2,0,94,0,0,0,55,0,0,82,3,29,1015,93,87,55,13,0,3,24,0,0,0,8,0,8,0,215,45,100,2,2,7,0,34,0,0,53,0,7,119,3,85,0,5,10,57,65,1,0,35,0,1,56,29,80,81,67,1,2,1,2,5,30,66,0,40,4,11,4,22,3,13,14,20,9,29,23,1340,0,73,83,1023,9,0,-19,0,0,204
45,5,5,5,5,14,John,Holecek,255,76,0,30,12,85,0,7,853,3,853,79,26,0,0,91,1,0,0,50,0,0,82,0,33,1,86,77,31,35,0,3,28,0,2,0,2,2,2,2,84,45,0,0,0,2,0,60,0,0,52,0,2,30,2,25,0,5,18,38,65,5,0,25,0,0,100,15,76,72,65,2,2,2,2,0,28,63,15,25,20,9,5,30,0,14,14,25,4,23,13,232,0,74,80,1023,0,4,-30,0,0,91
45,6,6,6,6,10,Darius,Holland,400,58,0,200,10,55,0,5,854,5,854,48,25,0,0,88,1,0,0,20,0,0,53,2,33,18,84,79,34,35,0,3,33,0,0,0,0,0,0,0,41,40,1,0,0,2,0,60,0,0,73,2,2,200,2,25,0,3,14,57,46,5,0,24,0,0,97,11,90,77,79,3,3,3,3,13,35,41,19,25,31,11,25,30,0,12,12,30,28,39,26,400,0,77,160,1023,0,0,-30,0,0,13
45,0,0,0,0,80,Donald,Hollas,0,84,0,60,50,67,0,7,855,1009,855,64,32,0,0,82,2,0,0,50,0,0,66,0,0,22,76,50,50,50,0,0,42,0,2,0,0,0,0,0,171,45,0,0,0,0,0,60,0,0,12,2,0,60,3,0,0,0,87,50,50,7,0,50,0,0,56,50,57,76,74,2,2,2,2,5,18,64,10,22,15,9,0,27,0,0,0,10,5,11,12,381,0,75,55,1023,50,0,-30,0,0,41
40,7,2,7,2,0,Vonnie,Holliday,3190,83,0,620,26,78,0,7,856,20,856,70,22,0,0,74,0,0,0,22,0,0,71,3,29,1015,64,79,30,35,0,3,32,0,2,0,1,0,1,0,135,12,62,2,2,4,0,25,0,0,90,2,5,620,3,80,0,1,10,79,52,2,0,32,0,1,100,23,92,88,74,0,1,0,1,7,36,34,18,13,28,8,15,25,0,11,11,16,8,27,30,3190,0,77,125,1023,9,1,-19,0,0,204
45,5,5,5,5,10,Dwight,Hollier,2400,80,0,1300,9,85,0,7,857,10,857,80,30,0,0,90,1,0,0,50,0,0,79,2,33,4,85,76,28,29,0,3,31,0,2,0,0,0,0,0,135,45,0,0,0,1,0,60,0,0,56,2,7,1300,0,0,0,15,15,62,66,6,0,29,0,0,100,13,75,78,80,2,2,2,2,7,28,50,15,25,20,10,10,30,0,14,15,20,4,42,22,2400,0,74,86,1023,0,0,-30,0,0,115
13,0,0,0,0,23,Mike,Hollis,512,85,0,66,96,59,0,7,858,17,858,57,26,0,0,70,1,0,0,22,0,0,56,0,33,1009,75,21,17,15,0,0,13,0,2,0,0,0,0,0,82,6,70,0,0,3,0,60,0,0,1,1,3,66,1,0,0,15,30,68,55,5,0,17,0,0,100,88,46,94,81,2,2,2,2,5,13,97,5,15,15,7,5,15,0,19,19,15,1,3,8,512,0,67,19,1023,0,4,-30,0,0,136
45,5,5,5,5,10,Rob,Holmberg,100,81,0,0,9,75,0,7,859,22,859,71,28,0,0,91,1,0,0,32,0,0,72,0,33,9,86,80,30,31,0,3,33,0,2,0,0,0,0,0,164,45,0,0,0,1,0,60,0,0,50,1,1,0,2,25,0,7,16,39,67,6,0,30,0,0,28,14,76,68,61,2,2,2,2,0,28,68,15,25,20,9,10,30,0,14,15,20,3,20,10,100,0,75,70,1023,0,0,-30,0,0,394
45,6,6,6,6,16,Darick,Holmes,0,88,0,0,15,89,0,5,860,1009,860,85,27,0,0,87,1,0,0,72,0,0,84,2,33,19,85,32,35,36,0,8,90,0,0,0,0,0,0,0,167,21,0,0,0,0,0,60,0,0,44,2,0,0,3,50,0,7,17,60,67,5,0,83,0,0,99,16,67,82,68,3,3,3,3,3,24,75,5,20,15,7,0,30,0,1,1,25,5,30,14,100,0,72,66,1023,65,0,-30,0,0,20
45,3,5,3,5,22,Earl,Holmes,2589,98,0,616,19,84,0,5,861,29,861,82,26,0,0,99,1,0,0,50,0,0,83,3,27,1015,99,79,13,12,0,3,26,0,0,0,0,0,0,0,63,45,49,0,0,3,0,27,0,0,50,0,4,616,3,75,0,6,22,66,62,4,0,33,0,1,100,22,84,83,80,2,0,2,0,4,32,65,10,11,28,13,9,12,0,14,14,29,1,19,21,2589,0,74,82,1023,0,3,-19,0,0,204
45,0,0,0,0,24,Jaret,Holmes,25,82,0,0,80,42,0,7,862,16,862,35,23,0,0,59,0,0,0,17,0,0,45,0,63,1015,99,13,22,14,0,0,20,0,2,0,0,0,0,0,14,45,100,3,3,1,0,52,0,0,2,0,1,0,0,66,0,15,19,0,44,1,0,28,0,1,57,86,21,64,63,0,2,0,2,0,0,67,0,23,21,12,2,13,0,19,19,6,4,6,5,25,0,72,43,1023,4,31,-19,0,0,150
4,1,6,1,6,26,Kenny,Holmes,1513,70,0,200,29,79,0,7,863,30,863,76,27,0,0,93,1,0,2,27,0,0,78,0,27,1015,85,69,30,27,0,3,18,0,0,0,8,8,8,8,115,12,31,2,2,3,0,2,0,0,99,2,5,200,3,75,0,1,24,46,63,3,0,22,0,1,78,20,80,83,79,0,0,0,0,5,30,42,30,12,24,13,14,7,0,10,10,8,9,30,27,1513,0,76,105,1023,2,2,-19,0,0,150
45,5,5,5,5,15,Lester,Holmes,475,60,0,72,12,55,0,7,864,7,864,42,30,0,0,86,1,0,0,14,0,0,39,2,19,1009,81,31,90,87,0,3,26,0,2,0,0,0,0,0,92,25,78,0,0,2,0,60,0,0,71,1,3,72,3,0,0,1,17,55,27,7,0,25,0,0,100,14,91,79,75,2,2,2,2,14,36,44,17,25,35,13,21,30,0,8,9,35,22,38,27,475,0,76,155,1023,0,1,-30,0,0,27
34,0,1,0,1,25,Priest,Holmes,1650,90,0,330,20,96,0,0,865,25,865,94,25,0,0,97,0,2,0,72,0,0,93,2,4,1009,95,25,37,37,0,7,81,0,0,0,0,8,0,8,214,16,72,1,1,1,0,7,0,0,33,1,3,330,3,79,0,1,41,81,74,3,0,86,0,1,100,25,89,90,77,0,0,0,0,4,34,89,38,25,0,10,34,33,0,1,1,8,0,13,9,1650,1,69,53,1023,65,2,-19,0,0,204
45,6,6,6,6,8,Bernard,Holsey,200,52,0,0,8,65,0,5,866,10,866,61,26,0,0,91,1,0,0,13,0,0,60,0,33,4,87,80,38,39,0,3,26,0,0,0,0,0,0,0,52,40,0,0,0,1,0,60,0,0,79,1,4,0,0,0,0,15,13,75,39,4,0,17,0,0,22,10,93,78,66,3,3,3,3,37,36,30,27,25,35,10,35,30,0,11,12,30,23,38,22,200,0,74,126,1023,0,0,-30,0,0,362
45,3,1,3,1,10,Torry,Holt,7669,89,0,258,24,96,0,1,867,24,867,90,24,0,0,71,0,0,1,90,0,0,98,3,2,1015,81,29,23,38,0,8,51,0,0,0,9,0,9,0,138,12,100,0,1,7,3,1,0,0,88,2,7,258,3,83,0,1,29,71,92,1,0,75,0,1,91,25,57,88,73,1,4,1,4,5,18,85,36,2,0,13,9,27,2,3,3,23,1,5,6,1518,0,72,30,1023,81,0,-19,0,0,204
45,5,5,5,5,18,Brad,Hopkins,2129,65,0,297,15,65,0,7,868,30,868,50,28,0,0,84,1,0,0,17,0,0,55,2,13,1015,79,29,93,96,0,3,24,0,2,0,0,0,0,0,84,26,83,0,0,3,0,60,0,0,72,0,5,297,3,0,0,1,20,73,30,7,0,28,0,0,100,17,89,91,90,2,2,2,2,40,34,33,28,25,37,7,21,30,0,5,9,35,22,39,26,1161,0,75,145,1023,0,7,-30,0,0,70
45,3,5,3,5,26,Tyrone,Hopson,233,84,0,54,29,63,0,7,869,15,869,51,23,0,0,80,0,0,0,30,0,0,59,1,33,1009,71,24,82,89,0,2,25,0,0,0,0,2,0,2,56,45,100,0,0,2,0,26,0,0,66,2,2,54,3,87,0,8,2,40,22,1,0,20,0,1,98,13,84,76,64,4,0,4,0,48,32,16,25,40,38,8,32,31,0,8,8,108,44,35,25,318,1,74,140,1023,8,0,-19,0,0,58
45,0,0,0,0,12,Mike,Horan,393,89,0,87,96,50,0,7,870,1014,870,46,40,0,0,60,2,0,0,11,0,0,45,0,33,1009,62,29,18,20,0,1,19,0,2,0,0,0,0,0,265,14,0,0,0,1,0,60,1,0,2,1,1,87,3,0,0,9,15,39,27,16,0,18,0,0,99,85,51,94,99,2,2,2,2,0,16,79,10,15,15,12,5,20,0,20,20,15,5,10,5,363,0,71,32,1023,0,0,-30,0,0,120
6,3,4,3,4,14,Joe,Horn,263,99,0,0,15,97,0,5,871,27,871,95,28,0,0,99,0,0,0,84,0,0,96,3,12,1015,89,34,21,45,0,0,61,0,0,0,0,0,0,0,88,35,61,0,0,1,0,47,0,0,87,2,1,0,3,78,0,5,16,85,91,4,0,50,0,1,84,24,52,87,74,0,0,0,0,4,16,81,6,8,13,7,8,11,0,3,3,24,2,10,6,263,1,73,46,1023,15,3,-19,0,0,204
45,3,4,3,4,31,Tony,Horne,150,79,0,0,23,98,0,5,872,24,872,94,22,0,1,87,0,1,0,69,0,0,95,3,63,1015,70,29,31,34,0,11,65,0,0,0,9,0,9,0,38,45,11,0,0,2,4,46,0,0,82,2,3,0,0,88,0,15,32,35,57,2,0,68,0,1,82,25,61,72,62,0,0,0,0,1,20,89,25,37,21,9,38,26,0,3,3,11,5,7,7,150,0,69,10,1023,90,0,-19,0,0,204
36,6,6,6,6,16,Desmond,Howard,407,96,0,64,16,95,0,5,873,19,873,93,28,0,0,77,1,0,0,67,0,0,94,2,4,1009,72,20,18,19,0,1,69,0,0,0,0,0,0,0,117,11,22,0,0,2,0,60,0,0,80,2,2,64,3,80,0,1,16,47,78,8,0,73,0,0,97,18,52,75,69,3,3,3,3,3,16,85,5,15,15,12,0,20,0,3,3,20,0,2,7,407,0,70,25,1023,99,0,-30,0,0,277
45,6,6,6,6,9,Erik,Howard,0,57,0,0,10,60,0,5,874,1009,874,59,34,0,0,87,2,0,0,27,0,0,56,1,33,17,69,87,31,35,0,3,36,0,0,0,0,0,0,0,251,45,0,0,0,0,0,60,0,0,74,2,0,0,0,25,0,2,14,56,54,14,0,31,0,0,72,11,70,74,87,3,3,3,3,7,25,55,25,25,30,11,15,30,0,10,10,25,8,32,27,0,0,76,115,1023,0,2,-30,0,0,53
45,6,4,6,4,12,Ty,Howard,353,81,0,42,22,86,0,5,875,30,875,89,23,0,0,72,0,0,0,52,0,0,83,2,10,1015,93,63,11,34,0,8,36,0,0,0,7,0,7,0,156,45,0,0,0,1,0,43,0,0,24,2,3,42,2,4,0,3,16,34,92,3,0,51,0,1,48,18,51,68,57,2,3,2,3,2,16,81,23,15,28,10,19,17,0,16,16,69,2,1,4,353,0,70,25,1023,12,2,-19,0,0,204
14,0,0,0,0,77,Bobby,Hoying,282,99,0,44,11,87,0,7,876,23,876,77,27,0,0,45,1,0,0,24,0,0,79,0,7,1009,65,22,10,11,0,1,45,0,4,0,0,0,0,0,156,18,0,0,0,2,0,6,0,0,14,1,2,44,3,71,0,4,90,50,47,4,0,45,0,1,58,20,56,76,64,3,3,3,3,1,18,51,7,9,15,11,6,9,0,0,0,20,7,31,14,282,0,75,61,1023,0,0,-19,0,0,150
45,0,0,0,0,75,Brock,Huard,227,91,0,24,6,65,0,5,877,28,877,59,22,0,0,93,0,0,0,24,0,0,61,0,24,1015,84,35,27,17,0,1,58,0,0,0,0,0,0,0,252,45,100,2,2,2,0,46,1,0,11,1,2,24,2,64,0,2,85,37,40,1,0,49,0,1,98,10,57,66,60,0,2,0,2,1,18,77,30,22,34,10,5,19,0,0,0,15,1,34,14,227,0,76,72,1023,1,0,-19,0,0,150
45,0,0,0,0,81,Damon,Huard,551,73,0,84,28,84,0,9,878,12,878,77,26,0,1,88,0,0,0,24,0,0,80,0,13,1009,62,37,17,13,0,8,58,0,2,0,0,0,0,0,252,18,0,2,2,2,4,7,0,0,11,1,3,84,3,57,0,6,90,53,44,3,0,57,0,1,92,11,56,79,64,1,0,2,0,0,18,64,33,11,43,9,2,11,0,0,0,29,5,6,8,501,0,75,55,1023,0,1,-19,0,0,150
45,6,6,6,6,15,Chris,Hudson,0,93,0,0,12,89,0,5,879,1009,879,88,28,0,0,78,1,0,0,55,0,0,87,1,33,1009,73,55,23,26,0,7,35,0,0,0,0,0,0,0,41,45,66,0,0,0,0,60,0,0,47,2,0,0,3,25,0,7,16,77,84,5,0,41,0,0,57,12,53,85,98,3,3,3,3,0,16,93,5,15,15,9,0,20,0,18,16,20,4,6,4,168,0,70,39,1023,55,0,-30,0,0,337
45,5,5,5,5,16,John,Hudson,360,74,0,54,13,60,0,7,880,25,880,48,31,0,0,83,2,0,0,15,0,0,48,0,33,1009,78,31,84,82,0,3,26,0,2,0,0,0,0,0,14,45,64,0,0,1,0,60,0,0,66,1,3,54,3,0,0,11,18,53,28,9,0,26,0,0,100,15,88,79,85,2,2,2,2,4,34,45,20,25,35,13,20,25,0,5,7,10,4,39,26,327,0,74,110,1023,0,2,-30,0,0,57
45,6,6,6,6,17,Tyrone,Hughes,0,97,0,0,18,95,0,5,881,1009,881,93,29,0,0,80,1,0,0,59,0,0,91,2,33,10,75,54,22,26,0,7,47,0,0,0,0,0,0,0,142,45,0,0,0,0,0,60,0,0,32,0,0,0,3,60,0,5,19,45,87,7,0,50,0,0,9,19,55,71,51,3,3,3,3,3,18,95,5,15,15,7,0,20,0,16,16,20,1,3,1,50,0,69,15,1023,85,0,-30,0,0,146
45,3,6,3,6,26,Jay,Humphrey,370,73,0,26,11,61,0,5,882,31,882,53,22,0,0,85,0,0,1,19,0,0,57,0,16,1015,89,27,62,86,0,3,23,0,0,0,2,0,2,0,214,45,100,2,0,3,2,51,0,0,74,2,3,26,2,74,0,4,31,27,33,1,0,18,0,1,71,34,85,66,72,2,2,2,2,8,32,40,21,37,22,12,24,1,0,5,5,71,26,24,23,212,0,78,155,1023,0,0,-19,0,0,150
45,1,4,1,4,18,Cletidus,Hunt,1430,73,0,175,29,75,0,7,883,20,883,72,22,0,0,99,0,0,0,33,0,0,73,2,25,1015,70,67,23,32,0,3,22,0,4,0,0,0,0,0,265,45,100,2,2,5,0,4,0,0,97,0,5,175,3,77,0,2,27,51,54,1,0,10,0,1,95,27,74,75,72,0,0,0,0,8,27,42,21,29,25,12,17,20,0,10,11,60,10,38,28,1430,0,76,150,1023,4,0,-19,0,0,204
45,2,2,2,2,30,Robert,Hunt,57,72,0,10,38,69,0,7,884,6,884,58,22,0,0,98,0,0,1,12,0,0,56,0,26,1015,78,26,66,77,0,2,37,0,2,0,0,6,0,6,240,45,100,0,0,1,0,8,0,0,73,0,1,10,2,99,0,5,2,15,26,1,0,28,0,1,82,21,79,62,52,2,2,2,2,7,30,46,19,32,30,10,19,21,1,8,8,88,26,29,26,112,0,74,130,1023,0,0,-19,0,0,150
45,5,5,5,5,15,Greg,Huntington,0,67,0,40,12,55,0,7,885,1009,885,46,28,0,0,85,1,0,0,14,0,0,43,0,33,0,80,28,79,84,0,3,23,0,2,0,0,0,0,0,164,45,0,0,0,0,0,60,0,0,67,0,0,40,3,0,0,5,17,45,27,7,0,25,0,0,99,14,90,73,70,2,2,2,2,6,35,34,18,25,25,10,15,25,0,8,7,10,9,30,25,240,0,75,137,1023,0,0,-30,0,0,150
45,5,5,5,5,17,Richard,Huntley,286,85,0,66,24,88,0,7,886,29,886,86,27,0,0,60,1,0,0,77,0,0,87,3,25,1009,84,25,25,23,0,8,75,0,0,0,2,2,2,2,164,45,0,0,0,1,0,0,0,0,33,2,2,66,3,57,0,3,38,50,72,4,0,76,0,1,100,20,76,79,75,2,4,2,4,4,28,56,9,12,23,11,6,21,0,1,1,36,4,20,10,390,1,71,64,1023,65,1,-19,0,0,204
45,0,0,0,0,14,Michael,Husted,0,85,0,0,87,55,0,7,887,1009,887,53,28,0,0,70,1,0,0,16,0,0,52,0,33,1009,75,23,21,24,0,0,9,0,2,0,0,0,0,0,240,45,62,0,0,0,0,60,0,0,4,1,0,0,1,0,0,15,17,54,51,7,0,14,0,0,69,87,46,82,92,2,2,2,2,0,13,76,5,15,15,10,5,15,0,19,19,15,1,5,4,80,0,72,32,1023,0,0,-30,0,0,246
45,6,0,6,0,37,Tony,Hutson,50,43,0,0,39,67,0,7,888,26,888,45,25,0,0,89,0,0,0,27,0,0,55,1,12,1015,75,29,74,86,1,12,30,0,0,0,0,0,0,0,149,45,0,0,0,1,4,16,0,0,68,0,2,0,0,79,0,7,11,42,10,3,0,24,6,1,62,35,85,65,42,2,0,2,0,37,32,14,26,26,35,13,35,12,0,8,7,50,45,35,25,50,0,75,155,1023,0,1,-19,0,0,58
45,0,0,0,0,16,Tom,Hutton,0,91,0,0,89,59,0,7,889,1009,889,55,26,0,0,70,1,0,0,10,0,0,54,0,33,1009,75,28,19,22,0,1,28,0,2,0,0,0,0,0,211,45,51,0,0,0,0,60,0,0,4,0,0,0,1,0,0,15,18,44,37,5,0,18,0,0,96,90,50,89,86,2,2,2,2,3,15,75,10,15,15,13,5,20,0,20,20,15,2,10,8,86,0,73,33,1023,0,0,-30,0,0,91
45,5,5,5,5,15,Steve,Ingram,0,60,0,0,12,55,0,7,890,1009,890,42,28,0,0,84,1,0,0,14,0,0,40,0,5,4,79,29,83,85,0,3,24,0,2,0,0,0,0,0,111,45,0,0,0,0,0,60,0,0,67,0,0,0,0,0,0,7,17,73,27,2,0,25,0,0,100,14,89,73,67,2,2,2,2,15,34,36,21,25,22,7,15,30,0,6,9,35,16,30,27,25,0,76,164,1023,0,0,-30,0,0,260
45,6,6,6,6,13,Ken,Irvin,719,99,0,69,11,90,0,5,891,3,891,88,27,0,0,79,1,0,0,63,0,0,89,1,33,1015,74,59,22,23,0,7,23,0,0,0,0,0,0,0,114,45,31,0,0,3,0,60,0,0,27,2,3,69,3,25,0,4,13,52,82,5,0,32,0,0,100,12,54,79,77,3,3,3,3,0,17,81,5,15,15,13,0,20,0,16,16,20,3,1,5,654,0,71,22,1023,20,4,-30,0,0,290
42,6,6,6,6,15,Michael,Irvin,0,89,0,0,17,92,1,5,892,1014,892,88,33,0,0,94,2,0,0,88,0,0,86,2,11,1015,88,22,37,37,0,1,66,0,0,0,0,0,0,0,115,5,48,0,0,0,0,60,0,1,88,2,0,0,3,90,0,1,16,80,94,12,0,72,0,0,79,19,69,89,88,1,3,1,3,3,24,65,5,15,15,12,0,20,0,3,3,20,3,7,11,4133,0,74,47,1023,20,11,0,0,0,334
45,2,3,2,3,26,Sedrick,Irvin,304,80,0,42,27,88,0,2,893,19,893,92,21,0,0,78,0,0,0,69,0,0,88,3,21,1015,86,13,21,33,0,1,76,0,0,0,0,8,0,8,118,45,100,0,0,2,0,32,0,0,33,1,2,42,2,94,0,4,10,35,93,1,0,69,0,1,97,21,50,75,63,1,4,1,4,1,15,66,1,6,38,13,2,26,0,1,3,30,2,34,11,304,0,71,66,1023,11,0,-19,0,0,204
45,5,5,5,5,14,Terry,Irving,0,87,0,24,13,80,0,7,894,1009,894,76,27,0,0,89,1,0,0,37,0,0,74,0,33,6,84,76,27,28,0,3,30,0,2,0,0,0,0,0,113,45,4,0,0,0,0,60,0,0,56,2,0,24,2,25,0,4,19,37,72,6,0,35,0,0,68,17,74,72,68,2,2,2,2,0,27,65,15,25,20,11,10,30,0,15,15,20,6,17,12,165,0,74,68,1023,0,0,-30,0,0,163
45,3,2,3,2,21,Heath,Irwin,211,70,0,36,22,77,0,7,895,12,895,58,27,0,0,60,1,0,0,22,0,0,51,0,20,1009,86,24,80,79,0,2,29,0,2,0,0,2,0,2,41,45,0,0,0,1,0,3,0,0,66,2,2,36,2,61,0,3,15,44,26,4,0,11,0,1,87,17,89,74,61,2,2,2,2,6,34,36,18,21,30,9,19,21,0,6,6,48,9,27,30,211,0,76,140,1023,0,1,-19,0,0,150
45,7,7,7,7,26,Hudhaifa,Ismaeli,0,99,0,22,14,93,1,5,896,1009,896,93,26,0,0,84,0,0,0,61,0,0,75,2,6,7,88,62,23,21,0,8,27,0,0,0,0,7,0,7,151,32,0,0,0,0,0,21,0,0,49,2,0,22,2,58,0,7,14,71,83,3,0,44,0,1,79,16,60,77,65,4,4,4,4,4,20,89,35,46,32,12,9,20,2,17,18,19,0,10,6,164,1,71,37,1023,7,1,-19,0,0,204
45,6,6,6,6,17,Qadry,Ismail,772,96,0,126,17,97,0,5,897,25,897,94,28,0,0,81,1,0,0,70,0,0,90,2,33,1009,76,19,24,25,0,1,55,0,0,0,0,0,0,0,205,36,29,0,0,3,0,60,0,0,87,2,3,126,3,55,0,2,19,56,85,7,0,69,0,0,93,19,56,78,75,3,3,3,3,0,18,91,5,15,15,12,0,20,0,3,3,20,5,6,5,772,0,72,36,1023,75,0,-30,0,0,236
45,6,6,6,6,17,Rocket,Ismail,1175,97,0,198,14,99,0,5,898,11,898,97,29,0,0,82,1,0,0,78,0,0,91,2,33,1009,77,22,24,25,0,1,62,0,0,0,0,0,0,0,152,36,18,0,0,3,0,60,0,0,81,2,3,198,3,75,0,4,19,67,87,7,0,75,0,0,76,15,57,83,72,3,3,3,3,5,18,91,5,15,15,11,0,20,0,3,3,20,1,7,4,1175,0,71,20,1023,85,0,-30,0,0,493
45,6,6,6,6,16,Steve,Israel,990,99,0,144,6,91,0,5,899,27,899,88,30,0,0,81,1,0,0,64,0,0,90,1,33,1009,76,61,22,23,0,7,25,0,0,0,0,0,0,0,166,45,43,0,0,1,0,60,0,0,21,1,3,144,3,25,0,2,16,63,80,8,0,25,0,0,100,7,56,82,84,3,3,3,3,3,18,90,5,15,15,10,0,20,0,16,16,20,3,9,9,990,0,71,34,1023,20,2,-30,0,0,226
45,5,4,5,4,13,Corey,Ivy,0,89,0,0,39,88,0,7,900,1009,900,90,22,0,0,72,0,0,0,51,0,0,87,3,7,1015,77,66,29,32,0,7,24,0,0,0,7,0,7,0,157,45,100,2,1,0,0,37,0,0,127,0,0,0,0,80,0,5,17,0,87,1,0,40,0,1,74,15,46,69,58,0,0,0,0,4,13,84,1,16,42,9,1,4,0,16,16,34,3,7,2,0,0,68,28,1023,21,31,-19,0,0,204
45,7,7,7,7,39,Larry,Izzo,492,92,0,63,28,87,0,0,901,12,901,80,25,0,0,95,0,0,1,52,0,0,82,0,31,1015,83,75,17,15,0,8,36,0,0,0,0,0,0,0,171,45,4,2,0,1,0,11,0,0,53,0,3,63,3,81,0,3,34,47,57,3,0,37,0,1,92,37,63,78,76,0,0,0,0,5,22,79,14,31,16,12,21,26,0,15,15,41,8,29,13,396,2,70,68,1023,9,2,-19,0,0,150
45,0,0,0,0,23,Chris,Jacke,200,80,0,0,88,50,0,7,902,1014,902,49,32,0,0,60,1,0,0,15,0,0,48,0,33,25,65,28,17,18,0,0,13,0,2,0,0,0,0,0,235,14,0,0,0,1,0,60,0,0,13,0,2,0,1,25,0,6,27,43,47,11,0,23,0,0,98,89,46,87,93,2,2,2,2,1,13,77,5,15,15,10,5,15,0,19,19,15,0,8,11,200,0,72,45,1023,0,1,-30,0,0,315
45,7,5,7,5,13,Brad,Jackson,150,84,0,0,31,77,0,0,903,25,903,78,23,0,0,81,0,0,0,59,0,0,75,3,33,11,86,77,27,17,1,8,36,0,0,0,0,0,0,0,36,45,8,3,3,3,2,33,0,0,50,2,3,0,0,80,0,8,13,34,60,2,0,31,6,1,68,19,69,70,56,2,0,2,0,3,24,54,46,55,22,13,27,21,2,15,15,54,3,17,12,150,0,72,70,1023,0,0,-19,0,0,204
45,6,6,6,6,16,Calvin,Jackson,0,89,0,0,16,87,0,5,904,1009,904,86,26,0,0,87,1,0,0,54,0,0,85,2,33,1009,82,65,24,26,0,8,29,0,0,0,0,0,0,0,14,45,13,0,0,0,0,60,0,0,38,2,0,0,2,25,0,15,16,34,86,6,0,41,0,0,75,18,62,81,83,3,3,3,3,0,21,95,5,20,15,10,5,20,0,18,17,15,0,9,7,174,0,69,25,1023,15,4,-30,0,0,356
45,5,4,5,4,28,Dexter,Jackson,700,98,0,100,19,80,1,0,905,6,905,78,23,0,0,87,0,0,0,75,0,0,85,3,26,1015,94,73,28,18,0,8,35,0,0,0,8,0,8,0,64,45,100,2,2,4,0,45,0,0,34,0,4,100,3,83,0,4,14,43,86,1,0,46,0,1,91,19,48,79,73,0,3,0,3,1,14,83,27,40,31,9,3,21,0,18,18,40,5,10,5,700,0,72,50,1023,7,0,-19,0,0,204
45,7,5,7,5,18,Grady,Jackson,455,81,0,57,11,74,0,7,906,23,906,63,23,0,0,79,0,0,0,19,0,0,84,2,12,1015,90,66,33,30,0,3,22,0,0,0,2,0,2,0,265,40,0,0,0,1,0,32,0,0,90,2,3,57,3,51,0,6,36,56,62,3,0,11,0,1,68,12,92,82,76,0,0,0,0,59,36,3,38,39,49,13,33,16,0,12,11,18,50,35,25,455,0,74,185,1023,0,2,-19,0,0,204
45,6,6,6,6,14,Greg,Jackson,717,83,0,92,15,79,0,5,907,8,907,78,32,0,0,88,2,0,0,60,0,0,76,2,33,1009,77,71,25,25,0,8,29,0,0,0,0,0,0,0,106,45,42,0,0,2,0,60,0,0,47,2,4,92,3,25,0,3,16,47,78,11,0,32,0,0,37,16,63,76,78,3,3,3,3,4,22,68,5,20,15,11,5,20,0,18,18,15,2,8,7,717,0,73,57,1023,15,2,-30,0,0,103
45,5,5,5,5,16,John,Jackson,1573,58,0,609,13,53,0,7,908,2,908,43,34,0,0,86,2,0,0,15,0,0,46,2,33,1009,78,31,98,96,0,3,26,0,2,0,0,0,0,0,56,26,42,0,0,1,0,60,0,0,65,1,2,609,3,0,0,10,18,88,28,12,0,26,0,0,53,15,90,94,99,2,2,2,2,7,35,45,21,25,29,11,18,30,0,5,5,35,5,31,25,2145,0,78,137,1023,0,1,-30,0,0,278
45,6,6,6,6,13,Michael,Jackson,0,86,0,261,16,95,0,5,909,1009,909,91,30,0,0,86,1,0,0,92,0,0,93,2,33,24,81,29,30,31,0,1,62,0,0,0,0,0,0,0,194,35,73,0,0,0,0,60,0,0,81,2,0,261,3,50,0,6,14,81,92,9,0,73,0,0,85,17,61,91,84,3,3,3,3,5,20,93,5,15,15,11,0,20,0,3,3,20,3,9,6,1528,0,76,35,1023,20,0,-30,0,0,22
45,2,2,2,2,17,Raymond,Jackson,300,94,0,0,13,88,0,7,910,5,910,88,26,0,1,61,1,0,0,54,0,0,86,2,29,2,75,55,20,22,0,1,33,0,0,0,7,7,7,7,42,45,0,0,0,3,0,33,0,0,31,2,3,0,0,88,0,5,17,34,86,4,0,37,0,1,100,19,59,71,68,6,6,6,6,0,20,99,9,11,19,11,6,9,0,18,16,35,5,2,7,300,0,70,29,1023,3,0,-19,0,0,195
45,4,3,4,3,22,Sheldon,Jackson,294,71,0,24,32,66,0,5,911,3,911,73,22,0,0,85,0,0,0,66,1,1,70,3,20,1009,67,30,63,59,0,3,45,0,0,0,0,0,0,0,142,45,100,2,0,3,0,22,0,0,88,1,3,24,2,0,0,7,31,38,65,1,0,63,0,1,99,21,64,70,75,2,2,2,2,5,22,41,28,4,33,11,51,17,0,4,4,61,4,30,24,178,0,75,90,1023,4,0,-19,0,0,204
45,6,6,6,6,17,Steve,Jackson,0,90,0,0,16,89,0,5,912,1009,912,87,29,0,0,83,2,0,0,57,0,0,87,1,33,1015,78,60,24,26,0,7,26,0,0,0,0,0,0,0,169,45,0,0,0,0,0,60,0,0,24,2,0,0,2,25,0,3,19,41,86,9,0,26,0,0,58,18,58,73,61,3,3,3,3,2,19,92,5,15,15,12,0,20,0,17,16,20,5,1,7,226,0,68,28,1023,20,8,-30,0,0,290
45,6,5,6,5,26,Terry,Jackson,715,88,0,120,34,88,1,5,913,15,913,84,22,0,0,77,0,0,0,62,0,0,80,3,5,1015,65,23,37,30,0,13,87,0,0,0,0,1,0,1,62,45,100,3,3,5,4,21,0,0,22,2,5,120,3,78,0,5,31,44,74,1,0,84,0,1,98,27,64,76,60,0,0,0,0,3,22,65,2,27,33,13,24,5,0,1,1,19,6,23,13,715,1,72,61,1023,75,0,-19,0,0,204
45,6,6,6,6,9,Tyoka,Jackson,550,60,0,70,8,70,0,5,914,6,914,56,28,0,0,87,1,0,0,22,0,0,43,2,33,1009,81,79,31,35,0,3,36,0,0,0,0,0,0,0,164,45,0,0,0,2,0,60,0,0,97,2,5,70,2,0,0,15,14,41,50,6,0,31,0,0,70,11,82,71,69,3,3,3,3,7,31,41,18,25,33,12,22,30,0,10,10,25,26,27,23,550,0,74,120,1023,0,3,-30,0,0,82
45,5,5,5,5,9,Waverly,Jackson,250,55,0,0,6,45,0,7,915,10,915,36,27,0,0,88,1,0,0,8,0,0,35,0,63,9,83,33,86,87,0,3,28,0,2,0,0,0,0,0,241,45,0,0,0,4,0,60,0,0,74,0,5,0,0,0,0,15,11,39,21,2,0,19,0,0,73,8,93,72,63,2,2,2,2,28,36,15,32,25,31,7,22,30,0,6,9,35,26,42,27,250,0,74,155,1023,0,4,-30,0,0,167
45,6,6,6,6,16,Willie,Jackson,546,88,0,123,17,88,0,5,916,27,916,85,27,0,0,85,1,0,0,78,0,0,87,2,33,1009,80,21,28,29,0,1,59,0,0,0,0,0,0,0,62,2,10,0,0,1,0,60,0,0,88,2,2,123,3,50,0,4,17,56,84,6,0,68,0,0,100,18,60,82,96,3,3,3,3,3,20,66,5,15,15,12,0,20,0,3,3,20,4,5,7,744,0,73,52,1023,20,1,-30,0,0,52
45,3,1,3,1,27,Kendyl,Jacox,353,68,0,66,8,67,0,7,917,8,917,63,22,0,0,88,0,0,0,25,0,0,65,0,7,1015,87,11,81,86,0,2,27,0,2,0,0,2,0,2,96,45,0,0,0,2,0,55,0,0,64,0,3,66,3,95,0,7,39,54,24,2,0,32,0,1,55,26,88,76,66,3,2,3,2,31,34,29,27,39,41,8,35,35,0,9,8,109,36,44,27,353,0,74,170,1023,4,1,-19,0,0,150
45,5,2,5,2,18,Nate,Jacquet,585,85,0,96,27,91,0,1,918,8,918,88,23,0,0,81,0,0,0,76,0,0,89,1,27,1009,51,12,22,36,0,7,51,0,0,0,1,0,1,0,180,45,35,2,2,1,3,12,0,0,89,2,2,96,3,5,0,5,29,62,92,3,0,68,0,1,53,25,55,77,68,4,4,4,4,1,18,99,6,21,4,7,0,25,1,3,3,8,3,5,2,585,0,72,25,1023,47,0,-19,0,0,58
45,0,0,0,0,13,Jeff,Jaeger,0,80,0,0,88,50,0,7,919,1009,919,49,34,0,0,60,2,0,0,17,0,0,48,0,33,0,65,22,18,20,0,0,13,0,2,0,0,0,0,0,252,14,32,0,0,0,0,60,0,0,1,1,0,0,1,25,0,3,16,57,47,13,0,18,0,0,23,88,47,84,89,2,2,2,2,3,14,87,5,15,15,9,5,15,0,19,19,15,0,7,8,100,0,71,30,1023,0,0,-30,0,0,286
45,6,2,6,2,15,Edgerrin,James,3750,74,0,735,33,96,0,0,920,10,920,92,21,0,0,80,0,0,0,76,0,0,87,3,8,1015,87,21,32,22,0,1,80,0,0,0,7,0,7,0,116,12,100,1,1,7,0,5,0,0,32,2,7,735,3,74,0,1,35,92,71,1,0,81,1,1,95,18,74,85,77,0,2,0,2,4,27,79,9,23,30,7,28,6,0,1,1,34,5,6,7,3750,1,72,59,1023,19,0,-19,0,0,204
45,3,4,3,4,36,Tory,James,2165,99,0,280,29,95,0,4,921,23,921,93,26,0,0,99,1,0,0,65,0,0,93,2,32,1015,79,65,25,27,0,1,22,0,0,0,0,0,0,0,106,30,56,0,0,1,0,44,0,0,20,0,4,280,3,70,0,2,27,73,94,4,0,46,0,1,56,29,63,86,76,2,1,2,1,0,22,93,8,10,14,11,5,11,0,16,16,36,1,11,4,2165,0,74,26,1023,2,3,-19,0,0,204
45,6,3,6,3,15,Jon,Jansen,2055,78,0,400,24,86,0,5,922,26,922,58,24,0,0,89,0,0,0,19,0,0,53,3,10,1015,86,24,84,84,0,3,27,0,0,0,0,2,0,2,117,45,100,0,0,4,0,46,0,0,76,2,4,400,3,76,0,2,25,60,25,1,0,13,0,1,96,14,94,81,73,2,2,2,2,5,37,48,17,27,26,11,25,8,0,9,9,104,7,22,24,2055,0,78,146,1023,4,0,-19,0,0,204
45,2,6,2,6,23,Ed,Jasper,1500,70,0,700,24,74,0,7,923,14,923,53,24,0,0,89,0,0,0,27,0,0,70,3,5,12,71,77,23,25,1,3,36,0,0,0,2,2,2,2,215,40,0,3,3,6,0,15,0,0,95,2,6,700,0,4,0,7,29,56,48,3,0,17,0,1,53,12,89,79,68,3,0,3,0,7,34,37,17,12,34,11,15,2,3,12,12,81,31,22,28,1500,0,74,135,1023,1,0,-19,0,0,204
45,3,6,3,6,29,Patrick,Jeffers,878,92,0,144,16,94,0,7,924,21,924,91,26,0,0,80,0,0,0,83,0,0,92,0,1,1009,75,24,24,24,0,0,58,0,4,0,0,8,0,8,240,36,23,0,0,3,0,6,0,0,83,2,3,144,3,67,0,2,26,54,93,4,0,53,0,1,72,21,57,85,78,0,0,0,0,3,18,84,4,8,26,8,8,10,0,3,3,29,5,13,5,878,0,75,57,1023,73,0,-19,0,0,150
45,6,6,6,6,10,Greg,Jefferson,99,60,0,0,8,60,0,5,925,13,925,56,27,0,0,87,1,0,0,22,0,0,51,2,33,12,81,82,31,35,0,3,36,0,0,0,0,0,0,0,225,45,0,0,0,1,0,60,0,0,79,1,3,0,0,25,0,3,14,36,50,5,0,31,0,0,62,11,82,70,68,3,3,3,3,10,31,40,19,25,27,7,17,30,0,10,10,25,6,31,26,99,0,75,120,1023,0,3,-30,0,0,77
2,6,6,6,6,17,Shawn,Jefferson,2072,95,0,352,16,93,0,5,926,14,926,92,30,0,0,80,1,0,0,89,0,0,93,2,33,1009,75,20,24,25,0,1,58,0,0,0,0,0,0,0,225,36,67,0,0,1,0,60,0,0,84,2,4,352,3,60,0,9,18,79,90,9,0,70,0,0,100,16,55,91,95,3,3,3,3,3,18,94,5,15,15,10,0,20,0,3,3,20,3,3,8,2072,0,71,22,1023,75,3,-30,0,0,61
45,6,6,6,6,13,Greg,Jeffries,600,91,0,300,12,88,0,5,927,12,927,87,27,0,0,82,1,0,0,55,0,0,88,2,33,18,77,57,22,26,0,8,28,0,0,0,0,0,0,0,240,45,2,0,0,2,0,60,0,0,25,2,2,300,2,25,0,6,13,39,88,7,0,28,0,0,97,12,57,78,74,3,3,3,3,0,18,86,5,20,15,11,5,20,0,17,16,15,1,12,4,600,0,69,35,1023,20,0,-30,0,0,253
45,6,2,6,2,28,Billy,Jenkins,150,91,0,0,18,87,3,0,928,4,928,84,23,0,0,74,0,0,0,67,0,0,82,3,63,1015,85,81,20,32,0,0,38,0,0,0,0,8,0,8,81,45,2,1,1,1,0,55,0,0,32,2,3,0,0,84,0,15,36,41,66,2,0,57,0,1,70,17,54,72,54,0,2,0,2,5,17,71,30,24,33,9,8,16,0,18,17,12,5,12,6,150,0,70,45,1023,4,0,-19,0,0,204
45,5,5,5,5,17,Carlos,Jenkins,0,94,0,60,16,80,0,7,929,1009,929,77,30,0,0,89,2,0,0,52,0,0,77,2,33,23,84,82,27,28,0,3,30,0,2,0,0,0,0,0,118,45,0,0,0,0,0,60,0,0,51,1,0,60,3,25,0,3,20,65,73,9,0,40,0,0,89,18,74,80,75,2,2,2,2,1,27,73,15,25,20,11,10,30,0,13,15,20,3,8,10,381,0,75,57,1023,0,2,-30,0,0,37
45,2,2,2,2,18,DeRon,Jenkins,185,97,0,0,29,94,0,4,930,8,930,93,26,0,0,61,1,0,0,51,0,0,94,2,1,1015,80,67,25,28,0,0,24,0,0,0,0,0,0,0,211,30,32,0,0,1,0,16,0,0,23,0,1,0,2,62,0,3,13,47,91,4,0,45,0,1,78,19,53,75,61,2,4,2,4,2,16,80,7,12,16,7,8,10,0,16,16,21,4,6,8,185,0,71,30,1023,0,3,-19,0,0,204
45,5,5,5,5,10,James,Jenkins,431,82,0,28,8,70,0,7,931,26,931,67,31,0,0,89,2,0,0,69,0,0,67,2,33,1009,84,28,58,59,0,8,62,0,2,0,0,0,0,0,175,45,0,0,0,1,0,60,0,0,88,2,4,28,2,30,0,15,14,35,68,9,0,62,0,0,100,12,74,74,71,2,2,2,2,7,27,52,15,25,20,10,5,30,0,4,4,30,8,40,22,196,0,74,83,1023,15,4,-30,0,0,240
45,3,2,3,2,23,Kerry,Jenkins,250,15,0,0,34,68,0,7,932,18,932,53,25,0,0,0,1,0,0,19,0,0,51,0,13,30,0,13,75,85,0,2,27,0,2,0,4,4,4,4,106,14,0,0,0,3,0,4,0,0,71,0,5,0,1,50,0,6,24,48,11,4,0,14,0,1,89,32,92,76,67,2,0,2,0,5,36,33,24,23,34,13,25,21,0,6,6,42,10,45,28,250,0,77,145,1023,0,1,-19,0,0,167
45,4,7,4,7,21,MarTay,Jenkins,603,64,0,88,30,83,0,7,933,7,933,80,23,1,0,67,0,0,0,75,0,0,80,3,33,1009,60,11,23,28,1,7,66,0,0,0,0,0,0,0,141,45,100,2,2,4,0,4,0,0,19,2,4,88,2,0,0,8,36,41,69,1,0,74,0,1,77,36,80,72,77,3,1,3,1,2,30,89,28,35,21,12,30,27,0,3,3,2,4,8,10,603,0,72,46,1023,5,0,-19,0,0,204
45,5,5,5,5,20,Trezelle,Jenkins,0,70,0,0,17,60,0,7,934,1009,934,47,26,0,0,87,1,0,0,19,0,0,48,2,31,8,82,32,85,87,0,3,27,0,2,0,0,0,0,0,117,4,68,0,0,0,0,60,0,0,74,0,0,0,0,0,0,1,22,56,32,5,0,30,0,0,100,19,92,85,95,2,2,2,2,11,36,31,22,25,35,11,22,30,0,5,9,35,20,36,24,66,0,79,159,1023,0,0,-30,0,0,78
45,6,6,6,6,17,Travis,Jervey,332,94,0,58,16,92,0,5,935,15,935,91,26,0,0,85,1,0,0,59,0,0,92,0,33,1009,83,30,35,36,0,8,70,0,0,0,0,0,0,0,37,45,0,0,0,2,0,60,0,0,32,1,2,58,3,50,0,5,19,49,64,5,0,69,0,0,100,18,65,78,78,3,3,3,3,2,22,76,5,20,15,9,0,30,0,1,1,25,4,19,11,332,0,72,62,1023,55,0,-30,0,0,120
45,6,6,6,6,9,Tommy,Jeter,21,60,0,0,8,65,0,5,936,1009,936,55,29,0,0,92,1,0,0,21,0,0,54,0,33,19,86,83,37,41,0,3,42,0,0,0,0,0,0,0,214,45,0,0,0,0,0,60,0,0,98,1,1,0,0,25,0,3,14,50,48,8,0,37,0,0,95,10,87,72,55,3,3,3,3,5,34,43,20,25,27,12,22,30,0,10,10,25,5,40,25,0,0,77,125,1023,0,4,-30,0,0,68
45,6,6,6,6,17,James,Jett,871,97,0,132,16,99,0,5,937,23,937,98,28,0,0,78,1,0,0,75,0,0,89,1,33,1009,73,25,21,22,0,1,58,0,0,0,0,0,0,0,254,36,31,0,0,1,0,60,0,0,82,2,3,132,3,50,0,15,19,58,82,7,0,69,0,0,75,16,53,81,76,3,3,3,3,4,16,88,5,15,15,13,0,20,0,3,3,20,0,11,6,792,0,70,5,1023,80,6,-30,0,0,256
45,0,0,0,0,25,John,Jett,539,97,0,26,93,55,0,7,938,19,938,54,30,0,0,70,1,0,0,9,0,0,53,0,33,1009,75,29,18,20,0,1,27,0,2,0,0,0,0,0,54,45,51,0,0,3,0,60,0,0,19,1,5,26,1,0,0,15,29,55,36,7,0,14,0,0,100,90,43,97,99,2,2,2,2,4,12,81,10,15,15,7,5,20,0,20,20,15,0,11,6,95,0,72,37,1023,0,2,-30,0,0,299
45,6,6,6,6,17,Anthony,Johnson,132,79,0,21,16,81,0,5,939,17,939,79,31,0,0,85,2,0,0,62,0,0,78,2,33,1009,72,30,33,36,0,8,83,0,0,0,0,0,0,0,152,45,0,0,0,1,0,60,0,0,23,2,1,21,3,50,0,2,18,54,66,10,0,85,0,0,83,17,65,77,83,3,3,3,3,4,22,64,5,20,15,7,0,30,0,1,1,25,2,31,12,132,0,72,63,1023,65,3,-30,0,0,102
45,6,6,6,6,8,Bill,Johnson,200,56,0,0,8,60,0,5,940,1014,940,52,30,0,0,94,1,0,0,15,0,0,47,0,33,23,88,86,38,42,0,3,43,0,0,0,0,0,0,0,118,40,26,0,0,1,0,60,0,0,94,1,2,0,2,35,0,3,13,69,42,8,0,38,0,0,100,10,90,82,81,3,3,3,3,5,35,29,25,25,21,13,20,30,0,12,10,25,10,45,26,200,0,76,145,1023,0,1,-30,0,0,151
45,0,0,0,0,90,Brad,Johnson,1719,85,0,375,7,63,0,7,941,26,941,58,30,0,0,78,1,0,0,20,0,0,62,0,33,30,83,16,17,22,0,1,53,0,2,0,0,0,0,0,64,20,25,0,0,2,0,60,0,1,14,2,3,375,3,30,0,9,92,77,49,7,0,61,0,0,91,10,68,91,90,2,2,2,2,5,24,61,5,10,15,13,0,20,0,0,0,20,5,35,14,1563,0,77,66,1023,0,0,-30,0,0,284
4,6,6,6,6,16,Charles,Johnson,849,89,0,195,16,91,0,5,942,13,942,88,27,0,0,83,1,0,0,82,0,0,88,2,17,1009,78,20,26,27,0,1,61,0,0,0,0,0,0,0,41,12,63,0,0,2,0,60,0,0,81,2,2,195,3,60,0,1,16,72,89,6,0,66,0,0,89,17,58,86,97,3,3,3,3,3,19,67,5,15,15,8,0,20,0,3,3,20,4,5,5,1158,0,72,40,1023,55,0,-30,0,0,60
45,3,6,3,6,28,Darrius,Johnson,0,94,0,0,16,92,0,0,943,1009,943,90,26,0,0,52,1,0,0,51,0,0,92,2,32,1015,82,55,22,24,0,1,28,0,0,0,0,0,0,0,157,45,0,0,0,0,0,53,0,0,25,0,0,0,2,80,0,5,24,44,88,4,0,49,6,1,46,16,56,76,69,2,1,2,1,4,18,98,9,11,10,12,8,10,0,17,16,36,5,4,7,449,0,69,25,1023,4,3,-19,0,0,188
4,6,6,6,6,11,Ellis,Johnson,350,65,0,28,11,60,0,5,944,10,944,56,25,0,0,87,1,0,0,28,0,0,50,2,15,1015,83,72,31,32,0,3,41,0,0,0,0,0,0,0,62,40,0,0,0,3,0,60,0,0,62,2,3,28,2,25,0,1,18,42,54,5,0,32,0,0,64,15,87,70,67,3,3,3,3,4,34,39,21,25,27,11,15,30,0,12,12,30,24,40,25,212,0,74,130,1023,0,4,-30,0,0,44
45,4,6,4,6,29,J.J.,Johnson,502,84,0,74,29,85,0,7,945,12,945,87,21,1,0,94,0,0,1,65,0,0,84,3,20,1015,42,12,31,49,0,7,77,0,0,0,0,0,0,0,121,45,100,1,1,2,0,5,0,0,32,2,2,74,2,89,0,2,37,51,72,1,0,68,0,1,78,21,70,72,60,0,4,0,4,2,25,69,34,24,32,7,11,21,0,1,1,16,3,25,12,502,0,73,80,1023,0,0,-19,0,0,204
45,5,5,5,5,33,Jason,Johnson,0,65,0,0,12,65,0,7,946,1009,946,52,25,0,0,80,0,0,0,24,0,0,53,0,33,1009,80,27,82,79,0,3,23,0,2,0,0,0,0,0,96,45,0,0,0,0,0,60,0,0,59,1,0,0,0,65,0,6,18,35,34,2,0,27,0,0,74,35,92,69,55,2,2,2,2,5,36,43,25,25,26,10,22,30,0,9,9,35,6,24,22,100,0,75,130,1023,0,4,-30,0,0,156
45,6,6,6,6,11,Joe,Johnson,0,65,0,0,11,74,0,5,947,27,947,62,26,0,0,88,1,0,0,29,0,0,60,2,13,26,82,82,32,36,0,3,37,0,0,0,0,0,0,0,105,4,44,0,0,0,0,60,0,0,94,1,0,0,3,25,0,1,15,69,55,6,0,32,0,0,0,12,83,80,74,3,3,3,3,6,32,55,25,25,30,7,15,30,0,10,10,25,8,39,26,614,0,76,115,1023,0,0,-30,0,0,77
45,5,5,5,5,10,John,Johnson,24,82,0,0,9,75,0,7,948,1009,948,72,30,0,0,89,2,0,0,33,0,0,71,2,33,25,84,79,26,27,0,3,29,0,2,0,0,0,0,0,38,45,0,0,0,0,0,60,0,0,50,2,1,0,0,0,0,2,16,50,68,9,0,31,0,0,99,14,74,71,70,2,2,2,2,4,27,61,15,25,20,11,10,30,0,13,13,20,8,19,14,24,0,75,80,1023,0,4,-30,0,0,69
45,4,3,4,3,16,Kevin,Johnson,2059,91,0,324,20,93,0,5,949,5,949,86,21,0,1,72,0,5,0,81,0,0,89,3,5,1015,74,25,28,27,0,1,67,0,0,0,0,0,0,0,205,45,100,0,0,4,0,14,0,0,85,0,4,324,3,97,0,2,12,68,93,1,0,77,0,1,71,29,54,80,65,4,3,4,3,5,17,84,5,9,14,12,6,17,0,3,3,79,0,9,6,2059,0,71,35,1023,29,0,-19,0,0,204
36,3,4,3,4,21,Keyshawn,Johnson,5643,99,0,1020,17,94,0,5,950,6,950,90,27,0,0,99,0,0,0,95,0,0,92,3,14,1015,97,20,23,55,0,0,65,0,0,0,0,0,0,0,231,12,64,2,2,2,0,4,0,0,19,2,5,1020,3,81,0,1,27,76,94,4,0,54,0,1,100,19,65,91,75,0,0,0,0,1,22,83,5,9,28,8,3,9,0,3,3,25,5,10,11,5643,0,76,52,1023,0,3,-19,0,0,204
45,0,0,0,0,18,Lee,Johnson,436,92,0,132,93,50,0,7,951,22,951,48,37,0,0,60,2,0,0,11,0,0,47,0,33,1009,64,31,19,22,0,1,21,0,2,0,0,0,0,0,26,14,76,0,0,3,0,60,1,0,10,1,3,132,3,0,0,5,23,57,29,15,0,18,0,0,100,91,51,98,97,2,2,2,2,2,16,83,10,15,15,10,5,20,0,20,20,15,4,7,10,436,0,74,38,1023,0,0,-30,0,0,56
45,4,0,4,0,24,Leon,Johnson,571,78,0,105,24,85,0,4,952,18,952,83,23,1,0,82,0,0,0,69,0,0,84,3,11,1015,75,35,35,40,0,9,81,0,0,0,0,2,0,2,9,45,0,0,0,1,2,51,0,0,32,2,3,105,3,5,0,4,35,62,69,3,0,79,0,1,100,21,84,80,80,0,0,0,0,4,32,58,22,39,28,9,24,23,0,1,1,32,0,35,12,571,0,71,63,1023,75,2,-19,0,0,204
45,6,6,6,6,14,LeShon,Johnson,0,86,0,0,13,92,0,5,953,1009,953,89,28,0,0,83,1,0,0,69,0,0,83,2,33,6,80,34,31,36,0,8,80,0,0,0,0,0,0,0,137,4,0,0,0,0,0,60,0,0,23,2,0,0,3,25,0,3,16,55,64,6,0,78,0,0,51,15,63,78,66,3,3,3,3,0,22,77,5,20,15,10,0,30,0,1,1,25,5,6,12,200,0,72,45,1023,35,1,-30,0,0,6
45,5,5,5,5,15,Lonnie,Johnson,183,89,0,75,13,75,0,7,954,1014,954,74,28,0,0,84,1,0,0,76,0,0,72,1,33,1009,79,28,58,59,0,8,65,0,2,0,0,0,0,0,64,45,80,0,0,1,0,60,0,0,83,1,1,75,3,50,0,2,17,39,76,6,0,62,0,0,100,15,69,81,75,2,2,2,2,0,24,56,15,25,20,12,5,30,0,4,4,30,10,25,12,498,0,75,80,1023,15,0,-30,0,0,90
45,4,7,4,7,20,Malcolm,Johnson,95,87,0,11,28,98,0,1,955,29,955,90,23,1,0,79,0,0,0,60,0,0,83,3,31,1009,85,23,35,39,0,7,65,0,0,0,7,2,7,2,152,45,100,0,0,1,3,51,0,0,83,2,1,11,2,74,0,5,40,24,86,1,0,69,0,1,95,22,56,65,40,3,4,3,4,5,18,83,4,13,40,10,8,21,2,3,3,73,5,12,12,95,0,77,55,1023,11,0,-19,0,0,204
45,6,6,6,6,16,Melvin,Johnson,0,87,0,0,15,85,0,5,956,1009,956,84,27,0,0,89,1,0,0,56,0,0,83,2,33,5,84,65,23,26,0,8,33,0,0,0,0,0,0,0,98,45,0,0,0,0,0,60,0,0,25,2,0,0,0,25,0,2,16,44,86,5,0,32,0,0,87,16,64,75,67,3,3,3,3,0,22,82,5,20,15,7,5,20,0,17,17,15,1,7,11,0,0,72,36,1023,15,0,-30,0,0,339
45,0,0,0,0,21,Norm,Johnson,102,76,0,42,97,50,0,7,957,1014,957,47,38,0,0,60,2,0,0,18,0,0,46,0,33,1009,61,21,14,18,0,0,13,0,2,0,0,0,0,0,226,14,71,0,0,1,0,60,0,0,9,1,1,42,3,25,0,15,27,46,45,18,0,20,0,0,91,79,47,88,99,2,2,2,2,1,14,89,5,15,15,12,5,15,0,19,19,15,2,9,8,318,0,74,42,1023,0,0,-30,0,0,168
45,2,7,2,7,28,Patrick,Johnson,880,98,0,140,15,93,0,5,958,25,958,91,22,2,0,81,0,0,0,74,0,0,92,0,33,1009,91,24,19,61,0,1,40,0,0,0,7,0,7,0,160,45,11,1,1,3,0,29,0,0,83,2,4,140,3,70,0,8,33,49,92,2,0,47,0,1,89,15,51,77,66,2,3,2,3,4,16,78,2,35,29,12,1,24,0,3,3,20,1,6,5,880,0,70,26,1023,94,1,-19,0,0,150
28,5,5,5,5,13,Pepper,Johnson,0,70,0,0,11,68,0,7,959,1009,959,66,34,0,0,92,2,0,0,60,0,0,61,2,33,17,75,93,34,38,0,3,31,0,2,0,2,2,2,2,156,45,68,0,0,0,0,60,0,0,56,1,0,0,3,60,0,2,17,70,70,14,0,55,0,0,87,14,77,86,90,2,2,2,2,5,28,52,15,25,20,9,5,30,0,14,14,25,7,37,25,1095,0,75,88,1023,0,0,-30,0,0,74
45,6,6,6,6,13,Raylee,Johnson,911,70,0,119,10,70,0,5,960,8,960,66,28,0,0,84,1,0,0,33,0,0,64,2,33,1015,78,70,28,32,0,3,32,0,0,0,0,0,0,0,10,45,0,0,0,5,0,60,0,0,99,2,7,119,2,50,0,4,17,46,60,7,0,29,0,0,15,13,79,70,59,3,3,3,3,6,30,52,25,25,30,8,15,30,0,11,11,25,8,35,23,911,0,75,108,1023,0,6,-30,0,0,55
18,0,0,0,0,81,Rob,Johnson,620,90,0,100,16,82,0,7,961,3,961,80,26,0,0,79,1,0,0,20,0,0,76,0,33,1009,84,19,18,23,0,1,56,0,2,0,0,0,0,0,231,4,0,0,0,3,0,60,0,0,11,1,4,100,3,50,0,4,94,71,59,5,0,51,0,0,100,18,59,85,73,2,2,2,2,5,20,72,5,10,15,10,0,20,0,0,0,20,5,10,11,620,0,76,44,1023,0,1,-30,0,0,512
45,5,5,5,5,12,Ted,Johnson,1142,80,0,198,10,75,0,7,962,22,962,67,26,0,0,92,1,0,0,58,0,0,69,0,33,1015,87,90,33,37,0,3,29,0,2,0,2,2,2,2,41,28,42,0,0,6,0,60,0,0,52,1,6,198,3,50,0,2,17,55,63,5,0,23,0,0,100,14,77,82,81,2,2,2,2,5,28,66,15,25,20,12,5,30,0,14,14,25,1,18,22,1142,0,76,93,1023,0,4,-30,0,0,68
45,6,6,6,6,10,Tim,Johnson,0,65,0,165,10,54,0,5,963,1009,963,58,34,0,0,84,2,0,0,30,0,0,56,2,33,1,71,90,21,22,0,3,43,0,0,0,0,0,0,0,164,45,0,0,0,0,0,60,0,0,78,2,0,165,3,25,0,6,14,64,57,13,0,34,0,0,59,11,76,76,78,3,3,3,3,5,28,49,25,25,35,8,20,30,0,12,12,30,4,23,27,840,0,75,115,1023,0,2,-30,0,0,74
13,5,5,5,5,18,Tre',Johnson,1178,87,0,237,15,60,0,7,964,26,964,45,27,0,0,87,1,0,0,17,0,0,46,1,33,1015,82,33,88,94,0,3,28,0,2,0,0,0,0,0,208,24,73,0,0,2,0,60,0,0,77,0,3,237,3,0,0,2,20,71,30,6,0,28,0,0,81,17,92,92,99,2,2,2,2,23,36,21,24,25,30,8,23,30,0,8,8,25,32,32,25,1178,0,74,168,1023,0,5,-30,0,0,364
6,5,5,5,5,16,Daryl,Johnston,1815,75,0,495,12,66,0,5,965,1014,965,65,33,0,0,92,2,0,0,70,0,0,66,0,33,1015,73,39,62,88,0,8,82,0,0,0,2,2,2,2,205,2,74,0,0,3,0,60,0,0,48,2,5,495,3,30,0,2,17,70,51,11,0,75,0,0,63,14,77,99,99,2,2,2,2,3,28,74,10,25,20,8,5,30,0,2,2,25,8,22,13,1815,0,74,78,1023,15,10,-30,0,0,132
45,2,2,2,2,11,Lance,Johnstone,263,88,0,34,22,78,0,7,966,23,966,72,26,0,0,99,1,0,0,48,0,0,72,3,17,1015,95,63,23,23,0,3,14,0,2,0,3,3,3,3,208,45,0,0,0,1,0,35,0,0,51,2,1,34,2,75,0,2,23,50,62,4,0,27,0,1,42,10,82,74,59,2,2,2,2,6,31,55,10,13,2,13,11,16,0,11,11,35,1,33,20,258,0,76,90,1023,0,3,-19,0,0,204
45,5,5,5,5,14,Eric,Jonassen,21,60,0,0,11,50,0,7,967,1009,967,41,30,0,0,85,1,0,0,13,0,0,39,0,33,1009,80,30,85,86,0,3,25,0,2,0,0,0,0,0,265,45,0,0,0,0,0,60,0,0,70,0,1,0,0,0,0,5,16,50,26,8,0,24,0,0,99,13,90,73,65,2,2,2,2,3,35,33,15,25,29,8,15,30,0,9,9,35,6,22,29,0,0,77,150,1023,0,4,-30,0,0,173
45,1,0,1,0,23,Carlos,Jones,0,74,0,0,15,66,0,5,968,1009,968,78,25,0,0,74,0,0,0,55,0,0,67,2,7,1015,67,55,21,28,0,11,26,0,0,0,0,0,0,0,115,45,0,0,0,0,4,37,0,0,39,2,0,0,1,78,0,4,28,12,78,3,0,50,0,1,100,19,47,56,62,2,0,2,0,0,14,74,7,12,35,7,17,5,1,18,16,30,2,9,7,172,0,71,33,1023,10,2,-19,0,0,204
4,4,4,4,4,21,Cedric,Jones,1128,90,0,155,21,75,0,7,969,16,969,65,25,0,0,51,1,0,0,27,0,0,68,2,8,1015,72,62,29,28,0,3,34,0,0,0,8,8,8,8,157,12,0,0,0,2,0,24,0,0,94,2,5,155,2,89,0,1,23,35,64,4,0,28,0,1,36,22,82,67,49,2,3,2,3,7,31,58,10,11,32,11,10,16,0,11,11,24,8,25,23,1128,1,76,115,1023,0,3,-19,0,0,206
45,3,1,3,1,12,Charlie,Jones,121,97,0,0,22,94,0,4,970,27,970,86,27,0,0,41,0,0,0,75,0,0,94,3,23,1015,85,23,21,21,0,1,52,0,0,0,0,0,0,0,66,45,10,0,0,1,0,42,0,0,19,2,1,0,2,71,0,4,22,47,80,4,0,48,0,1,39,15,48,74,60,5,5,5,5,0,14,87,6,9,37,7,6,9,0,3,3,26,3,7,6,121,0,68,15,1023,3,3,-19,0,0,204
45,6,6,6,6,17,Chris T.,Jones,0,90,0,46,12,88,0,5,971,1009,971,87,27,0,0,78,1,0,0,78,0,0,86,1,33,12,73,21,21,22,0,1,52,0,0,0,0,0,0,0,115,45,17,0,0,0,0,60,0,0,82,2,0,46,2,70,0,3,19,42,79,5,0,66,0,0,46,14,53,74,65,3,3,3,3,3,16,91,5,15,15,7,0,20,0,3,3,20,1,7,6,313,0,75,49,1023,20,0,-30,0,0,256
45,5,5,5,5,16,Clarence,Jones,1200,60,0,700,13,55,0,7,972,21,972,43,30,0,0,85,2,0,0,15,0,0,45,2,33,26,80,30,83,84,0,3,25,0,2,0,0,0,0,0,111,45,24,0,0,2,0,60,0,0,75,2,2,700,3,0,0,4,18,44,28,9,0,26,0,0,63,15,90,73,69,2,2,2,2,7,35,37,18,25,27,11,20,30,0,5,5,35,8,37,22,1200,0,78,140,1023,0,0,-30,0,0,44
45,5,5,5,5,15,Damon,Jones,250,84,0,0,13,75,0,7,973,17,973,69,25,0,0,90,1,0,0,69,0,0,68,2,33,4,85,28,59,60,0,8,62,0,2,0,0,0,0,0,265,45,0,0,0,3,0,60,0,0,88,2,5,0,0,0,0,5,16,54,68,3,0,62,0,0,100,14,75,75,68,2,2,2,2,5,28,48,15,25,20,7,5,30,0,4,4,30,8,41,24,250,0,77,110,1023,15,0,-30,0,0,15
45,5,5,5,5,13,Donta,Jones,100,83,0,0,12,75,0,7,974,27,974,73,26,0,0,91,1,0,0,34,0,0,73,2,33,28,86,76,30,31,0,3,33,0,2,0,0,0,0,0,142,45,0,0,0,1,0,60,0,0,53,2,1,0,0,25,0,4,17,26,69,5,0,32,0,0,99,15,76,72,72,2,2,2,2,0,28,63,15,25,20,13,10,30,0,15,15,20,10,30,13,100,0,74,75,1023,0,0,-30,0,0,223
45,0,4,0,4,18,Freddie,Jones,1463,89,0,69,12,83,0,7,975,8,975,78,25,1,0,73,0,0,1,82,0,0,80,3,6,1015,78,12,47,55,0,11,68,0,2,0,1,0,1,0,135,12,69,2,4,3,4,45,0,0,88,1,5,69,3,77,0,1,12,56,76,3,0,75,0,1,54,26,72,83,70,0,0,0,0,6,26,45,53,24,22,7,8,28,2,4,4,76,7,28,25,465,0,74,90,1023,4,2,-19,0,0,204
45,7,0,7,0,14,Greg,Jones,915,87,0,124,11,85,0,7,976,26,976,86,24,0,0,83,0,0,0,69,0,0,77,0,8,1015,75,70,14,16,0,3,30,0,2,0,0,9,0,9,143,45,0,1,1,2,0,41,0,0,54,0,4,124,2,97,0,2,19,36,66,3,0,36,0,1,85,24,65,74,63,0,0,0,0,6,22,45,51,51,39,9,22,28,0,15,15,23,7,45,25,915,0,76,99,1023,3,2,-19,0,0,150
45,6,6,6,6,14,Henry,Jones,601,91,0,90,15,90,0,5,977,3,977,84,31,0,0,90,2,0,0,69,0,0,89,2,26,1015,85,75,23,24,0,8,29,0,0,0,0,0,0,0,84,13,33,0,0,2,0,60,0,0,20,1,2,90,3,50,0,1,16,88,94,9,0,52,0,0,100,16,65,91,85,3,3,3,3,4,22,93,5,20,15,8,5,20,0,18,18,15,3,9,7,819,0,71,37,1023,15,8,-30,0,0,229
45,6,6,6,6,10,James,Jones,689,71,0,183,10,65,0,5,978,19,978,58,30,0,0,90,2,0,0,30,0,0,53,2,33,1009,86,78,38,39,0,3,43,0,0,0,0,0,0,0,150,40,42,0,0,2,0,60,0,0,98,2,2,183,3,25,0,3,15,57,56,9,0,34,0,0,99,12,92,82,78,3,3,3,3,9,36,35,25,25,20,8,20,30,0,12,12,30,24,32,28,939,0,74,130,1023,0,0,-30,0,0,197
45,4,4,4,4,14,Jermaine,Jones,0,84,0,0,11,90,0,0,979,1009,979,93,23,0,1,91,0,1,0,62,0,0,84,3,33,1015,77,67,19,14,0,13,31,0,0,0,0,0,0,0,154,45,100,3,3,0,4,17,0,0,26,0,0,0,0,83,0,8,37,0,94,1,0,50,0,1,100,18,40,69,43,1,0,1,0,1,10,86,9,20,32,11,21,9,0,16,16,35,4,0,4,50,0,68,23,1023,62,31,-19,0,0,204
45,6,6,6,6,8,Jimmie,Jones,0,60,0,0,8,60,0,5,980,1009,980,56,33,0,0,92,2,0,0,22,0,0,54,2,33,12,86,81,36,40,0,3,41,0,0,0,0,0,0,0,115,40,0,0,0,0,0,60,0,0,98,2,0,0,0,25,0,3,14,55,49,10,0,36,0,0,83,11,88,78,76,3,3,3,3,3,34,38,19,25,35,7,19,30,0,12,10,30,4,38,29,20,0,76,125,1023,0,1,-30,0,0,27
45,5,5,5,5,11,Lenoy,Jones,400,80,0,0,10,75,0,7,981,5,981,70,24,0,0,90,0,0,0,31,0,0,74,2,33,31,85,77,28,29,0,3,31,0,2,0,0,0,0,0,207,45,21,0,0,4,0,60,0,0,56,2,4,0,0,0,0,4,15,47,66,3,0,29,0,0,86,13,75,72,75,2,2,2,2,5,28,77,15,25,20,12,10,30,0,15,13,20,1,26,14,400,0,73,68,1023,0,0,-30,0,0,89
45,3,0,3,0,22,Marcus,Jones,263,84,0,34,20,78,0,7,982,6,982,62,26,0,0,60,1,0,0,35,0,0,70,2,9,1015,78,67,21,22,2,2,19,0,0,0,0,0,0,0,135,40,0,0,0,1,0,27,0,0,78,2,1,34,2,80,0,3,15,50,64,4,0,29,0,1,83,10,86,75,65,3,3,3,3,7,33,46,15,10,23,12,21,18,0,11,10,34,5,25,30,271,0,78,126,1023,0,3,-19,0,0,445
45,5,5,5,5,17,Marvin,Jones,1195,87,0,51,15,85,0,7,983,18,983,72,26,0,0,92,1,0,0,34,0,0,76,2,4,1015,87,83,34,38,0,3,37,0,2,0,2,2,2,2,64,4,4,0,0,5,0,60,0,0,54,2,6,51,3,70,0,1,20,57,68,7,0,29,0,0,99,17,75,79,77,2,2,2,2,7,28,43,15,25,20,9,5,30,0,14,14,25,9,41,21,543,0,74,84,1023,0,6,-30,0,0,204
45,5,5,5,5,13,Mike,Jones,660,86,0,108,12,80,0,7,984,24,984,73,30,0,0,91,2,0,0,54,0,0,72,2,33,1009,86,86,30,31,0,3,33,0,2,0,0,0,0,0,122,45,35,0,0,2,0,60,0,0,52,1,3,108,3,25,0,15,17,64,69,9,0,32,0,0,97,15,76,82,81,2,2,2,2,1,28,65,15,25,20,8,10,30,0,13,13,20,0,24,14,600,0,73,80,1023,0,1,-30,0,0,296
45,6,6,6,6,8,Mike,Jones,0,55,0,0,8,60,0,5,985,1009,985,53,29,0,0,90,2,0,0,17,0,0,51,2,33,1009,84,85,34,38,0,3,39,0,0,0,0,0,0,0,138,40,0,0,0,0,0,60,0,0,96,1,0,0,2,25,0,2,13,39,44,9,0,34,0,0,62,10,86,71,62,3,3,3,3,10,33,37,15,25,20,7,21,30,0,11,10,25,5,41,30,106,0,76,130,1023,0,0,-30,0,0,416
45,5,5,5,5,14,Robert,Jones,693,83,0,60,12,75,0,7,986,12,986,70,29,0,0,92,1,0,0,31,0,0,67,2,24,1009,87,84,34,38,0,3,33,0,2,0,2,2,2,2,54,4,7,0,0,2,0,60,0,0,52,2,3,60,3,25,0,1,19,42,66,8,0,26,0,0,82,16,75,76,82,2,2,2,2,6,28,46,15,25,20,11,5,30,0,15,14,25,8,37,22,693,0,75,84,1023,0,1,-30,0,0,92
45,3,5,3,5,25,Rod,Jones,436,74,0,63,27,75,0,4,987,2,987,53,25,0,1,60,1,0,0,27,0,0,50,2,16,1009,62,12,84,83,0,1,33,0,0,0,0,2,0,2,95,45,0,0,0,2,0,52,0,0,60,1,3,63,2,83,0,7,25,41,16,4,0,25,0,1,100,18,88,74,63,2,0,2,0,10,34,26,20,19,21,8,15,22,0,5,5,58,17,31,27,436,0,76,165,1023,0,1,-19,0,0,445
45,6,6,6,6,16,Roger,Jones,0,89,0,0,12,88,0,5,988,1009,988,87,30,0,0,80,2,0,0,56,0,0,86,2,33,31,75,58,23,26,0,7,28,0,0,0,0,0,0,0,212,45,0,0,0,0,0,60,0,0,38,2,0,0,0,25,0,15,17,49,80,9,0,28,0,0,31,12,55,72,68,3,3,3,3,0,18,91,5,15,15,9,0,20,0,16,16,20,0,0,1,100,0,69,15,1023,20,1,-30,0,0,229
45,6,6,6,6,16,Rondell,Jones,0,92,0,54,14,85,0,5,989,1009,989,83,27,0,0,92,1,0,0,63,0,0,81,2,33,24,87,70,24,26,0,8,28,0,0,0,0,0,0,0,135,45,0,0,0,0,0,60,0,0,31,2,0,54,3,25,0,3,16,54,80,7,0,30,0,0,56,15,67,77,70,3,3,3,3,0,24,77,5,20,15,11,5,20,0,18,18,15,5,8,8,381,0,74,50,1023,15,1,-30,0,0,477
45,6,7,6,7,19,Tebucky,Jones,686,84,0,112,22,84,0,0,990,22,990,86,22,0,0,74,0,2,0,68,0,0,79,3,19,1015,77,73,28,30,0,8,30,0,0,0,0,0,0,0,205,45,51,2,2,1,2,39,0,0,34,2,2,112,3,80,0,2,13,57,80,2,0,50,0,1,100,14,58,79,68,4,2,4,2,1,19,75,23,34,37,8,8,7,3,17,17,23,4,12,12,686,0,74,60,1023,0,1,-19,0,0,204
5,5,5,5,5,18,Tony,Jones,1505,63,0,424,15,67,0,7,991,4,991,45,32,0,0,85,2,0,0,17,0,0,49,1,33,1009,77,30,99,92,0,3,25,0,2,0,0,0,0,0,243,26,86,0,0,2,0,60,0,0,77,1,2,424,3,0,0,15,20,81,30,12,0,28,0,0,100,17,89,94,98,2,2,2,2,8,34,44,19,25,28,10,21,30,0,5,5,35,5,22,27,1505,0,77,135,1023,0,2,3,0,0,256
24,5,2,5,2,27,Walter,Jones,3641,77,0,945,38,66,0,5,992,28,992,57,24,0,0,80,0,0,0,15,0,0,62,2,7,1015,66,11,89,91,0,3,19,0,0,0,2,0,2,0,164,12,69,0,0,3,3,23,0,0,71,0,5,945,3,85,0,1,24,75,23,3,0,28,0,1,97,17,95,90,89,2,2,2,2,7,38,39,25,5,29,7,24,5,0,5,9,78,23,31,28,3641,0,77,165,1023,5,2,-19,0,0,204
45,5,5,5,5,12,Andrew,Jordan,356,81,0,51,10,70,0,7,993,31,993,66,26,0,0,90,1,0,0,68,0,0,69,2,33,1009,85,34,62,63,0,8,65,0,2,0,0,0,0,0,243,45,0,0,0,3,0,60,0,0,85,2,3,51,2,55,0,6,14,41,68,6,0,68,0,0,72,12,75,74,61,2,2,2,2,3,28,55,15,25,20,11,5,30,0,4,4,30,6,27,24,356,0,78,100,1023,15,0,-30,0,0,266
45,6,4,6,4,17,Antony,Jordan,0,82,0,0,37,82,3,2,994,14,994,74,23,0,0,80,0,0,2,57,0,0,64,1,22,9,72,81,18,28,0,12,31,0,0,0,0,7,0,7,238,45,1,2,2,0,4,4,0,0,55,2,0,0,2,75,0,5,21,36,59,2,0,35,0,1,56,34,82,69,59,1,3,1,3,4,31,60,25,39,66,8,8,0,3,14,14,60,3,37,23,248,0,73,81,1023,7,0,-19,0,0,58
45,6,6,6,6,15,Charles,Jordan,0,91,0,0,16,90,0,5,995,1009,995,88,29,0,0,77,1,0,0,71,0,0,90,2,33,1009,72,18,21,22,0,1,56,0,0,0,0,0,0,0,265,45,0,0,0,0,0,60,0,0,82,2,0,0,2,50,0,15,15,43,82,6,0,66,0,0,95,17,52,74,70,3,3,3,3,3,16,82,5,15,15,12,0,20,0,3,3,20,3,1,6,306,0,71,22,1023,35,0,-30,0,0,52
45,4,7,4,7,31,Richard,Jordan,0,85,0,0,39,74,0,5,996,1009,996,79,24,0,0,87,0,0,0,64,0,0,74,3,10,1015,60,60,14,21,0,12,29,0,0,0,0,7,0,7,265,45,5,0,0,0,4,4,0,0,99,2,0,0,0,69,0,7,30,43,62,3,0,20,0,1,99,17,82,81,99,0,1,0,1,4,31,47,41,27,16,8,8,26,0,15,15,29,5,28,25,150,1,76,88,1023,6,1,-19,0,0,204
45,6,6,6,6,15,Kerry,Joseph,200,92,0,0,14,84,0,5,997,28,997,83,26,0,0,87,1,0,0,59,0,0,81,2,33,4,82,61,22,26,0,8,28,0,0,0,0,0,0,0,113,45,45,0,0,4,0,60,0,0,28,2,4,0,0,0,0,15,15,69,82,2,0,29,0,0,0,15,62,74,73,3,3,3,3,2,21,65,5,20,15,9,5,20,0,18,18,15,3,6,11,200,0,73,45,1023,15,0,-30,0,0,52
45,5,5,5,5,15,Matt,Joyce,198,60,0,0,12,55,0,7,998,7,998,43,27,0,0,85,1,0,0,15,0,0,45,0,33,1009,80,29,80,81,0,3,24,0,2,0,0,0,0,0,172,45,0,0,0,2,0,60,0,0,73,2,3,0,2,0,0,15,17,33,28,5,0,26,0,0,57,14,90,69,62,2,2,2,2,6,35,30,18,25,26,13,23,30,0,6,6,25,10,29,28,198,0,79,140,1023,0,1,-30,0,0,12
45,5,5,5,5,17,Seth,Joyner,0,82,0,0,16,73,0,7,999,1014,999,64,34,0,0,91,2,0,0,59,0,0,70,2,33,3,74,86,30,31,0,3,33,0,2,0,0,0,0,0,235,45,44,0,0,0,0,60,0,1,54,1,0,0,3,45,0,8,20,49,68,14,0,37,0,0,97,18,76,82,91,2,2,2,2,7,28,63,15,25,20,12,10,30,0,13,15,20,1,19,23,605,0,74,81,1023,0,0,-30,0,0,119
45,5,5,5,5,11,Trey,Junkin,182,73,0,28,9,62,0,7,1000,7,1000,60,37,0,0,89,2,0,0,58,0,0,60,0,33,1009,72,28,70,75,0,8,59,0,2,0,0,0,0,0,101,45,0,0,0,1,0,60,0,0,86,0,1,28,3,25,0,4,14,45,62,16,0,62,0,0,69,12,74,77,85,2,2,2,2,2,27,62,15,25,20,9,5,30,0,4,4,30,1,27,13,182,0,74,80,1023,15,0,-30,0,0,48
45,3,6,3,6,26,Joe,Jurevicius,2069,85,0,348,19,98,0,7,1001,16,1001,91,23,0,1,70,0,0,0,78,0,0,92,0,4,1015,82,15,21,21,0,0,62,0,0,0,0,9,0,9,164,45,4,2,2,2,0,39,0,0,84,2,3,348,3,76,0,2,14,62,95,2,0,40,0,1,42,22,56,82,65,0,3,0,3,0,18,67,21,17,44,13,0,7,1,3,3,14,4,31,12,2069,0,77,70,1023,2,1,-19,0,0,150
6,6,6,6,6,9,John,Jurkovic,1213,70,0,369,9,60,0,5,1002,5,1002,50,31,0,0,90,2,0,0,22,0,0,49,0,33,1009,86,90,38,39,0,3,35,0,0,0,0,0,0,0,55,40,40,0,0,1,0,60,0,1,64,1,1,369,3,25,0,15,14,92,49,9,0,26,0,0,100,11,92,91,99,3,3,3,3,26,36,20,27,25,35,12,22,30,0,12,12,30,45,40,24,1770,0,74,141,1023,0,0,-30,0,0,150
45,0,0,0,0,82,Paul,Justin,0,82,0,0,7,53,0,7,1003,1009,1003,52,30,0,0,78,1,0,0,18,0,0,52,0,33,1009,83,17,17,22,0,1,55,0,2,0,0,0,0,0,9,45,0,0,0,0,0,60,0,0,16,0,0,0,2,30,0,7,87,48,49,6,0,54,0,0,71,10,58,73,71,2,2,2,2,4,19,77,5,10,15,12,0,20,0,0,0,20,5,10,7,84,0,76,52,1023,0,0,-30,0,0,46
45,0,0,0,0,21,Texans,K #5,400,80,0,0,87,50,0,7,1004,32,1004,48,28,0,0,60,1,0,0,11,0,0,47,0,33,29,65,20,17,18,0,0,10,0,2,0,0,0,0,0,265,14,58,0,0,3,0,60,0,0,5,1,4,0,0,0,0,15,27,60,46,6,0,15,0,0,0,87,45,82,89,2,2,2,2,1,12,73,5,15,15,7,5,15,0,19,19,15,4,4,7,400,0,73,35,1023,0,1,-30,0,0,136
45,5,5,5,5,15,Todd,Kalis,0,60,0,0,12,58,0,7,1005,1009,1005,42,33,0,0,86,2,0,0,14,0,0,45,0,33,1,78,30,91,88,0,3,25,0,2,0,0,0,0,0,9,25,0,0,0,0,0,60,0,0,62,1,0,0,0,0,0,4,17,58,27,12,0,25,0,0,70,14,90,80,72,2,2,2,2,6,35,46,24,25,22,9,20,30,0,8,8,25,5,37,22,0,0,78,136,1023,0,2,-30,0,0,174
45,0,4,0,4,13,Ndukwe,Kalu,541,70,0,66,29,85,0,4,1006,26,1006,75,23,0,0,89,0,1,0,37,0,0,74,2,15,1009,76,74,20,36,1,3,20,0,0,0,0,0,0,0,171,45,49,3,3,2,0,33,0,0,72,0,3,66,3,77,0,6,15,58,60,3,0,24,0,1,100,27,72,82,69,0,3,0,3,7,26,58,7,19,24,8,40,0,1,11,11,80,6,33,23,541,0,75,106,1023,7,1,-19,0,0,204
45,0,0,0,0,71,Danny,Kanell,552,98,0,108,23,69,0,7,1007,14,1007,65,26,0,0,56,1,0,0,29,0,0,67,0,8,1009,45,27,27,25,0,6,52,0,4,0,0,0,0,0,64,14,72,2,2,2,0,46,0,0,13,2,2,108,3,65,0,4,85,62,47,4,0,43,0,1,87,14,55,70,71,2,2,2,2,3,18,68,9,10,7,7,6,8,0,0,0,33,1,7,12,552,1,75,58,1023,0,0,-19,0,0,150
13,0,0,0,0,16,John,Kasay,1053,85,0,17,94,55,0,7,1008,21,1008,52,29,0,0,70,1,0,0,17,0,0,51,0,33,1009,75,21,21,24,0,0,15,0,2,0,0,0,0,0,70,1,65,0,0,7,0,60,1,0,4,1,7,17,1,25,0,4,18,66,50,9,0,20,0,0,100,88,46,95,95,2,2,2,2,0,13,80,5,15,15,10,5,15,0,19,19,15,5,12,11,124,0,70,38,1023,0,4,-30,0,0,301
45,3,3,3,3,21,Andy,Katzenmoyer,1434,74,0,188,24,86,0,7,1009,22,1009,77,23,0,0,85,0,0,0,57,0,0,75,0,22,1015,81,78,23,22,0,3,13,0,0,0,7,8,7,8,156,12,100,0,0,4,0,31,0,0,59,0,4,188,2,82,0,1,39,43,69,1,0,29,0,1,71,32,73,70,65,0,0,0,0,7,26,51,40,41,1,11,24,26,2,14,14,51,3,18,24,1434,0,75,100,1023,4,0,-19,0,0,150
22,6,6,6,6,16,Napoleon,Kaufman,926,92,0,0,15,90,0,5,1010,23,1010,87,25,0,0,85,1,0,0,76,0,0,90,2,18,1015,83,30,33,35,0,8,82,0,0,0,0,0,0,0,252,12,0,0,0,1,0,60,0,0,26,2,1,0,3,60,0,1,18,76,68,5,0,86,0,0,20,17,65,84,73,3,3,3,3,1,22,93,5,20,15,9,0,30,0,1,1,25,3,3,5,926,0,69,25,1023,80,4,-30,0,0,341
45,2,4,2,4,29,Jevon,Kearse,4277,77,0,912,23,90,0,7,1011,30,1011,77,23,0,0,81,0,0,0,28,0,0,89,3,14,1015,61,74,19,25,0,3,31,6,0,0,0,0,0,0,62,12,100,3,3,4,0,24,0,0,90,2,4,912,3,78,0,1,25,73,69,1,0,20,0,1,91,14,64,85,73,1,4,1,4,4,22,54,2,29,49,10,32,26,0,10,10,55,4,27,22,4277,1,76,105,1023,6,0,-19,0,0,204
45,5,5,5,5,15,Mike,Keim,0,60,0,0,12,50,0,7,1012,1009,1012,42,33,0,0,83,2,0,0,14,0,0,43,0,33,27,78,28,86,85,0,3,23,0,2,0,0,0,0,0,26,45,0,0,0,0,0,60,0,0,78,1,0,0,0,0,0,15,17,46,27,8,0,25,0,0,87,14,88,74,70,2,2,2,2,4,34,44,16,25,21,8,18,30,0,5,5,35,10,31,29,0,0,79,142,1023,0,3,-30,0,0,8
45,4,6,4,6,22,Brian,Kelly,1976,82,0,63,30,92,0,5,1013,6,1013,94,23,2,0,72,0,0,0,57,0,0,81,2,9,1015,82,69,27,21,0,11,36,0,0,0,7,0,7,0,231,30,37,2,0,3,4,42,0,0,25,2,4,63,3,53,0,2,25,49,95,2,0,44,0,1,100,23,57,79,68,4,0,4,0,4,18,90,7,21,29,11,2,19,0,16,16,64,0,9,4,603,0,71,33,1023,10,1,-19,0,0,204
45,6,6,6,6,37,Jeff,Kelly,150,81,0,0,25,77,0,7,1014,14,1014,77,23,1,0,85,0,0,0,56,0,0,79,3,29,1015,65,70,24,24,0,3,32,0,0,0,0,0,0,0,96,45,100,2,2,3,0,50,0,0,51,1,3,0,0,83,0,6,11,0,71,1,0,25,0,1,87,33,61,67,77,0,4,0,4,4,20,62,25,12,43,13,5,20,0,14,15,84,0,18,25,150,2,71,82,1023,3,31,-19,0,0,204
45,7,3,7,3,10,Reggie,Kelly,519,74,0,76,16,78,0,7,1015,14,1015,82,23,0,0,85,0,0,0,71,0,0,61,3,22,1009,73,20,48,57,0,3,74,0,1,0,0,1,0,1,121,45,100,2,2,4,0,47,0,0,89,1,4,76,3,64,0,5,21,38,78,1,0,64,0,1,78,18,74,79,73,4,2,4,2,6,27,43,4,24,25,13,5,24,0,4,4,73,3,29,24,519,0,76,96,1023,3,0,-19,0,0,204
45,4,2,4,2,11,Rob,Kelly,300,86,0,0,20,77,0,7,1016,27,1016,72,23,0,0,82,0,0,0,61,0,0,81,0,5,26,97,60,24,22,0,8,21,0,2,0,0,0,0,0,156,45,0,4,4,2,2,47,0,0,27,1,4,0,2,98,0,3,24,28,79,3,0,53,0,1,0,11,56,68,68,0,0,0,0,1,18,89,4,48,38,11,7,17,0,17,17,35,3,10,11,300,0,72,45,1023,9,1,-19,0,0,150
45,0,0,0,0,23,Chad,Kelsay,25,81,0,0,34,83,1,7,1017,24,1017,87,23,0,0,95,0,0,0,49,0,0,79,0,11,1015,88,71,22,17,0,2,34,0,0,0,0,0,0,0,142,45,100,1,1,1,0,36,0,0,97,2,1,0,0,76,0,7,39,0,60,1,0,34,0,1,58,18,63,72,64,3,0,3,0,5,22,63,23,24,18,11,28,21,0,13,13,22,1,40,21,25,1,74,92,1023,8,31,-19,0,0,150
24,3,1,3,1,21,Pete,Kendall,1551,84,0,305,34,75,0,4,1018,28,1018,60,26,0,0,99,1,0,0,12,0,0,62,0,22,1015,99,19,83,92,0,2,25,0,2,0,0,0,0,0,20,12,77,0,0,2,0,45,0,0,66,0,5,305,3,77,0,1,15,68,57,4,0,21,0,1,100,15,88,89,83,2,0,2,0,5,34,39,17,17,27,10,16,22,0,6,6,34,6,30,24,1551,0,77,119,1023,0,3,-19,0,0,150
2,6,6,6,6,8,Cortez,Kennedy,135,74,0,0,8,74,0,5,1019,28,1019,46,30,0,0,97,2,0,0,18,0,0,69,2,3,1015,93,99,44,45,0,3,31,0,0,0,0,0,0,0,115,40,69,0,0,1,0,60,0,1,96,2,5,0,0,50,0,1,13,92,50,10,0,22,0,0,97,10,98,99,96,3,3,3,3,23,39,21,30,25,33,12,22,30,0,12,12,30,36,31,27,135,0,75,145,1023,0,9,-30,0,0,262
45,5,5,5,5,13,Lincoln,Kennedy,2910,55,0,800,10,70,0,7,1020,23,1020,40,28,0,0,88,1,0,0,12,0,0,45,2,9,1009,83,33,92,95,0,3,28,0,2,0,0,0,0,0,252,26,47,0,0,2,0,60,0,0,72,0,5,800,3,0,0,1,15,81,25,7,0,23,0,0,65,12,93,91,92,2,2,2,2,17,36,26,21,25,35,10,19,30,0,9,9,35,19,40,29,2910,0,78,175,1023,0,3,-30,0,0,190
45,4,4,4,4,14,Eddie,Kennison,425,99,0,195,15,99,0,5,1021,1,1021,96,26,0,0,99,0,0,0,84,0,0,97,2,18,23,91,13,25,25,0,7,62,0,0,0,8,8,8,8,106,36,25,0,0,1,0,1,0,0,82,2,1,195,3,99,0,2,14,63,84,4,0,56,0,1,55,20,50,84,64,2,4,2,4,4,15,74,5,7,25,11,6,9,0,3,3,26,3,13,11,1158,0,73,44,1023,79,0,-19,0,0,204
45,7,2,7,2,17,Joey,Kent,792,98,0,120,27,81,0,7,1022,10,1022,83,24,0,1,84,0,0,5,80,0,0,83,0,27,1015,74,16,12,25,0,1,62,0,4,0,0,8,0,8,211,45,0,3,3,1,0,3,0,0,86,0,3,120,2,80,0,2,18,38,82,3,0,60,0,1,72,25,52,73,68,0,4,0,4,3,16,85,7,26,22,13,6,17,0,3,3,8,0,9,9,792,1,73,31,1023,9,2,-19,0,0,150
45,6,6,6,6,13,Marlon,Kerner,0,94,0,32,12,90,0,5,1023,1009,1023,88,26,0,0,80,1,0,0,58,0,0,86,2,33,2,75,59,22,23,0,7,26,0,0,0,0,0,0,0,156,45,20,0,0,0,0,60,0,0,46,2,0,32,2,25,0,3,13,42,82,5,0,36,0,0,100,12,55,74,69,3,3,3,3,3,18,82,5,15,15,7,0,20,0,16,16,20,3,7,7,267,0,70,27,1023,20,0,-30,0,0,143
45,4,6,4,6,12,Patrick,Kerney,3757,96,0,800,23,90,0,5,1024,14,1024,61,23,0,0,80,0,0,0,36,0,0,81,3,17,1015,79,80,22,17,0,3,23,0,0,0,0,8,0,8,240,12,100,0,0,5,0,4,0,0,97,0,5,800,3,4,0,1,27,71,69,1,0,21,0,1,86,26,76,85,71,0,4,0,4,6,28,57,63,11,8,12,22,8,0,10,10,65,9,35,28,3757,0,77,112,1023,6,0,-19,0,0,204
45,0,0,0,0,17,John,Kidd,0,84,0,0,90,50,0,7,1025,1009,1025,48,37,0,0,60,2,0,0,13,0,0,47,0,33,17,63,29,22,23,0,1,21,0,2,0,0,0,0,0,151,14,0,0,0,0,0,60,0,0,17,1,0,0,3,0,0,5,19,34,29,16,0,18,0,0,95,85,49,84,93,2,2,2,2,0,14,77,10,15,15,10,5,20,0,20,20,15,2,7,9,100,0,75,50,1023,0,1,-30,0,0,327
45,0,0,0,0,20,Danny,Kight,100,84,0,0,66,37,0,7,1026,10,1026,54,23,0,0,38,0,0,0,25,0,0,34,0,63,1015,96,17,17,16,0,5,24,0,2,0,0,0,0,0,265,45,100,3,3,2,0,41,0,0,7,2,2,0,0,99,0,15,19,0,39,1,0,22,0,1,57,96,10,56,61,2,2,0,2,3,0,85,6,13,16,13,3,18,0,19,19,1,2,5,8,100,0,73,54,1023,3,31,-19,0,0,150
45,3,7,3,7,33,Terry,Killens,121,79,0,0,11,85,0,7,1027,30,1027,81,25,0,0,72,1,0,0,35,0,0,74,2,15,1015,75,73,12,25,0,1,32,0,0,0,0,0,0,0,164,45,0,0,0,1,0,34,0,0,50,2,1,0,2,68,0,4,32,42,67,4,0,22,6,1,49,19,77,69,57,2,0,2,0,1,28,53,11,11,45,12,10,10,0,13,13,27,6,29,14,121,1,73,75,1023,0,3,-19,0,0,186
45,5,5,5,5,15,Brian,Kinchen,244,83,0,57,13,69,0,7,1028,21,1028,68,33,0,0,84,2,0,0,78,0,0,69,0,33,1009,72,29,53,55,0,8,65,0,2,0,0,0,0,0,106,45,0,0,0,2,0,60,0,0,88,1,2,57,3,50,0,12,17,44,64,12,0,63,0,0,71,15,69,76,75,2,2,2,2,2,24,65,15,25,20,9,5,30,0,4,4,30,7,15,14,333,0,74,80,1023,15,0,-30,0,0,48
45,6,6,6,6,16,Todd,Kinchen,0,90,0,0,11,88,0,5,1029,1009,1029,87,30,0,0,80,1,0,0,80,0,0,88,0,33,1009,75,33,28,29,0,1,59,0,0,0,0,0,0,0,106,45,5,0,0,0,0,60,0,0,89,2,0,0,3,50,0,3,17,49,87,8,0,66,0,0,80,13,55,78,68,3,3,3,3,5,18,93,5,15,15,8,0,20,0,3,3,20,0,3,1,660,0,71,27,1023,55,2,-30,0,0,168
45,7,6,7,6,22,Lamar,King,906,86,0,124,10,82,0,0,1030,28,1030,66,24,0,0,77,0,0,0,29,0,0,68,3,13,1015,79,66,27,14,2,3,14,0,0,0,9,0,9,0,274,12,100,0,0,2,0,21,0,0,92,2,2,124,3,82,0,1,38,48,87,1,0,21,0,1,98,20,78,75,72,0,2,0,2,27,29,32,28,24,37,12,32,13,0,11,11,100,21,33,25,906,0,75,151,1023,9,0,-19,0,0,204
45,0,0,0,0,85,Shaun,King,642,73,0,96,13,84,0,4,1031,6,1031,79,21,0,0,83,0,0,0,22,0,0,82,3,26,1015,74,28,25,15,0,1,46,0,2,0,0,0,0,0,221,45,100,2,2,4,0,43,0,0,10,2,4,96,2,66,0,2,87,45,51,1,0,51,0,1,86,22,52,77,60,2,2,2,2,4,16,71,43,16,12,8,19,13,0,0,0,37,2,15,12,642,0,73,68,1023,1,0,-19,0,0,204
45,6,6,6,6,8,Shawn,King,122,61,0,17,8,65,0,5,1032,10,1032,55,26,0,0,84,1,0,0,19,0,0,50,2,33,1009,80,83,34,38,0,3,39,0,0,0,0,0,0,0,265,40,0,0,0,1,0,60,0,0,96,1,1,17,2,25,0,2,13,46,46,5,0,34,0,0,70,10,86,72,61,3,3,3,3,4,33,43,19,25,31,7,17,30,0,10,10,30,7,45,30,122,0,75,128,1023,0,0,-30,0,0,138
45,3,6,3,6,14,Kelvin,Kinney,0,82,0,0,13,78,0,3,1033,1009,1033,66,27,0,1,15,1,0,0,22,0,0,73,2,24,25,65,67,23,23,0,2,28,0,0,0,0,7,0,7,240,14,14,0,0,0,0,26,0,0,97,2,0,0,2,83,0,4,27,39,64,4,0,22,0,1,81,22,75,72,62,2,0,2,0,5,28,59,17,18,48,8,17,19,0,11,11,39,7,38,28,100,1,78,104,1023,0,0,-19,0,0,187
45,6,6,6,6,55,Terry,Kirby,377,86,0,94,14,90,0,5,1034,23,1034,87,29,0,0,85,1,0,0,78,0,0,88,2,33,1009,81,30,32,33,0,8,83,0,0,0,0,0,0,0,240,45,0,0,0,1,0,60,0,0,42,2,1,94,3,50,0,3,76,79,73,7,0,86,0,0,91,15,65,87,87,3,3,3,3,1,22,53,5,20,15,9,0,30,0,1,1,25,7,30,13,377,0,73,61,1023,85,0,-30,0,0,114
45,5,5,5,5,11,Randy,Kirk,100,74,0,0,10,66,0,7,1035,1014,1035,64,34,0,0,89,2,0,0,33,0,0,63,0,33,6,75,75,26,27,0,3,29,0,2,0,0,0,0,0,180,45,0,0,0,1,0,60,0,0,58,2,4,0,2,25,0,15,16,19,65,12,0,31,0,0,90,14,74,71,81,2,2,2,2,0,27,71,15,25,20,8,10,30,0,14,15,20,10,18,11,100,0,74,72,1023,0,0,-30,0,0,165
6,5,5,5,5,11,Levon,Kirkland,2943,89,0,700,9,80,0,7,1036,29,1036,76,30,0,0,92,1,0,0,57,0,0,68,2,33,1015,87,96,32,36,0,3,29,0,2,0,2,2,2,2,38,28,60,0,0,2,0,60,0,0,99,2,5,700,3,60,0,2,16,85,62,8,0,22,0,0,100,13,87,94,89,2,2,2,2,6,34,40,15,25,20,7,5,30,0,14,14,25,9,25,28,2943,0,73,110,1023,0,7,-30,0,0,293
45,0,0,0,0,78,Jon,Kitna,387,98,0,26,21,85,0,7,1037,28,1037,75,25,0,0,88,0,0,0,27,0,0,78,0,9,1009,80,27,28,25,0,0,48,0,2,0,0,0,0,0,252,45,0,2,2,2,0,38,0,0,7,1,4,26,2,82,0,6,87,62,53,3,0,58,0,1,100,14,57,76,68,1,2,0,2,1,18,87,0,16,33,8,9,13,0,0,0,59,4,11,5,176,0,74,57,1023,1,2,-19,0,0,150
45,2,4,2,4,25,Jim,Kleinsasser,1342,82,0,310,31,83,0,7,1038,31,1038,76,22,0,0,87,0,0,0,81,0,0,77,0,33,1009,76,17,57,59,0,8,86,0,4,0,0,0,0,0,270,45,100,0,0,5,0,2,0,0,40,2,5,310,3,77,0,8,23,60,66,1,0,64,0,1,91,12,58,90,64,4,0,4,0,5,19,40,23,33,20,12,39,26,0,2,2,64,8,41,23,1342,1,75,112,1023,1,0,-19,0,0,150
45,6,4,6,4,29,Sammy,Knight,419,97,0,54,21,92,0,7,1039,27,1039,86,24,1,0,81,0,0,0,65,0,0,82,1,26,1009,88,78,29,37,0,7,24,0,1,0,0,7,0,7,231,45,0,2,2,1,0,35,0,0,29,1,3,54,3,83,0,2,11,78,71,3,0,48,0,1,28,26,64,81,69,0,4,0,4,2,22,76,35,41,14,12,15,10,0,18,18,38,2,12,5,381,1,73,55,1023,5,2,-19,0,0,58
45,2,7,2,7,22,Tom,Knight,1969,89,0,210,22,95,0,7,1040,7,1040,86,26,0,0,74,0,0,0,78,0,0,94,3,10,1015,81,75,20,12,0,8,14,0,0,0,0,0,0,0,89,12,23,0,0,3,2,44,0,0,22,2,5,210,3,81,0,1,24,57,86,3,0,41,0,1,100,10,46,82,64,0,0,0,0,1,13,68,7,10,21,12,6,16,2,16,16,31,2,11,12,1969,0,72,42,1023,13,2,-19,0,0,204
45,6,4,6,4,39,Tim,Kohn,0,62,0,0,32,66,0,7,1041,1009,1041,60,24,0,1,79,0,0,0,21,0,0,57,0,12,1015,74,17,74,67,2,3,17,0,2,0,0,3,0,3,90,45,0,0,0,0,0,19,0,0,65,2,0,0,2,91,0,2,35,26,33,3,0,14,0,1,36,20,86,65,70,2,2,2,2,4,33,41,16,19,33,12,22,27,0,9,6,73,6,39,24,10,0,77,150,1023,7,2,-19,0,0,150
45,4,1,4,1,36,Rob,Konrad,941,47,0,204,18,73,0,7,1042,12,1042,65,23,0,0,75,0,0,0,77,0,0,87,0,21,1015,86,15,58,42,0,7,63,0,2,0,0,0,0,0,205,45,100,2,2,3,0,15,0,0,44,2,3,204,3,80,0,2,35,36,52,1,0,93,0,1,96,31,74,75,58,1,3,1,3,6,27,59,29,33,29,9,14,24,0,2,2,3,6,33,24,941,0,75,95,1023,2,0,-19,0,0,150
3,5,5,5,5,14,George,Koonce,211,89,0,19,12,85,0,7,1043,28,1043,78,30,0,0,91,1,0,0,59,0,0,71,2,33,1009,86,83,31,35,0,3,27,0,2,0,0,0,0,0,265,45,0,0,0,1,0,60,0,1,53,0,1,19,3,25,0,15,17,48,64,8,0,44,0,0,100,14,67,81,81,2,2,2,2,6,24,64,15,25,20,8,10,30,0,13,14,20,5,31,24,211,0,73,85,1023,0,7,-30,0,0,16
45,5,5,5,5,11,Jeff,Kopp,0,79,0,0,10,75,0,7,1044,1009,1044,69,27,0,0,91,1,0,0,30,0,0,69,0,33,16,86,79,30,31,0,3,33,0,2,0,0,0,0,0,231,45,0,0,0,0,0,60,0,0,91,2,0,0,0,25,0,6,14,25,65,5,0,28,0,0,99,12,76,68,66,2,2,2,2,3,28,59,15,25,20,11,10,30,0,13,13,20,6,18,21,100,0,75,84,1023,0,0,-30,0,0,144
45,5,5,5,5,15,Scott,Kowalkowski,532,99,0,84,14,80,0,7,1045,19,1045,76,30,0,0,87,2,0,0,37,0,0,73,0,33,1009,82,85,25,26,0,3,28,0,2,0,0,0,0,0,152,45,46,0,0,1,0,60,0,0,52,1,4,84,3,25,0,8,19,58,72,9,0,35,0,0,99,17,72,85,90,2,2,2,2,3,26,64,15,25,20,11,10,30,0,14,15,20,4,9,6,532,0,74,60,1023,0,4,-30,0,0,150
45,5,5,5,5,14,Brian,Kozlowski,591,83,0,96,12,80,0,7,1046,14,1046,78,28,0,0,90,1,0,0,72,0,0,79,0,33,1009,85,27,62,63,0,8,62,0,2,0,0,0,0,0,227,45,0,0,0,1,0,60,0,0,85,2,3,96,3,30,0,15,15,52,68,6,0,61,0,0,87,13,75,82,63,2,2,2,2,7,28,45,15,25,20,12,5,30,0,4,4,30,4,27,22,591,0,75,90,1023,15,2,-30,0,0,63
5,0,0,0,0,89,Erik,Kramer,389,90,0,86,12,47,0,7,1047,1014,1047,46,34,0,0,78,2,0,0,29,0,0,47,0,33,1009,80,21,17,22,0,1,57,0,2,0,0,0,0,0,138,10,59,0,0,1,0,60,0,0,12,0,1,86,3,60,0,15,89,80,55,13,0,57,0,0,61,15,58,85,90,2,2,2,2,0,19,78,5,10,15,11,0,20,0,0,0,20,2,7,11,389,0,73,37,1023,0,0,-30,0,0,169
45,5,5,5,5,15,Bob,Kratch,0,65,0,0,12,55,0,7,1048,1009,1048,43,33,0,0,85,2,0,0,15,0,0,46,0,33,21,80,29,87,89,0,3,24,0,2,0,0,0,0,0,89,45,0,0,0,0,0,60,0,0,61,0,0,0,0,0,0,3,17,66,28,11,0,26,0,0,80,14,90,83,84,2,2,2,2,6,35,48,19,25,24,12,20,30,0,6,6,25,5,43,25,0,0,75,128,1023,0,2,-30,0,0,122
45,1,4,1,3,22,Olin,Kreutz,1917,74,0,357,25,79,0,4,1049,1,1049,59,22,0,0,78,0,0,0,17,0,0,53,1,5,1015,90,22,86,89,0,2,23,0,0,0,0,2,0,2,84,45,54,0,0,6,0,55,0,0,57,0,7,357,3,74,0,3,10,48,16,2,0,10,0,1,46,26,74,81,75,0,0,0,0,28,27,18,22,12,45,13,31,39,0,7,7,55,39,40,26,1917,0,75,149,1023,9,1,-19,0,0,58
45,6,4,6,4,36,Clint,Kriewaldt,200,80,0,0,19,86,0,7,1050,19,1050,88,23,0,0,88,0,0,0,60,0,0,75,0,9,1015,88,80,20,32,0,2,33,0,2,0,0,0,0,0,258,45,100,0,0,4,0,37,0,0,52,2,4,0,0,60,0,6,16,0,60,1,0,25,0,1,64,35,68,79,65,3,1,3,1,7,24,48,6,38,56,10,27,29,0,15,15,14,2,31,25,200,0,73,88,1023,0,31,-19,0,0,150
45,6,6,6,6,9,Bob,Kuberski,0,58,0,0,9,55,0,5,1051,1009,1051,49,28,0,0,88,1,0,0,21,0,0,47,0,33,19,84,77,34,35,0,3,34,0,0,0,0,0,0,0,139,40,0,0,0,0,0,60,0,0,93,2,0,0,2,25,0,7,14,37,47,6,0,25,0,0,97,11,90,74,74,3,3,3,3,4,35,38,23,25,22,7,22,30,0,12,12,30,8,40,25,100,0,76,138,1023,0,0,-30,0,0,165
45,6,6,6,6,10,Matt,LaBounty,125,65,0,0,11,65,0,5,1052,28,1052,62,30,0,0,82,1,0,0,30,0,0,60,0,33,19,76,75,25,29,0,3,29,0,0,0,0,0,0,0,160,45,0,0,0,3,0,60,0,0,99,2,5,0,2,25,0,12,15,34,56,7,0,26,0,0,100,12,77,70,67,3,3,3,3,4,28,39,25,25,30,10,15,30,0,11,11,25,8,22,24,125,0,76,111,1023,0,2,-30,0,0,169
45,6,6,6,6,11,Sean,LaChapelle,0,87,0,87,17,91,0,5,1053,1009,1053,88,28,0,0,81,1,0,0,76,0,0,89,0,33,8,76,32,30,31,0,1,55,0,0,0,0,0,0,0,222,45,0,0,0,0,0,60,0,0,19,2,0,87,3,0,0,5,13,50,83,7,0,66,0,0,61,18,56,75,62,3,3,3,3,2,18,85,5,15,15,7,0,20,0,3,3,20,0,10,11,552,0,75,45,1023,55,2,-30,0,0,168
45,5,5,5,5,16,Corbin,Lacina,1600,65,0,800,13,55,0,7,1054,31,1054,44,28,0,0,86,1,0,0,15,0,0,46,0,33,20,81,31,82,84,0,3,26,0,2,0,0,0,0,0,265,45,0,0,0,4,0,60,0,0,63,0,4,800,2,0,0,6,18,44,28,7,0,26,0,0,65,15,91,77,76,2,2,2,2,7,36,35,18,25,26,8,20,30,0,8,8,25,4,26,22,1600,0,76,137,1023,0,0,-30,0,0,72
45,7,0,7,0,10,David,LaFleur,765,82,0,105,25,79,0,5,1055,11,1055,72,26,0,1,81,0,0,0,76,0,0,75,0,29,1015,73,34,44,60,0,8,68,0,0,0,9,0,9,0,106,12,0,2,2,3,3,11,0,0,89,1,5,105,2,82,0,1,10,49,88,3,0,58,0,1,85,36,65,71,45,0,2,0,2,7,22,58,22,14,16,8,27,23,0,4,4,74,7,33,28,765,0,79,112,1023,4,2,-19,0,0,150
5,6,6,6,6,9,Jeff,Lageman,0,67,0,60,10,71,0,5,1056,1009,1056,65,31,0,0,82,2,0,0,33,0,0,66,0,14,16,73,81,25,29,0,3,29,0,0,0,0,0,0,0,240,4,61,0,0,0,0,60,0,0,56,2,0,60,3,50,0,1,16,57,59,11,0,26,0,0,100,12,74,80,89,3,3,3,3,5,27,52,25,25,30,11,15,30,0,10,11,25,6,27,28,492,0,78,106,1023,0,0,-30,0,0,46
13,6,6,6,6,13,Carnell,Lake,693,93,0,100,12,84,0,5,1057,17,1057,82,31,0,0,89,2,0,0,69,0,0,84,1,33,1009,78,72,18,23,0,8,32,0,0,0,0,0,0,0,226,29,40,0,0,2,0,60,0,1,37,2,2,100,3,50,0,2,14,77,85,11,0,28,0,0,100,12,74,94,98,3,3,3,3,1,27,76,5,20,15,7,5,20,0,17,16,15,2,7,11,693,0,73,50,1023,20,0,-30,0,0,288
45,0,0,0,0,14,Sean,Landeta,607,88,0,138,96,50,0,7,1058,13,1058,48,37,0,0,60,2,0,0,11,0,0,47,0,33,1009,64,29,19,22,0,1,21,0,2,0,0,0,0,0,219,14,43,0,0,4,0,60,0,0,7,1,4,138,3,0,0,15,18,58,29,15,0,20,0,0,100,92,51,99,97,2,2,2,2,1,16,75,10,15,15,12,5,20,0,20,20,15,2,9,7,414,0,72,55,1023,0,0,-30,0,0,132
45,5,7,5,7,30,Kevin,Landolt,135,79,0,17,16,78,3,0,1059,17,1059,60,22,0,0,83,0,0,0,22,0,0,62,3,30,1015,70,72,10,24,0,3,25,0,0,0,4,1,4,1,254,45,100,0,0,1,0,0,0,0,93,0,1,17,2,70,0,4,26,31,55,1,0,20,0,1,96,27,78,68,55,2,2,2,2,7,29,47,23,14,25,7,20,27,2,12,12,58,10,40,24,135,1,76,138,1023,6,0,-19,0,0,204
45,5,5,5,5,36,Fred,Lane,0,93,0,0,35,92,0,5,1060,1009,1060,87,23,0,0,96,0,0,0,74,0,0,88,2,23,1015,90,35,40,34,0,9,82,0,0,0,0,0,0,0,265,45,0,0,0,0,2,6,0,0,32,2,0,0,3,82,0,6,36,70,79,3,0,82,0,1,54,34,70,85,82,3,2,3,2,1,25,75,41,32,33,12,24,27,0,1,1,34,4,6,11,558,0,70,45,1023,87,2,-19,0,0,204
45,5,5,5,5,15,Max,Lane,267,63,0,24,12,55,0,7,1061,22,1061,43,28,0,0,85,1,0,0,14,0,0,43,0,33,1015,80,29,84,83,0,3,24,0,2,0,0,0,0,0,139,45,0,0,0,2,0,60,0,0,68,2,3,24,2,0,0,6,17,39,27,6,0,25,0,0,86,14,90,73,67,2,2,2,2,11,35,42,16,25,30,7,24,30,0,8,8,25,28,40,29,162,0,78,155,1023,0,5,-30,0,0,169
45,3,3,3,3,21,Kenard,Lang,1887,71,0,240,21,80,0,7,1062,26,1062,64,23,0,0,91,0,1,0,22,0,0,66,2,14,1015,64,81,26,21,0,3,12,0,0,0,0,0,0,0,115,12,55,0,0,3,0,33,0,0,90,2,5,240,3,97,0,1,26,60,68,3,0,28,0,1,100,18,82,84,76,0,3,0,3,6,31,51,40,41,30,13,13,25,3,10,10,67,4,35,22,1887,0,75,104,1023,1,2,-19,0,0,204
45,3,6,3,6,20,Jevon,Langford,263,82,0,28,28,75,0,7,1063,2,1063,65,25,0,0,57,1,0,0,49,0,0,65,2,16,1015,45,64,25,38,0,3,21,0,0,0,6,6,6,6,158,14,0,0,0,1,0,27,0,0,94,2,1,28,2,69,0,4,21,46,64,4,0,27,0,1,60,18,84,71,61,2,0,2,0,9,32,31,21,15,28,8,15,20,0,11,11,51,10,35,27,212,0,75,130,1023,0,3,-19,0,0,346
30,6,6,6,6,16,Antonio,Langham,485,99,0,101,14,92,0,5,1064,22,1064,90,26,0,0,79,1,0,0,66,0,0,91,2,9,1009,74,61,23,25,0,7,43,0,0,0,0,0,0,0,3,12,33,0,0,1,0,60,0,0,38,0,1,101,3,60,0,1,17,85,90,6,0,53,0,0,83,15,54,83,78,3,3,3,3,3,17,81,5,15,15,7,0,20,0,16,16,20,4,8,3,485,0,72,21,1023,35,0,-30,0,0,245
45,6,6,6,6,16,Kwamie,Lassiter,647,95,0,104,16,87,0,5,1065,7,1065,85,29,0,0,89,1,0,0,72,0,0,85,2,33,1009,84,76,23,26,0,8,32,0,0,0,0,0,0,0,95,45,53,0,0,4,0,60,0,0,42,2,4,104,3,25,0,15,16,51,88,5,0,39,0,0,100,17,64,85,71,3,3,3,3,1,22,84,5,20,15,9,5,20,0,17,17,15,4,5,10,647,0,72,43,1023,15,4,-30,0,0,240
45,5,5,5,5,11,Lamar,Lathon,0,85,0,0,10,76,0,7,1066,1009,1066,72,31,0,0,94,2,0,0,36,0,0,73,2,15,20,86,82,37,38,0,3,40,0,2,0,0,0,0,0,80,4,4,0,0,0,0,60,0,0,57,1,0,0,0,75,0,1,18,56,70,10,0,34,0,0,61,16,76,77,79,2,2,2,2,4,28,41,15,25,20,13,10,30,0,15,13,20,4,23,22,106,0,75,100,1023,0,0,-30,0,0,117
30,6,6,6,6,16,Ty,Law,2548,95,0,219,16,94,0,5,1067,22,1067,92,25,0,0,85,1,0,0,74,0,0,88,2,23,1015,80,58,21,23,0,7,25,0,0,0,0,0,0,0,117,12,22,0,0,6,0,60,0,0,24,0,6,219,3,70,0,1,18,70,90,5,0,25,0,0,100,17,60,86,76,3,3,3,3,1,20,91,5,15,15,8,0,20,0,16,16,20,1,12,8,1158,0,71,40,1023,20,4,-30,0,0,311
45,3,1,3,1,12,Jason,Layman,0,67,0,0,21,75,0,7,1068,1009,1068,55,26,0,0,35,1,0,0,21,0,0,51,0,15,1015,35,12,69,80,0,2,28,0,2,0,2,2,2,2,211,14,0,0,0,0,0,28,0,0,66,2,0,0,2,3,0,2,33,34,25,4,0,17,0,1,43,18,89,70,59,2,0,2,0,9,34,40,17,15,32,9,22,27,0,6,8,34,6,30,29,546,0,77,150,1023,0,3,-19,0,0,150
45,6,6,6,6,8,Texans,LE #90,400,60,0,0,8,65,0,5,1069,32,1069,56,29,0,0,84,1,0,0,22,0,0,53,0,33,29,78,79,28,32,0,3,33,0,0,0,0,0,0,0,265,45,0,0,0,3,0,60,0,0,90,2,4,0,0,0,0,15,14,55,50,6,0,28,0,0,0,11,79,69,65,3,3,3,3,3,30,43,25,25,30,8,15,30,0,10,10,25,6,36,27,400,0,74,106,1023,0,1,-30,0,0,305
45,6,6,6,6,9,Texans,LE #91,400,65,0,0,10,65,0,5,1070,32,1070,58,29,0,0,87,1,0,0,25,0,0,54,0,8,29,81,74,31,35,0,3,36,0,0,0,0,0,0,0,265,45,0,0,0,3,0,60,0,0,91,2,4,0,0,0,0,15,14,55,52,6,0,31,0,0,0,11,82,69,70,3,3,3,3,7,31,47,25,25,30,10,15,30,0,10,10,25,8,36,28,400,0,76,115,1023,0,1,-30,0,0,307
18,0,0,0,0,76,Ryan,Leaf,796,95,0,128,38,69,0,7,1071,8,1071,61,25,0,0,97,0,2,0,27,0,0,67,0,7,1015,71,12,28,15,0,0,61,8,2,0,0,0,0,0,251,12,38,0,0,3,0,42,0,0,16,2,4,128,2,91,0,1,97,60,52,2,0,52,0,1,51,9,61,75,64,2,2,2,2,1,20,59,9,16,24,12,13,13,0,0,0,24,2,29,13,796,1,77,75,1023,0,1,-19,0,0,150
45,6,6,6,6,17,Amp,Lee,155,90,0,72,16,92,0,5,1072,13,1072,87,27,0,0,80,1,0,0,78,0,0,89,2,33,1009,75,24,30,31,0,8,71,0,0,0,0,0,0,0,64,15,71,0,0,1,0,60,0,0,28,2,1,72,3,30,0,2,18,50,72,8,0,74,0,0,70,17,59,77,69,3,3,3,3,3,20,78,5,20,15,11,0,30,0,1,1,25,1,5,12,423,0,71,40,1023,65,0,-30,0,0,148
45,6,6,6,6,10,Shawn,Lee,0,59,0,270,10,56,0,5,1073,1009,1073,52,32,0,0,93,2,0,0,24,0,0,49,2,33,0,83,92,40,41,0,3,37,0,0,0,0,0,0,0,132,40,39,0,0,0,0,60,0,0,98,1,0,270,3,70,0,6,14,72,50,12,0,28,0,0,29,11,89,85,86,3,3,3,3,45,34,24,35,25,39,8,25,30,0,12,12,30,32,34,27,1464,0,74,140,1023,0,0,-30,0,0,70
45,5,5,5,5,15,Jay,Leeuwenburg,200,60,0,100,12,50,0,7,1074,26,1074,43,29,0,0,85,1,0,0,14,0,0,45,0,33,9,80,29,82,84,0,3,24,0,2,0,0,0,0,0,41,45,0,0,0,1,0,60,0,0,57,0,1,100,2,0,0,9,17,45,27,8,0,25,0,0,67,14,90,74,71,2,2,2,2,7,35,42,23,25,27,12,24,30,0,8,8,25,6,44,26,200,0,75,134,1023,0,0,-30,0,0,150
45,6,6,6,6,17,Tyrone,Legette,0,94,0,0,16,93,0,5,1075,1009,1075,91,29,0,0,78,1,0,0,56,0,0,91,2,33,14,73,56,23,26,0,7,42,0,0,0,0,0,0,0,142,30,0,0,0,0,0,60,0,0,45,0,0,0,2,55,0,3,18,42,86,8,0,46,0,0,97,17,53,78,74,3,3,3,3,2,16,90,5,15,15,11,0,20,0,16,16,20,2,8,7,50,0,69,19,1023,65,0,-30,0,0,148
45,5,5,5,5,12,Matt,Lepsis,531,73,0,87,37,65,0,0,1076,4,1076,53,24,0,0,93,0,1,0,13,0,0,58,0,32,1015,91,10,89,87,0,3,31,0,0,0,2,0,2,0,41,45,0,2,2,1,3,42,0,0,78,1,3,87,3,0,0,4,28,48,42,3,0,20,0,1,46,16,85,75,58,0,2,0,2,3,32,42,24,53,27,12,16,18,0,9,5,75,8,31,24,531,0,76,130,1023,4,2,-19,0,0,150
45,2,5,2,5,22,Emarlos,Leroy,176,73,0,22,10,89,3,7,1077,17,1077,60,24,0,0,87,0,0,0,13,0,0,54,3,26,1015,76,72,37,24,0,3,24,0,0,0,6,6,6,6,70,45,100,0,0,2,0,23,0,0,93,0,2,22,2,76,0,7,21,33,41,1,0,33,0,1,97,27,85,77,61,2,2,2,2,34,32,28,21,32,36,13,20,8,0,10,12,107,25,32,25,176,0,73,144,1023,2,0,-19,0,0,204
45,5,5,5,5,15,Tim,Lester,0,75,0,54,11,68,0,5,1078,1009,1078,65,30,0,0,91,1,0,0,59,0,0,63,0,33,28,86,38,62,67,0,8,68,0,0,0,2,2,2,2,56,45,0,0,0,0,0,60,0,0,34,0,0,54,3,30,0,10,16,42,58,8,0,66,0,0,94,13,76,86,88,2,2,2,2,1,28,77,10,25,20,7,5,30,0,2,2,25,5,35,11,261,0,70,73,1023,15,0,-30,0,0,246
4,6,6,6,6,13,Leon,Lett,24,71,0,0,13,69,0,5,1079,11,1079,57,30,0,0,89,2,0,0,59,0,0,60,2,33,1015,85,84,37,38,0,3,42,0,0,0,0,0,0,0,276,40,39,0,0,1,0,60,0,0,78,2,5,0,0,25,0,7,17,69,75,9,0,33,0,0,80,14,90,85,77,3,3,3,3,5,35,42,21,25,29,7,16,30,0,12,12,30,4,32,26,24,0,78,130,1023,0,8,-30,0,0,106
13,6,6,6,6,16,Dorsey,Levens,1111,99,0,303,15,90,0,5,1080,20,1080,86,28,0,0,93,1,0,0,84,0,0,86,1,33,1015,80,32,47,49,0,8,86,0,0,0,0,0,0,0,71,3,78,0,0,2,0,60,0,1,25,2,2,303,3,50,0,5,17,84,68,6,0,90,0,0,100,16,73,90,91,3,3,3,3,2,26,56,5,20,15,13,0,30,0,1,1,25,3,27,14,1515,0,73,70,1023,20,5,3,0,0,314
45,2,4,2,4,27,Chad,Levitt,0,98,0,0,33,87,0,0,1081,1009,1081,87,23,0,0,81,0,0,0,66,0,0,86,3,12,1015,99,14,31,29,0,8,69,0,0,0,0,0,0,0,44,45,0,0,3,0,0,32,0,0,38,2,0,0,2,80,0,3,37,50,70,3,0,78,6,1,42,28,74,75,68,3,4,3,4,0,27,75,25,28,9,8,0,25,1,1,1,22,8,35,10,218,0,73,71,1023,30,2,-19,0,0,204
45,7,7,7,7,50,Chuck,Levy,0,75,0,66,50,92,0,5,1082,1009,1082,90,27,0,0,83,1,0,0,76,0,0,91,2,0,14,80,56,21,23,0,7,74,0,0,0,8,8,8,8,8,45,0,0,0,0,0,60,0,0,32,1,0,66,2,0,0,0,50,46,75,6,0,69,0,0,100,50,65,80,80,3,3,3,3,1,22,84,10,20,15,10,0,25,0,1,3,10,0,7,12,449,0,72,40,1023,80,0,-30,0,0,330
45,7,5,7,5,17,Chad,Lewis,162,88,0,24,23,83,0,7,1083,13,1083,78,27,0,1,72,1,0,1,77,0,0,80,0,15,1009,85,31,55,55,0,1,51,0,0,0,0,0,0,0,26,45,0,0,0,1,0,52,0,0,89,1,1,24,3,79,0,7,27,46,89,3,0,52,0,1,83,37,71,78,67,0,0,0,0,6,26,63,51,21,23,12,2,27,0,4,4,68,8,20,25,162,0,78,92,1023,8,0,-19,0,0,150
5,6,6,6,6,17,Darryll,Lewis,1155,99,0,266,16,93,0,5,1084,8,1084,91,30,0,0,84,2,0,0,63,0,0,91,2,33,1009,79,60,23,26,0,7,27,0,0,0,0,0,0,0,8,38,32,0,0,2,0,60,0,1,26,0,2,266,3,50,0,2,19,88,89,9,0,27,0,0,73,18,59,90,96,3,3,3,3,4,20,99,5,15,15,12,0,20,0,16,16,20,0,8,5,1155,0,69,28,1023,20,0,-30,0,0,119
45,0,0,0,0,75,Jeff,Lewis,191,96,0,18,22,62,0,7,1085,21,1085,60,26,0,0,41,1,1,1,25,0,0,61,0,8,3,72,15,20,13,0,0,48,0,0,0,0,0,0,0,133,45,0,0,0,2,0,54,0,0,8,2,3,18,2,61,0,6,86,35,50,4,0,47,0,1,62,21,57,67,62,2,2,2,0,1,18,76,8,3,10,12,7,7,0,0,0,24,0,11,12,191,0,74,51,1023,0,0,-19,0,0,150
11,3,7,3,7,18,Jermaine,Lewis,121,88,0,156,24,99,0,5,1086,25,1086,95,25,0,0,99,0,0,0,77,0,0,97,3,1,1015,75,24,21,20,0,1,64,2,0,0,0,0,0,0,111,36,47,0,0,1,0,4,0,0,84,2,1,156,3,96,0,4,17,58,80,4,0,57,0,1,100,21,46,81,67,3,3,3,3,4,13,93,4,7,6,13,7,9,0,3,3,23,1,1,1,949,0,67,23,1023,89,3,-19,0,0,204
3,5,5,5,5,17,Mo,Lewis,2794,93,0,640,16,85,0,7,1087,18,1087,76,29,0,0,94,2,0,0,57,0,0,79,2,33,1015,89,94,36,37,0,3,39,0,2,0,0,0,0,0,70,28,62,0,0,2,0,60,0,1,57,2,5,640,3,60,0,3,20,82,72,9,0,35,0,0,100,18,79,93,88,2,2,2,2,6,30,41,15,25,20,10,10,30,0,13,14,20,3,25,25,2794,0,75,98,1023,0,8,-30,0,0,319
45,6,6,6,6,16,Nate,Lewis,0,91,0,0,10,89,0,5,1088,1009,1088,88,32,0,0,77,2,0,0,74,0,0,89,1,33,0,72,22,21,22,0,1,54,0,0,0,0,0,0,0,265,45,0,0,0,0,0,60,0,0,82,2,0,0,0,50,0,7,17,47,82,10,0,63,0,0,11,12,52,76,75,3,3,3,3,2,16,76,5,15,15,8,0,20,0,3,3,20,2,6,9,0,0,71,38,1023,75,1,-30,0,0,230
41,4,4,4,4,27,Ray,Lewis,8000,99,0,534,27,96,0,4,1089,25,1089,88,24,0,0,99,1,0,0,62,0,0,90,2,1,1015,99,99,12,32,0,3,24,0,0,0,0,9,0,9,116,45,67,0,0,2,0,47,0,0,52,0,5,534,3,89,0,1,19,99,65,4,0,20,0,1,100,26,92,99,82,4,4,4,4,4,36,64,8,16,14,8,5,15,1,14,14,28,4,28,25,1926,0,73,85,1023,0,3,-19,0,0,204
45,6,6,6,6,16,Thomas,Lewis,0,90,0,0,15,88,0,5,1090,1009,1090,87,27,0,0,81,1,0,0,72,0,0,87,2,24,15,76,22,25,26,0,1,60,0,0,0,0,0,0,0,86,45,0,0,0,0,0,60,0,0,81,2,0,0,0,60,0,1,18,47,82,6,0,69,0,0,30,16,56,75,75,3,3,3,3,3,18,79,5,15,15,7,0,20,0,3,3,20,5,12,6,0,0,73,31,1023,65,2,-30,0,0,103
45,5,5,5,5,12,Texans,LG #62,400,56,0,0,9,55,0,7,1091,32,1091,41,28,0,0,84,1,0,0,12,0,0,42,1,33,29,79,28,75,83,0,3,23,0,2,0,0,0,0,0,265,45,0,0,0,3,0,60,0,0,62,0,4,0,0,0,0,15,14,57,25,6,0,23,0,0,0,11,89,72,75,2,2,2,2,3,34,37,15,25,34,13,19,30,0,6,6,25,5,23,27,400,0,75,131,1023,0,1,-30,0,0,28
45,5,5,5,5,12,Texans,LG #63,400,50,0,0,9,50,0,7,1092,32,1092,40,28,0,0,86,1,0,0,11,0,0,39,0,33,29,81,30,80,83,0,3,25,0,2,0,0,0,0,0,265,45,0,0,0,3,0,60,0,0,63,0,4,0,0,0,0,15,14,49,24,6,0,22,0,0,0,11,91,68,60,2,2,2,2,9,36,48,19,25,31,9,22,30,0,6,6,25,7,41,29,400,0,76,134,1023,0,1,-30,0,0,109
45,6,6,6,6,14,Jeremy,Lincoln,100,92,0,0,11,89,0,5,1093,19,1093,87,30,0,0,82,1,0,0,58,0,0,87,2,33,27,77,56,24,26,0,7,23,0,0,0,0,0,0,0,211,45,27,0,0,1,0,60,0,0,25,1,2,0,0,25,0,3,16,56,82,8,0,25,0,0,59,12,57,77,78,3,3,3,3,5,18,94,5,15,15,10,0,20,0,16,16,20,3,9,8,100,0,70,20,1023,20,1,-30,0,0,148
45,5,5,5,5,15,Everett,Lindsay,200,61,0,100,13,60,0,7,1094,5,1094,43,28,0,0,85,1,0,0,15,0,0,40,0,33,30,80,29,82,80,0,3,24,0,2,0,0,0,0,0,159,45,0,0,0,1,0,60,0,0,61,1,1,100,2,0,0,5,17,34,28,7,0,26,0,0,85,15,90,72,67,2,2,2,2,6,35,48,16,25,27,8,21,30,0,6,6,25,4,22,23,200,0,76,145,1023,0,0,-30,0,0,122
45,0,0,0,0,13,Steve,Lindsey,50,91,0,0,65,41,0,7,1095,17,1095,44,25,0,0,49,0,0,0,28,0,0,13,0,63,1015,78,14,16,15,0,1,27,0,1,0,0,0,0,0,159,45,100,1,1,1,0,49,0,0,2,2,1,0,0,6,0,15,25,0,36,1,0,20,0,1,100,96,18,54,56,0,2,0,0,1,0,99,8,17,20,10,5,16,0,19,19,21,5,2,8,50,0,73,25,1023,4,31,-19,0,0,150
45,5,3,5,3,15,Jonathan,Linton,244,45,0,18,33,81,0,0,1096,3,1096,72,22,2,0,75,0,0,0,69,0,0,76,3,18,1015,63,27,34,57,0,11,85,0,0,0,1,0,1,0,135,45,0,3,3,1,4,40,0,0,35,2,2,18,2,50,0,3,20,37,58,2,0,72,0,1,99,26,64,69,66,4,2,4,2,0,22,79,29,37,27,7,21,22,0,1,2,0,10,28,10,138,0,73,74,1023,22,1,-19,0,0,204
45,5,1,5,1,16,Earl,Little,50,83,0,0,21,94,0,7,1097,5,1097,88,26,0,0,98,0,0,0,57,0,0,85,3,30,1015,97,65,24,39,0,8,25,0,0,0,2,0,2,0,117,45,53,3,3,1,0,37,0,0,20,2,1,0,0,80,0,1,29,49,74,2,0,53,0,1,73,30,52,71,63,0,0,0,0,0,16,78,17,10,28,11,17,10,2,18,17,2,5,11,8,50,1,73,40,1023,0,0,-19,0,0,204
45,7,4,7,4,21,Leonard,Little,3603,73,0,810,22,91,0,0,1098,24,1098,75,22,0,0,85,0,0,0,28,0,0,80,0,11,1015,81,76,15,22,0,3,23,0,2,0,9,0,9,0,211,45,0,2,2,4,0,26,0,0,57,2,5,810,3,4,0,3,30,44,67,2,0,22,0,1,72,25,85,73,62,0,4,0,4,4,32,48,32,40,32,11,12,26,0,14,11,60,9,29,24,3603,0,75,103,1023,7,1,-19,0,0,150
45,4,5,4,5,17,Chris,Liwienski,1328,72,0,224,25,75,0,4,1099,31,1099,61,24,0,0,88,0,0,1,13,0,0,52,3,21,1015,78,28,89,83,0,3,38,0,0,0,2,0,2,0,86,45,51,0,0,7,0,4,0,0,76,1,7,224,3,54,0,4,22,51,30,2,0,11,1,1,98,19,93,79,65,4,0,4,0,16,36,33,24,2,35,13,20,14,0,9,5,81,26,32,24,1328,0,77,165,1023,7,1,-19,0,0,204
45,5,5,5,5,16,Greg,Lloyd,0,88,0,126,15,80,0,7,1100,1009,1100,71,33,0,0,87,2,0,0,44,0,0,72,2,33,20,64,86,25,26,0,3,28,0,2,0,0,0,0,0,265,45,41,0,0,0,0,60,0,1,95,1,0,126,3,65,0,6,21,66,73,12,0,42,0,0,70,19,71,81,86,2,2,2,2,2,26,79,15,25,20,10,10,30,0,15,15,20,5,30,12,684,0,74,68,1023,0,0,-30,0,0,254
45,6,2,6,2,24,Kevin,Lockett,2253,83,0,376,27,96,0,0,1101,9,1101,91,24,0,1,86,0,0,0,80,0,0,92,3,18,1015,94,35,20,28,0,11,40,0,0,0,0,2,0,2,96,45,27,0,0,2,4,6,0,0,81,2,4,376,3,22,0,2,21,56,84,3,0,60,0,1,100,12,51,80,71,3,4,3,4,4,16,78,4,19,45,10,7,26,3,3,3,78,1,11,8,2253,0,72,22,1023,66,2,-19,0,0,204
5,6,6,6,6,10,Mike,Lodish,1119,69,0,195,10,60,0,5,1102,4,1102,53,31,0,0,86,2,0,0,25,0,0,48,0,33,1009,82,83,27,28,0,3,38,0,0,0,0,0,0,0,226,40,2,0,0,2,0,60,0,0,97,1,3,195,3,25,0,10,14,58,51,10,0,29,0,0,100,11,88,83,89,3,3,3,3,4,34,46,25,25,35,9,20,30,0,12,12,30,4,31,28,1017,0,75,116,1023,0,4,-30,0,0,172
45,6,6,6,6,16,Steve,Lofton,0,89,0,0,14,88,0,5,1103,1009,1103,87,30,0,0,79,2,0,0,56,0,0,86,1,33,21,74,58,22,23,0,7,28,0,0,0,0,0,0,0,215,45,0,0,0,0,0,60,0,0,29,2,0,0,2,25,0,15,17,39,82,9,0,28,0,0,79,15,54,70,63,3,3,3,3,0,17,81,5,15,15,13,0,20,0,16,16,20,3,3,9,400,0,69,20,1023,20,0,-30,0,0,213
45,6,6,6,6,13,Ernie,Logan,100,68,0,0,13,65,0,5,1104,18,1104,56,30,0,0,87,2,0,0,28,0,0,52,2,33,16,83,76,30,31,0,3,41,0,0,0,0,0,0,0,54,40,3,0,0,2,0,60,0,0,93,2,4,0,2,25,0,9,18,52,54,9,0,32,0,0,74,15,89,74,64,3,3,3,3,6,34,41,19,25,25,7,17,30,0,12,12,30,6,29,23,100,0,75,130,1023,0,2,-30,0,0,59
45,5,5,5,5,10,James,Logan,250,80,0,0,9,75,0,7,1105,28,1105,70,26,0,0,87,1,0,0,31,0,0,72,2,33,27,82,76,25,26,0,3,28,0,2,0,0,0,0,0,114,45,0,0,0,2,0,60,0,0,56,2,5,0,0,25,0,15,15,19,66,5,0,29,0,0,100,13,72,64,59,2,2,2,2,3,26,63,15,25,20,8,10,30,0,15,15,20,9,32,12,250,0,74,62,1023,0,1,-30,0,0,294
45,5,5,5,5,16,Marc,Logan,0,69,0,153,12,66,0,5,1106,1009,1106,62,33,0,0,85,2,0,0,63,0,0,60,2,33,25,66,32,58,64,0,8,72,0,0,0,2,2,2,2,98,45,0,0,0,0,0,60,0,0,20,2,0,153,3,50,0,5,18,58,60,13,0,72,0,0,84,15,70,84,86,2,2,2,2,1,25,70,10,25,20,11,5,30,0,2,2,25,5,7,12,672,0,72,57,1023,30,1,-30,0,0,143
45,5,7,5,7,27,Mike,Logan,1654,82,0,180,29,99,3,1,1107,17,1107,95,23,0,0,71,0,0,0,58,0,0,86,3,21,1015,77,64,15,21,0,11,16,0,0,0,9,8,9,8,254,38,64,0,0,2,4,51,0,0,32,2,4,180,3,6,0,2,12,70,95,3,0,46,0,1,100,22,48,92,99,0,2,0,2,3,14,86,9,12,14,11,1,7,0,16,16,35,5,12,8,1654,0,73,51,1023,11,2,-19,0,0,204
45,5,5,5,5,10,Texans,LOLB #50,400,81,0,0,9,75,0,7,1108,32,1108,71,29,0,0,89,1,0,0,32,0,0,70,2,33,29,84,75,28,29,0,3,31,0,2,0,0,0,0,0,265,45,41,0,0,3,0,60,0,0,50,2,4,0,0,0,0,15,16,54,67,6,0,30,0,0,0,14,74,70,74,2,2,2,2,5,27,76,15,25,20,13,10,30,0,13,13,20,8,29,11,400,0,74,78,1023,0,1,-30,0,0,52
45,5,5,5,5,10,Texans,LOLB #51,400,77,0,0,9,75,0,7,1109,32,1109,69,29,0,0,91,1,0,0,30,0,0,70,0,28,29,86,79,30,31,0,3,33,0,2,0,0,0,0,0,265,45,0,0,0,3,0,60,0,0,51,2,4,0,0,0,0,15,14,52,65,6,0,28,0,0,0,12,76,69,68,2,2,2,2,0,28,58,15,25,20,7,10,30,0,13,13,20,3,24,14,400,0,74,75,1023,0,1,-30,0,0,62
45,5,5,5,5,12,Antonio,London,0,85,0,0,11,75,0,7,1110,1009,1110,74,28,0,0,87,1,0,0,35,0,0,72,2,33,19,82,75,25,26,0,3,28,0,2,0,0,0,0,0,3,45,0,0,0,0,0,60,0,0,57,2,0,0,2,25,0,3,18,36,70,7,0,33,0,0,94,16,72,69,69,2,2,2,2,2,26,77,15,25,20,13,10,30,0,13,15,20,7,30,12,50,0,74,78,1023,0,0,-30,0,0,285
45,2,5,1,5,26,Kevin,Long,348,55,0,52,21,74,0,7,1111,30,1111,43,22,0,0,79,0,0,0,22,0,0,59,0,8,1015,81,16,77,87,0,3,27,0,4,0,0,0,0,0,64,45,0,0,0,3,0,15,0,0,60,0,4,52,2,4,0,6,13,46,23,2,0,25,0,1,71,29,88,75,63,2,2,2,2,7,34,46,23,12,31,13,20,1,0,7,7,109,10,33,30,348,0,77,135,1023,2,1,-19,0,0,150
45,0,0,0,0,13,Ryan,Longwell,281,80,0,12,78,44,0,5,1112,20,1112,37,23,0,0,45,0,0,0,23,0,0,15,0,20,1015,78,22,16,11,0,0,15,0,2,0,0,0,0,0,28,45,0,2,2,4,0,54,1,0,8,0,5,12,2,87,0,7,27,46,26,3,0,24,0,1,97,90,38,74,99,0,0,0,0,1,9,84,2,12,10,7,9,10,0,19,19,24,1,5,9,102,0,72,40,1023,8,2,-19,0,0,150
45,5,5,5,5,16,Corey,Louchiey,0,60,0,0,13,55,0,7,1113,1009,1113,43,27,0,0,83,1,0,0,15,0,0,43,0,33,2,78,28,83,86,0,3,23,0,2,0,0,0,0,0,265,45,0,0,0,0,0,60,0,0,72,0,0,0,2,0,0,3,18,41,28,6,0,26,0,0,93,15,88,76,76,2,2,2,2,5,34,40,23,25,32,12,15,30,0,9,9,35,9,41,22,120,0,80,145,1023,0,1,-30,0,0,109
45,0,5,0,5,16,Clarence,Love,0,79,0,0,11,94,0,0,1114,25,1114,94,24,0,1,70,0,0,0,67,0,0,81,3,16,12,93,60,25,20,0,8,21,0,0,0,2,0,2,0,218,45,0,2,0,0,2,47,0,0,25,2,0,0,2,83,0,4,16,42,92,2,0,49,0,1,58,26,52,73,49,0,4,0,4,3,16,94,21,12,12,10,0,19,0,16,16,69,5,3,9,286,0,70,20,1023,64,0,-19,0,0,204
45,2,3,2,3,38,David,Loverne,739,72,0,63,30,73,0,7,1115,18,1115,57,21,0,0,90,0,0,0,12,0,0,59,3,22,1015,84,17,78,79,0,3,29,0,4,0,0,0,0,0,185,45,100,0,0,4,0,5,0,0,79,0,4,63,3,82,0,3,34,50,18,1,0,19,0,1,98,19,84,76,75,0,0,0,0,5,32,30,16,48,28,11,15,20,0,6,6,74,5,41,29,348,0,75,133,1023,8,0,-19,0,0,204
45,6,6,6,6,16,Derek,Loville,779,82,0,144,15,83,0,5,1116,1014,1116,79,30,0,0,83,2,0,0,86,0,0,81,2,33,1009,70,28,35,37,0,8,75,0,0,0,0,0,0,0,160,45,0,0,0,1,0,60,0,0,31,2,3,144,3,50,0,15,18,50,67,10,0,80,0,0,100,17,63,77,81,3,3,3,3,3,22,72,5,20,15,9,0,30,0,1,1,25,0,7,7,779,0,70,43,1023,70,2,-30,0,0,221
45,5,5,5,5,19,Texans,LT #71,400,65,0,0,16,60,0,7,1117,32,1117,46,29,0,0,84,1,0,0,18,0,0,42,0,33,29,79,29,79,86,0,3,24,0,2,0,0,0,0,0,265,45,21,0,0,3,0,60,0,0,71,0,4,0,0,0,0,15,21,58,31,6,0,29,0,0,0,18,89,71,64,2,2,2,2,5,34,38,20,25,22,8,18,30,0,5,5,35,8,45,28,400,0,79,120,1023,0,1,-30,0,0,57
45,5,5,5,5,13,Texans,LT #72,400,55,0,0,10,55,0,7,1118,32,1118,40,29,0,0,85,1,0,0,12,0,0,39,0,33,29,80,30,78,83,0,3,25,0,2,0,0,0,0,0,265,45,21,0,0,3,0,60,0,0,72,2,4,0,0,0,0,15,15,56,25,6,0,23,0,0,0,12,90,71,71,2,2,2,2,10,35,33,24,25,27,7,21,30,0,5,5,35,4,31,30,400,0,77,140,1023,0,1,-30,0,0,62
45,0,0,0,0,78,Ray,Lucas,337,90,0,54,37,88,0,7,1119,18,1119,79,27,0,0,97,1,0,0,35,0,0,84,2,30,1009,86,22,26,27,0,1,57,0,2,0,0,0,0,0,175,45,0,2,2,1,0,19,0,0,6,1,3,54,2,71,0,5,86,53,50,4,0,52,0,1,100,15,56,76,65,1,2,0,2,3,18,84,17,13,48,7,8,16,0,0,0,28,4,10,5,337,1,75,54,1023,0,2,-19,0,0,204
45,4,4,4,4,15,Nicolas,Luchey,163,55,0,33,25,78,0,5,1120,2,1120,68,23,0,0,88,0,0,0,69,0,0,63,3,27,1015,75,29,59,64,0,7,70,0,0,0,7,7,7,7,116,45,100,1,1,1,0,2,0,0,30,2,1,33,3,83,0,4,21,46,65,1,0,79,0,1,100,20,69,85,62,0,0,0,0,3,24,40,25,35,45,11,37,33,0,2,2,4,4,33,28,163,0,74,113,1023,9,0,-19,0,0,204
38,6,6,6,6,16,Todd,Lyght,2255,96,0,450,11,95,0,5,1121,24,1121,92,30,0,0,83,2,0,0,60,0,0,89,2,5,1015,78,66,19,22,0,7,28,0,0,0,0,0,0,0,152,13,45,0,0,2,0,60,0,0,41,0,5,450,3,60,0,1,16,80,89,9,0,48,0,0,100,12,58,91,99,3,3,3,3,1,19,82,5,15,15,7,0,20,0,16,16,20,1,8,8,2255,0,72,30,1023,20,8,-30,0,0,102
45,6,6,6,6,15,Keith,Lyle,543,87,0,69,15,85,0,5,1122,24,1122,84,27,0,0,91,1,0,0,65,0,0,83,1,33,1015,86,71,23,24,0,8,29,0,0,0,0,0,0,0,240,45,14,0,0,2,0,60,0,0,35,2,3,69,3,50,0,3,16,63,86,6,0,32,0,0,97,16,66,82,75,3,3,3,3,1,23,64,5,20,15,12,5,20,0,18,18,15,3,8,12,543,0,74,50,1023,15,5,-30,0,0,256
45,6,6,6,6,12,Rick,Lyle,1750,63,0,1000,12,60,0,5,1123,18,1123,50,28,0,0,89,1,0,0,22,0,0,55,0,33,4,85,77,37,38,0,3,35,0,0,0,0,0,0,0,122,40,0,0,0,3,0,60,0,0,95,2,5,1000,0,0,0,15,15,56,48,6,0,26,0,0,0,12,91,70,75,3,3,3,3,5,36,41,22,25,35,7,16,30,0,10,12,30,6,33,30,1750,0,77,125,1023,0,0,-30,0,0,361
45,5,5,5,5,12,Ben,Lynch,200,57,0,0,9,55,0,7,1124,15,1124,41,27,0,0,84,1,0,0,12,0,0,42,1,33,4,79,28,76,83,0,3,23,0,2,0,0,0,0,0,28,45,24,0,0,4,0,60,0,0,60,0,4,0,0,0,0,15,14,57,25,2,0,23,0,0,0,11,89,72,75,2,2,2,2,10,34,34,22,25,24,7,22,30,0,7,6,25,10,31,25,200,0,76,135,1023,0,0,-30,0,0,28
13,6,6,6,6,15,John,Lynch,2427,86,0,135,14,89,0,5,1125,6,1125,85,27,0,0,93,1,0,0,70,0,0,85,0,33,1015,88,85,23,26,0,8,28,0,0,0,0,0,0,0,200,31,38,0,0,5,0,60,0,0,47,1,7,135,3,25,0,3,16,78,83,7,0,30,0,0,100,15,85,96,83,3,3,3,3,5,32,71,5,20,15,13,5,20,0,18,18,15,0,6,7,945,0,74,50,1023,15,6,-30,0,0,324
45,6,6,6,6,15,Anthony,Lynn,150,84,0,0,14,83,0,5,1126,1014,1126,82,30,0,0,86,1,0,0,59,0,0,82,1,33,14,82,31,46,48,0,8,73,0,0,0,0,0,0,0,217,45,0,0,0,1,0,60,0,0,37,2,3,0,2,0,0,15,16,6,64,7,0,72,0,0,35,15,66,69,53,3,3,3,3,4,23,60,5,20,15,12,0,30,0,2,1,25,4,35,10,150,0,75,70,1023,20,2,-30,0,0,226
45,5,5,5,5,15,Mitch,Lyons,0,83,0,0,13,70,0,7,1127,1009,1127,68,28,0,0,91,1,0,0,68,0,0,68,0,33,1009,86,29,65,66,0,8,63,0,2,0,0,0,0,0,118,45,0,0,0,0,0,60,0,0,85,2,0,0,3,30,0,6,16,42,67,7,0,63,0,0,100,14,76,79,72,2,2,2,2,7,28,54,15,25,20,7,5,30,0,4,4,30,7,41,22,386,0,77,105,1023,15,2,-30,0,0,136
45,3,6,3,6,23,J.P.,Machado,180,78,0,28,30,76,0,7,1128,18,1128,55,23,0,0,84,0,0,0,20,0,0,48,0,22,1015,93,13,79,85,0,3,33,0,2,0,2,2,2,2,84,45,100,0,0,2,0,1,0,0,63,0,2,28,2,74,0,5,9,44,25,1,0,16,0,1,95,32,74,74,69,0,2,0,2,10,27,32,18,35,29,10,20,28,0,8,6,107,10,26,30,174,0,76,140,1023,4,0,-19,0,0,150
45,6,6,6,6,16,Stacey,Mack,200,90,0,0,15,86,0,5,1129,17,1129,85,24,0,0,80,1,0,0,62,0,0,85,2,63,4,77,25,33,34,0,8,78,0,0,0,0,0,0,0,208,45,0,0,0,4,0,60,0,0,34,2,4,0,0,0,0,15,17,72,67,1,0,82,0,0,100,16,60,75,63,3,3,3,3,7,20,56,5,20,15,9,0,30,0,1,1,25,6,24,21,200,0,73,81,1023,75,0,-30,0,0,100
45,7,4,7,4,38,Tremain,Mack,310,78,0,42,21,78,0,0,1130,2,1130,75,23,0,0,91,0,0,0,69,0,0,71,2,13,1015,77,72,14,12,0,8,21,0,0,0,8,2,8,2,115,45,0,2,2,1,0,38,0,0,34,2,3,42,2,88,0,4,26,47,77,3,0,44,0,1,97,21,58,75,75,4,3,4,3,5,19,70,2,20,34,13,5,38,3,18,18,17,1,7,11,310,1,72,33,1023,97,2,-19,0,0,204
45,5,5,5,5,13,Mark,Maddox,200,90,0,0,11,75,0,7,1131,7,1131,72,31,0,0,89,2,0,0,44,0,0,74,1,33,2,84,83,27,31,0,3,26,0,2,0,2,2,2,2,265,5,32,0,0,2,0,60,0,0,53,2,3,0,3,25,0,9,20,84,68,9,0,29,0,0,94,17,74,81,85,2,2,2,2,2,27,56,15,25,20,7,5,30,0,14,14,25,8,33,14,200,0,73,73,1023,0,1,-30,0,0,181
30,4,4,4,4,13,Sam,Madison,3339,80,0,132,28,92,0,0,1132,12,1132,90,26,0,0,80,0,0,0,75,0,0,91,2,30,1015,81,61,20,22,0,8,26,0,0,0,8,1,8,1,105,12,35,0,2,3,2,54,0,0,29,0,5,132,3,60,0,1,12,62,89,3,0,39,0,1,93,28,56,84,74,4,0,4,0,4,18,88,28,14,28,9,16,0,3,16,16,64,2,6,5,900,0,71,20,1023,28,2,-19,0,0,204
45,5,5,5,5,18,Eric,Mahlum,0,81,0,0,15,55,0,7,1133,1009,1133,45,28,0,0,86,1,0,0,17,0,0,43,0,33,9,81,31,87,89,0,3,26,0,2,0,0,0,0,0,28,45,0,0,0,0,0,60,0,0,65,0,0,0,0,0,0,2,20,54,30,6,0,28,0,0,77,17,91,82,81,2,2,2,2,5,36,37,20,25,35,13,17,30,0,8,8,25,7,28,25,63,0,76,130,1023,0,1,-30,0,0,68
45,6,0,6,0,38,Joel,Makovicka,117,57,0,14,29,75,0,5,1134,7,1134,63,21,1,0,73,0,0,0,65,0,0,63,0,33,1009,99,21,50,67,0,13,65,0,0,0,0,0,0,0,142,45,100,0,0,2,4,32,0,0,34,2,2,14,2,69,0,8,24,36,49,1,0,52,0,1,70,35,63,73,50,2,3,2,3,3,22,56,27,33,20,8,33,20,0,2,2,21,9,37,21,117,1,71,91,1023,0,0,-19,0,0,150
45,5,5,5,5,14,Siupeli,Malamala,463,60,0,69,11,55,0,7,1135,1014,1135,41,30,0,0,87,1,0,0,13,0,0,43,1,33,1015,82,32,85,86,0,3,27,0,2,0,0,0,0,0,252,45,17,0,0,1,0,60,0,0,73,0,3,69,2,0,0,3,16,49,26,8,0,24,0,0,100,13,92,76,72,2,2,2,2,5,36,45,24,25,23,9,20,30,0,9,9,35,4,43,28,463,0,77,150,1023,0,7,-30,0,0,28
45,6,6,6,6,13,Van,Malone,0,88,0,0,11,89,0,5,1136,1009,1136,87,28,0,0,81,1,0,0,56,0,0,88,0,33,18,76,56,26,25,0,7,27,0,0,0,0,0,0,0,214,45,0,0,0,0,0,60,0,0,39,1,0,0,0,25,0,2,13,38,80,6,0,27,0,0,99,12,76,72,63,3,3,3,3,5,28,97,5,15,15,8,0,20,0,16,16,20,1,5,1,63,0,71,29,1023,20,1,-30,0,0,301
45,6,6,6,6,15,Mike,Mamula,385,75,0,63,10,74,0,5,1137,13,1137,69,25,0,0,84,1,0,0,35,0,0,66,0,7,1015,78,82,28,32,0,3,32,0,0,0,0,0,0,0,20,4,70,0,0,2,0,60,0,0,59,2,2,63,3,50,0,1,18,59,62,5,0,29,0,0,100,15,79,80,59,3,3,3,3,6,30,57,25,25,30,11,15,30,0,11,11,25,3,21,24,525,0,76,92,1023,0,4,-30,0,0,72
45,5,5,5,5,16,Tony,Mandarich,0,68,0,54,13,55,0,7,1138,1009,1138,44,32,0,0,87,2,0,0,15,0,0,42,0,2,9,82,32,88,86,0,3,27,0,2,0,0,0,0,0,118,45,81,0,0,0,0,60,0,0,76,1,0,54,3,0,0,1,18,50,28,10,0,26,0,0,83,15,92,78,73,2,2,2,2,15,36,26,16,25,29,12,24,30,0,8,8,25,21,42,25,297,0,77,151,1023,0,0,-30,0,0,165
45,7,4,7,4,21,Kris,Mangum,330,88,0,45,28,64,2,5,1139,21,1139,63,24,0,0,86,0,0,0,65,0,0,62,0,23,1015,71,30,67,71,0,6,71,0,0,0,0,0,0,0,265,45,0,5,5,1,0,4,0,0,86,2,3,45,2,8,0,5,27,42,64,3,0,62,0,1,73,26,62,75,74,4,2,4,2,6,21,50,59,21,27,11,20,28,0,4,4,74,8,24,23,330,0,76,92,1023,8,2,-19,0,0,150
45,1,3,1,3,23,Patrick,Mannelly,660,79,0,112,26,77,0,0,1140,1,1140,69,23,0,0,89,0,0,1,19,0,0,54,0,5,1015,88,24,83,83,0,2,27,0,0,0,0,0,0,0,52,45,54,0,0,3,0,53,0,0,65,2,4,112,3,84,0,6,16,64,28,2,0,32,0,1,43,25,94,83,67,2,2,2,2,7,37,45,51,39,3,9,47,11,0,6,9,71,9,25,24,660,0,77,105,1023,4,1,-19,0,0,150
20,0,0,0,0,88,Peyton,Manning,8809,98,0,2135,31,78,0,7,1141,10,1141,67,23,0,0,96,0,0,0,24,0,0,68,0,22,1015,92,28,27,21,0,0,42,0,1,0,0,0,0,0,211,45,71,1,1,6,0,50,0,0,18,1,7,2135,3,76,0,1,94,93,49,2,0,54,0,1,100,12,57,88,81,2,2,2,2,5,18,79,47,12,15,13,7,6,0,0,0,15,9,35,14,8809,0,77,70,1023,0,1,-19,0,0,150
45,5,5,5,5,13,Greg,Manusky,295,71,0,32,11,66,0,7,1142,1014,1142,61,32,0,0,91,2,0,0,29,0,0,60,0,33,1009,77,80,31,35,0,3,27,0,2,0,2,2,2,2,40,45,11,0,0,1,0,60,0,0,51,2,2,32,2,25,0,15,17,33,61,12,0,24,0,0,84,14,76,70,75,2,2,2,2,4,28,68,15,25,20,8,5,30,0,14,14,25,2,22,22,268,0,73,81,1023,0,4,-30,0,0,166
45,0,0,0,0,19,Olindo,Mare,290,80,0,39,88,48,0,7,1143,12,1143,37,24,0,0,48,0,0,0,21,0,0,29,0,30,1015,74,18,14,21,0,5,27,0,2,0,0,0,0,0,205,45,66,3,1,2,2,55,0,0,10,0,3,39,3,86,0,6,22,60,32,3,0,27,0,1,100,92,13,89,85,2,0,0,0,2,0,79,27,20,17,9,2,10,0,19,19,2,4,6,9,264,0,71,30,1023,4,2,-19,0,0,150
17,0,0,0,0,96,Dan,Marino,2299,90,0,646,7,38,0,7,1144,1014,1144,35,37,0,0,83,2,0,0,22,0,0,57,1,27,1015,63,18,22,27,0,1,58,0,2,0,0,0,0,0,166,20,51,0,0,1,0,60,0,1,13,0,2,646,3,60,0,1,91,83,45,17,0,64,0,0,90,10,63,91,95,2,2,2,2,3,22,77,5,10,15,8,0,20,0,0,0,20,7,24,11,2299,0,76,64,1023,0,0,-30,0,0,68
45,0,0,0,0,90,Todd,Marinovich,0,90,0,0,16,78,0,7,1145,1009,1145,76,29,0,0,79,1,0,0,50,0,0,77,1,24,1009,84,19,18,23,0,1,56,0,2,0,0,0,0,0,231,7,0,0,0,0,0,60,0,0,12,1,0,0,0,0,0,1,93,50,59,6,0,40,0,0,0,18,69,79,52,2,2,2,2,3,24,84,5,10,15,7,0,20,0,0,0,20,5,8,5,18,0,76,55,1023,0,4,-30,0,0,91
3,6,6,6,6,15,Brock,Marion,889,87,0,168,16,90,0,5,1146,12,1146,86,28,0,0,88,1,0,0,63,0,0,87,1,33,1009,83,70,23,26,0,8,39,0,0,0,0,0,0,0,265,2,25,0,0,3,0,60,0,1,31,1,4,168,3,50,0,7,16,79,86,7,0,42,0,0,83,18,63,93,95,3,3,3,3,4,22,76,5,20,15,12,5,20,0,17,17,15,2,9,10,889,0,71,40,1023,55,1,-30,0,0,354
45,2,5,2,5,18,Lemar,Marshall,0,70,0,0,29,81,0,5,1147,1009,1147,79,21,0,0,89,0,0,0,51,0,0,80,3,29,1015,94,76,19,14,0,3,38,0,0,0,8,0,8,0,118,45,100,0,0,0,0,3,0,0,127,0,0,0,0,60,0,4,20,0,21,1,0,24,0,1,100,23,77,76,65,2,2,2,2,2,28,82,68,42,69,13,34,29,0,13,13,66,0,13,11,0,0,74,60,1023,4,31,-19,0,0,204
45,6,3,6,3,18,Cecil,Martin,312,76,0,48,15,80,0,7,1148,13,1148,76,21,0,0,90,0,0,0,76,0,0,55,0,33,1009,70,25,43,52,0,8,76,0,2,0,0,7,0,7,258,45,100,0,0,4,0,48,0,0,38,2,4,48,3,78,0,8,10,28,40,1,0,70,0,1,73,25,78,62,65,0,0,0,0,4,29,51,23,32,24,11,37,46,0,1,2,23,7,33,14,312,0,72,75,1023,9,0,-19,0,0,150
23,6,6,6,6,17,Curtis,Martin,3088,94,0,609,16,95,0,5,1149,18,1149,93,26,0,0,88,1,0,0,74,0,0,88,2,33,1009,86,33,46,48,0,8,87,0,0,0,0,0,0,0,166,45,58,0,0,6,0,60,0,0,28,2,7,609,3,60,0,3,18,88,79,5,0,88,0,0,100,17,68,92,88,3,3,3,3,0,24,82,5,20,15,13,0,30,0,1,1,25,0,13,12,3088,0,71,50,1023,20,1,-30,0,0,330
45,0,0,0,0,79,Jamie,Martin,150,80,0,0,7,52,0,7,1150,17,1150,50,29,0,0,82,1,0,0,19,0,0,48,0,63,27,87,16,21,26,0,1,52,0,2,0,0,0,0,0,253,45,0,0,0,2,0,60,0,0,10,0,3,0,2,0,0,15,92,35,45,3,0,57,0,0,100,10,62,76,77,2,2,2,2,4,21,86,5,10,15,8,0,20,0,0,0,20,4,12,12,150,0,74,45,1023,0,2,-30,0,0,286
45,1,1,1,1,12,Steve,Martin,180,82,0,58,21,67,0,4,1151,9,1151,56,25,0,0,81,1,0,0,24,0,0,55,2,26,9,71,71,26,18,0,2,38,0,0,0,0,0,0,0,122,40,0,0,0,1,0,28,0,0,90,2,1,58,2,9,0,4,14,50,52,4,0,38,0,1,86,18,94,74,62,2,2,2,2,7,37,24,25,18,26,12,16,24,0,12,12,49,28,35,25,328,1,76,160,1023,0,1,-19,0,0,187
42,6,6,6,6,17,Tony,Martin,1298,95,0,0,17,93,0,5,1152,12,1152,90,33,0,0,80,2,0,0,84,0,0,90,2,33,7,75,21,24,25,0,1,59,0,0,0,0,0,0,0,265,35,74,0,0,2,0,60,0,1,80,2,2,0,3,60,0,5,19,69,89,11,0,69,0,0,86,19,55,86,85,3,3,3,3,1,18,87,5,15,15,12,0,20,0,3,3,20,4,3,7,1298,0,72,21,1023,75,0,-30,0,0,64
40,6,6,6,6,9,Wayne,Martin,0,60,0,0,9,67,0,5,1153,1009,1153,55,33,0,0,88,2,0,0,27,0,0,55,2,19,1015,81,85,34,35,0,3,40,0,0,0,0,0,0,0,10,2,0,0,0,0,0,60,0,0,93,1,0,0,3,50,0,1,14,71,55,11,0,31,0,0,13,11,87,85,85,3,3,3,3,3,34,42,25,25,35,7,20,30,0,12,12,30,5,31,25,1554,0,77,115,1023,0,10,-30,0,0,59
45,5,5,5,5,14,Lonnie,Marts,508,89,0,94,13,75,0,7,1154,17,1154,74,30,0,0,91,2,0,0,35,0,0,75,2,33,1009,86,86,29,30,0,3,32,0,2,0,0,0,0,0,221,45,40,0,0,2,0,60,0,0,58,1,2,94,3,25,0,15,18,59,70,9,0,33,0,0,100,16,76,85,88,2,2,2,2,5,28,59,15,25,20,13,10,30,0,14,13,20,8,26,23,508,0,74,81,1023,0,0,-30,0,0,198
45,6,6,6,6,12,Russell,Maryland,2490,72,0,488,12,69,0,5,1155,20,1155,56,30,0,0,92,2,0,0,28,0,0,56,2,1,1009,88,90,39,40,0,3,41,0,0,0,0,0,0,0,115,40,38,0,0,1,0,60,0,0,67,2,4,488,3,60,0,1,16,77,56,9,0,32,0,0,60,13,93,90,82,3,3,3,3,25,36,25,21,25,35,9,25,30,0,12,12,30,34,44,27,2490,0,73,140,1023,0,3,-30,0,0,75
45,4,5,4,5,29,Derrick,Mason,4621,76,0,330,24,97,0,0,1156,30,1156,94,26,0,1,84,0,2,0,92,0,0,92,2,27,1015,70,25,22,31,0,7,40,0,0,0,9,0,9,0,118,35,57,2,2,7,3,18,0,0,85,2,7,330,3,35,0,7,19,80,95,3,0,65,0,1,100,22,70,91,82,3,1,3,1,2,25,82,3,17,43,8,4,22,0,3,3,71,2,9,4,1800,1,70,32,1023,76,2,-19,0,0,204
45,6,6,6,6,15,Robert,Massey,0,81,0,0,14,81,0,5,1157,1009,1157,78,32,0,0,89,2,0,0,59,0,0,79,2,33,15,78,63,24,26,0,8,32,0,0,0,0,0,0,0,140,45,0,0,0,0,0,60,0,0,44,2,0,0,3,50,0,2,16,54,80,11,0,31,0,0,56,15,64,75,75,3,3,3,3,0,22,65,5,20,15,9,5,20,0,17,16,15,5,6,12,100,0,71,40,1023,15,1,-30,0,0,339
45,5,5,5,5,17,Le'Shai,Maston,0,86,0,39,13,80,0,5,1158,1009,1158,76,28,0,0,85,1,0,0,62,0,0,74,2,33,25,80,32,53,66,0,8,70,0,0,0,2,2,2,2,17,45,78,0,0,0,0,60,0,0,35,2,0,39,3,30,0,15,18,60,53,7,0,70,0,0,93,15,70,88,78,2,2,2,2,0,25,62,10,25,20,11,5,30,0,2,2,25,6,16,13,246,0,72,67,1023,15,0,-30,0,0,86
25,5,5,5,5,19,Jason,Mathews,2980,65,0,763,16,60,0,7,1159,30,1159,46,28,0,0,84,1,0,0,18,0,0,49,0,33,1009,79,29,76,88,0,3,24,0,2,0,0,0,0,0,265,2,75,0,0,6,0,60,0,0,76,1,7,763,3,0,0,3,21,69,31,6,0,29,0,0,100,18,89,78,86,2,2,2,2,10,34,37,21,25,33,12,19,30,0,9,9,35,6,29,27,2980,0,77,124,1023,0,1,-30,0,0,81
45,3,3,3,3,27,Dedric,Mathis,0,90,0,90,11,92,0,0,1160,1009,1160,92,26,0,1,21,1,0,0,50,0,0,93,2,26,9,30,66,19,16,0,0,22,0,0,0,0,9,0,9,80,45,0,0,0,0,0,52,0,0,22,0,0,90,2,66,0,2,27,49,88,4,0,38,0,1,75,23,52,76,68,2,0,2,0,0,16,96,9,10,29,7,8,9,0,16,16,29,3,11,4,756,0,70,28,1023,0,0,-19,0,0,195
45,5,3,5,3,27,Kevin,Mathis,0,87,0,0,36,92,0,7,1161,1009,1161,90,25,0,0,86,0,0,0,65,0,0,91,3,29,1015,83,65,16,10,0,8,42,0,0,0,0,0,0,0,206,30,51,0,0,0,0,17,0,0,23,0,0,0,3,84,0,7,20,54,80,3,0,45,0,1,75,39,57,69,44,0,4,0,4,0,18,87,23,0,12,13,18,8,0,16,16,32,2,9,9,724,0,68,25,1023,80,2,-19,0,0,204
36,6,6,6,6,17,Terrence,Mathis,1884,96,0,315,12,94,0,5,1162,14,1162,93,31,0,0,78,2,0,0,89,0,0,92,2,33,1009,73,22,22,23,0,1,57,0,0,0,0,0,0,0,145,6,42,0,0,2,0,60,0,1,81,2,3,315,3,50,0,6,19,78,86,10,0,72,0,0,81,13,53,90,93,3,3,3,3,5,16,82,5,15,15,12,0,20,0,3,3,20,0,4,4,1713,0,70,17,1023,65,5,-30,0,0,384
45,5,5,5,5,18,Bruce,Matthews,2992,66,0,650,15,64,0,7,1163,30,1163,45,37,0,0,90,2,0,0,17,0,0,55,0,9,1015,73,35,99,95,0,3,30,0,2,0,0,0,0,0,231,26,60,0,0,2,0,60,0,0,74,1,5,650,3,0,0,1,20,80,30,17,0,28,0,0,100,17,91,97,99,2,2,2,2,3,36,37,25,25,21,12,19,30,0,6,6,25,7,37,22,2992,0,77,145,1023,0,4,-30,0,0,360
45,0,0,0,0,79,Shane,Matthews,300,80,0,0,7,62,0,7,1164,1,1164,60,29,0,0,82,1,0,0,19,0,0,61,0,33,4,87,16,21,26,0,1,52,0,2,0,0,0,0,0,62,45,0,0,0,3,0,60,0,0,9,0,3,0,0,0,0,15,89,58,45,2,0,57,0,0,100,10,62,74,69,2,2,2,2,0,21,76,5,10,15,12,0,20,0,0,0,20,3,8,9,300,0,75,36,1023,0,0,-30,0,0,286
45,0,0,0,0,82,Steve,Matthews,0,82,0,0,7,53,0,7,1165,1009,1165,52,28,0,0,78,1,0,0,18,0,0,52,0,33,31,83,17,17,22,0,1,55,0,2,0,0,0,0,0,265,45,0,0,0,0,0,60,0,0,11,0,0,0,2,0,0,7,86,42,49,6,0,54,0,0,85,10,58,75,75,2,2,2,2,0,19,64,5,10,15,9,0,20,0,0,0,20,2,20,13,201,0,75,62,1023,0,0,-30,0,0,107
45,6,7,6,7,16,Vili,Maumau,0,78,0,0,26,76,0,7,1166,1009,1166,59,24,0,0,90,0,0,0,14,0,0,63,3,16,1015,71,67,17,27,0,3,22,0,0,0,2,0,2,0,41,45,0,0,0,0,0,49,0,0,79,2,0,0,0,1,0,7,16,32,54,2,0,26,0,1,51,29,78,64,52,0,0,0,0,24,29,18,26,13,31,12,24,0,3,12,12,105,27,30,23,50,0,74,142,1023,4,0,-19,0,0,204
45,5,5,5,5,22,Kevin,Mawae,2171,78,0,518,19,75,0,7,1167,18,1167,55,28,0,0,88,1,0,0,20,0,0,52,1,33,1009,83,28,92,93,0,3,23,0,2,0,0,0,0,0,106,26,58,0,0,6,0,60,0,0,68,0,7,518,3,0,0,2,24,74,34,6,0,31,0,0,100,21,93,93,85,2,2,2,2,7,36,30,19,25,22,11,24,25,0,7,7,10,6,45,25,2171,0,76,129,1023,0,1,-30,0,0,213
45,5,5,5,5,10,Deems,May,0,79,0,0,8,65,0,7,1168,1009,1168,64,30,0,0,93,1,0,0,68,0,0,65,2,33,1009,88,33,65,66,0,8,69,0,2,0,0,0,0,0,135,45,0,0,0,0,0,60,0,0,88,2,0,0,3,50,0,7,13,45,69,8,0,67,0,0,100,11,78,77,68,2,2,2,2,4,29,48,15,25,20,12,5,30,0,4,4,30,8,23,23,381,0,75,103,1023,15,2,-30,0,0,16
25,3,3,3,3,27,Jermane,Mayberry,1441,90,0,275,26,75,0,7,1169,13,1169,59,26,0,0,99,1,0,0,26,0,0,54,0,7,1015,99,12,93,86,0,2,27,0,2,0,0,0,0,0,215,12,61,0,0,2,0,4,0,0,71,1,5,275,3,0,0,1,12,72,44,4,0,11,0,1,100,12,95,88,81,2,2,2,2,7,38,30,22,18,35,9,15,21,0,5,8,32,25,28,22,1441,0,76,165,1023,0,3,-19,0,0,153
45,5,5,5,5,19,Tony,Mayberry,872,71,0,160,16,65,0,7,1170,1014,1170,50,31,0,0,84,2,0,0,17,0,0,49,2,33,1015,79,29,90,88,0,3,24,0,2,0,0,0,0,0,249,25,65,0,0,2,0,60,0,0,61,1,5,160,3,0,0,4,21,60,31,10,0,28,0,0,100,18,89,86,84,2,2,2,2,5,34,42,20,25,24,11,20,25,0,7,7,10,8,34,23,872,0,76,132,1023,0,9,-30,0,0,273
45,6,3,6,3,17,Alonzo,Mayes,462,88,0,57,21,72,0,0,1171,1,1171,80,23,0,0,89,0,0,0,74,0,0,74,2,5,1015,89,37,51,51,0,7,82,0,0,0,9,2,9,2,158,45,1,1,3,2,0,30,0,0,85,1,3,57,3,78,0,4,29,47,71,2,0,50,6,1,40,10,75,76,61,0,4,0,4,7,28,48,52,23,28,11,27,21,0,4,4,73,5,32,20,381,0,76,100,1023,1,1,-19,0,0,204
45,0,0,0,0,20,Derrick,Mayes,1641,96,0,0,19,88,0,5,1172,28,1172,86,25,0,0,52,0,0,0,78,0,0,87,2,20,19,60,29,19,41,0,0,55,0,0,0,0,7,0,7,152,45,9,0,0,1,0,71,0,0,87,2,4,0,3,72,0,2,23,44,88,4,0,50,0,1,98,23,58,76,65,5,5,5,5,5,19,72,6,10,27,11,2,10,0,3,3,25,3,10,11,1641,0,72,45,1023,25,0,-19,0,0,204
45,0,0,0,0,28,Brad,Maynard,400,80,0,200,91,56,0,4,1173,16,1173,52,26,0,0,63,0,0,0,21,0,0,57,0,3,15,78,10,27,23,0,5,23,0,2,0,0,0,0,0,16,8,57,0,0,2,0,66,0,0,9,1,2,200,3,94,0,4,6,46,32,3,0,29,0,1,100,85,25,82,74,0,0,0,0,5,2,98,46,23,21,8,18,19,0,20,20,44,2,6,1,400,0,73,26,1023,8,0,-19,0,0,150
45,0,3,0,3,29,Kivuusama,Mays,0,83,0,0,15,83,2,5,1174,1009,1174,80,22,0,0,85,0,0,0,57,0,0,81,3,17,1015,76,75,22,10,0,3,32,0,0,0,0,1,0,1,135,45,0,0,0,0,0,0,0,0,56,0,0,0,2,65,0,4,14,37,68,2,0,34,0,1,70,28,64,66,65,0,0,0,0,3,22,64,26,52,13,13,21,25,0,14,15,101,3,37,23,94,2,75,88,1023,2,1,-19,0,0,204
45,6,6,6,6,16,Fred,McAfee,90,80,0,0,15,79,0,5,1175,27,1175,80,30,0,0,85,2,0,0,58,0,0,79,2,33,1009,76,39,32,35,0,8,70,0,0,0,0,0,0,0,265,45,0,0,0,1,0,60,0,0,26,2,1,0,2,30,0,6,16,33,63,9,0,72,0,0,84,15,65,68,76,3,3,3,3,5,22,73,5,20,15,12,0,30,0,1,1,25,1,4,4,90,0,70,33,1023,20,0,-30,0,0,18
45,0,6,0,6,19,Chris,McAlister,4558,79,0,504,24,92,0,0,1176,25,1176,90,23,0,0,82,0,3,0,67,0,0,98,3,18,1015,83,64,11,10,0,9,24,0,0,0,8,1,8,1,8,12,100,2,2,7,4,37,0,0,28,0,7,504,3,74,0,1,34,58,88,1,0,36,0,1,91,38,59,79,62,0,0,0,0,4,20,77,24,29,49,13,0,13,0,16,16,8,1,11,12,4558,0,73,50,1023,16,0,-19,0,0,204
45,6,6,6,6,13,Gerald,McBurrows,2200,86,0,1300,10,85,0,5,1177,14,1177,83,25,0,0,89,1,0,0,53,0,0,83,2,33,23,84,63,22,26,0,8,32,0,0,0,0,0,0,0,95,45,0,0,0,5,0,60,0,0,22,2,5,1300,0,25,0,7,14,38,86,5,0,29,0,0,61,15,64,69,64,3,3,3,3,5,22,83,5,20,15,7,5,20,0,18,17,15,2,8,6,2200,0,71,48,1023,15,0,-30,0,0,86
45,6,6,6,6,14,Ed,McCaffrey,2750,86,0,470,17,90,0,5,1178,4,1178,88,30,0,0,88,1,0,0,89,0,0,88,0,33,1009,83,28,37,36,0,1,62,0,0,0,0,0,0,0,200,45,35,0,0,4,0,60,0,0,87,2,5,470,3,50,0,3,15,69,94,9,0,72,0,0,44,19,63,87,82,3,3,3,3,0,22,74,5,15,15,8,0,20,0,3,3,20,3,8,7,2750,0,77,55,1023,20,4,-30,0,0,132
6,6,6,6,6,17,Keenan,McCardell,2200,92,0,376,12,95,0,5,1179,17,1179,92,29,0,0,81,1,0,0,99,0,0,93,1,33,1009,76,21,25,26,0,1,62,0,0,0,0,0,0,0,230,35,64,0,0,1,0,60,0,1,87,2,4,376,3,70,0,12,19,86,90,9,0,72,0,0,100,13,56,95,87,3,3,3,3,1,18,84,5,15,15,13,0,20,0,3,3,20,2,10,7,2200,0,73,33,1023,60,3,-30,0,0,379
45,4,3,4,3,17,Dexter,McCleon,1984,83,0,212,11,94,3,7,1180,24,1180,91,23,0,0,76,0,0,0,66,0,0,92,0,17,1015,77,60,12,15,0,13,24,0,2,0,7,0,7,0,38,30,29,2,2,2,4,11,0,0,21,0,4,212,3,89,0,2,21,56,89,3,0,55,0,1,100,21,60,80,67,0,2,0,2,4,20,82,4,10,12,10,7,25,0,16,16,49,1,5,5,1984,0,70,35,1023,7,2,-19,0,0,150
45,6,6,6,6,16,J.J.,McCleskey,100,90,0,0,12,89,0,5,1181,7,1181,88,29,0,0,81,1,0,0,55,0,0,86,2,33,26,76,56,23,24,0,7,29,0,0,0,0,0,0,0,211,45,0,0,0,1,0,60,0,0,44,1,3,0,0,25,0,15,17,32,81,6,0,29,0,0,66,12,56,71,64,3,3,3,3,3,18,83,5,15,15,13,0,20,0,16,16,20,0,5,0,100,0,68,20,1023,20,3,-30,0,0,149
45,5,2,4,2,23,Todd,McClure,970,51,0,175,37,72,0,4,1182,14,1182,54,21,0,0,83,0,0,0,12,1,0,50,0,17,1015,86,29,86,84,0,3,39,0,4,0,0,0,0,0,106,45,100,0,0,7,0,5,0,0,62,0,7,175,3,65,0,6,20,48,25,1,0,29,0,1,80,11,83,79,72,2,0,2,0,38,32,27,24,28,33,11,32,15,0,7,7,106,29,33,24,970,0,73,141,1023,2,0,-19,0,0,150
45,5,5,5,5,21,Andy,McCollum,5400,71,0,3300,18,60,0,7,1183,24,1183,48,28,0,0,86,1,0,0,20,0,0,50,0,33,26,81,31,84,84,0,3,26,0,2,0,0,0,0,0,218,45,0,0,0,7,0,60,0,0,67,2,7,3300,2,0,0,15,23,45,33,5,0,30,0,0,0,20,91,75,67,2,2,2,2,6,36,38,23,25,31,8,21,30,0,5,6,25,6,31,29,5400,0,76,140,1023,0,0,-30,0,0,122
45,6,6,6,6,9,Hurvin,McCormack,100,65,0,0,9,70,0,5,1184,1014,1184,60,27,0,0,88,1,0,0,28,0,0,58,2,33,10,82,72,32,36,0,3,37,0,0,0,0,0,0,0,86,45,0,0,0,1,0,60,0,0,99,2,1,0,2,25,0,15,14,46,54,6,0,32,0,0,69,11,83,70,63,3,3,3,3,9,32,29,16,25,20,9,20,30,0,10,10,25,10,28,27,100,0,77,121,1023,0,0,-30,0,0,85
45,6,6,6,6,11,Tony,McCoy,448,78,0,231,11,65,0,5,1185,7,1185,58,29,0,0,86,1,0,0,30,0,0,56,2,33,1015,82,86,27,28,0,3,43,0,0,0,0,0,0,0,62,40,27,0,0,1,0,60,0,0,61,2,1,231,3,25,0,4,16,77,55,8,0,34,0,0,90,13,88,85,83,3,3,3,3,5,34,41,18,25,31,11,19,30,0,12,12,30,22,24,24,1221,0,73,125,1023,0,7,-30,0,0,45
45,5,5,5,5,15,Fred,McCrary,600,75,0,200,11,68,0,5,1186,8,1186,65,26,0,0,86,1,0,0,58,0,0,63,2,33,26,81,33,63,66,0,8,66,0,0,0,2,2,2,2,121,45,0,0,0,4,0,60,0,0,44,0,4,200,0,50,0,6,16,51,62,5,0,64,0,0,8,13,71,75,58,2,2,2,2,3,26,42,10,25,20,9,5,30,0,2,2,25,7,34,20,600,0,72,87,1023,15,1,-30,0,0,22
45,6,6,6,6,13,Michael,McCrary,1568,70,0,165,13,74,0,5,1187,25,1187,68,28,0,0,84,1,0,0,44,0,0,75,1,33,1009,78,82,28,32,0,3,32,0,0,0,0,0,0,0,249,45,50,0,0,3,0,60,0,0,99,2,5,165,3,55,0,7,18,70,61,7,0,29,0,0,100,15,78,84,76,3,3,3,3,4,29,53,25,25,30,11,15,30,0,11,11,25,9,37,24,855,0,76,106,1023,0,2,-30,0,0,354
45,6,3,6,3,12,George,McCullough,100,76,0,0,25,84,0,5,1188,30,1188,83,24,0,0,72,0,0,0,67,0,0,80,0,3,1015,89,50,22,28,0,1,26,0,0,0,0,1,0,1,17,45,0,3,3,2,0,50,0,0,38,2,4,0,0,84,0,7,32,47,83,3,0,50,0,1,36,21,51,74,75,0,0,0,0,2,16,79,28,10,43,13,5,15,0,16,16,68,3,3,4,100,0,70,27,1023,14,1,-19,0,0,150
45,3,4,3,4,25,Daylon,McCutcheon,627,89,0,66,0,89,0,0,1189,5,1189,94,21,0,0,90,0,0,0,75,0,0,98,3,10,1015,86,51,27,30,0,8,20,0,0,0,0,0,0,0,231,45,100,0,0,3,3,29,0,0,33,2,3,66,3,89,0,6,34,58,96,1,0,52,0,1,71,25,52,78,55,0,0,0,0,4,16,91,24,1,45,9,6,0,0,16,16,69,3,8,4,627,0,70,30,1023,16,0,-19,0,0,204
45,5,5,5,5,17,Ed,McDaniel,1250,86,0,236,15,80,0,7,1190,31,1190,73,30,0,0,89,1,0,0,56,0,0,73,2,33,1015,84,88,28,32,0,3,26,0,2,0,0,0,0,0,38,45,44,0,0,1,0,60,0,0,58,2,4,236,3,55,0,5,20,78,69,8,0,31,0,0,95,17,74,83,84,2,2,2,2,2,27,63,15,25,20,9,10,30,0,14,14,20,1,28,14,1250,0,71,70,1023,0,7,-30,0,0,285
45,3,6,3,6,21,Emmanuel,McDaniel,400,96,0,100,13,92,0,5,1191,16,1191,90,27,0,0,72,1,0,0,58,0,0,92,2,19,20,80,57,25,24,0,1,20,0,0,0,8,8,8,8,54,45,0,0,0,3,0,51,0,0,26,0,3,100,2,73,0,5,26,40,83,4,0,39,0,1,67,21,51,71,56,2,0,2,0,2,16,92,7,11,11,12,9,11,0,16,16,32,3,1,9,400,2,69,20,1023,5,1,-19,0,0,204
13,5,5,5,5,19,Randall,McDaniel,2394,74,0,354,17,72,0,7,1192,6,1192,48,34,0,0,83,2,0,0,21,0,0,55,2,19,1015,75,27,99,96,0,3,22,0,2,0,0,0,0,0,9,26,44,0,0,1,0,60,0,0,64,1,4,354,3,0,0,1,21,88,34,12,0,31,0,0,100,19,87,98,99,2,2,2,2,5,34,56,20,25,40,9,25,30,0,6,6,25,8,39,24,1632,0,75,116,1023,0,11,-30,0,0,271
5,6,6,6,6,15,Terry,McDaniel,0,87,0,0,15,84,0,5,1193,1009,1193,82,34,0,0,84,2,0,0,79,0,0,82,2,9,27,70,58,19,22,0,7,27,0,0,0,0,0,0,0,211,29,54,0,0,0,0,60,0,1,36,1,0,0,3,50,0,1,16,59,80,12,0,57,0,0,46,16,59,86,94,3,3,3,3,3,20,83,5,15,15,9,0,20,0,16,16,20,0,5,4,100,0,70,20,1023,20,0,-30,0,0,101
45,6,6,6,6,8,Pellom,McDaniels,200,55,0,100,8,75,0,5,1194,14,1194,73,30,0,0,91,1,0,0,46,0,0,74,2,33,8,85,81,35,39,0,3,40,0,0,0,0,0,0,0,161,45,0,0,0,1,0,60,0,0,77,1,1,100,3,25,0,15,13,39,44,7,0,35,0,0,100,10,86,79,76,3,3,3,3,6,33,33,18,25,31,12,19,30,0,13,10,25,6,44,27,200,0,76,127,1023,0,1,-30,0,0,82
45,2,3,2,3,26,Darnell,McDonald,99,64,0,22,37,73,0,0,1195,6,1195,83,22,0,0,89,0,1,0,73,0,0,69,3,17,1009,99,21,23,42,0,12,54,0,0,0,0,4,0,4,96,45,100,0,0,1,4,45,0,0,84,2,1,22,2,84,0,7,21,28,67,1,0,69,0,1,81,27,88,66,76,2,2,2,2,5,34,89,52,18,42,10,73,10,0,3,3,69,4,10,7,180,0,75,39,1023,6,0,-19,0,0,204
45,2,7,2,7,21,Ramos,McDonald,352,88,0,50,27,92,0,7,1196,16,1196,94,22,0,0,85,0,0,0,57,0,0,86,3,17,1015,83,54,39,24,0,7,30,0,0,0,2,0,2,0,145,45,20,3,3,1,0,39,0,0,25,2,2,50,2,66,0,3,16,43,87,2,0,40,0,1,76,28,56,70,52,3,0,3,0,4,18,78,1,12,36,8,20,29,1,16,16,38,1,5,10,352,0,71,42,1023,25,1,-19,0,0,204
45,5,5,5,5,13,Ricardo,McDonald,0,93,0,0,12,75,0,7,1197,1009,1197,73,29,0,0,91,1,0,0,54,0,0,72,2,33,1,86,85,29,30,0,3,32,0,2,0,0,0,0,0,166,45,49,0,0,0,0,60,0,0,54,1,0,0,0,25,0,4,17,64,69,8,0,32,0,0,44,15,76,82,82,2,2,2,2,6,28,67,15,25,20,8,10,30,0,15,15,20,0,38,23,200,0,74,82,1023,0,1,-30,0,0,74
13,6,6,6,6,16,Tim,McDonald,983,93,0,132,15,76,0,5,1198,1014,1198,72,34,0,0,94,2,0,0,65,0,0,74,2,33,1009,77,80,23,24,0,8,29,0,0,0,0,0,0,0,231,6,37,0,0,1,0,60,0,1,46,1,3,132,3,75,0,2,16,73,74,13,0,32,0,0,90,16,79,91,99,3,3,3,3,3,30,70,5,20,15,12,5,20,0,18,17,15,3,8,8,983,0,74,55,1023,15,6,-30,0,0,18
45,6,6,6,6,16,O.J.,McDuffie,1549,90,0,177,9,90,0,5,1199,12,1199,87,29,0,0,82,1,0,0,85,0,0,89,2,25,1015,77,21,25,26,0,1,61,0,0,0,0,0,0,0,164,12,54,0,0,2,0,60,0,0,81,2,4,177,3,60,0,1,17,66,90,7,0,70,0,0,99,11,57,84,82,3,3,3,3,5,18,90,5,15,15,9,0,20,0,3,3,20,0,7,5,1056,0,70,34,1023,70,6,-30,0,0,235
45,6,6,6,6,12,Leeland,McElroy,0,93,0,0,27,89,1,5,1200,1009,1200,86,25,1,0,67,1,0,0,75,0,0,86,2,4,1015,58,17,25,24,0,7,70,0,0,0,0,0,0,0,215,14,0,0,0,0,0,29,0,0,30,2,0,0,3,82,0,2,22,68,70,4,0,82,0,1,100,29,72,77,74,2,0,2,0,4,26,82,9,11,28,12,8,11,0,1,1,21,3,12,7,0,2,69,52,1023,65,3,-19,0,0,204
45,6,6,6,6,14,Ray,McElroy,0,90,0,0,10,85,0,5,1201,1,1201,83,26,0,0,85,1,0,0,56,0,0,81,2,33,9,80,65,24,26,0,8,28,0,0,0,0,0,0,0,55,45,53,0,0,0,0,60,0,0,47,2,0,0,0,25,0,4,15,71,82,5,0,29,0,0,89,15,60,77,80,3,3,3,3,5,20,79,5,20,15,12,5,20,0,18,18,15,2,6,6,200,0,71,35,1023,15,0,-30,0,0,101
45,7,1,7,1,23,Anthony,McFarland,2871,72,0,153,13,85,3,5,1202,6,1202,54,23,0,0,97,0,0,0,17,0,0,62,3,26,1015,76,72,21,25,1,3,19,0,0,0,0,2,0,2,106,12,100,0,0,5,0,70,0,0,92,0,5,153,3,61,0,1,20,55,45,1,0,21,0,1,91,20,88,80,71,2,2,2,2,28,34,17,33,46,35,7,21,37,0,12,12,63,34,43,26,759,0,72,140,1023,9,0,-19,0,0,204
45,4,5,4,5,26,Wane,McGarity,354,83,0,52,25,82,0,4,1203,11,1203,86,22,0,1,91,0,0,0,69,0,0,88,3,13,1015,51,29,37,32,0,0,65,0,0,0,0,0,0,0,214,45,100,1,1,2,0,47,0,0,83,2,2,52,2,98,0,4,28,40,80,1,0,63,0,1,77,15,67,71,68,0,0,0,0,4,24,69,20,23,31,7,0,26,0,3,3,42,3,12,9,354,0,68,32,1023,94,0,-19,0,0,204
45,5,2,5,2,24,Scott,McGarrahan,218,95,0,26,28,84,2,5,1204,20,1204,81,23,0,0,80,0,0,0,56,0,0,80,3,29,1015,75,82,21,22,0,13,29,0,0,0,7,1,7,1,145,45,41,3,3,2,4,45,0,0,43,1,2,26,2,69,0,5,14,36,78,2,0,41,0,1,97,21,71,75,63,0,1,0,1,0,26,78,13,44,15,13,1,10,0,18,18,37,1,9,12,198,0,73,40,1023,8,1,-19,0,0,204
45,5,5,5,5,16,Tony,McGee,1056,85,0,96,14,75,0,7,1205,2,1205,70,28,0,0,90,1,0,0,81,0,0,69,1,33,1015,85,31,62,63,0,8,68,0,2,0,0,0,0,0,117,45,59,0,0,3,0,60,0,0,82,2,5,96,3,25,0,2,17,64,69,7,0,65,0,0,100,15,75,86,72,2,2,2,2,6,28,65,15,25,20,9,5,30,0,4,4,30,9,20,23,576,0,76,86,1023,15,6,-30,0,0,256
45,6,6,6,6,11,Lenny,McGill,0,89,0,0,11,87,0,5,1206,1009,1206,86,27,0,0,84,1,0,0,60,0,0,86,2,33,20,79,65,23,25,0,7,20,0,0,0,0,0,0,0,9,45,8,0,0,0,0,60,0,0,22,1,0,0,0,25,0,15,12,47,80,6,0,25,0,0,75,11,59,74,68,3,3,3,3,0,20,80,5,15,15,9,0,20,0,16,16,20,5,11,9,50,0,73,35,1023,20,0,-30,0,0,100
13,5,5,5,5,15,Willie,McGinest,4583,78,0,438,10,79,0,7,1207,22,1207,79,27,0,0,84,1,0,0,55,0,0,73,2,4,1015,78,86,28,32,0,3,32,0,2,0,0,0,0,0,231,12,62,0,0,7,0,60,0,0,55,2,7,438,3,65,0,1,18,87,62,6,0,29,0,0,100,15,78,92,83,2,2,2,2,4,29,50,15,25,20,11,10,30,0,11,11,20,9,25,22,1785,0,77,110,1023,0,5,-30,0,0,340
45,6,6,6,6,11,Chester,McGlockton,1610,59,0,297,11,69,0,5,1208,9,1208,47,29,0,0,94,1,0,0,49,0,0,50,1,16,1009,90,92,41,42,0,3,32,0,0,0,0,0,0,0,38,40,33,0,0,2,0,60,0,0,75,1,3,297,3,70,0,1,15,70,49,8,0,43,0,0,100,12,95,95,96,3,3,3,3,33,38,34,26,25,30,13,28,30,0,12,12,30,40,31,28,1610,0,75,174,1023,0,1,-30,0,0,297
45,3,2,3,2,12,Reggie,McGrew,528,75,0,84,17,82,0,7,1209,15,1209,68,22,0,1,86,0,1,0,27,0,0,55,3,6,1015,79,71,24,25,0,3,19,0,0,0,6,3,6,3,62,12,100,2,2,2,0,17,0,0,92,2,2,84,2,89,0,1,26,36,60,1,0,14,0,1,97,3,82,72,57,0,2,0,2,49,31,31,32,36,39,13,20,29,2,12,12,42,22,39,27,528,0,73,152,1023,8,0,-19,0,0,204
45,4,3,4,3,13,Travis,McGriff,387,83,0,58,15,76,0,1,1210,4,1210,79,21,0,0,82,0,0,0,80,0,0,86,0,28,1015,87,20,34,35,0,1,39,0,0,0,2,0,2,0,62,45,100,3,3,2,0,44,0,0,83,2,2,58,2,86,0,3,29,29,85,1,0,65,0,1,50,14,41,71,70,0,2,0,2,2,10,93,1,20,25,13,4,23,0,3,3,3,1,7,3,387,0,68,25,1023,72,0,-19,0,0,150
45,5,5,5,5,21,Everett,McIver,183,74,0,30,18,60,0,7,1211,1014,1211,48,28,0,0,86,1,0,0,20,0,0,46,2,33,1009,81,31,82,83,0,3,26,0,2,0,0,0,0,0,265,45,0,0,0,1,0,60,0,0,66,2,2,30,2,0,0,15,23,33,32,6,0,30,0,0,82,20,91,70,54,2,2,2,2,12,36,24,25,25,29,11,15,30,0,8,8,25,26,22,30,183,0,77,158,1023,0,1,-30,0,0,116
45,3,0,3,0,14,Keith,McKenzie,242,82,0,34,23,78,0,5,1212,5,1212,74,26,0,0,81,1,0,0,48,0,0,67,2,20,1015,75,62,29,25,2,3,30,0,0,0,0,7,0,7,16,45,6,0,0,1,0,30,0,0,90,2,2,34,2,75,0,7,19,47,67,4,0,33,0,1,97,24,78,74,70,2,0,2,0,3,29,50,14,17,18,11,17,18,0,10,11,33,4,36,23,242,0,75,107,1023,0,3,-19,0,0,186
45,1,6,1,6,15,Mike,McKenzie,4224,76,0,708,19,99,0,5,1213,20,1213,97,23,0,0,98,0,0,3,72,0,0,94,3,25,1015,93,66,29,27,0,7,14,0,0,0,2,7,2,7,114,12,100,0,0,4,0,9,0,0,34,2,4,708,3,73,0,1,9,66,91,1,0,48,0,1,100,10,60,83,58,0,3,0,3,5,20,84,27,17,24,10,27,11,0,16,16,34,3,8,4,4224,0,72,34,1023,10,0,-19,0,0,204
45,5,5,5,5,22,Raleigh,McKenzie,800,78,0,500,19,52,0,7,1214,20,1214,49,36,0,0,84,2,0,0,21,0,0,49,2,33,7,67,28,91,94,0,3,23,0,2,0,0,0,0,0,211,26,35,0,0,2,0,60,0,0,63,0,2,500,3,0,0,11,24,62,34,15,0,32,0,0,61,21,85,90,97,2,2,2,2,3,32,41,23,25,28,13,25,25,0,6,6,10,21,43,30,800,0,74,130,1023,0,0,-30,0,0,11
45,2,6,2,6,29,Dennis,McKinley,200,35,0,0,10,57,0,7,1215,7,1215,67,22,1,0,87,0,0,0,67,0,0,56,0,33,1015,67,26,46,45,0,8,63,0,4,0,9,0,9,0,121,45,100,0,0,4,0,24,0,0,39,0,4,0,0,60,0,8,17,0,47,1,0,93,5,1,100,23,68,67,66,2,0,2,0,5,24,46,25,39,24,13,11,21,0,2,2,2,2,20,22,200,1,72,87,1023,5,31,-19,0,0,150
45,0,1,0,1,25,Steve,McKinney,432,85,0,84,36,76,0,1,1216,10,1216,55,22,0,0,83,0,0,0,25,0,0,46,3,22,1015,84,28,75,88,0,3,22,0,0,0,2,0,2,0,215,45,69,0,0,2,0,26,0,0,76,0,3,84,3,92,0,4,32,63,11,2,0,21,0,1,100,37,95,83,77,0,2,0,2,4,38,32,25,39,25,13,16,20,0,6,6,84,6,22,29,432,0,76,150,1023,5,1,-19,0,0,204
45,5,5,5,5,17,Ronald,McKinnon,2100,77,0,1300,15,85,0,7,1217,7,1217,77,26,0,0,92,1,0,0,68,0,0,78,2,63,4,87,78,32,36,0,3,29,0,2,0,2,2,2,2,132,45,0,0,0,6,0,60,0,0,57,2,6,1300,0,0,0,15,17,66,63,4,0,23,0,0,0,14,77,81,83,2,2,2,2,7,28,62,15,25,20,11,5,30,0,14,14,25,3,28,21,2100,0,72,86,1023,0,0,-30,0,0,105
45,0,2,0,2,27,John,McLaughlin,100,73,0,0,11,79,3,5,1218,6,1218,77,23,0,0,80,0,1,0,44,0,0,77,3,29,1015,82,63,11,14,0,2,31,0,0,0,0,2,0,2,28,45,100,2,2,2,0,34,0,0,95,0,2,0,0,51,0,7,7,0,60,1,0,35,0,1,98,33,78,77,64,0,0,0,0,5,29,66,11,31,14,8,7,27,0,11,15,21,9,45,23,100,0,76,87,1023,7,31,-19,0,0,204
45,0,0,0,0,21,Steve,McLaughlin,0,85,0,0,88,59,0,7,1219,1009,1219,55,27,0,0,70,1,0,0,11,0,0,54,0,33,1015,75,20,17,18,0,0,10,0,2,0,0,0,0,0,8,45,0,0,0,0,0,60,0,0,2,1,0,0,0,0,0,3,27,30,53,5,0,15,0,0,95,85,45,79,80,2,2,2,2,4,12,99,5,15,15,8,5,15,0,19,19,15,4,9,7,0,0,72,7,1023,0,4,-30,0,0,161
45,7,0,7,0,31,Kevin,McLeod,0,33,0,0,10,66,0,7,1220,1009,1220,61,22,0,1,94,0,0,1,52,0,0,57,0,30,16,62,23,59,69,0,8,61,0,2,0,0,0,0,0,14,45,0,0,0,0,0,45,0,0,43,2,0,0,2,60,0,5,16,0,50,1,0,57,0,1,99,20,67,73,74,4,0,4,0,3,24,57,22,39,24,11,30,20,0,2,2,1,7,24,25,50,0,72,92,1023,0,0,-19,0,0,150
45,5,5,5,5,13,Tom,McManus,0,79,0,0,11,75,0,7,1221,1009,1221,69,28,0,0,91,1,0,0,30,0,0,69,0,33,16,86,77,31,35,0,3,28,0,2,0,2,2,2,2,20,45,16,0,0,0,0,60,0,0,55,2,0,0,0,25,0,15,17,29,65,5,0,25,0,0,100,14,76,77,84,2,2,2,2,7,28,52,15,25,20,7,5,30,0,14,14,25,8,20,24,250,0,74,92,1023,0,1,-30,0,0,56
45,6,6,6,6,17,Mark,McMillian,0,98,0,0,16,98,0,5,1222,1009,1222,92,29,0,0,80,1,0,0,63,0,0,96,2,33,1009,75,59,23,24,0,7,33,0,0,0,0,0,0,0,3,38,48,0,0,0,0,60,0,1,21,0,0,0,3,25,0,10,18,78,85,8,0,32,0,0,100,18,55,88,89,3,3,3,3,2,18,80,5,15,15,9,0,20,0,16,16,20,2,9,7,656,0,67,0,1023,20,0,-30,0,0,101
45,6,6,6,6,14,Greg,McMurtry,24,87,0,0,14,85,0,5,1223,1009,1223,84,31,0,0,82,2,0,0,74,0,0,85,2,33,1009,77,15,26,27,0,1,56,0,0,0,0,0,0,0,117,45,0,0,0,0,0,60,0,0,80,2,1,0,0,0,0,3,16,50,83,10,0,66,0,0,99,15,57,74,75,3,3,3,3,5,18,63,5,15,15,9,0,20,0,3,3,20,1,5,12,0,0,74,47,1023,20,4,-30,0,0,229
45,0,0,0,0,85,Donovan,McNabb,11312,79,0,3598,27,87,0,4,1224,13,1224,83,21,0,0,95,0,0,0,26,0,0,86,2,15,1015,85,30,22,10,0,0,75,0,0,0,0,0,0,0,205,12,100,1,1,7,0,54,0,0,5,2,7,3598,3,93,0,1,97,92,50,1,0,54,0,1,100,18,57,92,75,2,0,2,0,1,18,63,7,4,14,8,2,1,0,0,0,16,6,16,14,11312,0,74,80,1023,0,0,-19,0,0,204
20,0,0,0,0,89,Steve,McNair,90,99,0,0,30,91,0,7,1225,30,1225,85,26,0,0,99,1,0,0,69,0,0,86,2,3,1015,93,56,25,30,0,1,79,0,2,0,0,0,0,0,6,45,74,0,0,1,0,60,0,0,9,1,5,0,0,50,0,1,95,99,69,5,0,63,0,0,100,35,68,99,87,2,2,2,2,2,24,68,5,10,15,12,0,20,0,0,0,20,9,17,12,90,0,74,75,1023,0,4,-30,0,0,345
45,6,6,6,6,13,Ryan,McNeil,141,87,0,17,11,90,0,5,1226,11,1226,88,28,0,0,83,1,0,0,59,0,0,88,2,33,1009,78,60,24,26,0,7,29,0,0,0,0,0,0,0,115,45,27,0,0,1,0,60,0,0,47,1,1,17,2,70,0,2,14,47,89,7,0,29,0,0,61,13,58,73,60,3,3,3,3,0,19,73,5,15,15,12,0,20,0,16,16,20,2,7,5,141,0,74,50,1023,20,0,-30,0,0,240
45,0,0,0,0,78,Cade,McNown,3242,92,0,602,12,88,0,7,1227,1,1227,82,22,0,0,95,0,0,0,25,0,0,85,0,4,1015,68,22,22,18,0,6,52,0,4,0,0,0,0,0,226,12,100,0,0,7,2,44,1,0,8,2,7,602,3,76,0,1,95,71,55,1,0,54,0,1,58,13,59,81,65,1,2,0,2,4,20,88,24,16,23,9,2,10,0,0,0,15,2,8,6,3242,0,73,50,1023,0,0,-19,0,0,150
45,5,1,5,1,29,Jerris,McPhail,0,81,0,57,16,86,0,5,1228,1009,1228,87,27,0,1,26,1,0,0,78,0,0,85,2,14,18,58,10,20,21,0,0,75,0,0,0,7,7,7,7,249,14,7,0,5,0,0,17,0,0,29,2,0,57,3,89,0,7,31,48,70,4,0,76,0,1,97,27,65,77,74,2,2,2,2,2,22,71,8,9,20,10,7,12,0,1,1,25,4,9,9,360,0,71,38,1023,75,0,-19,0,0,204
45,4,7,4,7,28,R.W.,McQuarters,1065,73,0,57,24,92,0,7,1229,1,1229,87,25,0,0,88,0,1,0,60,0,0,90,3,31,1015,84,81,20,12,0,7,31,0,0,0,9,8,9,8,158,12,0,2,2,1,0,30,0,0,21,2,2,57,3,77,0,1,12,42,87,2,0,44,0,1,100,35,43,82,78,3,0,3,0,5,12,75,39,11,11,9,1,22,3,16,16,64,3,6,10,516,0,70,34,1023,3,1,-19,0,0,204
45,5,5,5,5,16,Charles,McRae,0,60,0,0,13,55,0,7,1230,1009,1230,43,30,0,0,85,2,0,0,15,0,0,45,2,7,5,80,30,84,87,0,3,25,0,2,0,0,0,0,0,211,4,0,0,0,0,0,60,0,0,70,0,0,0,0,0,0,1,18,50,28,9,0,26,0,0,28,15,90,73,63,2,2,2,2,5,35,31,24,25,28,11,25,30,0,5,5,35,9,38,24,0,0,79,145,1023,0,3,-30,0,0,189
45,3,4,3,4,29,Johnny,McWilliams,121,82,0,30,27,73,0,7,1231,31,1231,67,27,0,0,51,1,0,0,67,0,0,70,0,4,1015,72,33,58,61,0,2,55,0,2,0,0,0,0,0,231,45,60,0,2,1,0,12,0,0,87,2,1,30,2,79,0,3,13,42,72,4,0,52,0,1,77,13,78,73,66,2,0,2,0,3,29,49,9,11,21,12,9,12,0,4,4,27,5,28,26,208,0,79,111,1023,0,3,-19,0,0,150
45,5,0,5,0,29,Adam,Meadows,1214,74,0,184,28,88,0,5,1232,10,1232,53,25,0,0,91,0,0,0,26,0,0,46,0,26,1015,85,25,94,77,0,2,24,0,0,0,0,2,0,2,70,25,78,0,0,2,0,43,0,0,73,1,4,184,3,93,0,2,25,68,21,3,0,10,4,1,100,23,90,84,85,2,0,2,0,8,35,29,19,2,20,7,22,2,0,9,9,71,7,41,22,1214,0,77,130,1023,4,2,-19,0,0,150
2,6,6,6,6,16,Natrone,Means,1166,89,0,258,15,93,0,5,1233,21,1233,87,27,0,0,94,1,0,0,60,0,0,84,2,33,1009,70,32,35,36,0,8,90,0,0,0,0,0,0,0,135,21,56,0,0,1,0,60,0,1,20,0,2,258,3,70,0,2,16,99,65,7,0,99,0,0,64,15,74,88,82,3,3,3,3,5,27,69,5,20,15,12,0,30,0,1,1,25,10,31,10,1166,0,70,80,1023,20,1,-30,0,0,18
14,6,6,6,6,56,Dave,Meggett,0,84,0,0,15,81,0,5,1234,1009,1234,78,33,0,0,70,2,0,0,79,0,0,79,2,33,17,53,24,31,32,0,8,86,0,0,0,0,0,0,0,265,15,24,0,0,0,0,60,0,0,22,2,0,0,3,60,0,5,78,63,79,11,0,89,0,0,51,17,59,83,96,3,3,3,3,0,20,80,5,20,15,10,0,30,0,1,1,25,5,12,11,1104,0,67,30,1023,85,0,-30,0,0,306
45,6,5,6,5,24,Marc,Megna,160,76,0,21,23,93,0,5,1235,22,1235,71,24,1,0,74,0,0,0,53,0,0,78,0,22,1015,79,80,25,24,0,3,22,0,0,0,2,0,2,0,172,45,100,3,3,1,0,21,0,0,99,0,1,21,2,61,0,4,27,38,62,1,0,35,0,1,93,16,73,69,58,2,0,2,0,4,26,67,32,28,47,9,19,27,0,14,14,16,7,24,24,160,0,76,85,1023,1,0,-19,0,0,150
45,5,5,5,5,19,Jon,Melander,24,65,0,0,16,60,0,7,1236,1009,1236,46,32,0,0,84,2,0,0,18,0,0,42,0,33,1009,79,29,85,86,0,3,24,0,2,0,0,0,0,0,120,45,0,0,0,0,0,60,0,0,70,0,1,0,0,0,0,5,21,50,31,10,0,29,0,0,99,18,89,76,70,2,2,2,2,5,34,43,19,25,32,7,20,30,0,5,5,35,6,29,27,0,0,79,120,1023,0,4,-30,0,0,57
35,6,6,6,6,17,Eric,Metcalf,0,91,0,0,16,93,0,5,1237,1009,1237,90,31,0,0,80,2,0,0,78,0,0,90,2,13,1009,75,24,30,31,0,8,76,0,0,0,0,0,0,0,217,11,83,0,0,0,0,60,0,1,82,2,0,0,3,50,0,1,18,90,80,11,0,76,0,0,98,17,59,80,72,3,3,3,3,1,20,81,5,20,15,10,0,30,0,3,1,25,2,2,7,704,0,70,28,1023,95,0,1,0,0,131
14,1,1,1,1,23,John,Michels,0,65,0,69,17,75,0,4,1238,1009,1238,55,26,0,0,15,1,0,0,22,0,0,51,2,20,26,25,29,87,80,0,2,35,0,0,0,0,0,0,0,231,12,0,0,0,0,0,7,0,0,78,1,0,69,3,71,0,1,19,52,42,4,0,15,0,1,19,21,86,76,70,2,2,2,2,3,33,42,17,19,34,12,17,22,0,5,5,42,5,35,22,447,0,79,140,1023,0,0,-19,0,0,197
45,6,6,6,6,8,Darren,Mickell,484,60,0,68,8,65,0,5,1239,8,1239,55,30,0,0,91,1,0,0,18,0,0,54,2,33,1009,85,77,35,39,0,3,40,0,0,0,0,0,0,0,62,40,0,0,0,1,0,60,0,0,92,2,4,68,2,25,0,2,13,43,45,8,0,35,0,0,72,10,87,70,61,3,3,3,3,10,34,31,25,25,21,9,25,30,0,10,10,25,8,28,28,484,0,76,125,1023,0,3,-30,0,0,84
45,3,3,3,3,10,Ray,Mickens,121,99,0,38,28,93,0,5,1240,18,1240,94,26,0,0,90,1,0,0,58,0,0,91,2,14,1015,95,50,15,27,0,7,28,0,0,0,0,7,0,7,215,45,0,0,0,1,0,41,0,0,24,0,1,38,2,79,0,3,27,47,84,4,0,52,0,1,99,20,55,75,65,2,0,2,0,1,18,96,8,7,13,9,7,10,0,16,16,28,1,0,1,332,0,68,20,1023,0,3,-19,0,0,390
45,6,6,6,6,14,Terry,Mickens,334,88,0,50,17,85,0,5,1241,23,1241,85,28,0,0,82,1,0,0,75,0,0,87,2,33,1009,77,30,24,25,0,1,56,0,0,0,0,0,0,0,63,2,12,0,0,1,0,60,0,0,85,2,2,50,2,25,0,5,15,56,84,6,0,69,0,0,58,18,57,80,98,3,3,3,3,4,18,70,5,15,15,11,0,20,0,3,3,20,1,6,12,334,0,72,41,1023,35,1,-30,0,0,60
45,5,1,5,1,19,Frank,Middleton,380,69,0,69,37,76,0,7,1242,6,1242,59,25,0,0,74,0,0,0,10,0,0,62,0,8,1015,85,15,81,80,0,2,23,0,2,0,6,0,6,0,138,45,64,0,0,1,0,50,0,0,73,2,3,69,3,0,0,4,28,61,21,3,0,22,0,1,100,20,82,83,90,2,3,2,3,36,31,19,26,28,43,12,21,28,0,6,6,102,44,33,22,380,0,75,153,1023,5,2,-19,0,0,150
34,6,6,6,6,17,Glyn,Milburn,495,92,0,78,16,95,0,5,1243,1,1243,90,28,0,0,80,1,0,0,69,0,0,90,1,33,1009,76,24,32,35,0,8,69,0,0,0,0,0,0,0,200,15,0,0,0,2,0,60,0,0,24,1,3,78,3,50,0,2,18,57,74,7,0,68,0,0,37,17,59,79,86,3,3,3,3,5,20,95,5,20,15,12,0,30,0,1,1,25,3,1,3,450,0,68,17,1023,95,1,-30,0,0,226
45,4,6,4,6,32,Itula,Mili,548,90,0,78,28,75,0,7,1244,28,1244,76,24,0,0,83,0,0,0,78,0,0,62,1,7,1015,83,29,50,57,0,8,67,0,4,0,0,0,0,0,26,45,0,3,3,3,0,39,0,0,89,1,3,78,3,72,0,3,28,49,78,3,0,78,0,1,100,13,83,79,62,4,4,4,4,7,32,40,55,28,26,13,24,24,0,4,4,74,3,39,25,548,1,76,100,1023,6,2,-19,0,0,58
45,6,6,6,6,13,Arnold,Miller,100,75,0,0,13,75,0,5,1245,5,1245,72,24,0,0,71,1,0,0,36,0,0,67,2,33,4,65,69,18,22,0,3,22,0,0,0,0,0,0,0,106,14,0,0,0,2,0,60,0,0,98,2,2,0,0,0,0,15,18,48,63,1,0,19,0,0,0,15,71,71,58,3,3,3,3,2,26,59,25,25,30,7,15,30,0,11,11,25,4,35,10,100,0,75,79,1023,0,0,-30,0,0,108
45,6,7,6,7,15,Billy,Miller,162,88,0,24,10,78,0,4,1246,4,1246,75,21,0,1,85,0,1,0,76,0,0,77,0,4,1015,80,31,59,57,0,11,65,8,2,0,0,0,0,0,231,45,100,0,0,1,4,42,0,0,82,1,1,24,3,77,0,6,16,45,75,1,0,78,0,1,56,18,77,79,60,3,0,3,0,7,28,53,58,28,29,12,2,22,0,4,4,70,5,39,25,162,0,75,92,1023,9,0,-19,0,0,150
45,3,3,3,3,15,Bubba,Miller,250,66,0,0,32,56,0,7,1247,13,1247,56,25,0,0,84,0,0,0,12,0,0,60,2,19,24,85,18,87,82,0,3,10,0,0,0,0,0,0,0,211,45,0,0,0,2,2,47,0,0,65,1,4,0,1,64,0,6,19,32,13,3,0,26,0,1,34,10,84,76,70,3,0,3,0,47,32,24,26,1,41,12,21,11,0,7,8,75,35,37,24,250,1,73,145,1023,5,1,-19,0,0,204
45,0,0,0,0,82,Chris,Miller,239,88,0,44,11,59,0,7,1248,1014,1248,58,34,0,0,77,2,0,0,21,0,0,57,0,13,1009,62,17,16,21,0,1,56,0,2,0,0,0,0,0,160,45,0,0,0,1,0,60,0,0,12,0,1,44,3,25,0,1,87,65,54,12,0,67,0,0,56,14,57,81,83,2,2,2,2,5,18,91,5,10,15,8,0,20,0,0,0,20,1,10,8,239,0,74,52,1023,0,0,-30,0,0,3
45,5,5,5,5,14,Corey,Miller,0,78,0,0,12,75,0,7,1249,1009,1249,68,30,0,0,90,2,0,0,29,0,0,70,0,33,15,85,78,28,32,0,3,26,0,2,0,0,0,0,0,176,45,0,0,0,0,0,60,0,0,55,2,0,0,2,25,0,6,17,35,64,9,0,24,0,0,70,14,75,67,67,2,2,2,2,4,28,64,15,25,20,13,10,30,0,15,14,20,1,42,22,100,0,74,92,1023,0,0,-30,0,0,169
45,3,3,3,3,6,Fred,Miller,546,79,0,90,19,78,0,7,1250,30,1250,55,26,0,0,99,1,0,0,29,0,0,52,3,18,1015,99,16,80,92,0,2,22,0,0,0,0,0,0,0,17,24,35,0,0,2,0,19,0,0,71,0,3,90,3,87,0,6,10,55,15,4,0,25,0,1,85,12,94,77,60,2,2,2,2,14,37,40,24,21,32,12,17,22,0,9,9,42,27,32,24,546,0,79,160,1023,0,3,-19,0,0,204
45,5,5,5,5,14,Jamir,Miller,1104,89,0,165,13,80,0,7,1251,5,1251,74,25,0,0,91,1,0,0,55,0,0,77,2,10,1009,86,87,29,30,0,3,32,0,2,0,0,0,0,0,226,45,49,0,0,3,0,60,0,0,95,1,3,165,3,60,0,1,18,74,70,6,0,33,0,0,91,16,76,86,85,2,2,2,2,5,28,56,15,25,20,11,10,30,0,13,13,20,3,30,24,861,0,76,85,1023,0,0,-30,0,0,117
45,0,0,0,0,83,Jim,Miller,304,80,0,0,7,62,0,7,1252,1,1252,60,28,0,0,79,1,0,0,22,0,0,61,0,33,1009,84,17,18,23,0,1,55,0,2,0,0,0,0,0,118,45,0,0,0,4,0,60,0,0,15,0,4,0,2,30,0,6,86,46,46,5,0,61,0,0,50,10,59,78,75,2,2,2,2,5,20,71,5,10,15,11,0,20,0,0,0,20,5,15,12,304,0,74,66,1023,0,0,-30,0,0,91
45,0,0,0,0,11,Josh,Miller,418,98,0,60,85,56,0,4,1253,29,1253,52,29,0,0,99,1,0,0,22,0,0,45,0,11,1009,99,11,22,27,0,0,27,0,2,0,0,0,0,0,8,45,52,0,0,3,0,58,0,0,4,0,5,60,1,84,0,4,25,44,37,4,0,13,0,1,100,90,27,83,84,2,0,2,0,2,4,61,13,14,24,12,13,13,0,20,20,24,10,16,10,418,0,76,65,1023,0,3,-19,0,0,156
45,4,4,4,4,26,Lawyer,Milloy,2099,97,0,177,21,92,0,4,1254,22,1254,88,26,0,0,99,1,0,0,65,0,0,90,3,5,1015,99,80,18,25,0,10,30,0,0,0,0,0,0,0,252,45,20,0,0,4,0,32,0,0,36,2,4,177,3,78,0,2,11,80,90,4,0,37,0,1,100,16,72,93,82,2,0,2,0,5,26,74,9,12,12,11,9,11,0,18,18,24,3,10,9,1431,0,72,50,1023,0,3,-19,0,0,204
45,6,6,6,6,17,Ernie,Mills,0,91,0,0,11,89,0,5,1255,1009,1255,88,30,0,0,81,1,0,0,83,0,0,88,2,33,1009,76,28,24,25,0,1,59,0,0,0,0,0,0,0,62,45,22,0,0,0,0,60,0,0,80,2,0,0,3,60,0,3,19,58,83,9,0,69,0,0,85,14,56,77,60,3,3,3,3,3,18,77,5,15,15,9,0,20,0,3,3,20,0,11,9,546,0,71,32,1023,70,1,-30,0,0,61
45,5,5,5,5,9,John Henry,Mills,0,79,0,0,8,70,0,7,1256,1009,1256,69,30,0,0,91,1,0,0,30,0,0,69,0,33,22,86,76,29,30,0,3,32,0,2,0,0,0,0,0,249,45,0,0,0,0,0,60,0,0,45,2,0,0,2,25,0,5,14,32,65,7,0,28,0,0,49,12,76,64,60,2,2,2,2,3,28,77,15,25,20,10,10,30,0,14,15,20,4,25,14,200,0,72,66,1023,0,0,-30,0,0,83
45,7,7,7,7,10,Brian,Milne,100,61,0,0,20,76,0,1,1257,27,1257,73,26,0,0,71,0,0,0,73,0,0,75,3,33,1015,73,15,39,44,2,8,64,0,0,0,0,9,0,9,164,45,0,1,1,1,0,39,0,0,40,1,4,0,0,81,0,8,16,24,44,3,0,55,0,1,99,26,67,69,70,2,2,2,2,5,24,58,28,31,30,8,31,27,0,2,2,4,4,39,24,100,0,75,95,1023,5,1,-19,0,0,204
2,5,5,5,5,18,Rod,Milstead,0,86,0,0,15,60,0,7,1258,1009,1258,46,29,0,0,83,1,0,0,18,0,0,48,0,33,1009,78,27,89,82,0,3,21,0,2,0,0,0,0,0,50,24,72,0,0,0,0,60,0,0,69,0,0,0,3,0,0,5,20,67,31,7,0,29,0,0,81,17,88,79,79,2,2,2,2,9,34,37,16,25,21,10,20,30,0,8,6,25,23,39,25,708,0,74,130,1023,0,1,-30,0,0,144
4,6,6,6,6,8,Chris,Mims,0,60,0,0,9,64,0,5,1259,1009,1259,56,28,0,0,92,1,0,0,22,0,0,56,2,23,1009,86,77,36,40,0,3,41,0,0,0,0,0,0,0,211,40,0,0,0,0,0,60,0,0,94,2,0,0,2,25,0,1,14,52,49,8,0,36,0,0,30,11,88,73,76,3,3,3,3,4,34,32,24,25,30,9,23,30,0,10,10,25,9,25,26,282,0,77,129,1023,0,1,-30,0,0,45
45,6,6,6,6,16,Charles,Mincy,0,94,0,0,12,88,0,5,1260,1009,1260,87,28,0,0,83,2,0,0,59,0,0,86,2,33,1009,78,59,18,23,0,7,28,0,0,0,0,0,0,0,252,45,49,0,0,0,0,60,0,0,22,2,0,0,3,25,0,5,17,53,85,9,0,28,0,0,58,12,58,83,84,3,3,3,3,3,19,85,5,15,15,7,0,20,0,17,16,20,3,6,7,168,0,72,35,1023,20,0,-30,0,0,356
45,5,6,5,6,28,Kory,Minor,267,93,0,31,29,78,0,7,1261,21,1261,74,22,0,0,82,0,0,0,50,0,0,76,0,33,1009,72,80,19,13,2,3,34,0,2,0,2,0,2,0,152,45,100,2,2,1,0,46,0,0,52,0,1,31,3,83,0,8,11,56,66,1,0,24,0,1,98,24,79,75,64,0,1,0,1,3,30,57,34,28,13,7,1,22,3,13,14,41,7,42,21,267,0,73,87,1023,4,0,-19,0,0,150
45,5,5,5,5,15,Barry,Minter,200,78,0,0,13,75,0,7,1262,1,1262,70,29,0,0,91,1,0,0,51,0,0,72,2,33,0,86,79,31,35,0,3,28,0,2,0,2,2,2,2,222,45,0,0,0,1,0,60,0,0,92,2,2,0,0,25,0,6,19,38,66,7,0,26,0,0,99,16,76,74,72,2,2,2,2,4,28,77,15,25,20,10,5,30,0,13,14,25,8,28,10,200,0,74,80,1023,0,1,-30,0,0,69
45,4,0,4,0,38,Mike,Minter,1536,94,0,264,13,90,2,7,1263,21,1263,88,23,0,0,84,0,1,0,69,0,0,84,2,23,1015,92,71,25,20,0,8,35,0,0,0,7,0,7,0,142,45,42,0,0,2,2,45,0,0,30,0,4,264,3,55,0,2,25,65,80,3,0,59,0,1,90,13,61,81,69,1,0,1,0,0,20,86,9,29,39,10,28,37,2,18,17,66,5,4,4,1536,0,70,35,1023,9,2,-19,0,0,204
45,3,4,3,4,25,Paul,Miranda,315,85,0,24,20,84,0,7,1264,28,1264,89,23,0,0,86,0,0,0,61,0,0,88,0,8,1015,85,60,17,14,0,7,22,0,0,0,0,9,0,9,265,45,100,0,2,2,0,70,0,0,22,0,2,24,2,70,0,3,18,41,80,1,0,52,0,1,70,21,53,72,60,4,3,4,3,5,16,79,32,47,38,12,8,28,0,17,17,10,1,8,2,162,0,70,18,1023,2,0,-19,0,0,150
4,0,0,0,0,80,Rick,Mirer,171,92,0,28,15,83,0,7,1265,15,1265,78,29,0,0,77,1,0,0,22,0,0,79,0,2,1009,82,17,16,21,0,1,55,0,2,0,0,0,0,0,152,12,0,0,0,1,0,60,0,0,3,1,1,28,3,25,0,1,89,58,57,7,0,59,0,0,100,17,57,78,65,2,2,2,2,5,18,91,5,10,15,11,0,20,0,0,0,20,4,6,12,171,0,75,50,1023,0,0,-30,0,0,120
45,6,6,6,6,16,Basil,Mitchell,100,87,0,0,15,85,0,5,1266,20,1266,83,24,0,0,90,1,0,0,59,0,0,83,2,63,4,87,35,33,35,0,8,68,0,0,0,0,0,0,0,207,45,73,0,0,2,0,60,0,0,28,2,2,0,0,0,0,15,16,92,64,1,0,83,0,0,100,15,70,70,62,3,3,3,3,1,25,77,5,20,15,12,0,30,0,1,1,25,1,10,10,100,0,70,40,1023,82,0,-30,0,0,231
45,3,5,3,5,17,Brandon,Mitchell,650,75,0,300,16,77,0,4,1267,22,1267,56,23,0,0,82,0,0,0,16,0,0,53,3,9,1015,96,68,85,73,0,3,32,0,0,0,2,0,2,0,215,45,0,3,3,3,0,40,0,0,98,2,5,300,0,79,0,4,31,43,17,2,0,21,0,1,100,34,95,74,72,0,0,0,0,4,38,33,22,14,25,11,23,14,0,10,9,54,4,42,25,650,0,75,130,1023,2,2,-19,0,0,204
14,6,6,6,6,16,Brian,Mitchell,352,77,0,84,15,84,0,5,1268,13,1268,82,30,0,0,75,2,0,0,68,0,0,81,2,33,1015,62,25,31,32,0,8,83,0,0,0,0,0,0,0,228,11,0,0,0,1,0,60,0,0,30,2,2,84,3,50,0,5,17,51,72,10,0,72,0,0,81,16,60,76,78,3,3,3,3,3,20,74,5,20,15,9,0,30,0,1,1,25,2,31,12,480,0,71,65,1023,99,9,-30,0,0,186
45,1,6,0,6,24,Jeff,Mitchell,568,76,0,100,28,79,0,4,1269,25,1269,42,24,0,0,87,0,0,0,16,1,0,52,0,23,1009,87,24,76,89,0,3,17,0,2,0,0,0,0,0,62,45,67,0,0,2,2,15,0,0,60,0,4,100,3,83,0,7,22,69,17,3,0,22,0,1,100,28,88,83,85,2,4,2,4,5,34,47,25,7,29,7,22,15,0,7,7,57,6,36,23,568,0,76,140,1023,5,2,-19,0,0,150
45,4,3,4,3,25,Keith,Mitchell,1050,96,0,600,32,84,0,0,1270,27,1270,80,25,0,0,94,0,0,1,55,0,0,81,3,24,26,95,80,26,33,0,3,36,0,0,0,7,0,7,0,215,45,0,1,1,3,0,4,0,0,59,0,5,600,3,80,0,3,21,55,67,3,0,39,0,1,100,33,66,77,65,1,0,1,0,6,23,51,40,36,17,11,17,20,0,13,15,64,4,28,23,1050,1,74,97,1023,9,0,-19,0,0,204
45,5,5,5,5,11,Kevin,Mitchell,356,80,0,48,9,75,0,7,1271,26,1271,69,28,0,0,92,1,0,0,30,0,0,75,1,33,1009,87,77,34,38,0,3,32,0,2,0,2,2,2,2,205,2,36,0,0,1,0,60,0,0,55,2,2,48,3,25,0,2,17,70,65,6,0,25,0,0,45,14,77,86,99,2,2,2,2,5,28,43,15,25,20,9,5,30,0,14,14,25,9,21,24,486,0,73,98,1023,0,1,-30,0,0,90
45,5,5,5,5,15,Pete,Mitchell,400,85,0,200,13,75,0,7,1272,16,1272,70,27,0,0,87,1,0,0,72,0,0,72,0,33,16,82,25,58,59,0,8,67,0,2,0,0,0,0,0,20,45,55,0,0,2,0,60,0,0,83,1,2,200,3,30,0,4,17,48,59,5,0,59,0,0,94,15,72,80,81,2,2,2,2,5,26,60,15,25,20,8,5,30,0,4,4,30,4,22,22,400,0,74,83,1023,15,0,-30,0,0,72
45,0,0,0,0,79,Scott,Mitchell,465,85,0,0,7,62,0,7,1273,2,1273,60,31,0,0,82,2,0,0,19,0,0,69,0,33,18,87,18,21,26,0,1,58,0,2,0,0,0,0,0,233,18,69,0,0,1,0,60,1,1,19,2,1,0,3,60,0,4,91,82,46,10,0,60,0,0,100,10,62,81,79,2,2,2,2,4,21,61,5,10,15,9,0,20,0,0,0,20,7,32,12,465,0,78,80,1023,0,0,-30,0,1,93
45,2,6,2,6,25,Kenny,Mixon,416,74,0,56,11,91,0,6,1274,12,1274,73,25,0,0,83,0,0,0,21,0,0,61,0,27,1015,63,62,20,34,0,3,34,0,2,0,0,0,0,0,106,45,0,0,0,1,0,55,0,0,79,2,2,56,2,90,0,3,13,41,60,2,0,28,0,1,74,27,75,74,58,0,1,0,1,4,28,54,45,22,46,12,35,25,0,11,11,55,7,27,24,416,0,76,111,1023,7,1,-19,0,0,150
45,5,5,5,5,13,Texans,MLB #52,400,77,0,0,11,75,0,7,1275,32,1275,69,28,0,0,89,1,0,0,30,0,0,68,2,33,29,84,75,27,31,0,3,25,0,2,0,2,2,2,2,265,45,0,0,0,3,0,60,0,0,52,2,4,0,0,0,0,15,17,52,65,6,0,25,0,0,0,14,74,69,71,2,2,2,2,0,27,56,15,25,20,10,5,30,0,14,14,25,6,33,13,400,0,74,80,1023,0,1,-30,0,0,92
45,5,5,5,5,17,Texans,MLB #53,400,77,0,0,15,75,0,7,1276,32,1276,67,29,0,0,92,1,0,0,28,0,0,68,2,33,29,87,78,32,36,0,3,29,0,2,0,2,2,2,2,265,45,0,0,0,3,0,60,0,0,53,2,4,0,0,0,0,15,17,48,63,6,0,23,0,0,0,14,77,67,63,2,2,2,2,3,28,64,15,25,20,9,5,30,0,14,14,25,4,42,23,400,0,75,100,1023,0,1,-30,0,0,105
45,2,2,2,2,28,John,Mobley,1254,98,0,230,11,86,0,7,1277,4,1277,85,26,1,0,81,1,0,0,52,0,0,86,2,31,1009,81,88,37,12,2,3,35,0,0,0,2,2,2,2,99,12,56,0,0,2,0,2,0,0,51,2,5,230,3,82,0,1,12,70,63,4,0,26,0,1,66,32,75,90,78,2,0,2,0,2,28,62,9,14,45,11,10,18,0,15,15,35,3,31,11,1254,0,73,76,1023,0,3,-19,0,0,204
13,0,0,0,0,22,Chris,Mohr,353,95,0,21,91,55,0,7,1278,3,1278,53,32,0,0,70,1,0,0,12,0,0,52,0,33,1009,75,29,22,23,0,1,26,0,2,0,0,0,0,0,3,6,40,0,0,2,0,60,0,0,9,1,3,21,1,0,0,6,29,47,35,11,0,21,0,0,100,89,44,92,95,2,2,2,2,3,12,65,10,15,15,13,5,20,0,20,20,15,4,10,10,102,0,77,55,1023,0,8,-30,0,0,350
30,3,6,3,6,16,Alex,Molden,1755,98,0,195,35,94,0,4,1279,27,1279,92,26,0,0,81,1,0,0,56,0,0,93,3,6,1015,76,59,27,25,0,7,22,0,0,0,8,8,8,8,160,12,30,0,0,2,0,30,0,0,25,0,5,195,3,75,0,1,18,48,92,4,0,33,0,1,73,26,61,73,55,2,4,2,4,2,20,93,3,8,32,8,8,12,0,16,16,21,0,11,6,1755,0,70,30,1023,0,3,-19,0,0,204
45,6,6,6,6,11,Glenn,Montgomery,0,63,0,0,11,53,0,5,1280,1009,1280,52,32,0,0,89,2,0,0,24,0,0,50,2,33,31,82,83,37,38,0,3,37,0,0,0,0,0,0,0,80,40,0,0,0,0,0,60,0,0,94,1,0,0,0,25,0,5,15,56,50,11,0,28,0,0,67,12,88,74,69,3,3,3,3,5,34,46,19,25,22,10,22,30,0,12,12,30,26,33,27,0,0,72,122,1023,0,3,-30,0,0,55
45,0,0,0,0,21,Greg,Montgomery,0,85,0,40,91,55,0,7,1281,1009,1281,51,34,0,0,60,2,0,0,5,0,0,50,0,33,24,65,25,18,19,0,1,24,0,2,0,0,0,0,0,265,14,0,0,0,0,0,60,0,0,4,0,0,40,1,0,0,3,27,58,33,12,0,15,0,0,43,94,51,98,86,2,2,2,2,4,16,81,10,15,15,11,5,20,0,20,20,15,3,8,7,121,0,76,55,1023,0,1,-30,0,0,46
45,3,1,3,1,27,Joe,Montgomery,647,94,0,96,13,85,0,0,1282,16,1282,87,23,0,0,95,0,0,5,63,0,0,85,3,3,1015,71,22,32,34,0,13,75,0,0,0,1,2,1,2,156,45,100,2,2,3,4,34,0,0,33,1,3,96,2,92,0,2,31,45,78,1,0,66,0,1,50,10,77,72,63,0,0,0,0,5,28,58,3,48,40,9,12,20,2,1,1,24,6,28,11,647,2,70,70,1023,17,0,-19,0,0,204
45,7,4,7,4,25,Monty,Montgomery,452,99,0,66,24,88,0,5,1283,15,1283,86,23,0,0,84,0,0,0,62,0,0,83,2,26,1015,90,78,21,25,0,8,35,0,0,0,0,9,0,9,80,45,45,2,2,1,0,19,0,0,24,1,3,66,3,92,0,4,26,53,81,3,0,44,0,1,82,9,70,80,75,0,0,0,0,0,25,82,2,2,31,12,1,28,0,16,18,66,4,4,5,452,1,72,35,1023,4,2,-19,0,0,204
45,7,6,7,6,30,Pete,Monty,100,89,0,0,15,87,0,5,1284,16,1284,79,25,0,0,81,0,5,0,64,0,0,82,1,20,1015,85,73,11,21,0,3,35,1,0,0,0,0,0,0,258,45,46,4,4,2,0,53,0,0,51,2,4,0,0,1,0,5,23,55,65,3,0,32,0,1,51,24,73,76,65,0,4,0,4,5,26,60,68,24,24,11,1,29,0,15,13,28,6,26,20,100,1,74,90,1023,8,1,-19,0,0,58
17,0,0,0,0,88,Warren,Moon,1080,88,0,256,13,59,0,7,1285,9,1285,54,43,0,0,69,2,0,0,21,0,0,56,2,33,1009,49,16,18,23,0,1,58,0,2,0,0,0,0,0,252,14,59,0,0,2,0,60,0,1,1,0,2,256,3,30,0,15,88,70,56,16,0,63,0,0,100,16,59,87,91,2,2,2,2,2,20,77,5,10,15,7,0,20,0,0,0,20,0,5,6,1080,0,75,58,1023,0,0,-30,0,0,143
45,2,7,2,7,21,Damon,Moore,250,81,0,100,25,84,0,5,1286,13,1286,80,21,0,0,94,0,0,1,68,0,0,77,3,2,1015,94,75,24,24,0,8,25,0,0,0,0,2,0,2,156,45,100,2,2,3,3,43,0,0,43,2,3,100,0,71,0,4,20,0,73,1,0,45,0,1,96,16,64,73,60,3,0,3,0,0,22,79,29,31,35,8,21,32,0,18,18,10,0,7,7,250,0,71,55,1023,7,31,-19,0,0,204
45,5,5,5,5,16,Dave,Moore,355,78,0,48,12,83,0,5,1287,6,1287,78,29,0,0,90,1,0,0,73,0,0,79,0,33,1009,85,37,59,60,0,8,63,0,0,0,2,2,2,2,166,45,0,0,0,1,0,60,0,0,83,1,4,48,3,25,0,7,17,53,58,8,0,66,0,0,99,14,75,83,69,2,2,2,2,7,28,55,10,25,20,10,5,30,0,4,2,25,7,43,22,355,0,74,87,1023,15,4,-30,0,0,130
45,6,6,6,6,17,Derrick,Moore,0,83,0,0,16,86,0,5,1288,1009,1288,83,32,0,0,86,2,0,0,68,0,0,82,2,33,20,76,31,33,36,0,8,84,0,0,0,0,0,0,0,265,45,0,0,0,0,0,60,0,0,20,2,0,0,0,50,0,8,18,70,63,7,0,82,0,0,82,17,66,78,72,3,3,3,3,0,23,71,5,20,15,11,0,30,0,1,1,25,8,29,14,0,0,72,69,1023,20,3,-30,0,0,245
45,5,5,5,5,19,Eric,Moore,0,69,0,108,16,58,0,7,1289,1009,1289,47,34,0,0,86,2,0,0,18,0,0,46,2,10,24,78,31,84,86,0,3,26,0,2,0,0,0,0,0,86,45,0,0,0,0,0,60,0,0,62,0,0,108,3,0,0,1,21,57,31,12,0,29,0,0,86,18,90,80,81,2,2,2,2,5,35,39,20,25,32,10,17,30,0,6,6,25,6,44,23,567,0,77,133,1023,0,3,-30,0,0,11
2,6,6,6,6,11,Herman,Moore,2388,86,0,579,17,93,0,5,1290,19,1290,88,29,0,0,90,1,0,0,99,0,0,91,2,10,1015,85,22,34,35,0,1,69,0,0,0,0,0,0,0,240,37,57,0,0,2,0,60,0,1,84,2,3,579,3,75,0,1,12,98,96,9,0,72,0,0,100,19,65,98,99,3,3,3,3,3,22,67,5,15,15,12,0,20,0,3,3,20,1,11,6,2171,0,76,50,1023,35,8,2,0,0,247
45,7,0,7,0,26,Larry,Moore,550,83,0,100,30,63,0,7,1291,10,1291,58,24,0,0,88,0,1,0,10,0,0,62,0,33,1009,88,12,87,85,1,3,27,0,2,0,3,3,3,3,26,45,74,0,0,3,0,5,0,0,50,1,4,100,3,94,0,8,16,58,45,2,0,31,0,1,97,33,88,81,71,3,2,3,2,22,34,23,24,47,30,10,29,24,0,8,8,36,30,35,23,550,0,75,140,1023,3,1,-19,0,0,150
45,5,5,5,5,13,Marty,Moore,242,77,0,28,11,75,0,7,1292,5,1292,67,28,0,0,88,1,0,0,28,0,0,67,0,33,1015,83,80,27,31,0,3,24,0,2,0,2,2,2,2,98,45,0,0,0,1,0,60,0,0,55,2,2,28,2,25,0,7,17,46,63,6,0,23,0,0,57,14,73,71,72,2,2,2,2,7,26,50,15,25,20,10,5,30,0,14,14,25,0,25,21,220,0,73,84,1023,0,5,-30,0,0,72
2,6,6,6,6,17,Rob,Moore,649,90,0,348,16,89,0,5,1293,7,1293,87,30,0,0,84,2,0,0,95,0,0,91,2,33,16,79,23,29,30,0,1,62,0,0,0,0,0,0,0,205,37,38,0,0,1,0,60,0,1,85,2,1,348,3,75,0,1,19,86,92,10,0,75,0,0,91,16,59,92,94,3,3,3,3,1,20,70,5,15,15,7,0,20,0,3,3,20,0,10,6,1770,0,75,45,1023,35,4,-30,0,0,244
45,6,6,6,6,15,Ronald,Moore,0,85,0,34,14,85,0,5,1294,1009,1294,83,29,0,0,83,1,0,0,63,0,0,83,2,33,17,79,28,39,41,0,8,81,0,0,0,0,0,0,0,165,45,0,0,0,0,0,60,0,0,33,2,0,34,2,50,0,4,16,48,65,7,0,74,0,0,66,15,73,74,63,3,3,3,3,2,26,73,5,20,15,13,0,30,0,1,1,25,2,12,11,218,0,70,60,1023,35,2,-30,0,0,245
45,6,6,6,6,16,Stevon,Moore,0,85,0,0,15,79,0,5,1295,1009,1295,78,32,0,0,93,2,0,0,59,0,0,76,2,33,1009,82,73,23,24,0,8,29,0,0,0,0,0,0,0,159,45,67,0,0,0,0,60,0,0,27,2,0,0,3,50,0,7,16,71,79,11,0,32,0,0,87,16,68,77,77,3,3,3,3,1,24,88,5,20,15,9,5,20,0,18,18,15,0,12,5,295,0,71,50,1023,15,4,-30,0,0,374
45,0,0,0,0,14,Brian,Moorman,0,81,0,0,72,50,0,4,1296,1009,1296,47,22,0,0,64,0,0,0,15,0,0,40,0,33,1009,74,19,14,13,0,5,20,0,0,0,0,0,0,0,165,45,100,0,0,0,0,52,0,0,6,2,0,0,2,99,0,8,16,12,28,1,0,29,0,1,99,92,38,64,61,0,0,0,0,4,9,92,42,29,25,12,14,15,0,20,20,48,2,8,4,370,0,72,14,1023,6,0,-19,0,0,150
45,3,2,3,2,16,Sean,Moran,121,77,0,75,21,82,3,5,1297,24,1297,77,26,0,0,82,1,0,0,52,0,0,79,0,29,1015,71,79,19,26,0,10,35,0,4,0,0,9,0,9,42,45,63,0,0,1,0,7,0,0,77,2,1,75,3,82,0,4,16,55,58,4,0,25,0,1,100,10,83,81,73,0,0,0,0,4,32,46,11,13,57,13,11,15,0,13,11,24,4,31,28,457,0,76,115,1023,0,3,-19,0,0,152
45,0,0,0,0,84,Moses,Moreno,108,92,0,12,39,59,0,7,1298,8,1298,56,24,0,0,92,0,0,0,28,0,0,65,0,8,1009,86,11,25,26,0,1,36,0,2,0,0,8,0,8,42,8,0,0,0,2,0,66,0,0,13,2,2,12,2,96,0,3,82,40,51,2,0,50,0,1,50,16,54,68,62,2,0,2,0,0,17,88,8,2,7,8,7,0,0,0,0,59,5,13,12,102,0,73,45,1023,1,0,-19,0,0,150
45,0,5,0,5,16,Sean,Morey,275,72,0,45,34,77,0,9,1299,22,1299,84,23,0,0,88,0,0,0,89,0,0,74,0,23,1009,72,13,23,29,0,3,65,0,0,0,3,2,3,2,22,45,100,0,0,1,0,20,0,0,85,2,1,45,3,60,0,7,17,52,84,1,0,72,0,1,95,14,78,79,80,2,0,2,0,5,29,82,51,33,29,8,55,23,0,3,3,102,2,7,8,275,0,71,33,1023,7,0,-19,0,0,150
45,6,6,6,6,10,Anthony,Morgan,0,87,0,87,18,85,0,5,1300,1009,1300,84,31,0,0,80,1,0,0,79,0,0,86,2,33,19,75,23,24,25,0,1,62,0,0,0,0,0,0,0,211,45,0,0,0,0,0,60,0,0,81,2,0,87,3,25,0,5,10,42,84,9,0,69,0,0,100,19,55,75,69,3,3,3,3,2,18,80,5,15,15,11,0,20,0,3,3,20,5,11,8,552,0,73,40,1023,35,3,-30,0,0,61
45,6,6,6,6,13,Don,Morgan,150,90,0,0,11,83,0,5,1301,31,1301,82,24,0,0,90,1,0,0,61,0,0,80,2,63,4,85,69,24,26,0,8,26,0,0,0,0,0,0,0,143,45,60,0,0,3,0,60,0,0,31,2,3,0,0,0,0,15,14,64,79,1,0,28,0,0,45,13,65,69,61,3,3,3,3,4,22,70,5,20,15,11,5,20,0,16,18,15,2,11,12,150,0,71,42,1023,15,0,-30,0,0,60
45,6,6,6,6,13,Bam,Morris,0,84,0,0,12,85,0,5,1302,1009,1302,81,27,0,0,95,1,0,0,58,0,0,83,2,33,1009,95,33,38,41,0,8,95,0,0,0,0,0,0,0,217,21,59,0,0,0,0,60,0,0,39,0,0,0,3,65,0,3,14,78,63,6,0,82,0,0,100,13,78,87,99,3,3,3,3,4,29,53,5,20,15,13,0,30,0,1,1,25,6,20,21,807,0,72,84,1023,20,1,-30,0,0,20
45,5,5,5,5,17,Mike,Morris,436,61,0,80,14,54,0,7,1303,1014,1303,48,37,0,0,82,2,0,0,15,0,0,46,0,33,1009,68,28,79,80,0,3,23,0,2,0,0,0,0,0,265,45,0,0,0,1,0,60,0,0,68,2,4,80,3,0,0,15,19,37,29,12,0,26,0,0,87,16,84,74,83,2,2,2,2,7,32,56,20,25,35,7,20,25,0,6,7,10,7,29,26,436,0,77,116,1023,0,0,-30,0,0,72
45,5,5,5,5,13,Steve,Morrison,0,79,0,0,11,75,0,7,1304,1009,1304,68,27,0,0,91,1,0,0,48,0,0,68,0,33,9,86,80,31,35,0,3,27,0,2,0,2,2,2,2,117,45,41,0,0,0,0,60,0,0,52,1,0,0,0,50,0,15,17,48,64,5,0,24,0,0,81,14,76,72,73,2,2,2,2,6,28,65,15,25,20,11,5,30,0,13,14,25,9,32,20,300,0,75,86,1023,0,0,-30,0,0,152
4,6,6,6,6,18,Johnnie,Morton,1421,90,0,162,18,94,0,5,1305,19,1305,89,27,0,0,82,1,0,0,82,0,0,92,1,21,1015,77,22,25,26,0,1,62,0,0,0,0,0,0,0,231,12,47,0,0,3,0,60,0,0,87,2,4,162,3,70,0,1,19,62,89,6,0,69,0,0,99,19,57,84,80,3,3,3,3,1,18,75,5,15,15,8,0,20,0,3,3,20,2,8,5,969,0,72,30,1023,55,5,-30,0,0,354
45,5,5,5,5,10,Mike,Morton,0,77,0,0,8,75,0,7,1306,1009,1306,67,27,0,0,89,1,0,0,28,0,0,68,0,33,22,84,76,27,31,0,3,25,0,2,0,2,2,2,2,135,45,0,0,0,0,0,60,0,0,53,2,0,0,0,25,0,4,16,34,63,5,0,23,0,0,26,13,74,66,68,2,2,2,2,0,27,72,15,25,20,9,5,30,0,15,14,25,10,15,12,200,0,76,75,1023,0,0,-30,0,0,353
36,5,7,5,7,17,Randy,Moss,11200,97,0,2184,29,99,1,7,1307,31,1307,99,22,0,1,80,0,0,0,84,0,0,99,3,17,1015,88,25,21,24,0,7,60,0,0,0,0,0,0,0,110,12,67,0,0,6,3,63,0,0,84,2,7,2184,3,72,0,1,13,77,99,2,0,44,0,1,100,13,57,91,78,4,0,4,0,1,18,90,28,13,22,10,1,26,1,3,3,76,0,5,11,11200,1,76,50,1023,30,1,-19,0,0,204
5,5,5,5,5,12,Zefross,Moss,0,55,0,0,9,55,0,7,1308,1009,1308,39,32,0,0,88,2,0,0,11,0,0,43,2,33,1009,83,33,99,93,0,3,28,0,2,0,0,0,0,0,5,26,56,0,0,0,0,60,0,0,77,1,0,0,3,0,0,15,14,80,24,11,0,22,0,0,100,11,93,93,95,2,2,2,2,11,36,25,15,25,30,11,15,30,0,9,9,35,23,44,29,782,0,78,165,1023,0,4,0,0,0,298
45,5,5,5,5,16,Eric,Moten,0,71,0,108,14,55,0,7,1309,1009,1309,44,31,0,0,89,2,0,0,15,0,0,45,2,33,7,84,35,89,91,0,3,30,0,2,0,0,0,0,0,118,24,0,0,0,0,0,60,0,0,77,0,0,108,3,0,0,2,18,64,28,9,0,26,0,0,81,16,94,83,76,2,2,2,2,26,37,28,32,25,34,12,21,30,0,6,6,25,30,36,23,561,0,75,146,1023,0,2,-30,0,0,31
36,3,1,3,1,29,Eric,Moulds,5594,99,0,965,16,97,0,5,1310,3,1310,95,26,0,0,99,0,0,0,87,0,0,96,3,29,1015,90,22,26,47,0,0,64,0,0,0,0,7,0,7,121,12,52,0,0,2,0,43,0,0,80,2,5,965,3,76,0,1,14,78,93,4,0,60,0,1,100,18,62,91,81,2,0,2,0,0,21,87,6,9,36,8,2,14,0,3,3,28,0,12,10,5594,0,74,50,1023,80,3,-19,0,0,204
45,3,3,3,3,13,Mushin,Muhammad,7557,99,0,672,11,98,0,4,1311,21,1311,94,26,0,0,99,0,1,1,94,0,0,95,3,19,1015,87,37,21,47,0,1,65,2,0,0,0,0,0,0,118,36,56,0,0,5,0,29,0,0,87,2,5,672,3,75,0,2,17,81,97,4,0,56,0,1,100,12,60,93,73,2,1,2,1,2,20,65,7,10,16,11,5,10,0,3,3,23,3,7,12,4122,0,74,57,1023,0,3,-19,0,0,204
45,2,3,2,3,15,Edwin,Mulitalo,394,85,0,74,32,75,0,3,1312,25,1312,51,22,0,0,83,0,0,0,14,0,0,60,1,18,1015,82,20,82,92,0,3,28,0,3,0,0,0,0,0,8,45,100,3,3,2,2,40,0,0,64,2,2,74,3,89,0,4,32,58,23,1,0,24,0,1,91,13,81,79,66,2,4,2,4,4,30,68,30,35,47,8,6,0,0,6,6,106,3,32,20,394,0,75,85,1023,5,0,-19,0,0,58
45,6,6,6,6,12,Roderick,Mullen,0,89,0,0,12,88,0,5,1313,1009,1313,87,26,0,0,83,1,0,0,59,0,0,86,2,33,19,78,59,22,26,0,7,20,0,0,0,0,0,0,0,72,45,0,0,0,0,0,60,0,0,28,1,0,0,2,25,0,5,13,35,84,5,0,25,0,0,99,12,58,81,88,3,3,3,3,5,19,67,5,15,15,10,0,20,0,16,16,20,4,8,8,200,0,73,42,1023,20,2,-30,0,0,101
45,0,0,0,0,13,Eddie,Murray,0,77,0,0,93,50,0,7,1314,1009,1314,45,43,0,0,60,2,0,0,16,0,0,45,0,33,1009,62,21,18,20,0,0,14,0,2,0,0,0,0,0,221,14,0,0,0,0,0,60,0,0,2,1,0,0,3,25,0,7,16,42,45,19,0,19,0,0,85,81,49,84,96,2,2,2,2,5,14,90,5,15,15,13,5,15,0,19,19,15,4,3,9,100,0,70,17,1023,0,0,-30,0,0,38
21,6,6,6,6,16,Adrian,Murrell,558,93,0,303,15,90,0,5,1315,26,1315,88,28,0,0,85,1,0,0,73,0,0,86,2,33,1009,81,30,35,36,0,8,91,0,0,0,0,0,0,0,254,3,84,0,0,1,0,60,0,1,22,2,1,303,3,50,0,5,17,84,68,7,0,90,0,0,91,16,65,90,92,3,3,3,3,0,22,76,5,20,15,7,0,30,0,1,1,25,5,6,8,1521,0,71,51,1023,55,1,3,0,0,247
45,6,6,6,6,25,Greg,Myers,200,96,0,0,23,93,3,5,1316,11,1316,86,26,1,0,95,1,2,0,55,0,0,80,3,2,1015,97,76,20,28,0,13,27,0,0,0,7,0,7,0,185,45,68,1,1,1,4,1,0,0,29,1,4,0,0,70,0,2,22,53,69,4,0,55,0,1,100,30,65,78,70,4,2,4,2,3,22,90,13,46,20,11,0,2,0,17,18,25,3,12,11,200,1,73,42,1023,4,0,-19,0,0,204
45,4,5,4,5,26,Michael,Myers,735,80,0,152,22,80,3,7,1317,11,1317,71,23,0,0,89,0,0,0,29,0,0,52,3,25,1015,73,81,29,27,0,3,34,0,0,0,3,0,3,0,3,45,0,2,2,1,0,46,0,0,94,2,2,152,3,93,0,3,25,64,60,2,0,32,0,1,45,16,91,74,37,0,2,0,2,43,36,30,28,47,38,12,27,6,0,12,12,77,41,39,28,735,0,74,140,1023,8,1,-19,0,0,204
45,6,2,6,2,19,DeShone,Myles,150,99,0,18,23,83,0,1,1318,28,1318,87,24,0,0,73,0,0,0,60,0,0,75,3,23,1015,73,77,17,25,0,3,31,0,0,0,8,8,8,8,82,45,44,0,0,1,0,4,0,0,50,0,1,18,2,73,0,6,36,63,64,2,0,21,0,1,97,24,63,80,77,0,0,0,0,4,22,51,28,30,39,11,4,29,1,13,14,89,7,30,22,150,0,76,104,1023,1,1,-19,0,0,204
45,5,5,5,5,11,Godfrey,Myles,0,79,0,42,10,75,0,7,1319,1009,1319,74,30,0,0,91,2,0,0,35,0,0,76,2,33,10,86,74,29,30,0,3,32,0,2,0,0,0,0,0,62,45,0,0,0,0,0,60,0,0,98,2,0,42,3,25,0,3,18,40,70,9,0,33,0,0,100,16,76,81,99,2,2,2,2,0,28,77,15,25,20,11,10,30,0,15,13,20,6,15,14,266,0,73,80,1023,0,1,-30,0,0,54
45,3,6,3,6,17,Toby,Myles,0,77,0,0,24,71,0,7,1320,1009,1320,52,24,0,0,87,0,0,1,28,0,0,58,0,4,1015,69,12,86,79,0,3,30,0,4,0,0,2,0,2,92,45,0,0,0,0,0,25,0,0,70,1,0,0,2,94,0,4,21,47,20,2,0,12,0,1,37,13,79,71,64,2,0,2,0,18,30,36,24,25,26,12,25,17,0,9,9,81,16,44,24,151,0,77,160,1023,9,1,-19,0,0,150
45,5,5,5,5,15,Tom,Myslinski,350,64,0,228,12,55,0,7,1321,29,1321,42,30,0,0,86,1,0,0,14,0,0,40,0,33,1009,81,30,87,90,0,3,25,0,2,0,0,0,0,0,211,24,0,0,0,1,0,60,0,0,61,0,1,228,3,0,0,4,17,59,27,8,0,24,0,0,76,14,91,85,90,2,2,2,2,9,36,35,17,25,34,8,16,30,0,6,6,25,6,39,29,954,0,75,123,1023,0,0,-30,0,0,109
45,6,6,6,6,12,Tim,MyTyler,0,90,0,0,8,89,0,5,1322,1009,1322,88,24,0,0,77,0,0,0,57,0,0,87,2,33,12,72,52,19,22,0,7,20,0,0,0,0,0,0,0,26,45,0,0,0,0,0,60,0,0,22,2,0,0,0,0,0,6,12,40,85,3,0,25,0,0,83,10,52,70,60,3,3,3,3,3,16,82,5,15,15,9,0,20,0,17,16,20,4,7,8,50,0,71,21,1023,20,0,-30,0,0,143
45,3,1,3,1,3,Chris,Naeole,1788,80,0,325,31,75,0,1,1323,27,1323,59,26,0,0,92,0,0,0,29,0,0,51,1,5,1015,84,13,74,80,0,3,33,0,0,0,0,0,0,0,41,12,22,0,0,3,3,2,0,0,65,2,5,325,3,89,0,1,16,52,19,3,0,22,0,1,5,24,97,77,67,2,2,2,2,20,38,34,23,37,36,13,23,40,0,8,8,86,27,44,27,1788,0,75,168,1023,5,2,-19,0,0,58
45,0,0,0,0,82,Browning,Nagle,0,85,0,0,7,53,0,7,1324,1009,1324,52,31,0,0,78,2,0,0,20,0,0,52,0,33,13,83,16,17,22,0,1,53,0,2,0,0,0,0,0,265,45,0,0,0,0,0,60,0,0,7,0,0,0,3,30,0,2,87,50,49,9,0,61,0,0,97,10,58,76,76,2,2,2,2,4,19,55,5,10,15,11,0,20,0,0,0,20,4,29,13,0,0,75,65,1023,0,2,-30,0,0,130
45,2,5,2,5,13,Jamie,Nails,630,76,0,102,37,88,0,10,1325,3,1325,61,24,0,0,87,0,0,0,21,0,0,53,0,19,1015,89,12,67,87,0,3,39,0,0,0,3,2,3,2,63,45,65,0,0,1,3,56,0,0,74,0,3,102,3,75,0,3,33,63,27,3,0,34,0,1,100,28,97,89,93,0,0,0,0,11,38,30,19,28,34,7,21,4,0,6,5,50,15,34,23,630,0,78,175,1023,0,2,-19,0,0,150
13,5,5,5,5,21,Tom,Nalen,2905,97,0,777,18,75,0,7,1326,4,1326,53,27,0,0,85,1,0,0,19,0,0,50,0,33,1015,80,34,99,90,0,3,29,0,2,0,0,0,0,0,20,26,82,0,0,6,0,60,0,0,66,1,7,777,3,0,0,7,23,72,33,6,0,30,0,0,85,20,90,94,89,2,2,2,2,8,35,45,24,25,21,13,21,25,0,7,7,10,6,29,26,2905,0,75,123,1023,0,5,-30,0,0,142
8,2,5,2,5,23,Marcus,Nash,204,82,0,32,24,97,0,5,1327,25,1327,91,25,0,0,87,0,0,0,69,0,0,94,3,32,1009,97,20,31,34,0,1,65,0,0,0,0,0,0,0,211,12,25,2,2,1,0,66,0,0,11,2,1,32,3,91,0,1,18,49,97,2,0,61,0,1,75,23,59,73,40,0,2,0,2,5,20,71,25,35,43,13,2,7,0,3,3,35,1,9,11,204,0,75,35,1023,94,0,-19,0,0,204
45,7,2,7,2,28,Hannibal,Navies,1320,75,0,208,18,85,3,5,1328,21,1328,83,21,0,0,84,0,0,2,55,0,0,84,3,8,1015,95,77,28,25,0,8,35,0,0,0,0,0,0,0,41,45,100,0,0,4,2,20,0,0,53,2,4,208,3,8,0,2,21,47,72,1,0,24,0,1,69,32,62,78,69,0,4,0,4,5,21,64,21,23,18,9,37,24,3,13,13,21,5,28,23,1320,0,75,85,1023,6,0,-19,0,0,204
45,5,5,5,5,16,Lorenzo,Neal,761,79,0,288,12,80,0,5,1329,30,1329,69,28,0,0,93,1,0,0,75,0,0,67,2,33,1009,88,40,75,87,0,8,82,0,0,0,2,2,2,2,66,45,83,0,0,2,0,60,0,0,41,2,2,288,3,50,0,4,17,69,59,7,0,79,0,0,100,14,78,99,78,2,2,2,2,3,29,49,10,25,20,9,5,30,0,2,2,25,9,18,25,1038,0,71,95,1023,15,0,-30,0,0,102
45,0,0,0,0,17,Joe,Nedney,281,85,0,39,83,50,0,7,1330,21,1330,47,26,0,0,55,1,0,0,19,0,0,40,1,33,1009,60,18,23,24,0,0,20,0,2,0,0,0,0,0,185,14,55,0,0,1,0,60,1,0,6,0,3,39,3,98,0,15,25,45,31,5,0,20,0,0,98,96,45,88,92,2,2,2,2,2,12,60,5,15,15,12,5,15,0,19,19,15,3,31,14,281,0,77,65,1023,0,2,-30,0,0,150
45,7,0,7,0,24,Dan,Neil,2189,77,0,430,31,73,0,7,1331,4,1331,59,25,0,0,94,0,0,0,33,0,0,47,0,32,1015,87,20,87,89,0,2,37,0,2,0,0,0,0,0,150,45,91,2,2,3,0,41,0,0,62,0,5,430,3,84,0,2,13,66,39,3,0,14,0,1,65,29,92,87,80,2,2,2,2,28,36,26,33,23,42,12,27,11,0,8,8,75,41,41,26,2189,0,74,152,1023,2,2,-19,0,0,150
45,5,3,5,3,28,Reggie,Nelson,64,79,0,8,25,78,0,4,1332,17,1332,51,21,0,0,92,0,0,1,12,0,0,50,0,33,1009,92,28,71,69,1,12,29,0,2,0,8,2,8,2,113,45,100,0,0,1,4,51,0,0,79,1,1,8,2,83,0,8,20,29,21,1,0,14,0,1,50,26,88,67,67,2,0,2,0,37,34,14,31,20,36,11,32,14,0,6,8,72,31,31,24,64,0,75,161,1023,5,0,-19,0,0,150
45,5,5,5,5,15,Jamar,Nesbit,200,59,0,0,12,55,0,7,1333,21,1333,42,23,0,0,86,1,0,0,14,0,0,43,2,33,4,81,30,81,83,0,3,25,0,2,0,0,0,0,0,176,45,0,0,0,4,0,60,0,0,63,2,4,0,0,0,0,15,17,69,27,1,0,25,0,0,0,14,91,71,63,2,2,2,2,15,36,30,15,25,32,12,16,30,0,6,8,25,18,40,27,200,0,76,169,1023,0,0,-30,0,0,70
45,5,5,5,5,16,Quentin,Neujahr,198,65,0,0,13,55,0,7,1334,17,1334,48,28,0,0,83,1,0,0,15,0,0,49,0,33,1009,78,30,79,83,0,3,25,0,2,0,0,0,0,0,96,45,0,0,0,2,0,60,0,0,65,0,3,0,2,0,0,15,18,30,28,5,0,26,0,0,100,15,90,72,66,2,2,2,2,5,35,42,17,25,23,9,17,25,0,7,7,10,8,39,28,198,0,76,137,1023,0,1,-30,0,0,125
45,5,5,4,5,28,Jeremy,Newberry,1194,80,0,210,18,51,0,7,1335,15,1335,63,22,0,0,73,0,0,0,26,0,0,52,0,31,1015,81,13,85,88,0,3,23,0,2,0,0,0,0,0,28,45,0,0,0,4,0,6,0,0,62,0,5,210,3,74,0,2,19,39,33,2,0,36,0,1,100,21,86,82,81,2,2,2,2,9,33,35,19,14,33,7,25,34,0,7,7,34,25,26,27,1194,0,77,155,1023,5,1,-19,0,0,150
45,5,5,5,5,16,Tom,Newberry,0,56,0,0,13,54,0,7,1336,1009,1336,43,36,0,0,85,2,0,0,15,0,0,48,0,33,28,71,29,88,91,0,3,24,0,2,0,0,0,0,0,267,24,0,0,0,0,0,60,0,0,66,0,0,0,0,0,0,2,18,70,28,14,0,26,0,0,100,15,87,86,95,2,2,2,2,8,34,36,15,25,35,12,19,30,0,6,6,25,30,30,28,0,0,74,125,1023,0,3,-30,0,0,142
45,6,6,6,6,16,Anthony,Newman,200,83,0,0,16,77,0,5,1337,1014,1337,76,33,0,0,85,2,0,0,59,0,0,76,2,33,26,71,65,23,24,0,8,28,0,0,0,0,0,0,0,160,45,46,0,0,1,0,60,0,0,30,2,2,0,3,50,0,2,17,36,78,12,0,43,0,0,3,18,60,73,79,3,3,3,3,0,20,78,5,20,15,13,5,20,0,18,17,15,5,9,8,200,0,72,43,1023,15,1,-30,0,0,20
45,4,6,4,6,9,Keith,Newman,363,80,0,60,33,84,0,7,1338,3,1338,78,22,0,0,97,0,0,0,54,0,0,80,3,23,1015,69,72,23,36,0,12,35,0,0,0,1,7,1,7,135,45,100,4,2,2,4,2,0,0,53,0,2,60,3,63,0,4,20,49,60,1,0,31,0,1,100,35,85,77,66,0,0,0,0,3,32,57,44,19,15,12,24,16,0,15,15,29,6,35,25,384,1,74,90,1023,4,0,-19,0,0,204
45,6,6,6,6,12,Craig,Newsome,0,99,0,0,11,91,0,5,1339,1009,1339,89,27,0,0,83,1,0,0,67,0,0,88,2,32,1009,62,65,22,23,0,7,20,0,0,0,0,0,0,0,9,12,48,0,0,0,0,60,0,0,27,1,0,0,3,70,0,1,12,62,87,5,0,33,0,0,99,12,58,85,83,3,3,3,3,1,19,76,5,15,15,13,0,20,0,16,16,20,0,11,7,425,0,72,30,1023,20,0,-30,0,0,4
45,5,5,5,5,18,Nate,Newton,547,72,0,111,15,54,0,7,1340,1014,1340,45,37,0,0,89,2,0,0,17,0,0,46,2,33,1009,75,35,99,97,0,3,30,0,2,0,0,0,0,0,63,26,61,0,0,1,0,60,0,0,73,1,1,111,3,0,0,15,20,78,30,14,0,28,0,0,96,17,91,90,82,2,2,2,2,20,36,23,35,25,44,12,23,30,0,8,6,25,26,42,22,547,0,75,158,1023,0,0,-30,0,0,78
45,1,4,1,4,12,Dat,Nguyen,845,83,0,132,11,92,0,0,1341,11,1341,78,23,0,0,83,0,0,1,46,0,0,82,3,13,1015,86,81,24,10,0,3,30,0,0,0,0,9,0,9,215,45,100,2,2,4,0,40,0,0,59,2,4,132,3,65,0,3,18,55,69,1,0,31,0,1,77,7,62,71,66,0,0,0,0,0,21,76,45,36,57,9,7,11,3,14,13,8,1,22,14,845,0,71,78,1023,8,0,-19,0,0,204
2,5,5,5,5,16,Hardy,Nickerson,1967,77,0,516,14,68,0,7,1342,17,1342,64,33,0,0,89,2,0,0,59,0,0,66,2,33,1009,72,98,28,32,0,3,26,0,2,0,2,2,2,2,28,28,61,0,0,1,0,60,0,1,56,1,3,516,3,60,0,5,21,81,68,13,0,34,0,0,100,18,84,95,97,2,2,2,2,5,32,55,15,25,20,9,5,30,0,14,14,25,0,34,12,1967,0,74,69,1023,0,6,-30,0,0,270
45,3,7,3,7,13,Brandon,Noble,125,78,0,0,22,67,2,1,1343,11,1343,69,23,0,0,81,0,0,0,43,0,0,64,3,16,1015,75,68,24,35,0,3,31,4,0,0,3,0,3,0,164,40,21,0,0,3,0,2,0,0,75,2,5,0,0,6,0,5,15,43,67,3,0,39,0,1,77,16,90,66,41,0,2,0,2,21,35,34,24,25,35,11,27,3,0,12,12,106,38,34,23,125,0,74,145,1023,3,1,-19,0,0,204
45,5,5,5,5,15,Erik,Norgard,0,60,0,45,13,55,0,7,1344,1009,1344,43,33,0,0,85,2,0,0,15,0,0,49,0,33,31,80,29,83,84,0,3,24,0,2,0,0,0,0,0,265,45,0,0,0,0,0,60,0,0,64,0,0,45,2,0,0,15,17,39,28,10,0,26,0,0,70,15,90,73,65,2,2,2,2,10,35,37,19,25,24,12,20,30,0,8,8,25,26,28,30,274,0,73,122,1023,0,0,-30,0,0,57
45,2,2,2,2,22,Gabe,Northern,986,94,0,156,24,84,0,7,1345,31,1345,83,25,0,0,48,1,0,0,50,0,0,84,2,29,1015,65,76,22,15,0,3,37,0,0,0,0,0,0,0,106,14,2,0,0,1,0,3,0,0,90,0,4,156,3,77,0,2,23,53,65,4,0,24,0,1,100,22,72,88,73,2,4,2,4,1,26,68,10,13,17,9,8,14,0,11,15,26,9,16,12,986,1,74,80,1023,0,3,-19,0,0,204
28,5,5,5,5,17,Ken,Norton,2089,82,0,537,15,81,0,7,1346,15,1346,72,32,0,0,92,2,0,0,51,0,0,74,1,33,1009,78,93,34,38,0,3,35,0,2,0,2,2,2,2,226,6,72,0,0,2,0,60,0,1,51,1,3,537,3,50,0,2,20,75,74,12,0,28,0,0,90,17,77,91,95,2,2,2,2,7,28,47,15,25,20,7,5,30,0,15,14,25,6,28,21,2089,0,74,94,1023,0,5,2,0,0,354
45,5,5,5,5,15,Jeff,Novak,0,78,0,75,12,55,0,7,1347,1009,1347,42,31,0,0,85,1,0,0,14,0,0,40,0,33,16,80,30,92,97,0,3,25,0,2,0,0,0,0,0,265,26,88,0,0,0,0,60,0,0,67,0,0,75,3,0,0,7,17,71,27,8,0,25,0,0,75,14,90,92,98,2,2,2,2,7,35,49,16,25,27,13,16,30,0,8,9,25,8,32,30,417,0,78,137,1023,0,0,-30,0,0,122
45,5,5,5,5,16,Tom,Nutten,407,65,0,75,13,60,0,7,1348,24,1348,47,28,0,0,83,1,0,0,14,0,0,55,0,33,1009,78,29,85,81,0,3,24,0,2,0,0,0,0,0,246,45,0,0,0,4,0,60,0,0,61,1,5,75,2,0,0,7,18,38,28,5,0,25,0,0,68,15,88,73,64,2,2,2,2,8,34,36,15,25,24,8,18,25,0,6,7,10,6,38,29,407,0,77,120,1023,0,1,-30,0,0,151
45,6,6,6,6,12,Chukie,Nwokorie,150,70,0,0,12,70,0,5,1349,10,1349,68,24,0,0,79,1,0,0,35,0,0,65,2,33,4,73,72,19,23,0,3,23,0,0,0,0,0,0,0,169,45,0,0,0,3,0,60,0,0,91,2,3,0,0,0,0,15,18,56,61,1,0,20,0,0,100,15,74,69,48,3,3,3,3,10,27,44,20,25,23,8,19,30,0,11,11,25,5,41,24,150,0,75,128,1023,0,0,-30,0,0,106
45,4,4,4,4,22,Roman,Oben,200,75,0,0,20,70,0,5,1350,5,1350,56,27,0,0,99,1,0,0,26,0,0,56,2,8,15,95,21,86,87,0,3,27,0,0,0,0,0,0,0,105,45,58,0,0,1,0,31,0,0,72,0,2,0,3,86,0,3,22,58,19,4,0,31,0,1,5,21,90,76,61,0,0,0,0,6,35,30,15,21,24,12,17,22,0,5,5,36,7,23,28,200,0,76,145,1023,0,1,-19,0,0,205
45,3,0,3,0,21,Jason,Odom,185,73,0,78,21,73,0,0,1351,1014,1351,52,25,0,1,35,1,0,0,25,0,0,63,2,9,1015,59,15,85,85,0,3,24,0,0,0,0,0,0,0,62,14,0,0,0,1,0,30,0,0,70,2,1,78,3,61,0,6,19,41,25,4,0,29,0,1,86,20,88,77,67,2,2,2,2,3,34,48,19,22,28,11,21,21,0,5,9,41,10,22,29,495,0,77,147,1023,0,3,-19,0,0,188
3,0,0,0,0,84,Neil,O'Donnell,3625,88,0,930,11,58,0,7,1352,30,1352,55,32,0,0,79,2,0,0,29,0,0,67,0,33,1009,84,21,18,23,0,1,57,0,2,0,0,0,0,0,111,17,66,0,0,5,0,60,0,1,14,2,5,930,3,50,0,3,88,83,54,10,0,63,0,0,100,14,59,81,81,2,2,2,2,3,20,64,5,10,15,7,0,20,0,0,0,20,6,19,12,3625,0,75,68,1023,0,0,-30,0,0,242
45,5,5,5,5,18,Matt,O'Dwyer,1000,65,0,500,15,55,0,7,1353,2,1353,45,26,0,0,88,1,0,0,17,0,0,43,0,33,17,83,34,83,85,0,3,29,0,2,0,0,0,0,0,151,45,0,0,0,5,0,60,0,0,72,0,5,500,0,0,0,2,20,45,30,5,0,28,0,0,99,17,93,73,61,2,2,2,2,8,36,48,18,25,23,9,19,30,0,6,6,25,7,25,24,1000,0,77,145,1023,0,0,-30,0,0,122
45,2,1,2,1,27,Eric,Ogbogu,426,71,0,32,23,84,0,7,1354,18,1354,68,24,0,0,84,0,0,0,46,0,0,67,0,15,1015,87,70,15,25,0,3,23,0,0,0,0,0,0,0,111,45,19,2,3,3,0,0,0,0,99,2,3,32,2,94,0,7,34,52,59,2,0,15,0,1,98,12,69,75,72,0,3,0,3,4,24,51,11,32,41,7,17,7,0,11,10,75,7,27,22,258,0,76,115,1023,2,1,-19,0,0,150
45,6,6,6,6,16,Jeff,Ogden,100,94,0,0,12,95,0,5,1355,12,1355,91,24,0,0,76,1,0,0,69,0,0,92,2,63,4,71,15,20,21,0,1,54,0,0,0,0,0,0,0,59,36,22,0,0,1,0,60,0,0,88,2,2,0,0,0,0,15,18,61,82,2,0,69,0,0,0,12,51,73,62,3,3,3,3,3,16,92,5,15,15,9,0,20,0,3,3,20,1,6,10,100,0,72,30,1023,85,0,-30,0,0,101
45,3,5,3,5,28,Jonathan,Ogden,11088,99,0,3087,26,78,0,2,1356,25,1356,67,25,0,0,99,1,0,0,46,0,0,69,2,1,1015,99,14,91,96,0,2,26,0,0,0,0,8,0,8,226,24,73,0,0,4,0,51,0,0,75,0,7,3087,3,75,0,2,27,81,25,4,0,12,0,1,100,11,99,93,79,2,4,2,4,28,40,20,29,13,36,9,26,20,0,5,5,45,34,41,25,11088,0,81,180,1023,0,3,-19,0,0,204
45,5,3,5,3,20,Kendall,Ogle,50,82,0,0,17,78,0,7,1357,5,1357,80,23,0,1,86,0,0,0,58,0,0,74,0,32,1015,85,61,15,28,0,13,34,0,1,0,0,9,0,9,111,45,100,2,2,1,4,2,0,0,59,0,1,0,0,3,0,6,38,38,68,1,0,24,0,1,100,32,73,68,68,3,0,3,0,5,26,77,42,19,46,8,13,4,0,15,13,29,6,34,10,50,0,72,71,1023,9,31,-19,0,0,150
45,6,6,6,6,8,Alfred,Oglesby,0,65,0,0,8,60,0,5,1358,1009,1358,58,32,0,0,90,2,0,0,25,0,0,54,2,33,1,84,76,34,38,0,3,39,0,0,0,0,0,0,0,80,45,0,0,0,0,0,60,0,0,96,2,0,0,0,25,0,3,14,52,52,10,0,34,0,0,52,11,85,69,70,3,3,3,3,5,32,36,19,25,27,10,19,30,0,10,10,25,8,33,30,0,0,76,130,1023,0,3,-30,0,0,108
45,6,2,6,2,22,Chike,Okeafor,638,90,0,88,21,81,0,5,1359,15,1359,79,23,0,1,81,0,0,0,63,0,0,80,1,32,1015,75,75,33,18,0,3,31,0,0,0,8,0,8,0,169,45,100,0,0,4,0,55,0,0,91,0,4,88,2,43,0,3,24,31,58,1,0,41,0,1,98,19,76,84,63,0,4,0,4,7,28,57,27,46,5,11,5,11,2,10,14,1,9,24,21,638,1,77,87,1023,1,0,-19,0,0,58
45,6,6,6,6,13,Chris,Oldham,0,83,0,0,11,82,0,5,1360,1009,1360,80,30,0,0,86,2,0,0,58,0,0,82,2,33,1009,78,63,23,24,0,8,28,0,0,0,0,0,0,0,160,45,0,0,0,0,0,60,0,0,28,2,0,0,2,25,0,4,13,27,82,10,0,28,0,0,100,13,61,67,60,3,3,3,3,0,20,84,5,20,15,7,5,20,0,18,17,15,4,8,7,182,0,69,40,1023,15,4,-30,0,0,102
45,6,6,6,6,16,Louis,Oliver,0,88,0,0,15,80,0,5,1361,1009,1361,77,33,0,0,90,2,0,0,65,0,0,78,2,25,11,79,72,23,24,0,8,29,0,0,0,0,0,0,0,62,4,0,0,0,0,0,60,0,0,25,2,0,0,0,60,0,1,16,67,77,11,0,32,0,0,95,16,65,80,81,3,3,3,3,4,22,68,5,20,15,7,5,20,0,18,18,15,4,22,11,58,0,74,64,1023,15,2,-30,0,0,374
45,5,0,5,0,20,Winslow,Oliver,121,71,0,0,38,97,0,5,1362,14,1362,90,26,0,0,46,1,0,0,63,0,0,93,3,19,1015,58,55,21,22,1,1,60,0,0,0,0,0,0,0,145,14,0,0,0,1,0,11,0,0,26,1,1,0,2,89,0,3,39,39,72,4,0,65,0,1,52,18,62,70,58,5,5,5,5,1,21,93,8,8,46,13,7,23,0,1,1,23,2,7,8,121,0,67,20,1023,88,3,-19,0,0,204
45,4,4,4,4,19,Brock,Olivo,274,49,0,39,23,87,0,7,1363,19,1363,78,23,0,0,92,0,0,0,70,0,0,83,0,21,1015,73,20,33,31,0,9,70,0,2,0,0,0,0,0,122,45,0,0,0,2,2,3,0,0,26,2,3,39,2,32,0,5,16,43,43,2,0,75,0,1,97,12,73,75,89,0,0,0,0,0,26,69,29,37,27,10,24,28,0,1,1,78,2,25,11,274,1,72,66,1023,5,1,-19,0,0,150
45,5,5,5,5,15,Jerry,Olsavsky,0,78,0,0,13,69,0,7,1364,1009,1364,66,32,0,0,90,2,0,0,33,0,0,65,0,33,24,79,77,29,33,0,3,26,0,2,0,2,2,2,2,166,45,32,0,0,0,0,60,0,0,56,2,0,0,3,25,0,10,20,46,66,11,0,28,0,0,82,17,75,72,78,2,2,2,2,0,28,62,15,25,20,13,5,30,0,14,14,25,2,32,13,50,0,73,61,1023,0,0,-30,0,0,122
45,2,2,2,2,39,Benji,Olson,581,74,0,112,15,76,0,7,1365,30,1365,60,22,0,0,88,0,0,0,10,0,0,60,0,8,1015,98,27,81,85,0,3,31,0,1,0,3,7,3,7,252,45,0,0,0,3,0,47,0,0,75,0,4,112,3,89,0,5,25,40,11,2,0,18,0,1,79,29,87,79,64,2,2,2,2,10,34,37,23,19,26,11,15,36,0,8,8,54,23,25,29,581,0,76,160,1023,9,1,-19,0,0,150
45,6,6,6,6,10,Leslie,O'Neal,561,57,0,102,9,67,0,5,1366,1014,1366,60,34,0,0,88,2,0,0,29,0,0,61,1,8,1009,70,91,32,36,0,3,36,0,0,0,0,0,0,0,158,5,31,0,0,1,0,60,0,0,91,2,2,102,3,60,0,1,14,62,55,14,0,33,0,0,100,11,70,82,98,3,3,3,3,7,25,54,25,25,30,7,15,30,0,10,11,25,8,29,23,561,0,76,106,1023,0,1,-30,0,0,369
45,6,6,6,6,16,Bo,Orlando,0,87,0,72,16,81,0,5,1367,1009,1367,79,33,0,0,85,2,0,0,59,0,0,79,0,33,28,74,64,23,24,0,8,25,0,0,0,0,0,0,0,254,45,0,0,0,0,0,60,0,0,26,2,0,72,3,25,0,6,16,44,81,11,0,32,0,0,100,16,60,76,77,3,3,3,3,2,20,94,5,20,15,7,5,20,0,17,17,15,0,5,4,438,0,70,20,1023,15,0,-30,0,0,83
45,6,6,6,6,15,Willie,Oshodin,18,75,0,0,10,75,0,5,1368,1009,1368,69,29,0,0,79,1,0,0,35,0,0,65,2,33,1009,73,72,19,23,0,3,23,0,0,0,0,0,0,0,239,45,0,0,0,0,0,60,0,0,90,2,1,0,0,0,0,15,18,50,62,7,0,20,0,0,99,15,74,72,55,3,3,3,3,3,27,46,25,25,30,8,15,30,0,11,11,25,5,27,24,0,0,76,105,1023,0,4,-30,0,0,113
45,5,5,5,5,15,Jerry,Ostroski,1397,71,0,275,12,55,0,7,1369,3,1369,43,28,0,0,85,1,0,0,15,0,0,45,0,33,1009,80,29,89,94,0,3,24,0,2,0,0,0,0,0,222,24,79,0,0,3,0,60,0,0,60,0,5,275,3,0,0,10,17,67,28,8,0,26,0,0,100,14,90,87,90,2,2,2,2,20,35,31,21,25,40,9,24,30,0,7,8,25,26,45,24,1397,0,75,150,1023,0,4,1,0,0,81
45,3,5,3,5,18,Phil,Ostrowski,117,73,0,16,17,60,0,7,1370,15,1370,53,22,0,0,86,0,0,1,14,0,0,52,0,31,1015,89,21,78,81,0,2,23,0,0,0,0,2,0,2,164,45,0,0,0,1,0,8,0,0,69,2,2,16,2,63,0,5,16,30,12,2,0,21,0,1,97,38,80,75,83,2,2,2,2,6,30,40,21,13,31,13,19,37,0,6,6,37,5,45,28,116,0,76,131,1023,7,1,-19,0,0,150
45,6,6,6,6,8,Brad,Ottis,337,65,0,42,8,65,0,5,1371,7,1371,58,26,0,0,86,1,0,0,25,0,0,53,0,33,1015,80,78,31,35,0,3,36,0,0,0,0,0,0,0,271,45,0,0,0,2,0,60,0,0,96,2,3,42,2,25,0,2,14,35,52,6,0,31,0,0,76,11,81,70,67,3,3,3,3,5,30,39,24,25,25,9,19,30,0,10,10,25,5,44,27,337,0,77,121,1023,0,5,-30,0,0,281
45,6,6,6,6,11,Dan,Owens,600,54,0,300,11,55,0,5,1372,1014,1372,49,32,0,0,89,2,0,0,21,0,0,45,0,33,13,85,76,37,38,0,3,34,0,0,0,0,0,0,0,231,40,1,0,0,1,0,60,0,0,90,2,2,300,2,25,0,2,15,40,47,10,0,25,0,0,70,12,91,70,64,3,3,3,3,3,36,39,21,25,29,10,22,30,0,12,12,30,6,22,24,600,0,75,120,1023,0,0,-30,0,0,122
45,6,6,6,6,12,Rich,Owens,500,65,0,200,12,65,0,5,1373,12,1373,62,26,0,0,87,1,0,0,29,0,0,61,2,33,25,81,75,31,35,0,3,36,0,0,0,0,0,0,0,103,45,6,0,0,2,0,60,0,0,96,2,2,200,0,25,0,5,15,36,55,5,0,31,0,0,94,12,82,70,58,3,3,3,3,3,31,47,18,25,30,9,20,30,0,10,10,25,5,39,28,500,0,78,125,1023,0,0,-30,0,0,94
45,4,4,4,4,18,Terrell,Owens,263,99,0,753,23,99,0,4,1374,15,1374,97,26,0,0,99,0,0,0,99,0,0,98,2,30,1015,99,29,44,58,0,1,67,0,0,0,0,9,0,9,210,35,73,0,0,1,0,31,0,0,81,2,1,753,3,96,0,2,28,92,97,4,0,54,0,1,90,26,67,99,99,2,2,2,2,4,24,66,5,10,37,7,5,12,0,3,3,25,8,34,13,2630,0,75,66,1023,65,3,-19,0,0,204
45,6,6,6,6,22,Ken,Oxendine,0,45,0,0,13,93,0,7,1375,1009,1375,88,24,0,0,84,0,0,0,74,0,0,89,2,26,1015,69,23,38,40,0,6,78,6,4,0,0,1,0,1,241,45,0,4,4,0,0,16,0,0,33,2,0,0,3,58,0,7,38,62,57,2,0,81,0,1,80,34,59,80,64,1,0,1,0,4,20,56,35,25,20,13,36,22,0,1,1,2,8,32,14,510,0,72,70,1023,42,1,-19,0,0,204
45,0,0,0,0,21,Texans,P #6,400,94,0,0,91,55,0,7,1376,32,1376,54,29,0,0,70,1,0,0,5,0,0,53,0,33,29,75,28,18,19,0,1,27,0,2,0,0,0,0,0,265,45,68,0,0,3,0,60,0,0,6,1,4,0,0,0,0,15,27,58,36,6,0,15,0,0,0,88,49,92,99,2,2,2,2,3,14,77,10,15,15,13,5,20,0,20,20,15,2,7,12,400,0,73,52,1023,0,1,-30,0,0,48
26,3,0,3,0,27,Orlando,Pace,11200,62,0,3283,19,83,0,7,1377,24,1377,63,25,0,0,85,0,0,0,15,0,0,68,3,17,1015,89,27,91,92,1,3,38,0,2,0,0,0,0,0,156,45,22,0,0,5,0,38,0,0,76,0,7,3283,3,89,0,1,17,92,12,3,0,23,0,1,99,23,92,91,84,0,2,0,2,15,36,30,20,9,30,7,23,11,0,5,5,106,27,25,23,11200,1,79,165,1023,5,2,-19,0,0,204
45,4,4,4,4,34,Solomon,Page,418,82,0,24,24,62,0,10,1378,11,1378,53,21,0,0,72,0,0,0,28,0,0,52,2,13,1015,77,10,71,84,0,12,23,0,0,0,0,2,0,2,254,45,100,0,0,2,4,35,0,0,77,0,2,24,2,98,0,2,31,42,20,1,0,23,0,1,77,15,91,70,69,2,2,2,2,15,36,43,25,52,21,8,16,23,0,9,6,109,20,31,26,156,0,76,165,1023,7,0,-19,0,0,204
45,5,5,5,5,16,Jeff,Pahukoa,0,68,0,20,13,50,0,7,1379,1009,1379,44,30,0,0,85,2,0,0,15,0,0,43,1,33,13,80,29,85,88,0,3,24,0,2,0,0,0,0,0,252,45,0,0,0,0,0,60,0,0,64,0,0,20,2,0,0,12,18,46,28,9,0,26,0,0,97,15,90,75,68,2,2,2,2,6,35,44,20,25,40,10,25,30,0,6,6,25,6,36,25,158,0,74,108,1023,0,2,-30,0,0,215
45,5,5,5,5,14,Lonnie,Palelei,0,63,0,0,11,50,0,7,1380,1009,1380,42,28,0,0,86,1,0,0,13,0,0,40,1,33,15,81,30,83,85,0,3,25,0,2,0,0,0,0,0,265,45,0,0,0,0,0,60,0,0,77,0,0,0,2,0,0,5,16,42,26,7,0,24,0,0,40,13,91,71,61,2,2,2,2,38,36,25,35,25,35,11,27,30,0,6,8,25,22,42,25,300,0,75,150,1023,0,0,-30,0,0,66
11,6,6,6,6,17,David,Palmer,167,94,0,14,16,92,0,5,1381,31,1381,91,26,0,0,69,1,0,0,70,0,0,89,2,33,1015,65,17,18,19,0,1,52,0,0,0,0,0,0,0,3,14,0,0,0,1,0,60,0,0,22,1,2,14,2,55,0,2,19,28,77,6,0,69,0,0,74,17,49,67,61,3,3,3,3,3,14,86,5,15,15,12,0,20,0,1,3,20,4,8,9,152,0,68,13,1023,85,5,-30,0,0,238
45,6,6,6,6,13,Sterling,Palmer,0,70,0,34,13,75,0,5,1382,1009,1382,68,28,0,0,80,1,0,0,34,0,0,65,2,33,25,74,75,20,24,0,3,24,0,0,0,0,0,0,0,64,45,0,0,0,0,0,60,0,0,97,2,0,34,2,25,0,4,17,59,61,7,0,21,0,0,85,14,75,75,61,3,3,3,3,3,28,60,25,25,30,10,15,30,0,10,11,25,7,39,25,269,0,77,96,1023,0,2,-30,0,0,104
45,5,5,5,5,20,Joe,Panos,360,81,0,54,18,55,0,7,1383,3,1383,48,28,0,0,86,1,0,0,19,0,0,48,0,33,1009,81,31,87,85,0,3,26,0,2,0,0,0,0,0,265,45,0,0,0,2,0,60,0,0,72,1,3,54,3,0,0,3,22,37,32,6,0,30,0,0,100,20,91,77,67,2,2,2,2,28,36,33,34,25,43,7,20,30,0,8,8,25,41,38,27,327,0,75,140,1023,0,1,-30,0,0,63
45,2,6,2,6,27,Anthony,Parker,308,94,0,44,13,85,0,0,1384,15,1384,83,21,0,0,85,0,0,0,69,0,0,81,3,5,1015,89,78,21,35,0,8,32,0,0,0,8,0,8,0,253,45,100,1,1,2,0,4,0,0,26,1,2,44,2,77,0,4,21,39,81,1,0,48,0,1,97,18,57,74,57,0,0,0,0,2,18,65,32,30,36,12,6,7,2,18,18,17,4,10,12,308,0,73,40,1023,1,0,-19,0,0,204
45,6,6,6,6,17,Anthony,Parker,0,90,0,0,16,84,0,5,1385,1009,1385,83,33,0,0,78,2,0,0,58,0,0,82,2,33,1009,67,57,23,24,0,7,30,0,0,0,0,0,0,0,9,45,0,0,0,0,0,60,0,0,32,2,0,0,2,50,0,15,18,35,78,11,0,40,0,0,98,17,53,74,81,3,3,3,3,2,16,90,5,15,15,13,0,20,0,16,16,20,5,9,5,0,0,70,21,1023,35,0,-30,0,0,64
45,3,4,3,4,20,De'Mond,Parker,163,87,0,22,27,82,0,5,1386,20,1386,87,22,0,0,95,0,2,0,58,0,0,76,3,25,1015,53,23,34,34,0,8,76,0,0,0,0,1,0,1,157,45,100,0,0,2,0,39,0,0,22,2,2,22,2,81,0,5,39,38,69,1,0,73,0,1,95,30,75,71,65,0,4,0,4,3,28,98,33,27,29,13,28,25,0,1,1,28,5,7,4,163,0,70,25,1023,76,0,-19,0,0,204
45,5,5,5,5,16,Glenn,Parker,2234,62,0,630,13,60,0,7,1387,16,1387,43,33,0,0,86,2,0,0,15,0,0,48,0,33,1009,81,31,99,92,0,3,26,0,2,0,0,0,0,0,8,26,64,0,0,1,0,60,0,0,62,1,3,630,3,0,0,3,18,60,28,10,0,26,0,0,84,15,91,91,87,2,2,2,2,7,36,43,16,25,35,12,15,30,0,5,9,35,7,38,26,2234,0,77,145,1023,0,2,-30,0,0,122
45,7,3,7,3,27,Larry,Parker,783,96,0,34,19,89,0,0,1388,9,1388,87,21,0,0,85,0,0,0,74,0,0,85,3,20,1015,65,26,16,38,0,1,63,0,0,0,0,0,0,0,231,45,100,0,0,4,0,7,0,0,80,2,4,34,2,94,0,3,24,29,94,1,0,65,0,1,99,21,65,71,45,4,2,4,2,2,22,68,13,18,17,8,2,24,3,3,3,73,0,11,8,242,0,73,46,1023,96,0,-19,0,0,204
45,6,6,6,6,8,Riddick,Parker,535,60,0,93,9,65,0,5,1389,28,1389,56,26,0,0,86,1,0,0,22,0,0,60,2,33,1009,82,78,35,39,0,3,40,0,0,0,0,0,0,0,135,45,0,0,0,2,0,60,0,0,97,2,3,93,2,50,0,15,14,34,48,5,0,35,0,0,97,11,87,75,65,3,3,3,3,10,34,43,22,25,21,10,19,30,0,12,12,30,8,32,26,535,0,75,135,1023,0,1,-30,0,0,14
45,5,5,5,5,25,Vaughn,Parker,1142,75,0,192,22,55,0,7,1390,8,1390,52,27,0,0,85,1,0,0,24,0,0,55,2,33,1015,80,30,90,88,0,3,25,0,2,0,0,0,0,0,226,25,51,0,0,5,0,60,0,0,70,1,6,192,3,0,0,2,27,59,37,6,0,35,0,0,68,24,90,81,74,2,2,2,2,10,35,48,23,25,21,13,18,30,0,9,9,35,6,26,24,1142,0,75,136,1023,0,5,-30,0,0,44
45,2,2,2,2,37,Nathan,Parks,0,78,0,0,15,67,0,6,1391,1009,1391,40,24,0,0,99,0,0,0,29,0,0,55,0,18,8,83,23,73,61,1,3,32,0,2,0,0,2,0,2,200,45,0,0,0,0,0,36,0,0,71,2,0,0,1,79,0,6,25,14,20,3,0,30,0,1,99,36,81,68,99,2,2,2,2,3,30,30,17,13,23,7,23,12,0,9,9,104,10,24,29,100,0,77,145,1023,8,0,-19,0,0,150
45,6,6,6,6,16,Bernie,Parmalee,218,86,0,38,15,85,0,5,1392,18,1392,84,31,0,0,83,1,0,0,62,0,0,84,2,33,1009,78,28,32,33,0,8,78,0,0,0,0,0,0,0,16,45,0,0,0,2,0,60,0,0,34,2,2,38,2,50,0,15,16,50,67,8,0,79,0,0,95,15,63,75,68,3,3,3,3,4,22,72,5,20,15,13,0,30,0,1,1,25,2,9,9,218,0,71,41,1023,55,0,-30,0,0,119
45,6,6,6,6,9,John,Parrella,1240,70,0,132,9,55,0,5,1393,8,1393,52,29,0,0,90,1,0,0,24,0,0,49,0,33,1009,86,90,38,39,0,3,37,0,0,0,0,0,0,0,142,40,1,0,0,3,0,60,0,0,97,1,5,132,3,25,0,2,14,64,50,7,0,28,0,0,68,11,92,80,70,3,3,3,3,6,36,36,22,25,23,9,20,30,0,12,12,30,5,34,24,676,0,75,133,1023,0,4,-30,0,0,57
45,3,6,3,6,26,Tony,Parrish,1267,94,0,208,20,84,0,1,1394,1,1394,78,23,0,0,84,0,1,0,67,0,0,82,3,5,1015,98,64,17,16,0,8,23,0,0,0,0,0,0,0,252,45,54,0,0,3,0,64,0,0,37,2,4,208,3,81,0,2,24,72,81,2,0,52,2,1,52,18,61,78,74,0,1,0,1,1,20,82,5,17,13,7,5,5,0,17,17,65,3,13,7,1267,0,71,50,1023,7,1,-19,0,0,204
45,6,6,6,6,10,Ty,Parten,100,60,0,0,8,60,0,5,1395,9,1395,58,29,0,0,85,1,0,0,26,0,0,54,0,33,1,79,77,29,33,0,3,33,0,0,0,0,0,0,0,251,45,0,0,0,2,0,60,0,0,97,2,4,0,2,25,0,3,14,32,52,7,0,30,0,0,99,11,80,73,95,3,3,3,3,3,30,46,25,25,30,13,15,30,0,11,11,25,9,33,28,100,0,77,118,1023,0,2,-30,0,0,250
45,7,6,7,6,14,Jerome,Pathon,921,88,0,141,17,96,0,7,1396,10,1396,89,23,0,1,84,0,2,2,78,0,0,90,1,22,1015,98,21,14,64,0,1,35,0,0,0,8,0,8,0,252,45,32,2,2,2,0,7,0,0,86,2,3,141,2,80,0,2,26,48,86,2,0,74,0,1,65,28,34,75,63,0,1,0,1,3,7,85,27,16,38,7,0,24,0,3,3,38,1,7,6,921,0,72,35,1023,63,1,-19,0,0,58
8,0,5,0,5,21,David,Patten,100,89,0,0,27,90,0,3,1397,5,1397,88,25,0,0,71,0,0,0,78,0,0,90,3,9,15,37,19,19,39,0,0,61,0,2,0,9,0,9,0,243,14,11,2,2,1,0,48,0,0,82,2,2,0,3,91,0,7,34,51,96,3,0,63,0,1,5,15,39,77,63,0,4,0,4,0,10,86,4,24,1,9,13,7,0,3,3,24,2,12,11,100,0,70,32,1023,75,1,-19,0,0,204
45,5,5,5,5,15,Joe,Patton,0,60,0,42,12,50,0,7,1398,1009,1398,42,27,0,0,85,1,0,0,14,0,0,43,0,33,25,80,30,88,89,0,3,25,0,2,0,0,0,0,0,4,45,66,0,0,0,0,60,0,0,68,0,0,42,2,0,0,3,17,62,27,6,0,25,0,0,97,14,90,80,77,2,2,2,2,9,35,37,19,25,22,11,17,30,0,5,5,35,6,34,29,278,0,77,146,1023,0,0,-30,0,0,63
45,5,5,5,5,13,Marvcus,Patton,761,94,0,90,12,77,0,7,1399,9,1399,71,32,0,0,89,2,0,0,55,0,0,72,2,33,1009,81,88,26,27,0,3,29,0,2,0,0,0,0,0,226,45,56,0,0,4,0,60,0,0,53,2,4,90,3,50,0,8,18,54,69,10,0,33,0,0,100,16,74,81,80,2,2,2,2,4,27,58,15,25,20,8,10,30,0,14,13,20,8,30,13,519,0,74,76,1023,0,0,-30,0,0,112
45,6,6,6,6,16,Tito,Paul,0,88,0,0,12,87,0,5,1400,1009,1400,86,26,0,0,83,1,0,0,56,0,0,87,2,33,3,78,58,18,22,0,7,28,0,0,0,0,0,0,0,156,45,0,0,0,0,0,60,0,0,27,1,0,0,0,25,0,5,17,29,85,5,0,28,0,0,97,12,58,68,56,3,3,3,3,2,19,84,5,15,15,11,0,20,0,16,16,20,0,12,10,100,0,72,35,1023,20,0,-30,0,0,236
45,6,4,6,4,20,Jeff,Paulk,121,72,0,18,30,76,0,7,1401,22,1401,80,23,0,0,71,0,0,0,64,0,0,75,0,17,1015,90,26,32,31,0,9,77,0,0,0,0,2,0,2,9,45,100,0,2,1,2,0,0,0,46,2,1,18,2,88,0,3,37,36,54,1,0,89,0,1,78,29,66,69,56,0,4,0,4,3,23,57,4,23,25,7,24,8,0,1,1,37,4,29,11,136,0,72,80,1023,86,0,-19,0,0,150
3,5,5,5,5,17,Bryce,Paup,935,91,0,188,16,81,0,7,1402,31,1402,73,31,0,0,92,2,0,0,51,0,0,73,0,33,1009,84,93,32,33,0,3,35,0,2,0,0,0,0,0,150,28,53,0,0,1,0,60,0,1,95,1,2,188,3,50,0,6,20,72,71,10,0,49,0,0,100,18,76,89,90,2,2,2,2,6,28,60,15,25,20,10,10,30,0,13,13,20,9,35,23,935,0,77,87,1023,0,1,-30,0,0,360
45,5,3,5,3,20,Seth,Payne,1403,75,0,282,24,80,3,7,1403,17,1403,68,23,0,0,87,0,0,0,18,0,0,65,1,21,1015,77,82,29,30,0,3,37,0,2,0,7,0,7,0,44,40,47,0,0,1,2,7,0,0,91,0,3,282,3,76,0,3,10,83,42,3,0,18,0,1,100,14,89,86,71,2,2,2,2,10,34,42,20,24,22,8,22,32,0,12,12,100,5,34,26,1403,0,76,143,1023,3,2,-19,0,0,58
45,0,0,0,0,80,Doug,Pederson,141,83,0,22,7,65,0,7,1404,5,1404,63,31,0,0,77,1,0,0,21,0,0,64,0,33,1009,82,16,16,21,0,1,53,0,2,0,0,0,0,0,229,45,0,0,0,1,0,60,0,0,18,2,1,22,3,0,0,15,87,52,50,7,0,54,0,0,74,10,57,75,71,2,2,2,2,3,18,84,5,10,15,12,0,20,0,0,0,20,2,10,6,141,0,75,60,1023,0,0,-30,0,0,132
45,0,0,0,0,86,Rodney,Peete,351,90,0,75,13,69,0,7,1405,23,1405,67,33,0,0,79,2,0,0,21,0,0,57,2,33,1009,83,16,20,25,0,1,58,0,2,0,0,0,0,0,231,10,56,0,0,1,0,60,0,0,16,2,1,75,3,50,0,6,85,62,56,11,0,67,0,0,96,16,59,84,84,2,2,2,2,3,20,51,5,10,15,13,0,20,0,0,0,20,6,18,10,351,0,72,70,1023,0,0,-30,0,0,280
45,6,6,6,6,17,Erric,Pegram,0,85,0,111,16,85,0,5,1406,1009,1406,84,30,0,0,82,2,0,0,72,0,0,84,2,33,7,73,27,31,32,0,8,79,0,0,0,0,0,0,0,148,45,0,0,0,0,0,60,0,0,20,2,0,111,3,50,0,6,18,66,67,9,0,85,0,0,55,17,62,79,78,3,3,3,3,5,21,78,5,20,15,7,0,30,0,1,1,25,5,9,4,609,0,70,35,1023,20,1,-30,0,0,21
6,0,0,0,0,17,Doug,Pelfrey,0,85,0,0,93,55,0,7,1407,1009,1407,53,28,0,0,70,1,0,0,16,0,0,52,0,33,1015,75,23,17,21,0,0,13,0,2,0,0,0,0,0,98,13,67,0,0,0,0,60,0,0,9,1,0,0,1,35,0,8,22,65,51,7,0,18,0,0,94,88,47,93,93,2,2,2,2,3,14,83,5,15,15,12,5,15,0,19,19,15,3,11,1,83,0,71,25,1023,0,6,-30,0,0,48
45,6,6,6,6,16,Chris,Penn,0,90,0,0,12,88,0,5,1408,1009,1408,87,28,0,0,81,1,0,0,72,0,0,86,2,33,0,76,29,27,28,0,1,58,0,0,0,0,0,0,0,222,45,11,0,0,0,0,60,0,0,87,2,0,0,2,50,0,3,17,38,86,6,0,69,0,0,25,13,56,72,64,3,3,3,3,3,18,82,5,15,15,12,0,20,0,3,3,20,1,9,7,100,0,72,38,1023,55,0,-30,0,0,102
45,6,6,6,6,12,Brett,Perriman,0,90,0,166,16,86,0,5,1409,1009,1409,83,33,0,0,77,2,0,0,88,0,0,84,2,33,11,71,22,20,21,0,1,60,0,0,0,0,0,0,0,115,45,0,0,0,0,0,60,0,0,10,0,0,166,3,70,0,2,13,76,90,12,0,66,0,0,96,18,52,83,84,3,3,3,3,3,16,91,5,15,15,10,0,20,0,3,3,20,2,9,7,970,0,69,20,1023,55,1,-30,0,0,238
13,6,6,6,6,15,Darren,Perry,317,97,0,77,15,86,0,5,1410,27,1410,84,30,0,0,91,1,0,0,62,0,0,85,2,33,1015,86,76,22,27,0,8,38,0,0,0,0,0,0,0,164,3,40,0,0,1,0,60,0,1,39,1,1,77,3,25,0,8,16,83,84,8,0,32,0,0,100,16,66,91,93,3,3,3,3,5,23,82,5,20,15,8,5,20,0,17,17,15,1,12,10,317,0,71,36,1023,15,7,-30,0,0,20
45,5,5,5,5,17,Gerald,Perry,0,58,0,0,14,58,0,7,1411,1009,1411,44,34,0,0,83,2,0,0,16,0,0,44,2,33,22,75,28,87,88,0,3,23,0,2,0,0,0,0,0,193,45,0,0,0,0,0,60,0,0,71,0,0,0,0,0,0,2,19,58,29,12,0,27,0,0,100,16,87,79,79,2,2,2,2,10,34,39,16,25,25,8,20,30,0,5,5,35,7,34,28,0,0,78,130,1023,0,3,-30,0,0,338
45,7,7,7,7,21,Jason,Perry,475,97,0,70,35,88,2,7,1412,8,1412,88,22,0,0,83,0,0,0,72,0,0,85,1,17,1015,93,56,15,31,0,7,24,0,0,0,0,7,0,7,138,45,100,0,0,2,0,26,0,0,31,0,2,70,2,81,0,2,17,43,82,1,0,57,0,1,50,27,61,73,54,0,4,0,4,0,20,90,6,31,7,11,4,36,2,17,17,74,5,9,10,475,0,72,40,1023,7,0,-19,0,0,58
45,5,5,5,5,12,Marlo,Perry,0,80,0,0,11,75,0,7,1413,1009,1413,72,26,0,0,92,1,0,0,33,0,0,71,2,33,1015,87,77,32,33,0,3,35,0,2,0,2,2,2,2,92,45,0,0,0,0,0,60,0,0,58,2,0,0,2,25,0,3,16,40,68,6,0,31,0,0,100,14,77,72,73,2,2,2,2,6,28,40,15,25,20,9,5,30,0,14,15,25,2,23,21,220,0,76,90,1023,0,5,-30,0,0,54
45,5,5,5,5,9,Todd,Perry,371,52,0,52,6,45,0,7,1414,1,1414,39,28,0,0,86,1,0,0,8,0,0,42,0,33,1015,81,30,82,85,0,3,25,0,2,0,0,0,0,0,98,45,0,0,0,2,0,60,0,0,75,0,4,52,2,0,0,4,11,40,21,7,0,18,0,0,99,8,91,72,69,2,2,2,2,8,36,37,21,25,34,8,15,30,0,6,6,25,9,42,28,371,0,77,150,1023,0,6,-30,0,0,122
45,7,4,7,4,27,Wilmont,Perry,0,98,0,0,31,76,1,7,1415,1009,1415,86,22,0,0,88,0,2,0,64,0,0,78,3,1,1015,86,25,53,47,0,7,81,0,0,0,7,0,7,0,265,45,0,2,2,0,0,36,0,0,33,2,0,0,2,80,0,5,30,38,62,2,0,66,0,1,49,38,69,72,55,4,2,4,2,4,24,67,39,29,36,12,19,28,1,2,1,11,4,26,11,81,0,73,75,1023,27,1,-19,0,0,204
45,4,2,4,2,18,Andre,Purvis,0,70,0,0,24,82,3,5,1416,1009,1416,56,23,0,0,81,0,0,0,12,0,0,55,3,13,1015,75,75,39,30,0,12,30,0,0,0,0,2,0,2,135,40,0,1,1,0,4,18,0,0,97,2,0,0,2,70,0,5,23,49,36,3,0,23,0,1,92,23,87,75,58,2,2,2,2,7,34,33,15,48,23,9,24,22,0,12,12,11,4,22,25,469,0,76,150,1023,2,2,-19,0,0,204
14,3,6,3,6,19,Christian,Peter,100,83,0,0,17,70,0,0,1417,16,1417,62,27,0,1,57,1,0,0,21,0,0,65,2,5,21,65,70,15,19,0,3,29,0,0,0,0,0,0,0,142,40,0,0,0,1,0,16,0,0,99,2,2,0,2,60,0,6,19,49,47,4,0,24,0,1,40,15,88,73,60,2,0,2,0,8,34,43,16,19,34,13,15,22,0,12,12,42,5,42,30,100,0,75,135,1023,0,1,-19,0,0,205
40,4,1,4,1,27,Jason,Peter,737,78,0,108,19,61,0,5,1418,21,1418,61,24,0,0,75,0,0,0,23,0,0,68,3,14,1015,67,69,36,28,2,3,31,0,0,0,9,9,9,9,142,12,0,3,3,1,0,36,0,0,97,2,2,108,2,53,0,1,14,36,60,2,0,24,0,1,65,24,91,71,66,0,3,0,3,5,36,40,25,14,25,10,16,21,0,10,10,11,6,27,23,737,0,76,135,1023,5,1,-19,0,0,204
45,5,5,5,5,17,Tyrell,Peters,0,69,0,0,15,83,0,7,1419,1009,1419,75,25,0,0,91,2,0,0,52,0,0,75,2,33,27,77,75,32,36,0,3,28,0,2,0,2,2,2,2,157,45,0,0,0,0,0,60,0,0,53,2,0,0,0,25,0,8,20,53,64,3,0,27,0,0,50,17,63,65,65,2,2,2,2,3,22,67,15,25,20,8,5,30,0,14,14,25,7,28,11,150,0,72,70,1023,0,1,-30,0,0,54
45,5,5,5,5,14,Anthony,Peterson,0,92,0,0,13,80,0,7,1420,1009,1420,76,27,0,0,88,1,0,0,37,0,0,75,1,33,1015,83,75,26,27,0,3,29,0,2,0,0,0,0,0,152,45,5,0,0,0,0,60,0,0,53,2,0,0,3,25,0,5,19,31,72,6,0,35,0,0,97,17,73,74,74,2,2,2,2,4,26,57,15,25,20,9,10,30,0,15,15,20,3,32,10,279,0,73,72,1023,0,5,-30,0,0,181
45,5,7,5,7,31,Mike,Peterson,1317,82,0,117,26,77,0,4,1421,10,1421,74,23,0,0,83,0,0,0,73,0,0,84,3,2,1015,72,79,26,18,0,8,38,0,0,0,0,0,0,0,62,45,100,0,0,3,2,29,0,0,52,0,3,117,3,88,0,2,20,74,50,1,0,24,0,1,81,38,75,84,80,0,4,0,4,1,28,59,56,50,51,11,6,16,0,15,14,50,5,18,10,1317,0,73,78,1023,7,0,-19,0,0,204
45,0,0,0,0,17,Todd,Peterson,189,85,0,13,91,55,0,7,1422,9,1422,52,29,0,0,70,1,0,0,19,0,0,51,0,33,1009,75,21,15,18,0,0,8,0,2,0,0,0,0,0,265,45,58,0,0,1,0,60,0,0,2,1,2,13,1,25,0,7,19,60,50,6,0,20,0,0,99,87,45,89,96,2,2,2,2,1,12,98,5,15,15,10,5,15,0,19,19,15,0,0,9,82,0,71,20,1023,0,4,-30,0,0,56
45,4,6,4,6,33,Luke,Petitgout,2041,83,0,378,23,67,0,7,1423,16,1423,56,23,0,0,88,0,0,0,37,0,0,56,0,3,1015,70,15,78,80,0,3,11,0,2,0,0,3,0,3,152,12,100,0,0,7,0,22,0,0,77,1,7,378,3,2,0,1,20,52,28,1,0,39,0,1,52,28,93,75,74,0,2,0,2,3,36,37,21,17,23,11,22,11,0,5,8,74,10,37,24,2041,0,78,150,1023,9,0,-19,0,0,150
45,5,5,5,5,17,Roman,Phifer,508,88,0,94,15,80,0,7,1424,18,1424,72,31,0,0,91,2,0,0,53,0,0,76,2,33,1009,86,85,32,36,0,3,28,0,2,0,0,0,0,0,226,45,36,0,0,2,0,60,0,0,56,1,2,94,3,50,0,2,20,66,68,9,0,48,0,0,100,17,76,83,83,2,2,2,2,4,28,46,15,25,20,8,10,30,0,15,14,20,7,29,22,508,0,74,88,1023,0,0,-30,0,0,42
45,6,6,6,6,9,Joe,Phillips,0,57,0,0,9,47,0,5,1425,1009,1425,45,35,0,0,89,2,0,0,17,0,0,43,0,33,23,73,88,36,37,0,3,30,0,0,0,0,0,0,0,265,45,38,0,0,0,0,60,0,0,75,2,0,0,0,25,0,4,14,51,43,14,0,21,0,0,49,11,78,76,94,3,3,3,3,5,29,42,20,25,26,12,16,30,0,12,12,30,10,28,30,200,0,77,142,1023,0,0,-30,0,0,163
45,7,7,7,7,19,Lawrence,Phillips,0,87,0,0,23,90,0,5,1426,1009,1426,87,24,0,1,91,1,0,0,73,0,0,88,2,18,1009,83,29,22,29,0,10,85,0,0,0,0,0,0,0,142,12,0,0,0,0,0,39,0,0,33,2,0,0,3,86,0,1,20,58,65,4,0,84,0,1,99,22,78,82,67,2,0,2,0,1,29,76,10,10,57,8,15,24,0,1,1,22,5,8,5,714,0,72,52,1023,0,0,-19,0,0,204
45,7,4,7,4,31,Ryan,Phillips,650,81,0,78,31,73,0,4,1427,16,1427,77,24,0,0,89,0,0,1,72,0,0,71,1,3,1015,72,78,20,30,0,13,30,0,0,0,0,0,0,0,124,45,29,0,0,1,4,20,0,0,91,2,3,78,2,65,0,3,11,50,60,3,0,34,5,1,20,31,71,78,77,0,0,0,0,5,26,45,1,42,30,13,25,12,0,13,14,12,5,28,24,650,0,72,86,1023,9,2,-19,0,0,58
45,6,6,6,6,15,Dino,Philyaw,0,87,0,0,14,85,0,5,1428,1009,1428,84,28,0,0,81,1,0,0,59,0,0,85,2,33,19,79,26,33,34,0,8,76,0,0,0,0,0,0,0,160,45,0,0,0,0,0,60,0,0,37,2,0,0,0,0,0,6,16,50,64,5,0,78,0,0,99,15,61,72,58,3,3,3,3,5,20,84,5,20,15,7,0,30,0,1,1,25,3,5,7,100,0,70,45,1023,55,4,-30,0,0,119
45,6,6,6,6,15,Bruce,Pickens,0,89,0,0,15,88,0,5,1429,1009,1429,87,30,0,0,83,2,0,0,55,0,0,86,2,3,22,78,56,18,22,0,7,24,0,0,0,0,0,0,0,142,45,0,0,0,0,0,60,0,0,39,1,0,0,0,50,0,1,16,43,87,9,0,24,0,0,86,16,58,71,65,3,3,3,3,0,19,86,5,15,15,9,0,20,0,16,16,20,1,10,11,0,0,71,30,1023,20,3,-30,0,0,103
13,6,6,6,6,16,Carl,Pickens,893,91,0,462,16,95,0,5,1430,30,1430,92,29,0,0,85,1,0,0,99,0,0,88,1,33,1015,80,22,27,28,0,1,65,0,0,0,0,0,0,0,211,35,27,0,0,1,0,60,0,1,86,2,1,462,3,80,0,2,18,87,92,8,0,72,0,0,94,17,60,95,91,3,3,3,3,1,20,83,5,15,15,12,0,20,0,3,3,20,2,8,10,2436,0,74,46,1023,80,7,2,0,0,43
45,5,5,5,5,15,Aaron,Pierce,0,84,0,0,13,70,0,7,1431,1009,1431,69,29,0,0,90,1,0,0,74,0,0,70,1,33,1009,85,28,60,62,0,8,63,0,2,0,0,0,0,0,252,45,0,0,0,0,0,60,0,0,81,2,0,0,3,30,0,3,16,67,66,8,0,62,0,0,93,14,75,79,71,2,2,2,2,4,28,53,15,25,20,7,5,30,0,4,4,30,9,26,21,151,0,77,92,1023,15,0,-30,0,0,90
45,5,5,5,5,16,Pete,Pierson,351,61,0,20,13,55,0,7,1432,6,1432,43,28,0,0,84,1,0,0,15,0,0,42,1,33,1015,79,29,84,86,0,3,24,0,2,0,0,0,0,0,252,45,0,0,0,3,0,60,0,0,69,0,4,20,2,0,0,5,18,40,28,6,0,26,0,0,77,15,89,72,63,2,2,2,2,4,34,47,16,25,34,12,18,30,0,5,9,35,8,27,28,160,0,77,146,1023,0,5,-30,0,0,310
45,5,5,5,5,15,Evan,Pilgrim,200,60,0,0,12,55,0,7,1433,14,1433,42,26,0,0,86,1,0,0,14,0,0,43,0,33,31,81,30,82,83,0,3,25,0,2,0,0,0,0,0,26,45,0,0,0,2,0,60,0,0,63,0,2,0,2,0,0,3,17,28,27,5,0,25,0,0,56,14,91,70,58,2,2,2,2,7,36,42,24,25,22,10,23,30,0,7,8,25,10,36,25,200,0,76,144,1023,0,0,-30,0,0,122
45,5,0,5,0,38,Zach,Piller,276,55,0,44,12,76,0,0,1434,30,1434,44,21,0,0,97,0,0,0,11,0,0,56,0,14,1015,64,26,85,83,0,3,36,0,0,0,8,4,8,4,62,45,100,0,0,1,0,48,0,0,69,2,1,44,3,80,0,3,25,40,31,1,0,28,0,1,79,27,96,79,63,0,0,0,0,8,38,24,23,26,27,8,21,12,0,8,5,72,20,40,22,276,0,77,155,1023,5,0,-19,0,0,150
45,3,4,3,4,20,Kavika,Pittman,263,94,0,0,18,78,0,1,1435,4,1435,68,26,0,0,82,1,0,0,20,0,0,70,2,28,1015,88,71,21,20,0,2,22,0,0,0,0,9,0,9,113,40,34,0,0,1,0,12,0,0,95,2,1,0,3,68,0,2,20,60,62,4,0,23,0,1,75,19,91,81,67,2,2,2,2,7,36,43,9,10,38,11,12,16,0,10,10,36,6,39,26,263,0,78,113,1023,0,3,-19,0,0,195
45,3,7,3,7,23,Michael,Pittman,1522,79,0,90,32,87,0,5,1436,7,1436,89,22,1,0,71,0,0,0,65,0,0,84,3,20,1015,64,28,36,45,0,1,87,0,0,0,0,9,0,9,66,14,0,0,0,3,0,6,0,0,32,2,4,90,3,64,0,2,34,60,70,2,0,83,6,1,85,38,73,81,67,0,0,0,0,3,26,61,31,21,29,7,9,2,0,1,1,38,5,32,11,510,2,72,65,1023,48,1,-19,0,0,204
45,0,0,0,0,10,Scott,Player,1100,89,0,400,83,62,0,7,1437,7,1437,58,30,0,0,38,1,0,0,40,0,0,33,0,4,1015,85,18,23,12,0,1,28,0,2,0,0,0,0,0,64,45,72,3,3,6,0,48,0,0,10,2,7,400,0,62,0,2,14,39,38,3,0,11,0,1,97,87,21,74,75,0,0,0,0,3,0,81,7,12,19,9,8,10,0,20,19,3,2,12,10,1100,0,73,45,1023,4,1,-19,0,0,150
45,6,6,6,6,9,Anthony,Pleasant,361,60,0,60,9,69,0,5,1438,15,1438,58,31,0,0,90,2,0,0,26,0,0,67,2,33,1009,84,82,34,38,0,3,38,0,0,0,0,0,0,0,212,45,34,0,0,1,0,60,0,0,94,1,2,60,3,25,0,3,14,66,52,10,0,35,0,0,100,11,84,81,87,3,3,3,3,5,32,33,20,25,29,10,19,30,0,11,11,25,7,28,24,492,0,77,120,1023,0,1,-30,0,0,84
45,2,0,2,0,33,Chad,Plummer,180,49,0,20,30,76,0,7,1439,10,1439,84,23,0,0,84,0,0,0,80,0,0,48,0,11,1009,73,38,22,31,1,8,62,0,4,0,9,8,9,8,36,45,100,3,3,2,0,38,0,0,87,2,2,20,2,88,0,6,32,28,60,1,0,68,0,1,65,31,73,64,77,0,4,0,4,4,26,87,32,37,47,7,30,22,0,3,3,77,1,7,12,180,0,75,58,1023,5,0,-19,0,0,150
45,0,0,0,0,88,Jake,Plummer,4285,97,0,950,24,86,0,7,1440,7,1440,81,26,0,0,97,0,0,0,25,0,0,88,0,10,1015,84,22,12,29,0,1,49,0,4,0,0,0,0,0,9,18,78,0,0,3,0,33,0,0,16,1,5,950,3,74,0,2,94,96,42,3,0,58,0,1,80,11,58,94,84,1,1,0,0,1,19,65,8,25,54,7,0,12,0,0,0,14,0,13,12,4285,0,74,52,1023,0,2,-19,0,0,150
45,4,7,4,7,22,Anthony,Poindexter,191,86,0,24,11,88,0,0,1441,25,1441,90,21,0,0,93,0,0,0,56,0,0,85,3,33,1009,68,51,17,28,0,7,39,0,0,0,7,8,7,8,240,45,100,0,0,2,0,2,0,0,43,2,2,24,2,77,0,8,14,31,80,1,0,33,0,1,66,33,45,67,57,2,2,2,2,3,12,90,8,23,17,9,7,18,0,16,16,32,4,11,5,191,0,72,60,1023,25,0,-19,0,0,204
45,5,5,5,5,19,Frank,Pollack,0,65,0,87,16,60,0,7,1442,1009,1442,46,31,0,0,83,2,0,0,18,0,0,45,0,33,14,78,28,88,85,0,3,23,0,2,0,0,0,0,0,133,45,0,0,0,0,0,60,0,0,75,1,0,87,3,0,0,6,21,41,31,10,0,29,0,0,94,18,88,80,82,2,2,2,2,9,34,48,23,25,21,11,25,30,0,5,5,35,9,42,27,519,0,77,125,1023,0,1,-30,0,0,38
45,5,5,5,5,17,Marcus,Pollard,1066,91,0,60,15,80,0,7,1443,10,1443,76,27,0,0,84,1,0,0,74,0,0,81,2,33,1009,79,34,50,52,0,8,68,0,2,0,0,0,0,0,265,45,0,0,0,7,0,60,0,0,81,1,7,60,3,50,0,15,18,43,87,5,0,68,0,0,83,16,69,78,74,2,2,2,2,1,24,71,15,25,20,8,5,30,0,4,4,30,3,30,11,415,0,76,79,1023,30,4,-30,0,0,26
45,3,6,3,6,22,Keith,Poole,960,99,0,147,14,96,0,0,1444,27,1444,88,24,0,0,98,0,1,0,78,0,0,91,0,5,1015,76,26,24,36,0,1,67,0,0,0,0,9,0,9,9,45,20,0,2,1,0,5,0,0,83,2,3,147,3,67,0,5,22,54,99,3,0,51,0,1,9,28,51,80,62,1,4,1,4,5,16,84,3,15,43,11,5,27,1,3,3,12,3,12,4,879,0,72,33,1023,25,2,-19,0,0,150
30,6,6,6,6,17,Tyrone,Poole,300,99,0,0,16,92,0,5,1445,10,1445,91,27,0,0,78,1,0,0,61,0,0,92,2,22,20,73,61,23,24,0,7,35,0,0,0,0,0,0,0,265,12,36,0,0,2,0,60,0,0,38,0,3,0,0,60,0,1,18,51,83,5,0,32,0,0,81,18,53,78,69,3,3,3,3,1,16,91,5,15,15,12,0,20,0,16,16,20,3,8,7,300,0,68,28,1023,20,0,-30,0,0,22
45,0,0,0,0,26,Daniel,Pope,25,98,0,0,79,52,0,7,1446,2,1446,57,24,0,0,77,0,0,0,26,0,0,50,3,63,1015,88,17,18,14,0,5,22,0,2,0,0,0,0,0,3,45,100,3,3,1,0,50,0,0,13,1,1,0,0,61,0,15,13,0,23,1,0,22,0,1,100,80,15,53,51,0,2,0,2,0,0,68,47,24,22,11,18,17,0,20,20,49,0,8,9,25,0,70,43,1023,7,31,-19,0,0,204
6,6,6,6,6,16,Marquez,Pope,558,99,0,182,7,90,0,5,1447,23,1447,88,28,0,0,84,1,0,0,64,0,0,89,1,33,1009,79,80,26,25,0,7,26,0,0,0,0,0,0,0,66,29,0,0,0,1,0,60,0,0,49,1,1,182,3,25,0,2,16,85,81,8,0,28,0,0,91,9,69,91,83,3,3,3,3,3,24,88,5,15,15,7,0,20,0,18,16,20,5,7,5,558,0,71,33,1023,20,0,2,0,0,290
45,5,5,5,5,12,Ted,Popson,0,82,0,70,10,80,0,7,1448,1009,1448,77,32,0,0,88,2,0,0,75,0,0,78,0,33,8,83,28,56,59,0,8,62,0,2,0,0,0,0,0,167,45,0,0,0,0,0,60,0,0,85,1,0,70,3,30,0,11,14,44,59,8,0,62,0,0,77,12,73,84,81,2,2,2,2,4,26,59,15,25,20,11,5,30,0,4,4,30,4,20,21,422,0,76,90,1023,15,0,-30,0,0,83
3,6,6,6,6,11,Robert,Porcher,2761,75,0,360,11,79,0,5,1449,19,1449,71,29,0,0,81,1,0,0,46,0,0,72,2,26,1015,75,84,24,28,0,3,26,0,0,0,0,0,0,0,179,13,52,0,0,2,0,60,0,1,91,2,5,360,3,50,0,1,18,80,73,8,0,23,0,0,100,15,75,90,99,3,3,3,3,4,28,39,25,25,30,11,15,30,0,11,11,25,7,31,23,1506,0,75,106,1023,0,7,-30,0,0,282
45,4,2,4,2,29,Daryl,Porter,209,84,0,26,10,97,0,7,1450,3,1450,87,23,2,0,81,0,0,0,68,0,0,95,3,22,1015,68,54,19,21,0,7,30,0,0,0,9,0,9,0,20,45,0,2,2,1,0,35,0,0,22,1,2,26,2,91,0,6,18,45,91,3,0,46,0,1,100,10,61,74,60,1,2,1,2,2,20,85,2,7,24,11,17,34,0,18,16,33,1,5,1,209,0,69,27,1023,10,2,-19,0,0,204
45,7,4,7,4,32,Joey,Porter,1802,84,0,329,35,81,0,5,1451,29,1451,74,22,0,0,97,0,0,0,58,0,0,77,3,29,1015,67,80,12,32,2,3,29,0,0,0,0,7,0,7,42,45,100,0,0,7,0,14,0,0,55,2,7,329,3,8,0,3,24,51,74,1,0,27,0,1,99,14,79,81,78,0,1,0,1,4,30,52,1,30,61,9,48,2,0,15,15,0,5,31,25,1802,0,75,95,1023,8,0,-19,0,0,204
45,5,5,5,5,17,Rufus,Porter,0,85,0,0,16,76,0,7,1452,1009,1452,68,33,0,0,86,2,0,0,48,0,0,72,2,33,5,72,85,25,26,0,3,28,0,2,0,0,0,0,0,193,45,0,0,0,0,0,60,0,0,59,1,0,0,0,65,0,15,20,56,70,12,0,37,0,0,21,18,71,80,87,2,2,2,2,1,26,68,15,25,20,12,10,30,0,15,15,20,7,22,12,29,0,73,68,1023,0,1,-30,0,0,105
45,5,0,5,0,39,Jose,Portilla,0,60,0,0,15,43,0,0,1453,1009,1453,45,26,0,0,88,0,0,0,24,0,0,52,3,20,1015,88,10,88,72,0,2,29,0,0,0,6,0,6,0,8,45,58,0,0,0,0,10,0,0,76,1,0,0,0,85,0,6,22,48,23,3,0,37,6,1,80,18,95,79,88,3,0,3,0,11,38,40,25,6,30,8,22,23,0,9,7,52,17,22,28,100,0,78,160,1023,4,1,-19,0,0,204
45,5,5,5,5,33,Jeff,Posey,150,95,0,0,38,86,0,10,1454,15,1454,76,24,0,0,88,0,2,0,48,0,0,78,3,4,1015,92,60,19,10,0,3,26,0,0,0,9,0,9,0,194,45,0,2,2,2,0,32,0,0,96,2,3,0,0,68,0,6,26,26,56,2,0,34,0,1,99,18,86,83,80,0,4,0,4,7,33,55,14,12,48,8,34,29,0,10,13,81,5,32,25,150,0,76,81,1023,0,0,-19,0,0,204
45,6,6,6,6,11,Roosevelt,Potts,0,78,0,96,10,80,0,5,1455,1009,1455,76,28,0,0,95,1,0,0,58,0,0,79,2,33,24,92,36,43,56,0,8,88,0,0,0,0,0,0,0,229,45,77,0,0,0,0,60,0,0,42,2,0,96,3,50,0,2,12,62,63,7,0,82,0,0,84,11,77,90,96,3,3,3,3,4,28,47,5,20,15,7,0,30,0,2,1,25,6,19,20,450,0,72,85,1023,20,0,-30,0,0,22
45,6,6,6,6,16,Darryl,Pounds,250,98,0,0,11,89,0,5,1456,4,1456,88,26,0,0,81,1,0,0,57,0,0,87,2,33,25,76,58,19,22,0,7,28,0,0,0,0,0,0,0,146,45,43,0,0,1,0,60,0,0,31,1,5,0,0,25,0,3,17,40,85,5,0,28,0,0,100,13,76,75,67,3,3,3,3,5,28,87,5,15,15,7,0,20,0,16,16,20,2,1,6,250,0,70,25,1023,20,1,-30,0,0,339
45,5,5,5,5,17,Shar,Pourdanesh,0,60,0,0,14,60,0,7,1457,29,1457,45,28,0,0,84,1,0,0,16,0,0,46,1,33,25,79,29,83,86,0,3,24,0,2,0,0,0,0,0,265,45,0,0,0,0,0,60,0,0,68,0,0,0,3,0,0,15,19,55,29,5,0,27,0,0,100,16,92,76,70,2,2,2,2,10,36,37,24,25,34,13,18,30,0,9,9,35,24,30,28,447,0,78,152,1023,0,0,-30,0,0,204
45,6,3,6,3,18,Zeke,Oman,0,85,0,0,23,65,0,5,1458,1009,1458,51,28,0,0,70,0,0,0,12,0,0,54,1,19,1015,74,10,76,82,0,3,33,0,0,0,0,0,0,0,143,45,100,2,2,0,0,6,0,0,68,1,0,0,0,74,0,7,34,0,22,4,0,24,0,1,88,23,87,70,67,2,0,2,0,7,34,40,25,28,28,12,24,14,0,9,6,101,27,29,30,400,0,78,152,1023,8,31,-19,0,0,58
45,3,5,3,5,33,Carl,Powell,0,77,0,0,13,70,0,5,1459,25,1459,74,24,0,0,88,0,0,0,24,0,0,62,3,26,9,84,76,23,36,0,13,21,6,0,0,7,8,7,8,105,40,67,2,2,0,4,55,0,0,76,2,0,0,3,68,0,5,36,63,64,3,0,37,0,1,94,24,91,85,83,0,0,0,0,4,36,47,45,14,15,13,41,5,0,10,10,6,8,38,24,474,0,74,118,1023,8,0,-19,0,0,204
45,6,6,6,6,16,Roell,Preston,0,90,0,0,17,93,0,5,1460,1009,1460,87,26,0,0,78,1,0,0,75,0,0,87,2,33,1009,73,19,21,22,0,1,55,0,0,0,0,0,0,0,159,11,31,0,0,0,0,60,0,0,15,2,0,0,3,30,0,5,17,43,82,5,0,66,0,0,100,19,53,77,78,3,3,3,3,4,16,80,5,15,15,7,0,20,0,3,3,20,2,9,2,654,0,70,27,1023,90,0,-30,0,0,238
45,5,5,5,5,10,Marcus,Price,118,60,0,14,29,60,0,7,1461,27,1461,45,27,0,0,71,1,0,0,17,0,0,48,2,33,1009,75,18,83,80,0,3,13,0,2,0,0,0,0,0,106,45,0,0,0,1,0,60,0,0,70,1,1,14,2,58,0,6,27,30,36,5,0,27,0,0,32,29,90,68,55,2,2,2,2,9,35,36,17,25,28,12,18,30,0,5,9,35,8,35,22,118,0,76,150,1023,0,2,-30,0,0,445
45,3,7,3,7,11,Peerless,Price,2829,86,0,162,31,88,0,10,1462,3,1462,90,24,0,1,76,0,0,2,83,0,0,88,3,23,1015,79,20,21,37,0,0,44,0,0,0,0,8,0,8,211,45,100,0,2,4,0,5,0,0,81,2,4,162,3,96,0,2,10,60,99,1,0,68,0,1,100,24,44,82,75,0,0,0,0,1,12,74,1,13,34,13,14,19,1,3,3,78,1,11,10,975,0,71,34,1023,30,0,-19,0,0,204
45,6,6,6,6,8,Shawn,Price,125,55,0,0,8,60,0,5,1463,3,1463,53,29,0,0,92,1,0,0,16,0,0,55,0,33,20,86,82,36,40,0,3,41,0,0,0,0,0,0,0,265,40,0,0,0,3,0,60,0,0,91,1,5,0,2,25,0,15,13,44,44,7,0,36,0,0,100,10,88,76,70,3,3,3,3,4,34,47,22,25,25,8,18,30,0,12,10,25,5,30,26,125,0,76,130,1023,0,2,-30,0,0,323
45,1,7,1,7,20,Mike,Pringley,122,79,0,17,39,74,0,7,1464,8,1464,64,23,0,0,95,0,1,1,22,0,0,70,3,17,1009,76,68,12,18,0,3,20,0,0,0,1,0,1,0,135,45,100,2,2,1,0,5,0,0,72,0,1,17,2,71,0,7,13,36,64,1,0,32,0,1,97,25,76,71,64,0,4,0,4,6,28,51,43,21,7,8,18,36,0,11,11,60,9,28,23,122,0,76,117,1023,3,0,-19,0,0,204
45,5,3,5,3,16,Pierson,Prioleau,733,93,0,144,13,90,0,5,1465,15,1465,90,23,0,0,85,0,0,0,52,0,0,84,3,8,1015,87,70,20,25,0,7,28,0,0,0,0,9,0,9,241,45,100,2,2,3,0,31,0,0,23,1,3,144,3,98,0,4,25,57,90,1,0,50,0,1,100,26,64,73,62,1,0,1,0,1,22,82,35,27,39,12,6,7,0,16,17,64,5,9,5,733,0,71,28,1023,2,0,-19,0,0,204
45,6,6,6,6,16,Mike,Pritchard,0,91,0,0,15,90,0,5,1466,1009,1466,88,29,0,0,84,1,0,0,76,0,0,87,2,13,1009,79,18,28,29,0,1,56,0,0,0,0,0,0,0,41,4,14,0,0,0,0,60,0,0,85,2,0,0,3,60,0,1,18,51,81,9,0,68,0,0,80,16,59,77,75,3,3,3,3,0,20,83,5,15,15,9,0,20,0,3,3,20,2,2,8,648,0,70,28,1023,20,3,-30,0,0,148
4,6,6,6,6,13,Kelvin,Pritchett,2462,65,0,468,13,65,0,5,1467,19,1467,49,29,0,0,91,2,0,0,21,0,0,50,2,20,1009,87,82,38,39,0,3,34,0,0,0,0,0,0,0,159,40,0,0,0,6,0,60,0,0,93,1,6,468,3,25,0,1,18,62,47,9,0,25,0,0,99,15,91,84,87,3,3,3,3,49,36,19,35,25,34,13,23,30,0,12,12,30,30,34,28,2462,0,75,162,1023,0,0,-30,0,0,94
45,0,7,0,7,12,Stanley,Pritchett,263,87,0,255,19,85,0,7,1468,13,1468,82,26,1,0,95,1,0,0,78,0,0,84,2,11,1015,86,21,52,61,0,10,70,0,0,0,0,0,0,0,176,45,66,0,1,1,0,38,0,0,36,2,1,255,3,95,0,5,26,57,55,4,0,75,0,1,97,17,72,99,88,2,3,2,3,3,26,48,9,10,23,11,9,13,0,2,2,21,0,35,23,967,1,74,90,1023,3,3,-19,0,0,204
45,6,6,6,6,15,Ricky,Proehl,1364,87,0,123,15,85,0,5,1469,24,1469,84,31,0,0,81,2,0,0,81,0,0,87,0,33,1009,76,18,26,27,0,1,62,0,0,0,0,0,0,0,249,45,16,0,0,4,0,60,0,0,87,0,5,123,3,25,0,3,16,51,89,10,0,73,0,0,88,16,56,79,78,3,3,3,3,5,18,69,5,15,15,13,0,20,0,3,3,20,2,12,4,744,0,72,30,1023,20,1,-30,0,0,136
40,3,5,3,5,13,Trevor,Pryce,2750,80,0,550,15,76,0,5,1470,4,1470,66,25,0,0,93,0,0,0,26,0,0,59,3,32,1015,71,78,23,32,0,3,18,0,0,0,0,0,0,0,38,12,40,0,0,3,3,15,0,0,93,2,5,550,3,64,0,1,20,58,47,3,0,22,0,1,50,10,90,84,74,2,2,2,2,7,35,33,16,29,25,7,16,28,0,12,12,105,9,29,25,2750,0,77,130,1023,0,2,-19,0,0,204
45,5,5,5,5,11,Alfred,Pupunu,242,79,0,43,9,65,0,7,1471,19,1471,64,29,0,0,92,1,0,0,83,0,0,64,1,33,1009,87,35,63,65,0,8,72,0,2,0,0,0,0,0,253,45,0,0,0,1,0,60,0,0,81,2,1,43,3,60,0,15,13,58,68,8,0,69,0,0,57,11,77,83,65,2,2,2,2,4,28,50,15,25,20,12,5,30,0,4,4,30,6,25,26,242,0,74,102,1023,15,0,-30,0,0,28
45,5,5,5,5,19,Jim,Pyne,400,64,0,200,16,60,0,7,1472,5,1472,46,27,0,0,85,1,0,0,18,0,0,48,0,33,18,80,30,82,86,0,3,25,0,2,0,0,0,0,0,241,45,0,0,0,2,0,60,0,0,71,0,2,200,2,0,0,7,21,53,31,6,0,29,0,0,97,18,90,76,68,2,2,2,2,4,35,48,20,25,29,10,22,30,0,6,6,25,29,33,27,400,0,74,127,1023,0,0,-30,0,0,154
45,0,0,0,0,82,Texans,QB #10,400,80,0,0,7,52,0,7,1473,32,1473,50,28,0,0,81,1,0,0,16,0,0,49,0,33,29,86,18,20,25,0,1,57,0,2,0,0,0,0,0,265,45,0,0,0,3,0,60,0,0,10,0,4,0,0,0,0,15,88,62,46,6,0,63,0,0,0,10,61,72,69,2,2,2,2,1,20,62,5,10,15,8,0,20,0,0,0,20,2,16,14,400,0,77,71,1023,0,1,-30,0,0,80
45,0,0,0,0,89,Texans,QB #8,100,87,0,0,7,52,0,7,1474,32,1474,50,28,0,0,81,1,0,0,16,0,0,49,0,33,29,86,18,20,25,0,1,57,0,2,0,0,0,0,0,265,45,0,0,0,3,0,60,0,0,8,0,4,0,0,0,0,15,87,80,46,6,0,65,0,0,0,10,61,80,78,2,2,2,2,5,20,63,5,10,15,11,0,20,0,0,0,20,2,6,8,100,0,74,60,1023,0,1,-30,0,0,485
45,0,0,0,0,83,Texans,QB #9,400,95,0,0,15,69,0,7,1475,32,1475,65,29,0,0,77,1,0,0,22,0,0,66,0,33,29,82,17,16,21,0,1,55,0,2,0,0,0,0,0,265,45,52,0,0,3,0,60,0,0,9,2,4,0,0,0,0,15,86,72,57,6,0,61,0,0,0,17,57,77,71,2,2,2,2,0,18,89,5,10,15,8,0,20,0,0,0,20,2,6,5,400,0,73,35,1023,0,1,-30,0,0,315
45,5,5,5,5,15,Shelton,Quarles,1003,85,0,126,14,89,0,7,1476,6,1476,83,28,0,0,88,1,0,0,57,0,0,85,2,33,1009,83,81,26,27,0,3,59,0,2,0,0,0,0,0,238,45,0,0,0,2,0,60,0,0,53,0,4,126,3,25,0,15,19,57,82,5,0,55,0,0,85,17,73,83,70,2,2,2,2,1,26,75,15,25,20,9,10,30,0,15,15,20,1,26,14,684,0,73,65,1023,0,2,-30,0,0,207
45,2,1,2,1,39,Wali,Rainer,875,76,0,85,36,75,2,5,1477,5,1477,86,22,0,0,85,0,0,0,63,0,0,72,3,12,1015,99,85,29,57,0,3,27,0,0,0,8,2,8,2,240,45,100,2,2,5,0,6,0,0,58,1,5,85,3,66,0,6,18,48,62,1,0,21,0,1,71,19,66,77,79,4,0,4,0,2,23,54,36,22,65,12,1,16,2,14,14,54,0,27,12,875,1,74,80,1023,5,0,-19,0,0,204
45,3,3,3,3,14,Tony,Ramirez,0,71,0,0,28,62,0,5,1478,1009,1478,51,23,0,0,92,0,0,0,25,0,0,53,0,28,1015,81,26,76,79,0,3,13,0,0,0,0,0,0,0,136,45,0,0,0,0,2,47,0,0,64,2,0,0,2,78,0,5,36,31,12,3,0,23,0,1,97,37,74,75,92,2,2,2,2,12,27,38,18,18,23,11,25,14,0,8,5,90,18,30,25,67,0,78,156,1023,1,2,-19,0,0,150
2,6,6,6,6,11,John,Randle,135,76,0,0,11,79,0,5,1479,31,1479,62,31,0,0,86,2,0,0,54,0,0,63,2,33,1009,82,89,25,26,0,3,47,0,0,0,0,0,0,0,206,40,20,0,0,1,0,60,0,1,93,1,5,0,0,75,0,15,15,85,60,10,0,48,0,0,100,12,87,92,97,3,3,3,3,9,34,31,25,25,34,8,25,30,0,10,12,30,27,31,26,135,0,73,130,1023,0,9,-30,0,0,317
45,6,6,6,6,17,Thomas,Randolph,0,94,0,0,18,91,0,5,1480,1009,1480,89,28,0,0,81,1,0,0,56,0,0,88,2,33,1,76,57,23,24,0,7,32,0,0,0,0,0,0,0,96,45,47,0,0,0,0,60,0,0,27,1,0,0,0,25,0,2,19,51,83,6,0,32,0,0,66,19,56,78,79,3,3,3,3,1,18,78,5,15,15,8,0,20,0,16,16,20,1,8,3,100,0,69,20,1023,20,0,-30,0,0,146
45,7,7,7,7,26,Derrick,Ransom,460,72,0,56,25,71,1,7,1481,9,1481,54,25,0,0,84,0,1,0,28,0,0,51,1,24,1015,78,74,15,11,0,3,25,0,0,0,8,0,8,0,36,40,0,0,0,1,2,34,0,0,95,2,2,56,2,69,0,4,20,37,49,2,0,29,0,1,97,29,88,86,99,2,2,2,2,34,34,32,27,44,43,11,29,13,0,12,12,106,40,30,25,324,0,75,146,1023,8,1,-19,0,0,58
45,5,5,5,5,16,Walter,Rasby,449,84,0,60,14,70,0,7,1482,19,1482,69,26,0,0,90,1,0,0,68,0,0,68,2,33,1009,85,32,63,65,0,8,68,0,2,0,0,0,0,0,249,45,0,0,0,2,0,60,0,0,89,2,3,60,3,30,0,15,17,43,63,6,0,66,0,0,99,15,75,79,72,2,2,2,2,6,28,66,15,25,20,13,5,30,0,4,4,30,7,31,24,408,0,75,92,1023,15,1,-30,0,0,97
45,5,5,5,5,16,Cory,Raymer,426,75,0,69,13,60,0,7,1483,26,1483,48,26,0,0,85,1,0,0,15,0,0,53,0,33,1015,80,31,82,84,0,3,26,0,2,0,0,0,0,0,258,45,0,0,0,3,0,60,0,0,52,0,3,69,3,0,0,2,18,37,28,5,0,26,0,0,100,15,90,77,72,2,2,2,2,44,35,20,25,25,39,11,21,25,0,7,7,10,34,37,26,387,0,75,140,1023,0,4,-30,0,0,81
45,6,6,6,6,13,Corey,Raymond,0,95,0,42,12,90,0,5,1484,1009,1484,89,29,0,0,81,1,0,0,60,0,0,88,2,33,18,76,59,23,26,0,7,28,0,0,0,0,0,0,0,106,45,0,0,0,0,0,60,0,0,31,1,0,42,3,25,0,15,14,52,87,8,0,28,0,0,100,12,56,78,73,3,3,3,3,0,18,89,5,15,15,13,0,20,0,16,16,20,0,3,4,378,0,71,25,1023,20,1,-30,0,0,245
45,6,6,6,6,12,Texans,RE #92,400,70,0,0,12,70,0,5,1485,32,1485,68,28,0,0,79,1,0,0,35,0,0,65,2,33,29,73,72,19,23,0,3,23,0,0,0,0,0,0,0,265,45,0,0,0,3,0,60,0,0,92,2,4,0,0,0,0,15,18,55,61,6,0,20,0,0,0,15,74,69,48,3,3,3,3,5,27,46,25,25,30,11,15,30,0,11,11,25,1,21,24,400,0,75,93,1023,0,1,-30,0,0,106
45,6,6,6,6,13,Texans,RE #93,400,75,0,0,13,75,0,5,1486,32,1486,72,28,0,0,71,1,0,0,36,0,0,67,2,33,29,65,69,18,22,0,3,22,0,0,0,0,0,0,0,265,14,0,0,0,3,0,60,0,0,93,2,4,0,0,0,0,15,18,55,63,6,0,19,0,0,0,15,71,69,47,3,3,3,3,7,26,62,25,25,30,12,15,30,0,11,11,25,9,27,23,400,0,76,87,1023,0,1,-30,0,0,108
45,0,6,0,6,33,Montae,Reagor,744,81,0,90,26,88,0,5,1487,4,1487,76,21,1,0,73,0,0,0,39,0,0,62,3,28,1015,72,68,29,21,0,3,23,0,0,0,8,7,8,7,217,45,100,0,0,2,0,22,0,0,99,0,2,90,3,90,0,2,16,52,67,1,0,24,0,1,56,35,74,79,69,0,1,0,1,4,27,47,18,24,27,8,23,25,0,10,10,66,8,39,23,744,1,75,125,1023,1,0,-19,0,0,204
45,5,5,5,5,16,Anthony,Redmon,152,59,0,0,13,50,0,7,1488,14,1488,43,28,0,0,87,1,0,0,14,0,0,43,2,33,1009,82,32,80,83,0,3,27,0,2,0,0,0,0,0,14,45,0,0,0,1,0,60,0,0,61,0,2,0,2,0,0,5,18,36,27,6,0,25,0,0,68,15,92,71,64,2,2,2,2,5,36,29,22,25,20,13,15,30,0,8,8,25,7,34,24,152,0,77,148,1023,0,1,-30,0,0,94
37,6,6,6,6,10,Andre,Reed,0,82,0,0,16,81,0,5,1489,26,1489,77,35,0,0,81,2,0,0,99,0,0,78,1,33,1015,63,21,25,26,0,1,61,0,0,0,0,0,0,0,99,45,64,0,0,0,0,60,0,1,84,0,0,0,3,75,0,4,11,64,77,15,0,73,0,0,95,16,56,84,95,3,3,3,3,0,18,75,5,15,15,13,0,20,0,3,3,20,3,12,5,2948,0,74,30,1023,20,0,0,0,0,467
45,6,6,6,6,16,Jake,Reed,1036,88,0,240,15,89,0,5,1490,27,1490,87,32,0,0,88,1,0,0,90,0,0,88,2,33,1015,83,20,32,33,0,1,65,0,0,0,0,0,0,0,72,37,14,0,0,1,0,60,0,0,86,2,2,240,3,65,0,3,16,68,92,9,0,76,0,0,95,16,63,87,83,3,3,3,3,5,22,64,5,15,15,9,0,20,0,3,3,20,1,5,6,1413,0,75,56,1023,20,8,-30,0,0,285
45,7,3,7,3,22,Ike,Reese,532,82,0,84,36,81,0,0,1491,13,1491,76,24,0,0,88,0,0,5,40,0,0,81,3,16,1015,92,83,13,29,0,3,35,0,2,0,9,0,9,0,118,45,0,0,0,3,0,23,0,0,58,1,4,84,3,95,0,5,27,43,50,2,0,30,0,1,53,22,78,76,61,0,0,0,0,2,29,64,12,28,31,11,44,8,0,13,13,10,7,17,11,532,0,74,62,1023,7,1,-19,0,0,204
45,4,6,4,6,20,Izell,Reese,321,85,0,38,25,91,0,1,1492,11,1492,86,23,0,0,96,0,0,0,54,0,0,87,3,25,1015,86,64,23,15,0,7,24,0,0,0,8,7,8,7,3,45,0,3,3,1,0,54,0,0,43,1,2,38,2,69,0,5,15,39,85,2,0,37,0,1,82,29,60,64,42,0,4,0,4,5,20,81,2,8,30,11,11,5,0,17,16,32,4,6,4,321,0,74,35,1023,12,1,-19,0,0,204
45,5,5,5,5,12,Walter,Reeves,0,79,0,87,10,67,0,7,1493,1009,1493,64,33,0,0,92,2,0,0,67,0,0,65,2,33,7,84,29,65,68,0,8,65,0,2,0,0,0,0,0,14,45,0,0,0,0,0,60,0,0,47,2,0,87,3,50,0,2,14,60,63,11,0,63,0,0,69,12,77,79,76,2,2,2,2,7,28,41,15,25,20,11,5,30,0,4,4,30,2,19,21,537,0,77,99,1023,15,2,-30,0,0,16
45,5,5,5,5,39,Scott,Rehberg,100,68,0,0,19,74,0,4,1494,2,1494,47,26,0,0,95,0,0,0,18,0,0,69,3,26,21,93,15,82,74,0,2,20,0,0,0,0,0,0,0,33,45,0,0,0,1,0,48,0,0,79,1,1,0,3,64,0,7,25,59,17,3,0,26,0,1,95,26,95,79,79,2,2,2,2,16,38,43,25,12,20,13,21,12,0,6,9,87,18,40,23,100,0,80,155,1023,7,0,-19,0,0,204
45,5,5,5,5,14,Texans,RG #64,400,59,0,0,11,50,0,7,1495,32,1495,42,28,0,0,86,1,0,0,13,0,0,40,1,33,29,81,30,81,85,0,3,25,0,2,0,0,0,0,0,265,45,0,0,0,3,0,60,0,0,64,0,4,0,0,0,0,15,16,51,26,6,0,24,0,0,0,13,91,69,58,2,2,2,2,29,36,22,20,25,41,8,29,30,0,8,8,25,33,39,25,400,0,75,150,1023,0,1,-30,0,0,66
45,5,5,5,5,15,Texans,RG #65,400,60,0,0,12,55,0,7,1496,32,1496,42,28,0,0,86,1,0,0,14,0,0,43,2,33,29,81,30,81,83,0,3,25,0,2,0,0,0,0,0,265,45,0,0,0,3,0,60,0,0,65,0,4,0,0,0,0,15,17,51,27,6,0,25,0,0,0,14,91,69,57,2,2,2,2,3,36,34,15,25,23,8,24,30,0,8,8,25,8,36,24,400,0,76,144,1023,0,1,-30,0,0,70
45,6,6,6,6,15,Errict,Rhett,447,86,0,82,14,85,0,5,1497,5,1497,83,28,0,0,84,1,0,0,68,0,0,85,2,33,5,81,29,33,36,0,8,86,0,0,0,0,0,0,0,62,45,0,0,0,1,0,60,0,0,23,2,2,82,3,50,0,2,16,62,63,6,0,88,0,0,100,15,64,82,80,3,3,3,3,2,22,67,5,20,15,12,0,30,0,1,1,25,1,9,5,447,0,71,51,1023,20,0,-30,0,0,114
45,6,3,6,3,13,Coby,Rhinehart,250,85,0,0,24,95,2,5,1498,7,1498,96,22,0,0,76,0,0,0,53,0,0,84,3,33,1015,75,71,32,17,0,7,39,0,0,0,0,7,0,7,193,45,100,2,2,5,0,48,0,0,23,0,5,0,0,88,0,8,11,0,89,1,0,43,0,1,100,32,66,77,57,0,1,0,1,0,23,85,35,11,17,9,15,2,0,17,16,38,3,11,5,250,1,71,31,1023,17,31,-19,0,0,204
45,6,6,6,6,57,Jerry,Rice,34,86,0,0,17,99,0,5,1499,15,1499,90,37,0,0,88,2,0,0,99,0,0,90,1,16,1015,69,61,30,31,0,1,75,0,0,0,0,0,0,0,107,37,71,0,0,1,0,60,0,1,80,2,7,0,0,70,0,1,80,84,81,15,0,60,0,0,99,18,63,99,108,3,3,3,3,3,22,86,5,15,15,11,0,20,0,3,3,20,0,5,7,34,0,74,40,1023,65,0,-30,0,0,399
45,6,6,6,6,14,Ron,Rice,545,93,0,63,10,85,0,5,1500,19,1500,83,26,0,0,93,1,0,0,68,0,0,81,1,33,1009,88,73,25,26,0,8,28,0,0,0,0,0,0,0,58,45,31,0,0,3,0,60,0,0,28,2,3,63,3,25,0,15,15,63,82,5,0,59,0,0,99,15,68,86,81,3,3,3,3,0,24,71,5,20,15,11,5,20,0,18,18,15,5,8,6,495,0,73,56,1023,15,4,-30,0,0,356
45,4,4,4,4,24,Simeon,Rice,4109,93,0,790,27,88,0,5,1501,7,1501,75,25,0,0,99,1,0,0,55,0,0,75,3,4,1015,87,77,27,30,0,3,19,0,0,0,8,8,8,8,84,12,33,0,0,2,0,18,0,0,97,0,5,790,3,95,0,1,27,83,66,4,0,30,0,1,91,22,78,91,89,2,0,2,0,4,29,39,12,12,36,11,13,17,0,11,11,34,5,41,25,4109,0,77,108,1023,0,3,-19,0,0,204
45,6,6,6,6,14,Stanley,Richard,0,96,0,0,10,85,0,5,1502,1009,1502,83,31,0,0,90,2,0,0,72,0,0,85,2,9,25,85,73,22,26,0,8,35,0,0,0,0,0,0,0,214,45,40,0,0,0,0,60,0,0,24,1,0,0,0,50,0,1,15,68,88,9,0,29,0,0,99,15,65,87,79,3,3,3,3,4,22,73,5,20,15,9,5,20,0,17,17,15,1,10,6,101,0,74,38,1023,15,0,-30,0,0,4
45,6,7,6,7,26,Damien,Richardson,464,80,0,60,16,88,0,5,1503,21,1503,88,24,0,1,79,0,0,0,48,0,0,81,3,14,1015,91,66,18,36,0,7,31,0,0,0,2,7,2,7,9,45,34,0,0,4,0,26,0,0,39,2,4,60,2,97,0,6,20,67,76,2,0,37,0,1,68,22,58,74,74,2,1,2,1,5,19,79,15,39,30,8,5,2,1,18,18,19,1,13,6,464,0,73,50,1023,5,1,-19,0,0,204
45,0,0,0,0,18,Kyle,Richardson,400,73,0,0,83,54,0,7,1504,25,1504,53,26,0,0,63,0,0,0,27,0,0,49,0,18,1015,73,12,16,29,0,4,17,0,4,0,0,0,0,0,12,45,60,3,3,3,0,63,0,0,5,0,4,0,0,83,0,6,25,45,38,2,0,28,0,1,100,95,13,84,63,2,0,2,0,1,0,71,47,26,21,13,19,16,0,20,20,42,3,11,9,400,0,74,50,1023,8,0,-19,0,0,150
45,5,5,5,5,16,Tony,Richardson,1879,78,0,168,12,75,0,5,1505,9,1505,68,27,0,0,89,1,0,0,62,0,0,70,2,33,1009,84,36,59,65,0,8,81,0,0,0,2,2,2,2,14,45,0,0,0,7,0,60,0,0,49,2,7,168,3,50,0,15,17,39,65,5,0,74,0,0,100,14,74,94,99,2,2,2,2,1,27,64,10,25,20,9,5,30,0,2,2,25,5,24,13,732,0,73,75,1023,30,5,-30,0,0,119
45,0,0,0,0,67,Wally,Richardson,0,98,0,0,34,59,0,7,1506,1009,1506,67,24,0,0,94,0,0,0,27,0,0,57,0,17,24,64,24,13,21,0,1,52,0,0,0,0,0,0,0,164,45,0,0,0,0,0,37,0,0,14,2,0,0,0,65,0,5,65,46,46,3,0,42,0,1,62,20,56,53,61,1,1,0,0,2,18,53,23,6,46,11,6,12,0,0,0,23,6,21,13,20,1,76,65,1023,1,0,-19,0,0,150
45,0,0,0,0,10,Wade,Richey,95,84,0,12,78,64,0,7,1507,15,1507,59,23,0,0,31,0,0,0,17,0,0,16,0,31,1015,85,18,13,28,0,5,25,0,2,0,8,0,0,0,106,45,0,3,3,1,3,45,0,0,7,0,2,12,2,90,0,7,13,37,39,2,0,26,0,1,99,89,28,68,77,0,0,0,0,0,4,68,5,18,14,8,9,16,0,19,19,1,1,5,8,95,0,75,45,1023,9,1,-19,0,0,150
45,5,5,5,5,13,Tom,Ricketts,24,55,0,0,10,50,0,7,1508,1009,1508,40,33,0,0,86,2,0,0,12,0,0,39,0,24,1009,81,31,85,88,0,3,26,0,2,0,0,0,0,0,166,45,0,0,0,0,0,60,0,0,70,0,1,0,0,0,0,1,15,50,25,10,0,23,0,0,99,12,91,77,75,2,2,2,2,5,36,35,21,25,35,8,17,30,0,5,5,35,7,24,30,0,0,77,145,1023,0,4,-30,0,0,68
45,2,4,2,4,15,Mikhael,Ricks,673,80,0,92,11,92,0,7,1509,8,1509,89,24,0,0,82,0,2,0,71,0,0,90,3,20,1015,40,26,28,31,0,1,57,0,0,0,7,0,7,0,181,45,22,2,2,3,0,54,0,0,86,2,4,92,2,8,0,3,16,38,80,2,0,68,0,1,38,12,64,70,48,2,0,2,0,7,22,68,9,4,27,13,6,9,3,3,3,7,3,30,21,673,0,77,100,1023,38,1,-19,0,0,204
45,0,0,0,0,50,Jay,Riemersma,783,92,0,140,30,89,0,7,1510,3,1510,84,27,0,0,82,1,0,0,80,0,0,85,0,29,1015,82,25,55,55,0,6,62,0,0,0,0,0,0,0,117,45,0,0,0,1,0,2,0,0,85,1,4,140,3,86,0,6,55,64,83,4,0,60,0,1,100,20,72,85,69,2,0,2,0,3,26,64,9,10,75,11,7,13,0,4,4,27,2,22,24,783,0,77,95,1023,0,3,-19,0,0,150
45,5,3,5,3,21,Victor,Riley,1337,75,0,207,24,62,0,5,1511,9,1511,41,22,0,0,89,0,1,0,14,0,0,67,2,24,1015,68,11,83,77,1,3,29,0,0,0,2,0,2,0,14,12,0,2,2,2,0,5,0,0,66,1,3,207,2,61,0,1,28,44,20,2,0,37,0,1,97,26,93,83,99,2,2,2,2,47,36,18,28,2,34,8,24,0,0,9,9,101,35,36,29,1337,0,77,180,1023,2,1,-19,0,0,204
2,6,6,6,6,17,Andre,Rison,2842,92,0,728,17,90,0,5,1512,23,1512,87,32,0,0,84,2,0,0,99,0,0,91,2,22,1009,79,20,26,27,0,1,62,0,0,0,0,0,0,0,118,37,67,0,0,2,0,60,0,1,80,2,4,728,3,85,0,1,18,82,91,11,0,73,0,0,84,18,59,95,99,3,3,3,3,3,20,73,5,15,15,11,0,20,0,3,3,20,0,7,8,2842,0,73,32,1023,20,2,0,0,0,244
45,6,1,6,1,10,Jon,Ritchie,1139,70,0,255,34,91,0,0,1513,23,1513,82,23,1,0,80,0,0,0,71,0,0,84,2,13,1015,76,10,54,54,0,1,80,0,0,0,1,0,1,0,200,45,72,2,2,4,0,0,0,0,40,1,5,255,3,83,0,4,34,42,61,2,0,75,0,1,96,13,70,89,73,0,4,0,4,5,25,44,30,24,40,7,16,4,0,2,1,17,0,20,20,1139,1,74,90,1023,65,1,-19,0,0,204
45,3,3,3,3,12,Marco,Rivera,185,91,0,0,9,75,0,4,1514,20,1514,56,27,0,0,99,1,0,0,28,0,0,55,1,20,1015,99,25,86,91,0,2,39,4,0,0,2,2,0,0,164,24,67,0,0,1,0,0,0,0,62,0,1,0,3,56,0,6,11,70,25,4,0,28,0,1,100,19,93,89,80,2,2,2,2,7,36,40,15,22,31,7,17,22,0,8,8,54,9,28,30,185,0,76,150,1023,0,3,-19,0,0,58
45,6,6,6,6,15,Reggie,Rivers,0,80,0,0,14,82,0,5,1515,1009,1515,80,31,0,0,85,2,0,0,59,0,0,82,2,33,3,76,30,36,37,0,8,76,0,0,0,0,0,0,0,265,45,0,0,0,0,0,60,0,0,38,2,0,0,0,35,0,15,16,48,64,9,0,78,0,0,100,15,65,73,76,3,3,3,3,0,22,84,5,20,15,9,0,30,0,1,1,25,4,13,7,0,0,73,46,1023,55,2,-30,0,0,134
45,6,6,6,6,15,Ron,Rivers,88,85,0,22,14,85,0,5,1516,14,1516,82,27,0,0,85,1,0,0,68,0,0,83,2,33,1009,83,30,33,36,0,8,79,0,0,0,0,0,0,0,66,45,0,0,0,1,0,60,0,0,20,2,1,22,2,30,0,15,16,40,63,5,0,78,0,0,97,15,65,73,60,3,3,3,3,2,22,79,5,20,15,10,0,30,0,1,1,25,1,6,9,160,0,68,45,1023,55,4,-30,0,0,146
2,5,5,5,5,22,Willie,Roaf,3416,70,0,519,19,75,0,7,1517,27,1517,49,29,0,0,90,1,0,0,21,0,0,56,1,8,1015,85,35,92,94,0,3,30,0,2,0,0,0,0,0,101,24,24,0,0,3,0,60,0,0,77,0,5,519,3,0,0,1,24,88,34,7,0,32,0,0,11,21,95,88,74,2,2,2,2,18,38,24,15,25,20,13,24,30,0,5,5,35,27,28,22,1863,0,77,160,1023,0,6,-30,0,0,404
45,5,5,5,5,15,Michael,Roan,282,83,0,57,13,70,0,7,1518,30,1518,68,26,0,0,90,1,0,0,72,0,0,66,0,33,1015,85,31,62,63,0,8,66,0,2,0,0,0,0,0,258,45,0,0,0,2,0,60,0,0,80,2,2,57,3,25,0,4,16,33,69,5,0,65,0,0,81,14,75,76,60,2,2,2,2,7,28,43,15,25,20,11,5,30,0,4,4,30,0,29,20,384,0,75,91,1023,15,4,-30,0,0,48
45,6,6,6,6,8,Austin,Robbins,458,63,0,60,8,55,0,5,1519,23,1519,53,28,0,0,88,1,0,0,25,0,0,50,2,33,1009,84,80,34,35,0,3,38,0,0,0,0,0,0,0,135,40,0,0,0,1,0,60,0,0,95,1,4,60,2,50,0,4,13,36,51,6,0,29,0,0,73,10,90,70,57,3,3,3,3,5,35,32,23,25,31,13,18,30,0,12,12,30,8,30,30,458,0,78,130,1023,0,3,-30,0,0,335
45,5,5,5,5,17,Barret,Robbins,772,70,0,75,14,65,0,7,1520,23,1520,48,25,0,0,85,1,0,0,16,0,0,51,0,33,1015,80,32,84,86,0,3,27,0,2,0,0,0,0,0,207,45,0,0,0,5,0,60,0,0,63,0,5,75,3,0,0,2,19,45,29,5,0,27,0,0,77,16,90,78,69,2,2,2,2,24,35,27,28,25,38,7,31,25,0,7,7,10,44,39,25,421,0,75,160,1023,0,4,-30,0,0,305
45,6,6,6,6,12,James,Roberson,0,65,0,0,12,70,0,5,1521,1009,1521,63,28,0,0,87,1,0,0,29,0,0,66,2,63,31,81,75,31,35,0,3,36,0,0,0,0,0,0,0,64,45,0,0,0,0,0,60,0,0,92,2,0,0,2,25,0,15,15,46,55,5,0,31,0,0,53,12,75,70,54,3,3,3,3,4,28,45,25,25,30,13,15,30,0,11,10,25,6,31,22,200,0,75,115,1023,0,0,-30,0,0,94
6,5,5,5,5,13,Ray,Roberts,1487,55,0,156,10,65,0,7,1522,19,1522,40,29,0,0,86,1,0,0,12,0,0,43,2,10,1009,81,31,98,98,0,3,26,0,2,0,0,0,0,0,240,26,55,0,0,2,0,60,0,0,72,2,5,156,3,0,0,1,15,85,25,8,0,23,0,0,100,12,91,95,96,2,2,2,2,15,36,44,23,25,33,11,23,30,0,5,9,35,22,35,30,732,0,78,155,1023,0,3,-30,0,0,283
45,6,6,6,6,14,Marcus,Robertson,1374,83,0,150,14,87,0,5,1523,30,1523,84,29,0,0,89,2,0,0,62,0,0,85,2,33,1015,84,72,23,26,0,8,32,0,0,0,0,0,0,0,90,45,16,0,0,2,0,60,0,0,31,1,5,150,3,25,0,4,16,60,88,9,0,30,0,0,82,15,64,82,73,3,3,3,3,1,22,84,5,20,15,9,5,20,0,17,17,15,2,11,7,749,0,71,38,1023,15,8,-30,0,0,134
45,6,6,6,6,17,Bryan,Robinson,300,75,0,0,18,65,0,5,1524,1,1524,55,24,0,0,80,0,0,0,23,0,0,67,2,63,1009,80,74,19,25,0,3,33,0,0,0,0,0,0,0,66,40,4,0,0,5,0,60,0,0,98,2,6,0,0,69,0,15,10,41,44,2,0,23,0,0,75,17,88,71,64,3,3,3,3,3,34,36,20,25,20,8,21,30,0,11,12,30,6,36,28,300,0,76,145,1023,0,4,-30,0,0,190
45,7,4,7,4,36,Damien,Robinson,392,88,0,93,37,93,0,7,1525,6,1525,86,23,1,0,85,0,0,0,62,0,0,87,2,15,1015,79,72,11,38,0,0,21,0,0,0,0,0,0,0,89,45,53,1,1,2,0,49,0,0,24,0,2,93,3,86,0,4,33,75,83,3,0,46,0,1,100,17,46,81,72,1,0,1,0,3,13,68,5,1,32,8,0,3,2,17,18,20,0,22,14,534,0,74,63,1023,4,2,-19,0,0,204
45,5,5,5,5,12,Eddie,Robinson,539,75,0,75,11,75,0,7,1526,30,1526,70,29,0,0,91,1,0,0,31,0,0,69,2,33,1015,86,77,29,30,0,3,32,0,2,0,0,0,0,0,5,45,1,0,0,2,0,60,0,0,55,2,5,75,2,45,0,2,15,42,66,8,0,29,0,0,50,13,76,69,71,2,2,2,2,0,28,77,15,25,20,12,10,30,0,13,15,20,7,32,14,539,0,73,80,1023,0,8,-30,0,0,19
45,6,6,6,6,16,Eugene,Robinson,537,78,0,110,16,75,0,5,1527,21,1527,74,35,0,0,89,2,0,0,77,0,0,75,2,33,1009,72,71,22,26,0,8,32,0,0,0,0,0,0,0,40,45,37,0,0,1,0,60,0,1,41,1,2,110,3,50,0,15,16,75,76,15,0,42,0,0,90,18,64,87,94,3,3,3,3,5,22,63,5,20,15,8,5,20,0,17,17,15,1,5,11,537,0,73,40,1023,15,0,-30,0,0,339
45,5,5,5,5,15,Jeff,Robinson,803,83,0,120,13,70,0,7,1528,24,1528,68,29,0,0,89,1,0,0,68,0,0,68,0,33,1009,84,59,68,70,0,8,63,0,2,0,0,0,0,0,82,45,0,0,0,3,0,60,0,0,45,2,5,120,3,25,0,4,16,28,62,7,0,68,0,0,79,14,74,78,61,2,2,2,2,5,27,58,15,25,20,7,5,30,0,4,4,30,6,32,27,803,0,76,104,1023,15,2,-30,0,0,136
45,1,6,1,6,18,Marcus,Robinson,1624,71,0,294,17,98,2,10,1529,1,1529,94,25,2,0,78,0,0,0,84,0,0,95,2,2,1015,79,18,29,31,0,0,65,0,0,0,0,2,0,2,176,36,15,2,2,1,0,44,0,0,88,2,3,294,3,82,0,4,30,67,98,3,0,72,0,1,51,17,56,86,62,2,4,2,4,5,18,73,11,20,15,10,6,11,0,3,3,41,5,8,10,1624,0,75,55,1023,9,2,-19,0,0,204
45,0,0,0,0,12,Reggie,Roby,0,91,0,23,89,80,0,7,1530,1009,1530,78,37,0,0,60,2,0,0,9,0,0,47,2,33,14,62,53,19,22,0,1,21,0,2,0,0,0,0,0,89,14,43,0,0,0,0,60,0,0,4,0,0,23,3,35,0,6,15,49,29,17,0,14,0,0,84,89,58,90,95,2,2,2,2,3,19,63,10,15,15,10,5,20,0,20,20,15,6,32,22,123,0,75,87,1023,0,0,-30,0,0,356
45,5,5,5,5,15,Mark,Rodenhauser,0,59,0,0,10,56,0,7,1531,1009,1531,44,36,0,0,81,2,0,0,9,0,0,44,0,33,1021,70,30,76,80,0,3,25,0,2,0,0,0,0,0,85,45,0,0,0,0,0,60,0,0,61,2,0,0,2,0,0,15,17,45,25,12,0,25,0,0,70,12,84,70,78,2,2,2,2,3,32,59,20,25,35,9,20,25,0,5,7,10,5,24,28,96,0,77,110,1023,0,0,-30,0,0,260
45,7,1,7,1,20,Derrick,Rodgers,726,95,0,63,22,83,0,7,1532,12,1532,74,25,0,0,96,0,0,0,56,0,0,76,0,30,1009,93,77,39,13,0,12,39,0,2,0,0,0,0,0,8,45,44,0,3,3,4,4,0,0,59,2,5,63,3,87,0,3,29,57,74,3,0,24,0,1,100,24,81,83,85,1,2,1,2,3,30,53,41,25,23,13,43,22,0,13,13,25,4,29,11,396,0,72,70,1023,3,2,-19,0,0,150
45,5,6,5,6,25,Charlie,Rogers,611,88,0,96,23,97,0,7,1533,28,1533,96,23,0,0,71,0,0,0,70,0,0,93,0,24,1009,77,18,31,30,0,8,61,6,2,0,0,0,0,0,71,45,100,0,0,3,4,55,0,0,31,2,3,96,3,79,0,5,10,44,80,1,0,69,0,1,97,25,63,76,64,3,2,3,2,4,22,95,2,23,28,11,8,14,0,1,3,44,1,1,3,611,0,69,20,1023,43,0,-19,0,0,150
45,5,5,5,5,14,Sam,Rogers,568,96,0,99,13,80,0,7,1534,3,1534,74,28,0,0,91,1,0,0,55,0,0,72,1,33,1015,86,85,29,30,0,3,32,0,2,0,0,0,0,0,41,45,52,0,0,2,0,60,0,0,59,1,3,99,3,25,0,2,18,62,70,6,0,55,0,0,100,16,76,84,85,2,2,2,2,5,28,69,15,25,20,13,10,30,0,13,15,20,1,42,23,568,0,75,85,1023,0,5,-30,0,0,182
45,5,5,5,5,10,Texans,ROLB #54,400,81,0,0,9,75,0,7,1535,32,1535,71,28,0,0,89,1,0,0,32,0,0,70,0,33,29,84,74,28,29,0,3,31,0,2,0,0,0,0,0,265,45,0,0,0,3,0,60,0,0,54,2,4,0,0,0,0,15,16,54,67,6,0,30,0,0,0,14,74,69,75,2,2,2,2,4,27,74,15,25,20,7,10,30,0,15,15,20,8,27,11,400,0,73,69,1023,0,1,-30,0,0,109
45,5,5,5,5,10,Texans,ROLB #55,400,80,0,0,9,75,0,7,1536,32,1536,70,28,0,0,90,1,0,0,31,0,0,69,2,33,29,85,76,28,29,0,3,31,0,2,0,0,0,0,0,265,45,0,0,0,3,0,60,0,0,55,2,4,0,0,0,0,15,15,41,66,6,0,29,0,0,0,13,75,64,58,2,2,2,2,4,28,69,15,25,20,7,10,30,0,15,15,20,0,21,13,400,0,75,78,1023,0,1,-30,0,0,115
45,6,1,6,1,16,Samari,Rolle,3042,87,0,75,28,96,0,10,1537,30,1537,91,23,0,1,74,0,0,0,62,0,0,94,3,8,1015,82,68,35,25,0,8,33,0,0,0,0,0,0,0,64,30,37,2,0,4,0,41,0,0,21,0,5,75,3,96,0,2,32,64,90,2,0,39,0,1,84,36,50,80,68,0,0,0,0,3,15,90,25,17,18,13,2,25,0,16,16,37,5,11,3,735,0,72,15,1023,9,1,-19,0,0,204
2,5,5,5,5,12,Bill,Romanowski,3082,83,0,666,11,76,0,7,1538,4,1538,71,33,0,0,91,2,0,0,57,0,0,64,0,33,1009,77,88,29,30,0,3,32,0,2,0,0,0,0,0,20,45,0,0,0,3,0,60,0,1,53,1,6,666,3,70,0,3,18,55,68,12,0,35,0,0,100,16,76,86,95,2,2,2,2,4,28,43,15,25,20,11,10,30,0,15,13,20,5,38,22,3082,0,76,85,1023,0,3,-30,0,0,144
45,2,6,2,6,24,Juan,Roque,0,56,0,0,16,70,0,7,1539,1009,1539,62,25,0,0,86,0,0,0,14,0,0,54,3,28,1015,82,21,75,83,0,3,31,0,0,0,0,2,0,2,8,45,0,0,0,0,0,34,0,0,74,2,0,0,2,70,0,2,16,50,17,3,0,18,0,1,99,32,87,81,99,2,4,2,4,11,34,24,18,14,23,11,21,14,0,5,5,60,18,29,29,278,0,80,172,1023,4,2,-19,0,0,204
45,5,5,5,5,12,Mike,Rosenthal,200,50,0,0,9,50,0,7,1540,16,1540,40,22,0,0,86,1,0,0,11,0,0,39,0,33,4,81,30,80,83,0,3,25,0,2,0,0,0,0,0,152,45,0,0,0,4,0,60,0,0,78,2,4,0,0,0,0,5,14,50,24,1,0,22,0,0,100,11,91,71,68,2,2,2,2,13,36,31,21,25,25,10,22,30,0,8,6,25,19,44,22,200,0,79,158,1023,0,0,-30,0,0,109
45,5,5,5,5,10,Adrian,Ross,300,99,0,0,9,75,0,7,1541,2,1541,71,24,0,0,89,1,0,0,32,0,0,74,0,33,4,84,86,28,29,0,3,31,0,2,0,0,0,0,0,42,45,67,0,0,5,0,60,0,0,57,1,6,0,0,0,0,15,16,73,67,2,0,30,0,0,89,14,74,73,67,2,2,2,2,5,27,64,15,25,20,12,10,30,0,15,15,20,3,40,21,300,0,74,85,1023,0,0,-30,0,0,109
45,2,3,2,3,20,Oliver,Ross,0,78,0,84,11,64,0,7,1542,1009,1542,63,24,0,0,93,0,0,1,23,0,0,54,0,17,10,98,27,84,84,0,3,39,0,2,0,0,2,0,2,90,45,0,0,0,0,0,0,0,0,67,2,0,84,3,82,0,5,28,48,23,2,0,15,0,1,79,35,85,71,57,0,2,0,2,12,32,33,22,25,26,12,16,6,0,5,5,108,19,23,28,504,0,76,167,1023,5,0,-19,0,0,150
45,7,4,7,4,11,Allen,Rossum,1162,89,0,123,17,95,0,0,1543,20,1543,94,23,0,0,90,0,0,0,59,0,0,95,3,16,1015,74,55,16,23,0,7,20,0,0,0,1,0,1,0,152,45,0,2,2,2,0,43,0,0,20,0,3,123,3,78,0,2,15,44,98,2,0,51,0,1,68,17,51,77,61,2,3,2,3,1,16,86,30,27,31,11,7,19,0,16,16,67,0,9,2,1162,0,68,18,1023,46,1,-19,0,0,204
13,0,0,0,0,22,Tom,Rouen,746,96,0,246,95,55,0,7,1544,4,1544,54,30,0,0,70,1,0,0,10,0,0,53,0,33,1009,75,26,26,28,0,1,27,0,2,0,0,0,0,0,41,6,44,0,0,4,0,60,0,0,16,1,6,246,1,0,0,15,25,56,36,7,0,16,0,0,85,93,42,98,71,2,2,2,2,0,11,70,10,15,15,13,5,20,0,20,20,15,5,7,10,746,0,75,58,1023,0,4,-30,0,0,327
45,2,5,2,5,9,Raleigh,Roundtree,795,84,0,135,34,70,0,7,1545,8,1545,62,25,0,0,92,0,0,0,15,0,0,61,3,6,1015,93,12,76,87,0,2,26,0,2,0,2,0,2,0,179,45,0,0,0,1,0,44,0,0,74,0,3,135,3,83,0,3,25,56,31,3,0,25,0,1,66,29,89,80,71,0,0,0,0,17,34,24,16,33,26,11,24,2,0,8,5,104,15,45,30,795,0,77,170,1023,0,2,-19,0,0,204
45,5,5,5,5,12,Andre,Royal,200,83,0,0,11,75,0,7,1546,10,1546,73,26,0,0,88,1,0,0,34,0,0,72,2,33,20,83,76,26,27,0,3,29,0,2,0,0,0,0,0,3,45,0,0,0,1,0,60,0,0,58,2,2,0,0,25,0,15,17,28,69,5,0,32,0,0,45,15,73,66,58,2,2,2,2,5,26,73,15,25,20,8,10,30,0,15,15,20,10,25,14,200,0,74,72,1023,0,1,-30,0,0,52
45,0,0,0,0,22,Mark,Royals,373,88,0,78,91,55,0,7,1547,6,1547,52,33,0,0,60,2,0,0,13,0,0,51,0,33,1009,65,29,21,23,0,1,25,0,2,0,0,0,0,0,7,14,60,0,0,3,0,60,0,0,3,1,3,78,3,0,0,15,29,53,34,13,0,16,0,0,100,89,46,93,98,2,2,2,2,2,13,52,10,15,15,10,5,20,0,20,20,15,8,17,12,354,0,77,65,1023,0,0,-30,0,0,315
45,4,4,4,4,11,Orpheus,Roye,453,91,0,86,12,77,0,5,1548,5,1548,60,26,0,0,99,1,0,0,50,0,0,62,2,26,1009,99,74,30,30,0,3,28,0,0,0,2,2,2,2,64,40,6,0,0,1,0,5,0,0,99,2,2,86,3,70,0,7,13,52,45,4,0,24,0,1,100,21,92,81,81,2,0,2,0,8,36,34,24,20,35,8,17,22,0,10,12,51,24,41,25,453,0,76,160,1023,0,3,-19,0,0,196
45,5,5,5,5,12,Texans,RT #73,400,55,0,0,9,45,0,7,1549,32,1549,39,28,0,0,85,1,0,0,11,0,0,40,0,33,29,80,30,85,85,0,3,25,0,2,0,0,0,0,0,265,45,0,0,0,3,0,60,0,0,73,2,4,0,0,0,0,15,14,51,24,6,0,22,0,0,0,11,90,68,53,2,2,2,2,10,35,29,15,25,34,8,18,30,0,9,9,35,8,34,26,400,0,77,140,1023,0,1,-30,0,0,258
45,5,5,5,5,15,Texans,RT #74,400,60,0,0,12,55,0,7,1550,32,1550,42,29,0,0,84,1,0,0,14,0,0,40,0,33,29,79,29,83,85,0,3,24,0,2,0,0,0,0,0,265,45,0,0,0,3,0,60,0,0,74,0,4,0,0,0,0,15,17,53,27,6,0,25,0,0,0,14,89,69,57,2,2,2,2,8,34,44,20,25,31,9,24,30,0,9,9,35,23,28,22,400,0,78,151,1023,0,1,-30,0,0,260
45,5,5,5,5,18,Todd,Rucci,0,71,0,0,15,60,0,7,1551,1009,1551,45,28,0,0,85,1,0,0,17,0,0,44,0,33,1015,80,30,87,91,0,3,25,0,2,0,0,0,0,0,164,24,57,0,0,0,0,60,0,0,71,0,0,0,3,0,0,2,20,58,30,7,0,28,0,0,100,17,90,82,75,2,2,2,2,3,35,44,19,25,30,8,16,30,0,8,9,35,6,40,24,480,0,77,136,1023,0,6,-30,0,0,150
45,6,6,6,6,8,Keith,Rucker,0,64,0,0,8,55,0,5,1552,1009,1552,53,30,0,0,92,1,0,0,25,0,0,49,2,33,25,88,78,39,40,0,3,38,0,0,0,0,0,0,0,265,40,0,0,0,0,0,60,0,0,99,2,0,0,0,25,0,15,14,51,51,8,0,29,0,0,60,11,94,73,62,3,3,3,3,8,37,37,21,25,29,11,16,30,0,12,12,30,21,40,27,20,0,76,170,1023,0,1,-30,0,0,118
45,3,6,3,6,27,Mike,Rucker,3434,71,0,511,24,81,0,7,1553,21,1553,65,22,0,0,88,0,0,0,21,0,0,70,3,7,1015,83,75,15,18,0,3,31,6,0,0,0,0,0,0,142,45,100,2,2,7,0,46,0,0,93,2,7,511,3,81,0,2,20,64,51,1,0,21,0,1,69,22,93,81,50,4,0,4,0,6,36,39,52,15,48,12,7,24,0,11,11,26,8,25,28,3434,0,77,115,1023,2,0,-19,0,0,204
45,4,1,4,1,16,Dwayne,Rudd,1529,80,0,185,23,85,0,5,1554,31,1554,79,24,0,0,86,0,0,0,58,0,0,83,3,24,1015,70,80,34,17,0,3,39,0,0,0,8,2,8,2,3,12,5,1,1,3,0,21,0,0,57,2,5,185,2,63,0,1,16,60,50,3,0,25,0,1,83,38,70,79,68,2,4,2,4,2,25,66,22,49,5,13,16,23,2,15,14,24,7,29,12,1529,1,76,75,1023,8,2,-19,0,0,204
45,5,5,5,5,18,Tim,Ruddy,977,72,0,81,15,60,0,7,1555,12,1555,49,27,0,0,84,1,0,0,16,0,0,49,0,33,1015,79,30,84,82,0,3,25,0,2,0,0,0,0,0,152,45,39,0,0,5,0,60,0,0,61,1,6,81,3,0,0,2,20,54,30,6,0,27,0,0,92,17,89,80,85,2,2,2,2,7,34,45,22,25,30,11,18,25,0,7,7,10,6,32,30,444,0,75,135,1023,0,5,-30,0,0,154
45,4,5,4,5,34,Grey,Ruegamer,163,49,0,81,26,85,0,7,1556,22,1556,42,21,0,0,73,0,0,0,28,0,0,50,0,27,1009,72,28,89,88,0,3,22,0,2,0,0,0,0,0,9,45,100,0,0,1,0,22,0,0,67,2,1,81,3,3,0,7,32,52,15,1,0,23,0,1,86,14,79,79,68,2,2,2,2,8,30,48,23,17,34,7,23,25,0,7,7,58,5,30,30,444,0,76,139,1023,8,0,-19,0,0,150
45,3,3,3,3,23,Chris,Ruhman,100,78,0,0,29,77,0,5,1557,5,1557,51,24,0,0,89,0,0,0,29,0,0,64,3,31,14,74,26,83,66,3,3,31,0,0,0,0,0,0,0,215,45,0,1,1,1,0,54,0,0,68,1,1,0,2,78,0,3,19,36,22,2,0,28,0,1,100,25,90,69,64,2,0,2,0,11,35,37,16,5,34,11,15,27,0,9,9,91,25,24,28,100,0,77,161,1023,1,0,-19,0,0,204
45,2,2,2,2,18,Jon,Runyan,263,81,0,627,21,78,0,7,1558,13,1558,50,26,0,0,99,1,0,0,27,0,0,53,0,15,1015,99,20,95,95,0,3,36,0,4,0,2,2,2,2,117,26,80,0,0,1,0,6,0,0,69,2,1,627,3,0,0,5,27,78,27,4,0,21,0,1,100,16,95,93,84,2,2,2,2,8,38,35,15,22,31,13,16,22,0,9,9,47,19,38,29,2239,0,79,170,1023,0,3,-19,0,0,150
45,5,5,5,5,17,Bernard,Russ,0,82,0,0,16,75,0,7,1559,1009,1559,72,25,0,0,91,1,0,0,33,0,0,72,2,33,27,86,79,31,32,0,3,34,0,2,0,0,0,0,0,254,45,0,0,0,0,0,60,0,0,51,2,0,0,0,35,0,15,17,37,68,5,0,31,0,0,57,15,76,68,62,2,2,2,2,5,28,79,15,25,20,7,10,30,0,14,13,20,7,20,10,150,0,73,78,1023,0,2,-30,0,0,289
45,5,5,5,5,14,Steve,Russ,100,75,0,0,12,75,0,7,1560,4,1560,69,26,0,0,92,1,0,0,30,0,0,72,0,33,3,87,78,34,38,0,3,32,0,2,0,2,2,2,2,1,45,36,0,0,2,0,60,0,0,58,2,4,0,0,25,0,7,18,41,65,5,0,25,0,0,39,15,77,70,70,2,2,2,2,7,28,45,15,25,20,7,5,30,0,15,14,25,8,29,25,100,0,76,85,1023,0,1,-30,0,0,122
40,3,6,3,6,17,Darrell,Russell,4098,69,0,840,17,84,0,5,1561,23,1561,66,24,0,0,89,0,0,0,22,0,0,71,2,12,1015,75,75,30,18,0,3,13,0,0,0,0,9,0,9,231,12,37,3,3,3,2,19,0,0,96,0,5,840,3,98,0,1,15,60,51,3,0,34,0,1,65,24,93,83,61,1,0,1,0,10,36,39,20,15,31,11,21,26,0,12,12,61,24,42,25,4098,0,77,165,1023,9,2,-19,0,0,204
45,6,6,6,6,16,Derek,Russell,0,88,0,25,17,87,0,5,1562,1009,1562,85,29,0,0,81,1,0,0,71,0,0,85,2,33,31,76,36,28,29,0,1,58,0,0,0,0,0,0,0,10,19,0,0,0,0,0,60,0,0,85,2,0,25,2,45,0,4,16,44,89,9,0,70,0,0,67,19,56,73,72,3,3,3,3,0,18,83,5,15,15,9,0,20,0,3,3,20,2,9,8,167,0,72,35,1023,60,1,-30,0,0,100
4,6,6,6,6,15,Leonard,Russell,0,80,0,90,14,82,0,5,1563,1009,1563,80,29,0,0,90,2,0,0,59,0,0,82,2,14,7,80,35,38,40,0,8,89,0,0,0,0,0,0,0,9,45,0,0,0,0,0,60,0,0,42,0,0,90,3,30,0,1,16,64,64,9,0,79,0,0,72,15,70,77,69,3,3,3,3,0,25,71,5,20,15,8,0,30,0,1,1,25,10,34,10,510,0,74,80,1023,35,2,-30,0,0,20
45,6,2,6,2,13,Matt,Russell,515,93,0,32,23,77,0,7,1564,1014,1564,74,24,0,0,76,0,0,0,58,0,1,80,0,28,1015,79,84,29,28,1,3,32,0,2,0,8,2,8,2,41,45,42,0,2,1,0,18,0,0,58,2,3,32,2,87,0,3,17,58,68,3,0,31,0,1,99,24,80,89,94,0,4,0,4,7,30,40,28,21,37,9,18,25,0,14,14,23,4,25,20,268,0,74,85,1023,3,2,-19,0,0,150
45,7,1,7,1,34,Twan,Russell,100,75,0,0,14,78,0,10,1565,12,1565,79,24,0,0,70,0,0,0,57,0,0,84,3,31,1015,93,76,18,32,0,2,33,0,0,0,0,0,0,0,115,45,9,1,1,1,0,37,0,0,56,0,3,0,0,67,0,7,37,41,54,3,0,23,0,1,95,32,78,79,70,0,0,0,0,2,29,68,44,52,21,8,6,7,0,15,14,54,5,24,14,100,0,73,70,1023,6,2,-19,0,0,204
45,6,6,6,6,29,Johnny,Rutledge,559,99,0,80,28,81,1,7,1566,7,1566,83,21,0,0,81,0,0,0,58,0,0,75,0,19,1015,82,69,16,22,0,13,26,0,4,0,8,2,8,2,62,45,100,1,1,2,4,27,0,0,51,0,2,80,2,62,0,2,29,47,63,1,0,21,0,1,77,25,74,67,68,0,4,0,4,0,27,51,59,50,42,12,9,7,2,14,13,58,2,15,14,559,0,75,79,1023,1,0,-19,0,0,150
45,0,0,0,0,21,Rod,Rutledge,308,86,0,42,34,80,0,1,1567,22,1567,66,24,0,0,96,0,0,0,75,0,0,61,3,19,1015,88,22,54,50,0,8,59,0,0,0,0,0,0,0,3,45,0,1,1,3,3,50,0,0,83,1,3,42,2,72,0,4,34,33,50,2,0,61,0,1,87,17,74,72,74,0,4,0,4,3,27,40,57,22,20,8,22,29,3,4,4,1,7,31,23,308,0,77,105,1023,7,1,-19,0,0,204
45,5,5,5,5,11,Dwayne,Sabb,0,80,0,11,10,75,0,7,1568,1009,1568,71,29,0,0,91,1,0,0,52,0,0,74,2,33,21,86,77,29,30,0,3,32,0,2,0,0,0,0,0,266,45,0,0,0,0,0,60,0,0,95,2,0,11,2,25,0,5,16,46,67,8,0,30,0,0,47,14,76,74,73,2,2,2,2,3,28,50,15,25,20,8,10,30,0,13,13,20,3,23,20,89,0,76,88,1023,0,2,-30,0,0,313
45,5,5,5,5,13,Troy,Sadowski,0,79,0,0,11,67,0,7,1569,1009,1569,64,33,0,0,91,2,0,0,68,0,0,64,0,33,1,83,27,67,69,0,8,63,0,2,0,0,0,0,0,70,45,0,0,0,0,0,60,0,0,87,2,0,0,0,25,0,6,14,57,64,11,0,61,0,0,100,12,76,80,76,2,2,2,2,4,28,54,15,25,20,10,5,30,0,4,4,30,3,23,20,0,0,77,92,1023,15,2,-30,0,0,246
45,6,6,6,6,12,Pio,Sagapolutele,0,58,0,0,12,55,0,5,1570,1009,1570,51,29,0,0,89,2,0,0,23,0,0,46,1,33,26,85,81,36,37,0,3,36,0,0,0,0,0,0,0,180,40,0,0,0,0,0,60,0,0,99,1,0,0,0,25,0,4,15,48,49,9,0,27,0,0,33,12,91,73,64,3,3,3,3,9,36,36,21,25,35,11,21,30,0,12,12,30,10,34,23,100,0,78,137,1023,0,1,-30,0,0,90
45,5,5,5,5,33,Ephraim,Salaam,563,60,0,84,10,73,0,7,1571,14,1571,57,22,0,0,81,0,0,0,20,0,0,67,3,26,1015,88,16,86,84,0,2,11,0,0,0,0,0,0,0,180,45,0,0,0,3,0,16,0,0,74,1,3,84,3,52,0,6,27,50,24,2,0,20,0,1,80,12,91,79,67,2,0,2,0,9,36,40,25,32,28,11,18,12,0,9,9,74,4,45,29,512,0,79,150,1023,9,1,-19,0,0,204
4,6,6,6,6,16,Rashan,Salaam,0,89,0,0,15,88,0,5,1572,1009,1572,86,24,0,0,85,1,0,0,68,0,0,88,2,21,1009,83,30,32,33,0,8,83,0,0,0,0,0,0,0,41,12,0,0,0,0,0,60,0,0,29,2,0,0,3,35,0,1,18,57,63,5,0,75,0,0,72,17,65,78,62,3,3,3,3,1,22,71,5,20,15,11,0,30,0,1,1,25,4,21,12,155,0,73,64,1023,20,0,-30,0,0,103
45,3,3,3,3,11,Joe,Salave'a,512,77,0,87,39,83,0,5,1573,30,1573,56,22,0,0,81,0,0,0,21,0,0,51,3,8,1015,93,78,23,21,0,3,27,0,0,0,3,0,3,0,8,45,0,2,2,3,0,14,0,0,95,2,3,87,2,63,0,4,27,47,40,2,0,18,0,1,60,24,81,73,58,2,2,2,2,42,30,17,29,22,44,8,23,3,0,12,12,106,31,38,23,512,0,75,177,1023,3,1,-19,0,0,204
45,6,6,6,6,10,Dan,Saleaumua,0,64,0,297,10,62,0,5,1574,1009,1574,55,34,0,0,86,2,0,0,27,0,0,50,1,33,27,73,95,25,26,0,3,40,0,0,0,0,0,0,0,9,45,3,0,0,0,0,60,0,0,97,2,0,297,3,60,0,7,14,57,54,13,0,31,0,0,94,11,78,84,90,3,3,3,3,24,29,15,32,25,42,12,21,30,0,12,12,30,33,30,25,1610,0,72,145,1023,0,0,-30,0,0,182
45,6,6,6,6,37,Tarek,Saleh,300,84,0,0,14,85,1,0,1575,5,1575,78,24,0,0,80,0,0,0,51,0,0,85,3,23,20,90,80,29,17,0,6,30,0,0,0,1,0,1,0,258,45,0,1,1,3,0,31,0,0,40,2,3,0,3,83,0,4,11,51,67,3,0,27,0,1,65,10,63,74,61,0,0,0,0,5,22,67,31,27,36,8,28,26,0,13,13,20,9,18,12,300,0,72,80,1023,7,0,-19,0,0,204
45,2,5,2,5,28,Khari,Samuel,150,80,0,0,11,79,1,7,1576,1,1576,69,23,1,0,87,0,0,0,59,0,0,66,1,10,1015,89,75,28,13,0,8,20,0,0,0,0,9,0,9,112,45,100,2,2,3,2,13,0,0,91,2,3,0,0,67,0,7,22,0,56,1,0,22,0,1,57,33,70,67,63,0,2,0,2,5,25,68,29,32,20,7,21,26,0,15,15,53,5,34,10,150,0,75,80,1023,3,31,-19,0,0,58
45,6,6,6,6,17,Chris,Sanders,667,92,0,96,17,91,0,5,1577,30,1577,89,26,0,0,81,1,0,0,76,0,0,88,2,33,1015,76,21,24,25,0,1,56,0,0,0,0,0,0,0,156,45,6,0,0,3,0,60,0,0,81,2,3,96,3,60,0,3,19,47,87,5,0,72,0,0,86,19,56,77,68,3,3,3,3,0,18,96,5,15,15,7,0,20,0,3,3,20,1,6,8,606,0,73,28,1023,80,4,-30,0,0,101
42,6,6,6,6,11,Deion,Sanders,3876,95,0,801,19,93,0,5,1578,26,1578,93,31,0,0,78,2,0,0,88,0,0,91,2,5,1009,67,61,22,26,0,7,46,0,0,0,0,0,0,0,64,38,72,2,2,1,0,60,1,1,21,0,4,801,3,95,0,1,12,97,84,11,0,62,0,0,74,24,53,98,99,3,3,3,3,4,16,74,5,15,15,9,0,20,0,16,16,20,0,5,5,2643,0,73,35,1023,99,3,-30,0,0,244
45,6,6,6,6,17,Frank,Sanders,668,91,0,96,16,91,0,5,1579,7,1579,88,26,0,0,83,1,0,0,74,0,0,89,2,33,1015,78,22,27,28,0,1,58,0,0,0,0,0,0,0,14,45,14,0,0,2,0,60,0,0,81,2,3,96,3,50,0,2,19,48,88,5,0,71,0,0,85,17,58,76,69,3,3,3,3,5,19,78,5,15,15,13,0,20,0,3,3,20,1,8,8,607,0,74,48,1023,60,5,-30,0,0,119
45,5,5,5,5,37,Scott,Sanderson,607,71,0,102,30,76,0,7,1580,30,1580,53,23,0,0,98,0,0,1,13,0,0,51,0,27,1015,87,16,83,84,2,12,20,0,2,0,0,0,0,0,251,45,0,0,0,1,4,74,0,0,73,2,3,102,3,98,0,3,39,42,30,3,0,17,0,1,82,36,88,77,74,0,2,0,2,6,34,47,20,13,34,7,17,14,0,5,5,99,6,24,24,607,0,78,135,1023,9,2,-19,0,0,150
45,6,5,6,5,10,O.J.,Santiago,713,87,0,123,20,85,0,7,1581,11,1581,81,23,0,1,80,0,0,0,85,0,0,83,3,25,1015,78,26,46,61,0,6,68,0,2,0,9,0,9,0,97,45,64,0,0,1,0,75,0,0,80,2,3,123,3,81,0,3,28,68,82,3,0,57,0,1,91,10,70,90,74,0,0,0,0,7,25,58,53,13,30,11,13,29,0,4,4,78,9,31,26,713,0,79,105,1023,6,2,-19,0,0,204
45,3,7,3,7,24,Patrick,Sapp,0,97,0,0,22,85,0,4,1582,1009,1582,84,26,0,0,36,1,0,0,25,0,0,75,2,23,7,55,85,22,26,0,3,39,0,0,0,0,8,0,8,38,14,70,0,0,0,0,5,0,0,55,2,0,0,3,93,0,2,30,64,65,4,0,30,0,1,98,21,78,84,80,2,0,2,0,7,29,43,10,13,6,12,9,14,0,13,13,26,8,22,21,121,0,76,98,1023,0,1,-19,0,0,427
40,6,6,6,6,8,Warren,Sapp,66,73,0,0,8,75,0,5,1583,6,1583,57,26,0,0,89,1,0,0,59,0,0,78,2,12,1015,85,91,36,37,0,3,42,0,0,0,0,0,0,0,115,12,32,0,0,1,0,60,0,0,99,2,5,0,0,80,0,1,14,85,59,5,0,33,0,0,100,11,91,94,82,3,3,3,3,6,36,40,25,25,22,13,17,30,0,12,12,30,22,32,30,66,0,74,129,1023,0,4,-30,0,0,417
45,5,5,5,5,16,Kevin,Sargent,0,60,0,69,13,55,0,7,1584,1009,1584,43,30,0,0,84,1,0,0,15,0,0,42,0,33,1,79,29,86,89,0,3,24,0,2,0,0,0,0,0,59,45,0,0,0,0,0,60,0,0,77,0,0,69,3,0,0,15,18,51,28,8,0,26,0,0,97,15,89,77,72,2,2,2,2,9,34,37,16,25,27,9,17,30,0,5,5,35,5,35,30,451,0,78,129,1023,0,0,-30,0,0,163
45,3,5,3,4,13,Jeff,Saturday,150,55,0,0,29,64,0,7,1585,10,1585,60,24,0,0,77,0,0,0,23,0,0,63,0,6,24,90,29,91,82,0,12,34,0,2,0,0,2,0,2,135,25,56,0,0,3,4,4,0,0,53,1,3,0,3,89,0,7,11,56,23,2,0,35,0,1,97,24,93,85,79,2,2,2,2,9,36,42,20,13,22,9,24,13,0,7,7,59,22,23,27,150,0,74,132,1023,9,0,-19,0,0,150
45,3,5,3,5,14,Craig,Sauer,216,89,0,30,21,85,0,4,1586,31,1586,84,27,0,0,51,1,0,0,50,0,0,75,2,25,1015,87,72,10,16,0,2,23,0,0,0,0,9,0,9,120,45,0,0,0,1,0,43,0,0,59,0,2,30,2,93,0,4,21,27,63,4,0,38,0,1,80,15,80,75,63,2,2,2,2,2,30,74,9,11,2,8,11,12,0,15,15,25,4,18,11,216,0,73,80,1023,0,3,-19,0,0,212
45,0,0,0,0,15,Todd,Sauerbrun,121,99,0,40,91,59,0,7,1587,9,1587,58,26,0,0,75,1,0,0,20,0,0,56,0,33,1015,80,38,25,27,0,1,39,0,2,0,0,0,0,0,254,13,59,0,0,1,0,60,0,0,5,0,1,40,1,60,0,2,18,57,50,5,0,17,0,0,100,94,56,98,86,2,2,2,2,5,18,81,10,15,15,7,5,20,0,20,20,15,3,11,12,110,0,70,48,1023,0,4,-30,0,0,93
45,6,6,6,6,15,Corey,Sawyer,0,89,0,0,11,89,0,5,1588,1009,1588,88,27,0,0,81,1,0,0,59,0,0,88,2,33,1,76,57,25,25,0,7,33,0,0,0,0,0,0,0,64,45,41,0,0,0,0,60,0,0,28,1,0,0,2,25,0,4,16,45,84,6,0,38,0,0,94,12,56,74,69,3,3,3,3,4,18,96,5,15,15,9,0,20,0,16,16,20,3,9,0,200,0,71,14,1023,55,0,-30,0,0,60
45,4,4,4,4,24,Talance,Sawyer,743,71,0,95,5,89,0,0,1589,31,1589,72,23,0,0,79,0,0,0,22,0,0,71,3,33,1009,87,69,14,28,0,3,11,0,0,0,9,0,9,0,143,45,100,0,0,5,0,21,0,0,97,2,5,95,3,74,0,8,21,48,56,1,0,23,0,1,75,38,62,75,66,4,0,4,0,3,21,57,1,29,7,10,18,29,0,11,10,107,6,30,24,743,0,74,110,1023,8,0,-19,0,0,204
45,3,2,3,2,24,Noel,Scarlett,139,70,0,23,17,86,0,5,1590,11,1590,46,23,0,1,87,0,0,0,22,1,0,59,3,16,1015,73,76,10,39,0,2,21,0,0,0,0,0,0,0,265,45,100,0,0,1,0,40,0,0,68,0,1,23,2,75,0,6,35,40,48,1,0,29,0,1,75,18,85,73,54,3,2,3,2,44,32,34,23,40,31,13,32,34,0,12,12,76,36,44,27,139,0,75,160,1023,0,0,-19,0,0,204
13,5,5,5,5,19,Mark,Schlereth,1795,98,0,390,16,65,0,7,1591,4,1591,46,33,0,0,87,2,0,0,18,0,0,46,0,33,1009,82,33,99,96,0,3,28,0,2,0,0,0,0,0,82,26,87,0,0,2,0,60,0,0,69,1,3,390,3,0,0,10,21,74,31,11,0,29,0,0,100,18,92,96,96,2,2,2,2,6,36,42,21,25,24,13,21,30,0,6,6,25,8,37,25,1795,0,75,120,1023,0,4,-30,0,0,122
6,5,5,5,5,15,Cory,Schlesinger,2541,76,0,270,11,70,0,5,1592,19,1592,66,26,0,0,88,1,0,0,72,0,0,66,0,33,1015,83,35,62,82,0,8,79,0,0,0,2,2,2,2,142,13,70,0,0,7,0,60,0,0,30,2,7,270,3,30,0,6,16,69,59,5,0,68,0,0,100,13,73,99,99,2,2,2,2,6,26,67,10,25,20,11,5,30,0,2,2,25,8,42,22,990,0,72,87,1023,15,4,-30,0,0,161
45,1,5,0,4,25,Mike,Schneck,250,41,0,0,20,75,0,7,1593,29,1593,49,22,0,0,92,0,1,0,22,0,0,55,1,63,1015,81,28,70,69,2,3,33,0,2,0,0,0,0,0,258,45,100,0,0,5,3,25,0,0,54,0,5,0,0,6,0,15,17,0,26,1,0,14,0,1,100,10,78,61,60,2,2,2,2,0,29,75,75,5,17,8,62,7,0,7,7,104,9,16,12,250,0,72,77,1023,5,31,-19,0,0,58
45,5,5,5,5,18,Adam,Schreiber,347,59,0,45,15,37,0,7,1594,1014,1594,45,37,0,0,86,2,0,0,16,0,0,43,0,33,1009,69,31,82,85,0,3,26,0,2,0,0,0,0,0,214,45,0,0,0,1,0,60,0,0,67,0,3,45,3,0,0,9,20,45,29,16,0,27,0,0,81,17,87,74,80,2,2,2,2,9,34,48,15,25,22,9,25,30,0,5,6,25,4,23,22,347,0,76,130,1023,0,0,-30,0,0,81
45,6,6,6,6,16,Bill,Schroeder,1276,88,0,210,17,95,0,5,1595,20,1595,90,28,0,0,78,1,0,0,81,0,0,91,0,33,20,73,15,22,23,0,1,55,0,0,0,0,0,0,0,267,36,28,0,0,2,0,60,0,0,84,2,5,210,3,0,0,6,17,61,82,6,0,66,0,0,100,19,63,81,71,3,3,3,3,3,22,80,5,15,15,9,0,20,0,3,3,20,3,5,5,1276,0,75,39,1023,85,4,-30,0,0,133
45,6,4,6,4,11,Lance,Schulters,422,97,0,60,23,84,0,5,1596,15,1596,83,24,0,1,81,0,0,0,66,0,0,85,2,31,1015,99,77,24,18,0,7,28,0,0,0,9,0,9,0,78,45,0,0,0,2,0,42,0,0,30,2,3,60,3,88,0,4,27,48,88,2,0,48,0,1,100,48,52,87,84,1,4,1,4,1,16,79,31,49,11,10,21,38,2,17,18,21,0,5,9,422,0,74,42,1023,3,1,-19,0,0,204
45,6,6,6,6,15,Kurt,Schulz,774,84,0,90,14,89,0,5,1597,19,1597,84,30,0,0,87,1,0,0,71,0,0,83,0,33,1015,82,66,23,26,0,8,29,0,0,0,0,0,0,0,59,45,27,0,0,1,0,60,0,0,45,2,4,90,3,50,0,7,15,59,85,8,0,30,0,0,100,15,72,84,74,3,3,3,3,2,26,70,5,20,15,13,5,20,0,17,17,15,0,11,12,528,0,73,46,1023,15,7,-30,0,0,107
45,5,5,5,5,14,Bryan,Schwartz,0,78,0,0,12,77,0,7,1598,1009,1598,69,27,0,0,92,1,0,0,30,0,0,74,0,33,16,87,78,34,38,0,3,32,0,2,0,2,2,2,2,265,45,0,0,0,0,0,60,0,0,58,2,0,0,0,25,0,2,18,48,65,5,0,25,0,0,94,15,77,78,83,2,2,2,2,5,28,50,15,25,20,13,5,30,0,14,14,25,3,19,22,400,0,76,93,1023,0,0,-30,0,0,122
45,0,4,0,4,29,Steve,Scifres,0,71,0,0,31,84,0,1,1599,1009,1599,59,23,0,0,84,0,0,0,25,0,0,52,1,29,20,99,28,78,70,0,3,16,0,0,0,0,6,0,6,260,45,64,3,3,0,0,6,0,0,72,2,0,0,2,77,0,3,28,57,28,3,0,25,4,1,74,22,71,77,99,0,3,0,3,7,26,46,17,39,20,11,22,24,0,8,7,109,7,28,25,25,0,76,140,1023,1,0,-19,0,0,58
45,1,1,1,1,16,Brad,Scioli,372,70,0,46,15,83,0,0,1600,10,1600,54,21,1,0,81,0,0,0,31,0,0,73,0,32,1015,70,76,36,27,0,3,24,0,0,0,7,0,7,0,164,45,100,1,1,2,0,32,0,0,99,2,2,46,3,93,0,4,21,55,69,1,0,38,0,1,70,13,73,75,66,2,3,2,3,4,26,47,20,12,24,7,23,25,0,10,10,61,6,41,24,372,0,75,120,1023,5,0,-19,0,0,150
38,4,2,4,2,18,Chad,Scott,1975,90,0,225,0,99,0,7,1601,29,1601,96,26,0,0,83,0,0,0,56,0,0,97,3,22,1015,85,55,11,13,0,7,29,0,0,0,0,8,0,8,111,16,58,0,0,3,0,41,0,0,30,0,5,225,3,82,0,1,10,67,89,3,0,40,0,1,100,18,44,85,83,4,0,4,0,4,12,77,21,17,11,11,5,12,0,16,16,33,2,8,10,1975,0,73,45,1023,65,2,-19,0,0,204
13,6,6,6,6,17,Darnay,Scott,748,94,0,154,16,96,0,5,1602,2,1602,93,26,0,0,81,1,0,0,88,0,0,91,2,33,1015,76,22,24,25,0,1,62,0,0,0,0,0,0,0,180,36,81,0,0,1,0,60,0,0,86,2,2,154,3,60,0,2,19,76,90,6,0,69,0,0,94,17,56,91,92,3,3,3,3,1,18,86,5,15,15,9,0,20,0,3,3,20,0,10,4,748,0,73,27,1023,20,5,-30,0,0,101
45,1,1,1,1,26,Lance,Scott,0,27,0,0,21,65,0,7,1603,1009,1603,46,26,0,0,0,0,0,0,29,0,0,55,0,17,15,0,24,82,87,0,2,24,0,2,0,0,6,0,6,233,14,54,0,0,0,0,5,0,0,53,0,0,0,1,88,0,5,27,53,28,3,0,22,0,1,29,20,90,78,70,2,2,2,2,33,35,15,28,20,42,13,24,18,0,7,8,36,24,32,22,100,0,75,140,1023,0,0,-19,0,0,150
45,5,3,5,3,28,Yusuf,Scott,87,77,0,16,34,73,0,7,1604,7,1604,60,22,0,0,83,0,0,0,17,0,0,62,3,19,1015,70,13,66,70,0,3,12,0,0,0,2,0,2,0,8,45,100,0,0,1,3,1,0,0,68,1,1,16,2,0,0,4,21,39,27,1,0,16,5,1,77,25,89,70,75,3,0,3,0,35,34,3,30,33,57,9,32,24,0,8,8,80,49,40,24,118,0,75,182,1023,1,0,-19,0,0,204
45,5,5,5,5,22,Kirk,Scrafford,0,70,0,185,19,60,0,7,1605,1009,1605,49,32,0,0,83,2,0,0,21,0,0,48,0,33,14,78,28,99,92,0,3,23,0,2,0,0,0,0,0,124,26,80,0,0,0,0,60,0,0,76,1,0,185,3,0,0,15,24,75,34,10,0,32,0,0,55,21,88,92,93,2,2,2,2,7,34,56,15,25,40,10,20,30,0,9,5,35,8,27,24,663,0,78,110,1023,0,0,-30,0,0,50
45,6,6,6,6,11,Tracy,Scroggins,722,65,0,60,12,75,0,5,1606,19,1606,63,29,0,0,81,1,0,0,51,0,0,67,2,33,1015,75,79,23,27,0,3,27,0,0,0,0,0,0,0,222,45,45,0,0,1,0,60,0,0,97,2,4,60,3,50,0,2,15,62,57,8,0,22,0,0,99,12,76,83,99,3,3,3,3,5,28,50,25,25,30,10,15,30,0,10,10,25,5,36,22,492,0,75,113,1023,0,7,-30,0,0,280
45,6,6,6,6,13,Mike,Scurlock,100,86,0,0,12,84,0,5,1607,1014,1607,83,27,0,0,84,1,0,0,58,0,0,84,2,33,23,79,59,21,23,0,8,26,0,0,0,0,0,0,0,8,45,0,0,0,1,0,60,0,0,38,1,1,0,0,25,0,5,13,34,88,5,0,28,0,0,49,12,59,68,59,3,3,3,3,0,20,70,5,20,15,8,5,20,0,16,17,15,0,13,7,100,0,70,40,1023,15,0,-30,0,0,99
45,5,5,5,5,21,Leon,Searcy,835,70,0,238,18,65,0,7,1608,17,1608,48,29,0,0,89,1,0,0,20,0,0,53,2,11,1009,84,34,97,94,0,3,29,0,2,0,0,0,0,0,115,26,0,0,0,1,0,60,0,0,72,1,1,238,3,0,0,1,23,84,33,8,0,31,0,0,100,20,94,94,92,2,2,2,2,15,37,24,24,25,22,10,23,30,0,9,9,35,19,38,30,835,0,76,153,1023,0,3,2,0,0,278
2,5,5,5,5,17,Junior,Seau,135,95,0,0,16,87,0,7,1609,8,1609,74,30,0,0,93,2,0,0,61,0,0,77,1,5,1015,85,99,34,35,0,3,37,0,2,0,0,0,0,0,231,28,60,0,0,1,0,60,0,1,55,2,5,0,0,70,0,1,20,97,72,10,0,59,0,0,85,18,88,99,99,2,2,2,2,4,34,54,15,25,20,11,10,30,0,15,15,20,2,28,23,135,0,75,90,1023,0,9,-30,0,0,421
14,6,6,6,6,16,Mark,Seay,0,93,0,123,16,91,0,5,1610,1009,1610,90,32,0,0,70,1,0,0,80,0,0,88,2,33,12,65,18,19,20,0,1,56,0,0,0,0,0,0,0,265,36,0,0,0,0,0,60,0,0,81,2,0,123,3,50,0,15,17,61,86,7,0,68,0,0,65,17,50,80,74,3,3,3,3,5,15,98,5,15,15,12,0,20,0,3,3,20,1,10,2,744,0,72,15,1023,75,1,-30,0,0,86
45,6,6,6,6,16,Jason,Sehorn,1163,94,0,0,14,94,0,5,1611,16,1611,92,28,0,0,84,1,0,0,66,0,0,90,0,33,1015,79,58,22,23,0,7,41,0,0,0,0,0,0,0,231,30,35,0,0,1,0,60,0,0,31,0,1,0,3,25,0,2,17,67,88,6,0,43,0,0,5,15,59,89,91,3,3,3,3,4,20,74,5,15,15,8,0,20,0,16,16,20,3,8,7,1163,0,74,53,1023,65,5,-30,0,0,130
45,4,4,4,4,12,Mike,Sellers,150,88,0,0,25,78,0,7,1612,26,1612,72,24,0,1,75,0,0,0,65,0,0,75,0,25,10,97,10,45,61,0,13,74,0,4,0,0,0,0,0,28,45,0,2,2,3,4,1,0,0,45,2,3,0,1,88,0,6,17,11,65,2,0,74,0,1,79,31,71,83,65,0,0,0,0,4,26,44,24,23,24,9,37,20,0,2,2,4,4,23,23,150,0,75,100,1023,5,0,-19,0,0,150
45,5,5,5,5,18,Tony,Semple,418,65,0,14,15,60,0,7,1613,19,1613,45,28,0,0,85,1,0,0,17,0,0,46,1,33,1015,80,30,80,79,0,3,25,0,2,0,0,0,0,0,114,45,0,0,0,4,0,60,0,0,62,2,5,14,2,0,0,5,20,31,30,6,0,28,0,0,97,17,90,73,72,2,2,2,2,10,35,49,24,25,34,11,15,30,0,6,6,25,6,33,23,152,0,77,126,1023,0,5,-30,0,0,256
45,6,6,6,6,16,Kato,Serwanga,100,90,0,0,11,89,0,5,1614,22,1614,88,29,0,0,66,1,0,0,52,0,0,87,2,63,4,61,49,19,22,0,7,36,0,0,0,0,0,0,0,265,14,0,0,0,2,0,60,0,0,31,2,2,0,0,0,0,15,16,53,80,1,0,25,0,0,100,12,46,68,65,3,3,3,3,1,13,75,5,15,15,9,0,20,0,16,16,20,5,6,7,100,0,72,45,1023,35,0,-30,0,0,119
45,6,6,6,6,15,Sam,Shade,900,97,0,400,10,85,0,5,1615,26,1615,83,25,0,0,85,1,0,0,59,0,0,83,2,33,1015,80,76,23,26,0,8,28,0,0,0,0,0,0,0,3,45,0,0,0,4,0,60,0,0,29,2,4,400,3,25,0,4,15,54,84,5,0,29,0,0,100,15,60,83,81,3,3,3,3,5,20,82,5,20,15,12,5,20,0,18,18,15,0,8,9,900,0,72,39,1023,15,4,-30,0,0,240
45,0,6,0,6,14,Larry,Shannon,185,81,0,28,19,84,0,5,1616,23,1616,81,24,0,0,72,0,1,0,82,0,0,83,2,27,1015,84,11,13,33,0,0,63,0,0,0,0,0,0,0,54,45,0,2,2,1,0,30,0,0,19,0,1,28,2,2,0,4,28,41,77,2,0,73,0,1,74,20,57,73,65,0,0,0,0,1,18,85,11,34,26,12,25,27,0,3,3,48,4,6,6,185,0,76,50,1023,1,1,-19,0,0,204
3,5,5,5,5,17,Shannon,Sharpe,505,95,0,408,15,90,0,7,1617,25,1617,85,30,0,0,83,2,0,0,99,0,0,85,2,33,1015,78,21,48,59,0,8,66,0,2,0,0,0,0,0,186,37,82,0,0,1,0,60,0,1,82,1,1,408,3,90,0,7,18,83,82,10,0,55,0,0,100,16,68,99,98,2,2,2,2,4,24,76,15,25,20,9,5,30,0,4,4,30,10,19,10,1376,0,74,70,1023,35,9,-30,0,0,247
45,6,0,6,0,21,Darren,Sharper,1874,92,0,208,24,92,0,7,1618,20,1618,87,25,2,0,84,0,0,0,74,0,0,85,3,20,1015,80,79,23,36,0,10,25,0,2,0,0,0,0,0,256,45,44,0,0,2,4,56,0,0,42,1,4,208,3,85,0,2,22,87,87,3,0,43,0,1,100,36,62,89,75,0,3,0,3,1,21,77,11,21,38,12,1,23,0,17,18,14,5,7,10,1874,1,74,50,1023,4,2,-19,0,0,204
45,4,4,4,4,33,Jamie,Sharper,1170,87,0,184,36,85,0,7,1619,25,1619,80,25,0,0,91,0,0,0,55,0,0,83,3,16,1015,87,82,24,21,0,12,25,0,0,0,7,0,7,0,240,45,4,1,1,2,4,29,0,0,55,0,4,184,3,63,0,2,16,46,54,3,0,23,0,1,93,15,62,78,66,0,0,0,0,4,21,61,29,32,54,13,13,19,0,13,13,61,8,20,13,1170,0,75,80,1023,8,2,-19,0,0,204
45,4,3,4,3,17,Bobby,Shaw,878,94,0,144,18,92,0,1,1620,29,1620,89,23,0,0,81,0,0,0,83,0,0,91,2,23,1009,80,23,25,39,0,8,66,0,0,0,0,0,0,0,28,45,18,4,4,3,3,15,0,0,82,2,3,144,3,73,0,5,11,58,84,2,0,78,0,1,100,19,55,80,64,0,2,0,2,4,18,90,36,12,37,8,4,19,0,3,3,51,3,6,6,878,0,73,25,1023,0,0,-19,0,0,204
45,5,7,5,7,20,Harold,Shaw,162,77,0,0,25,74,0,1,1621,22,1621,80,22,1,0,71,0,2,5,69,0,0,76,3,19,21,88,30,29,39,0,7,82,0,0,0,9,9,9,9,194,45,0,2,2,2,0,32,0,0,44,2,2,0,2,84,0,7,10,40,54,2,0,75,0,1,95,29,75,71,65,0,0,0,0,2,28,52,47,49,27,13,29,23,0,1,1,48,7,28,12,162,0,72,70,1023,21,0,-19,0,0,204
11,6,6,6,6,16,Terrance,Shaw,176,95,0,36,14,93,0,5,1622,12,1622,92,25,0,0,82,1,0,0,59,0,0,91,2,33,1015,77,60,22,23,0,7,41,0,0,0,0,0,0,0,181,30,0,0,0,1,0,60,0,0,22,0,1,36,2,25,0,2,18,52,88,5,0,45,0,0,45,15,57,75,59,3,3,3,3,0,18,72,5,15,15,8,0,20,0,16,16,20,5,8,11,319,0,72,40,1023,80,4,-30,0,0,102
45,6,6,6,6,16,Kenny,Shedd,440,98,0,56,16,96,0,5,1623,26,1623,95,28,0,0,74,1,0,0,69,0,0,88,1,33,1009,69,28,22,23,0,1,52,0,0,0,0,0,0,0,150,45,0,0,0,1,0,60,0,0,19,2,4,56,2,0,0,5,17,31,77,6,0,66,0,0,33,17,49,70,50,3,3,3,3,3,14,96,5,15,15,12,0,20,0,3,3,20,2,10,6,440,0,70,8,1023,80,3,-30,0,0,230
45,3,6,3,6,24,Rashaan,Shehee,0,60,0,0,38,93,0,7,1624,1009,1624,88,22,0,0,66,0,5,0,79,0,0,60,1,24,1015,74,26,54,49,2,8,74,0,0,0,9,0,9,0,252,45,0,2,2,0,0,44,0,0,22,2,0,0,2,52,0,2,24,46,67,2,0,74,0,1,97,25,72,77,99,0,0,0,0,2,26,91,26,39,29,7,37,43,0,1,2,4,3,8,7,136,1,70,50,1023,3,1,-19,0,0,58
45,6,4,6,4,14,Daimon,Shelton,449,86,0,78,27,64,0,7,1625,17,1625,86,24,0,0,88,0,5,5,67,0,0,73,1,21,1015,68,24,49,41,0,8,79,0,2,0,7,0,7,0,258,2,0,0,0,1,2,2,0,0,31,1,3,78,3,99,0,4,10,51,59,3,0,76,0,1,100,28,73,75,81,0,0,0,0,3,26,40,21,36,32,13,20,22,0,2,1,2,8,25,25,449,0,75,104,1023,1,2,-19,0,0,58
45,2,5,2,5,22,L.J.,Shelton,2284,71,0,87,36,71,0,1,1626,7,1626,59,21,1,0,83,0,1,1,10,0,0,67,3,19,1015,85,16,83,85,0,3,30,0,0,0,0,2,0,2,58,12,100,0,0,4,0,6,0,0,70,2,4,87,3,0,0,1,36,59,27,1,0,24,0,1,89,28,90,79,73,0,2,0,2,48,35,19,31,45,43,10,20,26,0,5,5,65,33,33,30,522,0,78,185,1023,0,0,-19,0,0,204
45,6,6,6,6,16,Leslie,Shepherd,151,90,0,40,14,88,0,5,1627,12,1627,87,29,0,0,80,1,0,0,72,0,0,86,2,33,1009,75,30,26,28,0,1,58,0,0,0,0,0,0,0,208,45,27,0,0,1,0,60,0,0,84,2,1,40,2,50,0,15,17,50,87,6,0,68,0,0,59,16,55,73,66,3,3,3,3,1,18,97,5,15,15,7,0,20,0,3,3,20,2,6,5,274,0,71,26,1023,35,0,-30,0,0,149
45,6,6,6,6,15,Paul,Shields,100,86,0,0,14,85,0,5,1628,10,1628,84,23,0,0,82,1,0,0,56,0,0,83,2,33,4,79,27,53,54,0,8,76,0,0,0,0,0,0,0,8,45,0,0,0,2,0,60,0,0,39,2,2,0,0,0,0,15,16,54,61,1,0,75,0,0,0,15,62,72,48,3,3,3,3,3,21,78,5,20,15,12,0,30,0,2,1,25,6,31,10,100,0,73,78,1023,20,0,-30,0,0,114
45,6,5,6,5,23,Scott,Shields,199,95,0,26,13,84,0,1,1629,29,1629,81,22,0,0,95,0,0,0,51,0,0,87,0,16,1015,91,70,12,11,0,7,23,0,0,0,9,0,9,0,253,45,100,2,2,1,0,37,0,0,47,0,1,26,2,72,0,2,13,33,69,1,0,37,0,1,95,26,73,70,63,3,4,3,4,5,26,72,37,37,12,9,10,3,0,18,18,49,6,34,13,199,0,76,72,1023,1,0,-19,0,0,150
13,5,5,5,5,16,Will,Shields,4127,80,0,345,14,70,0,7,1630,9,1630,64,27,0,0,88,1,0,0,16,0,0,45,2,33,1015,83,33,94,94,0,3,28,0,2,0,0,0,0,0,142,26,69,0,0,5,0,60,0,0,68,2,7,345,3,0,0,3,18,79,29,7,0,26,0,0,84,16,93,99,99,2,2,2,2,38,36,29,35,25,42,13,22,30,0,8,8,25,37,42,23,1608,0,75,148,1023,0,6,-30,0,0,427
45,1,5,1,5,16,Clay,Shiver,0,87,0,72,23,75,0,7,1631,1009,1631,54,27,0,1,30,1,0,0,28,0,0,45,0,28,10,75,29,86,89,0,2,10,6,4,0,0,0,0,0,64,45,64,0,0,0,0,7,0,0,52,0,0,72,3,81,0,3,10,61,22,4,0,11,0,1,79,18,90,81,66,2,0,2,0,4,35,31,19,22,21,9,23,20,0,7,7,44,24,38,27,419,0,74,123,1023,0,0,-19,0,0,299
19,0,0,0,0,75,Heath,Shuler,0,90,0,16,12,82,0,7,1632,1009,1632,80,27,0,0,76,1,0,0,21,0,0,81,0,3,26,81,17,15,20,0,1,65,0,2,0,0,0,0,0,211,12,0,0,0,0,0,60,0,0,5,1,0,16,2,30,0,1,86,58,55,6,0,64,0,0,11,15,56,70,54,2,2,2,2,4,18,91,5,10,15,12,0,20,0,0,0,20,4,9,11,136,0,74,56,1023,0,1,-30,0,0,120
45,3,5,3,5,16,Dainon,Sidney,729,82,0,87,12,87,0,7,1633,30,1633,91,24,0,0,85,0,0,0,60,0,0,89,3,8,1015,71,68,20,28,0,8,28,0,0,0,0,0,0,0,3,30,22,0,0,2,0,38,0,0,37,2,3,87,2,72,0,3,18,44,90,2,0,54,0,1,55,15,55,73,55,3,3,3,3,4,18,67,4,0,22,13,11,14,1,16,16,34,1,13,11,729,0,73,42,1023,25,1,-19,0,0,204
45,5,5,5,5,16,Ricky,Siglar,0,60,0,84,13,55,0,7,1634,1009,1634,43,32,0,0,84,2,0,0,15,0,0,43,0,33,26,79,29,86,85,0,3,24,0,2,0,0,0,0,0,185,45,0,0,0,0,0,60,0,0,74,1,0,84,3,0,0,15,18,53,28,10,0,26,0,0,7,15,89,77,76,2,2,2,2,4,34,33,21,25,22,7,17,30,0,9,9,35,4,34,29,504,0,79,149,1023,0,0,-30,0,0,156
45,0,0,0,0,14,Don,Silvestri,0,85,0,0,86,55,0,7,1635,1009,1635,51,30,0,0,70,1,0,0,17,0,0,50,0,33,17,75,22,18,20,0,0,13,0,2,0,0,0,0,0,166,45,0,0,0,0,0,60,0,0,5,0,0,0,0,0,0,2,17,56,49,6,0,18,0,0,75,90,48,82,80,2,2,2,2,0,14,71,5,15,15,11,5,15,0,19,19,15,5,13,7,0,0,76,60,1023,0,2,-30,0,0,120
45,5,5,5,5,13,Tracy,Simien,200,77,0,100,11,64,0,7,1636,1014,1636,62,31,0,0,91,2,0,0,28,0,0,62,1,33,8,80,87,30,34,0,3,27,0,2,0,2,2,2,2,207,45,0,0,0,1,0,60,0,0,57,1,1,100,3,25,0,15,17,55,61,11,0,23,0,0,99,14,76,80,87,2,2,2,2,5,28,48,15,25,20,13,5,30,0,14,14,25,1,18,23,200,0,73,92,1023,0,1,-30,0,0,213
45,4,4,4,4,21,Anthony,Simmons,702,83,0,108,30,85,0,5,1637,28,1637,77,22,0,1,90,0,0,0,47,0,0,83,3,23,1015,88,74,22,27,0,3,38,0,0,0,0,0,0,0,38,12,53,3,3,1,0,16,0,0,51,2,2,108,2,62,0,1,29,44,63,2,0,34,0,1,100,16,85,73,64,0,4,0,4,0,32,77,15,17,62,10,39,0,0,14,13,85,5,21,14,702,0,72,80,1023,1,1,-19,0,0,204
14,7,5,7,5,27,Brian,Simmons,1377,73,0,51,14,78,0,7,1638,2,1638,79,22,0,0,74,0,0,0,59,0,0,71,0,10,1015,65,88,27,17,0,3,31,0,2,0,8,2,8,2,135,12,60,1,1,3,0,31,0,0,56,0,4,51,3,74,0,1,7,55,59,2,0,24,0,1,100,22,72,82,82,4,0,4,0,3,26,68,3,29,22,9,8,47,0,14,14,11,5,42,25,543,0,75,84,1023,9,1,-19,0,0,150
45,6,6,6,6,8,Clyde,Simmons,337,57,0,57,8,63,0,5,1639,1,1639,59,34,0,0,92,2,0,0,48,0,0,63,2,33,1009,74,88,36,40,0,3,40,0,0,0,0,0,0,0,243,45,45,0,0,2,0,60,0,0,96,2,2,57,3,60,0,9,14,59,54,14,0,37,0,0,58,11,74,78,89,3,3,3,3,3,27,36,19,25,34,10,18,30,0,10,11,25,7,38,29,459,0,77,124,1023,0,0,-30,0,0,116
45,5,5,5,5,16,Ed,Simmons,0,56,0,90,13,46,0,7,1640,1009,1640,43,35,0,0,86,2,0,0,15,0,0,43,1,33,25,75,31,89,87,0,3,26,0,2,0,0,0,0,0,59,45,0,0,0,0,0,60,0,0,76,1,0,90,3,0,0,6,18,67,28,13,0,26,0,0,96,15,89,81,84,2,2,2,2,13,34,25,19,25,26,10,18,30,0,9,9,35,20,43,25,460,0,77,155,1023,0,1,-30,0,0,53
45,7,0,7,0,24,Jason,Simmons,403,89,0,57,18,86,0,5,1641,29,1641,81,23,0,0,81,0,0,2,75,0,0,73,3,28,1015,98,63,29,16,0,0,27,0,0,0,1,8,1,8,9,45,0,3,3,3,0,33,0,0,23,2,3,57,3,85,0,5,28,48,72,2,0,37,0,1,100,29,58,71,62,0,0,0,0,5,19,87,0,30,37,8,28,6,0,18,18,18,4,10,12,403,0,69,44,1023,0,1,-19,0,0,204
45,6,4,6,4,12,Tony,Simmons,574,88,0,40,24,84,2,5,1642,22,1642,86,24,1,0,72,0,0,0,69,0,0,91,2,19,1015,86,31,35,26,0,1,61,0,0,0,0,0,0,0,258,45,9,2,4,2,0,37,0,0,81,2,3,40,2,96,0,3,14,34,93,2,0,63,0,1,87,28,51,73,66,2,0,2,0,3,16,88,1,29,28,10,5,18,0,3,3,45,0,10,11,272,0,73,52,1023,1,1,-19,0,0,204
45,5,5,5,5,15,Wayne,Simmons,0,96,0,69,14,85,0,7,1643,1009,1643,76,29,0,0,91,1,0,0,38,0,0,75,2,15,8,86,84,29,30,0,3,32,0,2,0,0,0,0,0,38,45,0,0,0,0,0,60,0,0,53,2,0,69,3,70,0,1,20,57,72,7,0,36,0,0,94,18,76,88,99,2,2,2,2,3,28,40,15,25,20,11,10,30,0,13,15,20,8,26,21,417,0,74,84,1023,0,0,-30,0,0,73
45,4,4,4,4,18,Geroy,Simon,0,82,0,0,32,98,0,5,1644,1009,1644,95,25,0,1,75,0,0,0,81,0,0,97,3,4,1015,53,11,39,20,0,0,31,0,0,0,0,9,0,9,111,45,0,2,2,0,0,44,0,0,87,2,0,0,0,63,0,6,19,54,91,3,0,66,0,1,63,16,33,81,67,0,0,0,0,5,6,83,18,35,22,8,17,21,3,3,3,69,2,7,6,0,0,72,38,1023,65,2,-19,0,0,204
45,3,6,3,6,11,Barry,Sims,713,81,0,116,25,78,0,6,1645,23,1645,48,21,0,0,98,0,0,0,32,0,0,57,3,6,1009,97,18,87,87,0,3,20,0,2,0,0,0,0,0,233,45,100,0,0,4,0,6,0,0,65,1,4,116,3,62,0,5,26,52,15,1,0,26,0,1,57,21,90,78,65,2,2,2,2,8,35,37,25,43,31,12,19,38,0,5,7,100,7,26,26,713,0,77,140,1023,2,0,-19,0,0,204
45,5,5,5,5,13,Keith,Sims,1696,76,0,357,10,60,0,7,1646,26,1646,41,31,0,0,89,2,0,0,12,0,0,46,2,33,1009,84,34,99,97,0,3,29,0,2,0,0,0,0,0,90,26,68,0,0,2,0,60,0,0,63,1,3,357,3,0,0,2,15,77,25,10,0,23,0,0,81,12,94,95,94,2,2,2,2,48,37,32,24,25,35,10,21,30,0,6,8,25,30,38,22,1696,0,75,158,1023,0,1,-30,0,0,128
45,6,6,6,6,9,Tom,Sims,24,60,0,0,9,55,0,5,1647,1009,1647,46,32,0,0,87,2,0,0,18,0,0,44,0,33,1009,83,80,29,30,0,3,31,0,0,0,0,0,0,0,166,45,0,0,0,0,0,60,0,0,90,1,1,0,0,0,0,6,13,50,44,10,0,22,0,0,99,10,88,72,70,3,3,3,3,5,34,35,23,25,22,7,18,30,0,12,12,30,21,43,23,0,0,74,131,1023,0,4,-30,0,0,152
45,6,6,6,6,13,Michael,Sinclair,954,70,0,168,13,75,0,5,1648,28,1648,67,31,0,0,83,1,0,0,34,0,0,66,2,33,1015,77,85,27,31,0,3,29,0,0,0,0,0,0,0,265,45,51,0,0,3,0,60,0,0,70,1,3,168,3,55,0,6,17,69,61,8,0,26,0,0,100,14,78,85,81,3,3,3,3,5,29,45,25,25,30,13,15,30,0,10,11,25,9,25,23,867,0,76,107,1023,0,8,-30,0,0,292
45,4,4,4,4,22,Alshermond,Singleton,765,84,0,125,12,85,0,1,1649,6,1649,73,24,0,0,81,0,2,0,55,0,0,80,3,7,1009,90,81,16,29,0,3,38,0,0,0,8,0,8,0,208,45,36,2,2,3,0,28,0,0,51,2,5,125,3,61,0,5,39,59,54,3,0,38,0,1,100,16,77,84,83,0,2,0,2,3,28,61,21,17,11,8,10,5,0,15,15,29,2,33,21,765,0,74,90,1023,4,2,-19,0,0,204
45,5,5,5,5,10,Chris,Singleton,0,81,0,0,9,72,0,7,1650,1009,1650,66,32,0,0,92,2,0,0,30,0,0,66,2,8,11,84,84,32,33,0,3,35,0,2,0,0,0,0,0,8,4,0,0,0,0,0,60,0,0,55,1,0,0,0,25,0,1,14,52,64,10,0,28,0,0,100,12,75,75,85,2,2,2,2,5,28,64,15,25,20,9,10,30,0,15,13,20,7,36,20,0,0,74,86,1023,0,1,-30,0,0,111
45,6,6,6,6,8,Tony,Siragusa,1865,52,0,195,8,60,0,5,1651,25,1651,40,31,0,0,94,2,0,0,12,0,0,40,0,33,1009,90,89,41,42,0,3,25,0,0,0,0,0,0,0,166,40,0,0,0,3,0,60,0,0,98,1,5,195,3,25,0,15,13,63,38,10,0,16,0,0,81,10,96,81,72,3,3,3,3,31,38,33,27,25,41,10,33,30,0,12,12,30,22,39,27,1017,0,75,175,1023,0,2,-30,0,0,299
45,0,0,0,0,21,Scott,Sisson,0,85,0,0,88,55,0,7,1652,1009,1652,54,27,0,0,70,1,0,0,11,0,0,53,0,33,30,75,20,17,18,0,0,10,0,2,0,0,0,0,0,71,45,0,0,0,0,0,60,0,0,2,1,0,0,1,0,0,5,27,56,52,7,0,15,0,0,100,88,45,83,81,2,2,2,2,1,12,74,5,15,15,12,5,15,0,19,19,15,2,12,5,0,0,72,37,1023,0,2,-30,0,0,168
45,5,5,5,5,19,Greg,Skrepenak,0,70,0,0,16,60,0,7,1653,1009,1653,46,29,0,0,88,1,0,0,18,0,0,48,0,33,1009,83,34,91,91,0,3,29,0,2,0,0,0,0,0,117,26,0,0,0,0,0,60,0,0,68,2,0,0,3,0,0,2,21,73,31,8,0,29,0,0,88,18,93,89,91,2,2,2,2,15,36,29,16,25,34,10,20,30,0,9,8,35,21,33,27,0,0,79,156,1023,0,3,-30,0,0,328
45,5,5,5,5,14,Chris,Slade,889,84,0,160,13,80,0,7,1654,22,1654,73,28,0,0,93,1,0,0,54,0,0,75,2,33,1015,88,81,34,35,0,3,37,0,2,0,0,0,0,0,240,45,0,0,0,2,0,60,0,0,53,1,4,160,3,60,0,2,17,51,69,7,0,32,0,0,88,15,78,80,78,2,2,2,2,4,29,66,15,25,20,10,10,30,0,13,13,20,8,33,24,889,0,77,85,1023,0,6,-30,0,0,389
13,5,5,5,5,15,David,Sloan,1100,84,0,201,13,85,0,7,1655,19,1655,79,26,0,0,75,1,0,0,82,0,0,80,0,33,1015,60,28,52,60,0,8,69,0,2,0,0,0,0,0,145,14,72,0,0,3,0,60,0,0,86,1,3,201,3,30,0,3,16,69,92,5,0,62,0,0,100,14,75,92,84,2,2,2,2,6,28,51,15,25,20,10,5,30,0,4,4,30,9,39,22,1000,0,78,100,1023,15,4,-30,0,0,136
45,1,1,1,1,17,Scott,Slutzker,0,82,0,0,20,72,0,4,1656,1009,1656,64,27,0,0,36,1,0,0,64,0,0,66,2,26,1009,49,30,54,59,0,2,63,0,0,0,4,4,4,4,89,14,0,0,0,0,0,8,0,0,84,2,0,0,2,3,0,3,10,41,67,4,0,52,0,1,36,13,79,72,72,2,2,2,2,7,30,41,9,11,46,7,9,12,0,4,4,32,2,41,25,134,0,76,90,1023,0,1,-19,0,0,195
45,6,6,6,6,17,Torrance,Small,372,89,0,58,16,87,0,5,1657,13,1657,86,28,0,0,82,1,0,0,76,0,0,86,2,33,1009,77,21,26,27,0,1,58,0,0,0,0,0,0,0,6,45,11,0,0,2,0,60,0,0,80,2,2,58,2,50,0,5,19,50,82,8,0,69,0,0,57,17,57,75,71,3,3,3,3,2,18,72,5,15,15,7,0,20,0,3,3,20,4,7,5,372,0,75,49,1023,65,0,-30,0,0,119
45,6,6,6,6,11,Joel,Smeenge,290,67,0,14,11,67,0,5,1658,17,1658,63,31,0,0,82,2,0,0,31,0,0,58,0,33,1009,73,73,25,29,0,3,30,0,0,0,0,0,0,0,246,45,0,0,0,2,0,60,0,0,99,2,3,14,2,25,0,3,15,12,57,10,0,25,0,0,84,12,77,61,71,3,3,3,3,7,28,45,25,25,30,8,15,30,0,13,10,25,5,28,26,176,0,78,102,1023,0,4,-30,0,0,169
45,2,5,2,5,34,Aaron,Smith,1417,79,0,168,19,69,0,7,1659,29,1659,72,22,0,0,94,0,0,0,20,0,0,73,0,31,1015,85,78,20,10,0,3,13,0,2,0,9,0,9,0,136,45,100,1,1,7,2,53,0,0,91,0,7,168,3,73,0,4,20,62,60,1,0,25,0,1,99,15,73,76,75,0,1,0,1,3,26,31,24,20,22,7,24,24,0,12,11,103,6,36,26,1417,1,77,138,1023,4,0,-19,0,0,150
45,0,0,0,0,72,Akili,Smith,1440,90,0,217,23,87,0,7,1660,2,1660,76,22,0,0,82,0,0,0,30,0,0,83,3,27,1015,78,26,14,26,0,1,66,0,3,0,0,0,0,0,160,12,100,2,2,7,0,43,0,0,11,0,7,217,2,72,0,1,88,45,49,1,0,43,0,1,91,13,54,72,61,2,4,2,4,0,17,80,8,17,29,9,4,4,0,0,0,19,3,12,6,1440,0,75,60,1023,0,0,-19,0,0,204
45,6,6,6,6,11,Anthony,Smith,0,65,0,0,11,79,0,5,1661,1009,1661,72,31,0,0,83,2,0,0,50,0,0,61,2,11,22,77,82,27,31,0,3,29,0,0,0,0,0,0,0,265,45,0,0,0,0,0,60,0,0,94,2,0,0,0,25,0,1,15,73,56,10,0,56,0,0,65,12,77,86,89,3,3,3,3,6,28,44,25,25,30,7,15,30,0,10,11,25,9,24,22,96,0,75,105,1023,0,1,-30,0,0,326
4,6,2,6,2,24,Antowain,Smith,1040,85,0,160,23,90,0,7,1662,3,1662,89,28,0,0,81,1,0,1,56,0,0,86,3,19,1015,68,11,40,39,0,9,66,0,0,0,0,9,0,9,80,12,0,3,3,3,2,12,0,0,23,2,5,160,2,57,0,1,32,44,70,3,0,68,0,1,100,31,76,71,64,0,0,0,0,5,28,67,30,30,63,9,0,20,0,1,1,34,8,34,13,1040,0,74,72,1023,18,2,-19,0,0,204
45,6,6,6,6,10,Artie,Smith,0,65,0,28,8,60,0,5,1663,1009,1663,59,28,0,0,94,1,0,0,27,0,0,56,2,33,10,88,77,38,42,0,3,42,0,0,0,0,0,0,0,101,40,0,0,0,0,0,60,0,0,70,2,0,28,2,25,0,5,14,37,54,7,0,39,0,0,79,11,90,69,48,3,3,3,3,8,35,40,17,25,25,8,25,30,0,11,11,25,7,45,29,208,0,76,128,1023,0,0,-30,0,0,116
45,3,7,3,7,23,Brady,Smith,185,90,0,60,15,75,0,7,1664,14,1664,65,26,0,0,96,1,0,0,49,0,0,64,0,6,1015,95,77,14,13,0,2,21,0,0,0,0,0,0,0,42,45,42,0,3,1,0,16,0,0,91,2,1,60,3,82,0,3,21,64,65,4,0,21,0,1,10,26,84,78,65,2,4,2,4,4,32,58,12,12,55,12,12,19,0,11,11,24,4,31,27,482,0,77,114,1023,0,3,-19,0,0,150
45,1,3,1,3,18,Brent,Smith,739,73,0,84,16,67,0,7,1665,12,1665,57,25,0,0,84,0,0,0,12,0,0,54,0,14,1009,82,18,86,85,0,3,35,0,2,0,0,0,0,0,121,45,40,0,2,2,2,5,0,0,70,1,4,84,3,82,0,7,18,64,12,3,0,35,0,1,94,26,93,83,83,2,2,2,2,3,36,35,19,9,31,12,23,3,0,5,5,86,5,23,25,504,1,77,145,1023,0,2,-19,0,0,150
2,6,6,6,6,15,Bruce,Smith,34,64,0,0,10,72,0,5,1666,26,1666,69,35,0,0,88,2,0,0,45,0,0,71,2,1,1015,70,95,31,35,0,3,35,0,0,0,0,0,0,0,241,40,50,0,0,1,0,60,0,0,78,2,5,0,0,75,0,1,18,83,72,15,0,32,0,0,100,15,86,97,99,3,3,3,3,4,33,46,25,25,30,8,15,30,0,11,11,25,5,30,23,34,0,76,103,1023,0,14,-30,0,0,492
45,6,6,6,6,15,Chuck,Smith,59,70,0,0,10,79,0,5,1667,21,1667,69,30,0,0,83,1,0,0,35,0,0,76,1,33,1015,77,77,26,30,0,3,29,0,0,0,0,0,0,0,211,45,50,0,0,1,0,60,0,0,91,2,5,0,0,60,0,2,18,69,62,8,0,26,0,0,86,15,77,85,87,3,3,3,3,3,28,52,25,25,30,10,15,30,0,11,11,25,8,24,21,59,0,74,97,1023,0,7,-30,0,0,256
45,5,5,5,5,15,Darrin,Smith,1027,95,0,222,14,80,0,7,1668,27,1668,78,29,0,0,87,1,0,0,60,0,0,85,2,33,1009,82,83,25,26,0,3,28,0,2,0,0,0,0,0,115,3,56,0,0,1,0,60,0,1,54,1,2,222,3,50,0,2,20,79,74,7,0,41,0,0,97,18,72,87,85,2,2,2,2,0,26,72,15,25,20,9,10,30,0,13,15,20,6,24,11,1027,0,73,76,1023,0,1,-30,0,0,67
45,2,0,2,0,29,Derek,Smith,1364,99,0,32,39,88,1,7,1669,26,1669,85,23,0,0,75,0,0,0,54,0,0,86,0,14,1015,87,84,15,17,0,8,35,0,0,0,1,0,1,0,9,45,61,0,2,2,2,23,0,0,50,0,4,32,2,77,0,2,34,56,53,3,0,36,0,1,100,32,70,80,76,0,0,0,0,0,25,62,42,27,26,12,1,3,0,14,14,67,8,18,10,288,0,74,80,1023,4,2,-19,0,0,150
45,3,2,3,2,27,Derek,Smith,0,80,0,0,27,73,0,7,1670,1009,1670,58,23,0,0,70,0,0,0,21,0,0,49,0,4,1015,72,21,80,73,0,3,24,6,2,0,2,2,2,2,241,45,100,0,0,0,0,35,0,0,71,0,0,0,2,60,0,3,36,25,18,1,0,21,0,1,89,29,81,69,65,2,2,2,2,7,30,48,15,4,26,8,24,16,0,8,8,72,5,26,24,119,0,78,149,1023,5,0,-19,0,0,150
45,1,1,1,1,18,Detron,Smith,121,81,0,162,20,75,0,6,1671,4,1671,73,25,0,0,79,1,0,0,70,0,0,74,2,32,1015,84,75,57,62,0,1,60,0,0,0,0,0,0,0,215,45,0,0,0,1,0,27,0,0,42,2,1,162,3,95,0,4,12,45,58,4,0,65,0,1,44,10,83,86,72,2,4,2,4,0,32,78,7,11,23,8,8,27,0,2,2,25,6,35,10,712,0,70,69,1023,0,3,-19,0,0,204
2,6,6,6,6,17,Emmitt,Smith,3951,92,0,1135,16,92,0,5,1672,11,1672,80,29,0,0,91,2,0,0,72,0,0,81,2,17,1015,76,34,45,48,0,8,94,0,0,0,0,0,0,0,62,21,85,0,0,2,0,60,0,1,22,2,5,1135,3,70,0,1,18,84,83,10,0,99,0,0,63,17,61,91,99,3,3,3,3,1,20,58,5,20,15,8,0,30,0,1,1,25,3,33,11,3951,0,70,61,1023,20,9,0,0,0,69
45,6,6,6,6,9,Fernando,Smith,200,58,0,100,9,65,0,5,1673,24,1673,57,27,0,0,85,1,0,0,24,0,0,54,2,33,16,81,76,34,38,0,3,39,0,0,0,0,0,0,0,92,40,0,0,0,1,0,60,0,0,95,2,1,100,0,25,0,2,14,28,51,6,0,34,0,0,100,11,87,74,66,3,3,3,3,6,34,44,22,25,27,9,23,30,0,12,10,30,7,38,28,200,0,78,127,1023,0,0,-30,0,0,287
29,6,6,6,6,16,Frankie,Smith,150,92,0,0,12,89,0,5,1674,1,1674,88,30,0,0,80,1,0,0,53,0,0,87,2,33,14,75,57,22,23,0,7,24,0,0,0,0,0,0,0,17,2,53,0,0,2,0,60,0,0,29,2,3,0,2,25,0,4,17,66,85,7,0,24,0,0,92,12,55,75,69,3,3,3,3,1,18,84,5,15,15,13,0,20,0,17,16,20,4,4,2,150,0,69,26,1023,20,1,-30,0,0,247
45,0,0,0,0,20,Hunter,Smith,501,85,0,70,90,52,0,7,1675,10,1675,43,22,0,0,60,0,0,0,34,0,0,40,0,2,1015,97,16,15,25,0,5,22,9,0,0,0,0,0,0,152,45,100,2,2,7,2,51,0,0,17,1,7,70,3,52,0,5,29,41,25,1,0,27,0,1,82,84,13,76,60,0,0,0,0,1,0,77,45,25,22,7,15,18,0,20,20,43,3,13,12,501,0,74,49,1023,1,0,-19,0,0,150
45,5,5,5,5,15,Irv,Smith,151,83,0,60,13,75,0,7,1676,1014,1676,68,27,0,0,90,1,0,0,72,0,0,70,2,20,1009,85,29,60,63,0,8,66,0,2,0,0,0,0,0,152,4,0,0,0,1,0,60,0,0,82,2,1,60,3,70,0,1,16,47,71,7,0,63,0,0,72,14,75,80,70,2,2,2,2,4,28,51,15,25,20,12,5,30,0,4,4,30,9,21,25,411,0,75,89,1023,15,0,-30,0,0,134
45,1,5,1,5,21,Jeff,Smith,327,71,0,54,31,72,0,7,1677,17,1677,53,26,0,1,47,1,0,0,32,0,0,55,0,30,1009,63,26,85,82,0,2,37,0,2,0,0,0,2,2,211,14,0,0,0,1,0,12,0,0,73,1,3,54,2,90,0,7,29,42,20,4,0,19,0,1,100,11,87,87,99,2,2,2,2,37,34,31,31,20,44,8,31,22,0,6,7,45,24,32,28,327,0,75,162,1023,0,2,-19,0,0,155
13,6,6,6,6,16,Jimmy,Smith,5633,92,0,1505,16,96,0,5,1678,17,1678,92,30,0,0,80,1,0,0,99,0,0,93,2,33,1009,75,22,24,25,0,1,61,0,0,0,0,0,0,0,92,35,85,0,0,7,0,60,0,1,82,2,7,1505,3,60,0,2,17,86,91,8,0,69,0,0,100,17,55,96,92,3,3,3,3,4,18,79,5,15,15,12,0,20,0,3,3,20,1,6,12,5633,0,73,53,1023,85,4,3,0,0,437
6,6,6,6,6,11,Kevin,Smith,1804,99,0,360,6,97,0,5,1679,1014,1679,94,29,0,0,78,1,0,0,60,0,0,93,2,17,1015,73,61,21,23,0,7,41,0,0,0,0,0,0,0,215,30,36,0,0,1,0,60,0,1,26,0,4,360,3,65,0,1,12,70,81,8,0,46,0,0,85,7,53,81,74,3,3,3,3,1,16,80,5,15,15,12,0,20,0,16,16,20,5,2,9,1804,0,71,23,1023,70,7,-30,0,0,238
45,6,6,6,6,16,Lamar,Smith,172,86,0,81,15,89,0,5,1680,12,1680,84,28,0,0,88,1,0,0,59,0,0,85,2,33,1009,85,33,32,33,0,8,85,0,0,0,0,0,0,0,80,45,0,0,0,1,0,60,0,0,26,2,1,81,3,50,0,3,17,62,64,6,0,82,0,0,35,16,68,78,66,3,3,3,3,4,24,68,5,20,15,11,0,30,0,1,1,25,7,23,10,467,0,71,70,1023,35,1,-30,0,0,439
45,6,4,6,4,21,Larry,Smith,911,73,0,168,15,88,0,0,1681,17,1681,66,22,0,0,85,0,1,1,25,0,0,63,3,30,1015,93,80,25,24,0,3,35,0,0,0,2,2,2,2,64,45,100,0,0,3,2,36,0,0,94,2,3,168,3,3,0,2,10,47,46,1,0,21,0,1,97,10,74,75,59,2,2,2,2,5,27,40,22,44,28,9,16,24,0,12,12,78,6,24,23,911,0,77,132,1023,0,0,-19,0,0,204
45,3,4,3,4,30,Mark,Smith,200,24,0,0,18,70,0,5,1682,7,1682,64,24,0,1,91,0,0,0,25,0,0,65,2,2,7,81,82,26,23,0,2,32,6,0,0,0,9,0,9,14,40,56,0,0,2,0,58,0,0,93,2,4,0,1,92,0,7,31,57,61,2,0,24,10,1,97,18,87,83,75,2,4,2,4,10,34,38,25,17,28,12,20,16,0,12,10,27,4,22,25,200,1,76,134,1023,0,1,-19,0,0,204
45,3,2,3,2,13,Marquis,Smith,600,86,0,300,28,87,0,0,1683,5,1683,93,22,0,0,75,0,0,0,65,0,0,87,3,22,1015,89,50,15,32,0,8,27,0,0,0,2,8,2,8,28,45,100,3,3,3,0,17,0,0,21,1,3,300,0,88,0,7,20,40,89,1,0,57,0,1,100,24,56,70,50,2,3,2,3,3,18,67,39,46,43,13,10,24,3,16,17,62,0,10,10,600,0,76,53,1023,5,31,-19,0,0,204
45,6,6,6,6,11,Neil,Smith,1442,64,0,327,9,68,0,5,1684,8,1684,65,33,0,0,90,2,0,0,32,0,0,61,2,2,1009,78,89,34,38,0,3,38,0,0,0,0,0,0,0,142,2,68,0,0,1,0,60,0,0,91,1,3,327,3,75,0,1,15,78,59,12,0,35,0,0,100,12,78,84,90,3,3,3,3,5,29,45,25,25,30,10,15,30,0,10,11,25,4,25,28,1442,0,76,113,1023,0,2,-30,0,0,108
45,6,6,6,6,16,Otis,Smith,190,91,0,57,12,85,0,5,1685,22,1685,83,34,0,0,85,2,0,0,58,0,0,83,1,33,1009,77,59,23,24,0,7,28,0,0,0,0,0,0,0,265,45,41,0,0,1,0,60,0,0,45,1,1,57,3,25,0,15,16,49,83,9,0,28,0,0,96,12,60,75,79,3,3,3,3,5,20,69,5,15,15,12,0,20,0,16,16,20,4,10,4,519,0,71,38,1023,20,4,-30,0,0,226
21,6,6,6,6,16,Robert,Smith,1516,93,0,459,15,93,0,5,1686,31,1686,88,27,0,0,88,1,0,0,80,0,0,89,1,21,1015,74,34,33,35,0,8,93,0,0,0,0,0,0,0,156,3,70,0,0,2,0,60,0,1,26,2,2,459,3,55,0,1,17,98,78,7,0,99,0,0,100,16,68,95,92,3,3,3,3,3,24,83,5,20,15,10,0,30,0,1,1,25,1,12,8,2067,0,74,52,1023,20,6,-30,0,0,233
13,6,6,6,6,14,Rod,Smith,4997,89,0,384,10,95,0,5,1687,4,1687,90,28,0,0,88,1,0,0,93,0,0,92,2,33,1009,83,26,31,32,0,1,62,0,0,0,0,0,0,0,265,35,66,0,0,7,0,60,0,1,80,2,7,384,3,50,0,15,15,76,90,5,0,69,0,0,100,12,63,91,83,3,3,3,3,0,22,88,5,15,15,10,0,20,0,3,3,20,1,7,11,1947,0,72,34,1023,35,4,-30,0,0,441
45,6,4,6,4,28,Shevin,Smith,189,83,0,26,31,95,0,5,1688,6,1688,92,25,0,0,99,0,0,0,49,0,0,91,3,9,1015,83,69,27,10,0,7,28,0,0,0,0,1,0,1,64,45,0,3,0,1,0,51,0,0,37,0,2,26,2,68,0,6,18,31,91,2,0,46,0,1,83,20,49,71,53,3,2,3,2,4,14,89,33,8,25,9,0,1,0,16,16,31,2,12,5,196,0,71,44,1023,4,1,-19,0,0,204
29,6,6,6,6,13,Thomas,Smith,713,99,0,69,11,87,0,5,1689,1,1689,86,28,0,0,80,1,0,0,60,0,0,86,2,28,1015,75,59,21,23,0,7,28,0,0,0,0,0,0,0,135,4,50,0,0,1,0,60,0,0,25,2,3,69,3,55,0,1,13,63,84,7,0,31,0,0,100,12,55,84,96,3,3,3,3,4,18,78,5,15,15,9,0,20,0,16,16,20,0,1,5,648,0,71,28,1023,20,6,-30,0,0,146
45,3,4,3,4,38,Travian,Smith,770,87,0,114,29,88,0,7,1690,23,1690,80,22,0,0,81,0,0,0,52,0,0,88,3,13,1015,91,72,17,11,2,3,33,0,0,0,0,0,0,0,157,45,0,0,0,6,0,6,0,0,53,2,6,114,2,74,0,7,33,49,63,2,0,24,0,1,46,28,75,74,57,0,3,0,3,1,28,70,37,16,18,13,30,25,0,15,15,66,9,23,11,770,1,76,80,1023,6,1,-19,0,0,204
45,4,2,4,2,21,Troy,Smith,90,85,0,10,12,86,0,7,1691,1014,1691,73,22,0,0,84,0,0,1,71,0,0,66,3,18,1009,68,17,23,29,0,8,73,0,0,0,8,7,8,7,54,45,100,0,0,1,0,44,0,0,19,2,1,10,2,84,0,5,11,28,67,1,0,89,0,1,52,12,74,64,70,2,4,2,4,4,27,72,37,37,42,12,34,22,0,3,3,60,5,4,9,90,1,74,33,1023,0,0,-19,0,0,204
45,5,5,5,5,10,Vinson,Smith,0,74,0,0,9,66,0,7,1692,1009,1692,62,33,0,0,91,2,0,0,31,0,0,62,2,33,10,77,87,32,33,0,3,35,0,2,0,0,0,0,0,54,45,62,0,0,0,0,60,0,0,52,1,0,0,0,25,0,15,15,41,63,12,0,29,0,0,28,13,76,72,80,2,2,2,2,3,28,62,15,25,20,12,10,30,0,15,13,20,4,41,22,100,0,74,83,1023,0,0,-30,0,0,52
45,6,6,6,6,11,Freddie,Solomon,0,88,0,0,17,86,0,5,1693,1009,1693,85,26,0,0,69,1,0,0,77,0,0,85,2,33,1009,64,15,18,19,0,1,49,0,0,0,0,0,0,0,179,14,8,0,0,0,0,60,0,0,84,2,0,0,2,0,0,15,12,45,81,5,0,65,0,0,59,19,49,71,62,3,3,3,3,1,14,79,5,15,15,13,0,20,0,3,3,20,1,7,9,210,0,71,20,1023,20,0,-30,0,0,374
45,4,7,4,7,31,Jerald,Sowell,1950,89,0,1100,35,81,0,4,1694,18,1694,88,24,0,0,79,0,0,0,67,0,0,66,3,20,17,60,13,84,58,0,13,79,0,0,0,7,0,7,0,221,45,0,1,1,7,4,25,0,0,33,2,7,1100,3,73,0,5,29,42,64,3,0,74,0,1,95,28,74,89,64,3,0,3,0,2,27,76,1,34,17,9,22,23,0,2,2,0,3,15,13,1950,0,72,77,1023,0,0,-19,0,0,204
45,6,6,6,6,17,Phillippi,Sparks,490,94,0,72,16,91,0,5,1695,11,1695,90,30,0,0,83,1,0,0,59,0,0,90,2,33,1015,78,59,23,24,0,7,33,0,0,0,0,0,0,0,9,30,35,0,0,1,0,60,0,0,20,0,2,72,3,50,0,2,19,60,87,8,0,42,0,0,83,18,58,77,72,3,3,3,3,0,19,79,5,15,15,7,0,20,0,18,16,20,1,12,10,667,0,71,35,1023,35,7,-30,0,0,148
45,5,5,5,5,12,Marcus,Spears,699,55,0,36,9,50,0,7,1696,9,1696,39,27,0,0,86,1,0,0,11,0,0,39,2,33,1009,81,31,86,87,0,3,26,0,2,0,0,0,0,0,154,45,0,0,0,3,0,60,0,0,70,0,5,36,2,0,0,2,14,46,24,6,0,22,0,0,97,11,91,82,90,2,2,2,2,14,36,26,16,25,27,9,19,30,0,9,9,35,17,45,26,254,0,76,160,1023,0,2,-30,0,0,78
8,6,6,6,6,9,Alonzo,Spellman,1410,65,0,370,10,79,0,5,1697,11,1697,75,27,0,0,93,1,0,0,28,0,0,60,2,22,1009,87,89,37,41,0,3,42,0,0,0,0,0,0,0,156,40,0,0,0,2,0,60,0,1,90,2,2,370,3,70,0,1,14,88,54,8,0,37,0,0,75,11,88,93,79,3,3,3,3,7,34,47,20,25,21,10,22,30,0,10,10,25,5,36,27,1410,0,76,129,1023,0,0,-30,0,0,227
45,5,5,5,5,17,Blake,Spence,100,85,0,0,13,76,0,5,1698,6,1698,75,24,0,0,83,1,0,0,72,0,0,73,0,33,4,78,30,50,53,0,8,69,0,0,0,2,2,2,2,160,45,0,0,0,1,0,60,0,0,84,2,2,0,0,0,0,15,18,48,52,2,0,69,0,0,100,15,68,70,55,2,2,2,2,6,24,52,10,25,20,11,5,30,0,4,2,25,5,41,24,100,0,76,89,1023,15,0,-30,0,0,136
45,6,6,6,6,16,Jimmy,Spencer,200,89,0,0,11,89,0,5,1699,4,1699,87,30,0,0,83,1,0,0,58,0,0,87,2,33,1,78,58,23,24,0,7,28,0,0,0,0,0,0,0,62,45,22,0,0,1,0,60,0,0,33,1,2,0,3,25,0,8,16,52,83,8,0,28,0,0,20,12,58,74,70,3,3,3,3,4,19,83,5,15,15,8,0,20,0,16,16,20,3,3,6,200,0,69,28,1023,20,1,-30,0,0,229
45,5,5,5,5,23,Paul,Spicer,600,74,0,75,13,74,0,5,1700,17,1700,70,24,0,1,81,0,2,0,10,0,0,72,3,30,1015,83,64,26,21,0,3,28,0,0,0,8,8,8,8,265,40,10,2,2,4,0,47,0,0,95,2,5,75,3,0,0,6,21,44,65,2,0,38,0,1,100,26,86,75,66,4,0,4,0,3,33,30,15,26,31,12,20,21,0,10,10,9,6,34,30,600,0,76,127,1023,1,1,-19,0,0,204
3,5,5,5,5,15,Chris,Spielman,697,75,0,495,13,71,0,7,1701,1014,1701,64,33,0,0,90,2,0,0,55,0,0,65,0,33,1009,76,99,29,33,0,3,26,0,2,0,2,2,2,2,156,28,0,0,0,1,0,60,0,1,54,1,1,495,3,50,0,2,20,88,75,12,0,50,0,0,100,17,85,96,97,2,2,2,2,5,32,68,15,25,20,8,5,30,0,14,14,25,5,43,21,1854,0,72,87,1023,0,0,-30,0,0,169
45,3,0,3,0,39,Cameron,Spikes,383,84,0,69,39,76,0,4,1702,24,1702,57,21,0,0,92,0,0,1,29,0,0,51,0,33,1009,91,27,83,75,0,3,22,0,2,0,6,2,6,2,215,45,100,0,0,3,2,18,0,0,73,1,3,69,3,96,0,8,29,45,23,1,0,30,0,1,81,35,88,75,69,2,2,2,2,10,34,44,19,30,22,7,22,26,0,6,6,105,23,41,22,383,1,76,153,1023,9,0,-19,0,0,150
45,4,6,4,6,29,Takeo,Spikes,1980,87,0,200,37,80,0,0,1703,2,1703,83,22,0,0,81,0,0,0,51,0,0,80,3,10,1015,96,83,23,10,0,3,28,0,2,0,0,9,0,9,14,45,48,3,3,4,0,42,0,0,51,0,5,200,3,3,0,2,33,60,66,2,0,37,0,1,100,25,73,78,75,4,0,4,0,3,26,63,16,27,58,13,8,29,0,14,14,17,2,23,21,1980,0,74,82,1023,7,1,-19,0,0,204
45,6,6,6,6,8,Marc,Spindler,0,62,0,0,8,60,0,5,1704,1009,1704,54,29,0,0,89,2,0,0,26,0,0,53,0,33,18,85,80,36,37,0,3,39,0,0,0,0,0,0,0,166,40,34,0,0,0,0,60,0,0,92,1,0,0,3,25,0,3,14,46,52,10,0,30,0,0,91,11,91,74,63,3,3,3,3,9,36,37,16,25,25,8,15,30,0,12,12,30,5,33,22,50,0,77,130,1023,0,0,-30,0,0,63
45,3,5,3,5,17,Greg,Spires,525,74,0,88,27,86,0,5,1705,22,1705,55,24,0,0,80,0,0,0,21,0,0,64,3,19,1015,89,81,33,38,0,3,32,0,0,0,0,9,0,9,64,40,21,0,0,2,0,12,0,0,94,2,2,88,3,80,0,6,27,64,51,2,0,27,2,1,100,25,89,84,70,0,1,0,1,6,34,55,5,76,41,7,19,29,0,11,11,12,5,25,24,525,0,73,105,1023,4,1,-19,0,0,204
45,5,2,5,2,19,Marcus,Spriggs,231,79,0,30,13,81,0,1,1706,5,1706,54,22,0,0,84,0,0,0,24,0,0,70,3,30,1009,78,72,11,30,0,3,38,4,0,0,9,3,9,3,220,45,100,0,0,2,0,1,0,0,91,0,2,30,2,67,0,7,25,41,49,1,0,13,0,1,61,15,77,70,60,2,0,2,0,14,28,25,25,47,27,9,16,24,0,12,12,69,21,38,25,231,0,76,155,1023,7,0,-19,0,0,204
45,3,3,3,3,28,Marcus,Spriggs,330,79,0,50,36,77,0,7,1707,3,1707,57,23,0,0,95,0,0,0,22,0,0,57,3,19,1015,80,16,85,79,0,3,31,0,0,0,0,2,0,2,80,45,0,0,0,2,0,43,0,0,69,1,2,50,3,6,0,5,20,45,20,3,0,39,0,1,100,14,85,77,77,0,0,0,0,27,32,24,21,19,37,7,25,28,0,5,5,53,24,34,27,330,1,75,150,1023,3,2,-19,0,0,204
45,5,6,5,6,15,Shawn,Springs,4391,97,0,924,31,96,0,5,1708,28,1708,93,25,0,0,89,0,0,0,71,0,0,94,3,7,1015,75,77,21,32,0,7,23,0,0,0,0,0,0,0,156,30,41,2,2,2,0,0,0,0,24,0,4,924,3,70,0,2,24,75,94,3,0,41,0,1,97,23,71,92,80,0,0,0,0,5,26,66,23,11,14,13,4,7,0,16,16,38,5,5,9,4391,0,72,47,1023,15,2,-19,0,0,204
45,0,6,0,6,27,Jimmy,Sprotte,0,87,0,0,24,87,0,7,1709,1009,1709,76,25,0,0,80,0,0,0,55,0,0,72,0,27,1015,87,70,10,10,0,3,35,0,4,0,8,8,8,8,8,45,0,2,2,0,0,52,0,0,52,2,0,0,0,64,0,7,21,31,73,2,0,25,0,1,99,17,68,69,66,4,0,4,0,3,24,59,15,29,31,8,14,3,0,13,13,11,5,31,13,50,0,75,75,1023,3,0,-19,0,0,150
45,6,6,6,6,13,Texans,SS #28,400,94,0,0,11,83,0,5,1710,32,1710,82,28,0,0,90,1,0,0,61,0,0,80,2,33,29,85,69,24,26,0,8,26,0,0,0,0,0,0,0,265,45,7,0,0,3,0,60,0,0,28,2,4,0,0,0,0,15,14,58,79,6,0,28,0,0,4,13,65,78,75,3,3,3,3,2,22,64,5,20,15,8,5,20,0,18,18,15,0,11,8,400,0,73,57,1023,15,1,-30,0,0,60
45,7,2,7,2,16,Jeremy,Staat,222,89,0,28,15,71,0,7,1711,29,1711,62,24,0,0,66,0,0,0,13,0,0,69,0,28,1015,64,72,35,10,0,3,35,0,2,0,7,1,7,1,9,14,0,0,0,2,0,37,0,0,94,2,2,28,2,0,0,2,15,39,61,2,0,34,0,1,89,24,73,74,83,0,0,0,0,10,26,46,25,32,33,10,24,15,0,12,11,61,10,28,23,222,0,77,140,1023,7,1,-19,0,0,150
45,6,6,6,6,16,Brian,Stablein,343,88,0,45,13,89,0,5,1712,19,1712,85,29,0,0,78,1,0,0,72,0,0,84,0,33,1009,73,32,27,28,0,1,58,0,0,0,0,0,0,0,156,45,2,0,0,2,0,60,0,0,83,2,3,45,2,50,0,8,16,38,82,5,0,69,0,0,97,14,53,74,76,3,3,3,3,2,16,91,5,15,15,10,0,20,0,3,3,20,1,8,7,343,0,73,31,1023,45,1,-30,0,0,56
6,5,5,5,5,18,Brenden,Stai,556,79,0,312,15,55,0,7,1713,17,1713,45,27,0,0,87,1,0,0,17,0,0,46,0,33,1015,82,32,91,92,0,3,27,0,2,0,0,0,0,0,142,26,96,0,0,1,0,60,0,0,68,0,1,312,3,0,0,3,20,70,30,5,0,28,0,0,100,17,92,91,99,2,2,2,2,13,36,30,17,25,32,8,16,30,0,8,8,25,20,27,25,1515,0,76,152,1023,0,4,-30,0,0,169
45,7,7,7,7,23,Duce,Staley,1178,94,0,153,15,91,0,5,1714,13,1714,87,25,0,1,93,0,0,1,72,0,0,88,2,15,1015,89,22,36,31,0,8,85,0,0,0,7,0,7,0,114,45,0,0,4,1,0,28,0,0,22,2,3,153,3,75,0,3,30,69,81,3,0,89,0,1,44,32,82,84,64,2,0,2,0,3,31,65,50,34,24,9,27,32,0,1,1,22,1,38,23,807,0,71,82,1023,15,2,-19,0,0,204
45,6,6,6,6,10,Ramondo,Stallings,0,65,0,0,10,65,0,5,1715,1009,1715,60,27,0,0,91,1,0,0,28,0,0,57,2,33,1,85,76,34,38,0,3,39,0,0,0,0,0,0,0,180,40,0,0,0,0,0,60,0,0,79,2,0,0,2,25,0,7,14,47,54,6,0,34,0,0,6,11,87,71,60,3,3,3,3,6,34,40,22,25,21,8,20,30,0,10,10,25,10,28,30,120,0,79,125,1023,0,1,-30,0,0,113
45,0,0,0,0,21,Chad,Stanley,100,96,0,0,87,59,0,7,1716,15,1716,56,23,0,0,70,1,0,0,5,0,0,55,0,33,4,75,24,18,19,0,1,29,0,2,0,0,0,0,0,181,45,62,0,0,2,0,60,0,0,4,1,2,0,0,0,0,15,27,53,38,1,0,15,0,0,6,88,47,79,64,2,2,2,2,0,14,78,10,15,15,12,5,20,0,20,20,15,0,10,9,100,0,75,50,1023,0,0,-30,0,0,41
45,6,6,6,6,16,Tony,Stargell,0,89,0,189,11,87,0,5,1717,1009,1717,84,32,0,0,83,2,0,0,60,0,0,85,2,33,0,75,62,22,23,0,7,30,0,0,0,0,0,0,0,212,45,0,0,0,0,0,60,0,0,45,1,0,189,3,50,0,3,16,70,85,10,0,41,0,0,23,12,68,80,85,3,3,3,3,2,24,83,5,15,15,9,0,20,0,16,16,20,1,11,8,1065,0,71,29,1023,35,1,-30,0,0,334
30,6,3,6,3,20,Duane,Starks,1099,80,0,120,25,94,0,5,1718,25,1718,92,25,0,0,90,0,0,0,51,0,0,93,3,6,1015,80,69,21,22,0,7,22,0,0,0,0,8,0,8,115,12,43,0,0,2,0,35,0,0,22,0,3,120,3,88,0,1,12,51,89,2,0,47,0,1,100,21,53,80,68,4,3,4,3,5,16,89,17,29,10,13,8,0,0,17,16,39,2,8,6,1099,0,70,15,1023,23,1,-19,0,0,204
45,5,5,5,5,15,Joe,Staysniak,0,77,0,54,12,55,0,7,1719,1009,1719,42,32,0,0,86,2,0,0,14,0,0,41,0,33,9,81,30,86,88,0,3,25,0,2,0,0,0,0,0,156,45,0,0,0,0,0,60,0,0,79,0,0,54,3,0,0,7,17,76,27,10,0,25,0,0,89,14,91,86,97,2,2,2,2,7,36,29,20,25,25,13,16,30,0,7,6,25,7,34,29,315,0,76,132,1023,0,1,-30,0,0,72
45,7,5,7,5,24,Aaron,Stecker,0,80,0,0,26,98,3,7,1720,6,1720,90,22,1,0,88,0,0,5,77,0,0,92,3,4,1015,82,11,32,28,0,8,78,0,0,0,0,9,0,9,258,45,100,2,2,0,0,4,0,0,22,2,0,0,0,87,0,4,33,0,78,1,0,77,0,1,100,23,64,81,62,0,0,0,0,2,22,75,22,26,44,12,2,29,0,1,1,14,4,11,10,0,0,70,50,1023,2,31,-19,0,0,204
3,6,6,6,6,8,Joel,Steed,669,62,0,402,8,65,0,5,1721,1014,1721,56,30,0,0,92,1,0,0,22,0,0,57,2,33,1015,88,88,39,43,0,3,44,0,0,0,0,0,0,0,41,40,37,0,0,1,0,60,0,1,93,2,1,402,3,35,0,3,14,78,49,8,0,39,0,0,100,11,94,95,99,3,3,3,3,49,37,18,25,25,33,9,30,30,0,12,10,30,33,37,28,1824,0,74,140,1023,0,7,-30,0,0,275
45,0,2,0,2,21,Glen,Steele,726,74,0,40,13,76,0,4,1722,2,1722,52,24,0,1,88,0,0,0,23,0,0,70,1,10,1015,70,74,47,23,0,3,21,0,0,0,0,2,0,2,117,40,25,0,2,5,0,15,0,0,70,2,5,40,2,75,0,6,27,47,48,2,0,12,0,1,100,22,90,75,57,2,2,2,2,7,35,35,17,30,22,13,15,27,0,12,12,46,10,38,29,264,0,76,140,1023,5,1,-19,0,0,58
45,4,4,4,4,50,Milt,Stegal,441,95,0,75,50,99,0,5,1723,1009,1723,95,29,0,1,85,1,0,0,85,0,0,98,2,0,1023,79,50,50,34,0,0,62,0,0,0,0,0,0,0,115,45,0,3,3,0,0,60,0,0,85,2,0,75,0,0,0,0,50,50,88,8,0,60,0,0,75,50,62,86,64,0,0,0,0,1,21,85,10,15,15,7,0,20,0,3,3,10,1,11,1,441,0,72,24,1023,75,4,-30,0,0,1
45,0,0,0,0,78,Steve,Stenstrom,76,85,0,0,10,56,0,7,1724,19,1724,55,27,0,0,76,1,0,0,23,0,0,55,0,33,1009,81,16,15,20,0,1,53,0,2,0,0,0,0,0,200,45,0,0,0,1,0,60,0,0,18,0,1,0,2,25,0,4,86,22,52,5,0,60,0,0,99,12,56,70,68,2,2,2,2,5,18,72,5,10,15,10,0,20,0,0,0,20,2,9,12,76,0,74,46,1023,0,0,-30,0,0,130
26,3,2,3,2,17,Jamain,Stephens,1491,76,0,220,29,72,0,7,1725,2,1725,44,26,0,0,47,1,0,0,24,0,0,54,0,27,1015,55,22,75,82,0,2,24,0,0,0,0,0,0,0,134,14,88,0,0,3,0,20,0,0,75,0,5,220,2,98,0,1,5,83,23,4,0,27,0,1,100,38,93,72,69,2,2,2,2,17,36,44,19,21,27,10,22,20,0,9,9,36,19,23,26,1491,0,78,176,1023,0,3,-19,0,0,150
45,5,5,5,5,16,Richard,Stephens,0,60,0,0,13,50,0,7,1726,1009,1726,43,34,0,0,86,2,0,0,14,0,0,43,1,33,22,81,31,82,81,0,3,26,0,2,0,0,0,0,0,222,45,0,0,0,0,0,60,0,0,77,2,0,0,0,0,0,9,18,33,27,9,0,25,0,0,91,15,91,74,75,2,2,2,2,10,36,42,22,25,20,7,19,30,0,6,6,25,4,35,25,0,0,79,150,1023,0,3,-30,0,0,256
45,5,5,5,5,17,Rod,Stephens,0,83,0,0,16,69,0,7,1727,1009,1727,66,32,0,0,90,2,0,0,53,0,0,66,2,33,25,79,88,28,29,0,3,31,0,2,0,2,2,2,2,71,45,0,0,0,0,0,60,0,0,99,1,0,0,0,25,0,15,17,66,66,11,0,31,0,0,84,15,75,79,82,2,2,2,2,3,28,64,15,25,20,12,5,30,0,14,15,25,5,27,10,58,0,73,71,1023,0,2,-30,0,0,110
45,1,7,1,7,36,Tremayne,Stephens,0,52,0,0,25,87,0,7,1728,1009,1728,84,26,0,0,80,0,0,0,71,0,0,85,3,1,1015,89,18,58,55,0,6,74,0,0,0,7,0,7,0,9,45,0,0,0,0,0,3,0,0,34,2,0,0,0,75,0,6,21,50,62,2,0,72,0,1,42,17,56,74,61,0,0,0,0,0,18,66,30,28,31,10,4,20,0,1,2,28,5,6,10,100,0,71,45,1023,2,2,-19,0,0,204
26,5,5,5,5,22,Mark,Stepnoski,1063,85,0,249,19,75,0,7,1729,11,1729,57,32,0,0,84,2,0,0,21,0,0,55,0,33,1009,79,29,93,91,0,3,24,0,2,0,0,0,0,0,166,5,86,0,0,3,0,60,0,0,53,1,3,249,3,0,0,3,24,85,34,11,0,32,0,0,74,21,89,94,93,2,2,2,2,4,34,53,20,25,35,7,20,25,0,7,7,10,6,36,28,966,0,74,109,1023,0,0,-30,0,0,38
13,5,5,5,5,18,Todd,Steussie,1746,65,0,435,15,60,0,7,1730,31,1730,55,28,0,0,88,1,0,0,17,0,0,56,0,19,1015,83,33,94,93,0,3,28,0,2,0,0,0,0,0,28,26,50,0,0,2,0,60,0,0,73,1,3,435,3,0,0,1,20,75,30,6,0,28,0,0,100,17,93,91,87,2,2,2,2,17,36,27,24,25,35,10,19,30,0,5,5,35,22,37,28,1587,0,78,160,1023,0,5,-30,0,0,81
45,2,2,2,2,19,Matt,Stevens,372,99,0,62,21,86,0,10,1731,26,1731,84,26,0,0,81,1,0,0,58,0,0,85,2,29,1009,75,76,13,24,0,10,36,0,2,0,0,0,0,0,7,45,0,0,0,2,0,45,0,0,23,1,2,62,3,85,0,3,14,55,83,4,0,47,0,1,94,17,72,80,70,2,0,2,0,3,26,76,8,10,38,11,7,11,0,18,18,24,4,6,7,372,0,72,45,1023,0,0,-19,0,0,151
45,6,6,6,6,16,James,Stewart,224,89,0,41,15,88,0,5,1732,19,1732,84,27,0,0,92,1,0,0,76,0,0,86,2,19,1015,90,34,35,38,0,8,79,0,0,0,0,0,0,0,211,4,0,0,0,1,0,60,0,0,34,2,1,41,3,50,0,1,17,52,61,5,0,80,0,0,100,16,69,82,83,3,3,3,3,3,24,63,5,20,15,12,0,30,0,1,1,25,6,35,11,224,0,73,64,1023,20,4,-30,0,0,18
45,6,6,6,6,16,James,Stewart,0,87,0,0,15,85,0,5,1733,1009,1733,84,27,0,0,89,1,0,0,58,0,0,82,2,33,30,87,31,31,32,0,8,82,0,0,0,0,0,0,0,115,45,0,0,0,0,0,60,0,0,28,2,0,0,0,30,0,5,17,48,63,5,0,73,0,0,86,16,72,72,58,3,3,3,3,5,26,58,5,20,15,12,0,30,0,1,1,25,10,22,11,0,0,74,78,1023,20,3,-30,0,0,229
13,0,0,0,0,88,Kordell,Stewart,4638,99,0,888,40,90,0,7,1734,29,1734,89,26,0,0,77,1,0,0,83,0,0,85,2,33,1015,82,19,29,35,0,1,61,0,2,0,0,0,0,0,41,20,80,0,0,4,0,60,0,0,10,1,4,888,3,60,0,2,90,97,80,5,0,75,0,0,100,45,57,99,99,2,2,2,2,5,18,89,5,10,15,10,0,20,0,0,0,20,4,11,6,3162,0,73,58,1023,0,4,-30,0,0,449
45,6,2,6,2,38,Rayna,Stewart,800,99,0,500,17,84,0,0,1735,17,1735,80,25,1,0,96,0,0,0,51,0,0,78,3,2,11,88,81,14,12,0,0,23,0,0,0,2,0,2,0,133,45,45,0,0,2,0,45,0,0,26,1,2,500,0,88,0,3,18,36,51,4,0,41,0,1,30,21,63,68,64,0,0,0,0,2,22,71,9,40,34,13,9,4,0,17,18,22,0,5,11,800,0,70,38,1023,14,0,-19,0,0,204
45,2,2,2,2,22,Ryan,Stewart,121,96,0,0,25,85,0,4,1736,19,1736,83,26,0,1,45,1,0,0,50,0,0,85,2,31,1015,50,67,25,24,0,1,21,0,0,0,0,8,0,8,71,14,0,0,0,1,0,36,0,0,42,2,1,0,2,70,0,3,21,46,84,4,0,43,0,1,89,24,72,77,77,3,3,3,3,1,26,66,8,10,16,7,5,10,0,18,17,24,3,6,5,121,0,73,47,1023,0,3,-19,0,0,197
36,3,5,3,5,18,Bryan,Still,2785,97,0,105,23,92,0,7,1737,1014,1737,90,25,0,0,40,0,0,0,80,0,0,91,1,23,1015,65,34,19,21,0,7,57,0,0,0,0,7,0,7,241,12,49,0,0,1,0,34,0,0,80,2,4,105,3,80,0,1,19,56,85,4,0,53,0,1,61,24,45,78,63,2,0,2,0,0,12,95,5,12,52,10,7,11,0,3,3,28,4,7,8,648,0,71,14,1023,5,3,-19,0,0,58
45,7,7,7,7,31,Gary,Stills,275,89,0,45,21,82,2,7,1738,9,1738,84,23,0,0,80,0,0,0,51,0,0,81,0,6,1015,81,82,18,23,0,3,34,0,4,0,0,0,0,0,254,45,100,2,2,1,0,40,0,0,56,2,1,45,3,57,0,3,14,40,76,1,0,22,0,1,99,13,61,79,70,0,4,0,4,4,20,55,23,27,53,13,9,26,1,13,15,17,3,37,25,275,0,74,90,1023,0,0,-19,0,0,150
45,3,5,3,5,21,Matt,Stinchcomb,2125,77,0,364,26,69,0,5,1739,23,1739,49,23,0,0,91,0,0,0,18,0,0,52,0,11,1015,88,22,84,86,0,3,23,0,0,0,2,0,2,0,70,12,100,0,0,4,2,44,0,0,74,0,4,364,3,87,0,1,31,50,17,1,0,16,0,1,56,11,83,79,75,2,2,2,2,3,32,30,25,24,20,10,25,25,0,6,9,39,10,40,22,2125,0,78,150,1023,9,0,-19,0,0,150
45,3,7,3,7,1,Barry,Stokes,0,63,0,0,24,73,0,7,1740,20,1740,53,26,0,0,3,1,0,0,27,0,0,58,1,63,11,4,14,85,88,0,2,32,0,0,0,2,2,2,2,58,14,57,0,0,0,0,54,0,0,79,0,0,0,3,57,0,15,33,70,29,4,0,26,0,1,77,18,96,88,81,2,0,2,0,10,38,33,23,19,21,11,24,22,0,8,8,51,6,29,26,459,0,76,150,1023,0,0,-19,0,0,290
4,6,6,6,6,11,J.J.,Stokes,1302,88,0,147,14,93,0,5,1741,15,1741,87,26,0,0,92,1,0,0,78,0,0,88,2,10,1015,87,20,18,19,0,1,62,0,0,0,0,0,0,0,226,12,15,0,0,4,0,60,0,0,83,2,4,147,3,60,0,1,13,52,87,5,0,72,0,0,100,15,67,82,82,3,3,3,3,0,24,66,5,15,15,8,0,20,0,3,3,20,1,11,8,888,0,76,58,1023,20,4,-30,0,0,356
45,6,7,6,7,27,Brandon,Stokley,3230,84,0,544,20,93,0,0,1742,25,1742,93,23,1,0,91,0,0,0,89,0,0,87,0,18,1015,70,13,31,34,0,1,62,0,0,0,0,0,0,0,265,45,100,2,2,4,0,53,0,0,80,2,4,544,3,89,0,2,10,67,85,1,0,63,0,1,100,22,63,83,63,4,0,4,0,3,22,88,2,12,25,11,5,13,0,3,3,41,1,7,8,3230,0,71,32,1023,33,0,-19,0,0,150
45,3,3,3,3,11,Bryan,Stoltenberg,284,75,0,45,27,75,0,7,1743,21,1743,58,27,0,0,46,1,0,0,13,0,0,49,0,23,1009,47,28,74,84,0,2,38,0,2,0,0,3,0,2,41,14,62,0,0,2,0,13,0,0,67,0,3,45,2,54,0,7,21,45,36,4,0,39,0,1,73,31,85,74,63,2,2,2,2,48,32,15,29,22,42,12,31,21,0,7,7,45,22,31,26,284,0,73,140,1023,0,1,-19,0,0,158
45,6,6,6,6,14,Dwight,Stone,65,92,0,0,17,87,0,5,1744,18,1744,85,35,0,0,76,2,0,0,70,0,0,82,2,33,1009,70,48,36,37,0,1,55,0,0,0,0,0,0,0,119,11,0,0,0,1,0,60,0,0,83,2,1,0,0,30,0,15,15,34,80,12,0,69,0,0,71,18,51,73,83,3,3,3,3,5,16,92,5,15,15,10,0,20,0,3,3,20,5,4,11,65,0,72,31,1023,80,0,-30,0,0,146
45,5,5,5,5,19,Ron,Stone,400,79,0,0,16,65,0,7,1745,16,1745,46,27,0,0,88,1,0,0,18,0,0,48,1,33,15,83,34,81,86,0,3,29,0,2,0,0,0,0,0,20,45,64,0,0,3,0,60,0,0,65,0,4,0,3,0,0,4,21,54,31,7,0,29,0,0,5,18,93,79,73,2,2,2,2,11,36,29,21,25,28,7,22,30,0,8,8,25,24,23,30,400,0,77,165,1023,0,1,-30,0,0,215
45,6,7,6,7,24,Omar,Stoutmire,186,83,0,31,0,89,0,7,1746,16,1746,87,25,0,0,83,0,0,0,64,0,0,79,2,29,1009,94,76,12,25,0,8,21,0,0,0,1,0,1,0,66,45,72,0,0,1,0,6,0,0,23,2,1,31,3,82,0,6,33,55,79,3,0,50,0,1,100,36,50,70,48,4,0,4,0,0,15,87,14,38,35,12,2,18,0,17,17,64,0,5,5,186,0,71,45,1023,0,0,-19,0,0,204
6,0,0,0,0,22,Matt,Stover,832,80,0,16,91,55,0,7,1747,25,1747,50,31,0,0,60,1,0,0,18,0,0,49,0,33,1009,65,21,17,21,0,0,13,0,2,0,0,0,0,0,101,14,70,0,0,7,0,60,0,0,3,1,7,16,1,0,0,12,25,64,48,10,0,18,0,0,100,89,46,92,97,2,2,2,2,0,13,90,5,15,15,10,5,15,0,19,19,15,5,6,0,98,0,71,18,1023,0,4,-30,0,0,80
6,0,0,0,0,17,Pete,Stoyanovich,418,80,0,13,92,50,0,7,1748,9,1748,49,32,0,0,60,1,0,0,21,0,0,48,0,33,1009,65,21,19,21,0,0,11,0,2,0,0,0,0,0,86,14,65,0,0,1,0,60,0,0,10,1,4,13,1,25,0,8,19,62,47,11,0,21,0,0,84,88,46,92,99,2,2,2,2,2,13,86,5,15,15,8,5,15,0,19,19,15,0,0,3,94,0,71,27,1023,0,3,-30,0,0,315
45,6,6,6,6,11,Michael,Strahan,3466,70,0,784,10,84,0,5,1749,16,1749,66,27,0,0,87,1,0,0,33,0,0,64,2,33,1015,81,87,31,35,0,3,35,0,0,0,0,0,0,0,216,45,18,0,0,6,0,60,0,0,92,2,7,784,3,60,0,2,16,81,60,7,0,32,0,0,74,13,81,89,77,3,3,3,3,5,30,50,25,25,30,9,15,30,0,10,11,25,5,30,26,3466,0,77,115,1023,0,6,-30,0,0,452
45,2,4,2,4,36,Tai,Streets,1018,66,0,160,14,77,0,0,1750,15,1750,85,23,0,0,79,0,0,0,86,0,0,65,3,33,1009,55,27,23,35,0,8,78,0,0,0,0,8,0,8,117,45,100,3,3,5,0,2,0,0,89,2,5,160,3,61,0,8,26,39,81,1,0,68,0,1,97,32,69,75,77,0,4,0,4,4,24,81,57,36,21,10,38,20,0,3,3,6,0,6,7,1018,1,75,47,1023,22,0,-19,0,0,204
45,5,5,5,5,11,Fred,Strickland,376,74,0,42,10,62,0,7,1751,1014,1751,62,32,0,0,91,2,0,0,30,0,0,62,2,33,1009,77,86,29,30,0,3,32,0,2,0,2,2,2,2,169,45,2,0,0,1,0,60,0,0,55,1,1,42,3,25,0,2,14,50,62,12,0,28,0,0,72,12,76,80,88,2,2,2,2,6,28,59,15,25,20,13,5,30,0,14,13,25,7,29,24,376,0,74,86,1023,0,3,-30,0,0,19
26,5,5,5,5,14,Korey,Stringer,1096,60,0,402,11,65,0,7,1752,31,1752,41,24,0,0,89,1,0,0,13,0,0,46,2,24,1015,84,34,95,92,0,3,29,0,2,0,0,0,0,0,156,45,53,0,0,2,0,60,0,0,77,1,2,402,3,0,0,1,16,73,26,5,0,24,0,0,100,13,94,89,86,2,2,2,2,50,37,17,45,25,52,7,43,30,0,9,9,35,47,45,20,1494,0,76,190,1023,0,4,-30,0,0,275
45,5,5,5,5,17,Mack,Strong,2272,80,0,228,13,90,0,5,1753,28,1753,85,27,0,0,89,1,0,0,75,0,0,69,2,33,1009,84,43,60,68,0,8,72,0,0,0,2,2,2,2,70,45,67,0,0,6,0,60,0,0,38,2,7,228,3,25,0,15,18,60,66,6,0,79,0,0,97,15,74,99,69,2,2,2,2,5,27,64,10,25,20,13,5,30,0,2,2,25,5,37,25,885,0,72,85,1023,35,6,-30,0,0,119
6,0,0,0,0,25,Dan,Stryzinski,249,92,0,26,93,55,0,7,1754,14,1754,52,33,0,0,60,1,0,0,13,0,0,51,0,33,1009,65,29,26,28,0,1,25,0,2,0,0,0,0,0,86,14,64,0,0,2,0,60,0,0,4,1,2,26,1,0,0,15,18,53,34,10,0,20,0,0,100,87,49,93,99,2,2,2,2,0,14,72,10,15,15,11,5,20,0,20,20,15,7,30,14,108,0,72,77,1023,0,4,-30,0,0,301
45,5,5,5,5,15,Justin,Strzelczyk,0,61,0,0,12,45,0,7,1755,1009,1755,42,30,0,0,87,2,0,0,13,0,0,43,0,33,28,82,32,88,91,0,3,27,0,2,0,0,0,0,0,108,24,89,0,0,0,0,60,0,0,73,0,0,0,0,0,0,11,17,58,26,10,0,23,0,0,97,14,92,81,79,2,2,2,2,3,36,35,15,25,26,9,23,30,0,9,6,25,4,44,25,106,0,78,141,1023,0,0,-30,0,0,144
2,6,6,6,6,9,Dana,Stubblefield,3500,88,0,928,9,69,0,5,1756,26,1756,58,28,0,0,94,1,0,0,49,0,0,60,2,26,1009,90,74,41,42,0,3,43,0,0,0,0,0,0,0,95,40,47,0,0,3,0,60,0,1,94,2,4,928,3,60,0,1,14,94,57,7,0,34,0,0,81,11,95,85,84,3,3,3,3,28,38,23,21,25,41,11,28,30,0,12,12,30,43,44,26,3500,0,74,140,1023,0,1,-30,0,0,335
45,5,5,5,5,10,Lorenzo,Styles,200,82,0,0,9,75,0,7,1757,24,1757,72,25,0,0,91,1,0,0,33,0,0,70,2,33,13,86,78,29,30,0,3,32,0,2,0,0,0,0,0,156,45,0,0,0,2,0,60,0,0,51,2,4,0,0,25,0,3,16,36,68,5,0,31,0,0,79,14,76,69,67,2,2,2,2,4,28,46,15,25,20,12,10,30,0,13,13,20,0,38,25,200,0,73,85,1023,0,1,-30,0,0,140
45,3,1,3,1,12,Chris,Sullivan,185,84,0,0,15,71,0,7,1758,29,1758,67,26,0,0,51,1,0,0,24,0,0,68,0,5,1015,89,73,22,22,0,2,20,0,2,0,2,2,2,2,20,40,0,0,0,1,0,29,0,0,74,2,1,0,3,74,0,4,27,52,64,4,0,24,0,1,100,21,89,78,63,2,0,2,0,7,34,59,16,19,38,10,18,20,0,10,10,25,7,37,23,185,0,76,119,1023,0,3,-19,0,0,151
45,3,3,3,3,28,Patrick,Surtain,3130,88,0,460,21,99,0,4,1759,12,1759,93,25,0,0,90,0,1,0,64,0,0,94,3,27,1015,87,67,26,29,0,7,26,0,0,0,8,8,8,8,194,30,36,3,3,4,0,36,0,0,23,0,5,460,3,82,0,2,23,58,85,2,0,49,2,1,82,23,57,84,72,4,0,4,0,1,18,81,36,21,23,8,16,19,0,16,16,38,2,10,5,3130,0,71,35,1023,19,1,-19,0,0,204
45,2,3,2,3,16,Ryan,Sutter,0,81,0,0,16,90,0,7,1760,1009,1760,88,24,0,0,73,0,0,0,59,0,0,81,3,24,20,69,52,26,35,0,7,39,4,0,0,0,0,0,0,41,45,0,0,0,0,0,11,0,0,35,1,0,0,0,71,0,7,36,41,87,2,0,34,0,1,81,28,56,69,58,4,0,4,0,0,18,83,24,8,24,9,8,10,0,16,16,63,4,9,7,25,0,73,43,1023,29,0,-19,0,0,204
13,6,6,6,6,10,Eric,Swann,2647,67,0,378,10,75,0,5,1761,21,1761,55,28,0,0,92,2,0,0,27,0,0,60,2,6,1015,88,93,39,40,0,3,40,0,0,0,0,0,0,0,265,40,32,0,0,1,0,60,0,0,98,2,4,378,3,25,0,1,14,89,58,9,0,31,0,0,91,11,94,94,83,3,3,3,3,8,37,42,18,25,21,8,23,30,0,12,12,30,5,37,30,1805,0,77,147,1023,0,8,-30,0,0,118
45,4,1,4,1,15,Shawn,Swayda,200,70,0,0,23,71,0,0,1762,14,1762,60,24,1,0,82,0,0,0,18,0,0,73,3,2,0,75,68,30,12,0,3,26,0,0,0,0,0,0,0,9,45,0,0,0,3,0,16,0,0,93,2,4,0,2,81,0,5,25,48,65,3,0,29,0,1,99,12,74,69,66,1,0,1,0,7,27,32,17,24,30,9,15,4,0,11,11,9,9,42,24,200,0,76,134,1023,7,0,-19,0,0,204
45,5,5,5,5,23,Harry,Swayne,620,69,0,140,20,61,0,7,1763,25,1763,50,34,0,0,83,2,0,0,22,0,0,55,2,33,1009,72,28,89,89,0,3,23,0,2,0,0,0,0,0,175,45,83,0,0,2,0,60,0,0,70,2,2,140,3,0,0,7,25,59,35,13,0,33,0,0,98,22,86,83,84,2,2,2,2,5,33,35,15,25,28,10,18,30,0,9,5,35,9,36,28,620,0,77,132,1023,0,0,-30,0,0,29
45,5,5,5,5,12,Jim,Sweeney,0,49,0,0,9,42,0,7,1764,1009,1764,40,36,0,0,85,2,0,0,11,0,0,40,0,33,1009,68,28,84,82,0,3,23,0,2,0,0,0,0,0,166,45,0,0,0,0,0,60,0,0,66,1,0,0,3,0,0,2,14,30,24,16,0,22,0,0,100,11,86,74,85,2,2,2,2,6,33,47,22,25,25,12,21,25,0,8,6,10,10,24,24,100,0,76,137,1023,0,0,-30,0,0,34
45,0,0,0,0,21,Justin,Swift,50,91,0,0,15,78,0,4,1765,15,1765,70,21,0,1,89,0,0,0,69,0,0,75,0,8,1015,90,20,54,68,0,1,64,0,0,0,0,0,0,0,96,45,100,3,3,1,0,55,0,0,88,2,1,0,2,72,0,6,34,30,64,1,0,57,0,1,97,35,67,88,78,0,2,0,2,7,24,52,4,13,10,7,2,8,0,2,4,17,7,29,25,50,0,75,105,1023,0,0,-19,0,0,150
5,6,6,6,6,12,Pat,Swilling,0,64,0,0,12,67,0,5,1766,1009,1766,73,34,0,0,75,2,0,0,47,0,0,67,2,33,22,58,90,20,24,0,3,23,0,0,0,0,0,0,0,71,14,44,0,0,0,0,60,0,0,56,2,0,0,0,60,0,3,19,71,64,14,0,20,0,0,59,16,63,83,89,3,3,3,3,7,22,46,25,25,30,11,15,30,0,11,11,25,0,18,22,131,0,75,85,1023,0,0,-30,0,0,346
45,7,6,7,6,21,Rashod,Swinger,0,70,0,0,10,78,0,5,1767,1009,1767,63,24,1,0,81,0,0,0,33,0,0,64,1,63,1015,83,76,31,14,2,3,16,0,0,0,0,0,0,0,175,40,0,1,1,0,0,6,0,0,91,2,0,0,0,65,0,15,31,54,69,2,0,13,0,1,100,28,87,80,69,3,4,3,4,4,34,29,21,33,20,8,19,29,0,12,11,52,26,44,22,150,0,74,126,1023,0,1,-19,0,0,58
45,5,5,5,5,10,Sam,Sword,24,76,0,0,9,82,0,7,1768,10,1768,76,25,0,0,91,2,0,0,50,0,0,77,0,63,1009,83,81,30,31,0,3,33,0,2,0,0,0,0,0,117,45,0,0,0,1,0,60,0,0,56,1,1,0,0,0,0,15,14,50,64,1,0,28,0,0,99,12,76,76,65,2,2,2,2,3,28,54,15,25,20,7,10,30,0,13,13,20,9,45,25,24,0,73,85,1023,0,4,-30,0,0,62
5,5,5,5,5,16,Dave,Szott,1111,75,0,312,13,60,0,7,1769,9,1769,43,31,0,0,88,2,0,0,15,0,0,43,0,33,1009,83,33,88,95,0,3,28,0,2,0,0,0,0,0,164,24,78,0,0,2,0,60,0,0,79,0,2,312,3,0,0,7,18,63,28,10,0,26,0,0,84,15,93,91,97,2,2,2,2,7,36,46,16,25,32,9,19,30,0,6,6,25,10,29,22,1515,0,76,129,1023,0,9,-30,0,0,150
45,0,2,0,2,5,John,Tait,1969,71,0,340,39,88,0,7,1770,9,1770,48,24,0,0,81,0,0,2,32,0,0,67,0,20,1015,75,25,84,86,0,3,33,0,4,0,0,2,0,2,26,12,100,0,0,5,0,3,0,0,76,1,5,340,3,59,0,1,20,55,37,1,0,23,0,1,98,27,91,79,66,2,2,2,2,11,36,36,16,13,23,7,24,1,0,5,5,105,20,39,27,1969,0,78,152,1023,4,0,-19,0,0,150
45,7,7,7,7,21,Tyree,Talton,0,98,0,0,20,80,0,5,1771,1009,1771,92,24,2,0,72,0,0,1,62,0,0,84,2,21,1015,75,68,23,27,0,1,33,0,0,0,0,2,0,2,150,45,100,0,0,0,0,27,0,0,25,0,0,0,2,81,0,3,16,35,81,1,0,53,0,1,97,32,59,70,52,0,0,0,0,1,20,81,17,14,44,9,9,9,0,17,18,0,4,10,8,130,0,71,41,1023,2,0,-19,0,0,204
45,5,5,5,5,16,Ralph,Tamm,337,71,0,69,13,53,0,7,1772,1014,1772,48,33,0,0,82,2,0,0,15,0,0,48,0,33,1009,74,30,80,84,0,3,25,0,2,0,0,0,0,0,265,45,0,0,0,1,0,60,0,0,64,0,3,69,3,0,0,9,18,33,28,12,0,26,0,0,94,15,86,76,79,2,2,2,2,8,33,40,19,25,26,10,15,25,0,7,7,10,6,32,23,337,0,76,120,1023,0,2,-30,0,0,163
45,3,6,3,6,17,Barron,Tanner,0,77,0,0,26,89,0,7,1773,7,1773,56,23,0,0,80,0,0,0,15,0,0,62,3,13,11,77,72,12,36,0,3,30,0,0,0,0,2,0,2,157,45,0,0,0,0,3,44,0,0,92,2,0,0,3,80,0,7,20,50,46,3,0,23,0,1,81,22,92,77,52,2,0,2,0,54,36,0,41,23,49,10,42,20,0,12,12,11,46,47,22,576,0,75,187,1023,8,0,-19,0,0,204
45,6,6,6,6,8,Maa,Tanuvasa,743,65,0,126,9,75,0,5,1774,4,1774,69,28,0,0,84,1,0,0,56,0,0,76,1,33,2,78,78,28,32,0,3,33,0,0,0,0,0,0,0,76,45,46,0,0,1,0,60,0,0,98,2,3,126,3,0,0,8,14,59,53,6,0,28,0,0,45,11,79,82,71,3,3,3,3,3,30,52,25,25,30,10,15,30,0,11,10,25,4,36,26,743,0,74,110,1023,0,4,-30,0,0,90
14,6,6,6,6,15,Robert,Tate,250,88,0,0,18,98,0,5,1775,31,1775,92,29,0,0,69,1,0,0,68,0,0,96,2,33,4,64,48,20,22,0,1,53,0,0,0,0,0,0,0,36,45,79,0,0,3,0,60,0,0,28,2,5,0,0,0,0,15,17,73,79,3,0,62,0,0,0,19,49,77,62,3,3,3,3,4,14,84,5,15,15,12,0,20,0,16,3,20,2,0,5,250,0,70,28,1023,85,0,-30,0,0,253
45,2,3,2,3,38,Kinnon,Tatum,0,87,0,0,10,78,0,5,1776,1009,1776,77,23,0,0,91,0,0,0,58,0,0,72,3,23,1015,92,76,17,17,0,3,39,0,0,0,1,2,1,2,152,45,0,0,0,0,0,50,0,0,50,0,0,0,2,81,0,3,17,28,64,3,0,35,0,1,69,25,64,64,65,4,2,4,2,2,22,52,28,15,39,7,36,16,3,14,13,54,4,26,10,373,0,72,62,1023,6,2,-19,0,0,204
45,5,5,5,5,22,Aaron,Taylor,1146,89,0,330,20,65,0,7,1777,1014,1777,50,26,0,0,88,1,0,0,22,0,0,53,1,16,1009,83,34,94,92,0,3,29,0,2,0,0,0,0,0,152,26,45,0,0,1,0,60,0,0,73,1,2,330,3,0,0,1,24,88,34,6,0,32,0,0,62,22,93,95,99,2,2,2,2,10,36,44,17,25,28,11,24,30,0,6,6,25,10,39,22,1563,0,76,145,1023,0,1,-30,0,0,467
45,6,6,6,6,16,Bobby,Taylor,1969,95,0,189,14,93,0,5,1778,13,1778,91,25,0,0,88,1,0,0,69,0,0,90,1,33,1015,83,63,18,23,0,7,28,0,0,0,0,0,0,0,152,32,40,0,0,5,0,60,0,0,21,0,5,189,3,50,0,2,17,60,88,5,0,58,0,0,99,15,63,84,76,3,3,3,3,5,22,81,5,15,15,10,0,20,0,16,16,20,2,8,6,1074,0,75,56,1023,20,4,-30,0,0,304
45,0,6,0,6,11,Cordell,Taylor,0,84,0,0,15,94,0,7,1779,1009,1779,95,26,0,0,98,0,0,0,50,0,0,75,3,30,16,75,67,22,14,0,7,29,0,0,0,0,0,0,0,74,45,0,1,1,0,0,54,0,0,23,2,0,0,2,4,0,3,15,24,82,2,0,48,0,1,99,26,52,71,61,4,4,4,4,3,16,78,23,12,48,13,18,15,1,16,16,31,1,7,6,100,0,71,30,1023,50,0,-19,0,0,204
23,6,6,6,6,35,Fred,Taylor,9625,76,0,2051,23,93,0,7,1780,17,1780,91,24,0,0,83,0,0,0,75,0,0,92,3,30,1015,78,22,55,39,0,2,89,0,0,0,0,0,0,0,62,12,71,2,2,6,0,29,0,0,28,2,7,2051,3,87,0,1,30,84,76,2,0,88,0,1,100,33,87,94,82,0,0,0,0,2,34,62,8,25,23,13,7,35,1,1,1,39,6,20,11,9625,0,73,68,1023,8,1,-19,0,0,204
45,6,4,6,4,19,Jason,Taylor,1429,73,0,246,23,86,0,5,1781,12,1781,82,26,0,0,92,0,0,0,41,0,0,83,1,30,1015,83,72,25,20,1,3,34,0,0,0,8,8,8,8,10,39,42,1,0,1,0,24,0,0,99,0,3,246,3,97,0,3,21,80,76,3,0,20,0,1,88,21,82,90,76,0,0,0,0,4,31,59,7,49,48,8,31,5,0,11,11,81,6,25,25,1131,0,78,84,1023,0,2,-19,0,0,58
45,5,5,5,5,15,Texans,TE #86,400,84,0,0,13,70,0,7,1782,32,1782,69,28,0,0,89,1,0,0,69,0,0,68,0,33,29,84,25,56,59,0,8,59,0,2,0,0,0,0,0,265,45,0,0,0,3,0,60,0,0,86,2,4,0,0,0,0,15,16,56,62,6,0,59,0,0,0,14,74,75,76,2,2,2,2,6,27,69,15,25,20,13,5,30,0,4,4,30,8,42,24,400,0,77,81,1023,15,1,-30,0,0,48
45,5,5,5,5,15,Texans,TE #87,400,84,0,0,13,75,0,7,1783,32,1783,69,28,0,0,90,1,0,0,69,0,0,68,2,33,29,85,28,59,60,0,8,62,0,2,0,0,0,0,0,265,45,0,0,0,3,0,60,0,0,87,2,4,0,0,0,0,15,16,52,68,6,0,62,0,0,0,14,75,73,58,2,2,2,2,3,28,65,15,25,20,11,5,30,0,4,4,30,9,36,20,400,0,73,90,1023,15,1,-30,0,0,15
45,5,5,5,5,15,Texans,TE #88,400,83,0,0,13,70,0,7,1784,32,1784,68,29,0,0,90,1,0,0,68,0,0,68,1,33,29,85,28,63,65,0,8,62,0,2,0,0,0,0,0,265,45,42,0,0,3,0,60,0,0,88,2,4,0,0,0,0,15,15,56,63,6,0,62,0,0,0,13,75,75,60,2,2,2,2,5,28,62,15,25,20,8,5,30,0,4,4,30,5,18,20,400,0,75,100,1023,15,1,-30,0,0,337
45,6,6,6,6,15,George,Teague,345,87,0,58,16,86,0,5,1785,11,1785,84,28,0,0,88,1,0,0,62,0,0,84,2,29,1009,83,60,22,26,0,8,29,0,0,0,0,0,0,0,3,4,4,0,0,1,0,60,0,0,31,2,2,58,3,25,0,1,16,75,87,7,0,55,0,0,85,17,63,75,66,3,3,3,3,4,22,71,5,20,15,7,5,20,0,17,16,15,0,8,10,345,0,73,38,1023,15,1,-30,0,0,103
45,3,5,3,5,25,Trey,Teague,295,77,0,46,11,63,0,5,1786,4,1786,61,22,0,0,85,0,0,0,21,0,0,56,3,32,1015,97,28,81,83,0,3,27,0,0,0,2,0,2,0,211,45,0,0,0,1,0,30,0,0,70,2,2,46,3,81,0,5,24,37,29,2,0,26,0,1,39,31,88,71,57,2,2,2,2,10,34,36,15,8,29,13,17,7,0,5,5,77,8,25,26,295,0,77,140,1023,9,1,-19,0,0,204
45,5,5,5,5,13,Daryl,Terrell,150,55,0,0,10,55,0,7,1787,27,1787,40,24,0,0,85,1,0,0,48,0,0,39,0,63,4,80,30,79,83,0,3,25,0,2,0,0,0,0,0,194,45,17,0,0,3,0,60,0,0,78,2,3,0,0,0,0,15,15,58,25,6,0,23,0,0,100,12,90,71,71,2,2,2,2,14,35,24,25,25,21,9,16,30,0,9,5,35,18,28,28,150,0,76,157,1023,0,0,-30,0,0,62
45,2,3,2,3,21,David,Terrell,452,85,0,57,21,88,0,5,1788,26,1788,88,24,0,0,74,0,0,0,61,0,0,83,3,12,1015,65,63,22,31,0,7,23,0,0,0,0,0,0,0,214,14,0,3,3,2,0,28,0,0,31,2,3,57,2,72,0,4,23,38,92,2,0,58,0,1,90,10,53,75,61,4,0,4,0,2,16,86,20,4,34,12,5,10,0,17,16,34,2,7,7,452,0,73,30,1023,17,1,-19,0,0,204
45,6,6,6,6,16,Pat,Terrell,0,86,0,33,16,84,0,5,1789,1009,1789,83,31,0,0,87,2,0,0,60,0,0,84,2,33,19,79,64,23,26,0,8,28,0,0,0,0,0,0,0,152,45,0,0,0,0,0,60,0,0,40,2,0,33,3,60,0,2,16,37,87,10,0,41,0,0,100,17,62,77,75,3,3,3,3,1,21,65,5,20,15,13,5,20,0,18,17,15,3,13,8,194,0,73,44,1023,15,0,-30,0,0,238
45,3,2,3,2,13,Chris,Terry,691,73,0,75,13,79,0,7,1790,21,1790,48,23,0,0,96,0,0,0,16,0,0,51,3,33,1009,89,28,84,84,0,3,39,0,0,0,0,0,0,0,70,45,100,0,0,4,0,20,0,0,70,0,4,75,3,57,0,8,12,56,18,1,0,28,0,1,68,14,99,77,62,0,0,0,0,3,40,33,15,39,24,13,25,12,0,5,9,103,10,26,26,471,1,77,135,1023,3,0,-19,0,0,204
45,2,3,2,3,21,Corey,Terry,0,75,0,0,25,82,0,7,1791,1009,1791,72,23,0,0,82,0,0,0,26,0,0,78,0,8,1015,83,70,41,42,0,3,36,0,2,0,0,0,0,0,211,45,100,0,0,0,0,44,0,0,50,2,0,0,2,85,0,5,35,41,20,1,0,29,0,1,65,18,86,71,70,2,2,2,2,6,33,45,53,43,16,10,37,8,0,15,10,51,0,41,23,109,0,75,83,1023,8,0,-19,0,0,150
45,2,4,2,4,15,Rick,Terry,0,70,0,0,15,82,3,7,1792,1009,1792,70,24,2,0,84,0,1,0,23,0,0,51,2,11,1015,94,74,17,36,1,3,23,0,0,0,0,0,0,0,135,45,0,0,0,0,0,22,0,0,71,2,0,0,2,2,0,2,14,52,33,3,0,22,0,1,69,24,77,72,61,2,0,2,0,7,28,48,21,21,35,8,23,25,0,12,12,83,4,42,26,968,0,76,144,1023,6,2,-19,0,0,204
45,0,0,0,0,88,Vinny,Testaverde,1146,87,0,276,10,61,0,7,1793,18,1793,59,35,0,0,84,2,0,0,21,0,0,62,1,1,1009,86,17,23,28,0,1,59,0,2,0,0,0,0,0,115,18,54,0,0,1,0,60,0,0,16,2,2,276,3,50,0,1,94,86,53,13,0,67,0,0,100,13,64,89,86,2,2,2,2,5,22,72,5,10,15,13,0,20,0,0,0,20,5,19,11,1146,0,77,75,1023,0,1,-30,0,0,233
45,5,5,5,5,18,Larry,Tharpe,506,65,0,135,15,55,0,7,1794,29,1794,45,28,0,0,85,1,0,0,17,0,0,45,2,33,1009,80,30,89,90,0,3,25,0,2,0,0,0,0,0,212,24,59,0,0,1,0,60,0,0,71,0,2,135,3,0,0,6,20,66,30,8,0,28,0,0,99,17,90,86,93,2,2,2,2,7,35,48,15,25,21,13,20,30,0,9,9,35,6,34,24,690,0,76,140,1023,0,4,-30,0,0,104
45,6,2,6,2,24,Keith,Thibodeaux,100,76,0,0,18,82,3,7,1795,31,1795,82,23,0,0,86,0,0,0,73,0,0,73,3,14,25,86,68,15,23,0,8,25,0,0,0,8,0,8,0,154,45,0,2,2,1,2,45,0,0,27,2,1,0,2,6,0,5,22,40,83,3,0,43,0,1,94,0,51,72,63,1,3,1,3,3,16,84,37,49,30,8,4,7,1,18,18,37,0,7,1,100,0,70,29,1023,12,0,-19,0,0,204
45,6,6,6,6,11,John,Thierry,111,70,0,14,11,69,0,5,1796,20,1796,65,27,0,0,83,1,0,0,32,0,0,64,1,11,1009,77,68,26,30,0,3,29,0,0,0,0,0,0,0,6,4,0,0,0,1,0,60,0,0,91,2,1,14,2,25,0,1,15,43,59,6,0,26,0,0,56,12,78,69,65,3,3,3,3,5,29,47,25,25,30,10,15,30,0,11,11,25,4,27,27,111,0,76,102,1023,0,0,-30,0,0,121
45,6,6,6,6,16,Yancey,Thigpen,1749,89,0,270,15,92,0,5,1797,30,1797,89,29,0,0,83,1,0,0,89,0,0,87,1,33,1009,78,22,25,26,0,1,61,0,0,0,0,0,0,0,257,2,30,0,0,2,0,60,0,0,82,2,3,270,3,70,0,4,16,76,82,9,0,69,0,0,98,16,58,89,99,3,3,3,3,1,19,78,5,15,15,13,0,20,0,3,3,20,3,5,5,1590,0,73,48,1023,60,1,-30,0,0,181
45,5,5,5,5,17,Broderick,Thomas,0,88,0,72,16,74,0,7,1798,1009,1798,66,32,0,0,92,2,0,0,33,0,0,68,2,6,10,81,89,32,33,0,3,35,0,2,0,0,0,0,0,142,4,0,0,0,0,0,60,0,0,56,1,0,72,3,55,0,1,17,48,66,11,0,31,0,0,97,15,75,78,85,2,2,2,2,4,28,69,15,25,20,9,10,30,0,13,13,20,5,27,21,432,0,76,90,1023,0,1,-30,0,0,277
45,6,6,6,6,13,Dave,Thomas,472,89,0,34,11,89,0,5,1799,16,1799,87,30,0,0,89,1,0,0,60,0,0,88,2,33,1021,84,59,18,19,0,7,24,0,0,0,0,0,0,0,211,45,0,0,0,1,0,60,0,0,41,1,3,34,2,25,0,8,13,45,84,7,0,25,0,0,100,12,64,81,85,3,3,3,3,0,22,82,5,15,15,8,0,20,0,16,16,20,4,8,8,286,0,75,53,1023,20,4,-30,0,0,149
2,5,5,5,5,14,Derrick,Thomas,0,92,0,0,13,83,0,7,1800,1009,1800,73,32,0,0,94,2,0,0,45,0,0,84,2,4,1015,83,97,34,35,0,3,37,0,2,0,0,0,0,0,3,28,52,0,0,0,0,60,0,1,58,2,0,0,3,60,0,1,20,81,71,11,0,43,0,0,84,18,88,98,95,2,2,2,2,3,34,68,15,25,20,9,10,30,0,13,15,20,5,33,24,2292,0,75,85,1023,0,10,-30,0,0,401
45,3,7,3,7,19,Fred,Thomas,1377,99,0,160,14,92,0,5,1801,27,1801,93,26,0,0,99,1,0,0,58,0,0,93,2,22,1015,88,58,20,25,0,1,30,0,0,0,7,7,7,7,121,45,0,0,0,1,0,47,0,0,22,0,4,160,2,70,0,2,17,39,86,4,0,44,0,1,100,25,50,76,65,2,0,2,0,4,15,92,9,7,30,12,8,12,0,16,16,25,0,4,1,1377,0,69,24,1023,6,3,-19,0,0,188
45,6,6,6,6,14,Henry,Thomas,1416,62,0,264,14,66,0,5,1802,22,1802,57,34,0,0,88,2,0,0,29,0,0,59,2,33,1009,75,83,33,34,0,3,42,0,0,0,0,0,0,0,106,3,10,0,0,2,0,60,0,1,95,2,3,264,3,50,0,3,19,60,55,13,0,33,0,0,83,16,80,81,86,3,3,3,3,4,30,41,25,25,35,11,20,30,0,12,12,30,9,25,25,1416,0,74,117,1023,0,4,-30,0,0,285
14,2,6,2,6,14,Hollis,Thomas,1293,75,0,138,12,74,0,7,1803,13,1803,61,25,0,0,68,0,0,0,47,0,0,62,3,27,1009,65,77,32,28,0,3,29,0,0,0,8,2,8,2,137,40,23,3,3,3,0,42,0,0,78,2,5,138,3,65,0,3,36,71,60,3,0,12,0,1,100,24,92,83,72,2,2,2,2,60,36,6,40,49,42,10,40,26,1,12,12,85,47,44,21,705,1,72,180,1023,8,2,-19,0,0,204
45,6,6,6,6,16,Lamar,Thomas,0,93,0,40,14,91,0,5,1804,1009,1804,90,29,0,0,78,1,0,0,69,0,0,88,2,33,11,73,22,21,22,0,1,57,0,0,0,0,0,0,0,115,36,0,0,0,0,0,60,0,0,85,2,0,40,2,50,0,3,17,43,81,7,0,68,0,0,72,16,53,73,68,3,3,3,3,3,16,87,5,15,15,7,0,20,0,3,3,20,0,5,2,272,0,73,13,1023,60,0,-30,0,0,143
45,6,6,6,6,9,Mark,Thomas,400,60,0,100,8,65,0,5,1805,10,1805,55,29,0,0,84,1,0,0,18,0,0,53,0,33,0,78,78,28,32,0,3,33,0,0,0,0,0,0,0,138,45,0,0,0,3,0,60,0,0,90,2,3,100,2,25,0,4,13,46,44,8,0,28,0,0,26,10,79,68,64,3,3,3,3,5,30,51,25,25,30,13,15,30,0,10,10,25,6,31,28,400,0,77,112,1023,0,0,-30,0,0,324
45,6,6,6,6,16,Orlando,Thomas,644,86,0,108,15,87,0,5,1806,31,1806,84,26,0,0,89,1,0,0,75,0,0,86,2,33,1015,84,77,23,24,0,8,29,0,0,0,0,0,0,0,228,45,8,0,0,3,0,60,0,0,42,1,3,108,3,55,0,2,16,60,84,5,0,31,0,0,85,16,75,83,64,3,3,3,3,5,28,75,5,20,15,8,5,20,0,17,18,15,4,35,12,585,0,73,62,1023,15,4,-30,0,0,390
45,3,5,3,5,26,Randy,Thomas,1945,79,0,376,21,74,0,7,1807,18,1807,51,23,0,0,82,0,0,0,24,0,0,58,0,22,1015,91,24,86,85,0,2,18,0,4,0,0,6,0,6,121,45,100,0,0,4,0,9,0,0,77,1,4,376,3,92,0,2,31,63,36,1,0,26,0,1,100,33,87,81,74,0,0,0,0,3,34,31,16,31,23,11,18,23,0,8,6,52,10,38,22,1945,0,77,148,1023,8,0,-19,0,0,150
45,0,3,0,3,30,Robert,Thomas,466,77,0,96,26,78,0,7,1808,11,1808,72,25,1,0,75,0,0,0,64,0,0,74,3,25,1015,65,70,66,54,0,7,64,0,0,0,0,0,0,0,265,14,0,0,0,3,0,2,0,0,44,2,4,96,3,75,0,7,30,36,59,2,0,84,0,1,69,33,70,76,54,0,0,0,0,4,25,55,24,36,20,9,34,25,0,2,2,0,5,33,23,466,2,73,110,1023,4,1,-19,0,0,204
45,6,6,6,6,16,Rodney,Thomas,242,89,0,34,15,88,0,5,1809,30,1809,86,26,0,0,83,1,0,0,62,0,0,85,2,33,1015,81,32,31,32,0,8,79,0,0,0,0,0,0,0,215,45,0,0,0,2,0,60,0,0,22,2,2,34,2,60,0,3,17,46,67,5,0,80,0,0,73,16,63,75,59,3,3,3,3,5,22,73,5,20,15,9,0,30,0,1,1,25,2,8,8,220,0,70,50,1023,55,4,-30,0,0,61
5,6,6,6,6,18,Thurman,Thomas,903,81,0,606,17,88,0,5,1810,12,1810,78,32,0,0,85,2,0,0,88,0,0,79,2,33,1015,64,31,36,38,0,8,85,0,0,0,0,0,0,0,158,2,84,0,0,1,0,60,0,1,34,2,1,606,3,60,0,2,19,80,75,12,0,93,0,0,100,18,65,86,97,3,3,3,3,2,22,72,5,20,15,11,0,30,0,1,1,25,0,11,11,2463,0,70,38,1023,20,11,3,0,0,384
45,3,5,3,5,37,Tra,Thomas,1332,78,0,224,39,85,0,7,1811,13,1811,60,25,0,0,93,0,0,0,20,0,0,63,0,33,1009,61,19,78,84,0,3,39,0,2,0,0,0,0,0,64,45,50,0,0,6,0,3,0,0,72,2,7,224,3,96,0,8,36,58,18,2,0,36,0,1,73,39,92,81,82,2,2,2,2,14,36,38,22,23,21,12,23,22,0,5,5,85,26,42,23,1332,0,79,175,1023,0,1,-19,0,0,150
45,5,5,5,5,17,William,Thomas,221,94,0,108,16,85,0,7,1812,23,1812,79,30,0,0,85,2,0,0,49,0,0,77,2,33,1015,80,81,25,26,0,3,28,0,2,0,0,0,0,0,215,45,44,0,0,1,0,60,0,0,59,2,1,108,3,50,0,4,20,58,75,9,0,47,0,0,100,18,70,82,82,2,2,2,2,5,25,55,15,25,20,10,10,30,0,15,15,20,2,23,10,603,0,74,63,1023,0,8,-30,0,0,16
45,3,6,3,6,31,Zach,Thomas,263,99,0,495,10,90,0,6,1813,12,1813,86,26,0,0,99,1,0,0,59,0,0,87,0,11,1015,99,99,20,30,2,3,23,0,4,0,0,8,0,8,217,41,56,0,0,1,0,10,0,0,54,0,1,495,3,0,0,6,34,79,65,4,0,37,0,1,98,21,83,95,80,0,0,0,0,3,32,62,12,12,3,9,12,15,0,14,14,32,2,22,10,1893,0,71,70,1023,4,3,-19,0,0,150
45,5,5,5,5,12,Jeff,Thomason,559,80,0,84,10,70,0,7,1814,13,1814,65,29,0,0,91,1,0,0,72,0,0,65,0,33,1009,86,36,62,63,0,8,63,0,2,0,0,0,0,0,160,45,0,0,0,1,0,60,0,0,83,2,4,84,3,0,0,15,14,48,62,8,0,62,0,0,100,12,76,81,83,2,2,2,2,5,28,69,15,25,20,9,5,30,0,4,4,30,7,39,20,559,0,77,95,1023,15,4,-30,0,0,81
45,6,6,6,6,12,Bennie,Thompson,442,78,0,63,11,74,0,5,1815,1014,1815,72,35,0,0,92,2,0,0,64,0,0,70,2,33,1009,78,74,33,35,0,8,25,0,0,0,0,0,0,0,72,45,0,0,0,1,0,60,0,0,37,2,3,63,3,50,0,15,13,55,72,10,0,28,0,0,73,13,67,78,84,3,3,3,3,1,24,74,5,20,15,7,5,20,0,18,18,15,2,7,6,442,0,72,51,1023,15,0,-30,0,0,390
36,6,6,6,6,16,Derrius,Thompson,200,98,0,0,16,96,0,5,1816,26,1816,95,22,0,0,69,1,0,0,69,0,0,88,1,33,4,64,28,22,23,0,1,52,0,0,0,0,0,0,0,17,14,0,0,0,4,0,60,0,0,13,2,4,0,0,0,0,15,17,54,77,6,0,66,0,0,5,17,49,73,64,3,3,3,3,3,14,78,5,15,15,8,0,20,0,3,3,20,1,6,7,200,0,74,60,1023,80,0,-30,0,0,230
45,6,6,6,6,13,Mike,Thompson,200,59,0,0,13,55,0,5,1817,5,1817,49,28,0,0,88,1,0,0,21,0,0,45,2,33,1,84,79,33,34,0,3,34,0,0,0,0,0,0,0,258,40,23,0,0,2,0,60,0,0,96,2,2,0,0,25,0,4,18,43,47,5,0,25,0,0,99,15,90,71,66,3,3,3,3,5,35,37,17,25,20,11,22,30,0,12,12,30,5,44,24,200,0,76,135,1023,0,0,-30,0,0,97
45,0,0,0,0,21,Tommy,Thompson,0,90,0,0,84,55,0,7,1818,1009,1818,54,27,0,0,70,1,0,0,8,0,0,53,0,33,14,75,28,22,23,0,1,27,0,2,0,0,0,0,0,160,45,0,0,0,0,0,60,0,0,3,0,0,0,0,0,0,15,27,42,36,5,0,20,0,0,99,89,42,84,99,2,2,2,2,1,11,88,10,15,15,8,5,20,0,20,20,15,0,5,5,0,0,70,32,1023,0,1,-30,0,0,286
45,5,3,5,3,17,John,Thorton,1289,78,0,256,17,83,0,1,1819,30,1819,65,21,0,0,86,0,0,0,13,0,0,68,3,12,1015,76,83,23,82,0,12,35,0,0,0,0,0,0,0,254,45,100,3,3,2,4,1,0,0,78,0,2,256,3,82,0,2,29,60,43,1,0,30,0,1,79,29,85,79,54,2,0,2,0,5,32,41,20,14,22,9,25,35,0,12,12,104,8,34,23,1289,0,75,137,1023,5,0,-19,0,0,204
45,6,6,6,6,15,James,Thrash,200,89,0,0,10,97,0,5,1820,26,1820,87,24,0,0,87,1,0,0,83,0,0,89,0,63,4,87,15,18,19,0,1,52,0,0,0,0,0,0,0,265,45,69,0,0,2,0,60,0,0,87,0,4,0,0,0,0,15,16,77,77,3,0,57,0,0,100,11,57,84,92,3,3,3,3,3,18,65,5,15,15,13,0,20,0,3,3,20,0,8,5,200,0,74,40,1023,20,0,-30,0,0,327
45,4,2,4,2,27,Pat,Tillman,924,89,0,164,20,93,0,5,1821,7,1821,87,23,0,0,83,0,0,0,68,0,0,84,0,7,1015,86,71,11,36,0,13,35,0,0,0,9,8,9,8,9,45,70,2,2,3,4,28,0,0,40,1,4,164,3,9,0,4,30,59,82,2,0,53,0,1,98,21,66,84,73,4,3,4,3,0,23,76,25,21,15,10,5,20,0,18,17,11,0,8,6,924,0,71,42,1023,0,1,-19,0,0,150
6,5,5,5,5,23,Adam,Timmerman,4744,97,0,312,22,65,0,7,1822,24,1822,52,27,0,0,87,1,0,0,23,0,0,53,0,33,1009,82,33,88,94,0,3,28,0,2,0,0,0,0,0,180,24,66,0,0,7,0,60,0,0,62,0,7,312,3,0,0,7,25,76,35,5,0,33,0,0,98,24,92,91,88,2,2,2,2,7,36,31,22,25,23,13,22,30,0,8,8,25,4,23,29,1515,0,76,150,1023,0,0,-30,0,0,250
45,6,6,6,6,17,Michael,Timpson,0,96,0,147,16,93,0,5,1823,1009,1823,91,31,0,0,77,2,0,0,77,0,0,90,2,33,12,72,22,21,22,0,1,52,0,0,0,0,0,0,0,164,36,0,0,0,0,0,60,0,0,87,2,0,147,3,50,0,4,19,62,83,11,0,61,0,0,61,16,52,79,77,3,3,3,3,3,16,92,5,15,15,13,0,20,0,3,3,20,3,6,9,879,0,70,18,1023,60,1,-30,0,0,119
45,5,5,5,5,16,Tim,Tindale,0,77,0,0,12,89,0,5,1824,1009,1824,84,28,0,0,91,1,0,0,75,0,0,77,0,33,2,86,38,60,70,0,8,62,0,0,0,2,2,2,2,265,45,0,0,0,0,0,60,0,0,33,2,0,0,0,35,0,15,17,69,63,5,0,73,0,0,93,14,76,99,71,2,2,2,2,4,28,68,10,25,20,9,5,30,0,2,2,25,0,7,10,45,0,71,60,1023,15,1,-30,0,0,48
45,5,5,5,5,16,Robbie,Tobeck,253,67,0,46,13,60,0,7,1825,28,1825,44,29,0,0,85,1,0,0,15,0,0,45,0,33,1009,80,29,81,85,0,3,24,0,2,0,0,0,0,0,251,45,0,0,0,1,0,60,0,0,61,0,2,46,3,0,0,15,18,44,28,6,0,26,0,0,80,15,90,77,75,2,2,2,2,6,35,32,18,25,29,10,17,30,0,7,6,25,4,40,24,253,0,76,137,1023,0,4,-30,0,0,144
45,3,4,3,4,18,Brandon,Tolbert,0,76,0,30,22,78,3,4,1826,1009,1826,76,22,0,0,77,0,0,0,53,0,0,70,1,30,16,75,73,20,21,0,3,33,0,0,0,0,0,0,0,64,45,0,2,0,0,0,18,0,0,53,0,0,30,2,9,0,7,10,37,62,2,0,29,4,1,99,10,78,82,94,0,2,0,2,5,29,62,29,34,20,13,24,16,0,14,14,66,2,44,21,230,0,73,81,1023,0,0,-19,0,0,58
45,6,6,6,6,10,Tony,Tolbert,0,67,0,57,11,72,0,5,1827,1009,1827,64,31,0,0,84,2,0,0,31,0,0,63,2,33,10,75,80,25,29,0,3,30,0,0,0,0,0,0,0,235,45,0,0,0,0,0,60,0,0,92,2,0,57,3,25,0,4,15,62,58,11,0,25,0,0,97,12,76,79,83,3,3,3,3,3,28,43,25,25,30,13,15,30,0,10,10,25,6,30,23,456,0,78,108,1023,0,1,-30,0,0,87
45,0,0,0,0,86,Billy Joe,Tolliver,310,89,0,69,12,60,0,7,1828,27,1828,59,33,0,0,78,2,0,0,21,0,0,58,0,33,1009,83,16,17,22,0,1,56,0,2,0,0,0,0,0,217,45,55,0,0,1,0,60,0,0,11,0,2,69,3,0,0,2,85,65,55,10,0,63,0,0,46,15,58,80,78,2,2,2,2,2,19,72,5,10,15,12,0,20,0,0,0,20,5,12,10,423,0,73,30,1023,0,1,-30,0,0,246
45,0,0,0,0,86,Mike,Tomczak,82,81,0,0,7,43,0,7,1829,19,1829,41,36,0,0,76,2,0,0,23,0,0,42,0,33,1009,69,18,15,20,0,1,55,0,2,0,0,0,0,0,156,45,0,0,0,1,0,60,0,0,18,0,3,0,0,30,0,15,85,45,49,15,0,58,0,0,100,10,56,77,83,2,2,2,2,3,18,78,5,10,15,12,0,20,0,0,0,20,0,6,10,82,0,73,42,1023,0,0,-30,0,0,107
45,6,2,6,2,14,Jared,Tomich,779,80,0,102,23,88,0,1,1830,27,1830,67,24,0,0,80,0,0,0,23,0,0,77,1,5,1015,84,67,27,29,0,3,23,0,0,0,9,0,9,0,142,45,0,0,0,1,0,52,0,0,90,2,3,102,2,80,0,2,16,48,54,3,0,26,0,1,0,24,66,72,51,0,0,0,0,8,23,30,21,32,29,12,23,15,0,11,11,67,7,37,27,779,1,75,123,1023,0,2,-19,0,0,58
6,4,4,4,4,18,Reggie,Tongue,1289,99,0,184,16,90,0,5,1831,28,1831,87,26,0,0,96,1,0,0,60,0,0,89,3,12,1015,96,75,29,20,0,0,26,0,0,0,0,0,0,0,161,31,49,4,4,1,0,0,0,0,25,0,4,184,3,76,0,2,22,80,88,4,0,48,0,1,84,30,60,87,82,0,0,0,0,0,20,79,9,12,24,10,8,9,0,18,18,28,4,5,6,1289,0,72,44,1023,3,3,-19,0,0,204
11,4,4,4,4,23,Amani,Toomer,4083,99,0,688,22,98,0,5,1832,16,1832,93,25,1,1,99,0,0,0,98,0,0,95,2,8,1015,89,25,26,39,0,1,55,0,0,0,0,0,4,4,117,36,68,0,0,1,0,42,0,0,81,2,4,688,3,5,0,2,24,85,88,4,0,50,0,1,52,13,56,92,74,2,1,2,1,1,18,65,3,9,21,11,6,10,0,3,3,25,1,13,11,4083,0,75,48,1023,79,3,-19,0,0,204
45,5,5,5,5,12,Steve,Tovar,300,84,0,200,10,75,0,7,1833,8,1833,69,29,0,0,91,1,0,0,30,0,0,68,2,33,7,86,89,31,35,0,3,27,0,2,0,2,2,2,2,156,45,48,0,0,1,0,60,0,0,59,1,1,200,3,25,0,3,18,52,65,7,0,25,0,0,54,15,76,81,81,2,2,2,2,6,28,64,15,25,20,12,5,30,0,14,14,25,8,43,24,300,0,75,84,1023,0,0,-30,0,0,69
45,7,6,7,6,27,Deshea,Townsend,1324,73,0,147,11,97,0,5,1834,29,1834,89,24,0,0,84,0,0,2,56,0,0,91,3,33,1009,89,64,16,11,0,7,31,0,0,0,0,0,0,0,3,45,40,0,0,6,0,26,0,0,26,2,7,147,3,88,0,8,17,44,88,2,0,61,0,1,94,28,40,82,84,0,3,0,3,0,10,78,12,4,23,8,7,2,3,16,16,34,2,11,5,1324,0,70,30,1023,11,1,-19,0,0,204
45,6,6,6,6,16,James,Trapp,1400,94,0,700,16,92,0,5,1835,25,1835,91,29,0,0,84,1,0,0,56,0,0,87,1,33,22,79,58,22,23,0,8,26,0,0,0,0,0,0,0,38,32,0,0,0,4,0,60,0,0,38,2,4,700,2,25,0,3,17,65,88,7,0,43,0,0,51,18,59,71,55,3,3,3,3,0,20,83,5,20,15,9,5,20,0,16,17,15,3,10,9,1400,0,72,35,1023,15,0,-30,0,0,290
45,6,6,6,6,8,Keith,Traylor,100,60,0,0,8,60,0,5,1836,4,1836,46,30,0,0,92,1,0,0,18,0,0,55,2,33,8,88,84,38,39,0,3,31,0,0,0,0,0,0,0,265,40,33,0,0,2,0,60,0,0,94,1,4,0,3,60,0,3,14,60,46,8,0,22,0,0,45,11,94,81,76,3,3,3,3,47,37,17,34,25,34,13,29,30,0,12,12,30,21,31,23,100,0,74,145,1023,0,2,-30,0,0,198
45,3,0,3,0,29,Adam,Treu,459,73,0,87,21,79,0,7,1837,23,1837,52,24,0,0,81,0,0,0,15,0,0,58,0,12,1015,99,28,85,84,0,3,30,0,2,0,8,0,8,0,142,45,49,0,0,1,2,1,0,0,62,1,3,87,3,9,0,5,10,49,19,3,0,20,0,1,68,33,86,80,71,2,2,2,2,6,33,45,25,48,24,10,23,30,0,7,6,85,9,33,27,459,0,77,140,1023,0,2,-19,0,0,150
45,4,7,4,7,15,Jeremiah,Trotter,3718,62,0,765,28,85,0,7,1838,13,1838,84,23,0,1,84,0,0,0,64,0,0,88,0,16,1015,81,84,24,18,0,12,23,0,2,0,0,0,0,0,181,12,7,1,1,4,4,38,0,0,54,2,5,765,3,73,0,1,38,65,79,2,0,39,0,1,91,10,78,77,64,0,0,0,0,5,29,58,29,34,16,7,27,27,1,14,13,31,9,30,22,3718,1,73,102,1023,0,1,-19,0,0,150
45,6,6,6,6,8,Esera,Tuaolo,0,75,0,0,8,60,0,5,1839,1009,1839,57,30,0,0,85,2,0,0,29,0,0,55,1,33,13,81,85,22,23,0,3,42,0,0,0,0,0,0,0,161,40,57,0,0,0,0,60,0,0,98,2,0,0,2,50,0,2,14,52,55,9,0,33,0,0,78,11,87,77,68,3,3,3,3,3,34,43,25,25,35,12,20,30,0,12,10,30,4,33,22,200,0,74,117,1023,0,0,-30,0,0,265
45,5,5,5,5,14,Winfred,Tubbs,795,79,0,93,12,85,0,7,1840,15,1840,80,28,0,0,91,1,0,0,51,0,0,82,2,33,1009,86,86,31,35,0,3,28,0,2,0,2,2,2,2,214,45,39,0,0,2,0,60,0,0,55,0,3,93,3,50,0,3,19,67,66,6,0,46,0,0,99,16,76,90,93,2,2,2,2,4,28,54,15,25,20,11,5,30,0,14,14,25,5,27,23,795,0,76,90,1023,0,1,-30,0,0,47
45,4,7,4,7,29,Jason,Tucker,372,74,0,52,28,95,0,7,1841,11,1841,88,22,0,0,75,0,0,0,74,0,0,89,3,18,1009,93,23,23,30,0,0,35,2,0,0,7,0,7,0,265,45,0,1,2,2,0,31,0,0,87,2,2,52,2,84,0,7,11,47,97,2,0,69,0,1,77,16,38,76,66,0,4,0,4,2,9,95,6,11,39,9,13,21,1,3,3,45,2,9,7,338,0,73,22,1023,36,0,-19,0,0,204
45,3,0,3,0,21,Rex,Tucker,1591,74,0,246,11,84,0,7,1842,1,1842,57,23,0,0,87,0,0,1,21,0,0,57,0,11,1015,88,22,89,76,0,3,33,0,2,0,0,0,0,0,215,45,100,0,0,6,0,7,0,0,64,2,6,246,3,99,0,3,7,49,38,1,0,22,0,1,56,21,84,79,72,4,2,4,2,16,32,34,20,44,20,11,25,17,0,8,5,100,26,37,30,1591,0,77,155,1023,0,0,-19,0,0,150
45,5,2,5,1,25,Ryan,Tucker,594,69,0,111,6,76,0,5,1843,24,1843,53,25,0,0,91,0,0,0,27,0,0,57,0,17,1015,76,16,82,86,0,12,37,0,2,0,0,2,0,2,207,45,0,0,0,1,4,55,0,0,50,0,3,111,3,87,0,3,28,51,25,3,0,25,0,1,90,27,93,76,63,2,2,2,2,16,36,35,24,31,30,11,17,21,0,9,7,87,22,31,30,594,0,78,155,1023,4,2,-19,0,0,150
2,5,5,5,5,17,Jessie,Tuggle,1223,72,0,408,15,73,0,7,1844,14,1844,64,34,0,0,90,2,0,0,55,0,0,62,2,33,1009,73,97,29,33,0,3,26,0,2,0,2,2,2,2,236,28,44,0,0,2,0,60,0,0,58,1,2,408,3,50,0,15,20,79,74,13,0,50,0,0,100,17,75,92,98,2,2,2,2,4,28,56,15,25,20,7,5,30,0,14,14,25,4,35,11,1668,0,71,70,1023,0,16,-30,0,0,115
45,6,6,6,6,8,Van,Tuinei,100,60,0,0,8,65,0,5,1845,1,1845,56,28,0,0,84,1,0,0,22,0,0,53,0,33,4,78,79,28,32,0,3,33,0,0,0,0,0,0,0,8,45,0,0,0,2,0,60,0,0,90,2,2,0,0,0,0,15,14,56,50,6,0,28,0,0,0,11,79,69,65,3,3,3,3,8,30,48,23,25,31,8,25,30,0,10,10,25,8,30,24,100,0,76,130,1023,0,0,-30,0,0,305
45,6,2,6,2,18,Jerame,Tuman,941,99,0,87,27,82,0,1,1846,29,1846,65,23,0,0,86,0,0,0,79,0,0,85,3,16,1015,85,27,60,56,0,8,76,0,0,0,0,7,0,7,117,45,100,0,0,5,0,2,0,0,84,1,5,87,3,74,0,5,26,50,77,1,0,73,0,1,99,17,65,79,64,3,0,3,0,5,22,51,26,13,19,12,9,20,3,4,4,74,2,42,22,540,0,76,93,1023,2,0,-19,0,0,204
45,0,0,0,0,80,Tom,Tupa,436,99,0,120,92,59,0,7,1847,18,1847,56,33,0,0,75,2,0,0,18,0,0,55,0,33,1009,80,34,19,22,0,1,52,0,2,0,0,0,0,0,156,6,41,0,0,3,0,60,0,0,7,0,3,120,3,25,0,3,86,58,52,12,0,54,0,0,100,92,58,98,94,2,2,2,2,0,19,54,10,15,15,10,5,20,0,20,20,15,5,22,10,396,0,76,63,1023,0,0,-30,0,0,83
45,5,5,5,5,16,Dan,Turk,0,68,0,0,13,52,0,7,1848,1009,1848,47,36,0,0,83,2,0,0,15,0,0,49,0,33,1009,66,29,75,85,0,3,24,0,2,0,0,0,0,0,265,26,70,0,0,0,0,60,0,0,66,2,0,0,3,0,0,4,18,64,28,15,0,26,0,0,81,15,84,76,86,2,2,2,2,5,32,36,22,25,31,8,24,25,0,7,7,10,10,45,27,815,0,76,130,1023,0,2,-30,0,0,361
6,0,0,0,0,14,Matt,Turk,244,99,0,37,93,50,0,7,1849,12,1849,49,31,0,0,70,1,0,0,10,0,0,48,0,33,1009,75,28,19,22,0,1,22,0,2,0,0,0,0,0,265,1,61,0,0,1,0,60,0,0,1,1,2,37,1,25,0,15,18,45,30,6,0,20,0,0,78,92,52,99,94,2,2,2,2,4,16,60,10,15,15,9,5,20,0,20,20,15,3,35,20,106,0,77,83,1023,0,4,-30,0,0,91
45,3,3,3,3,28,Kyle,Turley,1865,63,0,350,27,76,0,1,1850,27,1850,50,22,0,0,86,0,0,0,24,0,0,51,1,1,1015,77,28,78,84,0,3,25,0,0,0,0,0,0,0,180,12,17,0,0,4,4,5,0,0,68,2,5,350,3,69,0,1,29,46,29,2,0,27,0,1,19,33,81,74,67,2,4,2,4,9,30,34,19,8,26,12,24,27,0,8,8,104,7,32,30,1865,0,77,146,1023,7,1,-19,0,0,58
45,6,6,6,6,15,Reynaldo,Turnbull,0,70,0,21,10,71,0,5,1851,1009,1851,66,33,0,0,82,2,0,0,45,0,0,73,2,14,20,73,85,24,28,0,3,28,0,0,0,0,0,0,0,254,4,0,0,0,0,0,60,0,0,97,1,0,21,3,50,0,1,18,62,60,10,0,25,0,0,82,15,77,79,85,3,3,3,3,5,28,60,25,25,30,12,15,30,0,15,11,25,1,37,22,174,0,76,90,1023,0,1,-30,0,0,82
3,6,6,6,6,16,Eric,Turner,0,92,0,0,16,90,0,5,1852,1009,1852,85,30,0,0,91,2,0,0,64,0,0,87,2,2,1009,76,77,22,27,0,8,38,0,0,0,0,0,0,0,226,45,44,0,0,0,0,60,0,1,29,1,0,0,3,70,0,1,16,79,89,9,0,59,0,0,75,17,66,94,92,3,3,3,3,4,23,85,5,20,15,12,5,20,0,17,17,15,4,7,5,967,0,73,48,1023,15,2,-30,0,0,253
45,6,6,6,6,16,Floyd,Turner,0,90,0,162,17,88,0,5,1853,1009,1853,85,32,0,0,82,2,0,0,83,0,0,86,2,33,24,77,18,26,27,0,1,58,0,0,0,0,0,0,0,154,45,20,0,0,0,0,60,0,0,87,0,0,162,3,50,0,6,17,57,81,11,0,69,0,0,88,19,57,81,85,3,3,3,3,5,18,81,5,15,15,7,0,20,0,3,3,20,1,6,9,969,0,71,38,1023,20,0,-30,0,0,23
45,5,5,5,5,16,Kevin,Turner,21,80,0,0,12,73,0,5,1854,1014,1854,70,29,0,0,87,1,0,0,70,0,0,72,0,33,1009,82,34,63,69,0,8,68,0,0,0,2,2,2,2,3,13,51,0,0,1,0,60,0,0,34,2,5,0,0,30,0,3,18,55,59,8,0,78,0,0,100,15,72,94,78,2,2,2,2,5,26,51,10,25,20,12,5,30,0,2,2,25,3,32,14,21,0,73,71,1023,15,4,-30,0,0,109
45,6,6,6,6,16,Scott,Turner,200,88,0,0,15,88,0,5,1855,8,1855,87,27,0,0,82,1,0,0,55,0,0,86,0,33,25,77,58,22,23,0,7,32,0,0,0,0,0,0,0,84,45,0,0,0,3,0,60,0,0,21,1,4,0,0,25,0,7,18,43,85,5,0,32,0,0,62,16,57,70,62,3,3,3,3,5,18,75,5,15,15,12,0,20,0,16,16,20,0,4,8,200,0,70,30,1023,20,1,-30,0,0,80
45,5,5,5,5,17,Melvin,Tuten,100,60,0,0,14,55,0,7,1856,21,1856,44,27,0,0,84,1,0,0,16,0,0,43,2,33,1,79,29,84,86,0,3,24,0,2,0,0,0,0,0,205,45,69,0,0,1,0,60,0,0,73,0,1,0,0,0,0,3,19,50,29,5,0,27,0,0,97,16,89,77,79,2,2,2,2,10,34,34,23,25,28,11,21,30,0,9,9,35,16,45,23,100,0,79,160,1023,0,0,-30,0,0,104
6,0,0,0,0,17,Rick,Tuten,200,95,0,0,99,55,0,7,1857,1014,1857,51,34,0,0,60,1,0,0,11,0,0,50,0,33,27,65,28,17,19,0,1,24,0,2,0,0,0,0,0,265,14,76,0,0,1,0,60,0,0,11,1,2,0,0,25,0,15,19,45,32,11,0,18,0,0,77,97,49,99,99,2,2,2,2,2,14,69,10,15,15,12,5,20,0,20,20,15,6,27,13,200,0,74,61,1023,0,1,-30,0,0,80
45,5,5,5,5,17,Rich,Tylski,191,68,0,18,15,65,0,7,1858,29,1858,45,28,0,0,85,1,0,0,17,0,0,46,0,33,1009,80,29,77,78,0,3,24,0,2,0,0,0,0,0,234,45,0,0,0,1,0,60,0,0,65,2,3,18,2,0,0,15,19,29,30,5,0,27,0,0,100,17,90,73,76,2,2,2,2,3,35,49,24,25,27,12,16,30,0,8,6,25,4,44,22,191,0,76,145,1023,0,2,-30,0,0,258
45,5,5,5,5,18,Jeff,Uhlenhake,0,67,0,64,15,60,0,7,1859,1009,1859,49,33,0,0,86,2,0,0,17,0,0,52,0,33,25,81,30,84,86,0,3,25,0,2,0,0,0,0,0,156,45,0,0,0,0,0,60,0,0,55,0,0,64,3,0,0,5,20,53,30,11,0,28,0,0,100,17,91,82,82,2,2,2,2,6,36,45,22,25,33,12,18,25,0,7,7,10,10,32,26,345,0,75,125,1023,0,2,-30,0,0,144
45,1,5,1,5,25,Artie,Ulmer,50,79,0,0,21,83,0,7,1860,15,1860,81,26,0,0,74,0,2,0,54,0,0,86,0,28,30,99,85,12,29,0,2,24,0,2,0,0,8,0,8,236,45,39,2,2,1,0,52,0,0,50,0,1,0,0,72,0,7,32,41,59,3,0,29,0,1,86,29,62,73,68,2,3,2,3,5,21,44,51,47,15,13,20,0,0,14,14,25,9,45,21,50,0,75,87,1023,6,0,-19,0,0,150
45,6,2,6,2,21,Dimitrius,Underwood,0,74,0,0,21,62,0,4,1861,11,1861,75,23,1,0,83,0,0,0,10,0,0,72,3,29,1015,90,74,18,36,0,3,19,0,2,0,9,1,9,1,118,12,100,0,0,0,2,67,0,0,91,0,0,0,0,5,0,1,6,0,51,1,0,33,0,1,98,26,74,72,56,4,0,4,0,10,27,43,16,20,21,10,24,29,2,10,10,60,28,27,26,0,0,78,152,1023,1,31,-19,0,0,204
45,3,7,3,7,10,Regan,Upshaw,1122,89,0,0,29,77,0,5,1862,23,1862,72,24,0,0,91,1,0,0,48,0,0,75,2,9,5,83,77,27,14,0,2,24,0,0,0,0,7,0,7,28,12,64,0,0,1,0,24,0,0,91,2,4,0,3,81,0,1,4,70,61,4,0,21,0,1,100,16,79,85,82,2,0,2,0,6,30,42,11,11,38,9,13,14,0,11,11,33,5,29,24,1122,0,76,105,1023,0,0,-19,0,0,384
36,3,6,3,6,14,Iheanyi,Uwaezuoke,240,80,0,105,24,94,0,7,1863,21,1863,90,26,0,1,46,0,0,0,73,0,0,93,2,30,1009,65,34,22,24,0,1,64,0,0,0,4,4,4,4,28,14,16,0,0,1,0,43,0,0,89,2,1,105,3,74,0,4,17,51,82,4,0,49,0,1,99,17,58,81,84,2,0,2,0,4,19,93,5,9,23,9,9,10,0,3,3,24,5,6,8,654,0,74,38,1023,75,0,-19,0,0,204
45,6,6,6,6,8,Kimo,V.Oelhoffen,443,62,0,69,8,55,0,5,1864,29,1864,53,28,0,0,89,1,0,0,25,0,0,58,1,33,1015,85,77,36,37,0,3,38,0,0,0,0,0,0,0,19,40,7,0,0,2,0,60,0,0,67,2,3,69,2,25,0,6,14,47,51,6,0,29,0,0,92,11,91,68,65,3,3,3,3,26,36,14,26,25,34,13,29,30,0,10,12,30,28,36,28,443,0,75,140,1023,0,5,-30,0,0,215
45,3,6,3,6,18,Alex,Van Dyke,1588,94,0,0,17,89,0,4,1865,13,1865,87,25,0,0,52,0,0,0,75,0,0,88,0,14,17,25,23,20,20,0,1,55,0,0,0,0,9,0,9,143,45,9,0,0,2,0,41,0,0,86,2,4,0,2,6,0,2,38,44,88,4,0,55,0,1,95,15,59,75,66,0,0,0,0,2,20,79,2,8,34,9,8,9,0,3,3,23,0,5,10,1588,0,72,45,1023,60,0,-19,0,0,150
45,0,0,0,0,82,Alex,Van Pelt,413,88,0,35,10,56,0,7,1866,3,1866,55,29,0,0,72,1,0,0,28,0,0,55,0,33,1009,77,17,15,18,0,1,55,0,2,0,0,0,0,0,166,45,0,0,0,3,0,60,0,0,10,0,5,35,2,35,0,8,84,41,52,7,0,61,0,0,100,12,52,72,70,2,2,2,2,3,16,86,5,10,15,11,0,20,0,0,0,20,0,11,8,413,0,73,58,1023,0,4,-30,0,0,46
45,5,5,5,5,17,Matt,Vanderbeek,0,75,0,0,15,67,0,7,1867,1009,1867,64,31,0,0,92,2,0,0,28,0,0,65,0,33,25,84,78,32,36,0,3,29,0,2,0,2,2,2,2,118,45,0,0,0,0,0,60,0,0,91,2,0,0,2,25,0,15,17,64,62,10,0,23,0,0,82,14,77,69,71,2,2,2,2,3,28,44,15,25,20,12,5,30,0,14,14,25,4,42,25,220,0,75,97,1023,0,2,-30,0,0,142
45,0,0,0,0,17,Mike,Vanderjagt,1100,93,0,400,82,63,0,7,1868,10,1868,59,29,0,0,48,1,0,0,28,0,0,30,0,33,1015,78,58,13,29,0,0,24,0,4,0,0,0,0,0,254,45,62,3,3,6,0,41,0,0,12,0,7,400,0,61,0,8,12,56,37,2,0,24,0,1,94,97,57,83,70,0,0,0,0,5,18,77,9,14,32,11,1,19,0,19,19,4,5,6,11,1100,0,77,51,1023,1,0,-19,0,0,150
45,6,6,6,6,13,Sean,Vanhorse,0,89,0,24,12,88,0,5,1869,1009,1869,87,30,0,0,80,1,0,0,56,0,0,86,0,33,30,75,56,23,24,0,7,26,0,0,0,0,0,0,0,81,45,0,0,0,0,0,60,0,0,30,2,0,24,2,25,0,6,13,39,81,8,0,26,0,0,85,12,55,69,62,3,3,3,3,2,18,88,5,15,15,10,0,20,0,16,16,20,4,4,7,188,0,70,20,1023,20,2,-30,0,0,168
45,6,6,6,6,17,Tamarick,Vanover,0,94,0,0,15,93,0,5,1870,1009,1870,91,25,0,0,80,1,0,0,67,0,0,89,2,33,1015,75,18,22,23,0,1,55,0,0,0,0,0,0,0,66,11,0,0,0,0,0,60,0,0,87,2,0,0,3,75,0,3,19,38,83,5,0,69,0,0,97,16,55,80,98,3,3,3,3,1,18,89,5,15,15,12,0,20,0,3,3,20,3,9,8,555,0,71,53,1023,95,4,-30,0,0,148
45,5,5,5,5,16,Tommy,Vardell,294,85,0,69,12,80,0,5,1871,1014,1871,75,30,0,0,88,1,0,0,75,0,0,73,0,9,1009,83,35,55,60,0,8,74,0,0,0,2,2,2,2,200,45,0,0,0,1,0,60,0,0,44,1,1,69,3,50,0,1,18,42,66,8,0,74,0,0,100,15,73,93,80,2,2,2,2,0,26,71,10,25,20,11,5,30,0,2,2,25,6,20,11,294,0,74,70,1023,35,0,-30,0,0,41
4,3,3,3,3,22,Ross,Verba,1958,79,0,340,21,89,0,7,1872,20,1872,51,27,0,0,87,1,0,0,28,0,0,59,0,20,1015,80,11,82,83,0,3,22,0,2,0,0,2,0,2,89,12,73,0,0,3,0,7,0,0,78,2,5,340,3,87,0,1,21,59,21,3,0,15,0,1,80,19,94,79,70,2,2,2,2,10,37,41,19,11,34,12,16,15,0,5,9,60,7,39,23,1958,0,76,145,1023,4,2,-19,0,0,150
45,5,5,5,5,15,Kipp,Vickers,173,60,0,28,12,55,0,7,1873,25,1873,42,29,0,0,85,1,0,0,14,0,0,40,2,33,1009,80,30,88,91,0,3,25,0,2,0,0,0,0,0,115,24,0,0,0,1,0,60,0,0,77,0,1,28,3,0,0,15,17,51,27,5,0,25,0,0,94,14,90,77,66,2,2,2,2,9,35,41,25,25,32,11,21,30,0,9,9,35,30,36,23,173,0,74,136,1023,0,0,-30,0,0,31
45,5,5,5,5,15,Danny,Villa,0,60,0,0,12,51,0,7,1874,1009,1874,42,34,0,0,87,2,0,0,14,0,0,42,0,33,20,76,32,86,84,0,3,27,0,2,0,0,0,0,0,9,45,0,0,0,0,0,60,0,0,72,1,0,0,3,0,0,5,17,58,27,13,0,25,0,0,60,14,90,78,80,2,2,2,2,3,35,38,16,25,25,10,20,30,0,5,6,25,7,29,30,50,0,77,146,1023,0,0,-30,0,0,151
45,2,2,2,2,27,Chris,Villarrial,263,80,0,0,21,75,0,4,1875,1,1875,58,26,0,0,99,1,0,0,22,0,0,60,0,2,1015,99,20,78,85,2,2,38,0,0,0,0,2,0,2,86,45,0,0,0,1,0,46,0,0,58,0,1,0,3,64,0,4,26,49,37,4,0,31,0,1,11,27,89,76,58,2,0,2,0,46,34,30,34,19,40,7,23,20,0,8,8,54,44,41,22,263,0,75,158,1023,0,3,-19,0,0,155
45,0,0,0,0,21,Adam,Vinatieri,457,85,0,33,83,59,0,7,1876,22,1876,56,26,0,0,70,1,0,0,11,0,0,55,1,33,1009,75,20,17,18,0,0,10,0,2,0,0,0,0,0,177,1,62,0,0,2,0,60,0,0,4,0,5,33,3,0,0,15,27,59,55,5,0,15,0,0,100,95,47,87,95,2,2,2,2,2,14,70,5,15,15,13,5,15,0,19,19,15,1,13,6,249,0,72,40,1023,0,3,-30,0,0,286
2,6,6,6,6,16,Troy,Vincent,2255,98,0,246,16,94,0,5,1877,13,1877,89,27,0,0,88,1,0,0,64,0,0,92,2,7,1009,83,63,23,26,0,7,25,0,0,0,0,0,0,0,258,29,54,0,0,2,0,60,0,0,23,1,5,246,3,50,0,1,18,73,91,8,0,25,0,0,100,18,63,90,93,3,3,3,3,3,22,78,5,15,15,7,0,20,0,16,16,20,1,5,12,1230,0,73,40,1023,20,3,-30,0,0,479
45,4,3,4,3,11,Mike,Vrabel,1172,86,0,237,26,90,0,10,1878,29,1878,84,25,0,0,98,0,0,0,59,0,0,86,0,22,1015,81,76,23,29,0,3,33,0,0,0,1,0,1,0,156,45,10,2,2,1,0,25,0,0,56,2,3,237,3,71,0,3,14,55,64,3,0,37,0,1,100,15,83,96,75,0,3,0,3,3,32,51,46,49,28,13,37,20,0,10,11,50,8,22,24,1172,0,76,101,1023,1,2,-19,0,0,150
45,5,5,5,5,10,Jude,Waddy,0,80,0,0,9,75,0,7,1879,1009,1879,71,24,0,0,89,1,0,0,32,0,0,70,2,33,4,84,74,28,29,0,3,31,0,2,0,0,0,0,0,256,45,0,0,0,0,0,60,0,0,54,2,0,0,0,0,0,15,16,49,67,2,0,30,0,0,100,14,74,65,63,2,2,2,2,1,27,78,15,25,20,9,10,30,0,15,13,20,1,5,11,100,0,74,60,1023,0,0,-30,0,0,52
45,6,5,6,5,20,John,Wade,1100,93,0,248,15,74,0,7,1880,17,1880,66,22,0,1,94,0,0,0,22,0,0,53,0,30,1015,79,24,86,88,0,3,22,0,4,0,0,2,0,2,110,45,89,3,3,4,3,9,0,0,66,0,4,248,3,55,0,4,21,76,28,2,0,38,0,1,100,21,91,90,86,2,2,2,2,6,36,31,19,28,21,11,15,6,0,7,7,69,4,39,29,1100,0,77,140,1023,8,1,-19,0,0,150
45,6,6,6,6,27,Andre,Wadsworth,941,77,0,183,15,80,0,5,1881,7,1881,65,23,0,0,86,0,0,0,25,0,0,74,3,33,1009,79,79,39,30,0,3,23,0,0,0,0,9,0,9,64,40,32,0,0,2,0,31,0,0,90,2,3,183,3,7,0,8,26,67,62,2,0,25,0,1,98,25,89,86,71,2,0,2,0,6,34,42,59,14,38,9,37,28,0,10,11,101,7,25,25,941,0,76,105,1023,7,1,-19,0,0,204
45,3,3,3,3,18,Mike,Wahle,671,81,0,125,35,67,0,7,1882,20,1882,60,22,0,0,95,0,2,1,33,0,0,64,0,29,1015,91,29,83,89,0,12,17,0,2,0,0,6,0,6,139,45,0,0,0,4,4,50,0,0,68,0,5,125,3,81,0,7,26,51,29,2,0,16,0,1,100,11,88,81,65,0,2,0,2,8,34,42,19,23,32,9,19,17,0,6,6,79,6,37,22,671,0,78,147,1023,4,1,-19,0,0,150
45,5,5,5,5,10,Frank,Wainright,400,81,0,100,8,70,0,7,1883,25,1883,66,31,0,0,90,2,0,0,69,0,0,66,0,33,11,85,29,60,62,0,8,66,0,2,0,0,0,0,0,136,45,0,0,0,2,0,60,0,0,88,2,2,100,3,30,0,8,14,39,71,9,0,63,0,0,81,12,75,76,72,2,2,2,2,3,28,51,15,25,20,10,5,30,0,4,4,30,9,36,25,400,0,74,95,1023,15,0,-30,0,0,132
45,3,5,3,5,27,Kerwin,Waldroup,0,90,0,30,29,75,1,7,1884,1009,1884,74,25,0,0,31,1,0,0,31,0,0,69,0,31,18,72,66,11,21,0,2,16,0,2,0,0,0,0,0,117,45,3,0,0,0,0,28,0,0,99,2,0,30,2,61,0,5,35,42,65,4,0,26,0,1,100,12,74,74,73,2,4,2,4,5,27,57,10,16,59,12,15,20,0,11,11,53,8,43,24,220,1,75,100,1023,0,0,-19,0,0,150
45,6,6,6,6,13,Bracy,Walker,200,89,0,0,11,83,0,5,1885,9,1885,82,28,0,0,89,1,0,0,56,0,0,80,2,33,11,84,74,23,26,0,8,27,0,0,0,0,0,0,0,135,45,53,0,0,3,0,60,0,0,27,2,4,0,0,25,0,4,14,41,85,6,0,28,0,0,100,13,64,82,82,3,3,3,3,4,22,77,5,20,15,13,5,20,0,17,18,15,4,5,10,200,0,72,40,1023,15,1,-30,0,0,245
45,6,6,6,6,16,Darnell,Walker,713,99,0,75,16,96,0,5,1886,19,1886,91,29,0,0,78,1,0,0,66,0,0,92,2,33,1009,73,68,22,26,0,7,30,0,0,0,0,0,0,0,157,38,61,0,0,1,0,60,0,0,41,0,3,75,3,25,0,7,18,71,85,7,0,39,0,0,99,17,53,85,78,3,3,3,3,2,16,96,5,15,15,9,0,20,0,16,16,20,4,4,8,713,0,68,8,1023,35,2,-30,0,0,229
45,7,6,7,6,38,Denard,Walker,485,88,0,60,18,93,0,7,1887,30,1887,93,23,0,0,90,0,0,0,68,0,0,86,3,27,1015,84,65,17,34,0,1,35,0,0,0,0,0,0,0,106,45,0,0,0,1,0,37,0,0,25,2,3,60,2,66,0,4,14,44,99,3,0,42,0,1,67,24,47,72,43,2,2,2,2,0,14,83,30,11,17,9,23,14,0,16,16,60,4,5,5,485,1,73,30,1023,3,2,-19,0,0,204
45,5,5,5,5,16,Derrick,Walker,0,84,0,0,14,70,0,7,1888,1009,1888,69,31,0,0,90,2,0,0,73,0,0,66,2,33,1009,85,34,62,63,0,8,66,0,2,0,0,0,0,0,117,45,0,0,0,0,0,60,0,0,86,2,0,0,3,50,0,6,17,50,68,10,0,68,0,0,58,15,75,80,71,2,2,2,2,6,28,68,15,25,20,9,5,30,0,4,4,30,9,41,24,183,0,72,86,1023,15,0,-30,0,0,229
45,6,6,6,6,12,Gary,Walker,1100,70,0,700,12,65,0,5,1889,17,1889,54,26,0,0,89,1,0,0,26,0,0,55,2,33,31,85,85,35,36,0,3,39,0,0,0,0,0,0,0,14,40,33,0,0,3,0,60,0,0,96,1,3,700,3,50,0,5,15,62,55,5,0,30,0,0,78,12,91,79,64,3,3,3,3,39,36,31,31,25,39,7,31,30,0,12,12,30,37,30,26,1100,0,75,164,1023,0,0,-30,0,0,481
45,5,5,5,5,13,Aaron,Wallace,0,81,0,38,12,77,0,7,1890,1009,1890,70,32,0,0,90,2,0,0,34,0,0,67,2,33,22,82,82,28,29,0,3,31,0,2,0,0,0,0,0,215,45,54,0,0,0,0,60,0,0,59,1,0,38,3,50,0,2,17,53,68,10,0,32,0,0,51,15,75,74,79,2,2,2,2,2,28,74,15,25,20,10,10,30,0,13,13,20,1,31,13,253,0,75,80,1023,0,0,-30,0,0,292
45,5,5,5,5,21,Steve,Wallace,0,62,0,185,18,54,0,7,1891,1009,1891,48,34,0,0,84,2,0,0,20,0,0,50,2,33,8,70,29,89,89,0,3,24,0,2,0,0,0,0,0,14,45,0,0,0,0,0,60,0,0,78,2,0,185,3,0,0,4,23,66,33,14,0,31,0,0,97,20,86,83,87,2,2,2,2,10,33,49,23,25,24,8,20,30,0,5,5,35,4,31,25,663,0,76,125,1023,0,1,1,0,0,346
45,5,5,5,5,10,Brett,Wallerstedt,0,82,0,0,9,75,0,7,1892,1009,1892,72,28,0,0,91,1,0,0,33,0,0,71,0,33,23,86,76,29,30,0,3,32,0,2,0,0,0,0,0,9,45,0,0,0,0,0,60,0,0,92,2,0,0,2,25,0,6,15,51,68,7,0,31,0,0,45,13,76,78,61,2,2,2,2,2,28,52,15,25,20,9,10,30,0,11,15,20,6,16,11,20,0,73,80,1023,0,1,-30,0,0,258
3,5,5,5,5,16,Wesley,Walls,1705,86,0,198,14,77,0,7,1893,21,1893,71,33,0,0,88,2,0,0,92,0,0,73,0,33,1009,80,34,57,58,0,8,68,0,2,0,0,0,0,0,159,37,68,0,0,2,0,60,0,1,85,1,5,198,3,50,0,2,18,74,75,11,0,68,0,0,100,16,73,91,82,2,2,2,2,4,26,68,15,25,20,9,5,30,0,4,4,30,6,17,13,930,0,77,80,1023,25,3,-30,0,0,168
45,6,6,6,6,15,Chris,Walsh,440,90,0,26,13,88,0,5,1894,31,1894,87,30,0,0,83,1,0,0,71,0,0,88,0,33,1009,78,31,27,28,0,1,56,0,0,0,0,0,0,0,200,45,0,0,0,1,0,60,0,0,81,2,4,26,2,30,0,9,16,28,82,8,0,66,0,0,70,14,58,70,56,3,3,3,3,3,19,73,5,15,15,10,0,20,0,3,3,20,4,7,9,200,0,73,34,1023,55,4,-30,0,0,120
45,0,0,0,0,91,Steve,Walsh,200,85,0,33,7,63,0,7,1895,1014,1895,60,32,0,0,76,2,0,0,23,0,0,51,0,33,1009,80,16,15,20,0,1,52,0,2,0,0,0,0,0,115,17,0,0,0,1,0,60,0,0,4,0,1,33,3,35,0,1,80,61,50,11,0,54,0,0,82,10,56,80,80,2,2,2,2,3,18,78,5,10,15,11,0,20,0,0,0,20,2,5,10,200,0,75,46,1023,0,0,-30,0,0,382
45,5,5,5,5,18,Joe,Walter,0,57,0,45,15,47,0,7,1896,1009,1896,45,35,0,0,85,2,0,0,17,0,0,43,0,33,1,68,30,89,89,0,3,25,0,2,0,0,0,0,0,217,45,0,0,0,0,0,60,0,0,63,2,0,45,3,0,0,7,20,60,30,15,0,28,0,0,36,17,86,80,82,2,2,2,2,10,33,36,24,25,28,10,24,30,0,9,9,35,8,37,28,230,0,79,132,1023,0,1,-30,0,0,239
45,0,0,0,0,20,Ken,Walter,139,87,0,4,75,53,0,7,1897,21,1897,40,27,0,0,61,1,0,0,22,0,0,44,0,33,1009,91,12,16,24,0,5,16,0,2,0,0,0,0,0,97,45,0,2,1,1,0,53,1,0,13,2,3,4,1,88,0,8,14,29,24,3,0,27,0,1,57,86,28,59,62,0,0,0,0,4,4,71,45,24,29,8,11,16,0,20,20,42,0,12,6,42,0,73,47,1023,0,2,-19,0,0,150
45,4,4,4,4,30,Zack,Walz,287,88,0,36,26,84,0,5,1898,7,1898,83,24,0,0,85,0,0,0,52,0,0,83,3,7,1015,82,82,38,34,0,6,25,0,0,0,7,9,7,9,46,45,5,0,0,3,0,16,0,0,52,0,3,36,2,3,0,3,12,38,64,2,0,32,0,1,77,26,64,80,71,0,0,0,0,5,22,61,20,25,54,10,26,17,0,15,13,41,6,23,21,287,0,76,95,1023,9,1,-19,0,0,204
45,6,7,6,7,20,Dedric,Ward,2490,89,0,428,33,98,0,7,1899,18,1899,90,24,0,0,99,0,0,0,83,0,0,95,3,11,1015,88,28,22,23,0,0,69,0,2,0,0,0,0,0,150,36,48,0,0,2,0,45,0,0,89,2,4,428,3,71,0,3,19,64,88,3,0,65,0,1,100,13,58,85,71,0,0,0,0,0,19,96,27,10,19,7,9,21,0,3,3,3,1,10,3,2490,0,69,29,1023,10,2,-19,0,0,204
45,7,4,7,4,75,Hines,Ward,3989,74,0,225,19,87,0,7,1900,29,1900,90,25,0,1,96,0,0,0,89,0,0,89,1,28,1015,89,51,24,48,0,0,77,0,0,0,7,0,7,0,70,36,49,2,2,6,0,43,0,0,86,2,7,225,3,86,0,4,87,78,94,2,0,65,0,1,100,25,73,92,99,0,2,0,2,4,26,68,21,10,12,8,19,15,0,3,3,45,5,9,6,1323,0,72,45,1023,32,1,-19,0,0,58
45,0,0,0,0,80,Andre,Ware,24,89,0,0,12,85,0,7,1901,1009,1901,82,30,0,0,78,1,0,0,21,0,0,88,2,7,1009,83,16,17,22,0,1,56,0,2,0,0,0,0,0,80,45,0,0,0,0,0,60,0,0,11,1,1,0,0,0,0,1,87,50,55,8,0,63,0,0,99,15,58,79,65,2,2,2,2,1,19,71,5,10,15,10,0,20,0,0,0,20,2,13,7,24,0,74,50,1023,0,4,-30,0,0,20
45,7,7,7,7,12,Eric,Warfield,1956,82,0,252,21,97,0,5,1902,9,1902,95,22,0,0,99,0,0,0,64,0,0,96,2,24,1015,78,61,16,21,0,7,25,6,0,0,8,8,8,8,142,45,0,0,0,6,0,67,0,0,44,0,7,252,3,89,0,5,14,51,89,2,0,53,0,1,100,33,60,85,74,3,3,3,3,2,20,76,38,15,27,12,2,7,3,16,16,26,0,6,7,1956,0,72,40,1023,10,1,-19,0,0,204
45,0,0,0,0,93,Kurt,Warner,772,87,0,172,7,62,0,7,1903,24,1903,60,29,0,0,81,1,0,0,16,0,0,61,0,33,1009,86,18,20,25,0,1,57,0,2,0,0,0,0,0,150,18,0,0,0,1,0,60,0,0,13,2,2,172,3,0,0,15,95,81,46,3,0,55,0,0,65,10,61,95,91,2,2,2,2,4,20,74,5,10,15,13,0,20,0,0,0,20,0,11,6,772,0,74,60,1023,0,1,-30,0,1,485
45,0,0,0,0,31,Ron,Warner,0,93,0,24,28,71,0,4,1904,1009,1904,78,22,0,0,85,0,0,0,56,0,0,60,0,1,26,72,67,14,23,0,1,33,0,3,0,0,0,0,0,95,45,4,2,2,0,0,24,0,0,51,2,0,24,2,66,0,7,24,40,65,2,0,55,0,1,24,23,82,71,76,1,2,0,2,5,31,49,35,11,12,12,0,14,0,13,13,57,4,26,28,184,0,75,110,1023,1,0,-19,0,0,150
3,6,6,6,6,16,Chris,Warren,1749,80,0,387,15,86,0,5,1905,11,1905,80,31,0,0,89,2,0,0,74,0,0,81,2,33,1009,75,36,36,38,0,8,84,0,0,0,0,0,0,0,265,45,0,0,0,2,0,60,0,1,42,2,3,387,3,65,0,4,17,62,78,10,0,89,0,0,54,16,69,82,85,3,3,3,3,2,24,71,5,20,15,7,0,30,0,1,1,25,10,27,14,1749,0,74,68,1023,55,1,-30,0,0,103
45,6,6,6,6,16,Lamont,Warren,0,87,0,0,15,89,0,5,1906,1009,1906,85,26,0,0,82,1,0,0,62,0,0,86,1,33,9,79,33,32,35,0,8,75,0,0,0,0,0,0,0,41,45,0,0,0,0,0,60,0,0,27,2,0,0,2,50,0,6,17,45,67,6,0,74,0,0,67,16,62,75,72,3,3,3,3,5,21,83,5,20,15,12,0,30,0,1,1,25,0,9,8,200,0,71,39,1023,65,0,-30,0,0,226
2,6,6,6,6,16,Dewayne,Washington,2169,98,0,488,15,91,0,5,1907,29,1907,89,26,0,0,82,1,0,0,62,0,0,88,2,18,1009,77,70,22,23,0,7,29,0,0,0,0,0,0,0,138,29,50,0,0,3,0,60,0,0,20,1,4,488,3,25,0,1,18,76,86,6,0,29,0,0,100,16,57,83,82,3,3,3,3,2,18,73,5,15,15,13,0,20,0,16,16,20,2,12,6,2169,0,71,35,1023,20,1,-30,0,0,374
45,6,6,6,6,9,Marvin,Washington,119,63,0,18,8,67,0,5,1908,1014,1908,60,33,0,0,88,2,0,0,28,0,0,60,2,33,3,79,78,32,36,0,3,37,0,0,0,0,0,0,0,265,45,1,0,0,1,0,60,0,0,95,2,1,18,2,25,0,6,14,41,54,11,0,32,0,0,97,11,79,74,78,3,3,3,3,10,30,36,15,25,29,11,22,30,0,11,10,25,9,30,30,119,0,78,125,1023,0,0,-30,0,0,138
45,6,6,6,6,13,Mickey,Washington,0,84,0,0,12,85,0,5,1909,1009,1909,84,30,0,0,83,2,0,0,56,0,0,83,2,33,26,75,58,18,19,0,7,28,0,0,0,0,0,0,0,215,45,0,0,0,0,0,60,0,0,26,1,0,0,0,25,0,8,13,47,79,10,0,28,0,0,18,12,58,70,69,3,3,3,3,1,19,86,5,15,15,7,0,20,0,16,16,20,3,7,11,0,0,69,35,1023,20,1,-30,0,0,229
45,6,6,6,6,10,Ted,Washington,1151,59,0,288,10,65,0,5,1910,3,1910,40,31,0,0,95,2,0,0,12,0,0,46,2,25,1009,91,94,42,43,0,3,25,0,0,0,0,0,0,0,105,40,27,0,0,2,0,60,0,0,92,1,2,288,3,50,0,1,14,77,44,9,0,16,0,0,100,11,97,88,80,3,3,3,3,17,38,40,21,25,21,13,25,30,0,12,12,30,23,31,29,1569,0,77,170,1023,0,4,-30,0,0,206
45,3,3,2,2,28,Todd,Washington,480,67,0,54,27,63,0,4,1911,6,1911,42,24,0,0,71,0,0,0,19,0,0,52,0,9,1015,98,24,88,90,0,3,39,0,2,0,0,0,0,0,241,24,0,0,0,4,2,22,0,0,75,0,4,54,3,8,0,5,28,38,26,2,0,17,0,1,83,28,89,76,56,2,2,2,2,35,34,17,32,12,31,9,33,28,0,7,7,109,31,34,27,327,0,75,157,1023,6,1,-19,0,0,150
45,5,4,5,4,31,Brian,Waters,0,99,0,0,16,72,0,5,1912,1009,1912,66,23,0,1,80,0,0,0,69,0,0,67,3,28,1015,87,20,76,75,0,1,58,0,2,0,0,1,0,1,148,45,100,2,2,0,0,28,0,0,127,1,0,0,0,7,0,5,35,0,68,1,0,68,0,1,90,24,87,87,71,0,4,0,4,7,34,37,21,21,20,9,20,22,0,4,4,77,4,32,24,0,0,75,120,1023,7,31,-19,0,0,204
45,3,1,3,1,29,Chris,Watson,673,97,0,78,11,89,0,1,1913,3,1913,91,21,0,0,80,0,0,0,68,0,0,90,3,7,1015,75,79,18,26,0,0,37,0,0,0,0,8,0,8,55,45,100,0,0,3,0,40,0,0,21,2,3,78,2,83,0,3,24,35,94,1,0,42,0,1,50,28,58,73,43,0,0,0,0,0,19,87,28,17,25,13,12,10,0,16,16,38,5,2,4,673,0,73,28,1023,7,0,-19,0,0,204
6,6,6,6,6,16,Ricky,Watters,2860,90,0,820,15,91,0,5,1914,28,1914,88,30,0,0,88,2,0,0,87,0,0,90,2,33,1009,78,35,38,41,0,8,86,0,0,0,0,0,0,0,152,22,69,0,0,3,0,60,0,1,32,2,4,820,3,85,0,2,18,76,72,9,0,85,0,0,92,17,68,92,94,3,3,3,3,3,24,85,5,20,15,10,0,30,0,1,1,25,1,10,11,2860,0,73,57,1023,20,1,-30,0,0,188
45,6,6,6,6,12,Damon,Watts,0,89,0,26,12,90,0,5,1915,1009,1915,89,27,0,0,80,1,0,0,52,0,0,87,2,33,9,75,58,19,22,0,7,25,0,0,0,0,0,0,0,86,45,0,0,0,0,0,60,0,0,36,2,0,26,2,25,0,15,13,43,80,6,0,27,0,0,99,12,55,70,64,3,3,3,3,3,18,98,5,15,15,9,0,20,0,16,16,20,1,10,2,197,0,70,18,1023,20,1,-30,0,0,60
45,5,5,5,5,16,Charles,Way,200,79,0,100,12,82,0,5,1916,1014,1916,79,26,0,0,89,1,0,0,61,0,0,77,2,33,15,84,36,65,72,0,8,79,0,0,0,2,2,2,2,240,45,74,0,0,1,0,60,0,0,30,2,1,100,3,30,0,6,17,55,58,5,0,66,0,0,10,14,74,97,83,2,2,2,2,5,27,65,10,25,20,11,5,30,0,2,2,25,4,45,23,200,0,72,85,1023,15,0,-30,0,0,100
45,5,1,5,1,10,Nate,Wayne,403,70,0,74,23,89,0,7,1917,20,1917,86,22,1,0,84,0,0,0,67,0,0,87,3,32,1015,82,78,10,28,0,3,28,0,0,0,0,0,0,0,159,45,0,0,0,1,0,39,0,0,54,2,2,74,3,88,0,6,26,51,73,2,0,28,0,1,45,28,74,78,51,2,0,2,0,5,27,73,67,34,24,12,49,5,0,13,15,38,3,21,11,403,0,72,77,1023,6,1,-19,0,0,204
45,5,2,5,2,20,Fred,Weary,706,85,0,0,39,94,0,5,1918,27,1918,92,22,0,1,82,0,0,0,50,0,0,89,3,1,25,79,72,27,13,0,8,10,0,0,0,0,0,0,0,62,30,17,1,1,1,0,43,0,0,24,0,2,0,3,87,0,3,12,45,90,2,0,34,0,1,50,12,57,72,55,0,0,0,0,3,18,94,4,0,13,13,6,14,2,16,16,30,1,9,6,706,0,70,21,1023,56,0,-19,0,0,204
45,3,1,3,1,13,Jed,Weaver,140,97,0,21,41,85,0,5,1919,12,1919,74,22,0,1,89,0,0,0,77,0,0,67,0,15,1015,86,32,59,51,0,11,60,0,0,0,0,8,0,8,160,45,100,2,2,1,4,3,0,0,82,1,1,21,3,43,0,6,20,48,66,1,0,70,0,1,73,19,63,75,73,0,0,0,0,7,22,40,53,17,36,12,28,16,1,4,4,66,6,27,20,140,0,76,98,1023,3,0,-19,0,0,150
13,5,5,5,5,15,Richmond,Webb,1670,60,0,648,12,65,0,7,1920,12,1920,42,32,0,0,89,2,0,0,14,0,0,48,2,9,1015,84,34,99,95,0,3,29,0,2,0,0,0,0,0,215,26,42,0,0,2,0,60,0,0,78,1,2,648,3,0,0,1,17,93,27,10,0,25,0,0,100,14,94,96,96,2,2,2,2,8,37,44,17,25,22,8,23,30,0,5,9,35,23,38,29,2277,0,78,165,1023,0,9,-30,0,0,118
45,6,6,6,6,8,Larry,Webster,508,60,0,72,9,60,0,5,1921,25,1921,55,30,0,0,97,1,0,0,18,0,0,52,2,33,1009,91,80,39,43,0,3,44,0,0,0,0,0,0,0,111,40,0,0,0,1,0,60,0,0,79,1,4,72,2,25,0,3,13,37,44,8,0,39,0,0,50,10,93,81,79,3,3,3,3,4,36,33,25,25,27,12,16,30,0,12,10,25,6,35,23,508,0,77,150,1023,0,4,-30,0,0,45
45,2,3,2,3,21,Floyd,Wedderburn,188,71,0,28,16,70,0,7,1922,28,1922,59,21,0,0,95,0,0,0,39,0,0,58,3,24,1015,88,25,83,83,0,3,35,0,0,0,0,0,0,0,164,45,100,0,0,1,0,55,0,0,69,2,1,28,2,77,0,4,37,38,14,1,0,22,0,1,99,20,84,76,65,2,2,2,2,7,32,43,15,45,21,8,21,13,0,8,9,105,22,22,22,188,0,77,173,1023,0,0,-19,0,0,204
45,5,5,5,5,15,Bert,Weidner,0,71,0,32,12,55,0,7,1923,1009,1923,46,33,0,0,83,2,0,0,14,0,0,46,0,33,11,78,31,83,84,0,3,26,0,2,0,0,0,0,0,97,45,0,0,0,0,0,60,0,0,60,0,0,32,2,0,0,11,17,56,27,11,0,25,0,0,96,14,88,78,83,2,2,2,2,7,34,33,18,25,31,8,17,25,0,7,7,10,28,30,30,196,0,74,135,1023,0,2,-30,0,0,156
45,6,6,6,6,23,Casey,Wiegmann,814,63,0,150,18,65,0,7,1924,1,1924,61,23,0,0,74,0,0,0,10,0,0,62,0,2,1009,71,20,80,87,0,3,25,0,2,0,0,6,0,6,89,45,43,0,0,3,2,5,0,0,60,0,5,150,3,1,0,2,13,58,25,3,0,19,0,1,86,17,93,86,84,0,2,0,2,5,36,48,24,25,31,10,21,5,0,7,7,109,21,23,25,814,0,74,125,1023,9,2,-19,0,0,150
45,5,5,5,5,37,Todd,Weiner,558,59,0,93,24,86,0,7,1925,28,1925,41,23,0,0,85,0,0,0,21,0,0,56,0,23,1015,67,12,85,86,0,3,32,0,0,0,3,0,3,0,96,45,0,0,0,3,0,34,0,0,74,0,3,93,3,61,0,2,12,51,37,2,0,25,0,1,100,34,98,80,65,2,0,2,0,5,39,32,17,15,35,9,16,8,0,9,9,107,9,23,26,558,0,76,140,1023,2,1,-19,0,0,150
45,5,5,5,5,12,John,Welbourn,911,73,0,160,15,85,0,7,1926,13,1926,49,22,0,0,89,0,0,0,16,0,0,64,0,15,1015,94,16,82,84,0,3,23,0,0,0,0,0,0,0,28,45,100,0,0,4,0,38,0,0,76,1,4,160,3,89,0,4,18,53,16,1,0,37,0,1,73,28,93,79,70,2,2,2,2,5,36,41,18,43,25,13,24,4,0,9,5,66,10,26,22,911,0,77,150,1023,5,0,-19,0,0,150
45,5,5,5,5,17,Dean,Wells,1700,77,0,900,15,70,0,7,1927,21,1927,67,28,0,0,91,1,0,0,28,0,0,67,0,33,27,86,77,30,34,0,3,27,0,2,0,2,2,2,2,98,45,0,0,0,3,0,60,0,0,95,2,3,900,2,25,0,4,17,33,63,7,0,23,0,0,100,14,76,67,67,2,2,2,2,7,28,68,15,25,20,13,5,30,0,14,14,25,7,22,21,1700,0,75,88,1023,0,0,-30,0,0,62
45,6,6,6,6,12,Mike,Wells,300,63,0,0,12,55,0,5,1928,1,1928,52,28,0,0,86,1,0,0,24,0,0,49,0,33,18,82,80,24,25,0,3,37,0,0,0,0,0,0,0,89,40,0,0,0,2,0,60,0,0,97,1,3,0,2,25,0,4,18,44,50,6,0,28,0,0,71,15,88,72,66,3,3,3,3,43,34,23,21,25,44,7,22,30,0,12,12,30,25,41,27,300,0,75,150,1023,0,1,-30,0,0,142
45,5,3,5,3,26,Lyle,West,220,88,0,28,12,89,0,10,1929,16,1929,87,23,0,0,75,0,2,0,62,0,0,81,3,3,1015,76,53,11,15,0,7,29,0,0,0,7,0,7,0,185,45,100,0,0,1,0,30,0,0,37,0,1,28,2,88,0,4,17,49,91,1,0,47,0,1,50,27,42,69,68,4,2,4,2,4,11,82,4,10,33,10,8,5,0,18,16,32,0,6,5,220,0,72,50,1023,88,0,-19,0,0,204
38,1,2,1,2,23,Bryant,Westbrook,2756,89,0,285,28,97,0,7,1930,19,1930,92,26,0,0,98,0,0,0,65,0,0,97,3,28,1015,83,57,10,19,0,7,15,0,0,0,0,0,0,0,214,45,33,0,0,3,0,29,0,0,32,0,5,285,3,2,0,1,9,75,95,3,0,48,0,1,99,21,63,93,95,1,4,1,4,3,22,68,7,29,30,10,17,18,1,16,16,64,0,5,12,2756,0,72,45,1023,8,2,-19,0,0,204
36,6,6,6,6,16,Michael,Westbrook,90,89,0,0,10,93,0,5,1931,26,1931,90,26,0,0,87,1,0,0,81,0,0,87,2,4,1015,82,18,30,31,0,1,66,0,0,0,0,0,0,0,41,12,52,0,0,1,0,60,0,0,82,2,5,0,0,70,0,1,16,61,93,5,0,73,0,0,100,12,62,84,78,3,3,3,3,0,21,73,5,15,15,9,0,20,0,3,3,20,5,13,11,90,0,75,60,1023,35,4,-30,0,0,245
45,5,5,5,5,16,Ryan,Wetnight,466,87,0,69,14,75,0,7,1932,20,1932,72,28,0,0,84,1,0,0,77,0,0,72,0,33,1009,79,21,56,59,0,8,62,0,2,0,0,0,0,0,200,45,66,0,0,1,0,60,0,0,83,1,3,69,3,25,0,15,17,51,69,7,0,55,0,0,100,15,69,78,69,2,2,2,2,3,24,52,15,25,20,10,5,30,0,4,4,30,8,26,11,466,0,74,78,1023,15,4,-30,0,0,56
4,6,6,6,6,15,Tyrone,Wheatley,1063,86,0,0,14,92,0,5,1933,23,1933,88,27,0,0,90,1,0,0,76,0,0,83,2,17,15,88,35,38,40,0,8,87,0,0,0,0,0,0,0,117,12,0,0,0,6,0,60,0,0,47,2,6,0,3,70,0,1,16,66,61,5,0,83,0,0,87,15,70,81,58,3,3,3,3,3,25,51,5,20,15,12,0,30,0,1,1,25,4,19,14,1063,0,72,75,1023,20,0,-30,0,0,99
45,5,6,5,6,27,Kenny,Wheaton,0,87,0,0,21,93,0,7,1934,1009,1934,86,24,0,0,80,0,2,0,55,0,0,78,2,29,1015,88,67,13,17,0,8,31,0,0,0,2,9,2,9,160,45,47,0,0,0,0,43,0,0,30,2,0,0,2,74,0,4,20,29,92,3,0,46,0,1,82,13,54,60,40,0,2,0,2,5,17,88,6,19,15,7,19,39,0,18,16,63,4,11,5,271,0,70,39,1023,26,2,-19,0,0,204
45,6,6,6,6,8,Mark,Wheeler,0,68,0,0,8,60,0,5,1935,1009,1935,56,29,0,0,86,1,0,0,28,0,0,52,0,33,21,82,82,24,25,0,3,41,0,0,0,0,0,0,0,215,40,0,0,0,0,0,60,0,0,97,2,0,0,0,25,0,3,14,49,54,8,0,32,0,0,75,11,88,75,66,3,3,3,3,7,34,45,24,25,23,11,24,30,0,12,12,30,5,27,23,200,0,75,125,1023,0,0,-30,0,0,152
45,0,0,0,0,79,Craig,Whelihan,0,88,0,12,11,59,0,7,1936,1009,1936,58,28,0,0,79,1,0,0,23,0,0,57,0,33,7,84,19,18,23,0,1,57,0,2,0,0,0,0,0,265,45,0,0,0,0,0,60,0,0,10,0,0,12,2,0,0,6,81,46,54,5,0,63,0,0,34,14,59,69,68,2,2,2,2,5,20,90,5,10,15,11,0,20,0,0,0,20,5,7,12,139,0,77,60,1023,0,0,-30,0,0,327
45,6,6,6,6,15,Larry,Whigham,261,87,0,20,14,85,0,5,1937,22,1937,84,26,0,0,88,1,0,0,53,0,0,83,2,33,1009,83,68,22,26,0,8,29,0,0,0,0,0,0,0,229,45,0,0,0,2,0,60,0,0,25,2,3,20,2,50,0,4,15,31,84,6,0,30,0,0,43,15,63,72,62,3,3,3,3,4,22,80,5,20,15,7,5,20,0,17,18,15,3,13,5,158,0,74,45,1023,15,4,-30,0,0,103
45,1,5,1,5,29,Chris,White,95,78,0,20,27,60,0,0,1938,14,1938,52,22,0,0,88,0,0,0,26,0,0,68,3,16,1009,73,74,21,24,0,3,35,0,0,0,0,8,0,8,193,45,100,0,2,1,0,45,0,0,96,2,1,20,2,81,0,7,29,26,65,1,0,21,0,1,97,20,81,65,56,0,3,0,3,6,30,30,15,19,34,7,25,23,0,10,10,4,5,26,30,172,0,75,124,1023,0,0,-19,0,0,204
45,3,2,3,2,15,Steve,White,484,75,0,68,18,72,0,4,1939,6,1939,65,26,0,0,72,1,0,0,58,0,0,66,2,7,1009,78,67,15,18,0,2,25,0,0,0,4,4,4,4,211,45,0,0,0,2,0,1,0,0,94,2,4,68,2,65,0,7,18,41,62,4,0,22,2,1,86,19,82,71,64,2,0,2,0,3,31,52,17,17,48,8,18,19,0,10,10,47,6,23,23,484,0,74,110,1023,0,2,-19,0,0,204
45,6,6,6,6,9,Willie,Whitehead,2250,65,0,1400,10,65,0,5,1940,27,1940,58,26,0,0,87,1,0,0,25,0,0,54,0,8,4,81,74,31,35,0,3,36,0,0,0,0,0,0,0,14,45,0,0,0,7,0,60,0,0,98,2,7,1400,0,0,0,15,14,56,52,1,0,31,0,0,100,11,82,67,58,3,3,3,3,22,31,32,31,25,30,8,23,30,0,10,10,25,41,39,24,2250,0,75,140,1023,0,0,-30,0,0,307
45,5,5,5,5,15,Bob,Whitfield,2129,60,0,297,12,65,0,7,1941,14,1941,42,27,0,0,87,1,0,0,14,0,0,45,2,8,1015,82,32,95,91,0,3,27,0,2,0,0,0,0,0,200,26,53,0,0,2,0,60,0,0,70,1,5,297,3,0,0,1,17,72,27,8,0,25,0,0,87,14,92,89,88,2,2,2,2,9,36,40,21,25,23,10,19,30,0,5,5,35,6,39,27,1161,0,77,150,1023,0,7,-30,0,0,210
45,4,6,4,6,21,Brandon,Whiting,1390,76,0,272,20,73,0,5,1942,13,1942,69,24,0,0,85,0,0,0,38,0,0,67,3,16,1015,82,72,22,34,1,12,13,0,0,0,0,6,0,6,28,45,0,0,0,3,3,11,0,0,98,2,4,272,3,69,0,3,16,57,56,2,0,30,0,1,68,27,88,78,64,2,2,2,2,8,34,30,16,25,21,10,16,1,1,10,12,81,8,25,30,1390,0,75,125,1023,6,1,-19,0,0,204
45,6,4,6,4,32,Alvis,Whitted,739,89,0,116,18,94,0,7,1943,17,1943,88,22,0,0,88,0,0,0,75,0,0,90,0,33,1009,87,17,31,37,0,8,66,0,0,0,8,1,8,1,138,45,11,0,0,3,0,31,0,0,86,2,4,116,2,61,0,8,27,32,80,2,0,80,0,1,100,33,51,80,84,1,0,1,0,3,16,91,27,37,26,7,33,40,0,3,3,72,1,9,4,739,0,72,25,1023,4,1,-19,0,0,150
45,6,6,6,6,12,Bernard,Whittington,343,65,0,28,11,65,0,5,1944,10,1944,62,27,0,0,84,1,0,0,29,0,0,58,1,33,1009,78,74,27,31,0,3,32,0,0,0,0,0,0,0,86,45,0,0,0,2,0,60,0,0,95,2,3,28,2,25,0,15,15,47,55,6,0,27,0,0,69,12,79,72,72,3,3,3,3,6,30,54,25,25,30,10,15,30,0,12,10,25,5,25,24,208,0,78,109,1023,0,4,-30,0,0,90
45,1,3,1,3,39,Jason,Whittle,330,83,0,60,14,75,0,7,1945,16,1945,62,24,0,0,86,0,0,0,22,0,0,64,0,4,1015,81,25,79,87,2,3,36,0,2,0,0,0,0,0,203,45,58,0,0,2,0,40,0,0,66,0,3,60,3,85,0,7,25,58,35,2,0,24,0,1,50,18,89,81,68,2,2,2,2,4,34,42,19,36,21,8,25,15,0,6,6,77,8,37,25,330,0,76,145,1023,3,1,-19,0,0,150
26,5,5,5,5,19,Dave,Widell,0,79,0,231,16,63,0,7,1946,1009,1946,52,33,0,0,85,2,0,0,18,0,0,53,0,33,13,77,31,94,91,0,3,26,0,2,0,0,0,0,0,20,45,55,0,0,0,0,60,0,0,79,1,0,231,3,0,0,4,21,67,31,12,0,29,0,0,81,18,89,92,95,2,2,2,2,4,34,30,24,25,34,11,16,25,0,7,7,10,6,25,26,921,0,79,143,1023,0,0,-30,0,0,34
45,5,5,5,5,20,Doug,Widell,0,85,0,309,17,65,0,7,1947,1009,1947,48,33,0,0,85,2,0,0,20,0,0,52,0,33,9,80,30,99,91,0,3,25,0,2,0,0,0,0,0,20,26,0,0,0,0,0,60,0,0,64,1,0,309,3,0,0,2,22,87,33,11,0,31,0,0,51,19,90,95,99,2,2,2,2,3,35,48,22,25,31,11,18,30,0,6,6,25,10,42,23,1500,0,76,129,1023,0,1,-30,0,0,81
45,5,5,5,5,13,Corey,Widmer,0,79,0,0,11,75,0,7,1948,1009,1948,68,30,0,0,91,1,0,0,29,0,0,70,0,33,1015,86,78,31,35,0,3,27,0,2,0,2,2,2,2,125,45,0,0,0,0,0,60,0,0,90,2,0,0,2,25,0,7,17,41,64,8,0,24,0,0,65,14,76,68,66,2,2,2,2,5,28,39,15,25,20,13,5,30,0,14,14,25,2,36,24,227,0,75,96,1023,0,7,-30,0,0,57
45,5,5,5,5,18,Zach,Wiegert,1000,67,0,400,15,65,0,7,1949,17,1949,45,26,0,0,85,1,0,0,17,0,0,50,0,33,23,80,30,84,86,0,3,25,0,2,0,0,0,0,0,142,45,31,0,0,4,0,60,0,0,77,0,4,400,0,0,0,2,20,52,30,5,0,28,0,0,79,17,90,77,67,2,2,2,2,9,35,45,16,25,23,9,16,30,0,8,6,25,10,40,29,1000,0,77,149,1023,0,0,-30,0,0,250
45,6,2,6,2,29,Jermaine,Wiggins,0,96,0,0,23,84,0,5,1950,22,1950,79,25,0,0,95,0,0,0,75,0,0,81,3,14,1015,76,34,59,59,0,6,59,6,0,0,0,0,0,0,70,45,100,0,0,0,0,27,0,0,85,2,0,0,0,91,0,5,28,0,76,0,0,65,0,1,95,30,64,79,64,0,1,0,1,4,22,42,24,22,22,9,23,23,0,4,4,73,8,26,28,0,0,74,112,1023,7,31,-19,0,0,204
45,4,5,4,5,23,Chuck,Wiley,142,83,0,19,11,70,0,4,1951,14,1951,66,24,0,0,65,0,0,0,39,0,0,74,3,14,1015,65,72,38,12,0,10,13,0,0,0,0,0,0,0,106,14,14,0,0,1,3,26,0,0,99,2,1,19,2,77,0,2,38,43,65,2,0,39,0,1,48,26,78,73,59,4,4,4,4,7,29,44,34,46,34,10,35,24,2,11,11,17,8,33,24,142,1,77,115,1023,5,1,-19,0,0,204
45,4,6,4,6,22,Marcellus,Wiley,2851,74,0,576,29,77,0,5,1952,3,1952,75,23,0,0,89,0,0,0,45,0,0,76,2,19,1015,67,76,24,33,0,3,38,0,0,0,0,9,0,9,43,45,0,0,0,2,0,32,0,0,75,2,4,576,3,74,0,2,27,54,61,3,0,19,0,1,100,29,79,85,77,0,0,0,0,5,30,50,30,24,23,13,46,20,0,11,11,64,9,29,24,2851,0,76,115,1023,8,2,-19,0,0,204
45,6,6,6,6,15,Terrence,Wilkins,150,91,0,0,15,98,0,5,1953,10,1953,91,24,0,0,71,1,0,0,78,0,0,97,1,63,4,76,15,17,18,0,1,58,0,0,0,0,0,0,0,240,45,0,0,0,3,0,60,0,0,80,2,3,0,0,0,0,15,16,49,80,6,0,60,0,0,100,16,46,78,60,3,3,3,3,5,13,81,5,15,15,10,0,20,0,3,3,20,4,5,8,150,0,70,20,1023,90,0,-30,0,0,232
45,5,5,5,5,20,Bruce,Wilkerson,0,64,0,70,17,56,0,7,1954,1009,1954,47,34,0,0,86,2,0,0,19,0,0,50,2,33,19,75,31,92,91,0,3,26,0,2,0,0,0,0,0,211,26,0,0,0,0,0,60,0,0,64,1,0,70,3,0,0,2,22,66,32,13,0,30,0,0,94,19,89,86,87,2,2,2,2,4,34,43,18,25,23,12,15,30,0,5,5,35,9,25,25,308,0,77,135,1023,0,1,-30,0,0,14
45,6,6,6,6,8,Gabe,Wilkins,1244,60,0,270,9,79,0,5,1955,1014,1955,74,27,0,0,86,1,0,0,52,0,0,69,2,33,1009,82,71,35,39,0,3,40,0,0,0,0,0,0,0,265,40,24,0,0,2,0,60,0,0,98,2,3,270,3,50,0,4,14,62,88,6,0,45,0,0,99,11,88,85,83,3,3,3,3,6,34,36,25,25,21,12,22,30,0,11,10,30,4,35,26,1244,0,77,144,1023,0,1,-30,0,0,14
45,0,0,0,0,21,Jeff,Wilkins,564,85,0,21,97,55,0,7,1956,24,1956,54,27,0,0,70,1,0,0,11,0,0,53,1,33,1009,75,20,17,18,0,0,10,0,2,0,0,0,0,0,262,45,48,0,0,1,0,60,0,0,14,1,3,21,1,0,0,15,27,70,52,6,0,15,0,0,92,91,46,99,99,2,2,2,2,3,13,78,5,15,15,11,5,15,0,19,19,15,0,6,8,163,0,74,45,1023,0,2,-30,0,0,286
40,6,6,6,6,8,Dan,Wilkinson,1238,70,0,210,8,70,0,5,1957,26,1957,56,26,0,0,93,1,0,0,48,0,0,76,2,1,1009,89,87,40,41,0,3,41,0,0,0,0,0,0,0,156,12,54,0,0,4,0,60,0,0,95,2,5,210,3,65,0,1,14,62,57,6,0,32,0,0,100,11,95,86,64,3,3,3,3,10,38,37,25,25,20,12,17,30,0,12,12,30,22,25,27,1238,0,76,159,1023,0,1,-30,0,0,204
45,6,6,6,6,12,Alfred,Willams,990,70,0,168,12,79,0,5,1958,1014,1958,67,30,0,0,82,2,0,0,34,0,0,68,2,18,1009,76,79,24,28,0,3,28,0,0,0,0,0,0,0,41,4,0,0,0,1,0,60,0,0,91,2,4,168,3,50,0,1,17,64,60,9,0,25,0,0,100,14,77,84,89,3,3,3,3,4,28,50,25,25,30,10,15,30,0,11,11,25,2,26,21,990,0,78,100,1023,0,3,-30,0,0,376
13,6,6,6,6,16,Aeneas,Williams,3568,99,0,717,11,95,0,5,1959,7,1959,92,31,0,0,86,2,0,0,83,0,0,92,1,33,1015,81,59,19,22,0,7,35,0,0,0,0,0,0,0,193,38,33,0,0,4,0,60,0,1,35,0,4,717,3,25,0,3,17,97,92,9,0,60,0,0,91,13,61,98,99,3,3,3,3,3,20,74,5,15,15,11,0,20,0,16,16,20,5,13,10,2433,0,71,42,1023,35,8,-30,0,0,354
24,5,5,5,5,18,Brian,Williams,300,69,0,200,15,60,0,7,1960,1014,1960,50,32,0,0,84,2,0,0,17,0,0,48,0,18,15,79,30,88,94,0,3,25,0,2,0,0,0,0,0,120,45,0,0,0,1,0,60,0,0,59,0,1,200,0,0,0,1,20,80,30,11,0,28,0,0,16,17,89,88,86,2,2,2,2,9,34,41,16,25,20,7,17,25,0,7,7,10,4,24,27,300,0,77,145,1023,0,1,-30,0,0,109
45,5,5,5,5,12,Brian,Williams,381,95,0,90,11,80,0,7,1961,20,1961,74,26,0,0,90,1,0,0,35,0,0,73,2,33,1015,85,85,28,29,0,3,31,0,2,0,0,0,0,0,231,45,79,0,0,2,0,60,0,0,51,1,2,90,3,50,0,3,18,75,70,5,0,33,0,0,100,16,75,81,84,2,2,2,2,1,28,59,15,25,20,12,10,30,0,15,15,20,8,32,10,519,0,73,80,1023,0,4,-30,0,0,17
45,6,6,6,6,17,Calvin,Williams,0,92,0,0,11,90,0,5,1962,1009,1962,89,32,0,0,79,2,0,0,80,0,0,89,2,33,12,74,20,23,24,0,1,58,0,0,0,0,0,0,0,169,45,0,0,0,0,0,60,0,0,89,2,0,0,0,50,0,5,18,61,81,10,0,69,0,0,47,13,54,80,79,3,3,3,3,5,17,98,5,15,15,13,0,20,0,3,3,20,3,9,1,0,0,71,27,1023,20,2,-30,0,0,143
45,6,6,6,6,15,Charlie,Williams,251,88,0,30,14,87,0,5,1963,11,1963,84,27,0,0,85,1,0,0,53,0,0,83,2,33,1015,80,62,23,24,0,8,27,0,0,0,0,0,0,0,21,45,0,0,0,2,0,60,0,0,25,1,2,30,2,25,0,3,15,36,82,5,0,30,0,0,82,15,60,68,61,3,3,3,3,5,20,73,5,20,15,8,5,20,0,16,17,15,2,6,8,251,0,72,44,1023,15,4,-30,0,0,245
4,6,6,6,6,12,Dan,Williams,642,65,0,80,10,64,0,5,1964,9,1964,62,29,0,0,93,1,0,0,29,0,0,58,2,11,1009,87,80,37,41,0,3,42,0,0,0,0,0,0,0,218,40,0,0,0,2,0,60,0,0,92,1,4,80,3,50,0,1,15,59,55,7,0,37,0,0,100,11,89,82,99,3,3,3,3,10,34,38,16,25,24,9,25,30,0,10,10,25,9,26,28,642,0,76,130,1023,0,2,-30,0,0,188
45,6,6,6,6,15,Darryl,Williams,849,89,0,156,15,86,0,5,1965,2,1965,83,29,0,0,90,1,0,0,61,0,0,85,2,28,1009,85,72,22,26,0,8,35,0,0,0,0,0,0,0,115,4,34,0,0,1,0,60,0,0,31,1,4,156,3,65,0,1,16,48,89,8,0,32,0,0,100,16,65,81,74,3,3,3,3,4,22,89,5,20,15,13,5,20,0,18,17,15,2,4,10,849,0,72,36,1023,15,3,-30,0,0,238
45,5,5,5,5,14,David,Williams,0,60,0,84,11,50,0,7,1966,1009,1966,41,32,0,0,86,2,0,0,13,0,0,43,0,23,17,81,31,89,85,0,3,26,0,2,0,0,0,0,0,62,4,0,0,0,0,0,60,0,0,73,1,0,84,3,0,0,1,16,53,26,11,0,24,0,0,87,13,91,79,77,2,2,2,2,10,36,31,18,25,21,8,25,30,0,5,5,35,9,24,23,504,0,77,134,1023,0,1,-30,0,0,12
45,0,4,0,4,28,Elijah,Williams,253,90,0,33,9,80,1,5,1967,14,1967,82,23,0,0,87,0,0,0,62,0,0,76,3,26,1015,87,58,22,21,0,8,22,0,0,0,0,9,0,9,62,45,0,0,0,3,0,37,0,0,21,2,3,33,2,66,0,5,39,36,80,2,0,56,0,1,75,12,55,70,72,0,3,0,3,4,18,85,19,31,37,11,20,39,3,18,18,44,1,0,9,253,0,70,20,1023,8,1,-19,0,0,204
45,5,5,5,5,13,Erik,Williams,4096,55,0,1155,10,60,0,7,1968,11,1968,40,30,0,0,90,2,0,0,12,0,0,42,2,33,1015,85,36,87,94,0,3,31,0,2,0,0,0,0,0,34,24,68,0,0,2,0,60,0,0,79,0,5,1155,3,0,0,3,15,61,25,9,0,23,0,0,74,12,89,85,90,2,2,2,2,14,34,36,22,25,20,11,24,30,0,9,9,35,23,26,24,4096,0,78,164,1023,0,8,-30,0,0,84
45,5,5,5,5,13,Gene,Williams,218,63,0,54,10,50,0,7,1969,1014,1969,41,30,0,0,86,2,0,0,12,0,0,42,1,33,1009,81,30,84,89,0,3,25,0,2,0,0,0,0,0,90,45,61,0,0,1,0,60,0,0,69,0,2,54,3,0,0,5,15,53,25,9,0,23,0,0,80,12,91,79,78,2,2,2,2,41,36,14,26,25,44,12,34,30,0,8,8,25,36,41,27,297,0,74,150,1023,0,4,-30,0,0,121
45,6,6,6,6,8,George,Williams,150,55,0,0,8,60,0,5,1970,16,1970,54,24,0,0,88,1,0,0,16,0,0,59,0,63,4,84,81,34,35,0,3,29,0,0,0,0,0,0,0,138,40,0,0,0,2,0,60,0,0,96,1,3,0,0,0,0,15,13,57,42,2,0,20,0,0,0,10,90,72,64,3,3,3,3,6,35,34,18,25,20,9,15,30,0,10,12,30,10,42,22,150,0,75,134,1023,0,0,-30,0,0,169
45,3,4,3,4,21,Grant,Williams,200,82,0,0,29,66,0,7,1971,22,1971,56,25,0,0,84,0,0,0,35,0,0,59,0,63,1015,84,12,87,79,1,3,26,0,2,0,0,2,0,2,101,45,100,0,0,1,0,46,0,0,76,2,4,0,0,85,0,15,20,0,22,4,0,12,0,1,100,23,81,72,64,0,0,0,0,11,30,41,20,20,29,10,17,17,0,9,8,79,28,29,28,200,0,79,160,1023,8,31,-19,0,0,150
45,6,6,6,6,16,Harvey,Williams,0,82,0,174,15,85,0,5,1972,1009,1972,82,32,0,0,87,2,0,0,79,0,0,83,2,21,22,77,32,45,46,0,8,82,0,0,0,0,0,0,0,106,45,56,0,0,0,0,60,0,0,22,2,0,174,3,65,0,1,17,67,64,9,0,83,0,0,60,16,67,81,79,3,3,3,3,5,24,67,5,20,15,8,0,30,0,1,1,25,8,30,10,906,0,74,66,1023,55,0,-30,0,0,22
45,5,3,5,3,26,Jamal,Williams,1702,76,0,329,18,73,2,7,1973,8,1973,50,23,0,0,86,0,0,0,21,0,0,70,3,20,1015,78,74,22,28,0,3,12,0,0,0,0,9,0,9,158,40,20,0,0,6,0,15,0,0,76,2,7,329,3,81,0,5,13,64,42,2,0,12,0,1,60,25,96,81,69,2,0,2,0,53,38,12,30,26,49,11,43,13,0,12,12,41,48,41,28,1702,0,75,188,1023,4,1,-19,0,0,204
45,0,7,0,7,27,Jamel,Williams,0,93,0,0,13,88,0,0,1974,1009,1974,83,23,0,0,63,0,0,0,66,0,0,82,3,14,1015,99,51,17,14,0,8,27,0,0,0,0,8,0,8,142,45,0,2,2,0,3,45,0,0,22,2,0,0,2,79,0,6,36,38,77,3,0,51,0,1,100,29,52,73,67,0,2,0,2,0,16,71,6,27,27,7,4,10,0,17,17,22,1,10,7,89,0,72,45,1023,0,2,-19,0,0,204
2,5,5,5,5,8,James,Williams,2033,50,0,369,5,55,0,7,1975,1,1975,35,31,0,0,91,2,0,0,7,0,0,38,2,33,1009,86,36,89,97,0,3,31,0,2,0,0,0,0,0,265,24,48,0,0,4,0,60,0,0,71,0,4,369,3,0,0,15,10,75,80,9,0,18,0,0,81,7,96,88,87,2,2,2,2,12,38,24,23,25,32,13,16,30,0,9,9,35,23,42,26,1386,0,79,175,1023,0,8,-30,0,0,88
45,5,5,5,5,10,James,Williams,200,83,0,100,9,72,0,7,1976,1014,1976,69,31,0,0,91,2,0,0,33,0,0,69,2,33,14,83,81,29,30,0,3,32,0,2,0,0,0,0,0,121,45,2,0,0,1,0,60,0,0,90,2,1,100,2,25,0,6,16,41,67,10,0,31,0,0,100,14,76,74,76,2,2,2,2,7,28,56,15,25,20,12,10,30,0,14,13,20,4,36,24,200,0,72,86,1023,0,0,-30,0,0,19
45,6,6,6,6,14,James,Williams,0,87,0,57,11,86,0,5,1977,1009,1977,84,32,0,0,87,2,0,0,58,0,0,84,2,16,14,79,64,23,24,0,7,28,0,0,0,0,0,0,0,66,45,0,0,0,0,0,60,0,0,27,1,0,57,3,50,0,1,16,39,81,10,0,28,0,0,100,12,59,73,72,3,3,3,3,3,20,90,5,15,15,7,0,20,0,16,16,20,2,11,10,516,0,71,30,1023,20,2,-30,0,0,253
45,6,6,6,6,9,Jay,Williams,250,65,0,0,9,65,0,5,1978,21,1978,59,29,0,0,88,1,0,0,27,0,0,61,2,33,23,82,77,32,36,0,3,36,0,0,0,0,0,0,0,249,45,0,0,0,1,0,60,0,0,96,2,5,0,0,25,0,15,14,44,54,5,0,33,0,0,55,11,83,71,58,3,3,3,3,3,32,50,25,25,30,7,15,30,0,10,11,25,9,23,22,250,0,75,115,1023,0,1,-30,0,0,75
45,5,5,5,5,10,K.D.,Williams,24,78,0,0,9,82,0,7,1979,20,1979,78,26,0,0,89,2,0,0,52,0,0,77,0,63,1009,81,76,28,29,0,3,31,0,2,0,0,0,0,0,77,45,0,0,0,1,0,60,0,0,50,2,1,0,0,0,0,15,16,50,66,1,0,30,0,0,99,14,74,78,75,2,2,2,2,1,27,77,15,25,20,10,10,30,0,13,15,20,2,34,11,24,0,72,80,1023,0,4,-30,0,0,109
36,6,6,6,6,14,Karl,Williams,100,87,0,0,16,97,0,5,1980,6,1980,94,28,0,0,79,1,0,0,72,0,0,95,2,63,1009,74,33,24,26,0,1,67,0,0,0,0,0,0,0,206,11,31,0,0,1,0,60,0,0,86,2,3,0,0,0,0,15,16,57,82,5,0,66,0,0,100,17,54,79,71,3,3,3,3,0,17,98,5,15,15,12,0,20,0,3,3,20,2,4,6,100,0,71,17,1023,55,4,-30,0,0,240
36,6,6,6,6,11,Kevin,Williams,510,95,0,84,16,95,0,5,1981,15,1981,92,28,0,0,78,1,0,0,75,0,0,91,2,33,1009,73,22,22,23,0,1,61,0,0,0,0,0,0,0,115,11,50,0,0,1,0,60,0,0,82,2,2,84,3,70,0,2,13,56,81,7,0,69,0,0,100,17,53,81,84,3,3,3,3,2,16,92,5,15,15,12,0,20,0,3,3,20,0,11,7,510,0,69,35,1023,90,1,-30,0,0,134
45,4,3,4,3,29,Kevin,Williams,475,80,0,72,16,88,0,0,1982,18,1982,88,22,0,1,82,0,0,0,64,0,0,84,3,15,1015,85,61,10,11,0,8,59,0,0,0,1,0,1,0,158,45,0,0,0,3,3,40,0,0,23,0,4,72,2,70,0,3,12,36,80,2,0,53,0,1,99,13,54,73,59,0,0,0,0,5,17,73,7,25,39,12,18,27,0,17,17,65,4,6,9,475,0,72,32,1023,2,1,-19,0,0,204
45,5,5,5,5,11,Mark,Williams,0,82,0,0,10,75,0,7,1983,1009,1983,72,27,0,0,90,1,0,0,33,0,0,75,2,33,16,85,77,28,29,0,3,31,0,2,0,0,0,0,0,156,45,0,0,0,0,0,60,0,0,51,2,0,0,0,25,0,15,16,43,68,6,0,31,0,0,78,14,75,69,65,2,2,2,2,6,28,52,15,25,20,10,10,30,0,13,13,20,0,41,21,0,0,75,82,1023,0,3,-30,0,0,23
45,0,0,0,0,26,Moe,Williams,121,85,0,81,27,90,0,5,1984,31,1984,87,25,0,0,99,1,1,1,75,0,0,88,3,13,1015,83,25,25,23,0,1,72,0,0,0,0,0,0,0,156,45,0,0,0,1,0,5,0,0,21,2,1,81,3,81,0,3,37,57,70,4,0,88,0,1,93,6,73,78,64,2,0,2,0,2,26,67,8,40,22,13,22,37,0,1,1,55,4,6,10,476,1,73,45,1023,55,3,-19,0,0,204
45,2,7,2,7,29,Pat,Williams,2660,82,0,228,28,64,0,5,1985,3,1985,58,27,0,0,84,1,1,0,47,0,0,59,3,19,1015,74,80,26,30,0,3,21,0,0,0,0,4,0,4,215,40,0,0,0,6,0,30,0,0,93,2,6,228,3,71,0,7,11,67,69,3,0,27,0,1,100,19,98,85,76,3,0,3,0,40,39,30,34,26,36,9,23,25,0,12,12,107,34,33,27,1209,0,75,157,1023,2,2,-19,0,0,204
45,7,7,7,7,21,Ricky,Williams,4212,78,0,826,20,91,0,4,1986,27,1986,86,24,0,0,87,0,0,0,69,0,0,89,3,7,1015,81,29,30,30,0,2,86,0,0,0,0,7,0,7,214,12,100,3,3,7,0,31,0,0,34,2,7,826,3,82,0,1,36,79,79,1,0,85,0,1,53,17,66,85,79,0,0,0,0,0,23,73,33,23,25,11,7,3,0,1,1,47,10,29,12,4212,1,70,70,1023,69,0,-19,0,0,204
45,7,4,7,4,25,Robert,Williams,0,88,0,0,22,81,0,5,1987,1009,1987,84,22,0,0,88,0,2,0,64,0,0,86,3,33,1015,90,82,19,17,0,8,21,0,0,0,0,0,0,0,135,45,0,0,0,0,0,40,0,0,29,2,0,0,0,3,0,8,10,25,82,2,0,53,0,1,99,25,51,77,64,0,0,0,0,0,16,86,8,26,30,8,9,18,1,17,17,28,5,8,3,100,0,70,22,1023,6,0,-19,0,0,204
45,4,1,4,1,29,Roland,Williams,574,89,0,93,27,89,0,5,1988,24,1988,80,22,0,0,87,0,0,0,75,0,0,81,3,11,1015,86,36,51,56,0,8,75,0,0,0,0,0,0,0,205,45,0,0,0,2,0,42,0,0,86,1,3,93,3,74,0,5,29,54,72,2,0,62,0,1,92,39,78,82,61,0,0,0,0,3,29,47,56,22,47,12,21,25,2,4,4,75,4,37,28,574,0,77,105,1023,8,1,-19,0,0,204
45,3,5,3,5,19,Sammy,Williams,100,74,0,0,13,71,0,7,1989,25,1989,54,23,0,0,95,0,0,0,29,0,0,57,0,6,24,69,14,81,86,0,3,24,0,2,0,0,2,0,2,157,45,0,1,1,1,0,14,0,0,72,0,1,0,2,75,0,4,12,42,24,2,0,23,6,1,65,34,78,74,62,2,2,2,2,4,29,33,18,4,33,11,18,20,0,8,5,106,6,29,25,100,0,77,150,1023,0,0,-19,0,0,150
45,4,6,4,6,25,Shaun,Williams,337,93,0,48,11,88,0,2,1990,16,1990,83,24,0,0,84,0,1,0,62,0,0,88,1,4,1015,75,80,24,16,0,7,27,0,0,0,0,8,0,8,226,12,0,0,0,1,0,76,0,0,36,2,2,48,2,71,0,1,26,63,81,2,0,55,0,1,48,28,48,69,45,0,3,0,3,3,14,77,0,3,32,12,6,39,0,17,17,20,0,13,5,337,0,74,58,1023,8,1,-19,0,0,58
45,6,6,6,6,16,Sherman,Williams,0,93,0,0,15,92,0,5,1991,1009,1991,90,25,0,0,82,1,0,0,59,0,0,88,2,33,1015,80,27,32,33,0,8,70,0,0,0,0,0,0,0,3,23,0,0,0,0,0,60,0,0,20,1,0,0,3,50,0,2,18,48,64,5,0,70,0,0,85,17,62,74,69,3,3,3,3,3,21,74,5,20,15,11,0,30,0,1,1,25,0,9,5,393,0,68,38,1023,60,4,-30,0,0,102
14,3,4,3,4,26,Stepfret,Williams,0,87,0,0,22,84,1,3,1992,1009,1992,86,26,0,1,27,0,0,0,70,0,0,85,2,28,1,20,12,21,22,0,7,54,0,0,0,0,7,0,7,101,45,23,0,0,0,0,0,0,0,87,2,0,0,2,78,0,5,26,45,85,4,0,49,0,1,90,22,55,78,99,2,0,2,0,4,18,87,6,11,30,13,4,10,0,3,3,24,2,10,0,50,0,72,10,1023,6,0,-19,0,0,195
45,6,5,6,5,15,Tony,Williams,568,78,0,114,23,71,0,0,1993,31,1993,70,26,0,0,86,0,2,0,27,0,0,58,1,24,1015,74,84,24,24,1,3,12,0,0,0,0,4,0,4,114,40,0,0,0,2,0,26,0,0,94,2,2,114,3,98,0,5,22,56,64,3,0,18,0,1,93,10,88,80,61,3,2,3,2,6,34,33,15,20,26,9,15,26,0,12,12,50,20,41,25,568,1,74,136,1023,1,2,-19,0,0,58
45,2,2,2,2,14,Tyrone,Williams,263,99,0,291,24,96,0,7,1994,20,1994,92,26,0,0,88,1,0,0,58,0,0,93,2,20,1015,93,70,15,24,0,0,32,0,0,0,0,0,0,0,142,30,45,0,0,1,0,47,0,0,37,0,1,291,3,77,0,3,21,75,91,4,0,43,0,1,100,1,65,85,79,2,1,2,1,0,22,88,5,10,36,13,5,10,0,16,16,34,1,10,11,1389,0,71,33,1023,0,3,-19,0,0,204
45,5,5,5,5,19,Wally,Williams,594,77,0,75,16,60,0,7,1995,27,1995,47,28,0,0,85,1,0,0,18,0,0,48,1,33,1009,80,30,83,87,0,3,25,0,2,0,0,0,0,0,63,45,60,0,0,4,0,60,0,0,63,0,4,75,3,0,0,15,21,54,31,7,0,29,0,0,50,18,90,79,74,2,2,2,2,24,35,17,21,25,41,9,32,30,0,6,6,25,29,33,24,405,0,74,145,1023,0,0,-30,0,0,499
45,6,6,6,6,13,Willie,Williams,2107,99,0,400,16,92,0,5,1996,28,1996,91,28,0,0,81,1,0,0,62,0,0,89,2,33,1009,76,62,18,22,0,7,32,0,0,0,0,0,0,0,243,38,42,0,0,3,0,60,0,0,27,0,5,400,3,50,0,6,13,70,88,7,0,32,0,0,81,18,56,85,87,3,3,3,3,4,18,82,5,15,15,12,0,20,0,16,16,20,0,8,5,2107,0,69,34,1023,20,2,-30,0,0,101
45,5,5,5,5,13,James,Willis,0,83,0,0,12,80,0,7,1997,1009,1997,75,26,0,0,89,1,0,0,52,0,0,75,2,33,12,84,77,26,27,0,3,29,0,2,0,0,0,0,0,14,45,0,0,0,0,0,60,0,0,95,2,0,0,2,25,0,5,18,44,71,7,0,34,0,0,31,16,74,70,68,2,2,2,2,1,27,57,15,25,20,9,10,30,0,14,15,20,4,28,10,400,0,74,77,1023,0,0,-30,0,0,17
45,0,0,0,0,13,Klaus,Wilmsmeyer,0,93,0,0,88,55,0,7,1998,1009,1998,53,31,0,0,70,1,0,0,10,0,0,52,0,33,11,75,29,18,19,0,1,26,0,2,0,0,0,0,0,105,45,49,0,0,0,0,60,0,0,8,1,0,0,1,0,0,12,16,46,35,8,0,19,0,0,42,87,51,85,95,2,2,2,2,3,16,68,10,15,15,12,5,20,0,20,20,15,2,12,11,100,0,74,50,1023,0,0,-30,0,0,246
45,7,6,7,6,35,Al,Wilson,4004,77,0,54,18,83,0,5,1999,4,1999,79,24,1,0,85,0,0,0,57,0,0,71,3,28,1015,85,79,28,16,0,3,33,0,0,0,9,9,9,9,211,12,100,2,2,7,0,54,0,0,56,0,7,54,3,60,0,1,31,54,61,1,0,20,6,1,57,4,77,80,82,0,0,0,0,0,28,55,6,15,34,9,22,0,1,14,14,52,0,28,14,636,2,72,80,1023,3,0,-19,0,0,204
45,6,6,6,6,8,Bernard,Wilson,0,65,0,50,8,55,0,5,2000,1009,2000,51,28,0,0,89,1,0,0,23,0,0,48,2,33,6,85,80,35,36,0,3,36,0,0,0,0,0,0,0,212,40,0,0,0,0,0,60,0,0,94,1,0,50,2,25,0,15,13,36,49,7,0,27,0,0,75,10,91,73,67,3,3,3,3,37,36,27,23,25,39,8,23,30,0,12,12,30,43,42,25,299,0,75,143,1023,0,0,-30,0,0,128
45,6,6,6,6,16,Charles,Wilson,0,89,0,0,17,86,0,5,2001,1009,2001,86,30,0,0,78,2,0,0,76,0,0,85,2,33,17,73,37,26,27,0,1,58,0,0,0,0,0,0,0,114,45,0,0,0,0,0,60,0,0,89,2,0,0,0,30,0,5,16,52,82,10,0,65,0,0,72,18,53,75,75,3,3,3,3,3,16,99,5,15,15,11,0,20,0,3,3,20,5,3,1,24,0,70,25,1023,20,3,-30,0,0,347
45,3,3,3,3,29,Jamie,Wilson,0,80,0,0,35,60,0,5,2002,1009,2002,50,26,0,0,87,0,0,0,21,0,0,61,0,63,2,96,20,75,87,0,12,31,0,0,0,0,0,0,0,110,45,0,0,0,0,4,4,0,0,71,0,0,0,2,80,0,15,15,35,10,1,0,35,0,1,100,27,76,69,61,2,2,2,2,9,28,33,15,16,28,11,16,11,0,8,8,72,10,30,27,25,0,78,140,1023,7,0,-19,0,0,150
45,6,6,6,6,12,Jerry,Wilson,125,89,0,0,12,88,0,5,2003,12,2003,87,25,0,0,83,1,0,0,59,0,0,86,2,33,7,78,59,22,26,0,7,20,0,0,0,0,0,0,0,193,45,0,0,0,2,0,60,0,0,24,1,5,0,0,25,0,4,13,29,84,5,0,25,0,0,72,12,58,70,58,3,3,3,3,5,19,81,5,15,15,7,0,20,0,16,16,20,1,7,10,125,0,71,30,1023,20,4,-30,0,0,188
45,4,1,4,1,26,Reinard,Wilson,1667,99,0,295,27,89,3,7,2004,2,2004,79,27,0,0,83,1,0,1,50,0,0,73,3,13,1015,99,84,23,27,0,3,32,6,0,0,2,0,2,0,64,12,49,0,0,3,0,39,0,0,55,2,5,295,3,98,0,1,19,65,64,3,0,36,0,1,100,23,82,84,77,2,0,2,0,7,31,57,27,2,35,7,8,9,2,15,15,45,5,30,27,1667,0,74,112,1023,5,2,-19,0,0,204
45,2,2,2,2,23,Jason,Wiltz,264,80,0,36,38,82,0,7,2005,18,2005,54,21,0,0,82,0,2,0,13,0,0,58,0,21,1009,97,78,18,30,0,3,25,0,0,0,6,0,6,0,142,45,100,3,0,2,0,19,0,0,91,0,2,36,2,70,0,6,28,48,52,1,0,12,0,1,95,26,82,71,50,3,2,3,2,9,31,34,25,43,35,13,16,27,0,12,12,103,4,34,29,240,0,76,140,1023,5,0,-19,0,0,150
45,5,2,5,2,23,Marcus,Wimberly,0,96,0,26,10,89,0,7,2006,1009,2006,85,24,0,1,86,0,5,0,59,0,0,86,3,25,13,98,73,27,18,0,7,26,0,0,0,0,0,0,0,115,45,51,1,5,0,0,5,0,0,37,2,0,26,2,76,0,5,14,63,81,3,0,46,0,1,82,26,72,82,74,0,1,0,1,5,26,93,3,18,30,11,3,39,1,18,18,16,2,10,7,190,0,71,32,1023,12,0,-19,0,0,204
45,6,7,6,7,27,Antoine,Winfield,3894,74,0,584,36,91,0,5,2007,3,2007,95,22,0,0,75,0,0,1,63,0,0,86,3,23,1015,71,61,23,15,0,7,28,0,0,0,0,2,0,2,156,12,100,0,0,4,0,41,1,0,26,2,4,584,3,0,0,1,10,61,97,1,0,40,0,1,100,11,45,82,74,0,0,0,0,4,12,87,20,8,30,9,8,13,0,16,16,19,5,10,9,3894,0,69,20,1023,22,0,-19,0,0,204
13,5,5,5,5,19,Frank,Winters,1527,83,0,279,16,64,0,7,2008,20,2008,52,35,0,0,88,2,0,0,18,0,0,55,0,33,1009,77,35,99,91,0,3,30,0,2,0,0,0,0,0,244,26,63,0,0,4,0,60,0,0,52,1,4,279,3,0,0,10,21,76,31,13,0,29,0,0,100,18,91,96,98,2,2,2,2,4,36,43,21,25,27,10,24,25,0,7,7,10,4,27,27,1041,0,75,131,1023,0,7,-30,0,0,154
45,2,1,2,1,30,Jerry,Wisne,107,80,0,18,29,70,0,0,2009,1,2009,53,23,0,0,83,0,1,0,39,0,0,43,1,2,1009,77,15,80,81,0,3,24,0,0,0,3,0,3,0,152,45,100,0,0,1,3,38,0,0,79,1,1,18,2,94,0,7,36,45,28,1,0,25,0,1,52,26,91,71,63,2,2,2,2,10,36,29,17,26,24,13,24,32,0,5,6,109,17,42,26,107,0,78,165,1023,1,0,-19,0,0,58
13,5,5,5,5,21,Steve,Wisniewski,2394,77,0,354,19,70,0,7,2010,23,2010,48,32,0,0,87,2,0,0,21,0,0,49,0,33,1009,82,33,96,97,0,3,28,0,2,0,0,0,0,0,164,26,56,0,0,3,0,60,0,0,76,0,4,354,3,0,0,2,23,91,33,11,0,31,0,0,95,21,92,98,98,2,2,2,2,6,36,39,20,25,32,12,25,30,0,6,6,25,6,29,28,1632,0,76,145,1023,0,10,-30,0,0,299
45,0,2,0,2,24,Grant,Wistrom,1694,76,0,235,11,88,0,4,2011,24,2011,69,22,0,0,87,0,0,0,37,0,0,75,2,11,1015,84,64,36,25,0,3,25,0,0,0,0,0,0,0,142,12,36,1,1,4,0,49,0,0,98,2,5,235,3,83,0,1,18,56,69,2,0,30,0,1,77,15,74,76,64,0,0,0,0,6,27,48,60,19,5,11,0,28,0,11,10,67,9,29,22,1694,0,76,112,1023,6,1,-19,0,0,204
45,6,6,6,6,25,Jon,Witman,121,87,0,264,16,74,0,7,2012,29,2012,71,27,0,0,62,1,0,0,67,0,0,73,0,18,1015,85,26,48,75,0,10,75,0,1,0,0,0,0,0,164,6,72,0,0,1,0,3,0,0,38,2,1,264,3,74,0,3,27,69,55,4,0,76,0,1,100,27,77,99,98,2,0,2,0,2,28,54,9,11,22,12,7,26,0,2,2,24,7,29,13,992,0,74,80,1023,3,3,-19,0,0,150
45,5,5,5,5,16,Dave,Wohlabaugh,800,77,0,400,13,55,0,7,2013,5,2013,48,27,0,0,83,1,0,0,15,0,0,45,0,33,21,78,30,82,85,0,3,25,0,2,0,0,0,0,0,205,45,70,0,0,4,0,60,0,0,64,0,4,400,3,0,0,4,18,55,28,5,0,26,0,0,100,15,88,79,83,2,2,2,2,9,34,30,24,25,22,11,17,25,0,7,7,10,7,29,22,800,0,75,136,1023,0,0,-30,0,0,144
45,5,5,5,5,16,Joe,Wolf,0,60,0,0,13,55,0,7,2014,1009,2014,43,32,0,0,85,2,0,0,15,0,0,45,0,17,6,80,30,83,87,0,3,25,0,2,0,0,0,0,0,20,4,0,0,0,0,0,60,0,0,68,0,0,0,0,0,0,1,18,48,28,11,0,26,0,0,1,15,90,75,70,2,2,2,2,7,35,29,25,25,31,11,21,30,0,9,5,35,4,24,30,96,0,78,136,1023,0,1,-30,0,0,169
6,5,5,5,5,19,Will,Wolford,0,69,0,669,16,54,0,7,2015,1009,2015,46,34,0,0,86,2,0,0,18,0,0,50,0,20,28,72,31,99,94,0,3,26,0,2,0,0,0,0,0,238,26,81,0,0,0,0,60,0,0,67,1,0,669,3,0,0,1,21,74,31,14,0,29,0,0,94,18,88,94,99,2,2,2,2,3,34,49,20,25,27,8,24,30,0,6,5,35,4,45,29,2360,0,77,138,1023,0,0,-30,0,0,50
45,5,6,5,6,35,Joe,Wong,0,58,0,0,20,75,0,5,2016,1009,2016,54,23,0,0,80,0,0,0,10,0,0,51,3,6,1015,83,19,64,68,2,3,25,0,0,0,0,0,0,0,26,45,100,0,0,0,0,16,0,0,65,1,0,0,2,68,0,6,15,16,27,1,0,11,0,1,72,36,97,61,60,2,2,2,2,11,38,29,16,11,29,13,18,1,0,9,5,72,19,29,25,70,0,78,155,1023,1,0,-19,0,0,204
45,6,4,6,4,29,Kailee,Wong,845,89,0,24,25,86,0,5,2017,31,2017,81,24,0,0,91,0,0,0,51,0,0,84,2,17,1015,74,71,20,32,0,3,23,0,0,0,8,2,8,2,200,45,31,0,5,3,0,61,0,0,52,0,4,24,2,91,0,2,10,43,63,2,0,29,0,1,76,12,62,71,62,2,0,2,0,5,21,56,3,31,55,13,24,0,0,13,13,22,1,40,20,184,0,74,90,1023,3,1,-19,0,0,204
41,5,5,5,5,14,Lee,Woodall,1733,99,0,468,13,85,0,7,2018,21,2018,80,29,0,0,85,1,0,0,68,0,0,78,2,33,1015,80,91,25,26,0,3,28,0,2,0,0,0,0,0,265,13,54,0,0,1,0,60,0,1,54,0,2,468,3,50,0,6,21,78,76,6,0,46,0,0,90,19,70,95,96,2,2,2,2,1,25,72,15,25,20,13,10,30,0,13,15,20,1,24,12,1733,0,73,64,1023,0,5,-30,0,0,285
45,2,2,2,2,21,Shawn,Wooden,185,99,0,0,18,89,0,5,2019,1,2019,88,24,0,1,82,1,0,0,54,0,0,83,0,11,1015,82,70,22,19,0,8,33,0,2,0,0,0,0,0,152,45,64,1,1,1,0,28,0,0,22,2,1,0,3,90,0,7,18,75,81,4,0,47,0,1,100,15,65,81,79,0,0,0,0,0,22,85,7,13,33,10,8,12,0,18,18,21,4,7,6,185,0,71,45,1023,0,3,-19,0,0,164
45,5,5,5,5,11,Terry,Wooden,0,88,0,0,10,67,0,7,2020,1009,2020,66,32,0,0,91,2,0,0,30,0,0,67,2,33,22,83,92,29,30,0,3,32,0,2,0,0,0,0,0,205,28,62,0,0,0,0,60,0,0,57,1,0,0,0,25,0,2,15,60,64,10,0,28,0,0,78,13,76,78,85,2,2,2,2,1,28,68,15,25,20,8,10,30,0,13,13,20,10,17,10,100,0,75,79,1023,0,0,-30,0,0,291
31,3,4,3,4,25,Jerome,Woods,2123,99,0,390,17,90,0,4,2021,9,2021,87,26,0,0,91,1,0,0,59,0,0,88,3,12,1015,90,87,29,33,0,7,32,0,0,0,0,0,0,0,114,12,49,2,2,2,0,51,0,0,21,1,5,390,3,79,0,1,36,81,85,4,0,41,0,1,84,20,70,90,81,0,0,0,0,1,25,91,7,11,33,13,9,12,0,17,17,23,4,5,10,2123,0,75,45,1023,0,3,-19,0,0,204
45,6,6,6,6,11,Tony,Woods,0,59,0,0,11,62,0,5,2022,1009,2022,63,33,0,0,87,2,0,0,30,0,0,60,2,18,25,72,85,31,35,0,3,36,0,0,0,0,0,0,0,166,45,0,0,0,0,0,60,0,0,98,2,0,0,0,25,0,1,15,70,57,13,0,31,0,0,85,12,73,77,88,3,3,3,3,8,26,46,19,25,35,7,20,30,0,10,10,25,10,22,27,0,0,76,122,1023,0,2,-30,0,0,97
30,7,4,7,4,12,Charles,Woodson,10534,85,0,360,24,99,0,5,2023,23,2023,97,23,0,0,74,0,0,0,67,0,0,98,2,13,1015,83,76,24,17,0,0,25,0,0,0,0,2,0,2,117,12,39,2,4,6,0,38,0,0,24,0,7,360,3,87,0,1,22,70,91,2,0,55,0,1,77,28,58,89,73,4,3,4,3,2,19,74,27,27,45,8,10,1,0,16,16,38,4,12,9,1560,1,74,42,1023,14,1,-19,0,0,204
45,6,6,6,6,15,Darren,Woodson,2510,93,0,385,15,87,0,5,2024,11,2024,84,30,0,0,97,1,0,0,69,0,0,90,2,33,1015,92,80,23,24,0,8,29,0,0,0,0,0,0,0,9,13,39,0,0,4,0,60,0,1,28,1,7,385,3,60,0,2,16,85,82,8,0,30,0,0,74,16,72,92,83,3,3,3,3,2,26,84,5,20,15,11,5,20,0,18,18,15,1,11,11,2510,0,73,59,1023,15,7,-30,0,0,253
2,6,6,6,6,13,Rod,Woodson,2754,94,0,720,29,84,0,5,2025,25,2025,81,34,0,0,87,2,0,0,86,0,0,82,1,10,1009,70,66,21,23,0,7,53,0,0,0,0,0,0,0,169,29,65,0,0,3,0,60,0,0,26,1,4,720,3,65,0,1,13,85,81,13,0,63,0,0,100,33,62,96,99,3,3,3,3,1,21,91,5,15,15,10,0,20,0,18,16,20,3,8,12,2754,0,71,45,1023,86,1,-30,0,0,423
45,6,4,6,4,4,Sean,Woodson,0,76,0,0,24,89,0,7,2026,1009,2026,95,25,0,0,97,0,0,0,49,0,0,82,2,19,1015,91,60,27,11,0,8,23,5,0,0,0,0,0,0,92,32,1,1,1,0,2,69,0,0,29,2,0,0,2,62,0,4,15,47,91,3,0,49,0,1,100,21,56,79,75,1,4,1,4,1,18,88,36,3,13,8,13,8,0,17,16,36,1,6,6,498,0,73,54,1023,11,2,-19,0,0,204
45,6,6,5,6,17,Damien,Woody,2849,80,0,539,14,88,0,6,2027,22,2027,62,23,0,0,81,0,0,0,13,0,0,55,3,24,1015,70,37,84,81,0,2,31,0,2,0,0,2,0,2,20,12,100,0,0,7,0,7,0,0,65,0,7,539,3,89,0,1,28,57,18,1,0,39,0,1,96,34,86,79,63,0,0,0,0,29,33,19,33,24,38,12,23,7,0,7,7,54,43,45,22,2849,0,75,175,1023,5,0,-19,0,0,204
29,6,6,6,6,16,Donnell,Woolford,0,93,0,303,11,84,0,5,2028,1009,2028,83,33,0,0,84,2,0,0,64,0,0,84,2,11,28,73,68,22,27,0,7,38,0,0,0,0,0,0,0,38,5,0,0,0,0,0,60,0,0,21,1,0,303,3,60,0,1,17,73,84,11,0,42,0,0,86,12,59,83,93,3,3,3,3,5,20,86,5,15,15,13,0,20,0,16,16,20,0,2,3,1395,0,69,29,1023,55,1,-30,0,0,247
45,6,6,6,6,17,Tito,Wooten,0,90,0,0,16,90,0,5,2029,1009,2029,89,27,0,0,81,1,0,0,55,0,0,88,2,33,15,76,56,23,24,0,7,28,0,0,0,0,0,0,0,265,45,0,0,0,0,0,60,0,0,28,1,0,0,2,25,0,4,18,45,81,6,0,28,0,0,75,17,56,69,63,3,3,3,3,2,18,75,5,15,15,8,0,20,0,18,16,20,4,10,7,200,0,72,31,1023,20,0,-30,0,0,149
45,5,5,5,5,10,Barron,Wortham,244,78,0,28,9,75,0,7,2030,11,2030,69,29,0,0,91,1,0,0,50,0,0,74,2,33,1015,86,78,29,30,0,3,32,0,2,0,0,0,0,0,235,45,0,0,0,1,0,60,0,0,57,2,2,28,2,50,0,6,14,35,65,6,0,28,0,0,37,12,76,69,66,2,2,2,2,5,28,51,15,25,20,10,10,30,0,14,13,20,4,44,20,222,0,71,84,1023,0,5,-30,0,0,51
45,6,6,6,6,14,Texans,WR #80,400,87,0,0,14,85,0,5,2031,32,2031,84,29,0,0,82,1,0,0,86,0,0,85,2,33,29,77,15,26,27,0,1,56,0,0,0,0,0,0,0,265,2,78,0,0,3,0,60,0,0,80,0,4,0,0,0,0,15,16,87,83,6,0,66,0,0,55,15,57,84,99,3,3,3,3,5,18,78,5,15,15,13,0,20,0,3,3,20,2,9,11,400,0,74,47,1023,20,1,-30,0,0,229
45,6,6,6,6,11,Texans,WR #81,400,87,0,0,11,85,0,5,2032,32,2032,84,28,0,0,76,1,0,0,72,0,0,85,0,33,29,71,31,29,30,0,1,52,0,0,0,0,0,0,0,265,45,0,0,0,3,0,60,0,0,81,2,4,0,0,0,0,15,12,49,83,6,0,63,0,0,0,13,51,68,58,3,3,3,3,1,16,89,5,15,15,12,0,20,0,3,3,20,4,9,4,400,0,73,25,1023,55,1,-30,0,0,301
11,6,6,6,6,11,Texans,WR #82,400,87,0,0,17,85,0,5,2033,32,2033,84,29,0,0,66,1,0,0,71,0,0,85,0,33,29,61,33,30,31,0,1,56,0,0,0,0,0,0,0,265,14,0,0,0,3,0,60,0,0,82,2,4,0,0,0,0,15,13,49,77,6,0,66,0,0,0,19,46,68,65,3,3,3,3,1,13,78,5,15,15,11,0,20,0,3,3,20,4,7,2,400,0,71,21,1023,65,1,-30,0,0,315
45,6,6,6,6,17,Texans,WR #83,400,89,0,0,16,87,0,5,2034,32,2034,86,28,0,0,76,1,0,0,71,0,0,86,2,33,29,71,31,28,29,0,1,55,0,0,0,0,0,0,0,265,45,49,0,0,3,0,60,0,0,83,2,4,0,0,0,0,15,18,53,82,6,0,62,0,0,0,16,51,70,60,3,3,3,3,5,16,81,5,15,15,10,0,20,0,3,3,20,5,11,8,400,0,72,32,1023,55,1,-30,0,0,238
45,6,6,6,6,16,Texans,WR #84,400,88,0,0,17,85,0,5,2035,32,2035,85,29,0,0,78,1,0,0,74,0,0,86,0,33,29,73,15,22,23,0,1,55,0,0,0,0,0,0,0,265,45,28,0,0,3,0,60,0,0,84,2,4,0,0,0,0,15,17,53,82,6,0,66,0,0,0,19,53,70,60,3,3,3,3,5,16,76,5,15,15,10,0,20,0,3,3,20,5,8,6,400,0,75,39,1023,55,1,-30,0,0,419
45,6,6,6,6,11,Texans,WR #85,400,90,0,0,16,80,0,5,2036,32,2036,87,29,0,0,76,1,0,0,74,0,0,86,2,33,29,71,15,20,21,0,1,49,0,0,0,0,0,0,0,265,45,0,0,0,3,0,60,0,0,85,2,4,0,0,0,0,15,12,44,80,6,0,63,0,0,0,18,51,66,48,3,3,3,3,1,16,92,5,15,15,9,0,20,0,3,3,20,2,7,1,400,0,73,20,1023,20,1,-30,0,0,22
45,6,6,6,6,27,Kenny,Wright,1092,83,0,117,20,87,0,5,2037,31,2037,93,23,0,0,80,0,0,0,66,0,0,83,3,31,1015,72,68,26,12,0,7,23,0,0,0,0,0,0,0,154,45,100,2,2,3,0,28,0,0,20,0,3,117,3,6,0,2,14,61,85,1,0,55,0,1,83,29,58,78,66,0,1,0,1,4,19,67,25,12,22,11,5,16,3,16,16,39,2,13,12,1092,0,73,45,1023,20,0,-19,0,0,204
45,6,6,6,6,15,Toby,Wright,0,89,0,0,14,85,0,5,2038,1009,2038,83,28,0,0,90,1,0,0,62,0,0,81,2,33,1009,85,72,26,25,0,8,28,0,0,0,0,0,0,0,142,45,25,0,0,0,0,60,0,0,32,1,0,0,3,50,0,2,15,57,86,7,0,29,0,0,98,15,65,81,75,3,3,3,3,2,22,90,5,20,15,11,5,20,0,17,18,15,0,7,10,534,0,71,52,1023,15,0,-30,0,0,100
45,0,0,0,0,77,Danny,Wuerffel,100,94,0,0,22,86,0,4,2039,20,2039,78,25,0,1,69,0,0,0,26,0,0,86,0,5,26,55,20,24,28,0,6,39,0,2,0,0,8,0,8,62,14,0,3,3,1,2,70,0,0,7,1,1,0,2,84,0,6,82,47,46,3,0,42,9,1,100,16,53,69,57,1,2,2,2,3,16,77,18,19,63,10,5,11,0,0,0,37,5,11,9,100,0,73,52,1023,1,0,-19,0,0,150
45,5,3,5,3,23,Jerry,Wunsch,1162,53,0,78,11,82,0,7,2040,6,2040,42,23,0,0,98,0,0,0,28,0,0,57,3,8,1015,89,13,87,83,0,2,22,0,0,0,0,4,0,4,62,2,65,0,0,2,0,3,0,0,71,1,4,78,3,74,0,3,30,59,32,3,0,20,0,1,100,38,89,86,95,2,2,2,2,17,34,26,18,47,33,9,20,3,0,9,9,78,27,44,26,483,1,78,153,1023,9,2,-19,0,0,204
45,5,5,5,5,65,Frank,Wycheck,1700,85,0,450,13,85,0,7,2041,30,2041,80,27,0,0,91,1,0,0,81,0,0,83,0,33,1009,86,34,62,74,0,8,70,0,2,0,0,0,0,0,111,45,93,0,0,3,0,60,0,0,89,2,5,450,3,45,0,6,79,79,72,7,0,68,0,0,100,15,76,99,83,2,2,2,2,5,28,62,15,25,20,8,5,30,0,4,4,30,7,20,25,1700,0,75,93,1023,15,6,-30,0,0,80
40,5,5,5,5,17,Renaldo,Wynn,2728,79,0,555,11,72,1,5,2042,17,2042,53,26,0,0,71,0,0,0,25,0,0,69,3,21,1015,96,81,27,31,1,3,21,0,0,0,0,1,0,1,152,12,0,0,0,3,0,25,0,0,97,2,5,555,3,86,0,1,10,74,49,3,0,26,0,1,100,18,95,83,79,0,0,0,0,8,38,49,17,43,29,7,23,23,3,11,12,88,8,45,29,2728,1,75,136,1023,3,2,-19,0,0,204
45,6,6,6,6,16,Ryan,Yarborough,0,89,0,46,12,87,0,5,2043,1009,2043,86,28,0,0,80,1,0,0,74,0,0,86,1,33,24,75,30,27,28,0,1,58,0,0,0,0,0,0,0,260,45,11,0,0,0,0,60,0,0,83,2,0,46,2,30,0,2,17,44,85,6,0,66,0,0,72,12,55,74,71,3,3,3,3,0,18,93,5,15,15,8,0,20,0,3,3,20,3,8,10,304,0,74,35,1023,55,0,-30,0,0,24
45,6,7,6,7,34,Craig,Yeast,341,81,0,50,23,81,0,7,2044,2,2044,86,22,0,0,92,0,0,0,62,0,0,87,0,27,1015,72,28,10,26,0,0,63,0,0,0,0,0,0,0,98,45,100,0,0,2,0,55,0,0,84,2,2,50,2,85,0,3,30,31,94,1,0,68,0,1,91,19,55,70,74,0,0,0,0,2,18,92,1,32,15,8,1,1,0,3,3,70,3,6,4,341,0,67,7,1023,4,0,-19,0,0,150
3,6,6,6,6,10,Bryant,Young,5737,99,0,639,10,74,0,5,2045,15,2045,58,27,0,0,93,1,0,0,49,0,0,62,2,7,1015,89,98,40,41,0,3,43,0,0,0,0,0,0,0,152,40,35,0,0,7,0,60,0,1,97,2,7,639,3,50,0,1,14,98,58,6,0,34,0,0,90,11,94,99,99,3,3,3,3,10,37,37,19,25,28,9,21,30,0,12,12,30,7,44,23,2235,0,75,131,1023,0,5,-30,0,0,518
45,6,6,6,6,12,Floyd,Young,200,85,0,0,12,83,0,5,2046,6,2046,82,24,0,0,89,1,0,0,57,0,0,83,1,63,4,84,71,23,26,0,8,32,0,0,0,0,0,0,0,265,45,0,0,0,2,0,60,0,0,31,1,4,0,0,0,0,15,13,51,84,3,0,28,0,0,100,12,64,69,55,3,3,3,3,4,22,84,5,20,15,8,5,20,0,17,17,15,4,10,4,200,0,72,19,1023,15,0,-30,0,0,288
45,6,6,6,6,10,Robert,Young,0,70,0,0,10,60,0,5,2047,1009,2047,56,30,0,0,87,2,0,0,28,0,0,53,2,33,31,83,81,28,29,0,3,41,0,0,0,0,0,0,0,121,45,0,0,0,0,0,60,0,0,99,1,0,0,2,25,0,5,14,51,54,9,0,32,0,0,89,11,88,71,63,3,3,3,3,7,34,55,25,25,35,7,20,30,0,11,12,30,5,23,23,0,0,78,113,1023,0,2,-30,0,0,29
45,6,6,6,6,34,Ryan,Young,123,76,0,18,20,68,0,7,2048,18,2048,49,22,0,0,82,0,1,0,13,0,0,51,3,22,1015,88,23,88,71,0,3,32,0,0,0,0,2,0,2,96,45,100,0,0,1,0,39,0,0,74,2,1,18,2,59,0,6,31,42,28,1,0,19,0,1,95,21,89,74,75,3,2,3,2,8,34,35,25,19,32,9,24,6,0,9,5,57,23,24,25,123,0,77,160,1023,6,0,-19,0,0,204
17,0,0,0,0,99,Steve,Young,34,99,0,0,25,78,0,7,2049,1014,2049,71,37,0,0,89,2,0,0,22,0,0,72,0,33,4,62,23,21,25,0,1,66,0,2,0,0,0,0,0,26,20,85,0,0,3,0,60,1,1,8,1,7,0,0,30,0,1,90,99,67,15,0,73,0,0,100,30,59,99,99,2,2,2,2,4,20,66,5,10,15,10,0,20,0,0,0,20,2,9,11,34,0,74,55,1023,0,0,-30,0,0,159
45,5,5,5,5,19,Steve,Zahursky,100,65,0,0,16,60,0,7,2050,5,2050,46,23,0,0,84,1,0,0,18,0,0,42,0,33,4,79,29,79,86,0,3,24,0,2,0,0,0,0,0,97,45,0,0,0,2,0,60,0,0,75,0,2,0,0,0,0,15,21,40,31,1,0,29,0,0,100,18,89,73,64,2,2,2,2,3,34,30,21,25,21,7,23,30,0,8,5,35,6,45,25,100,0,78,145,1023,0,0,-30,0,0,57
45,5,5,5,5,14,Mike,Zandofsky,0,72,0,129,11,55,0,7,2051,1009,2051,42,33,0,0,85,2,0,0,14,0,0,43,0,33,12,80,29,92,92,0,3,24,0,2,0,0,0,0,0,252,26,0,0,0,0,0,60,0,0,60,2,0,129,3,0,0,3,16,64,27,11,0,25,0,0,95,13,90,85,84,2,2,2,2,37,35,32,34,25,33,8,22,30,0,8,8,25,43,40,28,663,0,74,140,1023,0,1,-30,0,0,150
45,0,0,0,0,86,Eric,Zeier,253,88,0,40,7,55,0,7,2052,6,2052,53,26,0,0,77,1,0,0,21,0,0,53,0,33,24,82,16,16,21,0,1,53,0,2,0,0,0,0,0,70,45,0,0,0,2,0,60,0,0,15,0,2,40,3,50,0,3,85,52,50,5,0,54,0,0,86,10,57,75,72,2,2,2,2,2,18,63,5,10,15,10,0,20,0,0,0,20,5,9,12,253,0,73,50,1023,0,0,-30,0,0,30
45,2,2,2,2,38,Dusty,Zeigler,263,86,0,0,21,77,0,7,2053,16,2053,60,26,0,0,71,1,0,0,24,0,0,52,1,29,1015,80,29,84,87,0,2,23,0,2,0,0,6,0,6,152,45,76,0,0,1,0,18,0,0,52,0,1,0,3,6,0,5,22,62,43,4,0,28,0,1,100,27,86,85,79,0,0,0,0,10,33,36,16,21,28,11,21,21,0,7,7,55,4,35,30,263,0,77,138,1023,0,3,-19,0,0,151
45,1,7,1,7,15,Peppi,Zellner,541,77,0,72,15,72,0,7,2054,11,2054,51,23,2,0,99,0,0,0,38,0,0,74,3,23,1009,65,75,19,22,0,3,29,0,0,0,0,0,0,0,265,45,100,4,4,4,0,27,0,0,93,2,4,72,2,63,0,6,28,37,55,1,0,30,0,1,77,17,83,73,67,0,3,0,3,7,32,44,59,17,33,13,32,25,0,11,11,52,5,29,22,541,0,77,102,1023,3,0,-19,0,0,204
45,7,7,7,7,22,Amos,Zereoue,766,77,0,140,20,87,3,4,2055,29,2055,88,23,0,1,81,0,0,0,60,0,0,85,3,31,1015,81,39,33,33,0,7,66,0,0,0,0,0,0,0,254,45,100,1,1,4,0,48,0,0,21,2,4,140,3,53,0,3,32,48,79,1,0,85,0,1,99,25,78,76,76,0,4,0,4,3,29,86,32,24,44,9,20,3,0,1,1,15,4,11,10,766,0,68,45,1023,67,0,-19,0,0,204
45,2,3,2,3,18,Jeff,Zgonina,1377,71,0,183,26,76,0,7,2056,24,2056,57,28,0,0,98,1,0,0,30,0,0,66,0,33,1009,71,79,12,29,1,3,36,6,2,0,8,2,8,2,169,40,9,0,0,4,0,12,0,0,90,2,4,183,3,57,0,8,22,64,50,6,0,14,0,1,89,24,92,84,71,0,2,0,2,10,36,44,25,14,32,10,25,11,0,12,12,45,31,44,27,939,0,74,125,1023,2,0,-19,0,0,150
45,0,0,0,0,84,Scott,Zolak,226,80,0,29,7,52,0,7,2057,1014,2057,50,31,0,0,81,2,0,0,16,0,0,49,0,33,1015,86,18,20,25,0,1,57,0,2,0,0,0,0,0,111,45,0,0,0,1,0,60,0,0,14,0,1,29,3,30,0,4,87,56,46,9,0,63,0,0,94,10,61,78,80,2,2,2,2,0,20,59,5,10,15,9,0,20,0,0,0,20,10,29,11,226,0,77,70,1023,0,8,-30,0,0,83
45,6,6,6,6,8,Chris,Zorich,0,72,0,0,8,65,0,5,2058,1009,2058,60,30,0,0,87,2,0,0,32,0,0,56,1,33,0,83,84,28,29,0,3,45,0,0,0,0,0,0,0,152,40,0,0,0,0,0,60,0,0,97,2,0,0,3,60,0,2,14,69,56,9,0,36,0,0,23,11,89,81,72,3,3,3,3,4,34,46,25,25,35,7,20,30,0,12,12,30,9,36,28,1058,0,73,119,1023,0,1,-30,0,0,181
45,0,4,0,3,28,Gabe,Graham,567,61,0,135,23,65,0,7,2111,33,32768,40,30,0,0,85,2,0,0,18,0,0,49,0,40,1023,53,21,85,83,2,3,38,0,1,0,2,0,2,0,205,45,100,0,0,3,3,19,0,0,63,1,3,135,3,53,0,8,21,73,30,8,0,12,0,1,100,16,89,83,93,2,3,2,3,40,32,19,36,26,20,86,19,30,0,7,7,78,6,41,24,567,0,73,131,1023,0,0,-19,0,0,152
45,3,1,2,1,8,Danny,Tannehill,60,48,0,5,21,39,0,4,2112,33,32769,40,25,0,0,79,1,0,0,17,0,0,46,0,40,1023,64,26,74,74,2,2,9,0,0,0,0,0,0,0,241,45,100,0,0,1,0,50,0,0,79,2,1,5,1,69,0,8,11,32,11,3,0,13,0,1,100,11,87,61,66,2,2,2,2,61,32,0,32,20,28,57,60,33,0,7,7,102,45,1,3,60,0,77,135,1023,0,0,-19,0,0,150
45,6,6,6,6,25,Abry,Williams,69,84,0,11,21,86,0,0,2113,33,32770,82,26,0,0,81,1,0,0,56,0,0,82,2,40,1023,79,51,27,20,0,7,29,0,0,0,1,8,1,8,211,45,100,3,2,1,0,26,0,0,37,0,1,11,1,62,0,8,23,58,81,4,0,39,0,1,100,27,49,68,69,4,3,4,3,8,15,78,1,17,25,6,2,11,1,16,16,60,3,4,14,69,0,72,33,1023,15,0,-19,0,0,186
45,6,5,6,5,15,J. J.,Golston,61,78,0,3,26,79,0,0,2114,33,32771,85,24,0,0,79,0,0,0,50,0,0,86,2,40,1023,62,47,30,25,0,7,26,0,0,0,7,0,7,0,64,45,100,3,3,1,0,47,0,0,44,2,1,3,1,71,0,8,32,33,82,2,0,47,0,1,100,17,44,58,49,0,0,0,0,1,17,25,24,15,22,39,6,11,1,16,16,34,3,28,7,61,0,72,28,1023,15,0,-19,0,0,195
45,7,4,7,4,26,Jonathan,Ayers,62,77,0,3,18,75,0,5,2115,33,32772,86,28,0,0,68,1,0,3,51,0,0,87,2,40,1023,70,49,29,22,0,7,29,0,0,0,0,8,0,8,9,45,100,2,0,1,0,36,0,0,43,2,1,3,1,80,0,8,21,29,84,6,0,38,0,1,100,31,48,57,45,4,2,4,2,17,18,40,25,4,22,38,2,16,3,16,16,11,0,5,21,62,1,73,33,1023,0,0,-19,0,0,204
45,1,6,1,6,11,Paul,Davis,2800,88,0,119,23,85,0,4,2116,33,32773,88,22,0,0,72,0,0,0,62,0,0,79,2,40,1023,84,66,21,29,0,8,19,0,0,0,0,1,0,1,117,45,100,0,2,7,3,32,0,0,32,2,7,119,7,88,0,8,16,69,84,0,0,40,0,1,100,13,55,75,70,4,0,4,0,6,11,54,23,5,26,22,0,13,3,16,16,32,8,23,17,2800,0,69,40,1023,10,0,-19,0,0,6
45,2,6,2,6,17,Ja'Wuan,Seamster,100,77,0,17,14,78,0,5,2117,33,32774,63,31,0,0,65,2,0,0,18,0,0,59,0,40,1023,75,70,12,16,1,3,27,0,2,0,0,0,0,0,156,45,100,0,0,1,0,47,0,0,96,0,1,17,1,86,0,8,16,52,48,9,0,11,0,1,100,14,85,70,53,3,2,3,2,38,23,88,53,28,21,67,26,20,0,12,12,66,64,55,22,100,0,71,124,1023,8,0,-19,0,0,152
45,3,5,3,5,20,James,Collins,120,56,0,18,23,61,3,7,2118,33,32775,51,24,0,0,72,0,0,0,15,0,0,53,2,40,1023,61,70,20,24,0,3,17,0,0,0,0,6,0,6,8,45,100,0,0,2,0,32,0,0,92,0,2,18,2,72,0,8,13,36,44,2,0,21,0,1,100,21,78,61,59,2,0,2,0,40,12,4,5,49,7,8,40,27,0,12,12,14,44,31,20,120,0,74,141,1023,0,0,-19,0,0,198
45,2,6,2,6,16,Charley,Daniel,2400,80,0,300,16,76,0,7,2119,33,32776,67,27,0,0,73,1,0,0,29,0,0,65,0,40,1023,84,79,26,28,0,3,25,0,2,0,2,8,2,8,95,45,100,2,0,6,0,18,0,0,91,2,6,300,6,74,0,8,8,66,42,5,0,24,0,1,100,21,85,77,58,0,2,0,2,45,40,38,0,27,25,67,34,1,0,12,12,83,11,2,12,2400,0,75,130,1023,11,0,-19,0,0,153
45,2,1,2,1,25,Brian,Charles,200,64,0,34,22,68,0,10,2120,33,32777,57,27,1,0,73,1,0,0,23,0,0,49,2,40,1023,80,75,16,28,1,3,28,0,0,0,0,8,0,8,241,45,100,0,0,2,2,32,0,0,95,0,2,34,2,53,0,8,37,59,48,5,0,25,0,1,100,17,84,71,65,0,2,0,2,65,46,68,59,57,0,51,33,22,1,12,12,101,0,18,28,200,0,75,152,1023,0,0,-19,0,0,195
45,1,3,1,3,35,Kaleb,Blackmon,672,87,0,180,20,89,0,5,2121,33,32778,67,22,0,0,82,0,0,0,68,0,0,73,2,40,1023,66,27,56,61,0,11,85,0,0,0,7,0,7,0,247,45,100,1,0,3,4,7,0,0,28,2,3,180,3,99,0,8,41,58,73,0,0,80,6,1,100,27,79,92,69,3,0,3,0,2,13,34,21,33,39,76,34,25,0,2,2,1,11,28,20,672,1,73,79,1023,0,0,-19,0,0,198
45,7,7,7,7,25,Dres,Branch,420,88,0,18,20,81,0,7,2122,33,32779,73,28,0,0,83,1,0,0,57,0,0,74,2,40,1023,65,63,13,16,0,8,31,0,0,0,0,0,0,0,142,45,100,3,2,3,0,39,0,0,31,1,3,18,3,79,0,8,24,49,79,6,0,41,0,1,100,18,57,66,63,2,4,2,4,1,17,27,4,14,11,8,1,0,0,17,17,19,4,1,11,420,0,74,45,1023,18,0,-19,0,0,92
45,2,4,2,4,21,Allen,Holmes,141,78,0,25,20,92,0,7,2123,33,32780,86,26,0,0,75,1,0,0,70,0,0,88,2,40,1023,67,28,36,22,0,1,83,0,0,0,8,0,8,0,215,45,100,0,0,1,0,15,0,0,48,2,1,25,1,88,0,8,30,67,64,4,0,85,0,1,100,24,64,81,64,0,0,0,0,2,30,72,31,25,20,58,1,23,1,1,1,8,9,4,12,141,1,68,35,1023,82,0,-19,0,0,196
45,2,5,2,5,23,Mario,Hewitt,696,93,0,536,22,99,0,10,2124,33,32781,94,24,0,0,74,0,2,0,83,0,0,99,2,40,1023,80,13,28,36,0,10,88,0,0,0,0,0,0,0,38,45,100,0,1,4,3,71,0,0,45,2,4,536,4,77,0,8,25,99,79,2,0,93,0,1,100,32,68,97,86,2,0,2,0,3,18,39,36,20,25,77,2,64,2,1,1,32,7,2,29,696,0,68,48,1023,15,0,-19,0,0,251
45,4,2,4,2,27,Captain,Pouncey,93,73,0,51,25,85,0,10,2125,33,32782,86,29,0,0,71,1,0,0,72,0,0,90,2,40,1023,80,25,35,33,0,9,85,0,0,0,0,0,0,0,10,45,100,2,3,1,2,13,0,0,25,1,1,51,1,84,0,8,38,81,75,7,0,91,0,1,100,38,67,86,79,0,0,0,0,6,28,34,8,27,28,20,22,1,0,1,1,42,2,28,13,93,1,72,46,1023,69,0,-19,0,0,195
45,0,0,0,0,21,Kenny,Johnson,85,63,0,12,85,58,0,6,2126,33,32783,35,22,0,0,42,0,0,0,14,0,0,38,0,40,1023,67,24,24,21,0,0,15,0,2,0,0,0,0,0,9,45,100,0,2,1,0,48,0,0,18,2,1,12,1,86,0,8,13,68,29,0,0,15,0,1,100,86,35,77,89,0,0,0,0,2,9,94,46,5,10,7,4,24,0,19,19,6,13,8,8,85,0,72,59,1023,0,0,-19,0,0,152
45,7,7,7,7,19,Willie,Thorpe,40,50,0,0,18,46,0,4,2127,33,32784,43,23,0,0,85,0,0,0,35,0,0,47,0,40,1023,49,71,15,37,0,3,36,0,2,0,8,2,8,2,63,45,100,4,3,1,0,30,0,0,93,2,1,0,1,79,0,8,24,18,37,1,0,16,0,1,100,27,80,52,65,0,0,0,0,3,26,21,41,13,8,79,15,24,0,10,10,50,16,0,12,40,0,76,146,1023,0,0,-19,0,0,150
45,7,7,7,7,23,Jonathan,Murray,100,84,0,19,27,81,0,7,2128,33,32785,72,33,1,0,82,2,0,0,38,0,0,61,2,40,1023,72,70,28,22,0,3,24,0,0,0,8,1,8,1,217,45,100,0,3,1,0,38,0,0,99,0,1,19,1,82,0,8,28,71,47,11,0,15,0,1,100,29,84,79,68,0,0,0,0,7,31,31,40,12,30,101,29,28,0,10,10,87,7,43,15,100,0,75,134,1023,0,0,-19,0,0,196
45,3,5,3,5,30,Greg,Edwards Jr.,114,57,0,78,34,60,0,7,2129,33,32786,38,28,0,0,81,1,2,0,10,0,0,43,0,40,1023,69,19,93,93,0,3,22,0,1,0,2,2,2,2,24,45,100,0,0,1,3,2,0,0,78,2,1,78,1,69,0,8,36,88,33,6,0,17,0,1,100,28,95,89,89,2,2,2,2,31,21,19,71,34,47,39,14,4,0,6,6,72,34,7,8,114,0,74,119,1023,0,0,-19,0,0,154
45,1,3,1,3,24,Leon,Addison,283,73,0,80,25,64,0,4,2130,33,32787,35,25,0,0,94,1,1,0,26,0,0,41,2,40,1023,85,33,91,91,0,3,28,0,0,0,0,3,0,3,244,45,100,0,0,4,2,2,0,0,72,0,4,80,4,83,0,8,40,73,23,3,0,19,0,1,100,30,95,82,72,0,2,0,2,31,17,24,47,21,33,64,44,4,0,6,6,105,37,28,16,283,0,75,166,1023,0,0,-19,0,0,195
45,5,4,5,4,34,Cody,Gillislee,67,74,0,8,37,57,0,4,2131,33,32788,68,23,0,0,84,0,0,2,49,0,0,70,1,40,1023,66,78,28,16,0,8,37,0,0,0,2,0,2,0,17,45,100,1,0,1,0,46,0,0,58,2,1,8,1,50,0,8,21,39,53,1,0,26,0,1,100,27,70,63,57,1,0,1,0,14,15,23,21,31,15,51,5,27,0,13,13,51,4,54,26,67,0,72,81,1023,0,0,-19,0,0,177
45,1,4,1,4,16,Craig,James,204,73,0,18,35,57,0,5,2132,33,32789,67,22,0,0,79,0,0,0,49,0,0,61,2,40,1023,66,78,19,21,0,3,27,0,0,0,0,0,0,0,180,45,100,0,0,2,0,36,0,0,54,2,2,18,2,65,0,8,27,54,55,0,0,31,0,1,100,29,74,66,71,0,1,0,1,5,31,34,9,31,11,106,7,1,2,13,13,43,17,24,7,204,0,74,86,1023,0,0,-19,0,0,199
45,5,5,5,5,16,Jason,Rice,85,38,0,19,15,57,0,4,2133,33,32790,42,29,0,0,70,1,0,0,8,0,0,34,0,40,1023,78,13,81,79,0,3,27,0,2,0,3,0,3,0,171,45,100,0,0,1,0,5,0,0,61,1,1,19,1,1,0,8,24,47,29,7,0,26,0,1,100,16,87,72,78,0,2,0,2,6,41,1,33,10,48,49,50,36,0,5,5,46,0,13,4,85,0,77,198,1023,0,0,-19,0,0,130
45,6,2,6,2,35,Cody,Spriggs,2100,80,0,936,31,76,0,0,2134,33,32791,49,26,0,0,93,1,1,1,31,0,0,42,2,40,1023,80,14,93,95,0,3,26,6,0,0,0,0,0,0,63,45,100,0,0,6,0,52,0,0,65,2,6,936,6,76,0,8,23,95,21,4,0,18,0,1,100,24,94,93,93,2,2,2,2,35,32,26,36,22,38,39,28,15,0,5,5,60,33,26,4,2100,0,77,151,1023,0,0,-19,0,0,189
45,6,7,6,7,24,Alfred,Wesley,500,78,0,90,30,68,0,7,2135,33,32792,71,28,0,0,90,1,0,0,47,0,0,69,2,40,1023,49,80,33,23,0,12,36,0,0,0,7,0,7,0,214,45,100,0,0,6,3,29,0,0,52,0,6,90,6,56,0,8,25,65,55,6,0,34,0,1,100,21,71,71,74,0,0,0,0,10,28,85,25,13,13,70,1,26,0,14,14,53,0,9,19,500,0,72,85,1023,0,0,-19,0,0,389
45,5,4,5,4,21,Kerwynn,Robinson,62,62,0,3,31,57,0,5,2136,33,32793,59,30,0,0,64,2,0,0,46,0,0,59,2,40,1023,64,71,27,32,0,2,26,0,0,0,0,0,0,0,249,45,100,0,0,1,0,25,0,0,59,0,1,3,1,79,0,8,33,37,43,8,0,21,0,1,100,28,65,57,69,0,4,0,4,8,37,62,17,23,43,77,8,1,0,14,14,50,7,33,26,62,0,71,93,1023,0,0,-19,0,0,204
45,4,4,4,4,22,Quinton,Moses,65,69,0,1,24,44,0,7,2137,33,32794,55,25,0,0,80,1,0,0,35,0,0,55,1,40,1023,52,67,39,27,0,8,17,6,0,0,0,7,0,7,96,45,100,0,0,1,2,55,0,0,50,0,1,1,1,70,0,8,29,18,51,3,0,15,0,1,100,31,68,50,62,0,1,0,1,18,32,36,49,45,45,6,23,22,0,14,14,23,2,6,14,65,0,76,102,1023,0,0,-19,0,0,177
45,0,0,0,0,27,Duke,Slater,512,74,0,48,90,23,0,7,2138,33,32795,18,23,0,0,36,0,0,0,20,0,0,19,0,40,1023,83,10,18,30,0,5,20,0,2,0,0,0,0,0,151,45,100,2,0,4,1,59,0,0,12,1,4,48,4,70,0,8,20,53,23,1,0,29,0,1,100,84,28,80,78,0,0,0,0,5,0,92,44,22,26,33,11,18,0,20,20,49,6,10,9,512,0,76,35,1023,0,0,-19,0,0,159
45,0,0,0,0,96,Anthony,Milton,426,79,0,125,25,59,0,4,2139,33,32796,61,27,0,0,65,1,0,0,23,0,0,60,0,40,1023,57,15,33,32,0,1,37,0,2,0,0,0,0,0,241,45,100,2,1,1,0,43,0,0,5,2,1,125,1,90,0,8,87,92,45,5,0,51,0,1,100,29,54,87,82,0,2,0,3,4,5,52,33,25,34,3,16,7,0,0,0,51,0,15,11,426,0,72,50,1023,0,0,-19,0,0,150
45,0,0,0,0,84,Sean,Montgomery,136,86,0,50,34,56,0,7,2140,33,32797,53,28,0,0,62,1,0,0,32,0,0,44,0,40,1023,80,27,37,31,0,0,40,0,0,0,0,0,0,0,169,45,100,2,2,2,0,10,1,0,11,0,2,50,2,50,0,8,93,72,51,6,0,37,0,1,100,30,50,80,79,2,2,2,2,9,4,56,13,14,28,42,9,9,0,0,0,59,9,19,9,136,0,73,83,1023,0,0,-19,0,0,154
45,0,0,0,0,80,Drew,Van Dyk,78,78,0,6,19,63,0,7,2141,33,32798,54,26,0,0,65,1,0,0,28,0,0,42,0,40,1023,74,31,19,34,0,1,27,0,2,0,0,0,0,0,258,45,100,1,3,1,0,27,0,0,3,2,1,6,1,76,0,8,90,55,47,4,0,46,8,1,100,10,57,71,69,1,0,0,0,1,8,65,0,11,10,67,2,11,0,0,0,37,3,12,5,78,0,76,71,1023,0,0,-19,0,0,438
45,3,5,3,5,29,Mike,Charles,74,69,0,13,18,66,0,5,2142,33,32799,63,22,0,0,83,0,0,0,24,0,0,63,2,40,1023,73,74,33,22,1,3,21,0,0,0,8,1,8,1,135,45,100,3,0,1,0,24,0,0,90,2,1,13,1,71,0,8,27,57,56,0,0,25,0,1,100,23,71,69,70,2,0,2,0,3,53,23,0,15,42,47,33,22,0,11,11,10,30,6,8,74,0,78,111,1023,0,0,-19,0,0,193
45,4,7,4,7,27,James,Steen,70,74,0,6,16,58,0,7,2143,33,32800,53,21,1,0,81,0,1,0,38,0,0,56,0,40,1023,77,78,22,17,0,12,25,0,2,0,1,0,1,0,62,45,100,0,2,1,3,7,0,0,94,0,1,6,1,94,0,8,33,27,54,0,0,17,0,1,100,34,75,62,53,4,0,4,0,15,40,45,29,17,45,54,9,16,0,11,11,65,29,34,6,70,0,75,116,1023,0,0,-19,0,0,153
45,2,5,2,5,13,Johnathan,Davis,2235,66,0,585,22,81,0,5,2144,33,32801,49,26,0,0,95,1,0,0,24,0,0,50,2,40,1023,77,24,90,91,0,3,17,0,0,0,0,0,0,0,28,45,100,0,0,5,0,9,0,0,71,2,5,585,5,97,0,8,28,90,19,4,0,28,5,1,100,15,95,94,91,2,2,2,2,25,31,16,67,38,47,35,59,21,0,8,8,108,50,53,5,2235,0,75,158,1023,0,0,-19,0,0,332
45,3,3,3,3,18,Chris,Carder,73,53,0,7,23,35,0,5,2145,33,32802,28,26,0,0,88,1,0,0,29,0,0,43,2,40,1023,79,12,70,81,1,3,37,0,0,0,2,4,2,4,74,45,100,0,0,1,4,40,0,0,76,2,1,7,1,95,0,8,24,39,35,4,0,27,0,1,100,17,90,67,84,3,0,3,0,8,10,12,87,26,39,58,54,10,0,8,8,85,34,1,45,73,0,76,168,1023,0,0,-19,0,0,206
45,4,6,4,6,19,Jim,Turzilli,62,87,0,9,19,76,1,7,2146,33,32803,76,24,0,0,90,0,0,1,51,0,0,78,0,40,1023,82,72,26,30,0,3,35,0,2,0,0,2,0,2,41,45,100,5,0,1,0,25,0,0,56,1,1,9,1,87,0,8,28,46,76,2,0,38,0,1,100,28,62,66,58,0,0,0,0,5,19,30,22,55,54,56,27,14,0,15,15,51,5,2,13,62,1,71,78,1023,14,0,-19,0,0,12
45,1,3,1,3,23,Willie,Williams,72,65,0,9,33,64,1,7,2147,33,32804,63,24,0,0,65,0,0,0,44,0,0,71,0,40,1023,50,75,29,23,0,8,23,0,4,0,0,0,0,0,3,45,100,2,0,1,0,41,0,0,55,0,1,9,1,97,0,8,20,37,52,2,0,25,0,1,100,26,72,60,57,3,0,3,0,3,31,0,34,22,33,74,12,19,0,15,15,37,18,25,18,72,0,73,84,1023,0,0,-19,0,0,154
45,3,6,3,6,14,Logan,Stupar,400,36,0,68,20,53,0,7,2148,33,32805,48,27,0,0,84,1,0,1,20,0,0,48,0,40,1023,81,27,74,79,0,3,37,0,2,0,0,2,0,2,194,45,100,0,0,4,0,18,0,0,69,2,4,68,4,72,0,8,32,49,19,5,0,25,0,1,100,22,90,70,77,2,0,2,0,18,28,5,62,17,26,32,54,38,0,9,9,50,37,38,40,400,0,80,157,1023,0,0,-19,0,0,91
45,3,6,3,6,25,Gerald,Paulsen,264,76,0,196,29,71,0,0,2149,33,32806,41,29,0,0,90,1,0,0,20,0,0,50,2,40,1023,91,30,91,82,0,2,31,0,0,0,0,0,0,0,46,45,100,0,2,2,0,41,0,0,77,2,2,196,2,86,0,8,40,75,19,7,0,14,0,1,100,37,99,84,80,2,2,2,2,14,22,0,84,8,23,42,22,30,2,9,9,61,33,1,8,264,0,74,146,1023,0,0,-19,0,0,204
45,3,6,3,6,18,Sam,Burnett,53,78,0,12,25,78,0,4,2150,33,32807,78,24,0,0,76,0,0,0,54,0,0,76,2,40,1023,82,71,25,14,0,7,35,0,0,0,9,0,9,0,241,45,100,2,2,1,0,40,0,0,23,0,1,12,1,78,0,8,14,54,76,2,0,27,0,1,100,25,56,68,68,3,2,3,2,9,12,62,13,33,21,53,2,6,0,18,18,36,1,22,9,53,0,72,42,1023,11,0,-19,0,0,188
45,7,4,7,4,28,Terrelle,Paysinger,63,69,0,7,31,76,0,5,2151,33,32808,79,29,0,0,81,1,0,0,52,0,0,75,2,40,1023,71,69,18,30,0,8,28,0,0,0,0,0,0,0,219,45,100,2,2,1,2,63,0,0,42,1,1,7,1,51,0,8,14,50,80,7,0,48,0,1,100,14,60,66,64,0,0,0,0,11,19,68,13,41,18,1,14,8,2,18,18,17,5,29,0,63,0,72,41,1023,11,0,-19,0,0,192
45,6,4,6,4,33,King,Uzomah,141,98,0,103,17,85,0,7,2152,33,32809,82,27,0,0,89,1,0,0,88,0,0,67,1,40,1023,86,38,62,57,0,11,76,0,0,0,2,7,2,7,84,45,100,5,0,1,4,7,0,0,85,1,1,103,1,71,0,8,35,89,87,5,0,84,0,1,100,18,70,94,86,1,2,1,2,22,14,32,28,23,24,59,0,25,0,4,4,46,9,3,28,141,0,77,91,1023,7,0,-19,0,0,214
45,6,7,6,7,15,Carl,Ward,120,65,0,20,23,69,0,7,2153,33,32810,69,26,0,0,70,1,0,0,67,0,0,61,0,40,1023,77,20,54,62,0,6,61,0,2,0,2,0,2,0,164,45,100,5,3,2,0,44,0,0,83,1,2,20,2,89,0,8,16,33,54,4,0,62,0,1,100,20,67,69,61,4,2,4,2,29,20,33,25,22,5,50,26,15,0,4,4,70,4,25,24,120,1,76,98,1023,7,0,-19,0,0,159
45,1,3,1,3,12,Brandon,Foster,98,74,0,11,26,78,0,5,2154,33,32811,81,26,0,1,76,1,0,0,74,0,0,76,2,40,1023,47,12,29,35,0,8,63,0,0,0,8,1,8,1,164,45,100,3,2,1,3,69,0,0,86,2,1,11,1,95,0,8,17,32,81,4,0,65,0,1,100,24,53,66,61,0,4,0,4,7,12,84,0,28,24,1,3,24,0,3,3,32,2,1,1,98,0,76,52,1023,29,0,-19,0,0,195
45,7,6,7,6,29,Khari,Longacre,40,74,0,4,39,82,0,7,2155,33,32812,81,22,0,0,72,0,0,0,60,0,0,78,2,40,1023,66,57,27,32,0,7,59,0,0,0,7,0,7,0,56,45,100,2,1,1,0,42,0,0,49,1,1,4,1,76,0,8,28,38,79,0,0,55,0,1,100,16,52,62,49,2,2,2,2,12,16,43,31,48,30,59,3,20,0,17,17,17,4,2,10,40,1,69,31,1023,83,0,-19,0,0,195
45,7,6,7,6,26,Avery,DiMarco,2569,86,0,735,32,89,0,0,2156,33,32813,96,31,0,0,82,2,1,0,89,0,0,88,2,40,1023,82,17,12,36,0,0,64,0,0,0,0,0,0,0,96,45,100,2,0,7,0,1,0,0,82,2,7,735,7,79,0,8,31,90,90,9,0,77,0,1,100,25,57,89,89,3,0,3,0,7,0,90,28,10,22,8,15,20,0,3,3,13,9,5,5,2569,0,75,35,1023,33,0,-19,0,0,296
45,7,4,7,4,23,Akiem,Mostert,122,61,0,11,11,84,0,7,2157,33,32814,80,28,0,0,66,1,1,0,71,0,0,79,2,40,1023,75,21,18,24,0,1,44,0,0,0,8,9,8,9,121,45,100,0,0,1,0,24,0,0,81,2,1,11,1,71,0,8,20,30,81,6,0,56,0,1,100,18,47,65,62,0,0,0,0,49,9,83,3,28,29,2,5,15,0,3,3,2,4,12,5,122,0,71,42,1023,63,0,-19,0,0,188
45,3,2,3,2,21,Chance,Boyd,117,90,0,37,17,84,0,5,2158,33,32815,85,26,1,0,77,1,0,0,83,0,0,88,2,40,1023,68,12,25,33,0,1,57,0,0,0,7,0,7,0,240,45,100,0,2,1,0,53,0,0,80,2,1,37,1,95,0,8,22,59,78,4,0,60,0,1,100,29,54,77,74,3,0,3,0,9,5,101,9,15,29,1,1,21,2,3,3,46,2,17,0,117,0,69,4,1023,55,0,-19,0,0,195
45,7,6,7,6,26,Mike,Garnett,309,89,0,192,16,84,0,1,2159,33,32816,84,22,0,0,73,0,0,1,89,0,0,85,2,40,1023,45,11,31,27,0,0,57,0,0,0,0,0,0,0,1,45,100,1,2,3,0,46,0,0,89,2,3,192,3,95,0,8,28,68,86,0,0,60,0,1,100,17,50,80,75,0,0,0,0,4,26,85,9,27,43,6,3,20,1,3,3,7,6,44,19,309,0,70,39,1023,27,0,-19,0,0,195
45,5,1,5,1,28,Kendall,Gragg,114,66,0,26,18,89,0,5,2160,33,32817,93,23,0,1,65,0,0,0,77,0,0,72,2,40,1023,65,16,38,32,0,7,53,0,0,0,7,0,7,0,205,45,100,3,2,2,3,67,0,0,84,2,2,26,2,64,0,8,11,52,80,1,0,48,0,1,100,25,51,73,72,1,0,1,0,7,28,73,9,16,28,3,7,16,0,3,3,70,5,6,0,114,0,70,37,1023,38,0,-19,0,0,106
45,7,6,7,6,23,Brock,Enunwa,1570,87,0,65,20,81,0,5,2161,33,32818,78,30,0,0,80,2,0,2,57,0,0,77,2,40,1023,60,51,28,27,0,1,29,0,0,0,0,7,0,7,228,45,100,0,2,5,0,46,0,0,40,0,5,65,5,85,0,8,21,58,78,8,0,50,0,1,100,24,52,67,76,2,4,2,4,0,8,78,20,18,23,21,18,4,0,16,16,62,1,18,8,1570,0,73,25,1023,15,0,-19,0,0,190
45,1,0,1,0,15,Luke,Mihalik,67,53,0,6,23,39,0,7,2162,33,32819,29,26,0,0,87,1,0,0,33,0,0,45,0,40,1023,79,13,76,78,0,3,32,0,2,0,0,0,0,0,176,45,100,0,0,1,0,0,0,0,74,2,1,6,1,58,0,8,15,33,27,4,0,19,0,1,100,16,85,62,68,2,2,2,2,38,33,5,51,38,38,72,68,10,0,8,8,102,33,26,0,67,0,77,161,1023,0,0,-19,0,0,163
45,6,0,6,0,15,Dexter,Bell,49,70,0,4,15,47,2,0,2163,33,32820,56,24,0,1,74,0,0,0,60,0,0,56,2,40,1023,73,19,57,59,0,6,60,0,0,0,2,0,2,0,117,45,100,0,2,1,0,33,0,0,88,1,1,4,1,74,0,8,17,17,56,2,0,73,0,1,100,19,71,58,61,3,4,3,4,33,24,37,24,26,12,58,23,0,2,4,4,2,13,7,19,49,0,74,82,1023,0,0,-19,0,0,445
45,6,6,6,6,30,Ross,John,77,51,0,45,27,70,0,7,2164,34,32821,53,30,0,0,96,2,0,1,23,0,0,41,0,47,1023,83,27,92,86,0,12,37,0,2,0,0,2,0,2,38,45,100,0,0,1,4,5,0,0,66,1,1,45,1,78,0,8,35,71,21,8,0,25,0,1,100,23,87,85,83,3,2,3,2,36,22,74,31,55,38,5,55,3,0,7,7,74,24,8,56,77,0,79,140,1023,0,0,-19,0,0,150
45,5,4,5,3,24,Brandon,Wichmann,60,42,0,6,31,41,0,7,2165,34,32822,39,25,0,0,82,1,0,0,33,0,0,37,0,47,1023,72,17,83,76,1,3,38,0,2,0,0,0,0,0,214,45,100,0,2,1,0,12,0,0,70,0,1,6,1,61,0,8,26,40,11,3,0,23,0,1,100,20,88,67,72,0,0,0,0,7,29,3,71,29,15,52,62,6,0,7,7,90,49,10,12,60,0,78,139,1023,0,0,-19,0,0,154
45,6,6,6,6,23,Jon,Robinson,110,80,0,22,21,82,0,5,2166,34,32823,81,26,0,0,49,1,0,0,58,0,0,84,2,47,1023,85,56,24,18,0,7,39,0,0,0,0,0,0,0,120,45,100,0,0,2,0,54,0,0,43,0,2,22,2,80,0,8,30,43,88,4,0,26,0,1,100,21,51,68,65,0,3,0,3,8,22,20,4,5,22,2,15,0,0,16,16,39,0,5,4,110,0,70,40,1023,48,0,-19,0,0,186
45,4,7,4,7,23,Kevin,Martin,100,88,0,82,24,88,0,7,2167,34,32824,90,24,0,1,81,0,1,0,65,0,0,93,2,47,1023,81,55,23,24,0,11,27,0,0,0,9,0,9,0,211,45,100,2,0,1,4,51,0,0,47,0,1,82,1,89,0,8,20,77,92,2,0,44,0,1,100,37,49,83,82,0,0,0,0,4,45,72,39,1,23,78,8,6,0,16,16,69,4,19,27,100,0,72,43,1023,83,0,-19,0,0,205
45,4,6,4,6,32,Damian,Maggitt,91,86,0,34,15,81,0,1,2168,34,32825,93,28,0,0,87,1,0,0,67,0,0,87,2,47,1023,81,59,26,22,0,7,22,0,0,0,0,0,0,0,26,45,100,0,0,1,0,27,0,0,20,0,1,34,1,82,0,8,24,72,91,6,0,35,0,1,100,19,57,82,80,4,0,4,0,8,4,76,8,29,46,2,28,4,0,16,16,66,3,27,27,91,0,73,32,1023,11,0,-19,0,0,197
45,4,6,4,6,20,Tyrod,Holmes,45,75,0,13,18,94,3,4,2169,34,32826,89,22,2,0,78,0,0,0,52,0,0,85,2,47,1023,72,51,10,11,0,13,15,0,0,0,0,7,0,7,21,45,100,1,2,1,4,42,0,0,45,0,1,13,1,78,0,8,24,59,73,0,0,38,0,1,100,40,49,72,73,4,0,4,0,1,43,79,1,21,18,0,8,2,2,16,16,65,5,2,17,45,1,70,26,1023,0,0,-19,0,0,198
45,7,7,7,7,31,T. J.,Rhodes,65,73,0,9,15,86,0,5,2170,34,32827,89,31,0,0,70,2,0,0,60,0,0,83,2,47,1023,77,50,27,31,0,1,32,0,0,0,2,0,2,0,54,45,100,3,2,1,0,53,0,0,24,2,1,9,1,98,0,8,34,45,75,9,0,49,0,1,100,19,53,68,60,0,0,0,0,18,7,78,6,14,15,22,1,2,2,16,16,64,9,11,0,65,0,73,13,1023,13,0,-19,0,0,205
45,2,7,2,7,21,Greg,Cutler,47,67,0,24,17,63,0,5,2171,34,32828,55,24,0,0,84,0,1,0,21,0,0,55,2,47,1023,85,83,29,27,0,3,31,0,0,0,0,0,0,0,114,45,100,3,0,1,0,36,0,0,93,2,1,24,1,73,0,8,23,56,41,2,0,22,0,1,100,16,82,74,69,2,2,2,2,8,12,6,53,9,35,102,40,20,3,12,12,102,24,95,21,47,0,76,148,1023,0,0,-19,0,0,204
45,4,2,4,2,16,Luke,Sylvestre,63,43,0,1,21,56,0,7,2172,34,32829,48,27,0,0,78,1,0,0,26,0,0,51,2,47,1023,75,71,25,36,0,12,35,0,0,0,0,0,0,0,200,45,100,2,0,1,3,12,0,0,99,2,1,1,1,82,0,8,15,17,50,5,0,15,0,1,100,31,84,56,40,0,2,0,2,34,41,74,44,22,25,52,24,32,0,12,12,18,48,5,12,63,0,74,138,1023,0,0,-19,0,0,204
45,5,6,5,6,39,George,Harris,512,40,0,84,25,58,3,7,2173,34,32830,45,26,0,0,83,1,0,0,34,0,0,53,0,47,1023,71,81,25,13,0,3,25,0,4,0,0,6,0,6,96,45,100,4,1,2,0,28,0,0,92,0,2,84,2,90,0,8,32,77,58,4,0,24,0,1,100,28,91,81,85,2,3,2,3,38,55,8,64,27,26,51,33,7,3,12,12,100,65,19,14,512,0,79,168,1023,0,0,-19,0,0,150
45,3,5,3,5,19,Stansly,Rogers,150,52,0,130,11,61,3,0,2174,34,32831,47,27,0,0,91,1,0,0,16,0,0,51,2,47,1023,77,91,18,32,0,12,33,0,0,0,2,8,2,8,117,45,100,1,1,2,4,14,0,0,90,2,2,130,2,83,0,8,30,86,48,5,0,25,0,1,100,31,94,86,80,4,2,4,2,34,57,49,47,46,21,44,36,7,0,12,12,15,10,14,49,150,0,73,142,1023,0,0,-19,0,0,188
45,4,5,4,5,14,Matt,Smith,126,87,0,22,8,66,0,0,2175,34,32832,70,22,0,0,84,0,0,0,59,0,0,63,2,47,1023,74,31,58,67,0,7,71,0,0,0,0,0,0,0,139,45,100,0,0,2,0,1,0,0,29,1,2,22,2,57,0,8,16,51,61,0,0,69,0,1,100,27,78,81,66,3,2,3,2,19,16,78,58,32,28,73,35,31,0,2,2,5,35,45,2,126,0,70,98,1023,0,0,-19,0,0,303
45,1,6,1,6,24,Aaron,Hull,69,82,0,6,26,70,0,7,2176,34,32833,72,26,0,0,80,1,0,0,59,0,0,70,2,47,1023,59,68,22,26,0,8,32,0,0,0,0,7,0,7,70,45,100,3,0,1,2,37,0,0,35,0,1,6,1,59,0,8,23,38,61,4,0,52,6,1,100,29,57,66,73,0,1,0,1,4,13,0,32,16,39,10,9,37,0,17,17,21,0,28,14,69,0,71,47,1023,9,0,-19,0,0,187
45,4,4,4,4,22,K'Waun,Kearse,65,84,0,23,22,74,2,7,2177,34,32834,85,24,0,0,80,0,0,1,63,0,0,86,2,47,1023,80,68,33,26,0,8,33,0,0,0,0,2,0,2,9,45,100,3,1,1,0,2,0,0,49,1,1,23,1,75,0,8,20,68,71,2,0,34,0,1,100,26,53,80,82,4,4,4,4,2,17,37,34,20,27,5,3,4,0,17,17,24,1,14,13,65,1,70,32,1023,0,0,-19,0,0,205
45,1,7,1,7,27,Tre,Skuta,69,73,0,6,15,78,0,5,2178,34,32835,80,29,0,0,75,1,0,0,55,0,0,74,2,47,1023,34,11,48,44,0,8,63,0,0,0,0,0,0,0,176,45,100,2,2,1,0,34,0,0,34,2,1,6,1,61,0,8,34,32,62,7,0,71,0,1,100,15,61,60,54,0,4,0,4,1,16,39,34,20,32,78,1,35,1,1,1,3,8,29,4,69,0,71,65,1023,43,0,-19,0,0,204
45,3,7,3,7,18,Mike,Ringo,96,76,0,57,22,87,0,5,2179,34,32836,82,22,2,1,53,0,0,0,71,0,0,82,2,47,1023,83,32,18,18,0,1,73,0,0,0,2,0,2,0,3,45,100,2,2,3,0,24,0,0,42,2,3,57,3,84,0,8,17,66,68,0,0,73,0,1,100,17,73,72,69,0,2,0,2,4,13,68,1,32,27,65,2,19,0,1,1,8,9,13,18,96,0,67,59,1023,59,0,-19,0,0,198
45,7,5,7,5,32,Joshua,Exum Jr.,61,72,0,7,23,76,1,5,2180,34,32837,84,23,0,0,79,0,0,0,67,0,0,75,2,47,1023,57,24,34,35,0,7,67,0,0,0,0,0,0,0,178,45,100,2,2,1,0,23,0,0,32,2,1,7,1,88,0,8,26,46,66,1,0,71,0,1,100,28,65,65,61,0,2,0,2,27,47,35,3,25,22,51,26,5,1,1,1,17,6,24,8,61,1,72,53,1023,82,0,-19,0,0,39
45,4,0,4,0,29,Janoris,Collins,88,83,0,79,19,92,0,7,2181,34,32838,93,33,0,0,77,2,0,0,71,0,0,81,1,47,1023,92,31,32,42,0,7,87,0,0,0,9,7,9,7,226,45,100,3,3,1,0,28,0,0,36,2,1,79,1,86,0,8,29,99,69,11,0,82,0,1,100,19,76,85,79,2,0,2,0,7,9,32,57,34,21,1,26,31,0,1,1,14,9,21,1,88,1,72,69,1023,19,0,-19,0,0,178
45,0,0,0,0,20,Anthony,Goodley,102,73,0,13,88,39,0,5,2182,34,32839,45,28,0,0,38,1,0,0,25,0,0,26,0,47,1023,93,16,15,19,0,0,16,0,2,0,0,0,0,0,62,45,100,2,2,1,0,67,0,0,2,2,1,13,1,82,0,8,23,67,35,6,0,12,0,1,100,87,14,82,86,0,0,0,0,2,2,94,0,17,19,4,7,6,0,19,19,3,18,7,2,102,0,73,13,1023,0,0,-19,0,0,151
45,4,4,4,4,20,Akeem,Suh,286,73,0,20,24,73,0,0,2183,34,32840,75,25,0,0,89,1,0,0,31,0,0,68,2,47,1023,82,76,20,19,0,3,23,0,0,0,0,0,0,0,14,45,100,0,2,1,0,10,0,0,96,0,1,20,1,74,0,8,34,80,57,3,0,28,0,1,100,33,77,82,80,4,4,4,4,46,40,65,40,50,37,33,46,0,0,10,10,63,15,5,32,286,0,75,105,1023,0,0,-19,0,0,206
45,2,6,2,6,24,Margus,Whitehead,95,79,0,16,11,69,0,7,2184,34,32841,65,33,0,0,79,2,0,0,23,0,0,61,1,47,1023,68,74,27,29,0,3,32,0,0,0,8,1,8,1,211,45,100,0,2,1,0,3,0,0,97,2,1,16,1,89,0,8,16,59,50,11,0,21,0,1,100,15,80,74,74,2,1,2,1,1,38,21,2,24,22,100,53,24,0,10,10,77,3,16,18,95,0,76,137,1023,0,0,-19,0,0,177
45,5,0,5,0,11,Matt,Dobson,76,66,0,7,14,67,0,5,2185,34,32842,48,28,0,0,48,1,0,0,14,0,0,50,0,47,1023,89,13,74,76,0,3,13,8,4,0,0,0,0,0,110,45,100,0,0,1,0,2,0,0,78,0,1,7,1,52,0,8,16,33,17,6,0,21,0,1,100,17,87,64,53,0,2,0,2,15,14,31,67,21,26,8,7,24,0,6,6,88,78,23,4,76,0,76,156,1023,13,0,-19,0,0,164
45,5,1,5,1,37,Khalil,Minter,122,69,0,26,15,72,0,7,2186,34,32843,44,25,0,0,90,1,0,0,36,0,0,42,2,47,1023,82,28,91,86,0,3,24,0,0,0,2,0,2,0,212,45,100,2,0,1,4,29,0,0,64,0,1,26,1,84,0,8,16,71,22,3,0,31,0,1,100,17,86,79,68,0,2,0,2,5,21,6,59,26,36,53,53,27,0,6,6,71,36,31,0,122,0,75,138,1023,0,0,-19,0,0,186
45,6,7,6,7,26,T. J.,Sherman,122,89,0,54,15,83,3,1,2187,34,32844,81,23,0,0,78,0,0,0,51,0,0,80,2,47,1023,88,81,25,25,0,8,18,0,0,0,7,8,7,8,21,45,100,0,1,1,2,21,0,0,54,2,1,54,1,6,0,8,19,80,50,1,0,29,0,1,100,30,81,84,77,2,4,2,4,6,24,8,27,29,43,75,18,3,0,13,13,25,17,6,18,122,1,71,97,1023,0,0,-19,0,0,203
45,0,3,0,3,16,Stephen,Brown,80,67,0,52,19,73,0,7,2188,34,32845,48,26,0,0,45,1,1,1,14,0,0,52,2,47,1023,87,11,82,92,0,3,14,0,0,0,2,0,2,0,233,45,100,0,0,1,0,2,0,0,75,0,1,52,1,64,0,8,10,79,26,4,0,13,6,1,100,12,93,83,80,2,2,2,2,26,46,5,59,42,12,36,20,13,0,5,5,109,5,22,6,80,0,79,149,1023,12,0,-19,0,0,196
45,3,3,3,3,17,Bashaud,Ladouceur,94,68,0,14,12,72,0,5,2189,34,32846,51,28,0,0,75,1,0,0,11,0,0,58,2,47,1023,84,18,81,81,2,3,10,0,0,0,0,0,0,0,117,45,100,0,0,1,0,17,0,0,63,2,1,14,1,81,0,8,12,52,25,6,0,20,0,1,100,19,85,70,60,2,0,2,0,35,31,35,48,40,25,37,7,15,0,5,5,106,53,24,19,94,0,74,130,1023,9,0,-19,0,0,206
45,6,5,6,5,33,Brandon,Dawson,63,69,0,4,25,62,1,5,2190,34,32847,71,30,0,0,78,2,0,0,31,0,0,60,0,47,1023,73,66,26,35,0,3,33,0,2,0,9,7,9,7,110,45,100,2,0,1,0,36,0,0,55,0,1,4,1,99,0,8,23,19,53,8,0,30,0,1,100,29,70,56,64,0,0,0,0,1,29,89,28,24,42,68,1,13,2,14,14,3,0,53,22,63,2,73,61,1023,0,0,-19,0,0,164
45,5,3,5,3,13,Cardale,Mack,483,97,0,174,15,77,0,10,2191,34,32848,75,25,0,0,99,1,0,0,69,0,0,85,2,47,1023,96,86,25,24,0,2,43,0,0,0,9,2,9,2,135,45,100,0,0,3,0,22,0,0,59,0,3,174,3,52,0,8,35,81,66,3,0,44,0,1,100,21,80,86,84,2,0,2,0,38,23,56,67,37,30,1,24,21,3,14,14,21,8,23,15,483,1,71,81,1023,0,0,-19,0,0,207
45,0,0,0,0,19,Mike,Daniels,268,64,0,32,82,17,0,7,2192,34,32849,50,23,0,0,38,0,0,0,29,0,0,22,0,47,1023,76,16,32,19,0,5,15,0,2,0,0,0,0,0,179,45,100,3,2,4,0,50,1,0,16,1,4,32,4,8,0,8,27,52,17,1,0,22,0,1,100,88,31,75,78,0,0,0,0,3,2,98,46,22,24,34,12,18,0,20,20,45,3,15,0,268,0,73,35,1023,0,0,-19,0,0,157
45,0,0,0,0,86,Arthur,Ward,65,73,0,0,18,65,0,7,2193,34,32850,44,27,0,0,77,1,0,0,16,0,0,50,0,47,1023,58,16,11,12,0,0,43,7,2,0,0,0,0,0,25,45,100,3,1,1,0,71,0,0,9,2,1,0,1,77,0,8,80,13,47,5,0,35,0,1,100,23,41,48,25,1,2,0,2,1,0,94,34,0,38,5,0,5,0,0,0,12,7,28,1,65,1,75,27,1023,0,0,-19,0,0,157
45,0,0,0,0,85,Griff,Harbor,450,86,0,22,32,40,0,7,2194,34,32851,44,28,0,0,49,1,0,0,25,0,0,49,0,47,1023,8,19,23,13,0,0,39,0,2,0,0,0,0,0,164,45,100,3,1,1,0,50,0,0,3,2,1,22,1,73,0,8,90,78,40,6,0,45,0,1,100,30,58,76,77,2,0,2,0,1,2,57,9,16,28,3,1,2,0,0,0,55,8,13,8,450,0,76,66,1023,0,0,-19,0,0,162
45,0,0,0,0,83,Jonathan,Fua,147,76,0,58,13,58,0,0,2195,34,32852,56,26,0,0,75,1,0,0,29,0,0,57,0,47,1023,64,33,33,16,0,8,38,0,2,0,0,0,0,0,22,45,100,2,3,1,4,40,0,0,18,0,1,58,1,60,0,8,89,88,43,4,0,50,0,1,100,34,55,81,85,2,0,2,0,7,9,40,28,19,17,7,12,9,0,0,0,46,6,8,1,147,0,76,60,1023,0,0,-19,0,0,152
45,4,0,4,0,21,Reshad,Carradine,92,68,0,10,22,64,0,5,2196,34,32853,59,22,0,0,80,0,0,0,17,0,0,64,2,47,1023,58,66,28,32,0,3,21,0,0,0,0,0,0,0,20,45,100,3,0,2,0,49,0,0,94,2,2,10,2,79,0,8,29,0,59,0,0,19,0,1,100,12,70,56,38,0,0,0,0,10,46,44,61,18,44,12,7,12,0,11,11,102,12,84,3,92,0,74,94,1023,0,0,-19,0,0,212
45,7,5,7,5,21,Jason,Sendejo,146,78,0,46,22,76,0,5,2197,34,32854,73,21,0,0,87,0,0,0,17,0,0,68,2,47,1023,74,83,14,28,2,3,27,0,0,0,0,0,0,0,64,45,100,0,0,1,0,55,0,0,98,2,1,46,1,60,0,8,22,85,50,0,0,17,0,1,100,26,81,87,78,0,4,0,4,38,33,48,8,22,32,17,38,12,0,11,11,61,14,0,16,146,0,74,105,1023,0,0,-19,0,0,445
45,4,2,4,2,26,Vontae,Manning,103,65,0,12,15,82,0,10,2198,34,32855,74,33,0,0,70,2,1,2,33,0,0,74,2,47,1023,76,66,9,11,0,3,25,0,0,0,2,0,2,0,145,45,100,0,2,1,0,35,0,0,95,2,1,12,1,53,0,8,13,36,64,11,0,16,0,1,100,21,70,72,48,0,1,0,1,4,35,0,3,18,39,56,6,22,1,11,11,53,25,3,18,103,1,77,104,1023,7,0,-19,0,0,196
45,3,5,3,5,32,Bishop,Whitehead,546,69,0,72,17,73,0,7,2199,34,32856,38,24,0,0,87,0,0,0,30,0,0,47,0,47,1023,79,16,93,83,0,3,30,0,4,0,3,2,3,2,74,45,100,0,0,2,0,50,0,0,62,1,2,72,2,6,0,8,34,79,37,2,0,31,0,1,100,10,92,83,81,2,0,2,0,28,24,31,33,45,48,85,15,12,0,8,8,96,55,20,35,546,0,78,145,1023,0,0,-19,0,0,165
45,1,2,1,2,22,David,Stewart,113,58,0,11,19,77,0,7,2200,34,32857,45,24,0,0,72,0,0,2,21,0,0,43,0,47,1023,61,19,78,77,0,2,23,0,4,0,0,0,0,0,118,45,100,0,0,1,0,1,0,0,77,0,1,11,1,54,0,8,25,48,17,2,0,30,0,1,100,21,87,71,66,2,2,2,2,34,47,16,30,16,28,56,27,5,0,8,8,37,31,69,49,113,0,76,153,1023,0,0,-19,0,0,150
45,2,3,2,3,36,DeAndrew,Young,94,79,0,12,13,69,0,7,2201,34,32858,74,27,1,0,68,1,0,0,53,0,0,73,1,47,1023,71,76,27,33,1,8,33,0,0,0,1,0,1,0,118,45,100,0,2,1,0,31,0,0,52,2,1,12,1,72,0,8,22,52,52,5,0,31,0,1,100,22,74,72,69,0,0,0,0,36,25,40,13,26,50,31,35,8,1,15,15,83,14,10,26,94,2,74,79,1023,0,0,-19,0,0,178
45,4,6,4,6,30,Fletcher,Hopkins,106,85,0,36,34,74,3,7,2202,34,32859,75,27,0,0,85,1,0,0,51,0,0,82,0,47,1023,87,79,31,26,0,3,36,0,4,0,0,1,0,1,164,45,100,3,1,1,0,39,0,0,58,0,1,36,1,71,0,8,19,65,60,5,0,28,0,1,100,20,79,79,73,4,1,4,1,17,36,44,27,37,9,74,21,14,0,15,15,23,7,25,16,106,1,74,82,1023,0,0,-19,0,0,438
45,3,3,3,3,15,Tavon,Folk,60,38,0,4,23,51,0,7,2203,34,32860,37,29,0,0,81,1,0,0,17,0,0,33,0,47,1023,57,8,69,66,0,3,16,0,2,0,0,0,0,0,256,45,100,0,0,1,0,13,0,0,68,1,1,4,1,89,0,8,36,17,29,7,0,35,0,1,100,10,86,55,61,2,0,2,0,32,38,22,18,38,33,6,36,28,0,9,9,62,43,72,56,60,0,77,105,1023,0,0,-19,0,0,167
45,4,2,4,2,22,Kendall,Aubrey,170,50,0,52,16,50,0,7,2204,34,32861,40,24,0,0,87,0,0,0,31,0,0,40,0,47,1023,77,29,86,84,0,2,18,0,2,0,0,2,0,2,214,45,100,1,0,1,0,24,0,0,72,2,1,52,1,96,0,8,34,79,34,2,0,12,0,1,100,20,85,79,90,0,0,0,0,15,39,69,24,46,12,3,35,18,0,9,9,69,57,34,13,170,0,74,179,1023,0,0,-19,0,0,419
45,2,1,2,1,22,Anthony,Ellington,62,75,0,2,17,69,0,5,2205,34,32862,70,29,0,0,50,1,0,5,50,0,0,77,2,47,1023,76,63,21,27,0,8,38,0,0,0,9,1,9,1,89,45,100,2,0,1,0,47,0,0,22,2,1,2,1,67,0,8,24,23,70,7,0,40,0,1,100,24,57,54,55,3,0,3,0,7,17,69,8,35,18,50,0,29,1,18,18,18,5,26,4,62,0,71,65,1023,77,0,-19,0,0,197
45,4,2,4,2,16,Adrian,Gano,137,93,0,22,26,86,2,2,2206,34,32863,85,27,0,0,88,1,0,0,71,0,0,90,1,47,1023,90,73,10,30,0,0,29,0,0,0,0,2,0,2,117,45,100,2,0,1,0,35,0,0,21,0,1,22,1,93,0,8,20,72,81,5,0,41,0,1,100,13,71,81,65,0,0,0,0,0,19,63,9,30,36,56,0,36,0,18,18,46,3,22,21,137,0,71,37,1023,16,0,-19,0,0,24
45,5,2,5,2,12,Randall,Valles,180,77,0,18,24,74,0,0,2207,34,32864,74,26,0,0,73,1,0,2,63,0,0,78,2,47,1023,57,66,27,29,0,1,32,0,0,0,2,0,2,0,251,45,100,2,2,2,0,43,0,0,40,2,2,18,2,54,0,8,31,51,76,4,0,39,0,1,100,12,55,69,70,0,2,0,2,2,13,43,31,20,39,43,3,8,2,18,18,18,2,7,8,180,0,73,57,1023,8,0,-19,0,0,212
45,7,4,7,4,24,Demetrius,Diggs,62,63,0,5,26,71,0,7,2208,34,32865,69,26,0,1,70,1,0,1,65,0,0,70,2,47,1023,80,21,53,51,0,1,53,0,0,0,0,0,0,0,211,45,100,2,0,1,0,32,0,0,80,1,1,5,1,73,0,8,19,28,49,4,0,67,0,1,100,19,70,64,64,2,0,2,0,2,14,34,56,21,46,57,21,21,0,4,4,60,4,1,25,62,0,74,76,1023,0,0,-19,0,0,200
45,6,7,6,7,24,Stefan,Ellington,178,69,0,46,17,73,0,5,2209,34,32866,73,22,0,1,76,0,0,0,77,0,0,70,2,47,1023,60,21,65,64,0,8,58,0,0,0,8,0,8,0,160,45,100,2,3,2,0,3,0,0,82,1,2,46,2,5,0,8,30,62,51,0,0,65,0,1,100,27,66,81,71,0,0,0,0,5,31,32,58,22,36,56,20,23,0,4,4,68,10,7,23,178,0,74,104,1023,12,0,-19,0,0,187
45,4,4,4,4,15,Steven,Hogan,64,70,0,7,18,66,0,7,2210,34,32867,70,31,0,0,72,2,0,0,62,0,0,74,0,47,1023,57,31,55,56,1,6,62,0,0,0,0,7,0,7,116,45,100,0,2,1,0,43,0,0,89,1,1,7,1,94,0,8,17,26,53,9,0,51,0,1,100,23,68,64,55,2,3,2,3,7,17,34,52,28,46,27,4,18,0,4,4,66,4,14,16,64,0,78,85,1023,11,0,-19,0,0,166
45,7,4,7,4,23,Bacarri,Joyner,81,87,0,13,28,82,0,5,2211,34,32868,92,28,0,0,71,1,0,1,78,0,0,83,2,47,1023,69,29,31,32,0,1,57,0,0,0,1,0,1,0,152,45,100,0,0,1,0,56,0,0,88,2,1,13,1,60,0,8,28,47,86,6,0,52,0,1,100,23,51,74,63,0,4,0,4,3,31,78,8,17,43,9,8,3,0,3,3,31,3,7,16,81,0,74,51,1023,63,0,-19,0,0,186
45,6,2,6,2,14,Oday,Crowell,62,81,0,10,13,96,0,7,2212,34,32869,91,26,1,0,72,1,0,0,68,0,0,84,2,47,1023,67,34,26,23,0,8,37,0,0,0,7,0,7,0,254,45,100,2,2,1,3,3,0,0,86,2,1,10,1,80,0,8,36,26,74,4,0,58,0,1,100,19,41,66,53,0,0,0,0,9,9,71,36,18,33,35,1,22,2,3,3,34,0,14,16,62,1,71,28,1023,71,0,-19,0,0,197
45,2,3,2,3,28,Tevin,Reaser,127,90,0,40,19,92,0,7,2213,34,32870,91,22,0,0,87,0,0,0,80,0,0,91,2,47,1023,84,32,37,35,0,1,69,0,0,0,0,0,0,0,26,45,100,1,2,1,0,2,0,0,84,2,1,40,1,73,0,8,31,62,92,0,0,80,0,1,100,24,55,82,69,0,4,0,4,8,27,103,1,3,33,4,9,28,0,3,3,6,2,5,4,127,0,75,49,1023,40,0,-19,0,0,194
45,4,7,4,7,17,Lavonte,Sherman,76,92,0,59,16,85,0,7,2214,34,32871,88,23,0,0,88,0,0,0,86,0,0,87,1,47,1023,80,16,26,29,0,0,60,0,0,0,0,0,0,0,215,45,100,4,2,1,0,54,0,0,83,0,1,59,1,70,0,8,30,76,86,1,0,66,0,1,100,25,63,83,84,0,0,0,0,4,27,82,5,27,25,2,4,27,0,3,3,38,0,6,8,76,0,73,50,1023,35,0,-19,0,0,177
45,4,1,4,1,18,Daniel,Donnal,446,86,0,49,32,82,0,7,2215,34,32872,88,30,0,0,72,1,0,0,81,0,0,85,2,47,1023,39,29,25,39,0,9,61,6,0,0,0,2,0,2,96,45,100,0,0,1,4,33,0,0,81,2,1,49,1,4,0,8,24,60,88,8,0,80,0,1,100,33,53,78,76,4,4,4,4,7,9,85,7,11,11,54,4,22,0,3,3,7,8,3,8,446,0,76,58,1023,36,0,-19,0,0,195
45,7,3,7,3,30,Amini,Gachkar,63,61,0,1,22,41,0,5,2216,34,32873,71,25,0,0,55,1,0,0,42,0,0,59,2,47,1023,46,66,17,20,0,12,27,0,0,0,7,9,7,9,254,45,100,1,0,1,3,18,0,0,57,2,1,1,1,82,0,8,17,13,53,3,0,21,0,1,100,36,67,54,63,3,0,3,0,0,47,68,14,16,29,5,18,7,1,13,13,68,9,20,26,63,1,74,81,1023,0,0,-19,0,0,439
45,4,4,4,4,30,Rabih,Abdullah,20,90,0,0,25,84,0,5,28095,6,28095,90,25,0,0,82,2,0,0,70,0,0,80,1,11,1009,88,25,30,30,0,11,68,0,0,0,0,0,0,0,103,45,100,0,0,2,4,0,0,0,27,1,2,0,2,70,0,5,35,42,90,1,0,76,0,1,90,25,61,69,52,0,0,0,0,3,4,3,10,3,10,10,10,11,0,1,1,5,10,10,7,60,0,72,60,999,55,0,-31,0,0,204
45,0,0,0,0,98,Joe,Montana,60,99,0,0,17,66,0,7,28095,403,28095,67,33,0,0,99,2,0,0,20,0,0,66,0,63,1023,99,25,25,25,0,1,48,0,2,0,0,0,0,0,52,17,100,0,0,2,0,26,0,0,21,2,2,0,2,76,0,15,92,65,52,19,0,75,0,1,100,17,64,99,99,2,2,2,2,7,6,61,18,7,4,71,0,5,0,0,0,34,0,7,4,60,0,74,37,999,0,31,-31,0,0,153
45,4,4,4,4,10,Tim,Seder,30,68,0,0,80,31,0,4,28096,11,28096,80,26,0,0,50,2,0,0,26,0,0,35,0,21,1015,89,11,17,11,0,12,12,0,2,0,0,0,0,0,265,45,100,0,0,1,4,0,0,0,6,0,2,0,3,0,0,7,16,31,36,0,0,17,0,1,90,82,15,61,73,0,0,0,0,17,7,13,10,7,10,12,10,13,0,19,4,10,10,2,12,120,0,69,20,999,0,0,-31,0,0,204
45,0,0,0,0,25,Reggie,White,120,99,0,0,25,90,0,7,28096,21,28096,78,39,0,0,99,2,0,0,36,0,0,78,2,63,1023,99,94,25,25,0,1,60,0,0,0,0,0,0,0,211,40,100,0,0,3,0,30,0,0,92,2,3,0,3,1,0,15,25,58,60,15,0,37,0,1,100,25,90,99,99,2,2,2,2,2,25,22,7,22,37,34,15,22,0,10,10,10,15,16,9,120,0,77,125,999,0,31,-31,0,0,187
45,4,4,4,4,25,Bobby,Brooks,0,92,0,0,20,78,0,7,28097,23,28097,76,24,0,0,85,0,0,0,56,0,0,74,3,5,1015,89,80,25,35,0,8,10,0,0,0,0,0,0,0,166,45,100,2,2,2,0,75,0,0,55,0,3,0,4,20,0,6,25,25,82,1,0,30,0,0,90,20,66,68,66,0,0,0,0,6,1,11,10,5,10,12,10,15,0,14,14,10,10,1,6,160,0,74,80,999,0,0,-31,0,0,204
45,0,0,0,0,76,Todd,Husak,38,90,0,0,25,79,0,7,28098,26,28098,79,22,0,0,78,0,0,0,30,0,0,82,0,31,1009,92,10,10,15,0,1,55,0,2,0,0,0,0,0,265,45,100,2,2,1,0,45,0,0,8,2,1,0,1,70,0,7,84,37,70,0,0,68,0,1,95,25,54,66,48,3,3,0,0,2,7,0,10,3,10,6,10,3,0,0,0,4,10,7,3,38,0,75,56,999,0,0,-31,0,0,153
45,2,2,2,2,30,Selvin,Young,60,90,0,0,25,92,0,5,28099,0,28099,91,23,0,0,76,0,0,0,73,0,0,92,2,63,1009,78,30,40,30,0,8,76,0,0,0,8,8,8,8,214,45,100,0,0,2,0,0,0,0,35,2,2,0,2,85,0,15,35,57,80,1,0,78,0,1,90,25,66,80,58,0,0,0,0,4,7,25,10,4,10,9,10,11,0,1,1,7,10,3,6,60,0,71,47,999,60,0,-31,0,0,204
45,3,3,3,3,20,Kenton,Keith,36,82,0,0,25,88,0,10,28100,0,28100,88,27,0,0,70,1,0,0,72,0,0,88,2,63,1009,86,25,35,30,0,7,72,0,0,0,0,0,0,0,144,45,100,0,0,1,2,1,0,0,36,1,1,0,1,60,0,15,20,51,78,2,0,78,0,1,90,25,60,76,66,0,0,0,0,4,7,25,10,4,10,9,10,11,0,1,1,7,10,3,6,36,0,71,50,999,65,0,-31,0,0,188
45,4,4,4,4,30,Jerald,Moore,30,88,0,0,25,85,3,5,28102,27,28102,88,26,0,0,78,0,0,0,62,0,0,81,2,40,1015,90,25,25,25,0,11,75,0,0,0,0,1,0,1,110,45,100,0,0,1,4,0,0,0,32,0,1,0,3,65,0,7,30,40,80,4,0,75,0,1,95,25,77,72,62,0,0,0,0,4,7,25,10,4,10,9,10,11,0,1,1,7,10,3,6,120,0,69,65,999,70,0,-31,0,0,204
45,2,2,2,2,23,Robert,Chancey,0,76,0,0,26,77,0,7,28104,8,28104,76,28,0,0,80,0,0,0,56,0,0,77,2,3,1015,80,16,65,65,1,3,60,0,3,0,2,2,2,2,264,45,100,0,0,1,0,0,0,0,32,2,1,0,4,0,0,6,29,51,68,3,0,59,0,0,90,18,70,61,70,0,2,0,2,17,10,24,10,25,5,17,0,0,0,1,6,25,0,3,0,200,0,72,90,999,0,0,-31,0,0,204
45,2,2,2,2,35,Roy,Hall,180,88,0,20,20,85,0,7,28105,0,28105,91,23,0,1,80,0,0,0,74,0,0,88,1,32,1015,91,20,30,40,0,7,62,0,0,0,0,0,0,0,156,45,100,0,0,4,0,0,0,0,83,2,4,20,4,85,0,5,40,34,93,1,0,58,0,1,90,20,62,72,46,0,0,0,0,5,7,0,10,5,10,5,10,5,0,3,3,4,10,4,5,180,0,75,80,999,60,0,-31,0,0,177
45,4,4,4,4,70,Legedu,Naanee,200,92,0,40,25,91,0,5,28106,0,28106,91,23,0,1,85,0,0,0,78,0,0,89,2,35,1015,92,30,40,48,0,7,66,0,0,0,8,8,8,8,19,45,100,0,0,4,0,0,0,0,40,2,4,40,4,80,0,5,75,40,95,1,0,68,0,1,90,25,75,79,54,0,0,0,0,5,7,0,10,5,10,5,10,5,0,4,4,4,10,4,5,200,0,74,66,999,60,0,-31,0,0,195
45,4,4,4,4,30,Billy,Austin,20,90,0,0,25,95,0,7,28107,10,28107,95,25,0,0,64,0,0,0,64,0,0,92,2,2,1015,80,48,15,20,0,7,20,0,0,0,0,0,0,0,145,45,100,6,6,3,0,0,0,0,47,2,3,0,4,0,0,7,30,26,94,2,0,55,0,1,95,25,54,65,34,0,2,0,2,7,10,0,10,0,10,4,10,5,0,17,17,5,10,10,2,200,0,70,35,999,65,0,-31,0,0,204
45,2,2,2,2,30,Todd,Yoder,20,90,1,0,25,72,0,7,28108,6,28108,73,22,0,0,82,0,0,0,78,0,0,65,0,25,1015,90,25,48,54,0,6,57,0,2,0,0,0,0,0,238,45,100,1,1,1,0,45,0,0,80,2,4,0,4,0,0,5,30,29,75,0,0,55,0,1,95,25,67,69,56,0,0,0,0,3,4,3,10,3,10,10,10,11,0,4,4,5,10,10,7,200,0,76,102,999,0,0,-31,0,0,166
45,4,4,4,4,78,Casey,Printers,0,92,0,0,25,74,0,5,28109,0,28109,74,26,0,0,65,0,0,0,35,0,0,74,2,63,9,74,25,15,20,0,11,66,0,0,0,0,0,0,0,63,45,100,0,0,0,4,0,0,0,1,1,0,0,0,65,0,15,88,48,80,2,0,68,0,1,90,25,62,70,52,0,0,0,0,3,4,3,10,3,10,10,10,11,0,0,0,5,10,10,7,0,0,74,62,999,25,0,-31,0,0,203
45,3,3,3,3,25,Victor,Allotey,20,74,0,0,25,74,0,7,28110,3,28110,54,23,0,0,93,0,0,0,25,0,0,56,2,22,1015,96,20,80,76,0,3,10,0,0,0,0,0,0,0,86,45,100,0,0,3,0,0,0,0,66,0,3,0,4,0,0,6,30,25,30,2,0,25,0,0,90,25,84,67,50,2,2,2,2,18,8,25,10,6,5,18,10,16,0,8,8,20,10,6,12,200,0,75,160,999,0,0,-31,0,0,204
45,2,2,2,2,30,Eddie,Mason,40,92,0,0,25,88,0,5,28111,26,28111,85,28,2,0,88,0,0,0,57,0,0,87,2,16,1015,90,76,25,35,0,3,20,0,0,0,7,7,7,7,74,45,100,0,0,2,0,40,0,0,53,2,4,0,4,0,0,2,30,40,85,5,0,30,0,1,95,25,68,72,44,0,0,0,0,6,1,11,10,5,10,12,10,15,0,15,15,10,10,1,6,360,0,72,73,999,0,0,-31,0,0,204
45,2,2,2,2,25,Gaylon,Hyder,160,68,0,20,20,76,0,7,28112,24,28112,60,26,0,0,78,0,0,0,25,0,0,58,0,29,1015,74,77,25,45,0,3,10,0,2,0,0,0,0,0,207,45,100,1,1,4,0,75,0,0,94,2,4,20,4,0,0,5,25,34,50,1,0,20,0,1,95,20,84,72,54,0,2,0,2,15,0,0,10,14,10,21,10,17,0,12,12,19,10,8,12,160,0,77,130,999,0,0,-31,0,0,204
45,0,0,0,0,78,Matt,Gutierrez,0,90,0,0,25,66,0,7,28113,1009,28113,65,23,0,1,85,0,0,0,30,0,0,66,0,63,1009,78,25,20,25,0,0,54,0,0,0,0,0,0,0,83,45,100,3,3,0,0,45,0,0,7,2,0,0,2,60,0,15,87,30,65,1,0,64,0,1,95,25,65,67,54,1,2,2,2,5,7,0,10,5,10,5,10,5,0,0,0,6,10,7,5,70,0,76,71,999,0,0,-31,0,0,158
45,3,2,3,2,20,Will,Herring,180,88,0,20,20,82,0,7,28115,0,28115,82,23,0,1,82,0,0,0,55,0,0,80,0,21,1015,95,78,25,35,0,8,35,0,2,0,8,0,8,0,14,45,100,0,0,4,0,0,0,0,54,2,4,20,4,75,0,5,20,36,75,1,0,25,0,1,92,20,66,74,60,4,0,4,0,6,1,11,10,5,10,12,10,15,0,15,15,10,10,1,6,180,0,75,61,999,0,0,-31,0,0,168
45,3,3,3,3,30,Courtney,Taylor,200,90,0,40,25,85,0,7,28116,0,28116,88,23,0,0,80,0,0,0,74,0,0,89,2,23,1015,88,25,35,45,0,0,60,0,0,0,8,8,8,8,14,45,100,3,3,4,0,40,0,0,86,2,4,40,4,85,0,6,35,36,90,1,0,60,0,1,90,25,64,72,52,0,0,0,0,5,7,0,10,5,10,5,10,5,0,3,3,4,10,4,5,200,0,74,44,999,50,0,-31,0,0,195
45,2,2,2,2,25,Josh,Gattis,24,90,0,0,25,90,0,7,28117,0,28117,89,23,0,0,79,0,0,0,66,0,0,89,2,13,1009,92,60,25,30,0,7,48,0,0,0,7,7,7,7,249,45,100,0,0,1,2,35,0,0,43,1,1,0,1,70,0,5,25,40,88,1,0,55,0,1,95,25,64,76,58,3,3,3,3,8,10,3,10,5,10,6,10,4,0,17,17,5,10,10,5,24,0,73,53,999,45,0,-31,0,0,196
45,4,4,4,4,35,Robert,Douglas,0,84,0,0,25,76,3,7,28118,0,28118,76,25,0,0,70,0,0,0,60,0,0,70,2,63,16,79,55,45,58,0,11,70,0,0,0,0,1,0,1,114,45,100,0,0,0,4,0,0,0,24,0,0,0,0,65,0,15,35,36,75,2,0,70,0,1,95,25,72,74,55,0,0,0,0,4,7,25,10,4,10,9,10,11,0,2,2,7,10,3,6,0,0,74,78,999,40,0,-31,0,0,190
45,0,0,0,0,85,Mike,Quinn,0,92,0,0,20,70,0,5,28119,12,28119,72,26,0,1,84,0,0,0,25,0,0,70,0,63,1,90,20,15,20,0,6,40,0,0,0,0,0,0,0,181,45,100,0,0,0,0,0,0,0,4,0,0,0,0,0,0,15,83,43,75,3,0,55,0,1,90,20,48,72,58,2,3,0,0,5,7,0,10,5,10,5,10,5,0,0,0,6,10,7,5,0,0,76,56,999,0,0,-31,0,0,204
45,0,0,0,0,78,Billy,Volek,0,90,0,0,20,82,0,7,28120,30,28120,80,24,0,1,78,0,0,0,55,0,0,84,0,63,32,89,55,15,20,0,0,54,0,2,0,0,0,0,0,66,45,100,0,0,0,0,0,0,0,12,0,0,0,0,0,0,15,82,43,75,0,0,65,0,1,95,20,50,68,52,2,2,2,2,5,7,0,10,5,10,5,10,5,0,0,0,6,10,7,5,0,0,74,54,999,45,0,-31,0,0,204
45,4,4,4,4,25,Paul,Oliver,80,94,0,5,20,89,0,5,28122,0,28122,88,23,0,0,82,0,0,0,68,0,0,92,2,63,1009,94,70,20,25,0,7,30,0,0,0,0,0,0,0,70,30,100,2,3,1,0,40,0,0,25,0,1,5,1,80,0,15,25,39,86,1,0,48,0,1,90,20,64,72,46,2,0,2,0,0,10,5,10,3,10,7,10,6,0,16,16,6,10,4,2,80,0,72,45,999,55,0,-31,0,0,195
45,3,3,3,3,20,Matt,Willig,20,72,0,0,20,82,0,5,28123,15,28123,69,31,0,0,85,0,0,0,15,0,0,70,1,63,1009,88,20,86,80,0,13,10,0,0,0,0,0,0,0,111,45,100,0,0,1,4,0,0,0,77,0,3,0,3,0,0,15,20,42,70,8,0,10,0,0,95,20,88,74,54,0,0,0,0,18,8,25,10,6,5,18,10,16,0,5,5,20,10,6,12,120,0,80,155,999,0,0,-31,0,0,204
45,2,2,2,2,25,Trey,Lewis,120,65,0,0,20,64,0,7,28124,0,28124,62,22,0,0,88,0,0,0,25,0,0,58,2,11,1015,90,82,25,45,0,3,10,0,0,0,9,9,9,9,265,45,100,0,0,3,0,40,0,0,67,1,3,0,3,70,0,6,25,54,70,1,0,30,0,1,95,20,86,76,65,0,0,0,0,15,0,0,10,14,10,21,10,17,0,12,12,19,10,8,12,120,0,75,160,999,0,0,-31,0,0,188
45,2,3,2,3,30,Daren,Stone,120,90,0,24,25,92,0,7,28125,0,28125,90,22,0,0,88,0,0,0,66,0,0,88,2,29,1015,92,74,25,30,0,8,30,0,0,0,7,7,7,7,108,45,100,5,5,3,2,0,0,0,39,2,3,24,3,85,0,6,30,44,94,1,0,55,0,1,95,25,60,75,52,0,0,0,0,7,10,3,10,4,10,8,10,6,0,18,18,5,10,8,4,120,0,75,57,999,55,0,-31,0,0,195
45,0,0,0,0,30,Derek,Schouman,0,82,0,0,25,78,0,7,28127,0,28127,78,22,0,0,78,0,0,0,70,0,0,76,0,12,1015,80,30,50,58,0,8,60,0,2,0,0,0,0,0,19,45,100,0,0,0,0,0,0,0,80,2,0,0,0,70,0,7,30,39,85,1,0,68,0,1,90,25,72,72,50,0,0,0,0,10,3,26,0,0,0,0,0,0,0,4,4,8,3,5,2,0,0,74,73,999,30,0,-31,0,0,154
45,4,4,4,4,30,Cory,Geason,160,84,0,20,25,72,0,7,28129,29,28129,76,25,0,1,80,0,0,0,72,0,0,78,1,18,1015,90,45,45,56,0,6,60,0,0,0,3,3,3,3,160,45,100,0,0,4,0,0,0,0,85,2,4,20,4,75,0,5,30,37,84,0,0,70,0,1,90,25,71,72,60,0,0,0,0,3,4,3,10,3,10,10,10,11,0,4,4,5,10,10,7,160,0,75,95,999,30,0,-31,0,0,204
45,4,4,4,4,30,Raion,Hill,28,91,0,0,25,91,0,7,28130,3,28130,90,24,0,0,80,0,0,0,64,0,0,92,2,16,1015,92,60,20,30,0,8,30,0,0,0,0,0,0,0,106,45,100,2,2,1,0,80,0,0,39,2,1,0,1,80,0,7,30,38,88,0,0,50,0,1,90,25,56,69,44,0,0,0,0,1,10,2,10,0,10,4,10,7,0,17,17,5,10,6,4,28,0,72,40,999,50,0,-31,0,0,204
45,4,4,4,4,30,Wasswa,Serwanga,30,73,0,0,25,93,0,5,28132,31,28132,92,24,0,0,75,0,0,0,70,0,0,88,1,31,1015,87,54,25,30,0,8,40,0,0,0,0,0,0,0,226,45,100,2,2,1,0,80,0,0,29,2,2,0,4,0,0,5,35,51,88,1,0,65,0,1,90,25,47,77,62,0,0,0,0,1,10,2,10,0,10,4,10,7,0,16,16,5,10,6,4,180,0,71,43,999,0,0,-31,0,0,204
45,4,4,4,4,30,Trumaine,McBride,180,92,0,0,25,90,0,5,28133,0,28133,89,21,0,0,79,0,0,0,64,0,0,92,2,11,1015,94,59,25,30,0,8,40,0,0,0,0,0,0,0,159,45,100,2,2,4,0,80,0,0,26,2,4,0,4,80,0,7,35,45,87,1,0,65,0,1,90,25,56,77,68,0,0,0,0,1,10,2,10,0,10,4,10,7,0,16,16,5,10,6,4,180,0,69,25,999,65,0,-31,0,0,206
45,2,2,2,2,30,Sale,Isaia,20,78,0,0,25,68,0,7,28136,22,28136,54,28,0,0,85,0,0,0,55,0,0,68,0,20,1015,92,64,82,84,2,3,15,0,2,0,2,2,2,2,226,45,100,0,0,1,0,0,0,0,72,0,1,0,4,0,0,7,30,39,60,5,0,60,0,0,95,25,85,78,70,2,2,2,2,18,8,25,10,6,5,18,10,16,0,6,8,20,10,6,12,120,0,77,160,999,0,0,-31,0,0,204
45,4,4,4,4,35,Ronnie,Heard,30,90,0,0,25,82,0,5,28137,15,28137,90,24,0,1,84,0,0,0,64,0,0,83,1,43,1015,92,70,25,30,0,8,50,0,0,0,0,0,0,0,152,45,100,2,2,1,0,80,0,0,38,2,3,0,3,0,0,7,35,40,86,0,0,65,0,1,90,25,65,79,68,0,0,0,0,1,10,2,10,0,10,4,10,7,0,18,18,5,10,6,4,120,0,75,55,999,55,0,-31,0,0,204
45,4,4,4,4,35,Jason,Bostic,20,90,0,0,25,90,0,10,28138,13,28138,89,24,0,1,78,0,0,0,72,0,0,89,1,3,1015,92,50,25,30,0,8,50,0,0,0,0,0,0,0,71,45,100,2,2,2,0,80,0,0,32,2,2,0,4,0,0,5,35,39,86,1,0,60,0,1,90,25,49,71,52,0,0,0,0,1,10,2,10,0,10,4,10,7,0,16,16,5,10,6,4,160,0,69,30,999,80,0,-31,0,0,204
45,3,3,3,3,35,Chase,Pittman,0,78,0,0,25,76,0,9,28140,0,28140,70,24,0,0,79,0,0,0,30,0,0,68,0,3,1015,88,74,25,35,0,3,25,0,2,0,0,0,0,0,106,45,100,0,0,0,0,0,0,0,97,1,0,0,0,60,0,7,35,49,65,1,0,25,0,1,94,25,75,74,54,0,0,0,0,15,0,0,10,14,10,21,10,17,0,10,10,19,10,8,12,0,0,77,115,999,0,0,-31,0,0,154
45,2,2,2,2,35,Curtis,Jackson,0,90,0,0,25,90,0,7,28141,22,28141,88,27,0,0,68,0,0,0,79,0,0,93,2,24,5,80,20,25,30,0,7,55,0,0,0,0,0,0,0,8,45,100,0,0,0,2,0,0,0,82,2,0,0,0,80,0,7,35,44,90,0,0,68,0,1,90,25,50,74,48,0,2,0,2,5,7,0,10,5,10,5,10,5,0,3,3,4,10,4,5,0,0,70,30,999,90,0,-31,0,0,204
45,0,0,0,0,50,Rian,Lindell,30,75,0,0,88,60,0,7,28142,28,28142,58,23,0,0,65,0,0,0,40,0,0,60,1,9,1015,90,15,10,10,0,0,10,0,2,0,0,0,0,0,251,45,100,2,2,1,0,55,0,0,9,1,3,0,4,0,0,7,55,57,50,0,0,40,0,1,95,82,55,74,76,0,0,0,0,5,7,0,10,5,10,5,10,5,0,19,19,5,10,4,5,160,0,75,67,999,0,0,-31,0,0,204
45,4,4,4,4,71,Anthony,Wright,37,74,0,0,16,69,0,7,28143,11,28143,78,24,0,0,70,0,0,0,24,0,0,63,1,21,1015,70,29,18,14,0,7,47,0,0,0,0,0,0,0,227,45,100,0,0,1,2,14,0,0,2,2,2,0,3,0,0,6,78,51,51,0,0,37,0,1,90,26,56,63,59,2,2,2,2,23,10,24,10,24,10,16,10,24,2,0,2,22,10,7,12,120,0,73,35,999,0,0,-31,0,0,204
45,2,2,2,2,18,Kywin,Supernaw,37,90,0,0,22,85,0,5,28145,19,28145,83,25,0,0,85,0,0,0,46,0,0,82,0,21,1009,75,79,15,14,0,8,45,0,0,0,0,0,0,0,4,45,100,0,0,1,0,0,0,0,29,0,1,0,0,0,0,5,10,31,90,3,0,39,0,1,90,15,52,70,58,3,0,3,0,6,1,11,10,5,10,12,10,15,0,17,15,10,10,1,6,0,0,73,46,999,0,0,-31,0,0,204
45,4,4,4,4,35,Michael,Coe,160,90,0,20,25,90,0,5,28147,0,28147,89,23,0,1,76,0,0,0,59,0,0,90,2,36,1015,89,56,20,25,0,8,35,0,0,0,0,0,0,0,5,45,100,2,2,4,0,80,0,0,25,2,4,20,4,70,0,5,35,33,90,1,0,52,0,1,90,25,50,68,48,0,0,0,0,1,10,2,10,0,10,4,10,7,3,16,16,5,10,6,4,160,0,72,30,999,60,0,-31,0,0,188
45,4,4,4,4,30,Keyunta,Dawson,180,84,0,20,25,82,0,5,28148,0,28148,80,21,0,0,79,0,0,0,38,0,0,78,2,32,1015,92,72,25,35,0,3,25,0,0,0,0,0,0,0,217,45,100,0,0,4,0,0,0,0,61,0,4,20,4,70,0,7,30,48,75,1,0,30,0,0,90,25,74,80,50,0,2,0,2,9,5,7,10,5,10,11,10,9,2,10,10,8,10,10,10,180,0,75,94,999,0,0,-31,0,0,206
45,2,2,2,2,25,Michael,Moore,20,64,0,0,20,56,0,5,28149,26,28149,48,24,0,0,84,0,0,0,25,0,0,48,2,12,1015,92,60,80,80,0,3,10,0,0,0,9,9,9,9,169,45,100,0,0,1,0,40,0,0,66,1,1,0,4,0,0,5,25,22,50,0,0,30,0,1,95,20,87,69,60,0,0,0,0,15,0,0,10,14,10,21,10,17,0,6,6,19,10,8,12,180,0,74,158,999,0,0,-31,0,0,188
45,2,2,2,2,10,Reggie,Jackson,120,84,0,0,12,96,0,5,28150,0,28150,92,27,0,0,72,0,0,0,76,0,0,94,2,19,1015,80,22,24,24,0,7,60,0,0,0,0,0,0,0,185,45,100,0,0,2,2,0,0,0,84,2,3,0,3,70,0,7,30,50,81,4,0,62,0,1,90,10,50,82,83,0,2,0,2,5,7,0,10,5,10,5,10,5,0,3,3,4,10,4,5,120,0,72,30,999,78,0,-31,0,0,204
45,2,2,2,2,35,Brian,Walker,52,81,0,0,20,82,0,5,28151,12,28151,88,28,0,0,68,0,0,0,64,0,0,82,2,41,1015,84,61,35,55,0,8,68,0,0,0,0,0,0,0,265,45,100,0,0,1,0,0,0,0,45,0,2,0,3,0,0,7,35,33,80,4,0,28,0,1,90,20,49,74,71,3,0,3,0,6,1,11,10,5,10,12,10,15,0,18,18,10,10,1,6,120,0,73,45,999,0,0,-31,0,0,204
45,2,2,2,2,30,Hank,Fraley,0,75,0,0,25,62,0,9,28152,13,28152,52,24,0,0,70,0,0,0,30,0,0,50,0,42,17,82,25,74,78,2,3,15,0,2,0,2,2,2,2,173,45,100,0,0,0,0,0,0,0,63,0,0,0,0,0,0,7,30,50,50,0,0,35,0,0,95,25,87,65,54,2,2,2,2,18,8,25,10,6,5,18,10,16,0,8,5,20,10,6,12,0,0,75,150,999,0,0,-31,0,0,204
45,2,2,2,2,35,Kelvin,Smith,0,86,0,0,20,77,0,5,28153,0,28153,76,23,0,0,92,0,0,0,55,0,0,78,2,9,1015,92,76,25,35,0,8,40,0,0,0,0,0,0,0,205,45,100,0,0,0,0,0,0,0,58,0,0,0,0,65,0,7,35,16,76,1,0,35,0,1,90,20,77,61,48,3,0,3,0,6,1,11,10,5,10,12,10,15,0,14,14,10,10,1,6,0,0,74,73,999,0,0,-31,0,0,188
45,0,0,0,0,50,Brandon,Fields,140,75,0,0,82,62,0,7,28154,0,28154,60,23,0,0,65,0,0,0,40,0,0,60,0,15,1015,90,15,10,10,0,0,10,0,2,0,0,0,0,0,118,45,100,2,2,4,0,55,0,0,4,1,4,0,4,80,0,7,55,44,50,1,0,40,0,1,95,92,58,78,66,0,0,0,0,5,7,0,10,5,10,5,10,5,0,20,20,5,10,4,5,140,0,77,76,999,0,0,-31,0,0,153
45,2,2,2,2,30,Justin,Rogers,60,88,0,0,20,82,0,7,28157,0,28157,75,24,0,0,80,0,0,0,46,0,0,78,0,6,1015,90,78,25,40,0,8,55,0,1,0,0,0,0,0,192,45,100,0,0,2,0,0,0,0,50,0,2,0,2,65,0,6,30,32,80,1,0,50,0,1,90,20,72,70,56,3,0,3,0,6,1,11,10,5,10,12,10,15,0,15,15,10,10,1,6,60,0,76,90,999,0,0,-31,0,0,153
45,2,2,2,2,30,Oscar,Lua,0,86,0,0,20,74,0,7,28161,0,28161,72,23,0,0,70,0,0,0,46,0,0,74,1,1,1015,80,78,25,40,0,8,35,0,0,0,0,0,0,0,231,45,100,0,0,0,0,0,0,0,49,0,0,0,0,65,0,7,30,22,75,1,0,50,0,1,90,20,78,67,60,3,0,3,0,6,1,11,10,5,10,12,10,15,0,14,14,10,10,1,6,0,0,72,78,999,0,0,-31,0,0,183
45,4,4,4,4,35,David,Jones,0,91,0,0,25,92,0,10,28163,0,28163,91,21,0,0,78,0,0,0,70,0,0,93,2,8,1009,92,52,20,25,0,8,30,0,0,0,0,0,0,0,265,45,100,2,2,0,0,80,0,0,20,2,0,0,0,80,0,5,35,36,90,1,0,58,0,1,90,25,52,71,46,0,0,0,0,1,10,2,10,0,10,4,10,7,0,16,16,5,10,6,4,0,0,72,36,999,80,0,-31,0,0,188
45,2,2,2,2,30,Marvin,Mitchell,120,86,0,0,20,72,0,5,28164,0,28164,73,22,0,0,75,0,0,0,52,0,0,74,2,10,1015,82,78,25,30,0,8,35,0,0,0,0,0,0,0,211,45,100,0,0,3,0,0,0,0,50,0,3,0,3,65,0,7,30,23,72,1,0,35,0,1,90,20,77,63,54,3,0,3,0,6,1,11,10,5,10,12,10,15,0,14,14,10,10,1,6,120,0,75,90,999,0,0,-31,0,0,188
45,2,2,2,2,30,Adam,Koets,36,77,0,0,25,68,0,7,28165,0,28165,56,23,0,0,88,0,0,0,30,0,0,54,0,15,1009,94,25,78,74,2,3,15,0,2,0,2,2,2,2,161,45,100,0,0,1,0,0,0,0,61,0,1,0,1,60,0,6,30,20,50,1,0,35,0,0,95,25,84,63,54,2,2,2,2,18,8,25,10,6,5,18,10,16,0,9,9,20,10,6,12,36,0,78,134,999,0,0,-31,0,0,154
45,2,3,2,3,30,Michael,Johnson,38,90,0,0,25,90,0,5,28166,0,28166,89,23,0,0,78,0,0,0,62,0,0,88,2,14,1015,89,60,25,30,0,8,30,0,0,0,7,7,7,7,8,45,100,5,5,1,2,0,0,0,43,2,1,0,1,80,0,7,30,41,85,1,0,55,0,1,95,25,56,74,58,0,0,0,0,7,10,3,10,4,10,8,10,6,0,17,17,5,10,8,4,38,0,74,51,999,55,0,-31,0,0,195
45,4,4,4,4,30,Jay,Richardson,120,84,0,0,25,72,0,5,28167,0,28167,70,23,0,0,77,0,0,0,38,0,0,70,2,1,1015,88,70,25,35,0,3,25,0,0,0,0,0,0,0,156,45,100,0,0,3,0,0,0,0,98,0,3,0,3,70,0,5,30,35,80,1,0,30,0,0,90,25,74,71,55,0,2,0,2,9,5,7,10,5,10,11,10,9,0,10,10,8,10,10,10,120,0,78,120,999,0,0,-31,0,0,206
45,4,4,4,4,35,Josh,Roth,20,80,0,0,25,73,0,10,28168,3,28168,78,23,0,0,78,0,0,0,56,0,0,70,0,1,1015,86,25,40,60,0,7,75,0,0,0,0,0,0,0,24,45,100,0,0,1,2,14,0,0,44,2,1,0,3,0,0,6,35,33,70,0,0,60,0,1,90,25,78,71,46,2,2,2,2,23,10,24,10,24,10,16,10,24,0,2,2,22,10,7,12,90,0,72,78,999,30,0,-31,0,0,204
45,4,4,4,4,19,Tod,McBride,32,80,0,0,15,82,0,5,28170,20,28170,91,24,0,1,78,0,0,0,68,0,0,85,2,27,1015,75,62,21,20,0,8,50,0,0,0,0,0,0,0,265,45,100,2,2,1,0,80,0,0,27,2,1,0,1,0,0,6,12,38,84,1,0,60,0,1,90,14,54,73,58,0,0,0,0,1,10,2,10,0,10,4,10,7,0,16,16,5,10,6,4,32,0,73,48,999,0,0,-31,0,0,204
45,4,4,4,4,35,Tony,Darden,30,91,0,0,25,92,0,5,28172,8,28172,91,25,0,1,74,0,0,0,69,0,0,90,2,33,1015,92,58,20,25,0,8,35,0,0,0,0,0,0,0,105,45,100,2,2,1,0,80,0,0,27,2,1,0,3,70,0,5,35,38,92,1,0,60,0,1,85,27,52,71,44,0,0,0,0,1,10,2,10,0,10,4,10,7,1,16,16,5,10,6,4,120,0,72,33,999,3,0,-31,0,0,204
45,4,4,4,4,35,Tarell,Brown,160,90,0,0,25,93,0,0,28173,0,28173,92,22,0,1,70,0,0,0,65,0,0,92,2,10,1015,90,54,20,25,0,8,35,0,0,0,0,0,0,0,214,45,100,2,2,4,0,80,0,0,25,2,4,0,4,70,0,5,35,38,85,1,0,60,0,1,90,25,50,71,50,0,0,0,0,1,10,2,10,0,10,4,10,7,1,16,16,5,10,6,4,160,0,70,34,999,60,0,-31,0,0,206
45,2,2,2,2,35,Kwame,Cavil,20,90,0,0,25,94,0,5,28175,3,28175,92,21,0,0,75,0,0,0,70,0,0,92,2,36,1015,90,20,25,35,0,7,40,0,0,0,0,0,0,0,214,45,100,0,0,1,2,0,0,0,82,2,1,0,4,0,0,6,35,32,95,0,0,64,0,1,90,25,50,70,40,0,2,0,2,5,7,0,10,5,10,5,10,5,0,3,3,4,10,4,5,160,0,74,42,999,70,0,-31,0,0,204
45,2,2,2,2,30,K.C.,Jones,20,76,0,0,25,68,0,7,28176,4,28176,62,26,0,0,85,0,0,0,30,0,0,56,0,22,1015,92,25,74,78,2,3,15,0,2,0,2,2,2,2,115,45,100,0,0,1,0,0,0,0,60,0,1,0,3,60,0,7,30,28,50,0,0,35,0,0,95,25,86,68,54,2,2,2,2,18,8,25,10,6,5,18,10,16,0,7,7,20,10,6,12,120,0,73,115,999,0,0,-31,0,0,154
45,3,2,3,2,23,Chris,Hovan,120,72,0,0,13,85,0,7,28177,31,28177,54,23,0,0,97,0,0,0,17,0,0,62,0,17,1015,76,74,21,25,0,3,19,0,0,0,0,0,0,0,118,45,100,0,0,1,0,15,0,0,99,0,3,0,3,50,0,5,20,45,50,0,0,21,0,0,90,20,88,81,72,0,0,0,0,15,0,5,10,16,10,20,10,18,0,12,12,20,10,8,13,120,0,74,136,999,0,0,-31,0,0,204
45,3,2,3,2,25,Garrett,Johnson,20,64,0,0,20,76,0,5,28180,22,28180,73,25,0,0,80,0,0,0,25,0,0,68,2,4,1015,90,70,25,45,0,3,25,0,0,0,0,0,0,0,84,45,100,0,0,1,0,15,0,0,60,0,1,0,4,30,0,5,25,29,70,0,0,20,0,0,90,20,82,68,44,0,0,0,0,15,0,5,10,16,10,20,10,18,0,12,12,20,10,8,13,160,0,75,135,999,0,0,-31,0,0,206
45,2,2,2,2,35,Adam,Hayward,160,90,0,0,20,88,0,5,28181,0,28181,88,23,0,0,84,0,0,0,50,0,0,86,2,8,1015,90,70,25,35,0,8,40,0,0,0,0,0,0,0,167,45,100,0,0,4,0,0,0,0,57,0,4,0,4,65,0,6,35,25,87,1,0,35,0,1,90,20,70,68,40,3,0,3,0,6,1,11,10,5,10,12,10,15,0,15,15,10,10,1,6,160,0,72,75,999,0,0,-31,0,0,188
45,2,2,2,2,30,Chris,Denman,70,77,0,0,25,54,0,7,28182,0,28182,48,23,0,0,82,0,0,0,30,0,0,48,0,4,1015,92,25,77,74,2,3,15,0,2,0,2,2,2,2,66,45,100,0,0,2,0,0,0,0,74,0,2,0,2,60,0,7,30,15,50,1,0,35,0,0,95,25,84,59,50,2,2,2,2,18,8,25,10,6,5,18,10,16,0,9,9,20,10,6,12,70,0,79,155,999,0,0,-31,0,0,154
45,2,2,2,2,30,Michael,Otto,28,78,0,0,25,60,0,7,28188,0,28188,50,24,0,0,85,0,0,0,30,0,0,48,0,13,1015,92,25,78,72,2,3,15,0,2,0,2,2,2,2,169,45,100,0,0,1,0,0,0,0,66,0,1,0,1,60,0,7,30,17,50,1,0,35,0,0,95,25,85,60,50,2,2,2,2,18,8,25,10,6,5,18,10,16,0,9,9,20,10,6,12,28,0,77,148,999,0,0,-31,0,0,154
45,4,4,4,4,30,Lamont,Hall,120,84,0,0,25,68,0,7,28190,27,28190,68,26,0,1,80,0,0,0,70,0,0,66,0,6,1015,90,45,68,58,0,6,60,0,2,0,3,3,3,3,117,45,100,0,0,3,0,0,0,0,81,2,3,0,3,75,0,7,30,31,80,1,0,70,0,1,90,25,70,70,58,0,0,0,0,3,4,3,10,3,10,10,10,11,0,4,4,5,10,10,7,120,0,76,100,999,20,0,-31,0,0,204
45,2,2,2,2,30,Chris,Bober,32,78,0,0,25,52,0,7,28191,16,28191,50,24,0,0,84,0,0,0,30,0,0,48,0,63,1009,93,25,80,80,2,3,15,0,2,0,2,2,2,2,142,45,100,0,0,1,0,0,0,0,67,0,1,0,1,0,0,15,30,20,50,0,0,35,0,0,95,25,88,66,52,2,2,2,2,18,8,25,10,6,5,18,10,16,0,6,9,20,10,6,12,32,0,77,150,999,0,0,-31,0,0,154
45,4,4,4,4,30,Steve,Heiden,35,80,0,0,25,71,0,7,28193,8,28193,77,24,0,1,82,0,0,0,72,0,0,70,0,6,1015,87,45,56,60,0,6,53,0,2,0,3,3,3,3,251,45,100,0,0,1,0,0,0,0,83,2,1,0,1,75,0,7,30,46,55,2,0,68,0,1,90,25,70,71,52,0,0,0,0,3,4,3,10,3,10,10,10,11,0,4,4,5,10,10,7,35,0,77,110,999,40,0,-31,0,0,204
45,2,2,2,2,50,Frank,Murphy,0,88,0,0,25,90,0,5,28194,6,28194,92,22,0,0,70,0,0,0,73,0,0,88,1,63,9,90,25,20,25,0,0,35,0,0,0,0,0,0,0,96,45,100,0,0,0,0,0,0,0,87,2,0,0,0,0,0,15,55,38,91,0,0,60,0,1,90,25,44,70,48,0,2,0,2,5,7,0,10,5,10,5,10,5,0,3,3,4,10,4,5,0,0,73,52,999,55,0,-31,0,0,204
45,3,3,3,3,30,Kevin,Dockery,70,92,0,0,20,92,0,5,28195,0,28195,91,23,0,0,78,0,0,0,66,0,0,93,2,63,1009,94,64,15,20,0,7,25,0,0,0,8,8,8,8,121,45,100,4,4,2,0,26,0,0,35,0,2,0,2,0,0,15,30,45,88,2,0,60,0,1,90,20,44,74,54,0,0,0,0,7,10,0,10,0,10,4,10,5,0,16,16,5,10,10,2,70,0,68,28,999,55,1,-31,0,0,196
45,2,2,2,2,25,Joe,Kowalewski,36,82,0,0,20,72,3,7,28196,0,28196,71,24,0,0,76,0,0,0,72,0,0,70,0,63,1009,88,30,50,56,0,8,56,0,2,0,7,7,7,7,205,45,100,2,2,1,0,40,0,0,40,1,1,0,1,0,0,15,25,36,72,1,0,65,0,1,95,20,74,71,62,3,3,3,3,10,3,26,0,0,0,0,0,0,0,4,4,8,3,5,2,36,0,76,90,999,15,1,-31,0,0,150
45,2,2,2,2,13,James,Hodgins,36,80,0,0,11,70,0,10,28197,24,28197,69,23,0,0,78,0,0,0,60,0,0,66,1,63,1009,88,32,51,62,0,8,77,0,0,0,0,8,0,8,225,45,100,0,0,1,0,35,0,0,42,2,1,0,1,0,0,15,11,58,50,2,0,70,0,1,90,10,74,79,66,0,0,0,0,7,10,3,10,4,10,8,10,6,0,2,18,5,10,8,4,36,0,73,115,999,45,2,-31,0,0,204
45,2,2,2,2,25,Erik,Storz,36,88,0,0,20,79,0,7,28199,17,28199,78,25,0,0,75,0,0,0,58,0,0,72,0,63,1009,88,78,20,35,0,12,40,0,2,0,0,0,0,0,226,45,100,3,3,1,4,40,0,0,50,2,1,0,1,60,0,15,25,33,80,3,0,40,0,1,95,20,74,70,52,0,0,0,0,17,7,13,10,7,10,12,10,13,0,13,13,10,10,2,12,36,0,74,74,999,0,1,-31,0,0,204
45,2,2,2,2,35,Gary,Russell,70,89,0,0,25,90,0,5,28200,0,28200,87,20,2,1,80,0,0,0,69,0,0,90,2,63,1009,90,30,45,35,0,7,78,0,0,0,2,2,2,2,120,45,100,0,0,2,0,0,0,0,33,2,2,0,2,80,0,15,35,49,80,1,0,79,0,1,95,25,68,77,50,2,2,2,2,4,7,25,10,4,10,9,10,11,0,1,1,7,10,3,6,70,0,71,55,999,0,0,-31,0,0,195
45,2,2,2,2,35,Carey,Davis,38,84,0,0,25,84,0,5,28201,0,28201,85,26,2,1,80,0,0,0,82,0,0,80,2,63,1009,85,30,45,50,0,7,82,0,0,0,2,2,2,2,84,45,100,0,0,1,0,0,0,0,38,2,1,0,1,80,0,15,35,55,75,3,0,78,0,1,95,25,80,89,55,2,2,2,2,4,7,25,10,4,10,9,10,11,0,2,2,7,10,3,6,38,0,70,65,999,0,1,-31,0,0,186
45,4,4,4,4,30,Charles,Sharon,0,90,0,0,20,91,0,7,28202,0,28202,91,24,0,1,75,0,0,0,78,0,0,92,2,63,17,90,25,25,30,0,8,40,0,0,0,8,8,8,8,21,45,100,0,0,0,0,25,0,0,17,2,0,0,0,70,0,15,30,40,88,1,0,65,0,1,90,20,50,74,52,0,0,0,0,5,7,0,10,5,10,5,10,5,0,3,3,4,10,4,5,0,0,72,15,999,60,0,-31,0,0,196
45,3,3,3,3,30,Reggie,Jones,0,92,0,0,25,85,0,7,28203,8,28203,87,29,0,0,75,0,0,0,73,0,0,85,2,63,4,90,40,30,35,0,7,49,0,0,0,8,8,8,8,138,45,100,0,0,0,0,38,0,0,87,2,0,0,0,0,0,15,30,43,90,2,0,65,0,1,90,25,55,70,55,2,0,2,0,6,7,0,10,6,10,6,10,6,0,3,3,6,10,7,6,0,0,72,15,999,20,0,-31,0,0,204
45,3,2,3,2,25,Jovan,Haye,38,70,0,0,20,74,0,5,28204,0,28204,70,25,0,0,78,0,0,0,25,0,0,66,2,63,1009,88,80,25,45,0,3,25,0,0,0,0,0,0,0,238,45,100,0,0,1,0,15,0,0,71,0,1,0,1,70,0,15,25,64,75,3,0,25,0,0,90,20,87,82,68,0,0,0,0,15,0,5,10,16,10,20,10,18,0,12,12,20,10,8,13,38,0,74,125,999,0,0,-31,0,0,206
45,3,3,3,3,35,Alex,Haynes,38,90,0,0,25,91,0,7,28205,0,28205,91,25,0,1,80,0,0,0,74,0,0,88,2,63,1009,90,25,35,30,0,7,75,0,0,0,0,0,0,0,225,22,100,0,0,1,0,1,0,0,24,1,1,0,1,0,0,15,30,51,80,2,0,78,0,1,90,25,69,76,48,0,0,0,0,4,7,25,10,4,10,9,10,11,1,1,1,7,10,3,6,38,0,70,65,999,45,1,-31,0,0,197
45,0,0,0,0,16,Donald,Willis,45,90,0,0,25,61,0,7,28206,9,28206,51,27,0,0,92,0,0,0,21,0,0,55,1,63,22,93,28,82,85,0,0,24,0,2,0,0,0,0,0,8,45,100,2,2,1,0,50,0,0,60,0,1,0,0,0,0,15,32,64,28,4,0,40,0,1,90,29,93,78,67,0,0,0,0,6,7,0,10,6,10,6,10,6,0,8,20,5,10,4,6,0,0,75,165,999,10,0,-31,0,0,204
45,1,3,1,3,7,Marquis,Walker,3,80,0,0,9,84,0,7,28209,19,28209,88,28,0,0,72,0,0,0,55,0,0,92,1,63,5,90,60,11,9,0,7,23,0,0,0,8,8,8,8,188,45,100,0,0,1,0,55,0,0,38,2,1,0,0,63,0,15,14,60,86,5,0,60,0,1,95,7,50,76,78,2,2,2,2,0,19,66,0,30,42,0,0,26,0,16,1,0,0,9,15,0,0,70,15,999,0,0,-31,0,0,204
45,2,2,2,2,35,John,Davis,50,80,0,0,25,71,0,5,28210,31,28210,70,27,0,0,75,0,0,0,75,0,0,69,2,63,1009,89,35,59,60,0,6,60,0,0,0,0,0,0,0,26,45,100,0,0,2,0,0,0,0,86,2,2,0,2,0,0,15,35,68,82,3,0,70,0,1,92,25,77,79,70,0,0,0,0,10,3,26,0,0,0,0,0,0,0,4,4,8,3,5,2,70,0,76,97,999,10,0,-31,0,0,204
45,2,2,2,2,30,Lennox,Gordon,20,90,0,0,25,72,0,7,28211,10,28211,87,22,0,0,68,0,0,0,70,0,0,72,2,63,1009,89,25,35,25,0,0,64,0,0,0,0,0,0,0,145,45,100,0,0,1,0,30,0,0,30,1,1,0,2,42,0,15,30,46,80,1,0,75,0,1,95,25,68,64,60,0,0,0,0,2,7,23,10,3,6,7,10,10,1,1,1,6,10,4,3,70,0,71,41,999,50,0,-31,0,0,204
45,4,4,4,4,35,Anthony,Mix,0,88,1,0,25,88,0,5,28212,0,28212,92,24,0,1,70,0,0,0,78,0,0,88,2,63,1009,86,20,30,35,0,7,56,0,0,0,8,9,8,9,118,45,100,0,0,0,0,0,0,0,19,2,0,0,0,85,0,15,35,48,90,2,0,50,0,1,90,25,72,76,54,0,0,0,0,5,7,0,10,5,10,5,10,5,0,3,3,4,10,4,5,0,0,77,75,999,45,0,-31,0,0,195
45,2,2,2,2,25,Ronnie,Prude,36,88,0,0,20,89,0,5,28214,0,28214,89,25,0,0,78,0,0,0,65,0,0,88,2,63,1009,88,54,10,15,0,1,25,0,0,0,0,0,0,0,106,45,100,0,0,1,0,0,0,0,27,2,1,0,1,0,0,15,25,34,75,2,0,50,0,1,99,20,50,69,54,0,2,0,2,3,7,5,10,3,10,10,5,7,0,16,16,7,7,5,6,36,0,71,18,999,55,0,-31,0,0,202
45,2,2,2,2,30,Orlando,Ruff,37,82,0,0,25,78,0,7,28215,8,28215,77,24,0,0,85,0,0,0,50,0,0,72,1,63,1009,90,82,30,35,0,12,40,0,0,0,8,8,8,8,28,45,100,0,0,1,4,28,0,0,56,0,1,0,2,0,0,15,30,37,70,2,0,30,0,0,90,25,82,71,60,2,2,2,2,6,1,11,10,5,10,12,10,15,0,14,14,10,10,1,6,70,0,75,90,999,0,0,-31,0,0,204
45,0,0,0,0,50,John,Baker,36,90,0,0,81,66,0,7,28216,24,28216,57,23,0,0,90,1,0,0,58,0,0,60,1,63,1009,90,65,20,25,0,0,45,0,2,0,0,0,0,0,148,45,100,1,1,1,0,55,0,0,4,1,1,0,1,0,0,15,50,40,65,0,0,80,0,1,95,88,68,70,60,0,0,0,0,5,7,0,10,5,10,5,10,5,0,20,20,4,10,4,5,36,0,75,63,999,0,0,-31,0,0,204
45,0,0,0,0,16,Mike,Maslowski,36,70,0,0,18,80,0,4,28217,9,28217,79,26,0,0,70,1,0,0,39,0,0,78,1,63,1009,90,75,20,37,0,1,20,0,2,0,0,0,0,0,175,14,100,0,0,1,0,0,0,0,57,0,1,0,1,0,0,15,24,68,60,2,0,47,0,1,90,18,69,71,63,2,2,2,2,5,7,0,10,5,10,5,10,5,0,15,20,6,10,7,5,36,0,73,83,999,10,0,-31,0,0,204
45,4,4,4,4,17,James,McKnight,36,90,0,0,14,90,0,5,28218,11,28218,87,28,0,0,80,0,0,0,72,0,0,88,2,17,1009,84,30,25,30,0,7,59,0,0,0,0,0,0,0,104,45,100,6,6,1,0,0,0,0,82,2,1,0,1,0,0,7,18,46,89,6,0,69,0,1,80,16,65,75,64,0,3,0,3,1,10,2,10,0,10,4,10,7,0,3,18,5,10,6,4,36,0,73,38,999,55,2,-31,0,0,204
45,4,4,4,4,35,Tyron,Brackenridge,60,90,0,0,25,90,0,5,28219,0,28219,89,23,0,1,72,0,0,0,62,0,0,91,2,63,1009,90,60,25,30,0,8,50,0,0,0,0,0,0,0,251,45,100,2,2,2,0,80,0,0,34,2,2,0,2,70,0,15,35,33,88,1,0,50,0,1,90,25,48,67,44,0,0,0,0,1,10,2,10,0,10,4,10,7,0,16,16,5,10,6,4,60,0,71,30,999,55,0,-31,0,0,187
45,4,4,4,4,35,Dimitri,Patterson,38,90,0,0,25,90,0,5,28220,0,28220,90,24,0,1,75,0,0,0,62,0,0,92,2,63,1009,90,58,25,30,0,8,50,0,0,0,0,0,0,0,223,45,100,2,2,1,0,80,0,0,22,2,1,0,1,70,0,15,35,33,90,3,0,55,0,1,90,25,50,67,42,0,0,0,0,1,10,2,10,0,10,4,10,7,0,16,16,5,10,6,4,38,0,70,30,999,55,0,-31,0,0,187
45,2,2,2,2,30,Pago,Togafau,60,85,0,0,25,78,0,7,28221,0,28221,78,23,0,0,80,0,0,0,50,0,0,80,1,63,1009,88,78,25,40,0,12,10,0,0,0,0,0,0,0,83,45,100,0,0,2,4,0,0,0,52,0,2,0,2,65,0,15,30,27,75,1,0,45,0,1,88,25,76,65,54,0,3,0,3,6,1,11,10,5,10,12,10,15,0,14,14,10,10,1,6,60,0,70,90,999,0,0,-31,0,0,177
45,3,3,3,3,30,George,Coghill,60,90,0,0,25,92,0,7,28222,4,28222,88,30,0,0,77,0,0,0,60,0,0,92,1,63,1009,90,66,20,30,0,7,10,0,2,0,8,8,8,8,249,45,100,3,3,2,2,40,0,0,48,2,4,0,2,0,0,15,30,36,90,2,0,55,0,1,90,25,60,72,48,3,0,3,0,3,7,5,10,3,10,10,5,7,0,17,18,7,7,5,6,60,0,72,50,999,60,0,-31,0,0,204
45,4,4,4,4,30,Sean,McHugh,48,85,0,0,25,70,0,7,28223,0,28223,70,25,0,0,75,1,0,0,74,0,0,60,0,63,1009,88,20,52,62,0,3,58,0,2,0,0,0,0,0,164,45,100,0,0,1,2,0,0,0,49,2,1,0,1,62,0,15,30,40,70,4,0,60,0,1,95,25,75,73,58,0,0,0,0,10,3,26,0,0,0,0,0,0,0,4,4,8,3,5,2,48,0,77,105,999,5,2,-31,0,0,152
45,3,3,3,3,30,Daniel,Federkeil,36,60,0,0,25,54,0,5,28225,0,28225,48,23,0,0,75,0,0,0,25,0,0,46,0,63,1009,85,60,76,74,0,3,10,2,4,0,0,2,0,2,265,45,100,0,0,1,0,0,0,0,76,1,1,0,1,0,0,15,30,11,55,2,0,30,7,0,95,25,85,58,45,0,0,0,0,19,8,25,10,20,5,2,10,20,0,5,5,20,10,6,13,36,0,78,130,999,0,1,-31,0,0,154
45,2,2,2,2,9,Lamar,Campbell,90,92,0,0,20,86,0,5,28226,19,28226,91,24,0,0,72,0,0,0,52,0,0,88,1,63,1009,85,48,25,27,0,3,30,0,0,0,0,2,0,2,157,45,100,0,0,3,0,0,0,0,39,2,4,0,1,0,0,15,15,63,84,3,0,51,0,1,90,21,44,68,61,0,2,0,2,15,0,0,10,14,10,21,10,17,0,16,12,19,10,8,12,36,0,71,22,999,65,0,-31,0,0,204
45,2,2,2,2,30,Ed,Johnson,60,65,0,0,25,74,0,5,28227,0,28227,65,23,0,0,75,0,0,0,10,0,0,64,2,63,1009,90,76,16,40,0,12,20,0,0,0,0,0,0,0,164,45,100,0,0,2,4,0,0,0,99,0,2,0,2,84,0,15,30,63,60,1,0,30,0,1,95,25,88,82,74,2,2,2,2,13,5,11,10,12,10,27,10,12,0,12,12,14,10,10,11,60,0,74,135,999,0,0,-31,0,0,197
45,3,2,3,2,35,Jamel,Thomas,0,88,0,0,25,86,0,5,28228,1009,28228,91,23,0,0,70,0,0,0,74,0,0,86,1,63,1009,92,25,25,25,0,7,66,0,0,0,8,7,8,7,265,45,100,0,0,0,0,0,0,0,30,2,0,0,2,70,0,15,35,42,80,0,0,75,2,1,95,25,64,69,44,0,2,0,2,2,7,23,10,3,6,7,10,10,0,1,1,6,10,4,3,70,0,69,62,999,70,0,-31,0,0,204
45,3,3,3,3,30,Tony,Taylor,60,85,0,0,20,70,0,7,28230,0,28230,70,23,0,0,65,0,0,0,66,0,0,72,2,63,1009,75,74,20,30,0,12,30,0,0,0,0,0,0,0,70,45,100,0,0,2,4,26,0,0,53,0,2,0,2,0,0,15,25,19,70,1,0,35,0,1,90,20,74,61,58,0,0,0,0,6,1,11,10,5,10,12,10,15,0,14,14,10,10,1,6,60,0,72,80,999,0,0,-31,0,0,195
45,4,4,4,4,25,Copeland,Bryan,36,82,0,0,20,72,0,5,28231,0,28231,70,24,0,0,70,0,0,0,35,0,0,66,2,63,1009,88,72,20,25,0,3,10,0,0,0,0,0,0,0,8,45,100,0,0,1,0,0,0,0,96,2,1,0,1,0,0,15,25,36,60,2,0,25,0,1,95,20,72,72,62,0,0,0,0,12,4,10,10,5,10,11,10,15,0,11,11,8,10,7,10,36,0,76,95,999,10,0,-31,0,0,208
45,4,4,4,4,20,Greg,White,32,65,0,0,20,84,0,5,28232,0,28232,78,28,0,0,77,1,0,0,35,0,0,74,2,63,1009,85,70,15,30,0,12,10,0,0,0,0,0,2,2,120,45,100,0,0,1,4,0,0,0,91,0,1,0,1,72,0,15,25,51,40,1,0,30,0,1,95,20,70,77,54,0,0,0,0,9,5,7,10,5,10,11,10,9,0,10,10,8,10,10,10,32,0,75,110,999,0,0,-31,0,0,206
45,3,3,3,3,35,Luke,Lawton,0,84,0,0,25,87,0,7,28233,0,28233,86,26,0,0,74,0,0,0,78,0,0,84,0,63,10,88,25,45,35,0,7,70,0,0,0,0,0,0,0,113,45,100,0,0,0,2,1,0,0,45,1,0,0,0,60,0,15,35,52,75,3,0,78,0,1,90,25,74,75,60,0,0,0,0,4,7,25,10,4,10,9,10,11,0,2,2,7,10,3,6,0,0,70,85,999,45,0,-31,0,0,159
45,2,2,2,2,25,John,Burrough,32,70,0,0,24,76,0,7,28234,31,28234,75,28,0,0,80,0,0,0,40,0,0,70,0,63,1009,88,70,32,35,0,12,20,0,0,0,0,0,0,0,108,45,100,0,0,1,4,0,0,0,91,2,1,0,1,0,0,15,25,48,54,5,0,20,0,1,90,20,84,79,70,3,0,3,0,15,0,0,10,14,10,21,10,17,0,12,12,19,10,8,12,32,0,77,115,999,0,0,-31,0,0,204
45,2,2,2,2,30,Wallace,Wright,32,88,0,0,25,90,3,5,28235,0,28235,91,23,0,0,78,0,0,0,74,0,0,90,2,63,1009,90,25,25,30,0,7,45,0,0,0,0,0,0,0,135,45,100,2,2,1,0,40,0,0,15,2,1,0,1,85,0,15,30,40,90,2,0,65,0,1,90,25,55,73,52,0,0,0,0,5,7,0,10,5,10,5,10,5,0,3,3,4,10,4,5,32,0,73,40,999,80,1,-31,0,0,206
45,2,2,2,2,25,Tramon,Williams,32,90,0,0,20,92,0,7,28236,0,28236,91,24,0,0,72,0,0,0,62,0,0,93,2,63,1009,90,58,15,25,0,7,45,0,0,0,8,8,8,8,101,45,100,0,0,1,0,0,0,0,38,0,1,0,1,79,0,15,25,34,92,2,0,68,0,1,90,20,46,69,44,3,3,3,3,7,10,0,10,0,10,4,10,5,0,16,16,5,10,10,2,32,0,71,22,999,85,1,-31,0,0,186
45,3,3,3,3,35,Ryan,Grant,36,89,0,0,20,90,0,7,28237,0,28237,90,24,0,1,70,0,0,0,66,0,0,85,2,63,1009,87,35,45,35,0,7,80,0,0,0,0,0,0,0,152,45,100,0,0,1,2,25,0,0,25,2,1,0,1,0,0,15,35,61,80,2,0,77,0,1,90,20,76,80,66,0,0,0,0,4,7,25,10,4,10,9,10,11,0,1,1,7,10,3,6,36,0,73,64,999,45,0,-31,0,0,188
45,2,2,2,2,35,Dan,Kreider,32,80,0,0,20,72,0,7,28238,29,28238,75,23,2,0,80,0,0,0,56,0,0,70,3,63,1009,88,52,58,65,0,6,76,0,2,0,8,8,8,8,265,45,100,2,3,1,0,40,0,0,35,2,3,0,1,20,0,15,35,50,70,0,0,70,0,0,90,20,70,82,70,0,0,0,0,10,3,26,0,0,0,0,0,0,0,2,2,8,3,5,2,32,0,71,90,999,10,0,-31,0,0,204
45,3,3,3,3,25,Hiram,Eugene,35,90,0,0,20,88,0,7,28239,0,28239,88,26,0,0,70,0,0,0,60,0,0,80,2,63,1009,90,65,16,20,0,13,30,0,0,0,0,0,0,0,101,32,100,2,2,1,4,1,0,0,31,2,1,0,1,0,0,15,25,35,80,2,0,60,0,1,90,20,60,69,52,2,2,2,2,1,10,2,10,0,10,4,10,7,0,17,17,5,10,6,4,35,0,74,40,999,30,1,-31,0,0,196
45,0,0,0,0,25,Edgar,Jones,32,72,0,0,20,84,0,7,28240,0,28240,78,22,0,0,80,0,0,0,44,0,0,74,2,63,1009,88,72,15,30,0,8,15,0,0,0,0,0,0,0,188,40,100,6,6,1,0,0,0,0,91,2,1,0,1,66,0,15,25,50,78,1,0,30,0,1,88,20,70,78,54,0,0,0,0,12,10,4,10,15,4,25,10,13,0,11,11,14,10,4,10,32,0,75,105,999,0,0,-31,0,0,200
45,2,2,2,2,30,Josh,Cooper,38,60,0,0,25,70,0,7,28241,0,28241,68,26,0,1,70,0,0,0,35,0,0,65,2,63,1009,88,72,20,40,0,3,10,0,0,0,8,8,8,8,159,45,100,0,0,1,0,0,0,0,97,2,1,0,1,0,0,15,30,33,40,3,0,45,0,1,88,25,78,72,58,3,3,3,3,15,0,0,10,14,10,21,10,17,0,11,11,19,10,8,12,38,0,75,105,999,0,1,-31,0,0,196
45,3,3,3,3,30,C.J.,Wallace,28,88,0,0,25,88,3,5,28242,0,28242,87,22,0,0,75,0,0,0,58,0,0,88,2,63,1009,90,65,20,25,0,7,30,0,0,0,0,0,0,0,252,45,100,2,3,1,0,40,0,0,39,2,1,0,1,0,0,15,30,34,85,1,0,50,0,1,90,25,60,71,54,0,0,0,0,0,10,5,10,3,10,7,10,6,0,17,17,6,10,4,2,28,0,72,58,999,45,0,-31,0,0,189
45,3,3,3,3,25,Jamaal,Fudge,32,88,0,0,20,87,0,5,28243,0,28243,86,24,0,0,70,0,0,0,64,0,0,84,2,63,1009,90,66,15,25,0,8,25,0,0,0,0,0,0,0,38,45,100,1,1,1,0,45,0,0,23,2,1,0,1,0,0,15,25,44,88,2,0,50,0,1,91,20,72,75,58,3,1,0,3,7,10,3,10,4,10,8,10,6,0,17,17,5,10,8,4,32,0,69,34,999,25,0,-31,0,0,189
45,3,3,3,3,25,Andre,Coleman,32,64,0,0,20,65,0,5,28244,0,28244,60,23,0,0,70,0,0,0,30,0,0,52,2,63,1009,88,70,20,45,0,3,10,0,0,0,3,0,0,0,265,45,100,0,0,1,0,0,0,0,78,2,1,0,1,75,0,15,25,18,55,1,0,30,0,1,95,20,82,63,46,0,0,0,0,12,10,4,10,15,4,25,10,13,0,10,10,14,10,4,10,32,0,75,130,999,0,0,-31,0,0,195
45,2,2,2,2,25,Chris,Wilson,32,80,0,0,20,75,0,5,28245,0,28245,74,25,1,0,78,0,0,0,35,0,0,70,2,63,1009,88,70,15,25,0,3,15,0,0,0,8,8,8,8,265,45,100,0,0,1,0,0,0,0,95,0,1,0,1,0,0,15,25,35,75,1,0,40,0,1,90,20,70,70,45,0,0,0,0,9,5,7,10,5,10,11,10,9,0,11,11,8,10,10,10,32,0,76,86,999,0,0,-31,0,0,192
45,4,4,4,4,25,Nate,Harris,28,85,0,0,20,80,0,5,28246,0,28246,80,24,0,0,80,0,0,0,58,0,0,82,2,63,1009,90,74,15,35,0,12,20,0,0,0,0,0,0,0,105,45,100,0,0,1,4,0,0,0,98,0,1,0,1,75,0,15,25,17,70,1,0,48,0,1,92,20,74,58,44,0,0,5,0,6,1,11,10,5,10,12,10,15,0,14,14,10,10,1,6,28,0,72,70,999,0,0,-31,0,0,187
45,2,2,2,2,25,Cory,Withrow,60,75,0,0,20,62,0,7,28247,31,28247,52,25,0,0,75,0,0,0,30,0,0,52,0,63,1009,88,25,82,78,2,3,10,0,2,0,2,2,2,2,251,45,100,0,0,1,0,0,0,0,60,0,3,0,2,0,0,15,25,31,15,0,0,30,0,0,95,20,85,69,58,2,2,2,2,18,8,25,10,6,5,18,10,16,0,7,7,20,10,6,12,60,0,74,127,999,0,0,-31,0,0,204
45,3,3,3,3,20,John,Feugill,60,70,0,0,20,60,0,5,28248,4,28248,48,24,0,0,78,0,0,0,25,0,0,50,2,63,1009,88,25,79,78,0,2,10,0,0,0,0,0,0,0,111,25,100,0,0,2,0,0,0,0,74,2,2,0,2,93,0,15,20,28,25,0,0,20,0,0,95,20,88,66,56,0,0,0,0,17,10,24,10,25,5,17,0,0,0,5,5,25,0,3,0,60,0,79,166,999,0,0,-31,0,0,195
45,4,4,4,4,35,Bobby,Sippio,60,90,0,2,20,85,0,10,28249,0,28249,88,26,0,0,80,0,0,0,80,0,0,88,2,63,1009,90,60,35,38,0,8,62,0,0,0,8,8,8,8,245,45,100,0,0,2,0,40,0,0,83,2,2,2,2,90,0,15,35,45,89,2,0,70,0,1,90,20,70,75,50,2,2,2,2,5,7,0,10,5,10,5,10,5,0,3,3,4,10,4,5,60,0,75,55,999,68,0,-31,0,0,195
45,2,2,2,2,30,Andre,Hall,31,87,0,0,25,92,0,5,28250,0,28250,91,25,0,0,82,0,0,0,68,0,0,92,2,63,1009,91,25,30,25,0,8,82,0,0,0,8,8,8,8,232,45,100,0,0,1,0,0,0,0,23,2,1,0,1,88,0,15,30,50,70,2,0,74,0,1,92,25,66,77,46,0,0,0,0,4,7,25,10,4,10,9,10,11,0,1,1,7,10,3,6,31,0,70,52,999,65,1,-31,0,0,195
45,0,0,0,0,79,Matt,Moore,32,90,1,0,25,69,0,7,28251,0,28251,69,23,0,0,70,0,0,0,35,0,0,70,0,63,1009,86,20,20,20,0,0,20,0,2,0,0,0,0,0,161,17,100,2,2,1,0,40,0,0,3,2,1,0,1,72,0,15,88,41,55,1,0,55,0,1,99,25,51,70,60,3,3,0,0,5,7,0,10,5,10,5,10,5,0,0,0,6,10,7,5,32,0,75,42,999,0,0,-31,0,0,150
45,3,3,3,3,35,Leonard,Weaver,32,86,1,0,25,85,2,5,28252,0,28252,84,24,2,1,80,0,0,0,78,0,0,80,2,63,1009,90,25,44,58,0,3,72,0,0,0,0,0,0,0,265,45,100,0,0,1,0,0,0,0,43,2,1,0,1,77,0,15,35,73,60,3,0,76,0,1,95,25,78,88,48,3,0,3,0,11,7,24,10,13,10,13,10,14,0,2,2,12,10,6,12,32,0,72,82,999,60,0,-31,0,0,187
45,0,0,0,0,25,Phil,Armour,20,70,0,0,20,70,0,7,28253,10,28253,60,24,0,0,75,0,0,0,30,0,0,66,2,63,1009,88,35,78,80,0,3,20,0,0,0,0,0,0,0,148,45,100,0,0,1,0,55,0,0,54,2,1,0,2,0,0,15,25,29,30,0,0,25,0,0,97,20,82,68,48,2,2,2,2,17,10,24,10,25,5,17,0,0,0,7,7,25,0,3,0,60,0,75,155,999,0,0,-31,0,0,204
45,4,4,4,4,35,Patrick,Cobbs,38,86,0,0,25,85,1,5,28254,0,28254,84,24,0,0,80,0,0,0,72,0,0,82,1,63,1009,88,35,35,35,0,7,84,0,0,0,8,8,8,8,148,34,100,0,0,1,0,0,0,0,38,2,1,0,1,40,0,15,35,54,75,2,0,74,0,1,95,25,77,76,60,2,0,2,0,23,10,24,10,24,10,16,10,24,1,1,1,22,10,7,12,38,0,68,80,999,30,1,-31,0,0,213
45,2,2,2,2,25,Quinton,Culberson,60,90,0,2,20,80,0,7,28255,0,28255,79,21,0,0,80,0,0,0,66,0,0,84,2,63,1009,90,74,20,30,0,12,10,0,0,0,0,0,0,0,121,41,100,0,0,2,4,0,0,0,53,0,2,2,2,0,0,15,25,36,70,1,0,40,0,1,95,20,68,73,58,3,3,3,0,6,1,11,10,5,10,12,10,15,0,15,15,10,10,1,6,60,0,73,76,999,10,0,-31,0,0,198
45,4,4,4,4,20,George,Wilson,41,92,0,1,20,88,0,5,28258,0,28258,88,26,0,0,80,0,0,0,64,0,0,87,2,63,1009,90,68,30,35,0,8,52,0,0,0,0,0,0,0,10,45,100,0,0,1,0,0,0,0,37,1,1,1,1,45,0,15,21,54,85,3,0,55,0,1,90,20,64,79,65,0,0,0,0,3,7,5,10,3,10,10,5,7,0,17,17,7,7,5,6,41,0,72,52,999,45,2,-31,0,0,208
45,2,2,2,2,25,Ryan,Schau,20,65,0,0,20,62,0,10,28260,13,28260,48,25,0,0,80,0,0,0,25,0,0,42,1,63,1009,86,15,80,82,0,3,10,0,0,0,6,0,0,0,84,24,100,0,0,2,0,0,0,0,67,0,3,0,2,0,0,15,25,31,10,1,0,30,0,0,90,20,90,72,64,0,0,0,0,17,10,24,10,25,5,17,0,0,0,8,5,25,0,3,0,60,0,78,140,999,0,0,-31,0,0,204
30,3,3,3,3,25,Leigh,Torrence,31,90,0,0,20,88,3,7,28261,0,28261,88,25,0,1,80,0,0,0,66,0,0,89,2,63,1009,90,54,15,20,0,7,25,0,0,0,8,8,8,8,200,12,100,2,2,1,0,40,0,0,29,0,1,0,1,99,0,15,25,36,85,3,0,50,0,1,95,20,50,72,60,0,2,0,2,0,10,5,10,3,10,7,10,6,0,16,16,6,10,4,2,31,0,71,19,999,60,0,-31,0,0,192
45,0,0,0,0,35,Cletis,Gordon,31,90,0,0,25,96,0,5,28262,0,28262,94,25,0,0,70,0,0,0,60,0,0,92,2,63,1009,90,54,15,20,0,0,20,0,0,0,0,0,0,0,92,45,100,2,2,1,2,62,0,0,24,2,1,0,1,70,0,15,35,39,88,2,0,60,0,1,90,25,54,73,52,1,1,0,0,1,10,2,10,0,10,4,10,7,0,16,16,5,10,6,4,31,0,73,37,999,45,1,-31,0,0,195
45,4,4,4,4,25,Cedric,Killings,28,60,0,0,20,60,3,7,28263,15,28263,54,23,0,0,78,0,0,0,35,0,0,48,2,63,1009,82,74,15,35,0,12,10,5,0,0,0,2,0,2,66,45,100,0,0,1,4,0,0,0,71,1,1,0,1,40,0,15,25,35,40,0,0,40,0,1,99,20,90,70,60,0,2,0,2,12,10,4,10,15,4,25,10,13,0,12,12,14,10,4,10,28,0,74,130,999,0,0,-31,0,0,204
45,4,4,4,4,25,Edmond,Miles,28,88,0,0,20,78,0,5,28265,0,28265,74,23,0,0,75,0,0,0,50,0,0,78,2,63,1009,90,76,20,30,3,3,10,0,0,0,7,8,7,8,89,28,100,0,0,1,2,0,0,0,50,0,1,0,1,40,0,15,25,23,65,1,0,45,0,1,90,20,74,66,60,0,0,0,0,17,7,13,10,7,10,12,10,13,0,14,14,10,10,2,12,28,0,72,70,999,0,0,-31,0,0,195
45,3,2,3,2,25,Michael,Matthews,60,88,1,0,20,72,0,5,28266,0,28266,72,24,0,0,75,0,0,0,76,0,0,70,2,63,1009,88,30,50,65,0,8,55,0,0,0,8,8,8,8,71,45,100,0,0,2,2,0,0,0,88,1,2,0,2,40,0,15,25,39,75,1,0,65,0,1,90,20,77,77,55,0,0,0,0,10,3,26,0,0,0,0,0,0,0,4,4,8,3,5,2,60,0,76,110,999,10,0,-31,0,0,210
45,4,4,4,4,35,Reggie,Stephens,32,90,0,0,25,91,0,5,28267,16,28267,90,25,0,0,68,0,0,0,62,0,0,92,1,63,1009,90,52,15,20,0,7,20,0,0,0,0,0,0,0,132,45,100,6,6,1,0,0,0,0,28,2,1,0,1,60,0,15,35,34,90,2,0,60,0,1,95,25,50,70,50,0,2,0,2,7,10,0,10,0,10,4,10,5,0,16,16,5,10,10,2,32,0,69,40,999,45,0,-31,0,0,204
45,2,2,2,2,25,Kaseem,Sinceno,28,84,0,0,20,72,0,7,28268,1,28268,74,24,0,0,75,0,0,0,78,0,0,68,2,63,1009,88,30,48,52,0,8,55,0,2,0,0,0,0,0,230,45,100,0,0,1,2,0,0,0,85,1,1,0,1,0,0,15,25,33,82,2,0,65,0,1,95,20,69,70,60,0,0,0,0,10,3,26,0,0,0,0,0,0,0,4,4,8,3,5,2,28,0,76,99,999,15,1,-31,0,0,204
45,3,3,3,3,25,Kenny,Pettway,31,82,0,0,20,84,0,7,28269,0,28269,80,24,0,1,72,0,0,0,46,0,0,78,2,63,1009,86,70,20,30,0,12,20,0,0,0,0,0,0,0,72,45,100,0,0,1,4,30,0,0,91,0,1,0,1,91,0,15,25,49,80,3,0,35,0,1,90,20,70,77,46,0,0,0,0,12,4,10,10,5,10,11,10,15,0,10,10,8,10,7,10,31,0,76,78,999,0,1,-31,0,0,206
45,4,4,4,4,25,Victor,Worsley,28,88,0,0,20,84,0,5,28271,0,28271,82,23,0,0,74,0,0,0,44,0,0,80,1,63,1009,88,78,20,30,0,11,10,0,0,0,0,0,0,0,135,45,100,4,4,1,4,0,0,0,51,1,1,0,1,90,0,15,25,24,85,1,0,40,0,1,90,20,74,65,52,0,0,0,0,17,7,13,10,7,10,12,10,13,0,14,14,10,10,2,12,28,0,73,74,999,0,0,-31,0,0,180
45,4,3,4,3,30,Kyle,Eckel,32,85,0,0,25,75,0,7,28272,0,28272,78,25,0,0,78,0,0,0,64,0,0,68,0,63,1009,87,35,48,60,0,8,70,0,2,0,0,0,0,0,139,45,100,3,3,1,0,40,0,0,38,1,1,0,1,54,0,15,30,44,70,2,0,80,0,1,90,25,84,83,60,0,0,0,0,3,4,3,10,3,10,10,10,11,0,2,2,5,10,10,7,32,0,71,77,999,10,1,-31,0,0,154
45,4,4,4,4,15,Billy,Lyon,36,63,0,0,20,54,0,10,28273,20,28273,50,27,0,0,78,0,0,0,30,0,0,45,0,63,1009,88,76,27,19,0,3,30,0,0,0,0,0,0,0,208,40,100,2,2,1,0,80,0,0,98,1,1,0,1,0,0,15,17,27,40,3,0,25,0,1,90,20,90,66,56,0,0,0,0,15,0,5,10,16,10,20,10,18,0,12,12,20,10,8,13,36,0,77,135,999,0,1,-31,0,0,204
45,2,2,2,2,25,Nick,Ferguson,20,90,0,0,20,88,0,5,28274,18,28274,87,26,0,0,80,0,0,0,60,0,0,88,1,63,1009,90,70,14,25,0,7,10,0,0,0,0,0,0,0,71,45,100,0,0,1,0,0,0,0,25,1,1,0,1,40,0,15,25,27,80,0,0,45,0,1,99,20,55,73,60,0,0,0,0,1,10,2,10,0,10,4,10,7,0,18,18,5,10,6,4,28,0,71,40,999,35,0,-31,0,0,204
45,0,0,0,0,25,Mustafah,Muhammad,32,91,0,0,20,88,0,7,28275,10,28275,88,27,0,0,75,0,0,0,68,0,0,90,2,63,1009,90,60,15,20,0,0,30,0,0,0,0,0,0,0,95,45,100,2,2,1,2,65,0,0,31,1,1,0,1,50,0,15,25,42,80,2,0,45,0,0,85,20,54,74,60,3,3,3,3,7,10,0,10,0,10,4,10,5,0,16,16,5,10,10,2,32,0,70,20,999,35,0,-31,0,0,204
45,2,2,2,2,25,Akeem,Jordan,28,88,0,0,20,82,0,7,28276,0,28276,80,22,0,0,75,0,0,0,60,0,0,78,2,63,1009,90,74,20,22,0,3,22,0,0,0,0,6,0,6,91,45,100,0,0,1,0,47,0,0,56,2,1,0,1,0,0,15,25,31,75,1,0,55,0,1,97,20,70,68,48,0,0,0,0,19,6,14,10,10,10,14,10,17,0,15,15,13,10,4,13,28,0,73,66,999,0,0,-31,0,0,186
45,2,2,2,2,30,LaMarcus,Hicks,28,90,0,0,25,89,0,7,28277,0,28277,88,24,2,0,74,0,0,0,62,0,0,89,2,63,1009,90,66,15,20,0,8,10,0,0,0,7,7,7,7,90,45,100,0,0,1,0,39,0,0,35,2,1,0,1,62,0,15,30,37,88,1,0,55,0,1,94,25,54,69,52,2,2,2,2,3,7,5,10,3,10,10,5,7,0,18,18,7,7,5,6,28,0,72,30,999,40,0,-31,0,0,204
45,2,2,2,2,25,Quinton,Teal,60,90,0,0,20,88,0,5,28279,0,28279,87,23,0,0,82,0,0,0,70,0,0,89,2,63,1009,92,65,15,20,0,13,20,0,0,0,0,0,0,0,265,45,100,4,0,2,4,0,0,0,28,0,2,0,2,0,0,15,25,42,88,1,0,55,0,1,80,20,54,71,46,0,0,0,0,3,7,5,10,3,10,10,5,7,0,17,17,7,7,5,6,60,0,73,27,999,40,0,-31,0,0,205
45,2,2,2,2,25,Tony,Curtis,31,80,0,5,20,70,0,5,28280,0,28280,70,24,0,0,70,0,0,0,76,0,0,66,1,63,1009,85,15,44,52,0,8,25,0,0,0,3,2,3,2,167,45,100,0,0,1,0,55,0,0,89,2,1,5,1,82,0,15,25,15,85,2,0,70,0,1,99,20,70,62,54,0,0,0,0,30,18,31,54,23,21,50,24,22,0,4,4,74,11,2,23,31,1,77,105,999,0,1,-31,0,0,177
45,1,1,1,1,25,Sean,Conover,31,78,0,15,20,78,0,7,28282,0,28282,72,23,0,0,78,0,0,0,65,0,0,70,0,63,1009,90,70,40,45,0,6,55,0,0,0,0,0,0,0,23,45,100,0,0,1,0,0,0,0,77,0,1,15,1,40,0,15,25,39,75,2,0,60,0,1,92,20,72,74,58,0,0,0,0,9,5,7,10,5,10,11,10,9,0,11,11,8,10,10,10,31,0,77,102,999,0,0,-31,0,0,151
45,0,0,0,0,13,Jeff,Marriott,0,71,0,0,23,59,0,0,28283,1009,28283,50,23,0,0,88,0,0,0,27,0,0,49,0,0,1015,97,29,73,70,0,0,26,0,0,0,0,0,0,0,122,45,0,0,0,0,0,0,0,0,0,0,0,0,0,50,0,0,25,35,50,0,0,22,0,0,100,29,82,58,50,0,0,0,0,49,21,19,86,12,0,6,51,13,0,7,0,0,33,15,0,0,2,73,110,0,3,0,0,0,0,150
45,0,0,0,0,15,Brian,Waters,0,85,0,0,32,75,0,0,28284,9,28284,51,22,0,0,83,0,0,0,14,0,0,60,0,0,1015,82,20,82,92,0,0,28,0,0,0,0,0,0,0,148,45,0,0,0,0,0,0,0,0,54,0,0,0,0,50,0,0,32,23,50,0,0,24,0,0,100,13,81,79,66,0,0,0,0,17,35,15,30,35,0,40,6,0,0,6,0,0,37,20,0,0,0,79,160,0,5,0,0,0,0,150
45,0,0,0,0,30,Andrew,Kline,0,80,0,0,29,70,0,0,28285,1009,28285,53,23,0,0,83,0,0,0,39,0,0,43,1,0,1015,77,15,70,71,0,0,24,0,0,0,0,0,0,0,180,45,0,0,0,0,0,0,0,0,0,0,0,0,0,50,0,0,36,28,50,0,0,25,0,0,100,26,81,62,60,0,0,0,0,16,10,26,55,26,0,30,41,32,0,6,0,0,33,29,0,0,2,75,143,0,1,0,0,0,0,58
45,0,0,0,0,38,Bobbie,Williams,0,72,0,0,30,73,0,0,28286,13,28286,57,21,0,0,90,0,0,0,12,0,0,59,0,0,1015,84,17,80,80,0,0,29,0,0,0,0,0,0,0,10,45,0,0,0,0,0,0,0,0,66,0,0,0,0,50,0,0,34,18,50,0,0,19,0,0,100,19,87,78,75,0,0,0,0,46,26,56,59,48,0,33,63,20,0,6,0,0,20,27,0,0,0,78,185,0,8,0,0,0,0,150
45,0,0,0,0,34,Cosey,Coleman,0,82,0,0,24,62,0,0,28287,6,28287,53,21,0,0,72,0,0,0,28,0,0,52,3,0,1015,77,10,71,84,0,0,23,0,0,0,0,0,0,0,211,45,0,0,0,0,0,0,0,0,60,0,0,0,0,50,0,0,31,20,50,0,0,23,0,0,100,15,91,76,75,0,0,0,0,49,20,8,47,52,0,44,56,23,0,8,0,0,3,28,0,0,3,77,150,0,7,0,0,0,0,204
45,0,0,0,0,16,Wes,Shivers,0,72,0,0,34,73,0,0,28288,14,28288,55,23,0,0,88,0,0,0,14,0,0,59,0,0,1015,72,13,63,65,0,0,18,0,0,0,0,0,0,0,121,45,0,0,0,0,0,0,0,0,67,0,0,0,0,50,0,0,17,10,50,0,0,25,0,0,100,14,98,63,68,0,0,0,0,39,43,28,51,33,0,51,55,23,0,5,0,0,35,14,0,0,3,79,161,0,7,0,0,0,0,150
45,0,0,0,0,18,Patrick,Pass,0,85,0,0,23,75,0,0,28289,22,28289,80,22,0,0,70,0,0,0,73,0,0,78,1,0,1015,74,42,37,27,0,0,89,0,0,0,0,0,0,0,70,45,0,0,0,0,0,0,0,0,35,0,0,0,0,50,0,0,34,55,50,0,0,74,0,0,100,23,79,77,75,0,0,0,0,10,10,15,65,28,0,75,66,14,0,1,0,0,8,20,0,0,3,70,57,0,8,0,0,0,0,58
45,0,0,0,0,26,Mike,Malano,0,79,0,0,21,74,0,0,28290,1009,28290,51,23,0,0,82,0,0,0,24,0,0,58,0,0,1015,91,24,71,73,0,0,18,0,0,0,0,0,0,0,180,45,0,0,0,0,0,0,0,0,0,0,0,0,0,50,0,0,31,36,50,0,0,26,0,0,100,33,82,69,74,0,0,0,0,32,20,0,57,31,0,50,48,23,0,6,0,0,34,8,0,0,3,78,144,0,8,0,0,0,0,150
45,0,0,0,0,24,No,Name,0,82,0,0,32,76,0,0,28291,1009,28291,59,21,0,0,81,0,0,0,37,0,0,58,0,0,1015,76,13,80,84,0,0,26,0,0,0,0,0,0,0,101,45,0,0,0,0,0,0,0,0,0,0,0,0,0,50,0,0,21,15,50,0,0,10,0,0,100,13,93,79,62,0,0,0,0,66,10,28,43,12,0,5,33,28,0,6,0,0,44,23,0,0,2,79,163,0,5,0,0,0,0,150
45,0,0,0,0,21,Mondriel,Fulcher,0,72,0,0,26,76,0,0,28292,23,28292,72,21,0,0,86,0,0,0,70,0,0,72,0,0,1015,80,50,54,59,0,0,62,0,0,0,0,0,0,0,116,45,0,0,0,0,0,0,0,0,89,0,0,0,0,50,0,0,27,59,50,0,0,66,0,0,100,22,72,71,52,0,0,0,0,22,29,46,64,19,0,80,68,0,0,4,0,0,35,14,0,0,3,75,90,0,6,0,0,0,0,150
45,0,0,0,0,39,,Bailey,0,84,0,0,39,76,0,0,28293,1009,28293,57,21,0,0,92,0,0,0,29,0,0,51,0,0,1015,91,27,83,69,0,0,22,0,0,0,0,0,0,0,183,45,0,0,0,0,0,0,0,0,0,0,0,0,0,50,0,0,29,23,50,0,0,30,0,0,100,35,88,72,69,0,0,0,0,36,12,77,0,30,0,79,57,26,0,6,0,0,1,7,0,0,0,78,170,0,9,0,0,0,0,150
45,0,0,0,0,38,Tutan,Reyes,0,55,0,0,12,76,0,0,28294,27,28294,44,21,0,0,97,0,0,0,11,0,0,56,3,0,1015,64,26,85,83,0,0,36,0,0,0,0,0,0,0,159,45,0,0,0,0,0,0,0,0,76,0,0,0,0,50,0,0,25,31,50,0,0,28,0,0,100,27,96,78,66,0,0,0,0,17,31,17,29,26,0,61,61,12,0,5,0,0,55,18,0,0,2,75,150,0,5,0,0,0,0,204
45,0,0,0,0,26,Kaulana,Noa,0,73,0,0,11,61,0,0,28295,1009,28295,53,22,0,0,85,0,0,0,19,0,0,57,3,0,1015,89,27,62,86,0,0,23,0,0,0,0,0,0,0,76,45,0,0,0,0,0,0,0,0,0,0,0,0,0,50,0,0,31,33,50,0,0,18,0,0,100,34,85,66,72,0,0,0,0,69,15,23,33,37,0,107,63,1,0,5,0,0,40,21,0,0,2,75,147,0,0,0,0,0,0,204
45,0,0,0,0,34,Greg,Randall,0,76,0,0,20,68,0,0,28296,22,28296,49,22,0,0,82,0,0,0,13,0,0,51,3,0,1015,88,23,91,61,0,0,32,0,0,0,0,0,0,0,118,45,0,0,0,0,0,0,0,0,77,0,0,0,0,50,0,0,31,28,50,0,0,19,0,0,100,21,89,71,75,0,0,0,0,38,30,65,39,19,0,58,21,6,0,6,0,0,1,20,0,0,3,77,162,0,6,0,0,0,0,204
45,0,0,0,0,22,Chad,Clifton,0,71,0,0,36,71,0,0,28297,20,28297,59,21,0,0,83,0,0,0,10,0,0,67,0,0,1015,85,16,84,85,0,0,30,0,0,0,0,0,0,0,211,45,0,0,0,0,0,0,0,0,76,0,0,0,0,50,0,0,36,27,50,0,0,24,0,0,100,28,90,79,70,0,0,0,0,30,32,35,43,45,0,62,58,26,0,5,0,0,29,57,0,0,1,77,160,0,0,0,0,0,0,150
45,0,0,0,0,22,Chris,McIntosh,0,71,0,0,32,67,0,0,28298,28,28298,59,22,0,0,85,0,0,0,18,0,0,65,3,0,1015,67,27,86,61,0,0,13,0,0,0,0,0,0,0,258,45,0,0,0,0,0,0,0,0,75,0,0,0,0,50,0,0,31,25,50,0,0,19,0,0,100,21,94,71,69,0,0,0,0,17,39,11,28,4,0,11,51,17,0,5,0,0,33,35,0,0,1,79,148,0,4,0,0,0,0,204
45,0,0,0,0,15,Joey,Chustz,0,75,0,0,11,67,0,0,28299,17,28299,41,23,0,0,95,0,0,0,19,0,0,55,0,0,1015,70,12,83,74,0,0,30,0,0,0,0,0,0,0,101,45,0,0,0,0,0,0,0,0,66,0,0,0,0,50,0,0,20,16,50,0,0,29,0,0,100,13,85,68,64,0,0,0,0,25,28,6,57,21,0,52,70,10,0,5,0,0,52,9,0,0,2,79,145,0,0,0,0,0,0,150
45,0,0,0,0,12,Brad,St. Louis,0,73,0,0,15,85,0,0,28300,2,28300,67,22,0,0,89,0,0,0,66,0,0,64,1,0,1015,94,16,50,62,0,0,60,0,0,0,0,0,0,0,122,45,0,0,0,0,0,0,0,0,48,0,0,0,0,50,0,0,18,68,50,0,0,37,0,0,100,28,85,78,75,0,0,0,0,37,38,10,66,43,0,60,27,4,0,4,0,0,46,41,0,0,1,75,83,0,5,0,0,0,0,58
45,0,0,0,0,5,Adrian,Klemm,0,71,0,0,39,82,0,0,28301,22,28301,48,24,0,0,81,0,0,0,32,0,0,67,0,0,1015,75,25,83,86,0,0,33,0,0,0,0,0,0,0,76,45,0,0,0,0,0,0,0,0,70,0,0,0,0,50,0,0,20,37,50,0,0,23,0,0,100,27,84,75,64,0,0,0,0,25,24,23,40,13,0,2,65,1,0,5,0,0,55,40,0,0,2,77,158,0,4,0,0,0,0,150
45,0,0,0,0,26,Chris,Samuels,0,64,0,0,37,72,0,0,28302,26,28302,60,22,0,0,89,0,0,0,17,0,0,59,3,0,1015,99,21,89,83,0,0,19,0,0,0,0,0,0,0,3,45,0,0,0,0,0,0,0,0,60,0,0,0,0,50,0,0,21,39,50,0,0,22,0,0,100,27,99,84,75,0,0,0,0,36,33,34,52,18,0,12,73,10,0,5,0,0,36,43,0,0,3,77,154,0,6,0,0,0,0,204
45,0,0,0,0,27,Aaron,Shea,0,93,0,0,29,70,0,0,28303,5,28303,70,21,0,0,82,0,0,0,89,0,0,67,1,0,1015,87,23,58,42,0,0,60,0,0,0,0,0,0,0,117,45,0,0,0,0,0,0,0,0,80,0,0,0,0,50,0,0,22,62,50,0,0,62,0,0,100,17,78,76,70,0,0,0,0,39,26,30,51,25,0,50,21,1,0,4,0,0,1,27,0,0,1,79,88,0,3,0,0,0,0,58
45,0,0,0,0,20,Bubba,Franks,0,84,0,0,23,82,0,0,28304,20,28304,75,23,0,0,92,0,0,0,83,0,0,67,1,0,1015,89,32,53,51,0,0,64,0,0,0,0,0,0,0,115,45,0,0,0,0,0,0,0,0,88,0,0,0,0,50,0,0,29,83,50,0,0,64,0,0,100,13,85,83,72,0,0,0,0,30,26,38,35,16,0,18,5,21,0,4,0,0,5,20,0,0,2,79,105,0,1,0,0,0,0,58
45,0,0,0,0,10,Anthony,Becht,0,74,0,0,16,78,0,0,28305,18,28305,80,23,0,0,85,0,0,0,71,0,0,61,0,0,1015,73,20,48,59,0,0,76,0,0,0,0,0,0,0,254,45,0,0,0,0,0,0,0,0,88,0,0,0,0,50,0,0,21,78,50,0,0,64,0,0,100,18,74,78,66,0,0,0,0,5,28,36,4,24,0,57,5,24,0,4,0,0,8,1,0,0,3,79,120,0,3,0,0,0,0,150
45,0,0,0,0,13,Dustin,Lyman,0,97,0,0,41,84,0,0,28306,1,28306,70,22,0,0,89,0,0,0,77,0,0,67,3,0,1015,86,32,59,51,0,0,60,0,0,0,0,0,0,0,249,45,0,0,0,0,0,0,0,0,89,0,0,0,0,50,0,0,20,66,50,0,0,70,0,0,100,19,63,74,74,0,0,0,0,6,18,33,53,17,0,14,28,16,0,4,0,0,4,7,0,0,1,79,94,0,3,0,0,0,0,204
45,0,0,0,0,31,Dave,Stachelski,0,99,0,0,16,72,0,0,28307,1009,28307,66,23,0,0,80,0,0,0,69,0,0,78,0,0,1015,87,20,56,55,0,0,58,0,0,0,0,0,0,0,19,45,0,0,0,0,0,0,0,0,89,0,0,0,0,50,0,0,35,68,50,0,0,68,0,0,100,24,77,68,51,0,0,0,0,36,18,38,51,21,0,72,20,22,0,4,0,0,14,9,0,0,0,79,85,0,7,0,0,0,0,150
45,0,0,0,0,11,Erron,Kinney,0,95,0,0,20,80,0,0,28308,30,28308,75,22,0,0,89,0,0,0,69,0,0,77,3,0,1015,79,22,59,58,0,0,60,0,0,0,0,0,0,0,62,45,0,0,0,0,0,0,0,0,88,0,0,0,0,50,0,0,22,71,50,0,0,76,0,0,100,19,64,76,73,0,0,0,0,19,11,32,14,28,0,16,5,10,0,4,0,0,10,28,0,0,0,79,115,0,8,0,0,0,0,204
45,0,0,0,0,14,Windrell,Hayes,0,91,0,0,14,84,0,0,28309,18,28309,78,23,0,0,75,0,0,0,81,0,0,81,3,0,1015,72,12,23,21,0,0,68,0,0,0,0,0,0,0,231,45,0,0,0,0,0,0,0,0,86,0,0,0,0,50,0,0,25,80,50,0,0,74,0,0,100,12,61,66,60,0,0,0,0,6,16,30,0,26,0,11,28,19,0,3,0,0,13,9,0,0,0,71,42,0,5,0,0,0,0,204
45,0,0,0,0,18,Brian,Jennings,0,99,0,0,27,82,0,0,28310,15,28310,65,23,0,0,86,0,0,0,81,0,0,88,3,0,1015,85,27,62,56,0,0,74,0,0,0,0,0,0,0,9,45,0,0,0,0,0,0,0,0,86,0,0,0,0,50,0,0,26,77,50,0,0,73,0,0,100,17,65,79,60,0,0,0,0,5,13,31,26,13,0,75,9,20,0,4,0,0,19,5,0,0,3,79,82,0,2,0,0,0,0,204
45,0,0,0,0,15,James,Whalen,0,88,0,0,10,78,0,0,28311,11,28311,75,21,0,0,85,0,0,0,76,0,0,77,0,0,1015,80,31,49,51,0,0,65,0,0,0,0,0,0,0,98,45,0,0,0,0,0,0,0,0,46,0,0,0,0,50,0,0,16,75,50,0,0,78,0,0,100,18,77,72,50,0,0,0,0,4,20,64,58,28,0,52,2,22,0,4,0,0,2,5,0,0,0,74,84,0,9,0,0,0,0,150
45,0,0,0,0,13,Austin,Wheatley,0,83,0,0,29,67,0,0,28312,27,28312,67,23,0,0,85,0,0,0,67,0,0,75,0,0,1015,80,36,59,54,0,0,68,0,0,0,0,0,0,0,89,45,0,0,0,0,0,0,0,0,84,0,0,0,0,50,0,0,29,86,50,0,0,58,0,0,100,18,70,69,65,0,0,0,0,21,20,39,29,17,0,11,1,7,0,4,0,0,16,1,0,0,2,75,94,0,5,0,0,0,0,150
45,0,0,0,0,29,Jay,Tant,0,96,0,0,23,70,0,0,28313,7,28313,59,21,0,0,95,0,0,0,69,0,0,69,3,0,1015,76,34,59,59,0,0,69,0,0,0,0,0,0,0,151,45,0,0,0,0,0,0,0,0,87,0,0,0,0,50,0,0,28,76,50,0,0,65,0,0,100,30,74,68,50,0,0,0,0,6,29,34,24,22,0,57,23,23,0,4,0,0,1,9,0,0,1,75,94,0,7,0,0,0,0,204
45,0,0,0,0,22,R. Jay,Soward,0,88,0,0,29,85,0,0,28314,17,28314,98,22,0,0,93,0,0,0,87,0,0,73,3,0,1015,82,29,12,24,0,0,42,0,0,0,0,0,0,0,231,45,0,0,0,0,0,0,0,0,81,0,0,0,0,50,0,0,36,94,50,0,0,31,0,0,100,11,40,67,50,0,0,0,0,9,4,71,21,19,0,2,8,26,0,3,0,0,2,33,0,0,1,71,22,0,20,0,0,0,0,204
45,0,0,0,0,22,Dennis,Northcutt,0,93,0,0,23,93,0,0,28315,5,28315,97,21,0,0,80,0,0,0,81,0,0,81,1,0,1015,84,10,32,20,0,0,60,0,0,0,0,0,0,0,8,45,0,0,0,0,0,0,0,0,86,0,0,0,0,50,0,0,36,97,50,0,0,48,0,0,100,21,53,72,62,0,0,0,0,9,28,106,0,36,0,4,17,24,0,3,0,0,2,6,0,0,1,71,12,0,52,0,0,0,0,58
45,0,0,0,0,13,Peter,Warrick,0,83,0,0,15,86,0,0,28316,2,28316,85,21,0,0,82,0,0,0,78,0,0,96,1,0,1015,87,20,34,35,0,0,49,0,0,0,0,0,0,0,64,45,0,0,0,0,0,0,0,0,80,0,0,0,0,50,0,0,29,95,50,0,0,75,0,0,100,14,51,71,71,0,0,0,0,2,6,89,1,20,0,9,4,23,0,3,0,0,9,9,0,0,0,71,35,0,72,0,0,0,0,58
45,0,0,0,0,21,Travis,Taylor,0,86,0,0,17,95,0,0,28317,25,28317,90,21,0,0,76,0,0,0,72,0,0,93,1,0,1015,92,18,23,24,0,0,61,0,0,0,0,0,0,0,62,45,0,0,0,0,0,0,0,0,89,0,0,0,0,50,0,0,16,96,50,0,0,51,0,0,100,19,30,68,64,0,0,0,0,3,3,89,23,39,0,32,0,24,0,3,0,0,2,21,0,0,2,73,50,0,54,0,0,0,0,58
45,0,0,0,0,34,Ron,Dugans,0,81,0,0,23,81,0,0,28318,2,28318,86,22,0,0,92,0,0,0,62,0,0,87,3,0,1015,72,28,10,26,0,0,63,0,0,0,0,0,0,0,64,45,0,0,0,0,0,0,0,0,81,0,0,0,0,50,0,0,30,94,50,0,0,68,0,0,100,19,55,63,74,0,0,0,0,9,19,74,1,32,0,8,1,1,0,3,0,0,5,43,0,0,3,75,45,0,4,0,0,0,0,204
45,0,0,0,0,27,Laveranues,Coles,0,84,0,0,20,94,0,0,28319,18,28319,96,23,0,0,91,0,0,0,88,0,0,87,3,0,1015,70,13,31,34,0,0,62,0,0,0,0,0,0,0,64,45,0,0,0,0,0,0,0,0,87,0,0,0,0,50,0,0,10,80,50,0,0,70,0,0,100,22,63,79,73,0,0,0,0,8,19,74,2,12,0,54,5,13,0,3,0,0,0,5,0,0,1,71,33,0,33,0,0,0,0,204
45,0,0,0,0,25,Darrell,Jackson,0,88,0,0,23,97,0,0,28320,28,28320,98,23,0,0,71,0,0,0,70,0,0,93,3,0,1015,77,18,31,30,0,0,30,0,0,0,0,0,0,0,62,45,0,0,0,0,0,0,0,0,82,0,0,0,0,50,0,0,10,88,50,0,0,69,0,0,100,25,63,71,69,0,0,0,0,1,7,74,2,23,0,7,8,14,0,3,0,0,9,4,0,0,1,71,50,0,43,0,0,0,0,204
45,0,0,0,0,26,Dez,White,0,83,0,0,25,90,0,0,28321,1,28321,89,22,0,0,91,0,0,0,69,0,0,94,3,0,1015,51,29,37,32,0,0,65,0,0,0,0,0,0,0,71,45,0,0,0,0,0,0,0,0,80,0,0,0,0,50,0,0,28,84,50,0,0,63,0,0,100,15,67,69,68,0,0,0,0,3,9,67,20,23,0,53,0,26,0,3,0,0,2,19,0,0,3,73,55,0,94,0,0,0,0,204
45,0,0,0,0,16,Ron,Dixon,0,82,0,0,14,85,0,0,28322,16,28322,81,21,0,0,79,0,0,0,83,0,0,91,3,0,1015,89,25,18,30,0,0,46,0,0,0,0,0,0,0,102,45,0,0,0,0,0,0,0,0,86,0,0,0,0,50,0,0,22,94,50,0,0,68,0,0,100,13,55,65,44,0,0,0,0,5,9,104,2,16,0,50,12,0,0,3,0,0,0,15,0,0,1,73,30,0,21,0,0,0,0,204
45,0,0,0,0,27,Sylvester,Morris,0,85,0,0,16,81,0,0,28323,9,28323,82,21,0,0,79,0,0,0,71,0,0,89,3,0,1015,92,25,33,32,0,0,53,0,0,0,0,0,0,0,92,45,0,0,0,0,0,0,0,0,84,0,0,0,0,50,0,0,13,86,50,0,0,53,0,0,100,21,56,65,73,0,0,0,0,10,5,80,37,19,0,2,8,14,0,3,0,0,4,5,0,0,1,75,52,0,59,0,0,0,0,204
45,0,0,0,0,20,Gari,Scott,0,87,0,0,28,98,0,0,28324,1009,28324,90,23,0,0,79,0,0,0,60,0,0,83,3,0,1015,85,23,35,39,0,0,65,0,0,0,0,0,0,0,118,45,0,0,0,0,0,0,0,0,0,0,0,0,0,50,0,0,40,86,50,0,0,69,0,0,100,22,56,58,40,0,0,0,0,7,46,90,4,13,0,4,8,21,0,3,0,0,0,5,0,0,2,72,31,0,11,0,0,0,0,204
45,0,0,0,0,19,Dante,Hall,0,79,0,0,14,86,0,0,28325,9,28325,89,22,0,0,86,0,0,0,82,0,0,97,3,0,1015,80,10,20,37,0,0,66,0,0,0,0,0,0,0,215,45,0,0,0,0,0,0,0,0,20,0,0,0,0,50,0,0,20,96,50,0,0,64,0,0,100,37,65,74,64,0,0,0,0,3,9,88,11,20,0,0,1,10,0,3,0,0,0,9,0,0,0,70,27,0,53,0,0,0,0,204
45,0,0,0,0,11,Trevor,Gaylor,0,81,0,0,22,83,0,0,28326,8,28326,84,21,0,0,74,0,0,0,72,0,0,71,3,0,1015,55,17,30,25,0,0,46,0,0,0,0,0,0,0,116,45,0,0,0,0,0,0,0,0,82,0,0,0,0,50,0,0,35,93,50,0,0,50,0,0,100,22,66,62,70,0,0,0,0,0,9,101,24,36,0,3,8,24,0,3,0,0,3,2,0,0,2,75,35,0,89,0,0,0,0,204
45,0,0,0,0,12,Jerry,Porter,0,91,0,0,27,90,0,0,28327,23,28327,94,22,0,0,71,0,0,0,85,0,0,88,3,0,1015,40,24,28,59,0,0,60,0,0,0,0,0,0,0,254,45,0,0,0,0,0,0,0,0,84,0,0,0,0,50,0,0,12,92,50,0,0,44,0,0,100,26,66,78,76,0,0,0,0,2,9,81,35,13,0,32,4,20,0,3,0,0,6,18,0,0,2,74,60,0,17,0,0,0,0,204
45,0,0,0,0,11,Todd,Pinkston,0,86,0,0,31,86,0,0,28328,13,28328,88,24,0,0,76,0,0,0,81,0,0,86,3,0,1015,79,20,21,37,0,0,44,0,0,0,0,0,0,0,194,45,0,0,0,0,0,0,0,0,87,0,0,0,0,50,0,0,10,97,50,0,0,68,0,0,100,24,44,71,77,0,0,0,0,8,4,88,1,13,0,4,14,19,0,3,0,0,1,17,0,0,0,75,20,0,30,0,0,0,0,204
45,0,0,0,0,16,Avion,Black,0,91,0,0,20,81,0,0,28329,3,28329,84,21,0,0,72,0,0,0,77,0,0,85,3,0,1015,74,25,28,27,0,0,67,0,0,0,0,0,0,0,212,45,0,0,0,0,0,0,0,0,89,0,0,0,0,50,0,0,12,93,50,0,0,77,0,0,100,29,54,63,51,0,0,0,0,0,9,88,5,9,0,0,6,17,0,3,0,0,8,6,0,0,3,71,25,0,29,0,0,0,0,204
45,0,0,0,0,26,Danny,Farmer,0,80,0,0,27,88,0,0,28330,2,28330,92,21,0,0,78,0,0,0,69,0,0,88,3,0,1015,86,13,21,33,0,0,46,0,0,0,0,0,0,0,226,45,0,0,0,0,0,0,0,0,83,0,0,0,0,50,0,0,10,93,50,0,0,69,0,0,100,21,50,63,53,0,0,0,0,8,9,106,1,6,0,54,2,26,0,3,0,0,1,4,0,0,1,75,55,0,11,0,0,0,0,204
45,0,0,0,0,10,Plaxico,Burress,0,89,0,0,24,86,0,0,28331,29,28331,87,24,0,0,71,0,0,0,88,0,0,98,3,0,1015,81,29,23,38,0,0,51,0,0,0,0,0,0,0,118,45,0,0,0,0,0,0,0,0,80,0,0,0,0,50,0,0,29,90,50,0,0,75,0,0,100,25,81,78,73,0,0,0,0,4,14,104,36,2,0,6,9,27,0,3,0,0,0,5,0,0,1,79,72,0,81,0,0,0,0,204
45,0,0,0,0,27,Chris,Cole,0,96,0,0,19,89,0,0,28332,4,28332,91,21,0,0,85,0,0,0,74,0,0,85,3,0,1015,65,26,16,38,0,0,63,0,0,0,0,0,0,0,215,45,0,0,0,0,0,0,0,0,84,0,0,0,0,50,0,0,24,94,50,0,0,65,0,0,100,21,65,64,45,0,0,0,0,15,4,82,13,18,0,54,2,24,0,3,0,0,6,12,0,0,0,74,35,0,96,0,0,0,0,204
45,0,0,0,0,16,Anthony,Lucas,0,83,0,0,22,99,0,0,28333,1009,28333,93,22,0,0,72,0,0,0,60,0,0,72,3,0,1015,81,19,23,62,0,0,63,0,0,0,0,0,0,0,10,45,0,0,0,0,0,0,0,0,0,0,0,0,0,50,0,0,23,97,50,0,0,52,0,0,100,11,31,58,55,0,0,0,0,7,18,97,16,15,0,9,0,8,0,3,0,0,7,17,0,0,3,75,34,0,10,0,0,0,0,204
45,0,0,0,0,21,JaJuan,Dawson,0,95,0,0,22,88,0,0,28334,5,28334,82,22,0,0,74,0,0,0,72,0,0,88,3,0,1015,72,26,11,50,0,0,66,0,0,0,0,0,0,0,221,45,0,0,0,0,0,0,0,0,88,0,0,0,0,50,0,0,22,94,50,0,0,77,0,0,100,16,58,65,60,0,0,0,0,0,2,72,14,13,0,5,7,18,0,3,0,0,3,2,0,0,0,73,37,0,67,0,0,0,0,204
45,0,0,0,0,10,Chad,Morton,0,37,0,0,17,85,0,0,28335,27,28335,88,23,0,0,64,0,0,0,60,0,0,81,3,0,1015,52,32,57,65,0,0,74,0,0,0,0,0,0,0,231,45,0,0,0,0,0,0,0,0,30,0,0,0,0,50,0,0,39,55,50,0,0,80,0,0,100,33,77,77,70,0,0,0,0,3,10,30,23,38,0,78,7,26,0,1,0,0,33,10,0,0,3,70,31,0,5,0,0,0,0,204
45,0,0,0,0,36,Frank,Murphy,0,61,0,0,37,77,0,0,28336,1009,28336,80,22,0,0,70,0,0,0,87,0,0,78,3,0,1015,73,25,61,55,0,0,70,0,0,0,0,0,0,0,96,45,0,0,0,0,0,0,0,0,87,0,0,0,0,50,0,0,29,65,50,0,0,70,0,0,100,28,79,71,74,0,0,0,0,0,17,31,20,32,0,71,20,29,0,3,0,0,36,49,0,0,3,72,46,0,1,0,0,0,0,204
45,0,0,0,0,36,Thomas,Hamner,0,66,0,0,14,77,0,0,28337,1009,28337,75,23,0,0,79,0,0,0,75,0,0,65,3,0,1015,55,27,48,61,0,0,75,0,0,0,0,0,0,0,120,45,0,0,0,0,0,0,0,0,0,0,0,0,0,50,0,0,26,66,50,0,0,61,0,0,100,32,69,63,68,0,0,0,0,7,19,37,57,36,0,55,38,20,0,1,0,0,13,46,0,0,3,72,37,0,22,0,0,0,0,204
45,0,0,0,0,18,Deon,Dyer,0,76,0,0,15,70,0,0,28338,12,28338,60,21,0,0,90,0,0,0,67,0,0,55,0,0,1015,60,25,43,52,0,0,66,0,0,0,0,0,0,0,135,45,0,0,0,0,0,0,0,0,33,0,0,0,0,50,0,0,10,40,50,0,0,60,0,0,100,25,78,70,67,0,0,0,0,12,35,14,23,32,0,75,37,46,0,2,0,0,38,44,0,0,1,71,65,0,9,0,0,0,0,150
45,0,0,0,0,21,James,Williams,0,70,0,0,30,74,0,0,28339,1009,28339,77,22,0,0,67,0,0,0,66,0,0,80,3,0,1015,84,11,56,55,0,0,72,0,0,0,0,0,0,0,110,45,0,0,0,0,0,0,0,0,88,0,0,0,0,0,0,0,36,69,69,0,0,74,0,0,100,36,67,60,55,0,0,0,0,3,10,38,28,35,0,75,30,27,0,3,0,0,9,48,0,0,1,71,26,0,5,0,0,0,0,204
45,0,0,0,0,25,Terrelle,Smith,0,82,0,0,31,63,0,0,28340,27,28340,61,22,0,0,87,0,0,0,79,0,0,57,0,0,1015,56,17,57,59,0,0,96,0,0,0,0,0,0,0,9,45,0,0,0,0,0,0,0,0,44,0,0,0,0,50,0,0,23,66,50,0,0,64,0,0,100,12,52,78,50,0,0,0,0,2,11,32,23,33,0,78,39,26,0,2,0,0,3,48,0,0,1,72,90,0,1,0,0,0,0,150
45,0,0,0,0,21,Emanuel,Smith,0,85,0,0,12,76,0,0,28341,17,28341,73,22,0,0,84,0,0,0,67,0,0,66,3,0,1015,68,17,30,34,0,0,73,0,0,0,0,0,0,0,10,45,0,0,0,0,0,0,0,0,89,0,0,0,0,50,0,0,11,67,50,0,0,79,0,0,100,12,74,57,70,0,0,0,0,0,19,36,37,37,0,77,34,22,0,3,0,0,32,24,0,0,1,75,53,0,0,0,0,0,0,204
45,0,0,0,0,36,Sherrod,Gideon,0,47,0,0,18,73,0,0,28342,1009,28342,65,23,0,0,75,0,0,0,77,0,0,87,0,0,1015,86,15,58,42,0,0,63,0,0,0,0,0,0,0,194,45,0,0,0,0,0,0,0,0,0,0,0,0,0,50,0,0,35,52,50,0,0,73,0,0,100,31,74,60,58,0,0,0,0,3,12,37,29,33,0,23,14,24,0,3,0,0,34,41,0,0,0,71,11,0,2,0,0,0,0,150
45,0,0,0,0,15,Jason,Gavadza,0,55,0,0,25,78,0,0,28343,1009,28343,68,23,0,0,88,0,0,0,49,0,0,63,3,0,1015,75,29,59,62,0,0,60,0,0,0,0,0,0,0,97,45,0,0,0,0,0,0,0,0,0,0,0,0,0,50,0,0,21,65,50,0,0,61,0,0,100,20,69,62,64,0,0,0,0,2,13,38,25,35,0,73,37,33,0,4,0,0,8,48,0,0,2,79,85,0,9,0,0,0,0,204
45,0,0,0,0,29,Kevin,Houser,0,35,0,0,10,67,0,0,28344,27,28344,79,22,0,0,87,0,0,0,67,0,0,56,0,0,1015,67,26,46,48,0,0,63,0,0,0,0,0,0,0,156,45,0,0,0,0,0,0,0,0,47,0,0,0,0,50,0,0,17,47,50,0,0,93,0,0,100,23,81,78,75,0,0,0,0,8,15,33,25,39,0,71,11,21,0,2,0,0,30,26,0,0,0,75,92,0,5,0,0,0,0,150
45,0,0,0,0,38,Mike,Green,0,57,0,0,29,85,0,0,28345,30,28345,86,21,0,0,73,0,0,0,75,0,0,73,3,0,1015,99,21,50,45,0,0,67,0,0,0,0,0,0,0,80,45,0,0,0,0,0,0,0,0,20,0,0,0,0,50,0,0,24,59,50,0,0,62,0,0,100,35,73,70,78,0,0,0,0,2,10,66,27,33,0,75,33,20,0,1,0,0,9,41,0,0,3,72,90,0,0,0,0,0,0,204
45,0,0,0,0,33,Muneer,Moore,0,49,0,0,30,78,0,0,28346,1009,28346,83,23,0,0,84,0,0,0,70,0,0,69,0,0,1015,73,38,59,47,0,0,73,0,0,0,0,0,0,0,172,45,0,0,0,0,0,0,0,0,0,0,0,0,0,50,0,0,32,87,50,0,0,66,0,0,100,31,74,62,70,0,0,0,0,5,15,57,32,37,0,74,30,22,0,3,0,0,39,43,0,0,0,73,40,0,5,0,0,0,0,150
45,0,0,0,0,21,Mike,Anderson,0,78,0,0,20,86,0,0,28347,4,28347,85,24,0,0,87,0,0,0,64,0,0,87,3,0,1015,81,29,30,30,0,0,85,0,0,0,0,0,0,0,233,45,0,0,0,0,0,0,0,0,38,0,0,0,0,50,0,0,36,79,50,0,0,85,0,0,100,17,63,79,66,0,0,0,0,0,20,36,33,23,0,75,7,3,0,1,0,0,2,38,0,0,1,73,70,0,69,0,0,0,0,204
45,0,0,0,0,29,Trung,Canidate,0,84,0,0,29,85,0,0,28348,24,28348,87,21,0,0,94,0,0,0,65,0,0,84,3,0,1015,42,12,31,49,0,0,78,0,0,0,0,0,0,0,8,45,0,0,0,0,0,0,0,0,24,0,0,0,0,50,0,0,37,72,50,0,0,68,0,0,100,21,70,73,60,0,0,0,0,23,25,69,34,24,0,55,11,21,0,1,0,0,6,32,0,0,3,71,45,0,0,0,0,0,0,204
45,0,0,0,0,15,Jamal,Lewis,0,74,0,0,33,92,0,0,28349,25,28349,94,21,0,0,80,0,0,0,76,0,0,87,3,0,1015,87,21,32,22,0,0,88,0,0,0,0,0,0,0,211,45,0,0,0,0,0,0,0,0,31,0,0,0,0,50,0,0,35,71,50,0,0,81,0,0,100,18,74,88,77,0,0,0,0,5,21,60,9,23,0,79,28,6,0,1,0,0,7,13,0,0,3,71,85,0,19,0,0,0,0,204
45,0,0,0,0,26,Reuben,Droughns,0,88,0,0,34,88,0,0,28350,19,28350,86,22,0,0,77,0,0,0,62,0,0,80,3,0,1015,65,23,37,30,0,0,87,0,0,0,0,0,0,0,160,45,0,0,0,0,0,0,0,0,21,0,0,0,0,50,0,0,31,74,50,0,0,84,0,0,100,27,64,78,64,0,0,0,0,27,24,52,2,27,0,52,24,5,0,1,0,0,1,13,0,0,0,71,60,0,75,0,0,0,0,204
45,0,0,0,0,26,Doug,Chapman,0,85,0,0,34,80,0,0,28351,31,28351,82,23,0,0,88,0,0,0,69,0,0,83,3,0,1015,68,14,34,33,0,0,83,0,0,0,0,0,0,0,110,45,0,0,0,0,0,0,0,0,34,0,0,0,0,50,0,0,37,53,50,0,0,74,0,0,100,12,72,73,57,0,0,0,0,6,33,65,46,23,0,76,38,32,0,1,0,0,2,27,0,0,0,71,53,0,0,0,0,0,0,204
45,0,0,0,0,22,Travis,Prentice,0,77,0,0,20,81,0,0,28352,5,28352,82,23,0,0,81,0,0,0,60,0,0,85,3,0,1015,81,39,33,33,0,0,66,0,0,0,0,0,0,0,115,45,0,0,0,0,0,0,0,0,41,0,0,0,0,50,0,0,32,79,50,0,0,85,0,0,100,25,78,71,66,0,0,0,0,9,32,69,32,24,0,70,20,3,0,1,0,0,7,17,0,0,0,71,61,0,67,0,0,0,0,204
45,0,0,0,0,20,Thomas,Jones,0,87,0,0,27,86,0,0,28353,7,28353,87,22,0,0,95,0,0,0,68,0,0,86,3,0,1015,53,23,34,34,0,0,81,0,0,0,0,0,0,0,240,45,0,0,0,0,0,0,0,0,26,0,0,0,0,50,0,0,39,79,50,0,0,83,0,0,100,30,75,78,60,0,0,0,0,11,13,35,33,27,0,74,28,25,0,1,0,0,8,47,0,0,3,71,55,0,76,0,0,0,0,204
45,0,0,0,0,26,Ron,Dayne,0,79,0,0,36,90,0,0,28354,16,28354,80,23,0,0,93,0,0,0,79,0,0,85,3,0,1015,51,39,32,46,0,0,74,0,0,0,0,0,0,0,258,45,0,0,0,0,0,0,0,0,27,0,0,0,0,50,0,0,35,79,50,0,0,96,0,0,100,23,69,77,60,0,0,0,0,5,36,39,26,34,0,78,20,24,0,1,0,0,7,2,0,0,2,70,125,0,27,0,0,0,0,204
45,0,0,0,0,14,Curtis,Keaton,0,98,0,0,17,87,0,0,28355,2,28355,80,23,0,0,88,0,0,0,63,0,0,75,0,0,1015,82,25,34,49,0,0,81,0,0,0,0,0,0,0,91,45,0,0,0,0,0,0,0,0,29,0,0,0,0,50,0,0,34,62,50,0,0,72,0,0,100,26,69,71,68,0,0,0,0,0,22,38,6,20,0,55,4,34,0,1,0,0,1,30,0,0,0,70,62,0,23,0,0,0,0,150
45,0,0,0,0,26,Michael,Wiley,0,90,0,0,32,77,0,0,28356,11,28356,83,23,0,0,90,0,0,0,68,0,0,78,3,0,1015,94,31,31,48,0,0,79,0,0,0,0,0,0,0,156,45,0,0,0,0,0,0,0,0,32,0,0,0,0,50,0,0,37,76,50,0,0,67,0,0,100,26,72,70,63,0,0,0,0,25,29,32,58,45,0,76,27,26,0,1,0,0,7,33,0,0,0,71,43,0,26,0,0,0,0,204
45,0,0,0,0,27,J.R.,Redmond,0,94,0,0,13,85,0,0,28357,22,28357,89,23,0,0,95,0,0,0,63,0,0,85,3,0,1015,71,22,32,34,0,0,75,0,0,0,0,0,0,0,9,45,0,0,0,0,0,0,0,0,21,0,0,0,0,50,0,0,31,78,50,0,0,66,0,0,100,10,77,75,70,0,0,0,0,24,25,52,3,48,0,70,12,20,0,1,0,0,8,7,0,0,3,71,55,0,17,0,0,0,0,204
45,0,0,0,0,26,Shaun,Alexander,0,75,0,0,26,86,0,0,28358,28,28358,93,22,0,0,86,0,0,0,73,0,0,86,3,0,1015,73,26,39,49,0,0,88,0,0,0,0,0,0,0,3,45,0,0,0,0,0,0,0,0,37,0,0,0,0,50,0,0,39,64,50,0,0,99,0,0,100,25,68,87,61,0,0,0,0,3,27,50,36,38,0,59,12,38,0,1,0,0,9,22,0,0,0,71,68,0,1,0,0,0,0,204
45,0,0,0,0,24,Frank,Moreau,0,80,0,0,26,79,0,0,28359,9,28359,85,22,0,0,88,0,0,0,56,0,0,78,3,0,1015,54,11,39,28,0,0,78,0,0,0,0,0,0,0,105,45,0,0,0,0,0,0,0,0,46,0,0,0,0,50,0,0,33,68,50,0,0,60,0,0,100,23,54,64,51,0,0,0,0,6,38,56,22,26,0,4,2,29,0,1,0,0,38,0,0,0,0,72,63,0,2,0,0,0,0,204
45,0,0,0,0,20,Sammy,Morris,0,72,0,0,30,81,0,0,28360,3,28360,87,22,0,0,71,0,0,0,74,0,0,83,3,0,1015,90,26,32,31,0,0,83,0,0,0,0,0,0,0,217,45,0,0,0,0,0,0,0,0,45,0,0,0,0,50,0,0,37,64,50,0,0,85,0,0,100,29,76,78,60,0,0,0,0,3,0,63,4,23,0,76,24,8,0,1,0,0,7,33,0,0,1,72,60,0,86,0,0,0,0,204
45,0,0,0,0,21,Paul,Smith,0,85,0,0,12,91,0,0,28361,15,28361,87,21,0,0,81,0,0,0,69,0,0,99,3,0,1015,95,14,25,38,0,0,68,0,0,0,0,0,0,0,214,45,0,0,0,0,0,0,0,0,27,0,0,0,0,50,0,0,32,56,50,0,0,86,0,0,100,37,74,77,50,0,0,0,0,8,25,34,25,33,0,79,10,1,0,1,0,0,4,31,0,0,0,71,82,0,42,0,0,0,0,204
45,0,0,0,0,85,Chris,Combs,0,92,0,0,12,58,0,0,28362,29,28362,62,22,0,0,95,0,0,0,25,0,0,62,0,0,1015,68,22,22,18,0,0,52,0,0,0,0,0,0,0,52,45,0,0,0,0,0,0,0,0,73,0,0,0,0,50,0,0,89,55,50,0,0,54,0,0,100,13,59,71,55,0,0,0,0,15,9,59,24,16,0,69,2,10,0,0,0,0,1,14,0,0,1,77,126,0,0,0,0,0,0,150
45,0,0,0,0,79,Giovanni,Carmazzi,0,97,0,0,25,75,0,0,28363,15,28363,58,23,0,0,77,0,0,0,35,0,0,54,0,0,1015,90,20,18,17,0,0,48,0,0,0,0,0,0,0,78,45,0,0,0,0,0,0,0,0,19,0,0,0,0,50,0,0,84,47,50,0,0,42,0,0,100,17,56,68,65,0,0,0,0,3,0,79,35,3,0,9,5,3,0,0,0,0,7,13,0,0,1,75,64,0,0,0,0,0,0,150
45,0,0,0,0,88,Chad,Pennington,0,99,0,0,13,56,0,0,28364,18,28364,54,23,0,0,94,0,0,0,21,0,0,60,0,0,1015,78,13,27,25,0,0,43,0,0,0,0,0,0,0,110,45,0,0,0,0,0,0,0,0,10,0,0,0,0,50,0,0,89,47,50,0,0,43,0,0,100,18,57,78,72,0,0,0,0,8,14,57,39,13,0,8,19,19,0,0,0,0,8,3,0,0,0,75,65,0,1,0,0,0,0,150
45,0,0,0,0,86,Tim,Rattay,0,94,0,0,22,64,0,0,28365,15,28365,59,21,0,0,82,0,0,0,24,0,0,60,3,0,1015,88,23,26,29,0,0,46,0,0,0,0,0,0,0,101,45,0,0,0,0,0,0,0,0,13,0,0,0,0,50,0,0,92,52,50,0,0,46,0,0,100,31,56,78,67,0,0,0,0,4,0,56,28,10,0,9,3,19,0,0,0,0,5,14,0,0,1,76,40,0,1,0,0,0,0,204
45,0,0,0,0,85,Chris,Redman,0,86,0,0,36,58,0,0,28366,25,28366,58,22,0,0,91,0,0,0,24,0,0,62,0,0,1015,94,32,15,21,0,0,43,0,0,0,0,0,0,0,105,45,0,0,0,0,0,0,0,0,7,0,0,0,0,50,0,0,98,41,50,0,0,46,0,0,100,14,56,78,63,0,0,0,0,8,6,39,28,22,0,19,7,6,0,0,0,0,7,5,0,0,3,75,61,0,0,0,0,0,0,150
45,0,0,0,0,80,Tom,Brady,0,79,0,0,27,58,0,0,28367,22,28367,87,21,0,0,85,0,0,0,26,0,0,89,0,0,1015,61,30,22,10,0,0,33,0,0,0,0,0,0,0,117,45,0,0,0,0,0,0,0,0,12,0,0,0,0,50,0,0,86,50,50,0,0,54,0,0,100,18,57,79,69,0,0,0,0,2,3,56,7,4,0,5,2,1,0,0,0,0,7,10,0,0,0,77,65,0,0,0,0,0,0,150
45,0,0,0,0,82,Marc,Bulger,0,73,0,0,13,80,0,0,28368,1009,28368,75,21,0,0,83,0,0,0,22,0,0,59,0,0,1015,74,28,25,15,0,0,46,0,0,0,0,0,0,0,254,45,0,0,0,0,0,0,0,0,10,0,0,0,0,50,0,0,92,51,50,0,0,51,0,0,100,22,52,79,67,0,0,0,0,3,14,57,43,16,0,2,19,13,0,0,0,0,2,26,0,0,2,78,44,0,1,0,0,0,0,150
45,0,0,0,0,75,Spergon,Wynn,0,99,0,0,28,62,0,0,28369,5,28369,58,21,0,0,85,0,0,0,24,0,0,61,3,0,1015,73,37,25,20,0,0,36,0,0,0,0,0,0,0,265,45,0,0,0,0,0,0,0,0,13,0,0,0,0,50,0,0,77,42,50,0,0,54,0,0,100,27,57,69,79,0,0,0,0,3,8,61,19,25,0,3,3,12,0,0,0,0,7,1,0,0,3,79,66,0,0,0,0,0,0,204
45,0,0,0,0,87,Jarious,Jackson,0,88,0,0,22,58,0,0,28370,4,28370,51,22,0,0,87,0,0,0,24,0,0,56,0,0,1015,92,19,24,22,0,0,55,0,0,0,0,0,0,0,152,45,0,0,0,0,0,0,0,0,17,0,0,0,0,50,0,0,85,51,50,0,0,53,0,0,100,10,56,72,64,0,0,0,0,6,23,52,6,3,0,3,8,2,0,0,0,0,1,12,0,0,3,73,68,0,1,0,0,0,0,150
45,0,0,0,0,82,Joe,Norman,0,90,0,0,23,57,0,0,28371,1009,28371,56,33,0,0,82,0,0,0,30,0,0,63,0,0,1015,78,26,14,26,0,0,56,0,0,0,0,0,0,0,200,45,0,0,0,0,0,0,0,0,17,0,0,0,0,50,0,0,83,52,50,10,0,52,0,0,100,13,56,70,64,0,0,0,0,2,5,57,8,17,0,82,4,4,0,0,0,0,8,18,0,0,1,76,54,0,0,0,0,0,0,204
45,0,0,0,0,82,Joe,Hamilton,0,91,0,0,15,57,0,0,28372,6,28372,61,21,0,0,89,0,0,0,30,0,0,57,0,0,1015,90,20,28,20,0,0,43,0,0,0,0,0,0,0,71,45,0,0,0,0,0,0,0,0,14,0,0,0,0,50,0,0,80,44,50,0,0,45,0,0,100,35,53,73,75,0,0,0,0,8,15,67,4,13,0,2,2,8,0,0,0,0,1,7,0,0,1,71,30,0,0,0,0,0,0,150
45,0,0,0,0,81,Tee,Martin,0,99,0,0,21,59,0,0,28373,29,28373,56,21,0,0,82,0,0,0,29,0,0,58,3,0,1015,88,39,26,17,0,0,48,0,0,0,0,0,0,0,211,45,0,0,0,0,0,0,0,0,17,0,0,0,0,50,0,0,90,53,50,0,0,46,0,0,100,18,57,71,62,0,0,0,0,7,18,53,8,13,0,8,6,8,0,0,0,0,0,12,0,0,3,74,65,0,0,0,0,0,0,204
45,0,0,0,0,17,Jason,Thomas,0,71,0,0,32,77,0,0,28374,1009,28374,59,21,0,0,80,0,0,0,27,0,0,58,0,0,1015,99,16,82,84,0,0,27,0,0,0,0,0,0,0,74,45,0,0,0,0,0,0,0,0,0,0,0,0,0,50,0,0,23,27,50,0,0,11,0,0,100,22,83,73,52,0,0,0,0,67,15,25,79,11,0,7,41,16,0,8,0,0,11,37,0,0,2,78,165,0,5,0,0,0,0,150
45,0,0,0,0,28,Richard,Mercier,0,79,0,0,25,78,0,0,28375,1009,28375,51,21,0,0,92,0,0,0,12,0,0,50,0,0,1015,92,28,71,69,0,0,29,0,0,0,0,0,0,0,116,45,0,0,0,0,0,0,0,0,0,0,0,0,0,50,0,0,20,21,50,0,0,14,0,0,100,26,88,67,67,0,0,0,0,34,20,21,67,20,0,30,25,14,0,8,0,0,22,27,0,0,1,75,140,0,5,0,0,0,0,150
45,0,0,0,0,26,Leander,Jordan,0,84,0,0,29,63,0,0,28376,21,28376,51,23,0,0,80,0,0,0,30,0,0,59,3,0,1015,71,24,82,89,0,0,25,0,0,0,0,0,0,0,273,45,0,0,0,0,0,0,0,0,76,0,0,0,0,50,0,0,2,22,50,0,0,20,0,0,100,13,87,77,64,0,0,0,0,48,29,0,71,40,0,35,54,31,0,8,0,0,11,17,0,0,2,77,160,0,8,0,0,0,0,204
45,0,0,0,0,28,Lewis,Kelly,0,85,0,0,34,70,0,0,28377,31,28377,59,23,0,0,91,0,0,0,18,0,0,50,3,0,1015,79,15,88,81,0,0,17,0,0,0,0,0,0,0,179,45,0,0,0,0,0,0,0,0,61,0,0,0,0,50,0,0,32,22,50,0,0,21,0,0,100,29,80,75,66,0,0,0,0,31,38,3,65,22,0,23,59,10,0,8,0,0,2,24,0,0,0,77,150,0,2,0,0,0,0,204
45,0,0,0,0,28,Brad,Meester,0,77,0,0,34,73,0,0,28378,17,28378,60,22,0,0,83,0,0,0,17,0,0,62,3,0,1015,70,13,81,85,0,0,12,0,0,0,0,0,0,0,150,45,0,0,0,0,0,0,0,0,63,0,0,0,0,50,0,0,21,27,50,0,0,16,0,0,100,25,89,81,72,0,0,0,0,37,12,26,71,33,0,53,56,24,0,8,0,0,29,15,0,0,0,79,135,0,1,0,0,0,0,204
45,0,0,0,0,30,Mookie,Moore,0,72,0,0,38,79,0,0,28379,1009,28379,58,22,0,0,98,0,0,0,12,0,0,56,0,0,1015,78,26,76,87,0,0,37,0,0,0,0,0,0,0,220,45,0,0,0,0,0,0,0,0,0,0,0,0,0,50,0,0,2,26,50,0,0,28,0,0,100,21,87,74,52,0,0,0,0,79,25,8,40,32,0,39,38,21,0,8,0,0,24,49,0,0,1,78,158,0,0,0,0,0,0,150
45,0,0,0,0,31,Rob,Meier,0,68,0,0,26,70,0,0,28380,17,28380,64,22,0,0,82,0,0,0,30,0,0,72,0,0,1015,78,75,36,49,0,0,12,0,0,0,0,0,0,0,251,45,0,0,0,0,0,0,0,0,92,0,0,0,0,50,0,0,16,50,50,0,0,31,0,0,100,24,82,78,75,0,0,0,0,66,23,7,63,47,0,73,54,22,0,12,0,0,8,27,0,0,3,79,148,0,5,0,0,0,0,150
45,0,0,0,0,21,John,Frank,0,82,0,0,29,70,0,0,28381,1009,28381,50,22,0,0,84,0,0,0,35,0,0,57,0,0,1015,84,12,72,70,0,0,26,0,0,0,0,0,0,0,233,45,0,0,0,0,0,0,0,0,0,0,0,0,0,50,0,0,20,22,50,0,0,12,0,0,100,23,81,59,50,0,0,0,0,6,36,52,68,20,0,79,6,17,0,8,0,0,47,5,0,0,3,79,157,0,8,0,0,0,0,150
45,0,0,0,0,17,Eugene,McCaslin,0,83,0,0,22,77,0,0,28382,20,28382,69,21,0,0,96,0,0,0,61,0,0,52,3,0,1015,92,69,34,48,0,0,23,0,0,0,0,0,0,0,62,45,0,0,0,0,0,0,0,0,56,0,0,0,0,50,0,0,17,67,50,0,0,26,0,0,100,16,93,64,60,0,0,0,0,33,43,10,39,41,0,47,5,12,0,14,0,0,55,6,0,0,2,75,66,0,5,0,0,0,0,204
45,0,0,0,0,21,Quinton,Reese,0,66,0,0,30,66,0,0,28383,1009,28383,50,21,0,0,87,0,0,0,28,0,0,56,3,0,1015,83,28,70,71,0,0,10,0,0,0,0,0,0,0,14,45,0,0,0,0,0,0,0,0,0,0,0,0,0,50,0,0,17,23,50,0,0,19,0,0,100,36,83,59,50,0,0,0,0,23,42,11,103,0,0,47,0,29,0,8,0,0,29,17,0,0,3,78,143,0,2,0,0,0,0,204
45,0,0,0,0,27,Travis,Claridge,0,80,0,0,27,73,0,0,28384,14,28384,58,23,0,0,70,0,0,0,21,0,0,49,0,0,1015,72,21,83,73,0,0,24,0,0,0,0,0,0,0,231,45,0,0,0,0,0,0,0,0,71,0,0,0,0,50,0,0,36,18,50,0,0,21,0,0,100,29,87,72,65,0,0,0,0,67,31,47,33,4,0,75,55,16,0,8,0,0,14,1,0,0,2,77,140,0,5,0,0,0,0,150
45,0,0,0,0,33,Cooper,Carlisle,0,83,0,0,23,67,0,0,28385,4,28385,56,23,0,0,88,0,0,0,37,0,0,56,0,0,1015,70,15,78,80,0,0,11,0,0,0,0,0,0,0,62,45,0,0,0,0,0,0,0,0,65,0,0,0,0,50,0,0,20,28,50,0,0,39,0,0,100,28,93,78,74,0,0,0,0,4,13,27,48,17,0,50,46,11,0,8,0,0,31,28,0,0,3,79,135,0,9,0,0,0,0,150
45,0,0,0,0,21,Damion,McIntosh,0,71,0,0,16,70,0,0,28386,8,28386,59,21,0,0,95,0,0,0,39,0,0,58,0,0,1015,88,25,88,89,0,0,35,0,0,0,0,0,0,0,96,45,0,0,0,0,0,0,0,0,77,0,0,0,0,50,0,0,37,14,50,0,0,22,0,0,100,20,84,78,65,0,0,0,0,34,33,37,103,45,0,30,43,13,0,9,0,0,24,0,0,0,0,79,160,0,0,0,0,0,0,150
45,0,0,0,0,21,Stockar,McDougle,0,77,0,0,26,69,0,0,28387,19,28387,49,23,0,0,91,0,0,0,18,0,0,52,3,0,1015,88,22,85,85,0,0,23,0,0,0,0,0,0,0,157,45,0,0,0,0,0,0,0,0,73,0,0,0,0,50,0,0,31,17,50,0,0,16,0,0,100,11,83,78,78,0,0,0,0,30,33,9,59,24,0,56,67,25,0,9,0,0,65,55,0,0,0,79,180,0,9,0,0,0,0,204
45,0,0,0,0,21,Michael,Thompson,0,71,0,0,21,61,0,0,28388,14,28388,61,21,0,0,83,0,0,0,23,0,0,64,3,0,1015,80,14,81,84,0,0,14,0,0,0,0,0,0,0,212,45,0,0,0,0,0,0,0,0,66,0,0,0,0,50,0,0,21,20,50,0,0,37,0,0,100,31,80,70,62,0,0,0,0,14,43,9,33,22,0,35,26,18,0,9,0,0,33,9,0,0,1,79,135,0,1,0,0,0,0,204
45,0,0,0,0,25,Mark,Tauscher,0,71,0,0,10,82,0,0,28389,20,28389,46,21,0,0,99,0,0,0,20,0,0,69,3,0,1015,92,12,74,86,0,0,20,0,0,0,0,0,0,0,258,45,0,0,0,0,0,0,0,0,65,0,0,0,0,50,0,0,23,10,50,0,0,24,0,0,100,31,83,68,55,0,0,0,0,16,33,14,46,20,0,99,6,29,0,9,0,0,37,73,0,0,3,75,156,0,5,0,0,0,0,204
45,0,0,0,0,13,Jeno,James,0,73,0,0,13,79,0,0,28390,21,28390,48,23,0,0,96,0,0,0,16,0,0,51,1,0,1015,89,28,83,84,0,0,39,0,0,0,0,0,0,0,14,45,0,0,0,0,0,0,0,0,78,0,0,0,0,50,0,0,12,18,50,0,0,28,0,0,100,14,99,76,60,0,0,0,0,20,16,0,49,39,0,44,77,12,0,9,0,0,46,34,0,0,1,76,160,0,3,0,0,0,0,58
45,0,0,0,0,35,Brad,Bedell,0,75,0,0,13,66,0,0,28391,5,28391,45,21,0,0,85,0,0,0,12,0,0,55,1,0,1015,90,25,80,79,0,0,12,0,0,0,0,0,0,0,41,45,0,0,0,0,0,0,0,0,63,0,0,0,0,50,0,0,29,16,50,0,0,25,0,0,100,33,97,74,69,0,0,0,0,31,37,26,65,24,0,63,40,12,0,9,0,0,59,25,0,0,0,77,146,0,6,0,0,0,0,58
45,0,0,0,0,35,Mark,Baniewicz,0,58,0,0,20,75,0,0,28392,1009,28392,54,23,0,0,80,0,0,0,10,0,0,51,3,0,1015,83,19,64,68,0,0,25,0,0,0,0,0,0,0,205,45,0,0,0,0,0,0,0,0,0,0,0,0,0,50,0,0,15,27,50,0,0,11,0,0,100,36,97,61,60,0,0,0,0,20,37,16,59,11,0,13,64,1,0,9,0,0,60,16,0,0,0,79,144,0,1,0,0,0,0,204
45,0,0,0,0,15,Marvel,Smith,0,78,0,0,24,86,0,0,28393,29,28393,58,24,0,0,89,0,0,0,19,0,0,53,3,0,1015,86,24,82,82,0,0,27,0,0,0,0,0,0,0,9,45,0,0,0,0,0,0,0,0,77,0,0,0,0,50,0,0,25,25,50,0,0,13,0,0,100,14,94,79,73,0,0,0,0,20,35,2,35,27,0,59,26,8,0,9,0,0,30,29,0,0,0,77,161,0,4,0,0,0,0,204
45,0,0,0,0,10,Todd,Wade,0,79,0,0,15,64,0,0,28394,12,28394,55,24,0,0,87,0,0,0,28,0,0,54,0,0,1015,65,16,91,86,0,0,36,0,0,0,0,0,0,0,159,45,0,0,0,0,0,0,0,0,71,0,0,0,0,50,0,0,13,41,50,0,0,20,0,0,100,25,90,78,62,0,0,0,0,56,27,43,66,16,0,41,26,19,0,9,0,0,31,21,0,0,1,80,143,0,1,0,0,0,0,150
45,0,0,0,0,21,Darnell,Alford,0,75,0,0,25,62,0,0,28395,1009,28395,55,23,0,0,82,0,0,0,26,0,0,58,0,0,1015,83,10,71,86,0,0,36,0,0,0,0,0,0,0,20,45,0,0,0,0,0,0,0,0,0,0,0,0,0,50,0,0,35,20,50,0,0,29,0,0,100,18,86,72,76,0,0,0,0,59,26,9,53,43,0,15,37,8,0,9,0,0,29,65,0,0,2,78,165,0,8,0,0,0,0,150
45,0,0,0,0,33,Darren,Howard,0,81,0,0,26,88,0,0,28396,27,28396,76,21,0,0,73,0,0,0,39,0,0,62,3,0,1015,72,68,29,21,0,0,23,0,0,0,0,0,0,0,96,45,0,0,0,0,0,0,0,0,93,0,0,0,0,50,0,0,16,67,50,0,0,24,0,0,100,35,74,78,66,0,0,0,0,59,46,9,3,24,0,108,32,25,0,10,0,0,16,38,0,0,2,75,100,0,1,0,0,0,0,204
45,0,0,0,0,14,Shaun,Ellis,0,82,0,0,25,63,0,0,28397,18,28397,67,22,0,0,96,0,0,0,15,0,0,73,3,0,1015,71,80,18,25,0,0,27,0,0,0,0,0,0,0,211,45,0,0,0,0,0,0,0,0,92,0,0,0,0,50,0,0,10,61,50,0,0,23,0,0,100,18,90,79,59,0,0,0,0,18,36,73,51,12,0,37,35,17,0,10,0,0,0,16,0,0,3,79,125,0,2,0,0,0,0,204
45,0,0,0,0,14,Cedric,Woodard,0,72,0,0,23,77,0,0,28398,28,28398,64,21,0,0,88,0,0,0,12,0,0,80,1,0,1015,70,80,34,27,0,0,22,0,0,0,0,0,0,0,214,45,0,0,0,0,0,0,0,0,98,0,0,0,0,50,0,0,11,69,50,0,0,24,0,0,100,12,62,75,63,0,0,0,0,7,32,26,5,22,0,54,36,20,0,10,0,0,1,2,0,0,2,78,150,0,0,0,0,0,0,58
45,0,0,0,0,29,Kabeer,Gbaja-Biamila,0,77,0,0,23,86,0,0,28399,20,28399,77,23,0,0,81,0,0,0,28,0,0,89,1,0,1015,61,74,19,25,0,0,31,0,0,0,0,0,0,0,180,45,0,0,0,0,0,0,0,0,94,0,0,0,0,50,0,0,25,69,50,0,0,20,0,0,100,14,61,83,73,0,0,0,0,9,54,47,2,29,0,100,32,26,0,10,0,0,18,15,0,0,1,77,89,0,6,0,0,0,0,58
45,0,0,0,0,20,Jeremiah,Parker,0,80,0,0,21,73,0,0,28400,16,28400,67,22,0,0,74,0,0,0,39,0,0,68,0,0,1015,74,60,35,33,0,0,26,0,0,0,0,0,0,0,28,45,0,0,0,0,0,0,0,0,79,0,0,0,0,50,0,0,36,62,50,0,0,22,0,0,100,24,75,67,64,0,0,0,0,2,58,31,52,25,0,10,47,14,0,10,0,0,10,12,0,0,0,77,90,0,6,0,0,0,0,150
45,0,0,0,0,21,Leif,Larsen,0,74,0,0,21,62,0,0,28401,3,28401,72,21,0,0,83,0,0,0,10,0,0,72,0,0,1015,90,74,18,36,0,0,19,0,0,0,0,0,0,0,214,45,0,0,0,0,0,0,0,0,97,0,0,0,0,50,0,0,6,51,50,0,0,33,0,0,100,26,74,71,56,0,0,0,0,2,47,40,40,20,0,0,38,29,0,10,0,0,15,4,0,0,2,76,140,0,1,0,0,0,0,150
45,0,0,0,0,29,Fillis,Wilson,0,78,0,0,27,60,0,0,28402,1009,28402,52,22,0,0,88,0,0,0,26,0,0,68,3,0,1015,73,74,21,24,0,0,35,0,0,0,0,0,0,0,193,45,0,0,0,0,0,0,0,0,0,0,0,0,0,50,0,0,29,65,50,0,0,21,0,0,100,20,81,65,56,0,0,0,0,19,43,47,43,19,0,14,31,23,0,10,0,0,51,19,0,0,0,74,122,0,0,0,0,0,0,204
45,0,0,0,0,16,Erik,Flowers,0,70,0,0,15,83,0,0,28403,3,28403,54,21,0,0,81,0,0,0,31,0,0,73,3,0,1015,70,76,36,27,0,0,24,0,0,0,0,0,0,0,9,45,0,0,0,0,0,0,0,0,96,0,0,0,0,50,0,0,21,69,50,0,0,38,0,0,100,13,73,75,66,0,0,0,0,13,32,49,42,12,0,100,38,25,0,10,0,0,2,17,0,0,0,78,113,0,5,0,0,0,0,204
45,0,0,0,0,24,James,Cotton,0,71,0,0,5,75,0,0,28404,1009,28404,72,23,0,0,79,0,0,0,22,0,0,71,0,0,1015,87,69,14,28,0,0,11,0,0,0,0,0,0,0,156,45,0,0,0,0,0,0,0,0,0,0,0,0,0,50,0,0,21,56,50,0,0,23,0,0,100,38,60,67,50,0,0,0,0,4,38,18,1,29,0,106,18,29,0,10,0,0,6,13,0,0,2,79,91,0,8,0,0,0,0,150
45,0,0,0,0,27,John,Milem,0,73,0,0,17,72,0,0,28405,15,28405,63,23,0,0,93,0,0,0,17,0,0,76,3,0,1015,75,67,28,20,0,0,31,0,0,0,0,0,0,0,265,45,0,0,0,0,0,0,0,0,93,0,0,0,0,50,0,0,27,61,50,0,0,26,0,0,100,18,60,63,53,0,0,0,0,18,36,5,49,18,0,55,48,21,0,10,0,0,6,3,0,0,2,79,130,0,4,0,0,0,0,204
45,0,0,0,0,12,John,Engelberger,0,96,0,0,23,88,0,0,28406,15,28406,61,23,0,0,80,0,0,0,36,0,0,81,3,0,1015,79,74,22,17,0,0,23,0,0,0,0,0,0,0,241,45,0,0,0,0,0,0,0,0,95,0,0,0,0,50,0,0,27,69,50,0,0,21,0,0,100,26,73,78,60,0,0,0,0,2,37,27,63,11,0,26,22,8,0,10,0,0,1,16,0,0,0,78,100,0,6,0,0,0,0,204
45,0,0,0,0,34,John,Hilliard,0,79,0,0,19,69,0,0,28407,28,28407,72,22,0,0,94,0,0,0,20,0,0,73,0,0,1015,85,71,20,10,0,0,13,0,0,0,0,0,0,0,121,45,0,0,0,0,0,0,0,0,95,0,0,0,0,50,0,0,20,60,50,0,0,25,0,0,100,15,73,71,71,0,0,0,0,17,51,39,49,20,0,10,18,24,0,12,0,0,20,3,0,0,0,75,136,0,4,0,0,0,0,150
45,0,0,0,0,27,John,Abraham,0,71,0,0,24,83,0,0,28408,18,28408,65,22,0,0,88,0,0,0,21,0,0,70,2,0,1015,83,75,15,18,0,0,31,0,0,0,0,0,0,0,176,45,0,0,0,0,0,0,0,0,94,0,0,0,0,50,0,0,20,51,50,0,0,21,0,0,100,22,93,85,65,0,0,0,0,8,26,43,52,15,0,47,7,24,0,11,0,0,29,7,0,0,0,77,103,0,2,0,0,0,0,58
45,0,0,0,0,21,Byron,Frisch,0,71,0,0,23,62,0,0,28409,1009,28409,71,22,0,0,89,0,0,0,27,0,0,68,0,0,1015,65,76,31,27,0,0,38,0,0,0,0,0,0,0,26,45,0,0,0,0,0,0,0,0,0,0,0,0,0,50,0,0,13,68,50,0,0,30,0,0,100,14,66,70,69,0,0,0,0,8,26,60,0,14,0,70,34,8,0,11,0,0,17,38,0,0,0,79,112,0,9,0,0,0,0,150
45,0,0,0,0,15,David,Nugent,0,77,0,0,15,72,0,0,28410,22,28410,51,23,0,0,99,0,0,0,38,0,0,74,3,0,1015,65,75,19,22,0,0,29,0,0,0,0,0,0,0,169,45,0,0,0,0,0,0,0,0,92,0,0,0,0,50,0,0,28,55,50,0,0,30,0,0,100,17,73,70,70,0,0,0,0,5,32,9,59,17,0,107,32,25,0,12,0,0,7,29,0,0,1,78,135,0,3,0,0,0,0,204
45,0,0,0,0,19,Adalius,Thomas,0,89,0,0,27,88,0,0,28411,25,28411,79,23,0,0,99,0,0,0,32,0,0,75,1,0,1015,72,70,15,34,0,0,25,0,0,0,0,0,0,0,194,45,0,0,0,0,0,0,0,0,96,0,0,0,0,50,0,0,35,64,50,0,0,21,0,0,100,18,74,83,68,0,0,0,0,18,39,31,62,13,0,42,9,23,0,11,0,0,14,15,0,0,0,75,110,0,5,0,0,0,0,58
45,0,0,0,0,18,Robaire,Smith,0,73,0,0,29,75,0,0,28412,30,28412,78,22,0,0,99,0,0,0,33,0,0,73,0,0,1015,70,67,23,32,0,0,22,0,0,0,0,0,0,0,118,45,0,0,0,0,0,0,0,0,98,0,0,0,0,50,0,0,27,54,50,0,0,10,0,0,100,27,74,74,75,0,0,0,0,0,17,42,45,29,0,57,30,20,0,12,0,0,3,1,0,0,1,79,150,0,4,0,0,0,0,150
45,0,0,0,0,20,Delbert,Cowsette,0,79,0,0,39,74,0,0,28413,1009,28413,64,23,0,0,95,0,0,0,22,0,0,70,3,0,1015,76,68,12,18,0,0,20,0,0,0,0,0,0,0,111,45,0,0,0,0,0,0,0,0,0,0,0,0,0,50,0,0,13,64,50,0,0,32,0,0,100,25,76,72,69,0,0,0,0,12,50,27,43,21,0,19,18,36,0,11,0,0,16,14,0,0,3,77,136,0,3,0,0,0,0,204
45,0,0,0,0,13,Adewale,Ogunleye,0,79,0,0,29,70,0,0,28414,12,28414,76,21,0,0,84,0,0,0,25,0,0,70,3,0,1015,87,82,12,17,0,0,24,0,0,0,0,0,0,0,86,45,0,0,0,0,0,0,0,0,90,0,0,0,0,50,0,0,4,53,50,0,0,20,0,0,100,2,72,81,69,0,0,0,0,13,25,32,21,24,0,109,35,18,0,11,0,0,15,18,0,0,1,77,100,0,1,0,0,0,0,204
45,0,0,0,0,22,Courtney,Brown,0,86,0,0,10,82,0,0,28415,5,28415,69,24,0,0,77,0,0,0,29,0,0,68,3,0,1015,79,68,27,14,0,0,14,0,0,0,0,0,0,0,164,45,0,0,0,0,0,0,0,0,92,0,0,0,0,50,0,0,38,87,50,0,0,21,0,0,100,20,74,76,75,0,0,0,0,6,45,28,33,24,0,106,32,13,0,11,0,0,37,11,0,0,2,79,125,0,9,0,0,0,0,204
45,0,0,0,0,21,Michael,Boireau,0,78,0,0,16,78,0,0,28416,1009,28416,63,22,0,0,77,0,0,0,30,0,0,63,3,0,1015,65,68,16,17,0,0,20,0,0,0,0,0,0,0,116,45,0,0,0,0,0,0,0,0,0,0,0,0,0,50,0,0,21,68,50,0,0,13,0,0,100,26,63,67,72,0,0,0,0,14,44,70,45,10,0,10,31,19,0,11,0,0,41,1,0,0,1,77,116,0,4,0,0,0,0,204
45,0,0,0,0,23,No,Name,0,72,0,0,13,85,0,0,28417,1008,28417,54,23,0,0,97,0,0,0,17,0,0,62,3,0,1015,76,74,21,25,0,0,19,0,0,0,0,0,0,0,20,45,0,0,0,0,0,0,0,0,99,0,0,0,0,50,0,0,20,45,50,0,0,21,0,0,100,20,88,81,72,0,0,0,0,29,38,5,41,46,0,0,42,37,0,12,0,0,21,30,0,0,1,90,136,0,9,0,0,0,0,204
45,0,0,0,0,22,Jerry,Johnson,0,73,0,0,10,89,0,0,28418,1009,28418,60,24,0,0,87,0,0,0,13,0,0,54,3,0,1015,76,72,37,24,0,0,24,0,0,0,0,0,0,0,64,45,0,0,0,0,0,0,0,0,0,0,0,0,0,50,0,0,21,41,50,0,0,33,0,0,100,27,85,69,41,0,0,0,0,32,12,83,29,32,0,53,34,8,0,12,0,0,44,2,0,0,1,78,130,0,2,0,0,0,0,204
45,0,0,0,0,25,Alvin,McKinley,0,71,0,0,19,73,0,0,28419,21,28419,72,22,0,0,80,0,0,0,15,0,0,61,3,0,1015,72,76,12,32,0,0,22,0,0,0,0,0,0,0,121,45,0,0,0,0,0,0,0,0,99,0,0,0,0,50,0,0,18,62,50,0,0,22,0,0,100,24,82,78,70,0,0,0,0,24,11,47,49,59,0,22,48,20,0,12,0,0,63,85,0,0,1,79,134,0,9,0,0,0,0,204
45,0,0,0,0,21,Junior,Ioane,0,73,0,0,15,88,0,0,28420,23,28420,66,22,0,0,85,0,0,0,25,0,0,63,3,0,1015,93,80,25,24,0,0,35,0,0,0,0,0,0,0,9,45,0,0,0,0,0,0,0,0,92,0,0,0,0,50,0,0,10,46,50,0,0,21,0,0,100,10,74,75,59,0,0,0,0,30,47,64,20,44,0,18,33,24,0,12,0,0,4,33,0,0,2,76,172,0,0,0,0,0,0,204
45,0,0,0,0,28,Fred,Robbins,0,72,0,0,7,76,0,0,28421,31,28421,51,22,0,0,87,0,0,0,12,0,0,50,3,0,1015,75,72,25,24,0,0,32,0,0,0,0,0,0,0,249,45,0,0,0,0,0,0,0,0,98,0,0,0,0,50,0,0,14,41,50,0,0,18,0,0,100,29,97,78,64,0,0,0,0,60,15,6,23,48,0,3,25,33,0,12,0,0,31,7,0,0,2,76,157,0,2,0,0,0,0,204
45,0,0,0,0,12,Mao,Tosi,0,75,0,0,17,72,0,0,28422,7,28422,68,22,0,0,86,0,0,0,27,0,0,55,3,0,1015,79,71,24,25,0,0,19,0,0,0,0,0,0,0,82,45,0,0,0,0,0,0,0,0,78,0,0,0,0,50,0,0,26,60,50,0,0,14,0,0,100,3,82,67,50,0,0,0,0,7,32,7,53,36,0,12,2,29,0,12,0,0,51,9,0,0,2,79,181,0,8,0,0,0,0,204
45,0,0,0,0,17,Josh,Williams,0,79,0,0,21,71,0,0,28423,10,28423,59,22,0,0,72,0,0,0,20,0,0,57,1,0,1015,97,78,31,21,0,0,25,0,0,0,0,0,0,0,117,45,0,0,0,0,0,0,0,0,96,0,0,0,0,50,0,0,21,61,50,0,0,12,0,0,100,27,82,75,68,0,0,0,0,38,21,7,28,12,0,55,26,5,0,12,0,0,45,15,0,0,0,79,125,0,6,0,0,0,0,58
45,0,0,0,0,24,Brian,Young,0,74,0,0,28,87,0,0,28424,24,28424,48,21,0,0,83,0,0,0,20,0,0,56,3,0,1015,71,72,15,24,0,0,35,0,0,0,0,0,0,0,214,45,0,0,0,0,0,0,0,0,66,0,0,0,0,50,0,0,12,60,50,0,0,17,0,0,100,26,83,78,75,0,0,0,0,0,48,85,57,45,0,55,35,23,0,12,0,0,17,18,0,0,1,79,138,0,3,0,0,0,0,204
45,0,0,0,0,23,Steve,Warren,0,80,0,0,38,82,0,0,28425,20,28425,54,21,0,0,82,0,0,0,13,0,0,58,3,0,1015,97,78,18,30,0,0,25,0,0,0,0,0,0,0,142,45,0,0,0,0,0,0,0,0,95,0,0,0,0,50,0,0,28,52,50,0,0,12,0,0,100,26,82,71,50,0,0,0,0,48,29,0,57,43,0,5,33,27,0,12,0,0,32,16,0,0,1,75,142,0,5,0,0,0,0,204
45,0,0,0,0,24,Kendrick,Clancy,0,70,0,0,22,86,0,0,28426,29,28426,64,23,0,0,87,0,0,0,16,0,0,55,3,0,1015,83,75,24,28,0,0,25,0,0,0,0,0,0,0,159,45,0,0,0,0,0,0,0,0,96,0,0,0,0,50,0,0,28,60,50,0,0,18,0,0,100,28,81,78,68,0,0,0,0,8,18,3,84,44,0,49,47,9,0,12,0,0,21,30,0,0,0,73,145,0,5,0,0,0,0,204
45,0,0,0,0,18,Tim,Watson,0,70,0,0,29,71,0,0,28427,1009,28427,69,23,0,0,89,0,0,0,10,0,0,68,0,0,1015,94,71,19,14,0,0,38,0,0,0,0,0,0,0,174,45,0,0,0,0,0,0,0,0,0,0,0,0,0,50,0,0,20,21,50,0,0,24,0,0,100,23,68,60,50,0,0,0,0,39,49,1,68,42,0,3,34,29,0,12,0,0,14,50,0,0,0,76,130,0,4,0,0,0,0,150
45,0,0,0,0,17,Cornelius,Griffin,0,78,0,0,17,85,0,0,28428,16,28428,65,21,0,0,86,0,0,0,13,0,0,68,3,0,1015,76,83,23,82,0,0,35,0,0,0,0,0,0,0,3,45,0,0,0,0,0,0,0,0,97,0,0,0,0,50,0,0,29,43,50,0,0,30,0,0,100,29,85,79,52,0,0,0,0,21,49,40,26,14,0,18,18,35,0,12,0,0,39,12,0,0,1,79,143,0,5,0,0,0,0,204
45,0,0,0,0,19,Ernest,Grant,0,79,0,0,13,81,0,0,28429,12,28429,54,22,0,0,84,0,0,0,24,0,0,70,3,0,1015,78,72,11,30,0,0,38,0,0,0,0,0,0,0,11,45,0,0,0,0,0,0,0,0,97,0,0,0,0,50,0,0,25,49,50,0,0,13,0,0,100,15,77,70,60,0,0,0,0,68,13,17,5,47,0,57,22,24,0,12,0,0,25,36,0,0,1,77,152,0,7,0,0,0,0,204
45,0,0,0,0,13,Corey,Simon,0,71,0,0,19,76,0,0,28430,13,28430,67,22,0,0,86,0,0,0,24,0,0,69,0,0,1015,71,84,12,25,0,0,10,0,0,0,0,0,0,0,64,45,0,0,0,0,0,0,0,0,90,0,0,0,0,50,0,0,16,49,50,0,0,22,0,0,100,12,87,87,75,0,0,0,0,49,42,86,6,12,0,69,30,23,0,12,0,0,38,35,0,0,2,78,160,0,2,0,0,0,0,150
45,0,0,0,0,24,Leonardo,Carson,0,70,0,0,17,86,0,0,28431,8,28431,46,23,0,0,87,0,0,0,22,0,0,59,3,0,1015,73,76,10,39,0,0,21,0,0,0,0,0,0,0,14,45,0,0,0,0,0,0,0,0,96,0,0,0,0,50,0,0,35,48,50,0,0,29,0,0,100,18,85,74,58,0,0,0,0,69,17,8,28,40,0,60,23,34,0,12,0,0,25,6,0,0,2,74,145,0,0,0,0,0,0,204
45,0,0,0,0,30,Jabari,Issa,0,79,0,0,16,78,0,0,28432,7,28432,60,22,0,0,83,0,0,0,22,0,0,62,3,0,1015,70,72,10,24,0,0,25,0,0,0,0,0,0,0,252,45,0,0,0,0,0,0,0,0,72,0,0,0,0,50,0,0,26,55,50,0,0,20,0,0,100,27,78,69,58,0,0,0,0,22,49,44,63,14,0,106,35,27,0,12,0,0,35,67,0,0,1,79,140,0,6,0,0,0,0,204
45,0,0,0,0,10,Darwin,Walker,0,84,0,0,22,72,0,0,28433,7,28433,64,21,0,0,88,0,0,0,20,0,0,67,3,0,1015,79,73,20,23,0,0,39,0,0,0,0,0,0,0,211,45,0,0,0,0,0,0,0,0,75,0,0,0,0,50,0,0,27,69,50,0,0,22,0,0,100,24,88,78,68,0,0,0,0,48,44,84,54,41,0,42,43,35,0,12,0,0,22,53,0,0,2,75,134,0,6,0,0,0,0,204
45,0,0,0,0,29,Corey,Moore,0,83,0,0,17,84,0,0,28434,3,28434,80,21,0,0,83,0,0,0,49,0,0,81,0,0,1015,71,62,19,15,0,0,30,0,0,0,0,0,0,0,241,45,0,0,0,0,0,0,0,0,54,0,0,0,0,50,0,0,26,61,50,0,0,22,0,0,100,14,73,67,61,0,0,0,0,10,19,40,39,36,0,2,0,5,0,13,0,0,5,30,0,0,0,71,65,0,5,0,0,0,0,150
45,0,0,0,0,23,Sekou,Sanyika,0,81,0,0,34,83,0,0,28435,1009,28435,85,23,0,0,95,0,0,0,49,0,0,79,3,0,1015,88,61,22,17,0,0,34,0,0,0,0,0,0,0,28,45,0,0,0,0,0,0,0,0,0,0,0,0,0,50,0,0,39,60,50,0,0,34,0,0,100,18,63,65,60,0,0,0,0,0,22,63,23,24,0,59,28,21,0,13,0,0,4,20,0,0,2,75,86,0,8,0,0,0,0,204
45,0,0,0,0,28,Marcus,Washington,0,75,0,0,18,85,0,0,28436,10,28436,83,21,0,0,84,0,0,0,55,0,0,84,3,0,1015,95,79,28,25,0,0,35,0,0,0,0,0,0,0,14,45,0,0,0,0,0,0,0,0,53,0,0,0,0,50,0,0,21,72,50,0,0,24,0,0,100,32,65,83,79,0,0,0,0,13,30,16,21,23,0,77,37,24,0,13,0,0,0,8,0,0,0,75,84,0,6,0,0,0,0,204
45,0,0,0,0,29,Rob,Morris,0,89,0,0,19,87,0,0,28437,10,28437,85,21,0,0,87,0,0,0,47,0,0,82,1,0,1015,85,82,39,12,0,0,24,0,0,0,0,0,0,0,26,45,0,0,0,0,0,0,0,0,94,0,0,0,0,50,0,0,27,51,50,0,0,26,0,0,100,36,70,77,57,0,0,0,0,0,11,40,45,18,0,0,5,7,0,13,0,0,8,21,0,0,0,75,83,0,9,0,0,0,0,58
45,0,0,0,0,12,Raynoch,Thompson,0,83,0,0,11,92,0,0,28438,7,28438,78,23,0,0,83,0,0,0,46,0,0,82,3,0,1015,86,81,24,10,0,0,30,0,0,0,0,0,0,0,211,45,0,0,0,0,0,0,0,0,55,0,0,0,0,50,0,0,18,69,50,0,0,31,0,0,100,7,62,75,64,0,0,0,0,5,32,41,45,36,0,71,7,11,0,13,0,0,12,52,0,0,0,75,68,0,8,0,0,0,0,204
45,0,0,0,0,23,Julian,Peterson,0,80,0,0,38,91,0,0,28439,15,28439,81,21,0,0,95,0,0,0,57,0,0,71,3,0,1015,93,83,30,15,0,0,31,0,0,0,0,0,0,0,118,45,0,0,0,0,0,0,0,0,98,0,0,0,0,50,0,0,29,66,50,0,0,38,0,0,100,19,77,81,68,0,0,0,0,19,34,36,24,36,0,78,8,4,0,13,0,0,4,21,0,0,3,79,80,0,5,0,0,0,0,204
45,0,0,0,0,38,Antonio,Wilson,0,64,0,0,25,78,0,0,28440,31,28440,75,22,0,0,86,0,0,0,50,0,0,83,3,0,1015,95,68,24,25,0,0,36,0,0,0,0,0,0,0,215,45,0,0,0,0,0,0,0,0,54,0,0,0,0,50,0,0,37,67,50,0,0,21,0,0,100,36,76,71,66,0,0,0,0,34,34,44,26,54,0,52,19,3,0,13,0,0,8,1,0,0,1,78,87,0,1,0,0,0,0,204
45,0,0,0,0,20,Ian,Gold,0,82,0,0,17,88,0,0,28441,4,28441,88,23,0,0,86,0,0,0,58,0,0,74,0,0,1015,85,78,15,28,0,0,34,0,0,0,0,0,0,0,117,45,0,0,0,0,0,0,0,0,52,0,0,0,0,50,0,0,38,68,50,0,0,24,0,0,100,32,73,84,78,0,0,0,0,0,29,12,42,19,0,102,13,4,0,13,0,0,5,37,0,0,1,75,63,0,9,0,0,0,0,150
45,0,0,0,0,29,Rob,Renes,0,99,0,0,28,62,0,0,28442,1009,28442,66,21,0,0,81,0,0,0,58,0,0,75,0,0,1015,82,65,16,22,0,0,26,0,0,0,0,0,0,0,117,45,0,0,0,0,0,0,0,0,0,0,0,0,0,50,0,0,29,63,50,0,0,21,0,0,100,25,74,65,68,0,0,0,0,13,24,39,59,50,0,57,9,7,0,12,0,0,10,22,0,0,3,77,148,0,1,0,0,0,0,150
45,0,0,0,0,13,Na'il,Diggs,0,87,0,0,16,89,0,0,28443,20,28443,82,21,0,0,81,0,0,0,55,0,0,73,3,0,1015,83,80,15,33,0,0,39,0,0,0,0,0,0,0,156,45,0,0,0,0,0,0,0,0,59,0,0,0,0,50,0,0,27,54,50,0,0,27,0,0,100,21,78,82,74,0,0,0,0,8,19,33,7,36,0,109,49,27,0,13,0,0,5,23,0,0,0,77,80,0,8,0,0,0,0,204
45,0,0,0,0,35,Nate,Webster,0,77,0,0,18,80,0,0,28444,6,28444,79,24,0,0,85,0,0,0,57,0,0,68,3,0,1015,85,82,28,16,0,0,33,0,0,0,0,0,0,0,116,45,0,0,0,0,0,0,0,0,52,0,0,0,0,50,0,0,31,60,50,0,0,20,0,0,100,4,81,78,74,0,0,0,0,7,11,36,6,15,0,109,22,0,0,14,0,0,8,1,0,0,1,78,72,0,3,0,0,0,0,204
45,0,0,0,0,21,Orantes,Grant,0,74,0,0,24,80,0,0,28445,11,28445,79,23,0,0,85,0,0,0,57,0,0,75,3,0,1015,81,75,23,22,0,0,13,0,0,0,0,0,0,0,70,45,0,0,0,0,0,0,0,0,56,0,0,0,0,50,0,0,39,69,50,0,0,29,0,0,100,32,73,72,73,0,0,0,0,9,48,35,40,41,0,109,24,26,0,14,0,0,6,33,0,0,2,78,68,0,4,0,0,0,0,204
45,0,0,0,0,15,Shannon,Taylor,0,97,0,0,30,73,0,0,28446,8,28446,84,24,0,0,86,0,0,0,57,0,0,80,3,0,1015,73,70,27,38,0,0,39,0,0,0,0,0,0,0,240,45,0,0,0,0,0,0,0,0,94,0,0,0,0,50,0,0,26,65,50,0,0,27,0,0,100,24,77,72,75,0,0,0,0,31,8,42,10,33,0,54,2,15,0,14,0,0,17,43,0,0,2,75,87,0,7,0,0,0,0,204
45,0,0,0,0,31,Lester,Towns,0,82,0,0,26,77,0,0,28447,21,28447,74,23,0,0,83,0,0,0,73,0,0,84,3,0,1015,72,69,26,18,0,0,38,0,0,0,0,0,0,0,252,45,0,0,0,0,0,0,0,0,57,0,0,0,0,50,0,0,20,50,50,0,0,24,0,0,100,38,75,74,80,0,0,0,0,19,10,12,56,50,0,72,6,16,0,14,0,0,2,4,0,0,2,75,85,0,7,0,0,0,0,204
45,0,0,0,0,22,Ron,Moore,0,90,0,0,21,68,0,0,28448,1009,28448,71,23,0,0,81,0,0,0,60,0,0,60,3,0,1015,75,65,33,18,0,0,31,0,0,0,0,0,0,0,153,45,0,0,0,0,0,0,0,0,0,0,0,0,0,50,0,0,24,58,50,0,0,41,0,0,100,19,66,65,67,0,0,0,0,16,45,62,27,46,0,56,5,11,0,10,0,0,13,27,0,0,2,79,76,0,1,0,0,0,0,204
45,0,0,0,0,26,T.J.,Slaughter,0,71,0,0,23,80,0,0,28449,17,28449,72,21,0,0,94,0,0,0,55,0,0,81,1,0,1015,93,84,55,13,0,0,24,0,0,0,0,0,0,0,194,45,0,0,0,0,0,0,0,0,53,0,0,0,0,50,0,0,10,65,50,0,0,35,0,0,100,29,77,80,72,0,0,0,0,32,39,61,0,40,0,38,4,22,0,15,0,0,7,6,0,0,2,75,73,0,9,0,0,0,0,58
45,0,0,0,0,31,Rodregis,Brooks,0,76,0,0,25,78,0,0,28450,1009,28450,82,22,0,0,97,0,0,0,65,0,0,70,3,0,1015,71,78,22,31,0,0,33,0,0,0,0,0,0,0,3,45,0,0,0,0,0,0,0,0,0,0,0,0,0,50,0,0,34,61,50,0,0,56,0,0,100,13,55,70,65,0,0,0,0,1,20,80,12,58,0,74,5,2,0,17,0,0,3,41,0,0,3,69,25,0,3,0,0,0,0,204
45,0,0,0,0,16,Erik,Olson,0,83,0,0,13,77,0,0,28451,17,28451,69,23,0,0,87,0,0,0,59,0,0,70,0,0,1015,93,64,23,24,0,0,38,0,0,0,0,0,0,0,42,45,0,0,0,0,0,0,0,0,45,0,0,0,0,50,0,0,34,57,50,0,0,20,0,0,100,15,72,67,74,0,0,0,0,15,47,83,29,19,0,6,7,14,0,18,0,0,5,44,0,0,1,79,48,0,1,0,0,0,0,150
45,0,0,0,0,24,Danny,Clark,0,76,0,0,23,93,0,0,28452,17,28452,71,24,0,0,74,0,0,0,53,0,0,78,0,0,1015,79,80,25,24,0,0,22,0,0,0,0,0,0,0,84,45,0,0,0,0,0,0,0,0,55,0,0,0,0,50,0,0,27,72,50,0,0,35,0,0,100,16,76,78,75,0,0,0,0,19,25,83,32,28,0,107,19,27,0,14,0,0,1,40,0,0,2,74,85,0,1,0,0,0,0,150
45,0,0,0,0,39,Brian,Urlacher,0,76,0,0,36,79,0,0,28453,1,28453,90,22,0,0,85,0,0,0,63,0,0,84,0,0,1015,99,90,29,57,0,0,27,0,0,0,0,0,0,0,145,45,0,0,0,0,0,0,0,0,54,0,0,0,0,50,0,0,18,62,50,0,0,21,0,0,100,19,88,86,71,0,0,0,0,18,28,72,36,22,0,103,1,16,0,14,0,0,8,39,0,0,3,79,125,0,5,0,0,0,0,204
45,0,0,0,0,28,Brandon,Short,0,93,0,0,29,75,0,0,28454,16,28454,72,22,0,0,82,0,0,0,50,0,0,76,0,0,1015,72,80,19,13,0,0,34,0,0,0,0,0,0,0,164,45,0,0,0,0,0,0,0,0,53,0,0,0,0,50,0,0,11,66,50,0,0,24,0,0,100,24,77,76,75,0,0,0,0,5,38,35,34,28,0,55,1,22,0,14,0,0,5,52,0,0,1,79,85,0,4,0,0,0,0,150
45,0,0,0,0,15,Jeff,Harris,0,75,0,0,22,81,0,0,28455,1009,28455,79,22,0,0,88,0,0,0,79,0,0,76,0,0,1015,73,59,37,16,0,0,28,0,0,0,0,0,0,0,70,45,0,0,0,0,0,0,0,0,0,0,0,0,0,50,0,0,30,50,50,0,0,21,0,0,100,26,61,66,60,0,0,0,0,29,23,66,43,30,0,73,2,28,0,16,0,0,4,22,0,0,3,73,29,0,2,0,0,0,0,150
45,0,0,0,0,39,Peter,Sirmon,0,81,0,0,25,84,0,0,28456,30,28456,77,23,0,0,87,0,0,0,68,0,0,83,3,0,1015,86,78,16,25,0,0,20,0,0,0,0,0,0,0,160,45,0,0,0,0,0,0,0,0,59,0,0,0,0,50,0,0,34,56,50,0,0,37,0,0,100,22,78,76,56,0,0,0,0,16,20,0,13,31,0,71,22,29,0,15,0,0,3,6,0,0,3,78,77,0,9,0,0,0,0,204
45,0,0,0,0,32,LaVar,Arrington,0,84,0,0,35,85,0,0,28457,26,28457,88,22,0,0,97,0,0,0,58,0,0,82,3,0,1015,67,85,12,32,0,0,29,0,0,0,0,0,0,0,164,45,0,0,0,0,0,0,0,0,56,0,0,0,0,50,0,0,24,79,50,0,0,27,0,0,100,14,79,85,64,0,0,0,0,2,4,34,1,30,0,38,48,2,0,15,0,0,9,20,0,0,2,75,97,0,8,0,0,0,0,204
45,0,0,0,0,37,Frank,Chamberlin,0,81,0,0,25,79,0,0,28458,30,28458,80,23,0,0,85,0,0,0,56,0,0,79,3,0,1015,65,70,24,24,0,0,32,0,0,0,0,0,0,0,20,45,0,0,0,0,0,0,0,0,57,0,0,0,0,50,0,0,11,71,50,0,0,25,0,0,100,33,61,75,79,0,0,0,0,19,27,65,25,12,0,56,5,20,0,15,0,0,14,45,0,0,3,75,78,0,3,0,0,0,0,204
45,0,0,0,0,35,Marcus,Bell,0,87,0,0,25,93,0,0,28459,28,28459,77,23,0,0,91,0,0,0,53,0,0,78,3,0,1015,83,72,11,33,0,0,32,0,0,0,0,0,0,0,8,45,0,0,0,0,0,0,0,0,55,0,0,0,0,50,0,0,37,66,50,0,0,29,0,0,100,36,77,73,60,0,0,0,0,15,34,64,44,53,0,33,17,24,0,15,0,0,6,16,0,0,3,75,76,0,8,0,0,0,0,204
45,0,0,0,0,37,Keith,Bulluck,0,94,0,0,14,84,0,0,28460,30,28460,75,23,0,0,88,0,0,0,67,0,0,80,3,0,1015,81,84,21,31,0,0,32,0,0,0,0,0,0,0,205,45,0,0,0,0,0,0,0,0,53,0,0,0,0,50,0,0,34,60,50,0,0,21,0,0,100,19,74,82,72,0,0,0,0,12,26,61,42,36,0,37,1,16,0,15,0,0,2,46,0,0,2,79,75,0,9,0,0,0,0,204
45,0,0,0,0,31,Mark,Simoneau,0,89,0,0,21,82,0,0,28461,14,28461,82,23,0,0,80,0,0,0,51,0,0,81,0,0,1015,81,82,18,23,0,0,34,0,0,0,0,0,0,0,96,45,0,0,0,0,0,0,0,0,53,0,0,0,0,50,0,0,14,76,50,0,0,22,0,0,100,13,61,78,70,0,0,0,0,30,52,39,23,27,0,30,9,26,0,15,0,0,15,45,0,0,3,72,85,0,0,0,0,0,0,150
45,0,0,0,0,22,Clark,Haggans,0,87,0,0,27,72,0,0,28462,29,28462,77,21,0,0,96,0,0,0,59,0,0,88,3,0,1015,63,85,21,39,0,0,21,0,0,0,0,0,0,0,42,45,0,0,0,0,0,0,0,0,53,0,0,0,0,50,0,0,28,67,50,0,0,27,0,0,100,21,71,78,60,0,0,0,0,7,17,16,25,54,0,26,12,27,0,15,0,0,17,24,0,0,0,76,83,0,3,0,0,0,0,204
45,0,0,0,0,36,Dhani,Jones,0,80,0,0,19,86,0,0,28463,16,28463,88,23,0,0,88,0,0,0,50,0,0,75,0,0,1015,88,70,20,32,0,0,33,0,0,0,0,0,0,0,117,45,0,0,0,0,0,0,0,0,55,0,0,0,0,50,0,0,16,60,50,0,0,25,0,0,100,35,72,78,76,0,0,0,0,37,18,34,6,38,0,100,27,29,0,15,0,0,18,5,0,0,2,77,80,0,0,0,0,0,0,150
45,0,0,0,0,9,Isaiah,Kacyvenski,0,80,0,0,33,82,0,0,28464,28,28464,78,22,0,0,97,0,0,0,54,0,0,80,3,0,1015,69,72,23,36,0,0,35,0,0,0,0,0,0,0,75,45,0,0,0,0,0,0,0,0,58,0,0,0,0,50,0,0,20,60,50,0,0,31,0,0,100,35,85,72,66,0,0,0,0,0,35,52,44,19,0,105,24,16,0,14,0,0,5,49,0,0,0,77,92,0,4,0,0,0,0,204
45,0,0,0,0,28,Jeff,Ulbrich,0,80,0,0,11,85,0,0,28465,15,28465,79,21,0,0,87,0,0,0,59,0,0,76,1,0,1015,89,85,28,13,0,0,20,0,0,0,0,0,0,0,76,45,0,0,0,0,0,0,0,0,53,0,0,0,0,50,0,0,22,69,50,0,0,22,0,0,100,33,70,78,63,0,0,0,0,7,12,6,29,32,0,5,21,26,0,15,0,0,7,20,0,0,2,76,80,0,3,0,0,0,0,58
45,0,0,0,0,27,Barrett,Green,0,73,0,0,11,79,0,0,28466,19,28466,81,23,0,0,80,0,0,0,44,0,0,81,3,0,1015,82,73,11,14,0,0,31,0,0,0,0,0,0,0,254,45,0,0,0,0,0,0,0,0,54,0,0,0,0,50,0,0,7,60,50,0,0,35,0,0,100,33,78,75,65,0,0,0,0,7,30,64,11,31,0,102,7,27,0,15,0,0,8,22,0,0,2,72,71,0,7,0,0,0,0,204
45,0,0,0,0,18,William,Bartee,0,85,0,0,23,88,0,0,28467,9,28467,92,23,0,0,90,0,0,0,56,0,0,84,3,0,1015,82,64,22,25,0,0,23,0,0,0,0,0,0,0,157,45,0,0,0,0,0,0,0,0,24,0,0,0,0,50,0,0,9,92,50,0,0,66,0,0,100,34,59,70,66,0,0,0,0,18,7,107,23,10,0,29,4,9,0,16,0,0,8,16,0,0,0,79,40,0,17,0,0,0,0,204
45,0,0,0,0,23,Ike,Charlton,0,83,0,0,17,88,0,0,28468,28,28468,99,24,0,0,78,0,0,0,66,0,0,82,3,0,1015,84,68,19,28,0,0,35,0,0,0,0,0,0,0,241,45,0,0,0,0,0,0,0,0,23,0,0,0,0,50,0,0,27,87,50,0,0,40,0,0,100,26,45,66,45,0,0,0,0,10,18,52,9,10,0,32,8,12,0,16,0,0,5,25,0,0,2,75,44,0,17,0,0,0,0,204
45,0,0,0,0,34,Mark,Roman,0,90,0,0,23,99,0,0,28469,2,28469,94,23,0,0,77,0,0,0,61,0,0,88,3,0,1015,75,63,25,26,0,0,24,0,0,0,0,0,0,0,106,45,0,0,0,0,0,0,0,0,20,0,0,0,0,50,0,0,18,93,50,0,0,41,0,0,100,18,46,72,62,0,0,0,0,18,3,71,5,34,0,6,20,0,0,16,0,0,8,12,0,0,3,71,45,0,11,0,0,0,0,204
45,0,0,0,0,13,Kareem,Larrimore,0,89,0,0,39,88,0,0,28470,11,28470,90,21,0,0,72,0,0,0,51,0,0,87,3,0,1015,77,66,29,32,0,0,24,0,0,0,0,0,0,0,247,45,0,0,0,0,0,0,0,0,41,0,0,0,0,50,0,0,17,87,50,0,0,40,0,0,100,15,46,64,58,0,0,0,0,16,23,72,1,16,0,7,1,4,0,16,0,0,2,2,0,0,0,71,46,0,21,0,0,0,0,204
45,0,0,0,0,27,Ralph,Brown,0,83,0,0,20,87,0,0,28471,16,28471,93,23,0,0,80,0,0,0,66,0,0,83,3,0,1015,72,68,26,12,0,0,23,0,0,0,0,0,0,0,142,45,0,0,0,0,0,0,0,0,22,0,0,0,0,50,0,0,14,85,50,0,0,55,0,0,100,29,58,73,65,0,0,0,0,4,21,73,25,12,0,36,5,16,0,16,0,0,4,11,0,0,2,71,25,0,20,0,0,0,0,204
45,0,0,0,0,38,Deltha,O'Neal,0,88,0,0,27,91,0,0,28472,4,28472,94,21,0,0,91,0,0,0,70,0,0,86,3,0,1015,79,70,27,12,0,0,28,0,0,0,0,0,0,0,28,45,0,0,0,0,0,0,0,0,24,0,0,0,0,50,0,0,25,87,50,0,0,48,0,0,100,19,45,77,70,0,0,0,0,6,23,20,27,12,0,8,3,16,0,16,0,0,8,6,0,0,3,71,34,0,17,0,0,0,0,204
45,0,0,0,0,13,Lloyd,Harrison,0,85,0,0,24,95,0,0,28473,26,28473,96,22,0,0,76,0,0,0,53,0,0,84,3,0,1015,75,71,32,17,0,0,39,0,0,0,0,0,0,0,138,45,0,0,0,0,0,0,0,0,41,0,0,0,0,50,0,0,11,89,50,0,0,43,0,0,100,32,59,66,47,0,0,0,0,19,11,101,35,11,0,22,15,2,0,16,0,0,7,18,0,0,1,71,30,0,17,0,0,0,0,204
45,0,0,0,0,10,Ahmed,Plummer,0,92,0,0,24,92,0,0,28474,15,28474,88,23,0,0,70,0,0,0,75,0,0,80,3,0,1015,65,66,29,16,0,0,27,0,0,0,0,0,0,0,156,45,0,0,0,0,0,0,0,0,29,0,0,0,0,50,0,0,26,93,50,0,0,45,0,0,100,28,45,69,54,0,0,0,0,7,10,27,39,9,0,25,7,12,0,16,0,0,3,27,0,0,1,72,31,0,17,0,0,0,0,204
45,0,0,0,0,10,Ben,Kelly,0,89,0,0,25,90,0,0,28475,12,28475,91,23,0,0,83,0,0,0,68,0,0,88,3,0,1015,84,63,29,23,0,0,27,0,0,0,0,0,0,0,41,45,0,0,0,0,0,0,0,0,35,0,0,0,0,50,0,0,21,92,50,0,0,41,0,0,100,22,57,65,43,0,0,0,0,5,2,79,28,36,0,26,28,19,0,16,0,0,7,11,0,0,3,71,25,0,28,0,0,0,0,204
45,0,0,0,0,29,Pat,Dennis,0,97,0,0,11,84,0,0,28476,9,28476,87,21,0,0,80,0,0,0,68,0,0,90,3,0,1015,75,79,18,26,0,0,37,0,0,0,0,0,0,0,265,45,0,0,0,0,0,0,0,0,41,0,0,0,0,50,0,0,24,94,50,0,0,42,0,0,100,28,58,68,52,0,0,0,0,1,24,71,28,17,0,79,12,10,0,16,0,0,4,10,0,0,0,72,43,0,7,0,0,0,0,204
45,0,0,0,0,19,Hank,Poteat,0,79,0,0,24,92,0,0,28477,29,28477,90,23,0,0,82,0,0,0,67,0,0,98,3,0,1015,83,64,11,10,0,0,24,0,0,0,0,0,0,0,166,45,0,0,0,0,0,0,0,0,22,0,0,0,0,50,0,0,34,88,50,0,0,36,0,0,100,38,59,73,60,0,0,0,0,7,14,79,24,29,0,35,0,13,0,16,0,0,4,1,0,0,1,71,35,0,16,0,0,0,0,204
45,0,0,0,0,22,Kiwaukee,Thomas,0,77,0,0,19,91,0,0,28478,1009,28478,89,23,0,0,80,0,0,0,63,0,0,89,3,0,1015,94,61,14,17,0,0,29,0,0,0,0,0,0,0,68,45,0,0,0,0,0,0,0,0,41,0,0,0,0,50,0,0,25,96,50,0,0,47,0,0,100,25,59,72,67,0,0,0,0,13,28,25,32,1,0,0,2,3,0,16,0,0,9,12,0,0,2,71,28,0,10,0,0,0,0,204
45,0,0,0,0,26,Robert,Bean,0,88,0,0,12,80,0,0,28479,2,28479,87,23,0,0,75,0,0,0,62,0,0,81,3,0,1015,76,53,11,15,0,0,29,0,0,0,0,0,0,0,121,45,0,0,0,0,0,0,0,0,49,0,0,0,0,50,0,0,17,91,50,0,0,47,0,0,100,27,42,65,68,0,0,0,0,4,5,56,4,10,0,0,8,5,0,16,0,0,2,27,0,0,0,71,18,0,88,0,0,0,0,204
45,0,0,0,0,22,Tony,Scott,0,86,0,0,11,98,0,0,28480,18,28480,83,21,0,0,93,0,0,0,56,0,0,85,3,0,1015,68,51,17,28,0,0,39,0,0,0,0,0,0,0,138,45,0,0,0,0,0,0,0,0,27,0,0,0,0,50,0,0,14,93,50,0,0,33,0,0,100,33,45,62,57,0,0,0,0,7,25,72,8,23,0,8,7,18,0,16,0,0,4,4,0,0,1,70,33,0,25,0,0,0,0,204
45,0,0,0,0,15,David,Barrett,0,76,0,0,19,89,0,0,28481,7,28481,91,23,0,0,98,0,0,0,72,0,0,94,3,0,1015,93,66,29,27,0,0,14,0,0,0,0,0,0,0,10,45,0,0,0,0,0,0,0,0,36,0,0,0,0,50,0,0,9,91,50,0,0,48,0,0,100,10,60,72,55,0,0,0,0,19,14,29,27,17,0,70,27,11,0,16,0,0,5,8,0,0,3,71,35,0,10,0,0,0,0,204
45,0,0,0,0,27,Mareno,Philyaw,0,86,0,0,24,84,0,0,28482,14,28482,82,21,0,0,89,0,0,0,66,0,0,77,3,0,1015,78,65,11,23,0,0,22,0,0,0,0,0,0,0,220,45,0,0,0,0,0,0,0,0,82,0,0,0,0,50,0,0,26,81,50,0,0,49,0,0,100,27,51,57,65,0,0,0,0,3,23,59,7,29,0,21,2,15,0,3,0,0,1,8,0,0,1,78,48,0,21,0,0,0,0,204
45,0,0,0,0,20,Todd,Franz,0,87,0,0,14,96,0,0,28483,27,28483,99,23,0,0,92,0,0,0,68,0,0,84,3,0,1015,82,67,19,20,0,0,26,0,0,0,0,0,0,0,222,45,0,0,0,0,0,0,0,0,37,0,0,0,0,50,0,0,25,93,50,0,0,56,0,0,100,23,59,69,43,0,0,0,0,5,20,70,14,35,0,7,19,2,0,16,0,0,1,0,0,0,0,75,42,0,87,0,0,0,0,204
45,0,0,0,0,27,David,Macklin,0,74,0,0,36,89,0,0,28484,10,28484,93,22,0,0,75,0,0,0,63,0,0,86,3,0,1015,71,61,23,15,0,0,28,0,0,0,0,0,0,0,164,45,0,0,0,0,0,0,0,0,27,0,0,0,0,50,0,0,10,97,50,0,0,40,0,0,100,11,45,72,68,0,0,0,0,14,13,76,20,8,0,22,8,13,0,16,0,0,2,24,0,0,3,71,37,0,22,0,0,0,0,204
45,0,0,0,0,25,Jason,Webster,0,89,0,0,0,89,0,0,28485,15,28485,92,21,0,0,90,0,0,0,75,0,0,98,3,0,1015,86,51,27,30,0,0,20,0,0,0,0,0,0,0,215,45,0,0,0,0,0,0,0,0,36,0,0,0,0,50,0,0,34,96,50,0,0,52,0,0,100,25,52,71,55,0,0,0,0,16,6,78,24,1,0,8,6,0,0,16,0,0,4,2,0,0,3,69,27,0,16,0,0,0,0,204
45,0,0,0,0,14,Reggie,Austin,0,84,0,0,11,95,0,0,28486,1009,28486,95,22,0,0,91,0,0,0,62,0,0,84,3,0,1015,77,67,19,14,0,0,31,0,0,0,0,0,0,0,249,45,0,0,0,0,0,0,0,0,0,0,0,0,0,50,0,0,37,94,50,0,0,50,0,0,100,18,40,64,43,0,0,0,0,17,29,24,9,20,0,75,21,9,0,16,0,0,1,4,0,0,3,69,25,0,62,0,0,0,0,204
45,0,0,0,0,17,Anthony,Malbrough,0,88,0,0,28,90,0,0,28487,5,28487,80,23,0,0,85,0,0,0,60,0,0,84,3,0,1015,84,67,10,18,0,0,12,0,0,0,0,0,0,0,217,45,0,0,0,0,0,0,0,0,26,0,0,0,0,50,0,0,13,92,50,0,0,36,0,0,100,14,41,60,50,0,0,0,0,3,29,27,0,2,0,37,9,12,0,16,0,0,9,0,0,0,0,71,25,0,85,0,0,0,0,204
45,0,0,0,0,25,Rashard,Anderson,0,85,0,0,20,84,0,0,28488,21,28488,89,23,0,0,86,0,0,0,61,0,0,88,0,0,1015,85,60,17,14,0,0,22,0,0,0,0,0,0,0,92,45,0,0,0,0,0,0,0,0,46,0,0,0,0,50,0,0,18,80,50,0,0,52,0,0,100,21,53,66,60,0,0,0,0,36,11,57,32,47,0,77,8,28,0,16,0,0,2,14,0,0,1,79,44,0,2,0,0,0,0,150
45,0,0,0,0,21,Jacoby,Shepherd,0,97,0,0,35,88,0,0,28489,24,28489,88,22,0,0,83,0,0,0,72,0,0,85,0,0,1015,93,56,15,31,0,0,24,0,0,0,0,0,0,0,158,45,0,0,0,0,0,0,0,0,22,0,0,0,0,50,0,0,17,82,50,0,0,57,0,0,100,27,61,68,54,0,0,0,0,0,12,60,6,31,0,66,4,36,0,16,0,0,1,20,0,0,2,74,44,0,7,0,0,0,0,150
45,0,0,0,0,34,John,Keith,0,80,0,0,11,87,0,0,28490,15,28490,89,24,0,0,83,0,0,0,48,0,0,86,3,0,1015,90,60,20,17,0,0,28,0,0,0,0,0,0,0,67,45,0,0,0,0,0,0,0,0,28,0,0,0,0,50,0,0,22,79,50,0,0,50,0,0,100,10,79,69,65,0,0,0,0,6,16,39,32,45,0,57,2,11,0,17,0,0,5,26,0,0,0,73,47,0,21,0,0,0,0,204
45,0,0,0,0,23,Travares,Tillman,0,75,0,0,22,86,0,0,28491,3,28491,85,23,0,0,80,0,0,0,62,0,0,75,3,0,1015,86,81,18,38,0,0,38,0,0,0,0,0,0,0,71,45,0,0,0,0,0,0,0,0,28,0,0,0,0,50,0,0,22,84,50,0,0,57,0,0,100,29,71,72,60,0,0,0,0,5,13,48,39,37,0,54,7,2,0,17,0,0,4,7,0,0,3,77,45,0,8,0,0,0,0,204
45,0,0,0,0,22,Arturo,Freeman,0,84,0,0,21,88,0,0,28492,12,28492,89,23,0,0,89,0,0,0,60,0,0,77,0,0,1015,80,63,20,20,0,0,27,0,0,0,0,0,0,0,176,45,0,0,0,0,0,0,0,0,27,0,0,0,0,50,0,0,28,89,50,0,0,54,0,0,100,29,56,68,63,0,0,0,0,8,19,57,0,27,0,51,24,36,0,18,0,0,4,5,0,0,2,73,50,0,7,0,0,0,0,150
45,0,0,0,0,16,Mike,Brown,0,93,0,0,13,83,0,0,28493,1,28493,85,23,0,0,85,0,0,0,68,0,0,76,3,0,1015,87,66,20,25,0,0,28,0,0,0,0,0,0,0,142,45,0,0,0,0,0,0,0,0,30,0,0,0,0,50,0,0,25,87,50,0,0,50,0,0,100,26,64,74,70,0,0,0,0,4,16,67,35,27,0,53,6,7,0,17,0,0,0,29,0,0,0,71,47,0,2,0,0,0,0,204
45,0,0,0,0,16,Mario,Edwards,0,88,0,0,17,94,0,0,28494,11,28494,89,23,0,0,63,0,0,0,63,0,0,78,3,0,1015,79,51,17,28,0,0,15,0,0,0,0,0,0,0,64,45,0,0,0,0,0,0,0,0,27,0,0,0,0,50,0,0,24,94,50,0,0,58,0,0,100,36,55,68,63,0,0,0,0,8,17,62,38,22,0,52,4,11,0,16,0,0,9,9,0,0,3,76,39,0,0,0,0,0,0,204
45,0,0,0,0,13,Dwayne,Goodrich,0,86,0,0,28,87,0,0,28495,11,28495,93,22,0,0,75,0,0,0,65,0,0,87,3,0,1015,89,50,15,32,0,0,27,0,0,0,0,0,0,0,211,45,0,0,0,0,0,0,0,0,23,0,0,0,0,50,0,0,20,89,50,0,0,57,0,0,100,24,56,65,50,0,0,0,0,4,24,74,39,46,0,7,10,24,0,16,0,0,5,14,0,0,1,71,47,0,5,0,0,0,0,204
45,0,0,0,0,24,Matt,Bowen,0,80,0,0,17,89,0,0,28496,24,28496,89,22,0,0,94,0,0,0,67,0,0,88,3,0,1015,85,56,10,20,0,0,23,0,0,0,0,0,0,0,89,45,0,0,0,0,0,0,0,0,27,0,0,0,0,50,0,0,20,83,50,0,0,54,0,0,100,10,58,71,62,0,0,0,0,6,14,54,8,30,0,56,1,27,0,17,0,0,8,5,0,0,3,75,43,0,1,0,0,0,0,204
45,0,0,0,0,38,Gary,Berry,0,94,0,0,10,74,0,0,28497,20,28497,77,22,0,0,89,0,0,0,70,0,0,73,3,0,1015,88,63,20,20,0,0,20,0,0,0,0,0,0,0,156,45,0,0,0,0,0,0,0,0,21,0,0,0,0,50,0,0,15,78,50,0,0,52,0,0,100,12,54,63,60,0,0,0,0,5,2,60,5,13,0,5,15,7,0,17,0,0,9,11,0,0,3,71,36,0,2,0,0,0,0,204
45,0,0,0,0,25,Bobby,Myers,0,89,0,0,17,72,0,0,28498,30,28498,78,23,0,0,83,0,0,0,70,0,0,78,1,0,1015,91,75,15,33,0,0,37,0,0,0,0,0,0,0,258,45,0,0,0,0,0,0,0,0,32,0,0,0,0,50,0,0,17,72,50,0,0,57,0,0,100,20,68,68,61,0,0,0,0,1,16,44,19,33,0,51,9,21,0,17,0,0,9,0,0,0,1,73,36,0,28,0,0,0,0,58
45,0,0,0,0,21,Deon,Grant,0,81,0,0,25,84,0,0,28499,21,28499,80,21,0,0,94,0,0,0,68,0,0,80,3,0,1015,94,75,24,24,0,0,25,0,0,0,0,0,0,0,211,45,0,0,0,0,0,0,0,0,27,0,0,0,0,50,0,0,20,80,50,0,0,45,0,0,100,16,69,76,67,0,0,0,0,16,11,62,29,31,0,55,21,32,0,18,0,0,3,6,0,0,2,75,55,0,7,0,0,0,0,204
45,0,0,0,0,23,Lamar,Chapman,0,95,0,0,13,84,0,0,28500,5,28500,81,22,0,0,95,0,0,0,51,0,0,87,1,0,1015,91,70,12,11,0,0,23,0,0,0,0,0,0,0,96,45,0,0,0,0,0,0,0,0,27,0,0,0,0,50,0,0,13,69,50,0,0,37,0,0,100,26,73,63,60,0,0,0,0,9,14,47,37,37,0,56,10,3,0,16,0,0,2,22,0,0,3,73,26,0,1,0,0,0,0,58
45,0,0,0,0,27,Aric,Morris,0,94,0,0,13,85,0,0,28501,30,28501,83,21,0,0,85,0,0,0,69,0,0,81,3,0,1015,89,78,21,35,0,0,32,0,0,0,0,0,0,0,118,45,0,0,0,0,0,0,0,0,28,0,0,0,0,50,0,0,21,81,50,0,0,48,0,0,100,18,57,70,54,0,0,0,0,6,20,47,32,30,0,5,6,7,0,18,0,0,5,8,0,0,0,70,50,0,1,0,0,0,0,204
45,0,0,0,0,39,Kenoy,Kennedy,0,96,0,0,26,89,0,0,28502,4,28502,84,23,0,0,91,0,0,0,62,0,0,83,3,0,1015,87,73,20,16,0,0,28,0,0,0,0,0,0,0,10,45,0,0,0,0,0,0,0,0,28,0,0,0,0,50,0,0,21,76,50,0,0,32,0,0,100,30,71,73,61,0,0,0,0,14,28,60,37,20,0,1,4,9,0,18,0,0,7,9,0,0,0,79,55,0,8,0,0,0,0,204
45,0,0,0,0,16,Rogers,Beckett,0,97,0,0,20,82,0,0,28503,8,28503,82,22,0,0,92,0,0,0,68,0,0,89,3,0,1015,84,72,21,19,0,0,26,0,0,0,0,0,0,0,110,45,0,0,0,0,0,0,0,0,42,0,0,0,0,50,0,0,22,74,50,0,0,34,0,0,100,18,71,72,56,0,0,0,0,4,10,43,17,39,0,7,20,30,0,18,0,0,2,20,0,0,1,78,47,0,8,0,0,0,0,204
45,0,0,0,0,24,Lewis,Sanders,0,94,0,0,14,65,0,0,28504,5,28504,90,21,0,0,86,0,0,0,66,0,0,86,1,0,1015,87,71,10,37,0,0,26,0,0,0,0,0,0,0,111,45,0,0,0,0,0,0,0,0,25,0,0,0,0,50,0,0,25,85,50,0,0,49,0,0,100,30,73,72,67,0,0,0,0,5,10,81,17,27,0,58,13,20,0,17,0,0,5,2,0,0,0,79,50,0,5,0,0,0,0,58
45,0,0,0,0,21,David,Gobson,0,98,0,0,20,80,0,0,28505,1009,28505,92,24,0,0,72,0,0,0,62,0,0,84,3,0,1015,75,68,23,27,0,0,33,0,0,0,0,0,0,0,231,45,0,0,0,0,0,0,0,0,0,0,0,0,0,50,0,0,16,81,50,0,0,53,0,0,100,32,59,71,60,0,0,0,0,10,10,62,17,14,0,20,9,9,0,18,0,0,5,15,0,0,2,79,50,0,2,0,0,0,0,204
45,0,0,0,0,11,Antwan,Harris,0,96,0,0,15,83,0,0,28506,22,28506,81,21,0,0,94,0,0,0,74,0,0,83,3,0,1015,89,87,15,20,0,0,10,0,0,0,0,0,0,0,240,45,0,0,0,0,0,0,0,0,23,0,0,0,0,50,0,0,36,69,50,0,0,33,0,0,100,21,70,73,63,0,0,0,0,5,23,56,21,18,0,1,3,16,0,16,0,0,5,22,0,0,0,71,34,0,16,0,0,0,0,204
45,0,0,0,0,16,Tyrone,Carter,0,90,0,0,20,82,0,0,28507,31,28507,84,22,0,0,85,0,0,0,64,0,0,78,3,0,1015,89,86,24,32,0,0,29,0,0,0,0,0,0,0,120,45,0,0,0,0,0,0,0,0,37,0,0,0,0,50,0,0,15,81,50,0,0,45,0,0,100,17,55,74,66,0,0,0,0,1,13,67,14,43,0,2,4,31,0,17,0,0,7,4,0,0,0,71,35,0,3,0,0,0,0,204
45,0,0,0,0,28,Greg,Wesley,0,98,0,0,19,82,0,0,28508,9,28508,80,23,0,0,87,0,0,0,75,0,0,85,3,0,1015,94,73,28,18,0,0,35,0,0,0,0,0,0,0,11,45,0,0,0,0,0,0,0,0,25,0,0,0,0,50,0,0,14,80,50,0,0,46,0,0,100,19,48,76,70,0,0,0,0,0,17,26,27,40,0,47,3,21,0,18,0,0,7,16,0,0,1,79,46,0,7,0,0,0,0,204
45,0,0,0,0,25,Damen,Wheeler,0,85,0,0,26,86,0,0,28509,1009,28509,83,23,0,0,87,0,0,0,62,0,0,78,3,0,1015,92,73,23,27,0,0,39,0,0,0,0,0,0,0,41,45,0,0,0,0,0,0,0,0,0,0,0,0,0,50,0,0,32,81,50,0,0,40,0,0,100,11,56,62,51,0,0,0,0,6,28,101,9,5,0,55,22,9,0,16,0,0,9,3,0,0,3,68,7,0,4,0,0,0,0,204
45,0,0,0,0,18,Michael,Hawthorne,0,93,0,0,33,89,0,0,28510,27,28510,83,23,0,0,83,0,0,0,64,0,0,85,0,0,1015,98,62,12,26,0,0,20,0,0,0,0,0,0,0,169,45,0,0,0,0,0,0,0,0,36,0,0,0,0,50,0,0,26,84,50,0,0,44,0,0,100,38,47,68,64,0,0,0,0,0,19,63,38,46,0,3,11,29,0,18,0,0,2,16,0,0,0,75,44,0,8,0,0,0,0,150
45,0,0,0,0,32,Troy,Walters,0,87,0,0,29,80,0,0,28511,31,28511,89,24,0,0,43,0,0,0,85,0,0,67,3,0,1015,75,19,11,18,0,0,44,0,0,0,0,0,0,0,200,45,0,0,0,0,0,0,0,0,82,0,0,0,0,50,0,0,33,89,50,0,0,55,0,0,100,21,70,70,80,0,0,0,0,9,2,92,1,18,0,58,6,5,0,3,0,0,16,10,0,0,1,70,11,0,8,0,0,0,0,204
45,0,0,0,0,18,Desmond,Kitchings,0,86,0,0,21,80,0,0,28512,1009,28512,86,23,0,0,49,0,0,0,81,0,0,66,3,0,1015,84,40,32,46,0,0,58,0,0,0,0,0,0,0,67,45,0,0,0,0,0,0,0,0,0,0,0,0,0,50,0,0,26,65,50,0,0,72,0,0,100,23,67,68,80,0,0,0,0,6,9,70,22,15,0,0,2,17,0,3,0,0,6,1,0,0,3,69,19,0,1,0,0,0,0,204
45,0,0,0,0,13,Charles,Lee,0,91,0,0,41,70,0,0,28513,20,28513,88,22,0,0,49,0,0,0,84,0,0,79,0,0,1015,78,14,16,30,0,0,64,0,0,0,0,0,0,0,225,45,0,0,0,0,0,0,0,0,82,0,0,0,0,50,0,0,25,78,50,0,0,74,0,0,100,38,64,70,76,0,0,0,0,2,6,95,8,17,0,6,5,16,0,3,0,0,15,9,0,0,0,75,117,0,4,0,0,0,0,150
45,0,0,0,0,24,Paul,Edinger,0,86,0,0,95,38,0,0,28514,1,28514,49,23,0,0,48,0,0,0,24,0,0,38,0,0,1015,91,10,22,15,0,0,29,0,0,0,0,0,0,0,118,45,0,0,0,0,0,0,0,0,2,0,0,0,0,50,0,0,29,22,50,0,0,15,0,0,100,83,19,80,50,0,0,0,0,3,3,90,4,0,0,1,0,14,0,19,0,0,16,9,0,0,3,68,15,0,7,0,0,0,0,150
45,0,0,0,0,20,John,Romero,0,84,0,0,77,37,0,0,28515,1009,28515,54,23,0,0,38,0,0,0,25,0,0,34,0,0,1015,96,17,17,16,0,0,24,0,0,0,0,0,0,0,28,45,0,0,0,0,0,0,0,0,0,0,0,0,0,50,0,0,19,39,50,0,0,22,0,0,100,79,10,51,61,0,0,0,0,6,9,38,6,13,0,58,3,18,0,19,0,0,14,8,0,0,2,73,30,0,3,0,0,0,0,150
45,0,0,0,0,24,Neil,Rackers,0,82,0,0,85,42,0,0,28516,2,28516,35,23,0,0,59,0,0,0,17,0,0,45,0,0,1015,99,13,22,14,0,0,20,0,0,0,0,0,0,0,84,45,0,0,0,0,0,0,0,0,5,0,0,0,0,50,0,0,19,44,50,0,0,28,0,0,100,91,21,79,66,0,0,0,0,6,3,96,0,23,0,5,2,13,0,19,0,0,12,8,0,0,3,73,42,0,4,0,0,0,0,150
45,0,0,0,0,24,Sebastian,Janikowski,0,81,0,0,77,30,0,0,28517,23,28517,37,21,0,0,36,0,0,0,21,0,0,44,0,0,1015,70,10,25,23,0,0,16,0,0,0,0,0,0,0,64,45,0,0,0,0,0,0,0,0,11,0,0,0,0,50,0,0,12,22,50,0,0,19,0,0,100,99,20,78,70,0,0,0,0,2,6,91,7,12,0,4,1,11,0,19,0,0,12,18,0,0,0,74,90,0,1,0,0,0,0,150
45,0,0,0,0,19,JaJuan,Seider,0,85,0,0,79,30,0,0,28518,1009,28518,31,21,0,0,40,0,0,0,28,0,0,24,3,0,1015,71,10,13,20,0,0,28,0,0,0,0,0,0,0,63,45,0,0,0,0,0,0,0,0,0,0,0,0,0,50,0,0,11,31,50,0,0,11,0,0,100,77,15,50,56,0,0,0,0,5,6,69,33,14,0,2,1,1,0,19,0,0,15,3,0,0,2,75,46,0,4,0,0,0,0,204
45,0,0,0,0,26,Manuia,Savea,0,72,0,0,75,55,0,0,28519,1009,28519,55,22,0,0,79,0,0,0,26,0,0,40,0,0,1015,95,29,17,10,0,0,25,0,0,0,0,0,0,0,8,45,0,0,0,0,0,0,0,0,0,0,0,0,0,50,0,0,13,36,50,0,0,25,0,0,100,83,19,52,51,0,0,0,0,29,9,91,44,21,0,35,17,14,0,20,0,0,2,12,0,0,1,75,52,0,2,0,0,0,0,150
45,0,0,0,0,17,Darrick,Vaughn,0,70,0,0,19,64,0,0,28520,14,28520,74,22,0,0,66,0,0,0,73,0,0,76,0,0,1015,75,65,19,27,0,0,55,0,0,0,0,0,0,0,265,45,0,0,0,0,0,0,0,0,37,0,0,0,0,50,0,0,26,68,50,0,0,70,0,0,100,13,76,68,79,0,0,0,0,5,8,91,49,22,0,34,19,11,0,16,0,0,1,14,0,0,0,71,33,0,6,0,0,0,0,150
45,0,0,0,0,16,Eric,Chandler,0,76,0,0,77,50,0,0,28521,1009,28521,42,21,0,0,65,0,0,0,27,0,0,45,3,0,1015,85,15,17,18,0,0,29,0,0,0,0,0,0,0,92,45,0,0,0,0,0,0,0,0,0,0,0,0,0,50,0,0,25,33,50,0,0,22,0,0,100,80,33,52,56,0,0,0,0,9,6,92,45,21,0,39,12,17,0,20,0,0,9,16,0,0,1,71,32,0,8,0,0,0,0,204
45,0,0,0,0,20,Richard,Seals,0,85,0,0,77,52,0,0,28522,1009,28522,43,22,0,0,60,0,0,0,34,0,0,40,0,0,1015,97,16,15,25,0,0,22,0,0,0,0,0,0,0,233,45,0,0,0,0,0,0,0,0,0,0,0,0,0,50,0,0,29,25,50,0,0,27,0,0,100,79,13,51,60,0,0,0,0,24,8,92,45,25,0,31,15,18,0,20,0,0,7,15,0,0,0,75,47,0,1,0,0,0,0,150
45,0,0,0,0,14,Rashidi,Barnes,0,81,0,0,15,65,0,0,28523,5,28523,78,22,0,0,64,0,0,0,62,0,0,67,0,0,1015,74,70,14,13,0,0,60,0,0,0,0,0,0,0,41,45,0,0,0,0,0,0,0,0,28,0,0,0,0,50,0,0,16,56,50,0,0,55,0,0,100,13,59,61,71,0,0,0,0,1,10,96,42,29,0,39,14,15,0,16,0,0,1,15,0,0,0,71,45,0,6,0,0,0,0,150
45,0,0,0,0,28,Casey,Tisdale,0,73,0,0,78,58,0,0,28524,1009,28524,57,22,0,0,66,0,0,0,29,0,0,47,0,0,1015,84,15,11,19,0,0,24,0,0,0,0,0,0,0,145,45,0,0,0,0,0,0,0,0,0,0,0,0,0,50,0,0,25,27,50,0,0,22,0,0,100,79,36,52,60,0,0,0,0,6,12,98,47,29,0,35,18,11,0,20,0,0,7,11,0,0,2,75,65,0,4,0,0,0,0,150
45,0,0,0,0,16,Shane,Lechler,0,89,0,0,95,54,0,0,28525,23,28525,48,23,0,0,68,0,0,0,22,0,0,49,0,0,1015,96,13,10,16,0,0,17,0,0,0,0,0,0,0,215,45,0,0,0,0,0,0,0,0,9,0,0,0,0,50,0,0,28,39,50,0,0,11,0,0,100,82,18,80,61,0,0,0,0,3,2,93,47,26,0,34,17,16,0,20,0,0,0,11,0,0,1,74,65,0,3,0,0,0,0,150
45,0,0,0,0,31,Drew,Haddad,0,98,0,0,14,74,0,0,28526,1009,28526,80,21,0,0,93,0,0,0,84,0,0,72,0,0,1015,88,43,27,17,0,0,69,0,0,0,0,0,0,0,24,45,0,0,0,0,0,0,0,0,0,0,0,0,0,50,0,0,34,85,50,0,0,76,0,0,100,23,71,68,75,0,0,0,0,23,0,97,47,24,0,38,18,17,0,3,0,0,6,13,0,0,1,71,27,0,7,0,0,0,0,150
45,0,0,0,0,25,Anthony,Midget,0,41,0,0,20,75,0,0,28527,1009,28527,49,21,0,0,92,0,0,0,22,0,0,40,1,0,1015,81,28,70,69,0,0,33,0,0,0,0,0,0,0,241,45,0,0,0,0,0,0,0,0,8,0,0,0,0,50,0,0,17,26,50,0,0,14,0,0,100,10,78,58,55,0,0,0,0,24,23,27,75,5,0,7,62,7,0,7,0,0,30,73,0,0,1,77,148,0,5,0,0,0,0,58
45,0,0,0,0,39,Matt,Johnson,0,49,0,0,5,50,0,0,28528,1009,28528,61,21,0,0,90,0,0,0,27,0,0,57,0,0,1015,95,15,74,76,0,0,27,0,0,0,0,0,0,0,26,45,0,0,0,0,0,0,0,0,8,0,0,0,0,50,0,0,24,38,50,0,0,32,0,0,100,16,72,59,50,0,0,0,0,35,26,0,49,21,0,5,17,7,0,7,0,0,0,46,0,0,3,77,141,0,4,0,0,0,0,150
45,0,0,0,0,33,Alfonso,Boone,0,74,0,0,12,76,0,0,28529,1,28529,61,21,0,0,87,0,0,0,26,0,0,66,3,0,1015,87,80,62,70,0,0,22,0,0,0,0,0,0,0,34,45,0,0,0,0,0,0,0,0,70,0,0,0,0,50,0,0,30,67,50,0,0,33,0,0,100,35,75,78,76,0,0,0,0,26,52,37,68,23,0,6,56,17,0,10,0,0,45,44,0,0,0,75,145,0,4,0,0,0,0,204
45,0,0,0,0,11,John,St. Clair,0,81,0,0,25,78,0,0,28530,24,28530,48,21,0,0,98,0,0,0,32,0,0,57,0,0,1015,97,18,84,82,0,0,20,0,0,0,0,0,0,0,240,45,0,0,0,0,0,0,0,0,70,0,0,0,0,50,0,0,26,15,50,0,0,26,0,0,100,21,81,78,75,0,0,0,0,35,10,22,60,43,0,59,28,38,0,7,0,0,34,18,0,0,0,77,155,0,2,0,0,0,0,150
45,0,0,0,0,17,Joey,Jamison,0,80,0,0,14,77,0,0,28531,1009,28531,52,23,0,0,81,0,0,0,13,0,0,55,0,0,1015,70,37,70,73,0,0,31,0,0,0,0,0,0,0,216,45,0,0,0,0,0,0,0,0,8,0,0,0,0,50,0,0,28,18,50,0,0,39,0,0,100,34,75,59,50,0,0,0,0,52,24,28,77,24,0,88,42,7,0,7,0,0,33,13,0,0,3,76,148,0,5,0,0,0,0,150
45,0,0,0,0,39,Shyrone,Stith,0,71,0,0,16,74,0,0,28532,1009,28532,78,23,0,0,74,0,0,0,72,0,0,55,3,0,1015,89,28,34,38,0,0,81,0,0,0,0,0,0,0,241,45,0,0,0,0,0,0,0,0,8,0,0,0,0,50,0,0,30,58,50,0,0,89,0,0,100,17,84,70,80,0,0,0,0,57,30,25,70,30,0,50,51,38,0,1,0,0,31,23,0,0,2,68,45,0,8,0,0,0,0,204
45,0,0,0,0,14,Shaun,O'Hara,0,77,0,0,16,45,0,0,28533,5,28533,43,23,0,0,87,0,0,0,11,0,0,43,0,0,1015,80,21,79,79,0,0,22,0,0,0,0,0,0,0,175,45,0,0,0,1,0,0,0,0,60,0,3,0,0,50,0,0,13,40,23,0,0,29,0,0,90,21,83,63,60,0,0,0,0,0,0,0,0,0,0,0,0,0,0,7,0,0,0,0,0,0,0,75,127,0,0,0,0,0,0,0
45,0,0,0,0,82,Doug,Johnson,0,78,0,0,35,40,0,0,28534,14,28534,47,22,0,0,59,0,0,0,28,0,0,49,1,0,1015,82,15,32,29,0,0,41,0,0,0,0,0,0,0,62,45,0,0,0,0,0,0,0,0,11,0,0,0,0,0,0,0,85,53,41,0,0,37,0,0,50,19,54,70,71,0,0,0,0,0,0,0,0,0,0,0,0,0,0,0,0,0,0,0,0,0,0,74,65,0,0,0,0,0,0,150
45,0,0,0,0,6,Tim,Morabito,43,78,0,0,8,60,0,0,28535,21,28535,60,27,0,0,78,0,0,0,10,0,0,66,0,0,1015,80,81,11,9,0,0,15,0,0,0,0,0,0,0,20,45,0,0,0,3,0,0,0,0,90,0,4,0,0,50,0,0,12,55,53,5,0,15,0,0,95,10,85,81,83,0,0,0,0,0,0,0,0,0,0,0,0,0,0,12,0,0,0,0,0,0,0,75,130,0,0,0,0,0,0,204
45,0,0,0,0,17,Brad,Hoover,30,61,0,0,28,75,0,0,28536,21,28536,77,24,0,0,72,0,0,0,60,0,0,65,0,0,1015,56,19,50,46,0,0,82,0,0,0,0,0,0,0,265,45,0,0,0,1,0,0,0,0,45,0,3,0,0,50,0,0,31,52,68,0,0,75,0,0,99,21,70,71,68,0,0,0,0,0,0,0,0,0,0,0,0,0,0,2,0,0,0,0,0,0,0,74,65,0,0,0,0,0,0,0
45,0,0,0,0,50,New,Player,0,50,0,0,50,50,0,0,28537,1023,28537,50,21,0,0,50,0,0,0,50,0,0,50,0,0,1015,50,50,50,50,0,0,50,0,0,0,0,0,0,0,0,45,0,0,0,0,0,0,0,0,0,0,0,0,0,50,0,0,50,50,50,0,0,50,0,0,50,50,50,27,50,0,0,0,0,0,0,0,0,0,0,0,0,0,0,0,0,0,0,0,0,0,0,65,96,0,50,0,0,0,0,0
45,0,0,0,0,37,Armegis,Spearman,56,82,0,0,10,77,0,0,28538,2,28538,78,22,0,0,95,0,0,0,49,0,0,79,3,0,1015,85,75,20,24,0,0,43,0,0,0,0,0,0,0,159,45,0,0,0,1,0,0,0,0,59,0,3,0,0,50,0,0,38,46,74,0,0,52,0,0,80,17,71,71,73,0,0,0,0,0,0,0,0,0,0,0,0,0,0,14,0,0,0,0,0,0,0,74,91,0,10,0,0,0,0,0
45,0,0,0,0,25,Jeremy,McDaniel,37,70,0,0,12,81,0,0,28539,3,28539,84,24,0,0,68,0,0,0,80,0,0,82,1,0,1015,79,26,30,24,0,0,46,0,0,0,0,0,0,0,258,45,0,0,0,2,0,0,0,0,86,0,3,0,0,0,0,0,25,62,66,1,0,49,0,0,90,25,50,69,68,0,0,0,0,0,0,0,0,0,0,0,0,0,0,3,0,0,0,0,0,0,0,72,37,0,50,0,0,0,0,0
45,0,0,0,0,23,Quincy,Sanders,0,51,0,0,37,72,0,7,32755,1009,32755,54,21,0,0,83,0,0,0,12,0,0,50,0,63,1023,86,29,69,71,0,0,39,0,2,0,0,0,0,0,230,45,100,0,0,0,0,65,0,0,0,2,0,0,1,75,0,15,20,25,50,0,0,29,0,1,100,11,78,58,50,0,0,0,0,48,25,21,70,28,26,58,52,15,0,7,0,54,37,43,0,250,1,75,140,999,2,31,-31,0,0,150
45,0,0,0,0,34,Rondell,Mealey,0,49,0,0,26,77,0,7,32755,1009,32755,81,21,0,0,73,0,0,0,69,0,0,71,0,63,1023,72,28,47,49,0,0,67,0,2,0,0,0,0,0,106,45,100,0,0,0,0,65,0,0,0,2,0,0,1,75,0,15,32,15,50,0,0,83,0,1,100,14,79,70,74,0,0,0,0,8,34,32,70,17,26,1,40,25,0,1,0,54,29,14,0,250,0,73,64,999,8,31,-31,0,0,150
45,0,0,0,0,13,DaShon,Polk,0,82,0,0,28,70,0,7,32755,3,32755,80,22,0,0,81,0,0,0,67,0,0,70,1,63,1023,80,80,34,41,0,0,55,0,2,0,0,0,0,0,8,45,100,0,0,0,0,65,0,0,51,2,0,0,0,75,0,15,37,69,50,0,0,77,0,1,100,12,85,76,72,0,0,0,0,47,55,75,38,28,26,52,21,11,0,14,0,54,21,0,0,0,1,79,82,999,4,31,-31,0,0,58
45,0,0,0,0,15,Micah,Knorr,30,65,0,0,85,40,0,7,32755,11,32755,50,25,0,0,35,0,0,0,25,0,0,25,2,63,1023,82,11,23,21,0,0,19,0,2,0,0,0,0,0,214,45,100,0,0,1,0,65,0,0,4,2,1,0,0,0,0,15,14,40,21,0,0,25,0,1,100,84,33,71,70,0,0,0,0,0,5,58,32,12,26,9,7,13,0,20,0,54,0,16,0,0,0,74,39,999,0,31,-31,0,0,204
45,0,0,0,0,50,New,Player,0,50,0,0,50,50,0,7,32755,1023,32755,50,21,0,0,50,0,0,0,50,0,0,50,2,63,1023,50,50,50,50,0,0,50,0,2,0,0,0,0,0,214,45,100,0,0,0,0,65,0,0,8,2,0,0,0,75,0,15,50,99,50,0,0,50,0,1,100,50,50,27,50,0,0,0,0,0,5,58,32,12,26,9,7,13,0,0,0,54,0,16,0,0,0,72,40,999,50,31,-31,0,0,204
45,0,0,0,0,50,New,Player,0,50,0,0,50,50,0,7,32755,1023,32755,50,21,0,0,50,0,0,0,50,0,0,50,2,63,1023,50,50,50,50,0,0,50,0,2,0,0,0,0,0,214,45,100,0,0,0,0,65,0,0,8,2,0,0,0,75,0,15,50,99,50,0,0,50,0,1,100,50,50,27,50,0,0,0,0,0,5,58,32,12,26,9,7,13,0,0,0,54,0,16,0,0,0,72,40,999,50,31,-31,0,0,204
45,0,0,0,0,50,New,Player,0,50,0,0,50,50,0,7,32755,1023,32755,50,21,0,0,50,0,0,0,50,0,0,50,2,63,1023,50,50,50,50,0,0,50,0,2,0,0,0,0,0,214,45,100,0,0,0,0,65,0,0,8,2,0,0,0,75,0,15,50,99,50,0,0,50,0,1,100,50,50,27,50,0,0,0,0,0,5,58,32,12,26,9,7,13,0,0,0,54,0,16,0,0,0,72,40,999,50,31,-31,0,0,204
