PRL2,PLHA,TLHA,PRHA,TRHA,PTHA,PFNA,PLNA,PTSA,PSTA,PFPB,PVSB,PKAC,PACC,PMPC,PHED,PGID,TGID,POID,PSPD,PAGE,PBRE,PEYE,PTGH,PCPH,PLSH,PRSH,PCTH,PLTH,PRTH,PAGI,PSKI,PDPI,PPTI,PINJ,PTAK,PPBK,PRBK,PNEK,PFMK,PBTK,PTAL,PHCL,PUCL,PLEL,TLEL,PREL,TREL,PCOL,PROL,PLPL,PGSL,PTSL,PCYL,PHLM,PSTM,PHAN,PICN,PJEN,PTEN,PCON,PSBO,PVCO,PEGO,PFHO,PDRO,PTHP,PIMP,PJMP,PYRP,PSXP,PCAR,PTAR,PJER,PMOR,PKPR,PSTR,POVR,PAWR,PLWR,TLWR,PRWR,TRWR,PFAS,PMAS,PSBS,PFCS,PMCS,PFGS,PCHS,PFHS,PMHS,PVIS,PPOS,POPS,PLSS,PFTS,PMTS,PUTS,PVTS,PMUS,PHGT,PWGT,PCMT,PKRT,PYWT,PLHY,PJTY,PSTY,PFEx
20,3,3,4,4,84,Trevor,Lawrence,3679,90,0,2412,23,89,0,9,1,17,1,87,24,0,0,91,0,4,4,50,0,0,87,0,1,1015,92,27,16,21,0,8,74,0,1,0,0,0,0,0,38,45,100,0,0,2,3,65,0,0,16,2,4,2412,1,75,0,1,93,82,81,2,4010,66,0,1,100,27,69,85,83,0,0,0,0,3,24,84,44,26,6,12,19,9,0,0,0,65,0,6,7,3679,0,78,53,1023,13,2,-19,0,0,474
18,0,0,0,0,75,Zach,Wilson,3515,81,0,2292,45,88,0,7,2,18,2,83,24,0,0,87,0,4,4,60,0,0,84,0,2,1015,83,23,15,18,0,8,63,0,4,0,0,0,0,0,26,12,100,0,0,2,3,65,0,0,2,0,4,2292,1,75,0,1,93,69,74,2,4030,66,0,1,100,57,61,70,62,0,0,0,0,5,20,65,18,16,9,7,0,0,0,0,0,8,1,5,8,3515,0,74,54,1023,10,2,-19,0,0,362
45,0,0,0,0,78,Trey,Lance,3410,84,0,2216,18,91,0,7,3,11,3,87,23,0,0,89,0,0,0,51,0,0,89,2,3,15,86,52,18,27,0,7,77,0,0,0,8,8,8,8,315,12,71,0,0,2,3,60,0,0,15,1,4,2216,0,0,0,1,91,71,82,2,3951,68,0,1,100,29,71,70,56,1,1,0,0,5,26,53,6,9,18,9,3,11,1,0,0,10,8,18,13,3410,0,76,64,1023,43,0,-19,0,0,376
18,0,0,0,0,79,Justin,Fields,1887,89,0,1108,18,95,0,7,4,1,4,93,24,0,0,94,0,0,0,32,0,0,93,1,11,1015,91,24,16,30,0,8,80,0,0,0,0,0,0,0,156,12,84,0,0,2,3,60,0,0,1,1,4,1108,0,90,0,1,91,76,84,2,37,59,8,1,100,19,65,84,65,5,5,0,0,3,22,62,15,25,20,9,5,30,0,0,0,10,10,23,11,1887,0,75,68,1023,35,2,-30,0,0,480
19,0,0,0,0,82,Mac,Jones,1558,86,0,868,29,80,0,7,5,22,5,80,25,0,0,91,0,0,0,28,0,0,81,0,15,1015,90,18,14,32,0,7,36,0,4,0,9,9,9,9,3,12,0,0,0,2,3,47,0,0,10,2,4,868,0,77,0,1,85,74,75,2,4145,68,0,1,100,41,60,74,73,1,1,7,7,0,20,66,9,11,18,8,6,16,0,0,0,55,3,8,7,1558,0,75,57,1023,10,2,-19,0,0,68
45,0,0,3,3,76,Kyle,Trask,553,79,0,136,38,80,0,7,7,6,7,70,25,0,0,87,0,4,4,33,0,0,78,0,32,1015,87,26,14,17,0,7,44,0,1,0,0,0,0,0,62,45,100,0,0,2,3,65,0,0,2,2,4,136,1,75,0,2,84,59,77,2,1404,62,0,1,100,48,57,64,61,0,0,0,0,1,18,61,33,15,26,10,4,3,0,0,0,35,7,34,11,553,0,77,76,1023,14,2,-19,0,0,81
45,0,0,0,0,73,Kellen,Mond,433,86,0,0,16,87,0,4,8,33,8,85,24,0,0,93,0,4,4,36,0,0,86,2,2,1009,93,28,18,22,0,8,68,8,0,0,0,0,0,0,215,45,0,0,0,2,3,5,0,0,7,1,4,0,3,85,0,3,88,62,78,2,4328,59,8,1,100,20,66,63,52,0,0,0,0,2,23,82,6,11,52,13,9,21,0,0,0,36,1,5,5,433,0,75,51,1023,23,1,-19,0,0,416
45,0,0,0,0,80,Davis,Mills,522,77,0,116,41,76,0,4,9,32,9,78,25,0,0,88,0,0,0,22,0,0,79,0,3,1015,88,19,14,16,0,8,38,0,1,0,0,0,0,0,200,45,0,2,3,2,3,54,0,0,10,2,4,116,0,73,0,3,87,67,77,2,4314,61,0,1,100,54,56,71,67,2,0,2,0,5,18,51,8,23,19,11,7,9,0,0,0,54,5,21,14,522,0,76,65,1023,10,2,-19,0,0,145
45,3,3,0,0,69,Sam,Ehlinger,361,86,0,12,14,79,0,7,10,10,10,78,25,0,0,90,0,4,4,69,0,0,82,0,34,1015,86,27,18,25,0,8,70,0,1,0,0,0,0,0,214,45,100,0,0,2,3,65,0,0,4,2,4,12,1,75,0,6,83,57,85,2,3659,65,0,1,100,18,67,59,56,0,0,0,0,4,24,69,23,4,30,10,14,20,0,0,0,64,9,18,12,361,0,73,62,1023,10,2,-19,0,0,130
45,0,0,0,0,71,Feleipe,Franks,242,78,0,0,53,85,0,7,12,33,12,84,26,0,1,88,0,4,4,74,0,0,78,0,63,1009,89,26,46,47,0,7,59,0,0,0,8,8,8,8,10,45,0,0,0,1,3,47,0,0,15,1,3,0,3,80,0,15,90,60,79,2,4853,66,0,1,100,61,65,54,58,0,0,0,0,4,22,67,10,5,41,12,10,5,0,4,0,6,8,18,10,242,0,78,74,1023,40,2,-19,0,0,359
45,0,0,3,3,70,Ian,Book,347,80,0,0,52,83,0,4,13,33,13,83,25,0,0,83,0,4,4,30,0,0,83,0,28,1009,91,23,17,24,0,7,57,0,2,0,0,0,0,0,152,45,100,0,0,2,3,65,0,0,19,1,4,0,1,75,0,4,82,56,79,2,4267,63,0,1,100,58,58,55,44,0,0,0,0,2,19,68,43,6,30,9,12,18,0,0,0,42,5,6,10,347,0,72,46,1023,31,1,-19,0,0,252
45,0,0,0,0,73,Shane,Buechele,0,76,0,0,21,77,0,5,15,1009,15,75,25,0,0,86,0,4,4,32,0,0,72,0,63,1009,89,19,20,24,0,8,37,0,2,0,0,0,0,0,192,45,100,0,0,0,3,65,0,0,6,2,0,0,1,75,0,15,82,52,74,2,4051,63,0,1,100,24,51,59,53,0,0,0,0,3,24,63,34,26,28,11,11,28,0,0,0,33,3,5,10,0,0,72,50,1023,10,2,-19,0,0,267
23,5,5,5,5,40,Travis,Etienne,1289,88,0,672,17,94,0,4,17,17,17,93,24,0,0,88,0,4,4,69,0,0,89,2,25,1015,87,34,52,34,0,7,84,0,0,0,0,0,0,0,38,12,100,0,0,2,1,65,0,0,1,1,4,672,1,75,0,1,49,84,84,2,4012,86,0,1,100,19,70,88,84,0,0,0,0,5,25,66,34,47,45,10,28,42,0,1,1,60,5,8,12,1289,0,70,55,1023,79,2,-19,0,0,384
45,7,7,7,7,10,Javonte,Williams,886,88,0,380,14,91,0,7,18,4,18,88,23,0,0,88,0,0,0,70,0,0,85,2,3,1015,88,35,60,52,0,7,96,0,0,0,0,0,0,0,135,21,70,0,0,2,3,16,0,0,33,0,4,380,0,70,0,2,32,82,87,2,992,90,0,1,100,18,80,91,79,0,0,0,0,1,30,71,16,30,40,12,35,25,0,1,1,1,2,8,7,886,0,70,60,1023,42,2,-19,0,0,400
45,7,7,7,7,37,Najee,Harris,1304,96,0,684,15,91,0,10,19,29,19,88,25,0,0,93,0,4,4,73,0,0,85,2,24,1015,95,44,54,50,0,7,86,0,0,0,0,0,0,0,3,12,100,0,0,2,1,65,0,0,22,0,4,684,1,75,0,1,43,83,94,2,4282,94,0,1,100,18,83,89,82,6,6,6,6,5,30,75,2,2,11,13,8,19,1,1,1,22,8,32,10,1304,0,73,72,1023,53,2,-19,0,0,374
45,5,5,5,5,31,Michael,Carter,428,87,0,80,16,86,1,5,20,18,20,88,24,0,0,84,0,4,4,71,0,0,89,2,2,1015,88,27,51,33,0,8,79,0,0,0,0,0,0,0,135,45,0,0,0,2,3,5,0,0,32,1,4,80,2,0,0,4,39,75,82,2,4033,89,0,1,100,20,66,82,73,0,0,0,0,3,23,85,38,39,47,8,48,36,0,1,1,19,3,12,8,428,0,68,41,1023,80,2,-19,0,0,386
45,7,7,5,5,30,Trey,Sermon,418,82,0,0,16,93,0,7,21,33,21,86,24,0,0,78,0,4,4,67,0,0,86,2,24,1009,79,34,54,51,0,8,78,0,0,0,0,0,0,0,156,45,100,0,0,2,1,65,0,0,38,1,4,0,1,75,0,3,37,67,89,2,3952,90,0,1,100,23,78,78,61,0,0,0,0,2,29,77,28,48,32,9,14,14,0,1,1,35,4,7,11,418,0,72,55,1023,38,1,-19,0,0,457
45,0,0,0,0,20,Rhamondre,Stevenson,422,85,0,72,18,88,0,10,22,22,22,89,25,0,0,86,0,0,0,73,0,0,83,2,15,1015,89,41,61,55,0,8,86,0,0,0,0,0,0,0,157,45,0,0,0,2,3,51,0,0,38,1,4,72,0,82,0,4,32,80,79,2,4152,91,0,1,100,20,79,87,79,0,0,0,0,5,28,60,0,0,20,10,0,0,0,1,1,0,10,26,10,422,0,72,70,1023,45,2,-19,0,0,32
45,7,7,7,7,25,Jermar,Jefferson,87,83,0,0,17,90,0,7,23,33,23,86,23,0,0,84,0,3,3,69,0,0,82,2,29,1015,87,28,50,27,0,7,73,0,0,0,0,0,0,0,161,45,67,0,0,1,3,15,0,0,28,1,1,0,0,79,0,7,35,65,80,2,4050,84,0,1,100,20,60,76,70,5,5,5,5,4,20,76,25,37,41,9,25,29,1,1,1,36,2,5,5,87,1,70,52,1023,65,2,-19,0,0,140
45,6,6,6,6,15,Larry,Rountree III,94,82,0,0,12,83,3,4,24,33,24,85,25,0,1,91,0,4,4,64,0,0,85,2,14,1009,91,34,51,37,0,7,73,0,0,0,0,0,0,0,122,45,100,0,0,1,3,1,0,0,34,1,1,0,0,83,0,6,26,65,77,2,2996,90,0,1,100,15,72,76,70,2,2,2,2,2,26,86,10,25,22,8,0,19,2,1,1,10,2,13,9,94,0,71,50,1023,65,2,-19,0,0,55
45,5,5,5,5,33,Kenneth,Gainwell,381,84,0,32,45,87,0,5,25,13,25,90,24,0,0,85,0,0,0,68,0,0,86,2,6,1015,90,30,57,32,0,8,80,0,0,0,0,0,2,2,114,23,0,0,3,2,3,9,1,0,14,1,4,32,0,67,0,5,47,76,84,2,3720,91,0,1,100,47,70,83,75,3,3,3,3,0,24,89,32,30,12,7,37,7,0,1,1,13,4,8,5,381,0,69,40,1023,64,2,-19,0,0,411
45,4,4,4,0,16,Khalil,Herbert,361,83,0,12,12,88,2,4,26,1,26,89,25,0,0,77,0,4,4,66,0,0,87,2,33,1015,87,31,57,35,0,7,83,0,0,0,2,2,0,0,241,45,0,0,0,2,3,49,0,0,24,1,4,12,0,80,0,6,37,77,81,2,51,95,0,1,100,18,73,85,74,3,3,0,0,1,26,84,30,44,28,7,3,29,0,1,1,6,4,8,10,361,0,69,52,1023,85,2,-19,0,0,44
45,4,4,4,4,20,Chuba,Hubbard,419,88,0,68,17,91,1,4,28,21,28,90,24,0,0,83,0,0,0,67,0,0,88,2,21,1015,90,32,54,42,0,7,77,0,0,0,0,0,0,0,158,23,0,0,0,2,3,1,0,0,30,1,4,68,0,68,0,4,31,75,86,2,4120,87,0,1,100,22,70,81,73,5,5,5,5,2,25,64,14,30,22,9,15,33,0,1,1,34,2,11,12,419,1,73,50,1023,76,2,-19,0,0,73
45,0,0,0,0,30,Robbie,Gould,0,75,0,0,88,49,0,6,29,1009,29,56,41,0,0,65,2,4,4,15,0,0,51,0,63,1009,90,23,16,20,0,8,17,0,2,0,0,0,0,0,164,45,87,2,2,0,3,0,0,0,9,0,0,0,1,0,0,15,29,81,27,18,3378,40,0,1,100,93,25,83,72,0,0,0,0,3,2,72,10,5,20,9,10,5,0,19,19,5,1,10,7,0,0,72,30,999,10,6,-31,0,0,150
45,5,5,5,5,15,Jaret,Patterson,176,84,0,0,12,90,0,7,30,33,30,86,24,0,0,84,0,4,4,66,0,0,83,2,63,1009,90,37,45,35,0,7,75,0,0,0,0,0,0,0,24,45,0,0,0,1,3,13,0,0,32,2,2,0,3,85,0,15,24,66,74,2,4161,79,0,1,100,19,61,74,66,0,0,0,0,2,20,92,37,24,53,12,17,43,0,1,1,24,1,5,8,176,0,67,35,1023,55,2,-19,0,0,248
45,7,7,6,6,14,Trey,Ragas,0,82,0,0,15,86,0,5,33,33,33,85,27,0,0,85,1,4,4,60,0,0,79,2,63,1009,86,38,43,49,0,8,80,0,0,0,0,0,0,0,228,45,100,0,0,0,1,65,0,0,32,2,0,0,1,75,0,15,29,59,81,2,4918,86,0,1,100,17,70,72,49,0,0,0,0,29,36,27,54,49,56,29,24,13,0,1,1,52,31,7,45,0,0,70,54,1023,45,1,-19,0,0,368
45,5,5,5,5,36,Deon,Jackson,94,81,0,0,13,93,1,4,34,10,34,91,24,0,1,82,0,0,0,70,0,0,79,2,63,1009,92,25,53,34,0,7,78,0,0,0,4,4,4,4,52,45,100,0,0,1,3,51,0,0,35,1,1,0,0,82,0,15,43,64,86,2,4126,82,0,1,100,17,66,79,68,5,5,5,5,1,23,84,0,0,20,10,0,0,1,1,1,0,0,7,11,94,0,72,58,1023,69,2,-19,0,0,240
45,7,7,7,7,20,Kylin,Hill,0,83,0,0,19,90,3,1,35,33,35,87,25,0,0,83,0,6,6,64,0,0,81,2,28,1015,83,29,45,31,0,7,75,0,1,0,0,0,0,0,121,45,37,0,0,0,3,30,0,0,32,1,0,0,0,20,0,7,33,66,88,2,4077,91,0,1,100,11,71,77,67,2,2,2,2,2,26,64,10,24,22,9,25,39,0,1,1,22,0,10,9,0,0,70,55,1023,40,2,-19,0,0,188
45,5,5,6,6,17,Kene,Nwangwu,423,82,0,76,15,95,0,4,36,33,36,94,25,0,0,80,0,4,4,61,0,0,88,2,14,1015,88,29,45,33,0,7,74,0,0,0,0,0,0,0,90,11,100,0,0,2,3,65,0,0,26,1,4,76,1,75,0,4,31,69,86,2,4330,84,0,1,100,17,68,78,65,0,0,0,0,0,24,70,56,38,15,13,8,41,0,1,1,2,5,5,7,423,0,73,50,1023,90,2,-19,0,0,465
45,5,5,6,6,15,Chris,Evans,365,84,0,16,16,92,0,2,40,2,40,88,26,0,0,85,0,4,4,68,0,0,88,2,18,1015,90,33,47,31,0,7,72,0,0,0,0,0,0,0,117,45,100,0,0,2,1,65,0,0,25,1,4,16,1,75,0,6,29,68,90,2,272,82,0,1,100,20,67,75,64,0,0,0,0,4,24,91,44,42,37,8,11,7,0,1,1,45,5,8,7,365,0,71,55,1023,60,2,-19,0,0,317
45,6,6,5,5,15,Spencer,Brown,0,85,0,0,16,90,0,0,41,1009,41,85,25,0,0,86,0,4,4,64,0,0,78,2,63,1009,88,43,50,38,0,8,75,0,0,0,0,0,0,0,224,45,100,0,0,0,3,65,0,0,41,2,0,0,1,75,0,15,27,61,84,2,871,89,0,1,100,20,72,74,61,0,0,0,0,29,43,28,58,28,12,19,35,51,0,1,1,46,39,6,44,0,0,72,60,1023,45,2,-19,0,0,60
45,5,5,7,7,17,Eli,Mitchell,366,90,0,16,19,91,0,7,42,15,42,90,25,0,0,81,0,4,4,69,0,0,86,2,10,1015,84,27,52,36,0,7,84,0,0,0,0,0,0,0,228,23,100,0,0,2,3,65,0,0,25,1,4,16,1,75,0,6,27,80,88,2,3968,95,0,1,100,20,71,88,78,0,0,0,0,3,26,81,51,47,13,8,24,3,0,1,1,9,5,12,5,366,0,70,40,1023,76,2,-19,0,0,453
45,0,0,0,0,15,Jake,Funk,0,80,0,0,15,91,0,9,43,1009,43,89,25,0,0,82,0,0,0,62,0,0,84,0,5,1015,83,42,50,34,0,7,73,0,2,0,0,0,0,0,111,45,0,0,0,0,3,51,0,0,34,1,0,0,0,82,0,7,28,65,85,2,4193,86,0,1,100,20,69,53,61,0,0,0,0,5,24,69,0,0,20,13,0,0,0,2,1,0,4,10,7,0,0,70,45,1023,60,1,-19,0,0,164
45,7,7,6,6,23,Gary,Brightwell,365,83,0,16,14,88,0,10,44,16,44,86,24,0,0,85,0,4,4,59,0,0,82,2,12,1015,90,37,47,38,0,8,76,0,0,0,0,0,0,0,8,45,100,0,0,2,1,65,0,0,23,1,4,16,1,75,0,6,36,65,83,2,3998,84,0,1,100,19,73,74,66,0,0,0,0,2,26,78,27,50,28,9,10,62,0,1,1,8,4,12,10,365,0,73,58,1023,75,2,-19,0,0,407
45,5,5,6,6,31,Josh,Johnson,0,83,0,0,28,87,0,10,46,33,46,87,26,0,0,86,0,4,4,73,0,0,82,2,63,1009,83,25,28,33,0,8,68,0,0,0,0,0,0,0,229,45,100,0,0,0,3,65,0,0,34,2,0,0,1,75,0,15,34,66,83,2,875,72,0,1,100,25,70,64,40,0,0,0,0,4,43,40,3,42,46,59,6,62,0,1,1,2,11,29,39,0,0,69,49,1023,54,1,-19,0,0,480
45,7,7,5,5,15,Caleb,Huntley,157,79,0,0,18,86,0,1,47,33,47,83,25,0,0,78,0,4,4,59,0,0,83,2,63,1009,85,41,51,35,0,8,76,0,2,0,0,0,0,0,16,45,100,0,0,1,3,65,0,0,42,1,2,0,1,75,0,15,26,64,85,2,4854,86,0,1,100,21,66,74,68,0,0,0,0,0,23,65,37,56,51,9,21,25,0,1,1,64,6,29,11,157,0,70,69,1023,40,2,-19,0,0,335
45,5,5,6,6,15,Gerrid,Doaks,75,80,0,0,11,91,0,7,54,33,54,86,25,0,0,79,0,4,4,63,0,0,79,2,16,1015,84,32,51,41,0,7,75,0,2,0,0,0,0,0,36,45,100,0,0,1,3,65,0,0,28,0,1,0,1,75,0,7,24,61,87,2,3705,83,0,1,100,14,74,73,62,0,0,0,0,0,27,74,33,38,23,11,5,27,0,1,1,8,4,26,10,75,0,71,68,1023,25,1,-19,0,0,127
45,5,5,5,5,23,Nate,Mccrary,185,83,0,0,11,93,0,4,55,33,55,89,24,0,0,71,0,4,4,65,0,0,89,2,63,1009,90,35,53,46,0,8,70,0,0,0,0,0,0,0,274,45,100,0,0,2,3,65,0,0,48,2,2,0,1,75,0,15,28,62,82,2,4935,82,0,1,100,15,73,72,51,0,0,0,0,19,17,28,26,49,52,21,1,26,0,1,1,36,28,44,24,185,0,72,53,1023,53,1,-19,0,0,73
45,7,7,7,7,6,Al,Woods,0,78,0,0,22,70,0,4,58,18,58,67,36,0,0,85,2,4,4,37,0,0,64,2,25,1009,89,86,45,45,0,8,10,0,0,0,0,0,0,0,106,40,43,0,0,1,3,9,0,0,96,1,1,15,3,84,0,4,20,77,88,13,1074,25,0,1,100,19,93,83,78,3,3,3,3,10,36,38,23,58,28,13,22,23,0,12,10,47,16,41,28,109,0,76,170,999,10,0,-19,0,0,416
45,3,3,5,5,26,Leonard,Johnson,269,80,0,0,21,85,0,7,59,33,59,80,26,0,0,69,0,4,4,63,0,0,93,2,63,1009,59,65,11,32,0,8,15,0,0,0,0,0,0,0,52,45,100,0,0,3,3,65,0,0,35,2,3,0,1,75,0,15,12,98,72,1,4341,70,0,1,100,18,47,60,50,0,0,0,0,4,8,30,39,37,9,49,27,35,0,16,16,5,2,6,11,269,0,72,34,1023,46,0,-19,0,0,60
45,5,5,6,6,10,Ben,Mason,0,80,0,0,15,80,0,4,61,1009,61,81,24,0,0,79,0,4,4,67,0,0,83,0,40,1015,82,68,59,59,0,8,51,0,2,0,0,0,0,0,117,45,100,0,0,0,1,65,0,0,38,1,0,0,1,75,0,5,28,67,87,2,4389,72,0,1,100,22,81,57,53,0,0,0,0,5,30,56,57,12,29,9,6,46,0,2,2,15,5,38,25,0,0,75,96,1023,30,1,-19,0,0,353
45,6,6,7,7,6,John,Raine,75,81,0,0,14,72,0,0,62,33,62,71,25,0,0,72,0,4,4,74,0,0,73,2,63,1009,90,35,61,57,0,8,59,0,4,0,0,0,0,0,151,45,100,0,0,1,3,65,0,0,41,1,1,0,1,75,0,15,24,56,77,2,4857,73,0,1,100,15,69,60,61,0,0,0,0,0,24,67,28,42,45,13,20,37,0,2,2,47,3,27,12,75,0,73,70,1023,30,2,-19,0,0,281
35,3,3,7,7,15,Ja'Marr,Chase,3081,94,0,1976,17,93,0,7,63,2,63,94,23,0,0,88,0,4,4,94,0,0,89,2,5,1015,92,34,37,56,0,8,85,0,0,0,0,0,0,0,106,45,100,0,0,2,1,65,0,0,1,2,4,1976,1,75,0,1,33,94,98,2,299,71,0,1,100,24,73,90,98,0,0,0,0,2,26,78,1,42,48,8,10,22,0,3,3,66,5,6,6,3081,0,72,41,1023,60,2,-19,0,0,411
35,2,2,2,2,19,DeVonta,Smith,2014,92,0,1200,15,94,3,4,64,13,64,91,25,0,0,87,0,0,0,94,0,0,91,2,10,1015,89,36,31,45,0,7,73,0,0,0,0,0,0,0,3,45,30,0,0,2,3,60,0,0,6,2,4,1200,0,0,0,1,31,87,89,2,3727,72,0,1,100,18,49,85,90,0,0,0,0,3,14,80,10,16,15,11,0,21,0,3,3,10,1,6,0,2014,0,72,10,1023,82,2,-19,0,0,352
36,7,7,7,7,23,Jaylen,Waddle,2708,89,0,1704,16,97,0,10,65,12,65,98,25,0,0,85,0,3,3,86,0,0,97,2,6,1015,88,29,32,46,0,8,80,0,0,0,0,0,0,0,3,12,94,0,0,2,3,36,0,0,17,2,4,1704,0,80,0,1,34,88,90,2,3706,75,0,1,100,19,57,84,87,0,0,0,0,3,18,87,10,15,3,11,10,17,2,3,3,23,3,0,3,2708,0,70,22,1023,84,2,-19,0,0,453
45,1,1,1,1,10,Elijah,Moore,699,87,0,0,13,91,2,7,66,5,66,92,23,0,1,86,0,0,0,87,0,0,92,2,2,18,86,24,27,44,0,7,75,0,0,0,0,0,4,4,159,45,73,0,0,2,3,0,0,0,8,2,4,0,3,95,0,2,36,79,84,2,4037,76,0,1,100,16,59,77,78,5,5,5,5,1,20,78,10,5,20,10,10,5,1,3,3,4,4,4,5,699,0,70,18,1023,77,0,-19,0,0,345
45,7,7,7,7,45,Kadarius,Toney,770,85,0,0,22,95,0,10,67,9,67,93,24,0,0,79,0,4,4,84,0,0,93,2,20,16,77,27,28,44,0,8,78,0,1,0,4,4,4,4,62,12,0,0,0,2,3,53,0,0,19,2,4,0,3,70,0,1,54,81,88,2,4001,74,0,1,100,25,61,76,76,5,5,5,5,2,18,93,20,13,37,11,1,25,0,3,3,13,3,10,6,770,1,72,33,1023,82,1,-19,0,0,430
45,4,4,4,4,15,Terrace,Marshall Jr.,572,84,0,152,15,89,1,7,68,21,68,91,23,0,0,82,0,1,1,84,0,0,84,2,27,1015,87,27,32,58,0,8,78,8,0,0,0,0,0,0,106,45,0,0,0,2,3,6,0,0,88,2,4,152,0,91,0,2,26,73,91,2,4124,74,0,1,100,19,67,74,76,5,5,5,5,1,24,84,9,30,16,11,8,22,1,3,3,1,5,8,7,572,0,74,40,1023,45,2,-19,0,0,400
45,4,4,4,4,36,Rondale,Moore,692,84,0,240,20,92,0,3,69,7,69,94,23,0,0,78,0,6,6,86,0,0,92,2,17,1015,84,25,32,49,0,8,79,0,0,0,0,0,0,0,169,45,95,0,0,2,3,12,0,0,4,2,4,240,0,80,0,2,41,80,87,2,1776,74,0,1,100,23,66,77,77,0,0,0,0,5,23,92,24,12,49,7,13,10,0,3,3,39,5,2,4,692,0,67,20,1023,77,2,-19,0,0,275
36,7,7,7,7,10,Rashod,Bateman,1259,87,0,652,20,92,0,4,70,25,70,92,24,0,0,90,0,0,0,84,0,0,87,2,27,1015,84,29,36,47,0,7,77,0,0,0,0,0,0,0,120,12,25,0,0,2,1,13,0,0,7,2,4,652,0,83,0,1,28,79,89,2,4219,74,0,1,100,22,60,77,82,0,0,0,0,2,20,93,10,18,15,9,0,23,0,3,3,10,3,7,8,1259,0,73,37,1023,50,2,-19,0,0,424
45,4,4,4,4,31,Amari,Rodgers,0,84,0,0,20,87,0,7,71,1009,71,89,24,0,0,91,0,0,0,83,0,0,84,2,21,1009,88,33,37,50,0,8,76,0,0,0,5,5,5,5,38,45,20,0,0,0,3,60,1,0,3,2,0,0,0,0,0,3,52,69,82,2,4079,70,0,1,100,23,65,69,71,0,0,0,0,2,22,91,10,21,15,11,0,26,0,3,3,10,0,7,10,0,0,69,52,1023,69,1,-19,0,0,388
45,7,7,7,7,25,Nico,Collins,487,84,0,88,15,91,0,7,72,32,72,90,24,0,0,83,0,0,0,86,0,0,89,2,25,1015,90,26,35,49,0,7,74,0,0,0,0,0,0,0,117,45,100,2,2,2,3,47,0,0,12,2,4,88,0,50,0,3,39,72,91,2,4317,75,0,1,100,22,67,72,68,0,0,0,0,3,24,84,19,7,9,13,19,6,3,3,3,32,3,10,8,487,0,76,55,1023,40,2,-19,0,0,461
37,0,0,0,0,15,Amon-Ra,St. Brown,426,92,0,80,14,90,0,7,73,19,73,89,24,0,0,85,0,0,0,97,0,0,90,2,7,1015,90,34,30,47,0,8,75,0,0,0,0,0,0,0,231,2,2,2,1,2,3,45,0,0,14,2,4,80,0,95,0,4,32,87,91,2,4057,73,0,1,100,20,67,87,92,0,2,0,0,3,24,70,8,18,16,11,0,17,0,3,3,47,0,7,8,426,0,72,42,1023,74,2,-19,0,0,221
45,5,5,4,4,37,Cornell,Powell,0,80,0,0,15,90,0,5,74,1009,74,88,26,0,0,84,0,4,4,81,0,0,83,2,37,1009,90,30,41,53,0,7,70,0,0,0,0,0,0,0,38,45,100,0,0,0,3,65,0,0,14,2,0,0,1,75,0,5,53,67,87,2,3829,74,0,1,100,19,61,68,69,0,0,0,0,1,21,80,50,31,19,12,27,30,0,3,3,77,4,9,11,0,0,72,45,1023,74,2,-19,0,0,285
45,2,2,3,3,10,Tylan,Wallace,416,83,0,68,22,92,0,7,75,25,75,89,24,0,0,80,0,4,4,81,0,0,90,2,26,1015,85,40,36,51,0,8,75,0,0,0,0,0,0,0,158,45,100,0,0,2,3,65,0,0,16,2,4,68,1,75,0,4,27,69,88,2,4223,71,0,1,100,20,64,70,70,0,0,0,0,2,22,87,32,39,10,8,13,26,0,3,3,29,3,11,5,416,0,71,38,1023,68,2,-19,0,0,458
45,6,6,5,5,15,Josh,Palmer,503,86,0,100,13,90,0,4,76,8,76,88,24,0,0,89,0,4,4,88,0,0,84,2,13,1015,92,26,28,41,0,7,77,0,0,0,0,0,0,0,211,45,100,0,0,2,3,65,0,0,5,2,4,100,1,75,0,3,28,78,88,2,3022,75,0,1,100,18,65,77,82,0,0,0,0,4,22,73,47,27,12,10,17,19,0,3,3,59,2,9,12,503,0,73,50,1023,55,2,-19,0,0,244
45,5,5,2,2,22,Cade,Johnson,0,80,0,0,19,90,0,7,77,1009,77,89,25,0,0,82,0,4,4,77,0,0,87,2,63,1009,86,24,30,43,0,7,63,0,0,0,0,0,0,0,177,45,100,0,0,0,3,65,0,0,88,2,0,0,1,75,0,15,30,64,84,2,4968,63,0,1,100,23,55,60,57,0,0,0,0,31,17,62,50,9,32,38,9,18,0,3,3,21,3,10,27,0,0,70,24,1023,73,2,-19,0,0,407
45,4,4,4,4,32,Dyami,Brown,493,83,0,96,13,92,0,1,78,26,78,91,24,0,0,84,0,4,4,80,0,0,88,2,18,1015,89,37,25,46,0,7,75,0,1,0,2,2,0,0,135,45,51,0,0,2,3,47,1,0,2,2,4,96,3,70,0,3,51,71,85,2,4244,75,0,1,100,17,63,69,68,3,3,5,5,1,22,91,3,18,28,9,3,10,0,3,3,70,4,11,7,493,0,72,35,1023,60,2,-19,0,0,262
45,0,0,0,0,10,Beau,Brinkley,0,71,0,0,26,73,0,7,79,33,79,71,33,0,0,75,2,4,4,56,0,0,74,0,63,1009,90,60,60,49,0,8,20,8,2,0,7,7,7,7,122,45,0,5,5,0,3,15,0,0,44,2,0,0,1,60,0,15,25,34,81,11,2790,69,0,1,100,19,69,38,45,0,0,0,0,6,24,40,19,33,23,9,24,0,0,7,4,109,9,33,21,0,0,76,100,999,10,1,-19,0,0,450
45,4,4,5,5,10,D'Wayne,Eskridge,595,81,0,168,13,93,0,2,83,33,83,92,26,0,0,78,0,4,4,79,0,0,87,2,24,1015,79,40,31,43,0,7,71,0,0,0,0,0,0,0,246,45,100,0,0,2,3,65,0,0,1,2,4,168,1,75,0,2,22,72,84,2,4278,71,0,1,100,19,58,70,72,0,0,0,0,0,19,80,16,22,22,13,10,20,0,3,3,82,0,6,9,595,0,69,30,1023,81,2,-19,0,0,188
45,2,2,2,2,10,Tre,Nixon,75,82,0,0,20,91,1,4,84,33,84,91,25,0,0,78,0,4,4,78,0,0,89,2,14,1015,87,31,29,44,0,8,69,0,0,0,2,2,0,0,225,45,64,0,0,1,3,45,0,0,82,2,1,0,0,30,0,7,29,66,83,2,4399,73,0,1,100,20,62,67,67,3,3,0,0,2,20,73,27,33,3,11,4,12,0,3,3,70,2,7,10,75,1,72,20,1023,60,2,-19,0,0,126
45,4,4,4,4,6,Carlos,Dunlap II,0,76,0,0,10,81,0,4,86,33,86,78,34,0,0,65,2,4,4,49,0,0,80,2,22,2,91,85,45,45,0,8,31,0,0,0,9,9,9,9,62,45,41,0,0,0,3,26,0,0,8,2,0,0,3,85,0,2,10,75,81,13,598,41,0,1,100,8,79,83,80,4,4,4,4,10,30,47,19,46,25,11,23,11,1,11,10,7,10,45,25,0,0,78,117,999,10,3,-19,0,0,460
45,2,2,7,7,10,Anthony,Schwartz,486,81,0,88,14,95,0,7,87,33,87,96,23,0,0,76,0,4,4,78,0,0,86,2,27,1015,86,28,27,38,0,8,70,0,0,0,0,0,0,0,14,45,100,0,0,2,3,65,0,0,10,2,4,88,1,75,0,3,21,68,78,2,1295,67,0,1,100,18,52,66,63,0,0,0,0,1,16,84,48,48,51,13,28,22,0,3,3,68,0,7,5,486,0,72,26,1023,45,2,-19,0,0,243
45,0,0,0,0,33,Shi,Smith,365,82,0,16,17,90,0,4,88,33,88,91,25,0,0,85,0,0,0,80,0,0,90,2,20,1015,90,36,27,39,0,7,71,0,0,0,0,0,0,0,176,45,29,0,0,2,3,75,0,0,12,2,4,16,0,75,0,6,50,70,86,2,4125,74,0,1,100,23,60,69,69,0,0,0,0,0,20,87,0,0,45,12,0,0,0,3,3,0,2,12,5,365,0,70,30,1023,76,2,-19,0,0,245
40,5,5,5,5,6,Geno,Atkins,0,84,0,0,20,83,0,4,89,33,89,77,35,0,0,80,2,7,7,25,0,0,70,2,22,1015,84,83,45,45,0,8,25,0,0,0,0,0,0,0,70,2,38,1,1,0,3,27,0,1,97,0,0,0,3,48,0,4,25,78,76,13,377,40,0,1,100,20,90,85,80,0,0,0,0,45,35,26,24,34,32,11,27,35,0,12,12,87,40,32,22,0,0,73,140,999,10,12,-19,0,0,69
45,5,5,5,5,31,Demetric,Felton Jr,364,85,0,16,10,90,0,3,90,33,90,89,25,0,0,83,0,4,4,71,0,0,87,2,27,1015,89,40,46,39,0,7,74,0,0,0,2,2,0,0,226,45,0,0,0,2,3,45,0,0,25,1,4,16,2,85,0,6,38,70,79,2,1235,89,0,1,100,16,60,59,66,5,5,5,5,4,20,90,1,22,22,8,1,40,0,2,1,9,5,9,3,364,0,69,29,1023,77,2,-19,0,0,187
45,7,7,2,2,10,Jacob,Harris,0,80,0,0,19,89,0,7,91,1009,91,90,26,0,0,79,0,4,4,73,0,0,87,2,36,1015,82,53,55,56,0,7,49,0,2,0,0,0,0,0,225,45,100,0,0,0,3,65,0,0,83,1,0,0,1,75,0,4,21,59,90,2,4207,73,0,1,100,15,67,61,63,0,0,0,0,0,24,65,37,44,54,8,27,26,0,3,3,38,0,10,8,0,0,77,55,1023,58,0,-19,0,0,90
45,5,5,6,6,10,Kawaan,Baker,75,82,0,0,13,93,0,7,92,33,92,91,25,0,0,86,0,4,4,78,0,0,79,2,27,1015,91,31,29,43,0,8,74,0,0,0,0,0,0,0,379,45,100,0,0,1,3,65,0,0,15,2,1,0,1,75,0,7,25,62,90,2,4269,73,0,1,100,18,69,61,53,0,0,0,0,17,51,61,1,23,23,9,17,2,0,3,3,64,9,24,7,75,0,73,50,1023,80,2,-19,0,0,498
4,2,2,2,2,6,Andre,Smith,0,76,0,0,29,61,0,7,93,33,93,56,36,0,0,90,2,4,4,23,0,0,53,2,6,1009,86,14,67,70,0,8,8,5,0,0,0,0,0,0,3,45,0,0,0,0,3,3,0,0,0,0,0,0,3,86,0,1,16,64,64,14,1657,40,0,1,100,14,84,61,75,3,3,3,3,9,32,31,16,43,28,8,22,37,0,9,9,2,21,39,25,0,0,76,165,999,10,2,-19,0,0,386
45,0,0,0,0,30,Kevin,Huber,0,90,0,0,70,68,0,7,96,1009,96,66,38,0,0,50,2,4,4,31,0,0,61,0,6,1009,95,22,19,22,0,7,9,0,4,0,0,0,0,0,36,45,69,2,2,0,3,49,1,0,10,0,0,0,1,92,0,5,42,72,39,14,758,35,0,1,100,89,55,73,63,0,0,0,0,0,18,86,41,20,38,7,12,15,0,20,20,49,0,5,7,0,0,73,50,999,10,14,-19,0,0,72
45,6,6,7,7,10,Marquez,Stevenson,87,81,0,0,15,90,0,4,97,33,97,91,25,0,0,76,0,4,4,79,0,0,88,2,19,1009,85,23,26,38,0,8,71,0,0,0,0,0,0,0,80,45,100,0,0,1,3,65,0,0,80,2,1,0,1,75,0,6,26,69,82,2,612,70,0,1,100,21,54,66,65,0,0,0,0,5,17,90,6,41,29,13,27,12,0,3,3,37,0,4,9,87,0,70,22,1023,83,0,-19,0,0,302
45,5,5,2,2,10,Racey,Mcmath,0,79,0,0,16,89,0,1,98,1009,98,92,24,0,0,79,0,4,4,78,0,0,79,2,21,1015,86,35,34,45,0,7,72,0,0,0,0,0,0,0,106,45,100,0,0,0,3,65,0,0,15,2,0,16,1,75,0,6,27,64,81,2,4350,73,0,1,100,22,59,64,64,0,0,0,0,4,20,64,12,8,30,12,8,16,0,3,3,39,3,6,6,0,0,75,57,1023,45,2,-19,0,0,67
45,2,2,6,6,10,Ben,Skowronek,356,82,0,8,19,89,0,7,103,24,103,86,26,0,0,83,0,4,4,88,0,0,80,2,21,1015,86,45,39,54,0,8,73,0,1,0,0,0,0,0,152,45,100,0,0,2,3,65,0,0,18,2,4,8,1,75,0,7,30,70,88,2,4200,73,0,1,100,15,68,72,74,0,0,0,0,4,21,61,47,51,21,8,26,1,0,3,3,6,9,24,10,356,0,75,64,1023,55,2,-19,0,0,91
45,4,4,7,7,42,Ihmir,Smith-Marsett,89,81,0,0,12,92,0,4,104,21,104,90,24,0,0,82,0,4,4,78,0,0,83,2,13,1009,89,45,24,47,0,7,71,0,0,0,0,0,0,0,89,45,100,0,0,1,1,65,0,0,11,2,1,0,1,75,0,5,63,67,87,2,4393,71,0,1,100,18,54,64,62,0,0,0,0,0,17,93,13,32,35,8,3,11,0,3,3,44,0,8,1,94,0,73,25,1023,83,1,-19,0,0,303
45,7,7,4,4,26,Seth,Williams,0,83,0,0,45,87,0,7,105,1009,105,89,23,0,0,80,0,4,4,78,0,0,78,2,35,1009,88,30,31,46,0,7,75,0,0,0,0,0,0,0,14,45,100,0,0,0,3,65,0,0,81,2,0,0,1,75,0,6,46,63,90,2,1043,71,0,1,100,50,63,61,56,0,0,0,0,0,22,69,27,3,55,9,8,36,0,3,3,77,4,8,5,0,0,75,60,1023,50,1,-19,0,0,317
45,3,3,5,5,32,Jaelon,Darden,0,83,0,0,18,92,0,4,106,1009,106,91,24,0,0,81,0,4,4,82,0,0,91,2,24,1009,88,25,31,42,0,7,72,0,0,0,0,0,0,0,148,45,100,0,0,0,3,65,0,0,16,2,0,0,1,75,0,4,48,69,84,2,1461,76,0,1,100,21,52,66,58,0,0,0,0,5,16,80,25,27,18,13,4,27,0,3,3,56,5,0,2,0,0,68,14,1023,75,1,-19,0,0,275
45,6,6,2,2,10,Jalen,Camp,94,81,0,0,39,92,0,5,108,33,108,89,25,0,0,77,0,4,4,80,0,0,83,2,25,1009,86,32,41,52,0,8,68,0,0,0,0,0,0,0,71,45,100,0,0,1,3,65,0,0,17,2,1,0,1,75,0,6,29,63,89,2,4015,74,0,1,100,43,73,65,63,0,0,0,0,0,7,32,23,31,51,27,11,25,0,3,3,52,4,44,24,94,0,74,60,1023,55,2,-19,0,0,283
45,4,4,7,7,10,Dazz,Newsome,87,85,0,0,16,85,0,7,109,33,109,87,24,0,0,87,0,4,4,78,0,0,81,2,37,1015,88,27,30,45,0,7,75,0,0,0,0,0,0,0,135,45,100,0,0,1,3,65,0,0,84,2,1,0,1,75,0,6,24,66,81,2,67,72,0,1,100,20,56,64,68,0,0,0,0,1,18,75,47,40,14,7,15,18,0,3,3,78,2,7,6,87,0,70,30,1023,81,1,-19,0,0,282
36,7,7,7,7,32,Kyle,Pitts,3291,88,0,2128,14,93,2,5,111,14,111,91,23,0,0,90,0,4,4,88,0,0,81,2,4,1015,90,41,62,57,0,7,63,8,0,0,0,0,0,0,62,12,0,0,0,2,3,40,0,0,8,1,4,2128,0,0,0,1,48,87,92,2,3751,78,0,1,100,18,71,86,89,7,7,7,7,3,26,68,2,13,31,13,18,16,0,4,4,20,4,28,21,3291,0,78,86,1023,37,2,-19,0,0,407
45,3,3,3,3,15,Pat,Freiermuth,602,89,0,172,62,83,0,7,112,29,112,83,25,0,1,86,0,4,4,95,0,0,77,0,23,1015,91,58,64,61,0,8,67,0,2,0,0,0,1,1,164,37,41,0,0,2,3,1,0,0,88,2,4,172,3,82,0,2,30,85,88,2,4284,77,0,1,100,72,78,91,90,0,0,2,2,7,28,44,24,40,28,11,29,11,0,4,4,73,1,25,20,602,0,77,98,1023,30,2,-19,0,0,171
45,6,6,6,6,10,Tommy,Tremble,492,85,0,92,14,89,0,7,115,21,115,84,23,0,1,82,0,1,0,77,0,0,78,1,19,1015,89,34,58,62,0,8,55,0,0,0,8,8,8,8,152,45,0,0,0,2,3,26,0,0,82,2,4,92,0,89,0,3,26,71,83,2,4123,74,0,1,100,18,75,71,72,2,2,2,2,3,28,51,27,10,42,8,8,10,3,4,4,2,4,27,22,492,0,76,90,1023,27,2,-19,0,0,43
45,4,4,4,4,10,Hunter,Long,447,83,0,0,19,87,0,7,119,24,119,82,25,0,1,87,0,0,0,79,0,0,71,0,17,12,88,53,57,59,0,7,61,0,2,0,9,9,9,9,20,45,100,0,0,2,3,26,0,0,84,1,4,0,0,89,0,3,30,65,79,2,3707,74,0,1,100,23,72,67,65,3,3,3,3,5,26,67,27,10,42,12,8,10,2,4,4,2,0,45,25,447,0,77,93,1023,24,0,-19,0,0,130
45,5,5,7,7,31,Brevin,Jordan,383,82,0,32,11,89,0,7,120,32,120,85,23,0,0,78,0,4,4,80,0,0,83,2,3,1015,85,43,59,58,0,7,74,0,0,0,0,0,0,0,115,45,100,0,0,2,3,65,0,0,9,1,4,32,1,75,0,5,42,68,85,2,4318,74,0,1,100,15,73,68,53,0,0,0,0,5,26,53,28,47,34,12,39,31,0,4,4,51,1,34,20,383,0,75,85,1023,42,2,-19,0,0,497
45,6,6,5,5,10,Kylen,Granson,418,84,0,68,17,89,0,2,124,10,124,85,25,0,0,83,0,4,4,79,0,0,82,1,22,1015,92,38,60,59,0,7,65,0,0,0,0,0,0,0,192,45,100,0,0,2,3,65,0,0,83,1,4,68,1,75,0,4,27,68,87,2,3660,74,0,1,100,20,69,71,66,0,0,0,0,7,24,50,47,38,44,13,26,16,0,4,4,39,6,34,21,418,0,74,82,1023,33,2,-19,0,0,179
45,2,2,2,2,6,Clark,Harris,0,75,0,0,18,73,0,11,125,33,125,72,39,0,0,81,2,4,4,67,0,0,68,0,33,1009,91,39,60,51,0,8,20,0,2,0,0,0,0,0,175,45,0,1,1,0,3,75,0,0,46,2,0,0,2,60,0,7,35,42,80,16,2479,65,0,1,100,29,75,46,64,0,0,0,0,6,27,44,0,0,10,9,0,0,0,7,4,8,1,21,22,0,0,77,90,999,10,14,-31,0,0,154
45,3,3,5,5,10,Kenny,Yeboah,181,80,0,0,58,83,0,2,126,33,126,83,25,0,0,84,0,4,4,74,0,0,82,2,63,1009,88,43,58,57,0,7,57,0,0,0,0,0,0,0,159,45,100,0,0,1,3,65,0,0,88,1,2,0,1,75,0,15,29,63,84,2,4874,76,0,1,100,70,70,63,61,0,0,0,0,7,25,45,26,44,4,8,41,4,0,4,4,35,1,45,24,181,0,76,90,1023,40,2,-19,0,0,460
45,4,4,2,2,36,Noah,Gray,379,85,0,32,18,88,0,7,128,9,128,84,24,0,0,85,0,4,4,81,0,0,86,0,18,1015,91,37,57,60,0,7,60,0,0,0,0,0,0,0,52,45,100,0,0,2,3,65,0,0,83,1,4,32,1,75,0,5,51,69,85,2,3953,77,0,1,100,23,67,73,73,0,0,0,0,5,24,61,6,37,46,7,1,19,0,4,4,35,8,31,22,379,0,75,80,1023,28,2,-19,0,0,93
45,3,3,2,2,10,Hunter,Kampmoyer,0,78,0,0,19,79,0,7,130,1009,130,78,25,0,0,81,0,4,4,74,0,0,74,2,63,1009,87,54,56,57,0,7,48,0,0,0,0,0,0,0,160,45,100,0,0,0,3,65,0,0,87,2,0,0,1,75,0,15,25,57,76,2,3960,67,0,1,100,20,73,57,60,0,0,0,0,25,10,15,23,14,39,37,46,30,0,4,4,50,23,0,2,0,0,76,85,1023,40,2,-19,0,0,418
45,5,5,7,7,48,Zach,Davidson,167,80,0,0,65,81,0,7,133,33,133,84,25,0,0,84,0,4,4,78,0,0,84,0,24,1015,92,38,55,56,0,7,54,0,1,0,0,0,0,0,385,45,100,0,0,2,3,65,0,0,84,1,2,0,1,75,0,5,71,61,87,2,4331,71,0,1,100,79,71,61,56,0,0,0,0,4,26,56,48,11,32,10,5,23,0,4,4,13,4,23,20,167,0,79,91,1023,20,1,-19,0,0,370
45,5,5,2,2,24,Tre',McKitty,478,83,0,84,15,85,0,7,134,8,134,82,24,0,0,84,0,4,4,77,0,0,79,2,33,1015,89,40,57,57,0,8,62,0,0,0,0,0,0,0,70,45,100,0,0,2,3,65,0,0,88,1,4,84,1,75,0,3,43,64,81,2,3040,72,0,1,100,18,74,67,65,0,0,0,0,3,26,40,49,18,44,10,8,31,0,4,4,3,4,43,20,478,0,76,86,1023,36,2,-19,0,0,187
45,3,3,6,6,17,Nick,Eubanks,0,78,0,0,20,84,0,2,135,33,135,85,27,0,0,84,1,4,4,71,0,0,78,2,63,1009,86,30,55,67,0,8,70,0,0,0,0,0,0,0,117,45,100,0,0,0,3,65,0,0,86,2,0,0,1,75,0,15,27,66,82,2,3597,88,0,1,100,33,78,61,40,0,0,0,0,36,33,28,46,34,46,83,3,19,0,4,4,30,13,7,15,0,0,76,96,1023,15,1,-19,0,0,227
45,6,6,3,3,10,Luke,Farrell,383,82,0,32,19,81,0,7,137,17,137,78,26,0,0,88,0,4,4,76,0,0,79,0,1,1015,90,45,57,62,0,7,53,0,0,0,0,0,0,0,156,45,100,0,0,2,3,65,0,0,89,2,4,32,1,75,0,5,25,62,84,2,4016,75,0,1,100,24,77,63,60,0,0,0,0,3,28,69,30,12,20,11,40,2,0,4,4,55,0,18,25,383,0,77,98,1023,15,2,-19,0,0,394
45,5,5,4,4,10,Dylan,Soehner,0,80,0,0,19,82,0,4,138,33,138,77,26,0,0,87,0,4,4,75,0,0,73,0,63,1009,88,38,62,67,0,8,49,0,1,0,0,0,0,0,90,45,100,0,0,0,3,65,0,0,89,0,0,0,1,75,0,15,23,62,75,2,4957,68,0,1,100,21,79,62,57,0,0,0,0,62,56,15,9,48,0,53,8,34,0,4,4,62,31,38,23,0,0,79,108,1023,18,1,-19,0,0,403
45,6,6,3,3,10,Jack,Stoll,244,84,0,0,18,86,0,9,140,13,140,84,25,0,0,85,0,4,4,80,0,0,83,2,63,1009,90,34,59,63,0,8,45,0,2,0,0,0,0,0,142,45,100,0,0,1,3,65,0,0,89,2,3,0,1,75,0,15,33,63,77,2,4967,74,0,1,100,24,68,64,65,0,0,0,0,3,24,58,53,47,20,10,35,6,0,2,4,70,9,45,24,244,0,76,87,1023,46,2,-19,0,0,7
45,5,5,4,4,10,John,Bates,420,87,0,72,19,80,0,7,142,26,142,79,26,0,0,83,0,4,4,77,0,0,84,0,19,1015,92,47,58,64,0,7,52,0,1,0,0,0,0,0,19,45,100,0,0,2,3,65,0,0,87,2,4,72,1,75,0,4,25,66,78,2,4242,75,0,1,100,23,75,67,66,0,0,0,0,5,27,41,7,19,44,10,34,16,0,4,4,2,5,27,23,420,0,78,99,1023,15,2,-19,0,0,125
45,7,7,2,2,54,Miller,Forristall,94,80,0,0,26,79,0,7,145,33,145,79,25,0,0,88,0,4,4,75,0,0,81,0,63,1009,85,31,60,59,0,7,54,0,1,0,0,0,0,0,3,45,100,0,0,1,3,65,0,0,86,2,1,0,1,75,0,15,62,58,84,2,3874,73,0,1,100,28,74,57,49,0,0,0,0,6,41,49,37,45,25,58,13,6,0,4,4,4,33,9,5,94,0,77,85,1023,35,0,-19,0,0,165
45,2,2,6,6,10,Matt,Bushman,0,84,0,0,19,86,0,7,146,1009,146,82,28,0,0,76,1,4,4,79,0,0,77,0,63,1009,82,36,50,48,0,8,55,0,1,0,0,0,0,0,26,45,100,0,0,0,3,65,0,0,49,2,0,0,1,75,0,15,30,64,79,2,4054,74,0,1,100,21,76,61,64,0,0,0,0,10,8,61,49,34,28,19,16,19,0,4,4,49,16,37,1,0,0,77,85,1023,18,1,-19,0,0,129
45,6,6,2,2,15,Quintin,Morris,157,83,0,0,14,87,0,1,147,3,147,84,24,0,0,76,0,4,4,79,0,0,79,2,63,1009,89,42,52,51,0,7,66,0,0,0,0,0,0,0,21,45,100,0,0,1,3,65,0,0,85,2,2,0,1,75,0,15,29,61,82,2,3650,73,0,1,100,15,72,62,56,0,0,0,0,43,54,65,8,35,4,82,2,19,0,4,4,16,10,9,2,157,0,74,92,1023,44,2,-19,0,0,460
45,6,6,6,6,6,Penei,Sewell,2409,95,0,1488,20,73,0,4,148,19,148,69,23,0,0,91,0,4,4,44,0,0,60,1,7,1015,93,32,82,92,0,8,15,0,0,0,0,0,0,0,160,12,47,2,2,2,3,8,0,0,58,2,4,1488,3,64,0,1,18,86,70,2,4059,35,0,1,100,23,93,88,87,0,0,0,0,13,35,29,24,32,21,7,21,21,2,9,5,104,18,25,25,2409,0,77,175,1023,10,2,-19,0,0,421
45,4,4,4,4,6,Rashawn,Slater,1663,89,0,944,15,82,0,7,149,8,149,75,24,0,0,88,0,0,1,25,0,0,68,1,13,1015,90,35,87,87,0,8,12,0,0,0,1,1,1,1,151,12,100,0,0,2,3,30,0,0,70,2,4,944,0,3,0,1,10,85,80,2,3246,24,0,1,100,11,91,85,85,6,6,6,6,7,35,29,23,10,31,9,24,30,0,5,5,71,24,22,22,1663,0,76,155,1023,10,2,-19,0,0,24
45,3,3,3,3,6,Christian,Darrisaw,1334,87,0,704,13,72,0,4,150,31,150,70,24,0,0,85,0,4,4,26,0,0,67,2,23,1015,87,29,84,89,0,8,8,0,0,0,0,0,0,0,241,12,31,0,0,2,3,36,0,0,71,0,4,704,3,0,0,1,13,85,70,2,4335,25,0,1,100,17,91,83,85,3,3,3,3,17,34,32,18,20,28,8,21,34,0,5,5,73,16,42,25,1334,0,77,155,1023,10,2,-19,0,0,376
45,7,7,3,3,6,Jaylon,Moore,380,82,0,32,11,68,0,2,151,15,151,63,25,0,0,73,0,4,4,38,0,0,59,2,11,1015,91,44,69,64,0,8,22,0,0,0,0,0,0,0,246,45,100,0,0,2,3,65,0,0,76,2,4,32,1,75,0,5,13,62,75,2,3970,46,0,1,100,16,84,60,74,0,0,0,0,17,32,37,21,54,24,7,23,17,0,9,5,76,16,26,22,380,0,76,151,1023,10,2,-19,0,0,306
45,1,1,1,1,6,Samuel,Cosmi,662,85,0,216,19,82,0,7,152,26,152,77,24,0,0,79,0,0,0,54,0,0,72,0,19,1015,87,35,73,82,0,8,9,0,0,0,0,0,0,0,214,45,68,0,0,2,3,60,0,0,76,2,4,216,0,0,0,2,22,75,74,2,4250,52,0,1,100,18,87,76,77,5,5,5,5,8,32,49,16,25,28,9,15,30,0,8,6,10,9,30,24,662,0,78,149,1023,9,2,-19,0,0,145
45,3,3,3,3,6,Alex,Leatherwood,0,83,0,0,12,72,0,1,154,1009,154,72,24,0,1,79,0,4,4,22,0,0,68,2,17,1009,92,26,65,72,0,8,8,0,0,0,0,0,0,0,3,12,0,0,0,0,3,3,0,0,74,0,0,0,0,81,0,1,12,65,83,2,4173,27,0,1,100,13,88,60,59,5,5,5,5,12,34,41,17,18,21,12,25,14,0,9,5,64,25,41,26,0,0,77,152,1023,9,1,-19,0,0,96
45,3,3,3,3,6,Dillon,Radunz,632,83,0,196,18,74,0,7,155,30,155,67,25,0,0,94,0,2,2,28,0,0,74,0,21,1015,84,31,73,66,0,8,8,0,0,0,0,0,0,0,315,45,61,0,0,2,3,24,0,0,75,2,4,196,0,55,0,2,19,68,78,2,4369,29,0,1,100,18,84,66,79,2,2,2,2,5,32,46,15,38,21,9,18,17,0,6,6,87,4,27,24,632,0,78,141,1023,10,2,-19,0,0,132
45,3,3,3,3,6,Stone,Forsythe,364,78,0,16,13,68,0,7,156,28,156,68,26,0,0,74,0,0,0,24,0,0,67,2,24,1015,91,31,67,59,0,8,5,10,0,0,0,0,0,0,62,45,51,0,0,2,3,34,0,0,78,0,4,16,3,0,0,6,12,57,69,2,4279,20,0,1,100,14,87,54,65,5,5,5,5,5,34,33,24,18,21,10,15,9,0,5,5,98,8,22,29,364,0,80,147,1023,10,2,-19,0,0,480
45,5,5,5,5,6,Spencer,Brown,483,86,0,88,25,81,0,4,157,3,157,74,25,0,0,85,0,4,4,55,0,0,76,0,29,1015,89,42,66,76,0,8,24,0,2,0,0,0,0,0,150,45,37,0,0,2,3,0,0,0,79,0,4,88,3,72,0,3,23,71,77,2,624,50,0,1,100,25,91,70,75,2,2,2,2,13,36,30,18,11,21,11,18,21,0,9,5,20,23,32,30,483,0,80,151,1023,10,2,-19,0,0,129
45,4,4,7,7,6,Brady,Christensen,516,84,0,112,12,79,0,7,158,21,158,75,27,0,0,78,1,4,4,26,0,0,71,0,6,1015,91,25,78,70,0,8,11,0,2,0,0,0,0,0,26,45,100,0,0,2,3,65,0,0,70,0,4,112,1,75,0,3,21,73,82,2,4129,30,0,1,100,18,88,73,80,0,0,0,0,6,33,38,22,69,22,11,17,2,0,6,5,60,9,29,28,516,0,78,140,1023,10,2,-19,0,0,306
45,2,2,2,2,6,Jalen,Mayfield,0,82,0,0,17,69,0,7,159,1009,159,59,23,0,0,82,0,3,3,20,0,0,56,0,4,1015,84,27,63,75,0,8,12,0,0,0,0,0,0,0,117,45,0,0,0,0,3,30,0,0,62,0,0,116,0,3,0,3,13,68,71,2,3772,21,0,1,100,21,91,61,64,7,7,7,7,17,36,24,21,10,21,12,20,30,0,8,5,71,15,36,26,0,0,77,159,1023,10,2,-19,0,0,301
45,2,2,2,2,6,Landon,Young,364,80,0,16,22,78,0,7,160,27,160,66,26,0,0,89,0,4,4,28,0,0,61,0,22,1015,84,32,64,62,0,8,8,0,2,0,0,0,0,0,98,45,100,0,0,2,3,65,0,0,67,2,4,16,1,75,0,6,35,58,75,2,4273,22,0,1,100,20,90,57,67,0,0,0,0,11,35,35,17,35,30,8,21,33,0,9,5,53,24,27,30,364,0,79,161,1023,10,2,-19,0,0,95
45,0,0,0,0,10,Morgan,Cox,109,71,0,15,18,64,0,4,161,30,161,65,37,0,0,82,2,4,4,58,1,0,64,0,63,1009,92,64,56,50,0,8,26,0,2,0,4,4,4,4,211,45,0,0,0,1,3,7,0,0,46,2,1,15,1,60,0,15,22,28,68,13,2785,67,0,1,100,29,73,44,73,3,3,3,3,0,26,72,11,20,34,11,8,17,0,7,4,12,10,29,13,109,0,76,73,999,10,2,-19,0,0,260
45,5,5,7,7,6,William,Sherman,0,79,0,0,17,64,0,4,162,1009,162,66,24,0,0,75,0,4,4,31,0,0,61,2,13,1015,90,36,62,64,0,8,12,0,0,0,0,0,0,0,41,45,100,0,0,0,3,65,0,0,78,2,0,0,1,75,0,6,12,60,66,2,4165,25,0,1,100,12,81,54,66,0,0,0,0,9,30,30,15,13,34,13,16,28,0,8,5,92,4,43,27,0,0,75,140,1023,10,1,-19,0,0,400
45,4,4,6,6,6,D'Ante,Smith,397,82,0,48,10,67,0,4,163,2,163,61,25,0,0,84,0,4,4,33,0,0,55,2,34,1015,83,35,68,65,0,8,5,0,0,0,0,0,0,0,54,45,100,0,0,2,3,65,0,0,70,2,4,48,1,75,0,4,21,61,72,2,331,35,0,1,100,14,84,57,71,0,0,0,0,5,32,48,20,8,22,10,25,2,0,5,5,2,8,43,26,397,0,77,149,1023,10,2,-19,0,0,331
45,7,7,5,5,6,Brenden,Jaimes,379,79,0,32,21,70,0,9,164,8,164,66,24,0,0,77,0,4,4,21,0,0,69,0,15,1015,93,32,66,61,0,8,5,0,2,0,0,0,0,0,142,45,100,0,0,2,1,65,0,0,64,2,4,32,1,75,0,5,14,60,75,2,3301,24,0,1,100,20,82,56,70,0,0,0,0,3,31,31,15,27,20,12,21,17,0,8,5,91,10,43,28,379,0,77,140,1023,10,2,-19,0,0,132
45,2,2,2,2,6,Larnel,Coleman,157,80,0,0,11,67,0,7,165,33,165,67,25,0,0,75,0,0,1,42,0,0,61,2,3,1009,85,38,66,61,0,8,25,0,0,0,0,0,0,0,112,45,0,0,0,1,3,24,0,0,74,0,2,0,0,92,0,7,10,57,76,2,4403,45,0,1,100,11,84,51,56,2,2,2,2,3,32,44,16,24,29,13,17,39,0,5,5,45,7,28,27,157,0,78,147,1023,10,1,-19,0,0,388
45,7,7,5,5,6,Tommy,Doyle,379,79,0,32,11,74,0,7,166,33,166,68,25,0,0,88,0,4,4,38,0,0,68,2,17,1015,84,39,62,65,0,8,5,0,2,0,0,0,0,0,116,45,100,0,0,2,3,65,0,0,72,2,4,32,1,75,0,5,24,62,81,2,662,35,0,1,100,21,86,57,74,0,0,0,0,12,33,29,18,74,32,13,15,30,0,5,5,27,16,32,29,379,0,80,160,1023,10,2,-19,0,0,38
45,6,6,6,6,6,Dan,Moore Jr.,417,90,0,68,12,66,0,4,167,29,167,65,25,0,0,78,0,4,4,27,0,0,66,2,23,1015,92,36,76,73,0,8,8,0,0,0,1,1,1,1,215,45,100,0,0,2,3,65,0,0,65,0,4,68,1,75,0,4,13,72,75,2,4286,36,0,1,100,19,88,70,84,0,0,0,0,7,34,39,4,21,29,8,27,10,0,5,5,56,8,27,24,417,0,77,155,1023,10,2,-19,0,0,44
45,3,3,5,5,6,AJ,Jackson,244,82,0,0,11,63,0,4,168,24,168,59,25,0,0,86,0,4,4,22,0,0,61,2,63,1009,92,42,73,70,0,8,29,0,0,0,0,0,0,0,89,45,100,0,0,1,3,65,0,0,77,2,3,0,1,75,0,15,26,66,64,2,4921,34,0,1,100,13,82,63,77,0,0,0,0,9,56,49,68,54,50,100,79,28,0,5,5,19,19,66,25,244,0,79,125,1023,10,2,-19,0,0,388
45,2,2,7,7,6,Jake,Curhan,242,84,0,0,17,61,0,7,170,28,170,57,25,0,0,78,0,4,4,31,0,0,51,0,63,1009,91,32,62,70,0,8,7,0,0,0,0,0,0,0,28,45,100,0,0,1,1,65,0,0,74,2,3,0,1,75,0,15,28,60,62,2,4966,37,0,1,100,23,81,56,71,0,0,0,0,10,30,26,17,72,20,12,24,9,0,8,5,59,19,43,23,242,0,78,156,1023,10,2,-19,0,0,353
45,2,2,4,4,13,Drew,Himmelman,75,70,0,0,17,70,0,7,171,33,171,66,27,0,0,85,1,4,4,18,0,0,72,2,63,1009,74,22,80,77,0,8,24,0,0,0,0,0,0,0,85,45,100,0,0,1,3,65,0,0,60,2,1,0,1,75,0,15,31,66,74,2,4400,19,0,1,100,30,92,63,40,0,0,0,0,18,36,32,24,69,21,7,17,0,0,5,5,45,28,44,22,75,0,81,157,1023,10,2,-19,0,0,48
45,6,6,2,2,25,Grant,Hermanns,185,67,0,0,35,68,0,7,173,33,173,65,25,0,0,75,0,4,4,25,0,0,71,0,63,1009,82,17,79,75,0,8,25,0,2,0,0,0,0,0,169,45,100,0,0,2,3,65,0,0,74,2,2,0,1,75,0,15,30,64,71,2,4875,34,0,1,100,20,88,60,40,0,0,0,0,3,34,42,15,45,34,12,17,9,0,9,5,55,8,34,30,185,0,79,140,1023,10,1,-19,0,0,429
45,2,2,2,2,6,Alijah,Vera-Tucker,1588,88,0,892,20,73,0,7,174,18,174,68,24,0,1,90,0,0,0,25,0,0,61,2,14,1015,88,36,76,82,1,8,5,0,0,0,0,0,0,0,231,12,62,0,0,2,3,60,0,0,75,2,4,892,0,0,0,1,25,79,78,2,4038,35,0,1,100,20,91,77,82,5,5,5,5,10,35,32,20,25,24,8,15,30,0,8,6,10,4,31,29,1588,0,77,148,1023,10,2,-19,0,0,425
45,4,4,7,7,6,Trey,Smith,361,89,0,12,22,75,0,7,175,9,175,69,24,0,0,90,0,4,4,24,0,0,69,2,42,1015,92,32,75,85,0,8,5,0,0,0,0,0,0,0,211,45,100,0,0,2,3,65,0,0,65,0,4,12,1,75,0,6,25,82,76,2,4552,32,0,1,100,24,93,80,83,0,0,0,0,9,36,43,25,16,32,11,24,0,0,8,6,27,17,38,29,361,0,78,161,1023,10,2,-19,0,0,227
45,2,2,2,2,6,Kendrick,Green,487,85,0,88,11,81,0,7,177,32,177,76,25,0,0,79,0,4,4,23,0,0,58,2,23,29,88,48,67,73,0,8,9,0,0,0,0,0,0,0,84,45,100,0,0,2,1,65,0,0,50,2,4,88,1,75,0,3,25,71,85,2,4287,29,0,1,100,11,86,67,78,0,0,0,0,9,36,34,17,20,22,10,23,25,0,8,6,56,22,28,26,487,0,76,155,1023,10,0,-19,0,0,388
45,4,4,6,6,6,Jackson,Carman,744,83,0,276,20,55,0,2,178,2,178,58,23,0,0,81,0,4,4,24,0,0,52,2,14,1015,92,28,70,70,0,8,10,0,0,0,0,0,0,0,38,45,100,0,0,2,3,65,0,0,79,0,4,276,1,75,0,2,21,66,55,2,425,30,0,1,100,22,89,61,68,0,0,0,0,18,34,36,20,22,33,7,18,41,0,6,6,41,22,32,29,744,0,77,162,1023,10,2,-19,0,0,126
45,6,6,5,5,6,Aaron,Banks,707,85,0,252,22,59,0,7,179,15,179,61,26,0,0,85,0,4,4,30,0,0,60,2,16,1015,85,25,77,76,0,8,5,0,0,0,0,0,0,0,152,45,100,0,0,2,1,65,0,0,65,0,4,252,1,75,0,2,25,74,76,2,3971,31,0,1,100,19,86,72,82,0,0,0,0,10,32,25,25,19,31,11,17,12,0,6,6,27,15,27,26,707,0,77,165,1023,10,2,-19,0,0,166
45,0,0,0,0,6,Royce,Newman,397,91,0,48,12,75,0,9,181,20,181,67,26,0,0,72,0,0,0,22,0,0,55,0,37,1015,92,23,74,69,0,8,8,0,2,0,0,0,0,0,159,45,39,0,0,2,3,38,0,0,70,2,4,48,0,94,0,4,13,70,70,2,4080,27,0,1,100,12,83,67,81,0,0,0,0,8,31,37,17,0,28,9,17,0,0,8,7,0,9,23,28,397,0,77,150,1023,10,2,-19,0,0,260
45,3,3,7,7,6,Will,Fries,356,83,0,8,22,69,0,7,183,10,183,60,25,0,0,82,0,4,4,23,0,0,60,0,20,1015,90,38,64,74,0,8,5,0,0,0,0,0,0,0,164,45,100,0,0,2,3,65,0,0,75,2,4,8,1,75,0,7,25,65,76,2,3663,29,0,1,100,21,84,62,71,0,0,0,0,9,32,34,17,55,23,9,25,44,0,8,6,102,4,45,29,356,0,78,149,1023,10,2,-19,0,0,394
45,5,5,6,6,6,Larry,Borom,381,86,0,32,12,69,0,4,184,1,184,67,24,0,0,86,0,4,4,24,0,0,51,2,7,1015,88,28,73,70,0,8,5,0,0,0,0,0,0,0,122,45,100,0,0,2,1,65,0,0,75,2,4,32,1,75,0,5,25,67,76,2,163,26,0,1,100,21,83,65,81,0,0,0,0,17,31,43,19,27,35,12,17,19,0,5,6,92,23,30,22,381,0,77,173,1023,10,2,-19,0,0,458
45,2,2,4,4,6,Cole,Van Lanen,176,80,0,0,10,80,0,4,190,17,190,69,25,0,0,87,0,4,4,22,0,0,72,0,30,20,90,26,61,64,0,8,8,0,1,0,0,0,0,0,258,45,100,0,0,1,3,65,0,0,70,2,2,0,1,75,0,6,30,61,74,2,4088,22,0,1,100,14,79,55,67,0,0,0,0,10,30,40,21,25,28,10,18,10,0,8,6,40,10,22,30,176,0,76,145,1023,10,1,-19,0,0,159
45,7,7,6,6,6,Kayode,Awosika,0,78,0,0,27,65,0,7,192,1009,192,66,25,0,0,84,0,4,4,26,0,0,49,2,63,1009,89,35,62,70,0,8,10,0,0,0,0,0,0,0,24,45,100,0,0,0,3,65,0,0,74,2,0,0,1,75,0,15,15,61,74,2,4987,24,0,1,100,33,86,56,62,0,0,0,0,9,36,10,7,14,33,79,2,40,0,6,6,83,60,78,26,0,0,75,152,1023,10,1,-19,0,0,481
45,3,3,3,3,6,Robert,Jones,245,77,0,3,20,67,0,5,193,33,193,62,24,0,0,83,0,4,4,24,0,0,48,2,63,1009,89,32,66,69,0,8,32,0,0,0,0,0,0,0,119,45,100,0,0,1,3,65,0,0,65,2,3,3,1,75,0,15,15,65,76,2,4656,37,0,1,100,22,88,59,68,0,0,0,0,7,34,25,21,51,26,7,18,21,0,8,6,51,25,29,28,245,0,76,174,1023,10,2,-19,0,0,400
45,3,3,6,6,6,Greg,Eiland,75,76,0,0,22,53,0,5,194,33,194,51,25,0,0,78,0,4,4,24,0,0,47,2,63,1009,87,34,62,65,0,8,9,0,0,0,0,0,0,0,121,45,100,0,0,1,3,65,0,0,75,2,1,0,1,75,0,15,25,55,76,2,4970,33,0,1,100,24,76,47,55,0,0,0,0,11,36,33,17,47,20,10,24,18,0,8,6,3,19,22,28,75,0,80,161,1023,10,2,-19,0,0,400
45,5,5,4,4,5,Matt,Farniok,358,82,0,8,18,72,0,9,196,33,196,66,26,0,0,80,0,4,4,24,0,0,71,2,10,1015,88,26,62,67,0,8,14,0,2,0,0,0,0,0,142,45,100,0,0,2,3,65,0,0,68,2,4,8,1,75,0,7,27,61,80,2,3678,23,0,1,100,24,85,58,69,0,0,0,0,17,32,44,21,39,25,7,25,27,0,8,6,89,22,22,24,358,0,77,151,1023,10,2,-19,0,0,510
45,0,0,0,0,6,Landon,Dickerson,865,88,0,364,12,54,0,7,202,13,202,58,25,0,0,94,0,0,0,31,0,0,67,0,5,1015,85,36,79,81,0,8,7,0,0,0,0,0,0,0,3,45,40,0,0,2,3,32,0,0,69,0,4,364,0,64,0,2,24,82,68,2,3732,28,0,1,100,12,92,78,86,0,0,0,0,15,36,33,16,0,26,12,16,0,0,6,7,0,16,34,30,865,0,78,172,1023,10,2,-19,0,0,362
45,6,6,6,6,6,Quinn,Meinerz,478,85,0,84,13,77,0,9,203,4,203,73,25,0,0,92,0,4,4,25,0,0,66,0,34,1015,90,32,72,82,0,8,33,0,1,0,0,0,0,0,343,45,5,0,0,2,3,1,0,0,77,2,4,84,2,50,0,3,21,78,78,2,1044,22,0,1,100,19,91,77,84,0,0,0,0,33,35,16,32,30,41,13,30,5,0,8,7,25,42,32,23,478,2,75,160,1023,10,2,-19,0,0,166
45,5,5,5,5,6,Creed,Humphrey,556,94,0,140,11,79,0,7,204,9,204,69,24,0,1,93,0,4,4,25,0,0,67,0,31,1015,93,39,86,93,0,8,8,0,0,0,7,7,7,7,157,24,94,0,0,2,3,25,1,0,52,0,4,140,3,69,0,2,24,90,80,2,4949,34,0,1,100,14,90,92,93,3,3,3,3,7,35,45,17,43,30,12,23,42,0,7,7,82,6,26,25,556,0,76,142,1023,10,2,-19,0,0,142
45,3,6,3,6,6,Josh,Myers,558,84,0,140,12,58,0,7,205,20,205,62,25,0,0,84,0,0,0,31,0,0,60,0,30,1015,86,31,75,73,0,8,10,0,0,0,0,0,0,0,156,45,34,3,0,2,3,44,0,0,71,0,4,140,0,30,0,2,26,73,68,2,4091,28,0,1,100,18,89,71,84,0,0,0,0,4,34,29,15,12,25,7,21,24,0,7,7,18,4,30,25,558,0,77,150,1023,10,2,-19,0,0,159
45,2,2,4,4,6,Drew,Dalman,425,81,0,76,14,76,0,7,207,14,207,71,25,0,0,82,0,4,4,25,0,0,69,0,9,1015,92,32,67,75,0,8,5,0,2,0,0,0,0,0,200,45,100,0,0,2,1,65,0,0,67,2,4,76,1,75,0,4,15,73,80,2,3776,34,0,1,100,15,87,70,83,0,0,0,0,32,34,21,23,70,30,10,28,28,0,7,7,88,30,35,26,425,0,75,140,1023,10,2,-19,0,0,163
45,5,5,5,5,6,Trey,Hill,367,82,0,16,22,63,0,1,209,2,209,57,23,0,0,84,0,4,4,24,0,0,44,2,6,1015,83,37,65,71,0,8,6,0,0,0,0,0,0,0,70,45,100,0,0,2,1,65,0,0,63,2,4,16,1,75,0,6,26,63,62,2,370,29,0,1,100,22,84,59,73,0,0,0,0,37,32,14,34,46,41,13,22,3,0,7,7,104,23,45,28,367,0,76,175,1023,10,2,-19,0,0,503
45,4,4,5,5,6,Ryan,McCollum,87,82,0,0,13,61,0,7,210,33,210,62,25,0,0,79,0,4,4,30,0,0,61,0,63,1009,86,37,62,63,0,8,16,0,0,0,0,0,0,0,215,45,100,0,0,1,3,65,0,0,62,2,1,0,1,75,0,15,12,51,73,2,3544,29,0,1,100,16,80,49,54,0,0,0,0,5,35,78,47,3,56,30,35,2,0,7,7,9,76,56,9,87,0,77,140,1023,10,2,-19,0,0,163
45,4,4,4,4,6,Jimmy,Morrissey,0,82,0,0,25,82,0,7,212,1009,212,62,25,0,0,82,0,4,4,35,0,0,69,0,2,1009,90,37,62,66,0,8,5,0,0,0,0,0,0,0,166,45,100,0,0,0,3,65,0,0,79,2,0,0,1,75,0,7,30,59,76,2,4172,36,0,1,100,25,81,57,70,0,0,0,0,8,30,30,21,12,35,12,24,18,0,6,7,10,7,39,29,0,0,75,145,1023,10,2,-19,0,0,165
45,4,4,2,2,22,Camaron,Cheeseman,361,76,0,12,18,75,0,7,220,26,220,69,25,0,0,75,0,4,4,54,0,0,65,0,41,1015,91,51,56,50,0,8,26,0,0,0,0,0,0,0,117,45,100,0,0,2,3,65,0,0,54,2,4,12,1,75,0,6,36,33,80,2,4246,63,0,1,100,29,68,39,55,0,0,0,0,2,24,51,18,10,54,13,6,39,0,7,7,56,10,35,14,361,0,76,77,1023,10,2,-19,0,0,83
45,6,6,6,6,6,Deonte,Brown,0,74,0,0,16,54,0,4,223,1009,223,53,25,0,0,85,0,4,4,19,0,0,43,2,9,1015,86,25,62,70,0,8,20,0,0,0,9,9,5,5,3,45,56,0,0,0,3,28,0,0,77,0,0,0,3,10,0,6,22,63,68,2,4132,29,0,1,100,15,90,52,54,2,2,2,2,49,35,0,35,23,48,8,44,13,0,6,6,76,46,44,25,0,0,75,175,1023,10,2,-19,0,0,452
45,4,3,4,3,9,Wyatt,Davis,94,80,0,0,13,61,0,4,224,33,224,65,24,0,0,89,0,4,4,32,0,0,61,2,22,1009,88,31,72,65,0,8,21,0,0,0,0,0,0,0,156,45,30,0,0,1,3,42,0,0,67,0,1,0,0,85,0,3,31,63,65,2,4338,34,0,1,100,12,83,58,62,4,2,4,2,13,32,31,16,32,29,13,24,27,0,8,8,59,25,32,24,94,0,76,155,1023,10,1,-19,0,0,221
45,3,3,3,3,5,Ben,Cleveland,482,83,0,88,12,73,0,7,227,25,227,71,25,0,0,85,0,4,4,12,0,0,65,0,30,1015,85,31,65,71,0,8,12,0,0,0,0,0,0,0,70,45,61,0,0,2,3,41,0,0,66,0,4,88,3,15,0,3,23,66,70,2,4226,14,0,1,100,13,90,63,69,2,2,2,2,34,35,17,30,15,41,9,35,15,0,6,9,7,32,30,27,482,0,78,210,1023,10,2,-19,0,0,7
45,3,3,3,3,6,David,Moore,0,80,0,0,21,70,0,4,228,33,228,69,25,0,0,82,0,1,1,25,0,0,63,2,63,1009,87,45,80,80,0,8,7,0,0,0,0,0,0,0,72,45,0,0,0,0,3,48,0,0,60,2,0,0,0,50,0,15,30,70,71,2,911,40,0,1,100,24,95,67,40,0,0,0,0,64,37,18,25,6,27,32,29,15,0,8,9,71,11,77,39,0,0,74,170,1023,10,2,-19,0,0,116
45,2,2,2,2,6,Jack,Anderson,94,82,0,0,16,72,0,3,230,33,230,63,25,0,0,92,0,0,0,12,0,0,55,0,8,1009,85,20,62,64,0,8,15,0,2,0,1,1,1,1,217,45,0,0,0,1,3,60,0,0,77,2,1,0,0,0,0,7,17,61,73,2,677,20,0,1,100,19,84,55,68,6,6,6,6,14,31,26,20,25,35,13,20,30,0,8,6,10,16,25,30,94,0,76,154,1023,10,1,-30,0,0,174
45,7,7,3,3,6,Tommy,Kraemer,0,83,0,0,17,73,0,7,232,1009,232,64,25,0,0,87,0,4,4,25,0,0,57,0,63,1009,84,28,64,67,0,8,17,0,2,0,0,0,0,0,152,45,100,0,0,0,3,65,0,0,62,2,0,0,1,75,0,15,22,62,67,2,4880,26,0,1,100,18,86,57,66,0,0,0,0,4,36,49,16,26,23,12,21,12,0,8,8,40,10,30,23,0,0,78,156,1023,10,2,-19,0,0,166
45,2,2,2,2,6,Teven,Jenkins,838,84,0,344,14,73,0,7,235,33,235,72,25,0,0,92,0,0,0,19,0,0,61,0,7,1015,83,31,74,83,0,8,8,0,2,0,0,0,0,0,158,45,78,0,0,2,3,1,0,0,76,0,4,344,0,61,0,2,22,78,79,2,147,23,0,1,100,14,91,77,80,5,5,5,5,7,36,27,23,2,27,12,24,13,0,6,6,83,21,25,24,838,0,78,161,1023,15,2,-19,0,0,164
45,5,5,5,5,6,Liam,Eichenberg,801,90,0,317,13,70,0,7,236,12,236,68,25,0,1,76,0,4,4,24,0,0,66,0,10,1015,92,26,66,71,0,8,21,0,1,0,0,0,0,0,152,45,75,3,3,2,3,33,0,0,74,2,4,317,3,0,0,2,21,66,67,2,3709,24,0,1,100,12,85,64,75,0,0,0,0,9,32,49,23,21,22,12,20,25,0,6,9,89,5,25,27,801,0,77,146,1023,10,2,-19,0,0,129
45,3,3,3,3,6,Walker,Little,762,84,0,288,19,68,0,7,237,17,237,62,24,0,0,82,0,4,4,26,0,0,69,0,13,1015,80,35,72,72,0,8,6,0,1,0,0,0,0,0,200,45,0,0,0,2,3,26,0,0,72,2,4,288,3,0,0,2,22,68,73,2,4018,28,0,1,100,18,84,67,77,2,2,2,2,3,32,32,22,30,25,7,19,5,0,9,9,25,9,27,30,762,0,79,149,1023,9,2,-19,0,0,241
45,2,2,2,2,6,Josh,Ball,397,79,0,48,12,60,2,7,238,33,238,66,25,0,1,87,0,4,4,22,0,0,59,0,33,1015,85,27,68,67,0,8,13,0,0,0,0,0,0,0,110,45,0,5,5,2,3,30,0,0,75,2,4,48,2,65,0,4,12,63,69,2,3680,30,8,1,100,10,88,58,64,0,0,0,0,6,34,38,19,79,21,13,20,16,0,9,9,61,6,45,28,397,0,80,144,1023,10,2,-19,0,0,353
45,3,5,3,5,6,Robert,Hainsey,480,85,0,84,11,70,0,7,239,6,239,64,25,0,0,91,0,0,1,22,0,0,64,0,31,1015,89,25,75,72,0,8,12,0,2,0,0,2,0,2,152,45,100,0,0,2,3,50,0,0,70,0,4,84,0,95,0,3,21,72,69,2,1472,34,0,1,100,13,90,72,83,2,0,2,0,7,35,38,22,5,26,7,24,10,0,7,9,60,4,45,27,480,1,76,146,1023,10,2,-19,0,0,166
45,4,3,4,3,6,James,Hudson,427,83,0,80,16,66,0,10,240,5,240,61,24,0,0,89,0,4,4,34,0,0,51,2,5,1015,90,48,66,72,0,8,15,0,0,0,0,0,0,0,36,45,0,0,0,2,3,2,0,0,66,0,4,80,0,60,0,4,24,64,71,2,1313,35,0,1,100,23,84,59,74,2,0,2,0,12,32,39,15,17,20,10,15,6,0,5,5,68,28,35,25,427,0,77,153,1023,14,2,-19,0,0,332
45,2,2,7,7,6,Foster,Sarell,87,78,0,0,12,61,0,7,241,8,241,54,25,0,0,76,0,4,4,23,0,0,54,1,63,1009,91,35,59,64,0,8,11,0,1,0,0,0,0,0,200,45,100,0,0,1,1,65,0,0,73,2,1,0,1,75,0,15,22,55,68,2,3966,31,0,1,100,17,86,49,65,0,0,0,0,18,35,25,24,75,23,10,22,22,0,5,9,102,17,40,27,87,0,79,158,1023,10,2,-19,0,0,230
45,0,0,0,0,12,Jon,Weeks,109,70,0,15,18,71,0,7,242,32,242,69,37,0,0,84,2,4,4,64,0,0,68,0,63,1009,95,66,55,47,0,8,20,0,2,0,0,0,0,0,17,45,0,0,0,1,3,45,0,0,46,2,1,15,1,60,0,15,40,28,54,13,2702,65,0,1,100,29,69,42,73,0,0,2,2,6,24,42,15,10,20,7,15,10,0,7,4,6,3,28,25,109,0,70,82,999,10,13,-31,0,0,166
40,4,4,4,4,6,Kwity,Paye,1364,84,0,728,18,86,0,7,243,10,243,85,25,0,1,84,0,0,0,46,0,0,88,2,21,1015,88,85,45,45,0,8,38,0,0,0,0,0,0,0,117,12,12,0,0,2,3,54,0,0,51,0,4,728,0,82,0,1,25,77,85,2,3668,57,0,1,100,20,86,85,72,6,6,6,6,6,33,53,10,35,47,12,11,28,0,10,10,57,9,38,27,1364,0,74,101,1023,10,2,-19,0,0,17
2,6,6,6,6,6,Jaelan,Phillips,1401,83,0,756,14,90,0,2,244,12,244,86,24,0,0,76,0,1,0,39,0,0,85,2,18,1015,87,78,45,45,0,8,16,0,0,0,3,3,3,3,115,12,0,0,0,2,3,44,0,0,15,2,4,756,0,88,0,1,18,83,87,2,3710,39,0,1,100,19,80,88,87,0,0,0,0,3,30,50,14,20,26,7,16,29,0,15,10,24,7,32,26,1401,0,77,103,1023,10,2,-19,0,0,99
45,7,7,7,7,6,Carlos,Basham Jr,562,77,0,144,11,87,0,4,245,16,245,86,26,0,0,90,0,0,0,42,0,0,76,2,29,3,89,78,45,45,0,8,22,0,0,0,9,9,9,9,249,39,100,0,0,2,1,55,0,0,45,1,4,144,0,86,0,2,14,75,82,2,694,45,0,1,100,17,81,84,78,0,0,0,0,5,30,43,25,24,28,9,24,14,0,10,10,19,8,45,29,562,0,75,121,1023,10,1,-19,0,0,135
45,3,3,3,3,6,Dayo,Odeyingbo,617,75,0,184,15,85,0,3,246,10,246,80,24,0,0,87,0,0,0,45,0,0,79,2,22,1015,89,80,45,45,0,8,28,0,0,0,4,4,4,4,238,39,0,0,0,2,3,36,0,0,54,2,4,184,0,1,0,2,26,72,83,2,3667,44,0,1,100,15,84,77,68,3,3,3,3,7,32,50,47,49,6,11,30,23,2,11,11,65,4,31,26,617,0,78,116,1023,10,2,-19,0,0,296
45,3,3,5,5,6,Malcolm,Koonce,499,72,0,100,17,83,0,7,248,23,248,79,25,0,0,81,0,4,4,47,0,0,81,2,15,1015,89,78,45,45,0,8,29,0,0,0,0,0,0,0,24,45,100,0,0,2,3,65,0,0,51,2,4,100,1,75,0,3,26,64,82,2,4176,52,0,1,100,20,75,65,55,0,0,0,0,5,28,63,17,29,25,11,41,29,0,13,10,22,0,33,21,499,0,74,90,1023,15,2,-19,0,0,321
45,6,6,3,3,6,Jordan,Smith,421,72,0,72,12,75,0,10,249,33,249,79,25,0,0,81,0,4,4,51,0,0,76,2,16,1015,88,77,45,45,0,8,20,0,0,0,0,0,0,0,224,45,100,0,0,2,3,65,0,0,92,2,4,72,1,75,0,4,23,60,81,2,4020,51,0,1,100,17,72,64,60,0,0,0,0,3,26,40,68,57,41,7,35,30,0,13,10,80,9,23,25,421,0,78,95,1023,10,2,-19,0,0,420
45,4,4,4,4,6,Shaka,Toney,357,72,0,8,17,88,0,4,250,33,250,85,25,0,0,68,0,0,0,39,0,0,83,2,18,1015,90,73,45,45,0,8,21,0,0,0,0,0,0,0,164,45,0,0,0,2,3,45,0,0,58,2,4,8,0,64,0,7,26,64,92,2,4252,42,0,1,100,20,72,68,53,5,5,5,5,0,26,51,20,32,44,8,15,32,0,10,10,66,4,25,13,357,0,74,78,1023,10,2,-19,0,0,388
45,4,4,4,4,6,Rashad,Weaver,413,80,0,64,17,88,0,7,251,30,251,76,26,2,0,80,0,0,0,44,0,0,79,1,30,1015,86,74,45,45,0,8,24,0,0,0,4,4,4,4,166,45,90,0,0,2,3,24,0,0,99,2,4,64,0,75,0,4,24,67,81,2,4376,47,0,1,100,15,77,72,70,3,3,3,3,4,28,52,10,20,30,9,10,28,0,13,11,78,1,31,24,413,0,76,99,1023,10,2,-19,0,0,230
45,7,7,3,3,6,Tarron,Jackson,0,74,0,0,11,80,0,5,253,1009,253,82,25,0,0,81,0,4,4,41,0,0,71,2,7,1015,90,75,45,45,0,8,21,0,0,0,0,0,0,0,290,45,100,0,0,0,3,65,0,0,75,2,0,0,1,75,0,6,25,62,73,2,3733,38,0,1,100,19,77,69,61,0,0,0,0,6,28,65,36,15,27,13,23,12,0,10,10,26,9,21,20,0,0,74,94,1023,10,2,-19,0,0,456
45,7,7,7,7,6,Ade,Ogundeji,372,81,0,24,13,79,0,5,254,33,254,79,25,0,0,82,0,4,4,34,0,0,77,2,38,1015,89,75,45,45,0,8,14,0,0,0,0,0,0,0,152,45,100,0,0,2,3,65,0,0,92,0,4,24,1,75,0,5,18,65,79,2,3811,34,0,1,100,18,79,73,72,0,0,0,0,4,30,49,45,39,43,7,24,35,0,15,10,23,6,33,22,372,0,76,108,1023,10,2,-19,0,0,17
45,3,3,3,3,6,Chauncey,Golston,491,75,0,92,10,87,0,7,255,11,255,78,25,0,0,86,0,4,4,65,0,0,71,2,20,1015,91,80,45,45,0,8,31,0,0,0,0,0,0,0,89,45,100,0,0,2,1,65,0,0,99,1,4,92,1,75,0,3,23,69,84,2,3683,49,0,1,100,10,79,76,69,0,0,0,0,3,30,48,16,34,18,8,41,12,0,11,10,79,7,40,27,491,0,77,108,1023,10,2,-19,0,0,29
45,2,2,7,7,6,Earnest,Brown IV,157,71,0,0,22,76,0,5,256,24,256,73,24,0,0,80,0,4,4,36,0,0,77,2,30,1015,88,72,45,45,0,8,18,0,0,0,0,0,0,0,151,45,100,0,0,1,1,65,0,0,90,1,2,0,1,75,0,5,11,64,76,2,4208,33,0,1,100,14,83,66,64,0,0,0,0,3,32,56,39,24,23,11,56,36,0,10,10,85,4,40,25,157,0,77,110,1023,10,2,-19,0,0,44
45,5,5,3,3,6,Malik,Herring,226,72,0,0,10,80,0,5,257,9,257,76,26,0,0,78,0,4,4,34,0,0,69,2,63,1009,85,78,45,45,0,8,34,0,0,0,0,0,0,0,70,45,100,0,0,1,3,65,0,0,94,2,3,0,1,75,0,15,12,63,74,2,4063,42,0,1,100,14,78,67,59,0,0,0,0,55,58,101,30,18,80,20,20,29,0,10,10,98,1,20,18,226,0,75,115,1023,10,2,-19,0,0,82
45,5,5,2,2,6,Jonathon,Cooper,358,81,0,8,17,85,0,3,258,4,258,82,25,0,0,77,0,4,4,32,0,0,75,2,11,1015,90,83,45,45,0,8,29,0,0,0,0,0,0,0,156,45,100,0,0,2,3,65,0,0,0,0,4,8,1,75,0,7,17,72,80,2,1095,31,0,1,100,18,77,79,74,0,0,0,0,7,24,65,35,1,80,13,58,18,0,15,10,72,9,25,25,358,0,76,97,1023,10,2,-19,0,0,18
45,4,4,4,4,6,Joshua,Kaindoh,397,74,0,48,19,89,0,7,259,33,259,82,25,0,0,78,0,4,4,49,0,0,78,2,39,1015,85,72,44,44,0,8,26,0,0,0,0,0,0,0,64,45,100,0,0,2,3,65,0,0,59,0,4,48,1,75,0,4,22,62,86,2,3602,46,0,1,100,20,78,70,58,0,0,0,0,4,29,42,65,38,55,9,20,2,0,11,10,20,7,32,23,397,0,78,100,1023,9,2,-19,0,0,85
45,3,3,4,4,6,Marquiss,Spencer,0,70,0,0,17,74,0,5,261,1009,261,77,26,0,0,83,0,4,4,31,0,0,73,2,25,1015,86,73,44,44,0,8,11,0,0,0,0,0,0,0,121,45,100,0,0,0,3,65,0,0,51,0,0,0,1,75,0,7,23,63,77,2,1118,32,0,1,100,17,83,64,59,0,0,0,0,5,32,36,20,46,25,12,21,24,0,10,10,70,4,40,28,0,0,76,141,1023,9,1,-19,0,0,96
45,2,2,2,2,6,Raymond,Johnson III,0,74,0,0,16,82,0,4,262,1009,262,80,25,0,0,81,0,4,4,35,0,0,68,2,63,1009,90,75,45,45,0,8,27,0,0,0,0,0,0,0,68,45,100,0,0,0,1,65,0,0,52,2,0,0,1,75,0,15,25,63,80,2,3611,38,0,1,100,15,75,66,62,0,0,0,0,4,28,46,7,41,4,11,55,19,0,12,10,33,5,33,26,0,0,75,110,1023,10,1,-19,0,0,103
45,4,4,4,4,6,Isaiahh,Loudermilk,380,74,0,32,15,79,0,7,263,29,263,70,26,0,0,84,0,4,4,51,0,0,67,2,12,1015,88,78,45,45,0,8,29,0,0,0,0,0,0,0,258,45,100,0,0,2,3,65,0,0,92,1,4,32,1,75,0,5,28,63,71,2,4294,49,0,1,100,15,79,66,61,0,0,0,0,0,30,60,19,24,46,9,16,26,0,11,10,53,3,17,13,380,0,79,133,1023,10,2,-19,0,0,171
45,4,4,4,4,6,Odafe,Oweh,1134,77,0,560,26,90,0,7,265,25,265,89,25,0,0,79,0,4,4,54,0,0,87,2,31,1015,89,84,45,45,0,8,35,0,0,0,0,0,0,0,164,12,68,0,0,2,3,54,0,0,99,2,4,560,0,75,0,1,22,75,93,2,4232,48,0,1,100,29,80,86,72,3,3,3,3,4,30,60,4,24,26,11,9,21,0,11,13,51,4,24,21,1134,0,77,97,1023,10,2,-19,0,0,313
45,7,7,7,7,6,Payton,Turner,1252,74,0,648,15,82,0,7,266,27,266,75,25,0,0,84,0,4,4,37,0,0,83,2,28,1015,86,84,45,45,0,8,16,0,0,0,0,0,0,0,80,12,65,0,0,2,3,18,0,0,98,0,4,648,0,85,0,1,28,71,85,2,4275,39,0,1,100,15,82,76,67,5,5,5,5,7,31,59,39,11,36,13,37,19,1,10,13,108,6,31,22,1252,1,78,110,1023,10,2,-19,0,0,316
39,6,6,3,3,6,Gregory,Rousseau,1160,79,0,580,19,90,0,7,267,3,267,83,23,0,0,83,0,4,4,51,0,0,81,2,30,1015,90,84,44,44,0,8,29,0,0,0,0,0,0,0,115,12,100,0,0,2,3,65,0,0,50,0,4,580,1,75,0,1,22,84,83,2,739,48,0,1,100,20,81,92,87,0,0,0,0,7,29,41,24,62,13,13,54,29,0,10,11,57,4,36,24,1160,0,78,106,1023,9,2,-19,0,0,9
45,7,7,6,6,12,Joe,Tryon-Shoynka,1117,82,0,548,17,86,0,7,269,6,269,83,24,0,0,83,0,4,4,55,0,0,82,2,32,1015,90,77,45,45,0,8,39,0,0,0,0,0,0,0,252,12,100,0,0,2,1,65,0,0,9,2,4,548,1,75,0,1,29,74,84,2,1493,56,0,1,100,18,81,77,72,0,0,0,0,6,30,51,20,77,23,12,38,7,0,15,11,84,4,23,26,1117,0,77,99,1023,10,2,-19,0,0,73
45,7,7,7,7,6,Chris,Rumph II,423,79,0,76,16,89,0,7,271,8,271,81,25,0,0,81,0,0,0,36,0,0,81,2,13,1015,89,76,45,45,0,8,17,0,0,0,2,2,0,0,52,45,47,0,0,2,3,42,0,0,94,2,4,76,0,84,0,4,26,66,80,2,3466,40,0,1,100,15,74,69,60,3,3,5,5,7,26,52,15,30,20,8,15,20,0,15,15,60,7,23,25,423,0,74,84,1023,10,2,-19,0,0,29
45,4,4,4,4,6,Joseph,Ossai,519,75,0,112,38,91,0,7,274,2,274,85,23,0,0,85,0,0,0,53,0,0,80,2,5,1015,85,78,45,45,0,8,25,0,0,0,0,0,0,0,214,39,77,0,0,2,3,0,0,0,58,0,4,112,0,73,0,3,24,73,90,2,477,57,0,1,100,45,80,80,68,5,5,5,5,4,30,55,30,19,29,12,13,25,0,11,15,12,4,35,24,519,0,76,103,1023,10,2,-19,0,0,276
45,6,6,6,6,6,Patrick,Johnson,358,74,0,8,21,87,1,4,275,13,275,84,24,0,0,92,0,0,0,46,0,0,83,2,6,1015,90,77,45,45,0,8,21,8,0,0,0,0,0,0,221,45,37,0,0,2,3,19,0,0,48,0,4,8,0,86,0,7,22,64,84,2,4404,50,8,1,100,21,75,72,64,5,5,5,5,7,28,67,15,42,60,8,32,16,1,13,11,53,9,25,25,358,0,74,88,1023,13,2,-19,0,0,244
45,6,6,4,4,6,Ronnie,Perkins,0,72,0,0,10,86,0,4,276,1009,276,82,24,0,0,79,0,4,4,59,0,0,76,2,32,1015,83,80,45,45,0,8,34,0,2,0,0,0,0,0,157,45,100,0,0,0,1,65,0,0,51,2,0,84,1,75,0,3,22,64,78,2,4166,55,0,1,100,14,79,71,61,0,0,0,0,4,30,65,85,64,68,12,35,12,0,13,11,68,5,37,20,0,0,75,87,1023,10,2,-19,0,0,85
45,0,0,0,0,6,Cam,Sample,426,80,0,80,30,82,0,7,277,2,277,78,24,0,0,82,0,5,1,35,0,0,71,2,6,1015,88,83,45,45,0,8,15,0,0,0,0,0,0,0,221,45,0,3,3,2,3,74,0,0,96,1,4,80,0,70,0,4,27,68,86,2,482,36,0,1,100,30,78,74,65,0,0,0,0,3,29,51,38,24,35,12,4,11,0,10,11,9,9,40,24,426,0,75,112,1023,6,2,-19,0,0,486
45,7,7,4,4,6,Janarius,Robinson,0,70,0,0,19,86,0,4,278,1009,278,82,25,0,0,82,0,4,4,50,0,0,73,2,29,1009,85,74,45,45,0,8,27,0,0,0,0,0,0,0,64,45,100,0,0,0,1,65,0,0,97,0,0,0,1,75,0,4,25,66,82,2,4344,43,0,1,100,18,81,74,67,0,0,0,0,6,30,56,35,49,51,12,59,10,0,10,11,58,9,22,21,0,0,77,100,1023,10,1,-19,0,0,127
45,7,7,4,4,6,Victor,Dimukeje,364,81,0,16,20,79,0,7,280,7,280,78,24,0,0,87,0,4,4,45,0,0,76,2,26,1015,90,78,45,45,0,8,20,0,0,0,0,0,0,0,52,45,100,0,0,2,3,65,0,0,52,2,4,16,1,75,0,6,10,65,86,2,1806,40,0,1,100,30,82,72,67,0,0,0,0,3,31,46,18,61,55,12,28,6,0,13,11,54,9,23,28,364,0,74,105,1023,10,2,-19,0,0,148
45,7,7,7,7,6,Elerson,Smith,423,73,0,76,17,89,0,5,281,33,281,80,25,0,0,86,0,4,4,52,0,0,79,2,11,1015,83,76,45,45,0,8,35,0,0,0,0,0,0,0,150,45,100,0,0,2,3,65,0,0,94,2,4,76,1,75,0,4,26,62,91,2,4002,54,0,1,100,15,75,68,59,0,0,0,0,3,27,44,49,73,47,12,21,37,0,13,11,56,8,23,26,423,0,78,85,1023,10,2,-19,0,0,112
45,7,7,3,3,6,Patrick,Jones II,487,78,0,88,12,89,0,10,282,31,282,77,25,0,0,82,0,4,4,38,0,0,72,2,26,1015,89,81,45,45,0,8,23,0,0,0,0,0,0,0,166,45,100,0,0,2,1,65,0,0,91,0,4,88,1,75,0,3,18,69,78,2,4343,41,0,1,100,17,78,76,72,0,0,0,0,7,28,59,23,72,46,12,20,15,0,15,11,86,9,35,23,487,0,76,104,1023,10,2,-19,0,0,97
45,2,2,2,2,6,William,Bradley-King,0,72,0,0,11,87,0,4,283,1009,283,79,26,0,0,68,0,4,4,28,0,0,74,2,12,1015,91,72,45,45,0,8,18,0,0,0,0,0,0,0,17,45,100,0,0,0,1,65,0,0,56,2,0,0,1,75,0,7,23,63,83,2,4253,31,0,1,100,16,70,73,69,0,0,0,0,4,25,52,42,12,48,10,46,9,0,11,11,52,5,32,25,0,0,75,94,1023,10,2,-19,0,0,105
45,6,6,6,6,6,Quincy,Roche,94,78,0,0,22,85,0,4,284,33,284,83,25,0,0,88,0,4,4,43,0,0,77,2,32,1009,90,78,45,45,0,8,22,0,0,0,0,0,0,0,115,45,100,0,0,1,3,65,0,0,53,2,1,0,1,75,0,6,20,67,80,2,4302,42,0,1,100,21,76,74,69,3,3,3,3,5,28,49,10,19,24,12,10,19,0,13,11,8,2,27,20,94,0,75,83,1023,10,1,-19,0,0,108
45,2,2,4,4,17,Darius,Hodge,0,72,0,0,12,80,0,1,285,33,285,81,25,0,0,82,0,4,4,35,0,0,69,2,63,1009,88,77,45,45,0,8,39,0,3,0,0,0,0,0,110,45,100,0,0,0,3,65,0,0,41,2,0,0,1,75,0,15,21,61,91,2,4659,48,0,1,100,17,80,64,51,0,0,0,0,21,15,25,72,72,59,105,41,27,0,11,11,104,56,29,4,0,0,73,85,1023,25,2,-19,0,0,79
45,2,2,7,7,6,Daelin,Hayes,377,70,0,28,13,80,0,5,286,33,286,81,25,0,0,79,0,4,4,47,0,0,77,2,27,1015,83,73,45,45,0,8,32,0,0,0,0,0,0,0,152,45,100,0,0,2,3,65,0,0,59,2,4,28,1,75,0,5,26,62,79,2,4240,44,0,1,100,19,80,70,63,0,0,0,0,4,30,47,68,51,34,10,17,5,0,11,11,36,7,41,22,377,0,76,93,1023,10,2,-19,0,0,27
45,2,2,3,3,6,Chris,Garrett,87,70,0,0,12,85,0,10,287,33,287,76,25,0,0,75,0,4,4,34,0,0,74,2,24,1009,88,78,45,45,0,8,37,0,0,0,0,0,0,0,368,45,100,0,0,1,3,65,0,0,48,2,1,0,1,75,0,7,21,64,74,2,4212,41,0,1,100,15,63,68,69,0,0,0,0,4,22,52,2,57,3,7,52,27,0,13,11,19,1,22,25,87,0,76,85,1023,10,1,-19,0,0,45
45,3,3,2,2,27,Hamilcar,Rashed Jr.,75,52,0,0,25,87,0,10,290,33,290,87,25,0,0,86,0,4,4,27,0,0,76,2,63,1009,49,68,25,34,0,8,16,0,0,0,0,0,0,0,161,45,100,0,0,1,1,65,0,0,46,2,1,0,1,75,0,15,26,65,85,2,3613,14,0,1,100,9,80,59,40,0,0,0,0,51,3,29,25,68,71,39,19,8,0,11,11,71,44,56,13,75,0,74,91,1023,0,1,-19,0,0,86
45,3,3,3,3,6,Christian,Barmore,852,78,0,356,12,74,0,7,293,22,293,73,24,0,0,89,0,4,4,37,0,0,64,2,6,1015,91,85,45,45,0,8,20,0,0,0,0,0,0,0,3,40,49,0,0,2,3,45,0,0,90,1,4,356,3,48,0,2,24,75,81,2,4167,41,0,1,100,11,88,82,81,0,0,0,0,10,34,37,24,27,30,7,15,21,0,12,12,72,10,27,23,852,0,77,150,1023,10,2,-19,0,0,306
45,5,5,5,5,6,Levi,Onwuzurike,814,75,0,328,10,81,0,7,294,19,294,79,25,0,0,89,0,4,4,28,0,0,74,2,9,1015,83,81,45,45,0,8,21,0,0,0,0,0,0,0,252,45,57,5,5,2,3,30,0,0,91,2,4,328,3,15,0,2,25,71,74,2,4061,32,0,1,100,15,87,77,66,1,1,3,3,3,34,42,18,25,29,12,16,31,1,12,11,12,10,44,30,814,0,75,135,1023,40,2,-19,0,0,104
45,7,7,3,3,6,Milton,Williams,511,77,0,108,13,86,0,4,295,13,295,83,24,0,0,87,0,4,4,29,0,0,81,2,9,1015,91,86,45,45,0,8,15,0,0,0,0,0,0,0,101,45,100,0,0,2,1,65,0,0,93,1,4,108,1,75,0,3,22,75,89,2,3734,28,0,1,100,14,83,82,75,0,0,0,0,5,32,48,20,46,33,8,15,42,0,12,10,83,6,26,27,511,0,75,130,1023,10,2,-19,0,0,255
45,0,0,0,0,6,Bobby,Brown III,423,70,0,76,19,80,0,4,296,24,296,72,23,0,0,85,0,0,0,26,0,0,64,2,12,1015,89,78,44,45,0,8,14,0,0,0,0,0,0,0,215,40,0,0,0,2,3,49,0,0,95,1,4,76,0,94,0,4,22,69,80,2,4213,25,0,1,100,18,86,74,66,0,0,0,0,0,33,79,4,19,41,11,11,21,0,12,12,34,4,23,12,423,0,76,165,1023,9,2,-19,0,0,306
45,2,2,2,2,6,Alim,McNeill,512,80,0,108,19,82,3,4,297,19,297,72,23,0,0,88,0,0,1,48,0,0,65,2,8,1015,92,78,47,50,0,8,33,0,0,0,9,9,9,9,138,40,0,0,0,2,3,46,0,0,54,1,4,108,0,79,0,3,21,72,75,2,4062,46,0,1,100,23,90,78,70,7,7,7,7,37,35,32,32,24,35,10,27,6,1,12,12,51,24,38,22,512,0,74,165,1023,15,2,-19,0,0,436
45,6,6,6,6,6,Daviyon,Nixon,0,72,0,0,15,80,0,4,298,33,298,76,25,0,0,83,0,6,6,41,0,0,64,2,14,1015,86,76,45,45,0,8,26,0,0,0,1,1,1,1,89,45,100,0,0,0,3,28,0,0,94,1,0,0,0,74,0,5,16,64,71,2,4135,43,0,1,100,15,86,70,58,2,2,2,2,26,34,21,34,34,45,7,27,21,1,12,12,74,28,42,28,0,0,75,145,1023,10,1,-19,0,0,500
45,2,2,2,2,6,Tyler,Shelvin,87,71,0,0,10,60,0,7,299,33,299,59,25,0,0,80,0,6,6,24,0,0,57,2,17,1015,87,76,45,45,0,8,19,0,0,0,0,0,0,0,106,45,25,3,3,1,3,44,0,0,72,1,1,0,0,62,0,4,22,66,71,2,510,22,0,1,100,10,93,69,60,0,0,0,0,58,36,4,44,37,41,13,43,7,0,12,12,89,51,39,25,87,0,74,186,1023,9,0,-19,0,0,251
45,5,5,2,2,6,Jay,Tufele,355,72,0,0,12,75,0,7,301,2,301,72,24,0,0,91,0,4,4,25,0,0,59,2,1,1009,86,84,45,45,0,8,21,0,0,0,0,0,0,0,231,40,100,0,0,2,3,65,0,0,97,1,4,0,1,75,0,4,23,68,76,2,4021,27,0,1,100,17,88,74,63,0,0,0,0,33,34,20,34,47,36,12,23,8,0,12,12,38,42,36,23,355,0,75,150,1023,30,1,-19,0,0,35
45,2,2,2,2,6,Jaylen,Twyman,75,68,0,0,11,76,0,4,302,33,302,60,24,0,0,84,0,4,4,31,0,0,57,2,15,1015,88,78,45,45,0,8,23,0,0,0,0,0,0,0,166,45,100,0,0,1,3,65,0,0,97,1,1,0,1,75,0,6,20,60,79,2,4486,30,0,1,100,15,86,60,59,0,0,0,0,8,33,35,18,23,29,12,18,25,0,10,12,76,22,42,25,75,0,74,125,1023,10,1,-19,0,0,482
45,7,7,5,5,6,Osa,Odighizuwa,508,83,0,104,18,77,0,10,303,11,303,78,25,0,0,89,0,4,4,26,0,0,68,2,11,1015,92,84,45,45,0,8,24,0,0,0,0,0,0,0,226,45,100,0,0,2,3,65,0,0,97,1,4,104,1,75,0,3,12,77,77,2,3685,29,0,1,100,20,84,83,83,0,0,0,0,9,32,43,18,7,29,8,23,13,0,11,12,93,32,45,29,508,0,74,120,1023,10,2,-19,0,0,331
45,4,4,7,7,6,Marvin,Wilson,0,70,0,0,12,72,0,5,304,33,304,69,25,0,0,86,0,4,4,28,0,0,62,2,63,1009,87,74,45,45,0,8,25,0,0,0,0,0,0,0,64,45,100,0,0,0,3,65,0,0,73,1,0,0,1,75,0,15,23,66,73,2,4845,33,0,1,100,16,89,71,64,0,0,0,0,4,34,43,21,34,20,8,19,39,0,12,12,16,9,33,23,0,0,76,143,1023,10,2,-19,0,0,210
45,2,2,3,3,6,Marlon,Tuipulotu,367,72,0,16,16,68,0,4,305,13,305,70,24,0,0,86,0,4,4,33,0,0,62,2,5,1015,87,76,53,52,0,8,18,0,0,0,0,0,0,0,231,45,100,0,0,2,3,65,0,0,95,1,4,16,1,75,0,6,10,67,75,2,4407,37,0,1,100,21,87,72,69,0,0,0,0,20,34,21,20,39,37,7,27,18,0,12,12,56,28,42,26,367,0,74,147,1023,10,2,-19,0,0,404
45,3,3,4,4,6,Khyiris,Tonga,94,78,0,0,28,76,0,7,306,31,306,69,27,0,0,85,1,4,4,30,0,0,57,2,22,1009,88,76,48,49,0,8,21,0,0,0,0,0,0,0,26,40,100,0,0,1,3,65,0,0,95,1,1,0,1,75,0,7,23,71,74,2,223,39,0,1,100,27,91,76,71,0,0,0,0,18,35,42,18,37,24,8,15,0,0,12,12,12,28,35,30,94,0,74,178,1023,5,2,-19,0,0,499
45,3,3,4,4,6,Tommy,Togiai,0,73,0,0,17,73,0,7,307,1009,307,72,24,0,0,90,0,4,4,23,0,0,73,2,27,1015,88,81,44,45,0,8,17,0,0,0,0,0,0,0,156,40,100,0,0,0,3,65,0,0,97,1,0,68,1,75,0,4,23,67,78,2,1342,26,0,1,100,17,91,72,53,0,0,0,0,8,36,35,17,36,34,8,25,13,0,12,12,66,30,27,23,0,0,74,136,1023,12,2,-19,0,0,297
45,0,0,0,0,32,Matt,Prater,750,77,0,250,83,71,0,7,308,7,308,71,39,0,0,50,2,4,4,35,0,0,47,0,63,1009,84,20,20,20,0,7,5,0,1,0,0,0,0,0,225,45,61,2,2,2,3,55,0,1,5,0,2,250,1,65,0,15,42,79,40,17,156,40,0,1,100,98,43,80,66,0,0,0,0,5,12,67,3,11,27,7,0,13,0,19,19,0,0,7,5,750,0,70,41,999,10,2,-31,0,0,150
45,5,5,2,2,26,Quinton,Bohanna,0,74,0,0,22,69,0,7,309,1009,309,57,24,0,0,85,0,4,4,27,0,0,53,2,8,1015,88,76,45,45,0,8,10,0,0,0,0,0,0,0,98,45,100,0,0,0,3,65,0,0,90,1,0,16,1,75,0,6,40,66,72,2,3690,25,0,1,100,19,92,73,68,0,0,0,0,33,36,8,30,1,41,11,34,2,0,12,12,71,48,52,24,0,0,76,200,1023,10,2,-19,0,0,116
45,4,4,3,3,6,Jonathan,Marshall,0,72,0,0,18,83,0,7,311,1009,311,79,26,0,0,77,0,4,4,39,0,0,71,2,23,1009,84,74,45,45,0,8,28,0,0,0,0,0,0,0,10,45,100,0,0,0,3,65,0,0,91,1,0,0,1,75,0,6,19,64,77,2,4041,43,0,1,100,20,87,71,63,0,0,0,0,43,33,34,20,3,31,12,34,37,0,11,12,88,43,44,22,0,0,75,150,1023,40,1,-19,0,0,77
45,2,2,4,4,6,Tedarrell,Slaton,376,74,0,28,15,78,0,7,313,20,313,69,26,0,0,88,0,4,4,22,0,0,59,2,29,1015,90,77,52,58,0,8,14,0,0,0,0,0,0,0,62,40,100,0,0,2,3,65,0,0,93,1,4,28,1,75,0,5,15,66,72,2,4093,24,0,1,100,15,87,74,69,0,0,0,0,8,34,36,20,7,32,13,20,6,0,12,12,59,18,42,29,376,0,76,170,1023,30,2,-19,0,0,76
45,4,4,7,7,6,Naquan,Jones,94,75,0,0,15,52,0,4,314,30,314,57,25,0,0,78,0,4,4,33,0,0,57,2,63,1009,87,78,45,45,0,8,19,0,0,0,0,0,0,0,118,45,100,0,0,1,3,65,0,0,90,2,1,0,1,75,0,15,19,62,64,2,1855,42,0,1,100,15,82,66,72,0,0,0,0,38,31,20,26,4,31,10,23,37,0,12,12,52,22,38,25,94,0,75,153,1023,25,2,-19,0,0,143
45,4,4,7,7,6,Ta'quon,Graham,383,77,0,32,17,80,0,1,317,14,317,75,25,0,0,88,0,4,4,25,0,0,72,2,4,1015,92,78,44,45,0,8,24,0,0,0,0,0,0,0,214,40,100,0,0,2,3,65,0,0,95,0,4,32,1,75,0,5,23,69,79,2,3844,25,0,1,100,17,86,73,68,0,0,0,0,5,32,40,19,50,23,9,25,23,0,10,12,93,7,32,30,383,0,76,134,1023,9,2,-19,0,0,16
45,7,7,3,3,7,Michael,Dwumfour,0,79,0,0,12,81,0,4,318,1009,318,69,25,0,0,76,0,4,4,41,0,0,73,2,63,1009,87,70,44,44,0,8,22,0,0,0,0,0,0,0,175,45,100,0,0,0,3,65,0,0,97,2,0,0,1,75,0,15,23,63,78,2,188,33,0,1,100,12,77,66,66,0,0,0,0,60,46,61,21,36,52,62,7,6,0,12,12,89,49,97,27,0,0,73,136,1023,10,0,-19,0,0,106
45,6,6,7,7,6,Roy,Lopez,366,78,0,16,13,69,0,9,319,33,319,67,26,0,0,86,0,4,4,22,0,0,70,2,11,1015,90,80,45,45,0,8,20,0,1,0,0,0,0,0,8,40,100,0,0,2,3,65,0,0,91,2,4,16,1,75,0,6,21,70,76,2,4319,23,0,1,100,17,90,75,66,0,0,0,0,23,33,24,35,21,35,8,22,26,0,12,12,67,20,45,26,366,0,74,158,1023,15,2,-19,0,0,217
45,5,5,7,7,6,Forrest,Merrill,0,67,0,0,11,67,0,7,323,33,323,62,27,0,0,86,1,4,4,30,0,0,50,2,63,1009,87,76,45,45,0,8,20,0,1,0,0,0,0,0,12,45,100,0,0,1,1,65,0,0,68,2,1,0,1,75,0,15,21,56,67,2,3980,42,0,1,100,13,91,53,52,0,0,0,0,17,30,10,83,52,58,46,30,18,0,10,12,109,7,67,68,87,0,72,162,1023,10,2,-19,0,0,162
45,3,3,5,5,6,Jack,Heflin,0,70,0,0,14,70,0,5,324,1009,324,61,25,0,0,81,0,4,4,25,0,0,65,2,63,1009,89,74,46,48,0,8,13,0,0,0,0,0,0,0,89,45,100,0,0,0,1,65,0,0,95,1,0,0,1,75,0,15,15,64,72,2,4892,34,0,1,100,17,83,61,65,0,0,0,0,21,32,17,30,18,39,13,29,28,0,10,12,59,31,34,25,0,0,76,146,1023,9,0,-19,0,0,132
45,7,7,6,6,6,Carlo,Kemp,75,72,0,0,13,78,0,7,325,33,325,70,25,0,0,86,0,4,4,30,0,0,73,2,63,1009,90,70,45,45,0,8,12,0,0,0,0,0,0,0,117,45,100,0,0,1,1,65,0,0,54,0,1,0,1,75,0,15,21,61,71,2,3995,40,0,1,100,10,82,65,65,0,0,0,0,12,14,35,73,48,4,6,34,30,0,10,12,22,14,62,5,75,0,75,121,1023,10,1,-19,0,0,60
45,3,3,2,2,6,Austin,Faoliu,4,73,0,0,23,76,0,2,326,33,326,70,24,0,0,84,0,4,4,33,0,0,57,2,63,1009,88,77,45,45,0,8,10,0,0,0,0,0,0,0,160,45,100,0,0,1,3,65,0,0,64,2,1,0,1,75,0,15,16,62,72,2,0,30,0,1,100,25,82,68,64,0,0,0,0,25,43,22,24,35,81,4,19,11,0,12,12,43,13,63,16,4,0,75,132,1023,10,0,-19,0,0,379
45,2,2,5,5,6,Josiah,Bronson,87,70,0,0,14,73,0,4,327,33,327,70,26,0,0,79,0,4,4,28,0,0,63,2,63,1009,87,78,45,45,0,8,18,0,0,0,0,0,0,0,252,45,100,0,0,1,3,65,0,0,0,2,1,0,1,75,0,15,16,62,74,2,4391,30,0,1,100,19,85,64,48,0,0,0,0,62,57,37,88,36,55,71,43,35,0,12,12,83,77,53,10,87,0,75,140,1023,10,1,-19,0,0,210
45,4,4,4,4,36,Jeremiah,Owusu-Koramoa,647,88,0,208,17,92,0,4,332,5,332,89,24,0,0,88,0,0,0,65,0,0,88,2,20,1015,88,76,45,45,0,8,48,0,0,0,0,0,2,2,152,45,100,0,0,2,3,60,0,0,6,0,4,208,0,0,0,2,43,79,87,2,1346,57,0,1,100,18,65,83,82,3,3,3,3,1,22,58,12,25,17,11,2,30,1,15,18,10,4,29,10,647,0,74,61,1023,35,2,-19,0,0,104
45,3,3,6,6,6,Azeez,Ojulari,677,83,0,228,12,91,0,2,333,16,333,86,23,0,0,82,0,4,4,50,0,0,81,2,18,1015,88,77,45,45,0,8,33,0,0,0,0,0,0,0,70,39,100,0,0,2,3,65,0,0,51,2,4,228,1,75,0,2,23,76,74,2,4003,53,0,1,100,14,77,79,75,0,0,0,0,6,28,42,84,47,51,8,51,1,0,13,10,81,3,20,20,677,0,75,80,1023,10,2,-19,0,0,243
45,7,7,7,7,34,Zaven,Collins,1469,91,0,804,17,87,0,7,334,7,334,86,24,0,0,85,0,0,0,72,0,0,82,2,16,1015,92,83,45,45,2,8,31,0,0,0,0,0,0,0,222,12,79,0,0,2,3,60,0,0,25,2,4,804,0,0,0,1,40,76,84,2,2575,56,0,1,100,19,76,75,76,5,5,5,5,4,28,39,19,25,24,12,9,30,1,14,10,10,6,29,25,1469,0,76,100,1023,10,2,-19,0,0,23
45,0,0,0,0,6,Charles,Snowden,75,81,0,0,14,87,0,4,335,33,335,83,25,0,0,75,0,0,0,64,0,0,83,2,63,1009,85,74,45,45,0,8,47,0,0,0,0,0,0,0,240,45,51,0,0,1,3,24,0,0,48,2,1,0,0,8,0,15,25,62,82,2,3535,56,0,1,100,19,69,66,56,0,0,0,0,3,29,53,0,0,52,10,0,0,0,15,10,0,10,24,11,75,0,79,80,1023,10,1,-19,0,0,271
45,4,4,4,4,6,Pete,Werner,568,87,0,148,20,89,0,4,336,27,336,85,24,0,0,80,0,0,0,59,0,0,82,0,28,1015,88,87,45,45,0,8,15,0,2,0,0,0,0,0,156,45,71,0,0,2,3,25,0,0,20,0,4,148,4,70,0,2,30,77,90,2,4276,55,0,1,100,20,72,83,76,0,0,0,0,7,26,49,10,5,10,8,10,15,0,15,14,10,8,25,20,568,0,75,82,1023,10,2,-31,0,0,81
45,5,5,6,6,6,Grant,Stuard,355,85,0,8,26,88,0,9,337,10,337,85,25,0,0,90,0,4,4,47,0,0,69,0,31,6,91,78,45,45,0,8,10,0,1,0,0,0,0,0,80,45,100,0,0,2,3,65,0,0,41,1,4,8,1,75,0,7,26,64,74,2,1526,46,0,1,100,26,76,63,62,0,0,0,0,5,28,72,21,6,11,12,25,5,0,14,14,34,3,21,13,355,0,71,70,1023,10,1,-19,0,0,450
45,7,7,5,5,15,Justin,Hilliard,0,79,0,0,21,82,0,7,344,33,344,79,26,0,0,80,0,4,4,60,0,0,77,2,63,1009,79,77,45,45,0,8,36,0,0,0,0,0,0,0,156,45,100,0,0,0,3,65,0,0,46,2,0,0,1,75,0,15,24,55,83,2,4431,52,0,1,100,19,75,62,50,0,0,0,0,13,45,34,14,45,35,12,4,16,0,13,14,50,19,31,2,0,0,73,71,1023,10,2,-19,0,0,493
16,7,7,7,7,6,Jamin,Davis,1379,87,0,740,20,93,0,4,347,26,347,90,25,0,0,76,0,4,4,65,0,0,84,2,19,1015,91,87,23,29,0,8,21,0,0,0,0,0,0,0,98,12,0,0,0,2,3,46,0,0,52,1,4,740,3,50,0,1,24,76,95,2,4259,52,0,1,100,20,73,85,74,3,3,3,3,0,26,56,45,15,31,7,39,16,0,15,15,17,5,25,13,1379,1,75,74,1023,10,2,-19,0,0,111
45,3,1,3,1,6,Nick,Bolton,583,95,0,160,11,84,0,10,348,9,348,87,23,0,0,89,0,4,4,61,0,1,74,2,26,1015,94,95,45,45,0,8,21,0,0,0,9,0,9,0,122,41,40,0,3,2,3,32,0,0,32,1,4,160,0,85,0,2,13,87,78,2,3651,54,0,1,100,20,74,89,89,0,0,0,0,3,27,60,28,27,35,13,12,14,0,14,13,69,6,35,12,583,0,71,77,1023,10,2,-19,0,0,47
45,0,0,0,0,11,Baron,Browning,478,86,0,84,13,92,0,4,350,33,350,87,24,0,0,83,0,0,0,50,0,0,85,2,41,1015,91,82,45,45,0,8,31,0,0,0,0,0,0,0,156,45,0,0,0,2,3,41,0,0,56,1,4,84,0,70,0,3,31,75,93,2,1132,49,0,1,100,16,75,81,74,0,0,0,0,0,28,58,0,0,33,12,0,0,0,13,13,0,4,31,11,478,1,75,80,1023,10,2,-19,0,0,2
45,7,7,6,6,6,Cameron,McGrone,157,81,0,0,12,91,0,7,351,10,351,88,23,0,0,75,0,4,4,56,0,0,81,2,33,1015,80,78,45,45,0,8,24,0,0,0,0,0,0,0,117,45,100,0,0,1,3,65,0,0,59,1,2,0,1,75,0,5,15,65,82,2,4528,60,0,1,100,14,69,70,57,0,0,0,0,36,50,34,35,56,37,24,21,27,0,15,13,0,13,18,5,157,0,73,74,1023,10,1,-19,0,0,425
45,4,4,4,4,29,Buddy,Johnson,0,82,0,0,15,88,0,7,352,33,352,86,24,0,0,87,0,0,0,61,0,0,77,2,35,1015,87,79,45,45,0,8,37,0,2,0,0,0,0,0,215,45,3,0,0,1,3,7,0,0,50,1,1,0,0,57,0,4,51,67,91,2,4311,59,0,1,100,19,75,67,67,5,5,5,5,2,28,74,19,21,11,13,12,1,0,14,15,24,4,27,10,87,0,73,80,1023,10,0,-19,0,0,400
45,4,4,4,4,59,Chazz,Surratt,87,79,0,0,20,88,0,7,353,18,353,86,26,0,0,84,0,0,0,58,0,0,82,1,14,1009,89,74,45,45,0,8,41,0,0,0,0,0,0,0,135,45,66,0,0,1,3,31,0,0,55,1,1,0,0,55,0,3,67,65,77,2,4346,66,0,1,100,21,75,72,64,5,5,5,5,3,28,70,10,25,63,13,10,20,1,15,15,57,2,18,13,87,0,74,73,1023,10,1,-19,0,0,398
45,3,3,3,3,6,Amen,Ogbongbemiga,244,85,0,0,25,87,3,7,354,8,354,84,25,0,0,87,0,0,0,46,0,0,73,2,63,1009,89,72,45,45,2,8,32,0,0,0,0,0,0,0,158,45,0,0,0,1,3,7,0,0,57,1,3,0,0,94,0,15,17,55,78,2,4009,48,0,1,100,29,68,55,55,6,6,6,6,1,24,67,18,23,19,11,15,19,0,14,13,59,10,22,11,244,1,72,71,1023,10,2,-19,0,0,431
45,7,7,7,7,6,Monty,Rice,484,82,0,88,15,90,0,4,355,30,355,86,24,1,0,90,0,0,0,48,0,0,76,2,28,1015,83,84,45,45,0,8,33,0,0,0,0,0,0,0,70,45,81,3,3,2,3,30,0,0,56,1,4,88,0,83,0,3,20,69,78,2,4381,55,0,1,100,14,72,69,66,0,0,0,0,2,26,63,19,47,49,8,28,23,0,14,13,18,7,33,12,484,0,72,73,1023,10,2,-19,0,0,479
45,4,4,4,4,6,Ernest,Jones,478,88,0,84,13,87,1,4,356,24,356,82,24,0,1,86,0,0,0,66,0,0,72,2,39,1015,89,88,46,49,0,8,35,0,0,0,9,9,9,9,176,41,100,0,0,2,3,44,0,0,53,1,4,84,0,70,0,3,22,75,91,2,4214,62,0,1,100,16,71,77,78,3,3,3,3,0,26,53,0,0,12,10,0,0,0,14,13,0,3,16,11,478,0,74,70,1023,10,2,-19,0,0,416
45,4,4,4,4,6,K.J.,Britt,374,82,0,24,20,82,0,4,357,6,357,80,24,0,0,88,0,0,0,49,0,0,71,2,32,1015,88,81,45,45,0,8,21,0,0,0,0,0,0,0,14,45,0,0,0,2,3,40,0,0,52,1,4,24,0,88,0,5,30,63,79,2,1643,55,0,1,100,20,74,60,56,0,0,0,0,3,27,69,14,31,15,9,5,21,0,14,13,26,0,24,13,374,0,72,75,1023,10,2,-19,0,0,456
45,5,5,7,7,12,Derrick,Barnes,426,85,0,80,20,84,0,3,358,19,358,86,24,0,0,86,0,4,4,53,0,0,70,2,8,1015,91,84,46,45,0,8,50,0,0,0,0,0,0,0,169,45,100,0,0,2,3,65,0,0,55,2,4,80,1,75,0,4,25,69,88,2,4073,69,0,1,100,21,79,71,70,0,0,0,0,3,30,63,67,14,50,8,18,22,0,14,15,52,1,22,14,426,0,72,78,1023,35,2,-19,0,0,368
45,7,7,7,7,6,Tony,Fields II,380,83,0,32,19,91,0,1,359,5,359,84,24,0,0,86,0,4,4,66,0,0,79,2,9,1015,89,79,45,45,0,8,31,0,0,0,0,0,0,0,254,45,100,0,0,2,3,65,0,0,42,1,4,32,1,75,0,5,25,67,82,2,1362,59,0,1,100,19,64,75,74,0,0,0,0,5,22,73,41,6,56,8,31,17,0,13,13,102,4,18,11,380,0,72,62,1023,10,2,-19,0,0,381
45,0,0,0,0,76,Colt,McCoy,750,73,0,250,30,77,0,7,366,33,366,74,37,0,1,83,2,4,4,47,0,0,71,0,21,1009,84,27,18,17,0,8,60,0,4,0,0,0,0,0,214,45,0,0,0,1,3,35,0,0,12,2,2,250,3,80,0,3,82,63,65,13,576,64,0,1,100,30,45,67,70,0,0,2,2,2,13,72,37,19,37,8,9,7,0,0,0,54,3,10,10,750,0,73,52,999,10,2,-19,0,0,286
45,5,5,7,7,6,Curtis,Robinson,0,79,0,0,17,86,0,4,372,1009,372,86,25,0,0,76,0,4,4,51,0,0,83,2,63,1009,89,76,45,45,0,8,29,0,0,0,0,0,0,0,200,45,100,0,0,0,1,65,0,0,59,2,0,0,1,75,0,15,24,57,89,2,3511,56,0,1,100,18,74,58,54,0,0,0,0,20,32,10,14,45,67,20,10,18,0,14,13,24,5,76,18,0,0,75,75,1023,10,2,-19,0,0,458
41,5,5,5,5,6,Micah,Parsons,1707,89,0,976,20,95,0,4,374,11,374,92,24,0,0,87,0,0,0,62,0,0,91,2,12,1015,93,89,45,45,0,8,57,0,0,0,0,0,0,0,164,16,41,0,0,2,3,17,0,0,11,1,4,976,0,70,0,1,30,97,85,2,3694,69,0,1,100,20,87,99,97,0,0,0,0,4,30,43,5,30,25,10,4,25,0,13,13,29,3,42,20,1707,0,75,85,1023,60,2,-19,0,0,112
45,3,3,3,3,37,Jabril,Cox,0,84,0,0,20,91,0,4,375,1009,375,88,25,0,1,74,0,4,4,69,1,0,83,2,10,1015,83,78,43,45,0,8,36,0,0,0,0,0,0,0,106,45,0,0,0,0,3,34,0,0,41,0,0,76,2,0,0,4,48,67,82,2,3698,45,0,1,100,20,65,64,62,5,5,5,5,1,22,61,10,5,32,11,10,15,1,14,14,10,6,20,14,0,1,75,73,1023,10,2,-19,0,0,86
45,0,0,0,0,12,Isaiah,McDuffie,361,79,0,12,12,88,0,5,376,20,376,85,24,0,0,78,0,0,0,60,0,0,75,2,36,1015,86,78,45,45,0,8,54,0,0,0,0,0,0,0,20,45,85,0,0,2,3,37,0,0,58,1,4,12,0,81,0,6,24,65,79,2,4096,74,0,1,100,14,73,65,65,0,0,0,0,1,26,64,0,0,1,7,0,0,0,14,14,0,0,33,14,361,0,73,67,1023,10,2,-19,0,0,425
45,7,7,5,5,6,Nick,Niemann,369,84,0,20,20,91,0,4,377,8,377,89,26,0,0,83,0,4,4,57,0,0,87,0,1,1015,92,80,45,45,0,8,33,0,2,0,0,0,0,0,89,45,100,0,0,2,1,65,0,0,31,0,4,20,1,75,0,6,21,65,81,2,3501,52,0,1,100,20,69,66,61,0,0,0,0,5,24,69,64,35,22,7,48,57,0,14,14,12,1,31,20,369,0,75,84,1023,10,2,-19,0,0,474
45,5,5,5,5,6,Garret,Wallow,0,82,0,0,26,86,0,7,378,1009,378,84,24,0,0,84,0,4,4,47,0,0,81,0,26,1015,92,78,42,44,0,8,29,0,0,0,0,0,0,0,207,45,100,0,0,0,3,65,0,0,32,1,0,28,1,75,0,5,24,63,79,2,4326,53,0,1,100,30,69,66,68,0,0,0,0,0,24,77,56,9,51,8,10,39,0,14,14,95,3,30,14,0,0,74,70,1023,25,2,-19,0,0,485
38,7,7,7,7,6,Patrick,Surtain II,2096,96,0,1260,11,92,0,4,379,4,379,93,23,0,1,86,0,4,4,75,0,0,90,2,9,1015,92,65,35,35,0,8,55,0,0,0,1,1,0,0,3,45,51,0,0,2,3,0,0,0,2,1,4,1260,3,75,0,1,28,94,92,2,1175,64,0,1,100,19,63,90,92,2,2,0,0,5,21,76,10,13,20,7,10,14,1,16,16,12,1,8,5,2096,0,74,42,1023,55,2,-19,0,0,306
30,7,7,7,7,6,Greg,Newsome II,1274,95,0,660,12,93,0,2,380,5,380,93,23,0,0,78,0,4,4,62,0,0,92,2,26,1015,86,59,35,35,0,8,53,0,0,0,2,2,0,0,151,12,79,0,0,2,3,33,0,0,0,0,4,660,3,87,0,1,22,83,90,2,1376,61,0,1,100,19,60,82,82,3,3,0,0,0,20,79,38,8,18,12,0,8,1,16,16,34,1,9,7,1274,0,72,32,1023,40,2,-19,0,0,131
30,7,7,7,7,12,Jaycee,Horn,2111,90,0,1272,14,93,0,10,381,21,381,92,24,0,0,82,0,4,4,76,0,0,88,2,8,1015,84,52,35,35,0,8,54,0,0,0,8,8,8,8,176,12,59,0,0,2,3,4,0,0,8,2,4,1272,3,85,0,1,30,83,94,2,4141,65,0,1,100,23,65,84,79,5,5,5,5,3,22,74,8,12,54,8,5,2,2,16,16,23,5,7,6,2111,0,73,40,1023,55,2,-19,0,0,296
45,3,3,3,3,38,Ifeatu,Melifonwu,478,88,0,84,23,91,0,7,382,19,382,89,24,0,0,81,0,0,0,67,0,0,83,2,37,1015,85,62,35,35,0,8,51,0,0,0,0,0,0,0,205,45,44,0,0,2,3,42,0,0,6,1,4,84,3,85,0,3,46,67,95,2,4075,59,0,1,100,28,64,75,66,5,5,5,5,2,22,72,36,20,32,8,11,5,1,17,16,68,4,6,6,478,1,75,50,1023,65,2,-19,0,0,424
30,7,7,7,7,39,Caleb,Farley,1349,86,0,716,33,95,0,7,383,33,383,95,25,0,1,78,0,4,4,71,0,0,92,2,22,1015,74,48,33,34,0,8,68,0,0,0,1,1,0,0,241,12,51,0,0,2,3,0,0,0,3,1,4,716,3,75,0,1,51,74,91,2,4382,66,0,1,100,43,63,79,68,2,2,0,0,3,22,75,10,13,20,7,10,14,1,16,16,12,2,5,7,1349,0,74,37,1023,70,2,-19,0,0,494
45,4,4,4,4,10,Tyson,Campbell,901,93,0,392,17,93,0,4,384,17,384,92,23,0,0,78,0,0,0,70,0,0,86,2,1,1015,90,66,28,34,0,8,29,0,0,0,0,0,0,0,70,30,36,0,0,2,3,68,0,0,32,2,4,392,0,86,0,2,31,85,84,2,4025,44,0,1,100,20,58,84,85,0,0,0,0,1,19,88,20,4,35,11,22,17,0,16,16,36,1,7,11,901,0,73,35,1023,47,2,-19,0,0,388
30,7,7,7,7,12,Eric,Stokes,1192,90,0,604,10,94,0,10,385,33,385,95,24,0,0,78,0,4,4,68,0,0,85,2,29,1015,88,49,25,35,0,7,49,0,0,0,0,0,0,0,70,12,0,0,0,2,3,54,0,0,21,1,4,604,2,94,0,1,29,76,91,2,4106,58,0,1,100,15,58,78,70,0,0,0,0,5,19,76,10,0,32,10,10,5,0,16,16,5,3,10,5,1192,0,72,34,1023,48,2,-19,0,0,277
45,6,6,6,6,6,Robert,Rochell,0,88,0,0,20,91,0,5,386,1009,386,92,25,0,0,72,0,0,0,66,0,0,92,2,25,1015,87,52,35,35,0,8,44,0,0,0,0,0,0,0,288,45,54,0,0,0,3,33,0,0,8,2,0,68,0,40,0,4,35,69,94,2,4218,59,0,1,100,20,55,76,69,0,0,0,0,5,18,76,37,2,53,9,19,10,0,16,16,39,5,4,4,0,0,74,35,1023,59,2,-19,0,0,386
45,4,7,4,7,6,Kelvin,Joseph,778,86,0,300,12,94,0,7,387,12,387,94,23,0,1,81,0,0,0,68,0,0,90,2,12,11,90,62,35,35,0,7,51,0,0,0,0,8,0,8,98,45,0,0,2,2,3,39,0,0,35,2,4,300,0,75,0,2,22,70,87,2,3701,53,0,1,100,19,58,74,58,3,0,3,0,0,19,85,8,12,35,12,2,1,0,16,16,67,1,11,9,778,0,73,32,1023,73,0,-19,0,0,393
45,7,7,7,7,6,Elijah,Molden,478,88,0,84,13,90,0,4,388,30,388,88,24,0,1,87,0,0,0,61,0,0,84,1,36,1015,88,60,35,40,0,8,57,0,0,0,0,0,2,2,252,45,45,0,0,2,3,43,0,0,24,2,4,84,3,95,0,3,25,71,87,2,4383,63,0,1,100,17,57,74,75,0,0,0,0,2,18,93,10,6,80,12,10,6,0,16,17,6,4,7,10,478,0,70,32,1023,60,2,-19,0,0,58
45,4,4,4,4,6,Paulson,Adebo,504,91,0,104,31,91,1,10,389,27,389,91,24,0,0,85,0,0,2,73,0,0,92,2,12,1015,91,53,35,35,0,8,51,0,0,0,9,9,9,9,200,30,0,0,0,2,3,4,0,0,29,2,4,104,0,79,0,3,30,73,87,2,4277,63,0,1,100,32,64,80,74,0,0,0,0,1,22,87,23,13,18,7,25,5,0,16,16,25,2,12,6,504,0,73,32,1023,46,2,-19,0,0,433
45,4,4,4,4,6,Aaron,Robinson,514,88,0,108,12,91,0,10,390,33,390,93,26,0,0,83,0,4,4,59,0,0,87,2,7,1015,85,60,35,35,0,8,39,0,0,0,0,0,0,0,225,45,25,0,0,2,3,42,0,0,33,2,4,108,0,84,0,3,22,71,87,2,4007,56,0,1,100,19,59,74,70,0,0,0,0,2,20,89,34,14,13,10,10,5,0,16,16,6,4,4,4,514,0,73,33,1023,45,2,-19,0,0,420
45,6,6,6,6,24,Asante,Samuel Jr,722,94,0,260,25,94,3,5,391,8,391,92,24,0,0,82,0,0,0,73,0,0,92,2,15,1015,90,51,35,35,0,7,42,0,0,0,0,0,2,2,64,30,0,0,0,2,3,38,0,0,26,2,4,260,0,97,0,2,43,82,84,2,3723,54,0,1,100,25,54,84,83,0,0,3,3,0,17,91,17,30,21,12,8,20,0,16,16,28,1,8,7,722,0,70,20,1023,54,2,-19,0,0,244
45,0,0,0,0,6,Benjamin,St-Juste,510,88,0,108,13,91,0,4,395,26,395,91,26,0,0,74,0,0,0,60,0,0,92,2,10,1015,87,55,35,35,0,8,45,0,0,0,0,0,0,0,120,30,22,0,0,2,3,0,0,0,25,0,4,108,0,7,0,3,21,74,83,2,4262,56,0,1,100,18,59,75,72,0,0,0,0,0,20,87,0,0,36,7,0,0,0,16,17,0,2,6,12,510,0,75,40,1023,35,2,-19,0,0,266
45,3,3,3,3,6,Ambry,Thomas,478,88,0,84,12,91,0,7,396,15,396,92,24,0,0,86,0,0,0,66,0,0,82,2,38,1015,89,60,35,35,0,8,44,0,0,0,4,4,4,4,117,45,60,0,0,2,3,51,0,0,20,2,4,84,0,70,0,3,10,71,90,2,3988,54,0,1,100,15,61,76,70,3,3,3,3,0,20,86,9,10,50,12,10,6,1,16,16,38,3,9,11,478,0,72,30,1023,74,2,-19,0,0,60
45,3,3,3,3,13,Israel,Mukuamu,361,86,0,12,23,90,0,5,398,11,398,88,24,0,0,68,0,0,0,70,0,0,79,2,43,1015,87,64,35,35,0,8,54,0,0,0,0,0,0,0,176,45,0,3,3,2,3,34,0,0,24,2,4,12,0,67,0,6,31,69,87,2,3702,59,0,1,100,28,65,76,71,0,0,0,0,0,22,65,25,9,46,9,8,6,0,17,16,39,4,8,12,361,0,76,45,1023,37,2,-19,0,0,424
45,7,7,7,7,6,Shaun,Wade,347,86,0,0,12,92,1,7,399,22,399,90,25,2,1,74,0,0,0,67,0,0,83,2,16,25,84,63,35,35,0,7,54,0,0,0,2,2,0,0,156,45,0,0,0,2,3,40,0,0,26,2,4,0,0,73,0,5,22,65,89,2,4653,58,0,1,100,19,60,73,63,3,3,0,0,4,20,91,5,1,19,10,20,2,0,16,16,60,3,4,9,347,0,73,31,1023,40,2,-19,0,0,29
45,5,5,5,5,6,Marco,Wilson,413,89,0,64,15,92,0,7,400,7,400,92,24,0,0,85,0,4,4,67,0,0,88,2,31,1015,84,46,35,35,0,8,44,0,0,0,0,0,0,0,62,30,0,0,0,2,3,72,0,0,20,0,4,64,0,58,0,4,34,74,94,2,2850,53,0,1,100,21,66,80,77,4,4,4,4,4,23,94,1,28,25,10,16,5,2,16,16,34,0,8,6,413,0,71,27,1023,58,2,-19,0,0,73
45,3,3,3,3,6,Zech,McPhearson,420,89,0,72,17,93,0,7,402,33,402,89,25,0,0,85,0,0,0,62,0,0,89,2,18,1015,91,60,35,35,0,8,47,0,0,0,0,0,0,0,217,45,0,4,4,2,3,60,0,0,27,2,4,72,0,20,0,4,20,68,93,2,3747,59,0,1,100,22,60,74,67,0,0,0,0,1,20,83,10,21,15,9,0,26,0,16,16,10,1,11,9,420,0,71,31,1023,72,2,-30,0,0,74
45,3,3,4,4,6,Tre,Brown,412,87,0,64,25,91,0,7,403,28,403,92,26,0,0,80,0,4,4,57,0,0,84,2,32,1015,77,56,35,35,0,7,49,0,0,0,0,0,0,0,157,45,100,0,0,2,3,65,0,0,22,2,4,64,1,75,0,4,30,69,90,2,4281,54,0,1,100,25,55,71,66,0,0,0,0,2,17,95,0,16,14,7,24,8,0,16,16,4,2,11,8,412,0,70,25,1023,73,2,-19,0,0,189
45,7,7,7,7,6,Darren,Hall,0,89,0,0,15,91,2,5,404,1009,404,90,23,0,0,84,0,4,4,65,0,0,80,2,3,1015,86,59,35,35,0,7,40,0,0,0,0,0,0,0,180,45,0,0,0,0,3,37,0,0,30,2,0,80,0,65,0,4,27,68,91,2,3919,53,0,1,100,21,60,74,68,5,5,5,5,4,20,79,6,37,17,9,19,9,0,16,16,39,4,5,10,0,0,72,30,1023,50,2,-19,0,0,85
45,7,7,2,2,6,Michael,Carter II,380,92,0,32,17,93,0,4,405,18,405,93,24,0,0,85,0,4,4,68,0,0,87,2,10,1015,89,59,35,35,0,8,39,0,0,0,0,0,0,0,52,45,100,0,0,2,1,65,0,0,30,2,4,32,1,75,0,5,27,75,85,2,4042,54,0,1,100,18,55,79,75,0,0,0,0,5,18,78,37,42,38,7,14,32,0,16,16,16,3,2,8,380,0,70,24,1023,49,2,-19,0,0,31
45,1,1,1,1,6,Bryce,Thompson,4,87,0,0,11,92,0,4,406,33,406,87,24,0,0,67,0,7,7,68,0,0,79,2,63,1009,87,42,35,35,0,7,64,0,0,0,2,2,0,0,211,45,30,0,0,1,3,72,0,0,31,2,1,0,0,60,0,15,32,59,82,2,1103,69,0,1,100,21,53,65,54,3,3,0,0,3,28,92,1,26,25,12,16,5,1,16,16,34,2,8,6,4,0,71,30,1023,62,0,-19,0,0,271
45,4,4,4,4,20,Ar'Darius,Washington,94,85,0,0,11,88,0,7,410,25,410,85,24,0,0,83,0,0,0,69,0,0,82,2,63,1009,85,65,35,35,0,8,50,0,0,0,7,7,7,7,207,45,35,0,0,1,3,0,0,0,29,2,1,0,0,87,0,15,27,63,89,2,4937,59,0,1,100,10,57,68,57,6,6,6,6,4,18,78,10,25,15,8,0,30,1,17,16,10,1,1,8,94,0,68,16,1023,40,2,-30,0,0,236
45,0,0,0,0,6,Tre'von,Moehrig,789,92,0,308,21,90,0,7,411,23,411,90,24,0,0,80,0,0,0,72,0,0,82,2,11,1015,92,70,35,35,0,8,51,0,0,0,0,0,0,0,207,32,15,0,0,2,3,2,0,0,25,2,4,308,0,81,0,2,22,76,80,2,4180,64,0,1,100,21,61,81,77,0,0,0,0,5,20,77,0,0,33,11,0,0,0,17,18,0,0,11,6,789,0,74,42,1023,65,2,-19,0,0,425
45,4,3,4,3,12,Richie,Grant,826,95,0,336,16,92,0,7,413,14,413,87,26,0,0,90,0,0,0,74,0,0,89,2,8,1015,91,68,35,35,0,7,53,0,0,0,0,9,0,9,225,45,48,0,1,2,3,46,0,0,27,0,4,336,0,87,0,2,23,77,83,2,3937,65,0,1,100,19,58,80,78,3,4,3,4,0,19,85,22,32,38,7,12,7,2,18,18,33,2,8,9,826,0,72,40,1023,62,2,-19,0,0,386
45,4,4,4,4,10,Jevon,Holland,871,93,0,368,15,93,0,5,414,12,414,91,23,0,1,84,0,4,4,78,0,0,84,2,4,1015,92,70,35,35,0,7,43,0,1,0,0,0,2,2,160,32,51,0,0,2,3,26,0,0,8,2,4,368,3,63,0,2,23,84,87,2,3715,67,0,1,100,11,65,89,83,5,5,3,3,4,22,87,34,18,54,10,4,12,1,17,17,39,2,9,6,871,0,73,50,1023,71,2,-19,0,0,356
45,6,6,7,7,10,Andre,Cisco,523,92,0,116,19,91,0,5,416,17,416,92,23,0,0,84,0,4,4,74,0,0,88,2,1,1015,90,70,35,35,0,8,42,0,0,0,0,0,0,0,205,32,100,0,0,2,1,65,0,0,5,2,4,116,1,75,0,3,28,79,87,2,4027,59,0,1,100,15,65,85,77,0,0,0,0,5,22,77,35,19,36,13,3,23,0,17,17,14,2,7,7,523,0,72,49,1023,43,2,-19,0,0,282
45,4,4,4,4,6,Shawn,Davis,0,84,0,0,15,90,2,10,417,33,417,88,26,0,1,82,0,0,0,69,0,0,87,2,21,1009,86,64,35,35,0,8,51,0,0,0,0,0,0,0,62,45,0,6,6,0,3,42,0,0,30,2,0,0,0,72,0,5,35,65,93,2,3673,57,0,1,100,22,63,74,64,0,0,0,0,3,22,75,6,30,26,11,27,37,1,17,18,13,0,5,10,0,0,71,45,1023,64,2,-19,0,0,287
45,4,4,6,6,10,Caden,Sterns,381,89,0,32,18,91,0,7,418,4,418,91,24,0,0,70,0,4,4,65,0,0,84,2,8,1015,87,65,35,35,0,8,45,0,0,0,0,0,0,0,214,45,100,0,0,2,3,65,0,0,30,0,4,32,1,75,0,5,23,73,92,2,1212,57,0,1,100,23,60,77,74,0,0,0,0,0,20,76,38,48,42,13,20,28,0,18,17,74,4,13,11,381,0,73,47,1023,48,2,-19,0,0,4
45,0,0,0,0,6,Divine,Deablo,498,85,0,96,11,87,0,7,419,23,419,88,25,0,0,91,0,0,0,71,0,0,83,2,16,1015,86,89,35,35,0,8,56,0,0,0,0,0,0,0,241,45,11,0,0,2,3,31,0,0,5,0,4,96,0,87,0,3,23,73,82,2,4189,62,0,1,100,14,69,81,70,0,0,0,0,1,24,70,0,0,21,13,0,0,0,15,18,0,10,17,14,498,0,75,66,1023,54,2,-19,0,0,356
45,0,0,0,0,10,Hamsah,Nasirildeen,176,81,0,0,18,90,0,7,421,33,421,87,24,0,0,85,0,0,0,71,0,0,82,2,2,1009,82,81,35,35,0,8,55,0,0,0,0,0,0,0,64,45,13,0,0,1,3,35,0,0,45,1,2,0,0,85,0,6,27,66,78,2,4047,62,0,1,100,18,67,73,66,0,0,0,0,2,24,74,0,0,19,13,0,0,0,13,17,0,1,6,6,176,0,75,55,1023,54,2,-19,0,0,433
45,6,6,4,4,12,Tyree,Gillespie,94,86,0,0,10,90,0,0,422,33,422,91,25,0,0,78,0,4,4,54,0,0,82,2,38,1009,88,70,35,35,0,8,56,0,0,0,0,0,0,0,122,45,100,0,0,1,3,65,0,0,27,2,1,0,1,75,0,4,24,65,85,2,4187,68,0,1,100,10,61,71,61,0,0,0,0,3,20,90,26,15,15,9,5,7,0,18,18,7,4,11,8,94,0,72,47,1023,50,0,-19,0,0,296
45,7,7,7,7,33,Jamien,Sherwood,383,81,0,32,20,86,0,10,424,18,424,82,23,0,1,87,0,4,4,63,0,0,79,2,2,1015,84,78,35,35,0,8,54,0,0,0,4,4,4,4,14,45,26,0,0,2,3,45,0,0,44,1,4,32,0,75,0,5,43,66,86,2,4049,64,0,1,100,25,65,70,68,6,6,6,6,4,22,70,39,25,31,11,7,21,0,13,18,39,0,10,8,383,0,74,56,1023,45,2,-19,0,0,244
45,5,5,2,2,32,Talanoa,Hufanga,372,94,0,24,18,89,0,7,425,15,425,90,24,0,0,87,0,4,4,73,0,0,85,2,36,1015,87,72,35,35,0,8,46,0,0,0,0,0,0,0,231,32,100,0,0,2,1,65,0,0,29,2,4,24,1,75,0,5,38,86,85,2,3989,61,0,1,100,21,58,89,90,0,0,0,0,2,19,73,30,44,37,8,6,31,0,18,18,9,0,8,5,372,0,72,40,1023,44,2,-19,0,0,24
45,5,5,5,5,13,Trill,Williams,244,85,0,0,13,92,0,7,426,33,426,88,24,0,0,83,0,4,4,66,0,0,82,2,63,1009,87,57,35,35,0,7,66,0,0,0,0,0,0,0,205,45,100,0,0,1,3,65,0,0,0,2,3,0,1,75,0,15,33,62,86,2,4677,64,0,1,100,15,66,59,50,0,0,0,0,13,41,54,25,12,15,9,3,19,0,18,18,49,3,2,10,244,0,73,45,1023,65,2,-19,0,0,309
45,2,2,3,3,20,Evan,McPherson,382,84,0,32,88,82,0,7,428,2,428,76,24,0,0,54,0,4,4,32,0,0,63,0,5,1015,93,16,13,17,0,7,5,0,0,0,0,0,0,0,62,45,100,0,0,2,3,65,0,0,2,0,4,32,1,75,0,5,27,79,63,2,548,21,0,1,100,95,37,81,65,0,0,0,0,2,8,73,24,32,28,8,2,22,0,19,19,17,1,9,6,382,0,71,25,1023,10,2,-19,0,0,56
45,3,3,0,0,24,Riley,Patterson,94,83,0,0,84,79,0,7,430,19,430,77,24,0,0,76,0,4,4,38,0,0,63,0,63,17,91,32,10,15,0,8,16,0,0,0,0,0,0,0,114,45,100,0,0,1,3,65,0,0,36,2,1,0,1,75,0,15,31,74,71,2,4879,41,0,1,100,92,40,77,60,0,0,0,0,4,10,69,8,7,19,9,15,8,0,19,19,37,2,4,9,94,0,72,30,1023,10,0,-19,0,0,164
45,0,0,0,0,23,Quinn,Nordin,0,84,0,0,66,77,0,7,431,1009,431,73,25,0,0,63,0,4,4,27,0,0,64,2,63,1009,78,22,16,24,0,8,16,0,0,0,0,0,0,0,117,45,100,0,0,0,1,65,0,0,13,2,0,0,1,75,0,15,31,65,55,2,4907,31,0,1,100,94,52,66,47,0,0,0,0,19,2,73,42,8,55,57,21,27,0,19,19,3,19,2,9,0,0,73,29,1023,10,2,-19,0,0,361
45,3,3,0,0,38,Pressley,Harvin III,356,84,0,8,75,68,0,4,435,29,435,60,25,0,0,76,0,4,4,46,0,0,67,2,26,1015,92,36,16,21,0,7,16,0,0,0,0,0,0,0,71,45,100,0,0,2,3,65,0,0,6,0,4,8,1,75,0,7,55,72,65,2,4680,56,0,1,100,91,66,73,58,0,0,0,0,5,23,40,47,21,26,7,17,17,0,20,20,42,1,32,24,356,0,72,95,1023,10,2,-19,0,0,498
45,2,2,4,4,47,Drue,Chrisman,157,85,0,0,70,68,0,7,436,33,436,74,26,0,0,74,0,4,4,29,0,0,56,0,63,1009,91,34,20,20,0,7,12,0,2,0,0,0,0,0,156,45,100,0,0,1,3,65,0,0,4,2,2,0,1,75,0,15,50,70,65,2,3619,37,0,1,100,91,46,72,57,0,0,0,0,2,26,63,40,26,29,11,17,15,0,20,20,45,3,32,11,157,0,74,62,1023,10,2,-19,0,0,237
45,6,6,6,6,15,Frank,Darby,176,82,0,0,11,90,0,1,437,33,437,88,26,0,0,79,0,4,4,76,0,0,83,2,3,1015,88,36,36,48,0,7,74,0,0,0,0,0,0,0,9,45,100,0,0,1,3,65,0,0,88,2,2,0,1,75,0,6,31,64,85,2,3750,74,0,1,100,16,65,65,67,0,0,0,0,5,22,66,28,46,0,10,15,11,0,3,3,59,0,6,10,176,0,72,40,1023,25,2,-19,0,0,229
45,3,3,5,5,55,Tutu,Atwell,590,82,0,164,17,94,0,0,438,24,438,93,24,0,0,74,0,4,4,78,0,0,89,2,25,1015,80,18,22,36,0,8,67,0,0,0,0,0,0,0,105,45,100,0,0,2,3,65,0,0,5,2,4,164,1,75,0,2,70,71,80,2,4196,63,0,1,100,20,40,66,65,0,0,0,0,1,10,79,5,15,49,8,28,19,0,3,3,41,0,4,7,590,0,69,5,1023,69,2,-19,0,0,331
45,3,3,5,5,10,Simi,Fehoko,0,81,0,0,15,89,0,9,439,1009,439,91,26,0,0,83,0,4,4,81,0,0,88,2,35,1015,90,43,37,48,0,7,70,0,0,0,0,0,0,0,200,45,100,0,0,0,3,65,0,0,81,2,0,24,1,75,0,5,25,68,83,2,3674,75,0,1,100,22,66,69,69,0,0,0,0,4,23,79,24,47,48,8,15,27,0,3,3,6,1,6,6,0,0,75,60,1023,40,2,-19,0,0,121
45,0,0,2,2,20,Nolan,Cooney,75,66,0,0,85,82,0,7,441,7,441,74,27,0,0,36,0,4,4,26,0,0,84,2,63,1009,78,13,26,27,0,8,18,0,0,0,0,0,0,0,205,45,100,0,0,1,3,65,0,0,16,2,1,0,1,75,0,15,42,95,80,1,4227,32,0,1,100,89,66,76,60,0,0,0,0,0,19,97,44,21,23,35,19,11,0,20,20,44,4,15,7,75,0,75,42,1023,0,1,-19,0,0,169
45,0,0,0,0,30,Justin,Tucker,3585,85,0,660,99,77,0,7,443,25,443,73,34,0,0,62,2,4,4,52,0,0,63,0,63,1009,96,13,17,12,0,8,5,0,2,0,7,7,7,7,214,45,84,0,0,5,3,45,0,0,9,1,6,660,1,0,0,15,28,91,41,11,172,35,0,1,100,99,40,91,80,5,5,5,5,1,10,83,10,6,20,9,10,6,0,19,19,5,4,6,5,3585,0,73,24,999,10,11,-19,0,0,329
45,6,6,3,3,10,Dax,Milne,355,81,0,8,22,91,0,7,446,26,446,87,24,0,0,81,0,4,4,82,0,0,86,2,30,1015,90,35,33,46,0,8,68,0,1,0,0,0,0,0,26,45,100,0,0,2,3,65,0,0,15,2,4,8,1,75,0,7,21,67,77,2,4396,72,0,1,100,20,61,64,60,0,0,0,0,0,20,69,27,26,24,11,21,18,0,3,3,71,5,10,10,355,0,72,30,1023,75,2,-19,0,0,403
45,4,4,2,2,15,Mike,Strachan,0,81,0,0,17,91,0,7,447,1009,447,88,26,0,0,80,0,4,4,81,0,0,85,2,1,1015,90,28,29,45,0,7,70,0,0,0,0,0,0,0,35,45,100,0,0,0,3,65,0,0,17,2,0,8,1,75,0,7,25,65,85,2,4395,74,0,1,100,14,72,68,68,0,0,0,0,0,26,55,6,33,8,10,7,31,0,3,3,31,0,35,14,0,0,77,64,1023,45,2,-19,0,0,416
45,3,3,5,5,10,Tim,Jones,157,84,0,0,13,88,0,7,454,17,454,90,25,0,0,80,0,4,4,76,0,0,83,2,63,1009,90,35,27,51,0,7,65,0,0,0,0,0,0,0,194,45,100,0,0,1,1,65,0,0,15,2,2,0,1,75,0,15,25,63,93,2,4869,74,0,1,100,18,63,60,55,0,0,0,0,5,21,2,46,6,32,46,5,3,0,3,3,48,3,3,3,157,0,73,50,1023,73,2,-19,0,0,97
45,2,2,4,4,24,Ja'Quan,McMillian,75,94,0,0,12,80,0,4,457,4,457,83,23,0,0,92,0,4,4,66,0,0,83,2,63,1009,87,69,16,22,0,8,17,0,0,0,0,0,0,0,54,45,100,0,0,1,3,65,0,0,35,2,1,0,1,75,0,15,22,83,69,1,4324,54,0,1,100,22,59,60,50,0,0,0,0,19,41,62,26,7,4,77,15,1,0,16,16,14,0,14,0,75,0,60,23,1023,17,0,-19,0,0,69
4,0,0,0,0,76,Blaine,Gabbert,109,68,0,15,22,73,0,7,460,9,460,79,34,0,1,88,2,4,4,28,0,0,77,0,10,1009,90,26,24,20,0,8,53,0,4,0,8,8,8,8,122,45,0,0,0,1,3,47,0,0,9,1,1,15,3,80,0,1,83,58,81,12,85,50,0,1,100,22,66,66,64,0,0,0,0,2,23,51,10,5,41,12,10,5,0,0,0,6,7,21,14,109,0,77,75,999,10,0,-19,0,0,323
45,0,0,0,0,75,Cam,Newton,0,84,0,0,22,86,0,5,461,33,461,83,34,0,0,99,2,7,7,72,0,0,84,2,1,1009,84,44,32,34,0,8,76,0,0,0,7,7,7,7,14,20,84,0,0,0,3,6,0,1,1,1,0,0,3,85,0,1,86,65,84,12,991,71,0,1,100,24,81,67,62,6,6,6,6,3,30,39,10,10,33,13,10,10,1,0,0,6,9,21,23,0,0,77,85,999,14,2,-19,0,0,400
45,6,6,2,2,10,Blake,Proehl,87,85,0,0,24,92,0,7,466,33,466,90,24,0,0,81,0,4,4,84,0,0,82,2,63,1009,84,26,23,37,0,8,67,0,1,0,0,0,0,0,54,45,100,0,0,1,3,65,0,0,13,2,1,0,1,75,0,15,24,63,84,2,2530,73,0,1,100,24,57,65,59,0,0,0,0,5,21,84,31,9,33,0,9,25,0,3,3,10,4,0,7,87,0,73,30,1023,76,2,-19,0,0,130
45,5,5,6,6,10,Connor,Wedington,0,85,0,0,22,92,0,7,471,33,471,90,25,0,0,75,0,4,4,75,0,0,93,2,63,1009,87,34,40,44,0,7,76,0,0,0,0,0,0,0,200,45,100,0,0,0,3,65,0,0,83,2,0,0,1,75,0,15,35,66,90,2,4922,73,0,1,100,20,59,59,49,0,0,0,0,2,49,14,16,22,22,64,2,5,0,3,3,28,8,45,20,0,0,72,40,1023,84,2,-19,0,0,275
45,7,7,6,6,28,Osirus,Mitchell,0,94,0,0,22,85,0,1,472,33,472,87,26,0,0,91,0,4,4,82,0,0,84,2,63,1009,94,27,41,20,0,8,68,0,0,0,0,0,0,0,121,45,100,0,0,0,3,65,0,0,82,2,0,0,1,75,0,15,17,65,85,2,4891,78,0,1,100,5,69,56,40,0,0,0,0,13,13,99,12,40,36,35,8,6,0,3,3,44,4,32,16,0,0,77,46,1023,83,1,-19,0,0,270
45,7,7,2,2,15,Dez,Fitzpatrick,0,81,0,0,40,89,0,4,475,1009,475,89,26,0,0,87,0,4,4,78,0,0,84,2,4,1009,90,29,28,41,0,7,72,0,0,0,0,0,0,0,105,45,100,0,0,0,1,65,0,0,82,2,0,0,1,75,0,4,28,66,86,2,4349,70,0,1,100,46,59,66,68,0,0,0,0,1,20,66,56,3,56,8,3,34,0,3,3,7,1,9,5,0,0,74,48,1023,50,0,-19,0,0,295
45,6,6,3,3,38,Tarik,Black,75,69,0,0,21,90,0,7,479,33,479,90,25,0,0,83,0,4,4,78,0,0,88,2,63,1009,66,10,26,47,0,8,62,0,0,0,0,0,0,0,214,45,100,0,0,1,1,65,0,0,0,2,1,0,1,75,0,15,37,64,91,2,4873,70,0,1,100,16,71,55,40,0,0,0,0,17,5,87,17,15,53,62,18,4,0,3,3,85,4,36,20,75,0,75,53,1023,31,2,-19,0,0,313
45,6,6,7,7,12,Darrick,Forrest,379,90,0,32,17,93,0,7,483,26,483,91,24,0,0,78,0,4,4,73,0,0,86,2,19,1015,87,79,35,35,0,7,49,0,0,0,0,0,0,0,36,32,100,0,0,2,3,65,0,0,22,2,4,32,1,75,0,5,24,82,92,2,4263,55,0,1,100,18,67,89,81,0,0,0,0,5,24,75,25,47,35,8,10,16,0,17,18,35,0,7,10,379,0,71,40,1023,66,2,-19,0,0,85
45,2,2,5,5,6,James,Wiggins,87,86,0,0,11,92,0,5,484,33,484,91,26,0,0,84,0,4,4,66,0,0,77,2,15,1015,83,68,35,35,0,8,57,0,0,0,0,0,0,0,36,45,100,0,0,1,3,65,0,0,34,2,1,0,1,75,0,7,24,65,90,2,2861,57,0,1,100,10,68,75,66,0,0,0,0,4,24,90,27,33,41,7,9,31,0,17,17,18,2,8,9,87,0,71,49,1023,75,0,-19,0,0,131
45,7,7,4,4,6,Damar,Hamlin,364,86,0,16,20,92,0,1,486,3,486,86,25,0,0,78,0,4,4,67,0,0,86,2,28,1015,87,62,35,35,0,8,49,0,0,0,0,0,0,0,166,45,100,0,0,2,3,65,0,0,3,0,4,16,1,75,0,6,25,66,84,2,828,63,0,1,100,20,62,72,69,0,0,0,0,4,21,71,4,0,37,11,4,17,0,18,17,22,1,9,5,364,0,72,40,1023,51,2,-19,0,0,2
45,2,2,5,5,6,Mark,Webb Jr,87,85,0,0,13,90,0,5,488,33,488,85,25,0,0,87,0,4,4,58,0,0,76,2,13,1015,84,69,35,35,0,8,47,0,0,0,0,0,0,0,70,45,100,0,0,1,3,65,0,0,29,2,1,0,1,75,0,7,21,64,87,2,3806,62,0,1,100,14,64,68,63,0,0,0,0,3,22,81,32,49,21,12,28,22,0,17,17,71,3,7,7,87,0,74,40,1023,45,2,-19,0,0,92
45,7,7,3,3,34,Richard,Lecounte III,0,87,0,0,17,81,0,7,489,1009,489,81,25,0,0,75,0,4,4,69,0,0,80,2,25,1015,85,58,35,35,0,7,49,0,0,0,0,0,0,0,70,45,100,0,0,0,3,65,0,0,15,0,0,0,1,75,0,5,42,63,79,2,1381,62,0,1,100,21,53,70,73,0,0,0,0,3,16,86,36,2,44,8,22,0,0,17,18,28,0,12,9,0,0,71,36,1023,50,1,-19,0,0,11
45,4,4,5,5,10,Devon,Key,0,84,0,0,12,89,0,7,491,1009,491,87,26,0,0,86,0,4,4,58,0,0,79,2,63,1009,92,69,35,35,0,7,44,0,0,0,0,0,0,0,245,45,100,0,0,0,3,65,0,0,38,2,0,0,1,75,0,15,30,60,90,2,4083,60,0,1,100,14,66,64,51,0,0,0,0,5,25,79,20,31,20,13,27,23,0,18,18,39,5,13,11,0,0,72,48,1023,30,1,-19,0,0,73
45,2,2,6,6,10,Tyler,Coyle,75,83,0,0,12,90,0,4,492,33,492,91,25,0,0,77,0,4,4,64,0,0,79,2,63,1009,89,60,32,34,0,8,50,0,0,0,0,0,0,0,169,45,100,0,0,1,3,65,0,0,31,2,1,0,1,75,0,15,26,62,92,2,4401,62,0,1,100,18,70,65,56,0,0,0,0,2,26,91,1,48,11,8,19,43,0,18,18,25,0,5,9,75,0,73,49,1023,40,2,-19,0,0,97
45,6,6,6,6,6,Brady,Breeze,87,85,0,0,12,87,0,7,493,33,493,87,26,0,0,75,0,4,4,60,0,0,83,2,31,1009,87,67,35,35,0,7,51,0,0,0,0,0,0,0,160,45,100,0,0,1,3,65,0,0,35,2,1,0,1,75,0,6,25,65,90,2,4386,60,0,1,100,15,66,70,63,0,0,0,0,2,23,85,13,22,9,10,20,16,0,18,18,19,0,6,11,87,0,72,37,1023,45,1,-19,0,0,162
45,3,3,5,5,29,Joshuah,Bledsoe,0,85,0,0,43,87,0,5,494,1009,494,88,25,0,0,87,0,4,4,57,0,0,79,2,4,1015,90,65,35,35,0,8,45,0,0,0,0,0,0,0,122,45,100,0,0,0,3,65,0,0,24,2,0,20,1,75,0,6,36,65,82,2,4171,63,0,1,100,47,69,71,70,0,0,0,0,10,6,65,42,23,37,70,7,19,0,17,17,7,0,4,8,0,0,71,41,1023,64,2,-19,0,0,303
45,3,3,3,3,39,Chris,Glaser,75,60,0,0,11,63,0,4,502,33,502,32,24,0,0,79,0,4,4,10,0,0,49,2,63,1009,81,23,80,69,0,8,26,0,0,0,0,0,0,0,240,45,100,0,0,1,3,65,0,0,64,2,1,0,1,75,0,15,24,55,13,1,4243,13,0,1,100,12,96,63,60,0,0,0,0,30,67,71,82,22,36,73,107,47,0,8,8,85,37,69,4,75,0,76,146,1023,0,1,-19,0,0,63
45,5,5,3,3,10,Zayne,Anderson,200,86,0,0,24,90,0,7,503,20,503,91,26,0,0,74,0,4,4,60,0,0,90,2,63,1009,84,63,35,35,0,8,35,0,1,0,0,0,0,0,26,45,100,0,0,2,3,65,0,0,39,2,2,0,1,75,0,15,31,62,82,2,4072,60,0,1,100,23,59,64,51,0,0,0,0,30,6,53,10,1,4,19,21,24,0,17,17,16,0,15,24,200,0,74,45,1023,45,0,-19,0,0,252
45,0,0,0,0,65,Josh,Johnson,0,72,0,0,25,81,0,4,506,25,506,81,37,0,0,70,2,4,4,54,0,0,81,2,25,1009,91,30,15,15,0,7,61,0,0,0,0,0,0,0,327,45,0,1,1,1,3,34,0,0,17,1,1,15,2,85,0,5,85,59,81,15,1106,61,0,1,100,25,53,62,64,0,0,0,0,4,16,80,2,6,47,11,3,10,1,0,0,22,1,13,10,109,0,75,55,999,10,1,-19,0,0,468
45,4,4,3,3,6,Shemar,Jean-Charles,0,87,0,0,11,88,0,7,510,1009,510,88,25,0,0,69,0,4,4,56,0,0,85,2,34,1015,90,48,35,35,0,8,37,0,0,0,0,0,0,0,7,45,100,0,0,0,3,65,0,0,22,2,0,24,1,75,0,5,23,63,84,2,4118,54,0,1,100,13,61,67,64,0,0,0,0,2,20,85,31,12,38,8,11,11,0,16,16,25,5,5,6,0,0,70,24,1023,55,2,-19,0,0,295
45,7,7,3,3,6,Jason,Pinnock,375,88,0,24,20,93,0,10,511,16,511,89,24,0,0,87,0,4,4,68,0,0,87,2,31,1009,89,66,35,39,0,7,51,0,0,0,0,0,0,0,166,45,100,0,0,2,3,65,0,0,27,2,4,24,1,75,0,5,35,68,93,2,4044,56,0,1,100,20,61,76,66,0,0,0,0,1,20,69,36,40,4,8,25,5,0,17,16,16,1,12,5,375,0,72,45,1023,60,1,-19,0,0,222
45,6,6,3,3,6,Rodarius,Williams,365,87,0,16,15,91,0,4,512,33,512,88,27,0,0,88,1,4,4,57,0,0,83,2,17,1015,84,55,35,35,0,7,51,0,0,0,0,0,0,0,158,45,100,0,0,2,1,65,0,0,25,2,4,16,1,75,0,6,34,65,87,2,4008,60,0,1,100,21,58,70,66,0,0,0,0,2,19,91,5,11,14,7,5,29,0,16,16,67,5,9,10,365,0,72,33,1023,60,2,-19,0,0,253
45,6,6,2,2,6,Avery,Williams,372,87,0,24,17,89,0,7,513,33,513,90,25,0,0,86,0,4,4,58,0,0,86,2,39,1015,90,55,44,30,0,8,71,0,0,0,0,0,0,0,19,45,100,0,0,2,3,65,0,0,26,2,4,24,1,75,0,5,27,62,81,2,3932,73,0,1,100,18,57,69,56,0,0,0,0,0,18,82,33,43,9,7,25,23,0,1,16,55,3,8,7,372,0,69,35,1023,81,2,-19,0,0,271
45,6,6,7,7,6,Brandon,Stephens,478,91,0,84,15,88,0,7,514,25,514,91,26,0,0,87,0,4,4,66,0,0,84,2,40,1015,92,65,38,35,0,7,62,0,0,0,0,0,0,0,192,30,100,0,0,2,3,65,0,0,21,2,4,84,1,75,0,3,21,70,90,2,4241,69,0,1,100,18,67,75,70,0,0,0,0,0,24,73,11,22,26,8,10,10,0,16,16,33,2,11,7,478,0,73,55,1023,25,2,-19,0,0,278
45,3,3,7,7,6,Nate,Hobbs,378,91,0,28,14,91,0,4,515,23,515,90,24,0,0,82,0,4,4,63,0,0,88,2,23,1015,90,65,35,35,0,7,51,0,0,0,0,0,0,0,84,30,100,0,0,2,3,65,0,0,39,2,4,28,1,75,0,5,27,79,93,2,4179,58,0,1,100,15,63,80,80,0,0,0,0,5,22,80,23,31,8,12,2,14,0,16,16,51,2,10,5,378,0,73,35,1023,74,2,-19,0,0,253
45,2,2,3,3,14,Brandin,Echols,365,90,0,16,16,93,0,7,517,33,517,93,26,0,0,85,0,4,4,59,0,0,89,2,16,1015,87,55,35,35,0,7,45,0,0,0,0,0,0,0,98,45,100,0,0,2,3,65,0,0,26,2,4,16,1,75,0,6,32,68,95,2,4046,62,0,1,100,21,52,72,63,0,0,0,0,2,16,88,13,46,21,11,5,33,0,16,16,34,1,7,4,365,0,70,15,1023,65,2,-19,0,0,245
45,5,5,4,4,6,Deommodore,Lenoir,376,90,0,28,17,94,0,4,518,15,518,91,24,0,0,87,0,4,4,65,0,0,83,2,28,1015,91,63,37,35,0,7,49,0,0,0,0,0,0,0,160,30,100,0,0,2,1,65,0,0,2,2,4,28,1,75,0,5,25,75,83,2,3972,59,0,1,100,22,59,79,77,0,0,0,0,0,20,65,36,31,38,7,3,36,0,16,16,10,4,5,12,376,0,70,40,1023,64,2,-19,0,0,236
45,7,7,3,3,6,Olaijah,Griffin,0,85,0,0,11,90,0,1,522,33,522,86,24,0,0,65,0,4,4,56,0,0,82,2,63,1009,84,46,20,25,0,7,54,0,0,0,0,0,0,0,231,45,100,0,0,0,3,65,0,0,37,2,0,0,1,75,0,15,27,62,93,2,4862,46,0,1,100,10,44,65,62,0,0,0,0,4,23,20,36,12,18,34,18,36,0,16,16,60,2,7,9,0,0,72,15,1023,45,2,-19,0,0,111
45,0,0,0,0,82,Andy,Dalton,709,80,0,192,19,68,0,7,523,21,523,74,36,0,0,92,2,4,4,55,0,0,73,0,3,1009,93,15,13,14,0,7,47,9,3,0,1,1,7,7,207,9,46,0,0,2,3,2,0,1,14,2,2,192,3,0,0,2,87,72,73,12,1273,64,0,1,100,12,54,74,72,2,2,6,6,3,17,87,32,24,52,10,11,0,0,0,0,12,5,10,8,709,0,74,60,999,10,0,-19,0,0,380
45,4,4,5,5,6,Thomas,Graham Jr,94,88,0,0,16,89,0,7,524,33,524,89,24,0,0,90,0,4,4,68,0,0,88,2,44,1009,87,56,35,35,0,7,50,0,0,0,0,0,0,0,160,45,100,0,0,1,3,65,0,0,31,2,1,0,1,75,0,6,23,69,85,2,242,65,0,1,100,19,55,74,69,0,0,0,0,0,18,86,4,38,11,12,5,14,0,16,16,57,5,9,9,94,0,70,37,1023,45,1,-19,0,0,127
45,3,3,3,3,15,Parker,White,0,77,0,0,87,84,0,7,525,1009,525,77,25,0,0,37,0,4,4,20,0,0,84,2,63,1009,91,42,33,16,0,8,27,0,2,0,0,0,0,0,176,45,100,0,0,0,3,65,0,0,48,2,0,0,1,75,0,15,28,77,83,1,4228,18,0,1,100,95,68,74,50,0,0,0,0,7,8,67,20,9,37,5,21,15,0,19,19,40,19,24,0,0,0,77,47,1023,0,0,-19,0,0,308
45,5,5,5,5,10,Tay,Gowan,94,86,0,0,15,92,0,4,526,33,526,91,25,0,0,85,0,4,4,66,0,0,87,2,39,1009,89,53,35,35,0,8,45,0,0,0,0,0,0,0,225,45,100,0,0,1,3,65,0,0,31,2,1,0,1,75,0,6,23,65,85,2,2755,60,0,1,100,11,55,73,65,0,0,0,0,1,18,86,16,33,13,8,23,20,0,16,16,64,1,9,0,94,0,73,25,1023,37,1,-19,0,0,88
45,3,3,3,3,6,Mac,McCain III,87,86,0,0,14,91,0,1,527,33,527,90,25,0,0,78,0,4,4,72,0,0,81,2,63,1009,86,49,35,35,0,7,51,0,0,0,0,0,0,0,134,45,100,0,0,1,3,65,0,0,35,2,1,0,1,75,0,15,26,62,85,2,4844,54,0,1,100,16,52,68,54,0,0,0,0,5,16,79,10,15,44,11,10,6,0,16,16,10,5,10,3,87,0,71,25,1023,55,0,-19,0,0,79
13,4,4,4,4,30,Mark,Ingram,0,88,0,0,25,91,2,4,528,33,528,87,34,2,1,94,2,4,4,71,0,0,85,2,28,32,86,25,62,46,0,7,81,6,0,0,0,0,0,0,3,5,49,0,0,0,3,44,0,0,22,1,0,0,3,85,0,1,35,77,80,12,1645,92,0,1,100,25,79,85,82,6,6,6,6,4,30,78,57,42,60,10,32,38,2,1,1,36,1,12,6,0,1,69,55,999,45,2,-19,0,0,32
45,4,4,2,2,10,Chris,Wilcox,0,86,0,0,15,93,0,7,529,1009,529,93,26,0,0,78,0,4,4,55,0,0,84,2,23,1009,85,60,35,35,0,7,49,0,0,0,0,0,0,0,26,45,100,0,0,0,3,65,0,0,30,2,0,0,1,75,0,7,23,64,89,2,1727,53,0,1,100,11,62,70,60,0,0,0,0,5,21,72,26,1,24,10,17,25,0,16,16,19,4,10,9,0,0,74,38,1023,37,0,-19,0,0,29
45,4,4,7,7,6,Tre,Norwood,357,88,0,8,12,90,0,7,531,33,531,87,24,0,0,79,0,4,4,68,0,0,79,2,17,1015,90,56,35,35,0,8,54,0,0,0,0,0,0,0,157,45,100,0,0,2,3,65,0,0,21,2,4,8,1,75,0,7,31,65,81,2,4313,60,0,1,100,17,59,66,68,0,0,0,0,4,20,78,38,7,44,12,23,27,0,18,16,64,3,4,7,357,0,72,34,1023,45,2,-19,0,0,39
45,2,2,4,4,6,Camryn,Bynum,419,90,0,68,11,90,0,7,532,31,532,86,25,0,0,85,0,4,4,67,0,0,84,2,20,1015,91,80,35,35,0,8,43,0,0,0,0,0,0,0,28,45,100,0,0,2,1,65,0,0,24,0,4,68,1,75,0,4,24,74,82,2,4348,59,0,1,100,10,59,81,77,0,0,0,0,4,20,91,31,22,20,9,5,26,0,17,16,59,3,5,8,419,0,72,40,1023,52,2,-19,0,0,85
45,2,2,5,5,10,Nahshon,Wright,478,86,0,84,16,86,0,5,533,33,533,89,25,0,0,87,0,4,4,75,0,0,81,2,35,1015,90,59,35,38,0,8,60,0,0,0,0,0,0,0,161,45,100,0,0,2,3,65,0,0,25,2,4,84,1,75,0,3,27,67,83,2,3700,62,0,1,100,21,54,75,73,0,0,0,0,5,17,88,31,34,19,11,24,28,0,16,16,25,4,4,1,478,0,76,25,1023,30,2,-19,0,0,127
45,4,4,6,6,6,Dicaprio,Bootle,94,85,0,0,20,91,0,5,535,33,535,91,26,0,0,80,0,4,4,55,0,0,92,2,63,1009,92,58,35,35,0,8,38,0,0,0,0,0,0,0,142,45,100,0,0,1,3,65,0,0,30,2,1,0,1,75,0,15,24,62,87,2,4065,56,0,1,100,21,58,67,56,0,0,0,0,0,19,87,5,10,5,13,27,31,0,16,16,0,5,8,9,94,0,70,20,1023,52,2,-19,0,0,491
45,4,4,3,3,6,Jerry,Jacobs,242,87,0,0,11,86,0,7,536,19,536,88,26,0,0,79,0,4,4,68,0,0,85,2,63,1009,86,52,35,35,0,7,40,0,0,0,0,0,0,0,10,45,100,0,0,1,3,65,0,0,23,2,3,0,1,75,0,15,25,67,83,2,4881,56,0,1,100,10,64,73,71,0,0,0,0,5,22,87,15,39,38,11,18,35,0,16,16,31,4,7,7,242,0,70,43,1023,50,2,-19,0,0,501
45,4,4,7,7,6,Keith,Taylor Jr.,378,90,0,28,13,91,0,7,537,33,537,89,25,0,0,87,0,4,4,57,0,0,88,2,22,1015,92,59,35,35,0,7,47,0,0,0,0,0,0,0,252,45,100,0,0,2,1,65,0,0,28,2,4,28,1,75,0,5,30,66,81,2,4143,57,0,1,100,18,58,70,66,0,0,0,0,2,18,81,29,19,45,9,7,13,0,16,16,3,5,9,4,378,0,75,35,1023,43,2,-19,0,0,504
45,7,7,6,6,21,Lorenzo,Burns,0,78,0,0,15,88,0,7,539,1009,539,89,23,0,0,93,0,4,4,67,0,0,75,2,63,1009,85,63,26,9,0,7,19,0,0,0,0,0,0,0,8,45,100,0,0,0,1,65,0,0,27,2,0,0,1,75,0,15,17,65,82,2,0,54,0,1,100,22,65,60,40,0,0,0,0,14,5,100,30,7,13,45,18,14,0,16,16,57,1,2,26,0,0,70,15,1023,30,2,-19,0,0,88
45,3,3,7,7,6,Mark,Gilbert,0,85,0,0,13,93,0,7,542,33,542,90,26,0,0,77,0,4,4,67,0,0,80,2,63,1009,82,51,25,25,0,8,50,0,0,0,0,0,0,0,52,45,100,0,0,0,1,65,0,0,17,2,0,0,1,75,0,15,26,61,84,2,4882,57,0,1,100,18,55,67,53,0,0,0,0,4,18,84,34,13,31,10,4,35,0,16,16,37,3,1,3,0,0,72,26,1023,55,2,-19,0,0,110
45,4,4,5,5,6,Rachad,Wildgoose,176,86,0,0,11,91,0,4,543,33,543,88,23,0,0,73,0,4,4,57,0,0,81,2,29,1009,86,49,35,35,0,7,40,0,0,0,0,0,0,0,258,45,100,0,0,1,3,65,0,0,37,2,2,0,1,75,0,6,25,64,86,2,747,53,0,1,100,10,54,67,63,0,0,0,0,1,27,76,31,19,39,71,23,36,0,16,16,66,7,0,2,176,0,70,31,1023,45,1,-19,0,0,92
45,3,3,4,4,6,Nick,Mccloud,176,83,0,0,15,92,0,7,545,16,545,90,25,0,0,79,0,4,4,64,0,0,89,2,63,1009,90,61,35,35,0,8,43,0,0,0,0,0,0,0,152,45,100,0,0,1,1,65,0,0,44,2,2,0,1,75,0,15,31,66,82,2,3665,52,0,1,100,15,58,73,66,0,0,0,0,16,28,27,11,28,12,28,16,36,0,16,16,31,1,27,2,176,0,73,30,1023,50,1,-19,0,0,119
45,7,7,7,7,6,Christian,Elliss,157,78,0,0,12,87,0,7,546,13,546,85,24,0,0,84,0,4,4,58,0,0,82,2,63,1009,89,75,45,45,0,8,29,0,0,0,0,0,0,0,82,45,100,0,0,1,3,65,0,0,53,2,2,0,1,75,0,15,21,58,85,2,4843,59,0,1,100,11,72,59,57,0,0,0,0,5,28,67,43,58,19,13,5,18,0,14,13,101,4,17,11,157,0,75,71,1023,10,2,-19,0,0,252
45,3,3,2,2,6,Phil,Hoskins,94,71,0,0,12,79,0,4,550,33,550,64,26,0,0,79,0,4,4,36,0,0,56,2,4,1009,85,79,45,45,0,8,16,0,0,0,0,0,0,0,98,45,100,0,0,1,3,65,0,0,92,1,1,0,1,75,0,7,24,65,74,2,4140,35,0,1,100,19,85,71,65,0,0,0,0,5,32,41,24,1,35,11,18,17,0,12,12,97,9,36,25,94,0,77,120,1023,10,1,-19,0,0,425
45,7,7,6,6,20,Derrick,Gore,0,82,0,0,17,88,0,4,554,1009,554,86,29,0,0,77,1,4,4,63,0,0,81,2,63,1009,88,35,49,38,0,7,78,0,0,0,0,0,0,0,265,45,100,0,0,0,1,65,0,0,38,2,0,0,1,75,0,15,23,68,82,3,1143,88,0,1,100,21,69,78,70,0,0,0,0,3,24,85,34,17,13,9,22,10,0,1,1,38,3,7,5,0,0,70,47,1023,70,1,-19,0,0,320
45,7,7,7,7,14,Anthony,Pittman,94,82,0,0,11,85,0,0,555,19,555,81,27,0,0,79,1,4,4,48,0,0,78,2,63,1009,89,79,48,45,0,8,46,0,0,0,0,0,0,0,271,45,100,0,0,1,3,65,0,0,57,2,1,0,1,75,0,15,20,62,86,4,4787,51,0,1,100,16,67,60,58,0,0,0,0,4,24,69,67,32,7,9,1,42,0,14,14,21,8,16,13,94,0,75,80,1023,10,4,-19,0,0,452
45,5,5,6,6,36,Dontario,Drummond,75,60,0,0,19,87,0,2,556,33,556,86,26,0,0,86,0,4,4,90,0,0,85,2,63,1009,65,21,32,45,0,7,55,0,0,0,0,0,0,0,159,45,100,0,0,1,1,65,0,0,19,2,1,0,1,75,0,15,41,68,83,1,4239,53,0,1,100,13,71,69,69,0,0,0,0,4,26,80,31,2,27,10,0,22,0,3,3,80,0,12,11,75,0,73,55,1023,83,1,-19,0,0,29
45,7,7,5,5,16,Jody,Fortson,94,78,0,0,21,89,0,10,558,33,558,84,28,0,0,75,1,4,4,80,0,0,75,2,63,1009,82,33,55,58,0,7,63,0,2,0,0,0,0,0,236,45,100,0,0,1,3,65,0,0,88,2,1,0,1,75,0,15,24,69,83,4,4784,72,0,1,100,22,66,71,73,0,0,0,0,32,13,28,30,52,24,56,8,24,0,4,3,64,9,34,19,94,0,76,66,1023,46,4,-19,0,0,368
45,4,4,2,2,6,Max,Mitchell,445,84,0,80,19,72,0,7,562,18,562,62,24,0,0,86,0,4,4,24,0,0,55,2,6,1015,91,29,72,70,0,8,12,0,0,0,0,0,0,0,228,45,100,0,0,3,3,65,0,0,61,2,4,80,1,75,0,4,24,67,64,1,1179,29,0,1,100,22,82,65,75,0,0,0,0,3,34,47,24,72,22,10,18,29,0,9,5,4,7,30,22,445,0,78,139,1023,10,1,-19,0,0,353
45,5,5,5,5,10,Andre,Roberts,0,81,0,0,15,89,0,10,563,33,563,86,35,0,1,75,2,4,4,80,0,0,88,2,24,1009,85,29,30,43,0,8,79,0,0,0,0,0,0,0,37,11,9,0,0,0,3,80,0,0,18,0,0,0,3,79,0,3,38,72,85,13,309,64,0,1,100,22,57,71,78,0,0,0,0,5,18,85,10,5,20,10,10,5,0,3,3,3,0,8,6,0,0,71,35,999,90,1,-19,0,0,247
45,7,7,3,3,12,Boye,Mafe,856,76,0,340,26,91,0,1,564,28,564,87,25,0,0,85,0,4,4,36,0,0,76,2,8,1015,90,83,45,45,0,8,31,0,0,0,0,0,0,0,120,45,100,0,0,3,3,65,0,0,53,2,4,340,1,75,0,2,21,70,95,1,483,28,0,1,100,28,75,74,62,0,0,0,0,7,30,62,48,40,83,8,9,29,0,13,10,48,6,26,22,856,0,76,101,1023,10,1,-19,0,0,401
45,4,4,6,6,15,Trinity,Benson,166,83,0,0,17,90,0,4,565,33,565,91,26,0,0,77,0,4,4,78,0,0,88,2,63,1009,84,26,34,35,0,8,61,0,0,0,0,0,0,0,384,45,100,0,0,1,1,65,0,0,19,2,2,0,1,75,0,15,32,67,93,4,4775,68,0,1,100,21,59,62,56,0,0,0,0,5,20,95,7,32,31,13,6,1,0,3,3,88,5,9,7,166,0,72,20,1023,76,1,-19,0,0,511
45,5,5,7,7,6,Jon,Rhattigan,0,82,0,0,20,84,0,7,566,1009,566,80,24,0,0,88,0,4,4,59,0,0,75,2,63,1009,83,81,49,51,0,8,48,0,0,0,0,0,0,0,13,45,100,0,0,0,3,65,0,0,59,2,0,0,1,75,0,15,25,63,78,2,4832,58,0,1,100,20,72,59,55,0,0,0,0,2,26,53,22,46,60,11,3,35,0,14,15,90,4,25,13,0,0,72,76,1023,10,2,-19,0,0,250
45,6,6,5,5,20,Damarea,Crockett,176,80,0,0,15,91,0,7,568,33,568,89,26,0,0,76,0,4,4,60,0,0,79,2,63,1009,84,26,48,28,0,8,74,0,0,0,0,0,0,0,122,45,100,0,0,1,3,65,0,0,28,2,2,0,1,75,0,15,31,59,86,2,4841,82,0,1,100,21,71,73,62,0,0,0,0,2,26,79,43,10,19,11,29,48,0,1,1,14,6,27,12,176,0,71,64,1023,40,3,-19,0,0,503
45,6,6,6,6,10,Aaron,Patrick,243,78,0,0,48,89,0,4,570,33,570,81,27,0,0,75,1,4,4,53,0,0,77,2,63,1009,86,74,45,45,0,8,45,0,0,0,0,0,0,0,56,45,100,0,0,1,3,65,0,0,94,2,3,0,1,75,0,15,28,61,89,3,3858,55,0,1,100,53,72,63,53,0,0,0,0,15,43,8,56,37,24,12,13,17,0,13,13,98,8,36,11,243,0,76,85,1023,30,2,-19,0,0,303
45,5,5,5,5,6,Tipa,Galeai,0,73,0,0,28,88,0,7,573,33,573,82,26,0,0,89,0,4,4,46,0,0,79,2,63,1009,86,75,45,45,0,8,38,0,0,0,0,0,0,0,234,45,100,0,0,0,3,65,0,0,40,2,0,0,1,75,0,15,18,64,78,3,4896,41,0,1,100,28,69,66,59,0,0,0,0,4,24,60,63,8,19,13,36,13,0,13,13,80,5,19,11,0,0,77,69,1023,10,2,-19,0,0,504
45,5,5,4,4,6,Azur,Kamara,0,74,0,0,41,87,0,4,575,33,575,86,25,0,0,75,0,4,4,43,0,0,78,2,63,1009,89,73,45,45,0,8,35,0,0,0,0,0,0,0,95,45,100,0,0,0,3,65,0,0,93,2,0,0,1,75,0,15,25,59,75,3,4802,44,0,1,100,20,65,67,54,0,0,0,0,5,22,79,17,57,49,10,7,38,0,10,10,68,1,33,12,0,0,76,75,1023,42,1,-19,0,0,445
0,0,0,3,3,81,Kenny,Pickett,1406,87,0,740,40,87,0,8,576,29,576,81,25,0,0,88,0,4,4,45,0,0,80,2,20,1015,88,29,16,20,0,7,72,0,2,0,0,0,0,0,166,19,100,0,0,3,3,65,0,0,8,2,4,740,1,75,0,1,87,73,80,1,252,51,0,1,100,51,69,75,74,0,0,0,0,5,26,75,27,38,25,12,12,23,0,0,0,11,3,9,7,1406,0,75,60,1023,12,1,-19,0,0,125
45,5,5,7,7,15,Breece,Hall,901,93,0,372,15,92,0,4,579,18,579,93,22,0,0,90,0,4,4,69,0,0,90,2,4,1015,89,29,56,43,0,7,82,0,0,0,0,0,0,0,90,23,100,0,0,3,1,65,0,0,20,2,4,372,1,75,0,2,32,82,92,1,430,89,0,1,100,18,76,87,78,0,0,0,0,4,28,84,54,44,59,8,3,43,0,1,1,26,2,13,6,901,0,73,60,1023,42,1,-19,0,0,277
45,7,7,6,6,15,Kenneth,Walker III,844,90,0,332,12,94,0,7,580,28,580,94,23,0,0,92,0,4,4,67,0,0,92,2,9,1015,89,36,49,33,0,8,85,0,0,0,0,0,0,0,118,34,100,0,0,3,3,65,0,0,9,2,4,332,1,75,0,2,27,87,83,1,489,92,0,1,100,15,79,92,88,0,0,0,0,0,26,82,23,20,59,13,20,20,0,1,1,11,3,12,6,844,0,69,51,1023,73,1,-19,0,0,376
45,5,5,6,6,6,Chris,Williams,94,71,0,0,17,75,0,4,581,33,581,66,25,0,0,78,0,4,4,28,0,0,59,2,63,1009,88,77,45,45,0,8,19,0,0,0,0,0,0,0,248,45,100,0,0,1,1,65,0,0,95,2,1,0,1,75,0,15,14,61,68,3,4801,36,0,1,100,21,84,64,52,0,0,0,0,45,33,28,21,29,34,13,27,21,0,12,12,10,30,32,26,94,0,74,142,1023,10,0,-19,0,0,460
45,7,7,5,5,32,Jerrion,Ealy,75,72,0,0,25,89,0,10,582,33,582,90,23,0,0,68,0,4,4,77,0,0,84,2,63,1009,41,33,37,34,0,8,66,0,0,0,0,0,0,0,159,45,100,0,0,1,3,65,0,0,89,2,1,0,1,75,0,15,30,56,84,1,4036,72,0,1,100,12,65,68,50,0,0,0,0,2,22,97,2,24,31,8,24,43,0,1,1,8,1,2,7,75,0,68,29,1023,43,1,-19,0,0,243
45,7,7,5,5,15,Keaontay,Ingram,383,85,0,16,21,90,0,1,584,7,584,88,24,0,0,81,0,4,4,69,0,0,78,2,22,1015,86,34,44,38,0,7,75,0,0,0,0,0,0,0,231,45,100,0,0,3,3,65,0,0,30,2,4,16,1,75,0,6,25,66,82,1,2945,86,0,1,100,22,76,77,69,0,0,0,0,3,26,79,46,37,44,8,3,19,0,1,1,36,4,29,13,383,0,72,55,1023,33,1,-19,0,0,388
45,3,3,3,3,33,Treylon,Burks,1437,83,0,764,16,91,0,7,586,30,586,89,23,0,0,84,0,4,4,84,0,0,89,2,18,1015,87,46,34,49,0,7,78,0,0,0,0,0,0,0,10,45,100,0,0,3,3,65,0,0,16,2,4,764,1,75,0,1,53,75,85,1,217,77,0,1,100,19,74,74,77,0,0,0,0,1,27,52,37,4,6,8,13,29,0,3,3,61,3,33,13,1437,0,74,65,1023,77,1,-19,0,0,110
45,6,6,4,4,34,Jahan,Dotson,1504,88,0,812,15,94,0,7,587,26,587,92,23,0,0,81,0,4,4,84,0,0,84,2,16,1015,90,25,27,41,0,7,72,0,0,0,0,0,0,0,164,36,100,0,0,3,3,65,0,0,1,2,4,812,1,75,0,1,48,77,84,1,179,74,0,1,100,18,61,74,77,0,0,0,0,1,22,88,43,0,13,8,10,36,0,3,3,22,0,10,3,1504,0,71,22,1023,80,1,-19,0,0,118
45,4,4,3,3,12,Makai,Polk,75,77,0,0,7,89,0,10,589,33,589,88,22,0,0,86,0,4,4,89,0,0,85,2,63,1009,35,23,28,22,0,7,69,0,0,0,0,0,0,0,121,45,100,0,0,1,3,65,0,0,87,2,1,0,1,75,0,15,10,51,80,1,4927,64,0,1,100,21,66,71,70,0,0,0,0,5,23,71,32,41,30,11,22,8,0,3,3,61,4,11,8,75,0,75,35,1023,32,1,-19,0,0,425
45,3,3,6,6,33,Giovanni,Ricci,94,81,0,0,22,82,0,7,590,21,590,79,27,0,0,79,1,4,4,68,0,0,78,2,63,1009,90,31,60,55,0,7,51,0,2,0,0,0,0,0,246,45,100,0,0,1,3,65,0,0,45,2,1,0,1,75,0,15,41,62,79,3,4805,74,0,1,100,20,69,57,60,0,0,0,0,2,24,56,15,36,49,8,37,35,0,2,4,68,10,19,12,94,0,75,80,1023,35,3,-19,0,0,308
45,4,4,4,4,28,Calvin,Austin III,417,84,0,52,17,96,0,1,591,29,591,95,24,0,0,83,0,4,4,79,0,0,91,2,33,1015,89,32,26,39,0,8,71,0,0,0,0,0,0,0,114,45,100,0,0,3,1,65,0,0,19,2,4,52,1,75,0,4,35,70,90,1,1551,72,0,1,100,20,53,67,60,0,0,0,0,0,20,83,29,25,12,9,14,13,0,3,3,26,5,10,4,417,0,68,2,1023,81,1,-19,0,0,60
45,2,2,3,3,10,Michael,Woods II,382,81,0,16,16,91,0,10,592,33,592,88,23,0,0,81,0,4,4,77,0,0,81,2,23,1015,89,27,27,44,0,8,68,0,0,0,0,0,0,0,157,45,100,0,0,3,3,65,0,0,12,2,4,16,1,75,0,6,27,64,86,1,2955,71,0,1,100,19,58,63,63,0,0,0,0,0,24,75,6,23,39,7,8,13,0,3,3,28,0,6,7,382,0,73,44,1023,53,1,-19,0,0,271
45,3,3,3,3,20,Cade,Otton,449,84,0,84,19,84,0,7,593,6,593,81,24,0,0,80,0,4,4,88,0,0,70,2,1,1015,89,39,64,64,0,8,58,0,0,0,0,0,0,0,252,45,100,0,0,3,1,65,0,0,88,2,4,84,1,75,0,4,30,73,77,1,1109,73,0,1,100,21,77,79,78,0,0,0,0,7,29,44,46,24,48,12,13,17,0,4,4,26,7,43,25,449,0,77,87,1023,25,1,-19,0,0,361
45,7,7,4,4,10,Charlie,Kolar,436,84,0,72,14,84,0,7,594,25,594,83,24,0,0,78,0,4,4,80,0,0,81,2,23,1015,92,33,56,56,0,8,55,0,0,0,0,0,0,0,90,45,100,0,0,3,1,65,0,0,88,2,4,72,1,75,0,4,29,66,85,1,1340,72,0,1,100,15,68,65,65,0,0,0,0,6,30,63,11,23,16,11,12,35,0,4,4,66,4,35,25,436,0,79,90,1023,15,1,-19,0,0,325
45,6,6,7,7,6,Jonas,Griffith,176,86,0,0,14,87,0,4,596,33,596,83,26,0,0,82,0,4,4,62,0,0,78,2,63,15,88,83,45,45,0,8,41,0,0,0,0,0,0,0,87,45,100,0,0,1,1,65,0,0,50,2,2,0,1,75,0,15,18,72,85,3,4781,53,0,1,100,20,77,73,73,0,0,0,0,4,28,60,10,48,36,12,8,43,0,14,14,81,0,22,24,176,0,76,90,1023,10,2,-19,0,0,416
45,4,4,3,3,15,Isaiah,Likely,417,87,0,52,12,87,0,1,597,25,597,83,23,0,0,88,0,4,4,80,0,0,81,2,34,1015,90,36,53,63,0,7,62,0,0,0,0,0,0,0,290,45,100,0,0,3,1,65,0,0,80,2,4,52,1,75,0,4,24,72,86,1,1593,74,0,1,100,18,66,72,72,0,0,0,0,6,28,62,26,32,34,11,31,7,0,4,4,23,7,38,24,417,0,76,81,1023,35,1,-19,0,0,508
45,5,5,7,7,33,James,Mitchell,390,79,0,24,19,87,0,4,598,19,598,84,24,0,0,83,0,4,4,76,0,0,76,2,34,1015,83,35,56,57,0,7,57,0,0,0,0,0,0,0,241,45,100,0,0,3,3,65,0,0,82,2,4,24,1,75,0,5,42,64,78,1,2628,76,0,1,100,25,70,63,63,0,0,0,0,6,30,54,15,21,46,12,25,27,0,4,4,68,3,22,24,390,0,76,89,1023,10,1,-19,0,0,388
45,4,4,6,6,10,Grant,Calcaterra,383,84,0,16,13,89,0,7,599,13,599,85,25,0,0,84,0,4,4,77,0,0,80,2,19,1015,79,18,55,57,0,8,58,0,2,0,0,0,0,0,192,45,100,0,0,3,1,65,0,0,81,2,4,16,1,75,0,6,25,66,80,1,2923,75,0,1,100,18,72,67,68,0,0,0,0,7,28,67,34,32,12,8,44,9,0,4,4,12,5,44,23,383,0,76,80,1023,10,1,-19,0,0,360
45,3,3,7,7,28,Jalen,Wydermyer,75,65,0,0,27,74,0,1,600,33,600,74,23,0,0,45,0,4,4,70,0,0,83,2,63,1009,89,21,60,60,0,7,75,0,0,0,0,0,0,0,215,45,100,0,0,1,3,65,0,0,49,2,1,0,1,75,0,15,26,55,70,1,4904,84,0,1,100,13,79,69,68,0,0,0,0,4,30,65,50,10,10,12,24,18,0,4,4,42,1,33,24,75,0,76,95,1023,1,1,-19,0,0,500
45,4,4,3,3,33,Curtis,Hodges,245,71,0,0,14,80,0,4,602,26,602,80,24,0,0,84,0,4,4,75,0,0,84,2,63,1009,80,23,61,60,0,8,65,0,0,0,0,0,0,0,9,45,100,0,0,2,3,65,0,0,80,2,3,0,1,75,0,15,8,64,82,1,4158,60,0,1,100,19,80,66,60,0,0,0,0,3,30,64,12,17,4,10,16,14,0,4,4,70,6,32,24,245,0,80,97,1023,18,1,-19,0,0,379
45,5,5,4,4,6,Ikem,Ekwonu,2757,88,0,1724,23,78,0,7,603,21,603,75,23,0,0,97,0,4,4,32,0,0,57,2,6,1015,93,45,79,83,0,8,17,0,0,0,0,0,0,0,138,45,100,0,0,3,1,65,1,0,79,2,4,1724,1,75,0,1,23,79,72,1,89,40,0,1,100,27,92,76,76,0,0,0,0,5,36,37,16,11,32,10,23,17,0,5,5,81,7,36,24,2757,0,76,160,1023,10,1,-19,0,0,460
45,3,3,4,4,10,Bernhard,Raimann,530,87,0,104,31,80,0,7,604,10,604,71,26,0,0,83,0,4,4,46,0,0,72,2,13,1015,90,33,75,76,0,8,33,0,1,0,0,0,0,0,33,45,100,0,0,3,3,65,0,0,79,2,4,104,1,75,0,3,22,74,75,1,829,50,0,1,100,33,90,71,77,0,0,0,0,3,34,37,21,41,28,13,15,37,0,5,5,84,4,40,23,530,0,78,143,1023,10,1,-19,0,0,152
2,0,5,5,5,6,Calais,Campbell,750,83,0,300,30,73,0,4,605,14,605,71,37,0,0,89,2,4,4,41,0,0,75,2,19,1009,94,87,45,45,0,8,16,0,0,0,0,0,0,0,115,40,64,0,0,1,3,43,0,1,93,1,1,300,3,0,0,2,35,85,82,15,1470,46,0,1,100,30,91,86,91,0,0,0,0,7,36,38,22,53,21,11,22,16,0,10,10,17,4,27,28,750,1,80,147,999,10,0,-19,0,0,204
45,7,7,7,7,6,Cole,Strange,1225,84,0,608,20,79,0,7,607,22,607,71,25,0,0,90,0,4,4,43,0,0,68,2,29,1015,91,42,78,74,0,8,32,0,2,0,0,0,0,0,210,45,100,0,0,3,1,65,0,0,69,2,4,608,1,75,0,1,21,76,70,1,363,47,0,1,100,20,87,73,76,0,0,0,0,10,35,41,19,46,34,11,24,6,0,6,6,24,7,28,28,1225,0,77,145,1023,10,1,-19,0,0,361
45,5,5,6,6,6,Darian,Kinnard,0,80,0,0,12,72,0,7,609,1009,609,62,24,0,0,86,0,4,4,23,0,0,50,2,2,1015,91,32,67,74,0,8,17,0,0,0,0,0,0,0,98,45,100,0,0,0,3,65,0,0,75,2,0,36,1,75,0,5,21,65,64,1,1707,24,0,1,100,14,86,58,55,0,0,0,0,16,36,38,15,27,33,9,20,42,0,9,6,27,18,29,30,0,0,77,162,1023,10,1,-19,0,0,404
45,5,5,2,2,6,Luke,Fortner,550,89,0,120,14,73,0,7,610,17,610,65,25,0,0,87,0,4,4,24,0,0,60,2,1,1015,91,30,74,70,0,8,9,0,4,0,0,0,0,0,98,45,100,0,0,3,3,65,0,0,79,2,4,120,1,75,0,3,17,70,72,1,713,25,0,1,100,17,87,69,80,0,0,0,0,3,35,49,17,33,34,11,20,19,0,7,7,94,9,24,29,550,0,78,140,1023,10,1,-19,0,0,429
45,3,3,2,2,8,Thayer,Munford,375,79,0,8,11,69,0,4,611,23,611,59,24,0,0,85,0,4,4,24,0,0,55,2,17,1015,87,25,74,68,0,8,10,0,0,0,0,0,0,0,156,45,100,0,0,3,3,65,0,0,77,2,4,8,1,75,0,7,26,66,58,1,3278,23,0,1,100,12,83,65,76,0,0,0,0,18,36,35,21,33,34,13,17,17,0,9,5,72,22,36,24,375,0,78,160,1023,10,1,-19,0,0,306
45,2,2,5,5,6,Rasheed,Walker,374,83,0,8,14,73,0,7,612,20,612,64,23,0,0,74,0,4,4,30,0,0,62,2,28,1015,89,43,68,71,0,8,15,0,0,0,0,0,0,0,164,45,100,0,0,3,1,65,0,0,63,2,4,8,1,75,0,7,22,63,69,1,3333,36,0,1,100,15,85,56,55,0,0,0,0,12,35,25,19,47,22,13,17,9,0,5,5,25,25,29,28,374,0,78,164,1023,10,1,-19,0,0,514
45,5,5,3,3,6,Michael,Hoecht,94,75,0,0,6,87,0,7,613,24,613,83,26,0,0,88,0,4,4,33,0,0,80,2,63,1009,91,83,49,45,0,8,36,0,2,0,0,0,0,0,22,45,100,0,0,1,3,65,0,0,97,2,1,0,1,75,0,15,10,69,81,3,4751,52,0,1,100,8,83,74,59,0,0,0,0,6,32,45,16,14,27,12,16,24,0,13,13,18,9,30,27,94,0,76,150,1023,35,3,-19,0,0,130
45,7,7,5,5,6,Braxton,Jones,395,85,0,28,26,81,0,1,614,1,614,73,24,0,0,75,0,4,4,26,0,0,65,2,25,1015,92,40,76,81,0,8,15,0,0,0,0,0,0,0,195,45,100,0,0,3,3,65,0,0,70,2,4,28,1,75,0,5,22,76,68,1,2524,35,0,1,100,30,88,74,82,0,0,0,0,10,36,33,19,15,25,10,19,21,0,5,5,52,4,35,22,395,0,77,150,1023,10,1,-19,0,0,437
45,5,5,5,5,10,Julio,Jones,0,90,0,0,15,90,1,5,615,33,615,91,34,0,1,95,2,4,4,90,0,0,92,2,6,14,83,45,50,57,0,8,81,0,0,0,0,0,0,0,3,35,69,0,0,0,3,13,0,1,6,2,0,0,3,91,0,1,45,80,93,12,753,75,0,1,100,25,77,80,81,0,0,0,0,3,29,74,10,25,52,13,8,24,1,3,3,16,4,8,6,0,0,75,60,999,68,1,-19,0,0,47
45,5,5,7,7,10,Nick,Bowers,0,76,0,0,14,80,0,7,616,1009,616,77,27,0,0,80,1,4,4,74,0,0,75,2,63,1009,83,38,54,56,0,8,62,0,2,0,0,0,0,0,164,45,100,0,0,0,3,65,0,0,88,2,0,0,1,75,0,15,28,58,79,3,4807,75,0,1,100,23,73,58,55,0,0,0,0,51,30,42,59,13,20,50,47,6,0,4,4,34,13,30,23,0,0,76,105,1023,30,1,-19,0,0,145
45,3,3,4,4,6,Nick,Leverett,94,84,0,0,11,61,0,4,617,6,617,61,26,0,0,76,0,4,4,28,0,0,56,2,63,1009,90,34,75,68,0,8,13,0,0,0,0,0,0,0,171,45,100,0,0,1,1,65,0,0,60,2,1,0,1,75,0,15,22,68,73,3,4788,25,0,1,100,16,85,65,76,0,0,0,0,6,32,33,17,11,25,11,15,34,0,6,8,22,7,39,24,94,0,76,150,1023,10,3,-19,0,0,458
45,5,5,3,3,6,Cade,Mays,383,82,0,16,10,69,0,7,619,21,619,64,24,0,0,87,0,4,4,21,0,0,60,2,20,1015,86,21,62,69,0,8,7,0,1,0,0,0,0,0,211,45,100,0,0,3,1,65,0,0,66,2,4,16,1,75,0,6,20,63,66,1,2933,19,0,1,100,11,82,58,73,0,0,0,0,7,35,28,15,18,23,13,25,11,0,8,6,62,19,40,23,383,0,78,165,1023,10,1,-19,0,0,125
45,3,3,7,7,6,Marquis,Hayes,0,83,0,0,12,68,0,4,620,1009,620,62,24,0,0,86,0,4,4,21,0,0,54,2,36,1015,90,28,65,71,0,8,15,0,0,0,0,0,0,0,157,45,100,0,0,0,3,65,0,0,78,2,0,8,1,75,0,7,20,63,63,1,3428,20,0,1,100,15,86,57,58,0,0,0,0,10,36,38,22,10,35,7,18,18,0,6,6,4,19,32,30,0,0,77,164,1023,10,1,-19,0,0,374
45,5,5,7,7,6,Ben,Brown,0,79,0,0,15,64,0,7,621,1009,621,61,25,0,0,82,0,4,4,25,0,0,52,2,63,1009,88,15,68,66,0,8,14,0,2,0,0,0,0,0,159,45,100,0,0,0,3,65,0,0,76,2,0,0,1,75,0,15,22,61,64,1,3583,34,0,1,100,20,86,57,65,0,0,0,0,16,35,24,22,31,21,11,24,16,0,7,7,64,19,40,23,0,0,77,152,1023,10,1,-19,0,0,83
45,2,2,4,4,8,Cordell,Volson,431,88,0,64,37,70,0,7,622,2,622,63,25,0,0,78,0,4,4,37,0,0,56,2,31,1015,94,42,70,76,0,8,30,0,3,0,0,0,0,0,315,45,100,0,0,3,3,65,0,0,67,2,4,64,1,75,0,4,25,72,78,1,1495,44,0,1,100,40,85,68,79,0,0,0,0,12,36,35,25,39,23,7,15,44,0,8,6,25,16,36,29,431,0,79,155,1023,10,1,-19,0,0,7
45,3,3,4,4,31,Tyrese,Robinson,0,71,0,0,26,68,0,4,623,1009,623,67,24,0,0,90,0,4,4,26,0,0,61,2,63,1009,64,24,75,80,0,8,38,0,0,0,0,0,0,0,157,45,100,0,0,0,3,65,0,0,79,2,0,0,1,75,0,15,32,80,65,1,1164,17,0,1,100,16,92,66,50,0,0,0,0,24,36,26,33,2,31,11,25,1,0,6,6,22,30,36,26,0,0,75,157,1023,0,1,-19,0,0,374
45,5,5,5,5,49,Randall,Cobb,109,85,0,0,30,90,0,4,625,18,625,88,33,0,0,86,2,0,0,87,0,0,87,2,32,1009,83,35,45,40,0,7,77,0,0,0,0,0,0,0,98,45,24,0,0,1,3,8,1,0,18,2,1,25,3,70,0,2,64,76,84,12,1488,73,0,1,100,35,57,75,78,0,0,0,0,3,18,80,10,19,15,7,0,24,1,3,3,10,0,11,7,288,0,70,35,999,84,0,-19,0,0,455
45,2,2,5,5,6,Chris,Paul,376,80,0,12,23,83,0,4,627,26,627,76,25,0,0,72,0,4,4,29,0,0,60,2,9,1015,90,31,66,69,0,8,14,0,0,0,0,0,0,0,222,45,100,0,0,3,3,65,0,0,75,2,4,12,1,75,0,7,25,62,68,1,3204,25,0,1,100,27,82,57,55,0,0,0,0,15,37,38,21,53,24,8,15,36,0,6,6,19,25,24,30,376,0,76,164,1023,10,1,-19,0,0,514
45,7,7,6,6,21,Myron,Cunningham,0,73,0,0,31,66,0,1,629,33,629,63,26,0,0,72,0,4,4,25,0,0,53,2,63,1009,88,31,82,75,0,8,16,0,0,0,0,0,0,0,10,45,100,0,0,0,3,65,0,0,72,2,0,0,1,75,0,15,30,50,61,1,1161,29,0,1,100,24,93,65,50,0,0,0,0,14,36,43,18,46,35,9,22,21,0,5,5,11,25,41,23,0,0,78,165,1023,3,1,-19,0,0,388
45,6,6,4,4,6,Jermaine,Johnson,1307,79,0,668,15,88,0,1,632,18,632,85,24,0,0,90,0,4,4,44,0,0,83,2,26,1015,94,83,45,45,0,8,28,0,0,0,0,0,0,0,64,16,100,0,0,3,1,65,0,0,11,2,4,668,1,75,0,1,21,73,81,1,342,44,0,1,100,17,82,79,64,0,0,0,0,3,31,57,8,28,68,12,6,0,0,10,10,44,7,26,23,1307,0,77,102,1023,10,1,-19,0,0,193
5,4,4,4,4,6,Charles,Clay,0,91,0,0,26,89,0,4,633,33,633,82,34,0,0,84,2,4,4,83,0,0,81,2,9,1009,95,40,67,60,0,8,69,0,0,0,0,0,0,0,222,45,80,0,0,0,3,77,0,1,85,2,0,0,3,60,0,6,35,75,70,12,1030,78,0,1,100,26,74,76,69,5,5,5,5,5,27,65,39,28,61,8,53,40,0,4,4,77,4,40,22,0,0,75,90,999,20,3,-19,0,0,1
45,2,2,3,3,6,Travon,Walker,3736,80,0,2436,15,92,0,4,634,17,634,88,23,0,0,89,0,4,4,60,0,0,83,2,1,1015,92,78,45,45,0,8,29,0,0,0,0,0,0,0,70,16,100,0,0,3,3,65,0,0,44,2,4,2436,1,75,0,1,18,78,88,1,45,54,0,1,100,14,88,87,81,0,0,0,0,7,32,39,72,41,33,13,44,46,0,13,10,67,8,40,24,3736,0,77,115,1023,10,1,-19,0,0,273
45,5,5,6,6,30,Nik,Bonitto,580,72,0,140,12,92,0,1,635,4,635,88,24,0,0,74,0,4,4,48,0,0,82,2,32,1015,90,74,45,45,0,8,26,0,0,0,0,0,0,0,157,45,100,0,0,3,1,65,0,0,42,2,4,140,1,75,0,2,39,70,85,1,689,45,0,1,100,14,72,73,64,0,0,0,0,3,28,63,45,19,9,8,48,0,0,15,11,39,4,19,12,580,0,75,80,1023,10,1,-19,0,0,388
45,3,3,6,6,6,Logan,Hall,931,79,0,396,15,83,0,1,636,6,636,76,23,0,0,86,0,4,4,37,0,0,75,2,1,1015,90,82,45,45,0,8,23,0,0,0,0,0,0,0,80,40,100,0,0,3,3,65,0,0,90,2,4,396,1,75,0,2,28,70,74,1,414,35,0,1,100,15,85,75,67,0,0,0,0,3,32,42,87,52,65,10,0,17,0,11,10,40,4,37,27,931,0,78,123,1023,10,1,-19,0,0,7
45,7,7,7,7,6,DeAngelo,Malone,522,76,0,100,27,90,0,10,637,14,637,87,24,0,0,78,0,4,4,37,0,0,82,2,18,1015,92,75,45,45,0,8,22,0,0,0,0,0,0,0,245,45,100,0,0,3,1,65,0,0,51,2,4,100,1,75,0,3,21,67,85,1,876,32,0,1,100,32,72,73,67,0,0,0,0,0,28,60,47,52,53,13,36,16,0,13,10,7,9,18,11,522,0,76,80,1023,10,1,-19,0,0,374
45,4,4,3,3,6,Kingsley,Enagbare,390,78,0,24,21,83,0,2,638,20,638,77,23,0,0,88,0,4,4,28,0,0,67,2,36,1015,87,82,45,45,0,8,21,0,0,0,0,0,0,0,176,45,100,0,0,3,1,65,0,0,55,2,4,24,1,75,0,5,20,69,87,1,2657,31,0,1,100,19,83,74,68,0,0,0,0,4,31,55,14,50,23,13,12,35,0,15,10,29,7,26,25,390,0,76,98,1023,10,1,-19,0,0,368
2,3,3,3,3,10,Kyle,Rudolph,0,88,0,0,32,76,0,4,640,33,640,76,34,0,1,92,2,4,4,90,0,0,75,0,11,1009,88,45,61,59,0,8,51,0,4,0,0,0,0,0,152,37,0,0,0,0,3,77,0,0,8,1,0,0,3,81,0,2,30,67,82,12,1064,80,0,1,100,32,75,67,59,0,0,0,0,6,28,51,50,20,42,12,25,25,0,4,4,15,6,35,25,0,0,78,98,999,25,2,-19,0,0,46
45,6,6,3,3,31,Christopher,Allen,259,89,0,3,22,83,0,10,644,33,644,82,25,0,0,68,0,4,4,29,0,0,85,2,63,1009,84,81,25,31,0,8,34,0,0,0,0,0,0,0,3,45,100,0,0,2,3,65,0,0,45,2,3,3,1,75,0,15,37,79,86,1,3722,20,0,1,100,25,77,69,55,0,0,0,0,5,28,56,46,44,28,10,21,13,0,15,10,2,1,26,22,259,0,76,82,1023,0,1,-19,0,0,235
45,2,2,4,4,10,Tyler,Mabry,0,78,0,0,11,82,0,7,645,1009,645,75,27,0,0,81,1,4,4,77,0,0,75,2,63,1009,88,37,58,60,0,7,48,0,0,0,0,0,0,0,111,45,100,0,0,0,1,65,0,0,85,2,0,0,1,75,0,15,24,59,78,3,4754,74,0,1,100,15,73,59,58,0,0,0,0,6,26,60,44,25,37,11,24,29,0,4,4,28,8,42,25,0,0,75,87,1023,34,3,-19,0,0,388
45,6,6,6,6,16,Ty'Son,Williams,157,82,0,0,18,92,0,4,647,33,647,90,27,0,0,73,1,4,4,66,0,0,85,2,63,1009,88,33,50,39,0,8,73,0,0,0,0,0,0,0,26,45,100,0,0,1,1,65,0,0,22,2,2,0,1,75,0,15,28,67,82,3,4813,85,0,1,100,17,71,77,68,0,0,0,0,15,53,55,6,20,12,97,7,17,0,1,1,0,27,28,24,157,0,72,60,1023,50,1,-19,0,0,349
45,6,6,5,5,10,Jalen,Nailor,384,79,0,16,15,94,0,1,649,31,649,91,24,0,0,75,0,4,4,79,0,0,87,2,12,1015,83,34,29,49,0,7,69,0,0,0,0,0,0,0,118,45,100,0,0,3,3,65,0,0,83,2,4,16,1,75,0,6,26,69,83,1,2842,70,0,1,100,20,58,67,67,0,0,0,0,5,23,97,24,10,5,11,21,33,0,3,3,66,0,0,1,384,0,72,30,1023,78,1,-19,0,0,235
45,2,2,4,4,5,Abraham,Lucas,539,84,0,112,14,81,0,7,650,28,650,75,25,0,0,79,0,4,4,38,0,0,75,2,8,1015,92,32,82,73,0,8,27,0,0,0,0,0,0,0,251,45,100,0,0,3,3,65,0,0,72,2,4,112,1,75,0,3,11,77,72,1,800,44,0,1,100,16,85,76,80,0,0,0,0,12,36,28,24,67,29,9,21,13,0,9,5,79,25,41,30,539,0,78,162,1023,10,1,-19,0,0,418
45,5,5,6,6,10,Adam,Prentice,176,74,0,0,11,80,0,4,652,27,652,78,26,0,0,78,0,4,4,66,0,0,77,2,63,1009,92,39,65,60,0,7,37,0,0,0,0,0,0,0,176,45,100,0,0,1,3,65,0,0,46,2,2,0,1,75,0,15,24,62,84,2,4956,68,0,1,100,15,76,56,62,0,0,0,0,3,28,40,14,11,24,12,6,26,0,2,2,10,1,32,23,176,0,72,85,1023,25,1,-19,0,0,12
45,4,4,0,0,77,Tyrod,Taylor,960,77,0,280,17,87,0,3,653,16,653,85,34,0,0,80,2,4,4,63,0,0,88,2,15,1009,82,37,23,20,0,8,71,0,0,0,0,0,0,0,241,19,0,2,2,1,3,20,0,0,2,1,2,280,3,92,0,6,86,66,86,12,971,66,0,1,100,19,57,68,59,0,0,0,0,2,18,63,35,10,47,10,17,11,1,0,0,24,4,10,10,960,0,73,57,999,15,1,-19,0,0,16
45,3,3,6,6,6,A.J.,Parker,199,89,0,0,11,88,0,1,654,33,654,88,25,0,0,78,0,4,4,66,0,0,84,2,63,1009,87,54,21,21,0,8,44,0,0,0,0,0,0,0,96,45,100,0,0,2,3,65,0,0,47,2,2,0,1,75,0,15,26,65,81,2,4819,59,0,1,100,15,56,70,65,0,0,0,0,2,18,94,33,1,3,10,2,8,0,16,16,54,4,5,9,199,0,71,18,1023,40,0,-19,0,0,424
45,2,2,0,0,27,Brian,Johnson,0,85,0,0,74,72,0,7,658,1009,658,68,24,0,0,60,0,4,4,27,0,0,64,2,63,1009,85,23,16,13,0,8,12,0,0,0,0,0,0,0,241,45,100,0,0,0,3,65,0,0,16,2,0,0,1,75,0,15,31,68,64,3,1208,29,0,1,100,94,38,70,50,0,0,0,0,4,0,55,41,52,23,12,27,17,0,19,19,40,17,46,8,0,0,73,25,1023,10,2,-19,0,0,132
45,4,4,3,3,10,Brock,Wright,94,85,0,0,21,90,0,7,661,19,661,86,25,0,0,83,0,4,4,79,0,0,73,2,63,1009,85,43,58,59,0,8,45,0,0,0,0,0,0,0,152,45,100,0,0,1,3,65,0,0,89,2,1,0,1,75,0,15,26,66,78,3,4884,73,0,1,100,22,79,69,74,0,0,0,0,44,46,61,53,31,7,12,13,14,0,4,4,59,0,33,5,94,0,77,95,1023,10,2,-19,0,0,173
45,7,7,5,5,21,Patrick,Taylor,0,79,0,0,16,90,0,1,662,1009,662,87,25,0,0,79,0,4,4,67,0,0,78,2,63,33,87,37,40,39,0,8,78,0,0,0,0,0,0,0,114,45,100,0,0,0,3,65,0,0,27,2,0,0,1,75,0,15,26,58,82,3,4894,84,0,1,100,20,67,75,59,0,0,0,0,1,24,75,21,20,39,9,11,58,0,1,1,8,3,6,9,0,0,74,57,1023,63,3,-19,0,0,501
45,5,5,2,2,10,Cody,White,87,82,0,0,16,86,0,7,663,33,663,84,25,0,0,79,0,4,4,77,0,0,77,2,63,1009,88,37,40,50,0,8,67,0,0,0,0,0,0,0,118,45,100,0,0,1,1,65,0,0,15,2,1,0,1,75,0,15,30,59,85,3,3880,69,0,1,100,22,69,56,53,0,0,0,0,16,37,53,4,38,35,12,20,3,0,3,3,79,9,5,17,87,0,75,55,1023,65,3,-19,0,0,379
45,7,7,6,6,6,Sam,Kamara,0,77,0,0,26,69,0,7,664,1009,664,73,26,0,0,82,0,4,4,38,0,0,70,2,63,1009,88,74,45,45,0,8,23,0,0,0,0,0,0,0,201,45,100,0,0,0,3,65,0,0,92,2,0,0,1,75,0,15,16,60,72,2,3536,45,0,1,100,30,80,52,53,0,0,0,0,34,26,59,21,27,29,12,8,42,0,14,14,14,11,29,10,0,0,74,128,1023,10,1,-19,0,0,251
45,0,0,3,3,79,Matt,Corral,509,89,0,88,36,89,0,7,665,22,665,84,24,0,0,79,0,4,4,67,0,0,82,3,30,1009,82,21,26,36,0,7,55,0,0,0,0,0,0,0,159,45,100,0,0,3,3,65,0,0,19,2,4,88,1,75,0,3,89,64,77,1,1008,59,0,1,100,40,54,66,51,0,0,0,0,4,25,68,26,10,32,12,17,10,0,0,0,69,0,8,7,509,0,74,45,1023,13,0,-19,0,0,142
45,0,0,3,3,79,Desmond,Ridder,536,87,0,108,15,91,0,4,666,14,666,88,24,0,0,94,0,4,4,48,0,0,79,2,10,1015,92,27,14,18,0,7,56,0,0,0,0,0,0,0,36,18,100,0,0,3,3,65,0,0,9,2,4,108,1,75,0,3,91,70,86,1,818,57,0,1,100,19,64,75,69,0,0,0,0,4,26,73,33,33,2,7,8,8,0,0,0,56,5,13,11,536,0,75,47,1023,11,1,-19,0,0,494
45,3,3,0,0,74,Sam,Howell,402,91,0,36,37,87,0,7,667,26,667,82,23,0,0,93,0,4,4,61,0,0,78,2,1,1015,93,29,15,23,0,7,74,0,0,0,0,0,0,0,135,45,100,0,0,3,3,65,0,0,14,2,4,36,1,75,0,5,92,66,71,1,1673,66,0,1,100,36,64,67,57,0,0,0,0,5,26,65,28,6,12,7,16,4,0,0,0,1,0,9,8,402,0,73,60,1023,14,1,-19,0,0,418
45,3,3,0,0,76,Bailey,Zappe,0,90,0,0,32,85,0,7,668,1009,668,76,24,0,0,89,0,4,4,22,0,0,76,2,32,1015,91,24,17,19,0,7,42,0,2,0,0,0,0,0,245,45,100,0,0,0,3,65,0,0,4,2,0,64,1,75,0,4,85,63,74,1,1517,67,0,1,100,38,56,68,67,0,0,0,0,3,25,76,0,29,15,13,19,34,0,0,0,29,1,10,10,0,0,73,60,1023,10,1,-19,0,0,164
45,0,0,0,0,65,EJ,Perry,75,85,0,0,25,91,0,7,669,33,669,84,25,0,0,87,0,4,4,47,0,0,87,2,63,1009,91,23,17,21,0,8,74,0,2,0,0,0,0,0,22,45,100,0,0,1,3,65,0,0,16,2,1,0,1,75,0,15,83,56,83,1,4867,63,0,1,100,31,65,56,50,0,0,0,0,3,25,69,33,10,27,13,13,16,0,0,0,39,1,11,6,75,0,74,48,1023,10,1,-19,0,0,129
45,5,5,7,7,6,Caleb,Johnson,242,84,0,0,17,85,0,7,670,17,670,81,25,0,0,67,0,4,4,63,0,0,79,2,63,1009,87,77,35,35,0,8,36,0,0,0,0,0,0,0,265,45,100,0,0,1,3,65,0,0,57,2,3,0,1,75,0,15,30,60,89,2,4760,57,0,1,100,20,67,63,56,0,0,0,0,0,23,66,62,44,68,12,11,44,0,13,14,64,6,27,14,242,0,74,67,1023,35,1,-19,0,0,425
45,6,6,5,5,15,Dameon,Pierce,447,89,0,80,12,91,0,1,673,32,673,89,23,0,0,91,0,4,4,67,0,0,82,2,2,1015,96,41,53,45,0,7,93,0,0,0,0,0,0,0,62,21,100,0,0,3,3,65,0,0,31,2,4,80,1,75,0,4,26,83,82,1,1134,89,0,1,100,16,84,89,80,0,0,0,0,4,28,84,58,33,26,12,29,59,0,1,1,28,2,8,9,447,0,70,58,1023,38,1,-19,0,0,60
45,5,5,7,7,14,James,Cook,583,84,0,144,14,93,0,10,675,3,675,92,24,0,0,84,0,4,4,70,0,0,93,2,31,1015,88,40,49,42,0,8,76,0,0,0,0,0,0,0,70,45,100,0,0,3,3,65,0,0,4,2,4,144,1,75,0,2,27,75,81,1,684,87,0,1,100,19,67,80,62,0,0,0,0,0,25,87,56,10,22,13,17,4,0,1,1,22,3,12,9,583,0,71,30,1023,74,1,-19,0,0,114
45,6,6,5,5,38,Pierre,Strong Jr.,437,89,0,72,16,93,0,4,676,5,676,92,25,0,0,86,0,4,4,63,0,0,85,2,22,22,90,38,46,40,0,7,77,0,0,0,0,0,0,0,177,45,100,0,0,3,3,65,0,0,20,2,4,72,1,75,0,4,41,69,88,1,1327,82,0,1,100,22,66,78,64,0,0,0,0,4,26,81,14,22,58,9,29,46,0,1,1,42,0,9,5,437,0,71,45,1023,69,0,-19,0,0,414
45,5,5,7,7,12,Zaquandre,White,0,76,0,0,20,85,0,4,677,33,677,87,25,0,0,73,0,4,4,92,0,0,79,2,63,1009,78,18,38,36,0,8,66,0,0,0,0,0,0,0,176,45,100,0,0,0,3,65,0,0,47,2,0,0,1,75,0,15,34,72,84,1,4539,77,0,1,100,19,69,69,50,0,0,0,0,1,24,81,31,19,27,13,32,28,0,1,1,21,4,8,8,0,0,72,46,1023,27,1,-19,0,0,482
45,7,7,7,7,21,Jaylen,Warren,257,83,0,0,20,92,0,1,678,29,678,90,25,0,0,86,0,4,4,69,0,0,79,2,63,1009,88,34,56,50,0,7,79,0,0,0,0,0,0,0,158,23,100,0,0,2,3,65,0,0,30,2,3,0,1,75,0,15,27,74,74,1,4976,93,0,1,100,21,74,84,76,0,0,0,0,4,24,66,17,16,21,10,14,27,0,1,1,41,2,5,11,257,0,68,55,1023,66,1,-19,0,0,88
45,5,5,6,6,28,Trestan,Ebner,382,84,0,16,12,92,0,7,680,33,680,91,24,0,0,84,0,4,4,70,0,0,84,2,24,1015,90,38,46,37,0,8,76,0,0,0,0,0,0,0,17,45,100,0,0,3,1,65,0,0,25,2,4,16,1,75,0,6,40,65,76,1,2964,79,0,1,100,16,64,76,62,0,0,0,0,1,26,87,15,41,17,11,31,12,0,1,1,66,5,12,6,382,0,71,46,1023,84,1,-19,0,0,4
45,5,5,6,6,27,Isaih,Pacheco,374,91,0,8,14,95,0,10,681,9,681,93,24,0,0,89,0,4,4,70,0,0,84,2,30,1015,96,37,52,34,0,8,81,0,0,0,0,0,0,0,175,23,100,0,0,3,3,65,0,0,10,2,4,8,1,75,0,7,38,80,84,1,3339,92,0,1,100,22,80,88,83,0,0,0,0,5,28,69,34,39,42,10,16,26,0,1,1,20,3,8,8,374,0,70,56,1023,80,1,-19,0,0,280
45,7,7,5,5,16,Jashaun,Corbin,0,83,0,0,18,91,0,8,682,1009,682,87,23,0,0,80,0,4,4,68,0,0,83,2,63,1009,84,39,46,31,0,8,74,0,0,0,0,0,0,0,64,45,100,0,0,0,3,65,0,0,25,2,0,0,1,75,0,15,28,66,82,1,4859,85,0,1,100,17,62,75,63,0,0,0,0,5,25,91,13,32,11,7,6,67,0,1,1,18,1,13,6,0,0,71,43,1023,67,1,-19,0,0,430
45,6,6,5,5,22,Ronnie,Rivers,157,82,0,0,18,91,0,2,684,24,684,88,24,0,0,87,0,4,4,69,0,0,86,2,63,1009,87,29,36,39,0,7,76,0,0,0,0,0,0,0,66,45,100,0,0,1,3,65,0,0,30,2,2,0,1,75,0,15,30,63,87,1,4965,77,0,1,100,20,63,49,53,0,0,0,0,0,24,87,17,48,49,10,6,15,0,2,1,2,4,11,9,157,0,67,35,1023,76,1,-19,0,0,388
45,2,2,3,3,10,Chris,Olave,1927,87,0,1120,19,95,0,7,688,27,688,93,23,0,0,85,0,4,4,95,0,0,91,2,11,1015,91,17,28,40,0,8,68,0,0,0,0,0,0,0,156,35,100,0,0,3,3,65,0,0,12,2,4,1120,1,75,0,1,25,84,82,1,120,69,0,1,100,19,59,82,83,0,0,0,0,4,22,84,7,35,48,13,6,24,0,3,3,15,2,6,7,1927,0,73,29,1023,75,1,-19,0,0,240
45,4,4,5,5,15,Drake,London,2153,83,0,1284,17,92,0,7,689,14,689,88,22,0,0,88,0,4,4,90,0,0,88,2,8,1015,89,28,33,50,0,7,83,0,0,0,0,0,0,0,231,37,100,0,0,3,3,65,0,0,5,2,4,1284,1,75,0,1,25,80,95,1,96,73,0,1,100,14,75,80,83,0,0,0,0,4,26,71,32,44,46,12,16,30,0,3,3,54,5,11,9,2153,0,76,53,1023,38,1,-19,0,0,126
45,2,2,5,5,15,Christian,Watson,924,80,0,392,17,94,0,7,690,20,690,96,24,0,0,78,0,4,4,83,0,0,85,2,2,1015,87,27,30,48,0,8,74,0,0,0,0,0,0,0,315,45,100,0,0,3,3,65,0,0,9,2,4,392,1,75,0,2,26,77,89,1,420,74,0,1,100,14,65,76,79,0,0,0,0,0,25,72,25,1,9,7,7,36,0,3,3,88,3,9,12,924,0,77,48,1023,75,1,-19,0,0,140
45,4,4,2,2,35,Skyy,Moore,645,85,0,188,18,95,0,7,691,9,691,89,23,0,0,80,0,4,4,84,0,0,86,2,22,1015,86,30,31,47,0,7,77,0,0,0,0,0,0,0,246,45,100,0,0,3,3,65,0,0,24,2,4,188,1,75,0,2,55,73,86,1,608,78,0,1,100,20,69,72,70,0,0,0,0,4,24,84,21,31,12,7,9,30,0,3,3,61,1,11,9,645,0,70,35,1023,60,1,-19,0,0,2
45,7,7,3,3,20,Jalen,Tolbert,513,87,0,92,14,94,0,10,692,11,692,91,24,0,0,87,0,4,4,79,0,0,86,2,24,1015,92,23,28,45,0,8,74,0,0,0,0,0,0,0,379,45,100,0,0,3,3,65,0,0,18,2,4,92,1,75,0,3,27,70,87,1,934,72,0,1,100,20,61,67,64,0,0,0,0,5,24,85,4,11,31,13,18,13,0,3,3,13,5,10,5,513,0,73,35,1023,45,1,-19,0,0,44
45,6,6,2,2,10,John,Metchie III,807,81,0,304,15,92,0,10,693,32,693,90,23,0,0,90,0,4,4,79,0,0,87,2,12,1015,84,24,31,51,0,7,75,0,0,0,0,0,0,0,3,45,100,0,0,3,3,65,0,0,8,2,4,304,1,75,0,2,24,74,84,1,505,77,0,1,100,18,66,71,75,0,0,0,0,3,23,79,26,33,46,13,2,28,0,3,3,16,4,1,8,807,0,71,29,1023,73,1,-19,0,0,147
45,2,2,2,2,10,Alec,Pierce,660,83,0,200,16,94,0,7,694,10,694,92,23,0,0,84,0,4,4,82,0,0,79,2,21,1015,87,29,35,44,0,7,70,0,1,0,0,0,0,0,36,36,100,0,0,3,3,65,0,0,14,2,4,200,1,75,0,2,26,74,92,1,592,75,0,1,100,19,62,72,75,0,0,0,0,1,26,63,6,49,24,12,9,23,0,3,3,61,0,9,5,660,0,75,51,1023,65,1,-19,0,0,286
45,7,7,7,7,10,Danny,Gray,504,78,0,84,12,93,0,10,695,33,695,95,24,0,0,75,0,4,4,76,0,0,88,2,41,1015,83,22,29,43,0,7,76,0,0,0,0,0,0,0,192,45,100,0,0,3,3,65,0,0,6,2,4,84,1,75,0,3,22,70,82,1,1097,74,0,1,100,16,58,66,63,0,0,0,0,1,22,85,32,32,58,8,11,30,0,3,3,51,3,7,5,504,0,72,40,1023,77,1,-19,0,0,349
45,4,4,4,4,10,Kevin,Austin Jr.,75,82,0,0,22,95,0,7,696,33,696,91,23,0,0,87,0,4,4,75,0,0,91,2,63,1009,85,38,40,49,0,7,65,0,0,0,0,0,0,0,152,45,100,0,0,1,3,65,0,0,80,2,1,0,1,75,0,15,32,61,92,1,4868,71,0,1,100,23,67,59,48,0,0,0,0,1,24,63,41,8,56,10,24,35,0,3,3,3,4,7,5,75,0,74,49,1023,50,1,-19,0,0,367
45,2,2,3,3,6,Isaiah,Dunn,245,87,0,0,11,92,0,7,698,33,698,93,24,0,0,71,0,4,4,52,0,0,88,2,63,1009,85,47,35,35,0,8,42,0,0,0,0,0,0,0,161,45,100,0,0,1,1,65,0,0,24,2,3,0,1,75,0,15,25,66,85,2,4818,55,0,1,100,10,59,70,65,0,0,0,0,4,20,90,13,6,25,10,19,31,0,16,16,69,0,8,6,245,0,72,33,1023,62,1,-19,0,0,344
45,4,4,6,6,15,Bo,Melton,0,82,0,0,20,93,0,1,699,1009,699,94,24,0,0,80,0,4,4,78,0,0,90,2,8,1015,87,22,28,48,0,8,75,0,0,0,0,0,0,0,175,45,100,0,0,0,1,65,0,0,80,2,0,0,1,75,0,7,32,68,88,1,3200,68,0,1,100,20,65,65,59,0,0,0,0,1,24,91,18,0,20,9,26,14,0,3,3,48,5,10,3,0,0,71,30,1023,74,1,-19,0,0,147
45,2,2,5,5,15,Justyn,Ross,243,83,0,0,19,85,0,1,701,9,701,85,24,0,0,81,0,4,4,83,0,0,82,2,63,1009,75,29,30,52,0,8,73,0,0,0,0,0,0,0,38,45,100,0,0,2,3,65,0,0,8,2,3,0,1,75,0,15,24,69,90,1,4040,76,0,1,100,15,64,68,69,0,0,0,0,1,24,78,15,40,43,12,6,14,0,3,3,59,4,11,6,243,0,76,50,1023,68,1,-19,0,0,275
45,7,7,4,4,38,Ty,Fryfogle,75,65,0,0,11,89,0,2,702,33,702,90,24,0,0,70,0,4,4,80,0,0,82,2,63,1009,87,12,25,20,0,7,39,0,0,0,0,0,0,0,86,45,100,0,0,1,3,65,0,0,13,2,1,0,1,75,0,15,37,91,89,1,4233,81,0,1,100,27,69,66,70,0,0,0,0,5,24,84,21,1,13,13,11,28,0,3,3,70,2,13,12,75,0,73,44,1023,90,0,-19,0,0,188
45,7,7,5,5,32,Johnny,Johnson III,0,71,0,0,29,91,0,4,703,1009,703,88,24,0,0,66,0,4,4,82,0,0,80,2,63,1009,92,7,20,38,0,7,38,0,0,0,0,0,0,0,160,45,100,0,0,0,3,65,0,0,88,2,0,0,1,75,0,15,32,71,80,1,3923,61,0,1,100,12,67,65,70,0,0,0,0,0,24,79,18,34,57,13,21,25,0,3,3,81,0,12,11,0,0,72,37,1023,62,1,-19,0,0,221
45,2,2,6,6,10,Greg,Dulcich,525,85,0,100,22,88,0,9,704,4,704,84,23,0,0,83,0,4,4,81,0,0,82,2,16,1015,90,32,53,54,0,7,65,0,0,0,0,0,0,0,226,45,100,0,0,3,3,65,0,0,80,2,4,100,1,75,0,3,29,74,82,1,857,77,0,1,100,24,67,73,77,0,0,0,0,3,28,62,18,34,5,13,20,0,0,4,4,10,0,34,24,525,0,76,82,1023,35,1,-19,0,0,71
45,4,4,2,2,61,Jelani,Woods,537,85,0,108,14,87,0,1,706,33,706,85,25,0,0,85,0,4,4,78,0,0,84,2,9,1015,90,38,61,63,0,7,67,0,0,0,0,0,0,0,240,45,100,0,0,3,3,65,0,0,80,2,4,108,1,75,0,3,79,70,89,1,802,72,0,1,100,15,78,72,62,0,0,0,0,6,30,68,49,36,37,11,20,17,0,4,4,63,8,42,25,537,0,79,93,1023,15,1,-19,0,0,460
45,4,4,2,2,10,Daniel,Bellinger,445,88,0,80,16,89,0,7,707,16,707,85,23,0,0,88,0,4,4,84,0,0,79,2,7,1015,91,44,63,62,0,8,56,0,0,0,0,0,0,0,180,45,100,0,0,3,3,65,0,0,82,2,4,80,1,75,0,4,25,70,84,1,1184,74,0,1,100,16,79,77,74,0,0,0,0,4,30,56,41,36,8,11,14,20,0,4,4,64,7,22,23,445,0,77,93,1023,30,1,-19,0,0,125
45,4,4,4,4,20,Jake,Ferguson,436,85,0,72,19,86,0,4,708,11,708,81,24,0,0,84,0,4,4,81,0,0,81,2,24,1015,92,37,63,60,0,8,64,0,1,0,0,0,0,0,258,45,100,0,0,3,3,65,0,0,87,2,4,72,1,75,0,4,30,71,89,1,1353,75,0,1,100,21,69,75,74,0,0,0,0,6,30,68,43,33,37,9,33,4,0,4,4,17,9,32,20,436,0,77,84,1023,10,1,-19,0,0,162
45,3,3,6,6,21,Chase,Allen,166,80,0,0,20,87,0,9,709,33,709,80,26,0,0,86,0,4,4,76,0,0,81,2,63,1009,87,47,53,62,0,7,53,0,2,0,0,0,0,0,90,45,100,0,0,2,3,65,0,0,87,2,2,0,1,75,0,15,30,63,87,1,3513,75,0,1,100,22,65,64,64,0,0,0,0,5,30,45,47,49,13,10,12,19,0,4,4,68,0,26,21,166,0,78,91,1023,10,1,-19,0,0,308
45,3,3,2,2,10,Chigoziem,Okonkwo,417,81,0,52,18,91,0,1,710,30,710,88,24,0,0,78,0,4,4,80,0,0,77,2,38,1015,85,30,57,61,0,8,66,0,0,0,0,0,0,0,111,45,100,0,0,3,3,65,0,0,85,2,4,52,1,75,0,4,20,71,85,1,1669,73,0,1,100,21,67,73,69,0,0,0,0,5,28,62,57,44,48,11,5,3,0,4,4,60,8,25,12,417,0,75,78,1023,35,1,-19,0,0,519
45,4,4,3,3,5,Austin,Allen,0,76,0,0,12,81,0,7,712,1009,712,80,25,0,0,69,0,4,4,72,0,0,86,2,63,1009,69,29,64,65,0,7,66,0,2,0,0,0,0,0,142,45,100,0,0,0,3,65,0,0,49,2,0,0,1,75,0,15,29,96,82,1,4861,56,0,1,100,17,79,68,62,0,0,0,0,3,30,66,37,18,39,11,46,5,0,4,4,48,6,20,25,0,0,80,93,1023,0,1,-19,0,0,485
45,7,7,7,7,10,Cole,Turner,399,80,0,32,19,88,0,9,713,26,713,81,23,0,0,68,0,4,4,79,0,0,82,2,6,1015,88,29,56,59,0,8,60,0,2,0,0,0,0,0,143,45,100,0,0,3,3,65,0,0,85,2,4,32,1,75,0,5,30,64,77,1,1766,73,0,1,100,21,68,64,60,0,0,0,0,6,29,39,36,25,11,10,8,1,0,4,4,15,0,33,25,399,0,78,80,1023,18,1,-19,0,0,139
45,3,3,7,7,6,Tyler,Linderbaum,1323,89,0,680,21,82,0,7,716,25,716,76,23,0,0,93,0,4,4,28,0,0,69,2,25,1015,92,41,75,85,0,8,18,0,2,0,0,0,0,0,89,45,100,0,0,3,3,65,0,0,64,2,4,680,1,75,0,1,21,80,72,1,337,35,0,1,100,23,84,79,84,0,0,0,0,6,34,31,19,39,24,8,24,15,0,7,7,63,30,41,27,1323,0,74,145,1023,10,1,-19,0,0,156
45,4,4,7,7,6,Kenyon,Green,1596,85,0,880,13,74,0,1,717,33,717,64,22,0,0,87,0,4,4,25,0,0,56,2,15,1015,92,34,68,75,0,8,14,0,0,0,0,0,0,0,215,45,100,0,0,3,1,65,0,0,59,2,4,880,1,75,0,1,24,69,71,1,174,22,0,1,100,14,85,66,74,0,0,0,0,11,36,35,17,24,25,9,17,14,0,6,6,37,24,26,28,1596,0,76,163,1023,10,1,-19,0,0,470
45,3,3,4,4,6,Tyler,Smith,1338,87,0,692,18,80,0,7,718,11,718,72,22,0,0,89,0,4,4,35,0,0,59,2,24,1015,94,30,81,81,0,8,9,0,0,0,0,0,0,0,222,45,100,0,0,3,3,65,0,0,73,2,4,692,1,75,0,1,24,79,69,1,324,39,0,1,100,20,94,81,82,0,0,0,0,16,36,24,22,71,23,11,22,32,0,6,5,16,28,23,28,1338,0,78,172,1023,10,1,-19,0,0,454
2,0,0,0,0,6,Rodney,Hudson,0,85,0,0,15,66,0,5,719,33,719,59,34,0,0,97,2,4,4,34,0,0,59,2,23,23,85,45,88,82,0,8,25,0,0,0,0,0,0,0,64,45,56,0,0,0,3,49,0,0,61,1,0,0,3,75,0,2,12,87,65,12,1577,40,0,1,100,11,89,83,87,2,2,2,2,40,35,18,24,36,45,7,34,43,0,7,7,94,41,32,23,0,0,74,155,999,10,2,-19,0,0,278
45,2,2,7,7,6,Logan,Bruss,0,83,0,0,10,74,0,7,720,1009,720,62,25,0,0,78,0,4,4,30,0,0,62,2,40,1015,83,42,63,72,0,8,25,0,2,0,0,0,0,0,258,45,100,0,0,0,1,65,0,0,60,2,0,84,1,75,0,3,24,65,76,1,1090,25,0,1,100,11,85,61,72,0,0,0,0,5,35,31,15,0,35,13,19,40,0,8,6,34,4,43,26,0,0,77,148,1023,10,1,-19,0,0,434
45,3,3,4,4,27,Parker,Hesse,0,80,0,0,38,83,0,4,721,1009,721,77,28,0,0,85,1,4,4,74,0,0,77,2,63,1009,90,64,61,65,0,7,57,0,2,0,0,0,0,0,89,45,100,0,0,0,1,65,0,0,46,2,0,0,1,75,0,15,37,59,87,4,4708,68,0,1,100,43,73,65,63,0,0,0,0,4,57,65,55,29,25,21,22,30,0,4,4,35,19,14,10,0,0,75,101,1023,25,2,-19,0,0,167
45,6,6,6,6,15,Sean,Rhyan,512,79,0,88,22,73,0,7,723,20,723,64,23,0,0,82,0,4,4,35,0,0,66,2,28,1015,86,43,72,74,0,8,27,0,0,0,0,0,0,0,226,45,100,0,0,3,3,65,0,0,75,2,4,88,1,75,0,3,28,69,83,1,960,45,0,1,100,26,84,66,69,0,0,0,0,11,36,37,20,3,24,12,16,43,0,6,6,60,25,33,22,512,0,77,161,1023,10,1,-19,0,0,446
45,7,7,2,2,6,Joshua,Ezeudu,548,84,0,116,23,72,0,1,724,16,724,66,24,0,0,77,0,4,4,23,0,0,57,2,3,1015,90,21,73,69,0,8,12,0,0,0,0,0,0,0,135,45,100,0,0,3,1,65,0,0,75,2,4,116,1,75,0,3,16,67,71,1,777,35,0,1,100,24,81,63,70,0,0,0,0,9,35,42,18,15,22,13,25,43,0,6,6,10,7,30,29,548,0,76,148,1023,10,1,-19,0,0,479
45,5,5,3,3,6,Chasen,Hines,0,74,0,0,13,76,0,4,725,1009,725,65,23,0,0,81,0,4,4,20,0,0,40,2,31,1015,83,38,64,71,0,8,9,0,0,0,0,0,0,0,106,45,100,0,0,0,3,65,0,0,63,2,0,16,1,75,0,6,10,64,75,1,3026,23,0,1,100,13,84,58,65,0,0,0,0,33,37,33,21,37,31,7,30,19,0,8,7,67,30,42,22,0,0,75,170,1023,10,1,-19,0,0,76
45,6,6,2,2,6,Justin,Shaffer,0,82,0,0,15,75,0,1,729,1009,729,68,25,0,0,83,0,4,4,23,0,0,50,2,11,1015,87,25,65,71,0,8,10,0,0,0,0,0,0,0,70,45,100,0,0,0,1,65,0,0,54,2,0,0,1,75,0,6,24,64,65,1,2832,29,0,1,100,20,83,59,64,0,0,0,0,18,36,37,21,36,24,10,23,6,0,6,6,70,26,24,28,0,0,76,159,1023,10,1,-19,0,0,60
5,6,6,0,0,6,Jason,Kelce,2307,93,0,1214,22,74,0,9,730,13,730,74,36,0,0,96,2,4,4,40,0,0,73,0,26,1015,94,57,89,95,0,8,14,0,2,0,0,0,0,0,36,26,12,0,0,2,3,37,0,0,62,2,2,1214,3,87,0,6,22,92,75,12,1624,40,0,1,100,18,85,96,99,5,5,5,5,6,32,29,21,30,21,7,21,5,0,7,7,25,4,31,29,2307,0,75,135,999,10,12,-19,0,0,41
45,6,6,4,4,6,Spencer,Burford,433,87,0,68,20,75,0,7,733,15,733,66,23,0,0,78,0,4,4,32,0,0,65,2,29,1015,90,29,74,73,0,8,12,0,0,0,0,0,0,0,355,45,100,0,0,3,3,65,0,0,74,2,4,68,1,75,0,4,24,72,72,1,1453,34,0,1,100,23,86,70,78,0,0,0,0,4,34,34,23,42,31,12,21,31,0,8,6,11,5,22,22,433,0,76,140,1023,10,1,-19,0,0,2
45,4,4,2,2,6,Marcus,McKethan,393,74,0,28,12,65,0,10,734,16,734,62,24,0,0,80,0,4,4,23,0,0,58,2,30,1015,85,34,67,68,0,8,8,0,0,0,0,0,0,0,135,45,100,0,0,3,1,65,0,0,60,2,4,28,1,75,0,5,21,65,69,1,2586,21,0,1,100,11,87,59,66,0,0,0,0,41,38,1,26,22,41,8,29,42,0,8,6,46,25,28,26,393,0,79,181,1023,10,1,-19,0,0,349
45,6,6,7,7,12,Kellen,Diesch,0,83,0,0,18,82,0,7,735,1009,735,76,26,0,0,75,0,4,4,45,0,0,59,2,63,1009,90,38,69,64,0,8,37,0,2,0,0,0,0,0,9,45,100,0,0,0,3,65,0,0,78,2,0,0,1,75,0,15,21,62,79,1,4622,47,0,1,100,21,81,58,67,0,0,0,0,6,34,45,18,47,29,11,18,14,0,5,5,39,8,27,27,0,0,79,143,1023,10,1,-19,0,0,171
45,5,5,6,6,29,Bill,Dunkle,75,54,0,0,29,65,0,7,736,33,736,61,24,0,0,78,0,4,4,17,0,0,64,2,63,1009,68,9,78,82,0,8,23,0,0,0,0,0,0,0,180,45,100,0,0,1,3,65,0,0,68,2,1,0,1,75,0,15,26,66,68,1,4992,14,0,1,100,20,93,69,50,0,0,0,0,13,36,37,16,34,35,7,15,37,0,6,6,3,18,42,24,75,0,77,168,1023,0,1,-19,0,0,274
45,7,7,5,5,6,Lecitus,Smith,379,77,0,12,15,71,0,10,739,33,739,66,25,0,0,79,0,4,4,37,0,0,53,2,36,1015,90,22,63,68,0,8,33,0,0,0,0,0,0,0,241,45,100,0,0,3,3,65,0,0,54,2,4,12,1,75,0,6,19,61,65,1,3100,44,0,1,100,17,83,57,68,0,0,0,0,41,36,27,30,27,43,9,33,25,0,7,6,83,29,31,23,379,0,75,160,1023,10,1,-19,0,0,365
45,2,2,4,4,6,Nick,Zakelj,385,85,0,20,14,83,0,7,740,15,740,68,24,0,0,84,0,4,4,37,0,0,60,2,8,1015,92,35,67,63,0,8,27,0,1,0,0,0,0,0,65,45,100,0,0,3,3,65,0,0,63,2,4,20,1,75,0,6,17,63,71,1,2768,35,0,1,100,17,85,59,70,0,0,0,0,7,36,36,24,63,27,7,16,11,0,8,5,78,16,42,28,385,0,78,156,1023,10,1,-19,0,0,286
45,4,4,3,3,19,Obinna,Eze,75,66,0,0,16,71,0,7,741,33,741,69,25,0,0,75,0,4,4,35,0,0,59,2,63,1009,76,20,82,80,0,8,14,0,0,0,0,0,0,0,207,45,100,0,0,1,3,65,0,0,65,2,1,0,1,75,0,15,22,86,71,1,4877,21,0,1,100,33,92,68,50,0,0,0,0,11,36,34,18,57,29,10,24,13,0,5,5,3,15,25,28,75,0,78,161,1023,1,1,-19,0,0,417
45,5,5,6,6,6,Alec,Lindstrom,0,84,0,0,14,76,0,7,742,33,742,66,25,0,0,79,0,4,4,25,0,0,66,2,63,1009,91,31,72,64,0,8,9,0,1,0,0,0,0,0,20,45,100,0,0,2,3,65,1,0,65,2,2,0,1,75,0,15,15,61,72,1,4248,30,0,1,100,16,82,60,65,0,0,0,0,6,34,44,22,13,33,9,20,32,0,7,7,47,6,40,22,166,0,75,139,1023,10,1,-19,0,0,328
45,7,7,7,7,6,Andrew,Rupcich,0,74,0,0,10,69,0,7,744,1009,744,62,24,0,0,89,0,4,4,25,0,0,54,2,63,1009,91,25,64,69,0,8,9,0,1,0,0,0,0,0,45,45,100,0,0,0,3,65,0,0,76,2,0,0,1,75,0,15,21,61,76,1,923,22,0,1,100,12,85,56,67,0,0,0,0,9,36,34,17,72,20,10,15,11,0,5,5,96,21,27,27,0,0,79,163,1023,10,1,-19,0,0,155
45,7,7,3,3,8,Aidan,Hutchinson,3571,87,0,2316,12,89,0,7,745,19,745,81,23,0,0,92,0,4,4,61,0,0,81,2,2,1015,91,83,45,45,0,8,33,0,1,0,0,0,0,0,117,27,100,0,0,3,3,65,1,0,97,2,4,2316,1,75,0,1,24,81,85,1,48,59,0,1,100,14,85,89,84,0,0,0,0,3,31,53,46,48,57,8,47,34,0,11,10,90,8,37,28,3571,0,79,104,1023,10,1,-19,0,0,130
45,7,7,3,3,6,Kayvon,Thibodeaux,3133,84,0,1996,17,90,0,4,746,16,746,88,23,0,0,85,0,4,4,48,0,0,84,2,5,1015,91,85,45,45,0,8,23,0,0,0,0,0,0,0,160,16,100,0,0,3,3,65,0,0,5,2,4,1996,1,75,0,1,22,80,87,1,88,48,0,1,100,15,81,87,79,0,0,0,0,4,30,42,73,47,14,8,20,3,0,15,10,95,4,38,23,3133,0,77,98,1023,10,1,-19,0,0,243
45,5,5,5,5,6,Arnold,Ebiketie,881,81,0,360,16,87,0,7,748,14,748,84,24,0,0,91,0,4,4,45,0,0,85,2,6,1015,92,77,45,45,0,8,14,0,0,0,0,0,0,0,164,45,100,0,0,3,3,65,0,0,47,2,4,360,1,75,0,2,23,71,87,1,468,45,0,1,100,15,76,73,65,0,0,0,0,4,30,60,76,35,26,11,57,43,0,13,10,73,8,27,21,881,0,75,96,1023,10,1,-19,0,0,417
45,7,7,5,5,6,Sam,Williams,622,74,0,172,14,91,0,7,749,11,749,89,24,0,0,78,0,4,4,42,0,0,82,2,24,1015,90,79,45,45,0,8,19,0,0,0,0,0,0,0,159,39,100,0,0,3,3,65,0,0,54,2,4,172,1,75,0,2,20,73,86,1,623,35,0,1,100,12,77,82,69,0,0,0,0,6,32,43,26,19,39,13,44,48,0,10,10,20,7,30,26,622,0,76,101,1023,10,1,-19,0,0,433
45,4,4,6,6,50,Dominique,Robinson,393,76,0,28,12,89,0,4,750,1,750,82,25,0,0,80,0,4,4,65,0,0,77,2,31,1015,89,79,45,45,0,8,47,0,0,0,0,0,0,0,116,39,100,0,0,3,1,65,0,0,90,2,4,28,1,75,0,5,62,71,94,1,2599,61,0,1,100,16,81,77,66,0,0,0,0,3,30,61,66,16,13,13,31,30,0,11,10,78,7,43,20,393,0,77,93,1023,10,1,-19,0,0,344
45,2,2,4,4,6,Cameron,Thomas,514,78,0,92,14,84,0,7,751,7,751,78,23,0,0,85,0,4,4,39,0,0,82,2,23,1015,92,85,45,45,0,8,33,0,4,0,0,0,0,0,180,45,100,0,0,3,1,65,0,0,97,2,4,92,1,75,0,3,22,71,81,1,929,41,0,1,100,15,77,79,70,0,0,0,0,6,32,47,74,21,58,9,38,1,0,10,10,82,6,41,25,514,0,77,110,1023,10,1,-19,0,0,300
45,3,3,7,7,6,Zach,Carter,507,79,0,88,14,82,0,7,752,2,752,73,24,0,0,87,0,4,4,25,0,0,72,2,31,1015,92,80,45,45,0,8,19,0,0,0,0,0,0,0,62,45,100,0,0,3,3,65,0,0,95,2,4,88,1,75,0,3,22,64,69,1,1012,33,0,1,100,20,76,70,68,0,0,0,0,5,33,44,16,17,34,11,22,4,0,12,10,58,8,39,30,507,0,76,130,1023,10,1,-19,0,0,399
45,4,4,6,6,15,Micheal,Clemons,442,73,0,76,12,84,0,4,753,18,753,77,26,0,0,87,0,4,4,30,0,0,74,2,12,1015,86,80,45,45,0,8,23,0,0,0,0,0,0,0,215,45,100,0,0,3,3,65,0,0,72,2,4,76,1,75,0,4,23,70,84,1,1231,28,0,1,100,15,80,76,69,0,0,0,0,6,32,56,63,38,6,7,2,16,0,11,10,97,5,41,26,442,0,77,110,1023,10,1,-19,0,0,313
45,4,4,5,5,6,Isaiah,Thomas,0,71,0,0,15,87,0,4,754,1009,754,82,25,0,0,81,0,4,4,38,0,0,65,2,2,1015,91,72,45,45,0,8,33,0,0,0,0,0,0,0,157,45,100,0,0,0,1,65,0,0,58,2,0,12,1,75,0,7,20,66,77,1,3159,40,0,1,100,15,79,71,65,0,0,0,0,7,31,47,24,47,58,8,10,48,0,10,10,66,8,29,22,0,0,77,106,1023,10,1,-19,0,0,277
45,7,7,7,7,15,Rachaad,White,513,82,0,92,18,92,0,1,756,6,756,90,24,0,0,85,0,4,4,74,0,0,85,2,27,1015,90,30,52,37,0,7,75,0,0,0,0,0,0,0,9,23,100,0,0,3,3,65,0,0,1,2,4,92,1,75,0,3,26,75,87,1,956,87,0,1,100,21,71,82,76,0,0,0,0,2,26,88,15,38,54,11,35,66,0,1,1,65,4,6,6,513,0,72,54,1023,75,1,-19,0,0,461
45,5,5,3,3,10,Jameson,Williams,1695,80,0,988,17,95,0,10,758,33,758,98,22,0,0,86,0,4,4,80,0,0,94,2,12,1015,91,26,25,42,0,8,74,0,0,0,0,0,0,0,3,45,100,0,0,3,3,65,0,0,9,2,4,988,1,75,0,1,31,79,82,1,127,66,0,1,100,18,63,72,69,0,0,0,0,3,22,88,45,0,4,7,1,37,0,3,3,32,4,0,7,1695,0,74,20,1023,82,1,-19,0,0,313
45,3,3,7,7,6,Marquise,Copeland,0,74,0,0,15,70,0,4,759,1009,759,72,26,0,0,86,0,4,4,49,0,0,67,2,63,1009,87,80,45,45,0,8,26,0,0,0,0,0,0,0,36,45,100,0,0,0,3,65,0,0,93,2,0,0,1,75,0,15,26,68,75,4,4926,40,0,1,100,16,84,71,72,0,0,0,0,34,35,19,46,41,81,12,10,12,0,10,11,12,15,18,42,0,0,74,127,1023,12,4,-19,0,0,225
45,6,6,7,7,20,Brian,Robinson,530,88,0,112,17,90,0,7,763,26,763,88,24,0,0,89,0,4,4,65,0,0,80,2,34,1015,92,39,52,38,0,8,84,0,0,0,0,0,0,0,3,45,100,0,0,3,3,65,0,0,8,2,4,112,1,75,0,3,29,79,78,1,1039,94,0,1,100,19,82,85,78,0,0,0,0,2,27,69,19,35,14,9,0,14,0,1,1,12,4,16,11,530,0,74,64,1023,73,1,-19,0,0,9
45,5,5,5,5,25,Kevin,Harris,0,80,0,0,15,87,0,4,766,1009,766,85,23,0,0,82,0,4,4,66,0,0,77,2,4,1015,85,33,49,40,0,7,77,0,0,0,0,0,0,0,176,45,100,0,0,0,1,65,0,0,36,2,0,0,1,75,0,6,26,62,86,1,2686,90,0,1,100,19,75,61,68,0,0,0,0,5,26,91,3,13,18,13,12,19,0,2,1,53,5,11,7,0,0,70,62,1023,37,1,-19,0,0,29
45,6,6,5,5,15,Ty,Davis-Price,510,84,0,88,14,93,0,1,767,15,767,90,23,0,0,89,0,4,4,61,0,0,86,2,29,1015,92,35,57,46,0,8,77,0,0,0,0,0,0,0,106,45,100,0,0,3,3,65,0,0,32,2,4,88,1,75,0,3,28,69,84,1,974,86,0,1,100,15,79,78,66,0,0,0,0,5,26,65,4,50,16,11,26,8,0,1,1,3,5,8,5,510,0,73,59,1023,35,1,-19,0,0,112
45,5,5,6,6,33,Kyren,Williams,397,86,0,32,15,90,0,7,768,24,768,84,23,0,0,85,0,4,4,73,0,0,81,2,21,1015,86,42,57,47,0,7,77,0,0,0,0,0,0,0,152,45,100,0,0,3,3,65,0,0,23,2,4,32,1,75,0,5,44,65,78,1,2486,80,0,1,100,19,74,76,71,0,0,0,0,5,23,80,52,37,18,11,35,46,0,1,1,44,2,4,8,397,0,69,34,1023,79,1,-19,0,0,385
45,5,5,6,6,15,Tyler,Allgeier,399,85,0,32,13,89,0,7,769,14,769,86,23,0,0,87,0,4,4,67,0,0,83,2,8,1015,91,40,61,41,0,8,90,0,0,0,0,0,0,0,26,45,100,0,0,3,3,65,0,0,25,2,4,32,1,75,0,5,30,78,80,1,1778,94,0,1,100,18,78,88,80,0,0,0,0,3,28,70,53,55,54,12,12,30,0,1,1,59,5,32,13,399,0,71,60,1023,68,1,-19,0,0,421
45,6,6,5,5,20,Ty,Chandler,395,87,0,28,17,95,0,1,770,31,770,93,25,0,0,88,0,4,4,67,0,0,79,2,26,1015,92,32,42,46,0,7,76,0,0,0,0,0,0,0,135,45,100,0,0,3,3,65,0,0,32,2,4,28,1,75,0,5,28,66,77,1,2528,87,0,1,100,22,65,79,65,0,0,0,0,3,26,83,21,50,25,8,33,46,0,1,1,36,0,13,9,395,0,71,44,1023,67,1,-19,0,0,376
45,5,5,5,5,20,Hassan,Haskins,435,86,0,68,14,91,0,4,771,33,771,89,24,0,0,84,0,4,4,66,0,0,80,2,26,1015,89,41,56,44,0,8,79,0,0,0,0,0,0,0,117,45,100,0,0,3,1,65,0,0,25,2,4,68,1,75,0,4,35,69,85,1,1366,91,0,1,100,15,78,80,67,0,0,0,0,2,28,79,40,57,43,8,6,14,0,1,1,50,7,23,12,435,0,74,68,1023,66,1,-19,0,0,341
45,6,6,7,7,25,Zonovan,Knight,0,79,0,0,15,89,0,1,772,1009,772,88,22,0,0,85,0,4,4,66,0,0,85,2,63,1009,92,36,49,35,0,8,83,0,0,0,0,0,0,0,138,45,100,0,0,0,3,65,0,0,28,2,0,0,1,75,0,15,25,71,80,1,4871,83,0,1,100,17,69,81,71,0,0,0,0,4,26,88,48,44,55,10,24,24,0,1,1,51,2,10,8,0,0,70,49,1023,78,1,-19,0,0,349
45,3,3,5,5,10,George,Pickens,675,86,0,208,16,93,0,1,775,29,775,90,22,0,0,79,0,4,4,87,0,0,90,2,20,1015,85,24,32,53,0,8,72,0,0,0,0,0,0,0,70,36,100,0,0,3,3,65,0,0,14,2,4,208,1,75,0,2,28,80,94,1,570,74,0,1,100,19,61,78,81,0,0,0,0,4,24,71,47,46,54,9,15,14,0,3,3,69,2,10,5,675,0,75,40,1023,74,1,-19,0,0,51
45,3,3,3,3,15,Velus,Jones,540,79,0,112,11,95,0,1,778,1,778,94,26,0,0,82,0,4,4,78,0,0,80,2,7,1015,92,21,30,46,0,7,74,0,0,0,0,0,0,0,211,45,100,0,0,3,1,65,0,0,12,2,4,112,1,75,0,3,28,69,81,1,799,70,0,1,100,16,64,68,69,0,0,0,0,5,25,76,35,52,6,13,6,5,0,3,3,37,0,6,8,540,0,72,40,1023,81,1,-19,0,0,326
45,4,4,2,2,17,Isaiah,Weston,245,96,0,0,26,93,0,2,779,33,779,94,26,0,0,58,0,4,4,80,0,0,81,2,63,1009,62,24,18,25,0,8,56,0,0,0,0,0,0,0,150,45,100,0,0,2,3,65,0,0,81,2,3,0,1,75,0,15,40,96,91,1,3871,64,0,1,100,27,72,68,70,0,0,0,0,4,26,88,22,55,12,10,6,29,0,3,3,69,1,8,10,245,0,75,54,1023,69,1,-19,0,0,189
45,4,4,5,5,10,Trey,McBride,628,86,0,176,20,90,0,7,780,7,780,87,24,0,0,87,0,4,4,83,0,0,76,2,23,1015,92,38,60,58,0,7,60,0,1,0,0,0,0,0,42,45,100,0,0,3,3,65,0,0,85,2,4,176,1,75,0,2,33,74,80,1,609,75,0,1,100,22,70,74,73,0,0,0,0,5,30,54,16,18,8,10,36,19,0,4,4,3,7,18,20,628,0,75,89,1023,35,1,-19,0,0,415
45,7,7,2,2,6,Evan,Neal,2455,86,0,1504,17,79,0,4,782,16,782,76,23,0,0,83,0,4,4,30,0,0,62,2,7,1015,93,35,71,76,0,8,24,0,0,0,0,0,0,0,3,45,100,0,0,3,3,65,0,0,73,2,4,1504,1,75,0,1,26,73,84,1,93,29,0,1,100,18,92,69,68,0,0,0,0,10,38,34,18,44,21,8,25,23,0,9,5,31,27,24,29,2455,0,79,190,1023,10,1,-19,0,0,416
45,7,7,7,7,6,Charles,Cross,2138,88,0,1272,14,75,0,1,783,28,783,74,23,0,0,81,0,4,4,20,0,0,55,2,9,1015,91,25,82,71,0,8,18,0,0,0,0,0,0,0,121,45,100,0,0,3,3,65,0,0,67,2,4,1272,1,75,0,1,23,77,75,1,97,25,0,1,100,19,84,71,80,0,0,0,0,9,35,49,16,38,30,8,22,17,0,5,5,58,7,35,30,2138,0,77,151,1023,10,1,-19,0,0,481
45,6,6,4,4,10,Trevor,Penning,1414,82,0,748,15,83,0,4,784,27,784,76,24,0,0,90,0,4,4,41,0,0,74,2,19,1015,87,27,70,78,0,8,28,0,1,0,0,0,0,0,150,45,100,0,0,3,3,65,0,0,70,2,4,748,1,75,0,1,23,73,70,1,235,38,0,1,100,17,88,65,62,0,0,0,0,15,37,41,24,37,30,13,21,15,0,5,5,84,17,34,26,1414,0,79,173,1023,10,1,-19,0,0,162
45,7,7,3,3,6,Zion,Johnson,1474,87,0,792,18,76,0,1,785,8,785,66,24,0,0,89,0,4,4,25,0,0,71,2,17,1015,94,34,73,77,0,8,11,0,0,0,0,0,0,0,20,45,100,0,0,3,3,65,0,0,77,2,4,792,1,75,0,1,28,74,78,1,186,34,0,1,100,23,90,72,75,0,0,0,0,37,36,28,23,51,36,12,23,22,0,8,6,20,35,42,22,1474,0,75,156,1023,10,1,-19,0,0,340
45,5,5,2,2,6,Luke,Goedeke,617,83,0,168,25,67,0,4,786,6,786,63,25,0,0,85,0,4,4,47,0,0,64,2,25,1015,87,35,66,72,0,8,34,0,2,0,0,0,0,0,33,45,100,0,0,3,3,65,0,0,67,2,4,168,1,75,0,2,30,66,76,1,625,48,0,1,100,23,87,64,73,0,0,0,0,17,35,25,20,27,26,13,18,24,0,9,6,99,16,34,27,617,0,77,152,1023,10,1,-19,0,0,8
45,0,0,0,0,15,Ryan,Succop,0,81,0,0,75,66,0,7,787,1009,787,62,37,0,0,65,2,4,4,23,0,0,64,0,47,1009,94,29,17,16,0,7,5,0,2,0,0,0,0,0,176,45,59,0,0,0,3,73,0,0,3,0,0,0,1,90,0,7,38,73,25,14,682,39,0,1,100,93,50,75,62,0,0,0,0,2,15,80,42,31,38,9,45,19,0,19,19,27,2,8,12,0,0,74,58,999,10,3,-19,0,0,41
45,3,3,4,4,6,Zach,Tom,417,83,0,52,14,84,0,4,788,20,788,74,24,0,0,75,0,4,4,26,0,0,73,2,35,1015,92,28,79,66,0,8,20,0,0,0,0,0,0,0,249,45,100,0,0,3,3,65,0,0,50,2,4,52,1,75,0,4,19,72,80,1,1629,24,0,1,100,13,80,69,78,0,0,0,0,6,35,34,15,12,22,10,24,37,0,9,7,61,6,32,23,417,0,76,144,1023,10,1,-19,0,0,119
45,2,2,3,3,6,Vederian,Lowe,385,81,0,20,11,75,0,4,789,22,789,65,24,0,0,82,0,4,4,21,0,0,57,2,5,31,92,29,65,69,0,8,13,0,0,0,0,0,0,0,84,45,100,0,0,3,3,65,0,0,59,2,4,20,1,75,0,6,19,62,65,1,2704,24,0,1,100,12,82,57,71,0,0,0,0,17,36,30,24,20,21,13,22,2,0,5,5,39,16,43,26,385,0,78,160,1023,10,1,-19,0,0,118
45,2,2,7,7,6,Andrew,Stueber,0,83,0,0,14,66,0,7,790,1009,790,60,24,0,0,88,0,4,4,21,0,0,51,2,24,1015,86,39,64,71,0,8,19,0,2,0,0,0,0,0,117,45,100,0,0,0,3,65,0,0,64,2,0,8,1,75,0,7,19,63,63,1,3308,20,0,1,100,15,82,56,71,0,0,0,0,9,36,38,23,1,20,10,25,16,0,5,5,35,15,29,30,0,0,79,165,1023,10,1,-19,0,0,162
45,3,3,4,4,6,Ja'Tyre,Carter,376,83,0,12,12,78,0,7,791,1,791,72,24,0,0,76,0,4,4,43,0,0,56,2,5,1015,92,35,67,63,0,8,42,0,0,0,0,0,0,0,193,45,100,0,0,3,3,65,0,0,69,2,4,12,1,75,0,7,12,63,83,1,3188,45,0,1,100,14,85,59,70,0,0,0,0,27,36,15,35,23,40,11,32,23,0,8,6,12,36,37,28,376,0,75,151,1023,10,1,-19,0,0,431
45,2,2,5,5,6,Matt,Waletzko,398,82,0,32,11,80,0,7,792,33,792,71,24,0,0,79,0,4,4,20,0,0,74,2,12,1015,87,28,68,67,0,8,10,0,2,0,0,0,0,0,270,45,100,0,0,3,3,65,0,0,79,2,4,32,1,75,0,5,21,64,68,1,1849,31,0,1,100,15,85,60,68,0,0,0,0,7,36,36,16,0,34,10,19,15,0,5,5,52,18,34,26,398,0,80,145,1023,10,1,-19,0,0,166
45,2,2,4,4,6,Alex,Wright,529,73,0,104,15,84,0,10,793,33,793,79,23,0,0,87,0,4,4,42,0,0,70,2,14,1015,88,77,45,45,0,8,30,0,0,0,0,0,0,0,224,45,100,0,0,3,3,65,0,0,91,2,4,104,1,75,0,3,15,64,74,1,837,44,0,1,100,15,73,73,68,0,0,0,0,3,32,50,83,27,63,8,30,47,0,11,10,72,7,40,25,529,0,77,107,1023,10,1,-19,0,0,287
45,3,3,6,6,6,David,Bada,75,67,0,0,30,72,0,7,795,33,795,72,28,0,0,84,1,4,4,39,0,0,65,2,63,1009,86,78,45,45,0,8,17,0,0,0,0,0,0,0,264,45,100,0,0,1,3,65,0,0,64,2,1,0,1,75,0,15,17,57,77,3,4820,37,0,1,100,33,79,59,52,0,0,0,0,9,30,35,20,18,35,8,25,7,0,10,10,77,7,25,25,75,0,76,133,1023,10,3,-19,0,0,259
45,6,6,6,6,6,Marcus,Cannon,0,76,0,0,21,59,0,5,796,33,796,58,35,0,0,65,2,4,4,25,0,0,53,2,7,1009,80,30,74,77,0,8,11,0,0,0,0,0,0,0,207,45,74,0,0,0,3,28,0,0,61,0,0,0,3,0,0,5,15,73,75,12,886,40,0,1,100,20,93,70,76,0,0,0,0,12,38,32,15,24,25,13,17,31,0,8,5,75,27,25,23,0,0,78,175,999,10,1,-19,0,0,261
45,4,4,7,7,6,Luke,Wattenberg,394,84,0,28,16,78,0,9,799,4,799,66,26,0,0,69,0,4,4,26,0,0,69,2,28,1015,91,32,64,68,0,8,7,0,0,0,0,0,0,0,252,45,100,0,0,3,3,65,0,0,60,2,4,28,1,75,0,5,17,63,73,1,2554,28,0,1,100,19,79,59,70,0,0,0,0,9,34,44,16,49,21,13,16,30,0,6,7,67,10,26,25,394,0,77,140,1023,10,1,-19,0,0,83
45,5,5,7,7,6,Milo,Eifler,94,80,0,0,16,88,0,4,800,33,800,86,25,0,0,87,0,4,4,57,0,0,79,2,63,1009,88,70,45,45,0,8,51,0,0,0,0,0,0,0,84,45,100,0,0,1,3,65,0,0,46,2,1,0,1,75,0,15,22,61,88,3,4225,66,0,1,100,18,64,57,60,0,0,0,0,18,0,7,56,47,44,12,8,20,0,14,14,16,4,21,33,94,0,74,65,1023,10,2,-19,0,0,414
45,0,0,0,0,71,Malik,Willis,516,84,0,96,20,93,0,7,801,30,801,90,24,0,0,95,0,4,4,58,0,0,92,2,22,1015,92,35,20,26,0,8,78,0,0,0,0,0,0,0,104,45,100,0,0,3,3,65,0,0,7,2,4,96,1,75,0,3,94,66,83,1,909,67,0,1,100,23,72,62,42,0,0,0,0,5,26,68,14,23,14,11,4,21,0,0,0,30,0,12,12,516,0,73,59,1023,48,1,-19,0,0,306
5,2,2,2,2,6,Tyron,Smith,8162,88,0,1400,21,74,0,4,803,11,803,71,33,0,0,90,2,0,0,56,0,0,75,2,9,1015,71,45,89,90,0,8,11,0,0,0,0,0,0,0,231,24,60,0,0,1,1,60,0,1,77,2,7,1400,0,13,0,1,35,89,72,12,1438,55,0,1,100,25,90,88,88,5,5,5,5,10,38,36,24,25,28,11,16,30,0,5,5,10,20,24,30,8162,0,77,160,999,11,12,-30,0,0,440
2,3,3,3,3,6,Nate,Solder,0,83,0,0,23,71,0,7,804,33,804,69,35,0,0,82,2,0,0,63,0,0,68,0,17,1009,87,35,70,76,0,8,15,10,2,0,0,0,0,0,41,45,51,0,0,0,3,34,0,0,76,0,0,0,3,0,0,1,16,69,78,12,1848,61,0,1,100,21,88,69,73,5,5,5,5,16,35,39,21,18,20,7,19,9,0,9,5,98,25,37,26,0,0,80,165,999,11,5,-19,0,0,145
45,0,0,0,0,83,Brock,Purdy,373,82,0,8,21,86,0,7,805,15,805,78,24,0,0,85,0,4,4,24,0,0,81,2,41,1015,89,25,13,19,0,8,65,0,1,0,0,0,0,0,90,45,100,0,0,3,1,65,0,0,13,2,4,8,1,75,0,7,84,73,70,1,3446,64,0,1,100,22,63,76,78,0,0,0,0,5,25,74,20,26,20,13,18,23,0,0,0,47,5,8,10,373,0,73,60,1023,10,1,-19,0,0,132
45,0,0,0,0,76,Skylar,Thompson,374,78,0,8,19,85,0,7,810,12,810,77,26,0,0,82,0,4,4,34,0,0,83,2,26,1015,86,26,15,20,0,7,53,0,0,0,0,0,0,0,96,45,100,0,0,3,3,65,0,0,19,2,4,8,1,75,0,7,88,65,76,1,3315,56,0,1,100,23,65,69,64,0,0,0,0,0,26,70,31,0,34,11,10,6,0,0,0,7,4,5,8,374,0,74,59,1023,10,1,-19,0,0,485
2,4,4,4,4,6,Richard,Sherman,0,99,0,0,10,88,3,10,812,33,812,87,35,0,0,94,2,4,4,81,0,0,88,2,23,1009,87,64,35,35,0,8,64,0,0,0,2,2,2,2,200,29,62,0,0,0,3,42,0,1,5,0,0,0,3,89,0,5,12,77,91,12,919,66,0,1,100,12,79,83,78,3,3,3,3,3,30,84,28,19,31,9,12,2,2,16,16,32,1,11,5,0,1,75,45,999,51,2,-19,0,0,18
2,2,2,2,2,6,Cameron,Jordan,5554,87,0,1550,29,78,0,3,813,27,813,76,34,0,0,92,2,6,6,36,0,0,78,2,24,1015,97,87,45,45,0,8,14,0,0,0,7,7,7,7,28,40,61,0,0,1,3,2,0,1,94,1,5,1550,3,80,0,1,30,87,76,12,1636,40,0,1,100,33,90,91,93,0,0,0,0,5,36,44,19,42,21,9,21,5,2,10,11,13,4,42,29,5554,0,76,127,999,10,12,-19,0,0,32
2,3,3,3,3,6,Cameron,Heyward,7885,87,0,2025,11,71,0,4,814,29,814,71,34,0,1,95,2,4,4,48,0,0,68,2,31,1015,94,94,45,45,0,8,11,0,0,0,7,7,7,7,156,40,19,0,0,2,3,79,0,1,97,1,5,2025,3,91,0,1,21,93,74,12,617,39,0,1,100,12,94,92,99,6,6,6,6,8,37,31,18,10,31,13,17,23,3,11,10,22,9,28,23,7885,0,77,135,999,10,12,-19,0,0,22
45,4,4,4,4,6,Allen,Bailey,0,74,0,0,30,83,0,4,816,33,816,78,34,0,0,88,2,4,4,37,0,0,74,2,22,1009,91,76,45,45,0,8,21,0,0,0,5,5,0,0,115,40,1,0,0,0,3,51,0,0,93,0,0,0,3,15,0,3,30,71,86,12,204,50,0,1,100,30,90,75,70,1,1,4,4,9,35,41,20,22,22,9,17,33,2,10,11,101,8,22,25,0,0,75,128,999,10,3,-19,0,0,222
45,4,4,4,4,6,Pernell,McPhee,0,72,0,0,18,71,0,10,817,33,817,75,35,0,0,83,2,4,4,41,0,0,74,2,34,1015,82,79,45,45,0,8,16,0,0,0,0,0,0,0,121,45,33,0,0,0,3,52,0,1,90,2,0,0,3,0,0,5,12,69,71,12,445,40,0,1,100,10,88,74,74,5,5,5,5,7,34,41,23,32,35,7,18,26,0,15,15,60,8,24,26,0,0,75,105,999,10,3,-19,0,0,249
45,4,4,4,4,6,Jabaal,Sheard,0,82,0,0,15,86,1,10,818,33,818,80,34,0,0,95,2,4,4,46,0,0,74,2,5,1009,88,82,45,45,0,8,20,0,0,0,2,2,2,2,166,45,28,0,0,0,3,22,0,0,91,0,0,0,3,73,0,2,20,73,81,12,1817,35,0,1,100,20,82,78,71,0,0,0,0,6,31,45,21,34,20,10,28,27,0,13,13,63,8,26,28,0,0,75,108,999,6,1,-19,0,0,270
45,5,5,6,6,15,Zamir,White,440,87,0,76,17,91,0,4,819,23,819,91,24,0,0,86,0,4,4,62,0,0,84,2,17,1015,86,36,48,39,0,7,78,0,0,0,0,0,0,0,70,23,100,0,0,3,3,65,0,0,35,2,4,76,1,75,0,4,31,70,80,1,1271,89,0,1,100,21,77,80,68,0,0,0,0,3,26,79,39,51,39,9,16,23,0,1,1,25,0,6,11,440,0,72,55,1023,60,1,-19,0,0,352
45,5,5,5,5,17,Isaiah,Spiller,439,88,0,76,15,90,0,4,820,8,820,88,22,0,0,87,0,4,4,69,0,0,87,2,18,1015,91,33,46,35,0,8,79,0,0,0,0,0,0,0,215,45,100,0,0,3,3,65,0,0,28,2,4,76,1,75,0,4,30,74,79,1,1283,88,0,1,100,17,75,82,75,0,0,0,0,3,26,81,41,53,57,10,7,37,0,1,1,57,2,13,9,439,0,73,55,1023,45,1,-19,0,0,480
45,7,7,6,6,15,Tyler,Badie,0,87,0,0,15,94,0,1,822,1009,822,90,23,0,0,85,0,4,4,69,0,0,83,2,17,1015,87,34,45,39,0,8,75,0,0,0,0,0,0,0,122,45,100,0,0,0,1,65,0,0,36,2,0,0,1,75,0,6,25,68,81,1,2898,91,0,1,100,18,74,80,66,0,0,0,0,3,24,76,2,14,12,7,12,44,0,1,1,31,0,5,6,0,0,68,37,1023,72,1,-19,0,0,234
45,7,7,7,7,6,Robert,Quinn,0,86,0,0,22,78,0,4,823,33,823,80,33,0,0,82,2,0,0,49,0,0,81,1,14,13,89,83,45,45,0,8,25,0,0,0,0,0,0,0,135,45,0,0,0,0,3,7,0,1,98,2,0,0,3,87,0,1,33,78,82,12,1345,35,0,1,100,14,84,84,82,6,6,7,7,6,32,53,19,25,24,9,9,30,0,11,11,10,9,44,23,0,0,76,85,999,10,3,-19,0,0,263
2,4,4,4,4,6,Jerry,Hughes,1000,82,0,250,25,80,0,7,830,32,830,79,35,0,0,97,2,4,4,40,0,0,80,2,31,1009,95,77,45,45,0,8,33,0,0,0,0,0,0,0,207,45,60,0,0,1,3,48,0,0,55,2,2,250,3,0,0,1,13,75,83,13,1459,48,0,1,100,26,77,82,84,0,0,0,0,7,28,50,10,6,20,10,10,10,1,10,11,8,5,31,20,1000,0,74,94,999,10,1,-19,0,0,322
45,6,6,6,6,15,Kennedy,Brooks,75,86,0,0,16,93,0,5,831,33,831,86,25,0,0,79,0,4,4,60,0,0,83,2,63,1009,93,36,40,42,0,7,70,0,0,0,0,0,0,0,157,45,100,0,0,1,3,65,0,0,34,2,1,0,1,75,0,15,29,63,85,1,4763,88,0,1,100,20,64,73,60,0,0,0,0,0,26,86,15,21,24,9,35,23,0,1,1,28,5,13,5,75,0,71,49,1023,56,1,-19,0,0,457
45,7,7,6,6,34,Snoop,Conner,0,83,0,0,19,92,0,4,832,1009,832,87,23,0,0,83,0,4,4,68,0,0,80,2,11,1015,88,35,43,36,0,8,77,0,0,0,0,0,0,0,159,45,100,0,0,0,3,65,0,0,24,2,0,32,1,75,0,5,48,66,76,1,1838,85,0,1,100,22,76,78,69,0,0,0,0,3,28,62,6,34,57,13,23,35,0,1,1,7,1,28,12,0,0,70,62,1023,60,1,-19,0,0,424
45,7,7,6,6,25,Jerome,Ford,398,83,0,32,15,91,0,7,833,5,833,90,24,0,0,83,0,4,4,68,0,0,82,2,13,1015,88,39,50,41,0,8,78,0,0,0,0,0,0,0,36,45,100,0,0,3,1,65,0,0,34,2,4,32,1,75,0,5,25,67,79,1,1859,81,0,1,100,19,73,78,69,0,0,0,0,1,26,79,58,57,34,13,23,34,0,1,1,15,1,7,12,398,0,70,50,1023,79,1,-19,0,0,365
45,6,6,5,5,21,D'vonte,Price,0,79,0,0,16,90,0,10,834,33,834,89,24,0,0,80,0,4,4,64,0,0,76,2,63,1009,87,37,46,42,0,7,78,0,0,0,0,0,0,0,297,45,100,0,0,0,3,65,0,0,27,2,0,0,1,75,0,15,29,62,80,1,4121,84,0,1,100,20,71,77,68,0,0,0,0,3,26,66,8,36,36,11,28,28,0,1,1,32,5,10,8,0,0,73,50,1023,61,1,-19,0,0,275
45,6,6,5,5,24,Sincere,McCormick,0,92,0,0,31,86,0,1,835,1009,835,88,23,0,0,93,0,4,4,83,0,0,83,2,63,1009,60,30,32,32,0,8,63,0,0,0,0,0,0,0,355,45,100,0,0,0,1,65,0,0,47,2,0,0,1,75,0,15,14,88,81,1,4910,72,0,1,100,18,69,66,50,0,0,0,0,1,24,88,49,20,31,8,12,65,0,1,1,61,3,6,9,0,0,68,45,1023,85,1,-19,0,0,416
45,7,7,7,7,10,Greg,Bell,0,85,0,0,20,86,0,4,836,1009,836,87,25,0,0,82,0,4,4,64,0,0,83,2,63,1009,75,18,35,42,0,8,64,0,0,0,0,0,0,0,180,45,100,0,0,0,1,65,0,0,38,2,0,0,1,75,0,15,11,96,78,1,4876,77,0,1,100,19,70,65,50,0,0,0,0,5,25,63,10,37,34,11,5,52,0,1,1,68,1,9,11,0,0,60,41,1023,3,1,-19,0,0,453
45,5,5,5,5,20,Tyler,Goodson,75,82,0,0,21,92,0,1,837,33,837,92,23,0,0,73,0,4,4,67,0,0,88,2,63,1009,86,24,36,27,0,8,72,0,0,0,0,0,0,0,89,45,100,0,0,1,3,65,0,0,39,2,1,0,1,75,0,15,30,62,81,1,4889,72,0,1,100,25,57,40,55,0,0,0,0,2,24,70,40,27,25,13,16,58,0,2,1,15,3,5,9,75,0,69,37,1023,56,1,-19,0,0,488
45,4,4,5,5,15,Garrett,Wilson,2055,81,0,1212,13,93,0,7,838,18,838,92,23,0,0,81,0,4,4,92,0,0,93,2,10,1015,86,22,30,47,0,8,81,0,0,0,0,0,0,0,156,35,100,0,0,3,3,65,0,0,17,2,4,1212,1,75,0,1,26,84,86,1,107,72,0,1,100,17,56,83,84,0,0,0,0,3,22,96,25,37,32,7,25,14,0,3,3,25,0,1,5,2055,0,72,32,1023,78,1,-19,0,0,114
45,7,7,7,7,27,Khalil,Shakir,401,86,0,36,15,93,0,7,839,3,839,90,23,0,0,80,0,4,4,81,0,0,83,2,5,1015,88,25,29,42,0,7,73,0,0,0,0,0,0,0,19,45,100,0,0,3,3,65,0,0,10,2,4,36,1,75,0,5,39,70,89,1,1749,74,0,1,100,19,63,67,65,0,0,0,0,0,24,74,19,51,40,12,0,28,0,3,3,88,5,12,11,401,0,72,30,1023,76,1,-19,0,0,88
45,4,4,7,7,14,Wan'Dale,Robinson,818,81,0,312,17,93,0,7,841,16,841,91,22,0,0,82,0,4,4,84,0,0,92,2,11,1015,87,34,29,43,0,8,76,0,0,0,0,0,0,0,98,45,100,0,0,3,3,65,0,0,17,2,4,312,1,75,0,2,27,74,83,1,500,78,0,1,100,21,61,72,68,0,0,0,0,1,22,85,40,55,18,11,0,26,0,3,3,84,5,1,9,818,0,68,25,1023,76,1,-19,0,0,16
45,3,3,4,4,15,Erik,Ezukanma,438,84,0,72,15,91,0,10,842,12,842,88,23,0,0,85,0,4,4,80,0,0,81,2,20,1015,92,20,36,50,0,7,77,0,0,0,0,0,0,0,217,45,100,0,0,3,3,65,0,0,18,2,4,72,1,75,0,4,25,65,86,1,1304,73,0,1,100,19,68,64,60,0,0,0,0,4,25,70,9,41,1,11,1,17,0,3,3,19,2,7,10,438,0,74,46,1023,50,1,-19,0,0,453
45,5,5,7,7,36,Josh,Johnson,0,88,0,0,34,87,0,4,843,33,843,87,24,0,0,82,0,4,4,90,0,0,84,2,63,1009,73,8,29,33,0,7,40,0,0,0,0,0,0,0,222,45,100,0,0,0,3,65,0,0,80,2,0,0,1,75,0,15,26,84,84,1,1148,62,0,1,100,34,65,69,70,0,0,0,0,2,22,93,10,39,18,11,3,3,0,3,3,44,4,10,8,0,0,60,23,1023,75,1,-19,0,0,298
45,7,7,7,7,31,Tyquan,Thornton,705,88,0,232,14,91,0,7,844,33,844,96,23,0,0,79,0,4,4,82,0,0,82,2,18,1015,86,19,25,46,0,7,69,0,0,0,0,0,0,0,17,45,100,0,0,3,3,65,0,0,11,2,4,232,1,75,0,2,44,70,89,1,543,76,0,1,100,18,55,71,69,0,0,0,0,5,22,92,57,32,43,9,2,8,0,3,3,41,4,1,2,705,0,74,23,1023,72,1,-19,0,0,306
45,5,5,7,7,15,David,Bell,509,87,0,84,22,90,0,7,845,5,845,86,23,0,0,83,0,4,4,85,0,0,79,2,35,1015,90,21,27,41,0,8,76,0,0,0,0,0,0,0,169,45,100,0,0,3,3,65,0,0,18,2,4,84,1,75,0,3,25,69,85,1,1047,79,0,1,100,23,68,72,75,0,0,0,0,0,25,89,11,53,10,12,11,12,0,3,3,32,0,5,8,509,0,73,52,1023,33,1,-19,0,0,77
45,7,7,5,5,10,Kyle,Philips,397,87,0,32,15,93,0,7,846,33,846,87,24,0,0,83,0,4,4,82,0,0,89,2,20,1015,88,31,32,52,0,7,72,0,4,0,0,0,0,0,226,45,100,0,0,3,3,65,0,0,18,2,4,32,1,75,0,5,29,71,81,1,2478,76,0,1,100,19,62,69,69,0,0,0,0,1,24,88,22,50,10,11,26,33,0,3,3,64,2,2,0,397,0,71,29,1023,74,1,-19,0,0,41
45,3,3,2,2,15,Romeo,Doubs,434,86,0,68,17,94,0,7,847,20,847,92,23,0,0,86,0,4,4,84,0,0,85,2,27,1015,89,35,26,38,0,8,71,0,0,0,0,0,0,0,143,36,100,0,0,3,1,65,0,0,87,2,4,68,1,75,0,4,24,74,83,1,1445,67,0,1,100,22,60,73,76,0,0,0,0,2,24,89,35,23,52,8,10,3,0,3,3,19,5,9,7,434,0,74,44,1023,79,1,-19,0,0,1
45,5,5,4,4,29,Reggie,Roberson Jr.,166,81,0,0,13,93,0,7,848,33,848,92,25,0,0,73,0,4,4,76,0,0,82,2,63,1009,84,22,23,45,0,7,66,0,0,0,0,0,0,0,192,45,100,0,0,2,3,65,0,0,80,2,2,0,1,75,0,15,34,62,77,1,812,67,0,1,100,17,55,59,54,0,0,0,0,3,24,91,26,30,44,8,21,20,0,3,3,33,3,12,8,166,0,61,32,1023,74,1,-19,0,0,60
45,2,2,7,7,38,Braylon,Sanders,0,98,0,0,28,92,0,1,849,1009,849,92,24,0,0,80,0,4,4,83,0,0,87,2,63,1009,38,8,12,19,0,7,54,0,0,0,0,0,0,0,159,45,100,0,0,0,3,65,0,0,86,2,0,0,1,75,0,15,22,90,83,1,4545,57,0,1,100,20,67,68,70,0,0,0,0,4,24,70,19,35,15,10,19,38,0,3,3,81,5,8,6,0,0,72,34,1023,77,1,-19,0,0,197
45,2,2,3,3,6,Jamir,Jones,0,73,0,0,17,86,0,10,851,33,851,82,25,0,0,80,0,4,4,61,0,0,79,2,63,1009,87,76,45,45,0,8,40,0,0,0,0,0,0,0,152,45,100,0,0,0,1,65,0,0,48,2,0,0,1,75,0,15,25,64,79,3,4828,59,0,1,100,19,75,68,59,0,0,0,0,4,28,49,59,58,54,11,12,1,0,13,10,9,0,29,21,0,0,75,95,1023,10,1,-19,0,0,236
45,2,2,2,2,36,Charleston,Rambo,4,86,0,0,24,90,0,2,854,33,854,89,24,0,0,54,0,4,4,80,0,0,84,2,63,1009,66,27,13,35,0,7,58,0,0,0,0,0,0,0,115,45,100,0,0,1,1,65,0,0,85,2,1,0,1,75,0,15,9,91,81,1,4898,60,0,1,100,7,62,66,70,0,0,0,0,2,21,95,13,43,47,10,27,25,0,3,3,8,5,8,8,4,0,73,17,1023,59,0,-19,0,0,235
45,2,2,6,6,32,Slade,Bolden,0,75,0,0,9,88,0,4,855,33,855,86,24,0,0,59,0,4,4,80,0,0,89,2,63,1009,61,16,10,24,0,8,46,0,1,0,0,0,0,0,3,45,100,0,0,1,1,65,0,0,82,2,1,0,1,75,0,15,31,95,84,1,4928,58,0,1,100,18,67,65,70,0,0,0,0,0,24,86,15,7,24,11,13,27,0,3,3,53,3,6,8,75,0,61,33,1023,46,1,-19,0,0,171
45,2,2,2,2,10,Teagan,Quitoriano,395,83,0,28,19,74,0,4,856,32,856,74,23,0,0,82,0,4,4,76,0,0,73,2,27,1015,91,46,56,58,0,7,61,0,0,0,0,0,0,0,161,45,100,0,0,3,3,65,0,0,84,2,4,28,1,75,0,5,25,63,78,1,2536,75,0,1,100,24,78,63,63,0,0,0,0,4,30,59,2,36,16,10,5,18,0,4,4,48,7,38,20,395,0,78,96,1023,15,1,-19,0,0,130
45,7,7,3,3,10,Peyton,Hendershot,256,82,0,0,16,88,0,7,857,11,857,81,24,0,0,82,0,4,4,78,0,0,85,2,63,1009,85,39,50,55,0,8,71,0,0,0,0,0,0,0,86,45,100,0,0,2,3,65,0,0,89,2,3,0,1,75,0,15,33,67,85,1,3474,74,0,1,100,18,72,64,61,0,0,0,0,4,30,57,43,44,11,12,25,4,0,2,4,13,1,20,24,256,0,76,94,1023,10,1,-19,0,0,171
45,6,6,4,4,20,Connor,Heyward,381,80,0,16,37,86,0,7,858,29,858,82,24,0,0,91,0,4,4,75,0,0,72,2,29,1015,90,40,55,55,0,7,68,0,0,0,0,0,0,0,118,45,100,0,0,3,1,65,0,0,83,2,4,16,1,75,0,6,37,62,79,1,3014,80,0,1,100,42,68,65,64,0,0,0,0,3,29,67,32,11,49,9,7,32,0,4,4,57,7,25,13,381,0,72,70,1023,64,1,-19,0,0,494
45,5,5,7,7,6,Nicholas,Petit-Frere,545,85,0,116,17,73,0,7,859,33,859,68,24,0,0,75,0,4,4,25,0,0,56,2,5,1015,90,29,72,74,0,8,15,0,0,0,0,0,0,0,156,45,100,0,0,3,1,65,0,0,78,2,4,116,1,75,0,3,15,70,75,1,795,34,0,1,100,18,86,69,77,0,0,0,0,18,36,27,18,11,22,13,25,2,0,9,5,102,21,45,23,545,0,77,156,1023,10,1,-19,0,0,401
45,5,5,2,2,6,Dylan,Parham,513,87,0,92,21,82,0,10,860,23,860,75,24,0,0,79,0,4,4,41,0,0,59,2,26,1015,92,36,74,77,0,8,36,0,0,0,0,0,0,0,114,45,100,0,0,3,3,65,0,0,66,2,4,92,1,75,0,3,22,73,67,1,954,46,0,1,100,22,82,72,79,0,0,0,0,33,36,15,21,7,43,13,22,31,0,6,6,44,43,41,25,513,0,75,151,1023,10,1,-19,0,0,365
45,6,6,3,3,6,Jamaree,Salyer,383,84,0,16,14,68,0,4,861,8,861,63,23,0,0,84,0,4,4,23,0,0,59,2,16,1015,90,33,78,72,0,8,15,0,0,0,0,0,0,0,70,45,100,0,0,3,3,65,0,0,68,2,4,16,1,75,0,6,14,72,62,1,2897,30,0,1,100,13,88,70,75,0,0,0,0,49,36,32,20,21,39,10,29,31,0,6,6,14,36,40,23,383,0,76,165,1023,10,1,-19,0,0,97
45,3,3,5,5,6,Cam,Jurgens,673,84,0,208,15,79,0,4,863,13,863,75,24,0,0,80,0,4,4,47,0,0,74,2,19,1015,86,26,73,72,0,8,35,0,3,0,0,0,0,0,142,45,100,0,0,3,1,65,0,0,51,2,4,208,1,75,0,2,20,71,81,1,552,45,0,1,100,19,83,68,73,0,0,0,0,50,35,17,34,45,36,10,35,8,0,8,7,80,23,35,24,673,0,75,143,1023,10,1,-19,0,0,323
45,7,7,7,7,6,Ed,Ingram,599,81,0,152,14,82,0,7,864,31,864,72,24,0,0,86,0,4,4,22,0,0,55,2,27,1015,91,30,65,76,0,8,15,0,0,0,0,0,0,0,106,45,100,0,0,3,3,65,0,0,67,2,4,152,1,75,0,2,15,70,55,1,639,25,0,1,100,15,87,66,74,0,0,0,0,24,35,27,30,14,40,8,22,15,0,8,6,77,38,39,28,599,0,75,147,1023,10,1,-19,0,0,97
45,2,2,6,6,6,Zachary,Thomas,157,82,0,0,13,85,0,7,865,24,865,74,25,0,0,86,0,4,4,22,0,0,71,2,7,1009,89,34,66,72,0,8,20,0,2,0,0,0,0,0,180,45,100,0,0,1,3,65,0,0,57,2,2,0,1,75,0,6,16,64,59,1,2720,27,0,1,100,17,81,62,64,0,0,0,0,4,35,37,15,4,21,13,25,11,0,8,6,74,10,42,29,157,0,77,145,1023,10,1,-19,0,0,166
45,3,3,7,7,6,Dawson,Deaton,374,83,0,8,15,76,0,7,868,33,868,68,24,0,0,74,0,4,4,26,0,0,66,2,25,1015,88,25,69,65,0,8,12,0,2,0,0,0,0,0,217,45,100,0,0,3,3,65,0,0,52,2,4,8,1,75,0,7,20,62,72,1,3309,25,0,1,100,17,82,61,73,0,0,0,0,10,35,38,21,12,31,8,19,31,0,8,7,7,4,34,22,374,0,78,146,1023,10,1,-19,0,0,56
45,7,7,3,3,6,Austin,Deculus,0,82,0,0,16,77,0,9,870,1009,870,70,24,0,0,90,0,4,4,19,0,0,50,2,26,1015,93,27,64,67,0,8,7,0,4,0,0,0,0,0,106,45,100,0,0,0,3,65,0,0,76,2,0,16,1,75,0,6,18,62,71,1,2986,24,0,1,100,19,84,58,68,0,0,0,0,16,36,37,18,63,26,11,24,28,0,9,5,70,28,32,25,0,0,77,161,1023,10,1,-19,0,0,71
45,7,7,2,2,6,Luke,Tenuta,381,82,0,16,13,64,0,7,872,33,872,59,24,0,0,75,0,4,4,34,0,0,60,2,30,33,90,49,68,65,0,8,11,0,2,0,0,0,0,0,241,45,100,0,0,3,1,65,0,0,78,2,4,16,1,75,0,6,23,61,78,1,3025,35,0,1,100,21,81,58,70,0,0,0,0,15,36,41,18,12,33,10,24,12,0,9,5,24,19,27,30,381,0,80,159,1023,10,1,-19,0,0,62
45,4,4,6,6,6,George,Karlaftis,1193,83,0,584,14,86,0,4,873,9,873,80,22,0,0,91,0,4,4,47,0,0,80,2,30,1015,93,78,45,45,0,8,22,0,0,0,0,0,0,0,169,39,100,0,0,3,3,65,0,0,56,2,4,584,1,75,0,1,20,76,86,1,371,42,0,1,100,18,84,82,78,0,0,0,0,7,32,59,39,48,44,7,28,20,0,10,10,17,9,33,23,1193,0,76,103,1023,10,1,-19,0,0,41
45,4,4,5,5,6,David,Ojabo,790,73,0,292,17,90,0,1,875,25,875,87,23,0,0,85,0,4,4,32,0,0,86,2,13,1015,85,81,45,45,0,8,17,0,0,0,0,0,0,0,117,45,100,0,0,3,1,65,0,0,90,2,4,292,1,75,0,2,20,71,85,1,506,32,0,1,100,17,78,80,65,0,0,0,0,6,30,39,83,54,83,11,44,34,0,11,10,87,6,21,20,790,0,76,95,1023,10,1,-19,0,0,408
45,6,6,2,2,6,Joshua,Paschal,773,80,0,280,12,91,0,4,876,19,876,80,24,0,0,94,0,4,4,38,0,0,72,2,14,1015,88,76,45,45,0,8,31,0,0,0,0,0,0,0,98,45,100,0,0,3,3,65,0,0,93,2,4,280,1,75,0,2,20,69,89,1,516,42,0,1,100,19,85,75,65,0,0,0,0,5,32,44,63,34,68,11,13,31,0,10,10,45,8,34,28,773,0,75,108,1023,10,1,-19,0,0,461
45,5,5,4,4,6,Drake,Jackson,589,76,0,148,13,90,0,4,877,15,877,84,22,0,0,73,0,4,4,50,0,0,83,2,29,1015,90,76,45,45,0,8,35,0,0,0,0,0,0,0,231,45,100,0,0,3,3,65,0,0,95,2,4,148,1,75,0,2,26,72,87,1,671,47,0,1,100,12,75,76,65,0,0,0,0,6,30,48,15,23,41,13,0,30,0,10,10,89,1,38,24,589,0,76,113,1023,10,1,-19,0,0,236
45,2,2,4,4,6,Tyreke,Smith,398,75,0,32,15,78,0,10,878,28,878,77,23,0,0,79,0,4,4,36,0,0,82,2,15,1015,87,79,45,45,0,8,26,0,0,0,0,0,0,0,156,45,100,0,0,3,3,65,0,0,92,2,4,32,1,75,0,5,24,64,82,1,1868,41,0,1,100,18,72,68,64,0,0,0,0,6,31,39,31,34,14,10,21,29,0,13,10,92,5,26,28,398,0,75,105,1023,10,1,-19,0,0,282
45,3,3,4,4,6,Kemon,Hall,89,87,0,0,10,89,0,1,881,33,881,88,26,0,0,68,0,4,4,71,0,0,80,2,63,1009,88,55,35,35,0,8,60,0,0,0,0,0,0,0,148,45,100,0,0,1,3,65,0,0,37,2,1,0,1,75,0,15,25,62,84,4,4768,53,0,1,100,11,58,69,58,0,0,0,0,5,19,69,15,10,39,12,19,17,0,16,16,60,2,10,10,94,0,71,30,1023,50,4,-19,0,0,433
45,6,6,7,7,12,Daniel,Faalele,446,78,0,80,15,46,0,4,882,25,882,52,24,0,0,74,0,4,4,34,0,0,39,2,5,1015,87,44,69,75,0,8,37,0,0,0,0,0,0,0,120,45,100,0,0,3,3,65,0,0,77,2,4,80,1,75,0,4,29,67,73,1,1169,44,0,1,100,21,90,57,55,0,0,0,0,49,42,13,33,25,40,7,22,27,0,9,5,96,32,43,23,446,0,80,220,1023,10,1,-19,0,0,421
45,3,3,2,2,20,Jeremy,Ruckert,504,84,0,84,24,85,0,7,884,18,884,82,23,0,0,87,0,4,4,80,0,0,74,2,37,1015,92,37,60,63,0,7,57,0,0,0,0,0,0,0,156,45,100,0,0,3,3,65,0,0,89,2,4,84,1,75,0,3,30,67,78,1,1060,76,0,1,100,28,78,71,68,0,0,0,0,7,30,55,38,38,2,12,40,12,0,4,4,4,8,39,22,504,0,77,90,1023,15,1,-19,0,0,7
45,6,6,5,5,10,Dorian,Etheridge,87,85,0,0,19,88,0,4,889,33,889,76,25,0,0,79,0,4,4,50,0,0,77,2,63,1009,92,78,45,45,0,8,41,0,0,0,0,0,0,0,105,45,100,0,0,1,3,65,0,0,48,2,1,0,1,75,0,15,25,60,84,2,4724,54,0,1,100,15,71,58,56,0,0,0,0,31,31,14,15,17,40,95,2,22,0,14,14,17,18,61,36,87,0,75,70,1023,30,2,-19,0,0,493
45,6,6,5,5,20,Mekhi,Sargent,0,81,0,0,12,92,0,4,890,33,890,83,26,0,0,86,0,4,4,55,0,0,81,2,63,1009,89,26,40,33,0,8,77,0,0,0,0,0,0,0,89,45,100,0,0,0,1,65,0,0,36,2,0,0,1,75,0,15,34,58,81,2,4725,79,0,1,100,16,64,69,53,0,0,0,0,25,15,60,30,21,37,29,31,0,0,1,1,48,10,0,15,0,0,68,48,1023,60,2,-19,0,0,251
45,6,6,6,6,9,Jonah,Williams,176,73,0,0,13,80,0,4,891,24,891,79,28,0,0,78,1,4,4,37,0,0,74,2,63,1009,90,81,46,45,0,8,35,0,2,0,0,0,0,0,253,45,100,0,0,1,1,65,0,0,92,2,2,0,1,75,0,15,23,67,83,3,4737,42,0,1,100,17,82,71,61,0,0,0,0,30,23,55,61,35,17,99,41,1,0,10,10,102,45,78,61,176,0,77,115,1023,10,2,-19,0,0,72
45,6,6,3,3,6,A.J.,Green,0,87,0,0,17,91,0,4,892,1009,892,85,25,0,0,78,0,4,4,66,0,0,81,2,63,1009,90,57,10,15,0,7,39,0,0,0,0,0,0,0,158,45,100,0,0,0,3,65,0,0,38,2,0,30,1,75,0,15,27,68,82,3,4745,54,0,1,100,18,59,73,72,0,0,0,0,3,20,85,14,41,30,9,20,26,0,16,16,56,0,4,10,0,0,74,38,1023,40,3,-19,0,0,302
45,6,6,6,6,6,Lawrence,Guy,1267,80,0,100,15,67,0,7,897,22,897,69,33,0,0,93,2,4,4,29,0,0,70,2,30,1009,92,86,45,45,0,8,19,0,2,0,0,0,0,0,9,40,72,0,0,2,3,16,0,0,93,1,4,100,3,92,0,7,19,76,72,12,2846,40,0,1,100,15,89,79,85,3,3,3,3,8,36,39,24,21,33,8,24,25,0,10,11,58,22,22,26,1267,0,76,155,999,10,6,-19,0,0,459
45,4,4,4,4,6,Esezi,Otomewo,0,72,0,0,24,81,0,4,898,1009,898,76,24,0,0,81,0,4,4,25,0,0,62,2,22,1015,91,74,45,45,0,8,24,0,0,0,0,0,0,0,120,45,100,0,0,0,3,65,0,0,92,2,0,32,1,75,0,5,17,64,69,1,2495,29,0,1,100,25,81,69,67,0,0,0,0,3,32,38,22,36,25,7,24,0,0,10,10,61,4,25,26,0,0,77,122,1023,10,1,-19,0,0,235
45,5,5,4,4,6,Jeffrey,Gunter,0,75,0,0,14,90,0,7,899,1009,899,81,24,0,0,79,0,4,4,41,0,0,77,2,31,1015,90,74,45,45,0,8,20,0,0,0,0,0,0,0,290,45,100,0,0,0,3,65,0,0,93,2,0,8,1,75,0,7,22,64,85,1,3361,35,0,1,100,15,83,70,57,0,0,0,0,4,30,51,20,33,7,8,27,30,0,10,10,39,5,31,24,0,0,76,103,1023,10,1,-19,0,0,313
45,4,4,4,4,6,Aldon,Smith,0,82,0,0,21,81,0,4,901,33,901,77,34,0,0,86,2,0,0,55,0,0,81,2,7,1009,88,77,45,45,0,8,30,0,0,0,0,0,0,0,122,45,0,1,1,0,3,1,0,0,99,0,0,0,3,96,0,1,33,77,83,12,1619,37,0,1,100,22,82,81,85,0,0,0,0,3,31,66,9,31,40,11,33,44,0,15,15,64,3,35,24,0,0,76,98,999,10,1,-19,0,0,15
45,4,4,4,4,6,Justin,Houston,0,78,0,0,16,82,0,0,903,21,903,80,34,0,1,90,2,4,4,46,0,0,80,2,6,1009,89,78,45,45,0,8,10,0,0,0,0,0,0,0,70,2,39,0,0,1,3,46,0,1,50,1,1,97,3,75,0,3,36,80,77,12,338,40,0,1,100,37,84,84,86,5,5,5,5,3,32,41,7,19,27,12,9,4,0,13,13,3,7,31,27,213,0,75,110,999,10,2,-19,0,0,439
45,6,6,2,2,6,Amare,Barno,384,72,0,16,13,93,0,4,904,21,904,92,24,0,0,86,0,4,4,35,0,0,75,2,10,1015,90,70,45,45,0,8,26,0,0,0,0,0,0,0,241,45,100,0,0,3,3,65,0,0,90,2,4,16,1,75,0,6,15,64,88,1,2826,34,0,1,100,15,74,70,59,0,0,0,0,4,30,43,82,18,35,7,31,47,0,15,10,27,7,30,23,384,0,78,85,1023,10,1,-19,0,0,306
45,3,3,2,2,14,Myron,Tgvaila-Amosa,0,73,0,0,26,80,0,7,907,33,907,81,24,0,0,70,0,4,4,33,0,0,84,2,63,1009,47,75,14,13,0,8,30,0,0,0,0,0,0,0,152,45,100,0,0,0,3,65,0,0,69,2,0,0,1,75,0,15,8,58,76,1,4911,34,0,1,100,22,83,64,50,0,0,0,0,3,32,59,67,44,83,11,0,1,0,13,10,72,8,39,25,0,0,74,108,1023,0,1,-19,0,0,185
16,4,4,5,5,6,Jordan,Davis,1701,69,0,956,11,87,0,10,908,13,908,80,23,0,0,87,0,4,4,34,0,0,58,2,13,1015,89,84,45,45,0,8,29,0,0,0,0,0,0,0,70,40,100,0,0,3,3,65,0,0,90,2,4,956,1,75,0,1,14,79,78,1,128,53,0,1,100,15,96,86,73,0,0,0,0,25,38,2,31,51,40,13,23,1,0,12,12,54,30,29,24,1701,0,78,176,1023,10,1,-19,0,0,9
45,3,3,3,3,5,Devonte,Wyatt,1286,79,0,652,21,90,0,7,910,20,910,80,25,0,0,85,0,4,4,41,0,0,69,2,28,1015,91,79,45,45,0,8,25,0,0,0,0,0,0,0,70,40,100,0,0,3,3,65,0,0,95,2,4,652,1,75,0,1,25,70,72,1,355,39,0,1,100,26,86,76,65,0,0,0,0,38,36,17,20,24,33,8,23,34,0,11,12,44,33,45,27,1286,0,75,144,1023,12,1,-19,0,0,298
45,5,5,5,5,6,Travis,Jones,530,70,0,104,14,72,0,7,912,25,912,75,24,0,0,89,0,4,4,26,0,0,71,2,12,1015,90,80,45,45,0,8,19,0,0,0,0,0,0,0,227,40,100,0,0,3,3,65,0,0,98,2,4,104,1,75,0,3,20,71,71,1,827,25,0,1,100,15,92,79,69,0,0,0,0,16,38,42,18,52,35,10,21,37,0,12,12,19,25,41,30,530,0,76,174,1023,10,1,-19,0,0,244
45,6,6,2,2,6,Phidarian,Mathis,750,76,0,264,12,69,0,4,914,33,914,63,25,0,0,84,0,4,4,24,0,0,56,2,15,1015,88,83,45,45,0,8,20,0,0,0,0,0,0,0,3,45,100,0,0,3,3,65,0,0,98,2,4,264,1,75,0,2,22,71,61,1,528,25,0,1,100,15,89,75,71,0,0,0,0,16,35,43,19,41,25,12,24,1,0,12,12,52,25,32,23,750,0,76,152,1023,10,1,-19,0,0,306
13,3,3,3,3,6,Andrew,Sendejo,0,89,0,0,35,85,0,7,915,33,915,80,36,0,0,79,2,4,4,70,0,0,82,0,63,1009,87,73,35,35,0,8,25,0,2,0,0,0,1,1,171,45,0,0,0,0,3,37,0,0,42,0,0,0,2,70,0,15,30,71,82,13,2698,65,0,1,100,45,67,76,72,0,0,2,2,5,24,85,30,28,31,8,7,35,0,17,17,49,3,13,6,0,0,73,50,999,45,2,-19,0,0,351
45,5,5,4,4,9,DeMarvin,Leal,518,78,0,96,15,78,0,4,918,29,918,73,23,0,0,86,0,4,4,44,0,0,77,2,20,1015,87,76,45,45,0,8,29,0,0,0,0,0,0,0,215,45,100,0,0,3,1,65,0,0,98,2,4,96,1,75,0,3,20,66,75,1,892,35,0,1,100,16,74,72,72,0,0,0,0,7,34,33,23,24,22,11,16,18,0,10,12,33,9,36,23,518,0,76,130,1023,10,1,-19,0,0,282
45,4,4,7,7,9,Perrion,Winfrey,447,78,0,80,13,79,0,1,922,33,922,76,23,0,0,79,0,4,4,24,0,0,59,2,3,1015,90,77,45,45,0,8,25,0,0,0,0,0,0,0,157,45,100,0,0,3,3,65,0,0,97,2,4,80,1,75,0,4,20,67,73,1,1146,26,0,1,100,14,82,71,68,0,0,0,0,6,34,38,24,9,20,13,15,24,0,12,12,34,5,28,28,447,0,76,130,1023,10,1,-19,0,0,386
45,3,3,7,7,6,Eyioma,Uwazurike,442,69,0,76,18,68,0,10,923,33,923,62,25,0,0,92,0,4,4,31,0,0,65,2,11,1015,91,81,45,45,0,8,19,0,0,0,0,0,0,0,90,45,100,0,0,3,3,65,0,0,96,2,4,76,1,75,0,4,19,65,80,1,1225,32,0,1,100,25,83,67,72,0,0,0,0,12,36,43,23,4,28,13,25,17,0,10,12,11,25,34,25,442,0,78,160,1023,15,1,-19,0,0,340
45,2,2,4,4,6,Matthew,Butler,0,73,0,0,17,82,0,7,924,1009,924,72,24,0,0,80,0,4,4,36,0,0,54,2,32,1015,91,80,44,45,0,8,28,0,0,0,0,0,0,0,211,45,100,0,0,0,3,65,0,0,94,2,0,28,1,75,0,5,23,66,82,1,2609,37,0,1,100,17,80,72,71,0,0,0,0,8,34,44,24,36,26,9,22,32,0,12,12,4,7,27,30,0,0,76,135,1023,10,1,-19,0,0,436
45,4,4,6,6,6,Kalia,Davis,379,68,0,12,10,80,0,10,925,15,925,70,23,0,0,78,0,4,4,32,0,0,54,2,41,1015,82,74,45,45,0,8,15,0,0,0,0,0,0,0,225,45,100,0,0,3,3,65,0,0,93,2,4,12,1,75,0,6,20,64,69,1,3138,27,0,1,100,10,84,68,62,0,0,0,0,20,36,26,31,42,35,8,26,14,0,12,12,1,45,36,27,379,0,73,150,1023,10,1,-19,0,0,452
45,6,6,5,5,6,John,Ridgeway,390,71,0,24,10,70,0,4,926,26,926,62,24,0,0,84,0,4,4,21,0,0,55,2,35,1009,91,81,45,45,0,8,14,0,2,0,0,0,0,0,10,40,100,0,0,3,3,65,0,0,91,2,4,24,1,75,0,5,19,66,70,1,2652,23,0,1,100,12,86,69,63,0,0,0,0,10,36,24,22,9,24,9,25,38,0,12,12,85,22,34,23,390,0,77,161,1023,10,1,-19,0,0,167
45,2,2,4,4,6,Neil,Farrell Jr.,438,67,0,72,12,67,0,4,927,9,927,59,25,0,0,84,0,4,4,24,0,0,41,2,21,23,87,73,45,45,0,8,25,0,0,0,0,0,0,0,106,45,100,0,0,3,1,65,0,0,92,2,4,72,1,75,0,4,17,64,57,1,1307,32,0,1,100,13,82,65,69,0,0,0,0,10,36,33,21,4,29,11,16,26,0,12,12,9,20,30,27,438,0,76,165,1023,10,0,-19,0,0,460
45,6,6,2,2,6,Otito,Ogbonnia,397,72,0,32,19,65,0,7,929,33,929,62,23,0,0,85,0,4,4,26,0,0,53,2,17,1015,90,76,45,45,0,8,17,0,0,0,0,0,0,0,226,45,100,0,0,3,3,65,0,0,93,2,4,32,1,75,0,5,22,64,65,1,1884,24,0,1,100,18,86,60,67,0,0,0,0,16,36,35,20,36,20,7,20,20,0,11,12,89,24,22,25,397,0,76,160,1023,9,1,-19,0,0,443
45,3,3,5,5,16,D.J.,Davidson,401,72,0,36,16,69,0,7,930,16,930,65,26,0,0,86,0,4,4,34,0,0,64,2,4,1015,88,78,45,50,0,8,22,0,0,0,0,0,0,0,9,45,100,0,0,3,3,65,0,0,98,2,4,36,1,75,0,5,22,63,71,1,1744,35,0,1,100,15,83,68,64,0,0,0,0,14,36,26,23,24,25,9,19,39,0,12,12,48,27,44,23,401,0,75,167,1023,10,1,-19,0,0,256
45,7,7,3,3,6,Jayden,Peevy,166,71,0,0,10,71,0,10,931,30,931,62,24,0,0,82,0,4,4,32,0,0,55,2,63,1009,85,76,45,45,0,8,35,0,0,0,0,0,0,0,215,45,100,0,0,2,3,65,0,0,92,2,2,0,1,75,0,15,19,61,73,1,1337,45,0,1,100,11,87,64,51,0,0,0,0,9,36,39,16,29,22,11,21,5,0,12,12,62,16,25,27,166,0,78,155,1023,10,1,-19,0,0,96
45,5,5,6,6,15,Noah,Elliss,245,36,0,0,22,63,0,7,933,33,933,55,24,0,0,61,0,4,4,27,0,0,72,2,63,1009,82,70,21,13,0,8,19,0,0,0,0,0,0,0,82,45,100,0,0,2,3,65,0,0,61,2,3,0,1,75,0,15,14,77,73,1,4772,29,0,1,100,32,101,69,50,0,0,0,0,35,40,16,32,51,52,13,33,20,0,12,12,67,47,51,28,245,0,76,207,1023,3,1,-19,0,0,499
45,5,5,4,4,6,Thomas,Booker,399,76,0,32,11,82,0,7,934,33,934,74,24,0,0,83,0,4,4,39,0,0,73,2,7,1015,91,78,45,45,0,8,35,0,0,0,0,0,0,0,200,40,100,0,0,3,3,65,0,0,56,2,4,32,1,75,0,5,18,66,72,1,1767,40,0,1,100,15,85,73,62,0,0,0,0,3,36,48,17,28,20,9,16,33,0,12,12,91,6,45,27,399,0,75,141,1023,10,1,-19,0,0,488
45,4,4,7,7,8,Marquan,McCall,256,63,0,0,10,55,0,4,935,33,935,59,24,0,0,80,0,4,4,22,0,0,47,2,63,1009,83,77,45,45,0,8,12,0,0,0,0,0,0,0,98,45,100,0,0,2,1,65,0,0,78,2,3,0,1,75,0,15,11,62,55,1,4900,25,0,1,100,11,88,63,59,0,0,0,0,41,42,24,37,29,41,11,30,30,0,12,12,62,46,43,24,256,0,75,220,1023,10,1,-19,0,0,448
45,5,5,3,3,6,Christopher,Hinton,87,69,0,0,11,72,0,0,938,8,938,63,23,0,0,85,0,4,4,24,0,0,55,2,63,1009,90,80,45,45,0,8,20,0,0,0,0,0,0,0,117,45,100,0,0,1,3,65,0,0,91,2,1,0,1,75,0,15,14,59,77,1,1178,41,0,1,100,13,84,64,52,0,0,0,0,9,35,40,18,38,34,8,24,11,0,12,12,46,9,35,23,87,0,76,150,1023,10,1,-19,0,0,306
45,2,2,5,5,14,LaBryan,Ray,0,33,0,0,10,73,0,4,939,21,939,71,26,0,0,87,0,4,4,24,0,0,73,2,63,1009,92,76,13,26,0,8,16,0,0,0,0,0,0,0,3,45,100,0,0,1,3,65,0,0,67,2,1,0,1,75,0,15,21,90,73,1,4906,27,0,1,100,29,85,59,50,0,0,0,0,7,32,29,17,10,33,11,22,6,0,11,12,102,10,28,30,75,0,77,125,1023,5,0,-19,0,0,244
45,7,7,4,4,6,Jonathan,Ford,0,72,0,0,14,66,0,7,940,1009,940,57,24,0,0,79,0,4,4,32,0,0,52,2,13,1015,90,80,45,45,0,8,25,0,0,0,0,0,0,0,115,45,100,0,0,0,3,65,0,0,99,2,0,12,1,75,0,7,19,63,72,1,3248,33,0,1,100,15,84,67,65,0,0,0,0,16,35,41,18,54,21,7,24,24,0,12,12,53,25,38,24,0,0,77,178,1023,10,1,-19,0,0,227
45,2,2,5,5,6,Jordan,Jackson,0,74,0,0,21,74,0,4,941,1009,941,74,25,0,0,86,0,4,4,24,0,0,76,2,15,1015,88,77,45,45,0,8,19,0,0,0,0,0,0,0,1,45,100,0,0,0,1,65,0,0,90,2,0,0,1,75,0,6,22,64,75,1,2888,30,0,1,100,22,78,69,67,0,0,0,0,6,33,35,25,44,23,8,24,35,0,12,12,67,5,38,27,0,0,77,125,1023,10,0,-19,0,0,390
45,6,6,5,5,6,Nakobe,Dean,520,89,0,96,20,92,0,7,942,13,942,89,23,0,0,87,0,4,4,66,0,0,83,2,19,1015,92,80,45,45,0,8,38,0,0,0,0,0,0,0,70,45,100,0,0,3,3,65,0,0,17,2,4,96,1,75,0,3,25,72,79,1,888,62,0,1,100,22,66,72,73,0,0,0,0,0,28,52,48,9,55,10,26,37,0,14,13,4,1,33,10,520,0,71,71,1023,10,1,-19,0,0,2
45,5,5,5,5,12,Devin,Lloyd,1294,90,0,660,38,91,0,10,943,17,943,84,25,0,0,88,0,4,4,73,0,0,79,2,27,1015,92,78,45,45,0,8,49,0,0,0,0,0,0,0,233,45,100,0,0,3,3,65,0,0,33,2,4,660,1,75,0,1,28,76,84,1,354,65,0,1,100,41,77,73,77,0,0,0,0,1,28,51,8,41,69,12,42,53,0,14,13,46,4,18,10,1294,0,75,75,1023,10,1,-19,0,0,106
45,7,7,7,7,6,Christian,Harris,534,84,0,108,24,93,0,1,944,32,944,90,22,0,0,80,0,4,4,66,0,0,84,2,11,1015,90,75,45,45,0,8,37,0,0,0,0,0,0,0,3,45,100,0,0,3,3,65,0,0,48,2,4,108,1,75,0,3,25,68,83,1,822,55,0,1,100,22,69,77,71,0,0,0,0,2,28,55,37,37,10,9,16,36,0,15,13,0,2,17,11,534,0,73,66,1023,39,1,-19,0,0,303
16,7,7,5,5,6,Quay,Walker,1384,88,0,724,16,90,0,7,945,20,945,88,23,0,0,84,0,4,4,52,0,0,86,2,22,1015,91,86,45,45,0,8,40,0,0,0,0,0,0,0,70,41,100,0,0,3,3,65,0,0,7,2,4,724,1,75,0,1,20,78,78,1,297,55,0,1,100,19,75,80,79,0,0,0,0,4,29,68,8,50,27,12,5,40,0,14,13,77,6,29,23,1384,0,76,81,1023,10,1,-19,0,0,244
45,5,5,6,6,13,Damone,Clark,390,81,0,24,15,89,0,1,946,11,946,90,23,0,0,84,0,4,4,57,0,0,80,2,33,1015,76,89,45,45,0,8,44,0,0,0,0,0,0,0,106,28,100,0,0,3,3,65,0,0,33,2,4,24,1,75,0,5,24,73,87,1,2620,58,0,1,100,16,67,83,73,0,0,0,0,2,28,53,1,53,37,8,20,21,0,15,13,28,8,26,11,390,0,75,79,1023,10,1,-19,0,0,135
45,7,7,5,5,10,Channing,Tindall,504,80,0,84,17,94,0,4,947,12,947,91,23,0,0,83,0,4,4,49,0,0,75,2,38,1015,89,82,45,45,0,8,32,0,0,0,0,0,0,0,70,45,100,0,0,3,1,65,0,0,41,2,4,84,1,75,0,3,29,67,95,1,1083,55,0,1,100,19,69,68,64,0,0,0,0,3,28,64,36,1,23,10,39,50,0,14,13,33,0,27,10,504,0,74,72,1023,30,1,-19,0,0,85
45,5,5,6,6,10,Chad,Muma,542,88,0,112,18,89,0,7,948,17,948,85,24,0,0,79,0,4,4,66,0,0,86,2,6,1015,91,86,45,45,0,8,36,0,2,0,0,0,0,0,260,45,100,0,0,3,3,65,0,0,48,2,4,112,1,75,0,3,21,70,93,1,798,63,0,1,100,22,76,73,68,0,0,0,0,5,28,60,65,26,36,10,18,52,0,14,13,77,3,34,13,542,0,75,79,1023,10,1,-19,0,0,56
45,7,7,5,5,44,Malcolm,Rodriguez,384,86,0,20,19,90,0,4,949,19,949,86,24,0,0,87,0,4,4,54,0,0,79,2,9,1015,92,80,45,45,0,8,47,0,0,0,0,0,0,0,158,45,100,0,0,3,1,65,0,0,44,2,4,20,1,75,0,6,45,73,93,1,2817,58,0,1,100,20,82,82,75,0,0,0,0,1,29,78,61,52,65,7,11,49,0,15,13,100,10,27,12,384,0,71,70,1023,10,1,-19,0,0,132
45,6,6,7,7,10,Jesse,Luketa,157,78,0,0,20,81,0,10,950,7,950,76,24,0,0,88,0,4,4,39,0,0,74,2,35,1015,91,79,45,45,0,8,31,0,0,0,0,0,0,0,164,45,100,0,0,1,1,65,0,0,43,2,2,0,1,75,0,7,21,63,89,1,3421,42,0,1,100,22,72,69,66,0,0,0,0,6,30,45,29,27,32,7,9,8,0,15,13,35,5,31,24,157,0,75,87,1023,10,1,-19,0,0,470
45,6,6,5,5,46,Troy,Andersen,610,85,0,160,21,94,0,7,951,14,951,92,24,0,0,86,0,4,4,67,0,0,87,2,26,1015,87,77,53,56,0,8,71,0,0,0,0,0,0,0,125,45,100,0,0,3,3,65,0,0,44,2,4,160,1,75,0,2,53,66,86,1,631,76,0,1,100,24,68,71,72,0,0,0,0,4,29,57,14,24,37,9,43,56,0,14,13,84,4,19,21,610,0,76,75,1023,10,1,-19,0,0,434
45,7,7,6,6,18,Leo,Chenal,504,85,0,84,21,93,0,7,952,9,952,88,23,0,0,90,0,4,4,52,0,0,82,2,39,1015,91,80,45,45,0,8,67,0,0,0,0,0,0,0,258,45,100,0,0,3,1,65,0,0,54,2,4,84,1,75,0,3,25,69,94,1,1085,68,0,1,100,24,82,80,69,0,0,0,0,4,30,50,0,23,15,12,38,38,0,13,13,73,6,38,24,504,0,75,90,1023,25,1,-19,0,0,370
45,7,7,6,6,6,JoJo,Domann,256,85,0,0,55,90,0,7,954,33,954,85,26,0,0,89,0,4,4,67,0,0,84,2,63,1009,84,73,45,45,0,8,47,0,1,0,0,0,0,0,142,45,100,0,0,2,1,65,0,0,57,2,3,0,1,75,0,15,22,63,87,1,3456,63,0,1,100,52,65,67,62,0,0,0,0,5,27,69,23,15,25,7,40,28,0,13,13,64,7,18,12,256,0,73,70,1023,10,1,-19,0,0,72
45,5,5,5,5,6,Brian,Asamoah II,548,85,0,116,12,92,0,10,957,31,957,87,23,0,0,85,0,4,4,54,0,0,83,2,2,1015,90,78,45,45,0,8,28,0,0,0,0,0,0,0,157,45,100,0,0,3,1,65,0,0,33,2,4,116,1,75,0,3,23,71,81,1,720,55,0,1,100,15,71,70,72,0,0,0,0,1,27,62,23,29,31,7,25,18,0,14,13,68,9,24,10,548,0,72,66,1023,10,1,-19,0,0,441
45,6,6,7,7,17,Terrel,Bernard,504,86,0,92,13,91,0,7,958,3,958,86,24,0,0,88,0,4,4,63,0,0,83,2,25,1015,86,75,45,45,0,8,33,0,0,0,0,0,0,0,17,45,100,0,0,3,3,65,0,0,43,2,4,92,1,75,0,3,21,68,85,1,952,49,0,1,100,17,67,75,70,0,0,0,0,5,27,60,45,3,58,13,3,42,0,15,13,46,5,30,11,504,0,73,64,1023,30,1,-19,0,0,90
45,5,5,5,5,6,Jake,Hansen,256,82,0,0,10,85,0,7,961,32,961,81,25,0,0,94,0,4,4,61,0,0,76,2,63,1009,78,83,45,45,0,8,43,0,2,0,0,0,0,0,84,45,100,0,0,2,3,65,0,0,35,2,3,0,1,75,0,15,24,63,74,1,4919,64,0,1,100,14,71,67,65,0,0,0,0,0,28,72,22,57,46,12,37,53,0,14,13,64,8,17,10,256,0,73,75,1023,10,1,-19,0,0,361
45,7,7,5,5,33,Baylon,Spector,376,86,0,12,19,91,0,7,962,33,962,86,25,0,0,87,0,4,4,54,0,0,84,2,10,1015,89,74,45,45,0,8,53,0,0,0,0,0,0,0,38,45,100,0,0,3,1,65,0,0,54,2,4,12,1,75,0,7,43,64,86,1,3222,60,0,1,100,19,67,71,63,0,0,0,0,5,28,55,51,9,7,8,2,42,0,15,13,82,3,22,12,376,0,72,73,1023,35,1,-19,0,0,466
45,7,7,7,7,6,Darien,Butler,256,84,0,0,20,86,0,4,966,33,966,81,23,0,0,85,0,4,4,66,0,0,75,2,63,1009,88,77,45,45,0,8,52,0,0,0,0,0,0,0,9,45,100,0,0,2,3,65,0,0,58,2,3,0,1,75,0,15,25,60,79,1,4913,59,0,1,100,20,65,65,60,0,0,0,0,5,28,73,20,50,26,7,19,16,0,13,13,94,10,29,12,256,0,70,61,1023,15,1,-19,0,0,491
45,6,6,6,6,6,Micah,McFadden,401,89,0,36,16,91,0,4,968,16,968,85,23,0,0,87,0,4,4,59,0,0,83,2,3,1015,89,79,45,45,0,8,33,0,0,0,0,0,0,0,86,45,100,0,0,3,3,65,0,0,41,2,4,36,1,75,0,5,22,68,84,1,1709,50,0,1,100,16,71,77,71,0,0,0,0,5,28,77,40,54,6,13,43,41,0,15,13,29,10,26,11,401,0,74,72,1023,10,1,-19,0,0,164
45,6,6,7,7,6,Jeremiah,Moon,0,78,0,0,12,90,0,7,969,1009,969,80,24,0,0,80,0,4,4,42,0,0,81,2,63,1009,85,79,45,45,0,8,43,0,0,0,0,0,0,0,62,45,100,0,0,0,3,65,0,0,48,2,0,0,1,75,0,15,20,64,94,1,4930,39,0,1,100,16,68,63,51,0,0,0,0,6,30,44,47,12,44,12,28,40,0,13,13,25,2,26,22,0,0,77,87,1023,10,1,-19,0,0,428
45,7,7,5,5,11,Brandon,Smith,442,81,0,76,13,91,0,4,970,33,970,88,22,0,0,72,0,4,4,53,0,0,84,2,15,1015,91,76,45,45,0,8,38,0,0,0,0,0,0,0,164,45,100,0,0,3,3,65,0,0,40,2,4,76,1,75,0,4,24,66,89,1,1268,49,0,1,100,16,69,64,63,0,0,0,0,6,30,60,29,0,47,12,6,12,0,14,13,68,6,22,25,442,0,75,80,1023,10,1,-19,0,0,376
45,5,5,6,6,6,Darrian,Beavers,0,83,0,0,20,87,0,1,972,1009,972,82,24,0,0,88,0,4,4,56,0,0,83,2,3,1015,88,76,45,45,0,8,36,0,0,0,0,0,0,0,36,45,100,0,0,0,3,65,0,0,43,2,0,20,1,75,0,6,23,64,92,1,2670,54,0,1,100,20,74,66,68,0,0,0,0,5,28,54,27,50,51,13,4,14,0,14,13,104,5,21,13,0,0,76,95,1023,10,1,-19,0,0,425
45,5,5,7,7,6,D'Marco,Jackson,397,84,0,32,15,92,0,7,973,27,973,87,25,0,0,88,0,4,4,57,0,0,77,2,18,1015,87,80,45,45,0,8,51,0,0,0,0,0,0,0,7,45,100,0,0,3,3,65,0,0,52,2,4,32,1,75,0,5,25,64,80,1,2475,51,0,1,100,14,69,66,64,0,0,0,0,5,28,75,59,41,27,10,15,25,0,14,13,79,6,15,14,397,0,73,73,1023,10,1,-19,0,0,414
45,7,7,5,5,6,Jack,Sanborn,256,85,0,0,21,87,0,7,974,1,974,80,23,0,0,90,0,4,4,65,0,0,79,2,63,1009,92,82,35,40,0,8,47,0,0,0,0,0,0,0,258,45,100,0,0,2,3,65,0,0,57,2,3,0,1,75,0,15,25,72,83,1,3523,63,0,1,100,22,72,77,73,0,0,0,0,1,28,66,38,26,2,9,4,25,0,15,13,42,2,27,14,256,0,74,74,1023,12,1,-19,0,0,167
45,5,5,6,6,6,Chance,Campbell,0,86,0,0,16,90,0,7,975,1009,975,87,24,0,0,78,0,4,4,47,0,0,76,2,40,1015,89,75,45,45,0,8,39,0,2,0,0,0,0,0,159,45,100,0,0,0,3,65,0,0,45,2,0,12,1,75,0,6,20,64,93,1,3136,51,0,1,100,21,75,64,65,0,0,0,0,3,28,65,57,54,46,10,48,42,0,14,13,33,5,28,10,0,0,74,72,1023,10,1,-19,0,0,152
45,7,7,7,7,5,Joshua,Onujiogu,145,73,0,0,22,82,0,1,976,33,976,76,25,0,0,84,0,4,4,47,0,0,84,2,63,1009,90,72,45,45,0,3,38,0,0,0,0,0,0,0,265,45,100,0,0,1,3,65,0,0,49,2,2,0,1,75,0,15,21,60,83,1,4295,45,0,1,100,28,75,59,48,0,0,0,0,21,55,86,55,1,68,66,43,19,0,15,15,15,8,74,26,145,0,74,92,1023,10,1,-19,0,0,240
45,7,7,5,5,6,Nephi,Sewell,87,84,0,0,25,88,0,7,978,27,978,83,25,0,0,86,0,4,4,50,0,0,83,2,63,1009,82,79,35,36,0,8,53,0,0,0,0,0,0,0,233,45,100,0,0,1,3,65,0,0,45,2,1,0,1,75,0,15,25,62,78,1,4951,60,0,1,100,28,68,68,59,0,0,0,0,0,28,57,45,45,5,10,24,56,0,13,13,88,2,27,12,87,0,61,66,1023,10,1,-19,0,0,421
45,5,5,5,5,6,Josh,Ross,0,82,0,0,13,86,0,3,979,1009,979,79,24,0,0,83,0,4,4,59,0,0,72,2,63,1009,88,77,44,45,0,8,37,0,0,0,0,0,0,0,117,45,100,0,0,0,3,65,0,0,51,2,0,0,1,75,0,15,25,57,81,1,4931,55,0,1,100,12,65,57,57,0,0,0,0,3,27,62,15,35,59,9,40,44,0,14,13,66,0,31,12,0,0,72,69,1023,40,1,-19,0,0,514
45,4,4,3,3,6,Sauce,Gardner,3344,94,0,2152,16,94,0,4,980,18,980,92,23,0,0,89,0,4,4,76,0,0,90,2,4,1015,94,68,35,35,0,8,61,0,0,0,0,0,0,0,36,38,100,0,0,3,3,65,0,0,1,2,4,2152,1,75,0,1,27,93,91,1,83,64,0,1,100,17,62,89,88,0,0,0,0,5,23,78,20,42,42,9,28,33,0,16,16,54,0,12,11,3344,0,75,40,1023,40,1,-19,0,0,420
15,3,3,3,3,30,Taiwan,Jones,0,77,0,0,22,86,0,4,981,1009,981,89,35,0,0,71,2,0,0,65,0,0,87,2,28,1009,88,38,38,25,0,8,75,0,0,0,0,0,0,0,59,45,0,0,0,0,3,15,0,0,36,1,0,0,2,85,0,4,30,69,84,12,1293,78,0,1,100,22,55,76,72,0,0,0,0,5,18,92,27,27,55,10,39,15,0,1,1,30,4,11,11,0,0,72,35,999,82,3,-19,0,0,389
45,4,4,4,4,6,Von,Miller,12000,85,0,2226,15,86,1,4,982,33,982,85,34,0,0,88,2,4,4,51,0,0,86,2,2,1009,90,92,45,45,0,8,20,0,0,0,0,0,5,5,215,41,72,0,0,5,3,41,0,1,40,2,6,2226,3,95,0,1,19,94,83,12,475,65,0,1,100,21,84,99,97,5,5,4,4,7,32,47,4,1,50,12,17,35,0,11,13,26,3,18,20,12000,0,75,90,999,10,1,-19,0,0,471
45,7,7,2,2,6,Trent,McDuffie,1399,91,0,736,21,93,0,7,984,9,984,91,23,0,0,86,0,4,4,65,0,0,94,2,21,1015,89,66,33,34,0,7,53,0,0,0,0,0,0,0,252,30,100,0,0,3,1,65,0,0,22,2,4,736,1,75,0,1,27,80,91,1,282,59,0,1,100,22,61,82,79,0,0,0,0,3,24,88,22,38,25,11,23,17,0,16,16,50,0,8,8,1399,0,71,33,1023,68,1,-19,0,0,424
45,7,7,5,5,21,Derek,Stingley Jr.,3465,88,0,2240,19,92,0,10,987,32,987,93,22,0,0,74,0,4,4,77,0,0,93,2,3,1015,80,60,25,25,0,7,65,0,0,0,0,0,0,0,106,45,100,0,0,3,1,65,0,0,24,2,4,2240,1,75,0,1,36,77,91,1,49,63,0,1,100,20,58,81,71,0,0,0,0,0,23,84,35,47,29,9,5,26,0,16,16,56,5,4,6,3465,0,72,35,1023,72,1,-19,0,0,388
45,3,3,5,5,20,Kaiir,Elam,1369,88,0,712,17,90,0,7,988,3,988,93,22,0,0,71,0,4,4,73,0,0,85,2,23,1015,89,54,35,35,0,7,51,0,0,0,0,0,0,0,62,30,100,0,0,3,3,65,0,0,24,2,4,712,1,75,0,1,27,76,89,1,314,56,0,1,100,17,60,80,76,0,0,0,0,4,23,81,10,17,3,9,2,27,0,16,16,18,2,10,9,1369,0,73,31,1023,55,1,-19,0,0,449
45,7,7,7,7,6,Malcolm,Smith,0,77,0,0,20,84,0,4,991,33,991,82,34,0,0,75,2,4,4,70,0,0,77,2,39,1009,85,83,45,45,0,8,49,0,0,0,0,0,0,0,231,45,0,0,0,0,3,6,0,0,56,1,0,0,3,0,0,7,27,73,84,12,164,39,0,1,100,20,73,79,77,5,5,5,5,2,26,64,44,56,65,7,9,8,0,13,13,40,2,32,12,0,0,72,65,999,11,3,-19,0,0,73
5,2,2,2,2,37,Patrick,Peterson,1399,94,0,584,21,91,0,4,992,29,992,90,33,0,0,82,2,4,4,81,0,0,89,2,5,1009,92,59,35,35,0,8,77,0,0,0,0,0,0,0,106,38,0,0,0,2,3,38,0,0,20,2,2,584,3,97,0,1,64,85,91,12,424,67,0,1,100,28,70,90,92,6,6,6,6,0,25,89,29,16,55,12,26,9,0,16,16,64,0,6,6,1399,1,73,38,999,88,0,-19,0,0,285
5,5,5,5,5,6,Prince,Amukamara,0,86,0,0,15,89,0,4,993,33,993,88,34,0,0,70,2,4,4,65,0,0,87,2,19,1009,88,60,35,35,0,7,65,0,0,0,0,0,0,0,142,45,33,3,3,0,3,29,1,0,0,0,0,0,3,0,0,1,30,72,86,12,1120,66,0,1,100,22,70,77,77,0,0,0,0,1,25,84,6,13,26,9,7,9,0,16,16,33,1,5,11,0,0,72,47,999,55,1,-19,0,0,449
45,6,6,7,7,24,Andrew,Booth Jr,830,89,0,324,18,91,0,4,995,31,995,91,23,0,0,87,0,4,4,71,0,0,90,2,10,1015,82,54,35,35,0,8,54,0,0,0,0,0,0,0,38,45,100,0,0,3,1,65,0,0,23,2,4,324,1,75,0,2,31,72,89,1,494,58,0,1,100,15,62,75,65,0,0,0,0,0,24,70,1,18,49,8,1,17,0,16,16,16,4,7,10,830,0,72,34,1023,64,1,-19,0,0,355
45,2,2,5,5,15,Kyler,Gordon,868,90,0,348,20,92,0,1,996,1,996,88,24,0,0,79,0,4,4,67,0,0,93,2,7,1015,93,56,35,35,0,7,55,0,0,0,0,0,0,0,252,45,100,0,0,3,3,65,0,0,6,2,4,348,1,75,0,2,23,75,93,1,476,58,0,1,100,17,66,79,76,0,0,0,0,4,24,92,7,21,11,13,9,32,0,16,16,17,3,8,9,868,0,72,40,1023,50,1,-19,0,0,453
45,4,4,7,7,28,Roger,McCreary,916,93,0,384,36,91,0,7,997,30,997,89,23,0,0,85,0,4,4,71,0,0,87,2,3,1015,92,62,35,35,0,8,54,0,0,0,0,0,0,0,14,45,100,0,0,3,3,65,0,0,21,2,4,384,1,75,0,2,39,75,77,1,429,63,0,1,100,42,65,79,77,0,0,0,0,3,24,73,17,37,27,10,27,16,0,16,16,43,1,8,5,916,0,71,30,1023,60,1,-19,0,0,355
45,4,4,7,7,12,Marcus,Jones,518,93,0,96,13,95,0,7,998,22,998,93,25,0,0,84,0,4,4,77,0,0,92,2,21,1015,87,60,30,31,0,8,74,0,0,0,0,0,0,0,80,30,100,0,0,3,3,65,0,0,25,2,4,96,1,75,0,3,24,75,87,1,907,65,0,1,100,14,48,82,73,0,0,0,0,3,21,97,33,5,26,12,29,13,0,16,16,48,0,8,1,518,0,68,15,1023,88,1,-19,0,0,425
45,5,5,7,7,6,Coby,Bryant,446,90,0,80,19,90,0,7,999,28,999,88,24,0,0,83,0,4,4,75,0,0,83,2,4,1015,91,54,10,15,0,8,49,0,0,0,0,0,0,0,36,45,100,0,0,3,3,65,0,0,8,2,4,80,1,75,0,4,27,73,80,1,1155,62,0,1,100,21,63,77,74,0,0,0,0,0,23,72,25,36,13,13,24,4,0,16,16,13,5,12,4,446,0,73,33,1023,55,1,-19,0,0,411
45,7,7,4,4,44,Cam,Taylor-Britt,595,90,0,152,15,93,0,7,1001,2,1001,93,24,0,0,83,0,4,4,71,0,0,86,2,28,1015,90,62,33,34,0,7,52,0,0,0,0,0,0,0,142,30,100,0,0,3,3,65,0,0,29,2,4,152,1,75,0,2,48,75,81,1,659,64,0,1,100,18,64,80,74,0,0,0,0,0,24,71,19,0,36,7,9,29,0,16,16,7,2,6,7,595,0,71,36,1023,55,1,-19,0,0,346
45,4,4,3,3,6,Joshua,Williams,432,87,0,68,13,93,0,4,1002,9,1002,89,24,0,0,84,0,4,4,71,0,0,86,2,30,1015,89,60,34,35,0,8,62,0,0,0,0,0,0,0,406,45,100,0,0,3,3,65,0,0,2,2,4,68,1,75,0,4,30,71,88,1,1454,64,0,1,100,14,59,77,70,0,0,0,0,5,24,74,36,12,2,12,22,22,0,16,16,11,5,12,9,432,0,75,33,1023,55,1,-19,0,0,355
45,5,5,5,5,35,Alontae,Taylor,720,88,0,240,21,94,0,4,1008,27,1008,94,25,0,0,78,0,4,4,68,0,0,81,2,17,1015,91,45,35,35,0,7,57,0,0,0,0,0,0,0,211,45,100,0,0,3,3,65,0,0,1,2,4,240,1,75,0,2,44,73,92,1,539,63,0,1,100,21,60,78,73,0,0,0,0,1,24,82,28,25,14,13,29,12,0,16,16,58,5,12,7,720,0,72,35,1023,45,1,-19,0,0,480
45,6,6,4,4,10,Jalyn,Armour-Davis,442,88,0,76,15,94,0,10,1009,25,1009,93,24,0,0,74,0,4,4,70,0,0,81,2,14,1015,84,57,28,34,0,8,38,0,0,0,0,0,0,0,3,45,100,0,0,3,1,65,0,0,5,2,4,76,1,75,0,4,31,66,87,1,1264,48,0,1,100,21,60,72,56,0,0,0,0,5,24,76,4,33,29,10,1,19,0,16,16,26,4,11,6,442,0,73,35,1023,45,1,-19,0,0,435
45,7,7,3,3,10,Zyon,McCollum,398,87,0,32,20,95,0,7,1010,6,1010,93,24,0,0,75,0,4,4,72,0,0,97,2,14,1015,90,54,29,33,0,8,48,0,0,0,0,0,0,0,183,45,100,0,0,3,3,65,0,0,27,2,4,32,1,75,0,5,26,67,93,1,1866,63,0,1,100,20,60,75,55,0,0,0,0,5,24,74,24,34,49,12,8,8,0,16,16,22,2,10,11,398,0,74,39,1023,45,1,-19,0,0,126
45,7,7,4,4,6,Joshua,Jobe,256,86,0,0,14,90,0,7,1011,13,1011,90,25,0,0,85,0,4,4,58,0,0,80,2,63,1009,88,63,31,35,0,7,49,0,0,0,0,0,0,0,3,45,100,0,0,2,3,65,0,0,28,2,3,0,1,75,0,15,29,63,84,1,4785,58,0,1,100,21,63,69,62,0,0,0,0,0,22,91,33,9,30,7,9,19,0,16,16,27,1,3,4,256,0,71,30,1023,40,1,-19,0,0,97
45,6,6,6,6,6,Damarri,Mathis,443,91,0,76,11,93,0,7,1014,4,1014,93,24,0,0,86,0,4,4,67,0,0,84,2,10,1015,87,54,30,35,0,8,53,0,0,0,0,0,0,0,166,45,100,0,0,3,3,65,0,0,27,2,4,76,1,75,0,4,29,72,97,1,1223,55,0,1,100,13,61,76,67,0,0,0,0,1,24,70,34,1,5,11,26,0,0,16,16,36,0,6,6,443,0,71,35,1023,50,1,-19,0,0,60
45,6,6,6,6,10,Tariq,Woolen,399,92,0,32,18,96,0,10,1015,28,1015,98,24,0,0,75,0,4,4,80,0,0,87,2,10,1015,89,58,35,35,0,8,53,0,0,0,0,0,0,0,355,30,100,0,0,3,3,65,0,0,27,2,4,32,1,75,0,5,27,83,95,1,1823,62,0,1,100,24,60,87,76,0,0,0,0,5,25,80,4,33,45,7,25,36,0,16,16,17,0,7,10,399,0,76,50,1023,45,1,-19,0,0,277
45,5,5,4,4,34,Vincent,Gray,75,89,0,0,16,88,0,1,1016,33,1016,90,24,0,0,64,0,4,4,70,0,0,80,2,63,1009,95,72,17,21,0,7,42,0,0,0,0,0,0,0,117,45,100,0,0,1,3,65,0,0,35,2,1,0,1,75,0,15,16,81,82,1,4952,41,0,1,100,33,66,70,57,0,0,0,0,5,23,76,36,3,24,11,19,4,0,16,16,67,3,7,10,75,0,74,32,1023,44,1,-19,0,0,244
45,7,7,2,2,10,Cor'Dale,Flott,524,87,0,100,14,92,0,1,1017,16,1017,89,22,0,0,78,0,4,4,57,0,0,86,2,17,1015,88,52,22,27,0,8,48,0,0,0,0,0,0,0,106,45,100,0,0,3,1,65,0,0,28,2,4,100,1,75,0,3,25,70,82,1,867,48,0,1,100,18,50,72,72,0,0,0,0,3,20,98,21,11,36,7,25,11,0,16,16,47,1,7,8,524,0,73,15,1023,40,1,-19,0,0,514
45,2,2,3,3,6,Tariq,Castro-Fields,0,87,0,0,19,95,0,7,1018,1009,1018,93,24,0,0,73,0,4,4,58,0,0,82,2,42,1009,83,54,34,35,0,8,47,0,0,0,0,0,0,0,164,45,100,0,0,0,3,65,0,0,26,2,0,12,1,75,0,6,29,65,88,1,3142,55,0,1,100,20,60,70,60,0,0,0,0,2,24,74,12,47,10,13,16,27,0,16,16,37,3,7,7,0,0,73,37,1023,48,1,-19,0,0,493
45,2,2,5,5,38,Derion,Kendrick,379,88,0,16,16,90,0,10,1019,24,1019,85,23,0,0,80,0,4,4,73,0,0,87,2,33,1015,91,57,35,35,0,8,59,0,0,0,0,0,0,0,70,45,100,0,0,3,3,65,0,0,1,2,4,16,1,75,0,6,42,67,77,1,3072,63,0,1,100,19,59,74,70,0,0,0,0,3,22,82,31,31,19,8,7,4,0,16,16,39,4,8,7,379,0,72,30,1023,73,1,-19,0,0,519
45,4,4,5,5,10,Akayleb,Evans,442,90,0,76,13,93,0,7,1020,31,1020,90,24,0,0,83,0,4,4,54,0,0,81,2,13,1015,85,63,33,35,0,8,45,0,0,0,0,0,0,0,122,45,100,0,0,3,3,65,0,0,21,2,4,76,1,75,0,4,24,68,86,1,1249,55,0,1,100,14,65,72,69,0,0,0,0,1,24,82,25,34,22,10,22,7,0,16,16,24,2,4,11,442,0,74,38,1023,40,1,-19,0,0,416
45,6,6,5,5,6,Montaric,Brown,379,84,0,12,14,90,0,1,1021,17,1021,87,24,0,0,75,0,4,4,68,0,0,78,2,1,1015,90,53,35,35,0,7,49,0,0,0,0,0,0,0,10,45,100,0,0,3,1,65,0,0,30,2,4,12,1,75,0,7,23,64,82,1,3148,61,0,1,100,17,57,70,65,0,0,0,0,1,24,72,15,44,25,12,24,26,0,16,16,46,5,6,9,379,0,72,30,1023,45,1,-19,0,0,477
45,7,7,4,4,39,Cobie,Durant,417,88,0,52,22,94,0,4,1022,24,1022,93,25,0,0,74,0,4,4,73,0,0,86,2,37,1015,89,43,25,30,0,8,53,0,0,0,0,0,0,0,179,45,100,0,0,3,3,65,0,0,14,2,4,52,1,75,0,4,42,73,85,1,1665,55,0,1,100,20,50,79,74,0,0,0,0,2,22,91,29,17,9,11,18,11,0,16,16,14,0,11,3,417,0,71,20,1023,55,1,-19,0,0,243
45,3,3,5,5,6,Sam,Webb,0,82,0,0,20,92,0,7,1024,1009,1024,90,25,0,0,67,0,4,4,68,0,0,85,2,63,1009,90,52,35,35,0,8,55,0,0,0,0,0,0,0,311,45,100,0,0,0,1,65,0,0,27,2,0,0,1,75,0,15,35,66,96,1,4914,61,0,1,100,20,58,72,60,0,0,0,0,0,24,77,26,18,24,7,17,8,0,16,16,16,3,8,11,0,0,72,42,1023,65,1,-19,0,0,311
45,7,7,4,4,13,Chase,Lucas,0,87,0,0,12,94,0,7,1025,1009,1025,90,26,0,0,77,0,4,4,62,0,0,90,2,16,1015,89,46,34,34,0,7,66,0,0,0,0,0,0,0,9,45,100,0,0,0,1,65,0,0,27,2,0,8,1,75,0,7,25,65,92,1,3276,66,0,1,100,12,54,71,61,0,0,0,0,1,22,95,17,48,26,13,17,34,0,16,16,0,3,7,4,0,0,71,24,1023,45,1,-19,0,0,282
45,3,3,2,2,12,Damarion,Williams,417,91,0,52,17,93,0,7,1027,33,1027,88,25,0,0,85,0,4,4,64,0,0,83,2,36,1015,90,57,30,32,0,8,57,0,0,0,0,0,0,0,80,45,100,0,0,3,3,65,0,0,22,2,4,52,1,75,0,4,32,66,83,1,1658,58,0,1,100,14,57,70,62,0,0,0,0,1,22,97,7,14,2,11,16,4,0,16,16,57,5,6,7,417,0,70,20,1023,60,1,-19,0,0,285
45,2,2,4,4,13,Martin,Emerson Jr,547,90,0,116,13,91,0,1,1028,5,1028,89,23,0,0,83,0,4,4,54,0,0,87,2,4,1015,93,62,35,35,0,8,52,0,0,0,0,0,0,0,121,45,100,0,0,3,3,65,0,0,23,2,4,116,1,75,0,3,26,78,83,1,789,60,0,1,100,19,64,75,78,0,0,0,0,1,24,68,32,2,48,9,26,13,0,16,16,11,4,9,6,547,0,74,41,1023,42,1,-19,0,0,270
45,5,5,2,2,10,Jack,Jones,440,88,0,76,33,93,0,4,1029,22,1029,88,26,0,0,73,0,4,4,73,0,0,88,2,16,1015,88,47,25,25,0,8,55,0,0,0,0,0,0,0,9,45,100,0,0,3,1,65,0,0,13,2,4,76,1,75,0,4,26,74,84,1,1270,60,0,1,100,37,53,78,75,0,0,0,0,3,21,88,5,30,9,7,18,6,0,16,16,17,5,4,4,440,0,71,15,1023,60,1,-19,0,0,236
45,4,4,2,2,14,Mario,Goodrich,75,86,0,0,12,89,0,1,1031,13,1031,90,23,0,0,58,0,4,4,67,0,0,92,2,63,1009,67,52,26,9,0,8,19,0,0,0,0,0,0,0,38,45,100,0,0,1,3,65,0,0,31,2,1,0,1,75,0,15,19,97,78,1,4833,50,0,1,100,13,62,66,50,0,0,0,0,4,21,84,19,37,3,12,26,31,0,16,16,23,2,3,6,75,0,72,16,1023,42,1,-19,0,0,140
45,3,3,7,7,12,Isaac,Taylor-Stuart,0,97,0,0,18,93,0,10,1033,1009,1033,94,24,0,0,88,0,4,4,50,0,0,90,2,63,1009,94,68,14,29,0,8,12,0,0,0,0,0,0,0,231,45,100,0,0,0,3,65,0,0,37,2,0,0,1,75,0,15,29,65,85,1,4249,56,0,1,100,23,69,66,50,0,0,0,0,2,24,81,17,20,36,13,14,36,0,16,16,36,0,9,11,0,0,73,41,1023,78,1,-19,0,0,240
45,6,6,7,7,14,Kalon,Barnes,157,89,0,0,20,93,0,10,1035,33,1035,96,25,0,0,77,0,4,4,69,0,0,86,2,21,1009,86,47,32,35,0,7,60,0,0,0,0,0,0,0,17,45,100,0,0,1,3,65,0,0,27,2,2,0,1,75,0,7,33,64,93,1,3287,59,0,1,100,22,50,71,54,0,0,0,0,5,23,86,0,20,11,7,9,28,0,16,16,14,0,1,2,157,0,72,23,1023,55,1,-19,0,0,257
45,2,2,2,2,14,Jaylen,Watson,375,89,0,8,17,92,0,4,1036,9,1036,89,25,0,0,80,0,4,4,64,0,0,82,2,22,1015,91,53,29,34,0,7,52,0,0,0,0,0,0,0,251,45,100,0,0,3,1,65,0,0,35,2,4,8,1,75,0,7,25,73,90,1,3288,59,0,1,100,16,66,76,74,0,0,0,0,1,24,89,12,41,35,7,2,6,0,16,16,33,4,6,11,375,0,74,37,1023,45,1,-19,0,0,253
45,3,3,7,7,29,DaMarcus,Fields,75,98,0,0,24,89,0,10,1037,33,1037,92,25,0,0,62,0,4,4,60,0,0,87,2,63,1009,85,57,11,18,0,8,29,0,0,0,0,0,0,0,217,45,100,0,0,1,3,65,0,0,38,2,1,0,1,75,0,15,27,83,85,1,4954,43,0,1,100,28,66,66,50,0,0,0,0,2,23,87,37,41,31,10,17,34,0,16,16,63,0,10,5,75,0,72,33,1023,72,1,-19,0,0,321
45,2,2,3,3,14,Chris,Steele,0,90,0,0,16,90,0,7,1038,33,1038,92,23,0,0,83,0,4,4,66,0,0,78,2,63,1009,61,48,20,13,0,7,21,0,0,0,0,0,0,0,231,45,100,0,0,0,3,65,0,0,0,2,0,0,1,75,0,15,10,89,87,1,5000,56,0,1,100,17,65,66,50,0,0,0,0,3,22,95,22,35,14,10,23,32,0,16,16,65,4,3,6,0,0,72,27,1023,34,1,-19,0,0,221
45,3,3,7,7,14,Josh,Thompson,157,88,0,0,14,92,0,4,1042,33,1042,92,25,0,0,85,0,4,4,59,0,0,89,2,63,1009,85,50,35,35,0,8,49,0,0,0,0,0,0,0,214,45,100,0,0,1,1,65,0,0,29,2,2,0,1,75,0,15,23,64,89,1,1102,58,0,1,100,17,61,66,64,0,0,0,0,3,24,76,16,11,19,10,10,17,0,18,16,69,5,9,9,157,0,72,34,1023,42,1,-19,0,0,235
45,6,6,4,4,24,Kyle,Hamilton,1625,90,0,900,21,88,0,7,1043,25,1043,88,22,0,0,87,0,4,4,76,0,0,86,2,14,1015,89,77,35,35,0,8,57,0,0,0,0,0,0,0,152,45,100,0,0,3,3,65,0,0,14,2,4,900,1,75,0,1,36,82,90,1,141,68,0,1,100,22,72,87,80,0,0,0,0,4,26,86,14,45,16,11,17,17,0,18,18,34,3,5,6,1625,0,76,61,1023,35,1,-19,0,0,221
45,5,5,4,4,6,Jaquan,Brisker,735,92,0,252,17,91,0,10,1045,1,1045,89,24,0,0,89,0,4,4,69,0,0,86,2,16,1015,89,71,35,35,0,8,58,0,0,0,0,0,0,0,164,45,100,0,0,3,3,65,0,0,9,2,4,252,1,75,0,2,29,78,91,1,530,60,0,1,100,19,68,82,76,0,0,0,0,2,24,81,2,28,24,7,3,38,0,18,17,8,2,5,11,735,0,73,40,1023,68,1,-19,0,0,277
45,5,5,6,6,6,Bryan,Cook,584,87,0,144,17,90,0,10,1046,9,1046,88,24,0,0,89,0,4,4,63,0,0,79,2,30,1015,91,76,35,35,0,7,51,0,0,0,0,0,0,0,36,45,100,0,0,3,1,65,0,0,6,2,4,144,1,75,0,2,24,70,83,1,672,61,0,1,100,19,67,74,67,0,0,0,0,0,24,74,21,16,39,7,13,6,0,17,17,58,5,8,5,584,0,73,46,1023,35,1,-19,0,0,306
45,3,3,3,3,10,Dax,Hill,1167,88,0,568,15,94,0,7,1049,2,1049,93,23,0,0,87,0,4,4,69,0,0,96,2,31,1015,93,63,35,35,0,7,55,0,0,0,0,0,0,0,117,45,100,0,0,3,3,65,0,0,23,2,4,568,1,75,0,1,22,75,88,1,374,63,0,1,100,18,56,75,69,0,0,0,0,5,23,81,34,18,3,8,10,20,0,18,16,7,3,11,7,1167,0,72,31,1023,40,1,-19,0,0,236
45,2,2,3,3,14,Nick,Cross,506,88,0,88,23,96,0,1,1050,10,1050,92,22,0,0,83,0,4,4,71,0,0,87,2,32,1015,91,67,35,35,0,8,52,0,0,0,0,0,0,0,111,32,100,0,0,3,3,65,0,0,20,2,4,88,1,75,0,3,26,71,88,1,1013,54,0,1,100,25,67,75,65,0,0,0,0,5,26,85,32,23,28,8,21,4,0,18,17,66,0,5,11,506,0,72,52,1023,40,1,-19,0,0,229
45,2,2,2,2,6,Lewis,Cine,1149,88,0,552,35,94,0,10,1052,31,1052,92,24,0,0,88,0,4,4,61,0,0,83,2,32,1015,86,74,25,18,0,7,53,0,2,0,0,0,0,0,70,32,100,0,0,3,3,65,0,0,6,2,4,552,1,75,0,1,21,75,88,1,385,64,0,1,100,34,58,78,71,0,0,0,0,5,24,82,32,5,47,8,29,30,0,17,17,73,4,8,5,1149,0,74,39,1023,35,1,-19,0,0,9
45,6,6,4,4,12,Jalen,Pitre,895,92,0,368,32,93,0,7,1054,32,1054,90,24,0,0,82,0,4,4,74,0,0,91,2,5,1015,90,58,35,35,0,8,52,0,0,0,0,0,0,0,17,32,100,0,0,3,3,65,0,0,5,2,4,368,1,75,0,2,23,77,84,1,467,63,0,1,100,34,62,82,77,0,0,0,0,3,24,73,18,20,48,7,14,22,0,17,17,30,0,8,6,895,0,71,38,1023,45,1,-19,0,0,141
45,6,6,2,2,8,Tycen,Anderson,397,86,0,32,14,95,0,4,1056,2,1056,92,25,0,0,74,0,4,4,58,0,0,92,2,23,1015,87,59,33,34,0,7,49,0,0,0,0,0,0,0,218,45,100,0,0,3,1,65,0,0,26,2,4,32,1,75,0,5,24,65,88,1,2497,57,0,1,100,13,59,70,60,0,0,0,0,0,26,90,7,12,20,7,25,8,0,17,17,55,0,10,8,397,0,74,47,1023,45,1,-19,0,0,97
45,5,5,2,2,10,JT,Woods,527,86,0,100,16,93,0,4,1060,8,1060,93,23,0,0,71,0,4,4,76,0,0,85,2,15,1015,88,59,35,35,0,7,71,0,0,0,0,0,0,0,17,32,100,0,0,3,3,65,0,0,22,2,4,100,1,75,0,3,23,68,93,1,856,66,0,1,100,19,62,77,65,0,0,0,0,4,24,89,24,46,34,9,22,13,0,17,17,57,2,12,11,527,0,74,33,1023,50,1,-19,0,0,85
45,3,3,2,2,6,Juanyeh,Thomas,75,88,0,0,16,92,0,4,1061,11,1061,87,23,0,0,81,0,4,4,62,0,0,76,2,63,1009,92,69,34,35,0,7,54,0,0,0,0,0,0,0,71,45,100,0,0,1,3,65,0,0,30,2,1,0,1,75,0,15,24,63,82,1,4255,65,0,1,100,14,65,68,60,0,0,0,0,3,26,80,14,6,8,9,11,43,0,18,17,41,0,12,6,75,0,73,52,1023,67,1,-19,0,0,60
45,7,7,7,7,6,Kerby,Joseph,504,92,0,84,20,90,0,1,1062,19,1062,88,23,0,0,70,0,4,4,77,0,0,86,2,33,1015,90,67,25,24,0,8,60,0,0,0,0,0,0,0,84,45,100,0,0,3,3,65,0,0,31,2,4,84,1,75,0,3,25,76,91,1,1024,63,0,1,100,21,62,83,76,0,0,0,0,2,24,63,40,21,48,10,3,2,0,17,17,43,3,7,11,504,0,73,43,1023,44,1,-19,0,0,231
45,5,5,4,4,10,Delarrin,Turner-Yell,399,89,0,32,17,92,0,7,1063,4,1063,90,24,0,0,74,0,4,4,69,0,0,85,2,9,1015,81,61,32,33,0,7,43,0,0,0,0,0,0,0,157,32,100,0,0,3,3,65,0,0,32,2,4,32,1,75,0,5,25,65,85,1,1786,60,0,1,100,15,53,69,66,0,0,0,0,2,24,93,23,44,51,9,4,12,0,18,17,68,1,12,5,399,0,71,40,1023,40,1,-19,0,0,460
45,2,2,6,6,10,Verone,McKinley III,157,86,0,0,17,88,0,10,1065,12,1065,83,23,0,0,75,0,4,4,76,0,0,80,2,63,1009,90,58,35,35,0,8,41,0,0,0,0,0,0,0,160,45,100,0,0,1,3,65,0,0,32,2,2,0,1,75,0,15,21,65,84,1,4647,63,0,1,100,16,57,74,70,0,0,0,0,5,24,71,1,43,41,11,17,27,0,17,17,0,0,6,4,157,0,70,32,1023,35,1,-19,0,0,468
45,2,2,2,2,12,Smoke,Monday,245,85,0,0,12,92,0,1,1068,33,1068,88,24,0,0,87,0,4,4,67,0,0,87,2,63,1009,91,64,35,35,0,8,55,0,0,0,0,0,0,0,14,45,100,0,0,2,3,65,0,0,38,2,3,0,1,75,0,15,26,64,75,1,4955,65,0,1,100,19,58,69,61,0,0,0,0,0,25,80,10,43,32,12,17,41,0,17,17,54,4,6,12,245,0,74,47,1023,45,1,-19,0,0,436
45,4,4,4,4,13,Percy,Butler,444,88,0,80,15,95,0,7,1069,26,1069,92,23,0,0,73,0,4,4,60,0,0,83,2,8,1015,87,58,34,34,0,8,46,0,0,0,0,0,0,0,228,45,100,0,0,3,3,65,0,0,35,2,4,80,1,75,0,4,26,66,84,1,1214,59,0,1,100,20,57,70,64,0,0,0,0,2,24,80,35,48,32,7,2,42,0,17,17,30,0,6,5,444,0,72,31,1023,35,1,-19,0,0,352
45,4,4,4,4,10,Yusuf,Corker,75,89,0,0,15,88,0,4,1070,33,1070,88,25,0,0,86,0,4,4,62,0,0,82,2,63,1009,93,63,34,35,0,8,54,0,0,0,0,0,0,0,98,45,100,0,0,1,1,65,0,0,37,2,1,0,1,75,0,15,30,63,83,1,3479,57,0,1,100,21,69,71,65,0,0,0,0,3,24,77,16,19,53,11,0,11,0,17,17,64,0,5,10,75,0,72,43,1023,35,1,-19,0,0,465
45,2,2,2,2,17,Quentin,Lake,379,88,0,16,18,92,0,1,1071,24,1071,86,24,0,0,75,0,4,4,70,0,0,80,2,32,1015,86,65,35,35,0,7,50,0,0,0,0,0,0,0,226,45,100,0,0,3,1,65,0,0,37,2,4,16,1,75,0,6,30,66,85,1,3032,60,0,1,100,21,57,72,71,0,0,0,0,4,24,65,13,43,5,8,10,41,0,18,17,29,5,6,6,379,0,73,41,1023,45,1,-19,0,0,425
45,5,5,7,7,6,Dane,Belton,444,89,0,80,37,93,0,1,1073,16,1073,91,23,0,0,78,0,4,4,71,0,0,87,2,9,1015,90,67,35,35,0,8,44,0,0,0,0,0,0,0,89,45,100,0,0,3,3,65,0,0,24,2,4,80,1,75,0,4,23,68,87,1,1215,62,0,1,100,42,61,74,67,0,0,0,0,2,24,82,19,7,9,8,10,42,0,18,17,63,4,7,11,444,0,73,45,1023,40,1,-19,0,0,393
45,3,3,6,6,31,Markquese,Bell,257,86,0,0,11,94,0,4,1077,11,1077,92,24,0,0,81,0,4,4,66,0,0,77,2,63,1009,90,67,34,35,0,8,52,0,0,0,0,0,0,0,63,45,100,0,0,2,1,65,0,0,14,2,3,0,1,75,0,15,36,63,87,1,4292,57,0,1,100,13,59,66,55,0,0,0,0,2,26,80,36,35,36,11,23,17,0,18,17,20,3,5,6,257,0,75,45,1023,35,1,-19,0,0,410
45,3,3,4,4,15,Bubba,Bolden,75,90,0,0,13,94,0,7,1078,33,1078,90,24,0,0,80,0,4,4,60,0,0,81,2,63,1009,84,62,35,35,0,8,52,0,0,0,0,0,0,0,115,45,100,0,0,1,1,65,0,0,36,2,1,0,1,75,0,15,24,63,76,1,1204,57,0,1,100,16,61,68,63,0,0,0,0,4,25,87,20,24,3,7,2,5,0,18,17,58,5,6,6,75,0,74,49,1023,35,1,-19,0,0,29
45,0,0,0,0,23,Jordan,Stout,435,86,0,68,74,88,0,9,1082,25,1082,84,25,0,0,76,0,4,4,27,0,0,66,2,25,1015,89,27,17,14,0,8,9,0,2,0,0,0,0,0,164,45,100,0,0,3,3,65,0,0,11,2,4,68,1,75,0,4,34,72,63,1,1357,34,0,1,100,94,45,73,56,0,0,0,0,1,25,75,48,22,22,8,14,15,0,20,20,47,4,7,6,435,0,75,54,1023,10,1,-19,0,0,363
45,0,0,0,0,24,Cade,York,0,80,0,0,73,80,0,7,1085,1009,1085,77,22,0,0,74,0,4,4,24,0,0,60,2,19,1015,90,25,16,15,0,8,16,0,2,0,0,0,0,0,106,45,100,0,0,0,3,65,0,0,3,2,0,72,1,75,0,4,26,71,60,1,1288,30,0,1,100,97,58,72,55,0,0,0,0,1,24,72,24,36,29,8,20,22,0,19,19,18,5,11,12,0,0,73,46,1023,10,1,-19,0,0,130
45,0,0,4,4,23,Cameron,Dicker,87,85,0,0,76,83,0,7,1086,8,1086,76,23,0,0,70,0,4,4,28,0,0,63,2,63,1009,91,34,20,20,0,7,10,0,2,0,0,0,0,0,214,45,100,0,0,1,3,65,0,0,11,2,1,0,1,75,0,15,41,73,62,1,4934,29,0,1,100,94,51,74,59,0,0,0,0,0,26,69,2,40,21,11,6,22,0,19,19,22,1,6,12,87,0,73,60,1023,10,1,-19,0,0,48
45,2,2,0,0,31,Jake,Camarda,434,84,0,68,80,89,0,7,1090,6,1090,86,24,0,0,65,0,4,4,29,0,0,70,2,28,1015,90,30,16,24,0,8,14,0,0,0,0,0,0,0,70,45,100,0,0,3,3,65,0,0,5,2,4,68,1,75,0,4,30,76,67,1,1448,35,0,1,100,94,45,77,62,0,0,0,0,1,23,85,49,22,27,12,15,13,0,20,20,41,4,9,8,434,0,73,33,1023,10,1,-19,0,0,483
45,0,0,0,0,13,Gabe,Brkic,0,73,0,0,76,69,0,7,1091,1009,1091,73,23,0,0,42,0,4,4,25,0,0,64,2,63,1009,69,35,29,12,0,7,22,0,0,0,0,0,0,0,157,45,100,0,0,0,3,65,0,0,45,2,0,0,1,75,0,15,20,81,68,1,4890,22,0,1,100,70,65,68,60,0,0,0,0,3,22,80,13,45,56,10,23,11,0,19,19,38,5,12,10,0,0,74,37,1023,0,1,-19,0,0,162
45,7,7,2,2,14,Cal,Adomitis,87,75,0,0,11,82,0,7,1092,2,1092,73,25,0,0,74,0,4,4,64,0,0,66,2,63,1009,90,52,52,50,0,8,33,0,1,0,0,0,0,0,166,45,100,0,0,1,3,65,0,0,48,2,1,0,1,75,0,15,27,39,73,1,3592,65,0,1,100,12,69,36,48,0,0,0,0,2,28,52,73,11,19,8,94,9,0,7,7,89,2,33,11,87,0,74,75,1023,10,1,-19,0,0,284
45,2,2,3,3,30,Trenton,Gill,373,86,0,8,72,68,0,7,1094,1,1094,73,24,0,0,65,0,4,4,34,0,0,60,2,34,1015,88,28,10,16,0,7,34,0,1,0,0,0,0,0,138,45,100,0,0,3,1,65,0,0,16,2,4,8,1,75,0,7,39,70,68,1,3390,36,0,1,100,93,49,72,54,0,0,0,0,4,26,70,46,23,25,8,19,11,0,20,20,46,5,5,8,373,0,76,59,1023,10,1,-19,0,0,432
45,6,6,6,6,12,Myjai,Sanders,504,77,0,84,15,89,0,7,1096,33,1096,83,25,0,0,87,0,4,4,34,0,0,74,2,36,1015,91,75,45,45,0,8,26,0,0,0,0,0,0,0,36,45,100,0,0,3,3,65,0,0,41,2,4,84,1,75,0,3,19,71,80,1,1049,32,0,1,100,19,73,78,72,0,0,0,0,5,30,62,52,57,55,12,34,49,0,10,10,71,7,43,25,504,0,77,95,1023,10,1,-19,0,0,253
3,4,4,4,4,6,Brandon,Graham,1802,82,0,652,12,79,0,4,1097,13,1097,75,35,0,0,79,2,4,4,26,0,0,77,2,13,1015,87,82,45,45,0,8,26,0,0,0,0,0,0,0,117,40,41,0,0,2,3,37,0,1,55,0,2,652,3,0,0,1,12,80,77,13,553,22,0,1,100,14,87,84,85,6,6,6,6,7,34,42,39,44,58,7,24,32,0,10,15,50,8,31,25,1802,1,74,105,999,10,13,-19,0,0,18
45,4,4,3,3,6,Eric,Johnson,398,73,0,32,14,80,0,7,1100,10,1100,77,25,0,0,82,0,4,4,32,0,0,65,2,16,1015,92,76,45,45,0,3,15,0,0,0,0,0,0,0,310,45,100,0,0,3,3,65,0,0,93,2,4,32,1,75,0,5,23,64,69,1,1882,30,0,1,100,17,79,70,67,0,0,0,0,58,52,17,82,43,33,93,17,10,0,12,12,3,2,84,61,398,0,76,139,1023,10,1,-19,0,0,27
45,4,4,7,7,26,Montrell,Washington,0,79,0,0,13,90,0,7,1101,1009,1101,91,24,0,0,78,0,4,4,78,0,0,88,2,19,1015,86,26,24,40,0,0,71,0,0,0,0,0,0,0,184,45,100,0,0,0,3,65,0,0,12,2,0,32,1,75,0,5,37,68,85,1,2477,73,0,1,100,19,54,62,56,0,0,0,0,29,6,70,1,38,2,15,22,32,0,3,3,66,1,2,9,0,0,70,10,1023,80,1,-19,0,0,119
45,7,7,4,4,6,DaRon,Bland,397,90,0,32,19,92,0,4,1102,11,1102,90,24,0,0,86,0,4,4,74,0,0,83,2,24,1015,91,56,35,35,0,0,48,0,0,0,0,0,0,0,66,30,100,0,0,3,0,65,0,0,26,2,4,32,1,75,0,5,22,75,85,1,2499,58,0,1,100,18,60,80,77,0,0,0,0,9,40,83,28,43,38,8,16,4,0,16,16,41,1,13,29,397,0,72,37,1023,40,1,-19,0,0,69
45,6,6,6,6,6,Samuel,Womack III,394,89,0,28,12,93,0,4,1103,15,1103,92,24,0,0,67,0,4,4,66,0,0,88,2,29,1015,88,55,25,25,0,0,44,0,0,0,0,0,0,0,218,45,100,0,0,3,1,65,0,0,0,2,4,28,1,75,0,5,17,70,86,1,2577,52,0,1,100,13,46,75,69,0,0,0,0,1,10,107,31,44,5,79,8,18,0,16,16,61,0,28,26,394,0,70,29,1023,50,1,-19,0,0,277
45,7,7,7,7,6,Kyron,Johnson,0,73,0,0,14,93,0,7,1105,1009,1105,92,25,0,0,78,0,4,4,32,0,0,84,2,2,1015,90,76,45,45,0,7,38,0,0,0,0,0,0,0,95,45,100,0,0,0,3,65,0,0,58,2,0,20,1,75,0,6,24,68,93,1,2668,35,0,1,100,15,66,69,60,0,0,0,0,36,8,30,18,20,62,108,18,19,0,13,13,55,11,18,20,0,0,72,75,1023,10,1,-19,0,0,279
45,2,2,6,6,6,Christian,Benford,385,88,0,20,12,92,0,4,1106,3,1106,88,23,0,0,84,0,4,4,72,0,0,80,2,6,1015,90,58,35,35,0,0,52,0,0,0,0,0,0,0,239,45,100,0,0,3,3,65,0,0,47,2,4,20,1,75,0,6,30,69,84,1,2719,61,0,1,100,18,63,75,68,0,0,0,0,7,5,104,31,44,9,38,23,1,0,16,16,20,2,22,3,385,0,73,45,1023,45,1,-19,0,0,236
45,2,2,5,5,10,Andrew,Ogletree,383,80,0,16,14,86,0,2,1109,10,1109,82,25,0,0,78,0,4,4,73,0,0,77,2,13,1015,86,26,56,56,0,7,61,0,0,0,0,0,0,0,313,45,100,0,0,3,1,65,0,0,85,2,4,16,1,75,0,6,25,62,84,1,2855,74,0,1,100,19,74,64,63,0,0,0,0,61,15,18,53,20,23,68,25,18,0,4,4,76,38,33,17,383,0,77,101,1023,10,1,-19,0,0,285
45,5,5,6,6,6,Devin,Harper,383,77,0,16,15,91,0,7,1112,11,1112,89,25,0,0,75,0,4,4,58,0,0,87,2,14,1015,90,80,45,45,0,7,59,0,0,0,0,0,0,0,158,45,100,0,0,3,3,65,0,0,50,2,4,16,1,75,0,6,15,64,94,1,2866,56,0,1,100,15,70,63,57,0,0,0,0,28,40,3,55,58,51,88,14,5,0,14,13,108,16,6,19,383,0,72,74,1023,10,1,-19,0,0,479
45,3,3,2,2,6,Gregory,Junior,157,87,0,0,11,87,0,10,1113,17,1113,91,24,0,0,78,0,4,4,57,0,0,84,2,18,1015,91,59,35,35,0,0,46,0,0,0,0,0,0,0,370,45,100,0,0,1,3,65,0,0,34,2,2,0,1,75,0,6,25,65,93,1,2917,55,0,1,100,11,64,68,61,0,0,0,0,17,1,51,27,1,23,74,21,20,0,16,16,41,0,24,6,157,0,72,30,1023,40,1,-19,0,0,15
45,2,2,3,3,6,Sam,Roberts,383,72,0,16,12,74,0,4,1114,22,1114,68,25,0,0,85,0,4,4,24,0,0,57,2,21,1015,90,76,48,51,0,10,16,0,0,0,0,0,0,0,317,40,100,0,0,3,3,65,0,0,96,2,4,16,1,75,0,6,14,63,74,1,2936,25,0,1,100,13,85,66,68,0,0,0,0,23,26,36,33,41,62,13,17,17,0,11,10,8,12,73,47,383,0,77,135,1023,10,1,-19,0,0,92
45,4,4,5,5,6,Theo,Jackson,157,87,0,0,15,92,0,4,1115,31,1115,90,25,0,0,83,0,4,4,62,0,0,76,2,25,1009,90,69,35,35,0,0,45,0,0,0,0,0,0,0,211,45,100,0,0,1,1,65,0,0,25,2,2,0,1,75,0,6,25,65,88,1,2974,55,0,1,100,15,58,71,64,0,0,0,0,37,11,11,23,35,12,57,19,12,0,18,17,22,3,35,23,157,0,73,38,1023,40,1,-19,0,0,60
45,4,4,4,4,9,Matt,Henningsen,382,75,0,16,18,77,0,7,1116,4,1116,73,24,0,0,87,0,4,4,33,0,0,77,2,27,1015,87,79,46,48,0,3,26,0,0,0,0,0,0,0,258,45,100,0,0,3,2,65,0,0,91,2,4,16,1,75,0,6,23,66,89,1,2991,40,0,1,100,18,82,74,69,0,0,0,0,15,14,26,60,40,3,95,28,17,0,12,12,84,39,89,41,382,0,75,131,1023,10,1,-19,0,0,130
45,6,6,2,2,6,Doug,Kramer,381,84,0,16,18,80,0,7,1117,33,1117,74,25,0,0,76,0,4,4,28,0,0,57,2,28,1015,88,35,68,65,0,3,18,0,1,0,0,0,0,0,84,45,100,0,0,3,3,65,0,0,68,2,4,16,1,75,0,6,21,62,73,1,3000,35,0,1,100,23,81,61,74,0,0,0,0,39,43,77,31,13,79,85,44,2,0,7,7,59,48,62,45,381,0,74,139,1023,10,1,-19,0,0,50
45,2,2,5,5,10,John,FitzPatrick,379,82,0,12,31,83,0,7,1118,14,1118,80,23,0,0,89,0,4,4,73,0,0,67,2,34,1015,86,41,62,65,0,7,50,0,2,0,0,0,0,0,70,45,100,0,0,3,1,65,0,0,87,2,4,12,1,75,0,6,23,64,83,1,3079,76,0,1,100,36,79,69,73,0,0,0,0,26,34,52,18,18,18,13,7,7,0,4,4,75,22,39,18,379,0,79,102,1023,10,1,-19,0,0,83
45,3,3,5,5,6,Ja'Sir,Taylor,379,88,0,12,18,93,0,10,1119,8,1119,90,24,0,0,74,0,4,4,61,0,0,89,2,35,1015,90,47,35,35,0,0,59,0,0,0,0,0,0,0,249,45,100,0,0,3,2,65,0,0,36,2,4,12,1,75,0,6,28,66,88,1,3092,60,0,1,100,19,53,72,65,0,0,0,0,11,28,69,10,42,8,38,14,0,0,16,16,38,7,29,17,379,0,70,25,1023,70,1,-19,0,0,401
45,4,4,5,5,6,Curtis,Brooks,166,73,0,0,13,76,0,1,1120,33,1120,76,25,0,0,89,0,4,4,34,0,0,71,2,37,1015,92,74,45,45,0,3,23,0,0,0,0,0,0,0,36,45,100,0,0,2,0,65,0,0,68,2,2,0,1,75,0,6,21,63,85,1,3114,31,0,1,100,11,85,69,66,0,0,0,0,24,53,42,9,58,40,46,8,10,0,11,12,30,2,32,34,166,0,74,127,1023,11,1,-19,0,0,357
45,5,5,6,6,17,James,Houston IV,167,76,0,0,15,91,0,10,1121,19,1121,84,25,0,0,82,0,4,4,32,0,0,70,2,38,1009,91,77,45,45,0,7,29,0,0,0,0,0,0,0,92,45,100,0,0,1,0,65,0,0,41,2,2,0,1,75,0,6,21,71,92,1,3120,35,0,1,100,17,72,74,72,0,0,0,0,19,21,68,13,12,26,108,20,28,0,13,13,103,14,10,0,167,0,72,84,1023,10,1,-19,0,0,479
45,4,4,3,3,15,Ko,Kieft,379,82,0,12,12,70,0,9,1122,6,1122,73,25,0,0,93,0,4,4,74,0,0,79,2,39,1015,91,34,63,65,0,7,52,0,3,0,0,0,0,0,120,45,100,0,0,3,0,65,0,0,41,2,4,12,1,75,0,6,24,65,76,1,3125,72,0,1,100,15,75,64,66,0,0,0,0,65,7,63,8,29,5,15,0,18,0,4,4,69,18,20,27,379,0,77,105,1023,10,1,-19,0,0,125
45,5,5,6,6,6,Cameron,Goode,0,78,0,0,15,92,0,7,1123,1009,1123,85,25,0,0,65,0,4,4,50,0,0,84,2,3,1015,90,73,45,45,0,7,32,0,0,0,0,0,0,0,28,45,100,0,0,0,1,65,0,0,53,2,0,0,1,75,0,7,25,63,92,1,3176,45,0,1,100,16,67,70,63,0,0,0,0,39,41,80,28,40,4,41,42,5,0,15,13,67,6,44,14,0,0,75,72,1023,10,1,-19,0,0,73
45,2,2,2,2,6,Jason,Peters,0,86,0,0,6,56,0,1,1124,33,1124,65,41,0,0,91,2,4,4,58,0,0,58,2,63,1009,83,48,77,78,0,8,9,0,0,0,7,7,7,7,10,25,42,0,0,0,3,0,0,1,71,0,0,0,3,0,0,15,10,74,72,19,115,40,0,1,100,13,92,71,80,6,6,6,6,7,36,31,16,11,33,12,22,21,0,5,5,20,28,41,27,0,0,76,168,999,10,1,-31,0,0,196
45,6,6,5,5,6,Mark,Robinson,377,83,0,12,13,89,0,7,1126,29,1126,83,24,0,0,79,0,4,4,62,0,0,72,2,4,1015,90,81,45,45,0,7,67,0,0,0,0,0,0,0,159,45,100,0,0,3,0,65,0,0,93,2,4,12,1,75,0,7,14,63,81,1,3186,68,0,1,100,12,81,62,57,0,0,0,0,9,34,39,29,59,1,35,8,40,0,14,14,55,18,18,2,377,0,71,75,1023,35,1,-19,0,0,9
45,5,5,4,4,20,Nick,Muse,87,83,0,0,19,85,0,7,1127,31,1127,82,25,0,0,84,0,4,4,76,0,0,81,2,6,1015,90,38,58,60,0,7,59,0,0,0,0,0,0,0,176,45,100,0,0,1,2,65,0,0,34,2,1,0,1,75,0,7,30,63,75,1,3190,74,0,1,100,21,80,67,64,0,0,0,0,34,39,56,11,18,25,20,39,18,0,4,4,39,21,0,18,87,0,77,98,1023,15,1,-19,0,0,325
45,7,7,6,6,15,Tariq,Carpenter,0,86,0,0,24,92,0,7,1128,1009,1128,88,25,0,0,90,0,4,4,63,0,0,74,2,7,1015,90,69,35,35,0,7,54,0,0,0,0,0,0,0,71,45,100,0,0,0,0,65,0,0,24,2,0,12,1,75,0,7,24,64,92,1,3194,59,0,1,100,27,67,61,66,0,0,0,0,29,11,62,33,28,8,69,48,12,0,14,13,66,3,67,45,0,0,75,70,1023,30,1,-19,0,0,416
45,4,4,4,4,6,Faion,Hicks,75,86,0,0,18,94,0,4,1129,33,1129,89,25,0,0,73,0,4,4,59,0,0,87,2,11,1015,88,44,25,25,0,0,52,0,0,0,0,0,0,0,258,45,100,0,0,1,2,65,0,0,29,2,1,0,1,75,0,7,24,64,89,1,3232,51,0,1,100,19,53,67,57,0,0,0,0,18,33,76,33,7,7,36,23,8,0,16,16,62,1,2,21,75,0,70,29,1023,35,1,-19,0,0,457
45,4,4,7,7,10,Dareke,Young,376,80,0,12,17,93,0,0,1130,28,1130,91,24,0,0,75,0,4,4,77,0,0,86,2,12,1015,85,30,30,43,0,0,76,0,0,0,0,0,0,0,265,45,100,0,0,3,2,65,0,0,83,2,4,12,1,75,0,7,23,65,88,1,3233,78,0,1,100,21,71,64,59,0,0,0,0,0,11,80,52,27,1,19,17,22,0,3,3,69,2,19,22,376,0,74,64,1023,63,1,-19,0,0,519
45,6,6,6,6,6,Daniel,Hardy,0,74,0,0,15,90,0,1,1132,1009,1132,83,25,0,0,78,0,4,4,33,0,0,89,2,14,1015,90,81,45,45,0,7,29,0,0,0,0,0,0,0,125,28,100,0,0,0,0,65,0,0,92,2,0,8,1,75,0,7,23,64,93,1,3259,38,0,1,100,17,71,73,61,0,0,0,0,36,32,74,49,3,33,94,47,9,0,15,13,29,17,19,46,0,0,74,80,1023,10,1,-19,0,0,367
45,4,4,4,4,10,Deane,Leonard,375,87,0,8,15,94,0,4,1133,8,1133,93,24,0,0,79,0,4,4,57,0,0,82,2,15,1015,90,62,35,35,0,0,48,0,0,0,0,0,0,0,159,45,100,0,0,3,0,65,0,0,33,2,4,8,1,75,0,7,23,65,80,1,3263,55,0,1,100,11,60,68,55,0,0,0,0,11,44,100,28,1,20,35,28,1,0,16,16,12,4,11,16,375,0,72,35,1023,35,1,-19,0,0,388
45,6,6,7,7,15,Rodney,Thomas II,375,88,0,8,14,92,0,7,1134,10,1134,89,25,0,0,78,0,4,4,71,0,0,83,2,18,1015,91,68,35,35,0,0,47,0,0,0,0,0,0,0,261,45,100,0,0,3,0,65,0,0,25,2,4,8,1,75,0,7,24,70,94,1,3279,57,0,1,100,13,61,79,69,0,0,0,0,10,47,101,24,38,18,23,8,19,0,17,18,13,5,43,14,375,0,73,36,1023,37,1,-19,0,0,385
45,7,7,4,4,11,Christian,Holmes,375,87,0,8,12,93,0,4,1135,26,1135,88,26,0,0,85,0,4,4,60,0,0,79,2,19,1015,90,59,23,27,0,0,50,0,0,0,0,0,0,0,158,45,100,0,0,3,2,65,0,0,34,2,4,8,1,75,0,7,21,65,92,1,3281,56,0,1,100,15,62,71,65,0,0,0,0,16,25,39,16,10,24,71,19,20,0,16,16,18,8,24,17,375,0,73,45,1023,35,1,-19,0,0,455
45,2,2,0,0,75,Chris,Oladokun,0,79,0,0,23,84,0,7,1136,1009,1136,83,26,0,0,87,0,4,4,41,0,0,82,2,20,1015,90,28,12,21,0,0,52,0,0,0,0,0,0,0,177,45,100,0,0,0,2,65,0,0,13,2,0,0,1,75,0,7,87,58,79,1,3285,61,0,1,100,23,60,61,46,0,0,0,0,4,6,62,40,2,6,52,8,12,0,0,0,48,7,32,10,0,0,73,35,1023,22,1,-19,0,0,480
45,3,3,3,3,6,Christian,Matthew,374,87,0,8,13,88,0,4,1137,7,1137,89,27,0,0,78,0,4,4,62,0,0,80,2,23,1015,90,57,35,35,0,0,47,0,0,0,0,0,0,0,236,45,100,0,0,3,2,65,0,0,35,2,4,8,1,75,0,7,21,70,94,1,3299,54,0,1,100,14,57,73,73,0,0,0,0,12,48,99,37,22,48,46,2,10,0,16,16,29,6,23,20,374,0,74,35,1023,35,1,-19,0,0,461
45,7,7,6,6,6,Andre,Anthony,0,76,0,0,12,82,0,7,1138,33,1138,83,27,0,0,87,0,4,4,32,0,0,74,2,27,1015,86,75,45,45,0,10,32,0,0,0,0,0,0,0,106,45,100,0,0,0,3,65,0,0,46,2,0,0,1,75,0,7,21,62,76,1,3319,35,0,1,100,15,73,70,62,0,0,0,0,15,46,90,75,56,42,77,29,24,0,10,10,54,33,8,64,0,0,75,84,1023,10,1,-19,0,0,357
45,6,6,7,7,15,Brittain,Brown,374,81,0,8,17,85,0,7,1140,33,1140,83,27,0,0,81,0,4,4,65,0,0,78,2,29,1015,87,37,41,36,0,9,75,0,0,0,0,0,0,0,226,45,100,0,0,3,3,65,0,0,38,2,4,8,1,75,0,7,25,59,83,1,3334,86,0,1,100,16,73,73,65,0,0,0,0,2,18,34,3,32,43,13,4,28,0,1,1,14,9,46,25,374,0,73,45,1023,43,1,-19,0,0,435
45,7,7,7,7,10,Russ,Yeast,373,89,0,8,12,90,0,7,1141,24,1141,86,24,0,0,83,0,4,4,67,0,0,89,2,32,1015,92,65,30,30,0,0,57,0,0,0,0,0,0,0,96,45,100,0,0,3,2,65,0,0,2,2,4,8,1,75,0,7,25,67,89,1,3364,59,0,1,100,15,62,75,68,0,0,0,0,32,23,40,31,16,7,46,27,20,0,17,17,35,8,29,24,373,0,70,35,1023,35,1,-19,0,0,401
45,4,4,7,7,6,Elijah,Hicks,373,88,0,8,24,90,0,10,1142,1,1142,88,24,0,0,85,0,4,4,69,0,0,77,2,33,1015,91,69,35,35,0,0,52,0,0,0,0,0,0,0,28,45,100,0,0,3,2,65,0,0,37,2,4,8,1,75,0,7,30,65,84,1,3386,60,0,1,100,22,58,73,66,0,0,0,0,14,36,15,23,48,43,28,25,24,0,17,17,37,3,5,18,373,0,71,40,1023,35,1,-19,0,0,344
45,4,4,4,4,29,DeSean,Jackson,0,84,0,0,30,93,1,4,1143,33,1143,94,37,0,0,71,2,4,4,80,0,0,90,2,18,1009,77,22,30,48,0,7,73,0,0,0,2,2,0,0,28,36,59,0,0,0,3,39,1,1,15,2,0,0,3,98,0,2,38,75,83,15,1525,70,0,1,100,30,47,70,70,3,3,0,0,4,14,90,11,14,32,12,4,13,1,3,3,34,1,8,4,0,0,70,15,999,85,1,-19,0,0,393
45,4,4,7,7,10,Samori,Toure,373,83,0,8,17,87,0,7,1144,20,1144,90,25,0,0,81,0,4,4,78,0,0,90,2,37,1015,91,32,23,48,0,0,63,0,0,0,0,0,0,0,142,45,100,0,0,3,1,65,0,0,83,2,4,8,1,75,0,7,23,67,83,1,3429,65,0,1,100,18,53,64,64,0,0,0,0,30,17,65,46,55,36,59,11,2,0,3,3,74,9,5,22,373,0,73,31,1023,45,1,-19,0,0,356
45,3,3,2,2,10,Nazeeh,Johnson,157,87,0,0,14,94,0,7,1145,33,1145,93,25,0,0,86,0,4,4,66,0,0,84,2,38,1015,88,55,30,35,0,0,63,0,0,0,0,0,0,0,110,45,100,0,0,1,2,65,0,0,13,2,2,0,1,75,0,7,25,65,95,1,3431,61,0,1,100,15,56,67,63,0,0,0,0,21,17,91,46,23,29,66,23,20,0,18,17,58,4,31,17,157,0,70,39,1023,35,1,-19,0,0,355
45,6,6,5,5,20,Zander,Horvath,0,81,0,0,16,91,0,7,1146,1009,1146,85,25,0,0,85,0,4,4,70,0,0,86,2,39,1015,87,40,61,57,0,7,61,0,0,0,0,0,0,0,169,45,100,0,0,0,3,65,0,0,40,2,0,8,1,75,0,7,31,67,85,1,3437,68,0,1,100,20,79,64,61,0,0,0,0,11,22,25,23,29,37,41,0,47,0,2,2,8,4,0,28,0,0,75,70,1023,35,1,-19,0,0,125
45,3,3,7,7,6,A.J.,Arcuri,0,81,0,0,12,61,0,7,1148,1009,1148,56,26,0,0,85,0,4,4,22,0,0,58,2,40,1015,91,27,63,70,0,3,13,0,2,0,0,0,0,0,118,45,100,0,0,0,2,65,0,0,61,2,0,0,1,75,0,7,12,61,81,1,3444,30,0,1,100,10,87,55,66,0,0,0,0,48,19,51,44,52,42,109,41,29,0,5,5,60,65,37,7,0,0,79,160,1023,10,1,-19,0,0,164
45,0,0,3,3,30,Caleb,Shudak,0,85,0,0,72,75,0,7,1149,1009,1149,73,26,0,0,71,0,4,4,32,0,0,60,2,63,1009,86,21,10,12,0,8,12,0,2,0,0,0,0,0,89,45,100,0,0,0,3,65,0,0,6,2,0,0,1,75,0,15,37,65,64,1,4230,27,0,1,100,89,27,67,49,0,0,0,0,7,0,59,4,11,47,44,21,6,0,19,19,3,26,44,8,0,0,67,17,1023,5,1,-19,0,0,485
45,7,7,7,7,28,KaVontae,Turpin,256,83,0,0,12,94,0,10,1152,11,1152,95,27,0,0,76,0,4,4,74,0,0,93,2,63,1009,84,12,22,33,0,0,81,0,0,0,0,0,0,0,207,45,100,0,0,2,0,65,0,0,9,2,3,0,1,75,0,15,41,69,89,1,596,67,0,1,100,15,48,62,54,0,0,0,0,35,30,43,54,21,39,4,7,0,0,3,3,48,5,40,22,256,0,69,0,1023,92,1,-19,0,0,16
45,2,2,3,3,20,Dennis,Houston,0,84,0,0,14,92,0,4,1153,1009,1153,89,24,0,0,86,0,4,4,80,0,0,80,2,63,1009,90,31,42,51,0,0,70,0,0,0,0,0,0,0,244,45,100,0,0,0,0,65,0,0,88,2,0,0,1,75,0,15,35,66,92,1,595,75,0,1,100,15,66,66,64,0,0,0,0,32,40,66,19,46,32,58,18,13,0,3,3,64,3,35,14,0,0,73,38,1023,69,1,-19,0,0,39
13,0,0,0,0,30,Matt,Bosher,0,85,0,0,82,82,0,7,1154,1009,1154,76,36,0,0,84,2,4,4,35,0,0,67,0,27,1015,92,39,25,19,0,8,22,0,2,0,0,0,0,0,115,45,78,0,0,0,3,31,0,0,5,0,0,0,1,70,0,6,45,80,65,12,920,55,0,1,100,92,58,88,88,0,0,0,0,3,19,73,46,20,34,11,10,17,0,20,20,49,4,11,9,0,0,73,48,999,10,11,-19,0,0,133
45,4,4,3,3,26,Ryan,Stonehouse,257,84,0,0,88,86,0,8,1155,30,1155,85,24,0,0,72,0,4,4,24,0,0,58,2,63,1009,90,22,12,17,0,0,10,0,1,0,0,0,0,0,42,45,100,0,0,2,2,65,0,0,4,2,3,0,1,75,0,15,28,82,51,1,865,24,0,1,100,99,46,83,66,0,0,0,0,16,14,96,44,23,29,39,12,13,0,20,20,40,8,10,1,257,0,70,33,1023,10,1,-19,0,0,125
45,3,3,2,2,30,Jake,Verity,75,87,0,0,74,67,0,7,1157,33,1157,74,26,0,0,76,0,4,4,30,0,0,55,2,63,1009,90,28,20,25,0,0,15,0,2,0,0,0,0,0,54,45,100,0,0,1,3,65,0,0,15,2,1,0,1,75,0,15,40,67,61,1,895,47,0,1,100,92,48,69,49,0,0,0,0,8,10,100,24,35,9,72,17,29,0,19,19,17,25,1,5,75,0,74,44,1023,10,0,-19,0,0,308
45,5,5,2,2,18,Jalen,Virgil,257,80,0,0,16,92,0,4,1158,33,1158,94,25,0,0,82,0,4,4,73,0,0,81,2,63,1009,86,32,38,47,0,0,78,0,0,0,0,0,0,0,7,45,100,0,0,2,1,65,0,0,15,2,3,0,1,75,0,15,24,62,87,1,280,75,0,1,100,19,65,57,46,0,0,0,0,35,17,69,35,3,3,22,11,0,0,3,3,22,3,26,8,257,0,73,50,1023,79,1,-19,0,0,388
45,3,3,2,2,15,DJ,Turner,87,79,0,0,13,95,0,7,1159,33,1159,86,26,0,0,75,0,4,4,73,0,0,86,2,63,1009,85,29,35,32,0,0,73,0,0,0,0,0,0,0,166,45,100,0,0,1,0,65,0,0,19,2,1,0,1,75,0,15,23,64,85,2,762,74,0,1,100,17,63,62,62,0,0,0,0,14,0,105,54,47,53,5,27,30,0,3,3,59,8,26,28,87,0,69,46,1023,76,2,-19,0,0,441
45,2,2,7,7,10,Tony,Adams,257,85,0,0,11,94,0,4,1160,18,1160,90,24,0,0,75,0,4,4,56,0,0,84,2,63,1009,86,57,35,35,0,0,51,0,0,0,0,0,0,0,84,45,100,0,0,2,0,65,0,0,22,2,3,0,1,75,0,15,25,61,95,1,688,59,0,1,100,15,60,64,52,0,0,0,0,26,17,49,7,46,50,39,12,29,0,17,17,11,5,24,11,257,0,72,45,1023,50,1,-19,0,0,277
45,7,7,7,7,6,Tre,Avery,256,82,0,0,11,92,0,7,1161,30,1161,91,26,0,0,73,0,4,4,68,0,0,91,2,63,1009,87,44,35,35,0,0,67,0,0,0,0,0,0,0,175,45,100,0,0,2,1,65,0,0,23,2,3,0,1,75,0,15,24,62,90,1,846,53,0,1,100,13,60,70,54,0,0,0,0,3,40,49,11,2,32,68,7,18,0,16,16,42,7,25,13,256,0,71,21,1023,64,1,-19,0,0,97
45,2,2,3,3,6,Dallis,Flowers,256,87,0,0,15,95,0,4,1162,10,1162,91,26,0,0,68,0,4,4,70,0,0,84,2,63,1009,89,44,22,34,0,0,71,0,0,0,0,0,0,0,165,45,100,0,0,2,2,65,0,0,33,2,3,0,1,75,0,15,27,62,93,1,591,55,0,1,100,11,51,69,52,0,0,0,0,0,6,102,22,2,10,47,0,13,0,16,16,10,2,21,18,256,0,73,36,1023,86,1,-19,0,0,349
45,6,6,5,5,30,Sandro,Platzgummer,0,78,0,0,24,72,0,7,1163,33,1163,84,26,0,0,72,0,4,4,63,0,0,75,2,63,1009,48,14,32,42,0,9,59,0,0,0,0,0,0,0,314,45,100,0,0,0,3,65,0,0,34,2,0,0,1,75,0,15,21,80,73,3,664,65,0,1,100,26,56,55,50,0,0,0,0,0,27,23,11,25,26,106,3,39,0,1,1,10,20,38,16,0,0,72,38,1023,30,1,-19,0,0,252
45,7,7,6,6,6,Troy,Hairston,256,75,0,0,14,78,0,7,1164,33,1164,80,25,0,0,88,0,4,4,59,0,0,84,2,63,1009,89,72,55,63,0,7,62,0,0,0,0,0,0,0,33,45,100,0,0,2,3,65,0,0,34,2,3,0,1,75,0,15,25,62,79,1,809,66,0,1,100,20,80,59,51,0,0,0,0,16,31,43,59,10,26,53,12,24,0,2,2,79,13,49,2,256,0,71,85,1023,35,1,-19,0,0,457
45,7,7,3,3,6,Jaylon,Jones,256,85,0,0,12,93,0,7,1165,1,1165,92,26,0,0,78,0,4,4,57,0,0,91,2,63,1009,79,65,35,35,0,0,45,0,0,0,0,0,0,0,159,45,100,0,0,2,2,65,0,0,31,2,3,0,1,75,0,15,26,68,85,1,203,60,0,1,100,15,63,71,60,0,0,0,0,15,7,57,34,32,36,71,16,20,0,16,16,24,4,23,5,256,0,71,30,1023,30,1,-19,0,0,425
45,3,3,3,3,10,Joey,Blount,257,82,0,0,14,94,0,7,1167,33,1167,92,25,0,0,88,0,4,4,58,0,0,87,2,63,1009,86,60,29,33,0,0,74,0,0,0,0,0,0,0,240,45,100,0,0,2,0,65,0,0,35,2,3,0,1,75,0,15,26,62,90,1,806,61,0,1,100,15,65,68,59,0,0,0,0,34,43,92,46,48,42,14,1,31,0,18,17,20,8,25,2,257,0,73,41,1023,40,1,-19,0,0,264
45,5,5,5,5,20,Julius,Chestnut,157,80,0,0,17,91,0,4,1168,30,1168,88,23,0,0,85,0,4,4,68,0,0,83,2,63,1009,85,35,54,45,0,7,80,0,0,0,0,0,0,0,182,45,100,0,0,1,2,65,0,0,36,2,2,0,1,75,0,15,25,66,82,1,842,83,0,1,100,21,76,78,63,0,0,0,0,27,41,28,48,27,24,43,2,13,0,1,1,9,32,18,37,157,0,71,68,1023,60,1,-19,0,0,255
45,7,7,6,6,6,D'Anthony,Bell,256,82,0,0,12,89,0,7,1169,5,1169,89,27,0,0,87,0,4,4,57,0,0,83,2,63,1009,91,64,35,35,0,0,63,0,0,0,0,0,0,0,314,45,100,0,0,2,3,65,0,0,37,2,3,0,1,75,0,15,27,60,86,1,340,59,0,1,100,14,66,63,52,0,0,0,0,27,12,93,12,23,27,79,28,41,0,17,18,60,3,8,20,256,0,73,51,1023,60,1,-19,0,0,270
45,6,6,3,3,6,Dee,Alford,257,85,0,0,15,90,0,4,1170,14,1170,87,26,0,0,78,0,4,4,71,0,0,86,2,63,1009,88,50,13,18,0,0,67,0,0,0,0,0,0,0,291,45,100,0,0,2,2,65,0,0,20,2,3,0,1,75,0,15,22,66,85,1,656,60,0,1,100,14,49,72,66,0,0,0,0,6,38,61,27,38,22,1,12,25,0,16,16,9,7,27,10,257,0,71,15,1023,77,1,-19,0,0,244
45,2,2,5,5,6,Kader,Kohou,259,90,0,3,30,93,0,4,1171,12,1171,91,25,0,0,85,0,4,4,70,0,0,80,2,63,1009,90,52,35,35,0,0,56,0,0,0,0,0,0,0,215,30,100,0,0,2,3,65,0,0,4,2,3,3,1,75,0,15,25,76,91,1,600,53,0,1,100,34,63,78,74,0,0,0,0,1,35,54,11,25,20,15,0,4,0,16,16,41,8,9,25,259,0,70,35,1023,45,1,-19,0,0,303
45,3,3,6,6,13,Isaiah,Pola-Mao,157,82,0,0,23,91,0,7,1172,23,1172,89,24,0,0,66,0,4,4,68,0,0,88,2,63,1009,87,60,35,35,0,0,45,0,0,0,0,0,0,0,231,45,100,0,0,1,1,65,0,0,20,2,2,0,1,75,0,15,27,60,76,1,767,62,0,1,100,25,57,64,51,0,0,0,0,38,6,46,27,14,45,76,14,31,0,17,18,54,2,3,2,157,0,76,51,1023,35,1,-19,0,0,282
45,6,6,7,7,16,Brenden,Schooler,257,83,0,3,24,91,0,7,1173,22,1173,92,26,0,0,87,0,4,4,71,0,0,91,2,63,1009,88,61,33,35,0,0,56,0,4,0,0,0,0,0,214,45,100,0,0,2,1,65,0,0,41,2,3,3,1,75,0,15,27,62,89,1,746,62,0,1,100,25,64,65,54,0,0,0,0,6,31,32,20,49,34,71,9,6,0,18,18,48,3,49,9,257,0,73,45,1023,52,1,-19,0,0,162
45,5,5,5,5,21,Jordan,Mason,256,77,0,0,11,91,0,10,1174,15,1174,88,24,0,0,88,0,4,4,60,0,0,77,2,63,1009,89,42,40,48,0,7,82,0,0,0,0,0,0,0,71,45,100,0,0,2,1,65,0,0,24,2,3,0,1,75,0,15,36,69,80,1,663,88,0,1,100,12,72,80,71,0,0,0,0,2,54,70,5,48,43,45,29,60,0,1,1,63,22,31,42,256,0,71,63,1023,65,1,-19,0,0,488
45,2,2,2,2,6,Allan,George,0,84,0,0,13,94,0,1,1176,1009,1176,89,24,0,0,75,0,4,4,57,0,0,85,2,63,1009,90,59,35,35,0,0,52,0,0,0,0,0,0,0,238,45,100,0,0,0,0,65,0,0,42,2,0,0,1,75,0,15,30,64,94,1,222,52,0,1,100,14,61,68,57,0,0,0,0,8,19,68,23,33,38,23,18,26,0,16,16,65,8,28,26,0,0,71,31,1023,50,1,-19,0,0,416
45,6,6,5,5,12,Luiji,Vilain,0,74,0,0,21,87,0,1,1177,1009,1177,79,25,0,0,77,0,4,4,36,0,0,78,2,63,1009,88,73,45,45,0,7,32,0,0,0,0,0,0,0,249,45,100,0,0,0,2,65,0,0,43,2,0,3,1,75,0,15,24,59,84,1,820,38,0,1,100,22,74,60,48,0,0,0,0,6,4,87,63,21,19,101,45,21,0,15,13,17,18,22,36,0,0,76,92,1023,10,1,-19,0,0,400
45,7,7,2,2,10,Trevor,Denbow,87,84,0,0,19,92,0,7,1178,10,1178,87,25,0,0,77,0,4,4,60,0,0,83,2,63,1009,91,58,40,35,0,0,53,0,0,0,0,0,0,0,192,45,100,0,0,1,0,65,0,0,43,2,1,0,1,75,0,15,35,62,91,1,877,69,0,1,100,15,62,68,62,0,0,0,0,17,2,101,15,33,22,39,10,28,0,17,18,13,3,49,15,87,0,60,48,1023,30,1,-19,0,0,360
45,5,5,5,5,33,Jake,Tonges,87,77,0,0,22,88,0,7,1179,33,1179,80,24,0,0,75,0,4,4,75,0,0,81,2,63,1009,90,35,55,51,0,7,50,0,2,0,0,0,0,0,28,45,100,0,0,1,1,65,0,0,81,2,1,0,1,75,0,15,36,59,85,1,91,75,0,1,100,20,69,56,56,0,0,0,0,17,18,48,0,32,35,52,28,22,0,4,4,25,16,45,40,87,0,76,80,1023,40,1,-19,0,0,129
45,4,4,7,7,15,Reed,Blankenship,256,88,0,0,23,93,0,7,1180,13,1180,87,24,0,0,79,0,4,4,70,0,0,81,2,63,1009,88,70,34,35,0,0,58,0,2,0,0,0,0,0,119,45,100,0,0,2,2,65,0,0,32,2,3,0,1,75,0,15,25,73,81,1,607,65,0,1,100,28,61,79,74,0,0,0,0,27,20,109,0,19,20,10,8,42,0,17,18,59,3,11,0,256,0,73,43,1023,65,1,-19,0,0,286
45,6,6,7,7,6,De'Shaan,Dixon,0,81,0,0,13,87,0,7,1181,1009,1181,82,25,0,0,84,0,4,4,33,0,0,76,2,63,1009,89,77,45,45,0,7,30,0,0,0,0,0,0,0,147,45,100,0,0,0,1,65,0,0,47,2,0,0,1,75,0,15,15,58,82,1,679,44,0,1,100,15,69,62,49,0,0,0,0,35,6,14,7,26,48,42,18,22,0,15,15,44,19,3,45,0,0,77,100,1023,10,1,-19,0,0,368
45,5,5,4,4,18,Liam,McCullough,87,72,0,0,17,79,0,7,1182,14,1182,76,26,0,0,74,0,4,4,55,0,0,63,2,63,1009,90,55,55,45,0,3,27,0,0,0,0,0,0,0,156,45,100,0,0,1,3,65,0,0,49,2,1,0,1,75,0,15,39,32,72,1,637,66,0,1,100,19,64,35,54,0,0,0,0,61,46,47,22,17,69,80,52,21,0,7,7,91,44,54,40,87,0,74,77,1023,10,1,-19,0,0,107
45,6,6,2,2,10,Tanner,Conner,0,75,0,0,17,89,0,7,1183,1009,1183,89,25,0,0,70,0,4,4,73,0,0,79,2,63,1009,87,36,48,49,0,7,65,0,0,0,0,0,0,0,83,45,100,0,0,0,2,65,0,0,80,2,0,0,1,75,0,15,26,54,91,1,597,68,0,1,100,19,67,54,47,0,0,0,0,25,26,60,20,28,39,86,27,32,0,4,4,23,4,18,24,0,0,75,72,1023,45,1,-19,0,0,130
45,6,6,5,5,6,Tomon,Fox,0,74,0,0,16,85,0,7,1184,1009,1184,81,25,0,0,76,0,4,4,36,0,0,77,2,63,1009,90,73,45,45,0,7,23,0,0,0,0,0,0,0,135,45,100,0,0,0,3,65,0,0,49,2,0,0,1,75,0,15,28,62,79,1,676,40,0,1,100,15,77,62,51,0,0,0,0,33,49,24,3,35,20,13,31,34,0,13,13,43,5,38,13,0,0,75,100,1023,20,1,-19,0,0,100
45,6,6,7,7,6,Olakunle,Fatukasi,87,80,0,0,19,87,0,7,1185,33,1185,79,24,0,0,76,0,4,4,47,0,0,87,2,63,1009,90,75,35,40,0,3,34,0,0,0,0,0,0,0,175,45,100,0,0,1,3,65,0,0,0,2,1,0,1,75,0,15,15,57,90,1,558,53,0,1,100,21,69,56,53,0,0,0,0,34,13,85,60,39,19,101,34,28,0,14,14,43,8,6,16,87,0,74,80,1023,10,0,-19,0,0,148
45,6,6,6,6,40,Nate,Landman,87,83,0,0,13,84,0,7,1186,14,1186,77,25,0,0,92,0,4,4,49,0,0,78,2,63,1009,85,82,45,45,0,7,45,0,1,0,0,0,0,0,41,45,100,0,0,1,2,65,0,0,53,2,1,0,1,75,0,15,42,63,87,1,654,58,0,1,100,12,74,66,65,0,0,0,0,3,48,3,26,33,25,101,20,40,0,14,14,38,11,38,13,87,0,75,75,1023,10,1,-19,0,0,132
45,4,4,4,4,9,Jack,Coco,256,74,0,0,14,80,0,7,1188,33,1188,73,25,0,0,84,0,4,4,58,0,0,71,2,63,1009,91,47,55,60,0,3,29,0,2,0,0,0,0,0,71,45,100,0,0,2,0,65,0,0,56,2,3,0,1,75,0,15,34,36,72,1,719,65,0,1,100,15,74,42,43,0,0,0,0,1,20,40,22,13,24,29,20,7,0,7,7,44,34,54,20,256,0,74,88,1023,10,1,-19,0,0,162
45,7,7,5,5,6,Jake,Hummel,256,80,0,0,15,88,0,7,1189,24,1189,87,24,0,0,88,0,4,4,65,0,0,85,2,63,1009,92,76,45,45,0,7,41,0,0,0,0,0,0,0,90,45,100,0,0,2,1,65,0,0,35,2,3,0,1,75,0,15,22,62,78,1,788,56,0,1,100,20,67,64,64,0,0,0,0,4,41,51,47,16,53,71,48,19,0,14,14,23,2,27,36,256,0,73,75,1023,10,1,-19,0,0,96
45,5,5,5,5,21,Luke,Masterson,257,80,0,0,15,87,0,7,1192,23,1192,82,25,0,0,85,0,4,4,65,0,0,83,2,63,1009,90,77,47,48,0,7,48,0,0,0,0,0,0,0,249,45,100,0,0,2,0,65,0,0,59,2,3,0,1,75,0,15,32,61,81,1,766,69,0,1,100,16,65,65,58,0,0,0,0,18,44,71,44,34,27,96,39,31,0,13,15,72,13,49,11,257,0,73,74,1023,10,1,-19,0,0,38
45,7,7,4,4,5,Josh,Sills,257,79,0,0,38,66,0,5,1193,10,1193,64,25,0,0,87,0,4,4,35,0,0,64,2,63,1009,90,25,65,68,0,3,15,0,0,0,0,0,0,0,158,45,100,0,0,2,1,65,0,0,65,2,3,0,1,75,0,15,25,60,64,1,603,40,0,1,100,43,78,55,61,0,0,0,0,76,15,26,37,7,66,49,99,30,0,8,6,96,31,27,3,257,0,78,165,1023,10,1,-19,0,0,155
45,5,5,2,2,6,Demetrius,Taylor,87,72,0,0,11,81,0,7,1194,33,1194,70,24,0,0,76,0,4,4,27,0,0,58,2,63,1009,88,73,45,45,0,3,12,0,0,0,0,0,0,0,7,45,100,0,0,1,2,65,0,0,52,2,1,0,1,75,0,15,14,58,74,1,712,26,0,1,100,17,82,65,56,0,0,0,0,32,30,10,60,49,34,11,51,14,0,12,12,14,38,40,42,87,0,73,135,1023,10,1,-19,0,0,124
45,5,5,4,4,7,Devery,Hamilton,87,81,0,0,11,71,0,10,1195,33,1195,63,25,0,0,82,0,4,4,23,0,0,58,2,63,1009,90,32,62,69,0,3,19,0,0,0,0,0,0,0,52,45,100,0,0,1,0,65,0,0,62,2,1,0,1,75,0,15,16,57,81,2,674,27,0,1,100,13,81,51,56,0,0,0,0,27,4,9,77,55,54,91,27,36,0,5,5,63,29,34,62,87,0,78,151,1023,10,2,-19,0,0,457
45,7,7,7,7,6,Wesley,French,257,78,0,0,11,69,0,4,1196,10,1196,66,27,0,0,82,0,4,4,39,0,0,69,2,63,1009,90,52,63,63,0,3,35,0,2,0,0,0,0,0,246,45,100,0,0,2,2,65,0,0,62,2,3,0,1,75,0,15,18,56,72,1,565,42,0,1,100,14,87,54,59,0,0,0,0,50,34,42,6,40,70,81,102,38,0,7,7,77,69,25,2,257,0,76,147,1023,10,1,-19,0,0,353
45,2,2,5,5,6,Lewis,Kidd,256,77,0,0,11,71,0,9,1197,33,1197,66,26,0,0,80,0,4,4,31,0,0,56,2,63,1009,90,34,60,68,0,3,10,0,0,0,0,0,0,0,125,45,100,0,0,2,2,65,0,0,66,2,3,0,1,75,0,15,21,57,71,1,797,43,0,1,100,12,86,50,49,0,0,0,0,42,52,73,87,75,35,12,80,0,0,9,9,93,34,17,3,256,0,78,151,1023,10,1,-19,0,0,171
45,2,2,2,2,40,Ryan,Wright,256,84,0,0,80,84,0,7,1199,31,1199,81,23,0,0,81,0,4,4,31,0,0,64,2,63,1009,90,39,16,7,0,0,29,0,4,0,0,0,0,0,221,45,100,0,0,2,3,65,0,0,14,2,3,0,1,75,0,15,48,74,80,1,836,45,0,1,100,94,62,75,57,0,0,0,0,9,9,99,40,29,27,34,19,18,0,20,20,43,8,13,1,256,0,75,85,1023,10,1,-19,0,0,163
45,2,2,7,7,6,Kurt,Hinish,258,66,0,3,11,78,0,7,1200,32,1200,70,24,0,0,84,0,4,4,37,0,0,67,2,63,1009,88,75,45,45,0,3,19,0,2,0,0,0,0,0,152,45,100,0,0,2,2,65,0,0,93,2,3,3,1,75,0,15,19,61,70,1,815,34,0,1,100,14,88,67,50,0,0,0,0,13,46,56,12,7,64,81,25,32,0,12,12,69,35,72,38,258,0,74,140,1023,10,1,-19,0,0,176
45,3,3,5,5,6,Brandon,Walton,157,77,0,0,14,58,0,1,1201,6,1201,62,25,0,0,79,0,4,4,25,0,0,56,2,63,1009,88,25,69,66,0,3,10,0,0,0,0,0,0,0,308,45,100,0,0,1,3,65,0,0,73,2,2,0,1,75,0,15,20,64,65,1,465,28,0,1,100,14,85,58,73,0,0,0,0,12,1,91,94,30,72,59,109,30,0,5,8,107,49,73,36,157,0,77,140,1023,15,1,-19,0,0,461
45,7,7,6,6,21,Lance,McCutcheon,0,85,0,0,12,91,0,4,1204,1009,1204,87,24,0,0,83,0,4,4,74,0,0,89,2,63,1009,87,39,37,49,0,0,73,0,0,0,0,0,0,0,125,45,100,0,0,0,0,65,0,0,82,2,0,0,1,75,0,15,27,64,89,1,781,75,0,1,100,15,67,56,45,0,0,0,0,35,49,93,36,52,29,57,26,12,0,3,3,66,0,33,27,0,0,75,42,1023,64,1,-19,0,0,339
45,4,4,6,6,64,Jared,Bernhardt,256,83,0,0,24,89,0,7,1205,33,1205,82,26,0,0,87,0,4,4,76,0,0,87,2,63,1009,92,35,22,44,0,0,73,0,2,0,0,0,0,0,296,45,100,0,0,2,0,65,0,0,83,2,3,0,1,75,0,15,71,62,78,1,622,75,0,1,100,26,54,54,44,0,0,0,0,32,29,12,18,50,57,29,23,37,0,3,3,30,7,38,19,256,0,73,35,1023,65,1,-19,0,0,267
45,5,5,5,5,6,Shane,Zylstra,94,82,0,0,21,85,0,4,1206,33,1206,82,27,0,0,81,0,4,4,79,0,0,79,2,63,1009,91,34,34,58,0,7,72,0,0,0,0,0,0,0,390,45,100,0,0,1,1,65,0,0,84,2,1,0,1,75,0,15,25,66,83,2,705,76,0,1,100,24,65,65,65,0,0,0,0,3,4,75,54,28,12,69,47,33,0,2,4,2,1,41,14,94,0,76,79,1023,10,2,-19,0,0,171
45,3,3,2,2,53,Armani,Rogers,257,74,0,3,15,83,0,4,1207,33,1207,86,26,0,0,80,0,4,4,77,0,0,80,2,63,1009,84,33,48,54,0,7,62,0,0,0,0,0,0,0,155,45,100,0,0,2,0,65,0,0,88,2,3,3,1,75,0,15,64,58,82,1,794,76,0,1,100,15,65,59,59,0,0,0,0,31,57,70,6,23,44,83,25,18,0,2,4,47,33,48,3,257,0,77,65,1023,45,1,-19,0,0,388
45,4,4,3,3,6,Timmy,Horne,0,72,0,0,16,63,0,1,1208,1009,1208,64,26,0,0,87,0,4,4,24,0,0,66,2,63,1009,89,79,45,45,0,3,20,0,0,0,0,0,0,0,96,40,100,0,0,0,0,65,0,0,98,2,0,0,1,75,0,15,20,62,84,1,638,29,0,1,100,15,85,60,62,0,0,0,0,37,15,37,7,6,60,96,30,25,0,11,12,3,38,94,0,0,0,76,163,1023,10,1,-19,0,0,298
45,3,3,2,2,6,Myles,Adams,87,71,0,0,10,77,0,10,1209,28,1209,67,25,0,0,75,0,4,4,29,0,0,65,2,63,1009,87,74,45,45,0,3,22,0,0,0,0,0,0,0,171,45,100,0,0,1,0,65,0,0,95,2,1,0,1,75,0,15,25,63,71,3,804,34,0,1,100,15,80,64,65,0,0,0,0,37,17,105,27,51,39,84,33,27,0,11,10,38,2,21,54,87,0,74,130,1023,10,3,-19,0,0,45
45,7,7,6,6,6,Keir,Thomas,0,72,0,0,12,85,0,10,1210,1009,1210,77,25,0,0,84,0,4,4,44,0,0,69,2,63,1009,90,74,40,45,0,7,32,0,0,0,0,0,0,0,64,45,100,0,0,0,2,65,0,0,96,2,0,0,1,75,0,15,25,60,75,1,786,45,0,1,100,13,75,61,52,0,0,0,0,37,45,49,27,47,3,79,46,19,0,15,13,53,13,33,30,0,0,74,115,1023,10,1,-19,0,0,29
45,5,5,6,6,6,DaMarcus,Mitchell,258,74,0,3,14,82,0,7,1211,33,1211,77,25,0,0,77,0,4,4,50,0,0,69,2,63,1009,88,74,50,45,0,10,38,0,0,0,0,0,0,0,169,45,100,0,0,2,3,65,0,0,97,2,3,3,1,75,0,15,24,62,82,1,727,67,0,1,100,15,71,68,63,0,0,0,0,5,50,57,78,41,70,15,28,1,0,10,10,37,36,45,13,258,0,75,100,1023,30,1,-19,0,0,85
45,4,4,7,7,27,Dylan,Parham,0,81,0,0,25,60,0,7,1213,33,1213,77,25,0,0,62,0,4,4,57,0,0,65,2,63,1009,82,21,63,52,0,7,60,0,0,0,0,0,0,0,138,45,100,0,0,0,1,65,0,0,48,2,0,0,1,75,0,15,26,89,53,1,903,76,0,1,100,19,63,42,50,0,0,0,0,17,10,22,31,17,25,33,4,19,0,4,4,48,12,31,23,0,0,77,85,1023,5,1,-19,0,0,356
45,5,5,6,6,5,Tanner,Owen,0,75,0,0,11,74,0,7,1214,33,1214,72,27,0,0,84,0,4,4,35,0,0,66,2,63,1009,88,33,66,63,0,3,32,0,4,0,0,0,0,0,317,45,100,0,0,0,0,65,0,0,79,2,0,0,1,75,0,15,24,58,82,1,796,39,0,1,100,13,86,53,49,0,0,0,0,54,46,25,50,43,40,81,9,21,0,6,6,85,10,12,15,0,0,77,132,1023,10,1,-19,0,0,171
45,2,2,6,6,6,Kingsley,Jonathan,179,70,0,0,27,88,0,1,1215,3,1215,80,25,0,0,84,0,4,4,35,0,0,83,2,63,1009,89,73,45,45,0,10,25,0,0,0,0,0,0,0,205,45,100,0,0,2,3,65,0,0,59,2,2,0,1,75,0,15,20,62,83,1,98,39,0,1,100,31,80,65,49,0,0,0,0,37,39,0,20,10,35,15,13,29,0,10,10,108,27,50,48,179,0,76,100,1023,10,1,-19,0,0,519
45,7,7,7,7,10,Sterling,Weatherford,257,87,0,0,15,91,0,7,1216,33,1216,86,24,0,0,78,0,4,4,66,0,0,86,2,63,1009,91,68,33,34,0,3,56,0,0,0,0,0,0,0,116,45,100,0,0,2,3,65,0,0,50,2,3,0,1,75,0,15,25,62,86,1,134,64,0,1,100,21,71,62,67,0,0,0,0,38,55,75,55,54,65,15,14,45,0,14,15,40,5,63,34,257,0,76,64,1023,35,1,-19,0,0,83
45,4,4,2,2,20,Josh,Blackwell,87,84,0,0,12,92,0,4,1217,1,1217,94,24,0,0,85,0,4,4,59,0,0,91,2,63,1009,87,47,35,35,0,0,55,0,0,0,0,0,0,0,52,45,100,0,0,1,0,65,0,0,39,2,1,0,1,75,0,15,24,65,88,1,220,55,0,1,100,13,53,69,56,0,0,0,0,3,10,60,12,21,22,60,4,27,0,16,16,24,4,0,22,87,0,71,20,1023,62,1,-19,0,0,435
45,2,2,4,4,26,Kendric,Pryor,256,82,0,0,15,92,0,4,1218,33,1218,93,25,0,0,81,0,4,4,76,0,0,85,2,63,1009,90,27,25,48,0,0,64,0,0,0,0,0,0,0,258,45,100,0,0,2,0,65,0,0,14,2,3,0,1,75,0,15,30,63,91,1,678,69,0,1,100,17,52,59,49,0,0,0,0,0,31,99,31,3,45,54,20,8,0,3,3,1,9,29,13,256,0,71,27,1023,63,1,-19,0,0,458
45,2,2,2,2,19,Andre,Baccellia,0,79,0,0,14,96,0,7,1219,1009,1219,95,26,0,0,67,0,4,4,72,0,0,88,2,63,1009,84,20,30,32,0,0,58,0,0,0,0,0,0,0,252,45,100,0,0,0,2,65,0,0,82,2,0,0,1,75,0,15,36,61,89,2,914,62,0,1,100,17,51,56,46,0,0,0,0,14,42,76,4,36,21,23,6,37,0,3,3,61,2,43,19,0,0,60,15,1023,76,2,-19,0,0,356
45,5,5,7,7,26,Jack,Cochrane,157,76,0,0,15,90,0,7,1220,9,1220,84,24,0,0,75,0,4,4,62,0,0,75,2,63,1009,90,78,50,45,0,7,52,0,2,0,0,0,0,0,177,45,100,0,0,1,2,65,0,0,43,2,2,0,1,75,0,15,35,62,92,1,918,63,0,1,100,21,70,56,51,0,0,0,0,12,54,36,32,22,68,85,33,23,0,14,15,76,16,3,42,157,0,75,76,1023,25,1,-19,0,0,162
45,6,6,2,2,10,Ian,Bunting,0,75,0,0,17,78,0,7,1221,33,1221,75,27,0,0,81,0,4,4,72,0,0,73,2,63,1009,89,35,58,61,0,7,58,0,2,0,0,0,0,0,28,45,100,0,0,0,0,65,0,0,4,2,0,0,1,75,0,15,20,55,84,2,924,71,0,1,100,22,73,60,60,0,0,0,0,37,41,56,53,15,7,56,15,31,0,4,4,51,16,9,24,0,0,79,97,1023,10,2,-19,0,0,353
45,3,3,7,7,6,Caleb,Jones,157,75,0,0,9,62,0,7,1222,20,1222,52,24,0,0,85,0,4,4,25,0,0,40,2,63,1009,88,35,65,69,0,3,25,0,0,0,0,0,0,0,86,45,100,0,0,1,2,65,0,0,72,2,2,0,1,75,0,15,15,60,56,1,931,35,0,1,100,11,84,52,55,0,0,0,0,21,57,14,82,56,9,78,24,37,0,9,9,97,7,12,41,157,0,81,210,1023,10,1,-19,0,0,454
45,5,5,3,3,18,Kristian,Wilkerson,87,82,0,0,14,93,0,10,1223,23,1223,89,26,0,0,77,0,4,4,78,0,0,91,2,63,1009,91,39,32,44,0,0,69,0,0,0,0,0,0,0,188,45,100,0,0,1,2,65,0,0,83,2,1,0,1,75,0,15,25,67,91,2,942,67,0,1,100,19,60,65,62,0,0,0,0,9,31,90,4,35,8,5,23,20,0,3,3,29,7,37,10,87,0,73,54,1023,66,0,-19,0,0,488
45,2,2,5,5,10,J.J.,Koski,0,79,0,0,12,92,0,7,1224,33,1224,88,27,0,0,81,0,4,4,80,0,0,90,2,63,1009,86,25,22,40,0,0,65,0,1,0,0,0,0,0,27,45,100,0,0,0,0,65,0,0,19,2,0,0,1,75,0,15,23,64,76,2,948,75,0,1,100,16,43,61,52,0,0,0,0,28,41,46,53,34,24,50,1,16,0,3,3,61,7,36,24,0,0,73,35,1023,75,1,-19,0,0,272
45,4,4,7,7,6,Donovan,Jeter,166,73,0,0,13,70,0,4,1225,33,1225,67,25,0,0,82,0,4,4,33,0,0,58,2,63,1009,90,78,45,45,0,3,21,0,0,0,0,0,0,0,117,45,100,0,0,2,3,65,0,0,67,2,2,0,1,75,0,15,22,59,76,1,955,31,0,1,100,17,84,63,50,0,0,0,0,60,58,23,41,37,18,14,54,14,0,12,12,62,70,41,65,166,0,75,165,1023,10,0,-19,0,0,249
45,4,4,7,7,36,Cody,Thompson,87,82,0,0,42,88,0,7,1226,28,1226,87,27,0,0,84,0,4,4,78,0,0,86,2,63,1009,85,37,35,50,0,0,72,0,2,0,0,0,0,0,218,45,100,0,0,1,1,65,0,0,13,2,1,0,1,75,0,15,40,66,90,2,959,71,0,1,100,47,67,62,59,0,0,0,0,33,48,80,39,3,39,19,28,14,0,3,3,36,2,11,7,87,0,74,45,1023,64,4,-19,0,0,91
45,6,6,6,6,6,David,Anenih,157,78,0,0,13,83,0,1,1227,33,1227,81,24,0,0,77,0,4,4,43,0,0,83,2,63,1009,92,69,45,45,0,7,36,0,0,0,0,0,0,0,80,45,100,0,0,1,0,65,0,0,59,2,2,0,1,75,0,15,23,64,87,1,964,52,0,1,100,14,76,63,57,0,0,0,0,37,59,85,59,0,55,29,24,16,0,13,13,39,3,19,25,157,0,74,85,1023,10,1,-19,0,0,349
45,2,2,5,5,27,Kaylon,Geiger,87,80,0,0,15,91,0,1,1229,33,1229,87,26,0,0,74,0,4,4,74,0,0,91,2,63,1009,82,22,25,33,0,0,74,0,0,0,0,0,0,0,217,45,100,0,0,1,2,65,0,0,80,2,1,0,1,75,0,15,35,64,82,1,970,63,0,1,100,15,50,56,47,0,0,0,0,20,4,104,38,27,58,42,13,25,0,3,3,35,0,3,22,87,0,60,20,1023,77,1,-19,0,0,2
45,6,6,7,7,10,Arron,Mosby,0,76,0,0,13,86,0,1,1230,1009,1230,82,24,0,0,82,0,4,4,56,0,0,67,2,63,1009,90,74,35,45,0,3,44,0,1,0,0,0,0,0,66,45,100,0,0,0,3,65,0,0,53,2,0,0,1,75,0,15,31,60,74,1,977,53,0,1,100,14,76,62,50,0,0,0,0,35,54,52,54,47,48,25,9,8,0,15,15,48,14,31,38,0,0,76,85,1023,30,1,-19,0,0,112
45,0,0,0,0,87,Matt,Ryan,0,86,0,0,24,68,0,7,1232,33,1232,69,38,0,1,95,2,4,4,32,0,0,66,0,3,14,98,30,15,26,0,8,49,0,4,0,7,7,7,7,20,17,66,0,0,0,3,7,0,1,2,2,0,0,3,85,0,1,84,73,55,15,1534,56,0,1,100,25,62,74,73,6,6,6,6,5,22,82,15,15,32,9,10,19,0,0,0,47,5,9,11,0,1,76,60,999,10,1,-19,0,0,360
45,4,4,6,6,6,Shaun,Jolly,87,87,0,0,13,90,0,7,1233,24,1233,89,25,0,0,76,0,4,4,69,0,0,87,2,63,1009,88,57,30,35,0,0,54,0,0,0,0,0,0,0,7,45,100,0,0,1,3,65,0,0,22,2,1,0,1,75,0,15,35,63,87,1,983,60,0,1,100,14,44,69,57,0,0,0,0,3,8,42,10,19,25,24,14,1,0,16,16,21,0,3,7,87,0,69,20,1023,47,1,-19,0,0,86
45,5,5,5,5,20,Raheem,Blackshear,157,82,0,0,16,93,0,4,1234,21,1234,90,25,0,0,82,0,4,4,68,0,0,89,2,63,1009,88,24,39,33,0,9,80,0,0,0,0,0,0,0,241,45,100,0,0,1,3,65,0,0,3,2,2,0,1,75,0,15,25,68,81,1,985,77,0,1,100,18,55,78,62,0,0,0,0,6,50,18,7,20,36,32,16,17,0,1,1,29,13,12,29,157,0,69,30,1023,82,1,-19,0,0,262
45,2,2,6,6,6,Benton,Whitley,0,74,0,0,13,87,0,7,1235,1009,1235,79,24,0,0,86,0,4,4,47,0,0,79,2,63,1009,91,72,35,40,0,10,36,0,0,0,0,0,0,0,79,45,100,0,0,0,3,65,0,0,51,2,0,0,1,75,0,15,21,59,80,1,993,45,0,1,100,16,76,63,49,0,0,0,0,5,38,95,14,46,48,49,36,1,0,10,10,42,10,28,10,0,0,76,100,1023,10,1,-19,0,0,245
45,7,7,3,3,10,Ben,Stille,0,80,0,0,16,73,0,7,1237,1009,1237,73,26,0,0,81,0,4,4,29,0,0,69,2,63,1009,90,74,45,45,0,3,33,0,1,0,0,0,0,0,142,45,100,0,0,0,3,65,0,0,64,2,0,0,1,75,0,15,22,60,78,1,1091,37,0,1,100,18,80,64,57,0,0,0,0,22,21,17,41,38,48,78,56,35,0,12,12,106,32,61,26,0,0,76,136,1023,10,0,-19,0,0,152
45,4,4,5,5,49,Britain,Covey,0,82,0,0,15,93,0,7,1239,1009,1239,89,26,0,0,85,0,4,4,75,0,0,91,2,63,1009,84,22,22,34,0,0,74,0,0,0,0,0,0,0,233,45,100,0,0,0,3,65,0,0,18,2,0,0,1,75,0,15,48,63,78,1,1038,73,0,1,100,16,39,60,53,0,0,0,0,37,44,30,32,54,48,45,8,31,0,3,3,25,9,2,22,0,0,68,13,1023,76,1,-19,0,0,56
45,5,5,6,6,7,Chandler,Wooten,0,83,0,0,13,79,0,4,1240,1009,1240,78,26,0,0,84,0,4,4,59,0,0,74,2,63,1009,90,73,45,45,0,7,51,0,0,0,0,0,0,0,14,45,100,0,0,0,2,65,0,0,57,2,0,0,1,75,0,15,18,55,75,1,1007,58,0,1,100,17,65,55,58,0,0,0,0,36,47,56,14,11,57,36,42,20,0,14,14,2,4,43,2,0,0,75,70,1023,15,1,-19,0,0,401
45,6,6,6,6,6,Innis,Gaines,0,85,0,0,24,89,0,7,1242,1009,1242,86,24,0,0,77,0,4,4,67,0,0,85,2,63,1009,87,64,25,18,0,0,38,0,0,0,0,0,0,0,207,45,100,0,0,0,3,65,0,0,38,2,0,0,1,75,0,15,27,62,79,1,1111,58,0,1,100,22,60,65,54,0,0,0,0,20,29,32,1,31,35,14,11,46,0,17,17,52,1,27,29,0,0,73,42,1023,34,2,-19,0,0,453
45,6,6,7,7,8,J.J.,Russell,0,83,0,0,14,87,0,10,1243,1009,1243,82,25,0,0,84,0,4,4,58,0,0,75,2,63,1009,91,78,47,49,0,3,55,0,0,0,0,0,0,0,114,45,100,0,0,0,3,65,0,0,51,2,0,0,1,75,0,15,24,60,86,1,1181,63,0,1,100,15,73,58,55,0,0,0,0,24,31,6,8,37,24,87,31,45,0,14,14,9,4,37,2,0,0,73,65,1023,33,1,-19,0,0,488
45,4,4,2,2,6,Jalen,Dalton,157,74,0,0,13,74,0,7,1244,33,1244,78,25,0,0,76,0,4,4,24,0,0,69,2,63,1009,91,74,45,45,0,3,15,0,0,0,0,0,0,0,135,45,100,0,0,1,0,65,0,0,94,2,2,0,1,75,0,15,19,63,79,1,1088,34,0,1,100,15,79,67,64,0,0,0,0,27,16,45,21,14,24,39,12,9,0,12,12,9,74,61,25,157,0,78,140,1023,10,1,-19,0,0,85
45,3,3,5,5,31,Mitchell,Fraboni,87,77,0,0,19,64,0,7,1245,4,1245,49,27,0,0,85,0,4,4,23,0,0,50,2,63,1009,55,27,79,75,0,8,28,0,0,0,0,0,0,0,9,45,100,0,0,1,3,65,0,0,48,2,1,0,1,75,0,15,16,82,24,2,4397,10,0,1,100,13,87,62,50,0,0,0,0,63,51,43,85,25,58,34,68,34,0,7,7,31,23,41,25,87,0,74,63,1023,0,0,-19,0,0,484
45,6,6,2,2,5,Kody,Russey,0,82,0,0,12,73,0,4,1246,1009,1246,69,28,0,0,86,0,4,4,25,0,0,57,2,63,1009,90,35,65,62,0,3,10,0,0,0,0,0,0,0,80,45,100,0,0,0,1,65,0,0,66,2,0,0,1,75,0,15,24,56,74,1,1016,28,0,1,100,17,91,52,51,0,0,0,0,9,25,47,55,5,37,24,23,38,0,7,7,75,3,28,0,0,0,74,140,1023,9,1,-19,0,0,173
45,2,2,6,6,29,Kwamie,Lassiter II,0,85,0,0,19,88,0,10,1247,1009,1247,88,25,0,0,74,0,4,4,76,0,0,79,2,63,1009,87,25,28,44,0,0,78,0,0,0,0,0,0,0,95,45,100,0,0,0,3,65,0,0,18,2,0,0,1,75,0,15,35,63,81,1,1156,68,0,1,100,21,57,55,47,0,0,0,0,30,43,78,24,25,16,56,24,13,0,3,3,67,5,26,21,0,0,61,25,1023,78,1,-19,0,0,134
45,5,5,7,7,17,Malik,Davis,0,83,0,0,10,92,0,1,1248,1009,1248,87,25,0,0,76,0,4,4,69,0,0,82,2,63,1009,91,34,55,30,0,7,73,0,0,0,0,0,0,0,62,45,100,0,0,0,1,65,0,0,34,2,0,0,1,75,0,15,24,67,93,1,1006,87,0,1,100,14,54,53,68,0,0,0,0,3,52,58,16,56,13,86,16,49,0,2,1,24,18,17,23,0,0,60,45,1023,64,1,-19,0,0,273
45,4,4,6,6,19,Michael,Bandy,4,87,0,0,20,89,0,7,1249,33,1249,86,26,0,0,80,0,4,4,77,0,0,87,2,63,1009,89,25,30,44,0,0,72,0,0,0,0,0,0,0,327,45,100,0,0,1,0,65,0,0,83,2,1,0,1,75,0,15,32,63,78,1,1037,71,0,1,100,21,49,59,55,0,0,0,0,17,18,23,38,41,38,40,19,37,0,3,3,82,6,39,0,4,0,60,30,1023,60,2,-19,0,0,83
45,6,6,7,7,16,Nolan,Turner,87,87,0,0,22,87,0,7,1250,33,1250,92,26,0,0,82,0,4,4,67,0,0,82,2,63,1009,90,59,33,35,0,0,48,0,0,0,0,0,0,0,38,45,100,0,0,1,2,65,0,0,34,2,1,0,1,75,0,15,27,62,89,1,1110,57,0,1,100,24,62,71,62,0,0,0,0,25,7,66,43,30,2,21,1,29,0,17,17,72,4,13,12,87,0,73,42,1023,40,1,-19,0,0,166
45,5,5,2,2,22,Raleigh,Webb,0,85,0,0,24,92,0,7,1251,1009,1251,87,26,0,0,86,0,4,4,75,0,0,83,2,63,1009,90,41,38,56,0,0,67,0,1,0,0,0,0,0,37,45,100,0,0,0,2,65,0,0,83,2,0,1,1,75,0,15,34,61,93,1,1011,67,0,1,100,25,67,55,45,0,0,0,0,8,19,71,40,54,54,61,11,19,0,3,3,13,7,43,21,0,0,74,44,1023,44,1,-19,0,0,164
45,4,4,7,7,15,Rashid,Shaheed,157,80,0,0,17,94,0,10,1252,27,1252,92,26,0,0,76,0,4,4,83,0,0,90,2,63,1009,85,25,33,39,0,0,77,0,0,0,0,0,0,0,253,45,100,0,0,1,0,65,0,0,22,2,2,0,1,75,0,15,28,74,87,1,1035,70,0,1,100,19,58,72,71,0,0,0,0,10,14,60,42,41,29,26,2,28,0,3,3,26,5,0,13,157,0,72,20,1023,86,1,-19,0,0,352
45,7,7,7,7,6,Ryan,Neuzil,157,80,0,0,52,73,0,7,1253,14,1253,70,25,0,0,84,0,4,4,50,0,0,68,2,63,1009,94,22,63,65,0,3,45,0,1,0,0,0,0,0,7,45,100,0,0,1,2,65,0,0,64,2,2,0,1,75,0,15,21,57,72,1,1058,57,0,1,100,57,85,54,56,0,0,0,0,28,36,20,27,16,4,84,51,37,0,7,7,15,32,31,24,157,0,75,141,1023,10,2,-19,0,0,353
45,7,7,6,6,6,Sam,Okuayinonu,87,69,0,0,31,85,0,1,1254,33,1254,80,26,0,0,82,0,4,4,35,0,0,68,2,63,1009,88,74,35,40,0,7,24,0,0,0,0,0,0,0,111,45,100,0,0,1,0,65,0,0,59,2,1,0,1,75,0,15,21,59,85,1,1098,27,0,1,100,36,83,65,55,0,0,0,0,2,28,15,45,57,11,84,31,39,0,13,13,68,15,53,43,87,0,73,109,1023,0,1,-19,0,0,502
45,4,4,5,5,65,Stone,Smartt,256,80,0,0,15,91,0,7,1255,8,1255,85,25,0,0,76,0,4,4,73,0,0,79,2,63,1009,88,35,47,45,0,7,69,0,0,0,0,0,0,0,380,45,100,0,0,2,0,65,0,0,84,2,3,0,1,75,0,15,78,58,93,1,1057,75,0,1,100,16,62,48,46,0,0,0,0,9,16,47,52,31,7,77,13,6,0,2,4,54,17,1,1,256,0,76,66,1023,60,1,-19,0,0,221
45,4,4,2,2,10,A.J.,Thomas,0,84,0,0,16,91,0,7,1256,1009,1256,86,24,0,0,80,0,4,4,64,0,0,83,2,63,1009,91,68,35,35,0,0,52,0,0,0,0,0,0,0,117,45,100,0,0,0,1,65,0,0,38,2,0,0,1,75,0,15,25,58,80,1,1119,57,0,1,100,15,63,63,52,0,0,0,0,29,7,97,10,18,24,74,4,4,0,18,18,37,3,32,25,0,0,74,54,1023,42,1,-19,0,0,79
45,2,2,7,7,24,Brandon,Johnson,157,64,0,0,15,92,0,1,1257,4,1257,90,25,0,0,80,0,4,4,64,0,0,82,2,63,1009,67,9,39,37,0,0,41,0,0,0,0,0,0,0,225,45,100,0,0,1,1,65,0,0,89,2,2,0,1,75,0,15,29,61,88,1,1040,58,0,1,100,25,42,53,58,0,0,0,0,7,37,56,28,28,19,23,12,10,0,3,3,60,5,44,15,157,0,74,35,1023,90,1,-19,0,0,135
45,5,5,2,2,6,T.J.,Carter,75,84,0,0,14,92,0,7,1258,33,1258,87,25,0,0,83,0,4,4,64,0,0,79,2,63,1009,88,86,21,18,0,10,55,0,0,0,0,0,0,0,98,45,100,0,0,1,3,65,0,0,98,2,1,0,1,75,0,15,30,59,88,1,1084,57,0,1,100,15,56,71,48,0,0,0,0,4,48,33,10,26,43,74,1,49,0,10,10,72,7,14,0,75,0,76,129,1023,64,0,-19,0,0,127
45,4,4,7,7,6,James,Empey,0,79,0,0,11,61,0,7,1259,33,1259,58,27,0,0,74,0,4,4,26,0,0,61,2,63,1009,85,29,70,64,0,3,16,0,2,0,0,0,0,0,26,45,100,0,0,1,3,65,0,0,62,2,1,0,1,75,0,15,23,60,65,1,1079,29,0,1,100,11,81,57,66,0,0,0,0,49,43,56,23,3,66,12,44,10,0,7,7,7,51,6,42,75,0,75,137,1023,10,1,-19,0,0,453
45,7,7,6,6,6,Micah,Abernathy,0,85,0,0,17,90,0,4,1260,1009,1260,88,26,0,0,78,0,4,4,69,0,0,92,2,63,1009,86,63,30,35,0,0,52,0,0,0,0,0,0,0,211,45,100,0,0,0,3,65,0,0,29,2,0,0,1,75,0,15,27,62,91,3,1200,59,0,1,100,18,61,65,54,0,0,0,0,18,39,67,31,3,10,17,4,33,0,18,17,51,1,8,25,0,0,72,35,1023,50,1,-19,0,0,502
45,5,5,3,3,10,Austin,Trammell,0,82,0,0,34,91,0,7,1261,1009,1261,86,25,0,0,83,0,4,4,82,0,0,89,2,63,1009,86,36,27,52,0,0,71,0,1,0,0,0,0,0,171,45,100,0,0,0,0,65,0,0,81,2,0,0,1,75,0,15,27,63,88,1,1051,74,0,1,100,42,66,63,55,0,0,0,0,32,21,11,46,52,9,66,20,23,0,3,3,38,2,24,19,0,0,60,25,1023,71,1,-19,0,0,41
45,6,6,6,6,10,Vi,Jones,157,82,0,0,15,91,0,2,1262,33,1262,88,25,0,0,80,0,4,4,56,0,0,86,2,63,1009,88,73,45,45,0,7,44,0,0,0,0,0,0,0,138,45,100,0,0,1,1,65,0,0,50,2,2,0,1,75,0,15,30,57,86,1,1189,55,0,1,100,16,61,63,55,0,0,0,0,8,58,49,56,12,29,95,9,8,0,13,14,21,22,59,6,157,0,74,65,1023,25,1,-19,0,0,461
45,5,5,6,6,22,Forrest,Rhyne,87,70,0,0,17,84,0,7,1263,33,1263,74,24,0,0,71,0,4,4,53,0,0,64,2,63,1009,83,70,34,13,0,7,29,0,0,0,0,0,0,0,239,45,100,0,0,1,0,65,0,0,47,2,1,0,1,75,0,15,32,58,48,1,1099,38,0,1,100,33,64,47,50,0,0,0,0,31,0,7,29,59,16,30,5,39,0,14,14,66,3,17,34,87,0,73,73,1023,6,1,-19,0,0,353
45,3,3,7,7,7,Mike,Brown,157,84,0,0,11,85,0,4,1264,30,1264,86,24,0,0,88,0,4,4,65,0,0,83,2,63,1009,91,65,35,35,0,0,35,0,0,0,0,0,0,0,116,45,100,0,0,1,2,65,0,0,44,2,2,0,1,75,0,15,30,63,80,1,1117,63,0,1,100,12,66,67,62,0,0,0,0,25,22,37,16,13,23,19,17,26,0,18,18,7,7,42,20,157,0,73,62,1023,35,1,-19,0,0,388
45,0,0,0,0,6,JJ,Jansen,109,74,0,15,21,70,0,4,1265,21,1265,63,37,0,0,76,2,4,4,60,0,0,66,0,63,20,95,52,56,54,0,8,20,0,4,0,0,0,0,0,152,45,0,0,0,1,3,0,0,0,44,0,1,15,1,79,0,15,37,36,42,15,2619,62,0,1,100,15,70,45,70,0,0,0,0,5,25,70,15,10,20,13,15,20,0,7,4,10,1,35,10,109,0,74,75,999,10,14,-31,0,0,305
45,2,2,2,2,34,Cobi,Francis,0,75,0,0,10,86,0,7,1266,1009,1266,96,25,0,0,58,0,4,4,69,0,0,78,2,63,1009,66,44,13,17,0,0,47,0,0,0,0,0,0,0,114,45,100,0,0,0,0,65,0,0,38,2,0,0,1,75,0,15,15,88,95,1,1034,43,0,1,100,16,51,66,50,0,0,0,0,6,31,91,28,23,4,64,7,7,0,16,16,68,7,8,2,0,0,61,33,1023,42,1,-19,0,0,400
45,6,6,5,5,17,William,Kwenkeu,157,79,0,0,32,92,0,1,1267,33,1267,86,26,0,0,86,0,4,4,53,0,0,84,2,63,1009,91,75,40,45,0,7,45,0,0,0,0,0,0,0,208,45,100,0,0,1,0,65,0,0,47,2,2,0,1,75,0,15,21,62,81,1,1100,55,0,1,100,37,72,55,49,0,0,0,0,2,53,55,58,39,19,36,17,24,0,14,15,24,6,38,33,157,0,73,75,1023,24,1,-19,0,0,396
45,3,3,3,3,26,Zyon,Gilbert,87,78,0,0,24,87,0,1,1268,33,1268,83,24,0,0,74,0,4,4,51,0,0,78,2,63,1009,80,65,18,8,0,0,32,0,0,0,0,0,0,0,308,45,100,0,0,1,2,65,0,0,38,2,1,0,1,75,0,15,26,57,97,1,1107,41,0,1,100,13,42,58,50,0,0,0,0,8,40,65,18,4,8,59,24,8,0,16,16,17,1,10,7,87,0,73,22,1023,8,1,-19,0,0,240
45,0,0,0,0,72,Anthony,Brown,0,85,0,0,13,81,0,4,1269,1009,1269,82,25,0,0,78,0,4,4,53,0,0,81,2,63,1009,89,22,11,11,0,0,55,0,0,0,0,0,0,0,160,45,100,0,0,0,3,65,0,0,12,2,0,0,1,75,0,15,86,57,82,1,1237,72,0,1,100,15,60,59,46,0,0,0,0,17,27,78,5,29,37,57,15,29,0,0,0,68,9,36,18,0,0,73,67,1023,10,1,-19,0,0,82
45,5,5,2,2,8,C.J.,Brewer,0,56,0,0,36,63,0,4,1270,1009,1270,60,26,0,0,67,0,4,4,32,0,0,61,2,63,1009,88,79,19,34,0,3,19,0,0,0,0,0,0,0,290,45,100,0,0,0,1,65,0,0,62,2,0,0,1,75,0,15,14,99,45,1,0,24,0,1,100,12,98,70,50,0,0,0,0,21,41,14,6,20,43,25,20,8,0,12,12,40,2,28,34,0,0,74,130,1023,0,0,-19,0,0,97
45,5,5,3,3,6,Elijah,Garcia,157,73,0,0,12,74,0,7,1271,4,1271,72,25,0,0,78,0,4,4,30,0,0,70,2,63,1009,89,78,45,45,0,3,23,0,0,0,0,0,0,0,171,45,100,0,0,1,2,65,0,0,95,2,2,0,1,75,0,15,13,64,74,1,1251,26,0,1,100,14,83,62,55,0,0,0,0,23,53,44,43,55,30,92,22,27,0,11,11,98,27,20,35,157,0,77,142,1023,10,1,-19,0,0,31
45,7,7,4,4,6,Raheem,Layne,157,83,0,0,17,92,0,1,1272,8,1272,86,24,0,0,85,0,4,4,54,0,0,75,2,63,1009,89,64,35,35,0,0,65,0,0,0,0,0,0,0,86,45,100,0,0,1,2,65,0,0,41,2,2,0,1,75,0,15,26,61,83,1,4355,60,0,1,100,19,60,64,59,0,0,0,0,25,41,47,30,47,35,43,19,13,0,18,18,8,6,40,20,157,0,61,32,1023,35,1,-19,0,0,127
45,2,2,3,3,7,Ryder,Anderson,0,67,0,0,15,80,0,10,1273,1009,1273,75,25,0,0,87,0,4,4,28,0,0,76,2,63,1009,90,74,45,45,0,3,21,0,0,0,0,0,0,0,86,45,100,0,0,0,2,65,0,0,90,2,0,0,1,75,0,15,24,62,78,1,1259,28,0,1,100,13,82,63,54,0,0,0,0,14,10,45,43,17,87,45,41,23,0,11,12,38,24,53,28,0,0,78,116,1023,10,1,-19,0,0,243
45,7,7,7,7,15,Deven,Thompkins,157,80,0,0,12,93,0,7,1274,6,1274,94,24,0,0,77,0,4,4,75,0,0,86,2,63,1009,83,20,31,33,0,0,60,0,0,0,0,0,0,0,234,45,100,0,0,1,0,65,0,0,83,2,2,0,1,75,0,15,24,62,91,1,1239,61,0,1,100,15,48,59,53,0,0,0,0,39,14,1,29,22,55,57,6,26,0,3,3,52,3,9,3,157,0,68,160,1023,77,1,-19,0,0,335
45,5,5,7,7,7,Jack,Gibbens,157,80,0,0,14,85,0,7,1275,30,1275,78,25,0,0,85,0,4,4,58,0,0,79,2,63,1009,91,79,40,45,0,7,23,0,0,0,0,0,0,0,120,45,100,0,0,1,0,65,0,0,50,2,2,0,1,75,0,15,23,64,82,1,1217,52,0,1,100,12,66,64,66,0,0,0,0,1,17,76,23,10,65,25,35,48,0,14,14,28,24,49,39,157,0,75,82,1023,10,1,-19,0,0,300
45,6,6,5,5,13,Tucker,Addington,157,73,0,0,23,67,0,7,1276,33,1276,72,26,0,0,74,0,4,4,54,0,0,63,2,63,1009,90,45,54,53,0,3,22,0,1,0,0,0,0,0,183,45,100,0,0,1,1,65,0,0,46,2,2,0,1,75,0,15,41,29,66,1,1246,65,0,1,100,26,62,33,41,0,0,0,0,32,43,66,91,32,37,37,73,29,0,7,7,17,34,22,41,157,0,74,70,1023,10,1,-19,0,0,252
45,7,7,5,5,29,Brock,Hoffman,0,62,0,0,11,43,0,7,1277,1009,1277,30,24,0,0,74,0,4,4,15,0,0,37,2,63,1009,60,26,75,91,0,3,29,0,0,0,0,0,0,0,241,45,100,0,0,0,0,65,0,0,67,2,0,0,1,75,0,15,18,98,17,1,1244,25,0,1,100,30,94,66,50,0,0,0,0,48,36,75,53,32,27,42,43,18,0,7,7,58,79,78,1,0,0,76,142,1023,0,1,-19,0,0,171
45,4,4,2,2,6,Xavier,Newman,157,79,0,0,12,76,0,7,1278,30,1278,67,24,0,0,88,0,4,4,20,0,0,43,2,63,1009,89,31,62,66,0,3,14,0,0,0,0,0,0,0,17,45,100,0,0,1,3,65,0,0,67,2,2,0,1,75,0,15,15,56,68,1,1219,25,0,1,100,15,81,50,50,0,0,0,0,22,47,12,49,39,24,66,51,29,0,7,8,8,47,15,17,157,0,74,137,1023,10,1,-19,0,0,405
45,4,4,0,0,89,Jarrett,Guarantano,157,72,0,0,22,71,0,7,1280,33,1280,51,26,0,0,90,0,4,4,38,0,0,69,2,63,1009,24,22,11,29,0,11,36,0,0,0,0,0,0,0,251,45,100,0,0,1,4,65,0,0,16,2,2,0,1,75,0,15,76,50,39,1,1233,57,0,1,100,17,60,60,50,0,0,0,0,3,4,85,6,16,15,8,17,11,0,0,0,11,7,18,11,157,0,75,59,1023,0,1,-19,0,0,423
45,5,5,4,4,28,Scotty,Washington,75,81,0,0,13,78,0,7,1282,33,1282,74,26,0,0,93,0,4,4,62,0,0,98,2,63,1009,80,25,16,30,0,0,59,0,0,0,0,0,0,0,249,45,100,0,0,1,1,65,0,0,88,2,1,0,1,75,0,15,38,66,81,1,1240,65,0,1,100,22,47,46,50,0,0,0,0,29,40,1,15,51,52,5,23,27,0,3,3,38,5,0,23,75,0,77,57,1023,40,1,-19,0,0,416
45,4,4,6,6,10,Nikola,Kalinic,0,76,0,0,28,81,0,7,1283,1009,1283,79,26,0,0,85,0,4,4,73,0,0,69,2,63,1009,90,50,57,63,0,7,49,0,0,0,0,0,0,0,265,45,100,0,0,0,2,65,0,0,83,2,0,0,1,75,0,15,24,58,75,1,1241,73,0,1,100,34,65,56,57,0,0,0,0,50,17,45,3,31,46,64,46,1,0,4,4,74,15,12,2,0,0,76,85,1023,35,1,-19,0,0,308
45,5,5,6,6,11,Brayden,Thomas,0,62,0,0,17,75,0,7,1284,33,1284,63,25,0,0,79,0,4,4,47,0,0,67,2,63,1009,62,80,22,20,0,7,38,0,1,0,0,0,0,0,315,45,100,0,0,0,3,65,0,0,40,2,0,0,1,75,0,15,33,79,61,1,1279,33,0,1,100,22,63,53,50,0,0,0,0,2,34,74,38,53,28,66,17,56,0,13,13,82,4,23,38,0,0,75,100,1023,0,1,-19,0,0,136
45,0,0,0,0,83,Bryce,Young,250,83,0,184,23,89,0,7,1286,21,1286,87,22,0,0,86,0,4,4,35,0,0,84,2,1,1015,87,20,12,16,0,8,69,0,0,0,0,0,0,0,3,12,100,0,0,4,3,65,0,0,9,2,4,0,1,75,0,1,87,74,75,0,46,59,0,1,100,23,54,78,75,0,0,0,0,10,29,46,40,8,25,44,4,0,0,0,0,50,1,13,7,383,0,60,44,1023,22,0,-19,0,0,4
45,2,2,4,4,82,C.J.,Stroud,250,79,0,184,19,87,0,1,1287,32,1287,82,22,0,0,88,0,4,4,21,0,0,80,2,2,1015,88,24,12,12,0,8,44,0,0,0,0,0,0,0,156,12,100,0,0,4,3,65,0,0,7,2,4,0,1,75,0,1,89,73,78,0,57,61,0,1,100,20,58,75,70,0,0,0,0,18,19,90,41,18,1,61,3,14,0,0,0,22,7,22,0,383,0,75,54,1023,12,0,-19,0,0,85
45,3,3,3,3,75,Anthony,Richardson,250,74,0,184,17,92,0,1,1291,10,1291,91,22,0,0,90,0,4,4,39,0,0,88,2,4,1015,90,33,16,25,0,8,78,0,0,0,0,0,0,0,62,12,100,0,0,4,3,65,0,0,5,2,4,0,1,75,0,1,95,70,93,0,111,57,0,1,100,22,73,75,68,0,0,0,0,1,3,64,14,16,17,98,18,15,0,0,0,47,3,12,0,383,0,76,84,1023,20,0,-19,0,0,31
45,4,4,4,4,73,Will,Levis,250,80,0,184,16,85,0,7,1292,30,1292,80,24,0,0,93,0,4,4,47,0,0,83,2,2,1015,88,25,13,20,0,8,72,0,1,0,0,0,0,0,98,45,100,0,0,4,3,65,0,0,8,2,4,0,1,75,0,2,94,69,89,0,1005,61,0,1,100,27,68,71,66,0,0,0,0,15,27,33,8,1,9,84,4,5,0,0,0,45,8,24,19,383,0,76,69,1023,10,0,-19,0,0,12
45,4,4,0,0,75,Hendon,Hooker,250,82,0,184,14,90,0,4,1294,33,1294,86,25,0,0,84,0,4,4,44,0,0,86,2,5,1015,81,21,15,23,0,8,76,0,0,0,0,0,0,0,211,45,100,0,0,4,3,65,0,0,12,2,4,0,1,75,0,3,89,68,80,0,1332,53,0,1,100,18,67,63,48,0,0,0,0,18,2,80,5,26,21,81,8,37,0,0,0,54,3,34,12,383,0,75,57,1023,10,0,-19,0,0,387
45,0,0,0,0,72,Stetson,Bennett,250,81,0,184,22,90,0,7,1295,24,1295,84,26,0,0,85,0,4,4,27,0,0,85,2,26,1015,86,20,14,24,0,8,49,0,0,0,0,0,0,0,70,45,100,0,0,4,3,65,0,0,13,2,4,0,1,75,0,4,84,62,80,0,2533,55,0,1,100,28,55,66,64,0,0,0,0,13,2,80,13,25,9,29,17,37,0,0,0,6,8,22,5,383,0,61,32,1023,10,0,-19,0,0,109
45,2,2,4,4,75,Aidan,O'Connell,250,82,0,184,22,77,0,4,1296,23,1296,77,25,0,0,68,0,4,4,21,0,0,84,2,33,1015,81,22,26,27,0,8,36,0,2,0,0,0,0,0,169,45,100,0,0,4,3,65,0,0,4,2,4,0,1,75,0,4,83,84,84,0,2589,70,0,1,100,25,70,60,50,0,0,0,0,18,7,91,16,25,4,96,5,7,0,0,0,56,7,31,17,383,0,75,53,1023,0,0,-19,0,0,145
45,0,0,0,0,74,Jaren,Hall,413,73,0,184,21,81,0,7,1297,31,1297,90,25,0,0,70,0,4,4,37,0,0,84,2,29,1015,35,21,19,36,0,8,33,0,0,0,0,0,0,0,26,45,100,0,0,4,3,65,0,0,16,2,4,28,1,75,0,5,83,74,84,0,2867,49,0,1,100,8,70,61,50,0,0,0,0,17,2,74,42,21,3,12,18,31,0,0,0,44,4,9,13,413,0,72,47,1023,0,0,-19,0,0,494
45,4,4,0,0,77,Clayton,Tune,420,85,0,184,14,89,0,7,1298,7,1298,85,24,0,0,91,0,4,4,28,0,0,86,2,4,1015,89,23,15,19,0,8,61,0,2,0,0,0,0,0,80,45,100,0,0,4,3,65,0,0,15,2,4,36,1,75,0,5,85,62,87,0,2674,62,0,1,100,22,60,64,51,0,0,0,0,15,15,91,36,27,9,61,17,6,0,0,0,32,0,23,2,420,0,74,60,1023,50,0,-19,0,0,434
45,0,0,0,0,74,Jake,Haener,250,83,0,184,48,88,0,7,1299,27,1299,83,24,0,0,89,0,4,4,31,0,0,82,2,25,1015,82,22,14,17,0,8,50,0,1,0,0,0,0,0,66,45,100,0,0,4,3,65,0,0,14,2,4,0,1,75,0,4,86,63,82,0,2511,63,0,1,100,56,61,68,67,0,0,0,0,18,16,60,21,0,6,50,8,29,0,0,0,47,6,34,5,383,0,72,47,1023,10,0,-19,0,0,512
45,2,2,4,4,70,Tanner,McKee,402,76,0,184,17,79,0,7,1300,13,1300,81,23,0,0,51,0,4,4,40,0,0,81,2,11,1015,88,11,30,35,0,8,44,0,2,0,0,0,0,0,200,45,100,0,0,4,3,65,0,0,19,2,4,16,1,75,0,6,89,57,80,0,3023,68,0,1,100,5,74,60,50,0,0,0,0,15,6,84,36,1,15,53,7,22,0,0,0,54,8,19,17,402,0,78,71,1023,0,0,-19,0,0,403
45,2,2,0,0,82,Dorian,Thmpsn-Robnsn,250,78,0,184,31,83,0,1,1301,5,1301,89,24,0,0,54,0,4,4,21,0,0,82,2,5,1015,68,19,24,22,0,8,32,0,0,0,0,0,0,0,226,45,100,0,0,4,3,65,0,0,17,2,4,0,1,75,0,5,85,98,80,0,2676,65,0,1,100,28,69,66,50,0,0,0,0,9,9,41,17,5,37,36,8,9,0,0,0,68,9,30,17,383,0,74,43,1023,0,0,-19,0,0,384
45,0,0,4,4,83,Tyson,Bagent,269,99,0,184,7,77,0,4,1302,1,1302,82,23,0,0,67,0,4,4,37,0,0,86,2,63,1009,53,25,21,7,0,8,44,0,1,0,0,0,0,0,395,45,100,0,0,3,3,65,0,0,17,2,3,0,1,75,0,15,85,80,84,0,3472,37,0,1,100,24,70,66,50,0,0,0,0,12,12,51,24,0,38,84,2,11,0,0,0,44,3,19,10,269,0,75,53,1023,0,0,-19,0,0,483
45,4,4,0,0,83,Malik,Cunningham,0,90,0,0,23,84,0,7,1303,1009,1303,90,25,0,0,92,0,4,4,22,0,0,84,2,63,1009,70,31,27,35,0,8,50,0,0,0,0,0,0,0,105,45,100,0,0,0,3,65,0,0,16,2,0,0,1,75,0,15,82,70,81,0,3481,49,0,1,100,23,66,66,50,0,0,0,0,0,6,42,10,14,15,16,14,12,0,0,0,58,2,6,17,0,0,72,32,1023,0,0,-19,0,0,443
45,4,4,4,4,76,Max,Duggan,0,84,0,0,25,88,0,7,1304,1009,1304,88,22,0,0,94,0,4,4,48,0,0,80,2,22,1015,85,19,17,30,0,8,68,0,2,0,0,0,0,0,207,45,100,0,0,0,3,65,0,0,8,2,0,8,1,75,0,7,88,61,79,0,3270,65,0,1,100,23,69,62,46,0,0,0,0,1,11,36,34,22,35,86,0,2,0,0,0,44,6,15,4,0,0,73,47,1023,15,0,-19,0,0,62
45,7,7,6,6,31,Bijan,Robinson,250,87,0,184,19,92,0,10,1305,14,1305,91,21,0,0,90,0,4,4,70,0,0,89,2,8,1015,93,36,57,46,0,8,86,0,0,0,0,0,0,0,214,12,100,0,0,4,3,65,0,0,7,2,4,0,1,75,0,1,37,81,90,0,229,90,0,1,100,23,81,87,73,0,0,0,0,24,47,72,49,38,57,57,29,41,0,1,1,27,35,36,41,383,0,61,55,1023,71,0,-19,0,0,127
12,0,0,0,0,33,Andy,Lee,0,87,0,0,75,63,0,7,1306,1009,1306,64,41,0,0,70,2,4,4,20,0,0,50,0,23,1009,84,35,11,14,0,8,12,0,2,0,0,0,0,0,166,45,72,2,2,0,3,50,0,0,14,0,0,0,3,77,0,6,45,73,27,19,615,40,0,1,100,92,40,74,59,0,0,0,0,4,10,99,10,5,20,10,10,5,0,20,20,5,2,7,5,0,0,73,25,999,10,6,-31,0,0,274
45,5,5,7,7,17,Jahmyr,Gibbs,250,84,0,184,10,93,0,10,1307,19,1307,94,21,0,0,84,0,4,4,72,0,0,92,2,12,1015,88,30,52,30,0,8,77,0,0,0,0,0,0,0,3,12,100,0,0,4,3,65,0,0,26,2,4,0,1,75,0,1,26,77,81,0,368,88,0,1,100,14,72,83,66,0,0,0,0,1,8,78,58,41,51,96,36,41,0,1,1,45,23,48,47,383,0,69,39,1023,80,0,-19,0,0,424
45,7,7,5,5,15,Zach,Evans,397,79,0,184,11,92,0,1,1309,24,1309,90,22,0,0,80,0,4,4,63,0,0,86,2,38,1015,83,27,48,40,0,8,75,0,0,0,0,0,0,0,432,45,100,0,0,4,3,65,0,0,21,2,4,12,1,75,0,6,22,67,81,0,3118,82,0,1,100,15,65,76,63,0,0,0,0,27,54,74,4,24,13,83,30,17,0,1,1,15,34,8,24,397,0,61,42,1023,53,0,-19,0,0,445
45,7,7,5,5,15,Israel,Abanikanda,417,83,0,184,13,90,0,1,1311,18,1311,92,21,0,0,82,0,4,4,61,0,0,83,2,8,1015,85,43,49,48,0,8,75,0,0,0,0,0,0,0,166,45,100,0,0,4,3,65,0,0,25,2,4,32,1,75,0,5,24,69,88,0,2699,86,0,1,100,18,67,77,64,0,0,0,0,25,42,72,10,22,20,72,34,10,0,1,1,56,36,41,9,417,0,60,56,1023,79,0,-19,0,0,519
45,6,6,7,7,35,Devon,Achane,250,84,0,184,13,94,0,4,1312,12,1312,95,22,0,0,87,0,4,4,65,0,0,91,2,21,1015,91,30,45,32,0,8,76,0,0,0,0,0,0,0,215,45,100,0,0,4,3,65,0,0,28,2,4,0,1,75,0,3,44,76,82,0,1380,92,0,1,100,18,68,81,59,0,0,0,0,26,31,41,16,16,40,19,4,1,0,1,1,64,24,2,20,383,0,68,28,1023,81,0,-19,0,0,431
45,5,5,6,6,14,Zach,Charbonnet,250,86,0,184,16,89,0,7,1314,28,1314,88,22,0,0,83,0,4,4,69,0,0,82,2,21,1015,87,50,50,48,0,8,83,0,0,0,0,0,0,0,226,45,100,0,0,4,3,65,0,0,26,2,4,0,1,75,0,2,23,74,85,0,1276,93,0,1,100,18,79,83,69,0,0,0,0,0,2,37,34,22,34,7,37,50,0,1,1,44,27,10,1,383,0,72,54,1023,65,0,-19,0,0,393
45,6,6,5,5,19,Eric,Gray,408,86,0,184,10,90,0,1,1318,16,1318,86,24,0,0,90,0,4,4,72,0,0,85,2,37,1015,92,25,54,31,0,8,76,0,1,0,0,0,0,0,157,45,100,0,0,4,3,65,0,0,20,2,4,24,1,75,0,5,24,69,86,0,2924,85,0,1,100,16,69,78,71,0,0,0,0,7,46,16,27,55,48,42,39,35,0,1,1,16,37,28,38,408,0,69,47,1023,73,0,-19,0,0,224
45,5,5,7,7,15,Tyjae,Spears,250,85,0,184,18,91,0,1,1319,30,1319,88,22,0,0,86,0,4,4,63,0,0,87,2,18,1015,86,30,53,45,0,8,78,0,0,0,0,0,0,0,221,45,100,0,0,4,3,65,0,0,32,2,4,0,1,75,0,3,29,73,89,0,1375,91,0,1,100,21,65,80,67,0,0,0,0,29,2,41,6,25,26,1,19,52,0,1,1,51,12,21,35,383,0,60,41,1023,62,0,-19,0,0,471
45,7,7,7,7,15,DeWayne,McBride,0,82,0,0,16,91,0,1,1320,1009,1320,89,22,0,0,85,0,4,4,60,0,0,88,2,5,1015,90,43,53,33,0,8,79,0,0,0,0,0,0,0,224,45,100,0,0,0,3,65,0,0,27,2,0,12,1,75,0,7,25,67,78,0,3154,78,0,1,100,20,74,76,65,0,0,0,0,7,9,78,32,53,55,22,1,38,0,1,1,62,27,5,43,0,0,60,49,1023,55,0,-19,0,0,371
45,7,7,5,5,7,Mohamed,Ibrahim,250,82,0,184,17,83,0,7,1323,33,1323,90,25,0,0,73,0,4,4,89,0,0,81,2,63,1009,54,38,37,32,0,8,70,0,0,0,0,0,0,0,120,45,100,0,0,3,3,65,0,0,127,2,3,0,1,75,0,15,18,79,83,0,3482,75,0,1,100,34,69,71,50,0,0,0,0,17,5,69,19,36,12,32,12,31,0,1,1,20,27,21,36,250,0,68,43,1023,25,0,-19,0,0,401
45,6,6,5,5,16,Tank,Bigsby,250,86,0,184,15,91,0,4,1324,17,1324,88,22,0,0,88,0,4,4,62,0,0,84,2,25,1015,92,32,51,34,0,8,79,0,0,0,0,0,0,0,14,45,100,0,0,4,3,65,0,0,4,2,4,0,1,75,0,3,27,71,81,0,1385,87,0,1,100,17,75,79,69,0,0,0,0,9,55,59,2,46,27,22,18,11,0,1,1,52,33,18,1,383,0,72,50,1023,76,0,-19,0,0,387
45,5,5,5,5,35,Chase,Brown,413,90,0,184,13,93,0,7,1325,2,1325,91,23,0,0,83,0,4,4,68,0,0,86,2,28,1015,88,27,56,49,0,8,74,0,0,0,0,0,0,0,84,45,100,0,0,4,3,65,0,0,30,2,4,28,1,75,0,5,45,68,91,0,2865,83,0,1,100,15,70,77,61,0,0,0,0,29,55,77,51,35,37,30,14,18,0,1,1,25,9,9,15,413,0,69,49,1023,70,0,-19,0,0,236
45,5,5,6,6,39,Kenny,McIntosh,393,82,0,184,20,89,0,1,1326,28,1326,87,23,0,0,78,0,4,4,73,0,0,83,2,20,1015,84,39,55,47,0,8,81,0,0,0,0,0,0,0,70,45,100,0,0,4,3,65,0,0,25,2,4,8,1,75,0,7,53,64,83,0,3257,86,0,1,100,19,66,79,64,0,0,0,0,7,13,29,25,29,11,65,10,34,0,1,1,53,7,14,0,393,0,72,44,1023,77,0,-19,0,0,240
45,5,5,6,6,21,Sean,Tucker,250,83,0,184,21,90,0,4,1327,6,1327,92,22,0,0,88,0,4,4,70,0,0,78,2,63,1009,91,35,48,44,0,8,77,0,0,0,0,0,0,0,205,45,100,0,0,1,3,65,0,0,44,2,1,0,1,75,0,15,26,62,90,0,3483,86,0,1,100,22,73,61,62,0,0,0,0,29,24,33,41,38,18,21,9,55,0,2,1,10,13,38,47,250,0,69,47,1023,65,0,-19,0,0,399
45,7,7,6,6,26,Kendre,Miller,250,81,0,184,15,90,0,1,1329,27,1329,90,21,0,0,89,0,4,4,64,0,0,84,2,8,1015,89,57,47,36,0,8,80,0,0,0,0,0,0,0,207,45,100,0,0,4,3,65,0,0,25,2,4,0,1,75,0,3,36,69,84,0,1341,84,0,1,100,18,76,79,66,0,0,0,0,9,12,67,15,41,59,75,28,21,0,1,1,30,7,2,14,383,0,61,55,1023,45,0,-19,0,0,410
45,7,7,6,6,32,Travis,Dye,269,84,0,184,27,83,0,7,1330,33,1330,92,24,0,0,70,0,4,4,60,0,0,81,2,63,1009,63,35,19,30,0,8,77,0,0,0,0,0,0,0,231,45,100,0,0,3,3,65,0,0,35,2,3,0,1,75,0,15,14,64,83,0,3489,70,0,1,100,26,70,69,50,0,0,0,0,18,4,50,40,49,20,66,22,33,0,1,1,26,28,3,19,269,0,60,41,1023,84,0,-19,0,0,33
45,7,7,6,6,31,Hunter,Luepke,250,78,0,184,21,91,0,7,1331,11,1331,86,23,0,0,87,0,4,4,71,0,0,83,2,63,1009,87,49,51,56,0,8,53,0,1,0,0,0,0,0,315,45,100,0,0,1,3,65,0,0,40,2,1,184,1,75,0,15,43,63,87,0,3541,74,0,1,100,20,69,51,45,0,0,0,0,23,13,11,13,39,36,26,19,18,0,2,2,72,10,40,20,250,0,73,70,1023,67,0,-19,0,0,12
45,5,5,5,5,38,Roschon,Johnson,460,81,0,184,24,89,0,7,1332,1,1332,86,22,0,0,85,0,4,4,65,0,0,82,2,13,1015,89,33,58,33,0,8,82,0,0,0,0,0,0,0,214,45,100,0,0,4,3,65,0,0,30,2,4,76,1,75,0,4,51,70,77,0,1675,95,0,1,100,26,78,81,66,0,0,0,0,19,55,61,10,22,56,89,16,16,0,1,1,5,11,24,47,460,0,72,59,1023,72,0,-19,0,0,388
45,5,5,6,6,24,Keaton,Mitchell,269,84,0,184,10,95,0,1,1333,33,1333,93,21,0,0,79,0,4,4,71,0,0,81,2,63,1009,88,27,39,40,0,8,75,0,0,0,0,0,0,0,54,45,100,0,0,3,3,65,0,0,34,2,3,0,1,75,0,15,27,64,90,0,3498,82,0,1,100,10,55,75,48,0,0,0,0,14,8,65,32,23,13,22,4,67,0,1,1,21,23,38,35,269,0,68,19,1023,65,0,-19,0,0,356
45,6,6,5,5,15,Deuce,Vaughn,397,89,0,184,12,90,0,4,1334,11,1334,89,22,0,0,89,0,4,4,66,0,0,90,2,35,1015,91,25,44,35,0,8,72,0,0,0,0,0,0,0,96,45,100,0,0,4,3,65,0,0,42,2,4,12,1,75,0,6,24,68,83,0,3109,92,0,1,100,19,58,75,51,0,0,0,0,13,10,75,37,35,12,31,20,40,0,1,1,15,8,7,22,397,0,65,19,1023,69,0,-19,0,0,390
45,5,5,6,6,20,Chris,Rodriguez Jr.,250,82,0,184,12,91,0,1,1335,26,1335,89,23,0,0,90,0,4,4,60,0,0,79,2,16,1015,92,39,57,45,0,8,78,0,0,0,0,0,0,0,98,45,100,0,0,4,3,65,0,0,23,2,4,0,1,75,0,6,27,64,80,0,3044,85,0,1,100,14,69,76,63,0,0,0,0,5,40,20,36,15,16,17,28,60,0,1,1,44,2,14,23,383,0,72,57,1023,60,0,-19,0,0,379
45,6,6,7,7,7,SaRodorick,Thompson Jr.,0,80,0,0,28,79,0,10,1336,1009,1336,85,24,0,0,60,0,4,4,76,0,0,78,2,63,1009,82,30,37,25,0,8,73,0,0,0,0,0,0,0,217,45,100,0,0,0,3,65,0,0,29,2,0,0,1,75,0,15,19,63,80,0,3512,76,0,1,100,25,71,68,50,0,0,0,0,15,53,15,47,20,17,8,33,9,0,1,1,50,8,37,9,0,0,61,47,1023,16,0,-19,0,0,106
45,7,7,5,5,15,Evan,Hull,408,85,0,184,15,91,0,7,1337,10,1337,90,23,0,0,87,0,4,4,71,0,0,87,2,41,1015,90,32,49,42,0,8,74,0,2,0,0,0,0,0,151,45,100,0,0,4,3,65,0,0,26,2,4,24,1,75,0,5,25,66,87,0,2963,88,0,1,100,19,71,58,58,0,0,0,0,10,4,56,17,27,58,46,16,50,0,2,1,25,0,29,9,408,0,60,49,1023,74,0,-19,0,0,162
45,6,6,5,5,12,Cam,Peoples,269,93,0,184,25,81,0,1,1338,33,1338,87,24,0,0,64,0,4,4,68,0,0,81,2,63,1009,54,13,34,32,0,8,72,0,1,0,0,0,0,0,7,45,100,0,0,3,3,65,0,0,127,2,3,0,1,75,0,15,25,65,86,0,3520,70,0,1,100,22,72,66,50,0,0,0,0,6,32,56,45,21,18,20,9,57,0,1,1,9,23,13,1,269,0,73,57,1023,66,0,-19,0,0,488
45,6,6,7,7,15,Tiyon,Evans,270,77,0,184,28,81,0,1,1339,33,1339,90,22,0,0,55,0,4,4,67,0,0,81,2,63,1009,78,13,32,37,0,8,71,0,1,0,0,0,0,0,105,45,100,0,0,3,3,65,0,0,127,2,3,0,1,75,0,15,26,96,78,0,3529,68,0,1,100,18,74,66,50,0,0,0,0,0,22,24,12,23,38,42,35,62,0,1,1,27,13,24,36,270,0,69,65,1023,11,0,-19,0,0,44
45,7,7,5,5,20,Deneric,Prince,0,74,0,0,15,85,0,4,1340,1009,1340,94,23,0,0,73,0,4,4,78,0,0,81,2,63,1009,71,28,31,42,0,8,63,0,0,0,0,0,0,0,222,45,100,0,0,0,3,65,0,0,34,2,0,0,1,75,0,15,17,65,84,0,3517,69,0,1,100,32,72,66,50,0,0,0,0,17,22,27,56,54,12,26,19,57,0,1,1,10,17,9,18,0,0,72,56,1023,39,0,-19,0,0,69
45,7,7,6,6,19,Tavion,Thomas,0,70,0,0,25,76,0,1,1341,33,1341,83,23,0,0,78,0,4,4,75,0,0,81,2,63,1009,52,26,23,45,0,8,70,0,0,0,0,0,0,0,233,45,100,0,0,0,3,65,0,0,127,2,0,0,1,75,0,15,10,53,77,0,4186,75,0,1,100,35,76,65,50,0,0,0,0,10,51,61,40,55,55,4,10,37,0,1,1,2,15,27,15,0,0,72,77,1023,11,0,-19,0,0,127
45,7,7,2,2,10,Jalin,Hyatt,250,82,0,184,19,95,0,7,1342,16,1342,93,22,0,0,83,0,4,4,84,0,0,82,2,10,1015,89,17,28,50,0,8,69,0,0,0,0,0,0,0,211,45,100,0,0,4,3,65,0,0,13,2,4,0,1,75,0,3,25,70,90,0,1348,75,0,1,100,19,57,71,68,0,0,0,0,14,35,77,4,31,0,40,19,37,0,3,3,80,8,49,24,383,0,72,16,1023,40,0,-19,0,0,188
45,3,3,2,2,40,Josh,Downs,250,86,0,184,25,93,0,1,1343,10,1343,90,22,0,0,86,0,4,4,84,0,0,91,2,16,1015,90,22,25,44,0,8,70,0,0,0,0,0,0,0,135,45,100,0,0,4,3,65,0,0,1,2,4,0,1,75,0,3,54,71,91,0,1372,74,0,1,100,27,51,68,60,0,0,0,0,22,24,108,34,40,51,29,27,7,0,3,3,68,9,45,17,383,0,69,11,1023,74,0,-19,0,0,4
45,7,7,7,7,15,Quentin,Johnston,250,85,0,184,18,90,0,10,1344,8,1344,89,22,0,0,87,0,4,4,81,0,0,83,2,21,1015,89,31,35,52,0,8,82,0,0,0,0,0,0,0,207,12,100,0,0,4,3,65,0,0,1,2,4,0,1,75,0,1,30,74,94,0,571,72,0,1,100,22,70,72,76,0,0,0,0,34,39,37,17,13,31,6,17,32,0,3,3,38,5,31,2,383,0,75,48,1023,40,0,-19,0,0,60
45,2,2,3,3,15,Cedric,Tillman,250,83,0,184,15,90,0,7,1345,5,1345,88,23,0,0,83,0,4,4,85,0,0,79,2,11,1015,87,35,33,55,0,8,73,0,0,0,0,0,0,0,211,45,100,0,0,4,3,65,0,0,89,2,4,0,1,75,0,3,22,69,88,0,1351,75,0,1,100,19,70,70,71,0,0,0,0,32,20,105,35,30,41,64,2,8,0,3,3,45,6,6,19,383,0,75,53,1023,45,0,-19,0,0,84
45,6,6,7,7,39,Jordan,Addison,250,87,0,184,17,91,0,7,1347,31,1347,89,21,0,0,84,0,4,4,82,0,0,86,2,23,1015,90,37,27,42,0,8,71,0,0,0,0,0,0,0,231,12,100,0,0,4,3,65,0,0,3,2,4,0,1,75,0,1,58,76,84,0,583,78,0,1,100,23,52,71,74,0,0,0,0,21,37,66,8,26,36,66,15,18,0,3,3,85,9,42,7,383,0,61,13,1023,76,0,-19,0,0,64
45,7,7,3,3,10,Tyler,Scott,250,81,0,184,15,93,0,4,1348,1,1348,92,22,0,0,85,0,4,4,79,0,0,84,2,31,1015,88,40,25,41,0,8,73,0,0,0,0,0,0,0,36,45,100,0,0,4,3,65,0,0,13,2,4,0,1,75,0,4,26,71,91,0,2574,74,0,1,100,20,53,69,69,0,0,0,0,18,22,100,5,2,2,4,13,12,0,3,3,0,8,14,18,383,0,60,17,1023,71,0,-19,0,0,244
45,6,6,7,7,35,Zay,Flowers,250,92,0,184,15,92,0,7,1349,25,1349,93,23,0,0,89,0,4,4,80,0,0,92,2,22,1015,92,36,28,50,0,8,75,0,0,0,0,0,0,0,20,12,100,0,0,4,3,65,0,0,4,2,4,0,1,75,0,1,51,77,85,0,582,73,0,1,100,20,55,69,66,0,0,0,0,16,1,21,3,49,28,58,18,32,0,3,3,58,8,35,18,383,0,69,22,1023,72,0,-19,0,0,85
45,4,4,4,4,15,Tank,Dell,250,93,0,184,13,93,0,1,1350,32,1350,90,24,0,0,81,0,4,4,82,0,0,90,2,6,1015,84,21,27,51,0,8,69,0,0,0,0,0,0,0,80,45,100,0,0,4,3,65,0,0,13,2,4,0,1,75,0,3,27,72,80,0,1338,70,0,1,100,19,47,64,57,0,0,0,0,39,13,83,23,23,22,61,5,37,0,3,3,54,1,22,13,383,0,68,5,1023,79,0,-19,0,0,119
45,6,6,6,6,10,Jaxon,Smith-Njigba,250,80,0,184,11,90,0,1,1351,28,1351,89,21,0,0,82,0,4,4,87,0,0,94,2,20,1015,87,24,31,53,0,8,74,0,0,0,0,0,0,0,156,12,100,0,0,4,3,65,0,0,11,2,4,0,1,75,0,1,29,78,86,0,561,72,0,1,100,16,63,73,70,0,0,0,0,3,16,81,32,49,4,34,26,29,0,3,3,71,7,0,28,383,0,73,36,1023,70,0,-19,0,0,23
45,2,2,4,4,15,Kayshon,Boutte,402,83,0,184,11,90,0,4,1352,22,1352,88,21,0,0,79,0,4,4,79,0,0,83,2,10,1015,85,26,29,47,0,8,76,0,0,0,0,0,0,0,106,45,100,0,0,4,3,65,0,0,80,2,4,16,1,75,0,6,28,66,83,0,3021,73,0,1,100,16,56,59,51,0,0,0,0,7,29,23,37,1,40,2,12,21,0,3,3,29,0,36,3,402,0,61,35,1023,69,0,-19,0,0,36
45,7,7,6,6,10,A. T.,Perry,250,89,0,184,49,93,0,7,1353,27,1353,90,24,0,0,90,0,4,4,80,0,0,85,2,18,1015,91,38,34,56,0,8,74,0,0,0,0,0,0,0,249,45,100,0,0,4,3,65,0,0,17,2,4,0,1,75,0,6,23,68,85,0,3047,74,0,1,100,53,68,67,65,0,0,0,0,20,30,106,31,33,51,42,17,15,0,3,3,59,7,35,6,383,0,75,38,1023,44,0,-19,0,0,104
45,6,6,3,3,10,Jonathan,Mingo,250,91,0,184,18,92,0,4,1354,21,1354,90,22,0,0,85,0,4,4,81,0,0,82,2,8,1015,88,43,32,53,0,8,74,0,0,0,0,0,0,0,159,45,100,0,0,4,3,65,0,0,15,2,4,0,1,75,0,2,30,72,89,0,1046,76,0,1,100,25,71,70,71,0,0,0,0,28,38,32,56,41,32,25,10,12,0,3,3,58,1,27,5,383,0,74,60,1023,57,0,-19,0,0,40
45,7,7,2,2,15,Marvin,Mims Jr.,250,84,0,184,12,94,0,4,1355,4,1355,92,21,0,0,89,0,4,4,83,0,0,88,2,32,1015,91,23,28,48,0,8,75,0,0,0,0,0,0,0,157,45,100,0,0,4,3,65,0,0,83,2,4,0,1,75,0,2,29,74,92,0,1321,74,0,1,100,17,55,72,70,0,0,0,0,25,37,80,21,26,14,26,11,2,0,3,3,54,8,14,5,383,0,61,23,1023,75,0,-19,0,0,15
45,6,6,6,6,10,Elijah,Higgins,250,82,0,184,18,90,0,4,1356,7,1356,89,23,0,0,90,0,4,4,81,0,0,81,2,20,1009,92,24,27,48,0,8,77,0,0,0,0,0,0,0,200,45,100,0,0,4,3,65,0,0,127,2,4,0,1,75,0,6,25,65,84,0,3049,71,0,1,100,19,64,66,69,0,0,0,0,1,43,99,32,12,32,3,10,36,0,4,4,34,8,46,4,383,0,75,75,1023,50,0,-19,0,0,244
45,5,5,7,7,13,CJ,Johnson,0,67,0,0,7,85,0,1,1357,33,1357,92,23,0,0,73,0,4,4,90,0,0,86,2,63,1009,59,27,9,19,0,8,70,0,1,0,0,0,0,0,54,45,100,0,0,0,3,65,0,0,127,2,0,0,1,75,0,15,40,58,85,0,4188,73,0,1,100,12,74,71,64,0,0,0,0,40,26,48,5,31,11,16,18,2,0,3,3,39,6,29,1,0,0,73,64,1023,29,0,-19,0,0,60
45,5,5,7,7,15,Tre,Tucker,250,79,0,184,22,91,0,1,1358,23,1358,91,22,0,0,84,0,4,4,81,0,0,85,2,37,1015,88,24,26,54,0,8,76,0,0,0,0,0,0,0,36,45,100,0,0,4,3,65,0,0,11,2,4,0,1,75,0,3,26,70,87,0,1515,71,0,1,100,23,53,61,50,0,0,0,0,23,29,87,41,12,40,26,20,34,0,3,3,70,0,24,6,383,0,69,22,1023,80,0,-19,0,0,16
45,4,4,2,2,15,Andrei,Iosivas,399,81,0,184,21,91,0,7,1359,2,1359,92,24,0,0,86,0,4,4,82,0,0,89,2,29,1015,88,28,22,37,0,8,76,0,0,0,0,0,0,0,168,45,100,0,0,4,3,65,0,0,80,2,4,12,1,75,0,6,30,66,90,0,3084,73,0,1,100,24,63,65,54,0,0,0,0,7,1,75,52,0,56,28,16,4,0,3,3,52,7,26,7,399,0,75,45,1023,50,0,-19,0,0,232
45,4,4,3,3,10,Justin,Shorter,416,85,0,184,11,89,0,4,1360,33,1360,88,23,0,0,84,0,4,4,83,0,0,77,2,15,1015,87,39,36,55,0,8,70,0,0,0,0,0,0,0,62,45,100,0,0,4,3,65,0,0,18,2,4,32,1,75,0,5,34,67,88,0,2789,72,0,1,100,16,69,70,75,0,0,0,0,6,51,26,7,8,15,2,0,8,0,3,3,24,1,46,0,416,0,76,69,1023,40,0,-19,0,0,506
3,4,4,4,4,6,Jason,Pierre-Paul,0,79,0,0,21,78,0,4,1361,33,1361,78,34,0,0,70,2,7,7,54,0,0,79,2,15,16,89,82,45,45,0,8,30,0,0,0,0,0,0,0,232,45,79,5,5,0,3,0,0,1,4,2,0,0,3,96,0,1,33,73,82,13,718,37,0,1,100,22,85,83,83,0,0,0,0,3,32,57,48,17,48,13,20,22,0,15,11,65,4,33,22,0,0,77,115,999,10,5,-19,0,0,472
3,6,6,6,6,6,Linval,Joseph,0,82,0,0,16,67,0,3,1362,33,1362,73,35,0,0,85,2,4,4,24,0,0,60,2,14,1009,88,85,45,45,0,8,10,2,0,0,0,0,0,0,54,40,56,2,2,0,3,0,0,1,72,1,0,0,3,85,0,2,20,77,74,13,711,40,4,1,100,15,94,84,80,0,0,0,0,11,38,37,24,20,28,9,23,18,0,12,12,14,21,43,22,0,0,76,169,999,10,1,-19,0,0,332
45,4,4,5,5,20,Michael,Wilson,250,76,0,184,24,89,0,7,1363,7,1363,87,23,0,0,80,0,4,4,78,0,0,89,2,31,1015,83,42,32,56,0,8,77,0,0,0,0,0,0,0,200,45,100,0,0,4,3,65,0,0,14,2,4,0,1,75,0,3,33,69,93,0,1428,70,0,1,100,25,72,65,63,0,0,0,0,18,5,4,24,46,54,3,20,36,0,3,3,72,0,12,5,383,0,74,53,1023,60,0,-19,0,0,494
45,2,2,7,7,15,Rashee,Rice,250,89,0,184,20,91,0,1,1364,9,1364,88,23,0,0,88,0,4,4,83,0,0,84,2,24,1015,91,32,37,58,0,8,78,0,0,0,0,0,0,0,192,45,100,0,0,4,3,65,0,0,4,2,4,0,1,75,0,2,27,73,92,0,1289,71,0,1,100,25,67,71,72,0,0,0,0,8,39,72,28,3,46,50,10,10,0,3,3,5,1,4,1,383,0,73,44,1023,40,0,-19,0,0,488
45,3,3,5,5,35,Jayden,Reed,250,88,0,184,14,92,0,4,1365,20,1365,91,23,0,0,86,0,4,4,80,0,0,87,2,19,1015,86,31,22,49,0,8,71,0,0,0,0,0,0,0,118,45,100,0,0,4,3,65,0,0,11,2,4,0,1,75,0,2,52,73,82,0,1236,69,0,1,100,19,58,68,68,0,0,0,0,18,7,59,43,14,11,7,18,7,0,3,3,60,3,47,2,383,0,61,27,1023,82,0,-19,0,0,240
45,5,5,6,6,10,Charlie,Jones,250,82,0,184,14,89,0,7,1366,2,1366,90,25,0,0,83,0,4,4,86,0,0,88,2,29,1015,82,34,29,46,0,8,70,0,0,0,0,0,0,0,169,45,100,0,0,4,3,65,0,0,15,2,4,0,1,75,0,4,29,70,87,0,2567,73,0,1,100,18,56,68,62,0,0,0,0,17,6,108,12,27,32,22,4,31,0,3,3,10,9,30,8,383,0,61,15,1023,81,0,-19,0,0,38
45,5,5,2,2,15,Jason,Brownlee,269,65,0,184,19,82,0,1,1367,18,1367,88,24,0,0,53,0,4,4,90,0,0,86,2,63,1009,74,19,33,37,0,8,68,0,0,0,0,0,0,0,194,45,100,0,0,3,3,65,0,0,16,2,3,0,1,75,0,15,22,77,90,0,3574,67,0,1,100,9,67,69,65,0,0,0,0,6,9,94,24,36,13,16,18,33,0,3,3,85,8,42,6,269,0,74,38,1023,53,0,-19,0,0,64
45,4,4,5,5,10,Parker,Washington,403,85,0,184,18,91,0,4,1368,17,1368,89,21,0,0,87,0,4,4,84,0,0,87,2,8,1015,89,30,24,43,0,8,77,0,0,0,0,0,0,0,164,45,100,0,0,4,3,65,0,0,11,2,4,16,1,75,0,6,25,69,89,0,2999,76,0,1,100,20,66,64,52,0,0,0,0,22,45,34,25,16,26,6,26,29,0,3,3,49,4,40,18,403,0,60,44,1023,78,0,-19,0,0,393
45,5,5,6,6,13,Jalen,Wayne,250,63,0,184,12,83,0,1,1369,33,1369,91,24,0,0,56,0,4,4,89,0,0,77,2,63,1009,50,13,37,45,0,8,70,0,0,0,0,0,0,0,379,45,100,0,0,3,3,65,0,0,127,2,3,184,1,75,0,15,33,69,83,0,3564,70,0,1,100,12,70,69,66,0,0,0,0,12,11,109,33,33,28,35,7,32,0,3,3,80,2,18,14,250,0,74,50,1023,71,0,-19,0,0,461
45,4,4,4,4,39,Dontayvion,Wicks,414,80,0,184,20,88,0,1,1371,20,1371,89,22,0,0,85,0,4,4,76,0,0,87,2,24,1015,86,29,23,45,0,8,71,0,0,0,0,0,0,0,240,45,100,0,0,4,3,65,0,0,13,2,4,28,1,75,0,5,53,68,90,0,2843,69,0,1,100,24,60,64,64,0,0,0,0,26,22,88,38,3,53,11,25,36,0,3,3,28,8,47,25,414,0,73,46,1023,40,0,-19,0,0,356
45,5,5,2,2,15,Jalen,Brooks,392,80,0,184,15,90,0,4,1372,11,1372,88,23,0,0,82,0,4,4,77,0,0,80,2,27,1015,87,28,21,38,0,8,73,0,0,0,0,0,0,0,176,45,100,0,0,4,3,65,0,0,83,2,4,8,1,75,0,7,25,65,84,0,3344,71,0,1,100,19,61,64,66,0,0,0,0,4,30,4,35,1,56,34,12,9,0,3,3,37,8,48,29,392,0,73,41,1023,60,0,-19,0,0,149
45,6,6,5,5,10,Derius,Davis,250,80,0,184,16,94,0,1,1373,8,1373,94,23,0,0,82,0,4,4,82,0,0,82,2,23,1015,85,34,26,44,0,8,70,0,0,0,0,0,0,0,207,45,100,0,0,4,3,65,0,0,12,2,4,0,1,75,0,4,23,69,77,0,1873,72,0,1,100,17,59,65,58,0,0,0,0,39,6,109,5,31,28,26,8,10,0,3,3,18,3,42,6,383,0,68,5,1023,84,0,-19,0,0,138
45,3,3,5,5,10,Jalen,Morno-Cropper,250,86,0,184,13,92,0,7,1375,33,1375,92,22,0,0,92,0,4,4,81,0,0,81,2,63,1009,93,35,24,45,0,8,72,0,0,0,0,0,0,0,66,45,100,0,0,1,3,65,0,0,127,2,1,184,1,75,0,15,25,68,80,0,3573,65,0,1,100,17,59,60,49,0,0,0,0,19,5,46,4,25,38,32,12,32,0,3,3,22,7,44,13,250,0,61,12,1023,73,0,-19,0,0,356
45,2,2,2,2,12,Dontay,Demus Jr.,269,61,0,184,33,82,0,10,1376,33,1376,89,23,0,0,75,0,4,4,90,0,0,85,2,63,1009,45,31,12,27,0,8,75,0,0,0,0,0,0,0,111,45,100,0,0,3,3,65,0,0,18,2,3,0,1,75,0,15,24,61,84,0,3580,68,0,1,100,18,71,68,61,0,0,0,0,7,31,13,28,40,10,43,2,15,0,3,3,48,5,19,8,269,0,75,52,1023,76,0,-19,0,0,460
45,6,6,2,2,15,Matt,Landers,0,82,0,0,15,92,0,4,1377,1009,1377,92,24,0,0,92,0,4,4,78,0,0,88,2,63,1009,93,26,29,49,0,8,73,0,0,0,0,0,0,0,10,45,100,0,0,0,3,65,0,0,17,2,0,0,1,75,0,15,28,65,87,0,3585,71,0,1,100,19,56,64,59,0,0,0,0,21,1,76,37,1,52,54,24,20,0,3,3,52,9,26,27,0,0,76,40,1023,45,0,-19,0,0,453
45,5,5,5,5,42,Xavier,Hutchinson,400,87,0,184,15,89,0,7,1378,32,1378,88,23,0,0,91,0,4,4,85,0,0,86,2,28,1015,92,32,26,47,0,8,75,0,2,0,0,0,0,0,90,45,100,0,0,4,3,65,0,0,19,2,4,16,1,75,0,6,57,67,86,0,3077,71,0,1,100,19,62,68,65,0,0,0,0,10,19,15,44,17,10,11,24,34,0,3,3,31,1,3,20,400,0,74,43,1023,29,0,-19,0,0,126
45,7,7,3,3,15,Antoine,Green,395,84,0,184,14,90,0,2,1379,19,1379,90,24,0,0,81,0,4,4,80,0,0,84,2,2,1015,85,29,25,46,0,8,75,0,0,0,0,0,0,0,135,45,100,0,0,4,3,65,0,0,80,2,4,12,1,75,0,7,24,66,83,0,3140,73,0,1,100,20,61,61,53,0,0,0,0,11,52,83,29,17,2,63,21,3,0,3,3,63,3,5,7,395,0,74,39,1023,58,0,-19,0,0,223
45,3,3,4,4,32,Malik,Knowles,269,73,0,184,30,83,0,10,1380,33,1380,90,23,0,0,83,0,4,4,86,0,0,87,2,63,1009,52,12,13,32,0,8,70,0,2,0,0,0,0,0,96,45,100,0,0,3,3,65,0,0,81,2,3,0,1,75,0,15,12,75,83,0,3593,81,0,1,100,18,67,68,62,0,0,0,0,39,25,23,12,35,16,35,22,32,0,3,3,60,1,34,20,269,0,74,36,1023,55,0,-19,0,0,224
45,7,7,7,7,31,Grant,DuBose,0,84,0,0,15,90,0,4,1381,1009,1381,87,22,0,0,89,0,4,4,78,0,0,85,2,39,1015,90,29,31,51,0,8,72,0,0,0,0,0,0,0,423,45,100,0,0,0,3,65,0,0,86,2,0,8,1,75,0,7,51,64,85,0,3440,73,0,1,100,17,60,64,64,0,0,0,0,20,14,91,20,51,12,3,4,14,0,3,3,16,0,40,28,0,0,74,41,1023,63,0,-19,0,0,137
45,6,6,4,4,10,Puka,Nacua,408,79,0,184,25,88,0,7,1382,24,1382,87,23,0,0,80,0,4,4,82,0,0,78,2,42,1015,83,28,30,51,0,8,73,0,0,0,0,0,0,0,26,45,100,0,0,4,3,65,0,0,17,2,4,24,1,75,0,5,25,67,81,0,2965,71,0,1,100,29,65,68,72,0,0,0,0,5,0,18,13,47,6,34,19,24,0,3,3,50,7,17,26,408,0,74,41,1023,35,0,-19,0,0,467
45,3,3,3,3,26,Ronnie,Bell,391,81,0,184,12,90,0,4,1383,15,1383,88,23,0,0,81,0,4,4,80,0,0,90,2,36,1015,84,26,33,54,0,8,76,0,0,0,0,0,0,0,117,45,100,0,0,4,3,65,0,0,10,2,4,8,1,75,0,7,47,65,91,0,3405,70,0,1,100,18,58,58,43,0,0,0,0,21,47,76,17,28,20,48,20,33,0,3,3,10,2,29,29,391,0,72,31,1023,68,0,-19,0,0,356
45,4,4,4,4,10,Trey,Palmer,250,81,0,184,15,92,0,7,1385,6,1385,95,22,0,0,88,0,4,4,77,0,0,80,2,14,1015,90,46,30,57,0,8,70,0,0,0,0,0,0,0,142,45,100,0,0,4,3,65,0,0,10,2,4,0,1,75,0,6,25,68,79,0,3039,72,0,1,100,18,54,69,73,0,0,0,0,21,29,90,51,18,36,34,0,38,0,3,3,68,9,8,9,383,0,72,32,1023,77,0,-19,0,0,244
45,2,2,6,6,15,Demario,Douglas,397,83,0,184,18,93,0,1,1386,22,1386,91,23,0,0,87,0,4,4,83,0,0,83,2,33,1015,89,41,30,52,0,8,71,0,0,0,0,0,0,0,104,45,100,0,0,4,3,65,0,0,81,2,4,12,1,75,0,6,25,67,89,0,3097,75,0,1,100,21,57,62,48,0,0,0,0,26,26,29,8,20,0,62,26,20,0,3,3,86,2,3,19,397,0,68,19,1023,77,0,-19,0,0,135
45,3,3,7,7,37,Jaray,Jenkins,269,79,0,184,34,81,0,4,1387,33,1387,88,23,0,0,67,0,4,4,89,0,0,86,2,63,1009,65,22,38,22,0,8,57,0,0,0,0,0,0,0,106,45,100,0,0,3,3,65,0,0,87,2,3,0,1,75,0,15,14,59,77,0,3626,82,0,1,100,23,69,66,59,0,0,0,0,29,30,93,21,25,42,12,12,29,0,3,3,67,4,33,2,269,0,74,44,1023,90,0,-19,0,0,55
45,4,4,3,3,10,Rakim,Jarrett,250,82,0,184,15,90,0,1,1388,6,1388,91,22,0,0,90,0,4,4,78,0,0,86,2,63,1009,92,27,32,53,0,8,72,0,0,0,0,0,0,0,111,45,100,0,0,3,3,65,0,0,18,2,3,0,1,75,0,15,21,65,83,0,3595,72,0,1,100,20,65,64,61,0,0,0,0,22,3,40,1,18,9,40,26,6,0,3,3,77,8,20,21,250,0,72,32,1023,71,0,-19,0,0,146
45,6,6,4,4,41,Jacob,Copeland,250,55,0,184,15,86,0,1,1389,33,1389,94,24,0,0,64,0,4,4,89,0,0,84,2,63,1009,95,10,12,27,0,8,43,0,0,0,0,0,0,0,111,45,100,0,0,1,3,65,0,0,127,2,1,184,1,75,0,15,41,61,82,0,3637,73,0,1,100,12,70,66,59,0,0,0,0,11,29,81,55,51,4,20,1,5,0,3,3,6,4,33,2,250,0,61,41,1023,37,0,-19,0,0,64
45,6,6,6,6,15,Bryce,Ford-Wheaton,269,71,0,184,25,86,0,10,1390,33,1390,95,2,0,0,52,0,4,4,86,0,0,88,2,63,1009,79,24,39,36,0,8,42,0,0,0,0,0,0,0,254,45,100,0,0,3,3,65,0,0,6,2,3,0,1,75,0,15,32,83,92,0,3623,82,0,1,100,18,74,66,57,0,0,0,0,33,15,103,39,37,24,18,16,17,0,3,3,32,5,43,9,269,0,76,61,1023,71,0,-19,0,0,401
45,3,3,6,6,12,Jadon,Haselwood,269,67,0,184,8,80,0,10,1391,33,1391,86,22,0,0,79,0,4,4,89,0,0,86,2,63,1009,66,9,36,42,0,8,70,0,0,0,0,0,0,0,10,45,100,0,0,3,3,65,0,0,87,2,3,0,1,75,0,15,36,56,86,0,3608,70,0,1,100,5,71,66,59,0,0,0,0,24,8,78,28,15,0,23,28,37,0,3,3,31,8,12,7,269,0,74,55,1023,61,0,-19,0,0,22
45,2,2,7,7,25,Joseph,Ngata,0,63,0,0,19,81,0,4,1392,1009,1392,90,22,0,0,92,0,4,4,90,0,0,81,2,63,1009,83,18,30,27,0,8,67,0,0,0,0,0,0,0,38,45,100,0,0,0,3,65,0,0,86,2,0,3,1,75,0,15,36,98,83,0,3616,80,0,1,100,19,72,66,57,0,0,0,0,29,19,56,5,10,23,62,7,33,0,3,3,41,5,6,11,0,0,75,57,1023,89,0,-19,0,0,15
45,4,4,4,4,24,Michael,Jefferson,0,69,0,0,8,83,0,1,1393,33,1393,89,24,0,0,91,0,4,4,89,0,0,83,2,63,1009,59,17,35,44,0,8,55,0,0,0,0,0,0,0,402,45,100,0,0,0,3,65,0,0,127,2,0,0,1,75,0,15,17,78,87,0,4191,77,0,1,100,13,67,66,58,0,0,0,0,13,20,32,42,28,50,4,20,11,0,3,3,40,3,24,28,0,0,76,39,1023,87,0,-19,0,0,61
45,2,2,2,2,12,Mitchell,Tinsley,271,59,0,184,21,82,0,7,1394,26,1394,88,24,0,0,89,0,4,4,87,0,0,87,2,63,1009,58,17,23,20,0,8,70,0,0,0,0,0,0,0,164,45,100,0,0,3,3,65,0,0,86,2,3,0,1,75,0,15,24,71,84,0,3600,68,0,1,100,29,67,66,60,0,0,0,0,14,10,103,1,10,13,20,10,26,0,3,3,52,9,43,1,271,0,72,39,1023,31,0,-19,0,0,67
45,3,3,2,2,39,Kearis,Jackson,250,77,0,184,8,83,0,4,1395,30,1395,89,24,0,0,54,0,4,4,87,0,0,86,2,63,1009,52,28,11,36,0,8,65,0,0,0,0,0,0,0,70,45,100,0,0,1,3,65,0,0,5,2,1,184,1,75,0,15,31,99,85,0,3641,74,0,1,100,13,69,66,59,0,0,0,0,30,16,96,38,9,22,9,3,34,0,3,3,23,7,33,26,250,0,61,36,1023,77,0,-19,0,0,77
45,2,2,7,7,14,Malik,Heath,269,54,0,184,7,81,0,7,1396,20,1396,86,23,0,0,81,0,4,4,89,0,0,85,2,63,1009,79,21,31,40,0,8,69,0,0,0,0,0,0,0,159,45,100,0,0,3,3,65,0,0,18,2,3,0,1,75,0,15,39,50,82,0,3635,80,0,1,100,25,71,66,59,0,0,0,0,21,22,59,4,14,15,54,9,17,0,3,3,13,1,41,5,269,0,74,53,1023,60,0,-19,0,0,143
45,3,3,5,5,10,Jake,Bobo,250,88,0,184,18,79,0,7,1397,28,1397,78,25,0,0,91,0,4,4,81,0,0,80,2,63,1009,91,33,31,52,0,8,72,0,2,0,0,0,0,0,226,45,100,0,0,1,3,65,0,0,19,2,1,184,1,75,0,15,31,63,86,0,3636,74,0,1,100,17,62,61,63,0,0,0,0,25,16,99,51,20,17,59,4,7,0,3,3,22,9,45,29,250,0,76,46,1023,32,0,-19,0,0,72
45,6,6,7,7,10,Luke,Musgrave,250,82,0,184,14,89,0,7,1398,20,1398,87,23,0,0,86,0,4,4,74,0,0,82,2,11,1015,86,60,55,62,0,8,56,0,2,0,0,0,0,0,161,45,100,0,0,4,3,65,0,0,88,2,4,0,1,75,0,2,23,66,86,0,1121,73,0,1,100,18,75,70,71,0,0,0,0,46,18,60,46,48,22,86,26,12,0,4,4,42,18,15,28,383,0,78,93,1023,15,0,-19,0,0,152
45,7,7,6,6,10,Dalton,Kincaid,250,84,0,184,19,90,0,7,1399,3,1399,86,24,0,0,83,0,4,4,86,0,0,87,2,25,1015,87,37,58,60,0,8,67,0,0,0,0,0,0,0,233,12,100,0,0,4,3,65,0,0,86,2,4,0,1,75,0,1,25,76,90,0,660,77,0,1,100,21,71,77,68,0,0,0,0,10,29,27,21,40,24,36,9,11,0,4,4,33,1,22,7,383,0,76,86,1023,39,0,-19,0,0,83
45,7,7,7,7,10,Michael,Mayer,250,88,0,184,14,86,0,7,1400,23,1400,82,22,0,0,93,0,4,4,82,0,0,76,2,4,1015,93,54,61,66,0,8,63,0,1,0,0,0,0,0,152,45,100,0,0,4,3,65,0,0,87,2,4,0,1,75,0,2,25,75,85,0,1018,75,0,1,100,15,79,73,63,0,0,0,0,1,4,43,33,33,47,65,42,22,0,4,4,9,5,22,28,383,0,76,89,1023,25,0,-19,0,0,175
45,2,2,5,5,10,Darnell,Washington,250,82,0,184,21,86,0,1,1401,29,1401,84,22,0,0,87,0,4,4,76,0,0,86,2,30,1015,91,55,62,65,0,8,65,0,0,0,0,0,0,0,70,45,100,0,0,4,3,65,0,0,80,2,4,0,1,75,0,3,32,69,88,0,1424,72,0,1,100,15,78,73,66,0,0,0,0,6,22,36,35,36,29,57,19,11,0,4,4,59,31,35,26,383,0,79,104,1023,15,0,-19,0,0,386
45,4,4,6,6,10,Luke,Schoonmaker,250,81,0,184,14,88,0,7,1402,11,1402,85,25,0,0,85,0,4,4,79,0,0,89,2,27,1015,88,52,60,63,0,8,53,0,2,0,0,0,0,0,117,45,100,0,0,4,3,65,0,0,86,2,4,0,1,75,0,2,37,68,87,0,1301,73,0,1,100,18,72,73,72,0,0,0,0,4,10,9,45,31,0,71,42,9,0,4,4,36,13,11,16,383,0,77,91,1023,15,0,-19,0,0,362
45,6,6,7,7,39,Tucker,Kraft,250,80,0,184,18,87,0,7,1403,20,1403,82,23,0,0,82,0,4,4,77,0,0,81,2,15,1015,85,53,54,61,0,8,66,0,2,0,0,0,0,0,177,45,100,0,0,4,3,65,0,0,85,2,4,0,1,75,0,3,52,66,82,0,1371,71,0,1,100,29,76,69,65,0,0,0,0,54,43,68,35,20,37,47,5,11,0,4,4,40,7,37,27,383,0,77,94,1023,10,0,-19,0,0,353
45,2,2,4,4,18,Brenton,Strange,250,86,0,184,16,87,0,7,1405,17,1405,83,23,0,0,89,0,4,4,80,0,0,75,2,30,1015,90,53,60,64,0,8,68,0,0,0,0,0,0,0,164,45,100,0,0,4,3,65,0,0,85,2,4,0,1,75,0,2,28,68,84,0,1310,74,0,1,100,22,77,70,57,0,0,0,0,17,51,21,54,44,7,45,47,27,0,4,4,79,15,48,0,383,0,76,93,1023,15,0,-19,0,0,494
45,6,6,3,3,15,Davis,Allen,408,86,0,184,15,87,0,7,1406,24,1406,78,22,0,0,87,0,4,4,83,0,0,78,2,40,1015,89,63,54,60,0,8,57,0,1,0,0,0,0,0,38,45,100,0,0,4,3,65,0,0,87,2,4,24,1,75,0,5,44,64,89,0,2951,71,0,1,100,18,69,68,67,0,0,0,0,39,56,60,28,11,23,79,16,11,0,4,4,60,12,33,19,408,0,78,85,1023,30,0,-19,0,0,133
45,5,5,7,7,22,Sam,LaPorta,250,87,0,184,12,88,0,7,1407,19,1407,86,22,0,0,90,0,4,4,79,0,0,85,2,3,1015,89,59,57,59,0,8,72,0,2,0,0,0,0,0,89,45,100,0,0,4,3,65,0,0,87,2,4,0,1,75,0,2,31,70,84,0,1014,74,0,1,100,17,74,75,70,0,0,0,0,5,29,69,29,11,27,24,19,11,0,4,4,68,14,5,23,383,0,75,85,1023,37,0,-19,0,0,129
45,2,2,2,2,10,Josh,Whyle,416,84,0,184,14,85,0,4,1408,30,1408,83,24,0,0,81,0,4,4,81,0,0,83,2,12,1015,84,37,59,62,0,8,60,0,1,0,0,0,0,0,36,45,100,0,0,4,3,65,0,0,81,2,4,32,1,75,0,5,30,65,85,0,2745,71,0,1,100,18,71,69,62,0,0,0,0,36,12,75,15,30,11,32,5,22,0,4,4,29,15,36,7,416,0,78,88,1023,15,0,-19,0,0,48
45,3,3,3,3,10,Cameron,Latu,250,85,0,184,10,84,0,7,1409,33,1409,80,23,0,0,88,0,4,4,76,0,0,74,2,38,1015,90,50,56,59,0,8,64,0,0,0,0,0,0,0,3,45,100,0,0,4,3,65,0,0,81,2,4,0,1,75,0,3,25,65,79,0,1556,69,0,1,100,12,73,67,69,0,0,0,0,16,7,33,53,43,28,69,1,16,0,4,4,52,15,29,1,383,0,76,82,1023,10,0,-19,0,0,310
45,2,2,2,2,17,Zack,Kuntz,0,77,0,0,13,81,0,7,1410,1009,1410,89,24,0,0,68,0,4,4,79,0,0,90,2,3,1015,66,11,57,70,0,8,65,0,1,0,0,0,0,0,380,45,100,0,0,0,3,65,0,0,81,2,0,12,1,75,0,7,34,80,90,0,3149,55,0,1,100,30,81,69,50,0,0,0,0,40,56,70,56,23,42,25,18,33,0,4,4,44,5,7,7,0,0,79,95,1023,7,0,-19,0,0,252
45,6,6,2,2,8,Blake,Whiteheart,0,79,0,0,27,77,0,4,1411,1009,1411,85,23,0,0,82,0,4,4,78,0,0,86,2,63,1009,83,17,59,68,0,8,69,0,0,0,0,0,0,0,249,45,100,0,0,0,3,65,0,0,47,2,0,0,1,75,0,15,17,80,83,0,3648,69,0,1,100,11,78,68,50,0,0,0,0,26,3,69,55,48,21,58,22,10,0,4,4,17,19,49,3,0,0,76,87,1023,9,0,-19,0,0,162
45,4,4,4,4,20,Payne,Durham,408,87,0,184,19,84,0,7,1412,6,1412,77,23,0,0,89,0,4,4,78,0,0,80,2,36,1015,91,44,53,61,0,8,65,0,2,0,0,0,0,0,169,45,100,0,0,4,3,65,0,0,87,2,4,24,1,75,0,5,20,63,83,0,2919,72,0,1,100,21,73,65,59,0,0,0,0,36,35,27,53,22,23,12,21,11,0,4,4,0,11,22,3,408,0,78,93,1023,18,0,-19,0,0,125
45,5,5,6,6,16,Will,Mallory,413,88,0,184,13,89,0,4,1413,10,1413,87,24,0,0,91,0,4,4,75,0,0,77,2,27,1015,92,33,52,52,0,8,64,0,0,0,0,0,0,0,115,45,100,0,0,4,3,65,0,0,86,2,4,28,1,75,0,5,27,63,87,0,2851,70,0,1,100,17,72,64,64,0,0,0,0,4,37,36,10,47,19,65,41,5,0,4,4,55,6,15,26,413,0,76,79,1023,20,0,-19,0,0,62
45,3,3,6,6,56,Brayden,Willis,391,83,0,184,30,85,0,7,1414,15,1414,84,24,0,0,83,0,4,4,77,0,0,79,2,30,1015,90,46,61,67,0,8,69,0,0,0,0,0,0,0,157,45,100,0,0,4,3,65,0,0,9,2,4,8,1,75,0,7,58,63,83,0,3370,70,0,1,100,47,76,65,47,0,0,0,0,6,9,65,19,39,13,51,42,28,0,4,4,9,29,48,18,391,0,75,81,1023,19,0,-19,0,0,229
45,2,2,4,4,27,Leonard,Taylor,269,82,0,184,25,79,0,2,1415,33,1415,86,24,0,0,56,0,4,4,73,0,0,85,2,63,1009,63,13,63,69,0,8,69,0,0,0,0,0,0,0,36,45,100,0,0,3,3,65,0,0,49,2,3,0,1,75,0,15,25,76,82,0,3670,65,0,1,100,23,79,66,50,0,0,0,0,45,36,28,12,32,33,85,22,3,0,4,4,54,11,40,6,269,0,77,90,1023,9,0,-19,0,0,240
45,3,3,2,2,32,Noah,Gindorff,250,78,0,184,22,78,0,7,1416,33,1416,84,24,0,0,80,0,4,4,76,0,0,85,2,63,1009,69,25,60,73,0,8,61,0,1,0,0,0,0,0,315,45,100,0,0,1,3,65,0,0,127,2,1,184,1,75,0,15,27,78,82,0,3696,56,0,1,100,23,82,66,50,0,0,0,0,35,7,29,53,10,48,44,22,16,0,4,4,54,15,39,23,250,0,78,103,1023,16,0,-19,0,0,359
45,3,3,3,3,7,Kyle,Patterson,0,85,0,0,28,78,0,7,1417,33,1417,83,23,0,0,64,0,4,4,76,0,0,85,2,63,1009,88,17,45,70,0,8,72,0,1,0,0,0,0,0,1,45,100,0,0,0,3,65,0,0,127,2,0,0,1,75,0,15,29,95,82,0,4197,70,0,1,100,11,81,66,50,0,0,0,0,8,32,10,6,14,9,73,12,30,0,4,4,27,35,12,1,0,0,77,100,1023,11,0,-19,0,0,86
45,2,2,6,6,15,Travis,Vokolek,0,85,0,0,26,78,0,7,1418,1009,1418,83,25,0,0,53,0,4,4,80,0,0,85,2,63,1009,78,9,44,69,0,8,71,0,2,0,0,0,0,0,142,45,100,0,0,0,3,65,0,0,84,2,0,0,1,75,0,15,11,53,82,0,3693,56,0,1,100,14,81,66,50,0,0,0,0,53,39,15,54,25,34,73,21,27,0,4,4,48,10,25,2,0,0,78,99,1023,20,0,-19,0,0,272
45,3,3,5,5,8,Peter,Skoronski,250,88,0,184,30,80,0,7,1419,30,1419,67,22,0,0,87,0,4,4,36,0,0,58,2,11,1015,94,25,81,78,0,8,25,0,2,0,0,0,0,0,151,12,100,0,0,4,3,65,0,0,77,2,4,0,1,75,0,1,25,76,83,0,326,29,0,1,100,32,88,76,78,0,0,0,0,10,35,4,46,0,60,76,64,10,0,6,5,52,55,73,3,383,0,76,153,1023,10,0,-19,0,0,81
45,6,6,4,4,6,Broderick,Jones,250,88,0,184,16,83,0,1,1420,29,1420,73,22,0,0,86,0,4,4,34,0,0,76,2,14,1015,92,54,77,74,0,8,15,0,0,0,0,0,0,0,70,12,100,0,0,4,3,65,0,0,77,2,4,0,1,75,0,1,24,73,74,0,441,35,0,1,100,14,86,71,75,0,0,0,0,62,58,5,25,28,22,45,1,0,0,5,5,72,41,35,62,383,0,77,151,1023,10,0,-19,0,0,138
45,2,2,7,7,24,John Michae,Schmitz Jr.,250,87,0,184,15,72,0,7,1422,16,1422,61,24,0,0,91,0,4,4,35,0,0,57,2,26,1015,92,35,73,80,0,8,30,0,2,0,0,0,0,0,120,45,100,0,0,4,3,65,0,0,61,2,4,0,1,75,0,2,26,71,73,0,1297,33,0,1,100,19,84,70,74,0,0,0,0,15,16,75,67,2,78,54,84,33,0,7,7,45,38,37,54,383,0,75,141,1023,15,0,-19,0,0,159
45,4,4,6,6,6,Matthew,Bergeron,250,86,0,184,31,75,0,2,1423,14,1423,63,23,0,0,88,0,4,4,31,0,0,71,2,7,1015,93,30,72,76,0,8,9,0,0,0,0,0,0,0,205,45,100,0,0,4,3,65,0,0,65,2,4,0,1,75,0,2,23,71,75,0,1033,28,0,1,100,33,89,68,67,0,0,0,0,54,58,68,74,31,50,58,22,37,0,6,5,35,54,4,32,383,0,77,158,1023,10,0,-19,0,0,433
45,3,3,2,2,6,Paris,Johnson Jr.,250,87,0,184,26,80,0,2,1425,7,1425,72,22,0,0,87,0,4,4,32,0,0,75,2,6,1015,93,40,79,79,0,8,15,0,0,0,0,0,0,0,156,12,100,0,0,4,3,65,0,0,70,2,4,0,1,75,0,1,22,77,79,0,190,35,0,1,100,30,89,75,72,0,0,0,0,22,27,42,39,68,47,104,93,12,0,9,5,109,54,57,20,383,0,78,153,1023,10,0,-19,0,0,453
45,7,7,6,6,5,Darnell,Wright,250,85,0,184,14,75,0,7,1426,1,1426,72,22,0,0,90,0,4,4,38,0,0,56,2,10,1015,93,48,78,73,0,8,27,0,2,0,0,0,0,0,211,12,100,0,0,4,3,65,0,0,58,2,4,0,1,75,0,1,11,74,72,0,276,35,0,1,100,16,94,69,67,0,0,0,0,34,57,83,35,20,36,21,31,1,0,9,5,65,42,49,11,383,0,77,173,1023,10,0,-19,0,0,155
45,5,5,4,4,6,O'Cyrus,Torrence,250,82,0,184,13,68,0,1,1427,3,1427,61,23,0,0,91,0,4,4,25,0,0,50,2,28,1015,90,35,71,78,0,8,5,0,0,0,0,0,0,0,62,45,100,0,0,4,3,65,0,0,64,2,4,0,1,75,0,2,21,71,61,0,1306,34,0,1,100,14,91,66,63,0,0,0,0,56,28,12,47,26,27,63,39,43,0,8,6,72,26,35,15,383,0,77,170,1023,10,0,-19,0,0,374
45,4,4,3,3,43,Cody,Mauch,250,85,0,184,15,77,0,9,1429,6,1429,70,24,0,0,95,0,4,4,50,0,0,73,2,17,1015,93,45,71,77,0,8,39,0,1,0,0,0,0,0,315,45,100,0,0,4,3,65,0,0,69,2,4,0,1,75,0,2,46,70,72,0,1209,55,0,1,100,15,88,67,60,0,0,0,0,44,45,88,39,39,33,74,65,27,0,8,5,63,55,14,67,383,0,77,142,1023,10,0,-19,0,0,166
45,6,6,7,7,6,Joe,Tippmann,250,88,0,184,12,81,0,4,1430,18,1430,73,22,0,0,90,0,4,4,39,0,0,65,2,12,1015,87,33,72,74,0,8,9,0,0,0,0,0,0,0,258,45,100,0,0,4,3,65,0,0,66,2,4,0,1,75,0,2,11,71,72,0,1124,45,0,1,100,15,89,70,75,0,0,0,0,17,49,72,90,51,29,35,18,38,0,7,7,68,13,16,6,383,0,78,153,1023,10,0,-19,0,0,353
45,4,4,5,5,6,Dawand,Jones,250,74,0,184,9,65,0,7,1432,5,1432,61,22,0,0,91,0,4,4,22,0,0,42,2,9,1015,88,40,66,80,0,8,25,0,0,0,0,0,0,0,156,45,100,0,0,4,3,65,0,0,79,2,4,0,1,75,0,4,15,68,70,0,1637,33,0,1,100,9,95,60,58,0,0,0,0,37,23,16,35,60,21,49,73,37,0,5,5,48,37,58,53,383,0,80,214,1023,10,0,-19,0,0,479
45,5,5,7,7,5,Steve,Avila,250,87,0,184,25,71,0,2,1433,24,1433,65,24,0,0,90,0,4,4,23,0,0,56,2,5,1015,91,30,77,71,0,8,10,0,0,0,0,0,0,0,207,45,100,0,0,4,3,65,0,0,73,2,4,0,1,75,0,2,17,71,73,0,1021,35,0,1,100,27,87,67,68,0,0,0,0,64,58,20,101,53,78,58,41,8,0,6,6,34,32,67,39,383,0,75,172,1023,9,0,-19,0,0,356
45,7,7,2,2,6,Anton,Harrison,250,86,0,184,13,79,0,1,1434,17,1434,73,21,0,0,78,0,4,4,32,0,0,62,2,27,1015,91,29,79,68,0,8,15,0,0,0,0,0,0,0,157,12,100,0,0,4,3,65,0,0,77,2,4,0,1,75,0,1,21,71,71,0,801,27,0,1,100,19,82,67,74,0,0,0,0,17,47,14,89,31,62,2,92,19,0,5,5,67,25,49,39,383,0,76,155,1023,10,0,-19,0,0,461
45,2,2,7,7,5,Andrew,Vorhees,394,80,0,184,10,74,0,7,1435,33,1435,65,24,0,0,89,0,4,4,30,0,0,51,2,12,1015,81,29,67,69,0,8,15,0,2,0,0,0,0,0,231,45,100,0,0,4,3,65,0,0,72,2,4,8,1,75,0,7,15,67,72,0,3197,32,0,1,100,11,97,63,70,0,0,0,0,26,47,64,99,37,43,66,45,29,0,6,6,8,26,43,18,394,0,78,150,1023,10,0,-19,0,0,81
45,2,2,3,3,6,Emil,Ekiyor Jr.,250,85,0,184,9,66,0,4,1436,33,1436,60,23,0,0,89,0,4,4,25,0,0,48,2,63,1009,91,31,66,67,0,8,10,0,0,0,0,0,0,0,3,45,100,0,0,1,3,65,0,0,127,2,1,184,1,75,0,15,24,62,64,0,3921,27,0,1,100,11,81,57,70,0,0,0,0,47,8,52,99,30,19,62,59,4,0,8,6,66,26,52,8,250,0,74,154,1023,10,0,-19,0,0,276
45,6,6,3,3,6,Ricky,Stromberg,250,87,0,184,13,75,0,7,1437,26,1437,64,23,0,0,90,0,4,4,21,0,0,67,2,34,1015,91,46,70,78,0,8,5,0,2,0,0,0,0,0,10,45,100,0,0,4,3,65,0,0,53,2,4,0,1,75,0,3,23,69,79,0,1484,26,0,1,100,17,83,68,72,0,0,0,0,3,7,44,9,44,87,79,75,13,0,7,7,25,34,7,0,383,0,75,146,1023,10,0,-19,0,0,144
45,4,4,7,7,6,Luke,Wypler,250,85,0,184,15,77,0,7,1438,5,1438,68,22,0,0,83,0,4,4,29,0,0,63,2,13,1015,92,26,69,68,0,8,25,0,0,0,0,0,0,0,156,45,100,0,0,4,3,65,0,0,56,2,4,0,1,75,0,6,20,65,75,0,3038,34,0,1,100,19,85,63,71,0,0,0,0,52,36,71,55,44,83,19,31,0,0,7,7,21,46,9,53,383,0,75,143,1023,10,0,-19,0,0,167
45,5,5,4,4,7,Anthony,Bradford,250,83,0,184,16,84,0,7,1439,28,1439,70,22,0,0,85,0,4,4,24,0,0,56,2,6,1015,87,30,65,73,0,8,9,0,0,0,0,0,0,0,106,45,100,0,0,4,3,65,0,0,70,2,4,0,1,75,0,4,12,68,74,0,1607,31,0,1,100,15,92,63,64,0,0,0,0,18,46,80,60,10,33,20,79,32,0,6,6,41,30,9,25,383,0,76,172,1023,10,0,-19,0,0,236
45,6,6,5,5,6,Olu,Oluwatimi,250,87,0,184,20,71,0,7,1441,28,1441,60,24,0,0,90,0,4,4,27,0,0,60,2,19,1015,92,28,66,72,0,8,5,0,0,0,0,0,0,0,117,45,100,0,0,4,3,65,0,0,51,2,4,0,1,75,0,5,27,66,72,0,2824,25,0,1,100,21,84,62,72,0,0,0,0,62,44,12,73,7,26,23,52,31,0,7,7,61,63,2,8,383,0,74,149,1023,10,0,-19,0,0,445
45,6,6,5,5,5,Jordan,McFadden,250,85,0,184,13,76,0,10,1442,8,1442,73,24,0,0,85,0,4,4,26,0,0,61,2,21,1015,92,35,71,64,0,8,8,0,0,0,0,0,0,0,38,45,100,0,0,4,3,65,0,0,71,2,4,0,1,75,0,5,11,65,71,0,2837,38,0,1,100,12,82,62,73,0,0,0,0,33,27,35,6,35,35,18,89,26,0,6,6,15,22,15,10,383,0,74,143,1023,10,0,-19,0,0,388
45,5,5,5,5,13,Carter,Warren,250,82,0,184,11,73,0,4,1443,33,1443,64,24,0,0,78,0,4,4,48,0,0,67,2,18,1015,87,30,74,63,0,8,32,0,0,0,0,0,0,0,166,45,100,0,0,4,3,65,0,0,67,2,4,0,1,75,0,4,23,66,69,0,1796,55,0,1,100,12,82,61,72,0,0,0,0,17,16,64,40,46,63,29,79,2,0,5,5,64,55,9,56,383,0,77,151,1023,10,0,-19,0,0,460
45,6,6,2,2,6,Asim,Richards,408,88,0,184,12,73,0,4,1444,11,1444,67,23,0,0,78,0,4,4,52,0,0,59,2,34,1015,93,45,74,64,0,8,40,0,0,0,0,0,0,0,135,45,100,0,0,4,3,65,0,0,76,2,4,24,1,75,0,5,21,66,72,0,2904,57,0,1,100,12,87,62,67,0,0,0,0,54,2,78,38,22,40,51,8,3,0,6,5,7,10,35,64,408,0,76,149,1023,10,0,-19,0,0,386
45,5,5,6,6,46,Blake,Freeland,250,84,0,184,23,81,0,7,1446,10,1446,73,23,0,0,85,0,4,4,53,0,0,72,2,4,1015,90,47,75,72,0,8,49,0,0,0,0,0,0,0,26,45,100,0,0,4,3,65,0,0,73,2,4,0,1,75,0,4,54,69,87,0,1595,57,0,1,100,21,83,65,67,0,0,0,0,57,57,48,88,16,67,108,47,31,0,5,5,38,69,52,65,383,0,80,142,1023,15,0,-19,0,0,325
45,2,2,7,7,6,Braeden,Daniels,250,83,0,184,32,80,0,4,1447,33,1447,73,23,0,0,80,0,4,4,34,0,0,66,2,16,1015,93,36,73,68,0,8,11,0,0,0,0,0,0,0,233,45,100,0,0,4,3,65,0,0,79,2,4,0,1,75,0,4,15,68,75,0,1704,40,0,1,100,38,79,65,75,0,0,0,0,64,11,43,29,59,10,41,24,10,0,9,5,86,35,55,39,383,0,76,134,1023,10,0,-19,0,0,92
45,4,4,2,2,8,Tyler,Steen,250,85,0,184,11,73,0,7,1448,13,1448,64,23,0,0,85,0,4,4,24,0,0,59,2,2,1015,94,48,75,67,0,8,10,0,0,0,0,0,0,0,3,45,100,0,0,4,3,65,0,0,56,2,4,0,1,75,0,3,26,68,73,0,1325,23,0,1,100,12,91,67,75,0,0,0,0,31,51,54,64,14,17,33,7,28,0,8,5,97,66,12,30,383,0,78,161,1023,10,0,-19,0,0,138
45,4,4,2,2,6,Nick,Saldiveri,250,87,0,184,12,78,0,7,1449,27,1449,65,23,0,0,82,0,4,4,24,0,0,61,2,1,1015,92,27,75,65,0,8,23,0,2,0,0,0,0,0,380,45,100,0,0,4,3,65,0,0,64,2,4,0,1,75,0,4,26,67,76,0,1566,21,0,1,100,13,84,62,66,0,0,0,0,42,53,78,85,16,47,46,100,11,0,8,6,43,77,30,20,383,0,78,158,1023,10,0,-19,0,0,171
45,7,7,7,7,6,Tyson,Alualu,0,69,0,0,28,74,0,4,1450,33,1450,71,36,0,1,80,2,4,4,28,0,0,68,1,10,1009,88,80,45,45,0,8,10,0,0,0,3,3,3,3,28,45,0,0,0,0,3,52,0,0,94,1,0,0,3,80,0,1,27,69,78,13,1794,35,0,1,100,33,83,76,76,2,2,2,2,35,34,26,29,34,41,13,23,33,2,12,10,68,26,40,26,0,0,75,144,999,10,3,-19,0,0,499
45,5,5,6,6,12,Richard,Gouraige,0,60,0,0,22,67,0,4,1451,1009,1451,72,25,0,0,84,0,4,4,31,0,0,75,2,63,1009,87,30,81,79,0,8,24,0,0,0,0,0,0,0,62,45,100,0,0,0,3,65,0,0,75,2,0,184,1,75,0,15,19,53,76,0,3728,27,0,1,100,33,90,68,50,0,0,0,0,5,2,13,40,40,49,21,22,34,0,5,5,64,24,74,54,0,0,77,146,1023,4,0,-19,0,0,135
45,6,6,2,2,7,Jaelyn,Duncan,402,78,0,184,19,77,0,7,1452,30,1452,69,23,0,0,79,0,4,4,24,0,0,54,2,9,1015,91,33,70,65,0,8,5,0,0,0,0,0,0,0,111,45,100,0,0,4,3,65,0,0,79,2,4,16,1,75,0,6,24,65,77,0,3015,35,0,1,100,20,85,59,71,0,0,0,0,51,5,73,64,43,38,59,80,29,0,5,5,68,25,29,55,402,0,78,146,1023,10,0,-19,0,0,94
45,6,6,3,3,6,Juice,Scruggs,250,87,0,184,24,74,0,7,1453,33,1453,65,23,0,0,88,0,4,4,36,0,0,60,2,31,1015,89,48,74,69,0,8,15,0,0,0,0,0,0,0,164,45,100,0,0,4,3,65,0,0,70,2,4,0,1,75,0,2,17,67,78,0,1320,31,0,1,100,28,87,66,74,0,0,0,0,42,46,60,9,52,5,53,41,33,0,7,7,21,36,10,32,383,0,75,141,1023,10,0,-19,0,0,379
45,4,4,3,3,7,Wanya,Morris,250,84,0,184,10,70,0,1,1454,9,1454,69,23,0,0,87,0,4,4,23,0,0,63,2,29,1015,86,30,70,76,0,8,11,0,0,0,0,0,0,0,157,45,100,0,0,4,3,65,0,0,64,2,4,0,1,75,0,3,21,67,71,0,1413,20,0,1,100,12,83,63,70,0,0,0,0,66,13,83,82,29,3,54,17,35,0,5,5,32,21,33,67,383,0,77,147,1023,10,0,-19,0,0,384
45,5,5,6,6,5,Warren,McClendon Jr.,408,83,0,184,12,77,0,1,1455,24,1455,69,22,0,0,89,0,4,4,25,0,0,53,2,39,1015,89,40,71,68,0,8,13,0,0,0,0,0,0,0,70,45,100,0,0,4,3,65,0,0,71,2,4,24,1,75,0,5,10,65,65,0,2948,24,0,1,100,12,88,62,72,0,0,0,0,11,17,88,41,19,2,72,26,11,0,5,5,90,47,55,67,408,0,76,146,1023,10,0,-19,0,0,387
45,3,3,5,5,24,Jaxson,Kirkland,0,72,0,0,23,61,0,7,1456,1009,1456,64,25,0,0,75,0,4,4,11,0,0,70,2,63,1009,76,21,89,78,0,8,13,0,2,0,0,0,0,0,252,45,100,0,0,0,3,65,0,0,60,2,0,184,1,75,0,15,30,80,75,0,3878,32,0,1,100,11,92,72,50,0,0,0,0,37,20,82,63,8,69,21,36,26,0,6,6,102,71,17,12,0,0,79,161,1023,0,0,-19,0,0,250
45,6,6,5,5,8,Nick,Broeker,394,85,0,184,15,74,0,7,1457,32,1457,63,23,0,0,81,0,4,4,35,0,0,60,2,13,1009,92,26,69,68,0,8,26,0,2,0,0,0,0,0,159,45,100,0,0,4,3,65,0,0,67,2,4,8,1,75,0,7,25,63,68,0,3202,42,0,1,100,19,81,61,72,0,0,0,0,19,35,89,14,19,54,31,15,43,0,6,6,91,10,22,49,394,0,76,145,1023,10,0,-19,0,0,300
45,7,7,5,5,17,TJ,Bass,250,55,0,184,26,55,0,9,1458,11,1458,59,24,0,0,96,0,4,4,28,0,0,69,2,63,1009,70,11,86,85,0,8,36,0,1,0,0,0,0,0,160,45,100,0,0,1,3,65,0,0,66,2,1,184,1,75,0,15,33,55,73,0,3946,17,0,1,100,10,91,73,50,0,0,0,0,1,35,32,55,5,49,2,89,28,0,8,6,4,56,30,55,250,0,76,157,1023,0,0,-19,0,0,351
45,3,3,7,7,14,Brent,Laing,269,63,0,184,19,58,0,7,1460,33,1460,63,24,0,0,85,0,4,4,28,0,0,69,2,63,1009,75,8,91,83,0,8,24,0,2,0,0,0,0,0,120,45,100,0,0,3,3,65,0,0,63,2,3,0,1,75,0,15,16,88,72,0,3909,22,0,1,100,28,89,75,50,0,0,0,0,20,21,25,18,7,37,32,73,0,0,7,6,14,46,48,48,269,0,76,144,1023,0,0,-19,0,0,72
45,3,3,2,2,33,McClendon,Curtis,0,73,0,0,28,60,0,4,1461,1009,1461,67,24,0,0,74,0,4,4,15,0,0,68,2,63,1009,78,25,85,84,0,8,28,0,0,0,0,0,0,0,210,45,100,0,0,0,3,65,0,0,63,2,0,184,1,75,0,15,26,54,70,0,3849,13,0,1,100,16,93,74,50,0,0,0,0,75,36,32,67,13,11,74,32,40,0,6,6,27,18,62,9,0,0,78,164,1023,0,0,-19,0,0,436
45,7,7,3,3,31,Tashawn,Manning,0,57,0,0,14,58,0,4,1462,1009,1462,64,25,0,0,76,0,4,4,20,0,0,66,2,63,1009,81,26,81,77,0,8,24,0,0,0,0,0,0,0,98,45,100,0,0,0,3,65,0,0,62,2,0,0,1,75,0,15,14,74,71,0,3897,14,0,1,100,23,93,68,50,0,0,0,0,24,18,26,2,17,25,74,63,9,0,6,6,23,78,18,11,0,0,75,167,1023,0,0,-19,0,0,479
45,2,2,2,2,6,Jon,Gaines II,250,87,0,184,12,85,0,1,1463,33,1463,72,24,0,0,76,0,4,4,25,0,0,72,2,20,1015,90,25,72,69,0,8,10,0,0,0,0,0,0,0,226,45,100,0,0,4,3,65,0,0,59,2,4,0,1,75,0,4,20,67,79,0,1810,28,0,1,100,14,77,64,71,0,0,0,0,11,27,4,32,34,48,49,46,26,0,8,6,61,8,46,26,383,0,76,143,1023,10,0,-19,0,0,452
45,5,5,4,4,6,Alex,Forsyth,66,84,0,184,22,65,0,6,1465,4,1465,66,24,0,0,85,0,4,4,34,0,0,54,2,40,1015,90,34,72,64,0,8,26,0,2,0,0,0,0,0,160,45,100,0,0,4,3,65,0,0,76,2,4,0,1,75,0,7,25,63,55,0,3441,23,0,1,100,24,86,61,72,0,0,0,0,10,45,9,16,15,79,16,34,1,0,7,7,37,12,51,51,66,0,76,143,1023,10,0,-19,0,0,274
45,6,6,5,5,42,Ryan,Hayes,392,82,0,184,51,78,0,7,1466,10,1466,66,23,0,0,85,0,4,4,45,0,0,71,2,21,1009,90,40,68,70,0,8,41,0,2,0,0,0,0,0,117,45,100,0,0,4,3,65,0,0,71,2,4,8,1,75,0,7,47,63,74,0,3267,51,0,1,100,56,78,60,70,0,0,0,0,30,13,13,47,42,20,107,60,23,0,5,5,75,21,17,9,392,0,78,138,1023,10,0,-19,0,0,300
45,3,3,3,3,14,Jake,Andrews,250,88,0,184,13,72,0,7,1467,22,1467,67,24,0,0,87,0,4,4,41,0,0,56,2,5,1015,93,42,66,74,0,8,30,0,2,0,0,0,0,0,220,45,100,0,0,4,3,65,0,0,67,2,4,0,1,75,0,4,26,66,66,0,1596,35,0,1,100,21,87,63,69,0,0,0,0,66,48,80,28,24,87,9,53,3,0,7,7,94,60,52,46,383,0,75,145,1023,10,0,-19,0,0,171
45,6,6,5,5,6,John,Ojukwu,0,78,0,0,11,74,0,7,1468,1009,1468,64,24,0,0,85,0,4,4,21,0,0,65,2,63,1009,93,55,66,68,0,8,14,0,0,0,0,0,0,0,19,45,100,0,0,0,3,65,0,0,61,2,0,184,1,75,0,15,19,61,71,0,3719,23,0,1,100,15,86,57,64,0,0,0,0,1,5,33,105,49,25,34,53,19,0,5,5,40,40,8,62,0,0,78,149,1023,10,0,-19,0,0,139
45,3,3,4,4,16,Earl,Bostick Jr.,0,66,0,0,28,67,0,4,1469,1009,1469,73,23,0,0,92,0,4,4,9,0,0,69,2,63,1009,75,15,86,76,0,8,30,0,0,0,0,0,0,0,95,45,100,0,0,0,3,65,0,0,64,2,0,184,1,75,0,15,23,96,77,0,3725,31,0,1,100,10,90,69,50,0,0,0,0,4,46,59,45,55,16,95,33,0,0,5,5,21,24,3,68,0,0,78,149,1023,2,0,-19,0,0,414
45,5,5,3,3,5,Jarrett,Patterson,400,85,0,184,15,71,0,7,1470,32,1470,61,24,0,0,88,0,4,4,33,0,0,54,2,24,1015,86,31,71,66,0,8,14,0,0,0,0,0,0,0,152,45,100,0,0,4,3,65,0,0,68,2,4,16,1,75,0,6,27,63,73,0,3060,24,0,1,100,21,83,62,74,0,0,0,0,63,36,53,54,50,5,65,60,18,0,7,7,91,29,36,49,400,0,77,146,1023,10,0,-19,0,0,353
45,3,3,5,5,6,Jovaughn,Gwyn,394,84,0,184,20,77,0,7,1471,14,1471,68,24,0,0,80,0,4,4,26,0,0,57,2,8,1015,92,40,70,62,0,8,7,0,2,0,0,0,0,0,176,45,100,0,0,4,3,65,0,0,56,2,4,8,1,75,0,7,19,64,69,0,3170,30,0,1,100,22,89,61,71,0,0,0,0,23,6,81,100,24,13,42,99,0,0,6,6,25,77,60,25,394,0,74,137,1023,10,0,-19,0,0,97
45,6,6,5,5,16,Connor,Galvin,0,59,0,0,24,57,0,7,1472,1009,1472,59,23,0,0,92,0,4,4,5,0,0,64,2,63,1009,76,21,94,85,0,8,11,0,3,0,0,0,0,0,17,45,100,0,0,0,3,65,0,0,76,2,0,184,1,75,0,15,27,51,75,0,3711,23,0,1,100,13,86,74,50,0,0,0,0,15,9,40,51,41,66,49,42,13,0,5,5,59,10,27,68,0,0,79,133,1023,3,0,-19,0,0,359
45,6,6,5,5,29,Dalton,Wagner,250,73,0,184,35,58,0,9,1473,33,1473,67,25,0,0,72,0,4,4,37,0,0,66,2,63,1009,78,16,88,84,0,8,33,0,0,0,0,0,0,0,10,45,100,0,0,1,3,65,0,0,78,2,1,184,1,75,0,15,26,80,67,0,3716,33,0,1,100,22,92,72,50,0,0,0,0,47,4,49,64,16,21,44,70,18,0,5,5,97,26,77,15,250,0,80,160,1023,5,0,-19,0,0,151
45,6,6,4,4,6,Sidy,Sow,460,86,0,184,18,68,0,0,1474,22,1474,70,25,0,0,84,0,4,4,50,0,0,63,2,15,1015,92,51,69,75,0,8,33,0,0,0,0,0,0,0,58,45,100,0,0,4,3,65,0,0,62,2,4,76,1,75,0,4,24,68,78,0,1685,53,0,1,100,21,87,64,65,0,0,0,0,61,65,10,105,34,70,5,36,13,0,6,6,16,35,47,24,460,0,77,163,1023,10,0,-19,0,0,425
45,7,7,6,6,18,Alan,Ali,0,84,0,0,16,63,0,6,1475,1009,1475,71,25,0,0,86,0,4,4,16,0,0,83,2,63,1009,81,13,73,82,0,8,33,0,0,0,0,0,0,0,207,45,100,0,0,0,3,65,0,0,66,2,0,0,1,75,0,15,31,94,71,0,3906,12,0,1,100,31,89,67,50,0,0,0,0,43,41,82,94,10,61,68,88,13,0,6,7,25,39,25,41,0,0,76,141,1023,0,0,-19,0,0,71
45,7,7,2,2,23,Mark,Evans II,0,56,0,0,14,55,0,7,1476,1009,1476,61,23,0,0,81,0,4,4,37,0,0,67,2,63,1009,78,26,77,79,0,8,7,0,0,0,0,0,0,0,11,45,100,0,0,0,3,65,0,0,68,2,0,0,1,75,0,15,29,81,70,0,3757,32,0,1,100,22,88,63,50,0,0,0,0,12,1,6,21,29,43,55,71,25,0,5,5,41,30,39,0,0,0,74,143,1023,11,0,-19,0,0,349
45,7,7,7,7,29,Monte,Pottebaum,270,91,0,184,14,28,0,9,1478,33,1478,82,23,0,0,69,0,4,4,66,0,0,61,2,63,1009,35,23,46,57,0,8,75,0,1,0,0,0,0,0,89,45,100,0,0,3,3,65,0,0,40,2,3,0,1,75,0,15,23,74,52,0,3543,83,0,1,100,29,80,55,50,0,0,0,0,33,21,77,9,22,32,29,19,13,0,2,2,33,30,12,27,270,0,73,84,1023,2,0,-19,0,0,129
45,6,6,6,6,15,Henry,Bainivalu,0,54,0,0,27,55,0,2,1479,33,1479,59,25,0,0,86,0,4,4,21,0,0,58,2,63,1009,64,16,86,83,0,8,33,0,0,0,0,0,0,0,252,45,100,0,0,0,3,65,0,0,127,2,0,0,1,75,0,15,33,93,71,0,4198,32,0,1,100,16,88,71,50,0,0,0,0,45,64,38,61,0,44,10,42,33,0,6,6,17,36,36,42,0,0,78,146,1023,0,0,-19,0,0,365
45,4,4,2,2,31,Bryce,Baringer,250,84,0,184,72,75,0,7,1480,22,1480,73,24,0,0,85,0,4,4,28,0,0,67,2,15,1015,92,32,12,14,0,8,15,0,4,0,0,0,0,0,3,45,100,0,0,4,3,65,0,0,17,2,4,0,1,75,0,6,38,72,65,0,3042,40,0,1,100,95,50,73,55,0,0,0,0,11,0,93,43,29,28,38,11,12,0,20,20,45,5,16,0,383,0,74,56,1023,10,0,-19,0,0,359
45,0,0,0,0,29,Adam,Korsak,0,72,0,0,75,78,0,7,1481,1009,1481,85,24,0,0,34,0,4,4,19,0,0,84,2,63,1009,79,22,20,25,0,8,18,0,2,0,0,0,0,0,156,45,100,0,0,0,3,65,0,0,127,2,0,0,1,75,0,15,51,56,79,0,4210,31,0,1,100,85,64,68,50,0,0,0,0,26,13,96,49,22,25,39,18,10,0,20,20,42,2,16,1,0,0,73,27,1023,0,0,-19,0,0,72
45,4,4,0,0,29,Michael,Turk,250,77,0,184,68,81,0,7,1482,33,1482,78,25,0,0,74,0,4,4,34,0,0,61,2,63,1009,90,35,12,15,0,8,15,0,2,0,0,0,0,0,62,45,100,0,0,1,3,65,0,0,127,2,1,184,1,75,0,15,35,68,82,0,4182,33,0,1,100,94,67,69,50,0,0,0,0,1,16,95,49,23,23,39,13,18,0,20,20,42,5,19,7,250,0,72,67,1023,10,0,-19,0,0,132
4,5,5,5,5,10,Marcedes,Lewis,0,86,0,0,37,71,0,4,1483,1,1483,71,39,0,1,91,2,4,4,82,0,0,69,2,28,1009,94,35,64,76,0,7,54,0,0,0,0,0,0,0,226,45,0,0,0,1,3,25,0,1,84,0,1,0,3,50,0,1,40,79,88,17,1549,75,0,1,100,39,82,81,83,0,0,0,0,7,31,56,20,0,25,9,18,0,0,4,4,8,4,27,28,200,0,78,107,844,35,5,-31,0,0,108
45,3,3,0,0,32,Jake,Moody,250,85,0,184,82,64,0,7,1484,15,1484,65,24,0,0,60,0,4,4,33,0,0,59,2,36,1015,91,29,15,15,0,8,15,0,0,0,0,0,0,0,98,45,100,0,0,4,3,65,0,0,4,2,4,0,1,75,0,3,35,75,66,0,1514,40,0,1,100,95,49,77,60,0,0,0,0,26,12,79,29,25,52,69,20,13,0,19,19,18,24,2,7,383,0,73,49,1023,10,0,-19,0,0,308
45,6,6,4,4,29,Alex,Ward,270,50,0,184,16,65,0,7,1485,24,1485,73,24,0,0,81,0,4,4,21,0,0,77,2,63,1009,61,21,72,88,0,8,26,0,4,0,0,0,0,0,211,45,100,0,0,3,3,65,0,0,47,2,3,0,1,75,0,15,35,74,76,0,3461,20,0,1,100,30,76,67,50,0,0,0,0,12,56,42,43,19,63,22,93,35,0,7,7,104,65,3,56,270,0,76,80,1023,0,0,-19,0,0,95
45,4,4,4,4,26,Brad,Robbins,397,84,0,184,85,76,0,0,1486,2,1486,75,25,0,0,75,0,4,4,26,0,0,67,2,40,1015,82,28,15,16,0,8,12,0,2,0,0,0,0,0,70,45,100,0,0,4,3,65,0,0,10,2,4,12,1,75,0,6,36,71,68,0,3130,25,0,1,100,90,47,73,52,0,0,0,0,29,3,91,40,22,25,38,19,10,0,20,20,46,0,17,0,397,0,72,39,1023,10,0,-19,0,0,353
45,3,3,0,0,30,Chad,Ryland,250,84,0,184,73,74,0,7,1487,22,1487,73,24,0,0,63,0,4,4,35,0,0,60,2,10,1015,92,24,10,12,0,8,9,0,2,0,0,0,0,0,169,45,100,0,0,4,3,65,0,0,37,2,4,0,1,75,0,4,34,72,66,0,1650,32,0,1,100,94,40,73,60,0,0,0,0,8,8,70,3,8,26,58,22,13,0,19,19,33,5,45,7,383,0,72,30,1023,10,0,-19,0,0,56
45,0,0,4,4,32,Paxton,Brooks,0,73,0,0,73,76,0,7,1488,1009,1488,85,23,0,0,43,0,4,4,26,0,0,84,2,63,1009,82,14,25,20,0,8,20,0,1,0,0,0,0,0,26,45,100,0,0,0,3,65,0,0,127,2,0,184,1,75,0,15,37,87,81,0,4222,20,0,1,100,80,68,66,50,0,0,0,0,14,17,96,48,21,24,38,11,19,0,20,20,47,7,13,9,0,0,77,41,1023,0,0,-19,0,0,30
45,3,3,0,0,16,B.T.,Potter,270,70,0,184,80,76,0,9,1490,33,1490,85,23,0,0,58,0,4,4,27,0,0,84,2,63,1009,84,17,32,28,0,8,17,0,2,0,0,0,0,0,80,45,100,0,0,3,3,65,0,0,3,2,3,0,1,75,0,15,26,97,81,0,4178,22,0,1,100,70,66,65,50,0,0,0,0,3,8,35,47,55,8,52,0,8,0,19,19,3,16,30,6,270,0,60,25,1023,0,0,-19,0,0,286
45,0,0,2,2,29,Jack,Podlesny,270,85,0,184,75,79,0,7,1491,33,1491,76,23,0,0,72,0,4,4,26,0,0,64,2,63,1009,91,26,10,10,0,8,10,0,2,0,0,0,0,0,66,45,100,0,0,3,3,65,0,0,46,2,3,0,1,75,0,15,32,66,68,0,4181,24,0,1,100,90,41,69,49,0,0,0,0,23,1,83,32,39,8,64,22,26,0,19,19,13,35,43,1,270,0,72,34,1023,10,0,-19,0,0,409
45,4,4,0,0,26,Christopher,Dunn,0,83,0,0,75,67,0,7,1492,1009,1492,68,25,0,0,70,0,4,4,32,0,0,61,2,63,1009,92,15,10,12,0,8,10,0,2,0,0,0,0,0,200,45,100,0,0,0,3,65,0,0,127,2,0,0,1,75,0,15,25,68,57,0,3467,27,0,1,100,91,27,71,53,0,0,0,0,6,15,47,0,19,57,11,18,11,0,19,19,34,24,27,7,0,0,68,15,1023,5,0,-19,0,0,395
45,2,2,4,4,31,Anders,Carlson,399,84,0,184,69,67,0,7,1493,20,1493,69,25,0,0,87,0,4,4,31,0,0,54,2,30,1015,77,28,18,18,0,8,15,0,0,0,0,0,0,0,226,45,100,0,0,4,3,65,0,0,17,2,4,12,1,75,0,6,37,69,57,0,3090,35,0,1,100,93,51,70,55,0,0,0,0,2,3,57,40,41,3,60,7,2,0,19,19,6,27,43,1,399,0,77,58,1023,10,0,-19,0,0,432
45,7,7,5,5,6,Will,Anderson Jr.,250,87,0,184,12,90,0,1,1494,32,1494,87,22,0,0,91,0,4,4,59,0,0,85,3,3,1015,93,79,35,45,0,8,32,0,0,0,0,0,0,0,3,12,100,0,0,4,3,65,0,0,51,2,4,0,1,75,0,1,21,78,87,0,75,50,0,1,100,15,84,83,72,0,0,0,0,1,22,26,1,9,37,109,21,52,0,10,13,3,4,11,30,383,0,75,93,1023,10,0,-19,0,0,119
45,6,6,5,5,6,Tyree,Wilson,250,77,0,184,17,87,0,4,1495,23,1495,81,23,0,0,90,0,4,4,49,0,0,76,2,7,1015,87,84,40,45,0,8,26,0,0,0,0,0,0,0,217,12,100,0,0,4,3,65,0,0,9,2,4,0,1,75,0,1,22,75,82,0,208,45,0,1,100,15,85,83,75,0,0,0,0,17,54,63,19,28,60,99,23,51,0,11,13,80,16,8,35,383,0,78,111,1023,10,0,-19,0,0,29
45,5,5,5,5,32,Myles,Murphy,250,84,0,184,14,90,0,7,1496,2,1496,88,21,0,0,88,0,4,4,40,0,0,77,2,28,1015,93,76,40,45,0,8,25,0,0,0,0,0,0,0,38,12,100,0,0,4,3,65,0,0,99,2,4,0,1,75,0,1,51,72,76,0,861,45,0,1,100,15,82,80,69,0,0,0,0,12,14,42,41,23,29,18,52,28,0,10,10,69,6,8,2,383,0,77,108,1023,10,0,-19,0,0,108
45,2,2,2,2,6,Keion,White,250,73,0,184,15,81,0,4,1498,22,1498,80,24,0,0,81,0,4,4,62,0,0,69,2,15,1015,85,79,47,50,0,8,51,0,0,0,0,0,0,0,71,45,100,0,0,4,3,65,0,0,99,2,4,0,1,75,0,2,20,69,82,0,1193,65,0,1,100,15,88,73,64,0,0,0,0,23,46,43,14,22,44,74,57,1,0,10,10,50,5,20,57,383,0,77,125,1023,34,0,-19,0,0,138
45,5,5,2,2,25,Will,McDonald IV,250,76,0,184,32,87,0,10,1499,18,1499,82,24,0,0,78,0,4,4,48,0,0,88,2,15,1015,91,80,45,45,0,8,33,0,0,0,0,0,0,0,90,12,100,0,0,4,3,65,0,0,99,2,4,0,1,75,0,1,44,74,86,0,444,49,0,1,100,35,69,80,72,0,0,0,0,30,59,106,8,37,9,52,34,1,0,10,10,67,28,21,16,383,0,76,79,1023,25,0,-19,0,0,236
45,5,5,6,6,20,Lukas,Van Ness,250,76,0,184,21,91,0,7,1500,20,1500,86,22,0,0,90,0,4,4,42,0,0,83,2,13,1015,91,76,35,40,0,8,23,0,1,0,0,0,0,0,89,12,100,0,0,4,3,65,0,0,90,2,4,0,1,75,0,1,31,73,76,0,393,44,0,1,100,23,81,78,70,0,0,0,0,27,44,14,4,14,67,74,41,9,0,13,10,3,48,39,18,383,0,77,112,1023,10,0,-19,0,0,50
45,7,7,7,7,7,Tuli,Tuipulotu,250,77,0,184,28,83,0,2,1501,8,1501,77,21,0,0,90,0,4,4,35,0,0,71,2,23,1015,92,69,40,45,0,8,24,0,0,0,0,0,0,0,231,45,100,0,0,4,3,65,0,0,45,2,4,0,1,75,0,2,20,68,72,0,1287,33,0,1,100,31,79,71,70,0,0,0,0,1,13,63,26,53,12,36,45,20,0,10,10,6,0,81,0,383,0,75,106,1023,10,0,-19,0,0,139
45,7,7,3,3,21,Derick,Hall,250,84,0,184,12,92,0,7,1503,28,1503,87,22,0,0,87,0,4,4,52,0,0,76,2,6,1015,92,75,40,45,0,8,34,0,0,0,0,0,0,0,14,45,100,0,0,4,3,65,0,0,58,2,4,0,1,75,0,2,30,70,81,0,1025,49,0,1,100,14,74,76,71,0,0,0,0,24,5,35,51,50,39,76,57,37,0,15,10,41,0,25,20,383,0,75,94,1023,29,0,-19,0,0,425
45,3,3,2,2,6,BJ,Ojulari,250,78,0,184,21,91,0,1,1504,7,1504,86,21,0,0,76,0,4,4,29,0,0,84,2,10,1015,87,76,49,49,0,8,13,0,0,0,0,0,0,0,106,45,100,0,0,4,3,65,0,0,18,2,4,0,1,75,0,2,19,71,81,0,1113,30,0,1,100,22,75,74,66,0,0,0,0,40,55,39,35,40,13,102,13,31,0,13,10,14,18,26,1,383,0,74,88,1023,10,0,-19,0,0,243
45,3,3,3,3,6,Isaiah,Foskey,250,85,0,184,22,90,0,4,1505,27,1505,86,23,0,0,84,0,4,4,48,0,0,74,2,9,1015,94,83,45,45,0,8,42,0,0,0,0,0,0,0,152,45,100,0,0,4,3,65,0,0,55,2,4,0,1,75,0,2,24,71,82,0,1071,52,0,1,100,25,76,83,72,0,0,0,0,52,45,61,15,29,8,81,18,46,0,10,10,3,40,79,45,383,0,77,104,1023,20,0,-19,0,0,4
45,2,2,5,5,6,Felix,Anudike-Uzmah,250,77,0,184,29,82,0,7,1506,9,1506,81,21,0,0,82,0,4,4,32,0,0,85,2,31,1015,90,78,35,40,0,8,33,0,0,0,0,0,0,0,96,12,100,0,0,4,3,65,0,0,97,2,4,0,1,75,0,1,20,71,82,0,968,34,0,1,100,34,72,76,69,0,0,0,0,11,28,14,84,43,36,82,48,31,0,11,10,52,31,57,4,383,0,75,95,1023,10,0,-19,0,0,135
45,6,6,5,5,15,Nolan,Smith,250,77,0,184,20,95,0,1,1507,13,1507,93,22,0,0,84,0,4,4,50,0,0,87,2,30,1015,85,78,35,40,0,8,36,0,0,0,0,0,0,0,70,12,100,0,0,4,3,65,0,0,3,2,4,0,1,75,0,1,25,73,95,0,951,49,0,1,100,20,69,77,69,0,0,0,0,14,56,56,63,18,2,74,13,12,0,13,13,96,11,77,20,383,0,74,78,1023,25,0,-19,0,0,277
45,3,3,7,7,6,Isaiah,McGuire,250,76,0,184,15,88,0,10,1508,5,1508,79,22,0,0,84,0,4,4,34,0,0,75,2,24,1015,92,76,45,45,0,8,20,0,0,0,0,0,0,0,122,45,100,0,0,4,3,65,0,0,57,2,4,0,1,75,0,4,20,66,86,0,2488,35,0,1,100,16,79,73,64,0,0,0,0,56,39,85,25,21,22,3,30,22,0,10,10,93,37,25,18,383,0,76,108,1023,10,0,-19,0,0,317
45,4,4,7,7,7,K. J.,Henry,420,75,0,184,12,89,0,7,1509,26,1509,85,24,0,0,89,0,4,4,39,0,0,68,2,2,1015,88,76,35,40,0,8,21,0,0,0,0,0,0,0,38,45,100,0,0,4,3,65,0,0,55,2,4,36,1,75,0,5,22,65,77,0,2616,45,0,1,100,14,68,70,64,0,0,0,0,7,12,106,33,25,50,108,13,48,0,15,10,94,4,41,7,420,0,76,91,1023,10,0,-19,0,0,271
45,6,6,2,2,6,Byron,Young,250,82,0,184,11,93,0,4,1510,24,1510,92,25,0,0,80,0,4,4,53,0,0,77,2,14,1015,90,79,40,45,0,8,54,0,0,0,0,0,0,0,211,45,100,0,0,4,3,65,0,0,0,2,4,0,1,75,0,3,25,68,90,0,1368,61,0,1,100,13,74,81,66,0,0,0,0,40,54,37,30,13,7,78,5,49,0,10,10,95,9,20,55,383,0,74,90,1023,45,0,-19,0,0,106
45,5,5,6,6,5,Mike,Morris,416,69,0,184,14,84,0,1,1512,28,1512,74,22,0,0,88,0,4,4,51,0,0,69,2,16,1015,90,75,40,45,0,8,29,0,0,0,0,0,0,0,117,45,100,0,0,4,3,65,0,0,94,2,4,32,1,75,0,5,22,66,71,0,2793,52,0,1,100,17,82,69,63,0,0,0,0,10,16,62,61,7,3,100,37,30,0,10,10,73,49,20,16,416,0,77,115,1023,10,0,-19,0,0,60
45,7,7,6,6,8,Nick,Herbig,250,78,0,184,17,90,0,4,1513,29,1513,84,22,0,0,87,0,4,4,43,0,0,77,2,30,1015,92,76,35,40,0,8,30,0,2,0,0,0,0,0,258,45,100,0,0,4,3,65,0,0,51,2,4,0,1,75,0,4,25,66,82,0,2571,42,0,1,100,20,74,75,71,0,0,0,0,0,34,89,61,40,8,93,32,19,0,13,13,109,4,58,28,383,0,74,80,1023,10,0,-19,0,0,71
45,2,2,7,7,6,Tavius,Robinson,250,74,0,184,14,91,0,2,1515,25,1515,84,24,0,0,77,0,4,4,35,0,0,71,2,22,1015,86,78,45,45,0,8,31,0,0,0,0,0,0,0,159,45,100,0,0,4,3,65,0,0,95,2,4,0,1,75,0,4,20,65,81,0,1839,36,0,1,100,13,79,73,64,0,0,0,0,33,10,57,80,46,76,103,5,34,0,13,10,39,63,39,14,383,0,78,97,1023,10,0,-19,0,0,393
45,6,6,3,3,6,Tyler,Lacy,250,72,0,184,9,81,0,1,1517,17,1517,69,24,0,0,87,0,4,4,37,0,0,65,2,28,1015,88,79,40,45,0,8,23,0,0,0,0,0,0,0,158,45,100,0,0,4,3,65,0,0,93,2,4,0,1,75,0,4,21,66,71,0,2551,41,0,1,100,10,86,71,68,0,0,0,0,4,37,69,51,45,61,73,22,43,0,10,10,49,45,43,30,383,0,76,119,1023,10,0,-19,0,0,425
45,3,3,3,3,6,Chris,Harris Jr,0,92,0,0,25,87,0,5,1518,33,1518,89,34,0,0,86,2,4,4,78,0,0,90,2,63,1009,89,61,35,35,0,7,65,0,0,0,2,2,0,0,95,45,19,0,0,0,3,40,0,1,19,2,0,0,3,87,0,15,35,78,90,12,3380,60,0,1,100,25,58,82,80,3,3,0,0,5,19,72,10,0,20,11,10,5,1,16,16,5,3,12,8,0,0,70,39,999,67,1,-19,0,0,270
45,2,2,6,6,7,Colby,Wooden,460,77,0,184,8,87,0,4,1519,20,1519,79,23,0,0,81,0,4,4,28,0,0,68,2,14,1015,92,73,40,45,0,8,35,0,0,0,0,0,0,0,14,45,100,0,0,4,3,65,0,0,96,2,4,76,1,75,0,4,14,66,76,0,1679,35,0,1,100,11,78,74,70,0,0,0,0,51,39,5,34,39,31,64,4,40,0,10,10,65,25,32,40,460,0,76,113,1023,10,0,-19,0,0,374
45,7,7,5,5,22,D. J.,Johnson,250,83,0,184,20,93,0,7,1520,21,1520,89,25,0,0,88,0,4,4,70,0,0,73,2,17,1015,86,71,52,54,0,8,48,0,0,0,0,0,0,0,160,45,100,0,0,4,3,65,0,0,52,2,4,0,1,75,0,3,35,69,78,0,1373,71,0,1,100,20,82,72,62,0,0,0,0,38,20,48,36,5,40,61,29,31,0,15,13,57,1,6,31,383,0,76,100,1023,35,0,-19,0,0,461
45,3,3,2,2,24,Lonnie,Phelps,0,73,0,0,27,80,0,7,1521,1009,1521,89,23,0,0,71,0,4,4,34,0,0,81,2,63,1009,57,79,24,28,0,8,33,0,0,0,0,0,0,0,95,45,100,0,0,0,3,65,0,0,63,2,0,184,1,75,0,15,32,85,82,0,3990,36,0,1,100,22,78,71,55,0,0,0,0,0,33,97,50,27,9,16,35,36,0,11,10,85,32,41,11,0,0,74,84,1023,0,0,-19,0,0,488
45,4,4,5,5,35,Eku,Leota,0,73,0,0,26,77,0,7,1522,1009,1522,80,24,0,0,91,0,4,4,22,0,0,81,2,63,1009,67,80,20,16,0,8,31,0,0,0,0,0,0,0,14,45,100,0,0,0,3,65,0,0,46,2,0,0,1,75,0,15,27,70,82,0,3947,24,0,1,100,22,79,71,61,0,0,0,0,50,42,70,85,40,21,107,4,29,0,10,10,15,28,2,11,0,0,75,92,1023,0,0,-19,0,0,336
45,5,5,2,2,10,Adetomiwa,Adebawore,250,75,0,184,21,92,0,4,1524,10,1524,89,22,0,0,88,0,4,4,30,0,0,79,2,8,1015,92,66,40,45,0,8,12,0,0,0,0,0,0,0,151,45,100,0,0,4,3,65,0,0,95,2,4,0,1,75,0,4,21,66,88,0,1635,35,0,1,100,25,84,73,63,0,0,0,0,40,54,77,26,14,6,84,40,7,0,12,10,72,13,76,9,383,0,74,122,1023,10,0,-19,0,0,519
45,7,7,5,5,6,Andre,Carter II,269,74,0,184,16,85,0,4,1525,31,1525,75,23,0,0,88,0,4,4,62,0,0,84,2,63,1009,87,78,40,45,0,8,49,0,2,0,0,0,0,0,13,45,100,0,0,3,3,65,0,0,55,2,3,0,1,75,0,15,22,63,74,0,4039,57,0,1,100,14,67,64,57,0,0,0,0,9,0,35,47,8,10,63,21,41,0,13,13,5,19,66,10,269,0,78,96,1023,34,0,-19,0,0,145
45,6,6,6,6,6,Jose,Ramirez,0,72,0,0,10,91,0,7,1526,1009,1526,81,24,0,0,84,0,4,4,37,0,0,85,2,19,1015,90,78,35,40,0,8,24,0,0,0,0,0,0,0,58,45,100,0,0,0,3,65,0,0,33,2,0,0,1,75,0,6,19,64,83,0,3048,45,0,1,100,12,71,70,62,0,0,0,0,25,25,15,4,23,5,75,17,8,0,13,13,97,18,0,0,0,0,74,82,1023,10,0,-19,0,0,326
45,5,5,6,6,17,Nick,Hampton,413,76,0,184,13,92,0,1,1527,24,1527,86,23,0,0,88,0,4,4,40,0,0,83,2,26,1015,87,78,35,40,0,8,23,0,0,0,0,0,0,0,7,45,100,0,0,4,3,65,0,0,31,2,4,28,1,75,0,5,31,67,85,0,2849,45,0,1,100,14,65,69,62,0,0,0,0,37,5,67,45,30,35,51,22,26,0,13,13,19,15,52,9,413,0,74,76,1023,15,0,-19,0,0,277
45,6,6,6,6,11,Ali,Gaye,0,63,0,0,29,77,0,7,1528,1009,1528,85,25,0,0,76,0,4,4,26,0,0,82,2,63,1009,68,79,31,14,0,8,27,0,0,0,0,0,0,0,106,45,100,0,0,0,3,65,0,0,73,2,0,184,1,75,0,15,40,80,82,0,3957,35,0,1,100,21,82,69,55,0,0,0,0,0,54,2,8,37,53,51,50,11,0,10,10,19,56,60,9,0,0,78,103,1023,0,0,-19,0,0,294
45,3,3,4,4,6,Dylan,Horton,250,81,0,184,30,82,0,1,1529,32,1529,81,23,0,0,84,0,4,4,39,0,0,70,2,7,1015,91,81,45,45,0,8,27,0,0,0,0,0,0,0,207,45,100,0,0,4,3,65,0,0,92,2,4,0,1,75,0,4,27,66,82,0,1623,40,0,1,100,31,73,75,68,0,0,0,0,15,17,54,19,50,18,93,44,37,0,10,10,63,2,76,12,383,0,76,97,1023,10,0,-19,0,0,317
45,4,4,7,7,30,MJ,Anderson,269,84,0,184,21,76,0,4,1530,33,1530,81,22,0,0,71,0,4,4,16,0,0,82,2,63,1009,57,81,10,14,0,8,38,0,0,0,0,0,0,0,90,45,100,0,0,3,3,65,0,0,127,2,3,0,1,75,0,15,19,74,81,0,4205,35,0,1,100,16,83,68,56,0,0,0,0,9,47,73,29,6,57,70,28,2,0,15,10,68,60,50,58,269,0,74,109,1023,0,0,-19,0,0,331
45,7,7,7,7,14,Zach,Harrison,250,72,0,184,12,87,0,10,1531,14,1531,83,22,0,0,83,0,4,4,46,0,0,73,2,12,1015,89,82,40,45,0,8,34,0,0,0,0,0,0,0,156,45,100,0,0,4,3,65,0,0,96,2,4,0,1,75,0,3,23,68,83,0,1355,35,0,1,100,15,81,79,69,0,0,0,0,53,58,79,78,47,38,3,17,37,0,10,10,83,67,22,64,383,0,77,114,1023,10,0,-19,0,0,460
45,2,2,2,2,15,Ochaun,Mathis,402,74,0,184,14,90,0,7,1532,24,1532,82,24,0,0,79,0,4,4,42,0,0,77,2,12,1015,91,73,35,40,0,8,34,0,0,0,0,0,0,0,142,45,100,0,0,4,3,65,0,0,32,2,4,16,1,75,0,6,25,64,84,0,3035,41,0,1,100,14,75,69,62,0,0,0,0,5,13,31,49,46,74,95,16,11,0,13,10,23,58,77,36,402,0,77,90,1023,12,0,-19,0,0,441
45,7,7,7,7,40,Robert,Beal Jr.,408,70,0,184,22,81,0,7,1534,33,1534,92,24,0,0,81,0,4,4,51,0,0,81,2,38,1015,83,85,28,20,0,8,26,0,0,0,0,0,0,0,70,45,100,0,0,4,3,65,0,0,55,2,4,24,1,75,0,5,21,79,77,0,2935,31,0,1,100,7,79,72,50,0,0,0,0,15,46,49,59,32,62,18,18,43,0,11,13,3,17,64,24,408,0,76,87,1023,0,0,-19,0,0,400
45,5,5,2,2,6,YaYa,Diaby,250,74,0,184,23,93,0,1,1535,6,1535,89,24,0,0,79,0,4,4,45,0,0,77,2,19,1015,90,78,35,40,0,8,25,0,0,0,0,0,0,0,105,45,100,0,0,4,3,65,0,0,0,2,4,0,1,75,0,3,23,67,88,0,1377,47,0,1,100,27,69,80,68,0,0,0,0,20,31,44,51,16,22,4,22,0,0,10,10,67,53,64,49,383,0,75,103,1023,25,0,-19,0,0,456
45,7,7,6,6,6,Viliami,Fehoko Jr.,250,83,0,184,29,82,0,2,1536,11,1536,81,24,0,0,90,0,4,4,52,0,0,71,2,27,1015,91,71,48,50,0,8,33,0,0,0,0,0,0,0,185,45,100,0,0,4,3,65,0,0,93,2,4,0,1,75,0,4,18,66,74,0,2539,57,0,1,100,34,80,73,70,0,0,0,0,58,32,9,51,45,73,100,20,21,0,10,10,20,53,83,2,383,0,76,116,1023,10,0,-19,0,0,297
45,4,4,3,3,6,Brenton,Cox Jr.,269,73,0,184,14,88,0,10,1537,20,1537,78,23,0,0,79,0,4,4,48,0,0,65,2,63,1009,88,68,40,45,0,8,29,0,0,0,0,0,0,0,62,45,100,0,0,3,3,65,0,0,57,2,3,0,1,75,0,15,25,61,80,0,4115,42,0,1,100,20,81,63,57,0,0,0,0,43,51,91,33,11,62,13,22,3,0,15,10,8,59,38,5,269,0,76,90,1023,10,0,-19,0,0,460
45,5,5,4,4,7,Thomas,Incoom,250,73,0,184,36,91,0,1,1538,4,1538,84,24,0,0,77,0,4,4,54,0,0,78,2,63,1009,91,78,45,45,0,8,44,0,0,0,0,0,0,0,33,45,100,0,0,1,3,65,0,0,59,2,1,184,1,75,0,15,24,62,75,0,4052,55,0,1,100,38,77,73,63,0,0,0,0,24,17,65,9,27,70,23,27,15,0,13,10,0,67,61,65,250,0,74,102,1023,15,0,-19,0,0,386
45,2,2,6,6,20,Habakkuk,Baldonado,269,83,0,184,25,74,0,4,1540,33,1540,82,24,0,0,86,0,4,4,22,0,0,83,2,63,1009,78,80,27,31,0,8,37,0,0,0,0,0,0,0,166,45,100,0,0,3,3,65,0,0,45,2,3,0,1,75,0,15,5,63,83,0,4058,33,0,1,100,12,79,67,56,0,0,0,0,41,10,85,82,22,76,46,32,4,0,13,10,28,46,7,56,269,0,76,91,1023,0,0,-19,0,0,457
45,5,5,5,5,12,Andre,Jones Jr.,394,72,0,184,22,90,0,4,1542,26,1542,80,25,0,0,87,0,4,4,49,0,0,78,2,16,1015,91,75,35,40,0,8,44,0,0,0,0,0,0,0,302,45,100,0,0,4,3,65,0,0,50,2,4,8,1,75,0,7,19,63,76,0,3212,44,0,1,100,24,67,72,62,0,0,0,0,1,18,29,28,4,9,79,18,20,0,11,13,66,13,51,42,394,0,76,88,1023,25,0,-19,0,0,119
45,4,4,5,5,17,Caleb,Murphy,250,77,0,184,15,74,0,7,1543,30,1543,81,24,0,0,81,0,4,4,11,0,0,80,2,63,1009,56,80,15,13,0,8,25,0,0,0,0,0,0,0,296,45,100,0,0,1,3,65,0,0,42,2,1,184,1,75,0,15,5,69,75,0,4122,31,0,1,100,31,80,65,53,0,0,0,0,32,28,86,49,56,67,28,27,41,0,15,10,13,20,34,29,250,0,75,94,1023,0,0,-19,0,0,89
45,6,6,6,6,13,Isaiah,Land,250,76,0,184,14,90,0,1,1546,10,1546,85,23,0,0,75,0,4,4,52,0,0,77,2,63,1009,88,70,45,45,0,8,34,0,0,0,0,0,0,0,63,45,100,0,0,1,3,65,0,0,55,2,1,184,1,75,0,15,30,63,83,0,4114,47,0,1,100,17,69,66,59,0,0,0,0,0,5,7,32,29,27,43,45,41,0,15,13,71,15,49,37,250,0,75,76,1023,35,0,-19,0,0,271
45,6,6,5,5,30,Tyrus,Wheat,0,90,0,0,32,79,0,1,1547,1009,1547,86,24,0,0,86,0,4,4,37,0,0,77,2,63,1009,66,80,21,27,0,8,27,0,0,0,0,0,0,0,121,45,100,0,0,0,3,65,0,0,91,2,0,184,1,75,0,15,39,50,74,0,3969,25,0,1,100,26,82,67,50,0,0,0,0,8,51,24,36,0,11,16,33,32,0,10,13,55,13,63,23,0,0,74,103,1023,0,0,-19,0,0,273
45,3,3,6,6,33,Ikenna,Enechukwu,272,90,0,184,18,76,0,4,1548,33,1548,85,23,0,0,86,0,4,4,28,0,0,73,2,63,1009,83,79,14,28,0,8,29,0,0,0,0,0,0,0,171,45,100,0,0,3,3,65,0,0,79,2,3,3,1,75,0,15,11,96,79,0,3975,21,0,1,100,31,82,66,52,0,0,0,0,41,18,40,15,34,61,5,32,2,0,10,10,98,41,14,51,272,0,76,104,1023,0,0,-19,0,0,253
45,7,7,6,6,31,Noah,Taylor,0,84,0,0,23,79,0,7,1550,33,1550,90,24,0,0,70,0,4,4,32,0,0,80,2,63,1009,54,81,28,27,0,8,26,0,0,0,0,0,0,0,135,45,100,0,0,0,3,65,0,0,127,2,0,0,1,75,0,15,38,61,80,0,4202,23,0,1,100,8,77,66,50,0,0,0,0,8,23,46,4,53,19,41,38,27,0,13,13,90,16,42,30,0,0,76,78,1023,0,0,-19,0,0,280
45,5,5,7,7,6,Jalen,Carter,2180,72,0,184,43,88,0,1,1551,13,1551,81,22,0,0,89,0,4,4,50,0,0,78,2,9,1015,88,82,45,55,0,8,25,0,0,0,0,0,0,0,70,12,100,0,0,4,3,65,0,0,98,2,4,1284,1,75,0,1,21,79,80,0,268,48,0,1,100,51,94,85,68,0,0,0,0,53,35,68,4,16,6,15,60,31,0,12,12,80,26,86,25,2180,0,75,154,1023,10,0,-19,0,0,97
45,6,6,6,6,6,Calijah,Kancey,250,79,0,184,12,91,0,7,1552,6,1552,83,22,0,0,84,0,4,4,52,0,0,82,2,19,1015,87,73,35,40,0,8,17,0,0,0,0,0,0,0,166,12,100,0,0,4,3,65,0,0,94,2,4,0,1,75,0,1,25,73,81,0,535,43,0,1,100,14,74,72,72,0,0,0,0,69,47,67,45,36,56,96,41,20,0,12,12,22,33,44,40,383,0,73,121,1023,10,0,-19,0,0,47
45,2,2,2,2,10,Bryan,Bresee,250,75,0,184,23,85,0,4,1553,27,1553,78,22,0,0,90,0,4,4,47,0,0,70,2,29,1015,85,73,40,45,0,8,35,0,0,0,0,0,0,0,38,12,100,0,0,4,3,65,0,0,90,2,4,0,1,75,0,1,22,71,72,0,881,44,0,1,100,24,88,79,74,0,0,0,0,60,52,28,84,2,73,102,66,30,0,12,12,76,5,2,59,383,0,77,138,1023,10,0,-19,0,0,41
45,2,2,7,7,6,Mazi,Smith,250,72,0,184,12,77,0,10,1554,11,1554,74,22,0,0,88,0,4,4,33,0,0,77,2,26,1015,92,83,40,45,0,8,21,0,0,0,0,0,0,0,117,12,100,0,0,4,3,65,0,0,58,2,4,0,1,75,0,1,22,73,73,0,748,31,0,1,100,13,94,83,70,0,0,0,0,58,33,36,75,56,26,2,36,28,0,12,12,35,1,6,39,383,0,75,163,1023,10,0,-19,0,0,461
45,5,5,6,6,7,Siaki,Ika,250,66,0,184,22,68,0,7,1556,5,1556,59,23,0,0,88,0,4,4,25,0,0,54,2,35,1015,88,73,48,54,0,8,10,0,0,0,0,0,0,0,17,45,100,0,0,4,3,65,0,0,62,2,4,0,1,75,0,3,21,66,64,0,1505,22,0,1,100,28,90,71,70,0,0,0,0,43,36,47,11,14,9,107,66,1,0,12,12,61,87,47,45,383,0,75,175,1023,10,0,-19,0,0,35
45,7,7,4,4,7,Jaquelin,Roy,417,76,0,184,10,68,0,1,1558,31,1558,68,23,0,0,83,0,4,4,26,0,0,52,2,6,1015,90,78,49,54,0,8,10,0,0,0,0,0,0,0,106,45,100,0,0,4,3,65,0,0,93,2,4,32,1,75,0,5,21,65,66,0,2677,28,0,1,100,11,88,72,68,0,0,0,0,55,26,33,54,40,88,11,67,37,0,12,12,3,58,61,48,417,0,75,145,1023,10,0,-19,0,0,385
45,2,2,2,2,6,Keeanu,Benton,250,75,0,184,10,75,0,1,1559,29,1559,70,22,0,0,88,0,4,4,35,0,0,69,2,18,1015,91,79,40,45,0,8,10,0,0,0,0,0,0,0,258,45,100,0,0,4,3,65,0,0,95,2,4,0,1,75,0,2,19,70,73,0,1216,38,0,1,100,13,86,75,69,0,0,0,0,43,58,3,82,51,55,40,35,14,0,12,12,96,24,14,11,383,0,76,149,1023,10,0,-19,0,0,456
45,3,3,5,5,6,Zacch,Pickens,250,69,0,184,14,83,0,10,1560,1,1560,76,23,0,0,89,0,4,4,45,0,0,69,2,1,1015,93,77,35,40,0,8,42,0,1,0,0,0,0,0,176,45,100,0,0,4,3,65,0,0,96,2,4,0,1,75,0,3,20,67,75,0,1322,58,0,1,100,15,81,73,68,0,0,0,0,42,39,1,79,4,55,94,11,31,0,12,12,7,72,24,62,383,0,76,131,1023,10,0,-19,0,0,367
45,7,7,2,2,6,Cameron,Young,250,74,0,184,8,77,0,4,1561,28,1561,69,23,0,0,85,0,4,4,43,0,0,52,2,21,1015,86,81,35,40,0,8,10,0,0,0,0,0,0,0,121,45,100,0,0,4,3,65,0,0,93,2,4,0,1,75,0,4,19,67,71,0,1827,36,0,1,100,11,88,74,66,0,0,0,0,15,29,30,8,32,60,74,50,22,0,12,12,69,43,33,17,383,0,75,144,1023,10,0,-19,0,0,33
45,3,3,2,2,6,Keondre,Coburn,250,65,0,184,10,73,0,4,1562,9,1562,65,23,0,0,87,0,4,4,25,0,0,64,2,17,1015,92,74,45,45,0,8,15,0,0,0,0,0,0,0,214,45,100,0,0,4,3,65,0,0,99,2,4,0,1,75,0,6,12,65,69,0,3046,22,0,1,100,10,90,74,69,0,0,0,0,51,52,30,74,38,58,98,11,32,0,12,12,78,0,25,42,383,0,74,172,1023,9,0,-19,0,0,306
45,6,6,3,3,6,Byron,Young,250,76,0,184,11,81,0,7,1563,23,1563,71,23,0,0,82,0,4,4,37,0,0,59,2,7,1015,93,81,35,40,0,8,15,0,0,0,0,0,0,0,3,45,100,0,0,4,3,65,0,0,93,2,4,0,1,75,0,3,10,67,66,0,1339,40,0,1,100,14,82,73,70,0,0,0,0,26,17,64,31,36,20,22,2,16,0,12,12,37,58,65,42,383,0,75,134,1023,10,0,-19,0,0,285
45,5,5,4,4,6,Gervon,Dexter Sr.,250,73,0,184,9,80,0,1,1564,1,1564,76,22,0,0,83,0,4,4,52,0,0,67,2,22,1015,92,81,40,45,0,8,24,0,0,0,0,0,0,0,62,45,100,0,0,4,3,65,0,0,98,2,4,0,1,75,0,2,14,68,76,0,1286,45,0,1,100,12,84,75,69,0,0,0,0,39,53,31,24,41,26,25,40,25,0,12,12,21,83,25,59,383,0,78,150,1023,10,0,-19,0,0,227
45,2,2,4,4,9,Moro,Ojomo,391,72,0,184,22,82,0,4,1565,13,1565,71,22,0,0,84,0,4,4,33,0,0,69,2,32,1015,92,79,45,45,0,8,21,0,0,0,0,0,0,0,214,45,100,0,0,4,3,65,0,0,72,2,4,8,1,75,0,7,20,64,80,0,3374,35,0,1,100,28,84,72,63,0,0,0,0,44,59,64,76,28,46,50,66,30,0,12,12,73,6,27,35,391,0,75,132,1023,10,0,-19,0,0,321
45,4,4,6,6,36,DJ,Dale,250,69,0,184,34,61,0,7,1566,33,1566,66,23,0,0,61,0,4,4,9,0,0,70,2,63,1009,91,90,25,42,0,8,17,0,0,0,0,0,0,0,3,45,100,0,0,1,3,65,0,0,127,2,1,184,1,75,0,15,21,89,68,0,4000,30,0,1,100,24,89,69,50,0,0,0,0,35,15,58,57,4,88,28,65,13,0,12,12,62,66,97,48,250,0,73,142,1023,0,0,-19,0,0,251
45,3,3,3,3,15,Dante,Stills,397,73,0,184,8,83,0,7,1567,7,1567,76,24,0,0,84,0,4,4,44,0,0,71,2,36,1015,91,67,35,40,0,8,22,0,0,0,0,0,0,0,254,45,100,0,0,4,3,65,0,0,55,2,4,12,1,75,0,6,25,64,71,0,3112,40,0,1,100,10,80,70,70,0,0,0,0,0,54,60,45,12,39,34,43,21,0,12,12,93,51,29,27,397,0,75,126,1023,10,0,-19,0,0,44
45,2,2,4,4,6,Jalen,Redmond,269,67,0,184,12,85,0,4,1568,33,1568,79,24,0,0,81,0,4,4,37,0,0,74,2,63,1009,83,73,40,45,0,8,10,0,0,0,0,0,0,0,157,45,100,0,0,3,3,65,0,0,127,2,3,0,1,75,0,15,22,64,83,0,4004,42,0,1,100,14,85,73,63,0,0,0,0,24,56,59,31,59,27,99,37,30,0,12,12,67,58,53,58,269,0,74,131,1023,10,0,-19,0,0,16
45,4,4,5,5,6,Jerrod,Clark,0,66,0,0,10,73,0,7,1569,1009,1569,64,24,0,0,85,0,4,4,50,0,0,62,2,63,1009,82,75,45,45,0,8,35,0,0,0,0,0,0,0,290,45,100,0,0,0,3,65,0,0,72,2,0,0,1,75,0,15,15,63,69,0,4026,51,0,1,100,10,88,68,58,0,0,0,0,48,24,3,10,50,41,50,20,22,0,12,12,90,59,57,63,0,0,76,174,1023,10,0,-19,0,0,110
45,2,2,2,2,6,Nesta Jade,Silvera,394,67,0,184,12,77,0,1,1570,23,1570,67,23,0,0,88,0,4,4,26,0,0,64,2,14,1015,89,81,40,45,0,8,10,0,0,0,0,0,0,0,9,45,100,0,0,4,3,65,0,0,99,2,4,8,1,75,0,7,16,63,73,0,3205,30,0,1,100,17,83,72,67,0,0,0,0,69,36,27,23,17,60,63,36,39,0,12,12,103,39,77,5,394,0,74,144,1023,10,0,-19,0,0,365
45,4,4,5,5,27,PJ,Mustipher,0,73,0,0,22,56,0,4,1572,1009,1572,62,24,0,0,86,0,4,4,17,0,0,62,2,63,1009,81,84,9,32,0,8,12,0,0,0,0,0,0,0,164,45,100,0,0,0,3,65,0,0,97,2,0,184,1,75,0,15,27,80,70,0,4034,29,0,1,100,11,92,66,50,0,0,0,0,16,59,78,39,18,23,90,31,29,0,12,12,80,65,58,4,0,0,76,160,1023,2,0,-19,0,0,453
45,7,7,5,5,45,Drew,Sanders,250,89,0,184,15,89,0,7,1573,4,1573,84,22,0,0,84,0,4,4,64,0,0,81,2,4,1015,90,78,35,40,0,8,52,0,1,0,0,0,0,0,10,45,100,0,0,4,3,65,0,0,41,2,4,0,1,75,0,3,52,72,88,0,1329,67,0,1,100,17,72,70,73,0,0,0,0,1,22,16,7,20,69,3,23,0,0,14,14,28,3,47,17,383,0,76,76,1023,10,0,-19,0,0,91
45,5,5,7,7,31,Trenton,Simpson,250,85,0,184,14,95,0,4,1575,25,1575,91,22,0,0,87,0,4,4,47,0,0,81,2,23,1015,92,79,35,45,0,8,56,0,0,0,0,0,0,0,38,45,100,0,0,4,3,65,0,0,30,2,4,0,1,75,0,3,35,70,94,0,1383,64,0,1,100,16,77,68,65,0,0,0,0,16,18,58,39,35,17,16,22,42,0,14,14,22,10,32,35,383,0,74,75,1023,10,0,-19,0,0,368
45,5,5,6,6,6,Daiyan,Henley,250,88,0,184,44,91,0,1,1576,8,1576,88,24,0,0,85,0,4,4,72,0,0,82,2,22,1015,90,87,40,45,0,8,62,0,0,0,0,0,0,0,251,45,100,0,0,4,3,65,0,0,0,2,4,0,1,75,0,3,24,70,89,0,1382,64,0,1,100,51,65,71,65,0,0,0,0,31,1,34,6,25,42,58,39,27,0,14,14,82,1,60,12,383,0,73,65,1023,60,0,-19,0,0,388
45,7,7,7,7,6,Jack,Campbell,250,88,0,184,18,90,0,7,1577,19,1577,84,23,0,0,96,0,4,4,69,0,0,88,2,18,1015,92,86,45,45,0,8,52,0,4,0,0,0,0,0,89,12,100,0,0,4,3,65,0,0,46,2,4,0,1,75,0,1,25,75,89,0,521,58,0,1,100,16,76,75,71,0,0,0,0,14,1,11,60,37,39,87,15,35,0,14,14,1,15,57,5,383,0,77,89,1023,14,0,-19,0,0,250
45,6,6,5,5,6,Henry,To'oTo'o,408,86,0,184,31,92,0,7,1578,32,1578,85,22,0,0,84,0,4,4,55,0,0,81,2,32,1015,89,75,35,35,0,8,59,0,0,0,0,0,0,0,3,45,100,0,0,4,3,65,0,0,39,2,4,24,1,75,0,5,30,66,78,0,2890,57,0,1,100,32,65,67,72,0,0,0,0,1,29,86,21,35,57,51,23,22,0,14,14,85,2,13,17,408,0,73,67,1023,44,0,-19,0,0,35
45,7,7,7,7,7,Yasir,Abdullah,250,74,0,184,23,95,0,7,1579,17,1579,90,23,0,0,76,0,4,4,64,0,0,83,2,1,1015,89,75,35,40,0,8,37,0,0,0,0,0,0,0,105,45,100,0,0,4,3,65,0,0,56,2,4,0,1,75,0,5,20,68,87,0,2602,45,0,1,100,28,70,70,59,0,0,0,0,39,51,61,28,48,40,63,38,13,0,13,14,23,15,29,22,383,0,73,77,1023,10,0,-19,0,0,506
45,6,6,5,5,27,Jeremy,Banks,269,81,0,184,27,82,0,1,1582,33,1582,90,24,0,0,70,0,4,4,54,0,0,81,2,63,1009,85,88,33,15,0,8,21,0,0,0,0,0,0,0,211,45,100,0,0,3,3,65,0,0,127,2,3,0,1,75,0,15,33,52,87,0,4076,44,0,1,100,15,76,70,61,0,0,0,0,15,6,8,5,33,12,20,18,14,0,14,14,80,15,44,31,269,0,73,72,1023,4,0,-19,0,0,493
45,0,0,0,0,30,Nick,Folk,500,77,0,106,84,67,0,4,1583,30,1583,64,39,0,0,65,2,4,4,40,0,0,56,0,4,1009,84,25,15,15,0,8,15,0,2,0,0,0,0,0,8,45,0,2,2,1,3,55,0,0,6,0,2,106,1,70,0,6,55,77,50,16,900,50,0,1,100,91,59,79,68,0,0,0,0,4,21,76,10,5,20,8,10,5,0,19,19,5,10,16,14,500,0,73,62,999,10,4,-31,0,0,153
45,6,6,5,5,11,Ventrell,Miller,250,87,0,184,14,87,0,1,1584,33,1584,83,24,0,0,94,0,4,4,58,0,0,76,2,19,1015,85,76,35,45,0,8,49,0,0,0,0,0,0,0,62,45,100,0,0,4,3,65,0,0,51,2,4,0,1,75,0,4,17,67,80,0,1808,55,0,1,100,15,74,66,70,0,0,0,0,30,40,70,14,28,50,17,6,38,0,14,14,14,13,38,8,383,0,72,72,1023,10,0,-19,0,0,514
45,7,7,7,7,6,DeMarvion,Overshown,250,88,0,184,16,92,0,7,1585,33,1585,87,23,0,0,82,0,4,4,64,0,0,78,2,27,1015,87,77,35,40,0,8,51,0,0,0,0,0,0,0,214,45,100,0,0,4,3,65,0,0,35,2,4,0,1,75,0,3,22,69,87,0,1403,59,0,1,100,18,64,74,69,0,0,0,0,24,26,82,9,37,35,48,15,38,0,15,14,43,0,39,29,383,0,75,69,1023,10,0,-19,0,0,355
45,6,6,5,5,12,Dorian,Williams,250,86,0,184,16,89,0,10,1586,3,1586,84,22,0,0,76,0,4,4,65,0,0,79,2,28,1015,90,85,30,35,0,8,52,0,0,0,0,0,0,0,221,45,100,0,0,4,3,65,0,0,42,2,4,0,1,75,0,3,20,68,84,0,1411,55,0,1,100,18,63,66,61,0,0,0,0,11,31,2,46,40,38,44,3,37,0,14,14,7,21,51,25,383,0,73,68,1023,42,0,-19,0,0,381
45,5,5,7,7,17,Owen,Pappoe,408,84,0,184,12,95,0,10,1587,7,1587,93,23,0,0,82,0,4,4,62,0,0,84,2,33,1015,87,76,35,40,0,8,45,0,0,0,0,0,0,0,14,45,100,0,0,4,3,65,0,0,44,2,4,24,1,75,0,5,24,66,85,0,2902,55,0,1,100,17,77,63,57,0,0,0,0,18,1,18,32,39,16,56,47,11,0,14,14,78,11,25,15,408,0,72,65,1023,30,0,-19,0,0,341
45,6,6,7,7,10,Dee,Winters,397,87,0,184,11,93,0,1,1588,15,1588,89,23,0,0,73,0,4,4,65,0,0,81,2,39,1015,85,71,35,35,0,8,57,0,0,0,0,0,0,0,207,45,100,0,0,4,3,65,0,0,53,2,4,12,1,75,0,6,30,65,77,0,3124,62,0,1,100,11,66,71,68,0,0,0,0,38,11,0,40,11,60,31,34,0,0,13,14,12,10,50,30,397,0,61,67,1023,55,0,-19,0,0,407
45,7,7,6,6,6,Noah,Sewell,416,87,0,184,19,89,0,7,1589,1,1589,82,21,0,0,91,0,4,4,63,0,0,74,2,13,1015,88,82,45,45,0,8,63,0,0,0,0,0,0,0,160,45,100,0,0,4,3,65,0,0,44,2,4,32,1,75,0,5,25,66,80,0,2756,64,0,1,100,15,80,66,63,0,0,0,0,38,55,66,45,46,67,17,10,11,0,14,14,26,12,1,2,416,0,73,86,1023,35,0,-19,0,0,421
45,5,5,5,5,12,Anfernee,Orji,0,84,0,0,29,93,0,4,1591,1009,1591,87,23,0,0,88,0,4,4,63,0,0,83,2,63,1009,92,73,30,35,0,8,44,0,0,0,0,0,0,0,238,45,100,0,0,0,3,65,0,0,58,2,0,0,1,75,0,15,24,64,90,0,4078,54,0,1,100,29,67,64,66,0,0,0,0,28,7,3,20,45,23,79,36,4,0,14,14,3,8,58,16,0,0,73,70,1023,40,0,-19,0,0,437
45,7,7,7,7,45,Jalen,Graham,391,84,0,184,15,90,0,7,1593,15,1593,84,22,0,0,86,0,4,4,66,0,0,75,2,38,1015,89,77,25,25,0,8,45,0,0,0,0,0,0,0,169,45,100,0,0,4,3,65,0,0,50,2,4,8,1,75,0,7,54,64,77,0,3434,50,0,1,100,20,65,65,67,0,0,0,0,16,0,69,30,35,23,36,47,7,0,14,14,80,21,35,27,391,0,74,60,1023,39,0,-19,0,0,376
45,5,5,5,5,11,Cam,Jones,250,90,0,184,11,77,0,10,1595,9,1595,85,24,0,0,68,0,4,4,50,0,0,80,2,63,1009,68,75,30,15,0,8,30,0,0,0,0,0,0,0,86,45,100,0,0,1,3,65,0,0,44,2,1,184,1,75,0,15,33,99,80,0,4127,35,0,1,100,14,74,62,50,0,0,0,0,16,35,74,68,54,30,96,39,29,0,15,15,80,3,39,16,250,0,73,66,1023,1,0,-19,0,0,468
45,7,7,7,7,6,Ivan,Pace Jr.,269,85,0,184,19,82,0,7,1597,31,1597,85,23,0,0,88,0,4,4,59,0,0,78,2,63,1009,92,77,35,40,0,8,31,0,0,0,0,0,0,0,36,45,100,0,0,3,3,65,0,0,40,2,3,0,1,75,0,15,22,62,84,0,4116,53,0,1,100,21,72,72,66,0,0,0,0,20,18,19,45,42,66,100,30,23,0,15,15,85,11,64,19,269,0,60,71,1023,10,0,-19,0,0,480
45,6,6,7,7,25,Charlie,Thomas,0,84,0,0,13,83,0,10,1599,1009,1599,90,23,0,0,81,0,4,4,53,0,0,84,2,63,1009,83,89,24,25,0,8,31,0,0,0,0,0,0,0,71,45,100,0,0,0,3,65,0,0,127,2,0,184,1,75,0,15,26,59,81,0,4204,33,0,1,100,13,72,68,57,0,0,0,0,33,44,76,39,35,5,28,18,41,0,14,14,7,18,0,31,0,0,75,56,1023,2,0,-19,0,0,435
45,5,5,7,7,44,SirVocea,Dennis,250,85,0,184,12,89,0,4,1600,6,1600,85,23,0,0,84,0,4,4,63,0,0,81,2,18,1015,90,82,45,45,0,8,55,0,0,0,0,0,0,0,166,45,100,0,0,4,3,65,0,0,8,2,4,0,1,75,0,5,48,67,93,0,2818,61,0,1,100,14,66,70,70,0,0,0,0,37,10,2,39,47,17,9,29,38,0,14,14,72,20,23,31,383,0,72,66,1023,30,0,-19,0,0,356
45,5,5,7,7,6,Isaiah,Moore,250,82,0,184,9,81,0,4,1601,33,1601,85,24,0,0,70,0,4,4,57,0,0,82,2,63,1009,92,85,36,29,0,8,22,0,0,0,0,0,0,0,138,45,100,0,0,1,3,65,0,0,127,2,1,184,1,75,0,15,10,78,79,0,4104,37,0,1,100,38,75,66,59,0,0,0,0,28,8,19,11,32,60,103,29,1,0,14,14,2,10,53,17,250,0,74,73,1023,13,0,-19,0,0,287
45,6,6,7,7,16,Shaka,Heyward,0,82,0,0,34,83,0,1,1602,1009,1602,90,23,0,0,81,0,4,4,43,0,0,80,2,63,1009,82,87,11,36,0,8,34,0,0,0,0,0,0,0,52,45,100,0,0,0,3,65,0,0,50,2,0,184,1,75,0,15,32,88,77,0,4089,21,0,1,100,20,76,66,55,0,0,0,0,11,21,58,18,49,52,90,16,48,0,14,14,74,7,8,28,0,0,75,75,1023,7,0,-19,0,0,295
45,7,7,7,7,26,Micah,Baskerville,0,71,0,0,18,82,0,1,1603,1009,1603,89,24,0,0,61,0,4,4,50,0,0,82,2,63,1009,70,86,29,28,0,8,40,0,0,0,0,0,0,0,106,45,100,0,0,0,3,65,0,0,47,2,0,0,1,75,0,15,29,88,77,0,4082,44,0,1,100,33,73,66,57,0,0,0,0,33,23,80,31,20,67,50,12,1,0,14,14,50,8,17,11,0,0,72,61,1023,8,0,-19,0,0,431
45,4,4,7,7,10,Christian,Gonzalez,250,90,0,184,42,93,0,7,1604,22,1604,93,21,0,0,76,0,4,4,72,0,0,92,2,17,1015,92,60,30,32,0,8,67,0,0,0,0,0,0,0,160,12,100,0,0,4,3,65,0,0,6,2,4,0,1,75,0,1,35,77,95,0,470,60,0,1,100,46,59,79,68,0,0,0,0,9,41,57,10,24,7,40,19,27,0,16,16,34,7,9,20,383,0,73,37,1023,55,0,-19,0,0,381
45,3,3,2,2,21,Brian,Branch,250,91,0,184,17,92,0,1,1606,19,1606,86,22,0,0,90,0,4,4,70,0,0,85,2,14,1015,92,79,30,35,0,8,65,0,0,0,0,0,0,0,3,45,100,0,0,4,3,65,0,0,32,2,4,0,1,75,0,2,27,75,89,0,1142,64,0,1,100,18,57,82,75,0,0,0,0,0,27,99,12,14,19,3,8,26,0,18,16,10,0,0,17,383,0,72,30,1023,76,0,-19,0,0,393
45,7,7,6,6,10,Devon,Witherspoon,250,93,0,184,17,93,0,7,1607,28,1607,91,23,0,0,96,0,4,4,73,0,0,91,2,5,1015,91,65,28,34,0,8,62,0,0,0,0,0,0,0,84,12,100,0,0,4,3,65,0,0,21,2,4,0,1,75,0,1,35,78,88,0,116,59,0,1,100,20,55,81,74,0,0,0,0,1,34,98,35,27,45,45,23,13,0,16,16,8,7,26,28,383,0,61,21,1023,62,0,-19,0,0,411
45,7,7,7,7,11,Joey,Porter Jr.,250,90,0,184,12,94,0,10,1608,29,1608,90,23,0,0,91,0,4,4,57,0,0,89,2,1,1015,92,64,35,35,0,8,66,0,0,0,0,0,0,0,164,45,100,0,0,4,3,65,0,0,24,2,4,0,1,75,0,2,26,75,89,0,1003,60,0,1,100,15,65,77,75,0,0,0,0,3,33,26,11,19,23,64,8,31,0,16,16,1,0,24,19,383,0,74,33,1023,56,0,-19,0,0,347
45,3,3,3,3,15,DJ,Turner II,250,90,0,184,15,98,0,4,1609,2,1609,97,23,0,0,83,0,4,4,69,0,0,92,2,29,1015,88,46,35,35,0,8,60,0,0,0,0,0,0,0,117,45,100,0,0,4,3,65,0,0,20,2,4,0,1,75,0,2,27,73,91,0,1309,53,0,1,100,18,43,77,63,0,0,0,0,2,49,80,21,32,9,38,12,10,0,16,16,49,5,22,9,383,0,61,18,1023,65,0,-19,0,0,244
45,2,2,5,5,6,Kelee,Ringo,250,88,0,184,22,95,0,1,1610,13,1610,94,21,0,0,78,0,4,4,70,0,0,84,2,3,1015,92,59,35,35,0,8,63,0,0,0,0,0,0,0,70,45,100,0,0,4,3,65,0,0,22,2,4,0,1,75,0,4,35,72,81,0,1592,62,0,1,100,19,58,77,67,0,0,0,0,19,49,37,23,6,47,61,28,17,0,16,16,29,1,11,5,383,0,74,47,1023,54,0,-19,0,0,92
45,4,4,4,4,14,Deonte,Banks,250,91,0,184,17,97,0,10,1611,16,1611,94,22,0,0,85,0,4,4,59,0,0,90,2,24,1015,89,63,29,34,0,8,64,0,0,0,0,0,0,0,111,12,100,0,0,4,3,65,0,0,25,2,4,0,1,75,0,1,25,76,96,0,626,55,0,1,100,16,60,77,66,0,0,0,0,9,9,86,30,33,22,29,25,30,0,16,16,45,9,24,20,383,0,72,37,1023,54,0,-19,0,0,86
45,2,2,4,4,12,Emmanuel,Forbes,250,89,0,184,12,95,0,7,1612,26,1612,94,22,0,0,79,0,4,4,80,0,0,89,2,16,1015,88,45,35,35,0,8,77,0,0,0,0,0,0,0,121,12,100,0,0,4,3,65,0,0,13,2,4,0,1,75,0,1,24,76,89,0,460,65,0,1,100,11,44,81,72,0,0,0,0,18,41,103,10,20,11,66,16,18,0,16,16,65,7,21,7,383,0,73,6,1023,75,0,-19,0,0,9
45,3,3,7,7,6,Terell,Smith,413,89,0,184,11,95,0,1,1613,1,1613,92,24,0,0,85,0,4,4,65,0,0,83,2,30,1015,87,63,35,35,0,8,67,0,0,0,0,0,0,0,120,45,100,0,0,4,3,65,0,0,32,2,4,28,1,75,0,5,26,68,82,0,2877,56,0,1,100,19,63,73,61,0,0,0,0,15,48,107,1,20,49,23,22,35,0,16,16,40,7,29,8,413,0,72,44,1023,66,0,-19,0,0,15
45,4,4,4,4,18,Julius,Brents,250,88,0,184,15,95,0,1,1614,10,1614,88,23,0,0,86,0,4,4,64,0,0,94,2,13,1015,93,65,35,35,0,8,61,0,0,0,0,0,0,0,96,45,100,0,0,4,3,65,0,0,29,2,4,0,1,75,0,2,22,74,96,0,1136,61,0,1,100,21,52,76,68,0,0,0,0,6,4,29,8,33,37,18,12,7,0,16,16,56,5,1,12,383,0,75,38,1023,49,0,-19,0,0,414
45,7,7,6,6,6,Cam,Smith,250,90,0,184,15,95,0,10,1615,12,1615,91,23,0,0,85,0,4,4,72,0,0,90,2,20,1015,86,50,26,34,0,8,70,0,0,0,0,0,0,0,176,45,100,0,0,4,3,65,0,0,24,2,4,0,1,75,0,2,27,72,90,0,1272,56,0,1,100,11,45,79,72,0,0,0,0,4,2,80,32,9,15,20,11,22,0,16,16,43,8,29,22,383,0,73,20,1023,64,0,-19,0,0,482
45,7,7,4,4,12,Clark,Phillips III,250,91,0,184,11,94,0,4,1617,14,1617,89,22,0,0,81,0,4,4,76,0,0,89,2,11,1015,93,40,35,35,0,8,65,0,0,0,0,0,0,0,233,45,100,0,0,4,3,65,0,0,34,2,4,0,1,75,0,4,23,71,80,0,1659,57,0,1,100,13,60,78,71,0,0,0,0,15,45,49,0,48,48,0,5,10,0,16,16,29,1,29,18,383,0,69,24,1023,55,0,-19,0,0,436
45,3,3,7,7,42,Rejzohn,Wright,269,89,0,184,17,92,0,7,1618,33,1618,89,23,0,0,83,0,4,4,70,0,0,84,2,63,1009,88,50,22,34,0,8,45,0,0,0,0,0,0,0,161,45,100,0,0,3,3,65,0,0,127,2,3,0,1,75,0,15,47,65,89,0,4128,49,0,1,100,20,53,72,63,0,0,0,0,19,10,32,12,3,13,26,24,31,0,16,16,12,4,23,3,269,0,74,33,1023,47,0,-19,0,0,461
45,4,4,5,5,6,Tyrique,Stevenson,250,90,0,184,22,95,0,7,1619,1,1619,91,23,0,0,88,0,4,4,60,0,0,82,2,25,1015,87,63,35,35,0,8,49,0,0,0,0,0,0,0,115,45,100,0,0,4,3,65,0,0,29,2,4,0,1,75,0,2,26,72,91,0,1290,58,0,1,100,24,60,73,65,0,0,0,0,3,14,58,15,35,40,47,24,1,0,16,16,36,6,2,13,383,0,72,38,1023,56,0,-19,0,0,488
45,3,3,6,6,48,Garrett,Williams,250,87,0,184,17,90,0,1,1621,33,1621,88,22,0,0,84,0,4,4,71,0,0,90,2,9,1015,82,60,25,25,0,8,67,0,0,0,0,0,0,0,205,45,100,0,0,4,3,65,0,0,21,2,4,0,1,75,0,3,51,70,86,0,1343,55,0,1,100,18,63,76,69,0,0,0,0,5,42,40,23,38,17,67,21,30,0,16,16,3,6,3,0,383,0,60,32,1023,67,0,-19,0,0,29
45,7,7,6,6,10,Jay,Ward,250,87,0,184,16,93,0,10,1622,31,1622,87,23,0,0,75,0,4,4,70,0,0,79,2,32,1015,90,66,35,35,0,8,63,0,2,0,0,0,0,0,106,45,100,0,0,4,3,65,0,0,20,2,4,0,1,75,0,4,23,69,86,0,2587,64,0,1,100,19,58,75,69,0,0,0,0,4,17,34,38,23,16,31,14,18,0,16,16,54,6,3,5,383,0,73,28,1023,63,0,-19,0,0,244
45,5,5,5,5,32,Eli,Ricks,269,97,0,184,25,83,0,1,1624,13,1624,88,22,0,0,80,0,4,4,79,0,0,80,2,63,1009,85,72,12,34,0,8,13,0,0,0,0,0,0,0,3,45,100,0,0,3,3,65,0,0,39,2,3,0,1,75,0,15,23,94,84,0,4133,67,0,1,100,29,64,71,58,0,0,0,0,17,39,38,36,48,48,44,3,36,0,16,16,31,0,8,6,269,0,74,28,1023,84,0,-19,0,0,313
45,7,7,4,4,12,Tre'Vius,Hdgs-Tomlinsn,403,91,0,184,13,96,0,7,1625,24,1625,92,22,0,0,88,0,4,4,74,0,0,94,2,5,1015,84,39,20,25,0,8,70,0,0,0,0,0,0,0,207,45,100,0,0,4,3,65,0,0,6,2,4,16,1,75,0,6,24,67,92,0,2994,63,0,1,100,14,49,75,61,0,0,0,0,2,5,90,36,47,34,6,21,28,0,16,16,17,7,27,20,403,0,68,18,1023,79,0,-19,0,0,285
45,6,6,6,6,22,Henry,Pearson,0,80,0,0,11,23,0,7,1626,1009,1626,82,24,0,0,75,0,4,4,74,0,0,72,2,63,1009,37,17,45,51,0,8,75,0,1,0,0,0,0,0,7,45,100,0,0,0,3,65,0,0,44,2,0,0,1,75,0,15,25,82,60,0,3548,67,0,1,100,21,75,49,50,0,0,0,0,1,20,79,39,12,35,64,5,45,0,2,2,58,34,6,35,0,0,74,89,1023,1,0,-19,0,0,12
45,3,3,5,5,41,Darius,Rush,420,89,0,184,15,93,0,10,1628,9,1628,93,23,0,0,80,0,4,4,72,0,0,85,2,3,1009,91,49,25,35,0,8,66,0,0,0,0,0,0,0,176,45,100,0,0,4,3,65,0,0,30,2,4,36,1,75,0,5,50,69,84,0,2629,63,0,1,100,20,53,73,60,0,0,0,0,9,3,62,5,34,28,13,7,36,0,16,16,32,7,12,17,420,0,74,38,1023,72,0,-19,0,0,277
45,3,3,2,2,15,Riley,Moss,250,91,0,184,23,95,0,9,1630,4,1630,91,23,0,0,79,0,4,4,74,0,0,95,2,20,1015,93,50,25,35,0,8,67,0,2,0,0,0,0,0,89,45,100,0,0,4,3,65,0,0,37,2,4,0,1,75,0,3,31,70,92,0,1379,68,0,1,100,22,53,80,71,0,0,0,0,13,16,78,17,11,25,0,13,32,0,16,16,30,3,27,17,383,0,73,33,1023,77,0,-19,0,0,12
45,3,3,4,4,6,Arquon,Bush,250,85,0,184,11,92,0,10,1631,33,1631,88,23,0,0,76,0,4,4,72,0,0,84,2,63,1009,89,41,25,30,0,8,49,0,0,0,0,0,0,0,36,45,100,0,0,1,3,65,0,0,127,2,1,184,1,75,0,15,24,64,81,0,4134,58,0,1,100,10,53,72,66,0,0,0,0,9,45,78,23,47,17,38,4,23,0,16,16,3,2,26,10,250,0,72,27,1023,72,0,-19,0,0,416
45,4,4,4,4,6,Darrell,Luter Jr.,250,88,0,184,15,92,0,1,1632,33,1632,90,23,0,0,81,0,4,4,66,0,0,87,2,20,1015,91,61,30,35,0,8,64,0,0,0,0,0,0,0,379,45,100,0,0,4,3,65,0,0,28,2,4,0,1,75,0,5,10,68,94,0,2827,58,0,1,100,15,50,74,65,0,0,0,0,12,44,96,8,10,11,24,4,36,0,16,16,33,7,0,24,383,0,72,29,1023,55,0,-19,0,0,387
45,2,2,2,2,6,Cam,Brown,270,85,0,184,17,87,0,4,1633,33,1633,87,23,0,0,83,0,4,4,60,0,0,80,2,63,1009,81,42,30,35,0,8,55,0,0,0,0,0,0,0,156,45,100,0,0,3,3,65,0,0,127,2,3,0,1,75,0,15,27,62,87,0,4138,60,0,1,100,18,56,69,70,0,0,0,0,17,24,104,25,46,37,75,1,3,0,16,16,36,9,6,6,270,0,72,39,1023,50,0,-19,0,0,388
45,7,7,3,3,13,Jaylon,Jones,395,88,0,184,13,93,0,10,1634,10,1634,89,21,0,0,80,0,4,4,65,0,0,87,2,4,1015,87,59,25,35,0,8,63,0,1,0,0,0,0,0,215,45,100,0,0,4,3,65,0,0,40,2,4,12,1,75,0,7,33,65,90,0,3153,63,0,1,100,15,62,72,60,0,0,0,0,15,1,108,13,20,10,24,9,32,0,16,16,13,8,15,6,395,0,74,40,1023,60,0,-19,0,0,221
45,2,2,3,3,10,Kyu,Blu Kelly,414,88,0,184,17,94,0,7,1635,28,1635,88,22,0,0,83,0,4,4,73,0,0,86,2,22,1009,91,51,28,34,0,8,44,0,0,0,0,0,0,0,200,45,100,0,0,4,3,65,0,0,28,2,4,28,1,75,0,5,31,69,86,0,2839,57,0,1,100,20,54,77,71,0,0,0,0,3,25,57,31,5,3,72,0,9,0,16,16,38,6,9,7,414,0,72,31,1023,52,0,-19,0,0,245
45,6,6,3,3,6,Kei'Trel,Clark,250,88,0,184,11,95,0,1,1636,7,1636,92,22,0,0,74,0,4,4,73,0,0,90,2,3,1015,85,44,20,21,0,8,77,0,0,0,0,0,0,0,105,45,100,0,0,4,3,65,0,0,13,2,4,0,1,75,0,6,26,67,83,0,2985,59,0,1,100,15,51,76,65,0,0,0,0,16,47,70,29,11,25,34,19,18,0,16,16,39,3,10,10,383,0,60,21,1023,77,0,-19,0,0,321
45,5,5,2,2,13,Anthony,Johnson,0,73,0,0,9,79,0,4,1637,1009,1637,87,24,0,0,92,0,4,4,78,0,0,84,2,63,1009,69,70,19,14,0,8,30,0,0,0,0,0,0,0,240,45,100,0,0,0,3,65,0,0,36,2,0,0,1,75,0,15,10,63,77,0,4149,30,0,1,100,8,69,68,55,0,0,0,0,2,23,20,3,31,40,18,21,36,0,16,16,41,6,29,20,0,0,74,45,1023,61,0,-19,0,0,313
45,4,4,4,4,6,Ndamukong,Suh,0,87,0,0,52,73,0,4,1638,33,1638,72,36,0,0,98,2,0,0,45,0,0,74,2,2,1009,97,82,45,45,0,8,19,0,0,0,0,0,0,0,142,40,17,0,0,0,3,3,0,1,74,1,0,0,3,80,0,1,28,77,85,13,774,47,0,1,100,66,90,74,73,5,5,5,5,14,36,33,18,22,31,9,18,15,0,11,12,99,27,40,24,0,1,76,153,999,10,1,-19,0,0,493
45,7,7,7,7,33,Myles,Brooks,250,86,0,184,20,82,0,2,1639,33,1639,91,22,0,0,55,0,4,4,77,0,0,79,2,63,1009,96,65,23,16,0,8,41,0,0,0,0,0,0,0,101,45,100,0,0,1,3,65,0,0,127,2,1,184,1,75,0,15,21,77,83,0,4146,37,0,1,100,5,68,68,52,0,0,0,0,7,15,51,28,6,45,47,29,14,0,16,16,24,6,3,13,250,0,73,41,1023,80,0,-19,0,0,206
45,3,3,3,3,8,Alex,Austin,391,88,0,184,19,93,0,10,1640,32,1640,88,22,0,0,90,0,4,4,70,0,0,82,2,35,1009,90,52,30,35,0,8,49,0,1,0,0,0,0,0,161,45,100,0,0,4,3,65,0,0,29,2,4,8,1,75,0,7,27,64,80,0,3403,59,0,1,100,21,49,72,66,0,0,0,0,11,16,26,6,44,32,53,25,18,0,16,16,40,0,2,12,391,0,73,35,1023,55,0,-19,0,0,221
45,7,7,5,5,7,Nic,Jones,391,87,0,184,12,92,0,4,1641,9,1641,89,22,0,0,75,0,4,4,69,0,0,87,2,33,1015,87,42,30,35,0,8,62,0,0,0,0,0,0,0,16,45,100,0,0,4,3,65,0,0,31,2,4,8,1,75,0,7,10,64,84,0,3391,58,0,1,100,15,49,69,59,0,0,0,0,2,32,60,29,22,24,28,13,36,0,16,16,18,5,22,19,391,0,72,29,1023,58,0,-19,0,0,321
45,6,6,2,2,21,Jakorian,Bennett,250,87,0,184,14,97,0,4,1643,23,1643,96,23,0,0,78,0,4,4,75,0,0,89,2,2,1015,90,47,31,35,0,8,65,0,0,0,0,0,0,0,111,45,100,0,0,4,3,65,0,0,0,2,4,0,1,75,0,4,29,71,94,0,1571,58,0,1,100,14,54,78,62,0,0,0,0,18,18,43,8,31,26,36,3,15,0,16,16,66,0,12,22,383,0,61,28,1023,63,0,-19,0,0,29
2,0,0,0,0,81,Matthew,Stafford,18300,90,0,6000,25,65,0,7,1644,24,1644,74,35,0,0,97,2,4,4,26,0,0,71,0,1,19,87,28,25,22,0,8,52,0,4,0,0,0,0,0,70,45,85,0,0,4,3,40,0,1,9,0,5,6000,3,85,0,1,92,75,75,14,1761,62,0,1,100,28,66,75,71,1,1,5,5,0,24,76,5,23,15,10,3,17,0,0,0,44,0,11,8,18300,0,75,60,999,10,2,-19,0,1,136
45,6,6,6,6,6,Mekhi,Blackmon,250,90,0,184,15,95,0,1,1645,31,1645,90,24,0,0,85,0,4,4,69,0,0,90,2,39,1015,87,57,26,34,0,8,57,0,0,0,0,0,0,0,231,45,100,0,0,4,3,65,0,0,5,2,4,0,1,75,0,3,27,71,86,0,1559,55,0,1,100,11,55,78,71,0,0,0,0,9,13,20,20,34,25,48,7,9,0,16,16,68,6,26,3,383,0,61,18,1023,67,0,-19,0,0,100
45,5,5,6,6,19,Mekhi,Garner,0,73,0,0,27,82,0,1,1646,1009,1646,89,23,0,0,86,0,4,4,73,0,0,86,2,63,1009,66,68,27,9,0,8,36,0,0,0,0,0,0,0,106,45,100,0,0,0,3,65,0,0,43,2,0,0,1,75,0,15,19,61,88,0,4148,24,0,1,100,25,71,68,52,0,0,0,0,14,25,62,16,6,6,21,27,29,0,16,16,49,5,20,12,0,0,74,52,1023,84,0,-19,0,0,18
45,6,6,7,7,16,Carrington,Valentine,394,87,0,184,15,94,0,1,1647,20,1647,91,22,0,0,76,0,4,4,56,0,0,88,2,15,1015,91,40,25,35,0,8,56,0,1,0,0,0,0,0,98,45,100,0,0,4,3,65,0,0,37,2,4,8,1,75,0,7,27,65,92,0,3206,55,0,1,100,17,49,68,59,0,0,0,0,10,34,94,19,37,15,51,28,9,0,16,16,47,2,0,23,394,0,72,33,1023,59,0,-19,0,0,119
45,5,5,4,4,6,Lance,Boykin,0,84,0,0,14,84,0,10,1648,1009,1648,84,23,0,0,88,0,4,4,69,0,0,81,2,63,1009,90,65,35,35,0,8,55,0,0,0,0,0,0,0,290,45,100,0,0,0,3,65,0,0,18,2,0,184,1,75,0,15,26,63,80,0,4151,63,0,1,100,15,61,69,66,0,0,0,0,1,39,106,38,5,40,51,26,10,0,16,16,17,0,15,18,0,0,74,40,1023,45,0,-19,0,0,2
45,2,2,4,4,10,Cameron,Mitchell,417,92,0,184,19,93,0,4,1649,5,1649,90,22,0,0,82,0,4,4,62,0,0,87,2,7,1015,90,48,10,12,0,8,54,0,0,0,0,0,0,0,151,45,100,0,0,4,3,65,0,0,29,2,4,32,1,75,0,5,28,70,84,0,2690,54,0,1,100,20,61,73,68,0,0,0,0,6,2,30,28,4,21,22,22,27,0,16,16,15,4,29,4,417,0,61,31,1023,70,0,-19,0,0,85
45,5,5,3,3,10,Antonio,Johnson,414,87,0,184,16,92,0,1,1650,17,1650,88,22,0,0,85,0,4,4,55,0,0,80,2,25,1015,89,68,35,35,0,8,71,0,0,0,0,0,0,0,215,45,100,0,0,4,3,65,0,0,26,2,4,28,1,75,0,5,23,67,76,0,2844,54,0,1,100,19,55,67,64,0,0,0,0,31,24,94,10,35,47,0,0,3,0,17,17,51,6,9,29,414,0,74,38,1023,60,0,-19,0,0,118
45,5,5,6,6,13,JL,Skinner,403,87,0,184,23,91,0,10,1652,4,1652,89,22,0,0,88,0,4,4,75,0,0,87,2,6,1015,91,67,35,41,0,8,69,0,0,0,0,0,0,0,19,45,100,0,0,4,3,65,0,0,34,2,4,16,1,75,0,6,27,66,86,0,2995,62,0,1,100,25,59,74,61,0,0,0,0,11,0,77,46,17,45,24,12,46,0,17,18,74,6,44,21,403,0,76,49,1023,35,0,-19,0,0,206
45,5,5,3,3,21,Jordan,Battle,250,90,0,184,15,92,0,1,1653,2,1653,87,23,0,0,91,0,4,4,68,0,0,77,2,32,1015,93,72,25,35,0,8,70,0,0,0,0,0,0,0,3,45,100,0,0,4,3,65,0,0,27,2,4,0,1,75,0,3,34,71,75,0,1439,65,0,1,100,15,63,77,74,0,0,0,0,38,41,82,26,34,13,65,16,39,0,18,18,31,5,8,20,383,0,73,49,1023,70,0,-19,0,0,276
45,7,7,2,2,10,Ji'Ayir,Brown,250,88,0,184,15,91,0,10,1654,15,1654,86,23,0,0,87,0,4,4,77,0,0,85,2,24,1015,93,67,35,35,0,8,62,0,0,0,0,0,0,0,164,45,100,0,0,4,3,65,0,0,27,2,4,0,1,75,0,3,30,70,85,0,1384,63,0,1,100,20,64,74,70,0,0,0,0,9,3,9,6,1,28,47,0,32,0,18,18,71,6,26,20,383,0,61,43,1023,59,0,-19,0,0,368
45,6,6,2,2,7,Jartavius,Martin,250,89,0,184,20,97,0,4,1655,26,1655,90,23,0,0,80,0,4,4,71,0,0,87,2,16,1015,90,70,35,35,0,8,67,0,0,0,0,0,0,0,84,45,100,0,0,4,3,65,0,0,20,2,4,0,1,75,0,2,25,73,97,0,1205,62,0,1,100,20,61,81,69,0,0,0,0,34,6,104,21,7,11,15,3,23,0,17,17,53,8,24,15,383,0,61,34,1023,62,0,-19,0,0,449
45,3,3,2,2,6,Anthony,Johnson Jr.,392,89,0,184,17,92,0,7,1656,20,1656,88,24,0,0,84,0,4,4,59,0,0,81,2,25,1015,92,63,30,33,0,8,60,0,0,0,0,0,0,0,90,45,100,0,0,4,3,65,0,0,36,2,4,8,1,75,0,7,27,65,89,0,3318,54,0,1,100,18,58,67,62,0,0,0,0,4,30,15,28,40,19,59,11,0,0,18,17,7,8,30,5,392,0,72,45,1023,54,0,-19,0,0,390
45,3,3,3,3,23,Jammie,Robinson,416,92,0,184,11,93,0,7,1657,21,1657,86,22,0,0,88,0,4,4,70,0,0,87,2,10,1015,93,72,35,35,0,8,67,0,0,0,0,0,0,0,64,45,100,0,0,4,3,65,0,0,22,2,4,32,1,75,0,5,27,68,81,0,2737,64,0,1,100,15,67,76,66,0,0,0,0,13,21,26,17,8,42,57,17,11,0,17,17,49,3,20,2,416,0,61,31,1023,69,0,-19,0,0,436
45,5,5,6,6,6,Christopher,Smith II,408,90,0,184,25,92,0,1,1658,23,1658,86,23,0,0,79,0,4,4,70,0,0,77,2,35,1015,87,64,30,35,0,8,58,0,0,0,0,0,0,0,70,45,100,0,0,4,3,65,0,0,29,2,4,24,1,75,0,5,22,67,80,0,2909,62,0,1,100,30,57,74,71,0,0,0,0,1,4,51,34,2,22,27,18,13,0,17,17,70,9,1,9,408,0,61,32,1023,52,0,-19,0,0,461
45,7,7,2,2,28,Sydney,Brown,250,90,0,184,31,95,0,7,1659,13,1659,90,23,0,0,83,0,4,4,74,0,0,83,2,3,1015,90,63,25,35,0,8,63,0,2,0,0,0,0,0,84,45,100,0,0,4,3,65,0,0,21,2,4,0,1,75,0,3,42,72,94,0,1328,65,0,1,100,32,69,76,71,0,0,0,0,18,21,45,18,38,9,71,19,12,0,18,18,38,6,30,16,383,0,60,51,1023,62,0,-19,0,0,86
45,6,6,6,6,6,Brandon,Hill,0,88,0,0,19,95,0,10,1660,1009,1660,91,23,0,0,85,0,4,4,60,0,0,87,2,31,1015,88,67,25,30,0,8,57,0,0,0,0,0,0,0,166,45,100,0,0,0,3,65,0,0,36,2,0,8,1,75,0,7,26,65,85,0,3372,54,0,1,100,23,55,69,60,0,0,0,0,18,16,94,2,39,12,12,19,46,0,18,18,64,3,36,28,0,0,60,33,1023,55,0,-19,0,0,11
45,4,4,7,7,18,Jason,Taylor II,393,88,0,184,14,94,0,1,1661,24,1661,89,24,0,0,82,0,4,4,72,0,0,78,2,17,1015,90,69,35,35,0,8,65,0,0,0,0,0,0,0,158,45,100,0,0,4,3,65,0,0,25,2,4,8,1,75,0,7,36,65,96,0,3228,65,0,1,100,18,57,70,61,0,0,0,0,5,7,46,14,36,42,44,16,26,0,18,18,11,3,19,25,393,0,72,44,1023,74,0,-19,0,0,74
45,4,4,4,4,11,Kaevon,Merriweather,250,82,0,184,13,93,0,1,1662,6,1662,85,24,0,0,88,0,4,4,63,0,0,79,2,63,1009,90,67,35,35,0,8,42,0,0,0,0,0,0,0,89,45,100,0,0,1,3,65,0,0,26,2,1,184,1,75,0,15,24,63,85,0,3458,52,0,1,100,14,63,71,65,0,0,0,0,17,41,71,20,0,2,21,7,32,0,17,18,64,3,47,4,250,0,72,45,1023,35,0,-19,0,0,117
45,6,6,6,6,28,Ronnie,Hickman Jr.,250,81,0,184,21,83,0,10,1663,5,1663,93,22,0,0,88,0,4,4,67,0,0,88,2,63,1009,64,70,25,21,0,8,35,0,2,0,0,0,0,0,156,45,100,0,0,1,3,65,0,0,33,2,1,184,1,75,0,15,23,83,86,0,4160,62,0,1,100,27,69,66,50,0,0,0,0,1,27,51,21,0,10,30,2,37,0,18,17,25,7,29,26,250,0,72,43,1023,43,0,-19,0,0,86
45,3,3,5,5,28,Daniel,Scott,414,88,0,184,21,93,0,7,1664,33,1664,91,25,0,0,79,0,4,4,70,0,0,91,2,23,1015,91,61,30,35,0,8,55,0,0,0,0,0,0,0,28,45,100,0,0,4,3,65,0,0,31,2,4,28,1,75,0,5,35,68,93,0,2841,60,0,1,100,25,67,76,64,0,0,0,0,4,17,59,19,41,50,77,3,14,0,17,18,48,4,5,14,414,0,73,48,1023,55,0,-19,0,0,171
45,4,4,2,2,10,Chamarri,Conner,250,89,0,184,14,92,0,4,1665,9,1665,89,23,0,0,87,0,4,4,63,0,0,86,2,17,1015,94,67,35,35,0,8,61,0,0,0,0,0,0,0,241,45,100,0,0,4,3,65,0,0,27,2,4,0,1,75,0,4,25,69,94,0,1754,59,0,1,100,15,66,76,67,0,0,0,0,32,25,69,17,30,36,52,5,19,0,17,17,55,5,52,29,383,0,72,42,1023,55,0,-19,0,0,487
45,2,2,2,2,6,Gervarrius,Owens,391,87,0,184,14,93,0,4,1666,16,1666,87,24,0,0,80,0,4,4,59,0,0,91,2,37,1015,90,62,30,35,0,8,64,0,0,0,0,0,0,0,80,45,100,0,0,4,3,65,0,0,39,2,4,8,1,75,0,7,28,64,89,0,3432,60,0,1,100,18,61,68,59,0,0,0,0,26,29,18,40,10,36,6,17,18,0,17,17,14,1,49,28,391,0,72,35,1023,55,0,-19,0,0,482
45,6,6,6,6,35,Brandon,Joseph,0,85,0,0,15,88,0,7,1667,1009,1667,85,22,0,0,74,0,4,4,74,0,0,89,2,63,1009,88,63,35,35,0,8,52,0,0,0,0,0,0,0,152,45,100,0,0,0,3,65,0,0,40,2,0,184,1,75,0,15,45,64,83,0,4154,61,0,1,100,20,60,74,65,0,0,0,0,13,47,90,12,20,2,73,11,15,0,17,17,11,4,52,7,0,0,72,42,1023,75,0,-19,0,0,352
45,7,7,6,6,31,DeMarcco,Hellams,394,87,0,184,15,92,0,1,1668,14,1668,87,23,0,0,85,0,4,4,71,0,0,76,2,7,1015,92,75,35,35,0,8,67,0,0,0,0,0,0,0,3,45,100,0,0,4,3,65,0,0,37,2,4,8,1,75,0,7,38,65,76,0,3157,68,0,1,100,25,70,74,64,0,0,0,0,31,7,44,30,27,46,75,29,13,0,17,17,28,8,0,28,394,0,73,43,1023,67,0,-19,0,0,386
45,4,4,7,7,6,Jordan,Howden,416,90,0,184,9,93,0,1,1669,27,1669,89,23,0,0,87,0,4,4,65,0,0,88,2,11,1015,92,70,30,30,0,8,51,0,0,0,0,0,0,0,120,45,100,0,0,4,3,65,0,0,31,2,4,32,1,75,0,5,27,68,93,0,2738,55,0,1,100,10,58,75,66,0,0,0,0,27,22,71,20,35,41,29,13,47,0,18,18,29,5,32,9,416,0,72,43,1023,60,0,-19,0,0,477
45,7,7,4,4,24,Trey,Dean III,0,84,0,0,11,90,0,4,1670,1009,1670,83,23,0,0,89,0,4,4,64,0,0,92,2,63,1009,91,65,30,35,0,8,49,0,0,0,0,0,0,0,62,45,100,0,0,0,3,65,0,0,38,2,0,184,1,75,0,15,34,63,87,0,4155,59,0,1,100,14,73,70,59,0,0,0,0,15,38,90,29,12,52,79,1,31,0,17,17,12,7,35,7,0,0,74,40,1023,47,0,-19,0,0,447
45,3,3,5,5,45,Tyreque,Jones,0,83,0,0,12,90,0,10,1671,1009,1671,88,24,0,0,88,0,4,4,62,0,0,82,2,63,1009,91,57,30,35,0,8,49,0,0,0,0,0,0,0,19,45,100,0,0,0,3,65,0,0,36,2,0,184,1,75,0,15,49,62,78,0,4159,58,0,1,100,14,57,67,64,0,0,0,0,25,18,40,33,39,38,1,17,19,0,17,17,27,7,32,19,0,0,74,35,1023,50,0,-19,0,0,443
45,3,3,6,6,24,Rashad,Torrence II,250,83,0,184,18,90,0,1,1672,33,1672,82,21,0,0,85,0,4,4,64,0,0,89,2,63,1009,90,72,35,35,0,8,57,0,0,0,0,0,0,0,62,45,100,0,0,1,3,65,0,0,33,2,1,184,1,75,0,15,35,64,81,0,4175,63,0,1,100,20,66,70,60,0,0,0,0,36,26,10,0,6,48,55,15,22,0,18,18,26,9,14,1,250,0,72,33,1023,62,0,-19,0,0,291
45,4,4,3,3,22,Ja'Marcus,Ingram,0,87,0,0,28,81,0,7,1673,1009,1673,98,26,0,0,66,0,4,4,70,0,0,75,2,63,1009,84,45,12,17,0,8,31,0,0,0,0,0,0,0,24,45,100,0,0,0,3,65,0,0,46,2,0,0,1,75,0,15,21,56,75,1,4308,50,0,1,100,19,49,63,50,0,0,0,0,17,32,99,35,31,21,29,9,6,0,16,16,49,5,3,1,0,0,74,30,1023,74,0,-19,0,0,86
45,4,4,3,3,22,Manny,Jones,157,67,0,0,22,47,0,7,1674,33,1674,52,24,0,0,71,0,4,4,31,0,0,42,2,63,1009,85,67,29,22,0,8,12,0,0,0,0,0,0,0,42,45,100,0,0,1,3,65,0,0,96,2,2,0,1,75,0,15,21,65,47,1,4261,24,0,1,100,19,94,58,50,0,0,0,0,34,45,23,33,25,57,18,3,38,0,12,12,79,13,12,33,157,0,76,130,1023,3,1,-19,0,0,85
45,7,7,5,5,19,David,Moa,185,74,0,0,34,65,0,9,1676,33,1676,73,27,0,0,75,0,4,4,31,0,0,71,2,63,1009,66,82,30,26,0,8,36,0,0,0,0,0,0,0,19,45,100,0,0,2,3,65,0,0,50,2,2,0,1,75,0,15,8,97,51,3,4514,36,0,1,100,16,89,60,50,0,0,0,0,10,46,13,18,40,24,46,33,25,0,10,10,87,6,60,28,185,0,75,136,1023,0,0,-19,0,0,5
45,3,3,5,5,12,Stanley,Berryhill,58,57,0,0,21,95,0,7,1677,33,1677,96,25,0,0,88,0,4,4,76,0,0,86,2,63,1009,96,19,25,29,0,8,44,0,1,0,0,0,0,0,8,45,100,0,0,1,3,65,0,0,83,2,1,0,1,75,0,15,9,88,74,1,4394,84,0,1,100,27,49,59,50,0,0,0,0,20,8,92,27,3,9,5,17,16,0,3,3,39,7,18,27,58,0,61,30,1023,35,0,-19,0,0,368
45,6,6,5,5,18,Jonathan,Kongbo,0,83,0,0,17,80,0,7,1678,33,1678,71,27,0,0,59,0,4,4,57,0,0,57,2,63,1009,60,77,21,12,0,8,38,0,0,0,0,0,0,0,211,45,100,0,0,0,3,65,0,0,127,2,0,0,1,75,0,15,13,89,51,4,4595,35,0,1,100,36,75,57,50,0,0,0,0,15,25,47,33,43,67,72,24,20,0,13,13,3,19,2,11,0,0,77,95,1023,0,0,-19,0,0,465
45,2,2,3,3,25,Rayshad,Nichols,0,81,0,0,19,72,0,4,1679,1009,1679,44,24,0,0,89,0,4,4,26,0,0,47,2,63,1009,75,66,17,14,0,8,15,0,0,0,0,0,0,0,181,45,100,0,0,0,3,65,0,0,91,2,0,0,1,75,0,15,14,93,47,1,4270,31,0,1,100,29,74,50,50,0,0,0,0,38,57,12,36,46,32,95,17,11,0,12,12,52,47,3,3,0,0,74,145,1023,4,1,-19,0,0,519
45,2,2,5,5,5,Roderick,Perry II,87,66,0,0,41,46,0,4,1680,33,1680,42,26,0,0,60,0,4,4,18,0,0,56,2,63,1009,91,61,27,36,0,8,32,0,0,0,0,0,0,0,84,45,100,0,0,1,3,65,0,0,64,2,1,0,1,75,0,15,33,69,51,1,4271,28,0,1,100,31,75,44,50,0,0,0,0,60,17,28,80,55,68,56,22,2,0,12,12,55,73,0,26,87,0,73,144,1023,6,1,-19,0,0,306
45,6,6,5,5,15,T.J.,Smith,0,51,0,0,39,53,0,4,1681,1009,1681,61,26,0,0,84,0,4,4,9,0,0,64,2,63,1009,82,68,20,24,0,8,15,0,0,0,0,0,0,0,10,45,100,0,0,0,3,65,0,0,50,2,0,0,1,75,0,15,32,53,44,3,4529,28,0,1,100,32,81,54,50,0,0,0,0,65,33,16,71,38,65,62,60,31,0,12,12,65,1,49,40,0,0,75,140,1023,2,2,-19,0,0,251
45,3,3,0,0,20,Ramiz,Ahmed,0,77,0,0,82,83,0,7,1682,1009,1682,76,28,0,0,50,0,4,4,19,0,0,84,2,63,1009,70,17,32,14,0,8,19,0,0,0,0,0,0,0,143,45,100,0,0,0,3,65,0,0,127,2,0,0,1,75,0,15,27,96,80,3,4540,24,0,1,100,86,63,70,50,0,0,0,0,16,7,92,26,31,10,61,17,27,0,19,19,6,8,15,3,0,0,72,30,1023,0,0,-19,0,0,133
45,3,3,2,2,12,Darrell,Baker Jr.,157,86,0,0,14,93,0,4,1683,10,1683,91,25,0,0,78,0,4,4,58,0,0,81,2,63,1009,89,54,30,35,0,8,57,0,0,0,0,0,0,0,68,45,100,0,0,1,3,65,0,0,39,2,2,0,1,75,0,15,30,63,95,1,4315,60,0,1,100,13,57,67,55,0,0,0,0,9,34,25,31,16,30,32,24,18,0,16,16,64,7,29,25,157,0,73,30,1023,50,0,-19,0,0,224
45,4,4,2,2,12,Domenique,Davis,0,49,0,0,21,71,0,4,1684,1009,1684,53,27,0,0,95,0,4,4,9,0,0,42,2,63,1009,79,59,26,28,0,8,34,0,0,0,0,0,0,0,265,45,100,0,0,0,3,65,0,0,72,2,0,0,1,75,0,15,10,79,41,3,4527,24,0,1,100,9,91,58,50,0,0,0,0,9,33,66,64,14,32,92,25,1,0,12,12,29,65,56,23,0,0,74,166,1023,6,1,-19,0,0,227
45,3,3,3,3,33,Prince,Emili,166,87,0,0,21,71,0,2,1685,33,1685,58,25,0,0,73,0,4,4,13,0,0,62,2,63,1009,71,60,11,21,0,8,12,0,0,0,0,0,0,0,163,45,100,0,0,2,3,65,0,0,57,2,2,0,1,75,0,15,15,68,47,1,4256,32,0,1,100,8,97,65,50,0,0,0,0,14,30,38,20,11,51,27,55,15,0,12,12,52,58,88,69,166,0,74,140,1023,1,0,-19,0,0,249
45,6,6,7,7,37,DeMarquis,Gates,0,77,0,0,15,52,0,4,1688,1009,1688,67,27,0,0,85,0,4,4,38,0,0,58,2,63,1009,57,78,28,29,0,8,25,0,0,0,0,0,0,0,159,45,100,0,0,0,3,65,0,0,43,2,0,0,1,75,0,15,20,54,54,5,4607,24,0,1,100,17,76,52,50,0,0,0,0,13,42,59,20,54,31,56,33,55,0,13,13,89,4,31,12,0,0,74,61,1023,0,1,-19,0,0,270
45,7,7,7,7,23,Ladarius,Hamilton,94,77,0,0,38,74,0,7,1689,33,1689,72,25,0,0,86,0,4,4,42,0,0,82,2,63,1009,85,74,18,34,0,8,25,0,0,0,0,0,0,0,148,45,100,0,0,1,3,65,0,0,54,2,1,0,1,75,0,15,24,80,47,3,4534,32,0,1,100,17,82,59,50,0,0,0,0,38,35,36,39,20,34,84,19,46,0,15,15,50,5,0,45,94,0,74,101,1023,0,0,-19,0,0,275
45,5,5,2,2,10,Mason,Kinsey,0,83,0,0,15,86,0,7,1690,1009,1690,85,25,0,0,79,0,4,4,81,0,0,79,2,63,1009,87,31,26,38,0,8,69,0,4,0,0,0,0,0,313,45,100,0,0,0,3,65,0,0,12,2,0,0,1,75,0,15,26,64,87,3,4509,73,0,1,100,17,60,59,52,0,0,0,0,17,39,38,35,33,1,47,10,20,0,3,3,38,9,24,26,0,0,60,43,1023,78,0,-19,0,0,132
45,2,2,6,6,13,Jordan,Meredith,75,75,0,0,23,68,0,4,1691,23,1691,53,25,0,0,74,0,4,4,26,0,0,52,2,63,1009,87,7,78,76,0,8,31,0,1,0,0,0,0,0,245,45,100,0,0,1,3,65,0,0,61,2,1,0,1,75,0,15,30,96,42,2,4405,15,0,1,100,19,73,60,50,0,0,0,0,2,42,50,104,14,10,77,11,7,0,6,6,89,8,42,39,75,0,74,140,1023,0,0,-19,0,0,72
45,5,5,5,5,37,Segun,Olubi,166,73,0,0,14,55,0,7,1692,10,1692,75,24,0,0,63,0,4,4,55,0,0,66,2,63,1009,78,87,32,15,0,8,36,0,0,0,0,0,0,0,180,45,100,0,0,2,3,65,0,0,50,2,2,0,1,75,0,15,33,93,63,1,4283,35,0,1,100,13,69,56,50,0,0,0,0,11,15,20,14,6,45,2,33,31,0,13,13,74,1,16,10,166,0,74,60,1023,0,0,-19,0,0,440
45,5,5,4,4,51,Maurice,Alexander,0,80,0,0,17,90,0,4,1693,1009,1693,91,26,0,0,72,0,4,4,73,0,0,88,2,63,1009,87,24,25,32,0,8,67,0,0,0,0,0,0,0,297,45,100,0,0,0,3,65,0,0,15,2,0,0,1,75,0,15,61,63,82,1,4236,67,0,1,100,23,43,57,50,0,0,0,0,11,29,84,22,18,36,65,20,28,0,3,3,27,4,46,7,0,0,61,20,1023,84,0,-19,0,0,291
45,3,3,5,5,21,Daylen,Baldwin,75,83,0,0,13,89,0,4,1694,33,1694,86,24,0,0,72,0,4,4,73,0,0,94,2,63,1009,76,19,12,27,0,8,58,0,0,0,0,0,0,0,117,45,100,0,0,1,3,65,0,0,17,2,1,0,1,75,0,15,39,54,83,1,4234,72,0,1,100,22,62,56,50,0,0,0,0,16,7,45,20,34,15,26,23,30,0,3,3,18,4,1,17,75,0,74,52,1023,59,0,-19,0,0,240
45,5,5,4,4,19,Josh,Ali,166,75,0,0,26,81,0,4,1697,14,1697,79,24,0,0,56,0,4,4,70,0,0,87,2,63,1009,75,21,22,34,0,8,58,0,0,0,0,0,0,0,98,45,100,0,0,2,3,65,0,0,80,2,2,0,1,75,0,15,39,57,76,1,4237,52,0,1,100,14,47,49,50,0,0,0,0,8,38,38,40,23,24,22,22,35,0,3,3,41,5,25,11,166,0,72,33,1023,66,0,-19,0,0,357
45,2,2,0,0,88,Jake,Browning,75,82,0,0,6,60,0,7,1698,2,1698,59,27,0,0,80,0,4,4,24,0,0,53,2,63,1009,33,10,27,29,0,8,51,0,2,0,0,0,0,0,252,45,100,0,0,1,3,65,0,0,6,2,1,0,1,75,0,15,90,95,45,4,4554,44,0,1,100,12,62,66,50,0,0,0,0,15,21,79,7,17,32,11,14,0,0,0,0,66,0,29,2,75,0,74,49,1023,0,2,-19,0,0,129
45,7,7,7,7,32,Marte,Mapu,250,84,0,0,31,43,0,1,1699,22,1699,91,24,0,0,61,0,4,4,40,0,0,81,2,13,1015,40,88,13,9,0,8,29,0,0,0,0,0,0,0,325,45,100,0,0,4,3,65,0,0,30,2,4,0,1,75,0,3,10,99,86,0,1356,10,0,1,100,11,72,60,50,0,0,0,0,26,20,81,31,59,3,3,6,10,0,13,14,31,9,53,36,250,0,75,57,1023,7,0,-19,0,0,99
45,5,5,7,7,7,Kobie,Turner,250,80,0,0,15,82,0,4,1700,24,1700,74,24,0,0,91,0,4,4,33,0,0,80,2,26,1015,90,76,49,55,0,8,35,0,0,0,0,0,0,0,249,45,100,0,0,4,3,65,0,0,91,2,4,0,1,75,0,3,24,68,72,0,1395,34,0,1,100,15,87,75,63,0,0,0,0,30,37,4,27,8,68,40,27,10,0,12,12,100,31,37,30,250,0,74,128,1023,10,0,-19,0,0,500
45,3,3,5,5,8,Brodric,Martin,250,67,0,0,12,69,0,1,1701,19,1701,61,24,0,0,85,0,4,4,48,0,0,48,2,33,1015,91,82,45,45,0,8,35,0,0,0,0,0,0,0,245,45,100,0,0,4,3,65,0,0,98,2,4,0,1,75,0,3,16,67,64,0,1455,51,0,1,100,13,87,71,68,0,0,0,0,30,42,26,41,39,15,49,52,36,0,12,12,30,88,71,32,250,0,77,177,1023,10,0,-19,0,0,209
45,2,2,4,4,9,Chandler,Zavala,250,84,0,184,13,72,0,3,1702,21,1702,66,24,0,0,84,0,4,4,30,0,0,65,2,12,1015,86,31,75,69,0,8,21,0,0,0,0,0,0,0,138,45,100,0,0,4,3,65,0,0,62,2,4,0,1,75,0,4,21,67,78,0,1671,34,0,1,100,21,88,65,66,0,0,0,0,19,25,63,44,27,6,85,35,28,0,8,6,74,1,60,31,383,0,75,162,1023,10,0,-19,0,0,190
45,0,0,2,2,27,Ryan,Anderson,250,69,0,184,83,32,0,5,1703,33,1703,37,28,0,0,41,0,4,4,24,0,0,29,2,63,1009,85,15,17,21,0,8,19,0,1,0,0,0,0,0,175,45,100,0,0,1,3,65,0,0,17,2,1,0,1,75,0,15,45,77,35,4,4571,23,0,1,100,88,40,71,50,0,0,0,0,26,6,95,44,28,29,32,15,14,0,20,20,49,8,19,0,75,0,73,37,1023,0,0,-19,0,0,315
45,6,6,3,3,6,Atonio,Mafi,417,75,0,184,22,61,0,4,1704,22,1704,55,23,0,0,87,0,4,4,30,0,0,53,2,9,1015,92,67,67,75,0,8,15,0,0,0,0,0,0,0,226,45,100,0,0,4,3,65,0,0,68,2,4,32,1,75,0,5,22,67,61,0,2715,40,0,1,100,27,86,59,60,0,0,0,0,22,56,91,78,35,60,55,29,14,0,8,6,56,21,46,34,417,0,75,178,1023,10,0,-19,0,0,35
45,4,4,0,0,70,Sean,Clifford,416,72,0,184,19,38,0,7,1705,20,1705,92,25,0,0,52,0,4,4,22,0,0,89,2,14,1015,10,14,11,7,0,8,38,0,2,0,0,0,0,0,164,45,100,0,0,4,3,65,0,0,8,2,4,32,1,75,0,5,85,63,77,0,2781,10,0,1,100,12,70,61,50,0,0,0,0,0,14,31,28,22,23,57,10,8,0,0,0,42,7,16,7,416,0,74,51,1023,0,0,-19,0,0,409
45,3,3,3,3,10,Brandon,Bolden,501,83,0,124,32,87,0,10,1706,23,1706,86,33,0,0,87,2,4,4,69,0,0,82,2,63,1009,91,54,55,62,0,8,73,6,0,0,0,0,0,0,159,45,0,0,0,1,3,0,1,0,34,1,2,124,2,75,0,15,36,69,86,11,2623,91,6,1,100,25,76,79,79,7,7,7,7,2,28,64,10,24,10,10,10,24,2,1,1,22,3,7,11,501,0,71,60,999,79,1,-19,0,0,282
45,5,5,4,4,6,Colby,Sorsdal,416,83,0,184,11,66,0,9,1708,19,1708,67,23,0,0,81,0,4,4,34,0,0,59,2,17,1015,91,31,69,71,0,8,5,0,2,0,0,0,0,0,256,45,100,0,0,4,3,65,0,0,75,2,4,32,1,75,0,5,10,65,69,0,2796,41,0,1,100,11,80,60,72,0,0,0,0,24,35,16,1,2,29,41,46,7,0,5,5,64,20,63,35,416,0,78,141,1023,10,0,-19,0,0,167
45,6,6,6,6,8,B. J.,Thompson,413,73,0,184,14,91,0,4,1714,9,1714,85,26,0,0,77,0,4,4,54,0,0,82,2,31,1015,90,64,45,45,0,8,45,0,0,0,0,0,0,0,181,45,100,0,0,4,3,65,0,0,53,2,4,28,1,75,0,5,15,64,89,0,2880,52,0,1,100,16,66,63,61,0,0,0,0,26,57,76,67,59,38,28,39,51,0,13,13,54,10,66,44,413,0,78,80,1023,10,0,-19,0,0,410
45,5,5,7,7,7,Chris,Stoll,250,56,0,184,23,12,0,7,1715,28,1715,70,25,0,0,88,0,4,4,29,0,0,41,2,63,1009,10,13,75,75,0,8,16,0,4,0,0,0,0,0,164,45,100,0,0,1,3,65,0,0,41,2,1,184,1,75,0,15,15,93,28,0,3916,10,0,1,100,24,84,57,50,0,0,0,0,25,35,85,5,45,3,86,102,18,0,7,7,79,54,77,8,250,0,74,102,1023,0,0,-19,0,0,264
45,5,5,2,2,18,Eric,Scott Jr.,407,87,0,184,15,90,0,10,1716,11,1716,86,24,0,0,78,0,4,4,70,0,0,81,2,1,1015,90,55,30,35,0,8,57,0,0,0,0,0,0,0,194,45,100,0,0,4,3,65,0,0,37,2,4,24,1,75,0,6,31,67,93,0,2968,59,0,1,100,15,62,73,68,0,0,0,0,2,16,103,38,2,28,29,28,11,0,16,16,67,9,7,18,407,0,72,37,1023,56,0,-19,0,0,374
45,7,7,4,4,7,Karl,Brooks,407,75,0,184,9,79,0,2,1717,20,1717,70,23,0,0,79,0,4,4,46,0,0,67,2,2,1015,93,70,45,45,0,8,14,0,0,0,0,0,0,0,21,45,100,0,0,4,3,65,0,0,94,2,4,24,1,75,0,6,23,64,67,0,2982,41,0,1,100,10,84,66,66,0,0,0,0,30,34,67,17,44,55,98,52,26,0,11,12,107,87,20,52,407,0,75,143,1023,10,0,-19,0,0,444
45,4,4,3,3,6,Josh,Hayes,250,88,0,184,15,91,0,4,1718,6,1718,91,24,0,0,86,0,4,4,67,0,0,81,2,4,1015,87,45,35,35,0,8,60,0,0,0,0,0,0,0,96,45,100,0,0,4,3,65,0,0,32,2,4,0,1,75,0,6,27,66,78,0,2992,55,0,1,100,21,58,73,68,0,0,0,0,9,12,84,9,45,34,18,29,9,0,16,16,68,9,1,8,383,0,72,15,1023,50,0,-19,0,0,347
45,6,6,5,5,22,Zaire,Barnes,403,83,0,184,11,91,0,7,1719,18,1719,88,24,0,0,75,0,4,4,60,0,0,83,2,7,1015,88,78,45,45,0,8,50,0,0,0,0,0,0,0,246,45,100,0,0,4,3,65,0,0,53,2,4,16,1,75,0,6,28,66,82,0,2998,56,0,1,100,18,67,63,59,0,0,0,0,12,52,52,64,44,23,51,30,38,0,14,14,36,22,52,27,403,0,73,72,1023,45,0,-19,0,0,385
45,5,5,5,5,10,Jerrick,Reed II,250,85,0,184,17,93,0,4,1720,28,1720,91,23,0,0,79,0,4,4,71,0,0,78,2,21,1015,90,66,30,35,0,8,61,0,0,0,0,0,0,0,145,45,100,0,0,4,3,65,0,0,32,2,4,0,1,75,0,6,21,65,90,0,3051,63,0,1,100,16,59,74,62,0,0,0,0,20,31,50,3,26,17,28,19,14,0,17,17,6,0,17,27,383,0,60,36,1023,52,0,-19,0,0,468
45,2,2,7,7,5,Malaesala,Aumavae?Laulu,250,87,0,184,22,77,0,7,1721,25,1721,69,24,0,0,84,0,4,4,29,0,0,63,2,22,1015,93,30,72,73,0,8,21,0,0,0,0,0,0,0,160,45,100,0,0,4,3,65,0,0,71,2,4,0,1,75,0,6,11,65,71,0,3052,32,0,1,100,29,80,63,62,0,0,0,0,21,42,12,7,71,59,79,88,18,0,6,5,98,29,0,64,383,0,77,157,1023,10,0,-19,0,0,220
45,3,3,3,3,6,Mario,Addison,0,76,0,0,16,79,0,4,1722,33,1722,77,36,0,0,80,2,6,6,42,0,0,80,2,63,1009,93,78,45,45,0,8,15,0,0,0,0,0,2,2,220,45,51,0,0,0,3,0,0,0,97,2,0,0,2,75,0,15,36,71,82,12,87,54,0,1,100,37,76,79,80,1,1,1,1,4,28,45,10,7,20,12,10,13,0,11,11,10,0,36,22,0,0,75,100,999,10,1,-19,0,0,37
45,4,4,5,5,10,Scott,Matlock,250,74,0,184,16,81,0,3,1723,8,1723,74,23,0,0,79,0,4,4,32,0,0,73,2,23,1015,90,75,45,45,0,8,30,0,3,0,0,0,0,0,19,45,100,0,0,4,3,65,0,0,99,2,4,0,1,75,0,6,22,65,73,0,3053,44,0,1,100,18,85,73,64,0,0,0,0,5,40,27,67,8,87,107,69,18,0,12,12,95,62,27,45,383,0,76,148,1023,10,0,-19,0,0,272
45,4,4,5,5,14,Christian,Braswell,400,87,0,184,12,90,0,1,1724,17,1724,90,24,0,0,77,0,4,4,69,0,0,89,2,25,1015,88,60,35,35,0,8,61,0,0,0,0,0,0,0,175,45,100,0,0,4,3,65,0,0,21,2,4,16,1,75,0,6,32,65,93,0,3063,62,0,1,100,13,42,72,61,0,0,0,0,8,28,101,39,46,2,39,24,32,0,16,16,65,9,16,3,400,0,60,21,1023,60,0,-19,0,0,341
45,7,7,5,5,27,Amari,Burney,400,78,0,184,13,88,0,4,1725,23,1725,89,23,0,0,81,0,4,4,65,0,0,83,2,26,1015,90,78,40,40,0,8,45,0,0,0,0,0,0,0,62,45,100,0,0,4,3,65,0,0,56,2,4,16,1,75,0,6,34,64,80,0,3064,53,0,1,100,15,70,62,58,0,0,0,0,32,54,79,29,58,18,62,42,15,0,14,14,30,2,4,35,400,0,73,73,1023,35,0,-19,0,0,457
45,7,7,3,3,18,Jarrick,Brnrd-Convrse,400,80,0,184,18,44,0,7,1726,33,1726,96,23,0,0,87,0,4,4,48,0,0,87,2,27,1015,92,52,20,21,0,8,35,0,0,0,0,0,0,0,106,45,100,0,0,4,3,65,0,0,29,2,4,16,1,75,0,6,13,75,92,0,3068,10,0,1,100,12,68,48,50,0,0,0,0,8,35,39,10,39,34,78,9,29,0,16,16,25,5,25,9,400,0,73,37,1023,84,0,-19,0,0,86
45,4,4,4,4,6,Erick,Hallett,0,88,0,0,14,91,0,2,1727,1009,1727,89,23,0,0,76,0,4,4,70,0,0,89,2,31,1015,93,69,30,35,0,8,60,0,0,0,0,0,0,0,166,45,100,0,0,0,3,65,0,0,40,2,0,12,1,75,0,6,22,66,89,0,3091,59,0,1,100,21,55,74,63,0,0,0,0,27,43,77,29,39,11,21,11,11,0,16,17,42,5,57,8,0,0,61,31,1023,65,0,-19,0,0,127
45,5,5,3,3,6,Tre,Hawkins III,398,86,0,184,22,94,0,4,1728,16,1728,92,23,0,0,80,0,4,4,67,0,0,91,2,32,1015,91,61,34,35,0,8,62,0,0,0,0,0,0,0,380,45,100,0,0,4,3,65,0,0,37,2,4,12,1,75,0,6,30,66,89,0,3096,55,0,1,100,24,63,73,58,0,0,0,0,16,29,60,17,22,36,8,0,7,0,16,16,18,8,1,16,398,0,74,28,1023,55,0,-19,0,0,476
45,7,7,6,6,6,Titus,Leo,397,82,0,184,20,91,0,4,1729,33,1729,83,24,0,0,77,0,4,4,55,0,0,74,2,34,1015,89,69,45,45,0,8,38,0,0,0,0,0,0,0,248,45,100,0,0,4,3,65,0,0,91,2,4,12,1,75,0,6,24,65,82,0,3106,45,0,1,100,20,69,68,59,0,0,0,0,2,26,87,40,54,19,75,35,10,0,11,13,96,1,49,23,397,0,75,83,1023,10,0,-19,0,0,251
45,4,4,7,7,6,Ameer,Speed,397,85,0,184,24,92,0,1,1730,22,1730,95,24,0,0,78,0,4,4,52,0,0,84,2,37,1015,88,64,35,35,0,8,60,0,0,0,0,0,0,0,118,45,100,0,0,4,3,65,0,0,28,2,4,12,1,75,0,6,25,65,79,0,3116,55,0,1,100,25,62,70,62,0,0,0,0,18,29,24,9,2,32,71,20,34,0,16,16,19,3,18,26,397,0,75,51,1023,54,0,-19,0,0,135
45,7,7,3,3,6,Travis,Bell,0,70,0,0,10,79,0,4,1732,1009,1732,72,25,0,0,81,0,4,4,30,0,0,53,2,1,1015,90,78,40,45,0,8,15,0,0,0,0,0,0,0,265,45,100,0,0,0,3,65,0,0,73,2,0,12,1,75,0,7,20,64,79,0,3131,25,0,1,100,12,86,70,61,0,0,0,0,63,25,53,8,51,10,37,23,24,0,12,12,11,33,95,60,0,0,72,150,1023,10,0,-19,0,0,96
45,0,0,3,3,28,Ethan,Evans,394,84,0,184,67,71,0,7,1733,24,1733,68,22,0,0,75,0,4,4,29,0,0,57,2,6,1015,91,24,14,15,0,8,10,0,2,0,0,0,0,0,277,45,100,0,0,4,3,65,0,0,42,2,4,8,1,75,0,7,39,68,62,0,3156,35,0,1,100,94,55,69,50,0,0,0,0,19,11,96,42,26,24,30,17,15,0,20,20,40,6,17,8,394,0,76,75,1023,10,0,-19,0,0,328
45,5,5,2,2,8,Cooper,Hodges,394,83,0,184,15,60,0,9,1734,33,1734,69,23,0,0,89,0,4,4,31,0,0,55,2,9,1015,92,35,67,74,0,8,20,0,2,0,0,0,0,0,7,45,100,0,0,4,3,65,0,0,75,2,4,8,1,75,0,7,21,64,72,0,3178,22,0,1,100,20,87,63,70,0,0,0,0,24,1,43,11,31,20,21,29,2,0,9,5,36,15,47,10,394,0,75,151,1023,10,0,-19,0,0,163
45,3,3,3,3,6,Bryan,Bulaga,0,85,0,0,11,63,0,7,1735,33,1735,60,34,0,0,86,2,7,7,15,0,0,55,0,23,1009,79,25,85,76,0,8,20,0,2,0,2,2,2,2,89,25,59,0,0,0,1,34,0,0,75,1,0,0,3,81,0,1,10,82,69,13,1369,39,0,1,100,11,87,80,92,2,2,2,2,7,34,33,18,5,23,12,25,33,0,9,9,56,19,45,30,0,0,77,154,999,10,3,-19,0,0,145
45,7,7,2,2,6,Raymond,Vohasek,394,72,0,184,17,72,0,4,1740,33,1740,70,24,0,0,87,0,4,4,26,0,0,62,2,10,1015,83,72,45,45,0,8,10,0,4,0,0,0,0,0,135,45,100,0,0,4,3,65,0,0,59,2,4,8,1,75,0,7,23,63,65,0,3181,29,0,1,100,19,84,69,67,0,0,0,0,36,28,29,19,43,58,85,43,19,0,12,12,2,60,33,12,394,0,75,150,1023,10,0,-19,0,0,327
45,4,4,2,2,15,Colton,Dowell,394,83,0,184,17,91,0,7,1741,30,1741,91,24,0,0,88,0,4,4,79,0,0,81,2,11,1015,86,30,23,42,0,8,74,0,0,0,0,0,0,0,213,45,100,0,0,4,3,65,0,0,14,2,4,8,1,75,0,7,26,66,95,0,3184,75,0,1,100,20,69,59,47,0,0,0,0,28,36,53,8,35,46,15,16,20,0,3,3,54,9,15,10,394,0,75,55,1023,34,0,-19,0,0,102
45,5,5,5,5,20,Lew,Nichols III,393,85,0,184,11,92,0,10,1743,33,1743,85,22,0,0,89,0,4,4,65,0,0,81,2,18,1015,90,32,45,40,0,8,69,0,0,0,0,0,0,0,33,45,100,0,0,4,3,65,0,0,32,2,4,8,1,75,0,7,32,63,88,0,3234,86,0,1,100,12,68,72,63,0,0,0,0,6,11,27,40,18,12,58,31,23,0,1,1,31,28,34,33,393,0,60,60,1023,56,0,-19,0,0,78
45,7,7,2,2,17,Jake,Witt,393,50,0,184,13,33,0,7,1745,33,1745,86,23,0,0,69,0,4,4,14,0,0,76,2,19,1015,14,18,79,75,0,8,8,0,2,0,0,0,0,0,411,45,100,0,0,4,3,65,0,0,76,2,4,8,1,75,0,7,31,64,86,0,3238,10,0,1,100,29,89,63,50,0,0,0,0,49,30,41,91,19,30,0,13,20,0,9,5,38,8,2,37,393,0,79,142,1023,2,0,-19,0,0,360
45,6,6,7,7,6,Derek,Parish,0,77,0,0,15,90,0,7,1746,1009,1746,85,24,0,0,90,0,4,4,65,0,0,85,2,23,1015,87,66,50,51,0,8,59,0,2,0,0,0,0,0,80,45,100,0,0,0,3,65,0,0,43,2,0,8,1,75,0,7,25,61,88,0,3296,69,0,1,100,16,77,51,48,0,0,0,0,28,25,35,48,26,25,32,29,11,0,2,2,30,2,3,0,0,0,73,81,1023,33,0,-19,0,0,246
45,7,7,7,7,11,Cory,Trice Jr,392,89,0,184,13,91,0,10,1749,33,1749,90,23,0,0,85,0,4,4,72,0,0,92,2,24,1015,87,70,35,35,0,8,60,0,0,0,0,0,0,0,169,45,100,0,0,4,3,65,0,0,27,2,4,8,1,75,0,7,25,67,85,0,3300,64,0,1,100,15,67,73,57,0,0,0,0,7,3,57,3,20,15,55,14,26,0,16,16,58,9,13,10,392,0,75,46,1023,56,0,-19,0,0,334
45,3,3,5,5,32,Jordon,Riley,392,46,0,184,8,23,0,4,1750,16,1750,79,25,0,0,89,0,4,4,5,0,0,62,2,26,1015,32,87,13,18,0,8,24,0,0,0,0,0,0,0,160,45,100,0,0,4,3,65,0,0,95,2,4,8,1,75,0,7,34,91,68,0,3338,10,0,1,100,20,90,61,50,0,0,0,0,66,29,76,29,35,64,24,51,11,0,12,12,58,87,52,53,392,0,78,150,1023,2,0,-19,0,0,236
45,4,4,7,7,13,Isaiah,Bolden,392,85,0,184,13,93,0,1,1751,33,1751,95,24,0,0,82,0,4,4,59,0,0,80,2,28,1015,91,52,30,35,0,8,74,0,0,0,0,0,0,0,92,45,100,0,0,4,3,65,0,0,29,2,4,8,1,75,0,7,26,64,90,0,3360,66,0,1,100,19,63,68,53,0,0,0,0,19,24,55,19,38,34,55,11,10,0,16,16,57,4,16,17,392,0,74,43,1023,83,0,-19,0,0,285
45,5,5,3,3,6,D. J.,Ivey,392,86,0,184,16,90,0,4,1752,2,1752,90,23,0,0,78,0,4,4,64,0,0,83,2,29,1015,90,56,30,35,0,8,50,0,0,0,0,0,0,0,115,45,100,0,0,4,3,65,0,0,38,2,4,8,1,75,0,7,22,64,92,0,3367,59,0,1,100,19,54,68,57,0,0,0,0,12,26,49,31,46,30,24,2,35,0,16,16,22,4,29,20,392,0,73,35,1023,55,0,-19,0,0,289
45,6,6,2,2,37,Spencer,Anderson,391,66,0,184,21,27,0,3,1753,29,1753,81,23,0,0,87,0,4,4,28,0,0,69,2,34,1015,10,20,71,74,0,8,12,0,0,0,0,0,0,0,111,45,100,0,0,4,3,65,0,0,74,2,4,8,1,75,0,7,30,70,76,0,3392,10,0,1,100,11,89,59,50,0,0,0,0,19,30,74,55,49,18,27,1,24,0,6,6,96,30,2,27,391,0,76,145,1023,0,0,-19,0,0,119
45,7,7,2,2,10,Kendall,Williamson,0,87,0,0,15,90,0,10,1754,1009,1754,91,21,0,0,83,0,4,4,62,0,0,84,2,41,1015,92,47,34,35,0,8,59,0,0,0,0,0,0,0,200,45,100,0,0,0,3,65,0,0,36,2,0,8,1,75,0,7,30,64,91,0,3447,57,0,1,100,21,63,65,67,0,0,0,0,5,10,81,5,39,33,61,27,15,0,18,16,11,9,5,26,0,0,72,42,1023,44,0,-19,0,0,29
45,4,4,7,7,7,Desjuan,Johnson,391,74,0,184,8,80,0,4,1755,24,1755,72,24,0,0,88,0,4,4,48,0,0,62,2,42,1015,92,72,40,45,0,8,13,0,0,0,0,0,0,0,218,45,100,0,0,4,3,65,0,0,94,2,4,8,1,75,0,7,10,62,72,0,3453,46,0,1,100,11,79,66,65,0,0,0,0,24,36,50,74,11,34,73,55,35,0,10,10,106,35,16,12,391,0,74,125,1023,10,0,-19,0,0,118
45,2,2,3,3,21,Trenton,Thompson,250,76,0,184,4,39,0,3,1756,33,1756,92,26,0,0,78,0,4,4,48,0,0,83,2,63,1009,79,83,15,20,0,8,34,0,0,0,0,0,0,0,180,45,100,0,0,3,3,65,0,0,39,2,3,0,1,75,0,15,28,71,83,1,4353,10,0,1,100,17,67,64,50,0,0,0,0,30,48,24,36,0,9,69,5,1,0,18,18,18,4,8,29,250,0,73,36,1023,69,0,-19,0,0,31
45,7,7,6,6,15,Caleb,Johnson,0,71,0,0,26,41,0,1,1757,1009,1757,95,23,0,0,88,0,4,4,19,0,0,79,2,63,1009,46,76,16,13,0,8,35,0,2,0,0,0,0,0,115,45,100,0,0,0,3,65,0,0,43,2,0,0,1,75,0,15,22,76,80,0,4070,10,0,1,100,16,77,57,50,0,0,0,0,6,26,57,66,30,39,109,1,55,0,13,13,32,5,28,28,0,0,73,75,1023,0,0,-19,0,0,264
45,4,4,7,7,13,Avery,Young,250,87,0,184,15,35,0,7,1758,33,1758,89,24,0,0,57,0,4,4,37,0,0,88,2,63,1009,75,67,31,22,0,8,25,0,0,0,0,0,0,0,175,45,100,0,0,3,3,65,0,0,127,2,3,0,1,75,0,15,28,64,85,0,4209,10,0,1,100,27,71,50,50,0,0,0,0,12,17,80,38,19,44,74,8,0,0,17,17,24,0,30,5,250,0,61,47,1023,61,0,-19,0,0,65
17,0,0,0,0,89,Aaron,Rodgers,17329,97,0,0,18,76,0,7,1760,18,1760,79,40,0,0,98,2,7,7,47,0,0,80,0,24,20,91,19,12,23,0,7,62,0,2,0,4,4,0,0,28,45,65,0,0,4,3,50,0,1,8,2,5,0,3,84,0,1,93,86,74,18,832,64,0,1,100,15,59,87,85,0,0,0,0,5,20,58,10,3,20,11,10,3,0,0,0,4,5,32,12,17329,0,74,65,666,10,0,-31,0,0,397
45,5,5,7,7,34,Chris,Smith,250,75,0,184,29,46,0,10,1761,33,1761,94,24,0,0,65,0,4,4,80,0,0,81,2,63,1009,10,21,26,23,0,8,70,0,1,0,0,0,0,0,228,45,100,0,0,3,3,65,0,0,127,2,3,0,1,75,0,15,31,87,84,0,3538,67,0,1,100,21,67,63,50,0,0,0,0,10,39,39,44,53,15,67,17,55,0,1,1,39,19,46,21,250,0,69,34,1023,4,0,-19,0,0,92
45,7,7,7,7,24,Marcus,Cooper,250,69,0,184,15,42,0,4,1762,33,1762,94,23,0,0,54,0,4,4,81,0,0,83,2,63,1009,28,15,20,30,0,8,67,0,0,0,0,0,0,0,419,45,100,0,0,3,3,65,0,0,127,2,3,0,1,75,0,15,29,66,81,0,3539,67,0,1,100,30,63,62,50,0,0,0,0,7,21,15,46,14,57,47,29,23,0,1,1,20,2,8,11,250,0,67,21,1023,74,0,-19,0,0,97
45,0,0,0,0,22,Brandon,Aubrey,250,75,0,184,90,46,0,7,1763,11,1763,27,28,0,0,59,0,4,4,23,0,0,31,2,63,1009,68,20,26,24,0,8,17,0,2,0,0,0,0,0,152,45,100,0,0,3,3,65,0,0,17,2,3,0,1,75,0,15,18,57,43,0,0,24,0,1,100,86,36,85,79,0,0,0,0,1,7,89,31,29,49,27,8,26,0,19,19,30,24,6,2,269,0,75,48,1023,0,0,-19,0,0,267
45,3,3,4,4,32,Daniel,Whelan,250,79,0,184,76,79,0,7,1764,20,1764,78,24,0,0,70,0,4,4,23,0,0,57,2,63,1009,88,28,20,20,0,8,9,0,2,0,0,0,0,0,286,45,100,0,0,1,3,65,0,0,19,2,1,0,1,75,0,15,42,66,75,0,0,26,0,1,100,90,57,69,46,0,0,0,0,16,8,92,42,22,21,33,10,15,0,20,20,46,8,17,3,75,0,77,56,1023,10,0,-19,0,0,41
45,4,4,4,4,36,Lou,Hedley,250,67,0,184,80,25,0,11,1765,27,1765,32,30,0,0,39,0,4,4,19,0,0,38,2,63,1009,79,23,18,13,0,8,19,0,1,0,0,0,0,0,115,45,100,0,0,3,3,65,0,0,39,2,3,0,1,75,0,15,33,92,30,0,0,25,0,1,100,93,35,86,84,0,0,0,0,6,10,99,49,26,21,30,11,13,0,20,20,44,4,15,4,269,0,76,60,1023,0,0,-19,0,0,166
45,2,2,0,0,16,Blake,Grupe,250,72,0,184,90,33,0,11,1766,27,1766,30,25,0,0,39,0,4,4,24,0,0,28,2,63,1009,77,29,30,35,0,8,15,0,3,0,0,0,0,0,152,45,100,0,0,3,3,65,0,0,19,2,3,0,1,75,0,15,18,51,31,0,0,16,0,1,100,94,26,91,91,0,0,0,0,21,0,52,38,8,40,23,18,1,0,19,19,27,23,43,5,269,0,67,160,1023,0,0,-19,0,0,152
45,5,5,6,6,16,Ilm,Manning,250,69,0,184,24,68,0,7,1767,7,1767,41,24,0,0,86,0,4,4,4,0,0,56,2,63,1009,86,12,90,89,0,8,9,0,0,0,0,0,0,0,76,45,100,0,0,3,3,65,0,0,127,2,3,0,1,75,0,15,14,92,53,0,0,23,0,1,100,30,83,83,88,0,0,0,0,11,48,85,18,1,67,58,44,10,0,5,5,22,30,21,30,269,0,74,134,1023,2,0,-19,0,0,44
45,7,7,4,4,39,Carter,O'Donnell,250,65,0,184,26,76,0,11,1768,7,1768,38,25,0,0,84,0,4,4,25,0,0,50,2,63,1009,74,9,94,76,0,8,8,0,0,0,0,0,0,0,265,45,100,0,0,1,3,65,0,0,127,2,1,0,1,75,0,15,13,60,40,0,0,23,0,1,100,15,74,76,77,0,0,0,0,19,58,34,88,39,42,69,90,12,0,6,6,92,33,39,32,75,0,77,153,1023,0,0,-19,0,0,359
45,2,2,7,7,15,Starling,Thomas V,250,95,0,184,19,76,0,1,1769,7,1769,92,23,0,0,81,0,4,4,76,0,0,78,2,63,1009,89,71,12,9,0,8,47,0,0,0,0,0,0,0,224,45,100,0,0,3,3,65,0,0,127,2,3,0,1,75,0,15,28,82,80,0,0,64,0,1,100,15,40,64,52,0,0,0,0,17,32,94,14,42,14,11,19,17,0,16,16,49,0,2,10,269,0,60,34,1023,27,0,-19,0,0,386
45,7,7,4,4,19,Ryan,Van Demark,250,55,0,184,16,74,0,7,1770,3,1770,45,25,0,0,71,0,4,4,30,0,0,51,2,63,1009,83,18,84,75,0,8,20,0,2,0,0,0,0,0,227,45,100,0,0,2,3,65,0,0,74,2,2,0,1,75,0,15,17,88,46,1,0,22,0,1,100,27,84,69,72,0,0,0,0,1,44,52,99,35,49,15,38,14,0,5,5,76,44,50,32,167,0,78,147,1023,8,0,-19,0,0,150
45,3,3,4,4,6,Alec,Anderson,250,43,0,184,29,58,0,7,1771,3,1771,44,24,0,0,75,0,4,4,27,0,0,41,2,63,1009,58,16,87,87,0,8,33,0,2,0,0,0,0,0,226,45,100,0,0,2,3,65,0,0,70,2,2,0,1,75,0,15,14,77,20,1,0,12,0,1,100,24,81,77,74,0,0,0,0,57,24,15,56,16,69,55,9,30,0,8,8,60,65,8,38,167,0,77,145,1023,0,0,-19,0,0,166
2,0,0,0,0,30,Mason,Crosby,0,88,0,0,75,50,0,7,1772,1009,1772,58,39,0,0,80,2,4,4,30,0,0,60,0,20,1015,90,30,25,25,0,8,18,0,4,0,0,0,0,0,41,45,62,2,2,0,3,62,0,1,2,0,0,0,1,70,0,6,40,77,64,16,681,60,0,1,100,93,56,78,70,0,0,0,0,4,20,65,10,6,20,13,10,6,0,19,19,5,4,12,6,0,0,73,47,999,10,16,-31,0,0,150
45,2,2,7,7,12,Ricky,Lee,250,52,0,184,14,75,0,1,1773,21,1773,41,24,0,0,74,0,4,4,16,0,0,55,2,63,1009,80,22,88,88,0,8,30,0,0,0,0,0,0,0,134,45,100,0,0,3,3,65,0,0,61,2,3,0,1,75,0,15,7,72,39,0,0,26,0,1,100,29,94,82,83,0,0,0,0,12,43,34,78,1,45,42,6,14,0,5,5,69,45,9,4,269,0,77,129,1023,4,0,-19,0,0,338
45,2,2,4,4,14,Nash,Jensen,250,71,0,184,26,47,0,7,1774,21,1774,34,24,0,0,96,0,4,4,30,0,0,37,2,63,1009,51,30,67,70,0,8,37,0,3,0,0,0,0,0,315,45,100,0,0,3,3,65,0,0,67,2,3,0,1,75,0,15,19,90,29,0,0,23,0,1,100,13,95,52,50,0,0,0,0,68,53,80,75,48,77,35,104,46,0,8,8,41,26,36,4,270,0,76,168,1023,0,0,-19,0,0,353
45,5,5,6,6,25,Claudin,Cherelus,250,71,0,184,30,57,0,4,1775,21,1775,77,24,0,0,67,0,4,4,45,0,0,68,2,63,1009,64,80,34,38,0,8,33,0,0,0,0,0,0,0,6,45,100,0,0,3,3,65,0,0,53,2,3,0,1,75,0,15,29,88,66,0,0,39,0,1,100,24,75,68,77,0,0,0,0,20,47,58,43,21,14,10,13,22,0,14,14,68,6,2,4,270,0,74,70,1023,0,0,-19,0,0,460
45,2,2,4,4,34,D'Shawn,Jamison,250,90,0,184,8,71,0,4,1777,21,1777,81,24,0,0,66,0,4,4,51,0,0,91,2,63,1009,58,44,10,29,0,8,47,0,0,0,0,0,0,0,214,45,100,0,0,3,3,65,0,0,29,2,3,0,1,75,0,15,11,52,88,0,0,33,0,1,100,29,45,61,72,0,0,0,0,18,18,96,19,25,33,12,11,13,0,16,16,48,0,20,2,269,0,69,26,1023,13,0,-19,0,0,428
45,6,6,4,4,38,Quindell,Johnson,250,82,0,184,17,91,0,4,1779,1,1779,88,24,0,0,87,0,4,4,72,0,0,81,2,63,1009,90,64,25,30,0,8,51,0,0,0,0,0,0,0,114,45,100,0,0,3,3,65,0,0,26,2,3,0,1,75,0,15,48,63,79,0,0,57,0,1,100,18,61,67,61,0,0,0,0,7,47,50,34,1,34,36,13,5,0,18,18,21,3,46,7,272,0,74,48,1023,45,0,-19,0,0,437
45,5,5,7,7,24,Mohamoud,Diabate,250,78,0,184,30,93,0,7,1780,5,1780,63,22,0,0,87,0,4,4,38,0,0,66,2,63,1009,73,93,36,15,0,8,23,0,0,0,0,0,0,0,233,45,100,0,0,3,3,65,0,0,43,2,3,0,1,75,0,15,28,92,53,0,0,30,0,1,100,39,76,80,84,0,0,0,0,33,59,0,43,32,59,15,39,24,0,14,14,8,22,48,24,272,0,76,65,1023,3,0,-19,0,0,431
45,2,2,5,5,29,Kahlef,Hailassie,250,79,0,184,25,88,0,10,1782,5,1782,91,23,0,0,60,0,4,4,54,0,0,84,2,63,1009,66,61,22,30,0,8,38,0,0,0,0,0,0,0,245,45,100,0,0,3,3,65,0,0,25,2,3,0,1,75,0,15,27,64,76,0,0,45,0,1,100,17,57,60,46,0,0,0,0,18,35,41,5,12,49,74,19,15,0,16,16,19,3,10,2,270,0,73,35,1023,6,0,-19,0,0,282
45,5,5,5,5,34,Jaleel,McLaughlin,250,73,0,184,37,92,0,4,1785,4,1785,78,23,0,0,85,0,4,4,57,0,0,90,2,63,1009,44,37,23,36,0,8,63,0,0,0,0,0,0,0,313,45,100,0,0,3,3,65,0,0,38,2,3,0,1,75,0,15,16,94,59,0,0,79,0,1,100,25,55,63,51,0,0,0,0,11,31,61,17,27,45,95,2,28,0,1,1,52,22,47,11,269,0,67,27,1023,28,0,-19,0,0,425
45,7,7,2,2,41,Elijah,Cooks,250,69,0,184,30,88,0,7,1787,17,1787,83,25,0,0,81,0,4,4,83,0,0,85,2,63,1009,54,11,43,46,0,8,43,0,0,0,0,0,0,0,185,45,100,0,0,3,3,65,0,0,84,2,3,0,1,75,0,15,37,97,84,0,0,52,0,1,100,34,58,56,50,0,0,0,0,34,55,43,22,5,14,35,8,20,0,3,3,19,1,18,7,269,0,76,55,1023,72,0,-19,0,0,66
45,7,7,6,6,39,Mike,Caliendo,250,61,0,184,33,55,0,7,1788,9,1788,45,26,0,0,78,0,4,4,19,0,0,39,2,63,1009,86,20,84,79,0,8,22,0,0,0,0,0,0,0,246,45,100,0,0,1,3,65,0,0,66,2,1,0,1,75,0,15,22,57,41,1,0,22,0,1,100,19,87,71,70,0,0,0,0,33,62,53,25,36,11,45,103,39,0,6,6,88,72,47,5,75,0,76,141,1023,0,0,-19,0,0,162
45,5,5,5,5,21,Elijah,Dotson,250,83,0,184,15,89,0,4,1789,8,1789,88,24,0,0,78,0,4,4,72,0,0,82,2,63,1009,89,31,39,35,0,8,69,0,0,0,0,0,0,0,136,45,100,0,0,3,3,65,0,0,42,2,3,0,1,75,0,15,30,60,81,0,0,78,0,1,100,19,64,69,52,0,0,0,0,21,6,26,28,46,50,3,21,31,0,1,1,43,26,20,29,269,0,69,42,1023,75,0,-19,0,0,131
45,3,3,2,2,29,Kion,Smith,250,37,0,184,18,78,0,4,1790,12,1790,44,25,0,0,71,0,4,4,21,0,0,56,2,63,1009,79,29,88,90,0,8,18,0,0,0,0,0,0,0,406,45,100,0,0,2,3,65,0,0,71,2,2,0,1,75,0,15,7,97,16,2,0,23,0,1,100,17,96,92,97,0,0,0,0,25,56,48,26,73,29,86,24,35,0,9,9,64,62,69,9,185,0,77,151,1023,13,0,-19,0,0,79
45,7,7,6,6,13,Brandon,Pili,250,69,0,184,11,69,0,7,1792,12,1792,46,24,0,0,87,0,4,4,13,0,0,55,2,63,1009,74,66,20,32,0,8,33,0,0,0,0,0,0,0,231,45,100,0,0,3,3,65,0,0,96,2,3,0,1,75,0,15,18,91,54,0,0,18,0,1,100,18,84,74,92,0,0,0,0,9,38,87,16,6,17,16,28,17,0,12,12,41,86,33,49,270,0,75,156,1023,0,0,-19,0,0,256
45,4,4,5,5,29,NaJee,Thompson,250,66,0,184,21,86,0,4,1793,31,1793,98,23,0,0,88,0,4,4,53,0,0,82,2,63,1009,73,66,21,16,0,8,38,0,1,0,0,0,0,0,68,45,100,0,0,3,3,65,0,0,11,2,3,0,1,75,0,15,24,99,86,0,0,56,0,1,100,20,47,70,65,0,0,0,0,13,35,33,0,12,12,15,8,4,0,16,16,48,9,10,13,269,0,61,45,1023,38,0,-19,0,0,306
45,5,5,2,2,38,Tyrone,Wheatley Jr.,250,73,0,184,15,52,0,4,1794,22,1794,37,26,0,0,89,0,4,4,27,0,0,41,2,63,1009,82,8,75,83,0,8,29,0,0,0,0,0,0,0,128,45,100,0,0,1,3,65,0,0,72,2,1,0,1,75,0,15,10,54,51,0,0,24,0,1,100,11,85,76,95,0,0,0,0,22,52,80,36,14,37,37,28,28,0,9,9,56,12,16,45,75,0,78,160,1023,4,0,-19,0,0,259
45,2,2,5,5,39,Irvin,Charles,250,55,0,184,34,76,0,4,1795,18,1795,95,26,0,0,55,0,4,4,97,0,0,80,2,63,1009,98,32,33,27,0,8,48,0,0,0,0,0,0,0,86,45,100,0,0,2,3,65,0,0,19,2,3,0,1,75,0,15,7,59,72,1,0,74,0,1,100,30,62,83,95,0,0,0,0,40,32,11,12,9,23,19,23,25,0,3,3,40,9,0,7,237,0,76,59,1023,84,0,-19,0,0,224
45,3,3,7,7,37,Xavier,Gipson,250,67,0,184,17,94,0,4,1796,18,1796,85,22,0,0,92,0,4,4,77,0,0,98,2,63,1009,94,11,16,26,0,8,42,0,0,0,0,0,0,0,181,45,100,0,0,3,3,65,0,0,82,2,3,0,1,75,0,15,26,74,88,0,0,63,0,1,100,5,48,73,88,0,0,0,0,29,42,82,48,5,41,37,7,11,0,3,3,43,2,48,4,271,0,69,29,1023,83,0,-19,0,0,236
45,3,3,7,7,32,Dylan,Cook,250,64,0,184,27,68,0,7,1797,29,1797,39,25,0,0,50,0,4,4,18,0,0,46,2,63,1009,74,26,95,72,0,8,33,0,0,0,0,0,0,0,124,45,100,0,0,2,3,65,0,0,60,2,2,0,1,75,0,15,39,89,10,0,0,9,0,1,100,29,83,70,67,0,0,0,0,3,4,60,33,26,50,17,30,23,0,9,9,98,53,29,4,166,0,78,145,1023,12,0,-19,0,0,437
45,7,7,5,5,29,Drake,Thomas,250,92,0,184,35,60,0,7,1798,28,1798,59,23,0,0,64,0,4,4,37,0,0,68,2,63,1009,61,78,38,26,0,8,28,0,0,0,0,0,0,0,138,45,100,0,0,3,3,65,0,0,42,2,3,0,1,75,0,15,33,99,62,0,0,23,0,1,100,17,71,59,69,0,0,0,0,27,54,1,66,31,61,68,39,17,0,14,14,0,2,21,13,269,0,61,68,1023,3,0,-19,0,0,162
45,3,3,7,7,10,Mike,Greene,250,72,0,184,11,72,0,1,1799,6,1799,67,24,0,0,79,0,4,4,40,0,0,64,2,63,1009,90,79,40,45,0,8,10,0,0,0,0,0,0,0,91,45,100,0,0,2,3,65,0,0,91,2,2,0,1,75,0,15,20,63,75,1,0,31,0,1,100,12,83,70,65,0,0,0,0,13,31,43,25,48,29,43,1,14,0,12,12,27,57,92,40,166,0,75,133,1023,10,0,-19,0,0,457
45,5,5,5,5,21,Derrek,Pitts,250,72,0,184,22,81,0,7,1800,6,1800,76,25,0,0,80,0,4,4,73,0,0,77,2,63,1009,69,53,17,12,0,8,21,0,0,0,0,0,0,0,138,45,100,0,0,3,3,65,0,0,38,2,3,0,1,75,0,15,14,79,85,0,0,43,0,1,100,19,50,59,53,0,0,0,0,12,6,47,1,14,22,7,0,7,0,16,16,6,5,18,17,269,0,72,17,1023,51,0,-19,0,0,472
45,2,2,4,4,25,Christian,Izien,250,84,0,184,11,90,0,4,1801,6,1801,92,23,0,0,85,0,4,4,61,0,0,85,2,63,1009,93,68,30,30,0,8,44,0,0,0,0,0,0,0,175,45,100,0,0,3,3,65,0,0,29,2,3,0,1,75,0,15,25,64,95,0,0,57,0,1,100,12,52,71,60,0,0,0,0,18,15,69,38,15,12,29,29,28,0,16,16,21,0,19,3,271,0,68,37,1023,64,0,-19,0,0,386
45,2,2,7,7,15,Matthew,Jackson,250,79,0,184,10,86,0,4,1802,30,1802,89,25,0,0,85,0,4,4,59,0,0,83,2,63,1009,88,70,30,35,0,8,45,0,0,0,0,0,0,0,56,45,100,0,0,3,3,65,0,0,39,2,3,0,1,75,0,15,27,62,91,0,0,55,0,1,100,12,65,68,57,0,0,0,0,14,0,23,45,19,40,47,5,47,0,17,17,71,1,43,27,269,0,73,49,1023,40,0,-19,0,0,381
45,4,4,4,4,24,Anthony,Kendall,250,77,0,184,26,82,0,1,1803,30,1803,97,24,0,0,68,0,4,4,64,0,0,72,2,63,1009,60,71,23,30,0,8,15,0,0,0,0,0,0,0,265,45,100,0,0,3,3,65,0,0,40,2,3,0,1,75,0,15,27,68,84,0,0,63,0,1,100,18,57,64,50,0,0,0,0,7,3,106,6,32,21,60,14,9,0,16,16,17,6,10,13,269,0,60,17,1023,12,0,-19,0,0,243
45,5,5,7,7,14,Emari,Demercado,250,73,0,184,21,78,0,7,1804,7,1804,87,24,0,0,94,0,4,4,85,0,0,88,2,63,1009,64,28,19,27,0,8,58,0,0,0,0,0,0,0,207,45,100,0,0,3,3,65,0,0,31,2,3,0,1,75,0,15,38,52,62,0,0,93,0,1,100,18,55,72,63,0,0,0,0,2,47,66,14,26,25,9,15,56,0,1,1,63,21,15,41,269,0,69,55,1023,21,0,-19,0,0,344
45,5,5,3,3,33,Steven,Gilmore,250,75,0,184,10,92,0,10,1805,19,1805,79,24,0,0,56,0,4,4,77,0,0,83,2,63,1009,62,57,27,8,0,8,35,0,0,0,0,0,0,0,110,45,100,0,0,3,3,65,0,0,24,2,3,0,1,75,0,15,22,93,71,0,0,74,0,1,100,20,58,78,82,0,0,0,0,19,39,68,30,27,33,21,20,0,0,16,16,45,2,0,5,269,0,72,14,1023,39,0,-19,0,0,385
45,7,7,7,7,6,Ty,Nsekhe,0,77,0,0,25,69,0,4,1806,33,1806,70,38,0,0,74,2,4,4,38,0,0,61,2,63,1009,85,38,73,75,0,8,10,0,0,0,0,0,0,0,204,45,0,2,2,0,3,0,0,0,68,0,0,0,2,48,0,15,24,71,83,11,170,25,0,1,100,25,84,71,81,0,0,0,0,18,32,35,20,11,31,10,16,21,0,9,9,20,28,28,23,0,0,80,165,999,10,2,-31,0,0,401
45,7,7,6,6,10,Emanuel,Wilson,250,80,0,184,25,70,0,7,1808,20,1808,93,24,0,0,68,0,4,4,58,0,0,93,2,63,1009,53,36,38,47,0,8,58,0,0,0,0,0,0,0,299,45,100,0,0,3,3,65,0,0,31,2,3,0,1,75,0,15,14,51,59,0,0,77,0,1,100,27,73,65,63,0,0,0,0,27,18,40,35,41,26,77,11,44,0,1,1,9,16,13,5,269,0,61,66,1023,86,0,-19,0,0,416
45,6,6,7,7,6,AJ,Finley,250,83,0,184,13,87,0,4,1809,8,1809,87,22,0,0,77,0,4,4,73,0,0,86,2,63,1009,90,66,35,35,0,8,60,0,0,0,0,0,0,0,159,45,100,0,0,1,3,65,0,0,24,2,1,0,1,75,0,15,31,63,85,0,0,63,0,1,100,17,56,72,61,0,0,0,0,35,10,6,32,43,39,67,11,4,0,17,17,49,1,29,20,269,0,72,28,1023,50,0,-19,0,0,449
45,6,6,6,6,10,Zach,VanValkenburg,250,64,0,184,21,72,0,7,1810,24,1810,72,25,0,0,86,0,4,4,38,0,0,80,2,63,1009,62,83,16,37,0,8,31,0,2,0,0,0,0,0,89,45,100,0,0,2,3,65,0,0,51,2,2,0,1,75,0,15,23,85,65,1,0,22,0,1,100,10,62,63,60,0,0,0,0,33,10,3,48,23,57,100,8,18,0,15,15,4,12,20,40,166,0,76,103,1023,0,0,-19,0,0,56
45,3,3,2,2,15,Julian,Hill,250,70,0,184,11,68,0,7,1811,12,1811,66,23,0,0,88,0,4,4,82,0,0,66,2,63,1009,63,10,52,60,0,8,51,0,0,0,0,0,0,0,265,45,100,0,0,3,3,65,0,0,89,2,3,0,1,75,0,15,19,61,47,0,0,80,0,1,100,25,58,66,89,0,0,0,0,15,36,26,56,24,44,54,7,10,0,4,4,34,9,8,0,269,0,76,87,1023,6,0,-19,0,0,66
45,5,5,7,7,13,Markees,Watts,250,68,0,184,25,62,0,4,1812,6,1812,63,24,0,0,93,0,4,4,31,0,0,64,2,63,1009,73,84,30,15,0,8,32,0,0,0,0,0,0,0,423,45,100,0,0,1,3,65,0,0,58,2,1,0,1,75,0,15,37,64,51,0,0,27,0,1,100,39,73,68,75,0,0,0,0,6,10,54,45,23,38,92,26,6,0,13,13,101,13,66,29,75,0,73,80,1023,0,0,-19,0,0,96
45,6,6,5,5,5,Otis,Reese IV,250,72,0,184,27,74,0,4,1813,30,1813,59,25,0,0,66,0,4,4,40,0,0,81,2,63,1009,72,76,28,22,0,8,31,0,0,0,0,0,0,0,159,45,100,0,0,1,3,65,0,0,41,2,1,0,1,75,0,15,20,58,51,0,0,22,0,1,100,39,67,62,73,0,0,0,0,33,39,62,54,25,15,24,19,29,0,14,14,84,14,20,30,75,0,75,54,1023,12,0,-19,0,0,55
45,2,2,5,5,10,Nate,Adkins,250,72,0,184,20,74,0,7,1814,4,1814,71,24,0,0,81,0,4,4,55,0,0,60,2,63,1009,61,30,57,47,0,8,71,0,2,0,0,0,0,0,176,45,100,0,0,3,3,65,0,0,45,2,3,0,1,75,0,15,30,63,58,0,0,88,0,1,100,14,58,47,62,0,0,0,0,35,41,70,49,29,15,67,5,16,0,4,4,26,23,28,13,269,0,75,92,1023,12,0,-19,0,0,327
45,2,2,7,7,10,Ben,Sims,250,78,0,184,13,88,0,7,1815,20,1815,85,23,0,0,79,0,4,4,77,0,0,69,2,63,1009,92,28,53,55,0,8,59,0,4,0,0,0,0,0,17,45,100,0,0,3,3,65,0,0,89,2,3,0,1,75,0,15,27,62,86,0,0,76,0,1,100,18,69,61,57,0,0,0,0,6,16,35,50,29,13,56,40,19,0,4,4,31,26,8,18,269,0,77,90,1023,10,0,-19,0,0,50
45,7,7,5,5,18,Chris,Brooks,250,93,0,184,16,78,0,4,1816,12,1816,89,23,0,0,77,0,4,4,83,0,0,82,2,63,1009,61,34,28,48,0,8,78,0,0,0,0,0,0,0,26,45,100,0,0,3,3,65,0,0,33,2,3,0,1,75,0,15,29,65,76,0,0,68,0,1,100,33,69,71,52,0,0,0,0,25,45,72,0,13,30,97,22,25,0,1,1,22,6,21,10,269,0,73,63,1023,79,0,-19,0,0,210
2,3,3,3,3,10,Matthew,Slater,131,81,0,15,30,87,0,4,1955,22,1955,87,38,0,0,83,2,0,0,76,0,0,76,2,18,1015,90,56,30,38,0,8,75,0,0,0,0,0,0,0,226,45,0,2,2,1,3,45,0,0,18,2,1,15,3,90,0,5,35,66,79,15,1162,67,0,1,100,31,62,66,77,0,0,0,0,0,21,76,20,18,44,12,29,18,0,3,3,64,1,13,12,131,0,72,45,999,80,15,-19,0,0,389
45,1,1,0,0,75,Brian,Hoyer,440,65,0,86,18,58,0,0,1959,23,1959,65,38,0,1,70,2,4,4,25,0,0,64,0,63,1009,82,19,12,18,0,7,27,0,4,0,8,8,8,8,118,45,0,0,0,2,3,65,0,0,7,2,2,86,2,84,0,15,82,61,78,14,1130,60,0,1,100,15,56,64,68,5,5,0,0,4,18,80,32,12,36,11,7,13,0,0,0,54,0,8,6,440,0,74,56,999,10,0,-31,0,0,46
45,3,3,3,3,6,Greg,Van Roten,0,85,0,0,20,63,0,7,1979,23,1979,63,33,0,1,75,2,6,6,36,0,0,57,1,63,1009,89,45,66,74,0,8,5,0,2,0,0,0,0,0,163,45,99,0,0,1,3,1,0,0,70,0,1,0,2,75,0,15,17,66,82,11,2615,29,0,1,100,20,84,65,81,0,0,0,0,45,32,25,32,37,39,13,27,7,0,8,7,0,43,41,26,94,0,76,135,999,10,0,-31,0,0,163
4,5,5,5,5,6,Eric,Fisher,0,86,0,0,11,72,0,4,1989,33,1989,67,32,0,0,86,2,4,4,50,0,0,69,0,1,1009,84,43,70,79,0,8,15,0,2,0,0,0,0,0,33,45,78,0,0,0,3,30,0,0,79,2,0,0,3,45,0,1,29,72,71,10,2926,45,0,1,100,21,87,71,87,3,3,3,3,7,34,27,23,11,23,13,17,25,0,5,5,86,22,26,23,0,0,79,155,1023,10,1,-19,0,0,299
45,5,5,5,5,6,Dion,Jordan,0,69,0,0,19,88,0,5,1991,33,1991,83,33,0,0,84,2,4,4,47,0,0,82,2,3,1009,80,79,45,45,0,8,49,0,0,0,0,0,0,0,160,39,0,1,1,0,3,15,0,0,96,0,0,0,3,72,0,1,24,72,82,10,2958,55,0,1,100,26,72,78,69,0,0,0,0,5,26,49,18,13,35,11,16,32,1,11,11,59,7,42,30,0,0,78,124,1023,10,2,-19,0,0,244
26,3,3,3,3,54,Lane,Johnson,8397,88,0,1880,22,80,0,4,1992,13,1992,77,33,0,0,91,2,4,4,64,0,0,75,0,4,1015,84,60,96,98,0,8,30,0,2,0,0,0,0,0,157,45,34,0,0,5,3,37,0,0,65,0,5,1880,3,15,0,1,65,98,82,10,2972,67,0,1,100,25,89,99,99,6,6,6,6,18,34,34,22,37,28,10,21,15,0,9,9,72,26,39,27,8397,0,78,165,1023,10,10,-19,0,0,353
45,4,4,4,4,6,Barkevious,Mingo,0,83,0,0,14,87,0,5,2058,33,2058,85,33,0,0,72,2,4,4,53,0,0,82,2,6,1009,90,79,45,45,0,8,45,0,0,0,0,0,0,0,106,42,14,0,0,0,3,7,0,0,52,2,0,0,3,80,0,1,25,71,86,10,2874,55,0,1,100,19,69,78,68,6,6,6,6,3,24,71,15,15,42,8,15,26,0,11,15,50,2,32,12,0,0,77,78,1023,10,1,-19,0,0,331
15,7,7,7,7,10,Tavon,Austin,0,79,0,0,20,91,0,0,2067,33,2067,92,33,0,0,81,2,0,0,80,0,0,90,2,8,1009,82,21,30,49,0,8,75,0,0,0,0,0,6,6,254,36,39,0,0,0,3,40,0,0,86,2,0,0,3,92,0,1,37,72,78,10,1234,76,0,1,100,21,52,69,69,0,0,4,4,5,16,87,10,17,15,11,0,22,0,3,3,10,5,11,8,0,0,68,25,1023,86,3,-19,0,0,84
45,3,3,3,3,6,D. J.,Fluker,0,85,0,0,25,76,0,4,2076,33,2076,60,32,0,0,77,2,4,4,25,0,0,58,2,11,1009,92,39,75,78,0,8,7,0,0,0,0,0,0,0,3,5,61,0,0,0,3,41,0,0,76,0,0,0,3,15,0,1,30,74,69,10,2914,25,0,1,100,25,91,71,72,2,2,2,2,48,36,15,29,15,33,13,22,15,0,9,9,7,29,35,27,0,0,77,182,1023,10,1,-19,0,0,14
45,5,5,5,5,6,Sheldon,Richardson,0,82,0,0,23,76,0,4,2083,33,2083,69,33,0,0,87,2,4,4,42,0,0,70,2,13,1009,94,86,45,45,0,8,10,0,0,0,0,0,0,0,122,40,57,5,5,0,3,30,0,0,90,0,0,0,3,15,0,1,28,70,79,10,3031,60,0,1,100,25,86,76,67,1,1,3,3,5,33,47,19,25,21,13,23,31,1,12,11,12,10,22,30,0,0,75,130,1023,10,4,-19,0,0,417
45,7,7,7,7,6,Star,Lotulelei,0,74,0,0,27,55,0,7,2085,33,2085,56,34,0,0,93,2,4,4,37,0,0,66,1,14,1009,88,84,45,45,0,8,10,0,0,0,0,0,0,0,233,40,56,0,0,0,3,6,0,0,98,1,0,0,3,19,0,1,29,71,74,10,925,48,0,1,100,28,92,78,78,2,2,2,2,37,36,24,25,39,41,7,28,35,0,12,12,100,38,42,27,0,0,74,155,1023,10,5,-19,0,0,365
45,5,5,5,5,6,Rodger,Saffold,0,89,0,0,25,62,0,4,2092,33,2092,60,35,0,0,66,2,4,4,41,0,0,67,2,1,1009,87,32,73,84,0,8,10,5,0,0,3,3,0,0,86,2,71,0,0,0,3,3,0,1,76,2,0,0,3,48,0,2,24,77,73,13,1066,25,0,1,100,25,87,77,89,2,2,2,2,17,34,30,20,19,30,7,17,29,0,6,6,23,25,45,25,0,0,77,165,999,10,1,-19,0,0,126
45,5,5,5,5,6,Justin,Pugh,0,87,0,0,23,65,0,7,2148,33,2148,64,33,0,1,74,2,4,4,54,0,0,66,0,19,1009,85,35,76,75,0,8,8,0,4,0,0,0,0,0,205,45,75,3,3,0,3,33,0,0,67,0,0,0,3,0,0,1,16,76,71,10,3010,60,0,1,100,21,87,74,87,0,0,0,0,12,34,43,19,21,30,13,25,25,0,6,9,89,20,36,26,0,0,77,151,1023,11,5,-19,0,0,172
45,2,2,2,2,6,Kyle,Long,0,78,0,0,14,70,0,6,2154,33,2154,70,35,0,0,97,2,4,4,37,0,0,62,0,20,1009,76,52,75,75,0,8,5,0,2,0,0,0,0,0,160,45,66,0,0,0,3,30,1,0,69,0,0,0,3,0,0,1,38,75,70,10,2721,45,0,1,100,14,88,73,82,3,3,3,3,17,34,27,23,0,32,11,17,17,0,8,8,100,26,41,30,0,0,78,153,1023,15,2,-19,0,0,151
45,5,5,5,5,6,Desmond,Trufant,0,93,0,0,25,92,2,10,2156,33,2156,90,33,0,1,65,2,4,4,71,0,0,93,2,22,1009,95,69,35,35,0,8,63,0,0,0,0,0,0,0,252,30,65,0,0,0,3,23,0,1,10,2,0,0,3,85,0,1,22,78,89,10,2990,54,0,1,100,25,62,82,77,5,5,5,5,3,21,70,38,15,3,9,10,9,2,16,16,11,1,5,9,0,0,72,30,1023,50,2,-19,0,0,507
13,4,4,4,4,6,Xavier,Rhodes,0,91,0,0,22,87,2,4,2160,33,2160,88,33,0,0,84,2,4,4,74,0,0,85,2,25,1009,88,56,35,35,0,8,55,0,0,0,2,2,0,0,64,30,62,0,0,0,3,48,0,0,29,2,0,0,3,45,0,1,35,80,93,10,1540,65,0,1,100,19,72,83,86,3,3,0,0,5,26,68,28,30,24,10,5,38,0,16,16,8,5,9,8,0,0,73,58,1023,40,1,-19,0,0,261
5,7,7,7,7,10,DeAndre,Hopkins,9441,97,0,2750,20,88,0,10,2162,30,2162,90,31,0,1,97,1,4,4,97,0,0,89,2,27,32,92,52,44,54,0,7,84,0,0,0,9,9,9,9,38,35,70,0,0,2,3,3,0,0,10,2,5,2750,3,77,0,1,35,95,99,10,1228,72,0,1,100,20,78,89,96,0,0,0,0,0,30,71,10,5,27,13,10,5,0,3,3,3,5,11,9,9441,0,73,52,1023,72,0,-19,0,0,64
45,7,7,7,7,6,Nick,Bellore,660,78,0,230,16,75,0,10,2169,28,2169,76,34,0,0,80,2,6,6,61,0,0,80,0,63,1009,87,83,66,63,0,7,28,0,2,0,0,0,0,0,33,45,0,0,0,2,3,0,0,0,44,0,2,230,2,0,0,15,25,67,79,12,2596,68,0,1,100,20,80,59,71,2,2,2,2,7,30,53,10,5,20,13,10,15,0,2,14,10,7,25,23,660,0,73,90,999,10,4,-19,0,0,418
11,7,7,7,7,47,Cordarrelle,Patterson,800,85,0,250,20,92,0,10,2171,14,2171,91,32,0,0,84,2,6,6,81,0,0,94,2,29,1009,90,48,56,54,0,7,79,0,2,0,0,0,0,0,211,23,56,0,0,1,3,0,0,0,84,2,2,250,3,81,0,1,60,85,87,10,433,90,0,1,100,20,65,87,78,6,6,6,6,5,22,71,4,17,43,12,19,20,0,1,3,6,0,7,9,800,0,74,60,1023,99,2,-19,0,0,92
45,7,7,7,7,35,Alec,Ogletree,0,93,0,0,12,87,1,5,2173,33,2173,82,32,0,0,81,2,4,4,72,0,0,81,2,30,1009,87,82,45,45,0,8,30,0,0,0,1,1,1,1,70,45,51,0,0,0,3,48,0,0,44,0,0,0,3,80,0,1,25,71,81,10,80,60,0,1,100,14,70,75,79,6,6,6,6,6,25,44,10,7,13,9,10,13,1,14,13,10,1,28,20,0,0,75,90,1023,10,2,-19,0,0,113
45,2,2,2,2,6,Josh,Bynes,0,85,0,0,11,75,0,10,2181,33,2181,77,34,0,0,83,2,4,4,53,1,0,75,2,63,1009,85,81,45,45,0,8,15,0,0,0,0,0,0,0,14,45,2,0,0,0,3,20,0,0,56,1,0,0,3,0,0,15,16,73,80,12,2647,55,0,1,100,12,76,75,84,0,0,0,0,1,28,59,59,37,61,12,25,2,0,14,14,24,6,25,13,0,0,73,75,999,10,2,-19,0,0,124
45,4,4,4,4,10,Zach,Ertz,2965,90,0,600,22,81,0,4,2182,7,2182,79,33,0,1,87,2,4,4,92,0,0,80,0,3,13,87,36,62,56,0,7,71,0,4,0,1,1,3,3,200,37,75,0,0,2,3,30,0,0,86,2,3,600,3,0,0,2,42,83,79,10,2970,81,0,1,100,22,74,87,91,2,2,6,6,7,26,52,51,27,16,9,21,28,0,4,4,13,9,36,23,2965,0,77,90,1023,35,2,-19,0,0,171
5,7,7,7,7,6,Darius,Slay Jr,3721,93,0,609,21,92,0,4,2183,13,2183,92,32,0,0,83,2,4,4,80,0,0,89,2,4,19,92,62,35,35,0,8,75,0,0,0,2,2,0,0,121,38,79,0,0,3,3,33,0,0,2,0,3,609,3,87,0,2,36,92,88,10,3043,64,0,1,100,25,60,92,96,3,3,0,0,3,20,69,38,8,18,8,0,8,1,16,16,34,3,4,5,3721,0,72,30,1023,72,3,-19,0,0,514
45,0,0,0,0,78,Joe,Flacco,0,75,0,0,24,71,0,7,2231,33,2231,70,38,0,0,92,2,6,6,31,0,0,65,0,18,13,93,29,15,15,0,7,41,0,0,0,8,8,8,8,49,18,50,0,0,0,3,1,0,1,19,2,0,0,3,85,0,1,89,64,71,15,1613,59,0,1,100,25,66,68,63,0,0,5,5,6,24,45,3,16,54,13,4,14,0,0,0,22,6,29,25,0,0,78,85,999,10,2,-19,0,0,172
45,3,3,0,0,84,Geno,Smith,7500,93,0,2610,15,80,0,4,2245,28,2245,84,33,0,1,87,2,4,4,57,0,0,79,2,7,1009,87,38,24,20,0,8,64,7,0,0,8,8,8,8,254,19,0,0,0,3,3,39,0,0,7,2,3,2610,3,92,0,2,88,81,81,10,3033,59,0,1,100,20,58,81,83,0,0,0,0,3,18,63,10,20,44,10,1,16,0,0,0,13,3,30,12,7500,2,75,61,1023,15,4,-19,0,0,503
45,4,4,4,4,24,Robert,Woods,1525,91,0,650,22,87,1,5,2249,32,2249,90,31,0,0,79,1,4,4,86,0,0,85,2,9,1009,89,39,45,59,0,7,80,0,0,0,0,0,0,0,231,36,38,0,0,2,3,8,0,0,2,2,2,650,3,60,0,2,34,77,89,10,2883,79,0,1,100,25,63,76,79,0,0,0,0,1,22,86,5,4,47,13,0,26,0,3,3,38,0,8,6,1525,0,72,35,1023,78,0,-19,0,0,22
45,7,7,7,7,6,Kevin,Minter,0,92,0,0,20,84,0,4,2257,33,2257,76,33,0,0,83,2,4,4,52,0,0,79,2,13,1009,86,82,45,45,0,8,25,0,0,0,0,0,0,0,106,45,0,0,0,0,3,2,0,0,51,1,0,0,3,85,0,2,25,69,80,10,2901,60,0,1,100,20,77,71,74,0,0,0,0,6,28,50,28,29,30,8,2,34,0,14,14,80,4,23,22,0,0,72,86,1023,10,5,-19,0,0,340
45,0,0,0,0,6,Jake,McQuaide,109,72,0,15,29,74,0,7,2258,33,2258,65,36,0,0,75,2,4,4,60,0,0,75,0,63,1009,93,51,59,49,0,8,15,0,3,0,0,0,0,0,156,45,0,0,0,1,3,0,0,0,50,2,1,15,2,66,0,15,25,34,72,12,2644,71,0,1,100,21,71,44,65,2,2,2,2,5,26,59,0,0,10,8,0,0,0,7,4,8,6,20,20,109,0,74,87,999,10,1,-19,0,0,360
45,0,0,0,0,6,Patrick,Scales,109,74,0,15,13,65,0,5,2259,1,2259,64,35,0,0,75,2,4,4,57,0,0,65,0,63,1009,92,59,58,45,0,8,15,1,2,0,9,9,9,9,234,45,0,0,0,1,3,0,0,0,48,0,1,15,1,67,0,15,38,31,72,12,4392,65,0,1,100,13,66,39,65,2,2,2,2,5,23,52,30,30,35,7,28,5,0,7,4,25,7,35,12,109,0,75,66,999,10,8,-19,0,0,156
45,3,3,3,3,10,Kyle,Nelson,0,72,0,0,14,83,0,11,2260,33,2260,80,37,0,0,75,2,4,4,60,0,0,69,0,63,1009,92,47,61,49,0,8,15,0,4,0,0,0,0,0,144,45,0,0,0,0,3,0,0,0,86,0,0,0,1,80,0,15,10,32,66,12,1165,70,0,1,100,11,73,47,66,3,3,3,3,1,24,66,10,7,10,8,10,13,1,7,4,10,0,26,11,0,0,74,80,999,10,8,-19,0,0,392
2,4,4,4,4,32,Le'Veon,Bell,0,94,0,0,22,90,2,4,2264,33,2264,86,31,0,1,87,1,6,6,74,0,0,91,2,16,1009,86,55,60,49,0,8,80,0,0,0,1,1,0,0,118,22,68,0,0,0,3,19,0,1,6,1,0,0,3,0,0,2,40,75,86,10,838,86,0,1,100,20,75,82,72,2,2,6,6,5,28,61,8,19,11,13,4,14,2,1,1,6,6,22,10,0,0,73,65,1023,25,1,-19,0,0,495
45,6,6,6,6,6,Johnathan,Hankins,109,79,0,15,10,64,0,4,2267,11,2267,58,31,0,0,76,1,0,0,30,0,0,61,2,17,23,89,84,45,45,0,8,10,0,0,0,3,3,3,3,156,45,0,0,0,1,3,49,0,0,95,1,1,15,3,90,0,2,10,74,66,10,3005,45,0,1,100,11,90,82,87,2,2,2,2,46,36,11,38,21,57,12,37,19,0,12,12,34,50,45,25,109,0,75,180,1023,10,1,-19,0,0,347
2,4,4,4,4,6,Jon,Bostic,0,89,0,0,22,86,0,4,2269,33,2269,82,32,0,0,83,2,6,6,68,0,0,79,2,18,1009,85,85,45,45,0,8,16,0,0,0,0,0,0,0,62,45,42,0,0,0,3,3,0,0,59,1,0,0,3,0,0,2,30,71,79,10,218,64,0,1,100,20,72,76,70,6,6,6,6,5,26,48,17,43,38,7,15,27,2,13,14,67,2,40,23,0,0,73,85,1023,10,1,-19,0,0,389
45,4,4,4,4,46,Jamie,Collins,0,82,0,0,15,86,0,1,2273,33,2273,83,34,0,0,75,2,4,4,71,0,0,82,2,20,1009,88,81,45,45,0,8,10,0,0,0,0,0,0,0,194,2,12,0,0,0,3,4,0,0,58,2,0,0,3,65,0,2,48,78,92,10,437,56,0,1,100,13,77,80,87,5,5,5,5,4,28,57,18,34,14,12,24,22,0,14,15,88,1,18,23,0,0,75,95,1023,10,2,-19,0,0,261
5,6,6,6,6,6,Trent,Williams,13765,91,0,3612,10,73,0,4,2279,15,2279,75,35,0,0,98,2,4,4,20,0,0,73,2,4,26,88,39,94,96,0,8,7,0,0,0,0,0,0,0,157,26,47,2,2,4,3,8,0,1,71,0,6,3612,3,64,0,1,12,98,83,13,1112,40,0,1,100,11,98,98,99,0,0,0,0,15,39,29,23,32,32,7,22,21,2,5,5,104,28,24,23,13765,0,77,160,999,10,3,-19,0,0,112
45,0,0,0,0,30,Graham,Gano,1570,80,0,300,92,77,0,4,2331,16,2331,75,36,0,0,60,2,4,4,35,0,0,64,0,63,1009,89,34,17,12,0,8,5,0,0,0,0,0,0,0,64,45,88,2,2,1,3,2,0,0,9,0,4,300,1,0,0,15,27,83,36,14,1092,35,0,1,100,98,63,85,70,0,0,0,0,3,22,79,6,33,38,11,0,29,0,19,19,28,5,9,12,1570,1,74,42,999,10,3,-19,0,0,478
45,5,5,5,5,40,Margus,Hunt,0,76,0,0,19,83,0,7,2333,33,2333,82,36,0,0,88,2,4,4,60,0,0,74,0,21,1009,85,74,45,45,0,8,20,0,2,0,0,0,0,0,192,45,49,0,0,0,3,43,0,0,93,1,0,0,3,40,0,2,63,68,83,10,1104,49,0,1,100,22,86,73,65,2,2,2,2,9,33,38,20,15,23,13,16,19,0,11,12,24,10,26,30,0,0,80,135,1023,10,3,-19,0,0,7
2,0,0,0,0,30,Chris,Jones,0,74,0,0,84,82,0,7,2348,1009,2348,79,34,0,0,66,2,0,0,24,0,0,64,0,63,1009,89,46,14,15,0,7,18,7,2,0,0,0,0,0,287,45,61,0,0,0,1,60,1,0,6,0,0,0,0,75,0,15,37,78,70,12,848,35,0,1,100,93,35,88,86,0,0,0,0,0,8,81,10,22,15,8,0,27,0,20,20,10,1,9,6,0,0,72,45,999,10,11,-30,0,0,434
45,2,2,2,2,6,Robert,Alford,0,92,0,0,14,91,0,4,2362,33,2362,90,35,0,1,69,2,4,4,74,0,0,89,1,28,1009,82,56,35,35,0,8,65,0,0,0,3,3,0,0,330,45,48,0,0,0,3,50,0,0,23,2,0,0,3,80,0,2,29,76,91,10,2978,64,0,1,100,15,59,81,78,0,0,0,0,0,20,89,28,16,22,12,25,8,1,16,16,39,5,5,3,0,0,70,26,1023,73,4,-19,0,0,506
3,4,4,4,4,53,Travis,Kelce,7746,97,0,0,32,88,0,7,2366,9,2366,86,34,0,0,94,2,4,4,97,0,0,86,0,1,1015,97,45,66,69,0,7,78,0,3,0,0,0,0,0,36,37,84,0,0,3,3,55,0,0,87,1,6,0,3,55,0,3,70,99,92,10,2929,72,0,1,100,35,79,99,99,5,5,5,5,5,30,46,26,15,11,13,2,26,0,4,4,73,0,44,20,7746,0,77,90,1023,6,10,-19,0,0,353
45,5,5,5,5,25,Jimmy,Graham,0,85,0,0,12,86,0,5,2373,27,2373,81,37,0,0,72,2,7,7,85,0,0,79,1,31,1009,93,30,60,57,0,7,64,0,3,0,1,1,0,0,115,5,82,0,0,1,3,0,0,1,80,1,1,15,3,88,0,3,32,71,89,13,1133,73,0,1,100,22,72,74,71,2,2,0,0,4,26,41,0,10,10,7,0,10,0,4,4,8,3,28,20,109,0,79,99,999,10,3,-19,0,0,232
45,0,0,0,0,75,Chase,Daniel,0,75,0,0,12,73,0,7,2424,33,2424,73,37,0,0,89,2,4,4,41,0,0,68,0,63,1009,91,22,14,11,0,8,42,0,4,0,7,7,7,7,122,45,0,0,0,0,3,27,0,0,4,2,0,0,3,55,0,15,82,62,72,14,1122,67,0,1,100,12,52,66,70,5,5,5,5,0,16,86,15,10,21,8,7,2,0,0,0,10,1,12,8,0,0,72,69,999,10,2,-19,0,0,162
2,5,5,0,0,30,Thomas,Morstead,109,85,0,15,85,63,0,7,2425,18,2425,72,37,0,0,75,2,4,4,30,0,0,60,0,28,1009,93,14,19,22,0,7,9,0,4,0,0,0,0,0,192,45,59,1,1,1,3,70,0,1,5,1,1,15,1,80,0,5,35,79,49,14,1789,35,0,1,100,93,68,80,66,0,0,0,0,3,24,78,45,23,33,11,14,15,0,20,20,44,1,28,13,109,0,76,65,999,10,0,-19,0,0,305
2,7,7,7,7,20,Tyrann,Mathieu,1969,95,0,570,22,91,0,3,2435,27,2435,89,31,0,1,94,1,0,0,82,0,0,90,1,7,1009,91,75,35,35,0,7,77,0,4,0,0,0,2,2,106,45,45,0,0,2,3,43,0,1,32,2,3,570,3,95,0,3,35,91,88,10,2900,68,0,1,100,25,61,93,93,0,0,0,0,4,20,87,10,6,80,13,10,6,0,18,17,6,4,7,5,1969,0,69,30,1023,84,1,-19,0,0,58
2,4,4,4,4,6,Terron,Armstead,7515,90,0,1200,25,77,0,4,2452,12,2452,77,32,0,0,86,2,2,2,65,0,0,67,2,13,1009,80,37,93,84,0,8,15,0,0,0,0,0,0,0,11,25,67,0,0,4,3,16,0,0,72,1,5,1200,3,81,0,3,30,91,83,10,714,62,0,1,100,25,89,88,92,0,0,0,0,5,34,36,22,34,35,8,20,21,0,5,5,103,5,29,23,7515,0,77,145,1023,10,1,-19,0,0,289
2,7,7,7,7,28,Keenan,Allen,9274,92,0,1350,20,88,0,4,2453,8,2453,88,31,0,0,93,1,4,4,95,0,0,89,2,14,1015,87,34,45,59,0,8,84,0,0,0,4,4,4,4,28,37,56,0,0,2,3,1,0,0,13,2,5,1350,3,71,0,3,42,89,93,10,2908,75,0,1,100,22,72,85,90,5,5,5,5,2,26,83,10,6,24,12,10,6,0,3,3,6,0,7,5,9274,1,74,51,1023,75,10,-19,0,0,110
45,4,4,4,4,10,Marquise,Goodwin,164,82,0,25,20,95,0,4,2456,5,2456,95,33,0,0,71,2,4,4,84,0,0,89,2,16,1009,84,25,32,51,0,7,73,0,0,0,0,0,0,0,214,36,87,0,0,1,3,3,0,0,3,2,1,25,2,85,0,3,34,76,91,10,1653,76,0,1,100,21,42,77,78,0,0,0,0,5,11,82,26,14,41,9,4,12,1,3,3,3,4,5,7,164,0,69,23,1023,83,0,-19,0,0,64
45,5,5,5,5,6,John,Jenkins,109,71,0,10,17,64,0,10,2527,23,2527,63,34,0,0,76,2,4,4,30,0,0,55,2,20,1009,84,83,45,45,0,8,10,0,0,0,0,0,0,0,70,40,51,1,1,1,3,33,0,0,95,1,1,10,3,84,0,3,25,70,63,10,661,40,0,1,100,23,90,76,74,0,0,0,0,49,36,30,25,47,31,8,32,35,0,12,12,61,34,42,25,109,1,75,180,1023,10,0,-19,0,0,491
45,3,3,3,3,6,Logan,Ryan,0,93,0,0,22,90,1,4,2528,33,2528,86,32,0,0,87,2,4,4,70,0,0,87,2,21,1009,92,72,35,35,0,7,50,0,0,0,0,0,0,0,175,2,29,0,0,0,3,76,1,0,26,2,0,0,3,87,0,3,36,77,83,10,1059,66,0,1,100,26,60,83,81,0,0,0,0,3,20,77,10,5,16,10,10,4,0,17,16,5,3,10,8,0,0,71,35,1023,60,1,-19,0,0,309
2,7,7,7,7,6,Shawn,Williams,0,88,0,0,19,90,0,5,2534,33,2534,86,32,0,0,90,2,4,4,68,0,0,80,2,22,1009,91,73,35,35,0,8,40,0,0,0,0,0,0,0,70,45,15,0,0,0,3,0,0,0,36,2,0,0,3,88,0,3,35,72,84,10,1243,65,0,1,100,26,77,78,70,6,6,6,6,5,28,91,16,28,59,10,4,6,1,18,18,31,4,9,12,0,0,72,52,1023,45,2,-19,0,0,103
2,7,7,7,7,6,Duron,Harmon,0,88,0,0,21,87,3,4,2553,33,2553,86,32,0,0,75,2,4,4,75,0,0,81,2,29,1009,92,74,35,35,0,8,29,0,0,0,0,0,0,0,175,5,72,3,3,0,3,53,0,0,30,0,0,0,2,11,0,3,22,77,85,10,814,64,0,1,100,21,65,86,85,0,0,0,0,3,22,76,23,32,38,9,0,10,1,17,18,44,1,5,5,0,0,72,45,1023,50,1,-19,0,0,410
2,4,4,4,4,6,Steve,McLendon,0,74,0,0,25,65,0,10,2558,33,2558,60,37,0,0,80,2,4,4,41,0,0,65,2,63,18,85,85,45,45,0,8,10,0,0,0,0,0,0,0,220,45,0,4,2,0,3,29,0,1,96,1,0,0,3,65,0,15,35,70,72,14,303,40,0,1,100,20,86,78,81,3,3,3,3,22,33,26,22,19,38,12,23,22,0,12,12,19,41,40,26,0,0,75,150,999,10,3,-31,0,0,196
45,5,5,5,5,6,Brandon,Williams,0,75,0,0,11,65,0,4,2618,33,2618,56,34,0,0,76,2,4,4,35,0,0,56,2,32,1015,87,77,45,45,0,8,10,2,0,0,0,0,0,0,309,40,55,0,0,0,3,3,0,1,66,1,0,0,3,55,0,3,14,73,73,10,453,55,0,1,100,17,93,73,69,2,2,2,2,35,38,27,28,30,39,12,33,28,0,12,12,63,30,44,26,0,0,73,176,1023,10,1,-19,0,0,498
45,7,7,7,7,5,Kareem,Jackson,109,97,0,15,10,88,0,5,2640,4,2640,87,35,0,0,74,2,4,4,76,0,0,83,2,20,1009,90,64,30,30,0,7,34,0,0,0,0,0,0,0,3,45,37,0,0,1,3,53,0,0,22,0,1,15,3,0,0,1,22,78,87,13,1836,50,0,1,100,10,60,80,83,7,7,7,7,2,20,92,29,31,35,7,14,17,1,18,16,6,2,8,9,109,0,70,23,999,44,4,-19,0,0,279
5,2,2,2,2,6,Duane,Brown,1497,89,0,314,25,67,0,4,2687,18,2687,67,38,0,0,84,2,4,4,66,0,0,59,2,26,32,86,50,81,72,0,8,20,0,0,0,2,2,2,2,241,45,72,0,0,1,3,32,0,1,76,2,2,314,3,48,0,1,78,76,79,15,1412,35,0,1,100,25,86,73,87,3,3,3,3,9,34,26,20,48,21,13,15,18,0,5,5,88,25,30,26,1497,1,76,169,999,10,1,-19,0,0,112
45,0,0,0,0,74,Matt,Barkley,102,76,0,8,54,64,0,7,2696,33,2696,71,33,0,0,87,2,4,4,37,0,0,64,0,1,1009,87,25,19,15,0,8,38,0,1,0,7,7,7,7,231,45,0,0,0,1,3,2,0,0,5,2,1,8,3,85,0,4,78,57,72,10,2966,68,0,1,100,63,61,61,65,1,1,6,6,5,20,53,6,13,34,8,15,15,0,0,0,36,10,29,12,102,0,74,74,1023,10,1,-19,0,0,315
45,6,6,6,6,6,Akeem,Spence,0,63,0,0,20,77,0,5,2706,33,2706,63,32,0,0,84,2,4,4,30,0,0,62,2,3,1009,91,71,45,45,0,8,10,0,0,0,0,0,0,0,84,45,0,0,0,0,3,53,0,0,55,2,0,0,3,65,0,4,36,65,74,10,2896,42,0,1,100,20,91,74,68,0,0,0,0,41,35,19,29,55,32,7,32,38,1,12,12,88,25,45,28,0,0,73,143,1023,10,1,-19,0,0,384
45,7,7,7,7,10,Jared,Cook,0,88,0,0,19,89,0,7,2749,33,2749,84,36,0,0,86,2,4,4,83,0,0,79,2,25,1009,88,44,57,59,0,7,74,0,0,0,4,4,4,4,176,5,72,0,0,0,3,52,0,0,87,1,0,0,3,90,0,3,25,77,90,14,1698,72,0,1,100,15,71,78,75,0,0,0,0,7,26,61,42,25,34,12,12,13,0,4,4,49,1,18,22,0,0,77,86,999,11,2,-19,0,0,17
45,0,0,0,0,15,Brett,Kern,0,75,0,0,81,72,0,4,2784,1009,2784,65,37,0,0,50,2,4,4,45,0,0,72,0,63,1009,87,20,20,20,0,8,5,0,4,0,0,0,0,0,218,45,68,3,3,0,3,65,0,0,13,1,0,0,1,65,0,15,47,75,40,15,158,45,0,1,100,91,45,77,62,0,0,0,0,3,12,83,10,6,20,11,10,6,0,20,20,6,5,8,9,0,0,74,54,999,10,1,-31,0,0,3
2,2,2,2,2,6,David,Bakhtiari,10226,85,0,3000,20,66,0,9,2790,20,2790,65,32,0,0,73,2,7,7,40,0,0,63,0,12,1015,82,40,91,78,0,8,5,0,2,0,0,0,0,0,41,25,62,0,0,2,1,25,0,0,69,1,5,3000,3,81,0,4,22,90,65,10,3059,22,0,1,100,20,89,84,95,0,0,0,0,6,36,33,18,37,25,11,19,43,0,5,5,65,4,44,24,10226,1,76,150,1023,10,10,-19,0,0,218
45,5,5,5,5,6,William,Gholston,0,79,0,0,30,72,0,4,2821,6,2821,72,32,0,1,77,2,4,4,39,0,0,73,2,29,1015,94,87,45,45,0,8,14,0,0,0,0,0,0,0,118,45,23,0,0,1,3,58,0,0,92,0,1,0,3,0,0,4,35,74,71,10,2891,46,0,1,100,30,84,80,81,3,3,3,3,6,32,44,23,25,31,13,18,23,0,11,10,103,4,31,23,131,0,78,121,1023,10,10,-19,0,0,424
2,3,3,3,3,6,Everson,Griffen,0,78,0,0,14,79,0,5,2825,33,2825,80,36,0,1,65,2,4,4,47,0,0,76,2,2,1009,87,80,45,45,0,8,26,0,0,0,6,6,6,6,231,39,65,0,0,0,3,48,0,1,97,0,0,0,3,88,0,4,16,75,75,13,1308,36,0,1,100,15,87,76,69,4,4,4,4,4,34,43,11,36,14,10,19,28,2,11,11,24,5,37,26,0,1,75,113,999,10,2,-19,0,0,444
45,2,2,2,2,58,Joe,Webb,0,70,0,0,24,89,0,4,2828,33,2828,86,37,0,0,72,2,4,4,73,0,0,89,2,30,1009,88,33,25,26,0,7,74,0,0,0,8,8,8,8,224,19,0,0,0,0,3,0,0,0,2,1,0,0,3,85,0,6,80,52,93,13,1323,72,0,1,100,25,67,57,65,0,0,0,0,2,22,76,10,5,20,12,10,5,0,0,0,4,9,30,10,0,0,76,71,999,75,2,-19,0,0,84
2,6,6,6,6,30,Adrian,Peterson,0,85,0,0,26,87,2,0,2867,33,2867,88,38,0,0,89,2,7,7,62,0,0,87,2,7,1009,80,42,61,43,0,8,78,0,0,0,0,0,0,0,157,45,0,0,0,0,3,25,0,0,8,0,0,0,3,0,0,1,35,69,85,16,1296,85,0,1,100,25,77,79,73,5,5,5,5,4,30,88,10,4,35,9,25,26,0,1,1,7,1,5,5,0,0,73,60,929,45,1,-31,0,0,196
45,7,7,7,7,15,Kyle,Juszczyk,2700,90,0,400,19,83,0,7,2882,15,2882,80,32,0,1,87,2,4,4,75,0,0,81,0,33,1009,94,45,73,70,0,8,64,0,2,0,0,0,0,0,75,45,48,0,0,3,3,49,0,0,44,1,5,400,3,93,0,4,35,87,88,10,139,76,0,1,100,19,79,87,85,5,5,5,5,1,30,59,26,34,34,8,32,20,0,2,2,2,7,15,10,2700,0,74,75,1023,45,6,-19,0,0,130
45,2,2,2,2,6,Oday,Aboushi,0,85,0,0,28,54,0,4,2923,33,2923,53,32,0,0,86,2,4,4,25,0,0,57,1,8,1009,84,35,71,68,0,8,6,0,0,0,0,0,0,0,240,45,0,0,0,0,3,21,0,0,63,2,0,0,2,15,0,5,17,66,61,10,3029,45,0,1,100,15,82,63,81,3,3,3,3,5,31,30,16,19,30,9,24,33,0,8,6,108,9,45,23,0,1,77,148,1023,10,2,-19,0,0,423
45,3,3,3,3,6,Steven,Means,0,62,0,0,15,80,2,10,3234,33,3234,79,33,0,0,69,2,4,4,35,0,0,72,2,14,1009,91,82,45,45,0,8,30,0,0,0,0,0,0,0,24,39,0,0,0,0,3,55,0,0,60,2,0,0,2,44,0,5,20,68,88,10,2894,44,0,1,100,25,75,77,73,2,2,2,2,4,26,39,10,5,30,12,10,15,0,11,11,10,6,27,23,0,0,75,103,1023,10,1,-19,0,0,492
45,3,3,3,3,6,A. J.,Klein,109,84,0,10,15,81,0,7,3259,33,3259,81,32,0,1,87,2,5,5,70,0,0,72,0,15,1009,91,75,45,45,0,8,30,0,2,0,0,0,0,0,90,45,82,0,0,1,3,47,0,0,52,1,1,10,3,0,0,5,20,69,77,10,390,70,0,1,100,14,71,78,85,7,7,7,7,5,26,64,15,27,31,9,3,3,0,13,13,14,6,22,10,109,0,73,80,1023,10,1,-19,0,0,68
45,4,4,4,4,30,Chris,Thompson,0,81,0,0,21,90,3,3,3340,33,3340,90,33,0,0,70,2,4,4,73,0,0,90,2,21,1009,79,35,50,37,0,8,76,0,0,0,0,0,0,0,64,45,0,0,0,0,3,31,0,0,34,1,0,0,2,75,0,5,29,72,85,10,580,85,0,1,100,22,63,81,73,6,6,6,6,2,22,81,51,23,25,13,41,47,1,1,1,31,5,4,5,0,0,68,35,1023,75,2,-19,0,0,518
3,5,5,5,5,6,Micah,Hyde,2278,93,0,750,48,89,0,4,3399,3,3399,88,33,0,0,83,2,4,4,77,0,0,87,1,26,1009,89,71,35,35,0,7,59,0,0,0,2,2,0,0,89,2,78,0,0,1,3,15,0,0,23,0,3,750,2,63,0,5,30,89,83,10,852,74,0,1,100,56,58,93,95,3,3,3,3,1,19,91,38,22,45,7,3,19,1,17,17,32,5,6,9,2278,0,72,37,1023,83,6,-19,0,0,256
45,0,0,0,0,15,Sam,Martin,599,85,0,120,81,73,0,7,4194,3,4194,71,33,0,0,65,2,0,0,45,0,0,56,0,32,1009,92,24,20,25,0,8,10,0,4,0,0,0,0,0,7,45,59,0,0,3,3,53,0,0,8,0,3,120,2,65,0,5,41,76,65,10,3045,48,0,1,100,94,46,78,62,3,3,0,0,1,13,91,46,20,14,12,10,17,0,20,20,49,5,10,11,599,0,73,45,1023,10,1,-19,0,0,361
45,6,6,6,6,6,Ricky,Wagner,0,86,0,0,20,76,0,8,4316,33,4316,64,34,0,0,88,2,4,4,54,0,0,58,0,35,1009,84,35,74,75,0,8,5,0,2,0,0,0,0,0,258,45,37,0,0,0,3,33,0,0,71,0,0,0,2,88,0,5,17,71,78,10,104,55,0,1,100,20,87,71,78,3,3,3,3,17,34,29,24,39,35,9,15,8,0,9,9,53,24,42,29,0,0,78,155,1023,10,2,-19,0,0,167
45,3,3,3,3,6,David,Quessenberry,160,93,0,42,21,70,0,9,4438,31,4438,65,33,0,0,80,2,4,4,62,0,0,63,0,8,1009,92,41,70,74,0,8,9,0,2,0,2,2,2,2,185,5,0,0,0,1,3,48,0,0,76,0,1,42,3,0,0,6,30,69,73,10,2572,64,0,1,100,22,85,66,83,2,2,2,2,6,30,35,23,9,21,10,20,15,0,5,6,50,8,24,27,160,0,77,150,1023,10,0,-19,0,0,413
45,0,0,0,0,30,Dustin,Hopkins,900,88,0,240,80,75,0,7,4443,5,4443,73,33,0,0,65,2,4,4,35,0,0,63,0,9,8,85,28,20,20,0,8,5,0,4,0,0,0,0,0,64,45,53,2,2,2,3,28,0,0,7,0,3,240,2,65,0,6,43,72,73,10,2743,40,0,1,100,93,61,74,56,0,0,0,0,5,20,82,38,13,16,11,6,17,0,19,19,5,0,11,11,900,0,74,33,1023,10,0,-19,0,0,48
45,5,5,5,5,32,Latavius,Murray,109,84,0,15,22,90,0,4,4468,3,4468,87,33,0,0,87,2,4,4,69,0,0,85,2,13,1009,89,39,58,56,0,7,82,0,0,0,0,0,0,0,225,45,0,0,0,1,3,54,0,0,28,1,1,15,2,0,0,6,39,76,85,10,750,94,0,1,100,20,74,85,76,0,0,0,0,4,27,52,10,24,27,8,25,39,1,1,1,22,1,29,13,109,0,75,70,1023,77,0,-19,0,0,40
15,5,5,5,5,10,Kenjon,Barner,0,75,0,0,21,87,1,3,4479,33,4479,89,34,0,0,80,2,4,4,62,0,0,88,2,14,1009,83,29,44,39,0,7,76,0,0,0,0,0,0,0,160,45,0,0,0,0,3,50,0,0,38,2,0,0,3,50,0,6,30,62,84,10,388,74,0,1,100,25,61,72,59,0,0,0,0,0,20,75,48,35,34,12,1,7,1,1,1,2,2,4,8,0,0,69,35,1023,84,3,-19,0,0,500
45,4,4,4,4,10,Mark,Barron,0,86,0,0,15,86,3,10,4491,33,4491,84,34,0,0,88,2,4,4,69,0,0,80,2,7,1009,81,80,45,45,0,8,20,0,0,0,1,1,0,0,3,42,70,0,0,0,3,19,0,0,42,0,0,0,3,50,0,1,35,69,83,11,1053,64,0,1,100,20,72,71,74,2,2,6,6,1,26,79,20,30,14,12,22,30,1,14,18,28,1,23,12,0,0,74,70,999,35,2,-19,0,0,11
19,0,0,0,0,85,Ryan,Tannehill,10862,88,0,2000,51,87,0,4,4532,30,4532,86,35,0,1,92,2,4,4,76,0,0,81,0,8,12,86,41,35,35,0,8,71,0,4,0,8,8,8,8,215,10,0,0,0,1,3,46,0,1,17,2,4,2000,3,70,0,1,89,76,85,11,434,57,0,1,100,62,63,78,71,5,5,5,5,0,22,84,34,14,53,12,1,13,0,0,0,19,1,10,7,10862,0,76,57,999,20,4,-19,0,0,286
5,7,7,7,7,35,Stephon,Gilmore,1767,93,0,0,25,92,3,10,4534,11,4534,90,33,1,0,72,2,4,4,76,0,0,91,2,10,10,89,66,35,35,0,7,67,0,2,0,0,0,0,0,176,38,83,0,0,1,3,41,0,0,21,2,2,0,3,95,0,1,43,91,92,11,394,62,0,1,100,30,68,91,95,5,5,5,5,1,25,82,26,18,40,7,6,10,0,16,16,21,5,11,5,1767,0,72,30,999,70,0,-19,0,0,31
3,3,3,3,3,6,Fletcher,Cox,570,83,0,420,21,79,0,4,4536,13,4536,76,33,0,0,86,2,4,4,32,0,0,77,2,12,1015,93,86,45,45,0,8,10,0,0,0,0,0,0,0,121,40,49,0,0,1,3,34,0,0,91,0,1,420,3,0,0,1,19,81,66,11,143,38,0,1,100,25,92,89,85,6,6,6,6,7,38,42,19,58,21,7,22,33,2,12,11,99,4,37,23,570,0,76,150,999,10,11,-19,0,0,343
45,4,4,4,4,6,Michael,Brockers,0,79,0,0,16,71,0,4,4538,33,4538,62,33,0,1,85,2,4,4,27,0,0,69,2,14,24,95,86,45,45,0,8,10,0,0,0,0,0,0,0,106,40,57,0,0,0,3,39,0,0,90,1,0,0,3,85,0,1,20,72,74,11,936,40,0,1,100,15,88,78,74,4,4,4,4,5,34,41,15,49,32,9,19,30,1,12,12,87,5,33,24,0,0,77,137,999,10,2,-19,0,0,349
45,3,3,3,3,6,Bruce,Irvin,0,78,0,0,20,87,0,4,4539,33,4539,84,36,0,1,86,2,4,4,67,0,0,82,1,15,1009,88,77,45,45,0,8,11,0,0,0,0,0,0,0,254,39,67,0,0,0,3,68,0,0,51,2,0,0,3,85,0,1,25,69,81,11,1512,63,0,1,100,26,72,71,65,6,6,6,6,4,26,66,32,26,49,10,13,27,1,13,11,10,8,27,21,0,0,75,98,999,10,1,-19,0,0,295
45,0,0,0,0,6,Melvin,Ingram,0,82,0,0,17,82,0,10,4542,33,4542,80,34,0,0,88,2,4,4,67,0,0,82,2,18,1009,88,81,45,45,0,8,33,0,0,0,0,0,0,0,176,45,55,0,0,0,3,77,0,0,6,2,0,0,3,85,0,1,31,78,84,11,897,61,0,1,100,15,83,83,82,0,0,0,0,6,32,56,2,17,20,10,21,26,0,13,15,53,8,36,22,0,0,74,90,999,10,1,-19,0,0,287
5,7,7,7,7,6,Chandler,Jones,4620,88,0,720,15,79,0,5,4545,23,4545,77,33,0,1,88,2,4,4,57,0,0,79,2,21,1009,85,85,45,45,0,8,10,0,0,0,1,1,0,0,205,2,62,0,0,2,3,42,0,1,55,2,3,720,3,0,0,1,20,82,85,11,245,47,0,1,100,25,87,89,90,2,2,6,6,7,34,59,15,35,61,11,15,25,0,11,11,52,4,35,28,4230,0,77,100,999,10,1,-19,0,0,502
2,3,3,3,3,6,Riley,Reiff,500,85,0,270,25,67,0,7,4547,22,4547,62,35,0,0,95,2,4,4,35,0,1,57,0,23,1009,87,32,76,79,0,8,8,0,2,0,0,0,0,0,89,45,75,1,1,1,3,29,0,0,74,2,1,270,3,81,0,1,30,72,73,11,1077,40,0,1,100,25,86,70,71,0,0,0,0,7,32,37,23,40,20,8,23,19,0,9,5,72,19,30,30,500,0,78,153,999,10,0,-19,0,0,485
25,2,2,2,2,6,Kevin,Zeitler,2250,94,0,891,16,64,0,4,4551,25,4551,59,33,0,0,96,2,4,4,15,0,0,57,0,27,1009,95,25,86,75,0,8,6,0,2,0,8,8,0,0,258,2,49,0,0,1,3,4,0,0,70,1,3,891,3,0,0,1,12,85,72,11,708,40,0,1,100,18,91,80,93,2,2,2,2,11,36,24,15,27,32,12,15,32,0,8,8,71,16,37,28,2250,0,76,179,999,10,2,-19,0,0,170
3,2,2,2,2,10,Harrison,Smith,6739,93,0,955,20,89,0,5,4553,31,4553,87,34,0,1,84,2,4,4,83,0,0,90,0,29,1015,95,81,35,35,0,7,39,0,2,0,3,3,3,3,152,5,68,0,0,3,3,33,1,1,22,2,5,955,3,10,0,1,25,90,85,11,335,66,0,1,100,25,73,96,92,2,2,2,2,1,26,73,2,35,30,7,3,9,0,18,17,12,0,11,8,6739,0,74,51,999,10,11,-19,0,0,132
45,3,3,3,3,6,Janoris,Jenkins,0,92,0,0,10,91,0,10,4563,33,4563,87,35,0,0,89,2,4,4,73,0,0,90,2,7,1009,88,60,35,30,0,8,70,0,0,0,2,2,2,2,132,45,57,0,0,0,3,18,0,1,20,2,0,0,3,89,0,2,12,77,84,11,251,54,0,1,100,12,53,79,77,3,3,3,3,5,16,71,24,19,49,13,5,18,1,16,16,66,0,10,7,0,0,70,30,999,75,2,-19,0,0,16
5,3,3,3,3,6,Bobby,Wagner,550,93,0,125,20,85,0,4,4571,28,4571,83,33,0,0,74,2,4,4,75,0,0,81,2,15,1009,97,97,45,45,0,8,23,0,0,0,0,0,0,0,234,41,71,0,0,1,3,32,0,1,54,2,1,125,3,15,0,2,25,89,89,11,593,61,0,1,100,20,78,92,92,6,6,6,6,3,30,66,9,29,48,10,28,3,1,14,14,38,3,33,20,550,1,72,81,999,10,0,-19,0,0,99
45,5,5,5,5,10,Tavon,Wilson,0,87,0,0,15,84,0,4,4572,33,4572,84,33,0,1,83,2,4,4,65,0,0,83,2,16,1009,85,71,35,35,0,8,40,0,0,0,0,0,2,2,84,45,16,0,0,0,3,45,0,0,32,2,0,0,3,50,0,2,30,73,78,11,1131,66,0,1,100,20,59,78,78,0,0,3,3,5,20,70,10,0,51,11,10,5,1,18,17,5,4,7,8,0,0,72,48,999,35,2,-19,0,0,347
41,5,5,5,5,6,Lavonte,David,183,94,0,66,12,88,0,4,4582,6,4582,85,33,0,0,89,2,4,4,77,0,0,85,2,26,1015,93,92,45,45,0,8,10,0,0,0,0,0,0,0,142,5,95,0,0,1,3,2,0,0,54,2,1,66,3,80,0,2,15,91,88,11,106,60,0,1,100,14,77,94,98,6,6,6,6,4,28,72,13,24,30,8,9,16,1,14,15,28,2,26,13,183,0,73,73,999,10,11,-19,0,0,355
45,7,7,7,7,6,Vinny,Curry,0,74,0,0,24,85,0,4,4583,33,4583,78,35,0,0,83,2,4,4,29,0,0,78,2,27,1009,84,77,45,45,0,8,10,0,0,0,0,0,0,0,110,45,0,0,0,0,3,56,0,0,99,2,0,0,3,77,0,2,28,71,84,11,2705,40,0,1,100,15,81,78,73,6,6,6,6,4,30,58,48,15,21,9,16,30,1,10,10,29,9,24,26,0,0,75,119,999,10,1,-19,0,0,251
45,7,7,7,7,6,Kelechi,Osemele,0,90,0,0,32,74,0,4,4584,33,4584,62,34,0,0,75,2,4,4,19,0,0,59,2,28,1009,86,32,83,77,0,8,6,0,0,0,0,0,0,0,90,5,51,0,0,0,3,43,0,0,70,1,0,0,3,88,0,2,29,81,71,11,1589,40,0,1,100,21,93,79,84,6,6,6,6,16,36,42,25,10,33,8,20,28,0,6,6,56,24,28,28,0,0,77,170,999,10,2,-19,0,0,249
5,3,3,3,3,6,Casey,Hayward,0,94,0,0,24,88,0,4,4586,33,4586,88,34,0,0,64,2,4,4,76,0,0,89,2,30,1009,87,62,35,35,0,7,60,0,0,0,2,2,4,4,238,29,84,0,0,0,3,53,0,0,29,2,0,0,3,60,0,2,30,84,85,11,325,55,0,1,100,22,68,85,88,3,3,5,5,3,24,74,32,28,32,7,23,7,0,16,16,38,0,8,11,0,0,71,32,999,35,1,-19,0,0,384
45,0,0,0,0,30,Bryan,Anger,900,85,0,240,88,75,0,7,4594,11,4594,71,35,0,0,82,2,4,4,65,0,0,62,0,7,1009,97,34,19,25,0,7,26,0,1,0,0,0,0,0,28,45,64,3,3,2,3,2,0,0,5,0,3,240,3,0,0,3,50,80,75,11,1317,60,0,1,100,94,55,82,67,0,0,0,0,0,18,91,46,23,57,7,13,15,0,20,20,46,2,6,8,900,0,75,42,999,10,2,-19,0,0,281
45,0,0,0,0,78,Russell,Wilson,29600,98,0,7000,19,89,0,7,4599,4,4599,85,35,0,1,98,2,7,7,68,0,0,90,2,12,28,97,26,10,45,0,7,75,0,0,0,0,0,0,0,258,18,64,0,0,6,3,78,0,1,3,2,7,7000,2,82,0,3,92,77,82,11,858,67,0,1,100,10,59,78,75,6,6,6,6,3,20,75,15,20,23,12,15,20,0,0,0,34,3,5,6,29600,0,71,55,999,10,1,-19,0,0,187
45,3,3,3,3,6,Demario,Davis,4438,96,0,1100,20,88,0,5,4601,27,4601,85,34,0,0,93,2,5,5,63,0,0,79,2,14,1009,98,90,45,45,0,8,25,0,0,0,0,0,2,2,12,41,0,0,0,2,3,35,0,0,56,2,5,1100,3,10,0,3,25,90,86,11,210,62,0,1,100,26,85,92,97,5,5,3,3,4,32,63,69,44,48,12,0,2,1,14,14,26,6,28,21,4438,0,74,88,999,10,5,-19,0,0,113
45,4,4,0,0,78,Nick,Foles,0,69,0,0,25,57,0,7,4612,33,4612,68,34,0,0,76,2,4,4,41,0,0,67,0,25,1009,88,25,11,17,0,8,40,0,4,0,7,7,7,7,8,45,81,0,0,0,3,43,0,0,9,2,0,0,3,85,0,3,86,65,80,11,1608,62,0,1,100,25,66,66,64,6,6,0,0,3,23,52,19,16,33,10,6,12,0,0,0,55,6,32,25,0,0,78,83,999,10,1,-19,0,0,161
2,7,7,7,7,6,Akiem,Hicks,0,79,0,0,25,68,0,5,4613,33,4613,61,34,0,1,73,2,7,7,30,0,0,65,2,26,1009,85,85,45,45,0,8,13,0,0,0,0,0,0,0,323,40,32,3,3,0,3,39,0,0,96,1,0,0,2,48,0,3,26,79,78,11,1713,35,0,1,100,25,92,76,85,0,0,0,0,7,38,42,24,19,25,10,25,22,0,10,10,19,24,25,30,0,0,77,164,999,10,7,-19,0,0,15
45,7,7,7,7,10,T. Y.,Hilton,0,86,0,0,14,90,1,7,4616,33,4616,91,34,0,1,78,2,4,4,85,0,0,91,2,29,1015,85,20,33,48,0,8,77,0,0,0,0,0,0,0,297,45,41,0,0,0,3,21,0,1,16,2,0,0,3,88,0,3,22,77,85,11,1440,73,0,1,100,15,46,75,77,0,0,0,0,5,13,99,0,35,31,7,5,26,0,3,3,76,5,8,1,0,0,70,23,999,81,1,-19,0,0,64
45,7,7,7,7,25,Lamar,Miller,0,87,0,0,15,90,1,4,4621,33,4621,90,32,0,1,77,2,4,4,70,0,0,88,2,2,1009,85,40,58,35,0,7,79,0,0,0,0,0,0,0,115,22,60,0,0,0,3,53,0,0,36,1,0,0,3,75,0,4,35,72,83,11,722,86,0,1,100,19,68,80,66,0,0,0,0,0,24,60,1,28,49,13,15,35,0,1,1,15,1,23,13,0,0,70,61,999,74,2,-19,0,0,47
2,5,5,5,5,6,Ben,Jones,0,92,0,0,15,60,0,7,4623,33,4623,57,34,0,1,95,2,4,4,32,0,0,60,0,4,1009,95,40,81,84,0,8,5,0,2,0,7,7,7,7,70,45,94,0,0,0,3,25,0,0,60,2,0,0,3,69,0,4,12,82,74,11,512,39,0,1,100,11,86,82,95,3,3,3,3,23,33,26,23,43,45,8,29,42,0,7,7,82,36,41,25,0,0,75,148,999,10,7,-19,0,0,152
2,0,0,0,0,91,Kirk,Cousins,5166,88,0,1250,19,73,0,7,4626,31,4626,75,35,0,0,91,2,4,4,22,0,0,69,0,7,1009,94,38,13,14,0,8,48,0,1,0,8,8,8,8,118,17,79,0,0,1,3,48,0,0,8,2,2,1250,3,0,0,4,88,84,71,11,1061,58,0,1,100,12,52,83,82,1,1,0,0,0,16,74,27,12,55,10,0,3,0,0,0,59,4,11,11,5166,0,75,45,999,10,5,-19,0,0,46
45,5,5,5,5,6,Bobby,Massie,0,85,0,0,7,62,0,4,4636,33,4636,62,34,0,0,91,2,4,4,46,0,0,59,2,17,1009,88,30,77,74,0,8,11,0,0,0,0,0,0,0,159,45,72,0,0,0,3,53,0,0,70,1,0,0,3,59,0,4,10,72,68,11,1349,40,0,1,100,8,83,72,85,0,0,0,0,14,32,25,17,53,28,9,15,31,0,9,9,86,18,43,24,0,0,78,156,999,10,2,-19,0,0,88
45,2,2,2,2,6,Mike,Daniels,0,75,0,0,21,75,0,4,4656,33,4656,73,34,0,1,91,2,7,7,35,0,0,69,2,37,1009,84,80,45,45,0,8,10,0,0,0,0,0,0,0,89,28,0,0,0,0,3,28,0,1,76,1,0,0,2,75,0,4,29,70,84,11,1655,51,0,1,100,26,87,76,69,2,2,2,2,48,34,19,26,20,30,9,25,18,0,12,11,14,37,40,23,0,0,72,150,999,12,2,-19,0,0,261
45,7,7,7,7,6,Malik,Jackson,0,83,0,0,27,74,3,5,4662,33,4662,73,33,0,0,80,2,4,4,30,0,1,67,2,2,1009,91,82,45,45,0,8,15,0,0,0,0,0,0,0,211,45,25,0,0,0,3,34,0,1,97,0,0,0,3,15,0,5,30,71,70,11,90,39,0,1,100,30,83,77,77,2,2,2,2,6,32,35,15,20,23,10,17,18,0,12,10,14,6,22,25,0,2,77,125,999,10,2,-19,0,0,435
45,7,7,7,7,6,Josh,Norman,0,91,0,0,20,86,0,1,4668,33,4668,88,36,0,0,90,2,4,4,77,0,0,86,2,8,1009,92,61,35,35,0,8,57,0,0,0,0,0,2,2,290,45,35,0,0,0,3,28,0,1,6,0,0,0,3,87,0,5,35,72,90,11,1547,64,0,1,100,20,67,80,78,0,0,3,3,2,24,64,30,17,47,13,19,18,0,16,16,25,4,5,11,0,0,72,40,999,35,2,-19,0,0,322
45,3,3,3,3,6,Dennis,Kelly,0,84,0,0,25,61,0,9,4678,33,4678,57,33,0,0,83,2,4,4,48,0,0,58,0,18,1009,90,33,66,74,0,8,6,0,2,0,0,0,0,0,169,45,0,0,0,0,3,52,0,0,73,2,0,0,2,81,0,5,30,66,68,11,1410,40,0,1,100,25,86,66,80,3,3,3,3,11,33,27,16,11,27,11,17,21,0,9,8,20,25,27,24,0,0,80,161,999,10,1,-19,0,0,409
45,0,0,0,0,25,Randy,Bullock,0,85,0,0,76,74,0,7,4686,1009,4686,68,34,0,0,50,2,0,0,35,0,0,63,0,26,1009,87,25,10,15,0,8,15,0,2,0,0,0,0,0,215,45,30,0,0,0,3,45,0,0,14,0,0,0,3,65,0,5,41,73,70,11,1256,50,0,1,100,93,61,75,61,0,0,0,0,1,20,66,8,18,45,10,4,16,0,19,19,0,4,10,9,0,0,69,50,999,10,2,-19,0,0,174
2,4,4,3,3,20,Marvin,Jones Jr,220,89,0,80,24,90,3,4,4691,19,4691,88,33,0,1,88,2,4,4,82,0,0,86,2,31,1009,90,32,46,53,0,8,80,0,0,0,0,0,0,0,28,45,81,0,0,1,3,41,0,0,0,2,1,80,3,60,0,5,35,78,92,11,873,81,0,1,100,25,71,75,82,0,0,0,0,2,26,91,10,5,10,7,10,5,0,3,3,3,4,4,11,220,0,74,39,999,72,0,-19,0,0,493
45,2,2,3,3,10,George,Iloka,0,88,0,0,15,88,0,4,4692,33,4692,84,33,0,1,73,2,0,0,73,0,0,84,1,32,1009,87,65,35,35,0,7,31,0,0,0,2,2,0,0,19,45,0,0,0,0,1,37,0,0,43,2,0,0,3,10,0,5,30,70,84,11,1427,66,0,1,100,20,70,73,70,0,0,5,5,3,25,78,10,24,15,9,0,29,1,18,18,10,5,30,13,0,0,76,65,999,30,2,-19,0,0,253
45,0,0,0,0,30,Greg,Zuerlein,257,85,0,50,78,74,0,7,4696,18,4696,72,36,0,0,55,2,4,4,35,0,0,60,0,1,1009,95,23,17,12,0,8,9,0,4,0,0,0,0,0,311,45,63,0,0,1,3,3,0,0,9,0,1,50,3,0,0,6,28,76,62,11,562,39,0,1,100,96,38,77,64,0,0,0,0,3,9,78,10,5,35,10,10,5,0,19,19,5,2,12,7,257,1,72,27,999,10,3,-19,0,0,267
45,7,7,7,7,6,Justin,Bethel,109,85,0,7,26,85,0,5,4702,12,4702,88,33,0,0,70,2,4,4,67,0,0,84,2,7,1009,94,61,35,35,0,7,54,0,0,0,0,0,2,2,281,45,0,0,0,1,3,18,0,0,20,2,1,7,2,87,0,6,36,68,89,11,2503,68,0,1,100,26,69,74,71,5,5,3,3,1,24,63,10,3,27,13,10,6,0,16,16,6,4,10,10,109,0,72,40,999,50,1,-19,0,0,1
45,4,4,4,4,6,Danny,Trevathan,0,85,0,0,30,81,0,10,4713,33,4713,78,33,0,0,87,2,0,0,72,0,0,79,2,18,1009,83,85,45,45,0,8,10,0,0,0,9,9,9,9,98,28,60,0,0,0,3,9,0,0,6,2,0,0,2,65,0,6,20,72,78,11,2487,45,0,1,100,37,68,73,76,5,5,5,5,2,24,70,35,29,25,8,4,23,1,14,15,60,1,21,13,0,0,72,77,999,10,7,-19,0,0,507
45,3,3,3,3,6,Tom,Compton,0,85,0,0,15,69,0,7,4718,33,4718,67,34,0,0,85,2,4,4,29,0,0,60,0,23,1009,89,35,67,80,0,8,8,0,2,0,2,2,2,2,328,45,0,0,0,0,3,52,0,0,69,0,0,0,2,90,0,6,31,71,74,11,3389,35,0,1,100,27,89,73,84,0,0,7,7,17,34,24,15,11,35,7,15,21,0,9,9,20,27,42,30,0,0,78,155,999,10,1,-19,0,0,152
45,0,0,0,0,10,Nate,Ebner,0,84,0,0,19,87,0,7,4722,33,4722,83,35,0,0,94,2,4,4,60,0,0,85,0,27,1009,88,73,35,35,0,7,20,0,0,0,0,0,0,0,156,45,0,3,3,0,3,37,0,0,43,2,0,0,1,93,0,6,35,67,85,11,2625,74,0,1,100,15,78,75,65,0,0,0,0,5,29,70,10,0,35,7,10,7,0,18,18,5,0,12,10,0,0,72,55,999,30,2,-19,0,0,41
45,3,3,3,3,6,Kelvin,Beachum,512,86,0,208,17,63,0,4,4773,7,4773,54,34,0,0,71,2,4,4,42,0,0,58,2,41,1009,94,45,81,70,0,8,12,0,0,0,0,0,0,0,192,2,54,5,5,2,3,2,0,0,68,2,2,208,2,75,0,7,12,76,70,11,2675,30,0,1,100,12,86,73,87,0,0,0,0,38,32,20,31,30,39,10,21,5,0,9,5,25,35,41,24,512,0,75,148,999,10,3,-19,0,0,98
45,0,0,0,0,12,Matt,Overton,0,73,0,0,18,72,0,7,4785,33,4785,70,38,0,0,75,2,4,4,55,0,0,66,0,63,1009,90,60,60,54,0,8,15,0,4,22,0,0,0,0,339,45,0,0,0,0,3,0,0,0,45,2,0,0,1,60,0,15,40,35,72,13,2522,60,0,1,100,29,66,45,64,0,0,0,0,3,23,42,5,5,10,10,5,5,0,7,15,8,9,29,20,0,0,73,94,999,10,1,-31,0,0,150
45,5,5,5,5,6,Tashaun,Gipson Sr,210,90,0,20,19,85,1,4,4817,15,4817,84,33,0,0,81,2,4,4,81,0,0,83,2,63,1009,92,77,35,35,0,7,42,0,0,0,0,0,0,0,260,45,63,0,0,1,3,0,0,0,31,0,1,20,3,85,0,15,21,79,84,11,2490,66,0,1,100,20,71,88,84,2,2,2,2,3,26,90,10,0,10,12,10,5,1,17,17,5,5,12,11,210,0,73,47,999,65,1,-19,0,0,330
45,2,2,2,2,6,Rodney,McLeod Jr,177,91,0,65,19,88,2,3,4827,5,4827,84,33,0,0,77,2,4,4,67,0,0,89,2,63,1009,90,71,35,35,0,8,46,0,0,0,2,2,0,0,240,45,88,0,0,1,3,0,0,0,26,2,1,15,3,85,0,15,21,78,86,11,2642,65,0,1,100,17,59,84,85,3,3,0,0,0,20,70,10,4,10,8,10,6,1,17,17,5,1,11,5,109,0,70,23,999,68,0,-19,0,0,195
45,4,4,4,4,39,Rex,Burkhead,0,87,0,0,26,83,0,6,4848,33,4848,82,33,0,0,75,2,4,4,73,0,0,86,0,22,1009,85,44,57,56,0,7,79,0,2,0,0,0,0,0,142,45,0,0,0,0,3,25,0,0,28,1,0,0,2,81,0,6,34,71,88,10,941,90,0,1,100,28,68,80,77,5,5,5,5,3,24,64,10,5,49,10,25,30,1,1,1,10,5,13,8,0,0,70,55,1023,65,2,-19,0,0,308
45,6,6,6,6,6,Michael,Thomas,0,82,0,0,25,86,0,0,4886,1009,4886,85,33,0,0,88,2,4,4,67,0,0,82,2,63,1009,86,67,35,35,0,8,39,0,0,0,0,0,0,0,200,45,50,4,4,0,3,15,0,0,31,0,0,0,2,87,0,15,40,71,88,11,237,64,0,1,100,25,63,76,73,0,0,0,0,2,22,86,10,4,10,12,10,6,1,17,17,5,5,6,8,0,0,71,32,999,59,2,-19,0,0,231
45,0,0,0,0,6,Aaron,Brewer,0,77,0,0,13,75,0,7,4903,1009,4903,69,33,0,0,69,2,4,4,55,0,0,71,0,63,1009,87,58,57,51,0,8,20,0,2,0,0,0,0,0,180,45,0,0,0,0,3,0,0,0,46,0,0,0,1,67,0,15,14,32,68,11,2483,50,0,1,100,13,68,42,63,0,0,0,0,1,24,74,24,6,25,12,17,16,0,7,4,20,9,16,13,0,0,77,72,999,10,1,-19,0,0,260
2,7,7,7,7,6,Charley,Hughlett,694,69,0,85,13,73,0,7,4905,5,4905,68,33,0,0,76,2,4,4,57,0,0,75,0,63,1009,94,56,66,65,0,8,17,0,1,0,0,0,0,0,225,45,0,2,2,4,3,51,0,0,47,0,5,85,2,67,0,15,38,53,77,9,1278,65,0,1,100,13,73,55,62,0,0,0,0,5,27,63,20,22,33,9,24,30,0,7,4,10,1,26,21,694,0,76,88,999,10,9,-19,0,0,466
45,0,0,0,0,10,Josh,Harris,559,75,0,80,13,78,0,7,4908,8,4908,74,34,0,0,85,2,4,4,55,0,0,76,0,63,1009,95,55,56,56,0,8,25,0,2,0,0,0,0,0,14,45,0,0,0,3,3,1,0,0,47,0,4,80,2,85,0,15,25,43,76,11,2560,71,0,1,100,23,68,47,69,3,3,3,3,3,24,51,18,25,31,10,24,0,0,7,4,25,6,30,10,559,0,73,64,999,10,1,-19,0,0,434
45,4,4,4,4,6,L. J.,Fort,0,79,0,0,11,85,0,5,4912,33,4912,79,33,0,0,75,2,0,0,67,0,0,74,1,63,1009,86,82,45,45,0,8,10,0,0,0,2,2,0,0,150,45,0,0,0,0,3,30,0,0,3,2,0,0,2,0,0,15,13,75,87,11,4257,65,0,1,100,20,74,79,87,3,3,0,0,4,27,53,10,5,10,12,10,15,1,14,14,10,6,23,12,0,0,72,72,999,10,4,-19,0,0,232
45,5,5,5,5,6,Julian,Stanford,0,76,0,0,14,82,0,1,4917,33,4917,83,33,0,1,69,2,4,4,60,0,0,86,2,63,1009,87,79,45,45,0,8,50,8,0,0,0,0,0,0,248,42,0,0,0,0,3,0,0,0,50,2,0,0,3,80,0,15,35,65,90,11,2595,68,6,1,100,15,78,77,71,0,0,0,0,3,29,60,18,14,39,11,23,17,0,15,15,19,5,33,11,0,0,73,70,999,10,3,-19,0,0,296
2,0,0,0,0,53,Johnny,Hekker,665,84,0,198,92,70,0,7,4988,21,4988,66,33,0,0,68,2,4,4,39,0,0,62,0,63,1009,94,25,25,29,0,8,15,0,3,0,0,0,0,0,161,45,64,2,2,2,3,80,0,0,10,1,3,198,1,80,0,15,67,81,72,11,349,40,0,1,100,94,55,83,67,0,0,0,0,3,18,64,10,5,20,10,10,5,0,20,20,4,2,42,23,665,0,77,80,999,10,1,-19,0,0,382
45,0,0,0,0,78,Case,Keenum,621,74,0,74,24,72,0,7,4999,32,4999,76,35,0,1,76,2,4,4,33,0,0,72,0,63,1009,84,14,21,17,0,7,54,0,2,0,9,9,9,9,80,45,64,0,0,2,3,44,0,0,18,2,2,74,3,65,0,15,85,64,78,11,492,61,0,1,100,22,54,66,61,5,5,0,0,0,17,83,7,14,18,13,3,7,0,0,0,11,3,8,8,621,0,73,55,999,10,0,-19,0,0,56
45,3,3,3,3,36,Cole,Beasley,0,92,0,0,24,87,0,7,5056,1009,5056,86,34,0,1,93,2,0,0,85,0,0,89,1,63,1009,91,39,32,51,0,8,78,0,1,0,0,0,0,0,192,45,59,0,0,0,3,60,0,0,9,2,0,0,0,70,0,15,52,75,89,11,725,80,0,1,100,28,61,70,68,5,5,5,5,0,20,87,10,15,15,7,0,20,0,3,3,10,3,7,5,0,0,68,14,999,77,1,-30,0,0,284
45,3,3,3,3,10,Ryan,Griffin,0,85,0,0,35,76,0,7,5114,33,5114,72,33,0,0,77,2,4,4,78,0,0,79,0,33,1009,87,50,55,64,0,8,52,0,2,0,0,0,0,0,227,45,96,0,0,0,3,24,0,0,84,2,0,0,2,81,0,6,30,68,82,10,1417,73,0,1,100,33,74,69,75,0,0,0,0,4,26,46,21,16,28,11,28,27,0,2,4,75,0,43,24,0,1,78,95,1023,30,1,-19,0,0,252
5,6,6,6,6,6,Ryan,Jensen,2719,88,0,750,10,62,0,7,5116,33,5116,61,32,0,0,98,2,4,4,35,0,0,61,0,35,1009,91,48,81,92,0,8,9,0,3,0,0,0,0,0,378,24,5,0,0,2,3,1,0,0,66,2,3,750,2,50,0,6,10,87,64,10,862,26,0,1,100,13,90,87,94,0,0,0,0,15,35,25,21,30,22,12,17,5,0,7,7,25,18,40,29,2719,2,76,159,1023,11,5,-19,0,0,154
5,4,4,4,4,6,Jordan,Poyer,1235,91,0,400,25,91,0,5,5131,3,5131,88,32,0,1,84,2,4,4,75,0,0,86,1,12,1009,92,72,35,35,0,8,30,0,0,0,0,0,2,2,161,3,51,0,0,2,3,26,0,0,21,0,2,400,3,63,0,7,30,90,79,10,2875,65,0,1,100,25,66,90,92,5,5,3,3,3,23,78,34,18,54,9,4,12,1,18,17,39,1,5,6,1235,0,72,31,1023,65,6,-19,0,0,421
45,2,2,2,2,6,Nick,Williams,0,79,0,0,11,80,0,10,5136,8,5136,70,33,0,0,76,2,4,4,23,0,0,68,2,17,1009,93,80,45,45,0,8,10,0,2,0,0,0,0,0,184,45,0,0,0,1,3,72,0,0,95,1,1,0,2,55,0,7,19,68,79,10,547,40,0,1,100,15,82,75,76,3,3,3,3,10,31,38,24,64,32,9,24,31,0,10,12,81,7,24,26,94,0,76,150,1023,10,0,-19,0,0,519
45,3,3,3,3,6,Mike,Remmers,0,83,0,0,25,68,0,0,5176,33,5176,63,34,0,0,75,2,4,4,47,0,0,62,0,63,1009,85,35,73,72,0,8,6,0,2,0,0,0,0,0,161,45,33,0,0,0,3,0,0,0,68,0,0,0,2,81,0,15,30,69,68,11,2915,45,0,1,100,25,85,68,79,2,2,2,2,10,32,45,18,25,22,13,19,0,0,9,5,25,8,27,24,0,0,77,141,1023,10,1,-19,0,0,171
45,0,0,0,0,9,Andrew,Depaola,412,71,0,44,11,74,0,7,5178,31,5178,76,36,0,0,72,2,4,4,66,0,0,82,0,63,1009,90,62,57,68,0,8,19,0,2,0,0,0,0,0,175,45,0,2,2,3,3,31,0,0,42,2,3,33,1,65,0,15,38,48,80,11,1490,63,0,1,100,11,75,56,69,0,0,0,0,4,28,58,4,13,34,13,8,19,0,7,7,59,5,26,14,401,0,73,69,1023,10,3,-19,0,0,41
45,7,7,7,7,10,Nickell,Roby-Coleman,0,87,0,0,20,89,1,10,5240,33,5240,87,31,0,1,84,1,4,4,72,0,0,88,2,63,1009,87,55,35,35,0,7,67,0,0,0,0,0,0,0,231,45,60,0,0,0,3,1,0,0,43,2,0,0,2,50,0,15,25,73,91,10,1192,58,0,1,100,20,50,78,77,6,6,6,6,2,16,80,35,14,12,8,27,31,1,16,16,33,5,4,2,0,0,68,20,999,72,1,-19,0,0,444
5,6,6,6,6,6,A. J.,Bouye,0,89,0,0,11,92,0,4,5254,33,5254,87,32,0,0,72,2,4,4,71,0,0,89,2,63,1009,83,63,35,35,0,7,57,0,0,0,0,0,1,1,225,29,57,0,0,0,3,45,0,0,24,0,0,0,2,10,0,15,27,80,89,10,44,65,0,1,100,10,65,82,83,0,0,2,2,5,23,93,10,0,20,10,10,5,0,16,16,5,1,12,6,0,0,72,30,1023,65,2,-19,0,0,31
45,3,3,3,3,6,Benson,Mayowa,0,77,0,0,20,80,0,4,5260,33,5260,77,32,0,0,83,2,0,0,37,0,0,78,2,63,1009,90,76,45,45,0,8,17,0,0,0,0,0,0,0,82,45,0,0,0,0,3,60,0,0,10,2,0,0,0,62,0,15,10,67,87,10,913,35,0,1,100,30,71,74,72,5,5,5,5,7,26,56,15,25,20,10,5,30,1,11,10,10,7,21,20,0,0,75,92,999,10,3,-30,0,0,348
45,7,7,7,7,6,Josh,Martin,0,80,0,0,18,89,0,4,5292,33,5292,84,32,0,0,75,2,4,4,50,0,0,79,2,63,1009,90,76,45,45,0,8,20,0,0,0,0,0,0,0,43,45,66,2,2,0,3,47,0,0,54,0,0,0,2,0,0,15,25,76,78,10,3070,60,0,1,100,22,78,76,66,0,0,0,0,4,29,69,10,10,20,10,10,17,0,11,15,13,9,25,23,0,0,75,85,1023,10,3,-19,0,0,231
45,0,0,0,0,11,Carson,Tinker,0,79,0,0,36,71,0,4,5297,33,5297,68,34,0,1,84,2,4,4,65,0,0,48,0,63,1009,86,60,59,47,0,8,15,0,4,0,0,0,0,0,3,45,0,0,0,0,3,0,0,0,46,1,0,0,1,0,0,15,35,33,66,10,1023,76,0,1,100,22,67,42,72,2,2,2,2,4,24,63,15,10,20,7,15,10,0,7,7,6,9,31,10,0,0,72,77,1023,10,2,-19,0,0,241
45,0,0,0,0,58,Tyler,Bray,0,66,0,0,12,67,0,7,5312,33,5312,67,32,0,0,69,2,4,4,35,0,0,70,0,63,1009,87,20,14,11,0,8,25,0,2,0,0,0,0,0,211,45,0,2,2,0,3,22,0,0,8,2,0,0,3,70,0,15,87,47,68,10,4620,53,0,1,100,15,52,54,59,0,0,0,0,2,17,87,38,12,36,7,5,6,0,0,0,56,5,5,5,0,0,78,63,1023,10,2,-19,0,0,41
45,7,7,7,7,6,Tony,Jefferson,0,87,0,0,19,85,2,3,5323,33,5323,86,31,0,0,80,1,7,7,64,0,0,80,2,63,1009,82,71,35,35,0,7,43,0,0,0,0,0,0,0,157,45,54,2,2,0,3,6,0,1,36,2,0,0,2,80,0,15,24,74,81,10,2907,55,8,1,100,26,74,78,74,0,0,0,0,4,27,74,12,42,28,13,4,4,2,18,18,66,4,10,6,0,0,71,51,1023,40,1,-19,0,0,489
45,3,3,3,3,6,Brad,McDougald,0,87,0,0,24,83,1,4,5324,33,5324,85,33,0,0,75,2,4,4,77,0,0,82,2,63,1009,89,73,35,35,0,8,50,0,0,0,1,1,0,0,95,45,51,0,0,0,3,36,0,1,30,0,0,0,2,68,0,15,27,75,83,10,2815,67,0,1,100,28,67,84,81,2,2,0,0,3,24,86,37,38,19,10,2,13,1,17,18,7,4,9,11,0,0,73,55,1023,65,1,-19,0,0,99
45,2,2,2,2,6,Jeff,Heath,0,87,0,0,53,87,0,4,5325,33,5325,87,32,0,1,90,2,0,0,68,0,0,82,0,63,1009,92,64,35,35,0,8,20,0,2,0,2,2,2,2,274,45,72,0,0,0,3,60,0,0,38,0,0,0,0,50,0,15,20,73,87,10,2944,65,0,1,100,66,68,78,79,3,3,3,3,1,24,74,10,23,15,13,0,28,0,18,18,10,3,9,6,0,0,73,52,1023,45,2,-30,0,0,450
45,4,4,4,4,10,Cody,Davis,165,86,0,0,19,91,0,7,5382,33,5382,87,34,0,0,69,2,4,4,59,0,0,84,0,63,1009,89,68,35,35,0,7,29,0,2,0,0,0,0,0,217,45,52,2,2,1,3,32,0,0,22,2,1,0,2,93,0,15,35,68,90,10,525,60,0,1,100,15,58,72,66,0,0,0,0,0,19,68,39,36,30,10,9,33,0,18,17,14,2,13,10,165,0,74,43,1023,45,3,-19,0,0,474
45,0,0,0,0,73,Ryan,Griffin,0,67,0,0,22,62,0,7,5410,33,5410,62,34,0,0,75,2,4,4,45,1,0,59,0,63,1009,90,19,14,15,0,8,34,0,2,0,0,0,0,0,221,45,0,0,0,0,3,47,0,0,4,2,0,0,2,85,0,15,77,54,64,10,496,66,0,1,100,22,52,59,66,1,1,0,0,5,16,63,31,22,27,7,6,11,0,0,0,53,5,11,10,0,0,77,50,1023,10,1,-19,0,0,361
45,5,5,5,5,6,Matthew,Paradis,0,85,0,0,20,65,0,7,5432,33,5432,58,34,0,0,88,2,4,4,25,0,0,69,0,31,1009,85,35,75,82,0,8,9,0,4,0,0,0,0,0,19,45,99,0,0,0,3,45,0,0,61,2,0,0,2,0,0,6,22,76,66,9,542,22,9,1,100,20,87,76,84,3,3,2,2,46,35,24,20,22,41,10,29,9,0,7,7,67,37,41,28,0,0,75,140,1023,10,4,-19,0,0,157
45,2,2,2,2,6,Corey,Linsley,6250,87,0,1300,22,66,0,7,5436,8,5436,67,32,0,0,88,2,4,4,35,0,0,64,0,21,1009,92,29,90,83,0,8,6,0,2,0,0,0,0,0,156,25,62,0,0,3,3,25,0,0,63,2,5,1300,2,15,0,5,26,88,68,9,66,39,0,1,100,22,92,87,90,2,2,3,3,28,36,24,26,16,37,9,33,7,0,7,7,102,23,34,25,6250,0,75,141,1023,10,2,-19,0,0,167
45,5,5,5,5,6,Zack,Martin,8328,96,0,2800,14,71,0,7,5442,11,5442,69,33,0,0,96,2,0,0,32,0,0,64,0,16,1015,98,28,95,98,0,8,5,0,2,0,0,0,0,0,152,26,65,0,0,2,1,60,0,0,70,0,7,2800,0,70,0,1,29,99,70,9,1358,40,0,1,100,9,97,99,99,5,5,5,5,11,38,37,22,25,21,7,25,30,0,8,8,10,19,22,29,8328,0,76,155,1023,10,9,-30,0,0,125
45,4,4,4,4,6,Jadeveon,Clowney,0,83,0,0,20,88,3,10,5443,25,5443,84,30,0,0,79,1,0,0,49,0,0,84,2,1,1009,83,83,45,45,0,8,27,0,0,0,9,9,9,9,176,39,40,0,0,1,3,4,0,0,24,0,1,134,3,97,0,1,35,80,88,9,118,53,0,1,100,21,84,89,82,7,7,7,7,5,32,53,19,18,33,10,14,17,2,11,15,83,3,32,21,250,0,77,95,1023,10,2,-19,0,0,428
45,3,3,3,3,6,Kyle,Van Noy,0,89,0,0,23,86,1,5,5445,33,5445,83,32,0,0,65,2,4,4,73,0,0,80,2,8,1009,87,86,45,45,0,8,24,0,0,0,6,6,6,6,26,2,75,0,0,0,3,39,0,0,8,2,0,0,3,44,0,2,20,77,79,9,2764,65,0,1,100,27,76,82,77,4,4,4,4,6,28,53,44,21,6,12,29,4,0,13,13,57,3,23,20,0,1,75,90,1023,10,1,-19,0,0,233
4,7,7,7,7,27,Sammy,Watkins,0,86,0,0,24,91,0,10,5446,33,5446,91,30,0,0,82,1,4,4,82,0,0,86,2,4,1009,77,25,33,59,0,8,76,0,0,0,0,0,0,0,38,36,44,0,0,0,3,39,0,0,82,2,0,0,3,87,0,1,39,75,86,9,1538,70,0,1,100,24,67,73,77,0,0,0,0,0,24,76,31,33,38,7,0,15,0,3,3,15,2,13,8,0,0,73,51,1023,81,1,-19,0,0,234
45,4,4,4,4,6,Ross,Cockrell,0,89,0,0,26,91,1,10,5450,33,5450,88,32,0,0,79,2,4,4,70,0,0,83,2,9,1009,93,53,35,35,0,8,54,0,0,0,0,0,0,0,52,45,50,0,0,0,3,53,0,0,43,1,0,0,2,65,0,4,36,72,85,9,680,65,0,1,100,26,57,76,74,0,0,0,0,4,18,88,2,14,12,11,5,12,0,16,16,37,2,8,10,0,0,72,31,1023,49,3,-19,0,0,377
5,4,4,4,4,6,C. J.,Mosley,6903,94,0,750,20,87,0,10,5453,18,5453,84,31,0,0,88,1,7,7,74,0,0,86,2,17,1009,88,94,45,45,0,8,32,0,2,0,1,1,0,0,3,41,96,0,0,2,3,41,1,1,57,2,5,750,3,55,0,1,25,85,85,9,1245,66,0,1,100,20,75,87,85,2,2,6,6,3,28,54,18,24,17,8,11,26,2,14,14,85,6,20,24,6903,1,74,71,1023,10,4,-19,0,0,495
45,6,6,6,6,6,Gabe,Jackson,0,88,0,0,20,59,0,4,5455,33,5455,52,32,0,0,77,2,4,4,44,0,0,60,2,17,23,92,35,75,79,0,8,5,0,0,0,9,9,5,5,121,2,56,0,0,0,3,28,0,0,66,0,0,0,3,10,0,3,19,78,72,9,776,30,0,1,100,22,90,75,89,2,2,2,2,39,36,19,33,23,30,11,28,13,0,8,6,76,30,45,25,0,0,75,175,1023,10,2,-19,0,0,92
45,7,7,7,7,6,Jeremiah,Attaochu,0,74,0,0,35,85,0,0,5472,33,5472,83,30,0,0,78,1,4,4,47,0,0,76,2,18,1009,80,77,45,45,0,8,15,0,0,0,0,0,0,0,71,45,0,0,0,0,3,8,0,0,45,2,0,0,3,65,0,2,27,68,86,9,2527,54,0,1,100,39,73,77,70,2,2,2,2,4,26,39,40,58,51,7,8,29,1,10,15,51,7,36,23,0,0,75,102,1023,10,1,-19,0,0,143
45,3,3,3,3,6,Taylor,Lewan,0,89,0,0,23,75,0,7,5473,33,5473,73,32,0,0,89,2,4,4,53,0,0,70,0,11,1015,78,39,82,80,0,8,10,0,2,0,8,8,8,8,117,45,0,0,0,0,3,15,0,0,77,2,0,0,3,50,0,1,16,80,75,9,2734,46,1,1,100,21,89,79,86,4,4,3,3,10,34,38,22,27,22,11,24,24,0,5,5,64,9,23,25,0,0,79,149,1023,11,9,-19,0,0,164
45,5,5,5,5,6,Pierre,Desir,0,89,0,0,20,93,0,11,5474,33,5474,88,33,0,0,69,2,4,4,76,0,0,87,1,27,1009,87,60,35,35,0,7,56,0,0,0,0,0,0,0,324,45,74,0,0,0,3,29,0,0,29,0,0,0,3,65,0,4,35,73,90,9,2931,64,0,1,100,20,65,80,73,0,0,0,0,4,22,86,25,1,26,11,0,18,0,16,16,34,1,9,8,0,0,74,46,1023,56,2,-19,0,0,283
45,4,4,4,4,10,Allen,Robinson II,1930,89,0,0,30,91,1,4,5477,29,5477,88,30,0,0,90,1,4,4,89,0,0,87,2,29,24,87,42,38,57,0,8,78,0,0,0,0,0,0,0,164,45,41,0,0,2,3,43,0,0,11,2,3,0,3,91,0,2,30,79,90,9,1614,82,0,1,100,25,70,80,84,0,0,0,0,0,25,74,3,26,39,8,4,27,0,3,3,14,1,10,5,1930,0,74,50,1023,72,0,-19,0,0,331
45,7,7,7,7,6,Dontae,Johnson,0,89,0,0,19,90,0,7,5489,33,5489,88,32,0,0,75,2,4,4,60,0,0,86,2,29,1009,92,53,35,35,0,8,56,0,0,0,0,0,0,0,138,45,0,0,0,0,3,0,0,0,27,0,0,0,3,65,0,4,25,70,88,9,311,61,0,1,100,18,60,75,77,0,0,0,0,1,20,63,10,3,10,9,5,7,1,16,16,7,2,13,9,0,0,74,40,1023,55,4,-19,0,0,148
45,5,5,5,5,6,T. J.,Carrie,0,88,0,0,11,89,0,5,5492,33,5492,87,33,0,0,83,2,4,4,66,0,0,85,2,4,1009,82,64,35,35,0,8,55,0,0,0,0,0,0,0,155,45,0,0,0,0,3,0,0,0,27,0,0,0,2,55,0,7,24,71,93,9,785,67,0,1,100,10,67,74,69,0,0,0,0,3,24,90,10,0,10,10,10,5,0,16,16,5,2,12,8,0,0,72,44,1023,83,1,-19,0,0,387
45,7,7,7,7,30,Carlos,Hyde,0,85,0,0,25,88,1,4,5494,33,5494,86,33,0,1,86,2,4,4,67,0,0,88,2,25,1009,86,25,50,64,0,8,81,0,0,0,0,0,0,0,156,22,0,0,0,0,3,0,0,0,24,1,0,0,3,35,0,2,35,71,83,9,271,84,0,1,100,25,78,79,70,5,5,5,5,3,30,54,0,37,57,7,28,38,2,1,1,3,10,33,14,0,2,72,69,1023,70,2,-19,0,0,319
45,2,2,2,2,6,Cameron,Fleming,0,82,0,0,22,59,0,4,5495,4,5495,60,31,0,1,69,1,0,0,49,0,0,50,1,40,1009,92,40,76,79,0,8,12,7,0,0,0,0,0,0,200,45,0,0,0,1,1,40,0,0,73,2,1,25,3,45,0,4,32,74,61,9,619,45,0,1,100,25,84,70,85,0,0,0,0,12,32,40,17,25,30,7,15,30,0,5,5,10,24,25,25,229,0,77,160,1023,10,0,-19,0,0,59
45,1,1,1,1,6,Terrance,Mitchell,0,88,0,0,10,90,3,5,5496,33,5496,87,31,0,0,74,1,0,0,73,0,0,92,2,39,1009,84,52,35,35,0,8,70,0,0,0,0,0,0,0,160,45,39,0,0,0,3,60,0,0,39,2,0,0,0,82,0,7,26,73,82,9,3122,73,0,1,100,11,52,77,74,0,0,0,0,4,16,69,10,18,15,9,0,23,0,16,16,10,2,7,5,0,0,71,30,1023,50,1,-30,0,0,498
45,2,2,2,2,6,Justin,Britt,0,85,0,0,12,70,0,8,5499,33,5499,67,32,0,0,84,2,4,4,35,0,0,62,0,32,1009,82,35,77,75,0,8,6,0,4,0,0,0,0,0,122,45,47,0,0,0,3,22,0,0,68,1,0,0,2,87,0,2,11,73,73,9,2513,40,0,1,100,15,87,74,84,3,3,3,3,7,34,42,25,12,33,11,23,34,0,7,9,100,23,32,22,0,0,78,155,1023,10,2,-19,0,0,286
45,2,2,2,2,6,Nevin,Lawson,0,89,0,0,25,91,0,5,5505,33,5505,89,32,0,0,85,2,4,4,55,0,0,86,2,33,1009,87,67,35,35,0,8,55,0,0,0,1,1,0,0,234,45,45,0,0,0,3,35,0,0,21,2,0,0,3,70,0,4,35,72,83,9,2799,54,0,1,100,25,66,74,73,2,2,0,0,5,23,70,10,0,10,9,10,5,0,16,16,5,2,10,9,0,0,69,30,1023,50,2,-19,0,0,472
45,5,5,5,5,6,Shelby,Harris,0,77,0,0,21,78,0,4,5515,5,5515,73,32,0,0,75,2,4,4,42,0,0,67,2,20,1009,90,84,45,45,0,8,10,2,0,0,0,0,0,0,85,40,31,0,0,1,3,40,0,0,97,1,1,75,2,66,0,7,24,77,78,9,1114,46,6,1,100,19,85,82,85,4,4,4,4,4,32,33,22,15,20,10,22,13,0,11,11,14,22,37,23,340,0,74,128,1023,10,1,-31,0,0,401
45,2,2,2,2,6,Anthony,Barr,0,88,0,0,30,87,0,4,5522,33,5522,86,31,0,0,80,1,4,4,72,0,0,87,2,9,1015,85,85,45,45,0,8,40,1,0,0,0,0,1,1,226,45,66,0,0,0,3,46,0,0,42,1,0,0,3,85,0,1,35,75,84,9,2836,70,0,1,100,30,76,82,75,0,0,2,2,5,28,41,18,25,48,10,4,25,1,13,13,40,0,20,23,0,0,77,95,1023,10,1,-19,0,0,515
45,5,5,5,5,6,Shamar,Stephen,0,76,0,0,12,66,0,4,5527,33,5527,62,32,0,0,86,2,4,4,30,0,0,59,2,5,1009,91,81,45,45,0,8,10,0,0,0,0,0,0,0,227,40,86,0,0,0,3,0,0,0,99,1,0,0,3,70,0,7,21,67,75,9,2819,39,0,1,100,11,85,75,78,2,2,2,2,4,32,29,19,16,20,11,19,18,1,12,12,20,7,28,22,0,0,77,150,1023,10,2,-19,0,0,486
45,0,0,0,0,83,Derek,Carr,14430,85,0,2280,21,84,0,4,5528,27,5528,82,32,0,0,90,2,4,4,33,0,0,79,0,4,1009,95,18,15,12,0,7,63,0,4,0,3,3,0,0,66,18,69,0,0,4,3,49,0,0,4,2,4,2280,3,80,0,2,91,78,83,9,803,58,0,1,100,22,61,79,76,0,0,0,0,0,20,87,3,17,22,9,9,11,0,0,0,18,5,8,6,14430,0,75,50,1023,10,0,-19,0,0,237
45,1,1,1,1,6,Justin,Ellis,0,73,0,0,20,67,0,4,5529,33,5529,68,33,0,0,81,2,4,4,35,0,0,59,2,7,1009,88,77,45,45,0,8,10,0,0,0,0,0,0,0,101,45,64,0,0,0,3,0,0,0,71,1,0,0,3,48,0,4,25,65,70,9,752,40,0,1,100,20,84,73,78,2,2,2,2,39,32,10,31,12,41,7,41,12,0,12,12,14,47,36,27,0,0,74,174,1023,10,1,-19,0,0,45
45,5,5,5,5,6,Kyle,Fuller,0,92,0,0,19,91,0,7,5530,33,5530,90,31,0,0,87,1,4,4,71,0,0,89,2,14,1009,96,59,35,35,0,8,45,0,0,0,0,0,0,0,241,38,72,0,0,0,3,47,0,0,23,0,0,0,3,65,0,1,36,80,91,9,641,66,0,1,100,19,62,82,82,0,0,0,0,3,21,87,9,9,31,7,28,14,0,16,16,35,4,12,7,0,0,71,40,1023,50,1,-19,0,0,140
26,5,5,5,5,6,Joel,Bitonio,5590,91,0,1050,21,72,0,4,5534,5,5534,71,32,0,0,95,2,4,4,28,0,0,72,0,3,1015,97,30,90,93,0,8,12,0,2,0,0,0,0,0,143,45,31,2,2,3,3,35,0,0,75,1,5,1050,3,0,0,2,16,92,78,9,3020,40,0,1,100,24,88,94,93,0,0,0,0,18,33,38,18,20,22,9,23,19,0,6,6,60,17,24,25,5590,0,76,160,1023,10,9,-19,0,0,156
4,3,3,3,3,49,Odell,Beckham Jr,393,88,0,276,53,93,1,3,5537,25,5537,91,31,0,0,86,1,4,4,87,0,0,92,2,12,1009,81,40,51,57,0,7,83,0,4,0,0,0,0,0,106,36,74,0,0,1,3,1,0,0,3,2,1,276,3,99,0,1,67,85,96,9,3105,73,0,1,100,85,53,77,74,0,0,0,0,5,16,92,2,13,24,12,18,16,0,3,3,20,4,4,5,393,1,71,38,1023,79,0,-19,0,0,390
45,5,5,5,5,20,Mike,Evans,8352,94,0,0,24,89,0,4,5539,6,5539,90,30,0,1,94,1,4,4,92,0,0,83,1,7,1015,95,39,45,55,0,8,77,0,0,0,0,0,0,0,215,35,88,0,0,1,3,39,0,0,13,2,6,0,3,90,0,1,35,90,95,9,481,80,0,1,100,25,78,85,95,0,0,0,0,3,29,59,0,13,35,13,6,15,0,3,3,77,0,22,12,8352,1,77,71,1023,55,9,-19,0,0,484
2,6,6,6,6,6,Lamarcus,Joyner,0,88,0,0,14,90,0,4,5542,33,5542,87,33,0,0,75,2,4,4,74,0,0,83,2,9,1009,87,68,35,35,0,8,61,0,0,0,1,1,0,0,64,45,57,0,0,0,1,33,0,0,29,2,0,0,3,55,0,2,29,78,89,9,1041,64,0,1,100,15,56,82,78,0,0,0,0,0,18,99,5,10,20,10,8,9,0,17,16,28,3,2,1,0,0,68,25,1023,72,2,-19,0,0,27
45,5,5,5,5,6,Dakota,Dozier,0,82,0,0,11,55,0,4,5543,33,5543,55,32,0,0,86,2,4,4,45,0,0,51,2,37,1009,85,38,64,69,0,8,9,0,0,0,9,9,9,9,67,45,0,0,0,0,3,7,0,0,78,2,0,0,3,75,0,4,25,63,69,9,1818,45,0,1,100,11,83,59,80,1,1,1,1,9,32,36,25,24,33,13,18,19,1,8,8,100,28,42,25,0,0,76,153,1023,10,1,-19,0,0,37
4,5,5,5,5,81,Teddy,Bridgewater,0,81,0,0,25,82,0,4,5545,19,5545,81,31,0,0,94,1,4,4,52,0,0,84,2,32,1009,87,29,15,15,0,8,71,0,0,0,9,9,9,9,105,19,0,0,0,1,3,55,0,0,10,2,1,50,3,85,0,1,86,72,79,9,2852,67,0,1,100,25,52,73,70,0,0,0,0,0,16,73,17,10,2,7,9,11,1,0,0,55,2,12,12,264,0,74,52,1023,10,1,-19,0,0,149
45,5,5,5,5,24,Eric,Ebron,0,86,0,0,19,86,3,3,5555,33,5555,85,30,0,0,84,1,4,4,79,0,0,84,2,10,1009,84,54,59,55,0,7,75,0,2,0,0,0,0,0,135,45,77,0,0,0,3,23,0,0,85,1,0,0,3,90,0,1,43,71,85,9,2740,77,0,1,100,24,73,73,66,5,5,5,5,3,26,51,23,28,22,10,14,24,1,4,4,69,5,34,22,0,0,76,93,1023,15,3,-19,0,0,374
45,5,5,5,5,10,Jordan,Matthews,0,82,0,0,15,88,3,5,5557,33,5557,85,31,0,0,79,1,4,4,77,0,0,79,2,10,33,77,38,51,54,0,7,69,0,0,0,0,0,0,0,238,45,0,0,0,0,3,73,0,0,88,2,0,0,3,86,0,2,29,63,82,9,211,74,0,1,100,19,72,61,52,0,0,0,0,5,25,89,0,30,51,12,1,18,0,4,3,0,4,6,11,0,0,75,76,1023,45,4,-19,0,0,31
45,4,4,4,4,6,Dee,Ford,0,74,0,0,12,84,0,3,5560,33,5560,84,32,0,0,76,2,4,4,45,0,0,85,2,23,9,76,77,45,45,0,8,21,0,0,0,0,0,0,0,14,39,82,0,0,0,3,42,0,0,55,2,0,0,3,75,0,1,25,71,84,9,2847,50,0,1,100,14,83,77,67,5,5,5,5,7,32,49,27,37,12,9,25,29,0,10,13,53,4,26,23,0,0,74,92,1023,10,4,-19,0,0,253
4,4,4,4,4,6,Bradley,Roby,402,88,0,47,12,90,0,10,5562,33,5562,89,31,0,0,70,1,4,4,68,0,0,89,2,31,32,87,39,35,35,0,7,65,0,0,0,0,0,1,1,156,30,51,0,0,1,3,43,0,0,21,2,1,47,3,86,0,1,15,74,89,9,502,55,0,1,100,11,63,78,78,0,0,2,2,5,22,79,28,19,11,7,19,15,1,16,16,31,3,9,6,402,0,71,34,1023,72,2,-19,0,0,321
45,3,3,3,3,6,Ja'Wuan,James,0,84,0,0,21,62,0,0,5563,33,5563,58,31,0,0,66,1,4,4,25,0,0,67,2,19,1009,80,30,80,74,0,8,5,0,0,0,0,0,0,0,211,45,41,2,2,0,3,0,0,0,71,1,0,0,3,0,0,1,15,73,72,9,757,40,0,1,100,20,84,70,79,0,0,0,0,14,32,35,24,15,26,10,25,6,0,5,9,79,20,38,23,0,0,78,163,1023,10,2,-19,0,0,10
45,7,7,7,7,6,Avery,Williamson,0,86,0,0,20,86,0,4,5564,33,5564,82,31,0,0,76,1,4,4,64,0,0,78,2,11,1009,92,85,45,45,0,8,10,0,0,0,0,0,0,0,98,2,76,0,0,0,3,39,0,0,53,1,0,0,2,60,0,5,30,74,75,9,2724,45,0,1,100,20,77,72,70,6,6,6,6,5,29,39,15,19,55,10,16,21,0,14,14,67,3,42,21,0,1,73,86,1023,10,1,-19,0,0,254
2,0,0,0,0,86,Jimmy,Garoppolo,7230,87,0,1125,10,71,0,7,5569,23,5569,72,32,0,0,91,2,4,4,35,0,0,74,0,30,1009,83,16,10,26,0,7,52,0,0,0,9,9,9,9,55,45,86,0,0,3,3,27,0,0,10,2,3,1125,3,59,0,2,87,77,73,9,669,62,0,1,100,20,63,78,79,1,1,5,5,1,22,78,6,10,25,8,3,19,0,0,0,20,9,31,10,7230,1,74,65,1023,10,0,-19,0,0,41
45,3,3,3,3,6,Trai,Turner,0,89,0,0,33,65,0,4,5571,33,5571,71,30,0,0,86,1,6,6,45,0,0,60,2,28,1009,91,34,74,77,0,8,6,0,0,0,0,0,0,0,106,45,88,0,0,0,3,7,1,0,59,0,0,0,3,0,0,3,15,75,69,9,395,40,0,1,100,24,88,72,78,2,2,2,2,20,34,23,26,19,31,8,35,6,0,8,8,31,38,34,23,0,0,75,160,1023,10,1,-19,0,0,292
45,1,1,1,1,6,Kevin,Pierre-Louis,0,81,0,0,20,85,0,4,5574,33,5574,84,32,0,1,65,2,4,4,64,0,0,85,2,32,1009,83,83,45,45,0,8,29,0,0,0,0,0,0,0,20,42,0,5,5,0,3,0,0,0,57,0,0,0,2,15,0,4,25,67,88,9,2508,60,0,1,100,20,80,77,67,0,0,0,0,2,30,72,10,7,10,9,10,13,0,13,13,10,2,22,13,0,0,72,71,1023,10,2,-19,0,0,500
45,4,4,4,4,6,Jimmie,Ward,1285,92,0,400,19,90,3,4,5579,32,5579,89,32,0,0,85,2,4,4,72,0,0,85,2,30,1009,85,81,35,35,0,8,34,0,0,0,0,0,0,0,137,45,94,0,0,2,3,53,0,0,1,0,2,400,3,88,0,1,28,87,90,9,411,65,0,1,100,23,54,92,90,3,3,3,3,5,17,89,7,31,31,9,2,0,0,18,17,45,2,11,5,1285,0,71,35,1023,35,0,-19,0,0,21
2,7,7,7,7,6,Christian,Kirksey,0,94,0,0,20,86,0,5,5583,1009,5583,84,31,0,1,69,1,4,4,73,0,0,78,2,7,1009,86,83,45,45,0,8,15,0,0,0,0,0,0,0,89,42,79,0,0,0,3,0,0,0,55,1,0,200,3,60,0,3,30,74,86,9,1407,57,0,1,100,20,68,79,85,3,3,3,3,3,24,54,10,5,10,13,10,15,1,14,14,10,7,25,10,0,0,74,75,1023,10,2,-19,0,0,94
2,7,7,7,7,6,Anthony,Hitchens,0,83,0,0,20,86,0,4,5584,33,5584,80,31,0,1,91,1,0,0,62,0,0,77,2,19,1009,94,89,45,45,0,8,15,0,0,0,0,0,0,0,89,45,63,2,2,0,3,60,0,0,53,1,0,0,0,10,0,4,25,76,77,9,2856,65,0,1,100,20,77,78,77,0,0,0,0,2,28,64,16,25,21,12,6,30,0,14,14,10,10,32,10,0,0,72,71,1023,15,5,-30,0,0,514
45,6,6,6,6,6,Devon,Kennard,0,83,0,0,24,85,0,4,5596,33,5596,81,32,0,0,84,2,4,4,61,0,1,75,2,34,1009,91,82,45,45,0,8,10,0,0,0,0,0,0,0,231,45,52,0,0,0,3,55,0,0,42,2,0,0,2,45,0,5,15,73,74,9,863,55,0,1,100,27,75,77,73,3,3,3,3,3,28,49,10,7,10,7,10,13,0,13,13,10,8,30,20,0,0,75,96,1023,10,3,-19,0,0,482
45,3,3,3,3,6,Charles,Leno Jr,4172,95,0,900,15,65,0,4,5598,26,5598,63,32,0,0,95,2,4,4,25,0,0,61,2,31,1009,96,35,86,74,0,8,14,0,0,0,0,0,0,0,19,45,75,0,0,2,3,29,0,0,72,0,4,900,3,82,0,7,10,82,72,9,854,24,0,1,100,11,86,75,85,2,2,2,2,44,33,25,31,47,44,11,28,7,1,5,5,68,43,36,22,4172,0,75,142,1023,10,2,-19,0,0,69
45,5,5,5,5,6,Brent,Urban,94,74,0,0,25,75,0,11,5600,25,5600,72,32,0,0,79,2,4,4,34,0,0,67,0,34,1009,74,81,45,45,0,8,22,0,1,0,0,0,0,0,240,45,41,0,0,1,3,0,0,0,97,1,1,0,3,40,0,4,25,74,69,9,3093,48,0,1,100,17,81,79,84,2,2,1,1,8,30,40,15,5,24,10,17,15,0,10,11,8,8,41,26,94,0,79,149,1023,10,1,-19,0,0,122
5,7,7,7,7,6,DeMarcus,Lawrence,4481,84,0,2400,19,85,0,1,5601,11,5601,82,31,0,0,95,1,0,0,33,0,0,79,2,2,1015,84,90,45,45,0,8,25,0,0,0,0,0,2,2,19,27,62,0,0,2,3,60,0,0,90,1,3,2400,0,12,0,2,25,90,83,9,989,42,0,1,100,19,88,95,91,3,3,3,3,6,34,39,23,25,28,13,13,30,0,10,10,10,7,31,26,4481,0,75,105,1023,10,9,-30,0,0,502
2,0,0,0,0,32,Pat,O'Donnell,0,87,0,0,72,80,0,7,5604,1009,5604,79,32,0,0,65,2,0,0,34,0,0,71,0,15,1009,85,24,10,20,0,7,19,0,0,0,0,0,0,0,115,45,41,3,3,0,3,42,0,0,16,0,0,94,3,0,0,6,49,70,73,9,1048,44,0,1,100,90,59,72,57,0,0,0,0,2,20,51,42,25,20,11,19,16,0,20,20,47,8,35,13,0,0,76,60,1023,10,1,-19,0,0,252
45,0,0,0,0,62,Logan,Thomas,2739,86,0,700,20,85,0,4,5606,26,5606,81,32,0,0,89,2,0,0,84,0,0,80,2,20,1009,84,39,55,60,0,7,69,0,0,0,0,0,0,0,241,45,0,3,3,2,3,45,0,0,82,1,4,700,3,85,0,4,86,72,87,9,1610,76,0,1,100,25,74,76,71,0,0,0,0,4,27,39,36,12,10,11,8,19,1,4,4,14,5,22,24,2739,0,78,90,1023,25,3,-19,0,0,376
14,7,7,7,7,6,Jason,Verrett,0,85,0,0,25,91,0,10,5609,33,5609,90,32,0,1,73,2,4,4,76,0,0,88,2,25,1009,66,55,35,35,0,7,69,0,0,0,0,0,0,0,207,38,0,0,0,0,3,29,0,0,2,2,0,0,3,75,0,1,22,81,89,9,843,59,0,1,100,30,63,85,87,0,0,0,0,5,22,95,5,4,21,11,16,19,1,16,16,37,0,9,2,0,0,70,28,1023,66,4,-19,0,0,131
45,2,2,2,2,6,Laurent,D-Tarif,0,85,0,0,21,61,0,7,5611,33,5611,70,32,0,0,86,2,4,4,39,0,0,64,1,24,1009,87,45,72,74,0,8,5,0,0,0,0,0,0,0,398,45,87,2,2,0,3,40,0,0,66,0,0,0,3,30,0,6,17,69,77,9,1722,65,0,1,100,20,87,66,70,0,0,0,0,15,34,26,17,25,32,10,17,0,1,8,6,25,24,44,27,0,0,77,156,1023,10,2,-19,0,0,423
45,3,3,3,3,6,Michael,Schofield III,0,85,0,0,21,72,0,4,5615,33,5615,69,33,0,0,61,2,4,4,45,0,0,60,0,31,1009,92,35,77,73,0,8,5,0,4,0,0,0,0,0,117,45,36,0,0,0,3,30,0,0,79,2,0,0,2,5,0,3,17,71,65,9,646,29,0,1,100,20,85,71,80,2,2,2,2,4,32,33,16,44,20,12,17,28,0,8,9,60,8,39,22,0,0,78,140,1023,10,1,-19,0,0,136
45,3,3,3,3,6,Aaron,Donald,8716,88,0,2400,21,89,1,4,5616,24,5616,81,32,0,0,98,2,4,4,42,0,0,85,2,13,1015,97,93,45,45,0,8,17,0,0,0,8,8,8,8,166,27,57,0,0,2,3,14,0,1,99,0,3,2400,3,70,0,1,20,99,78,9,1108,48,0,1,100,25,99,99,99,0,0,0,0,7,40,35,21,11,28,13,20,27,0,11,12,88,28,27,30,8716,0,73,120,1023,10,9,-19,0,0,60
45,2,2,2,2,6,Billy,Turner,244,86,0,60,12,62,0,10,5618,18,5618,63,32,0,0,76,2,4,4,35,0,0,55,2,3,1009,84,34,73,73,0,8,5,0,0,0,0,0,0,0,315,45,51,0,0,1,3,28,0,0,54,2,1,0,3,87,0,3,11,69,70,9,2825,40,0,1,100,15,84,68,79,3,3,3,3,7,32,46,20,45,20,11,15,20,0,9,6,100,8,43,26,150,0,77,150,1023,10,1,-19,0,0,508
45,3,3,3,3,6,Aaron,Lynch,0,74,0,0,21,87,0,4,5624,33,5624,81,30,0,0,69,1,4,4,55,0,0,74,2,10,1009,88,78,45,45,0,8,22,0,0,0,0,0,0,0,232,45,16,0,0,0,3,16,0,0,59,2,0,0,2,85,0,5,10,71,76,9,378,45,0,1,100,25,76,77,69,0,0,0,0,9,28,29,20,31,23,13,15,16,1,10,13,20,5,37,24,0,1,77,125,1023,10,2,-19,0,0,404
45,0,0,0,0,64,Garrett,Gilbert,0,71,0,0,15,73,0,7,5628,33,5628,76,32,0,0,75,2,4,4,25,0,0,66,0,38,1009,83,25,10,10,0,8,35,0,4,0,0,0,0,0,192,45,0,3,3,0,3,45,0,0,0,1,0,0,2,66,0,6,86,55,72,9,3654,61,0,1,100,22,60,59,63,0,0,0,0,5,20,65,10,5,10,7,10,5,0,0,0,6,8,27,10,0,0,76,70,1023,10,1,-19,0,0,299
45,2,2,2,2,6,DaQuan,Jones,1216,81,0,366,17,67,0,0,5634,3,5634,62,32,0,0,84,2,4,4,24,0,0,63,2,12,1009,93,83,45,45,0,8,10,0,0,0,0,0,0,0,164,40,45,0,0,1,3,50,0,0,92,1,2,366,3,75,0,4,16,76,69,9,2710,39,6,1,100,7,88,79,81,3,3,3,3,9,34,36,18,31,29,8,20,26,0,12,12,62,15,32,22,1216,0,76,160,1023,10,1,-19,0,0,118
45,5,5,5,5,10,Davante,Adams,14047,97,0,1925,30,91,1,4,5636,23,5636,90,31,0,0,88,1,4,4,97,0,0,94,2,21,20,97,42,38,48,0,7,85,0,0,0,0,0,0,0,66,35,73,0,0,4,3,35,0,0,17,2,5,1925,3,70,0,2,45,97,97,9,180,76,0,1,100,25,63,91,98,0,0,0,0,2,22,63,19,36,25,13,6,13,1,3,3,77,3,6,12,14047,0,73,55,1023,45,1,-19,0,0,400
4,7,7,7,7,6,Darqueze,Dennard,0,88,0,0,16,88,0,4,5639,33,5639,88,32,0,0,85,2,4,4,70,0,0,81,2,24,1009,85,65,35,35,0,8,55,0,0,0,0,0,0,0,118,45,70,0,0,0,3,26,0,0,43,2,0,0,3,95,0,1,25,74,85,9,99,63,0,1,100,15,62,77,77,0,0,0,0,2,21,89,21,10,17,11,2,8,1,16,16,27,1,5,12,0,1,71,38,1023,40,1,-19,0,0,98
45,2,2,2,2,46,Jerick,McKinnon,104,85,0,0,22,91,3,4,5641,9,5641,89,31,0,1,80,1,4,4,74,0,0,92,2,32,1009,83,32,53,51,0,8,77,0,0,0,0,0,0,0,68,34,48,0,0,1,3,2,0,0,1,1,1,15,3,64,0,3,54,78,92,9,2831,85,0,1,100,28,73,83,80,0,0,0,0,0,26,82,30,24,46,7,13,21,1,1,1,15,2,5,5,109,0,69,49,1023,82,2,-19,0,0,115
45,3,3,3,3,6,Khalil,Mack,6389,87,0,0,22,87,0,3,5649,8,5649,85,32,0,1,92,2,5,5,62,0,0,85,2,5,1,92,82,45,45,0,8,31,0,0,0,9,9,9,9,24,45,92,0,0,2,3,79,0,1,52,2,3,0,3,70,0,1,32,85,94,9,792,61,0,1,100,24,89,90,86,5,5,5,5,4,34,49,31,26,50,8,4,42,1,13,13,75,4,22,28,6389,0,75,109,1023,10,1,-19,0,0,519
45,7,7,7,7,10,Richard,Rodgers,0,83,0,0,19,77,0,4,5655,33,5655,76,31,0,0,66,1,4,4,79,0,0,76,2,34,1009,82,44,59,59,0,8,60,0,0,0,0,0,0,0,28,45,0,0,0,0,3,49,0,0,82,1,0,0,2,55,0,3,29,65,77,9,221,78,0,1,100,22,65,66,69,2,2,2,2,4,22,44,22,26,22,11,24,22,0,4,4,5,5,44,20,0,0,76,97,1023,10,1,-19,0,0,494
45,3,3,3,3,6,Jake,Matthews,10173,94,0,1250,20,72,0,7,5656,14,5656,68,31,0,0,87,1,4,4,40,0,0,69,0,6,1015,98,45,85,77,0,8,23,0,2,0,0,0,0,0,215,2,52,0,0,4,3,24,0,0,70,1,5,1250,3,10,0,1,25,82,75,9,2685,45,0,1,100,22,86,79,92,2,2,2,2,7,33,29,24,9,25,8,17,15,0,5,5,63,4,42,27,10173,0,77,149,1023,10,9,-19,0,0,144
2,7,7,7,7,47,Jarvis,Landry,0,92,0,0,17,90,0,4,5662,33,5662,88,31,0,0,94,1,4,4,88,0,0,90,2,31,1009,92,47,40,60,0,8,83,0,0,0,0,0,2,2,106,45,44,0,0,0,3,47,1,1,5,2,0,0,3,94,0,2,65,80,86,9,79,71,0,1,100,16,66,78,81,0,0,3,3,3,23,90,9,16,21,8,9,0,1,3,3,39,0,11,6,0,0,71,42,1023,89,1,-19,0,0,417
24,7,7,7,7,6,Morgan,Moses,1500,86,0,438,25,48,0,0,5677,25,5677,58,32,0,0,93,2,5,5,35,0,0,55,2,2,1009,93,30,79,84,0,8,6,0,0,0,0,0,0,0,240,2,23,0,0,2,3,34,1,0,78,2,3,438,3,81,0,3,30,79,66,9,1444,45,0,1,100,25,89,80,92,3,3,3,3,12,34,41,20,57,27,13,24,0,2,9,5,59,28,22,30,1500,0,78,160,1023,10,1,-19,0,0,225
45,4,4,4,4,36,John,Brown,0,84,0,0,30,90,1,4,5683,33,5683,91,33,0,0,74,2,4,4,83,0,0,86,2,27,1009,83,25,30,47,0,7,78,0,0,0,0,0,0,0,165,36,28,0,0,0,3,0,0,0,17,2,0,0,2,71,0,3,45,74,90,9,2838,75,0,1,100,30,45,70,67,0,0,0,0,0,12,90,10,5,10,8,10,5,0,3,3,4,5,5,4,0,0,71,18,1023,77,1,-19,0,0,348
45,4,4,4,4,30,Devonta,Freeman,0,89,0,0,10,89,2,10,5686,33,5686,88,31,0,0,81,1,4,4,67,0,0,88,2,3,1009,86,25,51,52,0,8,78,0,0,0,0,0,0,0,64,45,63,0,0,0,3,55,0,0,33,1,0,0,3,85,0,4,25,73,80,9,175,88,0,1,100,10,75,80,71,7,7,7,7,0,28,80,4,41,47,9,8,26,1,1,1,34,4,9,9,0,1,68,46,1023,76,2,-19,0,0,131
2,4,4,4,4,10,Brandin,Cooks,2574,89,0,0,20,92,0,4,5691,11,5691,93,30,0,0,78,1,4,4,85,0,0,92,2,20,32,90,25,32,50,0,7,73,0,0,0,0,0,0,0,161,36,58,0,0,2,3,45,0,0,3,2,3,0,3,85,0,1,34,83,85,9,1770,74,0,1,100,21,54,79,85,0,0,0,0,4,17,82,3,2,38,9,3,29,0,3,3,32,1,4,3,2574,1,70,23,1023,79,0,-19,0,0,492
45,2,2,2,2,6,Daniel,Munyer,0,82,0,0,11,70,0,10,5695,33,5695,61,31,2,1,82,1,5,5,27,0,0,52,1,63,1009,85,35,59,66,0,8,6,0,0,0,1,1,1,1,41,45,0,0,0,0,3,60,0,0,69,0,0,0,0,15,0,15,15,54,80,8,4303,33,0,1,100,12,82,49,52,0,0,0,0,37,30,20,35,25,39,13,29,30,1,7,7,26,32,32,24,0,0,73,145,1023,10,4,-30,0,0,217
45,7,7,7,7,37,Adam,Thielen,2165,90,0,498,35,91,0,7,5705,21,5705,89,33,0,1,87,2,4,4,90,0,0,89,0,63,1009,87,32,35,52,0,7,79,0,2,0,0,0,0,0,390,37,84,0,0,3,3,50,0,0,19,2,3,498,2,45,0,15,50,83,94,10,2746,73,0,1,100,34,67,81,85,3,3,3,3,3,24,84,10,3,20,12,10,3,1,3,3,4,0,6,8,2165,0,74,40,1023,67,0,-31,0,0,91
45,6,6,6,6,6,Chris,Hubbard,0,82,0,0,25,76,0,4,5708,30,5708,68,32,0,0,72,2,4,4,38,0,0,63,2,63,1009,82,34,72,71,0,8,6,0,0,0,1,1,1,1,224,45,23,0,0,1,3,0,0,0,66,0,1,7,2,55,0,15,30,67,70,10,2569,45,0,1,100,25,83,67,77,6,6,6,6,6,32,38,22,30,32,12,15,5,0,9,6,25,9,36,28,109,0,76,135,1023,10,1,-19,0,0,401
45,5,5,5,5,6,Will,Compton,0,87,0,0,35,87,0,7,5709,33,5709,82,34,0,1,82,2,4,4,60,0,0,82,0,63,1009,91,83,45,45,0,8,10,0,4,0,0,0,0,0,142,45,6,0,0,0,3,0,0,0,57,0,0,0,1,45,0,15,37,70,78,10,2780,60,0,1,100,18,74,71,71,6,6,6,6,5,27,70,10,5,20,9,10,15,1,14,14,10,6,22,12,0,0,73,75,1023,10,2,-19,0,0,483
45,3,2,3,2,6,James,Hurst,1221,86,0,300,21,52,0,7,5714,27,5714,50,32,0,0,75,2,4,4,42,0,0,55,0,63,1009,89,41,80,69,0,8,8,0,2,0,0,0,0,0,135,45,0,0,0,1,3,30,0,0,74,0,3,300,3,0,0,15,30,73,58,9,1152,64,0,1,100,22,80,66,85,3,0,3,0,8,30,34,22,30,22,11,19,4,0,5,5,48,4,22,27,1221,0,77,150,1023,10,3,-19,0,0,166
5,3,3,3,3,6,Andrew,Norwell,790,90,0,140,22,56,0,9,5715,33,5715,61,32,0,0,85,2,4,4,40,0,0,48,0,63,1009,91,45,80,79,0,8,6,0,4,0,0,0,0,0,156,2,51,0,0,1,3,34,0,0,68,1,2,140,3,87,0,15,22,77,70,9,265,40,6,1,100,18,87,77,91,3,0,3,0,12,34,28,15,11,32,9,19,30,0,6,6,98,18,24,29,790,0,78,150,1023,10,1,-19,0,0,175
45,5,2,5,2,6,Christian,Jones,0,83,0,0,12,81,0,4,5719,33,5719,79,32,0,1,83,2,4,4,61,0,0,81,2,63,1009,94,81,45,45,0,8,10,0,0,0,9,0,9,0,64,45,59,0,1,0,3,53,0,0,48,1,0,0,3,75,0,15,15,67,81,9,2617,59,0,1,100,14,73,69,71,2,0,2,0,5,26,65,40,20,57,10,7,24,0,14,13,48,5,33,24,0,0,75,85,1023,10,2,-19,0,0,14
45,4,4,4,4,6,K'Waun,Williams,510,89,0,74,26,90,3,4,5723,33,5723,87,32,0,1,74,2,4,4,79,0,0,88,2,63,1009,88,59,35,35,0,7,62,0,0,0,0,0,0,0,166,45,60,0,0,1,3,0,0,0,8,2,2,74,2,87,0,15,36,76,87,9,1603,61,0,1,100,26,48,82,83,3,3,3,3,0,14,86,10,0,10,9,10,5,1,16,16,5,2,2,0,510,0,69,25,1023,45,1,-19,0,0,270
45,2,3,2,3,6,Cornelius,Lucas,706,85,0,180,11,53,0,4,5729,26,5729,59,32,0,0,65,2,4,4,27,0,0,61,2,63,1009,91,26,77,73,0,8,5,0,0,0,0,0,0,0,96,45,0,4,0,1,3,7,0,0,78,0,2,180,2,11,0,15,33,70,65,9,2707,40,0,1,100,21,83,65,72,2,2,2,2,10,32,34,18,16,31,12,19,19,0,5,5,100,26,44,25,706,0,80,167,1023,10,3,-19,0,0,460
45,4,3,4,3,6,Mike,Pennel,0,68,0,0,16,70,0,4,5732,33,5732,61,32,0,1,75,2,4,4,32,0,0,55,2,63,1009,88,84,45,45,0,8,10,0,0,0,0,0,0,0,378,40,0,3,0,0,3,0,0,0,64,1,0,0,2,55,0,15,20,72,71,9,62,40,0,1,100,15,85,77,80,0,0,0,0,12,34,38,24,14,31,11,16,17,0,12,12,19,21,26,24,0,0,76,172,1023,10,2,-19,0,0,249
45,5,4,5,3,6,Jonotthan,Harrison,94,82,0,0,25,61,0,4,5734,33,5734,63,32,0,0,75,2,4,4,45,0,0,54,2,63,1009,90,35,68,68,0,8,5,0,0,0,0,0,0,0,62,45,0,0,0,1,3,7,0,0,62,0,1,0,2,11,0,15,30,65,68,9,54,45,0,1,100,25,85,63,80,4,0,4,0,9,34,32,16,19,34,7,21,4,1,7,7,82,5,30,25,94,0,76,140,1023,10,1,-19,0,0,503
45,3,3,3,3,6,Josh,Wells,109,82,0,5,11,63,0,7,5738,33,5738,59,32,0,0,74,2,4,4,37,0,0,64,0,63,1009,86,34,71,68,0,8,5,0,2,0,0,2,0,2,91,45,0,0,0,1,3,0,0,0,77,0,1,5,2,11,0,15,10,66,78,9,1330,55,0,1,100,11,84,64,76,4,0,4,0,5,32,31,22,6,29,10,23,16,0,9,5,20,4,38,25,109,0,78,146,1023,10,9,-19,0,0,159
45,7,7,7,7,28,Albert,Wilson,0,83,0,0,18,90,0,4,5741,33,5741,89,31,0,0,68,1,4,4,81,0,0,87,2,63,1009,91,25,24,59,0,8,77,0,0,0,0,0,0,0,362,36,35,3,3,0,3,45,0,0,2,2,0,0,2,55,0,15,43,72,88,9,1507,77,0,1,100,21,55,69,69,0,0,0,0,4,18,79,10,5,10,9,10,5,0,3,3,4,0,7,9,0,0,69,35,1023,77,5,-19,0,0,97
45,0,0,0,0,15,Cairo,Santos,925,84,0,150,79,75,0,7,5742,1,5742,73,32,0,0,60,2,4,4,25,0,0,68,0,63,1009,80,22,17,17,0,7,15,0,2,0,9,9,0,0,221,45,59,0,0,1,3,40,0,0,8,0,3,150,2,65,0,15,26,73,60,9,890,35,0,1,100,94,33,75,58,0,0,0,0,4,6,88,28,17,11,13,16,24,0,19,19,15,4,4,1,925,0,68,15,1023,10,3,-19,0,0,395
45,2,4,2,4,10,Daniel,Sorensen,0,90,0,0,25,86,0,7,5743,33,5743,82,33,0,0,79,2,4,4,72,0,0,92,0,63,1009,91,60,35,35,0,7,29,0,4,0,0,0,0,0,26,45,51,0,2,0,3,80,0,0,25,0,0,0,2,87,0,15,30,72,78,9,770,60,0,1,100,25,63,76,80,3,0,3,0,1,22,66,10,0,10,11,10,7,0,18,18,5,1,7,8,0,0,73,48,1023,45,1,-19,0,0,284
45,7,7,7,7,30,Damien,Williams,0,87,0,0,11,91,1,4,5745,33,5745,88,31,0,0,85,1,4,4,72,0,0,86,2,63,1009,84,35,60,53,0,8,81,0,0,0,0,0,0,0,157,45,52,0,0,0,3,0,0,0,6,1,0,0,2,90,0,15,28,73,85,9,2683,87,0,1,100,17,67,82,71,0,0,0,0,5,24,63,10,4,10,10,10,11,1,1,1,7,2,33,12,0,0,71,61,1023,75,1,-19,0,0,262
45,7,7,7,7,6,Malcolm,Butler,0,88,0,0,21,86,3,4,5750,33,5750,88,33,0,0,72,2,4,4,72,0,0,89,2,63,1009,85,68,35,35,0,8,48,0,0,0,6,6,0,0,382,45,45,0,0,0,3,40,0,0,0,2,0,0,2,65,0,15,21,75,82,9,581,55,0,1,100,29,63,77,75,4,4,0,0,5,22,77,10,0,10,12,10,5,1,16,16,5,1,11,9,0,0,71,30,1023,42,1,-19,0,0,371
2,0,0,0,0,15,Brandon,McManus,2145,77,0,250,76,78,0,7,5777,17,5777,74,32,0,0,75,2,4,4,35,0,0,74,0,63,1009,95,24,17,15,0,8,15,0,2,0,6,6,6,6,208,1,65,0,0,2,3,49,0,0,10,0,5,250,2,70,0,15,38,76,68,9,248,40,0,1,100,96,56,77,65,4,4,4,4,2,18,66,0,17,16,7,7,24,0,19,19,6,4,8,11,2145,0,75,41,1023,10,9,-19,0,0,7
2,0,0,0,0,50,Tress,Way,1749,82,0,360,87,75,0,11,5779,26,5779,72,33,0,0,65,2,4,4,45,0,0,63,0,63,1009,92,29,11,14,0,7,10,0,2,0,0,0,0,0,157,45,54,0,2,2,3,50,1,0,5,0,6,360,2,31,0,15,54,79,69,9,1374,51,0,1,100,95,44,81,65,2,0,2,0,0,12,91,10,5,20,10,10,5,0,20,20,5,2,13,11,1749,0,73,60,1023,10,9,-19,0,0,402
45,5,2,5,2,6,Tyler,Shatley,560,85,0,100,20,69,0,4,5796,17,5796,62,32,0,0,84,2,4,4,22,0,0,52,0,63,1009,94,41,75,68,0,8,5,0,2,0,6,0,6,0,38,45,0,0,0,1,3,25,0,0,69,0,2,100,2,75,0,15,22,71,74,9,1620,40,0,1,100,22,90,69,85,4,0,4,0,42,35,23,20,25,33,8,26,0,0,7,8,25,28,41,23,560,0,75,150,1023,10,9,-19,0,0,380
40,5,2,5,2,6,Denico,Autry,2143,83,0,600,11,74,0,7,5809,30,5809,71,33,0,0,85,2,4,4,35,0,0,68,2,63,1009,89,85,45,45,0,8,10,0,4,0,0,9,0,9,121,2,14,0,1,1,3,65,0,0,96,0,3,600,0,55,0,15,14,81,72,9,707,45,0,1,100,17,86,88,96,2,3,2,3,9,32,35,23,28,27,8,25,18,0,13,11,22,5,26,26,2143,0,77,125,999,10,2,-19,0,0,124
45,5,5,5,5,10,Cameron,Brate,0,87,0,0,22,79,0,4,5820,33,5820,78,32,0,1,77,2,4,4,85,0,0,75,0,63,1009,95,40,55,59,0,8,59,0,2,0,0,0,0,0,75,45,0,0,0,0,3,0,0,0,84,1,0,0,2,55,0,15,20,71,80,9,906,77,0,1,100,24,72,74,78,0,0,0,0,7,26,54,0,0,0,11,0,0,0,4,4,8,1,39,22,0,0,77,85,216,8,8,-31,0,0,450
45,7,7,7,7,6,Keith,Smith,116,79,0,0,20,68,0,4,5826,14,5826,73,31,0,0,74,1,0,0,62,0,0,81,2,63,1009,90,73,63,61,0,8,42,0,2,0,0,0,0,0,185,45,0,0,0,1,3,60,0,0,40,1,1,0,0,13,0,15,25,63,76,9,2833,75,0,1,100,20,77,66,79,5,5,5,5,2,28,65,15,25,20,7,5,30,0,2,2,10,4,30,10,116,0,72,80,1023,10,4,-30,0,0,126
45,0,0,0,0,29,Brett,Maher,0,86,0,0,83,55,0,7,5848,1009,5848,72,34,0,0,63,2,0,0,26,0,0,60,0,63,1009,84,31,16,22,0,8,13,7,2,0,2,2,2,2,142,45,64,0,0,0,3,60,0,0,8,0,0,0,0,55,0,15,30,76,51,10,1222,31,0,1,100,96,41,78,61,5,5,5,5,1,10,69,10,13,15,8,0,18,0,19,19,10,4,12,4,0,0,72,30,1023,10,1,-30,0,0,325
45,2,5,2,5,6,Josh,Andrews,0,81,0,0,25,72,0,5,5869,33,5869,68,32,0,0,90,2,4,4,25,0,0,67,2,63,1009,81,35,61,70,0,8,6,0,0,0,0,2,0,2,161,45,0,0,0,0,3,0,0,0,68,0,0,0,3,10,0,15,30,60,73,9,1574,40,0,1,100,25,83,55,57,2,1,2,1,27,32,32,22,25,34,10,32,30,0,7,7,10,31,45,28,0,0,74,138,999,10,1,-30,0,0,82
45,2,2,2,0,6,James,Ferentz,0,84,0,0,20,66,0,7,5870,1009,5870,63,34,0,0,88,2,4,4,26,0,0,65,0,63,1009,90,40,66,64,0,8,10,0,2,0,0,0,0,0,89,45,0,0,0,0,3,0,0,0,65,2,0,5,0,55,0,15,15,59,68,9,1667,40,0,1,100,24,79,57,70,2,0,2,3,39,30,15,31,25,43,10,33,0,0,7,7,25,27,45,23,0,0,74,140,999,10,6,-31,0,0,81
45,4,4,4,4,10,Adrian,Phillips,1729,90,0,472,15,87,0,5,5885,22,5885,87,31,0,1,80,1,4,4,68,0,0,82,2,63,1009,92,75,35,35,0,8,40,0,0,0,0,0,0,0,214,45,34,0,0,2,3,8,0,0,21,0,4,472,0,67,0,15,20,81,85,9,3570,62,0,1,100,25,63,87,86,0,2,0,2,2,22,83,30,32,8,9,24,26,3,18,18,45,0,9,9,1729,0,71,50,1023,50,3,-19,0,0,204
45,5,2,5,2,22,Mike,Purcell,1329,75,0,76,20,64,0,7,5886,4,5886,62,32,0,0,87,2,4,4,33,0,0,62,1,63,1009,86,80,45,45,0,8,10,0,4,0,0,9,0,9,260,40,8,0,1,1,3,65,0,0,98,1,4,76,0,0,0,15,38,73,77,10,3490,48,0,1,100,18,88,77,81,2,3,2,3,31,34,24,33,28,42,7,29,18,0,12,11,22,20,37,28,1329,0,75,168,1023,10,4,-19,0,0,150
12,0,0,0,0,79,Jameis,Winston,453,87,0,336,26,73,0,4,5893,27,5893,78,29,0,0,95,1,7,7,49,0,0,77,2,1,1009,87,45,15,37,0,8,67,0,0,0,8,8,8,8,64,18,62,0,0,1,3,47,0,0,2,1,1,336,0,88,0,1,90,70,75,8,3134,59,0,1,100,30,72,70,63,1,1,3,3,3,26,71,9,14,41,7,17,6,0,0,0,35,0,21,12,453,0,76,71,1023,10,3,-19,0,0,503
12,0,0,0,0,78,Marcus,Mariota,193,74,0,76,35,90,0,7,5894,13,5894,87,30,0,1,91,1,4,4,62,0,0,86,1,2,1009,80,28,20,28,0,7,74,0,0,0,9,9,9,9,160,19,94,0,0,1,3,2,0,0,8,1,1,76,0,50,0,1,86,69,84,8,3135,64,0,1,100,37,60,71,65,1,1,5,5,2,20,58,7,6,47,13,0,1,1,0,0,17,10,28,14,193,0,76,62,1023,10,0,-19,0,0,121
45,0,0,0,0,72,Sean,Mannion,0,67,0,0,11,59,0,7,5898,33,5898,65,31,0,0,83,1,4,4,20,0,0,72,0,25,1009,89,22,15,15,0,7,37,0,4,0,0,0,0,0,161,45,0,0,0,0,3,46,0,0,0,2,0,0,0,75,0,3,83,52,76,8,3139,53,0,1,100,15,57,60,61,5,5,5,5,4,18,78,15,14,56,13,7,13,0,0,0,54,8,31,10,0,0,78,70,1023,5,2,-19,0,1,286
45,0,0,0,0,73,Trevor,Siemian,0,69,0,0,15,75,0,7,5899,33,5899,72,32,0,0,77,2,4,4,45,0,0,69,0,33,1009,83,31,21,14,0,8,51,0,2,0,9,9,9,9,151,45,0,0,0,1,3,25,0,0,19,1,1,15,0,65,0,7,82,59,78,8,3452,62,0,1,100,20,59,63,65,0,0,0,0,2,20,63,10,5,14,7,10,5,0,0,0,6,3,13,9,109,0,75,60,1023,5,0,-19,0,0,403
45,5,5,5,5,10,Melvin,Gordon III,0,89,0,0,21,88,1,10,5901,1009,5901,91,30,0,0,85,1,4,4,71,0,0,89,2,15,1009,89,42,54,39,0,8,80,0,2,0,0,0,0,0,258,34,73,0,0,0,3,10,1,0,33,1,0,0,0,75,0,1,35,75,85,8,3141,81,0,1,100,22,74,81,70,5,5,5,5,1,27,74,6,28,15,13,5,28,2,1,1,68,4,6,11,0,1,73,55,1023,69,3,-19,0,0,10
45,5,5,5,5,25,Ameer,Abdullah,175,84,0,20,21,92,1,4,5903,23,5903,88,30,0,0,82,1,7,7,72,0,0,87,2,22,1009,91,42,56,37,0,7,73,0,0,0,0,0,0,0,142,11,1,0,0,1,3,35,0,0,22,1,1,20,0,64,0,2,35,73,90,8,3143,82,0,1,100,23,68,79,77,0,0,0,0,1,24,73,20,23,44,12,8,5,1,1,1,63,3,10,8,175,1,69,43,1023,84,1,-19,0,0,287
45,4,4,4,4,25,Duke,Johnson Jr,0,85,0,0,25,89,1,4,5904,33,5904,88,30,0,0,78,1,4,4,72,0,0,92,2,13,1009,88,36,55,29,0,8,77,0,0,0,0,0,0,0,115,22,60,2,2,0,3,42,0,0,22,2,0,0,0,80,0,3,40,72,85,8,3144,79,0,1,100,22,69,79,74,0,0,0,0,3,24,77,53,27,32,11,37,10,1,1,1,37,2,12,5,0,0,69,50,1023,76,1,-19,0,0,259
45,4,4,4,4,25,T. J.,Yeldon,0,85,0,0,14,89,1,4,5905,33,5905,87,30,0,0,80,1,4,4,68,0,0,85,2,4,1009,84,42,51,47,0,7,78,0,0,0,0,0,0,0,3,45,0,0,0,0,3,77,0,0,22,1,0,0,0,75,0,2,35,72,86,8,3145,84,0,1,100,15,73,79,72,5,5,5,5,5,26,72,6,31,13,9,6,21,0,1,1,34,5,17,14,0,1,73,63,1023,25,3,-19,0,0,468
45,7,7,7,7,15,Tevin,Coleman,0,84,0,0,17,91,2,4,5906,33,5906,91,30,0,0,83,1,5,5,67,0,0,89,2,9,1009,82,35,55,44,0,7,74,0,0,0,0,0,0,0,86,45,0,0,0,0,3,11,0,0,28,1,0,0,0,80,0,3,37,71,84,8,3146,84,0,1,100,16,69,79,69,7,7,7,7,4,24,82,15,29,44,8,22,30,1,1,1,47,2,9,9,0,0,73,50,1023,77,2,-19,0,0,334
45,4,4,4,4,20,David,Johnson,0,87,0,0,17,88,0,5,5907,33,5907,87,32,0,0,85,2,4,4,71,0,0,86,2,22,1009,86,25,50,41,0,7,80,0,0,0,0,0,0,0,150,45,58,0,0,0,3,11,0,0,28,1,0,0,0,65,0,3,25,72,91,8,3147,87,0,1,100,20,77,81,72,5,5,5,5,3,29,55,8,23,30,9,52,27,1,1,1,7,1,17,13,0,0,73,64,1023,83,1,-19,0,0,111
45,4,4,4,4,25,Mike,Davis,0,86,0,0,20,89,2,3,5909,33,5909,87,30,0,0,86,1,4,4,70,0,0,84,2,27,1009,90,29,54,45,0,8,80,0,0,0,2,2,0,0,176,45,0,0,0,0,3,49,0,0,28,1,0,0,0,80,0,4,25,73,83,8,3488,89,0,1,100,21,74,81,71,3,3,0,0,2,27,81,30,44,28,9,3,29,0,1,1,6,5,8,5,0,0,69,63,1023,40,1,-19,0,0,489
45,7,7,7,7,25,Jeremy,Langford,0,89,0,0,14,89,1,4,5911,33,5911,90,32,0,0,70,2,4,4,57,0,0,80,2,7,1009,88,46,59,45,0,8,63,0,0,0,0,0,0,0,118,45,0,0,0,0,3,47,0,0,43,2,0,0,0,75,0,4,26,71,83,8,3150,87,0,1,100,14,71,71,65,5,5,5,5,4,26,89,10,3,27,13,25,25,0,1,1,6,5,10,5,0,0,72,48,1023,58,4,-19,0,0,149
45,7,2,7,2,10,Mike,Burton,109,80,0,12,14,80,0,7,5921,4,5921,78,31,0,1,75,1,4,4,63,0,0,76,0,32,1009,91,45,66,67,0,7,29,0,4,0,0,0,0,0,175,45,0,0,0,1,3,4,0,0,20,0,1,12,0,25,0,5,30,71,80,8,3158,74,0,1,100,14,82,70,83,0,0,0,0,5,31,69,10,13,55,9,25,29,0,2,2,12,5,30,25,109,0,71,82,1023,35,0,-19,0,0,478
2,7,7,7,7,15,Amari,Cooper,5243,92,0,0,21,89,3,5,5923,5,5923,92,29,0,0,94,1,0,0,89,0,0,94,2,4,11,87,25,35,53,0,8,78,0,0,0,0,0,0,0,3,36,73,0,0,2,3,17,0,0,2,2,3,0,0,83,0,1,45,91,90,8,3160,72,0,1,100,25,68,85,94,0,0,0,0,3,24,65,10,22,15,12,0,27,0,3,3,10,5,13,7,5243,0,73,50,1023,77,1,-19,0,0,502
12,7,7,7,7,10,Kevin,White,0,81,0,0,20,90,0,10,5924,33,5924,90,31,0,0,81,1,4,4,78,0,0,84,2,7,1009,73,42,44,50,0,8,64,0,0,0,0,0,0,0,254,45,0,0,0,0,3,13,0,0,17,2,0,0,0,80,0,1,35,67,87,8,3161,69,0,1,100,20,70,64,63,0,0,0,0,2,27,88,8,8,32,7,19,27,1,3,3,8,3,11,7,0,0,75,56,1023,62,2,-19,0,0,436
4,7,7,7,7,25,DeVante,Parker,1234,87,0,0,12,90,1,4,5925,22,5925,88,30,0,0,88,1,4,4,89,0,0,85,2,14,12,83,36,39,54,0,7,78,0,0,0,0,0,0,0,105,37,52,0,0,1,3,41,0,0,1,2,2,0,0,55,0,1,28,80,95,8,3162,75,0,1,100,19,73,80,85,5,5,5,5,4,27,65,2,24,15,12,23,17,1,3,3,22,2,12,9,1234,0,75,58,1023,45,1,-19,0,0,47
12,4,4,4,4,10,Phillip,Dorsett II,0,82,0,0,15,91,1,3,5926,1009,5926,93,30,0,0,75,1,4,4,82,0,0,89,1,29,1009,82,20,32,55,0,8,77,0,0,0,0,0,0,0,115,36,27,0,0,0,3,17,0,0,13,2,0,0,0,80,0,1,34,72,88,8,3163,71,0,1,100,21,62,69,65,0,0,0,0,2,21,90,10,6,24,7,10,6,0,3,3,6,5,5,11,0,0,70,32,1023,81,0,-19,0,0,51
12,4,4,4,4,20,Breshad,Perriman,0,77,0,0,21,91,0,4,5928,33,5928,92,30,0,0,74,1,4,4,80,0,0,80,2,26,1009,75,29,33,33,0,8,70,0,0,0,7,7,7,7,225,36,15,0,0,0,3,3,0,0,16,2,0,0,0,92,0,1,36,70,86,8,3165,68,0,1,100,24,68,69,72,0,0,0,0,2,24,66,1,27,23,8,6,24,0,3,3,31,0,7,7,0,0,74,55,1023,60,2,-19,0,0,234
12,7,7,7,7,33,Nelson,Agholor,158,85,0,41,31,91,1,4,5932,25,5932,91,30,0,0,78,1,4,4,82,0,0,91,2,20,1009,89,21,24,53,0,8,82,0,0,0,9,9,9,9,231,36,59,0,0,1,3,38,0,0,15,2,1,41,0,85,0,1,41,79,87,8,3169,72,0,1,100,41,65,75,78,0,0,0,0,2,22,82,3,15,51,12,2,10,0,3,3,48,2,7,7,158,2,72,38,1023,80,0,-19,0,0,137
45,4,4,4,4,10,Tyler,Lockett,8395,89,0,1900,25,92,0,4,5935,28,5935,90,31,0,0,89,1,6,6,98,0,0,95,2,5,1015,96,25,30,51,0,8,81,0,0,0,0,0,0,0,96,35,95,0,0,3,3,12,0,0,16,2,5,1900,0,80,0,3,30,89,85,8,3172,73,0,1,100,28,50,87,90,0,0,0,0,3,15,81,24,12,49,7,13,10,0,3,3,39,3,3,1,8394,0,70,22,1023,91,8,-19,0,0,73
45,6,6,6,6,25,Ty,Montgomery II,0,83,0,0,21,92,0,4,5937,1009,5937,87,30,0,0,70,1,7,7,78,0,0,85,2,30,1009,80,45,55,53,0,8,75,0,0,0,0,0,0,0,200,45,0,0,0,0,3,6,0,0,14,2,0,30,0,75,0,3,42,74,90,8,3174,82,0,1,100,24,66,80,76,6,6,6,6,4,23,74,4,24,28,7,4,10,1,1,3,18,1,12,8,0,1,72,56,1023,82,1,-19,0,0,386
45,7,5,7,5,21,Chris,Conley,0,84,0,0,20,90,0,10,5938,1009,5938,90,31,0,0,74,1,4,4,80,0,0,81,2,12,1009,91,35,40,63,0,8,67,0,0,0,0,0,0,0,70,36,24,0,0,0,3,17,0,0,17,2,0,0,0,65,0,3,35,68,91,8,3175,73,0,1,100,20,69,65,63,2,0,2,0,0,24,91,5,4,23,11,0,26,0,3,3,38,3,5,10,0,1,75,45,1023,75,0,-19,0,0,321
11,4,4,4,4,26,Jamison,Crowder,101,86,0,2,30,91,3,5,5940,33,5940,88,30,0,0,80,1,7,7,82,0,0,92,2,6,1009,85,25,30,41,0,7,77,0,0,0,0,0,0,0,52,45,50,0,0,1,3,64,0,0,80,2,1,2,0,80,0,4,47,75,87,8,3177,74,0,1,100,26,58,73,76,6,6,6,6,0,19,89,10,6,20,13,10,6,0,3,3,6,0,0,4,101,0,69,17,1023,84,1,-19,0,0,79
45,5,5,5,5,23,Stefon,Diggs,13278,95,0,2580,30,94,1,3,5944,3,5944,92,30,0,0,92,1,4,4,98,0,0,92,2,10,31,94,27,39,53,0,8,84,0,0,0,0,0,0,0,111,35,81,0,0,5,3,53,0,0,14,2,6,2580,0,89,0,5,46,96,91,8,3179,74,0,1,100,30,62,91,96,0,0,0,0,0,21,77,24,11,22,11,11,26,1,3,3,32,3,11,11,13278,0,72,31,1023,85,3,-19,0,0,64
45,7,7,7,7,10,Darren,Waller,6104,91,0,0,14,89,2,4,5946,16,5946,88,31,0,0,85,1,4,4,87,0,0,84,2,28,23,86,32,60,59,0,7,73,8,0,0,0,0,0,0,71,45,0,0,0,4,3,40,0,0,12,1,5,0,0,0,0,6,35,86,88,8,3180,74,0,1,100,22,70,84,82,7,7,7,7,7,25,57,2,13,31,12,18,16,0,4,4,20,8,28,24,6104,0,78,95,1023,22,0,-19,0,0,221
45,4,4,4,4,10,Maxx,Williams,0,87,0,0,22,83,0,8,5958,33,5958,77,29,0,1,74,1,6,6,79,0,0,77,0,23,1009,79,42,60,75,0,8,68,0,3,0,0,0,0,0,120,45,0,0,0,0,3,79,0,0,87,2,0,0,0,85,0,2,43,70,83,8,3187,75,0,1,100,22,73,75,66,5,5,5,5,6,26,49,27,14,19,13,23,14,0,4,4,74,9,25,23,0,0,76,92,1023,40,1,-19,0,0,150
45,2,6,2,6,10,MyCole,Pruitt,0,76,0,0,30,85,1,5,5960,14,5960,84,31,0,0,68,1,4,4,79,0,0,76,2,7,1009,84,40,63,68,0,8,60,0,0,0,0,0,0,0,178,45,0,1,2,1,3,70,0,0,85,1,1,0,0,75,0,5,35,67,87,8,3189,72,0,1,100,30,69,71,64,0,0,0,0,7,24,64,9,37,23,11,8,8,0,4,4,52,4,20,25,99,0,74,85,1023,40,1,-19,0,0,236
45,0,3,0,3,57,Blake,Bell,94,83,0,0,18,73,0,7,5963,9,5963,76,32,0,1,78,2,4,4,76,0,0,79,0,18,1009,87,35,63,63,0,7,56,0,2,0,4,8,4,8,157,45,0,0,0,1,3,3,0,0,81,2,1,0,0,75,0,4,66,64,80,8,3191,79,0,1,100,17,73,73,78,2,0,2,0,6,26,44,0,0,58,11,0,0,0,2,4,8,5,45,25,94,0,78,92,1023,10,2,-19,0,0,120
45,5,5,5,5,10,Tyler,Kroft,0,84,0,0,21,80,0,4,5964,12,5964,77,31,0,0,66,1,4,4,78,0,0,74,0,21,1009,80,35,64,64,0,8,68,0,4,0,0,0,0,0,175,45,79,0,2,1,3,6,0,0,48,2,1,2,0,82,0,3,40,69,82,8,3192,76,0,1,100,22,71,73,70,2,0,2,0,5,26,42,53,26,21,13,30,24,0,4,4,60,3,24,20,106,0,78,92,1023,10,0,-19,0,0,327
45,7,7,7,7,10,Nick,Boyle,0,86,0,0,18,81,0,5,5965,33,5965,74,30,0,0,87,1,7,7,77,0,0,76,0,35,1009,78,35,57,66,0,7,40,0,0,0,0,0,0,0,49,45,87,0,0,0,3,1,0,0,86,2,0,0,0,55,0,5,19,66,75,8,3193,74,0,1,100,17,74,63,68,2,2,2,2,5,28,49,51,29,27,11,28,14,0,4,4,75,9,40,27,0,0,76,101,1023,10,8,-19,0,0,354
45,3,3,3,3,10,Jesse,James,0,87,0,0,20,76,0,4,5968,33,5968,80,29,0,1,71,1,0,0,78,0,0,69,0,24,1009,93,41,60,61,0,8,55,0,2,0,0,0,0,0,164,45,72,0,0,0,3,40,0,0,81,1,0,0,0,85,0,5,20,65,83,8,3195,78,0,1,100,22,77,68,68,3,3,3,3,3,29,46,25,34,11,8,20,21,0,4,4,66,7,32,24,0,0,79,91,1023,10,1,-19,0,0,260
45,7,7,7,7,33,James,O'Shaughnessy,0,83,0,0,14,85,0,4,5970,33,5970,81,31,0,0,72,1,0,0,81,0,0,76,0,37,1009,80,42,60,61,0,7,70,0,0,0,0,0,0,0,85,45,44,0,0,0,3,51,0,0,80,1,0,0,0,54,0,5,35,68,84,8,3473,72,0,1,100,15,68,73,69,5,5,5,5,4,24,45,0,0,27,7,0,0,0,4,4,8,5,39,25,0,0,76,85,1023,25,1,-19,0,0,230
45,7,5,7,5,35,C. J.,Uzomah,2260,89,0,501,15,87,0,7,5972,18,5972,83,30,0,0,89,1,4,4,86,0,0,76,2,21,1009,88,54,58,63,0,8,67,0,0,0,8,0,8,0,14,45,0,0,2,2,3,22,0,0,87,2,3,501,0,75,0,5,49,76,83,8,3196,77,0,1,100,22,73,79,75,2,3,2,3,3,26,63,54,10,36,9,26,22,0,4,4,78,2,34,20,2260,0,77,111,1023,10,1,-19,0,0,364
45,7,7,7,7,10,Geoff,Swaim,0,87,0,0,22,80,0,4,5975,7,5975,80,30,0,0,72,1,0,0,81,0,0,74,0,29,1009,85,35,59,63,0,7,47,0,2,0,0,0,0,0,214,45,69,0,0,1,3,60,0,0,84,2,1,45,0,77,0,7,35,67,85,8,3476,73,0,1,100,22,74,68,74,0,0,0,0,5,27,60,20,25,25,10,10,30,0,2,4,10,3,30,24,170,0,76,100,1023,35,3,-30,0,0,7
12,3,3,3,3,6,Cedric,Ogbuehi,106,80,0,12,25,62,0,4,5976,33,5976,70,31,0,0,73,1,0,0,25,0,0,64,2,21,1009,73,25,73,63,0,8,5,0,0,0,0,4,0,4,215,45,0,0,0,1,3,7,0,0,70,0,1,0,0,0,0,1,30,65,74,8,3198,25,0,1,100,25,83,64,79,2,4,1,4,6,31,29,20,2,33,8,16,32,0,9,5,47,10,37,24,94,0,77,148,1023,10,1,-19,0,0,388
12,7,4,7,4,6,D. J.,Humphries,7098,91,0,1700,6,62,0,4,5977,7,5977,66,30,0,0,87,1,4,4,35,1,0,60,2,24,1015,87,45,84,80,0,8,5,0,0,0,0,0,0,0,62,45,79,0,3,3,3,6,0,0,74,0,4,1700,0,50,0,1,10,79,76,8,3199,40,0,1,100,13,87,78,87,4,2,4,2,10,34,46,15,43,24,10,24,1,0,5,5,35,10,38,22,7098,0,77,147,1023,10,8,-19,0,0,228
45,5,5,5,5,6,Chaz,Green,0,78,0,0,21,68,0,4,5980,33,5980,64,31,0,0,85,1,0,0,37,0,0,56,1,27,1009,76,51,57,59,0,8,5,0,0,0,0,0,0,0,62,45,0,4,4,0,3,60,0,0,74,2,0,0,0,69,0,3,30,53,73,8,3201,50,0,1,100,21,80,51,71,0,0,0,0,13,29,24,20,25,32,7,16,30,0,9,5,10,23,31,25,0,0,77,158,1023,10,2,-30,0,0,417
45,6,3,6,3,6,Mark,Glowinski,1890,86,0,450,16,74,0,8,5987,16,5987,65,31,0,0,86,1,4,4,15,0,0,62,0,35,1009,92,35,71,79,0,8,5,0,4,0,3,0,3,0,254,5,38,0,0,2,3,53,0,0,64,2,3,450,0,0,0,4,12,74,76,8,3208,40,0,1,100,18,88,74,87,2,2,2,2,7,36,32,16,36,28,9,15,32,0,8,6,35,8,42,25,1890,0,76,150,1023,10,1,-19,0,0,175
45,6,3,6,3,6,Mitch,Morse,3075,90,0,900,25,61,0,8,5988,3,5988,66,31,0,0,85,1,4,4,40,0,0,64,0,17,1009,88,30,82,70,0,8,5,0,4,0,2,0,7,0,122,45,28,0,0,2,3,74,0,0,60,0,3,900,0,70,0,2,30,79,76,8,3209,40,0,1,100,25,92,75,88,2,0,2,0,4,36,48,15,11,34,8,23,21,0,7,6,20,7,32,23,3075,0,78,145,1023,10,4,-19,0,0,7
45,5,3,5,3,6,Jon,Feliciano,225,85,0,100,17,56,0,4,5992,15,5992,59,31,0,0,88,1,4,4,35,0,0,64,1,29,1009,85,41,76,75,0,8,6,0,0,0,0,0,0,0,115,45,0,0,0,1,3,25,0,0,55,0,1,100,0,85,0,4,23,72,67,8,3211,40,0,1,100,22,85,71,82,0,2,0,2,11,33,28,17,4,29,10,18,7,0,7,8,103,27,37,28,225,0,76,165,1023,14,0,-19,0,0,5
45,5,6,5,6,6,Bobby,Hart,0,78,0,0,21,50,0,4,5993,33,5993,49,29,0,0,80,1,4,4,39,0,1,50,2,9,1009,91,40,69,71,0,8,5,0,0,0,0,0,0,0,64,45,0,0,0,0,3,4,0,0,68,0,0,0,0,0,0,7,35,63,68,8,3494,45,0,1,100,25,84,62,77,2,2,2,2,7,32,32,20,15,29,13,21,37,0,9,6,74,6,23,27,0,0,77,150,1023,15,2,-19,0,0,501
12,3,3,3,3,6,Cameron,Erving,0,85,0,0,25,58,0,4,5995,33,5995,64,31,0,1,73,1,4,4,43,0,0,65,2,19,1009,78,56,73,71,0,8,6,0,0,0,0,0,0,0,64,45,0,0,0,1,3,3,0,0,75,0,1,15,0,81,0,1,30,68,75,8,3213,45,0,1,100,25,85,66,84,5,5,5,5,8,32,39,23,18,35,9,16,14,0,5,5,64,16,26,30,109,0,77,155,1023,10,2,-19,0,0,456
45,1,1,0,0,6,Hroniss,Grasu,95,82,0,15,21,75,0,4,5996,33,5996,68,32,0,0,85,2,7,7,25,0,0,60,0,7,1009,85,25,64,67,0,8,5,0,2,0,0,0,0,0,160,45,0,0,0,1,3,38,0,0,65,2,1,15,0,50,0,3,20,62,69,8,3214,39,0,1,100,23,78,61,82,2,2,2,2,50,29,28,26,23,37,7,35,20,0,7,7,51,43,34,25,95,0,75,143,1023,10,2,-19,0,0,166
45,5,5,5,5,6,Shaq,Mason,3905,87,0,0,25,72,0,5,5997,32,5997,71,30,0,0,81,1,6,6,40,0,0,64,2,32,6,90,44,81,86,0,8,5,0,0,0,9,9,9,9,71,45,75,0,0,1,3,31,0,0,69,0,6,0,0,81,0,4,30,84,78,8,3215,45,0,1,100,25,87,83,88,7,7,7,7,28,34,25,26,19,43,11,22,8,0,8,7,103,30,37,27,3905,0,73,150,1023,10,0,-19,0,0,500
45,7,2,7,1,6,Max,Garcia,0,85,0,0,20,65,0,2,5998,27,5998,62,32,0,0,86,2,4,4,25,0,0,45,2,34,1009,88,36,70,67,0,8,5,0,2,0,6,6,6,6,62,45,0,0,0,1,3,34,0,0,73,0,1,0,0,79,0,4,25,63,70,8,3216,35,0,1,100,20,85,62,79,4,2,4,2,6,32,29,18,27,34,13,25,19,0,8,7,57,7,33,26,94,0,76,149,1023,10,1,-19,0,0,508
45,0,0,0,0,10,Joe,Cardona,630,70,0,100,14,76,0,4,6000,22,6000,73,31,0,0,88,1,4,4,56,0,0,71,0,30,1015,94,42,57,45,0,8,15,0,0,0,9,9,9,9,139,45,0,0,0,4,3,10,0,0,49,0,4,100,0,20,0,5,35,26,80,8,3217,70,0,1,100,11,80,38,47,0,0,0,0,3,30,54,14,30,10,13,21,5,0,7,4,25,5,35,24,630,1,75,85,1023,10,8,-19,0,0,463
45,4,5,4,1,6,Austin,Reiter,0,84,0,0,14,74,0,7,6001,1009,6001,63,32,0,0,75,2,4,4,25,0,0,64,0,5,1009,91,38,73,73,0,8,5,0,2,0,0,0,0,0,232,45,0,0,0,0,3,38,0,0,61,2,0,0,0,65,0,7,15,68,82,8,3679,40,0,1,100,15,81,68,79,3,2,3,2,50,30,32,30,30,34,8,31,5,0,7,7,25,35,36,28,0,0,75,140,1023,10,1,-19,0,0,361
12,6,4,6,4,6,Laken,Tomlinson,3514,91,0,1278,20,70,0,4,6002,18,6002,62,31,0,0,84,1,4,4,20,0,0,58,2,28,1009,95,35,82,76,0,8,5,0,0,0,0,0,0,0,52,2,51,0,0,2,3,39,0,0,78,2,3,1278,0,64,0,1,20,79,77,8,3218,25,0,1,100,20,86,78,90,2,2,2,2,36,34,16,30,4,35,8,31,5,0,6,8,71,31,35,24,3514,0,75,163,1023,10,1,-19,0,0,27
45,7,2,7,2,6,A. J.,Cann,0,81,0,0,12,57,0,10,6003,33,6003,54,32,0,0,85,2,4,4,35,0,0,55,2,3,1009,88,35,73,77,0,8,5,0,0,0,0,3,0,3,176,2,45,0,0,0,3,43,0,0,60,0,0,0,0,75,0,3,11,74,78,8,3219,39,0,1,100,14,88,72,87,3,2,3,2,42,34,21,27,15,32,9,26,15,0,8,8,81,26,44,28,0,0,75,160,1023,10,1,-19,0,0,147
45,4,3,4,3,6,John,Miller,0,84,0,0,15,68,0,4,6007,33,6007,63,30,0,0,86,1,4,4,32,0,0,55,2,17,1009,84,42,72,68,0,8,8,0,0,0,0,0,0,0,105,45,30,0,0,0,3,42,0,0,67,1,0,0,0,85,0,3,15,65,70,8,3223,39,0,1,100,11,87,64,74,4,2,4,2,29,33,16,23,32,35,10,24,27,0,8,8,59,30,30,24,0,0,75,155,1023,10,1,-19,0,0,128
12,6,6,6,6,6,Brandon,Scherff,4185,88,0,1500,25,70,0,4,6009,17,6009,69,32,0,0,94,2,7,7,35,0,0,71,0,5,1009,86,32,82,84,0,8,9,0,4,0,0,0,0,0,89,2,30,0,0,2,3,36,0,0,68,0,3,1500,0,81,0,1,30,83,78,8,3225,40,0,1,100,25,90,84,89,2,2,2,2,14,36,29,17,29,23,11,19,19,0,8,9,101,18,36,23,4185,1,77,159,1023,10,1,-19,0,0,71
12,5,5,5,5,6,Andrus,Peat,2570,83,0,1040,22,65,0,7,6010,27,6010,64,30,0,0,85,1,6,6,30,0,0,60,2,13,1015,78,34,74,77,0,8,9,1,0,0,0,0,0,0,200,45,75,0,0,1,3,14,0,0,75,0,4,1040,0,50,0,1,25,73,76,8,3226,40,0,1,100,24,87,71,80,2,2,2,2,15,34,30,18,15,28,9,22,17,0,6,9,69,28,37,22,2570,0,79,156,1023,10,8,-19,0,0,182
45,5,5,5,5,6,La'el,Collins,2270,85,0,498,22,60,0,4,6011,33,6011,65,30,0,0,88,1,0,0,30,0,0,58,2,63,1009,85,34,74,87,0,8,8,0,0,0,0,0,0,0,106,45,81,0,0,2,3,60,1,0,71,0,3,498,0,66,0,15,25,81,68,8,3227,40,0,1,100,24,86,77,83,2,2,2,2,14,34,27,19,25,32,10,19,30,0,9,9,10,24,27,27,2270,0,76,154,1023,10,1,-30,0,0,309
45,3,6,3,6,6,Donovan,Smith,0,90,0,0,25,70,0,4,6013,9,6013,69,30,0,0,74,1,4,4,25,0,0,61,2,2,1009,93,43,75,74,0,8,5,0,0,0,0,0,0,0,164,45,4,0,1,1,3,0,0,0,79,0,1,0,0,85,0,2,30,73,78,8,3229,25,0,1,100,25,88,69,79,3,0,3,0,14,34,29,15,15,26,10,15,17,0,5,9,78,16,37,25,276,0,78,178,1023,10,0,-19,0,0,486
45,5,5,5,5,6,Daryl,Williams,0,92,0,0,15,57,0,4,6015,33,6015,58,31,0,0,85,1,4,4,25,0,0,49,2,3,1009,90,39,80,79,0,8,5,0,0,0,0,0,0,0,157,45,97,0,0,0,3,68,0,0,75,0,0,0,0,85,0,4,25,77,66,8,3231,40,0,1,100,28,87,74,82,2,2,2,2,9,34,25,19,28,28,12,25,9,0,9,9,54,19,35,26,0,0,78,170,1023,11,3,-19,0,0,471
45,6,6,6,6,6,Rob,Havenstein,4084,87,0,492,12,60,0,7,6019,24,6019,57,31,0,0,90,1,4,4,27,0,0,55,0,25,1015,92,35,81,88,0,8,5,0,2,0,0,0,0,0,258,45,41,0,0,3,3,75,0,0,79,2,4,492,0,87,0,2,11,82,71,8,3235,40,0,1,100,15,86,84,93,0,0,0,0,12,32,35,25,16,27,13,18,33,0,9,9,35,26,28,29,4084,0,80,170,1023,10,8,-19,0,0,171
45,5,5,5,5,6,Trent,Brown,1604,87,0,250,20,59,0,7,6020,22,6020,62,30,0,0,75,1,4,4,35,0,0,54,2,27,23,83,40,86,78,0,8,5,0,0,0,0,0,0,0,62,2,39,0,0,1,3,17,0,0,77,0,2,250,0,45,0,7,25,83,70,8,3236,32,0,1,100,20,91,79,92,4,2,4,2,32,36,7,29,37,39,12,33,15,0,5,9,72,30,39,26,1604,0,80,210,1023,10,2,-19,0,0,59
45,3,3,3,3,6,Arik,Armstead,7787,84,0,1750,30,71,0,7,6025,15,6025,73,30,0,0,89,1,4,4,38,0,0,70,2,17,1015,92,86,45,45,0,8,16,0,0,0,2,2,0,0,160,40,89,0,0,2,3,37,0,0,91,1,5,1750,0,90,0,1,35,82,82,8,3240,44,0,1,100,30,93,87,84,3,3,0,0,4,36,32,25,12,32,9,17,11,0,12,10,54,5,40,28,7787,0,79,130,1023,10,8,-19,0,0,416
45,7,7,7,7,6,Preston,Smith,7006,83,0,1220,30,86,0,4,6026,20,6026,80,31,0,0,93,1,4,4,59,0,0,79,2,6,1009,97,77,45,45,0,8,10,0,0,0,0,0,0,0,121,45,65,0,0,4,3,18,0,0,91,2,5,1220,0,85,0,2,20,76,82,8,3241,57,0,1,100,37,82,82,83,5,5,5,5,7,30,47,39,11,36,13,37,19,1,13,13,108,5,41,24,7006,1,77,105,1023,10,4,-19,0,0,389
45,4,1,4,1,6,Mario,Edwards Jr,0,75,0,0,25,70,0,4,6027,28,6027,74,29,0,0,75,1,4,4,47,0,0,67,2,3,1009,86,82,45,45,0,8,10,0,0,0,0,0,0,0,64,40,0,0,0,1,3,47,0,0,97,0,1,0,0,88,0,2,33,71,79,8,3242,45,0,1,100,21,88,72,71,2,3,2,3,5,34,42,21,28,28,13,24,14,0,11,10,15,6,29,27,94,0,75,120,1023,10,0,-19,0,0,343
40,7,7,7,7,6,Trey,Flowers,0,75,0,0,30,83,0,4,6028,33,6028,75,30,0,0,88,1,7,7,32,0,0,74,2,2,1009,82,85,45,45,0,8,15,0,0,0,0,0,0,0,10,3,29,0,0,0,3,53,0,0,98,2,0,0,0,55,0,4,35,75,87,8,3243,42,0,1,100,30,87,79,74,6,6,6,6,5,34,52,25,33,37,12,41,1,0,15,10,67,5,27,25,0,0,74,105,1023,10,1,-19,0,0,374
45,4,4,4,4,6,Henry,Anderson,109,73,0,15,25,72,0,7,6029,33,6029,71,32,0,0,85,2,4,4,43,0,0,70,0,29,1009,79,85,45,45,0,8,10,0,4,0,0,0,0,0,200,40,39,0,0,1,3,34,0,0,94,1,1,15,0,60,0,3,19,74,74,8,3244,45,0,1,100,17,86,75,74,5,5,5,5,5,33,31,21,47,24,11,15,15,0,10,10,22,8,24,23,109,0,78,141,1023,10,1,-19,0,0,120
2,4,1,4,1,6,Za'Darius,Smith,4049,84,0,498,21,78,0,10,6030,5,6030,80,31,0,0,87,1,4,4,46,0,0,72,2,23,31,88,88,45,45,0,8,10,0,0,0,6,8,6,8,98,3,68,0,3,2,3,4,0,0,99,2,2,374,0,75,0,4,19,85,78,8,3245,45,0,1,100,15,85,90,92,0,4,0,4,7,32,57,39,23,20,9,31,19,0,13,15,26,6,39,22,611,0,76,112,1023,10,0,-19,0,0,431
45,4,7,4,7,6,Frank,Clark,0,81,0,0,19,89,0,4,6034,4,6034,82,30,0,1,72,1,4,4,44,0,0,79,2,31,1009,88,76,45,45,0,8,16,10,0,0,6,0,5,0,117,27,46,0,0,1,3,35,0,0,55,0,1,106,0,85,0,2,27,76,86,8,3247,56,0,1,100,22,88,85,82,2,2,5,2,5,34,55,20,63,36,8,19,20,0,11,10,63,9,23,26,227,0,75,112,1023,10,4,-19,0,0,78
12,4,4,4,4,12,Shane,Ray,0,83,0,0,17,86,0,5,6038,33,6038,83,30,0,1,74,1,4,4,53,0,0,80,2,23,1009,88,76,45,45,0,8,20,8,0,0,0,0,2,2,122,45,8,0,0,1,3,48,0,0,91,2,1,0,0,85,0,1,24,76,83,8,3249,60,0,1,100,15,75,76,75,5,5,3,3,7,28,66,29,17,23,12,0,28,1,13,11,65,6,29,25,94,0,75,85,1023,10,0,-19,0,0,463
5,5,5,5,5,6,Randy,Gregory,7000,75,0,1000,19,85,0,4,6039,4,6039,82,31,0,1,64,1,0,0,43,0,0,85,1,28,1009,83,84,45,45,0,8,41,0,0,0,6,6,0,0,142,39,0,0,0,4,3,60,0,0,5,2,5,1000,0,72,0,2,24,83,87,8,3250,55,0,1,100,26,79,87,87,4,4,5,5,5,30,51,12,25,17,11,2,30,0,13,11,10,4,37,23,7000,0,77,82,1023,10,1,-30,0,0,19
12,4,4,4,4,6,Bud,Dupree,282,80,0,125,20,86,0,10,6040,14,6040,84,30,0,0,84,1,4,4,62,0,0,76,2,22,1009,81,80,45,45,0,8,15,0,0,0,0,0,0,0,98,42,68,0,0,1,3,54,0,0,48,2,1,125,0,75,0,1,33,73,93,8,3251,50,0,1,100,25,76,77,71,3,3,3,3,6,28,41,4,24,26,7,9,21,0,15,13,51,9,34,25,282,0,76,109,1023,10,0,-19,0,0,371
3,4,7,4,7,6,Danielle,Hunter,6638,86,0,1800,11,90,0,4,6041,31,6041,87,29,0,1,81,1,0,0,36,0,0,84,2,24,1015,86,83,45,45,0,8,24,0,0,0,0,0,0,0,106,39,68,0,3,1,3,33,0,0,99,2,6,1800,0,85,0,3,15,87,88,8,3252,46,0,1,100,15,82,93,93,3,3,3,3,3,31,41,62,45,59,8,10,3,0,15,11,89,6,31,23,6638,0,77,103,1023,10,8,-19,0,0,339
45,7,4,7,4,6,Leonard,Williams,6896,84,0,2250,17,74,0,2,6045,16,6045,72,29,0,0,85,1,4,4,37,0,0,71,2,6,18,93,88,45,45,0,8,15,0,0,0,0,0,0,0,231,40,57,0,0,1,3,24,0,0,99,0,3,2250,0,88,0,1,35,82,73,8,3254,55,0,1,100,18,90,85,88,3,2,3,2,8,35,48,22,23,31,11,23,35,0,11,12,80,10,25,29,6896,0,77,142,1023,10,4,-19,0,0,430
12,4,4,4,4,6,Danny,Shelton,0,73,0,0,25,55,0,9,6046,1009,6046,49,30,0,1,85,1,7,7,25,0,0,54,1,12,1009,88,82,45,56,0,8,10,0,4,0,0,0,0,0,252,40,93,0,0,0,3,39,0,0,71,1,0,0,0,85,0,1,27,67,75,8,3255,40,0,1,100,35,91,69,66,5,5,5,5,46,36,10,38,25,51,13,31,30,0,12,12,70,48,48,20,0,1,74,185,1023,10,1,-19,0,0,388
12,4,4,4,4,6,Malcom,Brown,0,81,0,0,11,72,0,10,6047,33,6047,69,29,0,0,84,1,4,4,39,0,0,60,2,32,27,92,82,45,45,0,8,10,0,0,0,9,9,9,9,214,40,63,0,0,0,3,10,0,0,90,1,0,0,0,75,0,1,10,69,73,8,3256,40,0,1,100,11,85,73,76,5,5,5,5,20,32,26,34,39,36,9,30,3,1,10,12,17,34,31,26,0,0,74,160,1023,10,2,-19,0,0,343
45,4,4,4,4,6,Eddie,Goldman,109,79,0,15,18,58,0,4,6048,33,6048,62,29,0,0,84,1,0,0,25,0,0,61,2,7,1009,85,82,45,45,0,8,10,0,0,0,0,0,0,0,64,45,44,0,0,1,3,30,0,0,91,1,1,15,0,88,0,2,21,75,63,8,4617,40,0,1,100,24,93,80,81,7,7,7,7,22,37,31,33,23,35,7,27,29,0,12,12,106,44,30,22,109,0,75,165,1023,10,0,-19,0,0,481
45,4,4,4,4,6,Jordan,Phillips,279,73,0,50,11,68,0,2,6049,3,6049,68,31,0,0,73,1,4,4,38,0,0,61,2,20,1009,80,80,45,45,0,8,21,0,0,0,0,0,0,0,157,40,0,0,0,1,3,16,0,0,97,0,1,50,0,95,0,2,14,74,74,8,3258,47,0,1,100,17,88,80,84,0,0,0,0,44,34,23,29,20,33,7,29,22,0,12,12,101,29,45,24,279,0,78,170,1023,10,1,-19,0,0,488
45,7,6,7,6,6,Carl,Davis Jr.,108,72,0,10,15,72,0,4,6051,33,6051,67,31,0,1,75,1,4,4,34,0,0,55,2,26,1009,85,79,45,45,0,8,10,0,0,0,5,6,8,6,89,40,0,0,0,1,3,79,0,0,98,1,1,10,0,80,0,3,25,67,79,8,3260,45,0,1,100,19,88,74,70,6,2,2,2,12,34,33,25,40,26,7,24,38,0,12,12,103,23,30,25,108,0,77,160,1023,10,1,-19,0,0,477
45,6,6,6,6,6,Rakeem,Nunez-Roches,1199,78,0,429,25,74,0,10,6053,16,6053,69,30,0,0,76,1,4,4,30,0,0,59,2,41,1009,90,83,45,45,0,8,10,0,0,0,0,0,0,0,194,45,0,1,0,3,3,32,0,0,93,1,3,429,0,75,0,6,16,69,82,8,3262,40,0,1,100,15,81,73,72,0,0,0,0,47,30,31,25,19,35,10,26,22,0,12,12,19,35,35,22,1199,0,74,147,1023,10,0,-19,0,0,468
40,4,2,4,2,6,Grady,Jarrett,7428,82,0,1648,25,77,0,4,6054,14,6054,71,30,0,0,82,1,4,4,30,0,0,69,2,1,1015,84,86,45,45,0,8,10,0,0,0,0,0,0,0,38,2,35,0,2,3,3,31,0,0,97,0,4,1648,0,48,0,5,26,86,76,8,3485,40,0,1,100,25,92,89,96,2,2,2,2,21,36,25,31,46,43,10,32,23,0,11,12,101,20,31,24,7428,1,72,145,1023,10,8,-19,0,0,363
45,7,7,7,7,6,Darius,Philon,0,74,0,0,20,82,0,10,6055,33,6055,72,29,0,0,77,1,4,4,38,0,0,66,2,16,1009,84,79,45,45,0,8,17,0,0,0,8,0,8,0,10,45,0,0,2,0,3,29,0,0,96,2,0,0,0,85,0,6,35,69,76,8,3470,45,0,1,100,20,80,74,73,1,0,1,0,8,30,31,19,8,28,11,21,8,0,12,12,86,29,22,27,0,0,73,126,1023,10,2,-19,0,0,470
45,7,7,7,7,6,Christian,Covington,0,80,0,0,14,78,0,4,6058,1009,6058,73,30,0,1,80,1,0,0,43,0,0,66,2,40,1009,88,82,45,45,0,8,10,0,0,0,5,5,5,5,171,45,7,0,0,0,3,0,0,0,96,1,0,15,0,70,0,6,10,69,74,8,3264,39,0,1,100,15,79,75,74,4,4,4,4,5,29,31,15,25,34,13,18,30,0,10,12,10,18,42,25,0,0,74,145,1023,10,1,-19,0,0,377
45,6,6,6,6,6,Tyeler,Davison,0,65,0,0,14,71,0,10,6060,33,6060,65,31,0,0,77,1,6,6,30,0,0,64,2,18,1009,88,79,45,45,0,8,10,0,0,0,9,9,9,9,66,40,47,0,0,0,3,55,0,0,90,0,0,0,0,85,0,5,10,69,80,8,3266,35,0,1,100,15,90,75,68,1,1,0,0,29,35,25,21,27,35,10,31,21,0,12,12,72,27,41,24,0,0,74,149,1023,10,1,-19,0,0,404
45,7,3,7,3,6,Angelo,Blackson,0,82,0,0,15,74,0,4,6063,17,6063,71,31,0,0,76,1,4,4,29,0,0,63,2,1,1009,93,73,45,45,0,8,10,0,0,0,0,6,0,6,14,45,59,0,4,1,3,25,0,0,90,1,1,0,0,85,0,4,21,67,76,8,3269,39,0,1,100,21,79,73,81,3,0,3,0,16,30,27,15,11,32,13,20,27,0,12,12,88,19,28,22,94,0,76,155,1023,10,0,-19,0,0,503
45,7,3,7,3,6,Christian,Ringo,0,75,0,0,20,71,0,4,6066,33,6066,71,31,0,0,66,1,4,4,29,0,0,65,2,34,1009,85,76,45,45,0,8,10,0,0,0,0,4,0,4,228,45,0,0,0,0,3,41,0,0,57,0,0,0,0,48,0,6,25,68,72,8,3271,40,0,1,100,20,82,73,77,3,2,0,2,38,30,21,20,10,44,10,35,14,0,12,12,8,38,38,27,0,0,73,140,1023,10,3,-19,0,0,225
12,4,4,4,4,6,Dante,Fowler Jr,300,81,0,100,22,86,0,4,6067,11,6067,84,29,0,0,77,1,4,4,51,0,0,81,2,3,1009,83,79,45,45,0,8,35,0,0,0,0,0,0,0,62,39,70,0,0,1,3,36,0,0,56,2,1,100,0,85,0,1,25,75,79,8,3272,55,0,1,100,21,73,79,78,6,6,6,6,6,26,49,15,33,39,10,20,14,1,13,13,68,5,30,23,300,0,75,101,1023,10,1,-19,0,0,78
45,6,6,6,6,6,Markus,Golden,0,84,0,0,30,79,0,10,6072,29,6072,79,32,0,0,86,2,4,4,55,0,0,75,2,26,1009,90,81,45,45,0,8,16,0,0,0,0,0,0,0,122,2,70,0,0,1,3,45,0,0,54,2,1,15,0,45,0,2,35,73,78,8,3277,55,0,1,100,30,78,79,80,2,2,2,2,5,29,66,11,54,36,10,5,22,0,13,13,55,7,19,20,109,1,75,100,1023,10,3,-19,0,0,45
45,3,3,3,3,6,Mark,Nzeocha,0,80,0,0,20,86,0,4,6078,33,6078,83,33,0,0,74,2,0,0,62,0,0,81,1,19,1009,75,80,45,45,0,8,20,0,0,0,4,4,4,4,260,45,12,0,0,0,3,60,0,0,53,2,0,0,0,83,0,7,25,65,81,8,3589,58,0,1,100,20,76,74,66,5,5,5,5,3,28,63,14,25,19,7,4,30,0,13,14,10,2,25,14,0,0,75,75,1023,10,5,-30,0,0,110
41,4,4,4,4,6,Eric,Kendricks,1325,91,0,550,14,89,0,9,6079,8,6079,85,31,0,0,85,1,3,3,73,0,0,81,2,13,1009,87,87,45,45,0,8,27,0,2,0,0,0,0,0,226,45,79,0,0,2,3,2,0,0,6,2,2,550,0,74,0,2,24,85,88,8,3282,60,0,1,100,19,76,87,92,6,6,6,6,0,28,76,15,58,36,11,25,48,1,14,14,68,9,24,10,1325,1,72,72,1023,10,0,-19,0,0,190
45,3,1,3,1,6,Denzel,Perryman,233,90,0,50,20,84,0,5,6080,32,6080,81,31,0,0,88,1,4,4,60,0,1,77,2,16,1009,85,87,45,45,0,8,10,0,0,0,9,0,9,0,115,45,40,0,3,1,3,32,0,0,6,1,1,50,0,85,0,2,25,81,81,8,3283,65,0,1,100,20,84,83,86,0,0,0,0,2,32,67,28,27,35,10,12,14,0,14,14,69,3,31,12,233,0,71,80,1023,10,0,-19,0,0,298
45,7,7,7,7,6,Benardrick,McKinney,0,81,0,0,20,83,0,4,6081,33,6081,82,31,0,1,91,1,4,4,55,0,0,76,2,11,1009,88,84,45,45,0,8,10,0,0,0,0,0,0,0,121,45,85,0,0,0,3,6,0,0,49,1,0,0,0,75,0,2,25,74,88,8,3284,54,0,1,100,20,77,71,70,3,3,3,3,4,28,61,31,29,29,11,21,31,0,14,14,26,5,34,24,0,0,76,97,1023,10,2,-19,0,0,311
45,3,3,3,3,6,Damien,Wilson,0,89,0,0,20,82,0,4,6090,33,6090,80,30,0,0,85,1,0,0,62,0,0,75,2,28,1009,93,84,45,45,0,8,16,0,0,0,2,2,0,0,120,45,69,0,0,0,3,60,0,0,57,1,0,0,0,92,0,4,30,75,86,8,3291,55,0,1,100,20,74,77,82,3,3,5,5,3,27,54,18,25,23,10,8,30,1,14,13,10,0,21,22,0,0,72,100,1023,10,1,-30,0,0,266
45,1,1,1,1,6,David,Mayo,109,83,0,15,29,82,0,9,6091,26,6091,79,30,0,0,82,1,3,3,62,0,0,75,0,33,1009,88,82,45,45,0,8,17,0,1,0,0,0,0,0,204,45,8,0,0,1,3,37,0,0,51,1,1,15,0,40,0,5,25,68,83,8,3292,55,0,1,100,22,75,69,70,3,3,3,3,5,28,61,3,25,40,10,25,27,0,14,14,25,6,35,14,109,0,74,80,1023,10,2,-19,0,0,429
41,4,4,4,4,6,Shaq,Thompson,2072,94,0,212,20,86,0,10,6092,21,6092,85,29,0,0,84,1,7,7,77,0,0,84,2,25,1015,90,87,45,45,0,8,58,0,0,0,0,0,2,2,252,5,59,0,0,2,3,33,0,0,7,1,2,212,0,90,0,1,25,84,83,8,3293,72,0,1,100,20,75,87,92,5,5,3,3,2,28,72,46,35,13,8,32,24,0,14,15,26,7,15,11,2072,0,72,70,1023,10,8,-19,0,0,75
45,3,3,3,3,6,Kwon,Alexander,0,88,0,0,20,89,0,3,6093,29,6093,86,29,0,0,84,1,4,4,68,0,0,82,2,25,1009,75,77,45,45,0,8,20,0,0,0,0,0,0,0,106,42,73,2,2,1,3,0,0,0,26,0,1,15,0,75,0,4,27,74,85,8,3294,50,0,1,100,20,79,79,73,0,0,0,0,0,30,73,28,57,42,7,39,29,1,15,15,53,2,26,12,109,0,73,67,1023,15,2,-19,0,0,262
45,7,7,7,7,6,Jordan,Hicks,850,93,0,300,22,87,0,4,6094,31,6094,83,31,0,0,78,1,4,4,71,0,0,84,2,20,1009,87,87,45,45,0,8,22,0,0,0,1,1,0,0,214,41,18,0,0,1,3,4,0,0,58,0,2,300,0,74,0,3,24,77,88,8,3295,63,0,1,100,14,78,80,80,2,2,6,6,3,30,51,29,13,46,8,17,21,1,14,15,84,2,24,11,850,1,73,76,1023,10,1,-19,0,0,221
2,6,6,6,6,6,Byron,Jones,0,93,0,0,21,94,0,5,6107,33,6107,92,31,0,0,87,1,0,0,63,0,0,95,2,27,1009,92,73,35,35,0,7,50,0,0,0,0,0,0,0,227,30,70,0,0,0,3,60,0,0,24,0,0,0,0,82,0,1,44,87,98,8,3303,59,0,1,100,24,71,85,83,6,6,6,6,3,26,90,10,20,15,11,0,25,1,16,16,10,2,7,10,0,0,72,45,1023,65,3,-30,0,0,138
45,4,4,4,4,6,Ronald,Darby,0,91,0,0,18,91,1,10,6108,25,6108,91,29,0,0,59,1,0,0,77,0,0,87,2,18,1009,82,59,35,35,0,7,57,6,0,0,0,0,0,0,64,30,45,2,2,1,3,42,0,0,28,2,1,50,0,85,0,2,26,78,89,8,3304,60,0,1,100,19,70,84,81,0,0,0,0,5,25,82,20,20,16,11,2,0,0,16,16,39,2,6,8,170,0,71,33,1023,50,2,-19,0,0,131
5,7,7,7,7,6,Marcus,Peters,0,88,0,0,27,89,0,4,6109,23,6109,90,30,0,0,82,1,4,4,82,0,0,89,2,18,1009,87,57,35,35,0,7,66,0,0,0,0,0,0,0,252,38,51,0,0,1,3,35,0,0,24,2,1,16,0,95,0,1,29,85,89,8,3305,68,0,1,100,15,71,88,90,5,5,5,5,0,26,85,2,0,26,11,2,16,0,16,16,30,1,4,10,210,0,72,37,1023,45,4,-19,0,0,412
45,7,7,7,7,6,Eric,Rowe,0,89,0,0,21,89,1,4,6111,1009,6111,87,31,0,0,80,1,4,4,68,0,0,89,2,15,1009,88,69,35,35,0,8,45,0,0,0,2,2,0,0,233,45,42,0,0,0,3,33,0,0,20,2,0,15,0,75,0,2,29,77,90,8,3307,64,0,1,100,24,74,81,82,3,3,0,0,4,27,91,29,13,34,7,26,14,1,16,16,22,3,10,11,0,0,73,50,1023,55,0,-19,0,0,78
45,3,3,3,3,6,P. J.,Williams,0,89,0,0,20,93,0,4,6115,33,6115,88,30,0,0,86,1,4,4,65,0,0,81,2,14,1015,89,65,35,35,0,7,52,0,0,0,0,0,0,0,64,45,0,0,0,0,3,32,0,0,26,2,0,0,0,90,0,3,39,74,90,8,3310,61,0,1,100,20,66,79,75,0,0,0,0,1,23,87,25,16,31,13,14,4,0,17,16,21,2,6,10,0,0,72,36,1023,60,8,-19,0,0,471
45,4,4,4,4,6,Steven,Nelson,895,92,0,200,14,88,0,4,6116,32,6116,87,30,0,0,87,1,4,4,70,0,0,89,2,34,1009,94,59,35,35,0,8,55,0,0,0,0,0,0,0,161,45,25,0,0,1,3,42,0,0,21,2,2,200,0,84,0,3,26,78,85,8,3311,59,0,1,100,15,74,81,84,0,0,0,0,2,27,93,34,14,13,12,10,5,0,16,16,6,2,12,6,895,0,71,34,1023,65,1,-19,0,0,97
45,2,4,2,4,6,Josh,Shaw,0,89,0,0,25,90,0,10,6118,33,6118,89,31,0,0,75,1,4,4,62,0,0,85,2,21,1009,78,68,35,35,0,7,55,0,0,0,0,0,0,0,231,45,0,0,0,0,3,23,0,0,27,2,0,0,0,95,0,4,35,78,88,8,3313,65,0,1,100,25,74,78,71,2,0,2,0,3,27,65,30,18,9,8,0,14,1,18,16,32,0,5,5,0,0,72,41,1023,60,3,-19,0,0,65
45,4,4,4,4,6,Bobby,McCain,109,91,0,15,11,87,0,3,6121,16,6121,87,30,0,0,87,1,4,4,73,0,0,88,2,9,1009,89,60,35,35,0,8,65,0,0,0,2,2,0,0,114,45,8,0,0,1,3,39,0,0,21,2,1,15,0,70,0,5,27,77,86,8,3314,65,0,1,100,15,69,83,82,0,0,0,0,5,24,76,20,48,29,11,13,11,1,17,16,39,0,9,4,109,0,69,36,1023,73,0,-19,0,0,346
45,7,7,7,7,6,Darryl,Roberts,0,87,0,0,12,92,3,10,6122,33,6122,90,33,0,0,68,2,4,4,60,0,0,92,2,30,1009,84,60,35,35,0,8,60,0,0,0,0,0,2,2,110,30,33,0,0,0,3,2,0,0,34,2,0,0,0,86,0,7,10,73,89,8,3653,52,0,1,100,15,70,76,70,0,0,3,3,1,25,75,25,16,26,9,0,13,0,16,16,60,5,4,5,0,1,72,30,1023,63,2,-19,0,0,376
2,4,4,4,4,29,Quandre,Diggs,3900,97,0,1230,25,87,0,4,6126,28,6126,88,30,0,1,85,1,4,4,81,0,0,82,2,24,19,92,73,35,35,0,8,56,0,0,0,2,2,0,0,214,45,27,0,0,2,3,2,0,0,6,0,3,1230,0,75,0,6,48,87,85,8,3316,66,0,1,100,25,70,92,91,3,3,0,0,1,25,71,29,16,2,9,26,9,0,17,16,64,4,12,11,3900,0,69,37,1023,75,4,-19,0,0,456
12,7,7,7,7,6,Damarious,Randall,0,90,0,0,19,90,1,4,6134,33,6134,88,31,0,0,74,1,4,4,72,0,0,89,2,30,1009,91,67,35,35,0,7,69,0,0,0,0,0,0,0,9,32,57,2,2,0,3,36,0,0,23,0,0,0,0,85,0,1,21,73,88,8,3321,64,0,1,100,17,69,80,71,0,0,0,0,1,24,93,3,12,42,13,4,26,1,17,16,36,0,11,7,0,0,71,36,1023,65,2,-19,0,0,285
6,5,5,5,5,10,Adrian,Amos,0,93,0,0,25,91,3,4,6135,18,6135,91,30,0,0,77,1,7,7,71,0,0,82,2,6,1009,94,72,35,35,0,8,39,0,0,0,9,9,9,9,164,32,57,0,0,1,3,31,0,0,0,0,1,50,0,75,0,5,30,85,85,8,3322,65,0,1,100,25,72,90,88,6,6,6,6,1,26,74,30,12,20,8,5,22,0,18,17,30,4,8,8,265,1,72,54,1023,35,4,-19,0,0,222
2,7,7,7,7,6,Landon,Collins,0,88,0,0,17,90,0,5,6141,33,6141,88,29,0,0,90,1,4,4,73,0,0,81,2,1,1009,85,73,35,35,0,8,59,0,0,0,0,0,0,0,3,45,18,2,2,0,3,4,0,0,21,2,0,0,0,88,0,2,30,74,85,8,3323,66,0,1,100,18,75,83,77,0,0,0,0,4,28,85,5,28,37,9,3,27,0,18,18,39,2,12,7,0,1,72,58,1023,35,1,-19,0,0,431
45,7,7,7,7,6,Jaquiski,Tartt,0,90,0,0,22,92,0,4,6142,33,6142,91,31,0,0,86,1,4,4,64,0,0,82,2,14,1015,86,69,35,35,0,8,30,0,0,0,0,0,2,2,184,32,47,0,0,0,3,38,0,0,3,2,0,0,0,65,0,2,21,72,82,8,3324,62,0,1,100,19,65,73,65,0,0,3,3,4,22,67,15,45,16,7,7,20,1,18,18,47,1,9,11,0,0,73,55,1023,35,8,-19,0,0,454
45,7,7,7,7,10,Clayton,Geathers,0,85,0,0,19,89,0,10,6144,33,6144,85,31,0,1,86,1,4,4,56,0,0,77,2,10,1009,89,78,35,35,0,7,26,0,0,0,4,4,4,4,225,31,26,0,0,0,3,45,0,0,26,1,0,0,0,75,0,4,30,72,86,8,3326,64,0,1,100,25,74,80,71,6,6,6,6,3,27,77,39,25,31,8,7,21,0,18,18,39,3,9,9,0,0,74,58,1023,40,1,-19,0,0,424
45,0,0,0,0,42,Bradley,Pinion,865,85,0,150,79,67,0,7,6149,14,6149,64,29,0,0,55,1,4,4,39,0,0,59,0,29,1009,92,29,25,29,0,7,9,0,2,0,0,0,0,0,38,45,67,3,2,3,3,53,0,0,13,0,3,150,0,70,0,5,52,76,70,8,3329,40,0,1,100,93,53,78,64,0,0,0,0,4,18,69,42,28,39,9,15,19,0,20,20,44,3,16,12,865,1,77,69,1023,10,1,-19,0,0,415
45,5,5,5,5,6,Bryce,Callahan,0,90,0,0,21,93,0,3,6154,33,6154,92,32,0,0,81,2,4,4,72,0,0,86,2,63,1009,83,52,35,35,0,8,62,0,0,0,1,1,0,0,171,30,40,0,0,0,3,72,0,0,23,2,0,0,0,85,0,15,36,79,92,8,3502,61,0,1,100,24,60,82,79,2,2,0,0,3,24,95,1,28,25,13,16,5,0,16,16,34,4,5,9,0,0,69,28,1023,65,1,-19,0,0,453
45,5,5,5,5,6,Curtis,Riley,0,89,0,0,15,90,0,2,6159,33,6159,86,31,0,0,78,1,4,4,67,0,0,86,2,63,1009,90,62,35,35,0,7,45,0,0,0,0,0,0,0,66,45,15,0,0,0,3,72,0,0,39,0,0,0,0,59,0,15,27,68,88,8,3729,52,0,1,100,21,70,72,68,4,4,4,4,4,25,91,1,28,25,9,16,5,1,18,16,34,4,0,4,0,0,72,29,1023,60,3,-19,0,0,204
2,5,5,5,5,6,Deshazor,Everett,0,87,0,0,17,87,0,4,6162,33,6162,85,31,0,0,75,1,4,4,62,0,0,84,2,63,1009,87,63,35,35,0,8,49,0,0,0,2,2,0,0,215,45,28,0,0,0,3,72,0,0,22,0,0,0,0,70,0,15,29,65,88,8,3686,57,0,1,100,14,67,75,74,3,3,5,5,5,24,71,1,28,25,13,16,5,1,17,16,34,2,11,12,0,0,72,43,1023,50,1,-19,0,0,204
45,1,1,1,1,6,Justin,Coleman,0,90,0,0,18,91,0,5,6176,33,6176,89,30,0,0,82,1,7,7,63,0,0,92,2,63,1009,90,52,35,35,0,7,53,0,0,0,2,2,0,0,211,45,30,0,0,0,3,72,0,0,28,2,0,0,0,60,0,15,32,74,88,8,3412,58,0,1,100,19,75,78,76,3,3,0,0,1,28,74,1,26,25,11,16,5,1,16,16,34,3,10,8,0,0,71,30,1023,73,1,-19,0,0,204
45,5,5,5,5,6,Troy,Hill,0,91,0,0,11,92,1,5,6188,21,6188,87,32,0,0,77,2,4,4,71,0,0,90,2,63,1009,88,50,21,21,0,7,49,0,0,0,0,0,0,0,160,5,0,0,0,1,3,72,0,0,33,0,1,5,0,85,0,15,25,75,86,8,3526,67,0,1,100,15,65,82,84,5,5,5,5,2,22,81,1,28,25,13,16,5,0,16,16,34,4,9,4,104,0,71,20,1023,61,1,-19,0,0,507
45,5,5,5,5,6,David,Irving,0,82,0,0,15,85,0,4,6221,33,6221,78,30,0,0,79,1,1,1,46,0,0,85,2,63,1009,88,78,48,50,0,8,40,0,0,0,0,0,0,0,90,39,30,0,0,0,3,60,0,0,95,0,0,0,0,72,0,15,28,82,88,8,1174,50,0,1,100,15,88,84,82,0,0,0,0,10,34,34,24,25,31,7,21,30,2,11,12,10,8,44,23,0,0,79,130,1023,10,1,-30,0,0,253
45,2,1,2,1,6,DeShawn,Williams,175,75,0,67,17,74,0,7,6224,21,6224,67,31,0,0,86,1,0,0,43,0,0,61,2,63,1009,88,83,44,44,0,8,18,0,0,0,0,0,0,0,38,40,0,3,0,1,3,44,0,0,96,1,1,67,0,57,0,15,23,68,74,8,3524,33,0,1,100,17,85,73,76,0,0,0,0,4,32,34,23,37,35,8,20,7,0,10,12,89,22,36,29,175,0,73,131,1023,9,0,-19,0,0,204
45,4,7,4,7,6,Dean,Marlowe,0,90,0,0,12,84,0,7,6248,1009,6248,83,31,0,0,76,1,4,4,62,0,0,82,2,63,14,92,72,35,35,0,8,30,0,0,0,0,0,0,0,91,45,0,0,2,0,3,50,0,0,20,2,0,0,0,25,0,15,30,70,82,8,3417,64,0,1,100,17,70,76,72,3,3,3,3,0,25,77,8,41,59,9,25,14,0,18,17,14,5,5,5,0,0,73,45,1023,35,1,-19,0,0,204
45,7,0,7,0,6,Neville,Hewitt,195,84,0,35,20,81,0,7,6284,32,6284,81,30,0,0,85,1,4,4,63,0,0,76,2,63,1009,89,88,45,45,0,8,20,0,0,0,0,0,0,0,110,28,0,2,0,1,3,26,0,0,57,0,1,0,0,60,0,15,22,68,86,8,3480,49,0,1,100,16,67,76,71,0,0,0,0,4,24,53,11,22,32,13,3,21,0,15,14,67,3,34,12,94,0,74,74,1023,10,2,-19,0,0,187
45,4,2,4,1,10,Rick,Lovato,289,77,0,0,14,71,0,7,6294,13,6294,64,31,0,0,79,1,4,4,66,0,0,61,0,63,1009,92,51,59,50,0,8,15,0,2,0,0,0,0,0,380,45,0,0,1,1,3,64,0,0,45,0,3,0,0,80,0,15,10,32,65,8,4366,63,0,1,100,11,72,44,68,0,0,0,0,5,26,57,30,18,13,12,13,4,0,7,4,56,2,30,22,289,0,74,89,1023,10,7,-19,0,0,58
45,7,0,7,0,6,Alex,Singleton,1799,89,0,399,15,85,0,7,6300,4,6300,84,30,0,0,84,1,4,4,63,0,0,79,0,63,1009,90,92,45,45,0,8,33,0,2,0,8,0,8,0,125,28,100,3,0,3,3,46,0,0,49,1,3,399,0,65,0,15,20,79,76,8,1628,55,0,1,100,19,72,82,81,0,4,0,4,1,26,65,16,47,27,9,6,26,3,14,14,41,9,30,14,1799,1,74,80,1023,10,1,-19,0,0,150
45,4,2,4,1,6,Taybor,Pepper,398,76,0,45,13,63,0,7,6317,15,6317,66,29,0,0,88,1,4,4,57,0,0,64,0,63,1009,88,50,53,44,0,8,17,0,2,0,0,0,0,0,118,45,0,0,1,3,3,64,0,0,46,2,3,45,0,20,0,15,38,27,78,6,4799,52,0,1,100,13,67,33,56,0,0,0,0,4,24,48,30,18,13,7,13,4,0,7,4,56,5,43,20,398,0,76,85,1023,10,3,-19,0,0,165
2,6,6,0,0,6,David,Andrews,1985,90,0,148,20,75,0,7,6335,22,6335,66,31,0,0,97,1,5,5,25,0,0,53,0,63,1009,87,38,83,88,0,8,9,0,2,0,0,0,0,0,70,5,63,0,0,2,3,64,0,0,60,0,4,148,0,0,0,15,22,83,74,8,3499,22,0,1,100,20,86,85,91,5,5,5,5,22,34,23,34,18,42,10,25,4,0,7,7,56,35,39,24,1985,0,75,140,1023,10,8,-19,0,0,150
45,4,2,4,1,6,Greg,Mancz,0,84,0,0,22,60,0,7,6337,1009,6337,67,31,0,0,84,1,4,4,24,0,0,58,0,63,1009,85,25,67,67,0,8,5,0,2,0,0,0,0,0,218,45,0,0,1,0,3,64,0,0,62,2,0,0,0,15,0,15,15,61,72,8,3335,22,0,1,100,21,87,58,66,0,0,0,0,8,34,34,22,18,21,9,23,4,0,7,7,56,10,38,25,0,0,76,142,1023,10,1,-19,0,0,150
45,4,3,4,3,5,Chris,Reed,350,84,0,50,15,73,0,5,6376,33,6376,68,31,0,0,78,1,4,4,37,0,0,51,0,63,1009,86,35,71,68,0,8,25,0,0,0,0,0,0,0,390,45,0,0,0,1,3,2,0,0,62,0,2,50,0,51,0,15,31,66,71,8,3620,32,0,1,100,27,85,65,81,2,0,2,0,6,33,40,24,17,21,8,22,6,0,8,5,68,8,24,24,350,0,75,154,1023,10,1,-19,0,0,7
45,4,3,4,3,6,Jesse,Davis,0,87,0,0,17,76,0,5,6386,33,6386,60,32,0,0,80,2,4,4,24,0,0,67,3,63,31,91,31,65,72,0,8,6,0,0,0,0,0,0,0,82,45,0,0,0,0,3,2,0,0,77,2,0,0,0,91,0,15,22,64,75,8,4300,32,0,1,100,20,85,63,75,2,0,2,0,15,32,29,17,17,23,10,19,6,0,8,5,68,17,36,29,0,0,78,149,1023,9,1,-19,0,0,496
45,4,3,4,3,6,Kendall,Lamm,104,81,0,10,11,53,0,5,6388,12,6388,61,31,0,0,81,1,4,4,52,0,0,69,2,63,1009,90,42,71,72,0,8,7,0,0,0,0,0,0,0,7,45,0,0,0,1,3,2,0,0,70,2,1,10,0,42,0,15,13,65,66,8,3422,36,0,1,100,16,80,61,72,2,0,2,0,4,30,34,22,17,27,11,18,6,0,5,5,68,7,39,22,104,0,77,150,1023,10,1,-19,0,0,364
45,0,0,0,0,23,Ty,Long,0,81,0,0,71,77,0,7,6409,1009,6409,74,30,0,0,43,1,0,0,39,0,0,63,0,63,1009,84,29,9,7,0,8,10,0,4,0,0,0,0,0,224,45,0,2,2,0,3,60,0,0,1,0,0,0,0,0,0,15,44,69,40,8,1168,40,0,0,100,93,36,70,51,0,0,0,0,1,8,82,1,16,15,10,0,7,0,20,19,10,0,10,11,0,0,74,45,1023,10,4,-30,0,0,3
45,0,0,0,0,78,Taylor,Heinicke,1470,75,0,400,18,86,0,7,6425,14,6425,83,30,0,0,86,1,0,0,41,0,0,82,0,63,1009,88,25,21,14,0,8,58,0,2,0,0,0,0,0,380,19,0,2,3,2,3,28,0,0,4,1,2,400,0,70,0,15,83,68,83,8,3423,62,0,1,100,23,58,70,69,0,0,0,0,2,19,84,20,10,20,8,14,8,0,0,0,14,0,9,11,1470,0,73,50,1023,5,0,-19,0,0,150
45,4,4,4,4,25,Malcolm,Brown,0,77,0,0,15,91,0,5,6444,33,6444,87,30,0,0,82,1,4,4,63,0,0,83,2,63,1009,85,39,60,65,0,7,76,0,0,0,0,0,0,0,214,45,0,0,0,0,3,52,0,0,41,1,0,0,0,85,0,15,25,71,84,8,3662,90,0,1,100,19,74,80,75,5,5,5,5,4,27,51,12,25,33,8,6,4,0,1,1,19,3,28,10,0,0,71,65,1023,63,1,-19,0,0,507
45,1,1,1,1,30,Raheem,Mostert,556,84,0,130,23,95,3,5,6446,12,6446,95,31,0,0,82,1,4,4,64,0,0,86,2,63,1009,79,41,62,47,0,7,83,0,0,0,0,0,0,0,169,23,0,0,0,2,3,52,0,0,31,1,2,130,0,65,0,15,30,79,89,8,3477,87,0,1,100,25,67,86,76,0,0,0,0,4,24,68,47,35,35,13,7,4,0,1,1,19,4,11,12,556,0,70,45,1023,83,1,-19,0,0,89
45,4,4,4,4,6,Anthony,Harris,0,91,0,0,15,87,0,10,6462,33,6462,86,32,0,0,78,2,4,4,74,0,0,87,2,63,1009,87,74,25,25,0,8,48,0,0,0,0,0,0,0,240,45,60,0,0,0,3,8,0,0,41,0,0,0,0,75,0,15,21,72,87,8,3735,52,0,1,100,22,59,77,66,0,0,0,0,2,20,89,30,32,8,8,24,26,0,17,18,45,5,13,10,0,0,73,42,1023,30,1,-19,0,0,376
45,7,2,7,2,33,Eric,Tomlinson,143,83,0,40,14,73,0,7,6487,33,6487,77,31,0,0,82,1,4,4,74,0,0,68,0,63,1009,91,44,60,69,0,8,49,0,2,0,0,0,0,0,235,45,0,2,4,1,3,32,0,0,87,2,1,0,0,54,0,15,35,66,78,8,3713,69,0,1,100,15,79,65,66,0,0,0,0,4,30,56,50,21,14,13,25,26,0,4,4,63,7,41,28,94,0,78,103,1023,25,0,-19,0,0,150
45,2,2,2,2,15,Damiere,Byrd,109,83,0,15,22,91,1,4,6522,33,6522,92,30,0,0,70,1,4,4,82,0,0,92,2,63,1009,86,24,29,37,0,8,72,0,0,0,0,0,0,0,176,36,24,0,0,1,3,45,0,0,18,2,1,15,0,63,0,15,35,72,88,8,3642,67,0,1,100,23,48,71,71,6,6,6,6,4,14,84,27,33,3,13,4,12,0,3,3,70,2,4,5,109,1,69,15,1023,77,0,-19,0,0,390
45,2,0,2,0,12,DeAndre,Carter,150,84,0,17,15,93,0,0,6530,23,6530,89,30,0,0,78,1,4,4,87,0,0,92,3,63,1009,88,35,28,36,0,8,64,0,0,0,0,0,0,0,325,45,36,0,0,1,3,45,0,0,3,2,1,17,0,76,0,15,31,76,87,8,3655,69,0,1,100,13,60,75,78,0,1,0,1,1,20,86,27,33,3,8,4,12,1,3,3,70,1,7,0,150,1,68,30,1023,81,0,-19,0,0,204
45,2,0,2,0,15,Jake,Kumerow,0,80,0,0,15,86,0,7,6548,33,6548,86,31,0,0,86,1,4,4,84,0,0,86,2,63,1009,83,35,43,61,0,7,73,0,0,0,0,0,0,0,343,45,20,0,0,0,3,45,0,0,15,2,0,0,0,76,0,15,36,70,79,8,3522,66,0,1,100,19,65,69,73,0,1,0,1,4,22,67,27,33,3,9,4,12,1,3,3,70,3,13,9,0,1,76,49,1023,48,2,-19,0,0,308
45,2,2,2,2,6,Quinton,Dunbar,0,86,0,0,11,92,3,7,6569,33,6569,89,31,0,1,77,1,4,4,72,0,0,85,2,63,1009,89,47,35,35,0,8,62,0,0,0,0,0,0,0,62,38,16,2,2,0,3,45,0,0,1,2,0,0,0,75,0,15,37,73,85,8,3677,59,0,1,100,15,64,78,74,0,0,0,0,2,22,66,27,33,3,8,4,12,1,16,16,70,0,5,8,0,1,74,42,1023,70,1,-19,0,0,282
45,7,2,7,2,6,Chris,Manhertz,600,83,0,124,19,83,0,7,6594,4,6594,78,31,0,0,79,1,4,4,72,0,0,81,2,63,1009,95,33,66,71,0,8,59,0,2,0,0,0,0,0,31,45,0,2,4,2,3,32,0,0,84,0,2,124,0,55,0,15,30,70,84,9,3691,65,0,1,100,21,76,72,70,0,0,0,0,3,28,43,50,21,14,10,25,26,0,4,4,63,9,39,23,600,0,78,95,1023,18,0,-19,0,0,150
45,7,7,7,7,6,Shaquil,Barrett,5805,86,0,1500,24,85,1,5,6597,6,6597,83,31,0,0,92,1,4,4,59,0,0,82,2,63,1009,87,85,45,45,0,8,25,0,0,0,0,0,0,0,42,45,50,0,0,2,3,46,0,0,7,2,4,1500,0,60,0,15,15,80,74,9,3455,47,0,1,100,27,74,84,83,5,5,5,5,4,27,48,16,47,27,7,6,26,0,13,15,41,2,40,25,5805,1,74,90,1023,10,4,-19,0,0,204
45,4,2,4,1,10,James,Winchester,384,69,0,45,24,84,0,7,6630,9,6630,82,34,0,0,75,2,4,4,60,0,0,77,0,63,1009,94,41,50,47,0,8,20,0,2,0,0,0,0,0,157,45,0,0,1,1,3,64,0,0,41,1,3,45,0,20,0,15,40,31,87,10,3355,64,0,1,100,25,67,36,53,0,0,0,0,7,24,55,30,18,13,8,13,4,0,7,4,56,1,18,22,384,0,75,49,1023,10,8,-19,0,0,165
45,4,2,4,1,10,Casey,Kreiter,109,80,0,15,14,74,0,4,6640,16,6640,68,33,0,0,82,2,0,0,62,0,0,70,1,63,1009,92,47,57,48,0,8,15,0,4,0,0,0,0,0,89,45,0,0,0,1,3,60,0,0,59,2,1,15,0,95,0,15,10,30,78,9,4260,64,0,1,100,11,67,39,56,2,2,2,2,7,24,44,20,25,25,13,10,30,0,7,4,10,8,42,20,109,0,73,90,1023,10,3,-30,0,0,359
45,5,5,5,5,6,Efe,Obada,200,76,0,50,12,85,0,4,6641,33,6641,82,31,0,0,89,1,2,2,47,0,0,76,1,63,1009,87,78,45,45,0,8,13,0,0,0,0,0,0,0,264,39,1,0,0,1,3,60,0,0,97,2,1,50,0,96,0,15,10,72,80,8,3586,32,0,1,100,17,75,78,72,0,0,0,0,7,28,58,17,25,22,11,7,30,0,11,11,10,5,25,23,200,0,78,105,1023,10,1,-30,0,0,411
2,0,0,0,0,33,Chris,Boswell,2504,84,0,800,82,73,0,7,6663,29,6663,71,32,0,0,49,2,4,4,29,0,0,64,0,63,1009,89,35,16,24,0,8,12,0,2,0,7,7,7,7,171,45,31,0,0,4,3,48,0,0,9,1,5,800,0,55,0,15,29,77,65,9,3357,45,0,1,100,95,44,79,65,0,0,0,0,3,12,90,4,14,58,7,2,18,0,19,19,6,0,11,7,2504,0,74,25,1023,10,8,-19,0,0,150
45,0,0,0,0,30,Jason,Myers,2109,80,0,748,87,71,0,7,6674,28,6674,69,32,0,0,50,2,4,4,30,0,0,47,0,63,1009,85,20,20,20,0,7,12,6,2,0,0,0,0,0,109,45,88,2,2,4,3,48,0,0,5,0,4,748,0,45,0,15,45,80,40,8,3497,34,0,1,100,96,43,81,67,0,0,0,0,3,12,91,4,14,58,12,2,18,0,19,19,6,3,8,11,2109,0,70,30,1023,10,4,-19,0,0,150
45,7,0,7,0,6,Brandon,Copeland,0,81,0,0,20,83,0,7,6684,33,6684,84,32,0,0,74,2,4,4,48,0,0,76,2,63,1009,85,74,45,45,0,8,34,0,0,0,0,0,0,0,163,39,0,2,0,0,3,26,0,0,51,2,0,0,0,10,0,15,25,68,79,10,3435,57,0,1,100,20,82,75,71,0,0,0,0,7,31,50,11,22,32,12,3,21,0,13,14,67,3,23,21,0,0,75,100,1023,10,2,-19,0,0,187
45,4,4,4,4,6,Kerry,Hyder,94,78,0,0,19,73,1,4,6685,15,6685,72,32,0,0,84,2,0,0,29,0,0,72,2,63,1009,89,83,45,45,0,8,12,7,0,0,2,2,2,2,217,45,0,0,0,1,1,65,0,0,92,2,1,0,0,47,0,15,22,72,73,9,3633,37,0,1,100,21,79,80,85,3,3,3,3,6,30,48,26,25,31,13,16,30,0,11,10,10,9,36,25,94,0,74,115,1023,9,2,-19,0,0,447
45,7,7,7,7,6,Joe,Thomas,0,84,0,0,20,87,0,4,6699,33,6699,81,32,0,0,82,2,0,0,56,0,0,72,1,63,1009,90,80,45,45,0,8,25,0,0,0,0,0,0,0,179,45,12,0,0,0,3,26,0,0,45,1,0,0,0,40,0,15,25,69,90,9,3638,60,0,1,100,20,74,74,71,6,6,6,6,5,27,79,14,25,19,9,4,30,1,13,13,10,5,16,13,0,0,73,73,1023,10,1,-19,0,0,488
45,3,3,3,3,6,T. Y.,McGill,0,78,0,0,11,71,0,5,6702,1009,6702,70,31,0,0,82,1,4,4,33,0,0,67,2,63,1009,90,78,45,45,0,8,10,0,0,0,2,2,0,0,138,45,0,0,0,0,3,65,0,0,96,0,0,0,0,55,0,15,14,65,72,8,3475,45,0,1,100,17,84,70,65,3,3,5,5,8,32,46,24,28,22,8,16,18,0,12,11,22,18,27,30,0,0,72,134,1023,10,1,-19,0,0,384
45,4,2,4,1,10,Tyler,Ott,0,76,0,0,24,78,0,7,6717,25,6717,75,31,0,0,83,1,4,4,69,0,0,66,0,63,1009,92,51,54,49,0,8,20,0,2,0,0,0,0,0,75,45,0,0,1,1,3,64,0,0,69,1,1,0,0,20,0,15,39,34,75,9,4307,68,0,1,100,25,72,37,50,0,0,0,0,4,26,52,30,18,13,11,13,4,0,7,4,56,6,37,22,94,0,75,93,1023,10,7,-19,0,0,315
45,0,0,0,0,22,Michael,Palardy,0,89,0,0,80,80,0,7,6718,1009,6718,79,31,0,0,60,1,4,4,22,0,0,56,0,63,1009,81,29,14,19,0,7,10,0,2,0,0,0,0,0,211,45,52,3,2,0,3,53,1,0,17,0,0,0,0,52,0,15,34,69,49,9,4356,20,0,1,100,88,49,72,53,0,0,0,0,3,14,78,48,25,16,9,13,15,0,20,20,42,1,7,8,0,0,71,40,1023,10,1,-19,0,0,150
45,4,2,4,1,5,Tyler,Larsen,109,82,0,15,36,63,0,7,6727,26,6727,63,32,0,0,79,2,4,4,29,0,0,50,0,63,1009,86,35,68,71,0,8,5,0,2,0,0,0,0,0,234,45,0,0,1,1,3,64,0,0,69,0,1,15,0,11,0,15,33,66,61,9,4265,35,0,1,100,33,89,63,75,0,0,0,0,11,34,32,22,18,23,10,18,4,0,7,7,56,26,39,22,109,0,76,175,1023,10,2,-19,0,0,159
45,7,7,7,7,39,Willie,Snead IV,0,85,0,0,14,92,3,10,6733,1009,6733,86,31,0,1,71,1,6,6,82,0,0,84,1,63,1009,90,30,35,55,0,8,76,0,2,0,0,0,0,0,16,45,13,0,0,0,3,45,0,0,83,2,0,2,0,74,0,15,55,71,84,9,3438,78,0,1,100,15,64,70,72,5,5,5,5,3,22,67,27,33,3,7,4,12,1,3,3,70,0,6,8,0,1,71,40,1023,74,1,-19,0,0,25
45,0,0,0,0,25,Jordan,Berry,0,90,0,0,76,74,0,7,6743,1009,6743,72,32,0,0,55,2,4,4,32,0,0,58,0,63,1009,88,27,33,33,0,8,11,0,2,0,7,7,7,7,56,45,75,0,0,0,3,53,0,0,3,0,0,0,0,55,0,15,40,73,56,9,3439,35,0,1,100,91,55,75,61,6,6,6,6,2,18,86,48,25,16,7,13,15,0,20,20,42,4,11,8,0,0,77,35,1023,10,2,-19,0,0,150
45,7,7,7,7,10,C. J.,Goodwin,0,85,0,0,22,93,0,5,6747,1009,6747,92,33,0,0,66,2,0,0,68,0,0,83,1,63,1009,91,48,30,32,0,7,54,0,0,0,0,0,0,0,307,45,0,0,0,0,3,45,0,0,29,2,0,15,0,64,0,15,35,67,89,9,4264,69,0,1,100,20,66,72,59,0,0,0,0,3,23,74,10,14,15,8,0,19,0,16,16,10,2,7,8,0,0,75,30,1023,54,5,-19,0,0,513
45,6,6,6,6,5,Matt,Feiler,146,91,0,25,18,60,0,4,6758,6,6758,60,31,0,1,85,1,0,0,51,0,0,49,0,63,1009,90,57,71,79,0,8,14,0,0,0,7,7,7,7,282,45,0,0,0,1,3,2,0,0,71,0,1,25,0,48,0,15,27,75,67,9,4312,49,0,1,100,24,91,72,85,6,6,6,6,14,36,25,16,17,24,10,15,6,0,8,9,68,19,29,27,146,0,78,170,1023,10,0,-19,0,0,7
45,2,2,2,2,6,Justin,McCray,0,83,0,0,20,61,0,4,6766,1009,6766,53,31,0,0,73,1,7,7,20,0,0,56,2,63,1009,87,35,64,69,0,8,5,0,1,0,2,2,2,2,225,45,0,0,0,0,3,46,0,0,64,2,0,69,0,70,0,15,20,64,72,9,3366,25,0,1,100,20,89,59,72,2,2,2,2,44,34,28,34,33,32,13,29,39,0,6,6,98,35,34,25,0,0,75,155,1023,10,2,-19,0,0,204
2,0,0,0,0,85,Jared,Goff,10410,90,0,0,20,82,0,7,6784,19,6784,76,29,0,0,93,1,4,4,24,0,0,74,0,1,24,90,27,17,16,0,8,51,0,1,0,8,8,8,8,28,4,45,0,0,2,3,16,0,0,16,2,4,0,0,74,0,1,90,80,68,7,3779,58,0,1,100,21,64,79,77,0,0,0,0,4,22,78,2,10,30,8,2,10,0,0,0,14,2,11,11,10410,1,76,57,1023,11,2,-19,0,0,474
4,0,0,0,0,79,Carson,Wentz,0,80,0,0,18,83,0,4,6785,33,6785,80,31,0,1,92,1,0,0,38,0,0,80,0,2,10,80,30,17,27,0,8,68,0,3,0,0,0,1,1,315,18,69,0,0,0,3,53,0,0,11,1,0,0,0,68,0,1,90,69,70,7,3780,54,0,1,100,24,72,70,61,1,1,2,2,1,26,52,8,15,30,9,8,15,0,0,0,55,7,28,11,0,0,77,77,1023,14,1,-19,0,0,315
45,0,0,0,0,90,Dak,Prescott,12321,95,0,5280,22,83,0,5,6788,11,6788,84,30,0,0,97,1,0,0,42,0,0,83,2,37,1015,90,42,21,39,0,7,75,0,0,0,0,0,0,0,121,20,84,0,0,2,3,60,0,0,4,2,4,5280,0,90,0,4,90,87,79,7,3913,68,8,1,100,26,75,87,86,5,5,0,0,1,28,62,15,25,20,11,5,30,0,0,0,10,3,26,10,12321,0,74,78,1023,13,7,-30,0,0,97
45,0,0,0,0,82,Jacoby,Brissett,850,90,0,450,20,75,0,4,6791,26,6791,79,31,0,0,90,1,0,0,27,0,0,78,2,29,1009,91,39,17,16,0,7,70,0,0,0,8,8,8,8,138,18,52,0,0,1,3,25,0,0,12,2,1,450,0,74,0,3,91,72,72,7,3869,65,0,1,100,21,73,75,68,1,1,5,5,4,26,78,15,12,41,11,5,10,0,0,0,10,5,35,12,850,0,76,75,1023,14,0,-19,0,0,479
45,0,0,0,0,63,Kevin,Hogan,0,73,0,0,20,77,0,8,6792,33,6792,78,31,0,0,92,1,0,0,42,0,0,76,0,25,1009,91,39,21,27,0,7,45,0,2,0,0,0,0,0,200,45,0,0,0,0,3,47,0,0,16,1,0,0,0,74,0,5,79,50,79,7,3940,64,0,1,100,24,67,50,47,1,1,0,0,4,24,73,38,10,30,11,6,26,0,0,0,10,1,12,10,0,0,75,58,1023,19,1,-19,0,1,150
45,0,0,0,0,70,Nate,Sudfeld,160,76,0,43,21,68,0,4,6794,33,6794,73,30,0,1,84,1,0,0,23,0,0,66,0,12,1009,90,30,17,16,0,7,32,0,0,0,8,8,8,8,86,45,0,0,0,1,3,47,0,0,10,2,1,43,0,69,0,6,84,55,72,7,3965,66,0,1,100,24,65,61,63,5,5,5,5,0,23,75,7,11,9,8,4,18,0,0,0,35,10,28,14,160,0,78,75,1023,11,1,-19,0,0,150
45,0,0,0,0,69,Brandon,Allen,89,65,0,30,20,72,0,7,6796,15,6796,76,31,0,1,75,1,0,0,26,0,0,78,0,26,1009,85,24,17,16,0,7,30,0,0,0,8,8,8,8,10,45,0,0,0,1,3,40,0,0,4,2,1,0,0,65,0,6,82,54,70,7,3979,59,0,1,100,21,56,60,61,5,5,0,0,4,18,70,5,15,6,10,5,12,0,0,0,55,5,9,5,109,0,74,49,1023,13,0,-19,0,0,150
45,4,4,4,4,22,Ezekiel,Elliott,0,96,0,0,20,91,0,5,6797,22,6797,89,28,0,0,98,1,0,0,70,0,0,89,2,4,1009,97,59,68,48,0,8,82,0,0,0,4,4,4,4,156,45,71,0,0,1,3,60,0,0,15,1,1,60,0,75,0,1,35,86,95,7,3782,96,0,1,100,21,80,89,86,5,5,5,5,5,30,73,13,25,18,8,3,30,1,1,1,10,4,33,10,290,0,72,68,1023,63,7,-30,0,0,488
45,3,3,3,3,29,Derrick,Henry,4522,98,0,1200,20,86,0,10,6798,30,6798,91,29,0,0,97,1,0,0,66,0,0,84,2,14,1015,93,44,64,42,0,8,94,0,0,0,0,0,2,2,3,34,33,0,0,1,3,5,0,0,22,0,4,1200,0,77,0,2,42,94,88,7,3823,92,0,1,100,21,87,94,99,0,0,3,3,5,34,41,14,31,47,11,14,30,2,1,1,7,1,44,22,4522,0,75,87,1023,36,7,-19,0,0,322
45,4,4,4,4,27,Kenyan,Drake,0,87,0,0,20,87,0,4,6799,33,6799,91,29,0,0,79,1,0,0,68,0,0,88,2,10,1009,83,33,59,31,0,7,79,0,0,0,0,0,0,0,3,23,73,0,0,0,3,35,0,0,17,1,0,0,0,86,0,3,26,76,83,7,3851,87,0,1,100,21,65,82,74,5,5,5,5,2,22,69,15,22,36,7,20,31,1,1,1,31,5,6,5,0,0,73,56,1023,84,1,-19,0,0,204
45,7,7,7,7,10,Alex,Collins,0,85,0,0,20,87,2,10,6800,33,6800,87,29,0,0,83,1,3,3,64,0,0,90,2,34,1015,80,37,49,30,0,8,79,0,0,0,0,0,0,0,10,45,0,0,0,0,3,25,0,0,41,1,0,0,0,75,0,5,28,70,79,7,3949,82,0,1,100,21,73,78,69,0,0,0,0,4,26,64,30,22,22,11,32,25,2,1,1,28,4,12,12,0,0,70,50,1023,32,3,-19,0,0,204
45,2,2,2,2,22,Kenneth,Dixon,0,89,0,0,20,90,0,4,6802,33,6802,87,29,0,0,88,1,7,7,68,0,0,88,2,36,1009,80,36,43,31,0,8,81,0,0,0,0,0,0,0,101,45,0,0,0,0,3,36,0,0,38,2,0,0,0,77,0,4,29,79,89,7,3912,81,0,1,100,21,74,79,67,0,0,0,0,5,26,77,35,21,34,11,29,19,0,1,1,38,2,8,8,0,0,70,68,1023,48,3,-19,0,0,204
45,4,4,4,4,22,Devontae,Booker,0,87,0,0,20,89,1,5,6803,33,6803,86,31,0,0,85,1,0,0,67,0,0,88,2,38,1009,93,35,52,36,0,7,79,0,0,0,0,0,0,0,233,45,0,0,0,0,3,1,0,0,28,1,0,0,0,68,0,4,27,69,82,7,3914,86,0,1,100,21,70,79,68,5,5,5,5,1,25,80,14,30,22,8,15,33,0,1,1,34,1,13,8,0,1,71,59,1023,78,2,-19,0,0,4
45,7,7,7,7,18,Jordan,Howard,0,82,0,0,20,84,0,4,6804,33,6804,87,29,0,0,75,1,3,3,66,0,0,81,2,11,1009,85,39,60,40,0,8,76,0,0,0,0,0,0,0,86,45,67,0,0,0,3,15,0,0,24,0,0,0,0,79,0,5,28,69,84,7,3928,91,0,1,100,21,79,79,73,5,5,5,5,2,30,76,25,37,41,13,25,29,1,1,1,36,1,15,14,0,1,72,62,1023,42,2,-19,0,0,285
45,5,5,5,5,25,Paul,Perkins,0,75,0,0,20,85,0,10,6805,33,6805,87,29,0,0,79,1,0,0,63,0,0,85,1,10,1009,85,33,44,42,0,8,71,0,0,0,0,0,0,0,226,45,0,0,0,0,3,2,0,0,39,1,0,0,0,80,0,5,31,58,78,7,3927,83,0,1,100,21,63,71,55,0,0,0,0,1,22,78,33,7,20,11,2,37,0,1,1,28,4,11,10,0,0,70,48,1023,62,2,-19,0,0,204
45,1,1,1,1,18,Jonathan,Williams,103,82,0,2,20,88,2,5,6809,33,6809,85,29,0,1,80,1,0,0,58,0,0,83,2,18,1009,85,31,53,28,0,8,76,0,2,0,0,0,0,0,10,45,0,0,0,1,3,30,0,0,41,2,1,2,0,77,0,5,26,65,83,7,3934,85,0,1,100,21,70,75,68,0,0,0,0,1,25,86,11,36,47,8,16,13,1,1,1,15,3,9,9,103,1,72,57,1023,62,3,-19,0,0,204
45,4,4,4,4,24,Wendell,Smallwood,0,83,0,0,20,91,0,4,6813,33,6813,89,29,0,0,81,1,0,0,63,0,0,87,2,14,1015,88,36,48,31,0,7,72,4,0,0,0,0,0,0,254,23,0,0,0,0,3,55,0,0,38,1,0,0,0,74,0,5,23,67,80,7,3931,85,0,1,100,21,68,76,66,0,0,0,0,5,25,64,14,23,25,12,2,2,0,1,1,34,5,8,10,0,1,70,48,1023,76,2,-19,0,0,249
45,7,7,7,7,15,Derek,Watt,0,86,0,0,19,84,0,4,6819,33,6819,79,31,0,0,90,1,2,2,70,0,0,74,0,23,1009,90,46,62,60,1,8,41,0,0,0,0,0,0,0,258,45,0,0,0,0,3,40,0,0,44,1,0,0,0,62,0,6,27,69,81,7,3976,77,0,1,100,19,74,62,69,0,0,0,0,5,27,78,25,21,20,9,39,29,0,2,2,1,1,18,14,0,0,74,74,1023,32,3,-19,0,0,150
12,4,4,4,4,10,Corey,Coleman,0,84,0,0,22,90,1,3,6822,33,6822,90,29,0,0,83,1,0,0,77,0,0,90,2,15,1009,86,28,39,36,0,8,71,0,0,0,0,0,0,0,17,36,0,0,0,0,3,42,0,0,89,2,0,0,0,90,0,1,29,67,90,7,3793,74,0,1,100,23,63,62,56,0,0,0,0,1,22,82,5,20,35,12,5,15,0,3,3,7,4,3,6,0,0,71,25,1023,78,1,-19,0,0,507
12,5,5,5,5,19,Laquon,Treadwell,0,83,0,0,22,87,0,4,6823,1009,6823,85,28,0,0,83,1,0,0,83,0,0,83,2,23,1009,88,38,43,50,0,7,72,0,0,0,0,0,0,0,159,45,0,0,0,0,3,44,0,0,18,2,0,0,0,91,0,1,37,68,86,7,3801,74,0,1,100,23,71,69,72,3,3,3,3,2,26,74,6,18,20,8,10,14,1,3,3,24,3,8,8,0,0,74,55,1023,25,1,-19,0,0,420
45,5,5,5,5,10,Michael,Thomas,2819,90,0,236,22,89,0,4,6824,27,6824,86,30,0,0,75,1,0,0,88,0,0,87,2,16,1015,76,27,40,52,0,8,82,0,0,0,0,0,0,0,156,45,76,0,0,2,3,68,0,0,13,2,2,236,0,89,0,2,24,84,92,7,3825,79,0,1,100,23,77,79,86,0,0,0,0,4,28,80,39,10,24,13,14,17,0,3,3,48,2,6,5,2819,0,75,52,1023,25,7,-19,0,0,47
37,4,4,4,4,38,Tyler,Boyd,4429,88,0,700,22,91,3,3,6826,2,6826,88,29,0,0,83,1,3,3,96,0,0,86,2,24,1015,90,24,48,55,0,8,76,0,0,0,0,0,0,0,166,2,38,0,0,1,3,5,0,0,83,2,5,700,0,64,0,2,52,82,88,7,3832,71,0,1,100,23,63,80,80,0,0,0,0,0,22,84,6,30,20,11,5,15,0,3,3,5,5,5,12,4429,0,74,43,1023,72,7,-19,0,0,393
45,7,7,7,7,20,Sterling,Shepard,96,84,0,0,22,91,0,3,6828,16,6828,88,30,0,0,86,1,0,0,87,0,0,90,2,9,1015,81,33,41,60,0,7,80,0,0,0,0,0,0,0,157,45,30,0,0,1,3,20,0,0,3,2,1,0,0,83,0,2,27,81,92,7,3818,75,0,1,100,23,68,79,83,0,0,0,0,4,24,85,5,25,22,13,3,25,0,3,3,3,1,11,10,96,0,70,36,1023,75,7,-19,0,0,134
45,7,7,7,7,27,Pharoh,Cooper,0,81,0,0,22,88,0,3,6829,33,6829,86,28,0,0,76,1,0,0,80,0,0,86,2,19,1009,88,26,38,48,0,7,70,0,2,0,0,0,0,0,176,45,0,0,0,0,3,46,0,0,15,2,0,0,0,92,0,4,36,67,80,7,3895,67,0,1,100,23,66,67,72,0,0,0,0,2,26,70,1,14,31,7,7,13,1,3,3,2,5,10,12,0,0,71,50,1023,81,1,-19,0,0,390
45,5,5,5,5,18,Demarcus,Robinson,0,86,0,0,22,91,0,4,6830,24,6830,89,29,0,0,76,1,3,3,85,0,0,90,2,28,1009,93,23,38,58,0,7,75,0,0,0,0,0,0,0,62,45,47,3,3,1,3,45,0,0,15,2,1,0,0,88,0,4,24,75,86,7,3904,73,0,1,100,23,60,75,78,0,0,0,0,5,20,73,9,13,22,7,13,14,0,3,3,48,4,7,7,94,0,73,43,1023,71,1,-19,0,0,204
45,5,6,5,6,10,Rashard,Higgins,0,85,0,0,22,87,0,10,6834,33,6834,85,29,0,0,87,1,0,0,81,0,0,83,2,35,1009,90,31,39,56,0,7,72,0,0,0,0,0,0,0,42,45,4,3,0,0,3,51,0,0,17,0,0,0,0,92,0,5,29,72,84,7,3950,69,0,1,100,23,66,69,75,0,0,0,0,5,23,71,34,33,45,7,9,16,0,3,3,73,0,4,6,0,0,73,38,1023,65,1,-19,0,0,204
45,7,7,7,7,10,Tajae,Sharpe,0,84,0,0,22,91,1,4,6835,33,6835,86,29,0,0,81,1,0,0,83,0,0,91,2,1,1009,87,28,38,51,0,7,74,0,0,0,0,0,0,0,112,45,9,0,0,0,3,76,0,0,88,2,0,0,0,65,0,5,29,69,82,7,3918,74,0,1,100,23,66,68,65,0,0,0,0,3,23,73,10,27,25,11,6,22,1,3,3,73,4,9,11,0,1,74,34,1023,67,2,-19,0,0,387
45,7,7,7,7,10,Hunter,Henry,3737,89,0,1500,19,86,1,7,6849,22,6849,82,29,0,1,93,1,1,0,92,0,0,78,1,4,1009,88,42,60,66,0,7,56,0,0,0,0,0,0,0,10,37,73,0,0,1,3,16,0,0,85,2,3,1500,0,68,0,2,28,81,81,7,3813,75,0,1,100,21,75,82,79,5,5,5,5,6,28,60,30,15,42,9,22,14,0,4,4,69,8,30,23,3737,0,77,90,1023,18,2,-19,0,0,217
45,4,4,4,4,10,Austin,Hooper,275,89,0,100,19,84,0,7,6851,23,6851,80,29,0,0,88,1,0,0,85,0,0,81,0,18,1009,91,34,59,62,0,8,64,0,2,0,0,0,0,0,200,2,83,0,0,1,3,26,1,0,81,1,1,100,0,55,0,3,26,73,85,7,3859,75,0,1,100,21,73,74,68,5,5,5,5,6,26,55,32,13,25,12,20,23,3,4,4,9,2,39,24,275,1,76,94,1023,18,0,-19,0,0,130
45,4,4,4,4,10,Nick,Vannett,0,81,0,0,19,75,0,3,6852,1009,6852,74,30,0,1,78,1,0,0,81,0,0,80,0,32,1009,84,30,57,59,0,7,60,0,0,0,0,0,0,0,156,45,0,0,0,0,3,47,0,0,83,2,0,0,0,60,0,3,29,66,75,7,3872,75,0,1,100,21,73,67,67,5,5,5,5,5,26,59,15,26,40,11,15,29,0,4,4,49,5,31,23,0,0,78,101,1023,18,1,-19,0,0,434
45,4,4,4,4,18,Tyler,Higbee,3385,92,0,300,19,78,0,7,6853,24,6853,79,30,0,0,90,1,0,0,87,0,0,82,0,12,1015,91,34,59,62,0,8,68,0,2,0,0,0,0,0,245,45,59,0,0,1,3,40,0,0,89,1,5,300,0,69,0,4,26,80,83,7,3888,78,0,1,100,21,79,82,81,5,5,5,5,4,30,65,27,14,37,13,13,25,0,4,4,8,9,32,21,3385,0,78,95,1023,18,7,-19,0,0,175
25,2,2,2,2,6,Laremy,Tunsil,11021,87,0,3000,17,67,0,4,6861,32,6861,64,29,0,0,86,1,0,0,26,0,0,68,2,13,12,89,35,97,85,0,8,12,0,0,0,0,0,0,0,159,2,57,0,0,4,3,78,0,0,78,1,4,3000,0,80,0,1,22,95,71,7,3791,31,0,1,100,20,92,91,95,3,3,3,3,17,36,43,16,35,27,12,25,20,0,5,5,71,18,42,27,11021,0,77,153,1023,9,4,-19,0,0,204
12,5,5,5,5,5,Jack,Conklin,7126,87,0,1800,19,70,0,4,6862,5,6862,70,29,0,0,95,1,0,0,24,0,0,61,0,8,1009,84,34,83,82,0,8,7,0,0,0,0,0,0,0,118,45,78,0,0,4,3,0,0,0,78,2,5,1800,0,90,0,1,22,80,74,7,3786,29,0,1,100,18,88,83,91,7,7,7,7,6,34,34,17,22,29,8,18,19,0,9,5,75,6,39,25,7126,0,78,148,1023,9,3,-19,0,0,150
45,2,2,2,2,6,Le'Raven,Clark,0,82,0,0,19,67,0,4,6864,1009,6864,65,30,0,0,88,1,0,0,27,0,0,61,2,19,1009,89,28,61,62,0,8,7,0,0,0,0,0,0,0,217,45,0,0,0,0,3,27,0,0,73,0,0,5,0,59,0,3,22,56,74,7,3860,32,0,1,100,18,81,52,65,5,5,5,5,18,30,34,20,49,33,8,18,1,0,9,5,84,20,41,25,0,0,77,151,1023,9,0,-19,0,0,204
45,4,4,4,4,6,Joe,Haeg,750,84,0,0,21,71,0,6,6869,33,6869,65,30,0,0,93,1,0,0,26,0,0,69,0,17,1009,88,32,68,63,0,8,8,0,1,0,0,0,0,0,315,45,0,0,0,2,3,48,0,0,59,0,3,0,0,44,0,5,24,62,74,7,3933,29,0,1,100,22,83,59,77,5,5,5,5,9,32,49,17,41,30,7,23,11,0,5,9,46,5,32,24,750,0,78,138,1023,10,1,-19,0,0,150
45,1,0,1,0,6,Connor,McGovern,191,87,0,75,21,73,0,4,6874,18,6874,66,30,0,1,94,1,0,0,29,0,0,65,0,5,1009,90,30,75,81,0,8,10,0,2,0,0,0,0,0,122,2,29,0,0,1,3,1,0,0,60,2,1,75,0,70,0,5,21,77,80,7,3922,33,0,1,100,20,87,77,87,0,4,0,4,9,34,31,25,2,35,7,15,13,0,7,6,83,10,24,26,191,0,76,146,1023,8,3,-19,0,0,150
45,6,6,6,6,6,Ted,Karras,1800,88,0,300,21,60,0,4,6879,2,6879,60,30,0,0,90,1,0,0,26,0,0,53,0,46,1009,92,30,84,72,0,8,6,0,4,0,0,0,0,0,84,45,0,0,0,2,3,48,0,0,64,0,3,300,0,40,0,6,29,80,67,7,3999,31,0,1,100,25,86,75,88,6,6,6,6,8,33,33,16,21,24,13,25,30,0,7,6,99,9,37,25,1800,0,76,150,1023,11,1,-19,0,0,150
12,2,2,0,0,6,Ryan,Kelly,6000,89,0,0,20,71,0,4,6880,10,6880,69,30,0,0,90,1,0,0,29,0,0,67,0,18,1015,92,32,79,78,0,8,7,0,0,0,0,0,0,0,3,2,47,0,0,2,3,26,0,0,78,1,5,0,0,57,0,1,24,77,74,7,3796,25,0,1,100,20,85,78,90,5,5,5,5,9,33,36,18,17,31,9,25,6,0,7,7,99,8,36,27,6000,0,76,147,1023,9,7,-19,0,0,150
45,0,6,0,6,6,Nick,Martin,0,83,0,0,25,67,0,4,6881,33,6881,63,30,0,0,84,1,0,0,26,0,0,63,0,19,1009,90,33,75,69,0,8,8,0,2,0,0,0,0,0,152,45,57,0,0,0,3,27,0,0,60,2,0,0,0,60,0,2,27,64,70,7,3828,36,0,1,100,25,85,63,64,3,2,3,2,10,32,37,25,17,26,9,23,19,0,7,6,56,10,24,30,0,0,76,135,1023,10,2,-19,0,0,150
45,3,6,3,6,6,Graham,Glasgow,223,86,0,50,20,69,0,7,6884,19,6884,65,31,0,0,89,1,0,0,20,0,0,64,0,33,1009,85,29,76,77,0,8,8,0,2,0,0,0,0,0,117,45,34,3,0,1,3,44,0,0,60,0,1,50,0,30,0,3,24,74,64,7,3873,27,0,1,100,20,87,73,79,0,0,0,0,5,34,46,21,12,35,12,22,24,0,8,7,18,8,36,22,223,0,78,150,1023,9,0,-19,0,0,150
45,2,2,2,2,6,Isaac,Seumalo,2400,87,0,693,21,74,0,7,6885,29,6885,64,30,0,0,81,1,0,0,20,0,0,68,1,16,1009,84,33,79,77,0,8,8,0,0,0,0,0,0,0,161,45,50,0,0,3,3,2,0,0,73,0,3,693,0,30,0,3,24,78,66,7,3857,29,0,1,100,22,84,76,86,5,5,5,5,4,32,30,25,17,32,9,15,0,0,6,7,89,8,33,24,2400,0,76,143,1023,10,0,-19,0,0,58
45,5,0,4,0,6,Jake,Brendel,1580,86,0,272,22,75,0,4,6886,15,6886,71,31,0,0,89,1,0,0,40,0,0,70,0,63,1009,86,41,78,72,0,8,5,0,2,0,0,0,0,0,226,45,0,0,0,4,3,16,0,0,64,2,4,272,0,35,0,15,22,74,70,7,4056,44,0,1,100,18,84,73,83,0,0,0,0,9,30,34,22,10,20,7,24,3,0,7,7,55,10,33,22,1580,0,76,139,1023,10,3,-19,0,0,150
45,5,0,5,0,6,Joey,Hunt,0,84,0,0,20,57,0,7,6889,1009,6889,61,29,0,0,90,1,1,0,26,0,0,63,0,40,1009,88,33,64,66,0,8,8,0,4,0,2,3,2,3,207,45,0,0,0,0,3,43,0,0,62,0,0,0,0,55,0,6,24,61,61,7,3993,31,0,1,100,20,88,58,72,0,2,0,2,4,34,42,21,32,23,9,18,5,0,7,7,54,32,28,28,0,0,74,139,1023,9,1,-19,0,0,150
45,2,2,0,0,6,Cody,Whitehair,5148,90,0,720,20,73,0,8,6891,1,6891,69,31,0,0,89,1,1,1,24,0,0,71,0,25,1015,89,31,79,83,0,8,7,0,0,0,0,0,0,0,96,2,99,0,0,2,3,17,0,0,65,2,6,720,0,62,0,2,21,79,65,7,3834,33,0,1,100,20,86,80,86,7,7,7,7,40,34,24,35,26,38,9,24,15,0,6,8,74,31,42,22,5148,0,75,156,1023,8,7,-19,0,0,150
45,2,2,3,3,74,John,Wolford,0,78,0,0,18,79,0,7,6893,1009,6893,81,28,0,0,89,1,0,0,38,0,0,86,0,63,1009,88,37,17,19,0,7,63,0,1,0,0,0,0,0,249,19,100,0,0,0,3,65,0,0,11,1,0,0,1,75,0,15,83,60,76,4,1737,64,0,1,100,20,55,65,62,0,0,0,0,3,18,67,9,9,13,13,5,27,0,0,0,38,2,9,6,0,0,73,40,1023,30,0,-19,0,0,144
26,3,3,3,3,6,Ronnie,Stanley,11160,87,0,2700,17,69,0,3,6898,25,6898,65,29,0,0,76,1,3,3,24,0,0,69,2,6,1015,85,31,92,84,0,8,8,0,0,0,0,0,0,0,152,45,75,0,0,3,3,38,0,0,79,2,6,2700,0,50,0,1,22,90,71,7,3784,32,0,1,100,20,90,86,89,6,6,6,6,10,36,26,16,15,24,12,15,37,0,5,5,33,18,30,24,11160,0,78,155,1023,9,7,-19,0,0,204
2,5,4,5,4,6,Taylor,Decker,6610,88,0,750,19,67,0,10,6899,19,6899,64,30,0,1,92,1,0,0,40,0,0,59,0,16,1015,89,34,86,77,0,8,6,0,0,0,0,2,0,2,156,4,5,0,0,2,3,45,0,0,68,0,5,750,0,78,0,1,22,83,72,7,3794,28,0,1,100,18,90,80,92,2,2,2,2,9,35,27,15,24,28,10,18,6,0,5,9,79,25,25,25,6610,0,79,160,1023,9,7,-19,0,0,150
12,2,2,2,2,6,Germain,Ifedi,109,83,0,15,20,67,0,4,6900,3,6900,61,29,0,0,83,1,0,1,24,0,0,61,2,32,1009,87,35,75,72,0,8,7,0,0,0,0,0,0,0,215,45,66,0,0,1,3,4,0,0,68,0,1,15,0,78,0,1,21,69,79,7,3809,31,0,1,100,20,84,68,77,5,5,5,5,21,32,19,28,21,30,9,33,30,0,9,9,99,35,33,26,109,0,77,165,1023,8,0,-19,0,0,204
45,5,3,5,3,6,Brandon,Shell,0,86,0,0,22,71,0,4,6906,33,6906,62,31,0,0,88,1,0,1,20,0,0,63,2,21,1009,86,36,72,74,0,8,12,0,0,0,0,0,0,0,176,45,0,2,0,0,3,6,0,0,71,1,0,0,0,40,0,5,26,70,75,7,3936,29,0,1,100,25,84,71,84,0,0,0,0,10,32,44,23,13,30,7,23,17,0,9,9,27,19,33,25,0,0,77,164,1023,10,1,-19,0,0,204
45,3,3,3,3,6,Joey,Bosa,14935,90,0,4200,19,84,0,7,6908,8,6908,80,28,0,0,87,1,0,0,47,0,0,84,0,3,1015,88,89,45,45,0,8,22,0,2,0,4,4,4,4,156,41,63,0,0,3,3,10,0,0,97,2,6,4200,0,88,0,1,28,91,78,7,3781,43,0,1,100,26,87,96,97,5,5,5,5,5,34,44,25,25,32,13,22,25,0,15,10,64,8,30,30,14935,0,77,120,1023,9,7,-19,0,0,286
45,4,4,4,4,6,Emmanuel,Ogbah,6540,83,0,800,19,88,0,4,6909,12,6909,82,30,0,1,89,1,0,0,38,0,0,75,2,1,1009,89,86,45,45,0,8,16,0,0,0,0,0,0,0,158,39,12,0,0,3,3,54,0,0,91,0,4,800,0,82,0,2,22,79,85,7,3810,33,0,1,100,20,83,88,82,6,6,6,6,5,32,55,10,35,47,13,11,28,0,11,10,57,6,22,26,6540,0,76,118,1023,9,3,-19,0,0,47
45,4,4,4,4,6,Carl,Nassib,0,73,0,0,19,85,0,5,6912,33,6912,76,30,0,0,86,1,0,0,46,0,0,74,0,2,1009,89,78,44,44,0,8,28,0,0,0,0,0,0,0,164,45,46,0,0,0,3,44,0,0,94,0,0,0,0,52,0,3,22,73,71,7,3843,33,0,1,100,20,79,80,80,6,6,6,6,6,30,53,30,16,41,7,31,18,0,10,10,81,5,27,23,0,0,79,115,1023,9,1,-19,0,0,150
45,2,7,2,7,6,Jihad,Ward,150,81,0,30,19,70,0,5,6913,16,6913,69,29,0,1,89,1,0,0,24,0,0,66,2,13,1009,88,82,45,45,0,8,11,0,0,0,0,0,0,0,84,45,0,0,1,1,3,45,0,0,55,0,1,30,0,82,0,2,22,68,70,7,3822,30,0,1,100,20,80,73,77,2,2,2,2,7,29,44,23,22,35,8,20,29,0,10,12,89,9,25,30,150,0,77,127,1023,9,1,-19,0,0,204
2,4,4,4,4,6,Matthew,Judon,5485,87,0,1800,19,88,0,8,6915,22,6915,85,31,0,1,87,1,3,3,46,0,0,79,2,7,1009,91,86,45,45,0,8,11,0,2,0,0,0,0,0,73,3,60,0,0,2,3,38,0,0,9,2,4,1800,0,60,0,5,22,89,80,7,3924,43,0,1,100,21,86,94,93,5,5,5,5,3,33,44,16,20,30,7,10,20,0,15,15,5,8,22,24,5485,0,75,101,1023,9,2,-19,0,0,503
45,0,0,0,0,6,Romeo,Okwara,2464,74,0,1050,20,74,0,4,6916,19,6916,76,28,0,1,85,1,0,0,33,0,0,75,2,63,1009,85,75,45,45,0,8,10,0,2,0,0,0,0,0,152,45,63,3,2,1,3,39,0,0,95,2,3,1050,0,20,0,15,10,74,80,7,4069,40,0,1,100,21,83,76,80,0,0,0,0,3,32,54,45,24,34,7,19,12,0,10,10,46,6,30,22,2464,0,76,95,1023,10,5,-19,0,0,204
45,3,2,3,2,6,Eddie,Yarbrough,0,68,0,0,19,84,0,7,6918,33,6918,77,30,0,1,82,1,0,0,35,0,0,79,2,63,1009,80,77,46,45,0,8,12,0,0,0,0,0,0,0,260,45,0,2,2,0,3,17,0,0,77,0,0,0,0,20,0,15,22,66,78,7,4064,42,0,1,100,20,81,71,62,0,0,0,0,3,31,61,41,13,38,11,19,25,0,11,10,4,4,37,21,0,0,75,99,1023,9,1,-19,0,0,204
45,4,4,4,4,6,DeForest,Buckner,9637,88,0,0,19,76,0,4,6920,10,6920,72,29,0,0,92,1,1,0,40,0,0,82,2,7,15,95,89,46,45,0,8,13,0,0,0,0,0,0,0,160,40,61,0,0,2,3,12,0,0,99,2,5,0,0,78,0,1,22,86,80,7,3785,44,0,1,100,20,90,89,87,5,5,5,5,10,36,33,15,30,22,8,15,21,0,12,11,99,7,35,30,9637,0,79,135,1023,11,3,-19,0,0,412
12,7,7,7,7,6,Shaq,Lawson,109,78,0,15,19,83,0,4,6921,3,6921,80,29,0,0,84,1,0,0,50,0,0,76,2,19,1009,84,85,45,45,0,8,19,0,0,0,0,0,2,2,38,40,0,0,0,1,3,37,0,0,90,0,1,15,0,40,0,1,22,73,80,7,3797,26,0,1,100,20,85,79,69,5,5,3,3,7,32,44,41,26,37,9,7,7,3,11,11,61,5,25,28,109,0,75,105,1023,9,1,-19,0,0,255
45,4,4,4,4,6,Jonathan,Bullard,107,74,0,5,19,81,0,3,6924,31,6924,72,30,0,0,87,1,0,0,35,0,0,71,2,9,1009,87,84,44,44,0,8,12,0,0,0,0,0,0,0,62,45,0,0,0,1,3,26,0,0,90,0,1,5,0,81,0,3,22,69,78,7,3850,26,0,1,100,21,81,74,69,0,0,0,0,7,30,44,22,24,28,10,25,26,0,11,11,83,8,23,22,107,0,75,130,1023,9,2,-19,0,0,204
45,5,5,5,5,6,Bronson,Kaufusi,0,79,0,0,19,78,0,7,6925,33,6925,75,32,0,1,91,2,0,0,74,0,0,79,0,7,1009,90,77,53,55,0,8,44,6,0,0,0,0,0,0,26,45,0,0,0,0,3,5,0,0,45,2,0,0,0,60,0,3,22,52,74,7,3848,67,0,1,100,21,83,67,58,6,6,6,6,3,30,37,24,29,32,11,18,17,1,10,11,23,4,32,26,0,0,78,110,1023,9,0,-19,0,0,150
45,5,7,5,7,6,Noah,Spence,0,74,0,0,19,86,0,7,6926,33,6926,78,29,0,0,82,1,0,0,35,0,0,78,2,8,1009,85,76,44,44,0,8,25,0,0,0,0,0,0,0,56,39,0,0,2,0,3,29,0,0,52,2,0,0,0,92,0,2,22,68,84,7,3817,45,0,1,100,21,79,72,64,1,4,1,4,6,30,42,31,19,9,10,38,8,3,11,11,69,4,43,21,0,0,74,91,1023,9,2,-19,0,0,204
45,0,0,0,0,6,Ronald,Blair III,0,71,0,0,19,83,0,4,6930,33,6930,75,30,0,0,88,1,5,1,45,0,0,64,2,3,1009,87,78,46,45,0,8,12,0,0,0,0,0,0,0,7,45,0,3,3,0,3,74,0,0,98,0,0,0,0,70,0,5,22,70,81,7,3920,43,0,1,100,20,86,73,69,0,0,0,0,4,32,51,38,24,35,8,4,11,0,10,11,9,4,31,27,0,0,76,110,1023,9,1,-19,0,0,204
45,3,3,3,3,6,A'Shawn,Robinson,248,79,0,70,17,70,0,5,6932,16,6932,66,28,0,0,90,1,0,0,42,0,0,58,2,15,1009,89,85,44,45,0,8,13,0,0,0,0,0,0,0,3,40,38,0,0,1,3,48,0,0,91,1,1,70,0,85,0,2,23,74,66,7,3824,39,0,1,100,17,85,75,81,5,5,5,5,17,33,42,16,29,25,9,16,24,0,10,12,52,20,24,28,248,0,76,170,1023,9,0,-19,0,0,204
45,4,4,4,4,6,Jarran,Reed,900,83,0,300,17,68,0,4,6933,28,6933,65,31,0,0,87,1,0,0,30,0,0,62,2,18,1009,92,86,44,45,0,8,10,0,0,0,0,0,0,0,3,40,0,0,0,2,3,26,0,0,90,1,2,300,0,70,0,2,23,74,76,7,3827,33,0,1,100,17,89,82,85,6,6,6,6,38,34,34,32,25,37,8,27,10,0,12,12,14,20,33,27,900,0,75,147,1023,9,0,-19,0,0,204
40,3,3,3,3,6,Sheldon,Rankins,427,79,0,175,17,74,3,4,6934,32,6934,69,29,0,0,91,1,1,1,43,0,0,72,2,12,1009,89,81,44,45,0,8,13,0,0,0,0,0,0,0,105,45,45,0,0,1,3,36,0,0,98,0,1,175,0,61,0,1,23,76,83,7,3790,40,0,1,100,17,87,82,85,2,2,2,2,29,34,34,23,22,45,10,35,27,1,12,12,61,24,44,26,427,0,74,145,1023,9,0,-19,0,0,204
12,7,2,7,2,6,Vernon,Butler Jr,94,75,0,0,19,69,1,4,6935,33,6935,63,29,0,0,87,1,0,0,32,0,0,62,2,31,1009,86,83,44,45,0,8,17,0,0,0,0,0,0,0,101,45,15,0,2,1,3,47,0,0,91,1,1,0,0,85,0,1,22,67,81,7,3808,36,0,1,100,20,83,72,72,3,3,3,3,10,32,26,17,24,24,13,19,25,0,12,12,54,24,29,22,94,0,76,170,1023,9,1,-19,0,0,204
40,3,3,3,3,6,Kenny,Clark,6415,85,0,2500,17,75,0,5,6937,20,6937,68,28,0,0,92,1,0,0,24,0,0,63,2,27,1015,91,89,44,45,0,8,14,0,0,0,0,0,0,0,226,45,18,0,0,2,3,32,0,0,97,1,5,2500,0,80,0,1,23,86,71,7,3805,34,1,1,100,17,94,85,89,6,6,6,6,26,38,20,24,22,36,13,20,29,1,10,12,87,43,36,25,6415,1,75,154,1023,9,7,-19,0,0,261
45,7,7,7,7,6,Maliek,Collins,1388,81,0,300,17,71,0,0,6939,32,6939,70,28,0,0,88,1,0,0,31,0,0,68,2,4,1009,89,85,44,45,0,8,12,0,0,0,0,0,0,0,142,45,74,0,0,1,3,60,0,0,96,2,2,300,0,97,0,3,23,74,75,7,3845,31,0,1,100,17,83,80,85,5,5,5,5,31,32,32,34,25,38,10,27,30,0,12,12,24,41,44,23,1388,0,74,150,1023,9,2,-30,0,0,292
3,4,4,4,4,6,Chris,Jones,8125,82,0,0,17,79,0,4,6940,33,6940,69,29,0,0,93,1,0,0,29,0,0,72,2,6,1015,90,93,44,44,0,8,10,0,0,0,0,0,0,0,121,40,44,0,0,1,3,3,0,0,95,0,4,0,0,92,0,2,23,96,63,7,3815,29,0,1,100,17,95,97,98,0,0,0,0,6,36,45,25,31,23,12,17,4,0,12,12,99,6,43,28,8125,0,78,150,1023,9,7,-19,0,0,204
45,2,4,2,4,6,Austin,Johnson,1400,80,0,550,17,61,0,4,6941,8,6941,59,29,0,0,89,1,0,0,29,0,0,57,2,12,1009,94,81,45,45,0,8,10,0,0,0,0,8,0,8,164,40,0,0,0,1,3,22,0,0,98,1,2,550,0,75,0,2,23,72,66,7,3821,32,0,1,100,17,89,75,78,3,0,3,0,9,34,24,18,27,24,11,16,18,0,12,12,46,21,35,23,1400,0,76,154,1023,9,1,-19,0,0,204
45,7,5,7,5,6,Sheldon,Day,0,76,0,0,17,77,0,4,6942,1009,6942,68,29,0,0,88,1,0,0,34,0,0,67,2,5,1009,87,78,44,45,0,8,13,0,0,0,0,8,0,8,152,45,63,0,0,0,3,25,0,0,52,0,0,0,0,82,0,4,23,67,74,7,3881,37,0,1,100,17,82,73,73,0,0,0,0,4,30,34,22,16,29,10,16,19,0,12,12,8,23,40,26,0,0,73,133,1023,9,1,-19,0,0,204
40,5,5,5,5,6,Javon,Hargrave,7699,84,0,1840,17,80,0,4,6944,15,6944,73,30,0,0,88,1,4,4,28,0,0,68,2,26,1009,91,90,44,45,0,8,10,0,0,0,0,0,0,0,179,45,24,0,0,4,1,20,0,0,98,2,4,1840,0,50,0,3,23,84,83,7,3867,30,0,1,100,17,87,89,91,3,3,3,3,40,34,22,29,43,39,9,20,26,0,12,12,72,33,33,22,7699,1,74,145,1023,9,0,-19,0,0,204
45,2,2,2,2,6,Hassan,Ridgeway,317,75,0,100,17,75,0,5,6945,32,6945,70,29,0,0,75,1,0,0,35,0,0,52,2,18,1009,81,85,44,44,0,8,10,0,0,0,0,0,0,0,214,45,0,0,0,1,3,17,0,0,97,0,1,100,0,85,0,4,23,68,78,7,3894,36,0,1,100,17,87,74,67,5,5,5,5,33,34,30,27,29,34,8,30,22,0,12,12,41,38,37,24,317,0,75,145,1023,9,1,-19,0,0,302
40,2,1,2,1,6,Matt,Ioannidis,0,79,0,0,17,71,0,7,6946,33,6946,69,29,0,0,90,1,0,0,31,0,0,68,0,13,1009,87,80,45,45,0,8,10,0,0,0,6,0,6,0,208,2,38,0,2,0,3,6,0,0,99,0,0,0,0,60,0,5,23,75,70,7,3930,41,0,1,100,17,95,83,78,2,0,2,0,40,38,28,31,13,33,9,32,0,0,12,12,88,34,34,24,0,0,75,150,1023,9,1,-19,0,0,7
45,4,4,4,4,20,Mike,Hilton,2385,90,0,400,10,90,0,4,6947,2,6947,88,29,0,0,85,1,0,0,70,0,0,88,2,63,1009,89,58,16,26,0,8,59,0,0,0,7,7,7,7,159,29,35,0,0,2,3,0,0,0,21,2,4,400,0,87,0,15,22,82,81,7,4731,57,0,1,100,11,65,83,89,6,6,6,6,2,22,95,10,25,15,13,0,30,1,16,16,10,2,6,3,2385,0,69,24,1023,69,2,-30,0,0,511
45,4,4,4,4,6,Adam,Gotsis,287,76,0,24,17,76,0,7,6948,17,6948,73,31,0,0,81,1,0,0,39,0,0,63,0,32,1009,90,79,44,44,0,8,22,0,0,0,0,0,0,0,71,45,42,0,0,2,3,28,0,0,96,1,2,24,0,76,0,2,23,70,79,7,3841,43,0,1,100,17,82,74,75,5,5,5,5,9,31,47,15,22,30,12,25,14,3,11,12,99,10,37,29,287,0,76,127,1023,9,3,-19,0,0,150
2,5,5,5,5,22,Myles,Jack,0,88,0,0,19,88,0,3,6951,33,6951,86,28,0,0,86,1,0,0,70,0,0,88,2,5,1009,87,88,45,45,0,8,54,0,0,0,0,0,0,0,226,42,41,0,0,0,3,17,0,0,51,2,0,0,0,70,0,2,22,82,91,7,3814,76,0,1,100,21,74,85,87,0,0,0,0,3,27,57,5,30,25,12,4,25,0,14,13,29,2,25,24,0,0,73,95,1023,65,1,-19,0,0,70
12,2,2,2,2,48,Darron,Lee,0,85,0,0,19,88,0,4,6952,33,6952,87,29,0,1,88,1,0,0,58,0,0,85,2,20,1009,90,82,45,45,0,8,24,0,0,0,1,1,0,0,156,42,84,0,0,0,3,54,0,0,58,1,0,0,0,90,0,1,62,69,84,7,3798,51,0,1,100,19,72,76,66,2,2,6,6,0,26,57,21,43,10,8,0,32,0,15,13,24,6,22,13,0,0,73,72,1023,10,2,-19,0,0,400
45,7,7,7,7,6,Deion,Jones,0,86,0,0,19,91,0,5,6954,33,6954,90,29,0,1,78,1,0,0,73,0,0,86,2,21,1015,87,80,45,45,0,8,14,0,0,0,1,1,0,0,106,42,63,0,0,0,3,2,0,0,54,0,0,0,0,80,0,2,25,77,85,7,3830,56,0,1,100,19,73,76,78,2,2,6,6,3,26,79,20,20,19,7,9,15,1,14,13,25,8,35,13,0,2,73,62,1023,10,1,-19,0,0,114
45,2,2,2,2,6,Joe,Schobert,0,90,0,0,18,85,2,4,6957,33,6957,80,30,0,0,92,1,0,0,70,0,0,78,0,1,1009,93,83,45,45,0,8,20,0,0,0,0,0,0,0,258,2,64,0,0,0,3,26,0,0,52,2,0,0,0,40,0,4,23,75,85,7,3877,42,0,1,100,21,75,76,81,5,5,5,5,5,28,79,15,35,18,8,9,18,0,14,13,3,0,28,12,0,0,73,80,1023,10,1,-19,0,0,150
45,4,4,4,4,5,Reggie,Ragland,0,83,0,0,19,82,0,5,6962,33,6962,80,30,0,0,90,1,0,0,56,0,0,76,2,10,1009,90,77,45,45,0,8,16,0,0,0,0,0,0,0,3,45,48,0,0,0,3,31,0,0,19,1,0,0,0,40,0,2,25,66,77,7,3819,36,0,1,100,19,79,64,66,5,5,5,5,6,30,47,29,31,47,9,7,45,0,14,14,28,0,43,21,0,0,74,92,1023,10,2,-19,0,0,417
45,7,7,7,7,6,Jaylon,Smith,0,82,0,0,19,89,0,10,6963,1009,6963,86,28,0,0,85,1,0,0,56,0,0,83,2,3,1009,85,81,45,45,0,8,23,0,0,0,5,5,5,5,152,42,65,0,0,0,1,60,0,0,59,0,0,0,0,9,0,2,25,71,86,7,3812,45,0,1,100,19,73,81,75,4,4,4,4,5,26,46,16,25,21,11,6,30,1,15,14,10,3,18,25,0,0,74,85,1023,10,1,-30,0,0,491
45,5,5,5,5,5,Nick,Vigil,0,86,0,0,26,86,1,4,6969,1009,6969,81,30,0,0,91,1,0,0,58,0,0,83,0,24,1009,91,82,45,45,0,8,16,0,2,0,0,0,0,0,234,45,50,5,5,0,3,0,0,0,59,1,0,0,0,62,0,3,23,69,77,7,3865,40,0,1,100,23,71,72,74,0,0,0,0,4,26,58,24,13,31,8,12,26,0,14,14,20,2,21,13,0,2,74,79,1023,12,2,-19,0,0,150
45,7,7,7,7,6,Nick,Kwiatkoski,0,83,0,0,29,84,0,4,6974,33,6974,79,30,0,1,84,1,0,0,62,0,0,81,0,15,1009,85,82,45,45,0,8,11,0,2,0,0,0,0,0,254,45,10,0,0,0,3,46,0,0,53,2,0,0,0,66,0,4,25,74,81,7,3891,42,0,1,100,22,78,72,74,5,5,5,5,5,29,57,32,22,36,8,29,27,0,14,14,29,5,28,21,0,0,74,82,1023,12,1,-19,0,0,150
12,7,7,7,7,6,Leonard,Floyd,0,86,0,0,19,87,0,3,6976,3,6976,85,31,0,0,85,1,0,0,55,0,0,83,2,9,1009,94,82,45,45,0,8,21,0,0,0,2,2,0,0,70,42,47,0,0,1,3,42,0,0,56,2,1,146,0,84,0,1,22,78,92,7,3787,41,0,1,100,21,75,85,83,3,3,5,5,3,28,70,15,30,20,11,15,20,0,15,15,60,4,17,10,262,0,77,80,1023,12,0,-19,0,0,16
45,4,3,4,3,44,Kyler,Fackrell,0,77,0,0,19,86,0,4,6977,33,6977,80,32,0,0,81,2,0,0,67,0,0,80,0,25,1009,83,79,18,25,0,8,25,0,2,0,0,0,0,0,234,45,1,0,0,0,3,7,0,0,57,2,0,0,0,50,0,3,62,72,83,7,3866,54,0,1,100,21,75,77,75,4,0,4,0,7,28,55,44,23,24,10,28,22,0,13,15,54,2,44,23,0,0,77,85,1023,10,1,-19,0,0,150
45,1,1,1,1,6,Jordan,Jenkins,0,74,0,0,18,78,0,4,6978,33,6978,74,29,0,0,70,1,0,1,44,0,0,79,2,20,1009,83,82,45,45,0,8,14,0,0,0,0,0,0,0,70,40,73,0,0,0,3,51,0,0,94,2,0,0,0,75,0,3,23,70,82,7,3861,47,0,1,100,21,86,73,66,5,5,5,5,4,33,47,26,51,27,13,0,21,0,10,15,35,3,37,25,0,0,75,99,1023,10,2,-19,0,0,204
45,3,3,3,3,6,Tyler,Matakevich,183,82,0,66,15,80,0,4,6979,3,6979,76,31,0,1,93,1,0,0,68,0,0,75,1,25,1009,93,83,45,45,0,8,30,0,3,0,0,0,0,0,208,45,0,4,4,1,3,71,0,0,44,1,1,66,0,60,0,7,20,65,76,7,4258,65,6,1,100,14,75,69,71,0,0,0,0,4,28,61,15,13,21,9,22,20,0,14,14,26,6,35,13,183,1,73,75,1023,10,3,-19,0,0,150
45,7,7,7,7,6,Yannick,Ngakoue,0,84,0,0,19,86,0,7,6981,1,6981,81,28,0,0,88,1,0,0,50,0,0,81,2,6,1009,92,80,44,44,0,8,20,0,0,0,0,0,0,0,111,39,36,0,0,1,3,41,0,0,91,2,1,0,0,71,0,3,22,76,83,7,3847,44,0,1,100,21,80,82,77,6,6,6,6,5,30,45,25,25,4,8,5,20,0,11,15,71,4,30,23,1044,0,74,86,1023,9,1,-19,0,0,204
12,4,4,4,4,6,Vernon,Hargreaves II,0,90,0,0,17,90,0,1,6986,33,6986,88,28,0,0,83,1,0,0,71,0,0,90,2,11,1009,85,66,10,14,0,8,71,0,0,0,0,0,0,0,62,4,48,1,1,0,3,50,0,0,29,2,0,0,0,92,0,1,27,72,90,7,3789,70,0,1,100,18,63,77,70,0,0,0,0,4,22,70,10,16,15,12,16,7,1,16,16,38,3,10,10,0,0,70,44,1023,76,2,-19,0,0,98
45,3,3,3,3,6,Kendall,Fuller,4000,92,0,1248,17,91,0,4,6987,26,6987,89,28,0,0,87,1,0,0,74,0,0,88,2,21,1009,87,66,10,17,0,8,57,0,0,0,4,4,4,4,241,38,60,0,0,1,3,51,0,0,29,2,4,1248,0,70,0,3,27,87,87,7,3862,63,0,1,100,18,67,87,92,3,3,3,3,5,24,73,9,10,50,11,10,6,1,16,16,38,5,9,7,4000,0,71,38,1023,60,3,-19,0,0,197
12,4,4,4,4,6,Eli,Apple,0,93,0,0,17,92,3,4,6988,12,6988,90,28,0,0,84,1,0,0,69,0,0,87,2,10,1009,90,56,10,15,0,7,50,0,0,0,4,4,4,4,156,30,63,0,0,1,3,18,0,0,33,2,1,25,0,85,0,1,27,74,85,7,3788,63,0,1,100,18,61,79,76,0,0,0,0,1,20,81,9,15,28,11,11,10,0,16,16,11,4,10,6,157,1,73,43,1023,65,2,-19,0,0,204
45,6,6,6,6,6,Mackensie,Alexander,0,90,0,0,17,90,3,4,6989,33,6989,88,30,0,0,78,1,0,0,59,0,0,86,2,24,1009,86,61,10,16,0,7,55,0,0,0,0,0,2,2,38,45,0,0,0,0,3,38,0,0,36,2,0,0,0,97,0,2,27,72,88,7,3833,57,0,1,100,18,59,75,76,0,0,3,3,4,20,92,17,30,21,7,8,20,0,16,16,28,4,4,7,0,0,70,32,1023,70,1,-19,0,0,204
12,2,2,2,2,6,Artie,Burns,0,89,0,0,17,90,2,4,6990,1009,6990,88,28,0,0,73,1,0,0,63,0,0,83,2,25,1009,85,52,33,34,0,8,55,0,0,0,0,0,0,0,115,45,0,1,1,0,3,48,0,0,23,2,0,0,0,30,0,1,27,69,79,7,3803,60,0,1,100,18,56,72,72,0,0,0,0,2,18,83,10,11,30,9,1,15,2,16,16,61,4,0,3,0,0,72,27,1023,56,1,-19,0,0,384
12,4,4,4,4,6,William,Jackson III,0,91,0,0,17,92,0,4,6991,33,6991,92,31,0,0,81,1,0,0,70,0,0,86,2,24,26,88,52,10,16,0,8,72,0,0,0,0,0,0,0,80,30,36,0,0,0,3,68,0,0,3,2,0,0,0,86,0,1,31,81,92,7,3802,68,0,1,100,18,59,82,82,0,0,0,0,2,20,79,20,4,35,9,22,17,0,16,16,36,0,2,2,0,0,72,29,1023,56,1,-19,0,0,376
45,6,6,6,6,6,Eric,Murray,800,88,0,130,17,91,1,4,6992,32,6992,88,29,0,0,84,1,0,0,62,0,0,82,2,8,1009,91,66,10,15,0,7,45,0,0,0,0,8,0,8,120,45,0,0,0,1,3,33,0,0,23,2,2,130,0,66,0,4,27,71,88,7,3884,58,0,1,100,18,63,78,76,0,3,0,3,1,22,80,37,2,53,11,19,10,0,17,16,39,3,5,8,800,0,71,39,1023,60,3,-19,0,0,204
45,3,4,3,4,10,Will,Redmond,0,86,0,0,17,90,3,4,6993,33,6993,89,30,0,0,73,1,0,3,58,0,0,87,2,5,1009,85,53,33,34,0,7,54,0,0,0,0,0,0,0,121,45,0,5,2,0,3,58,0,0,22,2,0,0,0,75,0,3,27,65,86,7,3846,57,0,1,100,18,61,69,63,3,4,3,4,0,20,85,5,21,47,8,17,15,0,16,16,30,5,0,1,0,0,71,26,1023,56,1,-19,0,0,204
45,1,1,1,1,6,Xavien,Howard,9315,94,0,1375,17,93,0,4,6994,12,6994,91,30,0,0,88,1,0,0,84,0,0,87,2,7,1015,90,65,10,14,0,8,63,0,2,0,0,0,0,0,17,30,18,0,0,4,3,62,0,0,25,0,5,1375,0,87,0,2,27,84,92,7,3816,64,0,1,100,18,65,88,83,5,5,5,5,5,22,67,11,21,21,13,6,14,1,16,16,63,1,6,12,9315,0,73,43,1023,56,7,-19,0,0,204
45,7,7,7,7,6,Jonathan,Jones,1894,92,0,750,17,94,3,5,7000,22,7000,92,30,0,0,73,1,3,0,75,0,0,86,2,63,1009,83,61,33,34,0,7,55,0,0,0,0,0,0,0,14,30,66,0,0,2,3,32,0,0,31,2,2,750,0,20,0,15,27,83,87,7,4085,60,0,1,100,18,63,86,86,5,5,5,5,2,22,84,20,7,11,10,3,19,0,16,16,34,3,4,6,1894,0,70,30,1023,60,7,-19,0,0,322
45,4,7,4,7,6,Maurice,Canady,0,86,0,0,17,88,0,4,7002,33,7002,86,29,0,1,80,1,0,0,68,0,0,87,2,34,1009,83,69,10,14,0,7,55,0,0,0,0,8,0,8,240,45,0,0,2,0,3,39,0,0,31,2,0,0,0,75,0,6,26,72,87,7,3987,62,0,1,100,18,68,77,75,3,0,3,0,1,24,93,8,12,35,13,2,1,0,16,16,67,0,12,4,0,0,73,33,1023,56,3,-19,0,0,204
45,4,4,4,4,16,Daryl,Worley,0,87,0,0,17,89,2,5,7003,1009,7003,87,28,0,0,87,1,0,0,70,0,0,83,2,14,1009,87,58,10,14,0,7,58,0,0,0,0,0,2,2,254,45,71,0,0,0,3,23,0,0,41,0,0,0,0,82,0,3,27,70,85,7,3855,67,0,1,100,18,65,76,75,0,0,3,3,3,22,76,6,18,16,10,11,12,0,16,16,29,4,6,11,0,0,73,55,1023,65,2,-19,0,0,428
45,4,4,4,4,6,Kevon,Seymour,89,88,0,0,11,89,0,3,7006,25,7006,90,30,0,0,68,1,0,0,60,0,0,86,2,43,1009,82,47,10,18,0,7,50,5,0,0,1,1,0,0,231,45,0,0,0,1,3,44,0,0,25,2,1,0,0,86,0,6,25,67,84,7,3996,58,0,1,100,10,62,71,67,2,2,0,0,2,21,78,27,19,19,13,27,14,0,16,16,31,1,9,2,94,0,72,25,1023,45,2,-19,0,0,204
45,7,7,7,7,6,Tavon,Young,0,89,0,0,24,91,0,5,7011,33,7011,88,29,0,0,84,1,0,0,70,0,0,88,2,6,1015,79,57,10,12,0,8,59,0,0,0,0,0,0,0,208,45,0,0,0,0,3,0,0,0,25,2,0,0,0,78,0,4,17,75,83,7,3882,66,0,1,100,21,63,78,76,2,2,2,2,4,22,96,35,13,17,8,15,11,1,16,16,31,1,2,1,0,0,69,17,1023,72,1,-19,0,0,204
45,4,4,4,4,26,Jalen,Ramsey,5145,94,0,528,17,94,0,4,7013,33,7013,92,29,0,0,90,1,0,0,81,0,0,91,2,5,24,88,74,21,34,0,8,68,0,0,0,3,3,3,3,64,38,54,0,0,3,3,13,0,0,5,2,3,528,0,88,0,1,27,97,94,7,3783,71,0,1,100,18,71,95,96,0,0,0,0,0,26,85,3,15,40,9,5,15,2,16,16,32,0,10,10,5145,1,73,48,1023,80,0,-19,0,0,73
12,7,7,7,7,15,Keanu,Neal,425,87,0,92,18,87,0,5,7014,29,7014,85,28,0,0,93,1,0,0,72,0,0,85,2,17,1009,86,69,25,20,0,8,46,0,0,0,0,0,0,0,62,45,38,0,0,2,3,29,0,0,31,2,2,92,0,75,0,1,34,75,89,7,3795,65,0,1,100,21,76,80,76,5,5,5,5,1,28,76,10,35,21,13,10,22,0,18,17,61,1,5,6,425,0,72,51,1023,76,0,-19,0,0,401
45,4,4,4,4,10,Jalen,Mills,291,88,0,62,19,89,1,3,7016,22,7016,88,29,0,1,81,1,0,0,71,0,0,87,2,12,1009,88,53,10,12,0,8,45,0,0,0,0,0,0,0,106,45,56,0,0,1,3,25,0,0,2,2,1,62,0,88,0,7,28,74,87,7,4011,62,0,1,100,20,62,80,81,6,6,6,6,1,21,72,10,25,20,8,8,30,0,17,18,48,4,5,10,291,0,72,31,1023,80,2,-19,0,0,400
45,0,0,0,0,10,Deon,Bush,0,88,0,0,18,90,0,4,7020,1009,7020,87,30,0,0,83,1,0,1,65,0,0,83,2,26,1009,87,64,25,14,0,8,45,0,0,0,0,0,0,0,115,45,35,0,2,0,3,53,0,0,26,2,0,0,0,40,0,4,27,66,86,7,3902,62,0,1,100,21,71,74,68,2,0,2,0,0,26,69,44,28,32,7,14,17,0,17,17,44,0,8,11,0,1,72,40,1023,42,1,-19,0,0,204
45,2,2,2,2,6,Vonn,Bell,2249,95,0,582,19,88,0,5,7024,21,7024,87,29,0,0,85,1,0,0,75,0,0,83,2,30,1009,92,74,25,16,0,8,47,6,0,0,1,1,0,0,156,45,38,0,0,3,3,50,0,0,24,2,3,582,0,75,0,2,26,83,82,7,3839,69,0,1,100,20,74,90,90,2,2,7,7,2,27,88,10,5,20,13,10,15,0,18,18,10,4,10,6,2249,0,71,55,1023,48,3,-19,0,0,471
12,2,2,2,2,10,Karl,Joseph,0,84,0,0,18,88,0,7,7025,33,7025,86,30,0,0,86,1,0,0,71,0,0,86,2,14,1009,76,71,25,16,0,8,40,0,0,0,3,3,3,3,254,4,32,0,0,0,3,32,0,0,38,2,0,0,0,65,0,1,27,73,87,7,3792,78,0,1,100,21,76,80,72,6,6,6,6,3,28,74,5,35,32,10,5,21,1,17,18,29,2,13,8,0,0,70,40,1023,60,2,-19,0,0,454
45,7,7,7,7,10,Jayron,Kearse,997,91,0,350,18,89,0,4,7026,11,7026,87,29,0,0,86,1,0,0,73,0,0,79,2,23,1009,91,80,25,17,0,8,57,0,0,0,0,0,0,0,38,45,0,0,0,1,3,31,0,0,1,0,2,350,0,70,0,7,27,81,84,7,4022,72,0,1,100,21,71,89,84,0,0,0,0,4,26,81,15,34,19,9,27,32,0,18,18,10,3,13,10,997,0,76,55,1023,42,2,-19,0,0,204
45,5,6,5,6,6,Miles,Killebrew,400,81,0,96,18,86,0,4,7027,29,7027,85,30,0,0,87,1,0,0,69,0,0,83,2,13,1009,90,69,25,19,0,8,48,0,2,0,0,0,0,0,195,45,0,2,0,1,3,49,0,0,28,2,2,96,0,55,0,4,27,67,86,7,3889,76,0,1,100,21,76,75,69,0,0,0,0,4,28,77,14,45,25,10,8,5,3,18,17,17,2,21,13,400,0,74,62,1023,42,2,-19,0,0,150
45,6,6,6,6,26,Kevin,Byard,6835,94,0,1080,19,89,0,4,7028,30,7028,90,30,0,0,90,1,0,0,82,0,0,89,2,1,1015,97,82,12,16,0,7,59,0,0,0,2,2,0,0,119,45,40,0,0,2,3,35,1,0,31,0,6,1080,0,73,0,3,44,92,90,7,3842,78,0,1,100,20,73,98,92,3,3,0,0,4,26,87,5,40,12,13,25,29,0,17,18,65,2,11,7,6835,0,71,52,1023,55,7,-19,0,0,285
45,7,4,7,4,6,DeAndre,Houstn-Carson,0,90,0,0,19,90,0,5,7029,33,7029,86,30,0,0,86,1,0,0,71,0,0,80,2,10,1015,89,71,4,14,0,7,43,0,0,0,0,0,0,0,256,45,9,0,0,0,3,56,0,0,36,2,0,0,0,86,0,6,26,73,81,7,3963,61,0,1,100,20,64,76,72,0,0,0,0,0,22,66,8,41,22,7,2,0,0,18,18,0,4,11,5,0,0,72,42,1023,31,6,-19,0,0,271
45,2,7,2,7,30,Ka'lmi,Fairbairn,1764,89,0,300,87,82,0,5,7034,32,7034,79,29,0,0,65,1,0,0,37,0,0,64,1,63,1009,82,35,15,20,0,8,15,0,0,0,0,1,0,1,226,45,73,0,2,1,3,40,0,0,15,0,4,300,0,20,0,15,39,79,69,7,4110,45,0,1,100,96,39,80,64,3,0,3,0,2,10,90,5,16,16,10,2,2,0,19,19,17,5,1,7,1764,0,72,23,1023,10,7,-19,0,0,150
45,6,6,6,6,6,James,Bradberry,1618,95,0,477,21,91,0,0,7042,13,7042,89,30,0,0,88,1,0,0,76,0,0,85,2,31,1009,93,47,10,13,0,8,60,0,0,0,0,0,0,0,184,38,54,0,0,3,3,33,0,0,24,2,3,477,0,40,0,2,21,85,88,7,3840,62,0,1,100,29,67,85,90,0,0,0,0,1,24,77,37,2,53,7,19,10,0,16,16,39,0,9,6,1618,0,73,50,1023,65,1,-19,0,0,1
45,2,2,2,2,6,Joe,Thuney,7998,93,0,1700,11,76,0,7,7043,9,7043,71,31,0,0,94,1,0,0,26,0,0,68,0,15,1009,97,29,91,82,0,8,8,0,3,0,0,0,0,0,138,25,78,0,0,3,3,1,0,0,62,1,5,1700,0,61,0,3,25,89,71,7,3856,33,0,1,100,11,88,88,90,5,5,5,5,3,34,41,24,2,20,8,18,13,0,6,6,83,5,32,26,7998,0,77,144,1023,10,2,-19,0,0,8
3,5,5,5,5,10,Justin,Simmons,6100,95,0,1500,19,91,1,3,7046,4,7046,88,30,2,1,85,1,0,0,81,0,0,94,0,36,1015,89,70,13,18,0,8,47,0,2,0,1,1,0,0,20,2,19,0,0,2,3,49,0,0,31,0,4,1500,0,30,0,3,26,92,96,7,3876,62,0,1,100,20,66,97,94,2,2,0,0,4,23,75,14,45,25,10,8,5,0,17,18,17,4,10,7,6100,0,74,42,1023,48,7,-19,0,0,41
45,4,4,4,4,15,Chris,Moore,109,80,0,15,22,88,0,10,7047,30,7047,88,30,0,0,77,1,0,0,84,0,0,88,2,9,1009,88,26,40,55,0,7,72,0,0,0,0,0,0,0,36,45,30,0,0,1,3,36,0,0,11,2,1,15,0,78,0,4,26,73,87,7,3885,73,0,1,100,23,58,73,78,0,0,0,0,2,19,74,2,12,3,13,0,17,0,3,3,23,3,5,11,109,0,73,40,1023,77,0,-19,0,0,376
45,4,4,4,4,6,Ryan,Smith,0,88,0,0,17,88,0,5,7048,33,7048,88,30,0,0,74,1,0,0,68,0,0,85,2,10,1009,85,60,10,14,0,7,48,0,0,0,0,0,0,0,140,45,0,0,0,0,3,43,0,0,23,2,0,0,0,79,0,4,27,69,85,7,3886,61,0,1,100,18,68,74,69,0,0,0,0,1,24,97,0,19,43,9,0,22,0,16,16,0,4,11,5,0,1,71,29,1023,65,2,-19,0,0,89
45,4,4,4,4,6,De'vondre,Campbell,4923,91,0,1500,20,87,0,10,7051,20,7051,86,30,0,0,85,1,0,0,65,0,0,85,2,17,1009,92,91,23,29,0,8,16,0,0,0,0,0,0,0,120,41,39,0,0,4,3,46,0,0,59,2,5,1500,0,75,0,4,24,85,82,7,3893,45,0,1,100,20,72,88,90,0,0,0,0,3,26,76,15,25,23,8,5,13,2,14,15,24,4,29,13,4923,0,75,72,1023,10,2,-19,0,0,204
45,4,4,4,4,6,Juston,Burris,0,89,0,0,17,89,0,4,7052,33,7052,86,30,0,0,85,1,0,0,64,0,0,80,2,20,1009,87,58,10,17,0,7,47,0,0,0,0,0,0,0,138,45,0,6,6,0,3,43,0,0,31,2,0,0,0,70,0,4,27,67,86,7,3896,63,0,1,100,18,72,74,75,0,0,0,0,2,26,63,10,27,29,10,10,24,2,18,16,26,4,8,10,0,1,72,52,1023,56,3,-19,0,0,52
45,3,3,3,3,6,David,Onyemata,3500,76,0,1200,12,80,0,10,7053,14,7053,68,31,0,1,85,1,2,2,41,0,0,70,2,22,1009,91,81,44,45,0,8,10,0,0,0,0,0,0,0,348,40,0,2,2,3,3,3,0,0,90,0,3,1200,0,40,0,4,13,75,80,7,3898,30,0,1,100,29,89,84,83,0,0,0,0,10,34,45,19,41,34,9,22,15,0,12,11,12,4,34,26,3500,0,76,140,1023,10,0,-19,0,0,204
45,3,3,3,3,6,Andrew,Billings,269,72,0,87,19,70,0,10,7054,1,7054,71,28,0,0,78,1,0,0,26,0,0,63,2,24,1009,86,79,44,45,0,8,17,0,0,0,0,0,0,0,17,40,19,2,2,1,3,53,0,0,97,1,1,87,0,78,0,4,24,72,69,7,3900,28,0,1,100,23,89,76,72,0,0,0,0,40,36,14,23,47,30,10,25,20,2,12,12,47,44,39,25,269,0,73,151,1023,9,0,-19,0,0,204
45,3,3,3,3,6,Dean,Lowry,667,82,0,120,19,77,0,4,7058,31,7058,74,29,0,1,89,1,0,0,48,0,0,70,0,39,1009,95,88,45,45,0,8,16,0,0,0,0,0,0,0,151,40,66,0,0,2,3,3,0,0,94,0,2,120,0,60,0,4,22,74,79,7,3915,47,0,1,100,21,86,80,77,6,6,6,6,9,33,34,18,30,25,10,25,15,0,10,11,12,7,26,27,667,0,78,136,1023,9,0,-19,0,0,150
45,3,3,3,3,6,Quinton,Jefferson,206,80,0,38,20,78,0,10,7060,18,7060,74,30,0,1,86,1,1,0,36,0,0,63,2,8,1009,89,84,44,45,0,8,10,0,0,0,0,0,0,0,111,45,0,2,0,1,3,53,0,0,93,2,1,38,0,60,0,5,10,73,72,7,3925,39,0,1,100,21,82,80,84,0,0,0,0,7,30,35,23,47,23,11,23,20,2,12,12,47,6,40,25,206,0,76,131,1023,10,0,-19,0,0,204
45,2,2,2,2,6,Halapouliva,Vaitai,505,86,0,229,13,67,0,4,7063,19,7063,62,30,0,0,88,1,1,0,23,0,0,61,2,27,1009,88,37,70,72,0,8,8,0,0,0,0,0,0,0,207,45,0,0,0,1,3,6,0,0,72,0,1,229,0,45,0,5,26,70,72,7,3942,21,0,1,100,18,87,66,76,6,6,6,6,12,33,39,19,45,26,10,19,3,0,8,5,55,16,34,26,505,0,78,168,1023,10,3,-19,0,0,58
45,7,7,7,7,28,Tyreek,Hill,14091,92,0,2550,15,99,0,7,7064,12,7064,99,29,0,0,93,1,3,3,94,0,0,98,2,28,9,91,27,33,59,0,8,85,0,0,0,0,0,0,0,382,35,94,0,0,4,3,36,1,0,10,2,5,2550,0,80,0,5,41,98,92,7,3943,79,0,1,100,13,64,92,94,0,0,0,0,3,22,87,10,15,3,9,10,17,2,3,3,23,3,7,8,14091,0,70,31,1023,92,1,-19,0,0,276
2,3,3,3,3,6,D. J.,Reader,5300,82,0,1624,17,64,0,10,7065,2,7065,61,29,0,0,84,1,0,0,29,0,0,59,2,29,1009,84,87,44,45,0,8,10,0,0,0,0,0,0,0,38,40,45,2,0,1,3,53,0,0,98,1,4,1624,0,78,0,5,24,87,73,7,3944,30,0,1,100,17,92,88,96,0,0,0,0,43,34,3,35,47,55,11,43,20,2,12,12,47,48,52,28,5300,0,75,175,1023,9,3,-19,0,0,204
45,7,7,7,7,6,Marqui,Christian,0,86,0,0,19,91,1,10,7066,33,7066,86,29,0,0,84,1,0,0,63,0,0,85,2,30,1009,88,67,10,14,0,8,45,0,0,0,4,4,4,4,269,45,7,0,0,0,3,35,0,0,23,0,0,0,0,88,0,5,26,66,85,7,3945,63,0,1,100,23,67,73,67,3,3,3,3,3,24,74,13,46,17,7,2,25,1,18,18,33,1,11,6,0,0,71,35,1023,35,3,-19,0,0,92
45,2,0,2,0,6,Cole,Toner,0,76,0,0,21,64,0,4,7068,33,7068,60,29,0,0,75,1,0,2,42,1,0,54,0,33,1009,87,41,62,64,0,8,8,0,0,0,0,0,0,0,75,45,0,0,2,0,3,6,0,0,66,0,0,0,0,49,0,5,30,55,66,7,3948,64,0,1,100,22,78,55,78,2,2,2,2,9,29,31,22,45,29,9,16,3,0,7,5,55,9,34,22,0,0,77,150,1023,10,2,-19,0,0,150
45,7,6,7,6,10,Andy,Janovich,0,84,0,0,21,85,0,4,7071,33,7071,77,30,0,0,84,1,0,0,69,0,0,72,0,1,1009,85,57,69,62,0,8,48,0,2,0,0,0,0,0,142,45,70,0,2,0,3,49,0,0,41,0,0,0,0,25,0,6,28,73,82,7,3954,79,0,1,100,20,81,66,67,2,4,2,4,2,30,63,27,37,28,7,37,21,0,2,2,67,9,28,13,0,1,73,78,1023,66,1,-19,0,0,152
45,4,4,4,4,6,Devante,Bond,0,79,0,0,24,85,0,10,7077,33,7077,80,30,0,0,74,1,0,0,46,0,0,79,2,8,1009,85,77,45,45,0,8,15,0,0,0,0,0,0,0,157,45,0,2,2,0,3,46,0,0,51,2,0,0,0,72,0,6,27,66,83,7,3961,32,0,1,100,25,74,72,68,0,0,0,0,0,27,75,40,25,23,7,2,13,0,15,15,24,6,16,12,0,0,73,76,1023,10,2,-19,0,0,204
11,4,4,4,4,26,Jakeem,Grant,364,84,0,132,22,91,0,4,7079,33,7079,93,31,0,0,77,1,0,0,83,0,0,89,2,11,1009,83,20,37,51,0,7,79,0,0,0,0,0,0,0,217,36,48,0,0,1,3,36,0,0,9,2,2,132,0,70,0,6,35,75,87,7,3964,73,0,1,100,23,62,71,68,0,0,0,0,2,21,88,2,12,3,7,0,17,1,3,3,23,5,4,0,364,0,67,11,1023,91,1,-19,0,0,204
45,3,3,3,3,6,Anthony,Brown,0,95,0,0,17,91,0,4,7081,33,7081,92,30,0,0,92,1,0,0,70,0,0,86,2,14,1015,86,55,10,11,0,8,55,0,0,0,2,2,0,0,169,30,69,0,0,0,3,60,0,0,3,2,0,0,0,87,0,6,27,79,84,7,3967,63,0,1,100,18,68,83,84,3,3,0,0,0,24,75,10,20,15,7,0,25,0,16,16,10,5,8,7,0,0,71,36,1023,56,7,-30,0,0,453
45,2,2,2,2,6,Wes,Schweitzer,388,83,0,60,21,71,0,4,7084,18,7084,65,30,0,0,92,1,0,2,12,0,0,56,0,20,1009,86,32,72,75,0,8,9,0,0,0,0,0,0,0,185,45,0,0,0,2,3,6,0,0,71,2,2,60,0,40,0,6,25,70,69,7,3973,25,0,1,100,18,82,68,79,2,2,2,2,3,30,49,23,34,25,10,24,3,0,6,5,55,5,42,26,388,0,76,140,1023,10,0,-19,0,0,150
45,4,4,4,4,10,Mike,Thomas,94,80,0,0,19,88,1,5,7087,33,7087,86,29,0,0,81,1,0,0,80,0,0,83,2,31,1009,89,13,35,51,0,8,70,0,0,0,0,0,0,0,194,45,0,0,0,1,3,36,0,0,87,2,1,0,0,76,0,6,23,68,86,7,3984,67,0,1,100,19,63,67,71,0,0,0,0,2,22,93,2,12,3,10,0,17,0,3,3,23,1,1,1,94,0,73,37,1023,79,1,-19,0,0,291
45,0,0,0,0,67,Jeff,Driskel,0,72,0,0,20,85,0,7,7088,1009,7088,85,30,0,0,85,1,0,0,72,0,0,81,0,32,1009,84,24,50,53,0,7,73,0,4,0,8,8,8,8,101,19,0,0,0,0,3,40,0,0,19,1,0,0,0,74,0,6,84,62,76,7,3985,69,0,1,100,21,70,63,64,5,5,5,5,1,24,57,4,31,6,7,5,12,0,0,0,55,5,15,13,0,0,76,75,1023,11,0,-19,0,0,150
45,4,4,4,4,6,Kamu,Grugier-Hill,109,87,0,15,52,91,0,5,7089,21,7089,89,29,0,0,90,1,0,0,65,0,0,86,2,33,1009,89,78,23,34,0,8,29,0,0,0,0,0,0,0,55,42,66,0,0,1,3,31,0,0,54,1,1,15,0,55,0,6,29,69,87,7,3986,66,0,1,100,84,72,68,67,5,5,5,5,4,26,78,10,25,63,9,10,20,1,14,14,57,9,34,13,109,0,74,70,1023,35,0,-19,0,0,204
45,7,7,7,7,6,Elandon,Roberts,700,88,0,232,20,83,0,4,7092,29,7092,83,29,0,1,86,1,3,3,52,0,0,74,2,39,1009,89,81,45,52,0,8,33,0,0,0,5,5,5,5,80,45,79,0,0,2,3,31,0,0,50,1,2,232,0,77,0,6,25,73,83,7,3992,48,0,1,100,20,82,75,79,4,4,4,4,3,31,70,16,33,39,11,14,20,1,14,14,57,6,28,11,700,0,73,78,1023,10,3,-19,0,0,507
45,0,2,0,2,6,William,Parks,94,87,0,0,24,87,0,4,7095,33,7095,86,29,0,0,82,1,0,0,71,0,0,81,2,44,1009,86,69,25,18,0,7,49,0,0,0,0,0,0,0,8,45,0,1,1,1,3,35,0,0,39,2,1,0,0,77,0,6,27,69,77,7,3997,68,0,1,100,22,73,75,68,0,0,0,0,1,26,73,13,46,17,12,2,25,0,17,18,33,5,6,11,94,0,73,40,1023,35,1,-19,0,0,376
45,4,2,4,2,6,Stephen,Weatherly,0,82,0,0,20,87,0,7,7100,33,7100,81,29,0,0,83,1,0,0,32,0,0,77,2,6,1009,85,80,44,44,0,8,32,0,2,0,0,0,0,0,238,39,23,2,0,0,3,46,0,0,91,2,0,0,0,72,0,7,20,70,78,7,4005,42,0,1,100,20,77,75,64,0,0,0,0,3,29,49,40,25,23,11,2,13,2,10,13,24,6,27,27,0,0,77,105,1023,10,1,-19,0,0,234
45,2,2,0,0,33,Riley,Dixon,349,89,0,60,79,74,0,7,7101,4,7101,68,30,0,0,79,1,0,2,38,0,0,69,0,7,1009,88,34,10,20,0,7,34,0,2,0,6,6,6,6,205,45,66,0,0,2,3,54,0,0,19,0,2,60,0,40,0,7,43,75,70,7,4006,50,0,1,100,93,56,77,62,4,4,4,4,3,18,67,2,35,15,7,7,15,0,20,20,27,10,35,13,349,0,76,61,1023,10,0,-19,0,0,150
45,4,4,4,4,23,Dwayne,Washington,0,82,0,0,22,89,1,5,7106,1009,7106,88,29,0,1,70,1,0,0,62,0,0,85,2,15,1009,85,44,44,30,0,7,76,0,0,0,0,0,0,0,252,45,0,0,0,0,3,53,0,0,39,1,0,0,0,25,0,7,29,66,86,7,4014,84,0,1,100,20,73,76,65,5,5,5,5,4,26,66,2,32,28,10,7,17,0,1,1,19,2,32,12,0,0,73,63,1023,78,5,-19,0,0,204
45,6,4,6,4,5,Clayton,Fejedelem,0,86,0,0,10,91,0,4,7111,33,7111,87,30,0,0,90,1,0,0,62,0,0,80,0,24,1009,92,70,35,35,0,7,47,0,0,0,0,0,0,0,84,45,56,2,2,0,3,77,0,0,42,2,0,0,0,70,0,7,12,70,89,7,4023,57,0,1,100,12,73,79,74,0,0,0,0,0,26,65,17,20,30,12,11,33,2,18,17,16,0,12,11,0,0,72,45,1023,50,1,-19,0,0,150
45,5,5,5,5,6,Brian,Poole,0,87,0,0,22,92,3,4,7121,33,7121,89,31,0,0,78,1,0,0,70,0,0,85,2,63,1009,84,62,35,35,0,8,45,0,0,0,0,0,0,0,62,30,0,0,0,0,3,72,0,0,0,2,0,0,0,20,0,15,18,72,74,7,4137,62,0,1,100,17,66,75,68,0,0,0,0,5,24,87,1,28,25,12,16,5,0,16,16,34,3,7,9,0,0,70,53,1023,30,1,-19,0,0,114
15,4,4,4,4,37,Alex,Erickson,0,83,0,0,22,90,0,7,7124,1009,7124,86,31,0,1,80,1,0,0,83,0,0,90,0,63,1009,96,33,50,54,0,7,68,0,0,0,0,0,0,0,258,45,39,0,0,0,3,60,0,0,82,2,0,2,0,30,0,15,49,71,82,7,4117,71,0,1,100,20,64,70,74,0,0,0,0,2,22,87,10,25,15,12,0,30,0,3,3,10,2,8,5,0,0,72,35,1023,82,1,-30,0,0,7
45,7,0,7,0,11,Brennan,Scarlett,0,81,0,0,16,84,0,5,7126,33,7126,78,30,0,1,81,1,4,4,50,0,0,72,1,63,1009,78,78,45,45,0,8,10,0,2,0,0,0,0,0,200,45,89,3,0,0,3,46,0,0,57,2,0,0,0,71,0,15,27,70,77,7,4170,32,0,1,100,37,79,74,72,0,0,0,0,7,30,43,16,47,27,13,6,26,3,13,13,41,8,41,23,0,1,76,103,1023,10,2,-19,0,0,383
45,4,4,4,4,10,Chester,Rogers,0,82,0,0,18,92,0,4,7127,33,7127,87,29,0,0,71,1,4,4,80,0,0,88,2,63,1009,88,25,30,50,0,7,73,0,0,0,0,0,0,0,72,45,0,0,0,0,3,45,0,0,80,2,0,0,0,67,0,15,35,71,85,7,4130,73,0,1,100,20,58,69,72,0,0,0,0,1,19,98,27,33,3,9,4,12,0,3,3,70,4,8,7,0,1,72,24,1023,75,1,-19,0,0,209
45,7,0,7,0,6,Cory,Littleton,216,88,0,60,29,82,0,7,7130,32,7130,81,30,0,0,77,1,4,4,64,0,0,79,2,63,1009,86,81,45,45,0,8,31,0,2,0,0,0,0,0,252,45,63,3,0,1,3,46,0,0,42,1,1,60,0,49,0,15,18,70,79,7,4156,44,0,1,100,22,73,80,82,0,0,0,0,2,26,62,16,47,27,13,6,26,3,13,15,41,7,33,10,216,1,75,70,1023,10,0,-19,0,0,461
40,2,2,2,2,6,Michael,Pierce,1399,74,0,570,19,78,0,7,7139,25,7139,69,31,0,0,82,1,6,6,26,0,0,65,2,63,1009,82,85,44,45,0,8,17,0,0,0,0,0,0,0,184,45,25,3,3,2,3,44,0,0,58,1,3,570,0,62,0,15,24,83,68,7,4157,28,0,1,100,23,93,87,84,0,0,0,0,36,38,21,35,37,47,11,35,7,0,12,12,89,48,40,24,1399,0,72,195,1023,9,7,-19,0,0,209
45,2,1,2,1,6,Kyle,Peko,0,73,0,0,19,67,0,7,7141,1009,7141,66,30,0,0,90,1,4,4,26,0,0,72,1,63,1009,83,77,44,45,0,8,17,0,0,0,0,0,0,0,161,45,0,3,0,0,3,44,0,0,95,2,0,0,0,62,0,15,24,62,79,7,4119,28,0,1,100,23,87,69,61,0,0,0,0,29,34,23,30,37,45,9,23,7,0,12,12,89,21,41,25,0,0,73,145,1023,9,1,-19,0,0,217
45,7,2,7,2,50,Stephen,Anderson,0,83,0,0,19,88,0,5,7149,33,7149,82,30,0,0,80,1,4,4,79,0,0,82,2,63,1009,91,37,59,59,0,8,51,0,2,0,0,0,0,0,28,45,0,2,4,0,3,32,0,0,89,1,0,0,0,30,0,15,30,65,88,7,4168,69,0,1,100,21,74,63,65,0,0,0,0,4,27,79,50,21,14,10,25,26,0,2,4,63,7,28,10,0,0,74,70,1023,39,1,-19,0,0,341
45,4,4,4,4,10,Erik,Harris,0,86,0,0,18,85,0,7,7156,33,7156,90,33,0,1,83,2,4,4,69,0,0,80,0,63,1009,88,64,35,35,0,8,40,0,0,0,4,4,4,4,307,32,0,0,0,0,3,50,0,0,23,0,0,0,0,55,0,15,20,72,79,8,4174,57,0,1,100,22,72,78,76,5,5,5,5,0,26,66,8,41,59,8,25,14,0,17,17,14,10,16,14,0,0,74,65,1023,49,2,-19,0,0,274
45,2,2,2,2,10,Chosen,Anderson,109,89,0,15,11,92,1,10,7157,33,7157,95,30,0,0,81,1,4,4,82,0,0,83,2,63,1009,93,21,35,45,0,7,73,0,4,0,2,2,0,0,208,36,64,0,0,1,3,45,0,0,3,2,1,15,0,30,0,15,29,75,86,7,4139,73,0,1,100,11,59,70,69,3,3,0,0,1,20,80,27,33,3,12,4,12,0,3,3,70,0,10,8,109,1,75,30,1023,65,0,-19,0,0,356
45,5,5,5,5,6,Antonio,Hamilton,150,88,0,33,19,90,0,2,7159,7,7159,88,30,0,0,79,1,4,4,62,0,0,83,2,63,1009,92,58,13,19,0,7,63,0,0,0,0,0,0,0,179,45,0,0,0,1,3,72,0,0,33,2,1,33,0,74,0,15,27,72,88,7,4153,68,0,1,100,23,59,75,75,0,0,0,0,1,20,80,1,28,25,8,16,5,0,16,16,34,4,1,8,150,0,72,28,1023,80,2,-19,0,0,73
45,7,7,7,7,21,Jalen,Richard,0,83,0,0,20,87,1,7,7160,33,7160,88,30,0,0,79,1,4,4,72,0,0,85,2,63,1009,86,39,59,44,0,7,77,0,0,0,0,0,0,0,194,23,47,0,0,0,3,30,0,0,30,1,0,0,0,66,0,15,27,70,85,7,4150,84,0,1,100,21,65,79,70,0,0,0,0,2,22,67,10,24,22,11,25,39,0,1,1,22,5,12,6,0,0,68,45,1023,81,7,-19,0,0,454
45,4,3,4,3,6,George,Fant,0,87,0,0,11,71,0,5,7168,32,7168,76,31,0,0,83,1,4,4,70,0,0,75,2,63,1009,88,55,79,74,0,8,38,0,0,0,0,0,0,0,245,45,0,0,0,1,3,2,0,0,77,2,1,50,0,60,0,15,13,74,88,7,4164,61,0,1,100,15,84,75,83,2,0,2,0,17,32,29,20,17,30,11,17,6,0,9,5,68,19,43,29,273,0,77,162,1023,10,3,-19,0,0,349
45,4,4,4,4,6,Charles,Washington,0,85,0,0,19,89,0,5,7181,33,7181,88,30,0,0,79,1,0,0,58,0,0,76,3,63,1009,87,65,25,25,0,8,53,0,0,0,1,1,1,1,66,45,0,0,0,0,3,43,0,0,28,0,0,0,0,87,0,15,21,64,93,7,4177,50,0,1,100,17,62,73,71,0,0,0,0,0,21,80,20,44,36,9,10,34,0,17,17,26,2,6,5,0,1,70,32,1023,55,1,-19,0,0,261
45,2,2,2,2,6,Morgan,Fox,725,80,0,250,14,78,0,7,7199,8,7199,74,29,0,0,90,1,4,4,35,0,0,74,2,63,1009,94,86,45,45,0,8,18,0,0,0,0,0,0,0,378,45,0,1,1,2,3,22,0,0,56,0,2,250,2,45,0,15,23,74,84,7,4195,44,0,1,100,18,82,79,76,0,0,0,0,7,32,41,25,11,46,8,26,21,0,10,10,20,4,45,22,725,0,75,115,999,13,1,-19,0,0,144
45,7,7,7,7,6,Antwaun,Woods,0,73,0,0,25,73,0,4,7203,33,7203,72,30,0,0,88,1,0,0,42,0,0,64,2,63,1009,84,80,45,45,0,8,10,0,0,0,0,0,0,0,231,40,87,0,0,0,3,44,0,0,92,1,0,0,0,0,0,15,19,70,69,7,4199,31,0,1,100,25,85,74,70,5,5,5,5,23,32,24,33,25,44,9,27,30,0,12,12,10,40,39,27,0,0,73,150,1023,10,2,-19,0,0,465
45,4,4,4,4,6,Andrew,Adams,0,88,0,0,21,91,0,5,7205,33,7205,86,31,0,0,82,1,4,4,70,0,0,82,2,63,1009,88,69,35,35,0,7,43,0,0,0,2,2,0,0,227,45,0,0,0,0,3,8,0,0,47,0,0,0,0,61,0,15,22,71,82,7,4201,59,0,1,100,21,72,78,74,3,3,5,5,1,26,91,30,32,8,12,24,26,0,18,18,45,0,13,11,0,0,71,45,1023,60,2,-19,0,0,134
45,4,4,4,4,6,Matt,Skura,0,85,0,0,20,67,0,4,7214,33,7214,61,30,0,0,90,1,6,6,23,0,0,59,3,63,1009,88,33,64,73,0,8,9,6,0,0,6,6,6,6,52,45,84,0,0,0,3,7,0,0,64,0,0,0,0,75,0,15,21,64,67,7,1019,28,0,1,100,20,87,62,71,2,2,2,2,41,33,25,32,14,32,10,21,14,0,7,6,107,26,40,26,0,0,75,153,1023,8,1,-19,0,0,150
45,3,3,3,3,6,Justin,Murray,0,83,0,0,21,76,0,4,7220,1009,7220,72,30,0,0,80,1,4,4,42,1,1,58,2,63,1009,84,41,70,67,0,8,7,0,0,0,0,0,0,0,36,45,0,0,0,0,3,40,0,0,73,0,0,0,0,30,0,15,30,66,72,7,4216,64,0,1,100,22,80,66,83,2,2,2,2,13,30,35,23,18,23,8,25,16,0,9,9,13,17,35,27,0,0,77,155,999,10,0,-31,0,0,204
45,3,3,3,3,23,CJ,Ham,938,87,0,228,12,85,2,7,7224,31,7224,81,30,0,1,89,1,4,4,72,0,0,78,2,63,1009,90,36,72,65,0,7,63,0,0,0,0,0,0,0,283,45,84,0,0,3,3,30,0,0,30,1,3,228,0,5,0,15,32,75,88,7,4220,78,0,1,100,18,77,78,74,5,5,5,5,6,28,61,10,24,22,8,25,39,0,2,1,22,8,28,23,938,0,71,90,1023,51,7,-19,0,0,85
45,7,7,7,7,20,Peyton,Barber,0,85,0,0,20,90,3,7,7228,33,7228,86,29,0,0,84,1,6,6,64,0,0,84,2,63,1009,92,33,51,55,0,8,76,0,0,0,0,0,0,0,14,45,37,0,0,0,3,30,0,0,31,1,0,0,0,20,0,15,31,69,77,7,4224,88,0,1,100,21,73,78,73,2,2,2,2,3,26,51,10,24,22,8,25,39,0,1,1,22,9,27,13,0,0,71,65,1023,55,3,-19,0,0,376
45,4,4,4,4,6,Patrick,Onwuasor,0,85,0,0,17,84,0,5,7233,33,7233,83,31,0,0,87,1,4,4,62,0,0,81,2,63,1009,87,83,44,45,0,8,29,0,0,0,0,0,0,0,167,45,54,0,0,0,3,8,0,0,48,1,0,0,0,59,0,15,25,74,85,7,4229,48,0,1,100,20,74,75,77,0,2,0,2,1,27,53,30,32,8,12,24,26,3,14,18,45,9,22,14,0,0,72,67,1023,44,2,-19,0,0,204
45,5,5,5,5,10,JD,McKissic,0,86,0,0,25,90,0,10,7249,33,7249,88,30,0,0,79,1,4,4,78,0,0,91,2,63,1009,83,27,57,40,0,7,79,0,2,0,0,0,0,0,12,22,0,0,0,0,3,28,0,0,23,2,0,0,0,40,0,15,27,75,87,7,4245,84,0,1,100,25,69,82,71,0,0,0,0,5,24,85,20,10,20,9,14,8,0,1,0,14,2,6,6,0,0,70,35,1023,78,1,-19,0,0,507
45,4,4,4,4,10,Marcus,Johnson,0,81,0,0,12,92,1,10,7251,33,7251,91,29,0,1,66,1,4,4,82,0,0,80,2,63,1009,83,32,35,39,0,7,73,0,0,0,0,0,0,0,214,36,0,0,0,0,3,28,0,0,84,0,0,0,0,89,0,15,27,71,88,7,4247,73,0,1,100,19,68,72,76,0,0,0,0,4,24,72,20,10,20,7,20,10,1,3,3,14,2,7,5,0,0,73,44,1023,75,1,-19,0,0,31
45,0,0,0,0,15,Wil,Lutz,1875,79,0,525,80,73,0,7,7259,4,7259,69,29,0,0,70,1,0,0,18,0,0,60,0,63,27,81,26,17,16,0,8,5,0,0,0,8,8,8,8,362,45,84,0,0,1,3,60,0,0,16,0,5,525,0,90,0,15,39,75,57,7,4384,40,0,1,100,97,54,77,60,0,0,0,0,4,18,97,14,19,15,12,0,1,0,19,19,10,0,8,0,1875,0,71,24,1023,10,0,-30,0,0,62
45,4,4,4,4,15,Matthias,Farley,0,86,0,0,19,84,0,10,7263,33,7263,87,31,0,0,86,1,0,0,64,0,0,81,1,63,1009,91,71,35,35,0,7,29,0,0,0,1,1,1,1,152,45,4,0,0,0,3,60,0,0,41,2,0,0,0,61,0,15,32,72,82,7,4388,58,0,1,100,23,72,75,71,2,2,2,2,0,26,71,10,25,15,8,0,30,0,17,18,10,5,10,6,0,0,71,49,1023,63,1,-30,0,0,179
15,4,4,4,4,10,Kalif,Raymond,602,85,0,124,22,92,0,4,7275,19,7275,93,29,0,0,75,1,0,0,88,0,0,88,2,63,1009,88,44,38,44,0,7,73,0,0,0,0,0,0,0,79,36,0,0,0,1,3,60,0,0,11,2,2,124,0,55,0,15,35,75,82,7,953,72,0,1,100,23,53,77,78,0,0,0,0,4,16,78,10,10,15,11,0,15,0,3,3,10,2,9,1,602,0,68,20,1023,84,2,-30,0,0,398
45,0,0,0,0,70,DeShone,Kizer,0,75,0,0,19,76,0,7,7297,33,7297,77,27,0,1,94,1,0,0,43,0,0,74,2,20,1009,93,33,16,28,0,8,62,0,2,0,8,8,8,8,152,45,0,0,0,0,3,0,0,0,14,1,0,0,0,87,0,2,88,56,75,6,4459,54,0,1,100,26,70,59,49,5,5,5,5,4,26,67,8,17,39,9,13,17,0,0,0,51,2,34,10,0,0,76,75,1023,24,2,-19,0,0,117
45,4,4,4,4,10,Mike,Williams,6000,91,0,2100,26,87,1,10,7298,8,7298,89,29,0,0,83,1,0,0,92,0,0,83,2,7,1015,88,37,54,48,0,8,84,0,0,0,0,0,0,0,38,37,50,0,0,2,3,6,1,0,81,2,3,2100,0,55,0,1,26,88,91,6,4414,77,0,1,100,24,76,82,89,5,5,5,5,4,28,68,5,15,32,9,5,18,0,3,3,13,2,12,5,6000,0,76,58,1023,20,6,-19,0,0,92
4,0,0,0,0,76,Mitchell,Trubisky,1428,80,0,524,23,86,0,7,7299,29,7299,84,29,0,0,86,1,0,0,44,0,0,88,0,2,1009,90,35,18,21,0,8,73,0,0,0,9,9,9,9,135,19,99,0,0,2,3,5,0,0,10,1,2,524,0,61,0,1,88,67,69,6,4409,63,0,1,100,31,71,69,62,5,5,5,5,2,26,68,6,15,28,9,6,34,0,0,0,20,2,6,11,1428,0,74,60,1023,10,1,-19,0,0,434
4,0,0,0,0,80,Deshaun,Watson,22039,95,0,4495,27,88,0,5,7300,5,7300,84,28,0,0,96,1,3,3,51,0,0,89,2,12,32,89,34,23,27,0,7,79,0,0,0,8,8,8,8,38,18,84,0,0,4,3,21,0,0,4,2,5,4495,0,87,0,1,92,78,81,6,4419,65,0,1,100,25,69,77,71,1,1,5,5,2,24,65,9,18,22,10,12,12,0,0,0,53,3,5,7,22039,0,74,55,1023,10,1,-19,0,0,344
45,0,0,0,0,93,Patrick,Mahomes,33117,96,0,1400,10,87,0,3,7301,9,7301,84,28,0,0,99,1,3,3,59,0,0,87,0,10,1015,94,26,10,23,0,8,75,0,4,0,8,8,8,8,217,20,75,0,0,7,3,6,0,0,15,2,7,1400,0,78,0,1,97,99,74,6,4417,65,0,1,100,20,70,97,98,7,7,7,7,1,25,78,16,30,46,8,14,15,0,0,0,14,2,23,11,33117,0,74,65,1023,10,6,-19,0,1,422
45,0,0,0,0,74,Joshua,Dobbs,200,75,0,50,15,86,0,0,7306,7,7306,83,28,0,0,84,1,6,6,52,0,0,85,2,29,5,84,33,24,20,0,8,70,0,0,0,7,7,7,7,211,19,0,0,0,1,3,24,0,0,9,1,1,50,0,95,0,4,84,62,80,6,4542,56,0,1,100,20,74,66,63,2,2,6,6,4,28,91,15,19,15,12,15,0,1,0,0,10,1,13,7,200,0,75,56,1023,15,0,-19,0,0,497
12,5,5,5,5,29,Leonard,Fournette,0,92,0,0,20,88,0,0,7307,33,7307,89,28,0,1,79,1,0,0,75,0,0,84,2,4,1009,83,41,54,54,0,8,81,0,0,0,0,0,0,0,106,45,63,0,0,0,3,24,0,0,7,0,0,0,0,83,0,1,45,82,75,6,4411,98,0,1,100,18,83,89,88,0,0,0,0,5,32,71,19,25,49,9,14,20,0,1,1,43,9,27,10,0,0,72,68,1023,25,3,-19,0,0,247
45,2,2,0,0,72,C. J.,Beathard,450,78,0,100,15,69,0,7,7308,17,7308,77,30,0,0,92,1,0,0,30,0,0,76,0,40,1009,87,27,21,21,0,7,54,0,1,0,0,0,0,0,89,45,0,0,0,2,3,0,0,0,3,2,2,100,0,80,0,3,80,57,82,6,4511,60,0,1,100,20,64,63,66,5,5,0,0,4,22,64,5,15,26,9,5,11,0,0,0,25,4,11,7,450,0,74,55,1023,5,2,-19,0,0,359
45,0,0,0,0,67,Nathan,Peterman,109,73,0,15,10,81,0,7,7309,1,7309,77,29,0,1,86,1,0,0,34,0,0,76,0,28,1009,88,23,14,22,0,8,48,0,2,0,8,8,8,8,166,45,0,0,0,1,3,5,0,0,14,1,1,15,0,68,0,5,78,49,76,6,4578,56,0,1,100,20,64,55,56,0,0,0,0,3,22,51,4,15,5,8,2,0,0,0,0,34,6,34,11,109,0,74,65,1023,10,1,-19,0,0,360
45,4,4,4,4,32,Dalvin,Cook,6501,92,0,1860,21,92,2,10,7310,18,7310,91,28,0,1,81,1,0,0,71,0,0,95,2,9,1009,84,28,56,39,0,8,90,0,0,0,0,0,0,0,64,34,68,0,0,3,3,35,0,0,33,1,6,1860,0,86,0,2,40,92,77,6,4448,88,0,1,100,17,74,93,89,6,6,6,6,2,27,67,15,22,30,11,16,28,0,1,1,7,3,7,11,6501,0,70,50,1023,65,6,-19,0,0,417
11,4,4,4,4,41,Christian,McCaffrey,5137,93,0,0,23,93,0,7,7311,15,7311,91,27,0,0,93,1,1,1,83,0,0,96,0,8,21,87,36,63,38,0,7,85,0,1,0,0,0,0,0,200,34,66,0,0,3,3,13,0,0,23,2,6,0,0,57,0,1,52,96,90,6,4415,98,0,1,100,29,72,96,91,5,5,5,5,3,26,82,26,28,43,8,7,5,0,1,1,3,4,5,11,4727,0,71,45,1023,88,1,-19,0,0,284
3,4,4,4,4,31,Alvin,Kamara,7128,93,0,1800,16,93,0,10,7312,33,7312,89,28,0,0,85,1,0,0,74,0,0,91,2,3,1015,91,29,53,41,0,7,88,0,0,0,0,0,0,0,211,22,88,0,0,3,3,26,0,0,41,1,6,1800,0,84,0,3,41,86,92,6,4474,88,0,1,100,21,77,91,87,0,0,0,0,3,28,76,9,25,37,10,4,30,1,1,1,3,1,9,5,7128,0,70,55,1023,83,6,-19,0,0,386
45,5,5,5,5,33,Joe,Mixon,4941,96,0,1000,16,92,0,3,7313,2,7313,91,27,0,0,91,1,2,2,73,0,0,90,2,16,1015,92,37,56,58,0,8,87,0,0,0,0,0,0,0,157,34,42,0,0,2,3,8,0,0,28,1,5,1000,0,89,0,2,46,87,84,6,4455,97,0,1,100,24,81,93,85,5,5,5,5,5,32,72,14,21,31,8,15,26,0,1,1,14,0,7,8,4941,0,73,60,1023,76,6,-19,0,0,393
45,7,7,7,7,14,D'onta,Foreman,200,84,0,37,17,86,0,10,7314,1,7314,88,27,0,0,82,1,0,0,60,0,0,81,2,25,1009,86,36,55,48,0,7,83,0,0,0,0,0,0,0,214,45,0,0,0,1,3,40,0,0,21,0,1,37,0,87,0,3,27,77,82,6,4496,93,0,1,100,19,80,84,81,5,5,5,5,1,30,69,10,25,65,9,15,25,1,1,1,14,8,24,13,200,0,73,75,1023,68,0,-19,0,0,10
45,4,4,4,4,23,Marlon,Mack,0,83,0,0,22,92,1,5,7315,33,7315,88,27,0,0,79,1,0,0,67,0,0,91,2,37,1009,85,28,53,32,0,8,77,0,0,0,0,0,0,0,232,22,76,0,0,0,3,7,0,0,32,1,0,0,0,82,0,4,31,72,85,6,4550,83,0,1,100,25,72,79,71,5,5,5,5,2,26,80,24,12,27,8,21,30,0,1,1,39,1,6,7,0,0,72,50,1023,60,1,-19,0,0,204
15,4,2,4,2,28,Jeremy,McNichols,0,83,0,0,21,91,0,0,7316,33,7316,88,28,0,0,81,1,0,0,67,0,0,83,2,18,1009,87,25,55,41,0,7,70,0,0,0,0,0,0,0,19,45,0,0,3,0,3,9,0,0,33,1,0,0,0,67,0,5,30,64,83,6,4569,81,0,1,100,11,72,74,69,0,0,0,0,1,26,72,32,30,12,12,37,7,0,1,1,13,2,7,9,0,0,69,45,1023,78,1,-19,0,0,204
45,2,2,2,2,10,Wayne,Gallman Jr,0,84,0,0,21,85,3,7,7317,33,7317,88,29,0,0,82,1,0,0,65,0,0,83,2,34,1009,89,36,57,43,0,8,77,0,0,0,0,0,0,0,38,45,0,0,0,0,3,6,0,0,31,1,0,0,0,66,0,4,35,70,75,6,4547,88,0,1,100,22,75,79,72,6,6,6,6,2,28,81,23,12,11,11,27,7,0,1,1,28,4,12,9,0,0,72,56,1023,64,1,-19,0,0,204
45,7,7,7,7,23,Samaje,Perine,750,86,0,300,22,89,3,0,7318,4,7318,87,28,0,1,80,1,0,0,71,0,0,81,2,7,1009,89,40,62,54,0,8,77,0,0,0,0,0,0,0,157,45,0,0,0,2,3,18,0,0,25,0,2,300,0,67,0,4,31,78,80,6,4521,97,0,1,100,20,85,83,77,0,0,0,0,0,33,61,10,20,35,8,24,30,0,1,1,46,5,21,10,750,0,71,75,1023,52,0,-19,0,0,32
45,7,7,7,7,20,Kareem,Hunt,0,87,0,0,16,92,0,10,7319,33,7319,89,28,0,0,89,1,0,0,70,0,0,91,2,22,1009,86,31,59,57,0,7,84,0,0,0,0,0,0,0,218,22,70,0,0,0,3,16,0,0,27,1,0,0,0,70,0,3,27,85,92,6,4493,94,0,1,100,24,81,89,84,0,0,0,0,4,30,89,16,30,40,10,35,25,0,1,1,1,1,8,10,0,0,71,56,1023,55,4,-19,0,0,500
45,5,5,5,5,27,Corey,Clement,0,80,0,0,14,87,0,5,7320,1009,7320,86,29,2,1,73,1,0,0,69,0,0,87,2,63,1009,87,28,51,37,0,7,76,0,0,0,0,0,0,0,258,45,0,0,0,0,3,17,0,0,23,1,0,0,0,7,0,15,37,70,78,6,4689,86,0,1,100,18,73,79,75,0,0,0,0,1,27,83,8,24,45,8,14,24,1,1,1,39,5,6,11,0,0,70,60,1023,68,1,-19,0,0,204
45,2,6,2,6,22,Brian,Hill,0,82,0,0,13,92,3,7,7321,1009,7321,89,28,0,0,83,1,0,0,66,0,0,82,2,12,1009,92,51,48,44,0,8,77,0,0,0,0,0,0,0,260,45,0,0,1,0,3,5,0,0,36,1,0,0,0,64,0,5,36,67,80,6,4563,86,0,1,100,12,76,78,67,2,4,2,4,1,28,80,31,26,25,11,22,28,1,1,1,34,0,6,8,0,0,73,59,1023,73,1,-19,0,0,204
45,2,2,2,2,14,James,Conner,2190,90,0,600,16,87,2,4,7322,7,7322,87,28,0,1,92,1,4,4,68,0,0,81,2,41,1009,85,33,66,53,0,8,84,8,0,0,0,0,0,0,166,45,55,0,0,2,3,31,0,0,6,0,3,600,0,62,0,3,23,77,76,6,4512,88,0,1,100,18,81,83,79,6,6,6,6,0,31,59,18,20,30,12,9,25,0,1,1,10,8,18,14,2190,0,73,73,1023,55,2,-19,0,0,118
45,2,2,2,2,25,Jamaal,Williams,1044,86,0,234,11,89,0,5,7325,27,7325,88,28,0,1,93,1,4,4,69,0,0,85,2,28,1009,87,34,64,51,0,7,85,0,0,0,4,4,4,4,26,45,0,0,0,3,3,42,1,0,30,0,3,234,0,55,0,4,28,85,80,6,4541,97,0,1,100,15,80,90,89,5,5,5,5,4,28,57,37,22,36,11,9,49,1,1,1,12,4,19,11,1044,0,72,64,1023,69,0,-19,0,0,204
45,2,2,2,2,6,Cam,Robinson,5275,89,0,1500,28,69,0,4,7326,17,7326,65,28,0,0,94,1,0,0,32,0,0,59,2,2,1015,89,29,82,71,0,8,8,0,0,0,0,0,0,0,3,2,39,0,0,2,3,3,0,0,74,0,3,1500,0,57,0,2,15,78,66,6,4441,27,0,1,100,19,90,74,88,5,5,5,5,17,36,33,16,25,24,7,22,20,1,5,5,58,25,42,30,5275,0,78,160,1023,8,6,-19,0,0,76
12,3,3,3,3,20,Corey,Davis,3750,88,0,198,18,92,1,7,7327,33,7327,90,28,2,1,87,1,4,4,84,0,0,89,2,5,1009,84,31,57,58,0,8,78,0,0,0,0,0,0,0,246,36,66,0,0,1,3,33,0,0,84,2,3,198,0,77,0,1,33,78,91,6,4412,70,0,1,100,18,72,75,78,0,0,0,0,1,26,81,10,20,49,13,10,19,0,3,3,7,0,8,12,3750,0,75,49,1023,20,2,-19,0,0,106
45,3,3,3,3,15,O. J.,Howard,109,85,0,7,17,90,3,5,7330,33,7330,86,29,0,0,96,1,0,0,78,0,0,83,2,19,1009,82,36,59,61,0,8,74,0,0,0,0,0,0,0,3,4,32,0,0,1,3,33,0,0,88,1,1,7,0,8,0,1,30,71,75,6,4426,72,0,1,100,24,75,75,70,0,0,0,0,7,28,69,15,30,23,13,15,24,0,4,4,2,3,26,21,109,1,78,91,1023,35,0,-19,0,0,309
45,4,3,4,3,6,Adam,Pankey,0,80,0,0,14,61,0,5,7331,1009,7331,61,29,0,0,76,1,4,4,23,0,0,55,0,63,1009,87,30,62,63,0,8,6,0,0,0,0,0,0,0,254,45,0,0,0,0,3,2,0,0,62,0,0,0,0,95,0,15,27,54,70,6,4798,20,0,1,100,21,84,48,51,2,0,2,0,7,33,26,18,17,26,13,24,6,0,9,5,68,17,45,30,0,0,77,146,1023,11,1,-19,0,0,116
12,4,4,4,4,10,David,Njoku,4924,88,0,916,19,90,1,3,7332,5,7332,86,27,0,1,78,1,0,0,86,0,0,83,2,29,1015,87,36,65,64,0,8,77,0,0,0,4,4,2,2,115,45,58,0,0,3,3,24,0,0,85,1,4,916,0,60,0,1,13,84,93,6,4436,80,0,1,100,15,72,88,81,5,5,3,3,4,26,48,10,25,40,12,10,31,1,4,4,27,2,30,20,4924,1,76,86,1023,40,6,-19,0,0,352
45,5,5,5,5,10,Gerald,Everett,1200,88,0,500,11,87,0,3,7333,8,7333,84,29,0,0,85,1,0,0,86,0,0,81,2,12,1009,89,36,62,57,0,8,79,0,0,0,0,0,1,1,379,45,0,0,0,1,3,35,0,0,7,1,2,500,0,89,0,2,25,82,88,6,4451,71,0,1,100,15,69,86,88,5,5,2,2,2,24,69,8,30,40,11,10,25,1,4,4,25,9,16,10,1225,0,75,80,1023,41,1,-19,0,0,321
45,4,4,4,4,10,John,Ross III,94,83,0,0,23,94,3,1,7336,33,7336,94,28,0,0,80,1,0,0,76,0,0,90,2,9,1009,76,26,47,42,0,7,72,0,0,0,0,0,0,0,252,45,28,0,0,1,3,34,0,0,85,2,1,0,0,70,0,1,35,69,87,6,4416,67,0,1,100,20,51,63,57,0,0,0,0,4,16,75,10,19,9,12,7,16,1,3,3,17,0,5,4,94,1,71,30,1023,78,0,-19,0,0,234
45,4,4,4,4,18,JuJu,Smth-Schuster,2543,90,0,789,17,91,2,3,7337,22,7337,87,27,0,0,95,1,0,0,96,0,0,86,2,30,1009,86,43,46,51,0,7,82,0,0,0,0,0,0,0,231,37,66,0,0,3,3,32,0,0,7,2,3,789,0,63,0,2,34,82,92,6,4469,70,0,1,100,24,74,83,86,6,6,6,6,3,27,90,7,13,15,9,29,19,3,3,3,10,0,7,8,2543,0,73,55,1023,77,0,-19,0,0,37
11,6,4,6,4,22,Dede,Westbrook,0,87,0,0,24,91,0,7,7338,33,7338,91,30,0,1,80,1,4,4,81,0,0,91,3,3,1009,83,23,33,44,0,7,75,7,2,0,0,0,0,0,157,36,38,2,1,0,3,29,0,0,12,2,0,0,0,74,0,4,32,70,83,6,4517,70,0,1,100,22,57,69,67,0,4,0,4,0,18,99,20,32,29,13,14,11,0,3,3,12,2,9,3,0,0,72,18,1023,84,2,-19,0,0,204
45,4,4,4,4,10,Curtis,Samuel,2967,84,0,720,15,93,3,3,7340,26,7340,94,27,0,0,74,1,4,4,86,0,0,91,2,8,1009,82,26,38,43,0,7,82,0,0,0,0,0,0,0,156,36,68,0,0,1,3,35,0,0,4,2,3,720,0,60,0,2,27,82,88,6,4447,73,0,1,100,25,64,80,83,0,0,0,0,5,22,82,4,20,36,12,5,20,1,3,3,79,4,10,8,2967,0,71,35,1023,75,2,-19,0,0,84
11,3,3,3,3,36,Cooper,Kupp,12205,99,0,2000,20,96,0,7,7342,24,7342,91,30,0,0,88,1,0,0,99,0,0,94,0,5,1015,92,31,46,64,0,8,86,0,1,0,0,0,0,0,59,35,7,0,0,4,3,70,0,0,10,2,5,2000,0,75,0,3,60,96,82,6,4476,76,0,1,100,22,66,89,91,0,0,0,0,4,23,78,10,22,15,7,10,15,0,3,3,28,0,10,5,12205,0,74,48,1023,84,6,-19,0,0,281
45,4,4,4,4,6,Deatrich,Wise Jr,2388,82,0,500,22,78,0,4,7343,22,7343,74,29,2,0,84,1,0,0,36,0,0,69,3,25,1015,92,86,45,45,0,8,18,0,0,0,4,4,4,4,10,40,90,0,0,2,3,24,0,0,91,0,4,500,0,75,0,4,11,81,80,6,4538,32,0,1,100,14,85,88,92,3,3,3,3,7,32,47,10,20,30,10,10,28,0,11,11,78,8,40,26,2388,0,77,115,1023,10,6,-19,0,0,255
45,3,2,3,2,30,Isaiah,Ford,0,82,0,0,20,91,2,7,7347,33,7347,87,27,0,0,77,1,1,0,82,0,0,86,3,19,1009,89,28,40,39,0,8,62,0,2,0,0,0,0,0,241,19,0,2,0,0,3,28,1,0,32,2,0,0,0,83,0,7,39,70,85,6,4644,74,0,1,100,20,61,67,68,1,4,1,4,3,20,87,5,17,34,8,2,12,0,3,3,34,4,12,9,0,0,74,41,1023,70,3,-19,0,0,204
45,3,3,3,3,23,Noah,Brown,257,81,0,75,20,88,0,1,7349,32,7349,88,27,0,0,75,1,0,0,85,0,0,83,2,21,1009,86,45,52,62,0,8,68,0,0,0,2,2,0,0,156,45,0,0,0,1,3,60,0,0,85,2,1,75,0,86,0,7,33,74,90,6,4646,72,0,1,100,22,72,73,79,5,5,5,5,2,26,58,10,25,15,8,0,30,0,3,3,10,3,24,13,282,0,74,65,1023,75,0,-30,0,0,482
45,7,7,7,7,29,Zay,Jones,2115,86,0,549,17,93,0,7,7351,17,7351,91,28,0,0,86,1,4,4,90,0,0,87,2,5,1009,94,34,38,62,0,8,77,0,0,0,2,2,0,0,54,35,39,0,0,2,3,49,0,0,7,2,3,549,0,91,0,2,39,81,86,6,4444,73,0,1,100,22,76,82,87,3,3,0,0,2,28,70,5,19,20,7,11,20,0,3,3,18,1,6,6,2115,0,74,40,1023,81,1,-19,0,0,52
35,4,4,4,4,15,Chris,Godwin,4114,94,0,1125,21,91,3,5,7352,6,7352,90,27,0,0,92,1,4,4,93,0,0,89,2,20,1015,90,27,57,55,0,8,80,0,0,0,0,0,0,0,164,45,41,0,0,2,3,3,0,0,14,2,3,1125,0,73,0,3,33,86,88,6,4491,70,0,1,100,25,72,83,88,6,6,6,6,3,26,63,17,12,57,11,12,18,0,3,3,34,2,6,11,4114,0,73,48,1023,48,6,-19,0,0,204
45,5,5,5,5,18,Evan,Engram,1134,90,0,0,16,90,1,2,7359,17,7359,88,29,0,0,76,1,4,4,89,0,0,87,2,23,1009,88,42,63,60,0,7,76,8,2,0,0,0,0,0,159,37,88,0,0,1,3,38,0,0,17,1,1,0,0,93,0,1,28,84,88,6,4430,78,0,1,100,22,66,89,86,5,5,5,5,2,23,53,10,10,32,7,15,25,0,4,4,65,6,31,11,1134,0,75,80,1023,59,1,-19,0,0,313
45,7,7,7,7,6,Jonnu,Smith,2901,85,0,0,26,87,0,5,7361,14,7361,86,28,0,0,80,1,0,0,80,0,0,79,2,36,22,89,29,59,57,0,7,75,0,0,0,0,0,0,0,297,45,0,0,0,2,3,35,0,0,81,1,4,0,0,86,0,3,35,74,88,6,4507,73,0,1,100,26,78,75,68,0,0,0,0,4,29,43,14,20,22,13,7,27,0,4,4,72,0,34,25,2901,0,75,88,1023,20,0,-19,0,0,204
45,4,4,4,4,10,Adam,Shaheen,0,81,0,0,19,78,0,7,7363,33,7363,80,29,0,1,81,1,1,0,76,0,0,80,0,13,1,87,32,61,63,0,8,71,0,4,0,0,0,0,0,360,45,0,0,0,0,3,15,0,0,80,2,0,0,0,82,0,2,25,66,79,6,4452,74,0,1,100,29,77,69,61,5,5,5,5,7,28,45,15,21,45,12,29,27,0,4,4,46,5,18,25,0,1,78,97,1023,10,3,-19,0,0,512
45,6,7,6,7,10,Eric,Saubert,149,80,0,17,22,84,0,4,7367,33,7367,81,29,0,0,83,1,0,0,78,0,0,74,0,31,1009,91,30,61,63,0,7,68,0,0,0,0,0,0,0,51,45,0,2,0,1,3,58,0,0,82,1,1,35,0,4,0,5,20,68,85,6,4581,75,0,1,100,26,75,75,74,0,2,0,2,4,26,43,22,12,21,11,20,18,0,4,4,2,8,19,23,168,0,77,93,1023,10,0,-19,0,0,150
24,2,2,2,2,6,Ryan,Ramczyk,10510,91,0,2280,23,56,0,7,7373,27,7373,61,29,0,0,94,1,2,2,39,0,0,68,0,32,1015,89,38,88,91,0,8,11,0,0,0,0,0,0,0,258,2,71,0,0,4,3,6,0,0,71,1,6,2280,0,79,0,1,16,89,76,6,4439,43,0,1,100,21,90,90,93,5,5,5,5,12,35,38,24,28,25,13,18,32,0,9,5,68,28,24,30,10510,0,78,154,1023,10,6,-19,0,0,418
45,2,2,2,2,13,Taylor,Moton,8499,92,0,1500,21,65,0,0,7374,21,7374,66,29,0,0,96,1,0,0,28,0,0,62,3,32,1015,97,31,86,84,0,8,10,0,0,0,0,0,0,0,246,2,77,0,0,3,3,5,0,0,72,2,5,1500,0,74,0,2,20,84,75,6,4471,23,0,1,100,22,88,86,94,5,5,5,5,12,34,29,23,23,33,12,23,22,0,9,5,86,24,24,29,8499,0,77,165,1023,10,6,-19,0,0,249
2,6,2,6,2,6,Dion,Dawkins,5675,91,0,860,22,68,0,7,7375,3,7375,67,29,0,0,86,1,0,0,41,0,0,69,3,31,1015,95,31,85,72,0,8,8,0,2,0,0,0,0,0,208,25,11,0,0,2,3,8,0,0,73,2,5,860,0,87,0,2,23,81,66,6,4470,28,0,1,100,24,87,76,87,4,2,4,2,9,34,36,25,44,23,8,18,28,0,5,9,101,26,33,28,5675,1,77,160,1023,10,6,-19,0,0,204
45,5,0,5,0,6,Julie'n,Davenport,94,82,0,0,25,60,0,5,7377,33,7377,57,28,0,0,80,1,0,2,30,0,0,63,3,24,1009,87,28,65,67,0,8,9,0,0,0,4,2,4,2,23,45,0,0,0,1,3,0,0,0,50,2,1,0,0,78,0,4,30,62,72,6,4537,23,0,1,100,25,83,61,78,0,0,0,0,12,32,35,19,37,24,8,17,9,0,9,5,61,28,45,24,94,0,79,155,1023,10,1,-19,0,0,204
45,0,0,0,0,6,David,Sharpe,0,81,0,0,14,59,0,4,7379,1009,7379,56,28,0,0,85,1,3,3,31,0,0,57,3,23,1009,88,32,64,64,0,8,7,0,0,0,8,8,8,8,62,45,0,0,0,0,3,23,0,0,74,2,0,0,0,65,0,4,17,60,55,6,4536,24,0,1,100,17,85,58,77,2,2,2,2,7,32,27,24,19,34,7,24,26,0,9,5,54,27,45,28,0,0,78,170,1023,10,2,-19,0,0,204
12,2,2,2,2,6,Garett,Bolles,7151,88,0,2000,20,77,0,7,7380,4,7380,74,31,0,0,88,1,0,0,36,0,0,73,0,20,1015,84,38,84,80,0,8,17,0,4,0,2,2,0,0,233,4,42,0,0,2,3,20,0,0,72,2,5,2000,0,84,0,1,25,81,70,6,4427,29,0,1,100,22,87,80,88,3,3,5,5,4,35,33,15,14,30,8,18,26,0,5,5,99,7,39,29,7151,1,77,140,1023,10,6,-19,0,0,150
45,1,5,1,5,6,Forrest,Lamp,0,82,0,0,25,73,0,7,7382,33,7382,71,29,0,0,87,1,0,0,53,0,0,67,0,6,1009,80,30,70,70,0,8,18,0,2,0,3,2,3,2,245,45,0,2,0,0,3,14,0,0,77,0,0,0,0,88,0,2,30,71,69,6,4445,50,0,1,100,25,91,66,71,2,2,2,2,6,36,30,16,25,31,12,15,29,0,6,6,89,5,38,29,0,0,76,150,1023,10,2,-19,0,0,150
45,5,2,5,2,6,Danny,Isidora,0,81,0,0,11,75,0,1,7384,33,7384,71,29,0,0,80,1,0,0,26,0,0,55,3,37,1009,86,32,64,65,0,8,6,0,0,0,0,2,0,2,115,45,0,0,0,0,3,39,0,0,63,0,0,0,0,80,0,5,25,61,72,6,4587,23,0,1,100,11,84,56,65,2,3,2,3,25,32,16,20,46,33,8,27,8,0,8,6,105,37,34,22,0,1,75,146,1023,10,2,-19,0,0,204
45,0,0,0,0,6,Corn,Elder,0,87,0,0,25,89,0,7,7385,33,7385,89,29,0,0,77,1,0,0,63,0,0,87,2,8,1009,86,64,35,35,0,8,56,0,0,0,0,0,0,0,115,30,0,0,0,0,3,36,0,0,26,2,0,0,0,47,0,5,35,68,84,6,4559,56,0,1,100,25,67,71,63,2,2,2,2,0,24,97,19,41,42,8,19,4,0,16,16,87,0,7,0,0,1,70,23,1023,82,2,-19,0,0,204
45,6,3,6,3,6,Sean,Harlow,0,83,0,0,25,69,0,5,7387,1009,7387,66,28,0,0,84,1,0,0,28,0,0,52,0,30,1009,89,34,65,67,0,8,17,0,0,0,2,0,2,0,161,45,0,0,3,0,3,57,0,0,65,2,0,0,0,69,0,4,26,58,75,6,4543,24,0,1,100,25,84,57,67,3,2,3,2,7,32,33,20,36,31,10,15,21,0,7,5,79,10,41,22,0,0,76,124,1023,10,2,-19,0,0,150
45,3,4,3,4,6,Roderick,Johnson,102,82,0,1,17,72,0,7,7388,33,7388,73,28,0,0,86,1,0,0,27,0,0,56,3,16,1009,89,36,62,69,2,8,14,0,2,0,0,2,0,2,64,45,0,0,0,1,3,39,0,0,66,2,1,1,0,71,0,5,25,63,73,6,4567,23,0,1,100,23,84,57,73,2,2,2,2,8,34,38,16,9,26,8,18,10,0,5,9,97,10,27,26,102,0,78,146,1023,11,1,-19,0,0,204
45,3,3,3,3,10,Malik,Hooker,694,91,0,170,19,91,1,10,7389,11,7389,89,27,0,0,77,1,0,0,78,0,0,87,2,15,1009,83,78,13,18,0,8,48,0,0,0,2,2,0,0,156,45,56,0,0,1,3,42,0,0,28,0,2,170,0,89,0,1,26,82,89,6,4422,68,0,1,100,20,76,91,83,3,3,0,0,5,28,65,5,17,10,11,1,12,1,17,17,83,4,11,12,694,0,74,52,1023,48,2,-19,0,0,224
45,2,6,2,6,12,Isaac,Rochell,0,74,0,0,21,76,0,6,7390,1009,7390,75,28,0,0,90,1,0,0,36,0,0,64,3,7,1009,91,81,45,45,0,8,18,0,4,0,2,0,2,0,152,40,9,0,0,0,3,57,0,0,96,0,0,0,0,60,0,7,24,68,77,6,4632,28,0,1,100,22,88,70,64,2,0,2,0,3,34,45,17,13,25,13,17,29,0,10,12,37,4,30,25,0,0,76,120,1023,10,1,-19,0,0,29
45,3,3,3,3,6,Ethan,Pocic,1362,87,0,294,12,66,0,7,7392,5,7392,66,28,0,0,87,1,0,0,34,0,0,57,0,26,1009,86,36,74,83,0,8,7,0,3,0,0,0,0,0,106,45,0,0,0,3,3,34,0,0,55,0,3,294,0,70,0,2,24,78,68,6,4465,28,0,1,100,12,88,77,87,6,6,6,6,10,33,42,25,34,34,9,23,25,0,7,7,40,19,36,29,1362,0,78,149,1023,10,1,-19,0,0,150
45,2,2,2,2,6,Pat,Elflein,0,86,0,0,24,61,0,3,7393,33,7393,60,29,0,0,90,1,0,0,33,0,0,59,0,6,1009,88,32,70,75,0,8,12,0,1,0,1,1,0,0,156,45,86,0,0,0,3,41,0,0,50,0,0,0,0,77,0,3,22,68,61,6,4477,29,0,1,100,20,88,67,76,5,5,5,5,28,34,32,31,30,40,7,29,29,0,6,8,71,41,34,22,0,0,75,145,1023,10,2,-19,0,0,150
45,4,4,4,4,6,Michael,Davis,2520,91,0,600,10,89,1,3,7394,8,7394,92,28,0,0,86,1,4,4,68,0,0,83,2,63,1009,88,62,25,25,0,8,61,6,0,0,0,0,2,2,26,30,29,0,0,1,3,50,0,0,43,2,3,600,4,80,0,15,26,80,81,6,4678,58,0,1,100,10,63,81,83,0,0,3,3,2,22,88,10,0,10,12,10,5,0,16,16,5,2,8,6,2520,0,74,36,999,45,6,-31,0,0,31
45,3,1,3,0,6,Kyle,Fuller,96,84,0,0,22,67,0,7,7398,33,7398,63,29,0,0,86,1,0,0,30,0,0,61,2,25,1009,87,10,63,65,0,8,9,0,0,0,3,2,3,2,17,45,0,1,0,1,3,42,0,0,55,2,1,0,0,82,0,7,26,59,66,6,4650,40,0,1,100,22,83,57,74,2,0,2,0,18,32,32,25,22,35,10,21,4,0,8,6,84,17,31,29,96,0,77,160,1023,10,0,-19,0,0,204
45,2,2,1,1,6,Cameron,Tom,105,79,0,0,25,75,0,4,7399,33,7399,75,28,0,0,89,1,2,2,28,0,0,58,3,63,1009,91,27,67,64,0,8,8,0,2,0,0,0,0,0,194,45,0,0,0,1,3,1,0,0,67,0,1,0,0,89,0,15,24,57,78,6,4826,21,8,1,100,25,85,55,56,2,2,2,2,3,32,44,19,22,35,8,23,37,0,7,7,52,6,41,28,105,0,76,140,1023,10,1,-19,0,0,204
45,6,5,6,5,6,Chase,Roullier,0,85,0,0,22,56,0,7,7400,33,7400,58,30,0,0,89,1,0,0,27,0,0,66,0,15,1015,85,31,81,83,0,8,12,0,2,0,0,0,0,0,260,45,33,3,0,0,3,25,0,0,73,0,0,0,0,74,0,6,15,79,67,6,4606,22,0,1,100,21,85,80,89,2,0,2,0,8,32,44,17,32,29,12,15,29,0,7,7,107,28,37,29,0,0,76,152,1023,10,6,-19,0,0,150
45,3,3,0,0,6,Dan,Feeney,325,83,0,204,22,67,0,7,7404,1,7404,63,29,0,0,79,1,0,0,28,0,0,65,0,7,12,93,34,65,70,0,8,8,0,0,0,0,0,0,0,86,45,0,0,0,1,3,13,0,0,67,0,1,204,0,94,0,3,27,67,70,6,4478,23,0,1,100,24,88,64,80,5,5,5,5,4,34,36,21,17,24,10,19,24,0,7,8,99,7,44,26,325,0,76,150,1023,10,0,-19,0,0,150
2,4,4,4,4,10,Budda,Baker,6115,94,0,1000,20,92,0,5,7410,7,7410,91,27,0,0,93,1,1,0,75,0,0,91,0,4,1015,91,75,35,35,0,7,57,8,0,0,0,0,0,0,252,32,63,0,0,2,3,2,0,0,3,2,5,1000,0,87,0,2,25,90,86,6,4443,72,0,1,100,20,72,95,92,5,5,5,5,3,26,82,9,14,22,7,11,15,0,17,17,92,2,12,9,6115,0,70,35,1023,66,6,-19,0,0,119
45,2,5,2,5,6,Damontae,Kazee,600,90,0,174,25,88,0,5,7411,29,7411,87,30,0,0,82,1,0,0,77,0,0,88,2,5,1009,85,70,35,35,0,8,69,6,0,0,0,6,0,6,180,45,1,0,0,2,3,7,0,0,23,0,2,174,0,78,0,5,22,77,82,6,4556,73,0,1,100,30,68,85,80,4,0,4,0,0,24,95,29,45,44,13,33,15,0,17,16,63,5,0,4,600,0,71,14,1023,76,1,-19,0,0,204
45,3,5,3,5,6,Jordan,Willis,109,76,0,0,22,89,0,4,7412,33,7412,85,28,0,0,84,1,0,1,42,0,0,80,1,9,1009,84,80,45,45,0,8,29,0,0,0,0,0,0,0,96,45,0,0,0,1,3,36,0,0,99,0,1,0,0,70,0,3,25,68,89,6,4480,34,0,1,100,21,84,78,63,2,2,2,2,5,32,48,21,21,24,8,18,14,0,10,10,106,5,37,23,109,0,76,110,1023,10,0,-19,0,0,178
45,2,3,2,3,28,Zane,Gonzalez,343,83,0,0,79,78,0,5,7414,33,7414,73,28,0,0,62,1,0,0,28,0,0,57,0,6,21,83,24,16,24,0,8,18,0,1,0,0,2,0,2,9,45,31,0,0,1,3,43,0,0,10,0,2,0,0,6,0,7,29,73,50,6,4631,23,0,1,100,94,45,75,59,3,0,2,0,3,12,80,18,16,7,13,25,22,0,19,19,73,4,9,7,343,0,72,42,1023,10,0,-19,0,0,150
45,4,4,4,4,71,Kyle,Sloter,0,75,0,0,25,87,0,4,7415,33,7415,78,29,0,0,86,1,0,0,27,0,0,68,0,63,1009,90,28,15,15,0,7,66,0,4,0,0,0,0,0,136,45,0,0,0,0,3,40,0,0,2,1,0,0,0,70,0,15,83,56,78,6,4733,68,0,1,100,25,67,62,62,0,0,0,0,5,24,85,12,25,17,13,2,30,0,0,0,10,3,7,11,0,0,77,51,1023,10,1,-30,0,0,3
4,4,4,4,4,6,Conor,McDermott,353,83,0,34,26,67,0,7,7420,33,7420,66,31,0,0,86,1,0,0,51,0,0,66,0,28,1009,79,17,64,65,0,8,6,9,4,0,0,0,0,0,226,45,0,0,0,2,3,25,0,0,75,2,2,34,0,2,0,6,33,60,71,6,4618,21,2,1,100,16,84,59,72,5,5,5,5,5,32,41,21,19,34,13,23,30,0,9,9,63,4,37,23,353,0,80,150,1023,10,1,-19,0,0,150
45,3,3,3,3,6,Dan,Skipper,0,80,0,0,19,61,0,7,7424,1009,7424,57,29,0,0,93,1,0,0,29,0,0,54,0,63,1009,89,36,61,67,0,8,14,9,2,0,0,2,0,2,10,45,0,0,0,0,3,26,0,0,74,2,0,0,0,80,0,15,22,57,66,6,4794,24,0,1,100,19,81,52,69,2,0,2,0,18,30,38,22,10,26,7,15,29,0,5,9,46,19,33,25,0,0,81,170,1023,10,1,-19,0,0,150
45,3,3,3,3,6,Will,Holden,0,82,0,0,19,65,0,7,7426,33,7426,56,30,0,0,85,1,0,0,28,0,0,60,0,13,1009,90,32,66,64,0,8,7,0,2,0,0,0,0,0,238,45,0,0,0,0,3,17,0,0,79,0,0,0,0,90,0,5,22,59,70,6,4564,24,0,1,100,19,85,55,63,5,5,5,5,15,32,33,20,28,33,11,21,17,0,6,5,48,20,35,25,0,0,79,170,1023,10,1,-19,0,0,150
45,7,1,7,1,6,Al-Quadin,Muhammad,0,85,0,0,19,84,0,1,7427,1009,7427,81,28,0,0,84,1,0,0,41,0,0,73,3,12,1009,93,78,45,45,0,8,18,0,0,0,9,0,9,0,115,39,4,0,0,0,3,72,0,0,97,0,0,0,0,71,0,6,34,70,75,6,4603,37,0,1,100,20,78,79,76,0,0,0,0,4,29,64,18,11,35,8,15,23,0,11,11,65,0,40,22,0,0,75,90,1023,12,1,-19,0,0,461
45,0,0,0,0,30,Myles,Garrett,14984,88,0,2940,20,91,0,3,7428,5,7428,87,28,0,0,87,1,3,3,52,0,0,86,2,1,1015,88,92,45,45,0,8,34,0,0,0,8,8,8,8,215,27,60,0,0,4,3,36,0,0,95,0,7,2940,0,98,0,1,55,98,92,6,4408,55,0,1,100,20,96,99,95,5,5,5,5,5,38,53,20,30,47,11,20,25,2,10,11,99,4,27,28,14984,0,76,112,1023,10,6,-19,0,0,393
45,6,6,6,6,6,Derek,Barnett,577,81,0,0,15,74,1,7,7429,13,7429,74,27,0,0,84,1,0,0,49,0,0,76,1,14,1015,85,79,45,45,0,8,16,8,0,0,0,0,0,0,211,45,37,0,0,1,3,19,0,0,96,0,2,0,0,86,0,1,28,72,76,6,4421,53,8,1,100,23,85,75,76,5,5,5,5,3,33,42,15,42,60,12,32,16,1,11,11,53,6,28,22,577,0,75,99,1023,10,6,-19,0,0,280
45,3,3,3,3,6,Taco,Charlton,0,73,0,0,14,86,0,4,7430,33,7430,77,29,0,0,82,1,0,0,43,0,0,77,2,28,1009,84,79,45,45,0,8,28,0,0,0,0,0,0,0,117,4,0,0,0,0,3,60,0,0,97,2,0,0,0,76,0,1,33,70,80,6,4435,45,0,1,100,17,80,73,64,0,0,3,3,6,30,44,23,25,28,10,13,30,1,11,11,10,7,39,27,0,0,78,110,1023,10,1,-30,0,0,223
4,4,4,4,4,6,Solomon,Thomas,233,79,0,47,11,83,0,4,7431,18,7431,81,28,0,0,88,1,0,0,32,0,0,79,1,3,1009,91,82,45,45,0,8,10,0,0,0,0,0,0,0,200,40,9,0,0,1,3,3,0,0,94,1,1,47,0,76,0,1,18,71,84,6,4410,40,0,1,100,16,87,78,65,5,5,5,5,5,34,37,17,33,31,8,25,27,2,12,10,64,10,43,24,233,0,74,96,1023,10,1,-19,0,0,494
4,3,3,3,3,6,Charles,Harris,809,79,0,396,22,83,0,7,7433,19,7433,81,28,0,0,81,1,0,0,42,0,0,78,2,22,1009,90,82,45,45,1,8,23,0,0,0,0,0,0,0,122,39,70,0,0,1,3,4,0,0,53,2,2,396,0,78,0,1,25,71,80,6,4429,38,0,1,100,21,75,76,67,2,2,2,2,3,28,66,25,10,37,9,19,16,3,10,13,29,6,18,24,809,0,75,90,1023,10,2,-19,0,0,222
45,2,2,2,2,18,Harvey,Langi,0,78,0,0,20,83,0,7,7434,33,7434,82,31,0,0,86,1,0,0,64,0,0,77,1,63,1009,87,80,45,45,1,8,34,0,4,0,0,0,0,0,26,45,0,0,0,0,3,2,0,0,56,1,0,0,0,60,0,15,27,68,80,6,4716,61,0,1,100,20,77,63,61,5,5,5,5,7,30,53,13,32,6,10,21,11,2,14,11,86,3,33,21,0,1,74,92,1023,15,1,-19,0,0,5
45,7,0,7,0,6,Dawuane,Smoot,0,81,0,0,15,80,0,7,7435,33,7435,79,28,0,0,89,1,0,0,35,0,0,81,3,4,1015,92,76,45,45,0,8,18,0,0,0,7,9,7,9,84,45,0,0,0,0,3,6,0,0,91,2,0,0,0,98,0,3,20,73,73,6,4475,28,0,1,100,20,82,79,78,0,0,0,0,3,30,39,66,13,7,7,26,26,0,11,11,27,5,28,22,0,1,75,104,1023,6,6,-19,0,0,290
45,2,2,2,2,6,Chris,Wormley,0,78,0,0,13,86,0,4,7436,33,7436,76,30,0,1,85,1,1,1,31,0,0,77,2,10,25,88,88,45,45,1,8,14,0,0,0,0,0,0,0,117,45,12,1,1,0,3,31,0,0,95,0,0,0,0,89,0,3,21,76,77,6,4481,27,0,1,100,10,83,85,78,0,0,0,0,7,32,46,25,19,24,11,16,26,0,10,12,44,6,32,28,0,0,77,140,1023,10,3,-19,0,0,204
12,4,4,4,4,6,Takkarist,McKinley,109,75,0,15,19,87,0,10,7437,33,7437,84,28,0,0,83,1,0,0,48,0,0,84,2,26,1009,85,77,45,45,0,8,30,0,0,0,0,0,0,0,226,39,77,0,0,1,3,0,0,0,59,2,1,15,0,73,0,1,15,69,80,6,4433,46,0,1,100,24,81,77,66,5,5,5,5,6,30,65,30,19,29,8,13,25,0,11,15,12,0,23,23,109,0,74,100,1023,30,1,-19,0,0,278
3,4,4,4,4,6,Jonathan,Allen,8264,81,0,3000,8,76,0,7,7439,26,7439,71,28,0,1,85,1,0,0,35,0,0,70,2,17,1015,92,95,45,45,0,8,10,0,0,0,0,0,0,0,3,40,32,0,0,3,3,10,0,0,93,0,5,3000,0,0,0,1,21,92,74,6,4424,40,0,1,100,9,93,95,95,5,5,5,5,48,37,26,23,10,45,9,24,27,0,12,10,20,43,32,26,8264,0,75,140,1023,10,6,-19,0,0,349
45,1,5,1,5,6,Ifeadi,Odenigbo,0,73,0,0,24,82,0,7,7442,33,7442,80,29,0,0,82,1,0,0,32,0,0,72,2,2,1009,87,77,45,45,0,8,10,5,0,0,0,0,0,0,151,39,25,0,1,0,3,31,0,0,92,2,0,0,0,93,0,7,28,71,77,6,4627,30,0,1,100,15,80,76,72,0,0,0,0,6,30,46,32,11,31,8,16,12,2,11,10,59,5,36,22,0,0,75,98,1023,10,1,-19,0,0,273
3,2,2,2,2,6,Haason,Reddick,3194,88,0,852,19,89,2,5,7443,13,7443,86,29,0,0,84,1,0,0,70,0,0,88,2,13,1009,96,81,45,45,0,8,43,0,0,0,0,0,0,0,208,42,69,0,0,2,3,38,0,0,7,2,3,852,0,63,0,1,25,90,87,6,4420,77,0,1,100,19,81,93,95,5,5,5,5,5,30,56,5,20,57,10,30,38,0,13,13,15,9,29,12,3194,0,73,80,1023,59,1,-19,0,0,457
45,7,7,7,7,6,Carl,Lawson,4539,76,0,99,12,87,0,4,7444,18,7444,81,28,0,0,74,1,0,0,31,0,0,80,2,9,1009,76,78,45,45,0,8,31,0,0,0,3,3,3,3,14,27,0,0,0,1,3,47,0,0,58,2,3,99,0,82,0,4,12,80,80,6,4523,27,0,1,100,14,88,86,84,2,2,2,2,3,34,42,27,12,27,10,33,14,0,10,10,64,8,41,24,3267,0,74,105,1023,10,2,-19,0,0,410
45,4,4,4,4,6,Demarcus,Walker,2098,77,0,198,20,77,0,4,7445,1,7445,75,29,0,0,89,1,0,0,46,0,0,69,3,19,1009,87,85,45,45,0,8,12,0,0,0,8,8,8,8,64,45,0,2,2,3,3,41,0,0,95,2,3,198,0,68,0,2,10,72,77,6,4458,41,0,1,100,21,78,79,78,4,0,4,0,6,29,33,19,12,30,7,22,22,0,11,10,64,5,27,27,2098,0,76,120,1023,10,0,-19,0,0,388
45,4,4,4,4,6,Tarell,Basham,96,83,0,0,16,87,0,5,7446,33,7446,81,29,0,0,88,1,0,0,46,0,0,78,2,16,1009,93,78,45,45,0,8,25,0,0,0,0,0,0,0,155,39,5,0,0,1,3,47,0,0,52,2,1,0,0,84,0,3,24,72,79,6,4487,34,0,1,100,24,75,76,68,5,5,5,5,6,28,43,15,12,45,8,25,20,0,10,10,99,9,32,24,96,0,76,106,1023,10,2,-19,0,0,26
45,4,4,4,4,6,Malik,McDowell,0,82,0,0,8,80,0,5,7448,33,7448,76,27,0,0,83,1,0,0,42,0,0,67,2,3,1009,92,78,45,45,0,8,17,0,0,0,0,0,0,0,118,39,0,0,0,0,3,73,0,0,58,0,0,0,0,0,0,2,21,72,71,6,4442,34,0,1,100,9,85,78,75,5,5,5,5,7,32,38,15,20,28,8,18,8,1,12,12,56,10,33,30,0,1,78,135,1023,10,2,-19,0,0,439
45,4,4,4,4,6,Montravius,Adams,499,74,0,146,6,79,0,5,7449,29,7449,74,28,0,0,86,1,0,0,51,0,0,68,1,29,1009,85,83,45,45,0,8,12,0,0,0,9,9,9,9,14,40,19,0,0,1,3,36,0,0,57,0,2,146,0,0,0,3,10,71,72,6,4500,49,0,1,100,8,86,77,70,5,5,5,5,8,33,43,17,25,34,12,23,21,0,12,11,99,8,43,22,499,0,76,144,1023,10,2,-19,0,0,204
45,7,2,7,2,6,Larry,Ogunjobi,2875,86,0,1059,17,74,0,10,7450,29,7450,74,29,0,0,89,1,0,0,35,0,0,73,3,1,1009,92,82,45,45,0,8,18,0,0,0,2,0,2,0,423,40,69,0,0,3,3,13,0,0,99,1,3,1059,0,91,0,3,23,74,79,6,4472,31,0,1,100,17,89,81,83,3,3,3,3,3,34,39,19,18,20,10,17,28,0,10,12,108,5,22,24,2875,0,75,145,1023,14,1,-19,0,0,204
45,0,0,0,0,6,Jaleel,Johnson,0,75,0,0,13,64,0,5,7452,33,7452,63,29,0,0,87,1,0,0,37,0,0,64,3,2,1009,92,78,45,45,2,8,18,0,0,0,2,0,2,0,89,45,0,0,0,0,3,43,0,0,79,1,0,0,0,82,0,4,23,64,70,6,4516,32,0,1,100,19,82,69,70,2,2,2,2,37,31,18,24,16,30,9,22,27,0,12,12,56,38,43,22,0,0,75,156,1023,10,1,-19,0,0,204
45,4,4,4,4,6,Dalvin,Tomlinson,4986,80,0,1204,17,68,3,10,7453,5,7453,66,29,0,0,91,1,0,0,34,0,0,61,3,23,1009,95,84,45,45,0,8,19,0,0,0,0,0,0,0,3,40,25,0,0,4,3,48,0,0,94,1,4,1204,0,92,0,2,23,80,68,6,4462,27,2,1,100,17,89,85,92,5,5,5,5,27,34,27,33,23,45,9,29,17,0,12,12,48,41,42,24,4986,0,75,165,1023,14,0,-19,0,0,225
3,4,4,4,4,6,Trey,Hendrickson,6000,85,0,1000,17,88,0,7,7454,2,7454,84,29,0,1,84,1,3,3,44,0,0,82,3,39,1009,92,88,45,45,0,8,28,0,0,0,0,0,1,1,308,39,11,0,0,2,3,5,0,0,91,2,4,1000,0,86,0,3,23,87,81,6,4510,41,0,1,100,17,81,94,89,0,0,2,2,7,30,50,11,20,35,13,15,27,2,11,10,44,9,33,26,6000,0,76,110,1023,10,2,-19,0,0,142
45,1,7,1,7,6,Carlos,Watkins,157,76,0,25,15,72,0,5,7457,7,7457,75,30,0,0,86,1,0,0,50,0,0,66,3,36,1009,90,80,45,45,0,8,15,0,0,0,0,8,0,8,38,40,19,0,1,1,3,41,0,0,94,1,1,25,0,94,0,4,16,68,70,6,4549,44,0,1,100,15,86,76,72,2,2,2,2,35,33,15,32,46,33,9,25,3,3,12,12,87,21,31,22,157,0,75,145,1023,10,0,-19,0,0,204
45,5,4,5,4,6,Vincent,Taylor,0,68,0,0,21,72,0,7,7458,33,7458,69,29,0,0,83,1,0,0,33,0,0,60,2,10,1009,82,74,45,45,0,8,19,0,0,0,0,0,0,0,158,45,0,0,2,0,3,43,0,0,96,2,0,0,0,71,0,6,19,64,71,6,4601,28,0,1,100,25,84,71,70,2,2,2,2,20,32,18,35,22,41,10,34,13,0,12,12,108,40,34,27,0,0,75,151,1023,10,1,-19,0,0,204
45,2,1,2,1,6,Elijah,Qualls,0,75,0,0,20,74,0,5,7459,33,7459,67,28,0,0,94,1,0,0,31,0,0,62,1,31,1009,89,79,45,45,0,8,17,0,0,0,0,0,0,0,252,45,0,0,3,0,3,45,0,0,94,0,0,0,0,71,0,6,23,59,77,6,4621,25,0,1,100,20,86,65,50,0,0,0,0,28,36,14,35,27,43,11,22,11,2,12,12,16,36,42,26,0,0,73,153,1023,10,3,-19,0,0,58
45,1,3,1,3,6,Davon,Godchaux,3075,82,0,1050,11,66,0,5,7461,22,7461,62,29,0,0,86,1,4,4,35,0,0,58,3,35,1009,88,86,45,45,0,8,12,0,0,0,0,0,0,0,106,40,27,0,0,2,3,10,0,0,92,1,3,1050,0,0,0,5,15,75,73,6,4585,27,0,1,100,12,86,77,80,2,0,2,0,43,32,20,26,27,43,8,29,19,3,12,12,101,21,41,23,3075,0,75,151,1023,10,2,-19,0,0,204
45,3,4,3,4,6,Tyus,Bowser,2200,87,0,800,12,89,3,7,7462,33,7462,83,28,0,0,85,1,0,0,63,0,0,81,1,15,1015,88,76,45,45,1,8,26,0,0,0,1,7,1,7,80,45,20,0,2,2,3,36,0,0,54,2,4,800,0,3,0,2,23,75,89,6,4454,52,0,1,100,14,75,79,78,0,4,0,4,4,28,68,45,30,43,12,23,20,0,13,15,0,9,41,24,2200,0,75,82,1023,10,6,-19,0,0,480
45,3,5,3,5,6,Tashawn,Bower,0,72,0,0,14,76,0,4,7463,33,7463,78,28,0,0,79,1,0,0,36,0,0,75,1,63,1009,87,77,45,45,0,8,30,0,0,0,0,0,0,0,106,45,0,2,0,0,3,47,0,0,96,2,0,0,0,64,0,15,24,63,77,6,4735,29,0,1,100,18,77,68,64,0,0,0,0,5,28,64,36,51,14,12,5,11,0,13,11,63,6,32,21,0,1,77,90,1023,28,4,-19,0,0,53
45,1,4,1,4,6,Jeremiah,Ledbetter,190,70,0,0,25,80,0,4,7466,17,7466,78,29,0,0,79,1,0,0,34,0,0,67,2,21,1009,85,78,45,45,0,8,10,0,0,0,0,8,0,8,10,45,3,2,0,1,3,10,0,0,99,2,2,0,0,80,0,6,32,66,81,6,4612,28,0,1,100,21,85,75,68,4,3,4,3,5,32,43,15,12,29,10,19,5,0,12,12,16,7,42,28,190,0,75,135,1023,10,2,-19,0,0,458
45,4,4,4,4,6,Ryan,Anderson,0,82,0,0,15,78,0,4,7469,33,7469,80,29,0,0,87,1,4,4,58,0,0,76,2,17,1009,88,81,45,56,0,8,23,0,0,0,0,0,0,0,3,39,41,0,0,0,3,41,0,0,54,2,0,0,0,81,0,2,24,67,71,6,4456,55,0,1,100,16,82,73,66,5,5,5,5,3,31,45,21,25,51,7,20,20,0,13,13,26,6,24,23,0,0,74,95,1023,10,0,-19,0,0,425
45,4,4,4,4,6,Tanzel,Smart,0,66,0,0,11,66,0,5,7472,1009,7472,65,29,0,0,78,1,0,0,32,0,0,62,3,5,1009,85,74,45,45,0,8,12,0,0,0,2,2,0,0,221,45,10,0,0,0,3,55,0,0,79,2,0,0,0,76,0,6,14,61,68,6,4596,26,0,1,100,17,82,66,65,3,3,5,5,4,31,43,22,29,28,12,16,25,0,12,12,80,27,28,30,0,0,73,135,1023,10,3,-19,0,0,384
45,6,4,6,4,6,Zach,Cunningham,0,88,0,0,20,90,1,7,7473,13,7473,82,29,0,0,87,1,0,0,59,0,0,81,3,25,1009,89,79,45,45,0,8,22,0,2,0,0,0,0,0,238,45,75,2,0,1,3,25,0,0,52,1,1,2,0,88,0,2,25,78,84,6,4464,51,0,1,100,20,80,77,84,1,1,1,1,0,30,56,11,37,65,11,16,13,2,14,14,25,0,20,10,134,0,75,70,1023,10,0,-19,0,0,204
45,4,4,4,4,6,Jarrad,Davis,104,85,0,0,20,88,0,4,7474,33,7474,84,29,0,0,78,1,1,0,53,0,0,78,2,21,1009,85,77,45,45,0,8,10,0,0,0,0,0,0,0,62,45,19,0,0,1,3,16,0,0,57,1,1,0,0,64,0,1,17,70,89,6,4428,48,0,1,100,21,83,69,72,5,5,5,5,3,32,39,28,10,13,10,12,15,1,14,14,27,8,30,21,104,1,73,85,1023,10,1,-19,0,0,249
45,6,6,6,6,6,Raekwon,McMillan,158,79,0,24,20,88,2,5,7476,33,7476,85,28,0,0,87,1,0,0,61,0,0,80,1,22,1009,82,80,45,45,0,8,27,0,0,0,0,7,0,7,156,45,0,2,1,1,3,33,0,0,50,1,1,24,0,60,0,2,25,69,80,6,4461,56,0,1,100,20,83,66,63,4,0,4,0,4,32,52,46,32,13,7,5,26,0,14,13,13,0,29,23,158,0,74,82,1023,10,2,-19,0,0,204
45,7,7,7,7,6,Anthony,Walker Jr,109,90,0,15,22,88,0,4,7477,5,7477,84,28,1,0,96,1,0,0,67,0,0,79,0,17,1009,92,86,45,45,0,8,29,0,4,0,0,0,0,0,151,45,81,3,3,1,3,30,0,0,5,1,1,15,0,83,0,5,24,76,75,6,4568,61,0,1,100,14,78,80,82,0,0,0,0,4,29,58,19,47,49,10,28,23,0,14,14,18,2,24,11,109,0,73,75,1023,10,2,-19,0,0,150
45,3,3,3,3,6,Duke,Riley,498,83,0,116,19,86,3,7,7478,12,7478,86,29,0,0,86,1,0,0,61,0,0,82,3,11,1009,89,76,45,45,2,8,21,0,0,0,0,0,0,0,106,42,0,0,0,2,3,7,0,0,45,1,2,116,0,94,0,3,25,67,82,6,4482,51,0,1,100,19,74,70,74,6,6,6,6,2,27,68,18,23,19,12,15,19,0,14,13,59,6,16,10,498,1,73,67,1023,10,2,-19,0,0,58
45,4,4,4,4,6,Elijah,Lee,0,82,0,0,28,88,0,4,7481,33,7481,80,27,0,0,86,1,0,0,61,0,0,81,3,14,1009,91,80,45,45,0,8,20,6,0,0,2,7,2,7,96,45,0,2,1,0,3,6,0,0,47,1,0,0,0,69,0,7,26,64,90,6,4639,56,0,1,100,28,68,68,60,4,2,4,2,0,24,65,43,45,52,11,23,23,0,13,14,89,0,30,13,0,0,74,70,1023,10,1,-19,0,0,204
45,6,7,6,7,6,Jalen,Reeves-Maybin,175,87,0,50,11,84,0,9,7485,19,7485,82,28,0,0,81,1,0,0,58,0,0,75,1,18,1009,90,74,45,45,0,8,17,0,2,0,8,0,8,0,211,45,19,2,2,1,3,42,0,0,42,2,1,50,0,85,0,4,13,66,85,6,4531,54,0,1,100,20,70,67,75,0,0,0,0,2,25,52,49,51,13,9,3,9,3,14,13,60,5,15,14,175,1,73,70,1023,10,0,-19,0,0,204
45,4,4,4,4,6,Derek,Rivers,0,72,0,0,14,87,0,3,7488,1009,7488,84,29,0,0,79,1,0,0,42,0,0,77,2,19,1009,84,75,45,45,0,8,28,0,0,0,0,0,0,0,262,45,0,0,0,0,3,45,0,0,95,2,0,4,0,64,0,3,25,68,84,6,4490,40,0,1,100,19,83,74,62,5,5,5,5,3,32,57,20,32,44,11,15,32,0,11,10,66,5,27,23,0,0,77,90,1023,10,2,-19,0,0,134
41,5,5,5,5,6,T. J.,Watt,12265,87,0,3555,50,88,0,7,7490,29,7490,83,29,0,0,95,1,4,4,66,0,0,84,0,30,1015,86,92,45,45,0,8,23,0,2,0,0,0,1,1,258,45,31,0,0,3,3,45,0,0,90,2,5,3555,0,65,0,1,25,94,88,6,4437,53,0,1,100,57,83,97,96,0,0,2,2,6,32,45,0,20,33,10,0,15,0,15,15,12,6,43,20,12265,0,76,92,1023,6,6,-19,0,0,133
45,7,7,7,7,6,Kai,Nacua,0,85,0,0,11,91,0,10,7491,33,7491,87,28,0,0,86,1,4,4,62,0,0,87,0,63,1009,88,67,25,25,0,8,57,0,0,0,0,0,0,0,26,45,0,0,0,0,3,22,0,0,46,2,0,0,2,65,0,15,24,66,91,6,4673,56,0,1,100,10,70,72,61,4,4,4,4,0,25,85,1,40,18,11,9,12,0,17,18,20,5,9,6,0,0,72,45,999,61,3,-19,0,0,3
45,4,4,4,4,6,Alex,Anzalone,1755,93,0,360,18,88,0,11,7492,19,7492,85,29,0,1,77,1,3,3,61,0,0,83,0,12,1009,84,77,45,45,0,8,12,0,1,0,0,0,0,0,62,45,75,0,0,3,3,43,0,0,34,2,3,360,0,91,0,3,25,73,75,6,4483,47,0,1,100,28,74,81,79,5,5,5,5,2,27,71,15,30,59,9,15,23,1,15,15,22,4,19,13,1755,0,75,77,1023,14,2,-19,0,0,62
45,3,4,3,4,6,Vince,Biegel,0,80,0,0,17,84,0,7,7493,33,7493,82,30,0,0,76,1,1,0,54,0,0,78,3,1,1009,81,79,45,46,0,8,14,0,2,0,0,9,0,9,258,45,0,3,0,0,3,44,0,0,47,2,0,0,0,98,0,4,20,68,81,6,4515,48,0,1,100,14,76,64,63,0,0,0,0,7,28,62,48,45,30,12,5,17,0,14,15,58,9,33,23,0,0,75,86,1023,10,1,-19,0,0,150
45,5,6,5,6,6,Tanoh,Kpassagnon,520,76,0,76,29,79,0,4,7494,27,7494,77,29,0,0,80,1,0,0,47,0,0,75,3,27,1009,88,78,45,45,0,8,23,0,0,0,0,7,0,7,239,45,0,5,2,2,3,42,0,0,92,0,2,76,0,85,0,2,15,69,74,6,4466,44,0,1,100,15,82,73,68,4,0,4,0,6,31,30,15,34,21,10,22,21,0,11,11,83,8,34,25,520,0,79,129,1023,15,2,-19,0,0,209
45,7,7,7,7,6,Desmond,King,109,92,0,15,21,90,3,5,7495,29,7495,88,29,0,1,84,1,4,4,76,0,0,92,2,7,1009,94,61,35,35,0,8,60,0,0,0,0,0,2,2,89,45,8,0,0,1,3,39,0,0,25,2,1,15,0,85,0,5,21,79,83,6,4558,74,0,1,100,29,72,83,81,0,0,3,3,3,26,76,10,5,10,7,10,5,1,16,16,21,1,12,10,109,0,70,40,1023,83,0,-19,0,0,204
45,4,4,4,4,6,Shaquill,Griffin,450,91,0,0,12,92,0,10,7497,32,7497,92,28,0,0,87,1,3,3,71,0,0,87,2,26,1009,87,58,35,35,0,8,53,0,0,0,2,2,0,0,225,30,44,0,0,1,3,51,0,0,16,0,1,0,0,78,0,3,14,79,91,6,4497,67,0,1,100,14,66,83,82,3,3,0,0,3,24,89,15,17,32,8,9,18,1,16,16,38,2,12,5,450,0,72,38,1023,45,0,-19,0,0,507
45,3,3,3,3,6,Marlon,Humphrey,11149,97,0,2800,25,94,0,7,7500,25,7500,92,27,0,0,79,1,0,0,72,0,0,87,2,16,1015,88,69,35,35,0,8,56,0,0,0,0,0,0,0,3,38,68,3,3,4,3,32,0,0,44,2,7,2800,0,3,0,1,22,93,85,6,4423,62,0,1,100,30,74,89,92,0,0,0,0,3,27,90,20,25,36,7,1,1,1,16,16,33,0,12,11,11149,1,72,45,1023,62,6,-19,0,0,140
45,2,2,2,2,6,Marshon,Lattimore,10513,90,0,900,25,93,2,7,7501,27,7501,92,27,0,0,82,1,0,0,74,0,0,90,2,11,1015,88,73,35,35,0,7,67,0,0,0,0,0,1,1,156,38,59,0,0,4,3,28,0,0,23,2,6,900,0,83,0,1,22,90,91,6,4418,61,0,1,100,30,72,89,89,0,0,2,2,0,26,87,9,15,37,8,9,14,2,16,16,36,0,7,10,10513,1,72,32,1023,70,6,-19,0,0,393
45,4,4,4,4,6,Fabian,Moreau,0,93,0,0,16,93,0,5,7502,4,7502,93,29,0,1,77,1,3,3,70,0,0,87,2,17,1009,85,64,35,35,0,8,53,0,0,0,0,0,0,0,226,30,0,0,0,1,3,10,0,0,36,0,1,20,0,73,0,3,25,73,90,6,4488,59,0,1,100,15,67,80,71,5,5,5,5,0,26,73,10,20,32,7,10,20,0,16,16,36,4,8,12,130,0,72,44,1023,40,1,-19,0,0,21
45,4,4,4,4,22,Tre'Davious,White,8234,93,0,1260,18,93,0,5,7503,3,7503,91,28,0,0,81,1,0,0,73,0,0,90,2,27,1015,87,64,25,25,0,8,74,0,0,0,0,0,0,0,106,38,64,0,0,3,3,38,0,0,27,2,6,1260,0,65,0,1,36,90,82,6,4434,65,0,1,100,22,75,89,92,5,5,5,5,4,28,75,10,21,21,10,10,13,0,16,16,12,3,4,9,8234,0,71,32,1023,80,6,-19,0,0,65
45,4,4,4,4,6,Sidney,Jones IV,0,90,0,0,15,92,1,10,7504,1009,7504,88,27,0,1,84,1,0,0,72,0,0,86,2,11,1009,79,68,35,35,0,8,57,0,0,0,2,2,0,0,252,45,0,0,0,0,3,43,0,0,24,2,0,0,0,84,0,2,25,72,81,6,4450,63,0,1,100,15,66,76,67,3,3,6,6,1,23,98,28,12,18,9,16,18,0,16,16,36,1,8,3,0,0,72,26,1023,60,0,-19,0,0,131
45,3,3,3,3,6,Teez,Tabor,0,86,0,0,17,89,0,3,7505,33,7505,86,28,0,0,74,1,0,0,72,0,0,82,2,21,1009,87,62,35,35,0,7,58,0,0,0,0,0,0,0,62,45,0,0,0,0,3,46,0,0,39,2,0,0,0,89,0,2,35,66,76,6,4460,67,0,1,100,20,61,73,69,5,5,5,5,0,20,79,19,27,34,7,17,20,3,17,16,18,5,13,5,0,0,72,41,1023,60,1,-19,0,0,257
12,4,4,4,4,6,Adoree',Jackson,3452,89,0,1350,32,94,0,1,7507,16,7507,93,28,0,0,78,1,0,0,74,0,0,95,2,18,1009,87,52,35,35,0,8,72,0,0,0,0,0,0,0,231,30,39,0,0,1,3,39,0,0,22,0,3,1350,0,82,0,1,10,81,93,6,4425,67,0,1,100,29,54,82,75,7,7,7,7,4,18,80,8,3,20,13,5,14,0,16,16,34,0,2,8,3452,0,71,25,1023,86,2,-19,0,0,16
45,4,4,4,4,6,Quincy,Wilson,0,86,0,0,22,90,1,7,7509,33,7509,86,27,0,1,79,1,0,0,66,0,0,86,2,14,1009,85,58,35,35,0,8,59,0,0,0,2,2,0,0,62,45,69,0,0,0,3,66,0,0,36,2,0,0,0,57,0,2,35,67,80,6,4453,64,0,1,100,19,68,66,63,3,3,0,0,3,24,75,5,10,27,7,10,20,1,18,16,28,3,12,9,0,0,74,33,1023,55,1,-19,0,0,73
45,7,7,7,7,6,Jourdan,Lewis,1345,87,0,348,26,90,0,4,7510,11,7510,88,28,0,0,84,1,0,0,72,0,0,87,2,28,1015,89,63,35,35,0,8,66,0,0,0,0,0,0,0,117,45,0,2,2,1,3,60,0,0,2,2,3,348,0,67,0,3,24,77,85,6,4499,65,0,1,100,26,66,79,77,0,0,0,0,0,23,79,10,12,15,8,0,17,1,16,16,10,4,11,4,1345,0,70,35,1023,81,6,-30,0,0,26
45,7,7,7,7,6,Chidobe,Awuzie,2153,91,0,450,22,94,0,4,7511,2,7511,91,28,0,0,84,1,0,0,72,0,0,88,2,28,1009,87,64,35,35,0,8,54,0,0,0,0,0,0,0,41,30,69,2,2,1,1,60,0,0,22,2,3,450,0,74,0,2,32,85,91,6,4467,68,0,1,100,26,69,86,85,0,0,0,0,3,24,79,10,20,15,12,0,25,0,16,16,10,3,9,6,2153,0,72,42,1023,69,2,-30,0,0,503
45,6,6,6,6,10,Kevin,King,0,88,0,0,22,93,0,10,7512,33,7512,89,28,0,0,79,1,3,3,69,0,0,92,2,1,1015,84,60,30,32,0,7,49,0,0,0,0,0,0,0,252,30,53,0,0,0,3,50,0,0,20,2,0,0,0,75,0,2,35,71,93,6,4440,65,0,1,100,20,69,77,67,0,0,0,0,2,24,70,20,14,10,12,6,10,1,16,16,30,3,10,6,0,0,75,40,1023,44,6,-19,0,0,29
45,4,4,4,4,6,Rasul,Douglas,1936,92,0,528,16,92,0,5,7513,20,7513,89,28,0,0,79,1,0,0,78,0,0,84,2,35,1009,89,62,35,35,0,8,53,0,0,0,0,0,0,0,254,29,47,0,0,2,3,20,0,0,29,0,3,528,0,83,0,3,14,81,82,6,4506,72,0,1,100,14,73,86,87,0,0,0,0,4,26,72,9,15,23,11,11,15,0,16,16,32,2,13,11,1936,0,74,49,1023,52,2,-19,0,0,98
45,4,4,4,4,6,Ahkello,Witherspoon,800,89,0,296,20,92,0,1,7514,24,7514,90,28,0,0,69,1,0,0,70,0,0,87,2,2,28,83,43,35,35,0,7,44,0,0,0,4,4,4,4,41,45,67,0,0,1,3,28,0,0,44,2,2,296,0,78,0,3,35,76,92,6,4473,59,0,1,100,20,56,78,76,3,3,3,3,3,18,93,10,20,27,12,11,20,0,16,16,69,4,8,6,800,0,74,35,1023,55,2,-19,0,0,23
45,3,3,3,3,6,Cameron,Sutton,2864,92,0,654,18,90,0,3,7515,19,7515,88,28,0,1,83,1,4,4,72,0,0,89,2,30,1009,91,55,35,35,0,8,63,0,0,0,0,0,0,0,211,45,0,0,0,3,3,29,0,0,1,2,3,654,0,83,0,3,24,77,82,6,4501,62,0,1,100,22,69,82,83,0,0,0,0,5,24,88,9,9,15,7,27,15,2,16,16,10,4,6,5,2864,2,71,28,1023,83,0,-19,0,0,85
45,4,4,4,4,6,Marcus,Williams,6582,91,0,1495,20,90,3,5,7516,25,7516,88,27,0,1,85,1,0,0,80,0,0,86,2,10,1009,91,74,35,35,0,7,49,0,0,0,0,0,0,0,233,3,59,0,0,4,3,26,0,0,32,0,5,1495,0,73,0,2,25,88,97,6,4449,75,0,1,100,20,70,95,90,4,4,4,4,3,25,80,3,19,15,11,5,23,0,17,17,38,1,6,9,6582,0,73,47,1023,59,1,-19,0,0,400
32,7,7,7,7,10,Marcus,Maye,1618,89,0,360,25,90,0,5,7517,27,7517,89,30,0,0,77,1,0,0,73,0,0,85,2,7,1009,85,75,35,35,0,7,42,0,0,0,0,0,0,0,62,3,36,0,0,2,3,44,0,0,6,0,3,360,0,77,0,2,25,83,81,6,4446,65,0,1,100,25,77,88,84,0,0,0,0,1,28,83,16,40,14,8,1,3,0,17,17,15,0,13,6,1618,0,71,47,1023,48,1,-19,0,0,204
45,4,4,4,4,10,Josh,Jones,0,88,0,0,19,91,0,5,7518,33,7518,91,29,0,0,82,1,0,0,75,0,0,82,2,29,1009,87,71,35,35,0,7,52,8,0,0,0,0,0,0,138,32,43,0,0,0,3,53,0,0,13,2,0,0,0,65,0,2,24,67,87,6,4468,68,0,1,100,25,73,79,70,6,6,6,6,2,26,90,10,25,22,10,13,20,1,18,18,6,2,8,7,0,0,73,60,1023,48,1,-19,0,0,140
45,7,6,7,6,15,Rayshawn,Jenkins,3160,93,0,800,15,89,0,1,7520,17,7520,88,29,0,0,85,1,0,0,75,0,0,82,2,6,1009,87,75,35,35,0,8,46,0,0,0,0,9,0,9,115,45,66,2,2,2,3,44,0,0,2,2,4,800,0,83,0,4,30,76,88,6,4520,65,0,1,100,20,72,83,77,3,4,3,4,5,26,90,13,43,17,13,4,28,0,18,17,1,3,8,6,3160,0,73,60,1023,65,2,-19,0,0,204
45,4,4,4,4,6,John,Johnson III,0,92,0,0,19,90,1,5,7521,24,7521,85,28,0,0,81,1,0,0,73,0,0,91,2,27,1009,92,66,35,35,0,8,46,0,0,0,2,2,0,0,20,45,57,0,0,1,3,27,0,0,43,0,1,0,0,73,0,3,26,80,88,6,4498,66,0,1,100,24,67,84,81,0,0,0,0,1,24,74,5,21,38,9,20,5,2,17,17,44,2,7,10,94,0,72,49,1023,73,2,-19,0,0,61
45,3,7,3,7,6,Rudy,Ford,150,86,0,5,19,93,0,7,7522,20,7522,91,29,0,1,78,1,0,0,72,0,0,84,3,24,1009,86,71,35,35,0,8,56,6,0,0,0,9,0,9,14,32,0,2,0,1,3,64,0,0,20,2,1,5,0,7,0,6,30,74,83,6,4615,67,0,1,100,24,70,82,74,0,1,0,1,5,25,68,7,11,33,7,5,5,0,17,17,44,4,6,11,150,0,72,40,1023,79,1,-19,0,0,204
45,7,7,7,7,10,Delano,Hill,0,87,0,0,15,90,0,5,7523,33,7523,88,28,0,0,83,1,0,0,63,0,0,82,2,31,1015,91,74,35,35,0,7,46,0,0,0,0,0,0,0,117,45,80,0,0,0,3,1,0,0,40,2,0,0,0,80,0,3,30,67,81,6,4502,66,0,1,100,20,72,78,69,0,0,0,0,0,26,75,10,10,27,7,10,17,0,18,18,28,3,5,12,0,0,73,56,1023,45,1,-19,0,0,21
45,0,7,0,7,6,Nathan,Gerry,94,83,0,0,15,87,0,4,7526,33,7526,86,28,0,0,89,1,0,0,72,0,0,82,3,41,1009,85,76,45,45,0,8,33,0,2,0,7,0,7,0,142,45,12,2,0,1,3,22,0,0,50,1,1,0,0,78,0,5,30,66,81,6,4591,69,0,1,100,19,70,68,72,0,4,0,4,3,25,59,34,38,20,11,5,30,0,14,18,37,2,28,11,94,1,74,70,1023,45,1,-19,0,0,150
45,5,5,5,5,10,Jamal,Adams,8044,88,0,2000,25,90,0,3,7527,28,7527,90,28,0,0,92,1,4,4,68,0,0,84,2,6,18,77,77,35,35,0,7,25,0,0,0,0,0,0,0,106,32,50,0,0,3,3,46,0,0,33,2,5,2000,0,98,0,1,25,88,81,6,4413,60,0,1,100,25,78,92,87,0,0,0,0,1,29,72,12,25,40,10,12,20,0,18,18,37,5,12,10,8044,0,73,53,1023,35,3,-19,0,0,461
12,4,4,4,4,26,Jabrill,Peppers,896,87,0,310,18,91,0,3,7528,22,7528,89,28,0,0,82,1,0,0,76,0,0,88,2,25,1009,84,80,35,35,0,8,77,0,0,0,0,0,0,0,117,45,31,0,0,2,3,49,0,0,5,2,2,310,0,70,0,1,33,83,86,6,4432,67,0,1,100,22,73,89,81,5,5,5,5,0,26,71,25,21,49,10,10,10,0,17,18,33,2,9,8,896,1,71,53,1023,86,1,-19,0,0,460
45,4,4,4,4,10,Justin,Evans,155,89,0,25,25,91,0,5,7530,13,7530,87,28,0,0,88,1,0,0,72,0,0,88,2,18,1009,87,71,35,35,0,7,44,0,0,0,1,1,1,1,215,45,25,0,0,1,3,35,0,0,30,2,1,25,0,75,0,2,30,73,93,6,4457,66,0,1,100,25,75,82,72,2,2,2,2,4,28,85,9,20,36,8,1,24,1,17,18,10,5,4,10,155,1,72,39,1023,80,0,-19,0,0,257
32,4,4,4,4,6,Eddie,Jackson,5911,90,0,1200,19,89,1,5,7531,1,7531,91,30,0,0,76,1,0,0,77,0,0,85,2,5,1015,84,67,35,38,0,8,57,0,0,0,9,9,9,9,3,2,48,0,0,2,3,52,0,0,4,0,5,1200,0,86,0,4,21,85,84,6,4519,74,0,1,100,20,63,90,90,5,5,5,5,5,22,80,16,22,39,9,3,11,0,17,17,29,3,10,6,5911,0,72,46,1023,83,6,-19,0,0,400
45,3,3,3,3,6,Xavier,Woods,1500,94,0,498,19,90,0,4,7533,21,7533,89,28,0,1,86,1,0,0,76,0,0,89,2,7,1009,94,73,35,35,0,7,54,0,0,0,2,2,0,0,101,45,66,0,0,2,3,60,0,0,25,0,3,498,0,80,0,6,21,78,82,6,4598,71,0,1,100,17,71,86,79,3,3,0,0,1,26,63,10,23,15,10,0,28,1,17,17,10,0,12,8,1500,0,71,50,1023,70,1,-30,0,0,515
45,4,3,4,3,10,Tedric,Thompson,0,89,0,0,30,86,0,7,7535,33,7535,84,28,0,0,75,1,0,0,78,0,0,81,2,4,1009,84,70,35,35,0,8,47,0,0,0,0,9,0,9,41,45,48,0,1,0,3,46,0,0,37,1,0,0,0,87,0,4,25,70,84,6,4518,74,0,1,100,15,68,79,72,3,4,3,4,3,24,65,22,32,38,11,12,7,2,17,18,33,4,8,12,0,0,72,44,1023,50,1,-19,0,0,204
45,6,0,6,0,6,Matt,Milano,5207,94,0,1652,20,86,0,7,7537,3,7537,86,29,0,0,86,1,5,4,64,0,0,74,0,19,1015,92,87,45,45,0,8,29,0,0,0,0,0,0,0,20,3,87,0,0,4,3,44,0,0,58,1,4,1652,0,87,0,5,25,88,84,6,4570,52,0,1,100,20,78,91,93,1,3,1,3,2,28,63,4,34,19,8,28,33,1,13,15,5,3,23,11,5207,0,72,63,1023,10,6,-19,0,0,150
45,5,5,5,5,20,Josh,Reynolds,600,86,0,150,14,86,0,2,7538,19,7538,87,28,0,0,77,1,0,0,87,0,0,85,2,10,1009,95,35,44,49,0,7,76,0,0,0,2,2,0,0,215,45,11,0,0,1,3,43,0,0,8,2,2,150,0,52,0,4,30,75,88,6,4524,76,0,1,100,20,62,75,79,3,3,0,0,2,21,83,15,34,16,11,25,2,0,3,3,14,3,9,7,600,0,75,34,1023,45,2,-19,0,0,452
45,0,0,0,0,18,Josh,Malone,0,78,0,0,16,89,0,6,7541,33,7541,90,27,0,0,79,1,0,0,81,0,0,84,3,22,1009,89,28,48,48,0,7,66,9,0,0,0,0,0,0,211,45,19,3,2,0,3,66,0,0,86,2,0,0,0,85,0,4,28,66,80,6,4535,74,0,1,100,18,61,63,58,0,0,0,0,3,20,85,3,10,12,9,1,12,0,3,3,2,5,12,7,0,0,75,48,1023,70,1,-19,0,0,204
2,0,0,0,0,19,Jake,Elliott,1693,82,0,0,87,80,0,7,7545,13,7545,77,28,0,0,57,1,0,0,27,0,0,66,0,9,1009,86,27,20,20,0,8,14,0,1,0,0,0,0,0,114,45,55,2,1,2,3,65,0,0,4,0,5,0,0,84,0,5,28,81,52,6,4560,33,0,1,100,96,34,82,69,0,0,0,0,0,7,87,3,14,11,10,0,15,0,19,19,2,5,6,5,1693,0,69,7,1023,10,6,-19,0,0,95
45,4,4,4,4,10,Zach,Wood,478,77,0,68,24,65,0,5,7567,27,7567,65,30,0,0,82,1,0,0,46,0,0,66,1,63,1009,93,69,59,51,0,8,20,0,4,0,8,8,8,8,192,45,0,0,0,1,3,31,1,0,49,0,4,68,0,93,0,15,39,26,70,7,4729,43,0,1,100,25,75,45,66,5,5,5,5,5,28,67,25,25,31,12,17,30,0,7,4,10,4,26,25,478,0,75,95,1023,10,6,-30,0,0,359
45,2,2,2,2,6,Roy,R-Harris,2863,79,0,600,30,72,0,7,7574,17,7574,76,30,0,0,85,1,1,1,40,0,0,72,2,63,1009,86,79,45,45,0,8,16,0,0,0,9,9,9,9,235,45,10,0,0,4,3,47,0,0,95,0,4,600,0,64,0,15,34,72,84,7,4663,21,0,1,100,30,81,79,84,5,5,5,5,8,30,47,25,25,26,12,23,30,0,11,11,10,4,24,29,2863,0,77,138,1023,10,2,-30,0,0,4
45,3,3,3,3,6,Trevon,Coley,0,69,0,0,20,74,0,4,7578,33,7578,71,29,0,0,83,1,0,0,32,0,0,79,1,63,1009,84,79,60,54,0,8,10,0,0,0,0,0,2,2,308,40,0,0,0,0,3,54,0,0,79,0,0,0,0,48,0,15,33,66,73,7,4671,27,0,1,100,20,84,71,62,0,0,3,3,37,32,30,23,25,34,10,27,30,1,12,11,10,36,41,24,0,0,73,150,1023,10,1,-30,0,0,21
45,4,4,4,4,6,Luke,Rhodes,570,79,0,0,20,84,0,7,7593,10,7593,79,31,0,1,88,1,0,0,54,0,0,77,0,63,1009,92,75,47,45,0,8,25,0,0,0,0,0,0,0,256,45,0,0,0,1,3,46,0,0,46,0,5,0,0,15,0,15,29,31,84,7,4681,47,0,1,100,17,80,40,67,7,7,7,7,2,30,63,16,25,21,10,6,30,0,7,4,10,9,25,14,570,0,74,78,1023,35,7,-30,0,0,418
2,0,0,0,0,16,Reid,Ferguson,460,79,0,0,19,73,0,6,7598,3,7598,68,29,0,0,83,1,0,0,57,0,0,65,1,63,1009,94,29,54,50,0,8,43,0,4,0,0,0,0,0,106,45,0,3,3,2,3,0,0,0,69,1,4,0,0,40,0,15,27,37,69,7,4667,54,0,1,100,21,65,41,68,0,0,0,0,3,22,69,17,25,22,10,7,30,0,7,4,10,0,33,13,460,0,74,75,1023,18,7,-30,0,0,485
45,0,0,0,0,6,Zach,Triner,234,80,0,30,20,81,0,9,7603,6,7603,76,32,0,0,88,2,0,0,53,0,0,69,1,63,1009,87,51,54,45,0,8,22,0,1,0,0,0,0,0,391,45,0,0,0,1,3,0,0,0,97,0,2,30,0,40,0,15,29,26,74,6,4893,47,0,1,100,17,74,40,62,0,0,0,0,7,27,65,16,25,21,7,6,30,0,7,4,10,6,38,24,234,0,75,85,1023,35,4,-30,0,0,120
45,4,4,4,4,10,Joe,Fortunato,166,84,0,0,15,78,0,4,7605,33,7605,67,29,0,0,80,1,0,0,55,0,0,61,0,63,1009,92,46,75,45,0,8,42,0,0,0,4,4,4,4,49,45,0,0,0,2,3,0,0,0,48,2,2,0,0,40,0,15,11,40,79,6,4610,60,0,1,100,50,50,40,50,0,0,0,0,3,15,54,13,25,18,9,3,30,0,7,7,10,8,17,13,166,0,76,80,1023,6,0,-30,0,0,451
45,2,2,2,2,6,Lucas,Patrick,800,87,0,296,21,83,0,7,7618,1,7618,62,30,0,0,86,1,0,0,24,0,0,60,0,63,1009,88,29,74,73,0,8,8,0,0,0,0,0,0,0,52,45,0,0,0,1,3,1,0,0,62,2,2,296,0,10,0,15,21,71,72,7,4707,26,0,1,100,16,84,71,84,3,3,2,2,43,32,24,22,25,34,9,21,30,0,7,6,10,36,42,25,800,0,75,153,1023,14,1,-30,0,0,510
45,0,0,0,0,26,Aldrick,Rosas,0,86,0,0,74,72,0,7,7643,1009,7643,66,29,0,0,65,1,0,0,27,0,0,60,1,63,1009,83,28,20,20,0,8,8,0,0,0,0,0,0,0,426,45,80,0,0,0,3,48,0,0,13,0,0,0,0,99,0,15,36,70,59,7,4661,31,0,1,100,94,55,71,54,5,5,5,5,2,22,58,10,16,15,13,0,21,0,19,19,10,5,20,10,0,0,75,70,1023,10,2,-30,0,0,308
45,1,1,1,1,6,J. P.,Holtz,0,84,0,0,14,81,0,4,7665,33,7665,77,30,0,1,85,1,0,0,77,0,0,80,1,63,1009,91,48,61,59,0,8,54,0,4,0,0,0,0,0,166,45,0,0,0,0,3,73,0,0,88,2,0,0,0,71,0,15,27,62,80,7,4941,72,0,1,100,18,74,65,69,5,5,5,5,3,27,67,15,25,20,8,5,30,0,2,4,10,0,20,25,0,0,75,80,1023,23,1,-30,0,0,434
45,7,7,7,7,18,Garrett,Griffin,0,82,0,0,19,82,0,5,7667,33,7667,79,29,0,0,88,1,0,0,72,0,0,75,0,63,1009,85,60,63,60,0,7,51,0,4,0,0,0,0,0,1,45,0,0,0,0,3,73,0,0,86,2,0,0,0,71,0,15,26,62,86,7,4824,66,0,1,100,21,68,61,64,5,5,5,5,2,24,76,14,25,19,13,4,30,0,4,4,10,5,31,14,0,0,76,80,1023,18,1,-30,0,0,46
45,7,7,7,7,15,Jaydon,Mickens,94,82,0,0,18,90,0,5,7679,33,7679,87,29,0,0,78,1,0,0,78,0,0,92,2,63,1009,81,27,36,35,0,7,76,0,0,0,4,4,4,4,252,11,0,0,0,1,3,36,0,0,88,2,1,0,0,40,0,15,28,71,84,7,4616,71,0,1,100,24,55,66,66,0,0,0,0,5,18,85,10,11,15,13,0,16,1,3,3,10,1,11,0,94,0,71,10,1023,86,1,-30,0,0,4
2,7,3,7,3,6,Dylan,Cole,109,83,0,10,29,90,1,7,7705,1,7705,86,29,0,0,86,1,0,0,57,0,0,82,1,63,1009,84,78,45,45,0,8,39,8,0,0,9,0,9,0,310,45,13,0,2,1,3,32,0,0,55,0,1,10,4,53,0,15,25,68,92,6,4732,53,0,1,100,22,84,77,66,0,0,0,0,4,32,70,15,40,13,9,19,29,0,15,14,51,4,35,10,109,0,72,77,1023,10,0,-19,0,0,307
45,6,6,6,6,10,Darrell,Daniels,0,84,0,0,19,89,0,0,7712,1009,7712,85,29,0,1,84,1,1,0,77,0,0,79,2,63,1009,88,62,58,61,0,8,72,0,0,0,0,0,0,0,252,45,37,0,2,0,3,28,0,0,86,1,0,0,5,8,0,15,13,64,78,6,4679,70,0,1,100,15,65,69,63,4,4,4,4,5,22,63,52,11,26,12,8,14,0,4,4,42,1,32,24,0,0,75,96,1023,8,1,-19,0,0,417
45,2,7,2,7,6,Jermaine,Eluemunor,294,82,0,43,25,63,0,7,7715,23,7715,65,29,0,0,84,1,0,0,27,0,0,58,2,15,1009,88,33,76,75,0,8,12,6,0,0,0,6,0,6,215,45,0,0,0,1,3,35,0,0,72,0,1,43,1,65,0,5,24,74,71,6,4566,22,0,1,100,25,92,73,81,0,2,0,2,35,36,18,34,18,42,7,33,24,0,9,8,94,45,43,28,294,0,76,185,1023,10,2,-19,0,0,186
45,3,3,3,3,24,Kenny,Golladay,0,88,0,0,21,90,3,5,7718,33,7718,89,30,0,0,89,1,0,0,79,0,0,87,2,32,1009,84,30,39,59,0,8,78,0,0,0,0,0,0,0,137,45,59,0,0,0,3,49,0,0,19,2,0,0,1,78,0,3,36,73,91,6,4503,75,0,1,100,24,74,67,66,0,0,0,0,5,27,63,7,17,45,10,6,18,0,3,3,2,0,10,12,0,0,76,53,1023,74,2,-19,0,0,186
45,2,7,2,7,6,Corey,Levin,94,82,0,0,23,68,0,7,7727,30,7727,65,29,0,0,83,1,0,0,25,0,0,64,2,34,1009,89,32,72,64,0,8,12,6,0,0,0,6,0,6,210,45,0,0,0,1,3,35,0,0,62,0,1,0,1,65,0,6,16,63,67,6,4624,22,0,1,100,21,84,62,73,0,2,0,2,5,32,29,17,18,23,8,21,24,0,6,8,94,7,38,23,94,0,76,147,1023,11,2,-19,0,0,7
45,3,0,3,0,6,Storm,Norton,0,88,0,0,21,74,0,7,7732,1009,7732,67,29,0,0,86,1,0,0,27,0,0,69,2,63,1009,90,29,57,69,0,8,8,0,0,0,2,0,2,0,218,45,0,2,0,0,3,0,0,0,72,2,0,0,1,8,0,15,30,59,71,6,1050,22,0,1,100,22,82,60,78,0,2,0,2,14,32,26,22,19,33,13,18,9,0,9,5,8,22,32,28,0,0,79,157,1023,10,0,-19,0,0,286
45,0,0,0,0,77,Cooper,Rush,499,72,0,124,15,77,0,7,7738,11,7738,74,30,0,0,88,1,0,0,28,0,0,70,0,63,1009,92,29,15,18,0,8,36,0,3,0,8,8,8,8,33,45,0,0,0,2,1,60,0,0,10,2,2,124,0,68,0,15,85,65,74,6,4684,60,0,1,100,19,62,68,69,5,5,0,0,4,21,61,11,25,16,12,1,30,0,0,0,10,4,28,11,499,0,75,65,1023,17,6,-30,0,0,485
45,5,7,5,7,10,Ricky,Seals-Jones,0,84,0,15,19,86,0,7,7739,33,7739,82,28,0,0,78,1,0,0,79,0,0,77,2,63,1009,81,36,62,58,0,8,59,0,0,0,2,7,2,7,215,45,0,0,0,0,3,49,0,0,48,1,0,15,1,78,0,15,27,69,70,6,4752,75,0,1,100,19,70,68,69,4,0,4,0,7,25,59,25,24,45,7,0,29,0,4,4,2,0,28,23,0,0,77,83,1023,48,2,-19,0,0,186
45,6,4,6,4,6,Grover,Stewart,3297,82,0,500,15,74,0,5,7743,10,7743,66,30,0,0,92,1,0,0,30,0,0,59,2,38,1015,93,88,45,45,0,8,12,0,0,0,0,0,0,0,280,40,13,0,0,1,3,51,0,0,90,1,4,500,4,87,0,4,19,85,66,6,4551,26,0,1,100,15,91,87,89,2,3,2,3,14,36,29,24,25,33,10,15,14,1,12,12,51,19,38,28,3297,0,76,155,1023,10,6,-19,0,0,205
45,3,0,3,0,6,Eric,Smith,94,78,0,0,20,66,0,7,7747,33,7747,58,28,0,0,89,1,0,0,25,0,0,61,1,63,1009,88,33,58,58,0,8,9,0,0,0,2,0,2,0,240,45,0,2,0,1,3,0,0,0,66,0,1,0,1,8,0,15,21,52,61,6,4899,21,0,1,100,20,84,46,57,0,2,0,2,8,33,26,19,19,21,7,20,9,0,9,9,8,26,33,26,94,0,76,161,1023,8,1,-19,0,0,212
45,5,0,5,0,6,Eric,Wilson,109,83,0,15,19,89,0,5,7748,20,7748,86,29,0,0,85,1,1,0,64,0,0,83,2,63,33,92,80,45,45,0,8,37,0,0,0,0,0,0,0,36,42,0,0,0,1,3,39,0,0,45,1,1,15,6,81,0,15,24,68,91,6,4736,50,0,1,100,26,75,76,66,0,0,0,0,3,28,79,21,23,30,9,6,22,0,15,13,3,1,23,12,109,2,73,70,1023,35,1,-19,0,0,201
36,4,4,4,4,35,Jamal,Agnew,1419,89,0,348,17,92,0,5,7752,17,7752,93,28,0,0,74,1,4,4,82,0,0,90,1,21,1009,85,63,35,47,0,8,73,0,0,0,0,0,0,0,327,11,0,6,6,1,3,0,0,0,39,0,3,348,2,60,0,5,49,76,86,6,4572,73,0,1,100,19,60,74,77,0,0,0,0,5,20,72,10,0,10,10,10,5,0,3,16,5,0,6,7,1419,0,70,30,1023,95,2,-31,0,0,196
45,5,5,5,5,6,Nate,Hairston,94,88,0,0,15,88,0,4,7753,33,7753,86,29,0,1,78,1,0,0,70,0,0,86,2,14,1009,90,60,35,35,0,7,52,0,0,0,2,2,0,0,208,45,0,0,0,1,3,26,0,0,27,2,1,0,3,0,0,5,27,67,85,6,4565,63,0,1,100,21,68,75,72,3,3,0,0,2,24,91,10,0,20,10,10,5,1,16,16,5,3,0,6,94,0,72,25,1023,65,1,-31,0,0,334
45,3,3,3,3,10,Chuck,Clark,1428,93,0,0,25,91,0,1,7758,33,7758,88,28,0,0,92,1,4,4,68,0,0,86,2,2,25,96,77,35,35,0,7,44,0,0,0,0,0,0,0,241,45,0,0,0,1,3,0,0,0,23,0,4,0,3,0,0,6,30,79,82,6,4593,61,0,1,100,25,67,86,81,2,2,2,2,0,24,64,10,3,10,9,5,7,1,18,17,7,4,7,7,1428,0,72,49,1023,35,0,-31,0,0,196
45,4,4,4,4,6,Adrian,Colbert,94,88,0,0,17,91,0,7,7759,33,7759,90,30,0,0,79,1,0,0,66,0,0,81,2,11,1009,86,67,35,35,0,8,49,0,0,0,8,8,8,8,115,45,0,0,0,1,3,45,0,0,23,0,1,0,0,0,0,7,27,67,81,6,4636,57,0,1,100,18,61,72,66,0,0,0,0,4,20,87,10,3,10,11,10,6,0,18,16,6,2,9,12,94,0,74,45,1023,62,1,-31,0,0,206
45,4,4,4,4,6,Pat,O'Connor,0,73,0,0,25,85,0,7,7760,1009,7760,76,30,0,0,81,1,4,4,29,0,0,71,0,32,1009,88,77,45,45,0,8,10,0,0,0,0,0,0,0,58,45,0,6,6,0,3,0,0,0,79,2,0,15,0,0,0,7,25,62,76,6,4657,24,0,1,100,17,82,65,52,0,0,0,0,5,32,40,16,5,28,13,22,15,0,10,11,8,7,36,23,0,0,76,110,1023,10,6,-31,0,0,171
2,4,2,4,2,6,D. J.,Jones,3000,79,0,894,19,74,0,4,7761,4,7761,71,28,0,0,89,1,4,4,38,0,0,74,2,14,1009,90,81,45,45,0,8,19,0,0,0,0,0,0,0,159,40,0,0,2,2,3,31,0,0,93,1,3,894,0,48,0,6,24,78,71,6,4605,31,0,1,100,23,88,84,87,2,2,2,2,35,34,34,29,46,45,7,31,23,0,12,12,101,41,31,28,3000,1,72,145,1023,9,1,-19,0,0,363
45,2,2,2,2,15,Alex,Armah,0,84,0,0,25,88,0,7,7765,1009,7765,79,29,0,0,86,1,4,4,65,0,0,80,0,8,1009,93,70,66,58,0,8,47,0,1,0,0,0,0,0,342,45,0,0,0,0,3,1,0,0,40,1,0,2,3,60,0,6,28,66,83,6,4599,76,0,1,100,25,84,57,54,2,2,2,2,5,32,50,18,25,56,11,39,15,0,2,2,25,1,24,22,0,0,74,93,1023,40,2,-31,0,0,481
2,4,4,4,4,25,Harrison,Butker,2086,82,0,420,85,76,0,7,7766,9,7766,73,28,0,0,63,1,4,4,30,0,0,56,0,15,1009,87,15,19,18,0,7,14,0,2,1,0,0,0,0,71,45,89,2,2,2,3,78,0,0,7,0,6,420,0,95,0,7,27,78,65,6,4640,26,0,1,100,96,44,80,64,0,0,0,0,4,12,77,10,6,10,7,10,6,0,19,19,5,2,12,7,2086,0,76,39,1023,10,6,-31,0,0,475
45,4,4,4,4,6,Jayon,Brown,0,86,0,0,20,87,0,5,7767,33,7767,86,28,0,0,82,1,4,4,67,0,0,78,1,11,1009,84,82,45,45,0,8,36,0,0,0,7,7,7,7,226,42,79,0,0,0,3,26,0,0,50,2,0,0,3,0,0,5,25,74,79,6,4562,58,0,1,100,20,74,77,81,3,3,3,3,1,27,68,10,5,20,13,10,15,0,14,14,10,2,34,14,0,0,72,66,1023,10,1,-31,0,0,452
45,2,2,2,2,6,Tanner,Vallejo,0,86,0,0,19,86,0,4,7768,33,7768,83,29,0,0,73,1,4,4,60,0,0,79,2,11,1009,83,78,45,45,0,8,23,0,0,0,0,0,0,0,19,45,0,2,2,0,3,60,0,0,51,1,0,0,0,0,0,6,25,65,81,6,4602,57,0,1,100,15,73,65,66,0,0,0,0,3,26,70,17,25,22,9,7,30,0,14,13,10,0,15,14,0,0,73,70,1023,15,4,-30,0,0,166
45,7,7,7,7,6,Samson,Ebukam,2400,82,0,900,20,89,0,4,7774,10,7774,85,28,0,0,87,1,4,4,52,0,0,80,2,19,1009,95,83,45,45,0,8,26,9,0,0,0,0,0,0,59,39,2,0,0,3,3,32,0,0,52,2,3,900,2,5,0,4,25,76,87,6,4532,41,0,1,100,20,83,83,71,5,5,5,5,6,32,62,11,20,35,11,11,18,0,11,15,16,2,29,24,2400,0,75,85,1023,10,0,-31,0,0,406
45,7,7,7,7,24,Brandon,Wilson,356,85,0,112,21,92,0,5,7778,33,7778,91,29,0,0,76,1,4,4,62,0,0,80,2,23,1015,82,56,32,22,0,8,73,0,0,0,0,0,0,0,80,45,0,0,0,1,3,0,0,0,40,2,2,112,2,55,0,6,30,62,92,6,4614,78,0,1,100,19,70,68,59,5,5,5,5,0,25,88,10,24,10,8,10,24,0,17,18,22,5,7,7,356,0,70,40,1023,87,6,-19,0,0,124
45,7,7,7,7,36,Tarik,Cohen,0,85,0,0,22,93,0,5,7782,33,7782,91,28,0,1,75,1,0,0,72,0,0,93,2,13,1015,79,26,54,30,0,7,74,0,0,0,0,0,0,0,134,23,90,0,0,0,3,0,0,0,29,1,0,0,3,75,0,4,51,71,81,6,4526,77,0,1,100,20,61,77,63,7,7,7,7,1,20,79,10,20,45,11,35,31,2,1,1,6,2,12,6,0,0,66,31,1023,88,6,-31,0,0,386
45,1,1,1,1,30,Aaron,Jones,3627,92,0,1300,20,93,0,10,7786,20,7786,90,29,0,0,91,1,4,4,76,0,0,92,2,39,1015,87,27,61,25,0,7,89,0,0,0,0,0,0,0,235,34,65,0,0,2,3,0,0,0,33,1,4,1300,3,81,0,5,30,88,89,6,4589,85,0,1,100,21,71,91,87,5,5,5,5,0,26,82,10,4,10,9,10,11,0,1,1,20,2,9,5,3627,0,69,48,1023,55,6,-31,0,0,186
37,4,4,4,4,15,George,Kittle,7402,94,0,2160,22,89,0,7,7793,15,7793,88,30,0,0,98,1,0,0,94,0,0,85,0,2,1015,86,34,62,77,0,7,81,0,1,0,0,0,0,0,89,3,74,0,0,3,3,77,0,0,85,2,6,2160,3,60,0,5,30,96,90,6,4553,75,0,1,100,19,82,99,93,5,5,5,5,5,31,66,19,26,53,13,35,26,0,4,4,77,5,44,25,7402,0,76,90,1023,31,6,-19,0,0,12
45,2,2,2,2,10,Mason,Schreck,94,78,0,0,22,89,0,7,7794,33,7794,79,30,0,0,79,1,4,4,78,0,0,75,0,33,1009,86,40,59,65,0,8,48,0,4,0,4,4,0,0,24,45,0,0,0,1,3,0,0,0,86,2,1,0,3,0,0,7,35,60,83,6,4658,76,0,1,100,20,70,61,54,0,0,0,0,3,25,61,0,0,10,11,0,0,0,4,4,8,0,19,21,94,0,77,92,1023,30,1,-31,0,0,30
15,4,4,4,4,20,Isaiah,McKenzie,109,80,0,15,20,93,0,7,7795,10,7795,92,28,0,1,76,1,4,4,83,0,0,93,2,29,1009,89,22,34,34,0,7,75,0,0,0,0,0,4,4,70,36,0,0,0,1,3,0,0,0,6,2,1,15,0,78,0,5,38,77,86,6,4579,72,0,1,100,21,53,74,74,0,0,0,0,4,16,92,10,5,10,8,10,5,1,3,3,3,5,0,9,109,0,68,13,1023,83,0,-31,0,0,10
45,3,3,3,3,21,Trent,Taylor,109,83,0,5,15,89,3,7,7796,1,7796,86,29,0,1,84,1,4,4,82,0,0,89,0,34,1009,88,35,44,52,0,7,73,0,0,0,0,0,0,0,101,45,0,0,0,1,3,50,0,0,15,2,1,5,3,0,0,5,31,66,79,6,4584,73,0,1,100,13,62,65,61,5,5,5,5,2,21,93,10,5,10,8,10,5,0,3,3,20,2,1,8,109,0,68,21,1023,79,0,-31,0,0,315
45,7,7,7,7,10,Rodney,Adams,0,83,0,0,13,92,0,0,7797,33,7797,90,29,0,0,69,1,0,0,76,0,0,83,2,27,1009,86,19,31,35,0,7,75,0,0,0,0,0,0,0,232,45,0,0,0,0,3,75,0,0,13,2,0,0,2,90,0,5,30,64,74,6,3167,60,0,1,100,22,44,60,58,0,0,0,0,4,16,86,4,18,30,12,5,12,1,3,3,16,4,4,7,0,0,73,29,1023,70,1,-19,0,0,384
45,3,3,3,3,25,David,Moore,0,80,0,0,25,87,3,1,7799,33,7799,89,28,0,0,85,1,4,4,83,0,0,82,1,8,1009,86,32,56,57,0,7,76,1,0,0,0,0,0,0,384,45,21,0,0,1,3,35,0,0,18,2,1,0,0,90,0,7,35,68,86,6,4633,72,0,1,100,33,77,66,62,0,0,0,0,35,28,22,29,5,33,13,30,5,0,3,3,4,27,36,22,94,0,72,60,1023,70,0,-31,0,0,461
45,3,3,3,3,20,Mack,Hollins,250,79,0,91,12,88,0,5,7801,14,7801,90,30,0,1,87,1,4,4,85,0,0,84,2,12,1009,93,51,55,61,0,7,71,0,0,0,0,0,0,0,135,36,10,0,0,1,3,0,1,0,18,2,1,91,0,95,0,4,27,74,85,6,4525,74,0,1,100,17,63,74,79,0,0,0,0,1,22,60,10,6,10,11,10,6,0,3,3,6,4,20,13,250,0,76,61,1023,50,0,-31,0,0,494
45,4,4,4,4,10,Mo,Alie-Cox,1755,86,0,153,14,81,0,5,7822,10,7822,80,30,0,1,86,1,4,4,83,0,0,74,2,63,1009,89,28,61,64,0,7,62,0,0,0,0,0,0,0,436,45,0,0,0,2,3,0,0,0,81,2,3,153,3,92,0,15,25,73,87,6,4764,72,0,1,100,19,70,75,75,0,0,0,0,6,25,44,10,3,10,11,10,11,0,4,4,5,7,32,23,1755,0,77,107,999,10,6,-31,0,0,196
45,4,4,4,4,24,Zach,Pascal,450,87,0,150,18,92,0,1,7823,7,7823,88,29,0,0,88,1,4,4,84,0,0,84,2,63,1009,93,31,49,56,0,8,73,0,0,0,7,7,7,7,380,45,22,0,0,2,3,0,0,0,0,2,2,150,0,98,0,15,46,74,86,6,4838,75,0,1,100,23,72,73,77,0,0,0,0,1,26,86,10,5,10,10,10,5,0,3,3,4,1,8,11,450,0,74,55,999,78,0,-31,0,0,196
45,2,2,2,2,6,Chris,Odom,0,81,0,0,23,71,0,9,7832,33,7832,77,29,0,0,82,1,4,4,30,0,0,70,1,63,1009,83,77,45,45,0,8,18,0,0,0,8,8,8,8,12,45,0,0,0,0,3,0,0,0,61,2,0,0,2,62,0,15,23,61,77,6,4709,22,0,1,100,16,77,63,59,2,2,2,2,5,28,40,31,19,53,9,26,22,0,13,11,19,7,29,27,0,0,75,96,999,10,1,-19,0,0,196
2,4,4,4,4,6,Thomas,Hennessy,510,77,0,60,13,74,0,7,7838,18,7838,70,29,0,0,76,1,4,4,61,1,1,69,1,63,10,94,58,59,45,0,8,15,0,4,0,0,2,0,2,52,45,0,0,0,1,3,51,0,0,42,2,5,60,2,75,0,15,38,30,73,6,4703,63,0,1,100,13,67,38,57,0,0,0,0,6,24,69,20,22,33,9,24,30,0,7,4,58,1,27,24,510,0,74,86,999,10,6,-19,0,0,34
45,2,2,2,2,6,Daniel,Brunskill,538,85,0,100,20,63,0,7,7857,30,7857,64,29,0,1,88,1,4,4,53,0,0,61,0,63,1009,91,33,75,72,0,8,32,0,4,0,0,0,0,0,180,45,0,0,0,2,3,0,0,1,60,2,2,100,3,82,0,15,27,69,71,6,4778,49,0,1,100,21,79,67,79,2,2,2,2,9,30,47,21,0,22,13,15,0,0,8,9,8,10,38,29,538,0,77,140,663,10,0,-31,0,0,163
45,0,0,0,0,32,Rigoberto,Sanchez,1224,85,0,0,85,73,0,5,7859,10,7859,71,29,0,0,69,1,4,4,38,0,0,64,0,63,1009,85,29,20,20,0,8,14,0,1,0,0,0,0,0,76,45,83,3,3,1,3,80,0,0,8,0,5,0,3,76,0,15,39,76,59,6,4683,47,0,1,100,91,51,78,63,0,0,0,0,4,16,86,10,5,20,11,10,5,0,20,20,4,5,5,9,1224,0,72,35,379,10,6,-31,0,0,213
45,0,0,0,0,71,PJ,Walker,0,72,0,0,20,87,0,7,7860,1009,7860,82,28,0,0,85,1,4,4,29,0,0,85,2,63,1009,88,24,17,16,0,7,62,6,0,0,0,0,0,0,208,19,0,2,2,0,3,0,0,0,15,1,0,100,3,82,0,15,89,66,73,6,4761,56,0,1,100,21,61,68,66,0,0,0,0,1,20,81,10,3,20,12,10,3,0,0,0,4,0,9,7,0,0,71,50,999,20,0,-31,0,0,1
45,4,4,4,4,6,Johnny,Mundt,241,81,0,20,20,85,0,7,7866,31,7866,81,29,0,0,84,1,4,4,78,0,0,78,1,63,1009,83,33,60,64,0,8,63,0,1,0,9,9,9,9,160,45,0,0,0,1,3,0,0,0,86,2,2,20,1,75,0,15,25,66,74,6,4809,71,0,1,100,22,74,72,70,0,0,0,0,0,27,54,14,21,0,8,4,16,0,4,4,31,6,24,13,241,3,76,73,1023,10,1,-19,0,0,56
45,0,0,0,0,26,Younghoe,Koo,2425,88,0,625,86,74,0,7,7869,14,7869,71,29,0,1,69,1,0,0,36,0,0,63,0,63,1009,91,36,10,15,0,8,16,0,2,0,0,0,0,0,68,45,0,2,2,4,3,64,0,0,6,0,5,625,0,89,0,15,36,80,74,6,1705,39,0,1,100,92,47,82,72,1,0,0,0,2,14,87,40,22,29,13,16,19,0,19,19,46,1,5,8,2425,0,69,25,1023,8,4,-19,0,0,336
45,0,0,0,0,31,Matt,Haack,0,82,0,0,72,82,0,7,7870,33,7870,83,29,0,0,68,1,0,0,33,0,0,66,1,63,1009,94,31,20,20,0,8,14,0,0,0,9,9,9,9,9,45,86,0,0,1,3,53,1,0,6,0,1,0,0,60,0,15,57,70,60,6,4688,46,0,1,100,91,52,71,55,0,0,0,0,2,16,83,10,22,15,11,0,27,0,20,20,10,3,10,10,94,0,72,45,1023,10,1,-30,0,0,144
45,2,2,2,2,6,Greg,Mabin,0,87,0,0,17,89,0,7,7871,33,7871,86,29,0,0,74,1,4,4,63,0,0,83,1,63,1009,77,64,25,25,0,7,54,0,0,0,0,0,0,0,89,45,0,0,0,0,3,0,0,0,32,2,0,0,1,92,0,15,27,64,80,6,4738,61,0,1,100,18,71,70,63,3,2,3,2,1,26,83,10,3,10,13,10,6,0,16,16,6,1,8,9,0,0,73,40,999,63,1,-31,0,0,205
45,7,7,7,7,6,Adam,Butler,138,76,0,11,16,65,1,5,7872,23,7872,63,29,0,0,87,1,0,0,36,0,0,64,2,63,1009,91,77,45,45,0,8,10,0,0,0,0,0,0,0,238,40,0,0,0,1,3,51,0,0,69,0,1,11,4,87,0,15,20,69,71,6,4715,31,0,1,100,15,85,72,85,5,5,5,5,4,32,43,24,25,21,11,16,14,1,10,12,51,4,43,26,138,0,77,140,1023,10,0,-19,0,0,116
45,6,4,6,4,6,Eli,Ankou,0,75,0,0,17,72,1,5,7873,1009,7873,64,29,0,0,87,1,0,0,43,0,0,51,2,63,1009,86,80,44,44,0,8,19,0,0,0,0,0,0,0,226,45,0,0,0,0,3,51,0,0,51,1,0,0,4,87,0,15,23,62,74,6,4701,39,0,1,100,17,86,72,69,2,3,2,3,38,32,15,26,25,42,12,34,14,1,12,12,51,28,36,28,0,0,75,165,1023,9,2,-19,0,0,116
45,5,5,5,5,6,Jordan,Roos,0,75,0,0,20,66,0,7,7881,1009,7881,64,30,0,0,86,1,4,4,24,0,0,66,0,63,1009,86,37,58,62,0,8,7,0,3,0,2,2,0,0,169,45,0,0,0,0,3,30,0,0,70,0,0,0,3,85,0,15,22,56,71,6,4730,21,0,1,100,20,92,49,51,2,2,2,2,23,36,18,23,11,32,7,20,21,0,8,6,20,32,36,28,0,0,75,142,999,10,2,-31,0,0,3
45,4,4,4,4,6,Aviante,Collins,0,79,0,0,20,78,0,7,7882,1009,7882,77,30,0,0,79,1,4,4,29,0,0,61,1,63,1009,87,36,67,71,0,8,9,0,2,0,2,2,2,2,207,45,0,0,0,0,3,0,0,0,74,0,0,0,5,75,0,15,23,62,62,6,4734,24,0,1,100,20,86,56,52,0,0,0,0,8,33,40,21,25,31,11,16,0,0,5,5,25,10,24,26,0,0,76,132,999,6,2,-31,0,0,53
45,0,0,0,0,31,Kendrick,Bourne,1639,84,0,423,22,92,0,7,7883,22,7883,88,28,0,0,82,1,0,0,84,0,0,92,2,63,1009,90,27,48,59,0,8,79,0,2,0,0,0,0,0,59,45,18,2,1,1,3,45,0,0,84,2,3,423,0,95,0,15,44,78,88,6,4693,73,0,1,100,23,65,74,75,0,2,0,0,2,22,74,8,18,16,9,0,17,0,3,3,47,3,6,7,1639,0,73,30,1023,67,2,-19,0,0,116
45,2,2,2,2,6,Calvin,Munson,0,81,0,0,22,80,0,5,7885,1009,7885,78,29,0,0,85,1,0,0,51,0,0,76,0,63,1009,84,81,45,45,0,8,16,0,0,0,8,0,8,0,180,45,0,0,0,0,3,0,0,0,43,1,0,0,2,60,0,15,27,59,77,6,4698,53,0,1,100,20,78,62,60,0,2,0,2,3,29,57,10,13,10,12,10,14,0,14,14,12,7,31,23,0,0,72,68,999,10,1,-31,0,0,3
45,6,4,6,4,6,Patrick,Ricard,1125,88,0,345,17,74,1,5,7887,25,7887,69,29,0,0,90,1,0,0,69,0,0,73,0,63,1009,84,79,65,72,0,7,56,0,0,0,0,0,0,0,108,45,7,0,0,2,3,51,0,0,42,0,3,345,4,87,0,15,23,81,81,6,4721,68,0,1,100,17,88,79,82,2,3,2,3,47,35,15,23,25,39,7,35,14,1,2,12,51,31,39,25,1125,0,75,145,1023,9,6,-19,0,0,3
45,4,4,4,4,74,Taysom,Hill,5080,86,0,1110,54,90,0,4,7888,27,7888,90,33,0,0,95,2,0,0,79,0,0,84,0,63,1009,85,57,55,62,0,7,82,0,4,0,0,0,0,0,26,36,0,0,0,3,3,40,0,0,7,1,5,1110,0,70,0,15,84,69,90,6,4726,77,0,1,100,69,82,83,73,0,0,0,0,3,29,64,12,25,17,7,2,30,0,4,0,10,8,26,10,5080,0,74,61,1023,79,6,-30,0,0,3
45,1,1,1,1,20,Austin,Ekeler,2550,95,0,600,15,92,3,5,7889,8,7889,91,28,0,1,87,1,0,0,79,0,0,91,2,63,1009,88,32,58,38,0,8,88,0,0,0,0,0,0,0,440,34,65,0,0,1,3,60,0,0,30,1,4,600,0,0,0,15,28,89,89,6,4675,86,0,1,100,22,82,93,93,0,0,0,0,0,31,87,11,25,16,10,1,30,0,1,1,10,3,10,12,2550,0,70,40,1023,68,6,-30,0,0,116
45,1,1,1,1,20,Matt,Breida,140,78,0,20,15,93,2,4,7891,16,7891,93,28,0,1,77,1,0,0,68,0,0,88,2,63,1009,82,38,53,35,0,7,76,0,0,0,0,0,0,0,68,23,61,0,0,1,3,60,0,0,31,1,1,20,0,0,0,15,27,73,92,6,4692,82,0,1,100,19,71,81,73,0,0,0,0,3,26,90,11,25,16,9,1,30,0,1,1,10,3,10,5,140,0,70,30,1023,59,1,-30,0,0,116
45,4,4,4,4,6,Alex,Barrett,0,72,0,0,20,80,0,4,7897,1009,7897,72,29,0,1,80,1,4,4,48,0,0,72,2,63,1009,86,78,45,45,0,8,24,0,0,0,0,0,0,0,180,45,0,0,0,0,3,40,0,0,58,0,0,0,3,74,0,15,25,62,74,6,4795,44,0,1,100,20,78,64,56,3,3,3,3,6,29,46,15,10,20,13,15,10,0,11,11,6,5,39,21,0,0,75,90,999,10,4,-19,0,0,116
45,0,0,0,0,20,Keelan,Cole,109,86,0,7,19,91,0,7,7898,33,7898,89,30,0,0,85,1,0,0,80,0,0,89,2,63,1009,95,26,42,58,0,8,75,0,2,0,0,0,0,0,438,36,2,2,1,1,3,45,0,0,84,2,1,7,0,95,0,15,37,73,86,6,4700,73,0,1,100,19,67,70,72,0,2,0,0,5,24,91,8,18,16,12,0,17,0,3,3,47,5,12,7,109,0,73,35,1023,79,2,-19,0,0,116
45,7,7,7,7,6,Kenny,Moore II,3631,93,0,0,24,92,0,3,7902,10,7902,89,28,0,0,77,1,4,4,72,0,0,89,2,63,1009,91,65,25,25,0,7,51,0,0,0,3,3,3,3,236,45,28,0,0,1,3,22,0,0,23,2,5,0,2,65,0,15,17,84,94,6,4682,53,0,1,100,21,61,86,88,0,0,0,0,4,20,93,1,40,18,12,9,12,1,16,16,20,3,4,10,3631,0,69,30,999,72,6,-19,0,0,116
45,5,7,5,7,12,Antony,Auclair,0,82,0,0,18,83,0,7,7904,33,7904,74,30,0,0,87,1,0,0,74,0,0,74,0,63,1009,87,46,58,58,0,7,66,6,0,0,1,1,1,1,431,45,0,0,0,0,3,54,0,0,83,2,0,0,0,83,0,15,33,62,81,6,4674,66,0,1,100,29,77,64,63,4,1,4,1,6,28,64,27,28,23,8,26,22,2,4,4,68,2,36,21,0,0,78,96,1023,10,2,-19,0,0,3
45,4,4,4,4,10,Jacob,Hollister,0,83,0,0,19,86,0,7,7905,33,7905,83,30,0,0,85,1,0,0,76,0,0,78,0,63,1009,83,38,60,59,0,8,69,0,0,0,0,0,0,0,260,45,0,0,0,0,3,54,0,0,88,1,0,0,0,83,0,15,13,65,85,6,4713,71,0,1,100,15,67,67,61,0,0,0,0,1,24,59,10,28,23,13,15,22,2,4,4,68,2,22,12,0,0,76,85,1023,33,1,-19,0,0,3
45,4,7,4,7,10,Cethan,Carter,0,83,0,0,19,87,0,7,7907,33,7907,82,28,0,1,73,1,0,0,71,0,0,74,2,63,1009,85,43,64,68,0,7,52,2,2,0,0,1,0,1,142,45,0,2,2,0,3,5,0,0,82,1,0,0,0,59,0,15,30,69,79,6,4664,73,0,1,100,21,74,68,63,0,0,0,0,7,28,66,22,23,21,11,6,19,0,2,2,73,1,20,22,0,0,75,83,1023,18,2,-19,0,0,116
45,7,7,7,7,10,Nicholas,Morrow,101,93,0,0,18,83,0,5,7908,33,7908,86,28,0,0,81,1,4,4,68,0,0,82,2,63,1009,85,79,44,44,0,8,33,0,0,0,0,0,0,0,429,42,62,6,6,1,3,1,0,1,41,1,1,0,3,50,0,15,27,71,87,6,4718,63,0,1,100,21,76,81,78,0,0,0,0,1,28,69,15,10,20,10,15,14,0,15,15,8,8,27,11,101,0,72,56,999,42,0,-31,0,0,116
45,5,0,5,0,6,Elijah,Wilkinson,109,83,0,15,22,58,0,7,7914,7,7914,62,28,0,0,83,1,0,0,26,0,0,62,0,63,1009,86,37,74,73,2,8,10,0,1,0,0,0,0,0,112,45,0,0,2,1,3,1,0,0,65,2,1,15,0,0,0,15,32,71,71,6,4744,20,0,1,100,25,87,69,81,2,2,2,2,13,34,32,25,34,33,10,16,34,0,6,9,86,25,31,29,109,1,76,169,1023,10,0,-19,0,0,116
45,3,3,3,3,10,Justin,Hardee,665,84,0,75,20,92,0,0,7917,18,7917,91,29,0,0,78,1,0,0,72,0,0,82,2,63,1009,85,57,33,35,0,7,62,0,0,0,9,9,9,9,84,30,0,0,0,1,3,72,0,0,34,2,3,75,0,58,0,15,25,66,83,6,4829,71,0,1,100,20,66,72,59,7,7,7,7,0,23,70,10,13,15,12,0,18,0,16,16,10,2,11,11,665,0,73,40,1023,55,2,-30,0,0,70
45,7,3,7,3,6,Joe,Jones,0,86,0,0,16,84,1,7,7921,33,7921,86,29,0,0,81,1,0,0,62,0,0,87,2,63,1009,89,76,45,45,0,8,27,8,0,0,9,0,9,0,151,42,0,0,2,0,3,32,0,0,42,1,0,0,4,53,0,15,36,63,84,6,4973,57,0,1,100,10,71,62,60,0,0,0,0,0,26,62,15,40,13,13,19,29,0,14,14,51,2,31,14,0,0,72,80,1023,10,2,-19,0,0,190
45,2,2,2,2,6,Josh,Tupou,300,77,0,30,11,55,0,9,7927,2,7927,59,29,0,0,92,1,4,4,27,0,0,54,1,63,1009,88,83,45,45,0,8,10,0,2,0,0,0,0,0,41,45,0,0,0,1,3,0,0,0,68,1,2,30,3,80,0,15,14,66,61,6,4975,20,0,1,100,17,86,69,68,0,0,0,0,30,33,4,37,19,46,9,37,22,0,12,12,19,54,47,27,300,0,75,180,999,10,6,-31,0,0,217
45,4,4,4,4,6,Arthur,Maulet,382,89,0,100,25,89,0,4,7931,25,7931,85,30,0,0,81,1,4,4,68,0,0,81,2,63,1009,88,59,35,35,0,7,65,0,0,0,0,0,0,0,114,45,0,0,5,1,3,75,0,0,10,2,2,100,4,85,0,15,31,66,86,6,1145,57,0,1,100,22,58,73,71,0,0,0,0,0,19,87,10,0,10,11,10,5,0,16,16,5,3,10,9,382,0,70,30,999,50,4,-31,0,0,270
45,0,0,0,0,24,Sam,Ficken,0,84,0,0,68,75,0,0,7937,1009,7937,74,31,0,0,63,1,0,0,27,0,0,64,0,63,1009,82,41,16,24,0,7,16,0,2,0,0,0,0,0,164,45,0,0,0,0,3,48,0,0,4,0,0,0,0,99,0,15,29,66,60,6,4985,31,0,1,100,88,51,68,55,0,0,0,0,3,16,69,10,22,15,9,0,27,0,19,19,10,4,12,7,0,0,73,32,1023,10,2,-30,0,0,3
45,2,1,2,1,6,Rashaad,Coward,0,81,0,0,20,67,0,7,7941,33,7941,65,29,0,0,86,1,4,4,48,0,0,60,2,63,1009,89,75,64,62,0,8,23,0,0,0,0,0,0,0,380,45,0,3,0,0,3,44,0,0,65,0,0,0,0,22,0,15,36,58,66,6,4971,62,0,1,100,20,85,53,62,0,0,0,0,7,33,33,20,37,33,11,21,7,0,8,5,89,16,30,23,0,0,77,159,1023,10,1,-19,0,0,204
45,7,7,7,7,6,Breon,Borders,0,87,0,0,17,92,0,5,7947,33,7947,88,28,0,0,83,1,0,0,70,0,0,84,2,63,1009,90,61,25,25,0,8,63,0,0,0,0,0,0,0,52,45,0,2,2,0,3,60,0,0,20,2,0,0,0,48,0,15,27,66,82,6,4969,65,0,1,100,18,65,75,69,0,0,0,0,1,22,96,10,16,15,12,0,21,0,16,16,10,4,5,8,0,0,72,29,1023,61,1,-30,0,0,20
45,5,5,5,5,10,Marcus,Kemp,101,80,0,5,19,88,0,3,7951,33,7951,86,28,0,0,77,1,0,0,79,0,0,82,1,63,1009,84,42,47,46,0,7,71,0,0,0,0,0,2,2,76,45,0,0,0,1,3,36,0,0,19,2,1,5,0,40,0,15,23,63,85,6,4990,67,0,1,100,15,63,66,70,0,0,3,3,3,22,80,10,19,15,7,0,24,0,3,3,10,5,13,8,101,0,76,48,1023,45,0,-30,0,0,188
45,2,4,2,4,10,Pharaoh,Brown,0,86,0,0,19,79,0,7,7952,1009,7952,77,29,0,0,71,1,0,0,82,0,0,75,0,63,1009,86,35,62,65,0,7,66,0,0,0,0,0,0,0,160,45,0,2,0,0,3,14,0,0,86,2,0,0,0,76,0,15,25,70,83,6,4986,74,0,1,100,24,75,76,73,4,0,4,0,6,28,46,58,21,23,10,29,29,3,4,4,79,8,30,22,0,0,78,98,1023,15,0,-19,0,0,270
2,4,4,4,4,24,Dare,Ogunbowale,300,83,0,30,21,88,0,5,7954,32,7954,86,29,0,0,81,1,4,4,68,0,0,83,2,63,1009,92,37,54,36,0,8,75,0,0,0,0,0,0,0,258,45,0,0,0,1,3,52,0,0,33,1,2,30,0,75,0,15,25,67,84,6,4981,86,0,1,100,19,71,77,72,5,5,5,5,5,26,72,15,30,35,8,7,4,0,1,1,19,5,7,7,300,0,71,45,1023,77,6,-19,0,0,204
4,0,0,0,0,79,Baker,Mayfield,170,83,0,57,16,81,0,7,7961,6,7961,82,28,0,1,98,1,0,0,64,0,0,82,1,1,1009,91,32,16,29,0,7,66,0,0,0,8,8,8,8,157,18,41,0,0,1,3,60,0,0,6,2,1,57,0,0,0,1,94,72,73,5,38,60,0,1,100,20,69,72,60,1,1,5,5,5,25,71,10,24,15,12,0,29,1,0,0,10,1,8,7,170,0,73,55,1023,10,0,-19,0,0,308
45,4,4,4,4,34,Saquon,Barkley,1009,94,0,0,14,93,0,3,7962,16,7962,93,26,0,1,90,0,0,0,73,0,0,95,1,2,1015,84,28,59,36,0,8,91,0,0,0,9,9,9,9,164,34,71,0,0,1,3,60,0,0,26,1,1,0,0,0,0,1,41,93,94,5,39,96,0,1,100,19,81,97,92,7,7,7,7,5,30,78,16,25,21,8,6,30,1,1,1,10,9,15,13,1009,0,72,72,1023,81,5,-19,0,0,116
2,0,0,0,0,80,Sam,Darnold,505,86,0,150,14,82,0,7,7963,15,7963,80,26,0,0,91,0,0,0,37,0,0,80,1,3,1009,86,36,19,25,0,8,58,0,4,0,8,8,8,8,231,4,34,0,0,1,3,60,0,0,14,2,1,150,0,0,0,1,88,71,67,5,40,57,0,1,100,18,60,74,72,0,0,0,0,0,20,55,10,24,15,8,0,29,0,0,0,10,2,19,12,505,0,75,65,1023,10,0,-19,0,0,466
45,4,4,4,4,10,Denzel,Ward,11456,92,0,2400,13,95,0,1,7964,5,7964,94,26,0,0,86,0,0,0,75,0,0,95,1,4,1015,88,54,35,35,0,8,60,0,0,0,2,2,2,2,156,30,31,0,0,5,3,60,0,0,21,2,6,2400,0,0,0,1,31,88,92,5,41,66,0,1,100,18,61,88,85,3,3,3,3,4,20,71,10,18,15,8,0,23,1,16,16,10,5,12,6,11456,0,71,30,1023,67,5,-19,0,0,22
45,4,4,4,4,6,Bradley,Chubb,11780,82,0,1614,15,87,0,5,7965,12,7965,85,27,0,0,95,1,0,0,56,0,0,79,1,5,4,86,78,45,45,0,8,36,0,0,0,0,0,0,0,138,45,30,0,0,5,3,60,0,0,2,2,6,1614,0,0,0,1,20,79,86,5,42,53,0,1,100,18,91,87,83,5,5,5,5,4,36,55,25,25,30,8,15,30,0,13,10,10,9,23,22,11780,0,76,115,1023,10,1,-19,0,0,1
2,2,2,2,2,6,Quenton,Nelson,9456,90,0,3100,15,67,0,7,7966,10,7966,64,27,0,0,91,1,0,0,19,0,0,68,0,6,1015,95,34,87,91,0,8,11,0,0,0,1,1,1,1,152,24,68,0,0,4,3,60,1,0,56,0,5,3100,0,0,0,1,27,92,67,5,47,35,0,1,100,21,97,92,95,6,6,6,6,13,38,24,20,25,29,8,20,30,0,6,6,10,25,34,29,9456,0,77,170,1023,10,5,-19,0,0,373
45,0,0,0,0,89,Josh,Allen,27768,94,0,2310,14,92,0,7,7967,3,7967,88,27,0,0,93,1,0,0,40,0,0,85,1,7,1015,96,32,14,17,0,7,83,0,2,0,8,8,8,8,260,20,71,0,0,6,3,60,0,0,17,2,7,2310,0,0,0,1,99,94,92,5,50,60,0,1,100,22,80,92,87,1,1,0,0,1,28,79,6,9,18,7,3,11,1,0,0,10,7,28,12,27768,0,77,77,1023,13,5,-19,0,0,3
45,4,4,4,4,8,Roquan,Smith,10000,98,0,2250,22,91,0,7,7968,25,7968,87,26,0,0,95,0,0,0,70,0,0,88,1,8,1,95,97,45,45,0,8,36,0,0,0,9,9,9,9,70,41,87,0,0,5,3,60,0,0,0,2,5,2250,0,0,0,1,25,92,81,5,52,54,0,1,100,14,80,90,85,7,7,7,7,4,30,66,10,25,15,13,0,30,0,14,14,10,7,19,13,10000,0,73,72,1023,10,1,-19,0,0,26
12,2,2,2,2,6,Mike,McGlinchey,8750,93,0,1750,12,69,0,7,7969,4,7969,68,28,0,0,95,1,0,0,28,0,0,69,1,9,1009,88,32,74,90,0,8,11,0,4,0,0,0,0,0,152,24,58,0,0,5,3,60,0,0,69,0,5,1750,0,0,0,1,11,80,71,5,53,33,0,1,100,15,89,80,80,5,5,5,5,7,34,46,17,25,26,10,19,30,0,9,5,10,8,26,26,8750,0,80,150,1023,10,0,-19,0,0,409
12,0,0,0,0,74,Josh,Rosen,0,75,0,0,17,78,0,7,7970,33,7970,74,26,0,1,74,0,0,0,24,0,0,67,1,10,1009,86,25,14,21,0,8,44,0,2,0,9,9,9,9,226,4,0,0,0,0,3,60,0,0,19,0,0,0,0,0,0,1,88,62,76,5,55,62,0,1,100,18,60,65,62,1,1,7,7,2,22,61,10,21,15,9,0,26,0,0,0,10,0,26,13,0,0,76,66,1023,10,4,-19,0,0,517
3,4,4,4,4,6,Minkah,Fitzpatrick,8420,93,0,1750,13,92,0,3,7971,29,7971,91,27,0,0,88,1,4,4,78,0,0,92,2,11,12,94,77,35,35,0,7,58,0,4,0,3,3,1,1,3,32,1,0,0,4,3,60,1,0,39,0,5,1750,0,0,0,1,15,93,90,5,56,66,0,1,100,15,64,96,91,2,2,2,2,2,22,80,10,20,15,13,0,18,2,17,17,10,2,5,6,8420,0,73,47,1023,68,4,-19,0,0,23
3,4,4,4,4,16,Vita,Vea,8152,82,0,492,16,73,0,10,7972,6,7972,68,28,0,1,97,1,0,0,40,0,0,71,1,12,1015,92,90,45,52,0,8,46,0,0,0,9,9,9,9,252,40,29,0,0,4,3,60,0,0,50,1,6,492,0,0,0,1,24,88,70,5,58,68,0,1,100,15,98,94,90,0,0,0,0,60,39,3,38,25,58,12,43,30,0,12,12,10,49,48,20,8152,0,76,187,1023,10,5,-19,0,0,304
45,4,4,4,4,6,Da`Ron,Payne,8440,83,0,2240,14,83,0,5,7973,26,7973,76,26,0,0,92,0,0,0,45,0,0,64,1,13,1015,97,84,45,45,0,8,32,0,0,0,0,0,0,0,3,40,13,0,0,4,3,60,0,0,94,1,4,2240,0,0,0,1,26,83,71,5,59,46,0,1,100,17,95,90,85,3,3,3,3,30,38,15,32,25,35,12,23,30,0,12,12,10,37,31,22,8440,0,75,160,1023,10,5,-19,0,0,69
12,4,4,4,4,6,Marcus,Davenport,596,77,0,170,16,87,0,3,7974,31,7974,84,27,0,1,81,1,0,0,24,0,0,76,1,14,1009,84,82,45,45,0,8,30,0,0,0,0,0,0,0,355,39,82,0,0,1,3,60,0,0,0,0,1,170,0,0,0,1,23,76,81,5,63,31,0,1,100,18,82,83,78,6,6,6,6,6,31,50,16,25,21,13,6,30,1,15,10,10,6,22,27,596,0,78,105,1023,10,0,-19,0,0,479
12,2,2,2,2,6,Kolton,Miller,6912,93,0,0,12,81,0,7,7975,23,7975,75,28,0,0,86,1,0,0,22,0,0,72,0,15,1015,90,31,89,82,0,8,13,0,4,0,0,0,1,1,226,45,0,0,0,3,3,53,0,0,74,0,5,0,0,73,0,1,12,87,77,5,64,30,0,1,100,10,88,85,91,6,6,6,6,14,34,26,23,0,20,7,18,0,0,5,9,0,21,31,25,6912,0,80,165,1023,10,5,-19,0,0,34
45,4,4,4,4,6,Tremaine,Edmunds,7197,88,0,972,14,88,0,10,7976,1,7976,87,25,0,0,88,0,0,0,59,0,0,86,1,16,1009,92,93,45,45,0,8,29,0,0,0,0,0,0,0,241,41,71,0,0,4,3,60,0,0,49,1,4,972,0,0,0,1,18,87,85,5,65,48,0,1,100,20,75,88,86,4,4,4,4,4,28,61,16,11,21,11,6,14,0,14,13,10,7,24,25,7197,0,77,90,1023,10,0,-19,0,0,501
3,4,4,4,4,13,Derwin,James,8555,95,0,2050,15,92,0,3,7977,8,7977,91,27,0,0,91,1,0,0,75,0,0,89,1,17,1015,86,81,35,35,0,7,59,0,0,0,0,0,2,2,64,32,100,0,0,4,3,60,1,0,3,2,5,2050,0,0,0,1,34,95,93,5,69,72,0,1,100,19,77,99,94,3,3,3,3,3,28,76,12,25,17,12,2,30,1,18,17,10,0,5,5,8555,0,74,55,1023,78,5,-19,0,0,77
45,0,0,0,0,6,Jaire,Alexander,9590,93,0,3000,13,93,0,3,7978,20,7978,92,26,0,0,64,0,0,0,77,0,0,93,1,18,1015,86,60,35,35,0,8,64,0,0,0,0,0,0,0,105,38,63,0,0,4,3,14,0,0,23,2,5,3000,0,39,0,1,26,95,85,5,70,62,0,1,100,22,60,92,97,0,0,0,0,2,20,81,0,0,24,12,0,0,0,16,16,0,5,12,9,9590,0,70,36,1023,81,5,-19,0,0,99
45,7,7,7,7,26,Leighton,Vander Esch,791,87,0,250,15,91,0,7,7979,11,7979,86,27,0,0,93,1,0,0,62,0,0,88,0,19,1015,85,90,45,45,2,8,32,0,4,0,0,0,0,0,19,41,79,0,0,2,3,60,0,0,55,1,2,250,0,0,0,1,42,82,89,5,71,56,0,1,100,19,78,83,80,5,5,5,5,6,29,66,19,25,24,12,9,30,1,14,15,10,9,45,25,791,0,76,96,1023,10,5,-19,0,0,351
12,0,0,0,0,6,Frank,Ragnow,7052,90,0,720,16,75,0,4,7980,19,7980,72,27,0,0,97,1,0,0,23,0,0,58,0,20,1015,87,29,85,88,0,8,16,0,2,0,0,0,0,0,10,2,40,0,0,4,3,32,0,0,77,1,6,720,0,64,0,1,17,88,80,5,72,29,0,1,100,19,92,88,92,0,0,0,0,17,36,27,23,0,30,11,22,0,0,7,7,0,22,36,28,7052,0,77,149,1023,10,5,-19,0,0,258
12,4,4,4,4,6,Billy,Price,0,88,0,0,13,61,0,0,7981,33,7981,65,29,0,0,95,1,0,0,21,0,0,64,1,21,2,89,33,74,72,0,8,5,0,0,0,0,0,0,0,156,45,0,0,0,0,3,60,0,0,53,2,0,0,0,0,0,1,23,69,67,5,76,26,0,1,100,17,86,68,79,7,7,7,7,10,33,36,18,25,31,8,24,30,0,7,7,10,8,33,22,0,0,76,148,1023,10,1,-19,0,0,46
12,4,4,4,4,6,Rashaan,Evans,0,85,0,0,24,87,3,0,7982,33,7982,84,28,0,0,85,1,0,0,56,0,0,84,1,22,1009,88,91,45,45,0,8,22,0,0,0,1,1,0,0,3,28,12,0,0,0,3,60,0,0,54,1,0,0,0,0,0,1,25,79,75,5,78,51,0,1,100,22,83,80,76,7,7,7,7,4,32,75,13,25,18,10,3,30,0,14,14,10,2,30,10,0,0,74,72,1023,10,1,-19,0,0,513
12,4,4,4,4,6,Isaiah,Wynn,0,87,0,0,13,64,0,5,7983,12,7983,70,28,0,0,97,1,0,0,20,0,0,70,1,23,1015,83,33,76,83,0,8,14,0,0,0,0,0,0,0,70,4,74,0,0,1,3,60,0,0,77,0,1,0,0,0,0,1,16,77,59,5,81,25,0,1,100,17,87,74,82,0,0,0,0,37,34,28,28,25,32,8,30,30,0,5,6,10,37,44,26,109,0,74,150,1023,10,0,-19,0,0,102
11,0,0,0,0,27,D. J.,Moore,5837,93,0,0,13,93,0,4,7984,1,7984,93,26,0,0,92,0,0,0,89,0,0,92,2,24,21,95,30,30,56,0,8,87,0,0,0,0,0,0,0,111,36,46,0,0,3,3,7,0,0,2,2,4,0,0,83,0,1,43,86,94,5,92,73,0,1,100,18,66,83,87,0,0,0,0,2,23,73,0,0,3,10,0,0,0,3,3,0,2,11,10,5837,0,72,50,1023,80,5,-19,0,0,98
12,4,4,4,4,10,Hayden,Hurst,2173,86,0,615,16,88,3,9,7985,21,7985,86,30,0,0,86,1,0,0,94,0,0,82,1,25,1009,87,44,56,59,0,8,73,0,3,0,0,0,0,0,176,37,97,0,0,3,3,60,0,0,81,1,3,615,0,0,0,1,73,80,77,5,100,72,0,1,100,23,69,84,79,0,0,0,0,7,24,65,16,25,21,11,6,30,1,4,4,10,7,27,25,2173,0,76,90,1023,35,0,-19,0,0,7
45,4,4,4,4,23,Calvin,Ridley,2201,86,0,750,16,94,3,4,7986,17,7986,93,29,0,0,80,1,0,0,87,0,0,93,1,26,14,86,29,30,52,0,8,73,0,0,0,0,0,0,0,3,45,30,0,0,1,3,60,0,0,0,2,5,750,0,0,0,1,32,85,85,5,101,75,0,1,100,19,59,79,80,4,4,4,4,0,20,89,10,16,15,8,0,21,0,3,3,10,2,4,11,2201,0,73,30,1023,68,1,-19,0,0,507
45,0,0,0,0,21,Rashaad,Penny,123,87,0,10,13,92,0,3,7987,13,7987,91,27,0,0,78,1,0,0,65,0,0,86,2,27,1015,78,34,55,31,0,8,82,0,0,0,0,0,0,0,180,23,0,0,0,1,3,68,1,0,23,1,1,10,0,2,0,1,38,79,80,5,102,90,0,1,100,17,75,85,77,0,0,0,0,2,28,86,0,0,56,11,0,0,0,1,1,0,2,6,7,123,2,71,60,1023,82,0,-19,0,0,118
12,4,4,4,4,6,Terrell,Edmunds,188,96,0,25,13,90,0,10,7988,13,7988,90,26,0,1,88,0,0,0,70,0,0,83,2,28,1009,93,73,35,35,0,7,57,0,0,0,0,0,0,0,241,32,63,0,0,1,3,60,0,0,26,2,1,25,0,0,0,1,25,78,92,5,105,71,0,1,100,18,74,84,77,6,6,6,6,2,27,89,16,11,21,9,6,14,1,18,18,10,1,7,12,188,0,73,57,1023,55,0,-19,0,0,501
12,4,4,4,4,10,Taven,Bryan,345,75,0,0,13,80,0,7,7989,10,7989,77,27,0,0,94,1,0,0,31,0,0,76,1,29,1009,94,80,45,45,0,8,33,0,0,0,8,8,8,8,62,40,0,0,0,1,3,60,0,0,96,0,1,0,0,0,0,1,22,70,84,5,108,37,0,1,100,18,88,78,67,5,5,5,5,7,34,31,15,25,34,7,23,30,0,12,12,10,7,25,28,345,0,76,131,1023,10,0,-19,0,0,450
12,4,4,4,4,6,Mike,Hughes,696,90,0,150,24,93,0,4,7990,14,7990,91,26,0,0,84,0,0,0,76,0,0,92,1,30,1009,85,58,35,35,0,7,63,0,0,0,0,0,0,0,225,30,57,0,0,2,3,60,0,0,21,2,2,150,0,0,0,1,23,77,85,5,110,72,0,1,100,22,67,82,74,0,0,0,0,4,24,90,10,18,15,9,0,23,0,16,16,10,5,11,4,696,0,70,31,1023,82,0,-19,0,0,11
16,4,4,4,4,20,Sony,Michel,0,89,0,0,19,91,1,5,7991,33,7991,87,28,0,0,86,1,3,3,66,0,0,91,1,31,1009,89,35,58,33,0,8,78,0,0,0,0,0,0,0,70,23,0,0,0,0,3,60,0,0,20,1,0,0,0,0,0,1,27,75,76,5,112,89,0,1,100,11,75,82,77,0,0,0,0,2,28,88,10,25,15,13,0,30,0,1,1,10,0,11,10,0,0,71,55,1023,71,1,-19,0,0,32
45,0,0,0,0,86,Lamar,Jackson,3241,92,0,0,19,96,3,1,7992,25,7992,96,26,0,0,96,0,2,2,26,0,0,95,1,32,1015,89,35,13,14,0,8,81,0,0,0,0,0,0,0,105,20,77,0,0,5,3,60,0,0,8,2,5,7250,0,0,0,1,93,91,91,5,114,70,0,1,100,12,63,91,92,7,7,7,7,2,22,83,10,11,15,7,0,19,0,0,0,10,2,6,7,24750,0,74,70,1023,10,5,-19,0,0,234
45,0,0,0,0,6,Austin,Corbett,1847,88,0,585,13,72,0,0,7993,33,7993,66,28,0,0,87,1,0,0,18,0,0,58,0,1,24,87,29,83,81,0,8,7,0,0,0,0,0,0,0,143,45,0,0,0,2,3,53,0,0,63,2,3,585,0,73,0,2,23,80,70,5,117,32,0,1,100,17,85,80,88,0,0,0,0,6,32,29,15,0,34,13,23,0,0,8,6,0,6,41,30,1847,0,76,145,1023,10,1,-19,0,0,34
45,2,2,2,2,6,Will,Hernandez,887,87,0,250,12,71,0,7,7994,7,7994,64,28,0,1,93,1,0,0,17,0,0,61,1,2,1009,90,27,80,70,1,8,17,0,0,0,0,0,0,0,235,45,62,0,0,2,3,60,0,0,76,0,2,250,0,0,0,2,22,76,68,5,119,25,0,1,100,17,94,72,78,5,5,5,5,23,38,22,32,25,43,12,25,30,0,8,6,10,45,40,23,887,0,74,175,1023,10,1,-19,0,0,418
45,4,4,4,4,20,Nick,Chubb,4104,94,0,1200,12,90,0,5,7995,5,7995,91,28,0,0,92,1,0,0,69,0,0,83,1,3,1015,93,29,70,37,0,7,99,0,0,0,7,7,7,7,70,34,40,0,0,2,3,60,0,0,24,0,4,1200,0,0,0,2,26,97,92,5,121,96,0,1,100,17,86,97,94,6,6,6,6,5,32,51,15,25,20,10,5,30,0,1,1,10,2,24,11,4104,0,71,67,1023,35,5,-19,0,0,1
45,3,3,3,3,6,Shaquille,Leonard,10230,91,0,2400,15,88,3,5,7996,10,7996,85,28,0,0,89,1,0,0,76,0,0,83,1,4,1015,87,94,45,45,0,8,36,0,0,0,6,6,6,6,179,41,74,0,0,4,3,60,0,0,53,1,6,2400,0,0,0,2,19,86,90,5,122,58,0,1,100,21,78,87,84,0,0,0,0,3,29,63,11,25,16,10,1,30,0,14,15,10,5,15,13,10230,0,74,70,1023,10,5,-19,0,0,476
45,0,0,0,0,6,Braden,Smith,7326,90,0,1500,14,70,0,4,7997,10,7997,65,27,0,0,93,1,0,0,19,0,0,59,0,5,1015,87,55,81,87,0,8,8,0,4,0,0,0,0,0,14,45,54,0,0,3,3,18,1,0,72,0,5,1500,0,60,0,2,22,82,81,5,123,29,0,1,100,14,92,85,91,0,0,0,0,16,36,32,18,0,23,9,19,0,0,9,8,0,17,32,23,7326,0,78,155,1023,15,5,-19,0,0,450
45,4,4,4,4,15,Ronald,Jones II,109,84,0,15,15,92,3,10,7998,33,7998,89,26,0,0,83,0,3,3,63,0,0,91,1,6,1009,87,29,48,28,0,8,76,0,0,0,0,0,0,0,231,23,0,0,0,1,3,60,1,0,32,1,1,15,0,0,0,2,26,73,87,5,125,80,0,1,100,20,68,79,75,5,5,5,5,1,24,73,10,20,15,7,0,25,0,1,1,10,1,12,11,109,0,71,45,1023,50,0,-19,0,0,45
45,4,4,4,4,6,James,Daniels,2650,89,0,876,14,68,3,5,7999,29,7999,63,26,0,0,82,0,0,0,20,0,0,73,1,7,1009,88,28,83,79,0,8,8,0,0,0,0,0,0,0,89,45,99,0,0,2,3,60,0,0,78,2,3,876,0,0,0,2,26,80,75,5,126,28,0,1,100,15,84,80,88,4,4,4,4,8,32,27,17,25,20,7,20,30,0,8,7,10,22,41,27,2650,0,76,167,1023,10,1,-19,0,0,486
45,0,0,0,0,53,Courtland,Sutton,6292,88,0,600,15,92,0,3,8000,4,8000,90,28,0,0,87,1,0,0,86,0,0,91,2,8,1015,86,33,38,62,0,7,79,0,0,0,0,0,0,0,192,36,32,0,0,3,3,57,0,0,14,2,5,600,0,92,0,2,62,82,93,5,130,76,0,1,100,19,74,78,81,0,0,0,0,1,26,75,0,0,23,9,0,0,0,3,3,0,4,8,6,6292,0,76,56,1023,33,5,-19,0,0,234
45,4,4,4,4,6,Harold,Landry III,8750,89,0,1900,14,90,0,3,8001,30,8001,84,27,0,0,88,1,0,0,56,0,0,85,1,9,1015,90,87,45,45,0,8,36,0,0,0,0,0,2,2,20,45,83,0,0,4,3,60,0,0,58,2,5,1900,0,0,0,2,23,81,86,5,131,47,0,1,100,18,78,85,77,3,3,3,3,5,29,43,18,25,23,10,8,30,0,15,15,10,3,35,21,8750,0,74,92,1023,15,5,-19,0,0,26
45,4,4,4,4,10,Mike,Gesicki,445,89,0,240,14,88,0,3,8002,22,8002,83,28,0,1,82,1,0,0,89,0,0,88,1,10,1009,91,30,57,58,0,8,71,0,1,0,8,8,8,8,164,45,77,0,0,1,3,60,0,0,88,1,1,240,0,0,0,2,50,81,94,5,132,79,0,1,100,18,76,84,80,0,0,0,0,6,29,58,16,25,21,11,6,30,0,4,4,10,3,34,23,445,0,78,90,1023,15,0,-19,0,0,483
16,0,0,0,0,24,Kerryon,Johnson,0,84,0,0,15,86,0,4,8003,33,8003,88,26,0,0,83,0,0,0,65,0,0,85,2,11,1009,85,32,70,35,0,7,77,0,0,0,0,0,0,0,14,45,54,0,0,0,3,40,0,0,34,0,0,0,0,81,0,2,36,68,93,5,135,87,0,1,100,19,77,78,68,0,0,0,0,1,30,72,0,0,30,11,0,0,0,1,1,0,2,6,11,0,0,71,46,1023,77,1,-19,0,0,235
45,0,0,0,0,34,Dante,Pettis,109,83,0,15,14,92,0,10,8004,33,8004,89,28,0,0,83,1,0,0,81,0,0,90,1,12,1009,81,30,28,45,0,7,75,0,4,0,0,0,0,0,252,36,52,0,0,1,3,31,0,0,86,2,1,15,0,60,0,2,44,73,90,5,140,75,0,1,100,20,50,69,67,0,0,0,0,4,15,90,0,0,20,8,0,0,0,3,3,0,4,5,8,109,0,73,35,1023,84,2,-19,0,0,2
45,4,4,4,4,6,Josh,Jackson,0,88,0,0,13,91,0,4,8005,33,8005,89,27,0,1,83,1,0,0,75,0,0,87,1,13,1009,90,54,35,35,0,7,61,0,0,0,1,1,1,1,89,30,0,0,0,0,3,60,0,0,26,0,0,0,0,0,0,2,22,69,93,5,142,73,0,1,100,18,64,77,69,2,2,2,2,1,22,77,10,16,15,13,0,21,0,16,16,10,5,11,6,0,0,72,36,1023,70,1,-19,0,0,511
45,4,4,4,4,30,Christian,Kirk,7060,89,0,2000,14,93,0,3,8007,17,8007,91,27,0,0,91,1,0,0,91,0,0,89,1,15,1009,89,30,34,47,0,8,72,0,0,0,5,5,5,5,215,35,20,0,0,3,3,60,0,0,13,2,4,2000,0,0,0,2,47,85,85,5,145,72,0,1,100,18,65,84,92,0,0,0,0,1,22,81,10,21,15,12,0,26,0,3,3,10,4,8,10,7060,0,71,40,1023,84,1,-19,0,0,29
45,4,4,4,4,6,Uchenna,Nwosu,1905,86,0,950,13,87,3,5,8008,28,8008,84,27,0,0,82,1,0,0,63,0,0,83,1,16,1009,92,80,45,45,0,8,30,0,0,0,2,2,0,0,231,45,71,0,0,1,3,60,0,0,10,2,2,950,0,0,0,2,18,79,78,5,148,47,0,1,100,17,73,84,85,3,3,5,5,3,26,53,5,11,21,9,6,17,1,15,15,13,6,25,23,1905,0,74,91,1023,10,1,-19,0,0,519
37,2,2,2,2,10,Dallas,Goedert,5267,90,0,1020,15,87,0,7,8009,13,8009,84,28,0,0,85,1,0,0,93,0,0,84,1,17,1015,88,37,61,74,0,7,76,0,4,0,2,2,0,0,177,3,0,0,0,3,3,60,0,0,88,1,5,1020,0,0,0,2,27,89,85,5,149,76,0,1,100,19,78,98,92,7,7,5,5,5,28,51,20,16,25,9,10,14,0,4,4,10,6,36,22,5267,0,77,96,1023,20,5,-19,0,0,7
45,1,1,1,1,6,Connor,Williams,1403,88,0,274,13,77,0,7,8010,12,8010,71,26,0,0,94,0,0,0,22,0,0,59,1,18,1009,87,33,79,84,0,8,20,0,0,0,0,0,0,0,214,45,68,0,0,1,3,60,0,0,58,2,2,274,0,0,0,2,16,80,82,5,151,27,0,1,100,17,86,80,85,5,5,5,5,3,33,40,25,25,21,13,20,30,0,7,6,10,10,34,22,1403,0,77,157,1023,10,1,-19,0,0,423
45,0,0,0,0,26,Anthony,Miller,94,83,0,0,13,90,0,3,8011,33,8011,88,29,0,0,78,1,0,0,82,0,0,91,1,19,1009,82,33,29,51,0,7,75,0,0,0,0,0,0,0,114,45,29,0,0,1,3,75,0,0,17,2,1,0,0,75,0,2,42,72,89,5,152,73,0,1,100,19,67,71,73,0,0,0,0,4,24,87,0,0,45,7,0,0,0,3,3,0,4,7,4,94,0,71,39,1023,77,2,-19,0,0,99
45,4,4,4,4,6,Kemoko,Turay,0,75,0,0,12,87,0,5,8012,1009,8012,83,28,0,0,77,1,0,0,51,0,0,83,1,20,1009,85,75,45,45,0,8,31,0,0,0,0,0,0,0,175,39,3,0,0,0,3,60,0,0,52,2,0,0,0,0,0,2,20,70,87,5,153,48,0,1,100,12,69,75,67,7,7,7,7,6,24,49,18,25,28,11,15,30,0,10,11,10,4,19,25,0,0,77,93,1023,10,1,-19,0,0,518
45,0,0,0,0,6,M. J.,Stewart,598,90,0,150,11,90,0,7,8013,32,8013,87,28,0,0,86,1,0,0,66,0,0,85,2,21,1009,87,66,35,35,0,7,56,0,0,0,0,0,0,0,135,45,0,0,0,2,3,41,0,0,29,2,2,150,0,75,0,2,25,70,84,5,160,63,0,1,100,10,66,70,63,0,0,0,0,3,23,90,0,0,19,12,0,0,0,18,16,0,5,12,8,598,0,71,40,1023,76,1,-19,0,0,275
45,0,0,0,0,10,Jessie,Bates III,6402,94,0,1800,12,90,0,5,8014,14,8014,89,26,0,0,85,0,0,0,78,0,0,88,2,22,1009,92,73,35,35,0,8,48,0,0,0,0,0,0,0,249,3,15,0,0,4,3,2,0,0,3,0,4,1800,0,81,0,2,25,91,85,5,161,69,0,1,100,18,58,94,95,0,0,0,0,1,19,87,0,0,33,11,0,0,0,17,18,0,4,12,9,6402,0,73,40,1023,78,0,-19,0,0,256
45,4,4,4,4,6,Donte,Jackson,2102,91,0,1098,13,94,3,10,8015,21,8015,95,28,0,1,67,1,0,0,75,0,0,94,1,23,1015,84,47,35,35,0,8,45,0,0,0,6,6,5,5,106,30,49,0,0,2,3,60,0,0,26,2,3,1098,0,0,0,2,20,80,98,5,162,63,0,1,100,17,49,84,78,7,7,7,7,5,14,79,10,13,15,8,0,18,0,16,16,10,0,8,4,2102,0,70,20,1023,77,5,-19,0,0,503
45,0,0,0,0,6,Duke,Dawson Jr,94,88,0,0,10,90,0,4,8016,33,8016,89,28,0,0,83,1,0,0,69,0,0,83,2,24,1009,85,68,35,35,0,7,68,0,0,0,0,0,0,0,62,45,0,0,0,1,3,58,0,0,33,2,1,0,0,81,0,2,18,68,86,5,165,65,0,1,100,12,61,71,58,0,0,0,0,5,18,80,0,0,27,11,0,0,0,16,16,0,3,8,6,94,0,70,38,1023,65,1,-19,0,0,209
45,2,2,2,2,6,P. J.,Hall,0,70,0,0,12,79,0,5,8017,33,8017,79,28,0,0,91,1,0,0,45,0,0,54,2,25,1009,87,81,45,45,0,8,25,0,0,0,0,0,0,0,183,40,0,1,1,0,3,64,0,0,96,1,0,0,0,85,0,2,25,70,86,5,166,41,0,1,100,16,88,73,67,0,0,0,0,26,36,29,30,0,38,12,20,0,0,10,12,0,43,39,25,0,0,72,145,1023,10,2,-19,0,0,424
45,4,4,4,4,6,Isaiah,Oliver,544,93,0,72,13,89,3,5,8018,15,8018,90,27,0,0,85,1,0,0,75,0,0,85,1,26,1009,85,49,35,35,0,8,61,0,0,0,1,1,1,1,41,30,33,0,0,2,3,60,0,0,26,2,2,72,0,0,0,2,40,76,95,5,167,73,0,1,100,19,59,78,74,2,2,2,2,4,20,84,10,16,15,7,0,21,0,16,16,10,3,9,12,544,0,72,50,1023,77,0,-19,0,0,515
45,5,5,5,5,13,James,Washington,0,86,0,0,13,89,0,4,8020,33,8020,91,27,0,0,86,1,0,0,80,0,0,84,2,28,1009,89,32,36,49,0,8,77,0,0,0,0,0,0,0,158,36,16,0,0,1,3,60,0,0,83,2,1,0,0,0,0,2,29,72,84,5,169,77,0,1,100,20,68,69,70,5,5,5,5,3,24,71,10,20,15,7,0,25,1,3,3,10,0,12,11,0,0,71,53,1023,73,0,-19,0,0,10
45,2,2,4,4,15,DJ,Chark,186,86,0,78,15,93,0,3,8021,21,8021,94,27,0,0,80,1,0,0,83,0,0,85,1,29,1009,84,27,26,50,0,8,70,0,0,0,0,0,0,0,106,36,24,0,0,1,3,60,0,0,17,2,1,78,0,0,0,2,28,77,92,5,176,73,0,1,100,19,64,74,76,0,0,0,0,5,22,70,10,15,15,11,0,20,0,3,3,10,1,7,6,186,0,76,45,1023,78,0,-19,0,0,21
45,2,2,2,2,6,Brian,O'Neill,9782,92,0,2400,13,78,0,7,8022,31,8022,77,28,0,0,93,1,0,0,37,0,0,77,1,30,1015,91,29,88,85,0,8,18,0,4,0,0,0,0,0,166,45,66,0,0,4,3,60,0,0,75,2,6,2400,0,0,0,2,18,86,73,5,181,51,0,1,100,19,86,89,92,5,5,5,5,7,32,34,19,13,35,8,16,19,0,9,5,10,6,35,26,9782,0,79,150,1023,11,5,-19,0,0,57
45,0,0,0,0,6,Carlton,Davis III,3610,92,0,999,15,90,0,4,8023,6,8023,88,27,0,0,88,1,0,0,67,0,0,82,2,31,1015,86,60,35,35,0,8,48,0,0,0,0,0,0,0,14,45,42,0,0,2,3,51,0,0,24,2,3,999,0,50,0,2,26,81,82,5,182,65,0,1,100,19,64,81,88,0,0,0,0,0,22,74,0,0,47,13,0,0,0,16,16,0,2,6,7,3610,0,73,46,1023,40,5,-19,0,0,197
45,0,0,0,0,6,Tyquan,Lewis,150,76,0,0,13,88,0,5,8024,10,8024,81,28,0,0,88,1,0,0,33,0,0,76,2,32,1015,82,78,45,45,0,8,25,0,0,0,0,0,0,0,156,39,0,0,0,1,3,9,0,0,94,1,1,0,0,83,0,2,20,72,85,5,183,28,0,1,100,17,83,78,69,0,0,0,0,3,32,47,0,0,40,10,0,0,0,10,11,0,6,35,28,150,1,75,117,1023,10,5,-19,0,0,197
45,2,2,2,2,6,Brandon,Parker,124,86,0,10,12,65,2,5,8025,33,8025,59,28,0,0,93,1,0,0,22,0,0,56,1,1,1015,91,31,67,75,0,8,10,0,0,0,0,0,0,0,134,45,0,0,0,1,3,45,0,0,75,2,1,10,0,86,0,3,22,68,71,5,184,21,0,1,100,17,84,66,78,5,5,5,5,11,32,35,21,0,22,12,16,0,0,9,5,0,20,39,27,124,0,80,160,1023,10,5,-19,0,0,482
45,0,0,0,0,6,Lorenzo,Carter,900,81,0,200,17,90,0,4,8026,14,8026,87,28,0,0,86,1,0,0,52,0,0,84,2,2,1009,88,85,45,45,0,8,18,0,0,0,0,0,0,0,70,42,51,0,0,2,3,24,0,0,0,2,2,200,0,8,0,3,20,77,86,5,189,43,0,1,100,17,74,82,76,0,0,0,0,3,27,69,0,0,52,13,0,0,0,13,10,0,5,24,24,900,0,77,92,1023,10,1,-19,0,0,98
45,4,4,4,4,10,Justin,Reid,3150,93,0,1050,73,92,0,4,8028,9,8028,92,26,0,0,87,0,0,0,70,0,0,91,1,4,1009,90,66,35,35,0,7,24,0,0,0,2,2,4,4,200,32,57,0,0,2,3,60,0,0,20,0,3,1050,0,0,0,3,26,81,87,5,191,63,0,1,100,92,66,84,82,3,3,5,5,5,23,83,10,18,15,9,0,23,0,18,18,10,0,10,12,3150,0,73,47,1023,55,1,-19,0,0,21
45,0,0,0,0,6,B.J.,Hill,3000,83,0,999,12,76,0,4,8029,2,8029,72,28,0,0,89,1,0,0,43,0,0,71,2,5,16,94,96,45,45,0,8,23,0,0,0,0,0,0,0,138,40,64,0,0,2,3,4,0,0,92,1,3,999,0,82,0,3,19,80,67,5,193,43,0,1,100,18,88,85,78,0,0,0,0,25,34,23,23,0,33,8,32,0,0,12,12,0,34,34,24,3000,0,75,151,1023,10,2,-19,0,0,96
41,0,0,0,0,6,Fred,Warner,9646,96,0,1476,10,92,0,3,8030,15,8030,86,27,0,0,87,1,0,0,73,0,0,84,1,6,1015,96,92,45,45,0,8,21,0,0,0,0,0,0,0,26,45,88,0,0,4,3,50,1,0,54,2,6,1476,0,87,0,3,14,96,94,5,194,63,0,1,100,13,76,95,99,0,0,0,0,1,28,70,0,0,5,7,0,0,0,14,14,0,8,22,12,9646,1,75,70,1023,10,5,-19,0,0,99
45,4,4,4,4,26,Royce,Freeman,0,84,0,0,33,89,0,4,8031,1009,8031,87,27,0,0,86,1,3,3,67,0,0,82,2,7,1009,88,33,54,36,0,8,78,0,0,0,5,5,5,5,160,45,0,0,0,0,3,51,0,0,24,0,0,0,0,82,0,3,40,69,80,5,196,88,0,1,100,38,78,80,73,0,0,0,0,5,29,68,0,0,20,11,0,0,0,1,1,0,6,27,10,0,0,72,78,1023,25,1,-19,0,0,472
45,0,0,0,0,6,Nathan,Shepherd,1300,77,0,300,12,74,0,4,8032,27,8032,71,30,0,0,89,1,0,0,33,0,0,71,2,8,1009,90,78,45,45,0,8,24,0,0,0,0,0,0,0,373,45,0,0,0,3,3,29,0,0,93,1,3,300,0,60,0,3,30,72,76,5,197,36,0,1,100,16,90,80,76,0,0,0,0,9,35,41,25,0,32,7,25,0,0,12,12,0,18,35,28,1300,0,76,155,1023,10,0,-19,0,0,15
2,0,0,0,0,6,Jerome,Baker,3917,93,0,1248,12,88,0,3,8033,12,8033,88,27,0,0,84,1,0,0,58,0,0,84,2,9,1015,94,86,45,45,0,8,33,0,0,0,0,0,0,0,156,42,78,0,0,2,3,33,0,0,55,2,4,1248,0,78,0,3,22,80,87,5,199,61,0,1,100,18,73,82,83,0,0,0,0,5,26,74,0,0,16,13,0,0,0,14,14,0,4,27,10,3917,0,74,65,1023,10,5,-19,0,0,316
45,0,0,0,0,5,Geron,Christian,109,85,0,15,12,65,0,1,8034,33,8034,62,27,0,0,86,1,0,0,29,0,0,66,2,10,1009,87,36,78,68,0,8,13,0,0,0,0,0,0,0,105,45,0,0,0,1,3,45,0,0,78,2,1,15,0,86,0,3,16,70,72,5,200,24,0,1,100,18,83,68,78,0,0,0,0,9,32,29,24,0,30,12,17,0,0,9,5,0,17,40,29,109,0,77,138,1023,10,1,-19,0,0,482
45,0,0,0,0,6,Derrick,Nnadi,109,80,0,15,12,67,0,3,8035,9,8035,61,27,0,0,93,1,0,0,25,0,0,55,2,11,1015,93,81,45,45,0,8,16,0,0,0,0,0,0,0,64,40,0,0,0,1,3,24,0,0,91,1,1,15,0,8,0,3,24,73,68,5,201,27,0,1,100,17,87,78,84,0,0,0,0,47,34,23,31,0,30,9,28,0,0,12,10,0,44,38,24,109,0,73,157,1023,10,5,-19,0,0,98
45,0,0,0,0,74,Mason,Rudolph,0,67,0,0,16,78,0,7,8036,29,8036,75,28,0,0,87,1,0,0,40,0,0,69,0,12,1015,91,31,14,17,0,7,48,0,0,0,7,7,7,7,158,45,0,0,0,1,3,7,0,0,2,2,1,0,0,64,0,3,84,60,71,5,202,66,0,1,100,20,67,63,62,2,2,6,6,5,24,53,0,0,31,10,0,0,0,0,0,0,2,25,11,94,0,77,75,1023,14,5,-19,0,0,120
45,0,0,0,0,6,Sam,Hubbard,4232,86,0,1000,10,81,0,7,8037,2,8037,80,28,0,0,91,1,0,0,43,0,0,83,2,13,1015,93,79,50,53,0,8,22,0,0,0,0,0,0,0,156,39,30,0,0,3,3,2,0,0,94,2,5,1000,0,4,0,3,20,78,84,5,205,40,0,1,100,10,80,87,89,0,0,0,0,6,28,44,0,0,24,11,0,0,0,10,11,0,8,36,24,4232,0,77,105,1023,10,5,-19,0,0,242
45,0,0,0,0,6,Malik,Jefferson,0,79,0,0,12,89,0,1,8038,1009,8038,87,27,0,0,80,1,0,0,45,0,0,78,2,14,1009,84,78,45,45,0,8,17,0,0,0,0,0,0,0,214,42,0,0,0,0,3,4,0,0,46,1,0,0,0,84,0,3,19,64,88,5,206,43,0,1,100,16,80,68,52,0,0,0,0,6,30,43,0,0,29,12,0,0,0,13,14,0,3,28,25,0,1,74,81,1023,10,1,-19,0,0,296
45,0,0,0,0,6,Rasheem,Green,244,83,0,35,13,83,0,4,8039,1,8039,81,26,0,0,87,0,0,0,34,0,0,74,2,15,1009,89,83,45,45,0,8,26,0,0,0,0,0,0,0,231,39,0,0,0,1,3,46,0,0,94,0,1,35,0,95,0,3,22,72,79,5,207,36,0,1,100,18,80,79,71,0,0,0,0,3,30,55,0,0,51,13,0,0,0,10,11,0,7,22,27,244,0,76,119,1023,10,0,-19,0,0,209
45,7,7,7,7,15,Michael,Gallup,5684,87,0,1000,15,89,0,4,8041,11,8041,91,27,0,0,85,1,0,0,86,0,0,87,2,17,1015,85,32,28,48,0,8,79,0,0,0,0,0,0,0,42,36,25,0,0,4,1,13,0,0,13,2,5,1000,0,83,0,3,25,80,93,5,209,77,0,1,100,19,68,77,80,0,0,0,0,0,24,75,10,18,15,13,0,23,0,3,3,10,3,6,4,5684,0,73,38,1023,55,5,-19,0,0,69
45,0,0,0,0,10,Tracy,Walker III,2250,88,0,696,11,91,0,3,8042,19,8042,89,28,0,0,87,1,0,0,71,0,0,82,2,18,1015,86,73,35,35,0,7,23,0,0,0,0,0,0,0,228,45,76,0,0,2,3,5,0,0,21,0,3,696,0,90,0,3,23,76,83,5,212,68,0,1,100,15,64,83,79,0,0,0,0,2,22,75,0,0,21,12,0,0,0,18,17,0,1,9,12,2250,0,73,46,1023,45,5,-19,0,0,148
45,4,4,4,4,6,Orlando,Brown,6402,94,0,3108,13,59,0,3,8043,2,8043,51,27,0,0,87,1,0,0,23,0,0,59,1,19,1009,95,33,82,84,0,8,14,0,0,0,0,0,0,0,157,45,80,0,0,4,3,60,0,0,75,0,4,3108,0,0,0,3,25,83,53,5,213,28,0,1,100,19,94,79,90,4,4,4,4,20,36,12,31,25,38,12,28,30,0,5,9,36,29,30,25,6402,0,80,180,1023,10,0,-19,0,0,518
45,3,3,3,3,6,Justin,Jones,1200,80,0,500,12,74,0,10,8044,1,8044,69,27,0,0,84,1,0,0,25,0,0,62,2,20,1009,87,85,45,45,0,8,18,0,0,0,0,0,0,0,138,45,35,0,0,1,3,29,0,0,93,1,2,500,0,60,0,3,23,74,72,5,216,27,0,1,100,17,84,80,83,0,0,0,0,37,32,17,24,0,42,9,34,0,0,12,12,0,20,36,28,1200,0,75,149,1023,45,1,-19,0,0,15
37,4,4,4,4,10,Mark,Andrews,6001,96,0,1015,10,91,0,4,8046,25,8046,87,28,0,0,89,1,2,2,95,0,0,80,0,22,1015,92,27,54,68,0,8,73,0,0,0,0,0,0,0,157,2,0,0,0,3,3,1,0,0,89,1,5,1015,0,76,0,3,25,95,93,5,225,73,0,1,100,12,81,98,96,0,0,0,0,7,30,58,0,0,24,9,0,0,0,4,4,0,6,33,24,6001,0,77,87,1023,10,5,-19,0,0,373
45,4,4,4,4,6,Arden,Key,1640,76,0,390,12,77,0,5,8047,30,8047,78,27,2,1,79,1,0,0,35,0,0,78,1,23,1009,87,79,45,45,0,8,13,0,0,0,0,0,0,0,106,45,48,3,3,3,3,60,0,0,49,2,3,390,0,0,0,3,10,74,76,5,226,32,0,1,100,17,79,82,85,0,0,0,0,1,28,54,20,25,25,12,10,30,0,11,11,10,5,18,12,1640,0,77,80,1023,10,0,-19,0,0,489
45,0,0,0,0,6,Oren,Burks,417,84,0,54,13,88,0,4,8048,15,8048,86,28,0,0,92,1,0,0,69,0,0,85,2,24,1009,90,82,45,45,0,8,21,0,0,0,0,0,0,0,238,42,0,0,0,1,3,41,0,0,48,0,2,54,0,70,0,3,16,68,89,5,230,63,0,1,100,18,69,73,65,0,0,0,0,0,24,71,0,0,33,10,0,0,0,13,14,0,8,30,12,417,1,75,73,1023,10,1,-19,0,0,105
45,0,0,0,0,6,Joseph,Noteboom,3000,83,0,600,12,77,0,4,8049,24,8049,72,28,0,0,87,1,0,0,20,0,0,61,1,25,1015,83,31,76,72,0,8,11,0,0,0,0,0,0,0,207,45,0,0,0,2,3,45,0,0,70,2,3,600,0,86,0,3,17,72,62,5,232,25,0,1,100,15,87,69,79,0,0,0,0,14,32,37,25,0,26,9,17,0,0,5,5,0,15,22,24,3000,0,77,161,1023,11,5,-19,0,0,304
45,0,0,0,0,6,Deadrin,Senat,109,80,0,15,11,72,0,4,8050,33,8050,66,29,0,0,91,1,0,0,25,0,0,58,2,26,1009,89,78,45,45,0,8,24,0,0,0,0,0,0,0,232,40,2,0,0,1,3,29,0,0,95,0,1,15,0,60,0,3,23,70,66,5,233,26,0,1,100,16,89,74,70,0,0,0,0,49,36,33,34,0,34,8,20,0,0,12,12,0,32,33,27,109,0,73,145,1023,10,1,-19,0,0,15
45,1,1,1,1,10,Tre'Quan,Smith,500,84,0,100,14,90,0,4,8051,27,8051,89,27,0,0,85,1,0,0,85,0,0,84,2,27,1015,85,34,33,60,0,8,75,0,0,0,1,1,1,1,225,45,18,0,0,1,3,75,0,0,10,2,2,100,0,75,0,3,35,75,89,5,236,76,0,1,100,18,66,75,79,0,0,0,0,3,24,78,0,0,45,10,0,0,0,3,3,0,5,13,9,500,0,74,50,1023,55,5,-19,0,0,99
45,2,2,2,2,6,Chukwuma,Okorafor,2925,88,0,924,13,64,0,7,8052,29,8052,61,26,0,1,81,0,0,0,24,0,0,58,2,28,1015,91,28,72,75,1,8,12,0,0,0,1,1,1,1,246,45,0,0,0,2,3,45,0,0,76,2,3,924,0,86,0,3,18,70,61,5,238,27,0,1,100,18,85,69,79,5,5,5,5,7,32,27,21,0,25,11,23,0,0,9,9,0,17,33,24,2925,0,78,160,1023,10,5,-19,0,0,482
45,4,4,4,4,6,Ronnie,Harrison,0,89,0,0,11,90,1,1,8053,1009,8053,85,26,0,0,91,0,0,0,70,0,0,83,1,29,17,87,72,35,35,0,8,44,0,0,0,2,2,4,4,3,45,82,0,0,0,3,60,0,0,48,2,0,0,0,0,0,3,23,73,82,5,240,69,0,1,100,14,72,79,73,3,3,5,5,3,27,66,10,22,15,11,0,27,0,18,18,10,3,8,11,0,0,75,54,1023,55,3,-19,0,0,10
45,0,0,0,0,6,Alex,Cappa,3500,93,0,900,18,63,0,9,8054,2,8054,61,28,0,0,96,1,0,0,51,0,0,59,0,30,1009,89,43,83,80,0,8,35,0,1,0,0,0,0,0,377,45,0,0,0,3,3,50,0,0,65,2,4,900,0,83,0,3,16,80,67,5,243,46,0,1,100,21,85,79,89,0,0,0,0,8,32,37,22,0,25,11,17,0,0,8,8,0,9,28,23,3500,0,78,150,1023,11,1,-19,0,0,258
45,0,0,0,0,10,Tarvarius,Moore,99,84,0,5,15,92,0,4,8055,33,8055,92,27,0,0,81,1,0,0,68,0,0,85,2,31,1009,79,61,35,35,0,8,42,0,0,0,0,0,0,0,194,32,3,0,0,1,3,5,0,0,30,2,1,5,0,90,0,3,23,69,89,5,244,63,0,1,100,11,53,74,66,0,0,0,0,4,16,72,0,0,21,7,0,0,0,17,16,0,3,6,11,99,0,74,40,1023,55,0,-19,0,0,148
45,4,4,4,4,6,Harrison,Phillips,1950,81,0,699,11,69,0,5,8056,31,8056,64,27,0,0,91,1,0,0,27,0,0,73,1,32,1009,88,87,45,45,0,8,24,0,2,0,0,0,0,0,200,40,17,3,3,2,3,60,0,0,97,1,3,699,0,0,0,3,26,79,78,5,246,26,0,1,100,17,95,81,87,0,0,0,0,31,36,33,21,25,45,13,33,30,0,11,12,10,30,44,22,1950,0,75,147,1023,10,1,-19,0,0,8
45,0,0,0,0,6,Mason,Cole,1574,85,0,456,16,70,0,7,8057,29,8057,63,27,0,0,88,1,0,0,29,0,0,58,0,33,1009,92,26,73,75,0,8,8,0,0,0,0,0,0,0,117,45,0,0,0,2,3,40,0,0,61,2,3,456,0,61,0,3,17,72,69,5,247,28,0,1,100,19,82,70,83,0,0,0,0,5,30,29,15,0,35,13,25,0,0,7,5,0,5,31,26,1574,0,77,138,1023,10,1,-19,0,0,168
45,0,0,0,0,27,Jordan,Akins,386,84,0,62,12,84,0,10,8058,5,8058,83,31,0,0,80,1,0,0,85,0,0,73,2,34,1009,87,28,56,58,0,8,71,0,0,0,0,0,0,0,225,45,0,0,0,2,3,0,0,0,84,1,2,62,0,60,0,3,45,73,85,5,249,70,0,1,100,18,76,78,77,0,0,0,0,6,28,63,0,0,13,11,0,0,0,4,4,0,9,41,25,386,0,76,90,1023,56,0,-19,0,0,15
45,0,0,0,0,6,Isaac,Yiadom,109,88,0,0,12,92,0,10,8059,27,8059,91,27,0,0,76,1,0,0,63,0,0,86,2,35,1009,86,57,35,35,0,8,51,0,0,0,0,0,0,0,20,30,32,0,0,1,3,3,0,0,27,0,1,0,0,90,0,3,22,71,83,5,253,61,0,1,100,19,54,74,69,0,0,0,0,5,17,92,0,0,46,12,0,0,0,16,16,0,3,7,7,109,0,73,28,1023,40,1,-19,0,0,37
45,0,0,0,0,22,Ian,Thomas,1308,88,0,501,12,89,0,10,8061,21,8061,83,27,0,0,85,1,0,0,79,0,0,78,2,1,1015,96,31,62,59,0,8,65,0,0,0,0,0,0,0,86,45,0,0,0,2,3,0,0,0,80,1,3,501,0,60,0,4,31,72,86,5,255,74,0,1,100,18,68,75,77,0,0,0,0,6,24,65,0,0,13,9,0,0,0,4,4,0,5,45,22,1308,0,76,100,1023,6,5,-19,0,0,15
45,2,2,2,2,6,Jalyn,Holmes,0,73,0,0,10,81,0,3,8062,1009,8062,77,27,0,1,82,1,0,0,56,0,0,63,2,2,1015,87,78,45,45,0,8,27,0,0,0,1,1,1,1,156,45,0,0,0,0,3,24,0,0,97,0,0,0,0,8,0,4,23,69,78,5,256,59,0,1,100,10,87,72,66,6,6,6,6,9,34,41,18,0,20,13,25,0,1,10,10,0,8,23,28,0,0,77,123,1023,10,1,-19,0,0,98
45,0,0,0,0,15,Keke,Coutee,0,83,0,0,12,90,0,1,8063,33,8063,91,26,0,0,76,0,0,0,83,0,0,87,1,3,1009,89,24,26,50,0,8,76,0,0,0,0,0,0,0,217,45,22,0,0,0,3,75,0,0,15,2,0,0,0,75,0,4,25,73,83,5,258,66,0,1,100,17,59,71,72,0,0,0,0,1,20,89,0,0,45,8,0,0,0,3,3,0,3,5,5,0,0,71,20,1023,77,2,-19,0,0,99
45,0,0,0,0,15,Nyheim,Hines,1435,85,0,0,13,93,0,4,8064,33,8064,92,27,0,0,81,1,0,0,77,0,0,89,2,4,10,86,27,53,26,0,7,74,0,0,0,0,0,0,0,138,23,0,0,0,2,3,9,0,0,0,2,4,0,0,57,0,4,25,75,85,5,259,85,0,1,100,19,62,81,69,0,0,0,0,2,21,78,0,0,26,7,0,0,0,1,1,0,5,12,4,1435,0,69,36,1023,93,1,-19,0,0,385
45,0,0,0,0,20,Antonio,Callaway,101,76,0,0,12,93,0,7,8065,33,8065,91,26,0,0,77,0,0,0,78,0,0,87,2,5,1009,88,26,26,50,0,7,77,0,0,0,0,0,0,0,62,36,0,0,0,1,3,56,0,0,80,0,1,0,0,86,0,4,29,68,82,5,260,68,0,1,100,17,50,62,54,0,0,0,0,1,15,76,0,0,20,11,0,0,0,3,3,0,3,13,8,101,0,71,40,1023,83,1,-19,0,0,263
45,0,0,0,0,6,Josey,Jewell,1100,87,0,450,13,85,0,7,8066,4,8066,80,29,0,0,72,1,0,0,66,0,0,84,0,6,1015,87,89,45,45,0,8,36,0,0,0,0,0,0,0,89,28,19,0,0,1,3,20,0,0,47,1,2,450,0,96,0,4,25,80,84,5,262,60,0,1,100,18,71,81,83,0,0,0,0,3,25,63,0,0,37,13,0,0,0,14,14,0,9,35,13,1100,0,74,76,1023,10,5,-19,0,0,95
45,0,0,0,0,10,Troy,Apke,96,85,0,2,12,93,0,7,8069,33,8069,91,28,0,0,85,1,0,0,64,0,0,90,0,9,1015,92,66,35,35,0,8,43,0,0,0,0,0,0,0,164,45,0,0,0,1,3,47,0,0,30,2,1,2,0,55,0,4,30,64,90,5,273,63,0,1,100,16,59,70,56,0,0,0,0,0,20,83,0,0,12,13,0,0,0,17,17,0,4,12,10,96,0,73,45,1023,45,5,-19,0,0,34
45,0,0,0,0,6,Brian,Allen,1290,87,0,315,15,63,0,7,8071,24,8071,62,28,0,0,91,1,0,0,30,0,0,56,0,11,1015,86,31,72,79,0,8,27,0,1,0,0,0,0,0,118,45,0,0,0,2,3,15,0,0,55,0,3,315,0,59,0,4,12,73,67,5,275,27,0,1,100,11,83,72,86,0,0,0,0,36,31,32,30,0,42,7,25,0,0,7,7,0,34,45,24,1290,1,74,143,1023,10,5,-19,0,0,362
45,4,4,4,4,6,Da`Shawn,Hand,0,73,0,0,16,79,0,5,8074,1009,8074,77,28,0,0,85,1,0,0,27,0,0,57,1,14,1009,82,84,45,45,0,8,17,0,0,0,0,0,0,0,3,40,0,0,0,0,3,60,0,0,93,1,0,0,0,0,0,4,22,71,77,5,278,28,0,1,100,33,89,73,65,7,7,7,7,7,36,34,16,25,32,9,24,30,0,11,11,10,8,33,30,0,0,75,137,1023,10,1,-19,0,0,518
45,0,0,0,0,6,Joel,Iyiegbuniwe,0,82,0,0,12,88,0,1,8075,33,8075,84,28,0,0,87,1,0,0,47,0,0,79,2,15,1009,88,81,45,45,0,8,37,0,0,0,0,0,0,0,245,45,0,0,0,0,3,38,0,0,52,1,0,0,0,64,0,4,24,66,84,5,281,64,0,1,100,14,67,68,59,0,0,0,0,0,24,61,0,0,0,12,0,0,0,13,13,0,1,21,10,0,0,73,72,1023,10,1,-19,0,0,118
45,7,7,7,7,6,Dorance,Armstrong,1063,82,0,300,12,80,0,4,8076,11,8076,77,26,0,0,93,0,0,0,34,0,0,81,1,16,1015,87,83,45,45,0,8,15,0,0,0,0,0,0,0,95,45,12,0,0,1,3,7,0,0,92,2,2,300,0,80,0,4,20,74,80,5,283,28,0,1,100,16,81,80,78,3,3,3,3,7,30,51,19,25,24,10,9,30,0,13,10,10,8,42,20,1063,0,76,95,1023,10,5,-19,0,0,498
45,0,0,0,0,6,Jordan,Whitehead,1445,94,0,596,11,88,0,1,8077,18,8077,85,26,0,0,84,0,0,0,72,0,0,81,2,17,1009,88,66,45,35,0,8,50,0,0,0,0,0,0,0,166,45,80,0,0,1,3,5,0,0,3,2,2,596,0,90,0,4,24,79,82,5,285,65,0,1,100,13,67,84,86,0,0,0,0,1,24,80,0,0,21,11,0,0,0,17,17,0,0,8,8,1445,0,70,38,1023,40,1,-19,0,0,148
45,0,0,0,0,36,Anthony,Averett,0,92,0,0,11,94,0,3,8078,33,8078,93,29,0,0,82,1,0,0,65,0,0,86,2,18,1009,84,47,35,35,0,7,53,0,0,0,0,0,0,0,3,30,0,0,0,0,3,5,0,0,29,2,0,0,0,66,0,4,45,75,78,5,287,62,0,1,100,10,58,79,78,0,0,0,0,2,18,91,0,0,19,10,0,0,0,16,16,0,5,4,1,0,0,71,25,1023,45,1,-19,0,0,235
45,0,0,0,0,5,Kyzir,White,1000,89,0,350,17,89,0,3,8079,7,8079,84,27,0,0,86,1,0,0,69,0,0,82,2,19,1009,89,85,45,45,0,8,46,0,0,0,0,0,0,0,254,45,11,0,0,2,3,31,0,0,7,0,2,350,0,87,0,4,23,75,85,5,288,60,0,1,100,18,67,84,82,0,0,0,0,1,24,77,0,0,21,8,0,0,0,15,18,0,4,13,6,1000,0,74,74,1023,35,0,-19,0,0,235
45,0,0,0,0,18,Will,Dissly,2394,85,0,930,14,80,0,5,8080,28,8080,80,27,0,0,85,1,0,0,84,0,0,78,0,20,1015,88,45,65,70,0,8,72,0,3,0,0,0,0,0,252,45,90,0,0,2,3,55,0,0,89,2,3,930,0,90,0,4,25,77,76,5,289,74,0,1,100,15,78,83,76,0,0,0,0,7,30,40,0,0,37,9,0,0,0,4,4,0,7,35,26,2394,0,76,105,1023,25,5,-19,0,0,258
45,0,0,0,0,6,Taron,Johnson,2630,95,0,400,11,93,0,4,8081,3,8081,91,27,0,0,78,1,0,0,71,0,0,84,2,21,1015,90,54,10,40,0,7,50,0,0,0,0,0,0,0,253,38,63,0,0,2,3,31,0,0,7,2,4,400,0,81,0,4,25,83,81,5,290,58,0,1,100,10,63,84,87,0,0,0,0,0,22,88,0,0,36,13,0,0,0,16,16,0,1,11,11,2630,0,71,32,1023,38,5,-19,0,0,42
45,0,0,0,0,6,Kenny,Young,0,90,0,0,10,88,0,3,8082,33,8082,84,29,0,0,84,1,0,0,57,0,0,75,1,22,1009,89,85,45,45,0,8,31,0,0,0,0,0,0,0,226,45,0,0,0,0,3,39,0,0,33,1,0,0,0,2,0,4,27,71,86,5,292,53,0,1,100,18,75,72,70,0,0,0,0,0,28,64,0,0,21,8,0,0,0,14,15,0,3,25,12,0,0,73,74,1023,10,1,-19,0,0,452
45,0,0,0,0,10,Durham,Smythe,1271,86,0,390,14,83,0,5,8083,12,8083,79,28,0,0,86,1,0,0,82,0,0,77,0,23,1015,90,28,59,61,0,7,62,0,2,0,0,0,0,0,152,45,0,0,0,3,3,62,0,0,81,2,3,390,0,82,0,4,25,68,76,5,293,75,0,1,100,19,75,72,71,0,0,0,0,7,28,61,0,0,32,11,0,0,0,4,4,0,8,25,21,1271,0,78,86,1023,10,5,-19,0,0,409
45,0,0,0,0,6,Armani,Watts,0,87,0,0,14,86,0,5,8084,33,8084,85,27,0,0,80,1,0,0,67,0,0,80,2,24,1009,88,69,35,35,0,7,46,0,0,0,0,0,0,0,215,45,0,0,0,0,3,27,0,0,33,2,0,0,0,76,0,4,25,64,84,5,294,64,0,1,100,19,52,67,58,0,0,0,0,1,16,76,0,0,20,12,0,0,0,17,17,0,0,4,11,0,0,71,45,1023,35,1,-19,0,0,148
45,0,0,0,0,6,Avonte,Maddox,1966,90,0,404,10,94,0,10,8085,13,8085,92,27,0,0,77,1,0,0,71,0,0,94,2,25,1015,83,59,35,40,0,7,48,0,0,0,0,0,0,0,166,30,42,0,0,2,3,27,0,0,29,2,4,404,0,87,0,4,27,79,88,5,300,62,0,1,100,19,55,81,75,0,0,0,0,3,18,98,0,0,56,7,0,0,0,16,16,0,2,5,9,1966,0,69,24,1023,74,5,-19,0,0,98
8,0,0,0,0,20,Ito,Smith,0,84,0,0,13,91,0,4,8086,33,8086,89,28,0,0,82,1,0,0,67,0,0,83,2,26,1009,88,28,51,30,0,7,75,0,0,0,0,0,0,0,194,23,0,0,0,0,3,9,0,0,25,1,0,0,0,96,0,4,28,65,86,5,304,83,0,1,100,18,73,75,61,0,0,0,0,5,27,71,0,0,45,8,0,0,0,1,1,0,4,10,7,0,0,69,35,1023,76,5,-19,0,0,498
45,0,0,0,0,6,Kentavius,Street,128,81,0,20,15,82,0,5,8088,13,8088,76,27,0,0,86,1,0,0,46,0,0,73,2,28,1009,89,81,45,45,0,8,26,0,0,0,0,0,0,0,138,40,100,0,0,1,3,24,0,0,97,2,1,20,0,8,0,4,26,69,79,5,307,49,0,1,100,16,89,76,61,0,0,0,0,9,34,39,20,0,29,9,22,0,0,12,10,0,32,29,24,128,0,74,127,1023,12,0,-19,0,0,98
3,0,0,0,0,6,Josh,Sweat,3147,81,0,800,12,90,0,4,8090,13,8090,85,26,0,0,84,0,0,0,50,0,0,83,2,30,1015,88,85,45,45,0,8,25,0,0,0,0,0,0,0,64,39,0,0,0,2,3,2,0,0,94,2,4,800,0,4,0,4,20,84,90,5,318,47,0,1,100,19,81,93,88,0,0,0,0,4,29,49,0,0,24,11,0,0,0,11,10,0,7,24,25,3147,0,77,105,1023,10,5,-19,0,0,472
45,0,0,0,0,16,Chase,Edmonds,109,85,0,15,12,92,0,0,8094,6,8094,89,27,0,0,84,1,0,0,74,0,0,89,2,34,1009,83,28,53,29,0,7,76,0,0,0,0,0,0,0,65,22,0,0,0,1,3,49,0,0,22,1,1,15,0,89,0,4,26,73,82,5,327,87,0,1,100,18,64,81,69,0,0,0,0,3,22,66,0,0,4,8,0,0,0,1,1,0,2,6,11,109,0,69,41,1023,70,0,-19,0,0,408
40,0,0,0,0,9,John,Franklin-Myer,5175,80,0,200,12,82,0,5,8095,18,8095,78,27,0,0,85,1,0,0,38,0,0,72,2,35,1009,91,91,45,45,0,8,24,0,0,0,0,0,0,0,181,3,0,0,0,3,3,29,0,0,91,2,5,200,0,65,0,4,20,83,80,5,328,26,0,1,100,16,90,90,87,0,0,0,0,4,35,29,20,0,27,7,23,0,0,11,10,0,9,40,26,5175,0,76,128,1023,10,4,-19,0,0,408
45,0,0,0,0,6,Marquis,Haynes Sr.,549,75,0,100,13,86,0,4,8096,21,8096,85,30,0,0,88,1,0,0,41,0,0,79,2,36,1015,91,80,45,45,0,8,20,0,0,0,0,0,0,0,159,39,0,0,0,1,3,5,0,0,98,2,2,100,0,88,0,4,26,71,78,5,329,43,0,1,100,17,76,75,68,0,0,0,0,0,28,60,0,0,27,12,0,0,0,13,11,0,8,18,12,549,2,74,75,1023,10,5,-19,0,0,195
45,7,7,7,7,10,Dalton,Schultz,284,93,0,112,14,84,0,7,8097,32,8097,81,27,0,0,86,1,0,0,89,0,0,80,0,37,1009,93,29,60,67,0,7,63,0,2,0,0,0,0,0,200,37,0,0,0,1,3,55,0,0,83,2,1,112,0,90,0,4,24,82,79,5,330,72,0,1,100,16,76,84,82,5,5,5,5,6,28,41,14,25,19,12,4,30,0,4,4,10,5,38,25,284,0,77,84,1023,38,0,-19,0,0,409
45,0,0,0,0,6,R. J.,McIntosh,0,70,0,0,13,72,0,1,8099,33,8099,70,27,0,0,85,1,0,0,30,0,0,63,2,2,1009,89,78,45,45,0,8,23,0,0,0,0,0,0,0,115,45,0,0,0,0,3,35,0,0,96,1,0,0,0,81,0,5,22,64,70,5,333,33,0,1,100,19,83,65,63,0,0,0,0,7,32,36,25,0,32,13,17,0,0,10,12,0,5,40,24,0,0,76,133,1023,10,1,-19,0,0,238
45,4,4,4,4,6,Maurice,Hurst,94,74,0,0,12,76,0,5,8100,5,8100,72,28,0,0,90,1,0,0,45,0,0,66,1,3,1009,76,83,45,45,0,8,23,0,0,0,0,0,2,2,117,45,42,0,0,1,3,60,0,0,90,1,1,0,0,0,0,5,12,73,76,5,339,31,0,1,100,14,91,79,70,7,7,7,7,10,36,44,15,25,24,9,17,30,0,12,12,10,27,36,29,94,0,74,131,1023,17,0,-19,0,0,14
45,0,0,0,0,10,D. J.,Reed,2825,95,0,945,10,92,0,4,8102,18,8102,90,27,0,0,75,1,0,0,75,0,0,88,2,5,1009,88,63,35,35,0,7,61,0,0,0,0,0,0,0,96,30,0,0,0,2,3,31,0,0,4,0,3,945,0,81,0,5,22,83,87,5,341,57,0,1,100,14,52,84,85,0,0,0,0,5,16,79,0,0,36,11,0,0,0,16,16,0,0,9,10,2825,0,69,28,1023,82,1,-19,0,0,42
41,0,0,0,0,5,Ja'Whaun,Bentley,747,91,0,160,14,83,0,7,8103,22,8103,83,27,0,0,86,1,0,0,60,0,0,79,2,6,1015,87,95,45,45,0,8,28,0,0,0,0,0,0,0,169,45,24,0,0,1,3,25,0,0,8,1,2,160,0,64,0,5,25,84,73,5,343,45,0,1,100,19,86,87,84,0,0,0,0,4,33,57,0,0,49,12,0,0,0,14,14,0,4,20,22,747,2,74,84,1023,10,5,-19,0,0,238
45,0,0,0,0,10,Justin,Watson,340,81,0,30,15,93,0,7,8104,9,8104,90,27,0,0,86,1,0,0,79,0,0,82,2,7,1009,87,30,39,50,0,8,70,0,0,0,0,0,0,0,163,45,23,0,0,2,3,28,0,0,84,2,2,30,0,0,0,5,26,71,92,5,345,76,0,1,100,17,69,68,69,0,0,0,0,0,24,78,0,0,33,12,0,0,0,3,3,0,1,10,6,340,0,74,55,1023,70,1,-19,0,0,258
45,0,0,0,0,6,Bilal,Nichols,1099,84,0,236,10,77,0,4,8105,23,8105,73,27,0,0,87,1,0,0,44,0,0,67,2,8,1009,91,82,45,45,0,8,22,0,0,0,0,0,0,0,49,40,33,0,0,1,3,72,0,0,91,1,2,236,0,51,0,5,23,73,75,5,346,42,0,1,100,17,87,79,76,0,0,0,0,7,34,30,21,0,21,7,25,0,0,12,12,0,7,38,30,1099,0,76,130,1023,10,1,-19,0,0,498
45,0,0,0,0,6,Tre,Flowers,109,89,0,15,10,93,0,1,8106,14,8106,91,28,0,0,87,1,0,0,67,0,0,82,2,9,1009,90,67,35,35,0,7,44,0,0,0,0,0,0,0,158,32,22,0,0,1,3,0,0,0,33,0,1,15,0,7,0,5,26,74,83,5,350,60,0,1,100,19,66,79,73,0,0,0,0,4,23,88,0,0,36,8,0,0,0,17,17,0,5,6,12,109,0,75,43,1023,35,0,-19,0,0,408
45,4,4,4,4,6,Micah,Kiser,0,83,0,0,16,87,1,4,8107,33,8107,83,28,0,1,88,1,0,0,50,0,0,81,2,10,1009,85,85,45,45,0,8,30,0,0,0,9,9,9,9,240,45,100,0,0,0,3,44,0,0,43,1,0,0,0,70,0,5,25,68,85,5,351,50,0,1,100,17,76,69,64,3,3,3,3,6,28,52,0,0,12,12,0,0,0,14,14,0,6,38,23,0,0,72,84,1023,10,1,-19,0,0,85
45,5,5,5,5,10,Marcus,Allen,0,80,0,0,10,91,2,10,8108,33,8108,86,27,0,1,81,1,0,0,57,0,0,79,2,11,1015,89,74,35,35,0,7,39,0,0,0,0,0,0,0,164,45,100,0,0,0,3,60,0,0,27,2,0,0,0,0,0,5,25,65,88,5,352,57,0,1,100,15,57,64,69,0,0,0,0,4,18,79,10,20,15,9,0,14,0,14,17,10,0,5,8,0,0,74,55,1023,10,4,-19,0,0,497
45,0,0,0,0,24,Michael,Dickson,1815,86,0,650,83,76,0,0,8109,28,8109,74,27,0,0,72,1,0,0,26,0,0,66,0,12,1015,90,30,17,16,0,7,12,0,0,0,0,0,0,0,214,45,73,0,0,3,3,4,0,0,4,0,5,650,0,88,0,5,36,77,31,5,356,38,0,1,100,95,47,79,62,0,0,0,0,0,14,85,0,0,27,13,0,0,0,20,20,0,0,5,11,1815,0,74,48,1023,10,5,-19,0,0,324
45,2,2,2,2,6,Genard,Avery,0,76,0,0,10,89,0,4,8110,33,8110,84,28,2,1,84,1,0,0,45,0,0,84,2,13,1009,86,77,45,45,0,8,24,0,0,0,0,0,0,0,114,39,0,0,0,0,3,37,0,0,92,2,0,0,0,76,0,5,22,69,86,5,357,54,0,1,100,12,82,75,65,2,2,2,2,5,31,65,0,0,11,11,0,0,1,13,14,0,2,27,24,0,0,72,90,1023,10,1,-19,0,0,345
45,0,0,0,0,6,Davontae,Harris,0,88,0,0,14,91,0,10,8111,33,8111,92,28,0,0,82,1,0,0,63,0,0,84,2,14,1009,83,53,35,35,0,8,52,0,0,0,0,0,0,0,85,45,0,0,0,0,3,27,0,0,38,0,0,0,0,87,0,5,28,66,79,5,359,61,0,1,100,18,64,72,66,0,0,0,0,5,22,65,0,0,56,10,0,0,0,16,16,0,5,11,7,0,0,71,40,1023,40,1,-19,0,0,98
45,0,0,0,0,6,Dane,Cruikshank,0,89,0,0,12,92,0,4,8112,33,8112,91,28,0,0,82,1,0,0,68,0,0,86,2,15,1009,85,66,35,35,0,8,68,0,0,0,0,0,0,0,8,45,61,0,0,0,3,34,0,0,29,2,0,0,0,97,0,5,27,69,91,5,360,67,0,1,100,18,74,72,57,0,0,0,0,0,27,65,0,0,30,7,0,0,0,17,16,0,3,7,5,0,0,73,49,1023,50,1,-19,0,0,15
45,0,0,0,0,6,Tyrell,Crosby,0,79,0,0,12,63,0,0,8113,33,8113,64,28,0,0,89,1,0,0,25,0,0,57,1,16,1015,82,54,74,73,0,8,11,0,0,0,0,0,0,0,160,45,0,0,0,0,3,45,0,0,65,0,0,0,0,86,0,5,15,69,74,5,361,40,0,1,100,17,85,68,77,0,0,0,0,17,34,44,15,0,30,13,21,0,0,9,5,0,26,33,24,0,0,76,155,1023,10,5,-19,0,0,482
45,0,0,0,0,6,Siran,Neal,900,86,0,159,15,87,0,10,8114,3,8114,87,29,0,0,92,1,0,0,67,0,0,82,2,17,1015,94,68,35,35,0,7,35,0,0,0,0,0,0,0,93,45,0,0,0,2,3,27,0,0,33,2,3,159,0,87,0,5,21,67,92,5,365,63,0,1,100,18,60,71,64,0,0,0,0,5,20,66,0,0,56,8,0,0,0,16,16,0,5,11,8,900,0,72,46,1023,25,5,-19,0,0,98
45,0,0,0,0,6,Scott,Quessenberry,300,82,0,25,12,73,0,4,8115,33,8115,68,28,0,0,86,1,0,0,27,0,0,66,0,18,1009,90,30,63,69,0,8,7,0,2,0,0,0,0,0,226,45,0,0,0,1,3,79,0,0,54,2,1,25,0,74,0,5,23,63,81,5,369,24,0,1,100,17,83,61,77,0,0,0,0,22,32,17,20,0,37,8,33,0,0,7,7,0,41,34,27,300,0,75,150,1023,10,1,-19,0,0,324
45,7,7,7,7,10,Troy,Fumagalli,0,79,0,0,13,79,0,4,8116,1009,8116,77,28,0,1,86,1,1,1,78,0,0,75,0,19,1009,76,20,54,57,0,7,64,0,2,0,5,5,5,5,258,45,0,0,0,0,3,25,1,0,88,1,0,0,0,88,0,5,27,62,81,5,372,77,0,1,100,18,68,62,58,5,5,5,5,5,24,41,0,0,29,9,0,0,0,4,4,0,4,44,24,0,1,77,87,1023,10,0,-19,0,0,95
45,0,0,0,0,15,Tyler,Conklin,1853,91,0,504,17,84,0,9,8117,18,8117,83,28,0,0,84,1,0,0,90,0,0,79,0,20,1009,94,28,57,62,0,7,72,0,4,0,0,0,0,0,33,37,0,0,0,2,3,55,0,0,83,1,3,504,0,90,0,5,30,78,90,5,373,74,0,1,100,19,66,83,80,0,0,0,0,6,23,43,0,0,37,11,0,0,0,4,4,0,5,18,20,1853,0,75,94,1023,10,1,-19,0,0,258
45,0,0,0,0,6,Andrew,Brown,101,70,0,0,10,75,0,0,8118,33,8118,70,28,0,0,76,1,0,0,29,0,0,69,2,21,1009,86,78,45,45,0,8,21,0,0,0,0,0,0,0,240,45,0,0,0,1,3,29,0,0,92,1,1,0,0,65,0,5,25,65,70,5,375,34,0,1,100,15,88,73,62,0,0,0,0,3,35,40,21,0,22,10,22,0,0,12,10,0,7,35,23,101,0,75,130,1023,10,1,-19,0,0,408
45,0,0,0,0,15,Daurice,Fountain,0,81,0,0,13,85,0,10,8119,1009,8119,87,28,0,0,82,1,0,0,79,0,0,83,2,22,1009,87,30,28,41,0,8,70,0,0,0,0,0,0,0,150,45,100,0,0,0,3,56,0,0,84,0,0,0,0,86,0,5,28,66,91,5,379,75,0,1,100,18,58,65,65,0,0,0,0,1,18,81,0,0,20,11,0,0,0,3,3,0,2,5,9,0,0,74,50,1023,55,1,-19,0,0,263
45,0,0,0,0,5,Ogbonnia,Okoronkwo,1164,74,0,330,10,85,0,7,8120,5,8120,81,28,0,0,85,1,0,0,41,0,0,79,2,23,1009,85,83,45,45,0,8,39,0,0,0,0,0,0,0,157,39,0,0,0,3,3,37,0,0,54,2,3,330,0,76,0,5,19,78,90,5,380,40,0,1,100,15,83,84,77,0,0,0,0,3,32,45,0,0,11,9,0,0,0,11,15,0,6,41,23,1164,0,74,93,1023,10,0,-19,0,0,345
45,0,0,0,0,6,Jermaine,Carter Jr,89,87,0,0,11,81,0,4,8121,33,8121,82,28,0,0,86,1,0,0,50,0,0,77,2,24,1009,95,75,45,45,0,8,15,0,0,0,0,0,0,0,111,45,0,0,0,1,3,25,0,0,40,1,1,0,0,64,0,5,30,68,83,5,381,53,0,1,100,16,75,62,65,0,0,0,0,1,28,59,0,0,49,10,0,0,0,14,14,0,2,17,14,94,2,72,65,1023,10,0,-19,0,0,238
45,0,0,0,0,6,Tim,Settle,701,74,0,270,15,68,0,4,8123,3,8123,65,26,0,0,89,0,0,0,26,0,0,57,0,26,1009,93,78,45,45,0,8,16,0,0,0,0,0,0,0,241,45,0,0,0,1,3,49,0,0,99,1,2,270,0,94,0,5,16,71,65,5,384,27,0,1,100,15,88,75,76,0,0,0,0,39,34,29,28,19,35,10,32,21,0,12,12,34,37,43,22,701,0,75,153,1023,10,1,-19,0,0,376
45,0,0,0,0,24,Wyatt,Teller,5715,92,0,560,12,64,0,9,8126,5,8126,64,29,0,0,90,1,0,0,36,0,0,68,0,29,3,91,50,80,87,0,8,28,0,4,0,0,0,0,0,241,45,0,0,0,3,3,23,0,0,77,0,5,560,0,88,0,5,40,86,72,5,398,40,0,1,100,18,93,85,92,0,0,0,0,10,36,39,22,0,29,12,24,0,0,8,6,0,19,35,25,5715,0,76,154,1023,10,4,-19,0,0,478
45,0,0,0,0,22,Daniel,Carlson,2178,83,0,400,91,77,0,7,8127,23,8127,73,28,0,0,61,1,0,0,31,0,0,61,0,30,1009,91,26,18,18,0,8,13,0,1,0,0,0,0,0,14,45,88,1,1,3,3,44,0,0,2,0,5,400,0,60,0,5,26,83,42,5,399,41,0,1,100,95,52,84,71,0,0,0,0,5,16,73,0,0,46,9,0,0,0,19,19,0,0,11,9,2178,0,77,55,1023,10,5,-19,0,0,133
45,2,2,2,2,6,Jamarco,Jones,426,82,0,74,12,54,0,4,8128,33,8128,55,27,0,0,94,1,0,0,20,0,0,51,2,31,1009,86,31,70,68,0,8,11,0,0,0,1,1,1,1,156,45,0,0,0,1,3,60,0,0,73,2,2,74,0,0,0,5,17,64,62,5,400,26,0,1,100,15,80,58,68,0,0,0,0,4,30,31,23,25,27,11,22,30,0,9,5,10,10,23,25,426,0,76,133,1023,11,1,-19,0,0,501
45,0,0,0,0,23,Jordan,Wilkins,0,84,0,0,14,91,0,7,8129,33,8129,87,29,0,0,82,1,0,0,66,0,0,90,2,32,1009,83,28,52,29,0,7,78,0,0,0,0,0,0,0,159,22,0,0,0,0,3,41,0,0,29,1,0,0,0,59,0,5,32,68,87,5,401,85,0,1,100,19,65,78,64,0,0,0,0,3,22,80,0,0,42,7,0,0,0,1,1,0,3,8,7,0,0,73,57,1023,50,1,-19,0,0,488
45,0,0,0,0,6,Darius,Phillips,145,88,0,20,13,91,0,4,8130,33,8130,92,28,0,0,83,1,0,0,73,0,0,87,2,33,1009,85,48,35,40,0,8,55,0,0,0,0,0,0,0,246,30,0,0,0,1,3,34,0,0,20,2,1,0,0,97,0,5,25,73,79,5,403,51,0,1,100,17,47,78,75,0,0,0,0,3,14,78,0,0,30,12,0,0,0,16,16,0,4,11,9,94,0,70,30,1023,85,0,-19,0,0,15
45,0,0,0,0,81,Mike,White,800,74,0,342,15,75,0,7,8131,12,8131,70,28,0,0,96,1,0,0,31,0,0,71,0,34,1009,92,26,19,22,0,8,32,0,2,0,8,8,8,8,245,45,0,0,0,2,3,55,0,0,14,1,2,342,0,83,0,5,86,67,68,5,405,57,0,1,100,18,54,71,71,0,0,0,0,1,17,67,10,24,15,7,0,29,0,0,0,10,2,11,8,800,0,77,58,1023,10,0,-19,0,0,394
45,0,0,0,0,27,J.K.,Scott,400,89,0,82,76,80,0,7,8132,8,8132,77,28,0,0,67,1,0,0,21,0,0,70,0,35,1009,91,30,18,17,0,7,9,0,2,0,0,0,0,0,3,45,71,0,0,2,3,1,0,0,16,0,2,82,0,94,0,5,41,75,75,5,407,36,0,1,100,95,51,76,61,0,0,0,0,3,16,84,0,0,28,11,0,0,0,20,20,0,5,7,5,400,0,77,48,1023,10,1,-19,0,0,95
45,0,0,0,0,15,Marquez,V-Scantling,2988,83,0,600,19,93,0,5,8134,9,8134,94,29,0,0,78,1,0,0,82,0,0,87,2,37,1009,87,29,32,53,0,8,70,0,0,0,0,0,0,0,232,36,39,0,0,2,3,21,0,0,11,2,3,600,0,66,0,5,24,78,79,5,409,74,0,1,100,15,63,75,80,0,0,0,0,4,22,76,0,0,29,11,0,0,0,3,3,0,4,13,11,2988,0,76,46,1023,75,1,-19,0,0,385
45,0,0,0,0,30,John,Kelly,101,81,0,0,14,90,0,0,8136,33,8136,85,27,0,0,82,1,0,0,66,0,0,82,2,2,1009,88,33,41,34,0,8,79,0,0,0,0,0,0,0,211,45,100,0,0,1,3,40,0,0,41,0,1,0,0,81,0,6,35,65,84,5,417,82,0,1,100,20,75,76,65,0,0,0,0,4,28,85,0,0,30,8,0,0,0,1,1,0,5,8,7,101,0,70,48,1023,45,3,-19,0,0,235
45,0,0,0,0,6,Parry,Nickerson,0,87,0,0,15,94,0,10,8139,12,8139,91,29,0,0,75,1,0,0,75,0,0,86,2,5,1009,80,45,35,35,0,8,52,0,0,0,0,0,0,0,221,30,42,0,0,1,3,41,0,0,49,2,1,0,0,70,0,6,25,68,81,5,426,67,0,1,100,15,55,72,58,0,0,0,0,4,18,93,0,0,47,8,0,0,0,16,16,0,2,8,9,94,0,70,22,1023,46,0,-19,0,0,15
45,0,0,0,0,6,Foley,Fatukasi,2541,78,0,999,15,72,0,7,8140,17,8140,62,28,0,0,89,1,0,0,23,0,0,68,2,6,1009,88,77,45,45,0,8,10,0,0,0,0,0,0,0,227,40,0,0,0,2,3,64,0,0,94,1,3,999,0,85,0,6,20,73,74,5,427,26,0,1,100,10,91,75,86,0,0,0,0,8,35,38,25,0,23,7,17,0,0,10,12,0,22,37,22,2541,0,76,158,1023,10,1,-19,0,0,424
45,0,0,0,0,6,Marcell,Harris,0,88,0,0,14,88,0,10,8144,33,8144,85,29,0,0,80,1,0,0,61,0,0,81,2,10,1009,87,72,35,35,0,8,40,0,0,0,0,0,0,0,62,45,100,0,0,0,3,7,0,0,36,2,0,0,0,75,0,6,35,67,81,5,438,60,0,1,100,17,61,71,69,0,0,0,0,5,20,73,0,0,52,8,0,0,0,15,18,0,5,11,5,0,0,72,48,1023,45,1,-19,0,0,488
45,2,2,2,2,25,Deon,Cain,0,82,0,0,13,91,2,3,8145,33,8145,91,27,0,1,88,1,0,0,76,0,0,90,2,11,1009,87,46,44,54,0,8,72,0,0,0,4,4,4,4,38,45,0,0,0,0,3,21,0,0,85,2,0,0,0,66,0,6,45,68,81,5,439,75,0,1,100,17,57,61,55,5,5,5,5,5,15,69,0,0,29,13,0,0,1,3,3,0,5,8,6,0,0,74,42,1023,50,2,-19,0,0,385
45,0,0,0,0,6,Jacob,Martin,889,82,0,0,11,85,0,0,8146,10,8146,86,28,0,0,84,1,0,0,48,0,0,82,2,12,1009,90,74,45,45,0,8,22,0,0,0,0,0,0,0,208,39,0,0,0,1,3,48,0,0,92,2,1,0,0,68,0,6,23,71,83,5,440,50,0,1,100,17,77,79,73,0,0,0,0,5,28,61,0,0,42,13,0,0,0,11,15,0,4,43,21,94,0,74,82,1023,10,0,-19,0,0,1
45,2,2,2,2,10,Ray-Ray,McCloud III,400,83,0,174,13,92,0,10,8147,15,8147,90,27,0,1,84,1,0,0,82,0,0,87,1,13,1009,91,34,32,50,0,8,75,0,0,0,0,0,0,0,38,45,0,0,0,1,3,32,0,0,3,2,2,174,0,77,0,6,22,73,83,5,442,66,0,1,100,19,51,71,74,6,6,6,6,5,16,75,0,0,38,12,0,0,0,3,3,0,3,7,11,400,0,69,30,1023,81,1,-19,0,0,2
45,0,0,0,0,6,DeShon,Elliott,177,88,0,69,17,90,0,0,8150,12,8150,87,26,0,0,85,0,0,0,75,0,0,79,2,16,1009,86,74,35,35,0,8,41,0,0,0,0,0,0,0,214,45,0,0,0,1,3,22,0,0,21,0,1,69,0,91,0,6,24,79,86,5,446,66,0,1,100,18,57,84,84,0,0,0,0,0,18,63,0,0,24,10,0,0,0,18,17,0,5,11,9,177,0,73,50,1023,35,0,-19,0,0,195
45,7,7,7,7,40,Chris,Covington,0,87,0,0,12,88,0,4,8153,33,8153,81,27,0,0,80,1,0,0,54,0,0,82,2,19,1009,88,81,45,45,0,8,32,0,0,0,0,0,0,0,86,45,100,0,0,1,3,39,0,0,59,2,1,0,0,2,0,6,50,69,81,5,454,59,0,1,100,18,75,69,55,0,0,0,0,3,29,63,17,25,22,13,7,30,1,15,13,10,5,39,25,0,0,74,85,1023,10,0,-19,0,0,74
45,0,0,0,0,38,Russell,Gage Jr,2344,86,0,648,12,92,0,3,8154,33,8154,90,27,0,0,90,1,0,0,86,0,0,84,1,20,1009,92,58,30,52,0,8,76,0,0,0,0,0,0,0,106,36,0,0,0,2,3,24,0,0,3,2,3,648,0,7,0,6,59,76,92,5,455,71,0,1,100,16,60,77,81,0,0,0,0,4,20,82,0,0,2,9,0,0,0,3,3,0,0,0,2,2344,1,72,25,1023,33,1,-19,0,0,452
45,0,0,0,0,6,Sebastian,Joseph,2400,79,0,750,6,80,0,3,8155,8,8155,73,28,0,0,88,1,0,0,21,0,0,69,1,21,1009,88,86,45,45,0,8,16,0,0,0,0,0,0,0,175,40,0,0,0,2,3,81,0,0,51,1,3,750,0,91,0,6,10,75,77,5,458,24,0,1,100,8,86,82,80,0,0,0,0,6,33,44,15,0,21,10,22,0,0,11,12,0,4,41,23,2400,0,76,150,1023,10,1,-19,0,0,238
45,0,0,0,0,25,Tremon,Smith,500,88,0,140,13,94,0,10,8156,4,8156,92,27,0,0,80,1,0,0,78,0,0,84,2,22,1009,90,51,37,34,0,8,57,0,0,0,0,0,0,0,288,30,0,0,0,2,3,43,0,0,23,2,2,140,0,58,0,6,47,69,82,5,459,76,0,1,100,17,58,78,68,0,0,0,0,5,19,84,0,0,30,13,0,0,0,16,16,0,2,7,10,500,0,71,30,1023,88,0,-19,0,0,433
45,0,0,0,0,73,Luke,Falk,0,91,0,0,19,80,0,7,8159,33,8159,77,29,0,0,70,1,0,0,22,0,0,65,0,25,1009,85,33,16,18,0,7,30,0,0,0,0,0,0,0,251,45,100,0,0,0,3,42,0,0,8,1,0,0,0,73,0,6,80,57,67,5,462,65,0,1,100,26,53,57,53,0,0,0,0,0,16,74,0,0,46,11,0,0,0,0,0,0,5,9,9,0,0,76,55,1023,24,3,-19,0,0,41
45,0,0,0,0,10,Foyesade,Oluokun,3724,94,0,1248,14,89,0,5,8160,17,8160,88,28,0,0,86,1,0,0,71,0,0,85,1,26,1009,89,93,35,35,0,8,26,0,0,0,0,0,0,0,261,41,13,0,0,2,3,35,0,0,23,2,3,1248,0,85,0,6,28,84,88,5,463,62,0,1,100,20,69,87,86,0,0,0,0,5,24,81,0,0,19,12,0,0,0,14,14,0,5,11,6,3724,0,74,69,1023,40,1,-19,0,0,234
45,0,0,0,0,17,Boston,Scott,198,83,0,0,11,88,0,3,8161,13,8161,89,28,0,0,82,1,0,0,70,0,0,90,2,27,1009,91,26,54,28,0,8,75,0,0,0,0,0,0,0,101,45,100,0,0,1,3,39,0,0,35,1,1,0,0,61,0,6,22,74,91,5,466,84,0,1,100,14,68,79,72,0,0,0,0,2,24,81,0,0,16,11,0,0,0,1,1,0,1,5,8,198,1,66,43,1023,83,4,-19,0,0,408
45,0,0,0,0,26,Trenton,Cannon,0,79,0,0,13,94,0,0,8164,33,8164,92,29,0,0,70,1,0,0,62,0,0,87,2,30,1009,83,34,39,27,0,8,70,0,0,0,0,0,0,0,442,23,3,0,0,0,3,9,0,0,23,1,0,0,0,57,0,6,37,68,87,5,471,81,0,1,100,18,61,73,58,0,0,0,0,3,20,91,0,0,26,8,0,0,0,1,1,0,2,10,8,0,0,71,25,1023,83,1,-19,0,0,385
45,0,0,0,0,6,Matt,Pryor,99,81,0,0,13,51,0,0,8166,15,8166,52,29,0,0,85,1,0,0,23,0,0,58,1,32,1009,87,27,68,75,0,8,18,0,0,0,0,0,0,0,207,45,0,0,0,1,3,45,0,0,75,0,1,0,0,86,0,6,19,65,63,5,474,21,0,1,100,17,86,63,73,0,0,0,0,7,33,28,19,0,34,13,17,0,0,9,5,0,26,38,24,99,0,79,172,1023,10,0,-19,0,0,482
45,0,0,0,0,10,Equanimeous,St. Brown,116,82,0,8,13,92,0,0,8167,1,8167,90,27,0,0,89,1,0,0,81,0,0,86,1,33,1009,88,27,39,57,0,7,71,0,0,0,0,0,0,0,152,45,100,0,0,1,3,75,0,0,19,2,1,8,0,75,0,6,26,71,83,5,478,72,0,1,100,19,67,71,74,0,0,0,0,0,24,85,0,0,45,10,0,0,0,3,3,0,4,11,8,116,0,77,54,1023,43,1,-19,0,0,99
45,3,3,3,3,50,Cedrick,Wilson,2205,84,0,273,11,91,0,4,8168,12,8168,89,28,0,0,81,1,0,0,85,0,0,86,1,34,1009,88,28,29,42,0,7,70,0,0,0,0,0,0,0,19,45,100,0,0,2,3,21,0,0,11,2,3,273,0,66,0,6,68,75,88,5,479,71,0,1,100,16,51,74,77,0,0,0,0,1,16,88,10,17,15,7,0,22,1,3,3,10,1,5,9,2205,0,74,37,1023,78,1,-19,0,0,498
45,0,0,0,0,6,Cornell,Armstrong,109,88,0,15,11,92,0,3,8169,33,8169,89,28,0,0,75,1,0,0,64,0,0,82,2,35,1009,86,62,35,35,0,7,48,0,0,0,0,0,0,0,194,45,0,0,0,1,3,41,0,0,22,2,1,15,0,70,0,6,21,66,88,5,480,59,0,1,100,14,62,71,62,0,0,0,0,0,20,94,0,0,47,13,0,0,0,16,16,0,4,2,3,109,0,72,25,1023,42,2,-19,0,0,15
11,0,0,0,0,10,Braxton,Berrios,350,86,0,150,13,91,0,0,8170,12,8170,92,28,0,0,77,1,0,0,84,0,0,91,0,36,1009,89,25,34,39,0,8,71,0,0,0,0,0,0,0,115,36,0,0,0,1,3,28,0,0,0,2,1,150,0,0,0,6,19,73,86,5,484,72,0,1,100,18,55,73,72,0,0,0,0,4,16,84,0,0,33,8,0,0,0,3,3,0,0,6,5,350,0,69,30,1023,85,0,-19,0,0,258
45,0,0,0,0,10,Jordan,Thomas,0,79,0,0,14,84,0,3,8171,1009,8171,80,27,0,0,82,1,0,0,79,0,0,74,2,37,1009,87,23,56,53,0,7,62,0,0,0,0,0,0,0,121,45,100,0,0,0,3,36,0,0,48,1,0,0,0,71,0,6,19,65,75,5,486,72,0,1,100,17,67,62,63,0,0,0,0,6,22,53,0,0,20,12,0,0,0,4,4,0,4,28,26,0,0,77,117,1023,10,0,-19,0,0,105
45,0,0,0,0,6,Greg,Senat,89,83,0,0,12,67,0,4,8172,33,8172,59,29,0,0,88,1,0,0,36,0,0,70,2,38,1009,88,22,68,62,0,8,27,0,0,0,0,0,0,0,248,45,0,0,0,1,3,45,0,0,64,2,1,0,0,86,0,6,21,57,66,5,488,30,0,1,100,18,77,51,58,0,0,0,0,3,27,33,22,0,23,11,15,0,0,5,5,0,5,42,26,94,0,78,145,1023,10,1,-19,0,0,482
45,0,0,0,0,6,Colby,Gossett,96,80,0,0,10,63,0,0,8173,33,8173,64,28,0,0,87,1,0,0,25,0,0,63,0,39,1009,88,29,68,70,0,8,25,0,0,0,0,0,0,0,7,45,100,0,0,1,3,50,0,0,72,2,1,0,0,97,0,6,19,64,64,5,491,24,0,1,100,17,87,60,64,0,0,0,0,15,34,43,15,0,23,12,25,0,0,6,8,0,27,24,29,94,0,77,151,1023,10,0,-19,0,0,132
45,0,0,0,0,6,Bradley,Bozeman,1800,88,0,492,16,58,0,5,8175,21,8175,58,29,0,0,90,1,3,3,12,0,0,53,0,41,1009,95,20,73,77,0,8,14,0,4,0,0,0,0,0,3,45,0,0,0,3,3,40,0,0,56,0,3,492,0,92,0,6,17,72,62,5,495,20,0,1,100,19,85,70,83,0,0,0,0,12,32,39,17,0,25,13,20,0,0,7,7,0,25,42,23,1800,0,77,165,1023,10,1,-19,0,0,258
45,0,0,0,0,62,Danny,Etling,75,73,0,0,14,86,0,0,8179,33,8179,80,29,0,0,91,1,0,0,70,0,0,80,0,1,1009,91,28,27,29,0,8,55,0,0,0,0,0,0,0,106,45,100,0,0,1,3,7,0,0,19,2,1,0,0,61,0,7,84,48,75,5,504,64,0,1,100,22,53,56,56,0,0,0,0,5,17,68,0,0,65,13,0,0,0,0,0,0,9,30,14,75,0,75,60,1023,10,1,-19,0,0,422
45,0,0,0,0,68,Alex,McGough,0,70,0,0,12,86,0,7,8180,1009,8180,82,28,0,0,80,1,0,0,20,0,0,76,0,2,1009,92,24,15,12,0,7,45,0,4,0,7,7,7,7,297,45,0,0,0,0,3,44,0,0,2,1,0,0,0,9,0,7,81,51,79,5,507,49,0,1,100,17,55,57,53,1,1,2,2,4,18,84,0,0,86,13,0,0,0,0,0,0,4,10,7,0,0,75,54,1023,10,3,-19,0,0,260
45,0,0,0,0,6,Matthew,Adams,109,79,0,15,14,87,0,4,8181,5,8181,85,28,0,0,82,1,0,0,53,0,0,79,2,3,1009,88,81,45,45,0,8,23,0,0,0,0,0,0,0,80,45,85,0,0,1,3,37,0,0,40,1,1,15,0,81,0,7,23,70,81,5,508,46,0,1,100,18,79,80,73,0,0,0,0,4,30,52,0,0,1,13,0,0,0,15,15,0,2,22,12,109,0,72,70,1023,10,0,-19,0,0,424
45,0,0,0,0,15,Javon,Wims,213,82,0,0,15,89,0,10,8184,33,8184,87,29,0,0,84,1,0,0,80,0,0,83,2,6,1009,89,28,33,56,0,8,74,0,0,0,0,0,0,0,70,45,0,0,0,2,3,45,0,0,84,2,2,0,0,68,0,7,22,68,82,5,519,75,0,1,100,19,66,66,68,0,0,0,0,0,23,65,0,0,49,12,0,0,0,3,3,0,4,34,14,213,0,75,55,1023,60,1,-19,0,0,366
45,0,0,0,0,15,Marcell,Ateman,0,82,0,0,15,86,0,0,8188,1009,8188,85,29,0,0,82,1,0,0,82,0,0,81,1,10,1009,88,29,51,51,0,7,70,0,0,0,0,0,0,0,158,45,100,0,0,0,3,24,0,0,15,2,0,0,0,7,0,7,25,68,84,5,527,76,0,1,100,19,67,65,65,0,0,0,0,1,24,68,0,0,2,10,0,0,0,3,3,0,3,6,12,0,1,76,55,1023,43,2,-19,0,0,452
45,0,0,0,0,20,Jason,Sanders,2292,81,0,240,75,80,0,4,8189,12,8189,75,28,0,0,53,1,0,0,46,0,0,59,0,11,1015,83,27,17,17,0,8,5,0,4,0,0,0,0,0,145,45,46,0,0,4,3,14,0,0,7,0,6,240,0,90,0,7,26,72,31,5,532,28,0,1,100,92,37,74,60,0,0,0,0,3,8,80,0,0,45,7,0,0,0,19,19,0,2,12,9,2292,0,71,30,1023,10,5,-19,0,0,56
45,0,0,0,0,6,Leon,Jacobs,0,81,0,0,14,88,0,5,8190,33,8190,87,28,0,0,87,1,0,0,58,0,0,78,2,12,1009,85,82,45,45,0,8,24,0,0,0,0,0,0,0,258,42,61,0,0,0,3,48,0,0,48,1,0,0,0,68,0,7,23,67,83,5,534,51,0,1,100,18,81,73,59,0,0,0,0,4,30,67,0,0,42,12,0,0,0,13,15,0,9,21,24,0,0,74,86,1023,25,4,-19,0,0,1
45,0,0,0,0,6,Travin,Howard,0,82,0,0,12,89,0,0,8191,33,8191,86,27,0,0,80,1,0,0,63,0,0,80,2,13,1009,85,79,45,45,0,8,24,0,0,0,0,0,0,0,207,42,0,0,0,1,3,48,0,0,32,2,1,0,0,68,0,7,15,65,85,5,537,60,0,1,100,14,67,67,67,0,0,0,0,5,24,88,0,0,42,12,0,0,0,14,15,0,1,6,10,94,0,73,59,1023,10,0,-19,0,0,1
45,0,0,0,0,6,Jordan,Mailata,5809,94,0,1000,13,62,0,0,8193,13,8193,70,26,0,0,93,0,0,0,57,0,0,69,1,15,1015,88,52,86,91,0,8,44,0,0,0,0,0,0,0,264,26,0,0,0,3,3,45,0,0,68,0,5,1000,0,86,0,7,39,87,75,5,540,64,0,1,100,18,89,86,92,0,0,0,0,50,34,6,27,0,36,7,30,0,0,5,5,0,30,28,26,5809,0,80,205,1023,10,5,-19,0,0,304
45,4,4,4,4,6,Andre,Smith,0,79,0,0,12,88,0,3,8194,33,8194,85,26,0,1,81,0,3,3,59,0,0,73,2,16,1009,86,82,45,45,0,8,31,0,0,0,4,4,4,4,135,45,0,0,0,0,3,34,0,0,54,1,0,0,0,85,0,7,30,63,79,5,545,51,0,1,100,16,72,69,55,5,5,5,5,4,26,65,0,0,45,11,0,0,1,15,14,0,9,25,12,0,0,72,80,1023,10,1,-19,0,0,209
45,0,0,0,0,6,Zaire,Franklin,1000,92,0,0,20,90,0,4,8195,10,8195,84,27,0,0,89,1,0,0,61,0,0,81,1,17,1015,93,83,45,45,0,8,21,0,0,0,0,0,0,0,205,45,0,0,0,2,3,39,0,0,44,1,3,0,0,2,0,7,22,73,88,5,546,52,0,1,100,20,80,81,72,0,0,0,0,5,30,54,0,0,21,13,0,0,0,15,15,0,8,21,10,1000,0,72,75,1023,10,5,-19,0,0,452
45,0,0,0,0,40,Nick,Bawden,109,79,0,15,13,86,0,9,8197,18,8197,80,27,0,0,88,1,0,0,64,0,0,77,0,19,1009,88,37,64,66,0,8,32,0,2,0,0,0,0,0,180,45,0,0,0,1,3,32,0,0,48,0,1,15,0,70,0,7,54,65,83,5,551,72,0,1,100,18,80,60,62,0,0,0,0,3,30,50,0,0,50,8,0,0,0,2,2,0,3,28,24,109,0,74,85,1023,30,2,-19,0,0,242
45,0,0,0,0,6,Zach,Sieler,941,82,0,100,12,75,0,0,8198,12,8198,77,28,0,0,88,1,0,0,26,0,0,72,2,20,1009,89,86,45,45,0,8,23,0,0,0,0,0,0,0,296,40,100,0,0,4,3,2,0,0,92,2,4,800,0,4,0,7,22,79,72,5,554,29,0,1,100,15,89,82,80,0,0,0,0,7,34,41,25,0,25,11,22,0,0,11,11,0,7,40,22,3396,0,78,145,1023,10,4,-19,0,0,242
45,0,0,0,0,18,Hunter,Bradley,0,76,0,0,16,78,0,0,8199,33,8199,79,29,0,0,83,1,0,0,45,0,0,69,0,21,1015,90,64,52,51,0,8,18,0,0,0,0,0,0,0,121,45,0,0,0,0,3,38,0,0,43,0,0,0,0,94,0,7,28,27,72,5,555,49,0,1,100,22,69,40,61,0,0,0,0,5,23,52,23,0,36,11,27,0,0,7,4,0,8,35,20,0,0,75,81,1023,15,4,-19,0,0,351
45,0,0,0,0,34,Richie,James Jr,109,82,0,15,11,92,0,10,8200,9,8200,90,28,0,0,76,1,0,0,87,0,0,88,2,22,1009,86,27,34,52,0,8,74,0,0,0,0,0,0,0,119,45,57,0,0,1,3,46,0,0,17,2,1,15,0,86,0,7,46,76,84,5,556,73,0,1,100,16,44,74,74,0,0,0,0,5,12,83,0,0,69,7,0,0,0,3,3,0,3,3,9,109,0,69,25,1023,85,0,-19,0,0,345
45,0,0,0,0,6,Greg,Stroman,0,87,0,0,34,90,0,4,8201,1009,8201,88,27,0,0,74,1,2,2,73,0,0,82,2,23,1009,85,48,35,35,0,7,56,0,0,0,0,0,0,0,241,45,0,0,0,0,3,27,0,0,27,0,0,0,0,87,0,7,24,67,82,5,557,67,0,1,100,39,55,75,71,0,0,0,0,3,18,80,0,0,56,10,0,0,0,16,16,0,5,8,4,0,0,71,22,1023,83,1,-19,0,0,98
45,0,0,0,0,31,Keion,Crossen,945,87,0,0,12,91,0,0,8203,33,8203,94,27,0,0,80,1,0,0,55,0,0,92,2,25,1009,89,57,35,35,0,8,47,0,0,0,0,0,0,0,243,45,0,0,0,2,3,7,0,0,27,2,3,0,0,71,0,7,52,71,93,5,563,55,0,1,100,17,55,72,64,0,0,0,0,0,18,95,0,0,11,11,0,0,0,16,16,0,1,9,5,945,0,70,35,1023,40,1,-19,0,0,280
45,0,0,0,0,6,Will,Clapp,104,83,0,10,14,62,0,7,8205,8,8205,58,28,0,0,90,1,0,0,24,0,0,54,0,27,1009,85,26,72,64,0,8,14,0,2,0,0,0,0,0,106,45,0,0,0,1,3,41,0,0,76,2,1,10,0,87,0,7,14,62,72,5,568,29,0,1,100,19,80,59,72,0,0,0,0,13,30,32,20,0,24,13,16,0,0,7,7,0,22,44,22,104,0,77,151,1023,10,1,-19,0,0,8
45,0,0,0,0,20,Logan,Cooke,1293,86,0,300,90,65,0,7,8207,17,8207,65,28,0,0,71,1,0,0,39,0,0,51,0,29,1015,87,33,21,21,0,7,20,0,4,0,0,0,0,0,121,45,93,0,0,3,3,48,0,0,9,0,5,300,0,79,0,7,43,81,61,5,572,41,0,1,100,96,56,83,67,0,0,0,0,1,18,76,0,0,25,7,0,0,0,20,20,0,4,24,14,1293,0,77,70,1023,10,5,-19,0,0,324
45,0,0,0,0,69,Logan,Woodside,190,74,0,0,13,79,0,0,8209,14,8209,78,28,0,0,87,1,0,0,21,0,0,80,0,31,1009,89,30,12,18,0,7,40,0,0,0,0,0,0,0,218,45,100,0,0,1,3,42,0,0,11,2,2,0,0,73,0,7,77,51,77,5,574,63,0,1,100,18,58,59,62,0,0,0,0,3,19,82,0,0,46,10,0,0,0,0,0,0,4,10,5,190,0,73,53,1023,10,5,-19,0,0,41
45,5,5,5,5,23,Justin,Jackson,0,84,0,0,14,91,3,3,8211,33,8211,89,27,0,0,87,1,0,0,66,0,0,89,2,33,1009,90,42,52,29,0,8,73,0,0,0,0,0,0,0,151,45,0,0,0,0,3,7,0,0,42,1,0,0,0,76,0,7,30,73,91,5,578,83,0,1,100,19,62,77,71,7,7,7,7,2,21,74,0,0,43,10,0,0,2,1,1,0,2,8,10,0,0,72,40,1023,77,1,-19,0,0,148
45,0,0,0,0,15,Auden,Tate,94,83,0,0,12,86,0,0,8213,33,8213,85,26,0,0,87,0,0,0,81,0,0,77,2,35,1009,85,31,25,56,0,7,77,0,0,0,0,0,0,0,64,45,0,0,0,1,3,16,0,0,89,0,1,0,0,52,0,7,30,70,93,5,585,75,0,1,100,17,68,64,64,0,0,0,0,4,25,70,0,0,25,11,0,0,0,3,3,0,10,15,11,94,0,77,68,1023,50,1,-19,0,0,424
45,0,0,0,0,6,Korey,Cunningham,94,81,0,0,10,74,0,5,8214,33,8214,75,28,0,0,87,1,0,0,22,0,0,64,1,36,1009,87,24,63,58,0,8,6,0,0,0,0,0,0,0,36,45,0,0,0,1,3,45,0,0,70,2,1,0,0,86,0,7,30,55,85,5,586,26,0,1,100,14,83,51,59,0,0,0,0,12,32,42,23,0,33,13,24,0,0,9,5,0,16,30,24,94,0,78,151,1023,10,2,-19,0,0,482
45,0,0,0,0,6,Coleman,Shelton,475,82,0,50,22,72,0,0,8224,24,8224,66,28,0,0,84,1,0,0,31,0,0,65,0,63,1009,87,33,71,70,0,8,5,0,0,0,0,0,0,0,252,45,0,0,0,2,3,65,0,0,65,2,2,50,0,4,0,15,26,67,69,5,658,39,0,1,100,22,83,67,80,0,0,0,0,5,30,34,17,0,35,13,17,0,0,8,7,0,10,41,23,475,0,76,139,1023,10,4,-19,0,0,168
45,0,0,0,0,6,Godwin,Igwebuike,0,81,0,0,13,91,0,0,8234,1009,8234,89,29,0,0,89,1,0,0,62,0,0,92,1,63,1009,91,66,45,24,0,7,69,0,0,0,0,0,0,0,151,45,0,0,0,0,3,49,0,0,42,2,0,0,0,53,0,15,22,64,85,5,771,82,0,1,100,19,66,73,62,0,0,0,0,0,23,74,0,0,61,13,0,0,0,1,17,0,2,13,5,0,0,71,52,1023,78,2,-19,0,0,509
2,0,0,0,0,30,Michael,Badgley,0,84,0,0,75,75,0,0,8237,1009,8237,73,28,0,0,60,1,0,0,35,0,0,59,0,63,1009,89,29,17,12,0,7,5,0,0,0,0,0,0,0,115,45,69,0,0,0,3,14,0,0,17,0,0,15,0,90,0,15,26,72,65,5,872,33,0,1,100,95,36,73,57,0,0,0,0,5,8,81,0,0,45,9,0,0,0,19,19,0,0,8,9,0,0,70,23,1023,10,1,-19,0,0,56
45,0,0,0,0,6,Justin,Zimmer,0,73,0,0,12,78,0,7,8240,33,8240,73,31,0,0,86,1,0,0,33,0,0,78,0,63,1009,89,79,45,45,0,8,19,0,0,0,0,0,0,0,296,39,100,0,0,0,3,49,0,0,96,1,0,0,0,94,0,15,19,70,78,7,932,28,0,1,100,14,90,78,67,0,0,0,0,26,35,26,21,0,38,10,31,0,0,12,12,0,30,41,28,0,0,75,140,1023,10,1,-19,0,0,160
45,0,0,0,0,6,Jamal,Perry,0,87,0,0,18,93,0,0,8253,33,8253,92,29,0,0,79,1,0,0,65,0,0,87,2,63,1009,88,63,35,35,0,8,58,0,0,0,0,0,0,0,90,45,0,0,0,0,3,7,0,0,33,2,0,0,0,71,0,15,31,68,89,6,1195,57,0,1,100,19,57,72,58,0,0,0,0,0,18,84,0,0,11,12,0,0,0,16,16,0,4,2,8,0,0,70,22,1023,40,4,-19,0,0,280
45,0,0,0,0,6,Austin,Calitro,0,84,0,0,16,84,0,0,8278,33,8278,82,29,0,0,81,1,0,0,59,0,0,81,2,63,1009,86,82,45,45,0,8,27,0,0,0,0,0,0,0,239,45,0,0,0,0,3,34,0,0,53,1,0,0,0,85,0,15,36,67,82,6,601,57,0,1,100,10,74,65,62,0,0,0,0,0,27,70,0,0,45,8,0,0,0,14,14,0,0,28,10,0,0,72,80,1023,10,1,-19,0,0,304
45,0,0,0,0,6,Christian,Kuntz,94,75,0,0,20,85,0,0,8283,29,8283,79,29,0,0,85,1,0,0,61,0,0,78,2,63,1009,90,76,45,45,0,8,40,0,0,0,0,0,0,0,53,45,0,0,0,1,3,29,0,0,46,1,1,0,0,65,0,15,25,56,78,6,1347,44,0,1,100,20,76,33,50,0,0,0,0,2,28,78,0,0,21,9,0,0,0,7,10,0,10,26,10,94,0,73,68,1023,15,4,-19,0,0,408
45,3,3,3,3,6,Jon,Toth,0,79,0,0,12,62,0,3,8287,33,8287,54,29,0,1,86,1,0,0,29,0,0,54,0,63,1009,88,30,58,63,0,8,19,0,4,0,2,2,0,0,98,45,0,0,0,0,3,38,0,0,61,2,0,0,0,94,0,15,31,49,66,6,3203,27,0,1,100,16,78,45,53,0,0,0,0,10,30,44,18,0,22,12,24,0,0,7,7,0,6,32,30,0,0,77,146,1023,10,2,-19,0,0,351
45,0,0,0,0,5,Andrew,Wylie,2398,92,0,798,15,73,0,0,8296,26,8296,66,29,0,0,80,1,0,0,35,0,0,67,0,63,1009,86,35,75,76,0,8,20,0,0,0,0,0,0,0,58,45,39,0,0,3,3,38,0,0,71,0,3,798,0,94,0,15,25,73,82,6,839,27,0,1,100,19,85,75,88,0,0,0,0,5,32,32,20,0,35,11,17,0,0,9,7,0,8,32,28,2398,0,77,144,1023,10,0,-19,0,0,351
45,0,0,0,0,33,Greg,Joseph,200,88,0,50,74,71,0,7,8299,31,8299,73,29,0,0,65,1,4,4,34,0,0,64,0,63,1009,85,33,16,24,0,7,20,0,0,0,0,0,0,0,308,45,0,0,0,1,3,38,0,0,1,0,1,50,2,15,0,15,29,72,49,5,614,40,0,1,100,95,41,73,58,0,0,0,0,0,10,74,43,36,43,10,25,27,0,19,19,10,3,10,6,200,1,72,46,999,10,2,-19,0,0,252
45,0,0,0,0,6,Michael,Dunn,89,80,0,0,25,76,0,0,8300,5,8300,63,29,0,0,83,1,0,0,24,0,0,59,0,63,1009,87,35,67,67,0,8,8,0,0,0,0,0,0,0,111,45,0,0,0,1,3,38,0,0,68,2,1,0,0,94,0,15,24,64,67,6,967,20,0,1,100,25,85,60,68,0,0,0,0,10,32,35,23,0,35,10,19,0,0,6,7,0,28,41,26,101,0,77,155,1023,10,3,-19,0,0,351
45,0,0,0,0,15,Cameron,Johnston,799,87,0,99,82,75,0,4,8302,33,8302,75,31,0,0,83,1,0,0,30,0,0,62,0,63,1009,91,35,20,20,0,8,20,0,2,0,0,0,0,0,156,45,62,0,0,1,3,48,0,0,11,0,3,99,0,79,0,15,28,75,55,6,594,25,0,1,100,95,48,77,58,0,0,0,0,5,14,87,0,0,25,9,0,0,0,20,20,0,5,5,6,799,0,71,34,1023,10,2,-19,0,0,324
45,0,0,0,0,75,Nick,Mullens,399,77,0,74,13,82,0,0,8304,31,8304,74,28,0,0,95,1,0,0,34,0,0,72,0,63,23,85,26,16,28,0,8,49,0,0,0,0,0,0,0,194,45,0,0,0,2,3,50,0,0,12,2,2,74,0,57,0,15,84,60,76,6,644,57,0,1,100,18,57,63,60,0,0,0,0,3,18,84,0,0,46,10,0,0,0,0,0,0,4,11,6,399,0,72,50,1023,10,1,-19,0,0,133
45,0,0,0,0,15,Colin,Thompson,0,79,0,0,14,79,0,0,8316,33,8316,71,30,0,0,77,1,0,0,74,0,0,70,0,63,1009,86,32,61,61,0,7,47,0,0,0,0,0,0,0,208,45,0,0,0,0,3,55,0,0,86,0,0,0,0,90,0,15,27,59,70,6,2691,67,0,1,100,15,72,58,64,0,0,0,0,6,26,59,0,0,37,9,0,0,0,4,4,0,5,30,25,0,0,76,95,1023,15,3,-19,0,0,258
45,4,4,4,4,10,River,Cracraft,94,80,0,0,14,88,0,3,8322,12,8322,86,29,0,0,72,1,0,0,80,0,0,88,1,63,1009,81,25,32,48,0,8,71,0,4,0,0,0,0,0,251,45,0,3,3,1,3,24,0,0,85,2,1,0,0,7,0,15,34,68,85,6,699,70,0,1,100,18,52,66,67,0,0,0,0,3,20,89,0,0,2,12,0,0,0,3,3,0,5,5,6,94,1,72,38,1023,75,1,-19,0,0,154
45,1,1,1,1,15,Tim,Patrick,3112,88,0,300,15,91,1,10,8323,33,8323,89,30,0,0,83,1,0,0,89,0,0,84,1,63,1009,88,35,43,55,0,7,69,0,0,0,0,0,0,0,233,36,13,0,0,2,3,24,0,0,81,2,4,300,0,7,0,15,36,80,89,6,701,74,0,1,100,19,69,79,86,7,7,7,7,1,24,66,0,0,2,8,0,0,0,3,3,0,0,12,10,3112,1,76,50,1023,48,6,-19,0,0,452
45,0,0,0,0,10,C. J.,Board,0,82,0,0,24,93,0,0,8324,33,8324,92,30,0,0,77,1,0,0,78,0,0,93,2,63,1009,84,43,38,58,0,8,66,0,0,0,0,0,0,0,210,45,0,0,0,0,3,24,0,0,80,2,0,0,0,7,0,15,24,71,90,6,716,66,0,1,100,24,53,67,64,0,0,0,0,1,16,98,0,0,2,10,0,0,0,3,3,0,2,11,0,0,1,73,21,1023,79,1,-19,0,0,452
45,0,0,0,0,50,Greg,Ward Jr,0,83,0,0,16,92,0,0,8331,1009,8331,87,28,0,0,79,1,0,0,84,0,0,86,1,63,1009,90,26,38,42,0,8,73,0,0,0,0,0,0,0,80,45,100,0,0,0,3,24,0,0,84,2,0,0,0,7,0,15,69,70,83,6,899,74,0,1,100,20,50,70,70,0,0,0,0,3,15,93,0,0,2,9,0,0,0,3,3,0,4,6,7,0,1,71,30,1023,82,6,-19,0,0,452
45,0,0,0,0,33,Robert,Tonyan,265,83,0,75,12,89,0,0,8335,1,8335,85,29,0,0,75,1,0,0,96,0,0,80,1,63,1009,84,39,56,60,0,7,59,0,0,0,0,0,0,0,87,37,0,0,0,1,3,24,0,0,18,1,1,75,0,7,0,15,46,77,86,6,998,73,0,1,100,17,74,81,76,0,0,0,0,5,27,56,0,0,2,11,0,0,0,4,4,0,10,21,12,265,1,77,80,1023,10,0,-19,0,0,133
45,0,0,0,0,10,Cody,Hollister,0,78,0,0,18,89,0,0,8337,33,8337,85,30,0,0,77,1,0,0,79,0,0,81,0,63,1009,83,33,39,53,0,8,71,0,0,0,0,0,0,0,10,45,100,0,0,0,3,24,0,0,8,2,0,0,0,7,0,15,31,65,82,6,1027,69,0,1,100,17,71,64,67,0,0,0,0,3,20,71,0,0,2,9,0,0,0,3,3,0,3,13,7,0,1,76,56,1023,31,1,-19,0,0,3
45,0,0,0,0,6,Emmanuel,Moseley,429,90,0,100,11,93,0,0,8350,19,8350,91,27,0,0,82,1,0,0,54,0,0,87,2,63,1009,86,49,10,18,0,8,43,0,0,0,0,0,0,0,211,30,0,0,0,1,3,7,0,0,4,0,1,100,0,71,0,15,25,77,91,5,668,53,0,1,100,10,65,76,77,0,0,0,0,0,22,88,0,0,11,9,0,0,0,16,16,0,3,11,6,429,0,71,30,1023,45,0,-19,0,0,280
45,0,0,0,0,6,Brandon,Facyson,640,90,0,70,10,91,0,0,8354,23,8354,89,29,0,0,87,1,0,0,60,0,0,82,2,63,1009,84,51,35,35,0,7,54,0,0,0,0,0,0,0,241,45,0,0,0,2,3,7,0,0,31,2,2,70,0,71,0,15,26,71,86,5,830,59,0,1,100,8,59,74,76,0,0,0,0,1,20,76,0,0,11,9,0,0,0,16,16,0,2,9,9,640,0,74,37,1023,45,1,-19,0,0,280
45,0,0,0,0,6,Darious,Williams,2991,92,0,150,13,93,0,0,8361,17,8361,90,30,0,0,81,1,0,0,76,0,0,86,2,63,1009,88,44,35,35,0,7,60,0,0,0,0,0,0,0,224,30,0,0,0,2,3,7,0,0,31,2,3,150,0,71,0,15,35,79,92,5,1105,60,0,1,100,14,54,83,83,0,0,0,0,4,17,89,0,0,11,8,0,0,0,16,16,0,2,11,1,2991,0,69,27,1023,47,1,-19,0,0,280
45,0,0,0,0,6,Danny,Johnson,500,89,0,174,12,91,0,0,8362,26,8362,90,28,0,0,79,1,0,0,68,0,0,80,2,63,1009,88,47,35,35,0,7,53,0,0,0,0,0,0,0,193,45,100,0,0,2,3,7,0,0,36,2,2,174,0,71,0,15,25,70,84,5,1129,61,0,1,100,16,55,74,71,0,0,0,0,2,17,79,0,0,11,13,0,0,0,16,16,0,3,2,4,500,0,69,30,1023,81,5,-19,0,0,280
45,0,0,0,0,6,Demone,Harris,95,71,0,0,19,80,0,0,8368,33,8368,75,28,0,0,75,1,0,0,40,0,0,70,2,63,1009,85,77,44,45,0,8,12,0,0,0,0,0,0,0,24,45,0,0,0,1,3,9,0,0,94,2,1,0,0,83,0,15,22,62,79,5,763,43,0,1,100,16,78,65,57,0,0,0,0,5,28,54,0,0,40,10,0,0,0,10,11,0,7,38,23,95,1,76,112,1023,9,2,-19,0,0,197
45,0,0,0,0,6,Jacob,T-Mariner,0,72,0,0,12,82,0,0,8375,33,8375,76,27,0,0,80,1,0,0,33,0,0,71,2,63,1009,84,78,45,45,0,8,12,0,0,0,0,0,0,0,226,45,100,0,0,0,3,9,0,0,48,0,0,0,0,83,0,15,22,68,72,5,938,43,0,1,100,17,78,72,66,0,0,0,0,10,29,41,16,0,22,12,20,0,0,11,11,0,23,42,25,0,1,74,125,1023,9,5,-19,0,0,197
45,0,0,0,0,6,Daniel,Ekuale,395,72,0,60,20,71,0,0,8382,22,8382,64,29,0,0,79,1,0,0,35,0,0,66,2,63,1009,85,76,45,45,0,8,15,0,0,0,0,0,0,0,251,45,0,0,0,2,3,49,0,0,95,1,2,60,0,94,0,15,10,62,77,5,740,37,0,1,100,21,81,67,65,0,0,0,0,8,32,34,15,0,21,11,16,0,0,12,12,0,5,22,26,395,0,75,140,1023,10,2,-19,0,0,499
45,0,0,0,0,5,Tyler,Lancaster,0,74,0,0,13,62,0,0,8389,1009,8389,71,29,0,0,88,1,0,0,22,0,0,68,0,63,1009,88,83,45,45,0,8,16,0,0,0,0,0,0,0,151,40,12,0,0,0,3,49,0,0,96,1,0,0,0,94,0,15,29,69,68,5,1010,30,0,1,100,16,89,76,72,0,0,0,0,31,34,15,26,0,34,9,33,0,0,12,12,0,20,30,26,0,0,75,153,1023,12,5,-19,0,0,498
45,4,4,4,4,6,Anthony,Firkser,0,85,0,0,13,80,1,7,8390,33,8390,78,28,0,0,78,1,0,0,81,0,0,80,2,63,1009,90,38,57,59,0,8,62,0,0,0,0,0,0,0,75,45,0,0,0,0,3,42,0,0,86,1,0,0,0,78,0,15,22,67,77,6,610,73,0,1,100,13,73,68,65,5,5,5,5,4,26,40,0,0,8,7,0,0,0,4,2,0,8,20,20,0,0,74,86,1023,10,1,-19,0,0,496
45,7,7,7,7,6,Poona,Ford,1234,82,0,350,12,70,1,3,8393,3,8393,67,28,0,1,90,1,0,0,37,0,0,63,0,63,1009,92,86,45,45,0,8,10,0,0,0,0,0,0,0,214,40,58,0,0,1,3,49,0,0,98,1,1,75,0,94,0,15,26,76,73,5,1159,31,0,1,100,17,86,78,85,3,3,3,3,47,32,30,22,26,44,10,21,29,0,10,12,49,27,39,24,225,0,71,150,1023,10,0,-19,0,0,498
45,0,0,0,0,6,Kendal,Vickers,0,71,0,0,11,79,0,0,8396,1009,8396,71,28,0,0,80,1,0,0,36,0,0,65,0,63,1009,85,76,45,45,0,8,15,0,0,0,0,0,0,0,211,45,0,0,0,0,3,49,0,0,93,2,0,0,0,94,0,15,10,61,74,5,2854,40,0,1,100,14,75,65,61,0,0,0,0,7,32,34,24,0,26,11,16,0,0,10,12,0,7,28,25,0,0,75,135,1023,10,1,-19,0,0,498
45,0,0,0,0,6,Jason,Cabinda,410,86,0,100,12,84,0,0,8413,19,8413,83,27,0,0,82,1,0,0,58,0,0,81,2,63,1009,83,81,65,60,0,8,46,0,0,0,0,0,0,0,164,45,100,0,0,1,3,34,0,0,45,1,2,100,0,85,0,15,20,65,81,5,1052,69,0,1,100,18,72,66,75,0,0,0,0,1,26,71,0,0,45,8,0,0,0,2,14,0,9,23,12,410,0,73,80,1023,10,4,-19,0,0,209
45,0,0,0,0,6,Dennis,Gardeck,994,82,0,198,17,87,0,0,8416,7,8416,85,29,0,0,88,1,0,0,50,0,0,74,2,63,1009,83,70,45,45,0,8,20,0,0,0,0,0,0,0,447,45,0,0,0,2,3,55,0,0,45,2,3,198,0,68,0,15,28,70,87,5,783,45,0,1,100,14,81,74,72,0,0,0,0,4,30,61,0,0,20,9,0,0,0,13,13,0,6,29,11,994,0,72,72,1023,10,5,-19,0,0,154
45,0,0,0,0,6,Trent,Sieg,109,80,0,15,20,69,0,0,8426,11,8426,64,28,0,0,88,1,0,0,47,0,0,78,0,63,1009,89,65,53,50,0,8,25,0,0,0,0,0,0,0,42,45,0,0,0,1,3,38,0,0,44,0,1,15,0,94,0,15,29,32,71,5,1093,58,0,1,100,17,72,40,61,0,0,0,0,5,26,69,23,0,36,12,27,0,0,7,4,0,9,22,13,109,0,75,80,1023,35,0,-19,0,0,351
45,4,4,4,4,6,Olasunkanmi,Adeniyi,0,73,0,0,12,81,0,3,8431,33,8431,77,26,0,0,80,0,0,0,45,0,0,79,2,63,1009,88,76,45,45,0,8,21,0,0,0,0,0,0,0,218,45,0,0,0,0,3,29,0,0,92,2,0,0,0,65,0,15,25,69,77,5,1186,49,0,1,100,14,79,72,70,6,6,6,6,4,30,60,0,0,21,8,0,0,0,15,10,0,4,19,25,0,0,73,88,1023,10,2,-19,0,0,408
45,0,0,0,0,6,Austin,Schlottmann,113,78,0,0,21,78,0,0,8435,31,8435,72,28,0,0,85,1,0,0,36,0,0,60,0,63,1009,86,35,62,67,0,8,5,0,0,0,0,0,0,0,207,45,0,0,0,1,3,38,0,0,65,2,1,0,0,94,0,15,17,59,74,5,703,29,0,1,100,20,86,57,65,0,0,0,0,10,32,41,18,0,22,9,19,0,0,7,7,0,10,38,22,113,0,78,140,1023,10,1,-19,0,0,351
45,6,6,6,6,6,JC,Hassenauer,103,83,0,0,12,66,0,7,8436,33,8436,64,28,0,1,84,1,1,1,30,0,0,55,0,63,1009,85,35,67,66,1,8,6,0,0,0,7,7,7,7,3,45,0,0,0,1,3,38,0,0,63,2,1,0,0,94,0,15,31,62,69,5,33,40,0,1,100,16,84,60,74,2,2,2,2,9,32,29,15,0,21,7,16,0,0,7,7,0,22,36,22,103,0,74,135,1023,10,0,-19,0,0,351
45,0,0,0,0,6,Jeremiah,Kolone,0,76,0,0,20,65,0,0,8450,33,8450,61,29,0,0,80,1,0,0,20,0,0,58,0,63,1009,85,30,62,63,0,8,5,0,0,0,0,0,0,0,185,45,100,0,0,0,3,38,0,0,62,0,0,0,0,94,0,15,20,56,71,5,1068,25,0,1,100,20,84,50,56,0,0,0,0,42,32,33,29,0,31,7,27,0,0,8,7,0,41,36,22,0,0,77,156,1023,10,1,-19,0,0,351
45,0,0,0,0,6,Christian,DiLauro,157,80,0,0,11,58,0,0,8458,33,8458,70,29,0,0,87,1,0,0,22,0,0,63,0,63,1009,86,30,62,59,0,8,6,0,0,0,0,0,0,0,84,45,0,0,0,1,3,38,0,0,67,2,2,0,0,94,0,15,22,54,77,5,731,20,0,1,100,12,83,45,48,0,0,0,0,9,32,31,16,0,27,10,17,0,0,9,7,0,10,40,25,157,0,78,140,1023,10,1,-19,0,0,351
45,3,3,3,3,6,Trent,Scott,298,83,0,30,19,61,0,0,8460,26,8460,60,29,0,0,88,1,0,0,27,0,0,55,2,63,1009,90,28,61,65,0,8,7,0,0,0,0,0,0,0,72,45,13,0,0,2,3,38,0,0,73,0,2,30,0,94,0,15,22,57,66,5,807,32,0,1,100,18,80,52,65,0,0,0,0,13,30,35,23,0,24,7,21,0,0,9,7,0,22,26,27,298,0,77,160,1023,9,0,-19,0,0,100
45,0,0,0,0,6,Dakoda,Shepley,94,78,0,0,11,73,0,0,8461,33,8461,70,29,0,0,79,1,0,0,42,0,0,52,0,63,1009,85,41,60,63,0,8,8,0,0,0,0,0,0,0,445,45,0,0,0,1,3,38,0,0,65,2,1,0,0,94,0,15,30,50,79,5,3514,34,0,1,100,13,89,50,51,0,0,0,0,7,34,46,23,0,29,10,16,0,0,7,7,0,5,29,28,94,0,77,130,1023,10,1,-19,0,0,351
45,0,0,0,0,15,Eddy,Pineiro,410,79,0,108,87,80,0,0,8468,21,8468,77,28,0,0,83,1,0,0,18,0,0,61,0,63,1009,85,26,17,16,0,8,5,0,0,0,0,0,0,0,62,45,71,0,0,2,3,14,0,0,4,0,2,108,0,90,0,15,26,77,47,5,1056,20,0,1,100,91,42,79,65,0,0,0,0,4,11,89,0,0,45,9,0,0,0,19,19,0,1,8,7,410,0,72,25,1023,10,1,-19,0,0,56
45,0,0,0,0,70,Tim,Boyle,0,70,0,0,12,74,0,0,8475,1009,8475,78,29,0,0,75,1,0,0,25,0,0,81,0,63,1009,84,25,10,10,0,7,35,0,0,0,0,0,0,0,56,45,0,0,0,0,3,50,0,0,7,2,0,0,0,57,0,15,83,56,82,5,994,58,0,1,100,18,60,62,62,0,0,0,0,1,20,62,0,0,46,13,0,0,0,0,0,0,1,29,12,0,0,76,67,1023,10,0,-19,0,0,133
45,5,5,5,5,21,Jeff,Wilson Jr,598,83,0,156,12,90,1,7,8477,33,8477,90,28,0,1,83,1,0,0,68,0,0,84,2,63,15,81,35,60,32,0,7,81,0,0,0,4,4,4,4,148,23,100,0,0,2,3,51,0,0,23,1,2,156,0,82,0,15,30,76,84,5,652,85,0,1,100,18,75,84,82,5,5,5,5,3,28,91,0,0,20,13,0,0,1,1,1,0,2,13,12,598,0,72,53,1023,82,1,-19,0,0,472
45,0,0,0,0,23,Dontrell,Hilliard,0,82,0,0,14,91,0,0,8479,33,8479,92,28,0,0,84,1,0,0,67,0,0,87,2,63,1009,88,39,50,34,0,7,75,0,0,0,0,0,0,0,221,45,0,0,0,0,3,51,0,0,40,1,0,0,0,82,0,15,34,69,83,5,715,83,0,1,100,17,67,79,68,0,0,0,0,3,24,89,0,0,20,10,0,0,0,1,1,0,0,7,8,0,0,71,42,1023,80,2,-19,0,0,472
45,0,0,0,0,15,Gus,Edwards,954,85,0,375,13,85,0,0,8485,25,8485,87,28,0,0,87,1,0,0,62,0,0,81,2,63,1009,84,37,59,30,0,8,82,0,0,0,0,0,0,0,175,45,0,0,0,1,3,51,0,0,35,0,3,375,0,82,0,15,24,77,83,5,1086,93,0,1,100,18,80,82,77,0,0,0,0,4,30,61,0,0,20,11,0,0,0,1,1,0,2,32,11,954,0,73,78,1023,50,5,-19,0,0,472
45,0,0,0,0,25,Mike,Boone,310,82,0,30,12,88,0,0,8490,32,8490,89,28,0,0,82,1,0,0,67,0,0,85,2,63,1009,78,33,52,43,0,7,74,0,0,0,0,0,0,0,36,45,0,0,0,2,3,51,0,0,22,1,2,30,0,82,0,15,35,67,93,5,1207,86,0,1,100,19,69,77,67,0,0,0,0,0,24,73,0,0,20,13,0,0,0,1,1,0,4,8,12,310,0,70,46,1023,78,0,-19,0,0,472
45,4,4,4,4,6,Elijah,Campbell,101,86,0,0,17,86,0,4,8492,12,8492,92,28,0,0,76,1,0,0,70,0,0,86,1,63,1009,84,60,33,34,0,8,55,0,0,0,2,2,4,4,150,45,0,0,0,1,3,60,0,0,22,2,1,0,0,0,0,15,27,62,92,5,4747,60,0,1,100,18,61,65,57,3,3,5,5,2,20,87,10,18,15,11,0,23,0,18,18,10,5,7,11,101,0,71,35,1023,56,3,-19,0,0,21
45,4,4,4,4,6,Ezekiel,Turner,200,83,0,15,14,90,0,4,8497,7,8497,84,27,0,0,80,1,0,0,61,0,0,83,1,63,1009,86,70,35,35,0,8,40,0,0,0,2,2,4,4,252,45,0,0,0,1,3,60,0,0,47,0,1,15,0,0,0,15,25,57,75,5,590,61,0,1,100,16,63,56,58,3,3,5,5,4,22,91,10,18,15,11,0,23,0,14,18,10,4,5,12,200,0,74,54,1023,35,5,-19,0,0,21
45,4,4,4,4,6,Chris,Lammons,89,84,0,0,15,93,0,4,8499,33,8499,91,27,0,0,78,1,0,0,63,0,0,82,2,63,1009,82,67,35,35,0,7,37,0,0,0,2,2,4,4,176,45,0,0,0,0,3,60,0,0,34,2,1,0,0,0,0,15,30,63,84,5,950,62,0,1,100,15,55,70,58,3,3,5,5,0,18,93,10,18,15,8,0,23,0,16,18,10,0,3,5,89,0,69,34,1023,35,4,-19,0,0,21
45,4,4,4,4,6,JT,Gray,905,86,0,144,14,90,0,4,8501,27,8501,90,27,0,0,81,1,0,0,62,0,0,82,2,63,1009,91,72,35,35,0,7,51,0,0,0,2,2,4,4,121,45,0,0,0,3,3,60,0,0,48,0,3,144,0,0,0,15,31,63,81,5,1150,58,0,1,100,17,65,69,57,3,3,5,5,3,22,70,10,18,15,12,0,23,0,18,18,10,5,6,8,905,0,72,42,1023,60,5,-19,0,0,21
45,0,0,0,0,10,Ross,Dwelley,108,83,0,0,15,78,0,0,8502,15,8502,77,28,0,0,85,1,0,0,80,0,0,71,0,63,1009,93,33,57,58,0,8,50,0,0,0,0,0,0,0,327,45,0,0,0,1,3,55,0,0,82,2,1,0,0,90,0,15,30,64,69,5,655,72,0,1,100,18,72,62,67,0,0,0,0,4,26,68,0,0,37,13,0,0,0,4,4,0,6,22,13,108,0,77,75,1023,18,5,-19,0,0,258
45,1,1,1,1,10,Tanner,Hudson,0,77,0,0,19,85,0,4,8504,1009,8504,82,29,0,0,77,1,0,0,78,0,0,77,0,63,1009,87,32,56,60,0,8,53,0,2,0,0,0,0,0,451,45,5,0,0,0,3,55,0,0,87,1,0,0,0,90,0,15,30,61,80,5,756,68,0,1,100,21,70,62,63,3,3,3,3,2,25,59,0,0,37,10,0,0,0,2,2,0,0,35,13,0,0,77,79,1023,18,1,-19,0,0,258
45,3,3,3,3,15,Kevin,Rader,0,80,0,0,19,76,0,4,8510,1009,8510,74,28,0,0,84,1,2,2,73,0,0,79,0,63,1009,90,33,59,58,0,8,46,0,0,0,0,0,0,0,262,45,100,0,0,0,3,55,0,0,86,1,0,0,0,90,0,15,19,57,82,5,999,68,0,1,100,19,72,57,62,6,6,6,6,3,24,52,0,0,37,13,0,0,0,4,4,0,8,20,23,0,0,76,90,1023,11,1,-19,0,0,258
45,0,0,0,0,6,George,Odum,489,87,0,120,12,93,0,0,8525,15,8525,91,30,0,0,84,1,0,0,64,0,0,83,1,63,1009,95,67,35,35,0,8,33,0,0,0,0,0,0,0,288,45,9,0,0,2,3,24,0,0,30,0,3,120,0,7,0,15,25,71,81,5,845,65,0,1,100,15,69,76,69,0,0,0,0,4,24,85,0,0,2,7,0,0,0,17,18,0,1,7,12,489,1,73,42,1023,40,1,-19,0,0,452
45,0,0,0,0,10,Cam,Sims,109,82,0,7,19,87,0,0,8540,33,8540,87,27,0,0,85,1,0,0,83,0,0,81,2,63,1009,86,32,45,48,0,8,75,0,0,0,0,0,0,0,3,45,100,0,0,1,3,24,0,0,81,2,1,7,0,7,0,15,23,70,86,5,1116,72,0,1,100,15,69,70,74,0,0,0,0,0,24,84,0,0,2,11,0,0,0,3,3,0,4,10,11,109,1,77,60,1023,40,0,-19,0,0,452
45,0,0,0,0,6,Scott,Daly,94,68,0,0,15,74,0,0,8551,19,8551,67,29,0,0,74,1,0,0,49,0,0,66,0,63,1009,91,51,54,46,0,8,15,0,0,0,0,0,0,0,152,45,0,0,0,1,3,38,0,0,47,2,1,0,0,94,0,15,35,29,69,5,4888,63,0,1,100,14,72,36,54,0,0,0,0,5,26,66,23,0,36,13,27,0,0,7,7,0,2,35,21,94,0,73,85,1023,10,2,-19,0,0,351
45,0,0,0,0,22,Brandon,Zylstra,0,81,0,0,42,87,0,0,8556,33,8556,85,30,0,0,82,1,0,0,82,0,0,76,1,63,1009,86,39,27,49,0,7,71,0,0,0,0,0,0,0,368,45,0,0,0,0,3,24,0,0,16,2,0,0,0,7,0,15,34,65,85,5,1226,72,0,1,100,54,68,66,70,0,0,0,0,1,24,81,0,0,2,7,0,0,0,3,3,0,0,10,10,0,1,74,55,1023,45,1,-19,0,0,434
45,0,0,0,0,6,Tony,Brown,109,87,0,15,12,92,0,0,8557,10,8557,93,28,0,0,81,1,0,0,52,0,0,89,2,63,1009,89,49,35,35,0,7,44,0,0,0,0,0,0,0,3,30,0,0,0,1,3,34,0,0,38,0,1,15,0,97,0,15,35,69,77,5,821,61,0,1,100,18,58,69,64,0,0,0,0,3,19,86,0,0,30,8,0,0,0,16,16,0,5,11,8,109,0,72,38,1023,45,1,-19,0,0,15
45,7,7,7,7,6,Alexander,Johnson,0,87,0,0,12,83,0,5,8562,1009,8562,81,32,0,0,83,2,4,4,56,0,0,77,2,63,1009,84,91,45,45,0,8,11,0,0,0,0,0,0,0,211,45,0,6,6,0,3,1,0,0,59,1,0,0,3,50,0,15,25,78,83,5,74,42,0,1,100,16,78,79,77,0,0,0,0,4,29,66,15,10,20,8,15,14,2,14,15,8,0,39,24,0,0,74,95,1023,12,5,-31,0,0,116
45,7,7,7,7,5,Evan,Brown,225,85,0,100,12,67,0,4,8564,28,8564,70,27,0,0,84,1,1,1,25,0,0,55,1,63,1009,89,35,68,74,0,8,8,0,0,0,0,0,0,0,192,45,0,0,0,1,3,1,0,0,63,0,1,100,0,10,0,15,24,70,86,5,234,29,0,1,100,17,90,68,81,0,0,0,0,31,35,17,25,25,45,7,32,30,0,7,6,10,21,33,26,225,0,75,160,1023,9,0,-30,0,0,478
45,0,0,0,0,6,A.J.,Moore,0,86,0,0,17,92,0,0,8565,33,8565,92,28,0,0,80,1,0,0,60,0,0,80,2,63,1009,84,63,35,35,0,8,66,0,0,0,0,0,0,0,159,30,0,0,0,0,3,7,0,0,33,0,0,0,0,71,0,15,22,66,82,5,279,65,0,1,100,19,63,70,64,0,0,0,0,0,22,75,0,0,11,12,0,0,0,18,16,0,2,13,9,0,0,71,42,1023,39,1,-19,0,0,280
45,5,5,5,5,11,Charvarius,Ward,2812,92,0,720,12,88,0,4,8566,15,8566,91,27,0,0,79,1,4,4,63,0,0,84,2,63,1009,88,77,23,35,0,8,63,0,0,0,0,0,0,0,119,38,0,4,4,2,3,40,0,0,7,2,3,720,2,11,0,15,21,87,89,5,313,61,0,1,100,15,64,83,90,0,0,0,0,1,22,84,10,3,16,11,10,10,1,16,16,6,2,12,11,2812,0,73,36,1023,42,1,-19,0,0,37
45,4,4,4,4,6,J.C.,Jackson,8250,90,0,2500,14,92,0,5,8567,8,8567,91,28,0,0,88,1,0,0,81,0,0,86,2,63,1009,89,41,35,35,0,7,48,0,0,0,1,1,1,1,111,30,0,0,0,4,3,43,0,0,27,2,5,2500,0,35,0,15,36,82,85,5,348,61,0,1,100,16,63,86,87,0,0,0,0,5,23,73,20,44,36,11,10,34,0,16,16,26,0,6,9,8250,1,73,38,1023,45,1,-19,0,0,204
45,5,3,5,3,10,Kevin,Toliver II,101,86,0,0,14,90,0,2,8568,33,8568,88,28,0,1,75,1,1,0,61,0,0,87,3,63,1009,80,57,30,32,0,8,49,0,0,0,0,9,0,9,106,45,66,0,3,1,3,72,0,0,27,2,1,0,0,78,0,15,35,67,87,5,353,65,0,1,100,20,62,70,63,4,0,4,0,3,21,90,1,28,25,10,16,5,0,16,16,34,1,9,8,101,0,74,39,1023,44,0,-19,0,0,204
45,4,4,4,4,6,Tavierre,Thomas,213,90,0,50,14,91,0,5,8569,32,8569,92,27,0,0,83,1,4,4,64,0,0,80,3,63,1009,92,58,35,35,0,8,56,0,0,0,1,1,1,1,296,45,0,0,0,1,3,43,0,0,4,2,1,50,0,87,0,15,25,73,81,5,358,58,0,1,100,18,55,75,72,0,0,0,0,2,18,83,20,44,36,7,10,34,0,16,16,26,3,10,11,213,1,70,45,1023,74,2,-19,0,0,376
45,0,0,0,0,6,Tre,Herndon,123,88,0,15,11,89,0,0,8570,17,8570,87,27,0,0,82,1,0,0,58,0,0,90,2,63,1009,83,53,10,18,0,8,44,0,0,0,0,0,0,0,238,45,0,0,0,1,3,7,0,0,37,2,1,15,0,71,0,15,25,72,83,5,397,53,0,1,100,10,56,74,77,0,0,0,0,3,18,86,0,0,11,7,0,0,0,16,16,0,3,0,0,123,0,71,25,1023,65,5,-19,0,0,280
45,2,1,2,1,6,Taylor,Stallworth,0,78,0,0,13,67,0,7,8572,1009,8572,62,28,0,0,88,1,4,4,30,0,0,58,3,63,1009,90,79,45,45,0,8,10,0,0,0,0,0,0,0,176,45,8,3,0,0,3,44,0,0,78,1,0,15,0,0,0,15,29,66,66,5,431,40,0,1,100,17,80,69,74,0,0,0,0,45,30,34,21,37,37,12,30,7,0,12,12,89,23,36,22,0,0,74,145,1023,15,1,-19,0,0,204
45,4,4,4,4,6,Sean,Chandler,0,90,0,0,12,89,0,4,8573,33,8573,84,27,0,0,83,1,0,0,66,0,0,77,1,63,1009,88,71,35,35,0,7,32,0,0,0,0,0,0,0,208,45,0,0,0,0,3,36,0,0,34,0,0,0,0,40,0,15,25,65,83,5,457,58,0,1,100,17,57,70,64,0,0,0,0,3,18,67,10,20,15,13,0,25,0,17,3,10,1,5,9,0,0,70,40,1023,66,5,-30,0,0,498
45,7,5,7,5,15,Darrel,Williams,0,88,0,0,12,89,3,7,8575,33,8575,87,28,0,1,85,1,4,4,72,0,0,78,2,63,1009,90,36,56,47,0,7,77,0,0,0,0,0,0,0,106,45,0,0,0,0,3,30,0,0,24,0,0,0,0,85,0,15,25,72,79,5,730,92,0,1,100,17,77,82,81,2,2,2,2,0,28,77,10,24,22,7,25,39,0,1,1,22,2,10,10,0,0,71,64,1023,50,1,-19,0,0,396
45,0,0,0,0,6,Matt,Dickerson,0,72,0,0,12,68,0,0,8578,33,8578,69,28,0,0,86,1,0,0,30,0,0,66,0,63,1009,84,79,45,45,0,8,10,0,0,0,0,0,0,0,226,45,12,0,0,1,3,49,0,0,91,1,1,0,0,94,0,15,13,63,76,5,988,26,0,1,100,14,81,63,63,0,0,0,0,3,30,37,20,0,27,11,15,0,0,11,12,0,4,25,22,94,0,77,132,1023,10,0,-19,0,0,498
45,3,3,3,3,6,Aaron,Stinnie,140,82,0,0,12,60,0,4,8579,6,8579,63,29,0,0,86,1,0,0,35,0,0,62,1,63,1009,83,29,71,67,0,8,5,0,0,0,0,0,0,0,91,45,0,0,0,1,3,1,0,0,64,2,1,0,0,10,0,15,21,67,68,5,996,20,0,1,100,16,83,63,79,5,5,5,5,38,30,19,35,25,36,10,21,30,0,6,6,10,34,35,22,140,0,75,152,1023,10,4,-30,0,0,456
45,7,7,7,7,6,Ben,Niemann,0,86,0,0,12,79,0,5,8582,1009,8582,81,28,0,0,82,1,4,4,47,0,0,81,2,63,1009,93,87,45,45,0,8,22,0,0,0,0,0,0,0,89,45,0,6,6,0,3,1,0,0,47,1,0,0,3,50,0,15,26,71,81,5,1416,42,0,1,100,16,71,75,75,0,0,0,0,4,26,79,15,10,20,11,15,14,2,14,15,8,5,34,12,0,0,74,75,1023,10,0,-31,0,0,434
45,7,7,7,7,17,Tae,Davis,119,82,0,10,12,83,0,5,8585,14,8585,79,27,0,0,75,1,4,4,49,0,0,78,2,63,1009,84,79,45,45,0,8,25,0,0,0,0,0,0,0,210,45,0,6,6,1,3,1,0,0,50,1,1,10,3,50,0,15,21,65,82,5,1503,53,0,1,100,17,73,68,72,0,0,0,0,4,26,68,15,10,20,11,15,14,2,14,15,8,9,19,11,119,0,73,64,1023,30,0,-31,0,0,116
45,0,0,0,0,25,Corey,Bojorquez,338,86,0,50,81,74,0,0,8586,5,8586,70,27,0,0,61,1,0,0,24,0,0,63,1,63,1009,87,28,17,19,0,8,10,0,0,0,0,0,0,0,145,45,99,0,0,1,3,48,1,0,13,0,2,50,0,79,0,15,34,78,44,5,1555,33,0,1,100,95,41,79,64,0,0,0,0,0,10,66,0,0,25,10,0,0,0,20,20,0,1,6,7,338,0,72,48,1023,10,1,-19,0,0,463
45,3,3,3,3,9,Ike,Boettger,104,83,0,12,11,62,0,4,8588,33,8588,56,29,0,0,88,1,0,0,43,0,0,63,1,63,1009,79,34,70,69,0,8,5,0,0,0,0,0,0,0,89,45,0,0,0,1,3,1,0,0,65,0,1,12,0,10,0,15,15,67,73,5,1663,37,0,1,100,11,83,66,86,5,5,5,5,10,32,32,16,25,32,10,22,30,0,6,6,10,19,34,28,104,0,78,153,1023,10,5,-30,0,0,324
45,2,2,2,2,6,Chris,Board,500,83,0,98,16,89,0,1,8589,22,8589,87,28,0,0,87,1,1,1,55,0,0,87,2,63,1009,91,80,30,42,0,8,40,0,0,0,0,0,0,0,315,42,0,0,0,2,3,47,0,0,45,2,2,98,0,85,0,15,20,66,83,5,1674,55,0,1,100,18,69,75,66,3,3,3,3,4,24,68,12,25,17,9,2,30,1,15,11,10,7,19,13,500,0,74,79,1023,42,0,-30,0,0,500
45,0,2,0,2,6,Dan,Arnold,329,84,0,0,13,87,0,5,8590,33,8590,84,28,2,0,81,1,0,0,83,0,0,84,3,63,1009,83,35,54,58,0,8,57,0,0,0,0,2,0,2,265,45,0,0,2,1,3,44,0,0,85,1,1,5,0,88,0,15,14,70,90,6,1681,70,0,1,100,13,64,70,71,1,0,1,0,0,22,57,29,15,28,13,18,18,0,4,13,4,4,25,11,104,0,78,60,1023,10,0,-19,0,0,48
45,2,1,2,1,10,Brandon,Powell,109,80,0,7,12,88,0,0,8591,31,8591,86,28,0,0,77,1,0,0,83,0,0,85,3,63,1009,87,31,36,49,0,8,68,0,0,0,0,7,0,7,62,45,0,0,3,1,3,78,0,0,4,2,1,7,0,67,0,15,35,70,77,5,1689,71,6,1,100,17,49,70,75,0,0,0,0,0,14,87,2,13,42,10,15,1,1,3,3,8,5,9,8,109,1,68,21,1023,79,0,-19,0,0,204
45,2,2,2,2,10,Cameron,Batson,0,80,0,0,18,91,0,7,8592,33,8592,92,28,0,1,80,1,4,4,79,0,0,91,2,63,1009,81,35,30,45,0,7,67,0,0,0,0,0,0,0,217,45,32,0,0,0,3,43,0,0,16,2,0,0,0,52,0,15,31,69,89,5,1710,68,0,1,100,17,55,68,67,0,0,0,0,4,18,86,5,12,35,9,3,20,2,3,3,73,3,5,0,0,0,68,15,1023,81,5,-19,0,0,401
45,7,2,7,2,10,Robert,Foster,0,82,0,0,14,92,0,10,8594,33,8594,93,29,0,0,81,1,4,4,78,0,0,86,2,63,1009,87,28,38,42,0,8,70,0,2,0,0,0,0,0,3,45,26,6,0,0,3,0,0,0,82,2,0,0,2,75,0,15,29,66,81,5,1756,72,0,1,100,16,55,63,58,0,2,0,2,3,18,86,10,5,10,13,10,5,1,3,3,4,3,10,8,0,0,74,34,1023,45,1,-19,0,0,98
45,1,1,1,1,35,Trent,Sherfield,177,82,0,30,11,92,1,4,8595,3,8595,90,27,0,0,68,1,0,0,85,0,0,88,2,63,1009,90,50,40,57,0,7,69,0,0,0,0,0,0,0,238,36,2,3,3,1,3,60,1,0,16,2,1,30,1,40,0,15,49,73,79,5,2555,73,0,1,100,19,54,72,72,0,0,0,0,4,17,84,10,9,15,11,0,9,1,3,3,10,3,10,9,177,0,73,46,1023,60,0,-30,0,0,29
45,3,3,3,3,20,Vyncint,Smith,213,79,0,0,13,93,0,4,8596,33,8596,92,27,0,0,77,1,0,0,78,0,0,86,1,63,1009,85,44,35,42,0,8,68,0,0,0,0,0,0,0,265,36,0,4,4,2,3,36,0,0,86,2,2,0,0,40,0,15,30,67,91,5,2814,65,0,1,100,18,46,68,70,0,0,0,0,2,13,81,10,16,15,11,0,21,0,3,3,10,2,12,11,213,0,75,42,1023,60,1,-30,0,0,105
45,7,7,7,7,6,Frankie,Luvu,898,93,0,300,12,81,0,7,8597,21,8597,79,27,0,0,83,1,4,4,55,0,0,82,0,63,1009,89,85,45,45,0,8,25,0,2,0,0,0,0,0,251,45,0,4,4,1,3,46,0,0,49,2,2,300,0,60,0,15,34,79,73,5,613,48,0,1,100,16,79,81,86,0,0,0,0,0,26,68,16,47,27,12,6,26,3,14,15,41,3,28,13,898,1,75,75,1023,10,2,-19,0,0,5
45,0,0,0,0,6,Nick,Gates,1613,81,0,498,12,61,0,0,8602,26,8602,56,28,0,0,94,1,0,0,36,0,0,62,0,63,1009,75,36,72,73,0,8,17,0,0,0,0,0,0,0,142,45,0,0,0,3,3,38,0,0,63,2,3,498,0,94,0,15,25,69,62,5,1206,29,0,1,100,17,82,68,86,0,0,0,0,7,31,42,15,0,33,13,20,0,0,6,5,0,10,29,27,1613,0,77,158,1023,10,0,-19,0,0,351
45,7,2,7,2,41,KhaDarel,Hodge,106,82,0,0,16,90,0,10,8603,14,8603,88,28,0,0,83,1,4,4,84,0,0,85,2,63,1009,88,31,35,49,0,7,73,0,2,0,0,0,0,0,162,45,0,0,0,1,3,0,0,0,12,2,1,0,2,75,0,15,57,71,88,5,616,72,0,1,100,20,58,72,74,0,2,0,2,0,19,82,10,5,10,8,10,5,1,3,3,4,0,10,0,106,0,71,23,1023,67,1,-19,0,0,98
45,7,2,7,2,10,Keith,Kirkwood,101,80,0,0,11,87,0,10,8604,27,8604,89,29,0,0,82,1,4,4,81,0,0,84,2,63,1009,85,53,37,56,0,7,72,0,2,0,0,0,0,0,208,45,29,0,0,1,3,0,0,0,18,2,1,0,2,75,0,15,22,66,84,5,618,73,0,1,100,11,62,66,64,0,2,0,2,4,18,78,10,5,10,9,10,5,1,3,3,4,0,10,5,101,0,75,50,1023,62,5,-19,0,0,98
45,5,5,5,5,6,Robert,Spillane,697,86,0,160,12,87,0,5,8611,23,8611,88,28,0,1,84,1,0,0,67,0,0,78,0,63,1009,86,85,45,45,0,8,31,0,0,0,1,1,0,0,246,45,0,0,0,2,3,46,0,0,41,1,2,160,0,60,0,15,21,74,79,5,1633,60,0,1,100,18,71,77,77,2,2,0,0,5,26,58,16,16,27,13,6,19,0,14,15,41,9,31,12,697,1,73,69,1023,10,0,-19,0,0,56
45,0,0,0,0,5,Grant,Haley,0,87,0,0,15,92,0,0,8614,33,8614,90,27,0,0,80,1,0,0,60,0,0,96,2,63,1009,86,54,35,35,0,7,45,0,0,0,0,0,0,0,164,30,0,0,0,0,3,7,0,0,36,2,0,0,0,71,0,15,30,70,82,5,1220,60,0,1,100,17,59,73,66,0,0,0,0,4,20,73,0,0,11,10,0,0,0,16,16,0,1,4,10,0,0,69,30,1023,60,2,-19,0,0,280
45,7,7,7,7,22,Jordan,Franks,0,84,0,0,12,86,0,7,8617,33,8617,85,27,0,0,81,1,0,0,74,0,0,77,0,63,1009,86,59,57,56,0,7,60,0,4,0,9,9,9,9,225,45,100,0,0,0,3,55,0,0,46,1,0,0,0,90,0,15,31,60,77,5,1387,67,0,1,100,17,74,64,64,0,0,0,0,6,24,67,0,0,37,13,0,0,0,4,4,0,3,40,23,0,0,76,86,1023,45,1,-19,0,0,258
45,4,4,4,4,6,Dee,Delaney,94,88,0,0,12,90,0,4,8618,6,8618,89,28,0,0,82,1,0,0,69,0,0,84,2,63,1009,88,49,35,35,0,8,55,0,0,0,2,2,4,4,115,30,0,0,0,1,3,60,0,0,30,2,1,0,0,0,0,15,14,63,79,5,3129,59,0,1,100,14,53,69,60,3,3,5,5,2,16,72,10,18,15,12,0,23,0,16,18,10,2,6,5,94,0,71,40,1023,45,2,-19,0,0,21
45,4,4,4,4,6,Jimmy,Murray,94,78,0,0,13,62,0,7,8621,33,8621,66,28,0,0,81,1,0,0,29,0,0,60,0,63,1009,85,37,62,65,0,8,8,0,0,0,1,1,1,1,79,45,100,0,0,1,3,38,0,0,61,2,1,0,0,94,0,15,30,54,65,5,2774,31,0,1,100,18,82,52,59,5,5,5,5,3,30,47,19,0,20,13,24,0,0,8,7,0,4,25,25,94,0,77,145,1023,10,1,-19,0,0,351
45,4,4,4,4,6,Chandon,Sullivan,175,91,0,66,15,91,0,4,8622,29,8622,88,27,0,0,82,1,0,0,68,0,0,86,1,63,1009,93,54,35,35,0,8,57,0,0,0,2,2,4,4,362,45,0,0,0,1,3,60,0,0,34,0,1,15,0,0,0,15,22,73,94,5,1260,60,0,1,100,18,58,78,77,3,3,5,5,0,19,87,10,18,15,12,0,23,0,16,18,10,2,8,3,109,0,71,29,1023,45,0,-19,0,0,21
45,4,4,4,4,19,Malik,Turner,94,82,0,0,15,90,0,9,8623,33,8623,88,27,0,0,77,1,0,0,80,0,0,85,2,63,1009,84,44,37,57,0,8,76,0,0,0,0,0,0,0,84,45,0,0,0,1,3,0,0,0,12,2,1,0,3,75,0,15,31,68,84,5,1305,71,6,1,100,18,65,64,60,2,2,2,2,1,22,89,10,5,10,7,10,5,0,3,3,20,4,12,6,94,0,74,42,999,67,0,-31,0,0,188
45,0,0,0,0,6,Levi,Wallace,799,91,0,296,11,93,0,0,8626,29,8626,90,28,0,0,83,1,0,0,76,0,0,85,2,63,1009,89,62,35,35,0,8,58,0,0,0,0,0,0,0,3,30,38,0,0,1,3,55,0,0,29,2,2,296,0,73,0,15,27,79,80,5,1126,65,0,1,100,10,56,83,83,0,0,0,0,4,18,85,0,0,65,12,0,0,0,16,16,0,1,2,3,799,0,72,19,1023,50,1,-19,0,0,105
45,4,4,4,4,6,Mike,Ford,150,87,0,32,15,93,0,4,8627,5,8627,91,28,0,0,76,1,0,0,70,0,0,93,1,63,1009,85,50,35,35,0,7,55,0,0,0,2,2,4,4,188,45,0,0,0,1,3,60,0,0,28,2,1,32,0,0,0,15,29,72,93,5,1250,62,0,1,100,21,58,77,68,3,3,5,5,3,19,83,10,18,15,11,0,23,0,16,16,10,5,9,5,150,0,72,34,1023,60,0,-19,0,0,21
45,7,7,7,7,6,Ryan,Neal,109,90,0,15,10,92,0,4,8628,6,8628,91,28,0,0,84,1,0,0,69,0,0,81,1,63,1009,88,69,35,35,0,7,44,0,0,0,9,9,9,9,178,32,0,0,0,1,3,60,0,0,23,2,1,15,0,0,0,15,26,81,89,5,1642,59,0,1,100,19,62,82,80,3,3,3,3,0,21,63,10,25,15,7,0,30,2,18,17,10,0,10,6,109,0,75,40,1023,35,0,-30,0,0,108
45,0,0,0,0,6,Mike,Love,0,70,0,0,13,81,0,0,8632,33,8632,77,29,0,0,84,1,0,0,39,0,0,75,2,63,1009,79,77,45,45,0,8,28,0,0,0,0,0,0,0,232,45,100,0,0,0,3,29,0,0,56,1,0,0,0,65,0,15,32,64,84,5,1316,51,0,1,100,17,78,68,60,0,0,0,0,4,32,44,0,0,21,12,0,0,0,11,10,0,1,31,20,0,0,75,95,1023,10,5,-19,0,0,249
45,0,0,0,0,6,Craig,James,0,85,0,0,11,89,0,0,8633,1009,8633,88,27,0,0,76,1,0,0,60,0,0,86,2,63,1009,83,55,10,18,0,8,43,0,0,0,0,0,0,0,178,45,100,0,0,0,3,55,0,0,31,2,0,0,0,73,0,15,25,64,80,5,1197,58,0,1,100,10,56,66,57,0,0,0,0,2,22,92,0,0,65,9,0,0,0,16,16,0,4,8,9,0,0,70,35,1023,84,1,-19,0,0,108
45,0,0,0,0,6,Joshua,Kalu,0,87,0,0,14,89,0,0,8634,1009,8634,86,28,0,0,78,1,0,0,72,0,0,89,2,63,1009,82,65,35,35,0,7,46,0,0,0,0,0,0,0,142,45,100,0,0,0,3,55,0,0,42,2,0,0,0,73,0,15,25,64,95,5,1365,60,0,1,100,18,59,73,60,0,0,0,0,5,20,68,0,0,65,9,0,0,0,17,16,0,2,9,6,0,0,72,43,1023,30,1,-19,0,0,51
45,7,7,7,7,6,Jalen,Davis,243,87,0,14,25,90,1,5,8636,2,8636,90,27,0,0,78,1,0,0,69,0,0,82,2,63,1009,86,57,35,35,0,7,52,0,0,0,2,2,4,4,234,45,100,0,0,2,3,7,0,0,35,2,2,14,0,71,0,15,30,63,86,5,1641,63,0,1,100,25,53,69,58,3,3,0,0,1,16,88,0,0,11,9,0,0,1,16,16,0,2,10,2,243,0,70,30,1023,73,3,-19,0,0,9
45,0,0,0,0,6,Jeremy,Reaves,262,88,0,0,13,87,0,0,8645,26,8645,84,27,0,0,84,1,0,0,59,0,0,75,2,63,1009,85,70,35,35,0,7,49,0,0,0,0,0,0,0,379,45,100,0,0,1,3,41,0,0,39,2,1,0,0,78,0,15,28,69,76,5,1696,64,0,1,100,16,60,75,75,0,0,0,0,2,20,66,0,0,46,7,0,0,0,18,17,0,1,8,5,262,0,71,40,1023,35,5,-19,0,0,26
45,0,0,0,0,10,Allen,Lazard,4180,84,0,872,13,92,0,0,8646,18,8646,89,28,0,0,92,1,0,0,88,0,0,82,1,63,1009,83,34,45,59,0,8,74,0,0,0,0,0,0,0,90,36,0,0,0,4,3,52,0,0,10,0,4,872,0,58,0,15,21,78,90,5,1258,75,0,1,100,18,71,78,84,0,0,0,0,5,26,64,0,0,20,12,0,0,0,3,3,0,8,31,11,4180,0,77,67,1023,50,0,-19,0,0,24
45,6,6,0,0,77,Kyle,Allen,109,71,0,10,15,79,0,7,8648,3,8648,81,27,0,0,84,1,0,0,24,0,0,75,0,63,1009,89,28,17,16,0,7,33,0,2,0,9,9,9,9,80,19,0,0,0,1,3,50,0,0,9,2,1,10,0,57,0,15,85,61,71,5,1261,56,0,1,100,18,53,66,61,1,1,7,7,0,16,65,0,0,46,13,0,0,0,0,0,0,3,7,11,109,0,75,50,1023,11,0,-19,0,0,12
45,4,4,4,4,6,Dallin,Leavitt,140,89,0,15,17,92,0,4,8649,20,8649,87,29,0,0,78,1,0,0,68,0,0,89,1,63,1009,86,65,35,35,0,7,48,0,0,0,2,2,4,4,234,45,0,0,0,1,3,60,0,0,6,2,1,15,0,0,0,15,26,63,85,5,1282,53,0,1,100,21,62,69,56,3,3,5,5,0,21,88,10,18,15,10,0,23,0,17,18,10,1,8,9,140,0,70,35,1023,45,1,-19,0,0,30
45,0,0,0,0,10,Chris,Lacy,185,79,0,0,13,88,0,0,8651,33,8651,87,27,0,0,83,1,0,0,79,0,0,76,2,63,1009,85,39,35,55,0,8,75,0,0,0,0,0,0,0,158,45,0,0,0,2,3,52,0,0,15,0,2,0,0,58,0,15,35,63,85,5,1153,70,0,1,100,20,59,61,58,0,0,0,0,5,18,78,0,0,20,11,0,0,0,3,3,0,1,10,12,185,0,75,45,1023,65,1,-19,0,0,147
45,0,0,0,0,6,Elijah,Nkansah,0,79,0,0,11,68,0,0,8653,33,8653,69,29,0,0,83,1,0,0,25,0,0,67,0,63,1009,88,30,64,65,0,8,5,0,0,0,0,0,0,0,218,45,100,0,0,0,3,38,0,0,65,0,0,0,0,94,0,15,15,58,70,5,1535,40,0,1,100,18,84,52,55,0,0,0,0,47,28,24,33,0,45,10,23,0,0,5,9,0,30,31,26,0,0,77,168,1023,10,4,-19,0,0,178
7,0,0,0,0,81,Kyler,Murray,27154,89,0,4060,15,94,0,7,8658,33,8658,92,26,0,0,85,0,4,4,50,0,0,90,2,1,1015,81,34,12,13,0,8,76,0,0,0,6,6,6,6,157,19,82,0,0,6,3,0,0,0,1,1,7,4060,0,63,0,1,90,79,64,4,34,69,0,1,100,19,59,78,72,4,4,4,4,3,20,65,15,10,20,10,7,2,0,0,0,10,0,7,9,27154,0,70,47,1023,10,4,-19,0,0,480
2,0,0,0,0,77,Drew,Lock,400,77,0,175,12,86,0,7,8660,28,8660,83,27,0,0,91,1,1,0,42,0,0,80,1,10,4,87,22,13,24,0,8,54,0,2,0,0,0,0,0,122,19,100,0,3,1,3,15,0,0,2,2,1,175,0,40,0,2,89,64,76,4,319,56,0,1,100,18,68,71,65,2,0,2,0,1,24,70,35,19,38,10,9,13,0,0,0,12,2,32,14,400,1,76,68,1023,20,1,-19,0,0,382
12,0,0,0,0,84,Daniel,Jones,16200,83,0,3600,50,88,0,7,8661,16,8661,88,26,0,0,94,0,0,0,38,0,0,84,1,6,1015,85,24,15,15,0,8,72,0,2,0,9,9,9,9,52,19,0,0,0,4,3,47,0,0,8,2,4,3600,0,77,0,1,87,75,80,4,61,52,0,1,100,60,67,78,74,1,1,7,7,1,24,79,9,11,18,10,6,16,0,0,0,55,3,18,10,16200,0,77,70,1023,10,4,-19,0,0,157
45,0,0,0,0,75,Jarrett,Stidham,1000,76,0,200,26,79,0,7,8662,4,8662,79,27,0,0,89,1,0,0,53,0,0,74,1,31,1009,85,20,19,19,0,7,36,0,2,0,0,0,0,0,14,45,0,2,3,2,3,54,0,0,4,2,2,200,0,73,0,4,86,62,76,4,735,60,0,1,100,32,62,68,66,2,0,2,0,9,2,51,8,23,19,7,7,9,0,0,0,54,1,17,7,1000,0,75,55,1023,10,0,-19,0,0,152
45,0,0,0,0,68,Will,Grier,0,75,0,0,44,82,0,9,8665,1009,8665,78,28,0,1,90,1,0,0,29,0,0,80,1,36,1009,89,21,13,17,0,7,50,0,0,0,0,0,0,0,254,45,0,2,2,0,3,41,0,0,7,1,0,0,0,80,0,3,86,55,82,4,636,58,0,1,100,55,57,58,52,1,2,2,2,0,20,86,35,10,11,7,15,3,0,0,0,52,5,8,5,0,0,74,60,1023,10,1,-19,0,0,418
45,0,0,0,0,67,Clayton,Thorson,0,73,0,0,17,84,0,7,8666,33,8666,80,28,0,0,85,1,0,0,39,0,0,77,0,29,1009,87,27,14,16,0,8,32,0,2,0,0,0,0,0,151,45,100,2,0,0,3,43,0,0,17,1,0,0,0,68,0,5,79,49,77,4,819,61,0,1,100,19,61,54,52,1,1,2,0,7,8,57,7,14,32,49,2,7,0,0,0,32,8,17,8,0,0,76,62,1023,10,2,-19,0,0,161
45,0,0,0,0,66,Tyree,Jackson,0,75,0,0,14,89,0,4,8667,1009,8667,83,26,0,0,87,0,0,0,73,0,0,83,1,63,1009,83,40,54,52,0,7,59,0,1,0,0,0,0,0,24,45,0,1,2,0,3,52,0,0,84,2,0,0,0,63,0,15,93,56,83,4,4852,68,0,1,100,26,74,59,56,0,2,0,2,6,5,53,19,14,22,53,2,10,0,4,0,30,5,20,0,0,1,79,85,1023,17,2,-19,0,0,264
45,4,4,0,0,65,Trace,McSorley,94,69,0,0,37,88,0,4,8668,33,8668,86,28,0,1,86,1,0,0,43,0,0,84,1,24,1009,87,46,17,19,0,8,65,0,0,0,0,0,0,0,164,19,0,0,0,1,3,60,0,0,0,1,1,0,0,63,0,6,84,56,80,4,917,65,0,1,100,34,59,61,61,1,1,4,4,1,20,88,7,12,21,10,7,1,0,0,0,16,1,8,6,94,0,72,41,1023,45,1,-19,0,0,130
45,0,0,0,0,71,Brett,Rypien,0,68,0,0,18,80,0,4,8669,1009,8669,75,27,0,0,81,1,0,0,46,0,0,77,1,63,1009,88,31,17,16,0,8,37,0,2,0,0,0,0,0,19,45,100,1,0,0,3,24,0,0,11,2,0,0,0,88,0,15,83,56,78,4,1370,55,0,1,100,21,52,61,60,2,2,2,2,2,16,64,25,19,11,9,17,8,0,0,0,30,5,6,5,0,0,74,42,1023,13,0,-19,0,0,160
45,0,0,0,0,77,Gardner,Minshew II,350,80,0,175,16,83,0,7,8670,10,8670,78,27,0,0,95,1,0,0,26,0,0,79,1,5,1009,92,31,15,23,0,7,57,0,0,0,0,0,3,3,251,45,0,0,0,1,3,54,0,0,10,1,1,175,0,62,0,6,85,67,81,4,851,60,0,1,100,20,62,69,68,1,1,7,7,5,21,66,38,11,28,8,15,0,0,0,0,15,1,25,14,350,0,73,65,1023,13,0,-19,0,0,274
45,0,0,0,0,70,Easton,Stick,123,79,0,15,28,87,0,4,8671,8,8671,85,28,0,0,90,1,0,0,27,0,0,91,1,28,1015,93,23,14,21,0,8,68,0,4,0,0,0,0,0,315,19,0,3,3,1,3,51,0,0,2,1,1,15,0,84,0,5,83,60,78,4,816,65,0,1,100,29,65,61,56,0,0,0,0,3,22,73,25,1,25,12,4,8,0,0,0,49,1,19,14,123,0,73,64,1023,10,4,-19,0,0,133
45,0,0,0,0,67,Brian,Lewerke,0,72,0,0,14,83,0,8,8672,33,8672,79,27,0,0,85,1,0,0,29,0,0,78,1,63,1009,89,26,13,13,0,7,46,10,2,0,0,0,0,0,118,45,100,0,2,0,3,35,0,0,6,2,0,0,0,61,0,15,83,50,80,3,2540,55,0,1,100,19,62,55,48,1,2,2,2,5,22,77,46,15,17,7,15,15,0,0,0,33,5,8,10,0,0,75,52,1023,10,2,-19,0,0,83
45,4,4,4,4,31,Josh,Jacobs,1009,97,0,0,10,92,0,4,8673,23,8673,90,25,2,0,95,0,3,3,71,0,0,87,1,24,1015,93,34,61,39,0,7,97,0,0,0,0,0,0,0,3,34,0,5,5,1,3,30,0,0,8,0,1,0,0,85,0,1,36,95,84,4,215,93,0,1,100,15,84,97,95,0,0,0,0,5,33,90,7,21,49,13,21,33,1,1,1,25,4,13,7,1009,1,70,60,1023,77,4,-19,0,0,461
45,7,7,7,7,22,Damien,Harris,177,86,0,60,12,91,0,7,8674,3,8674,90,26,0,0,88,0,0,0,68,0,0,85,1,23,1009,87,38,63,42,0,8,83,0,0,0,0,0,0,0,3,23,0,0,0,1,3,9,0,0,22,0,1,60,0,84,0,3,36,79,88,4,602,92,0,1,100,16,76,87,81,5,5,5,5,1,28,71,0,38,20,10,25,29,1,1,1,16,4,9,10,177,1,71,53,1023,76,0,-19,0,0,140
45,4,4,4,4,17,Justice,Hill,451,82,0,100,10,91,3,7,8675,25,8675,91,26,0,1,77,0,0,0,67,0,0,88,1,11,1015,81,25,55,30,0,7,70,0,0,0,0,0,0,0,158,45,0,0,0,2,3,26,0,0,43,1,2,100,0,63,0,4,24,73,91,4,685,85,0,1,100,14,67,78,74,2,2,2,2,5,24,75,27,36,40,12,21,12,3,1,1,11,1,6,6,451,1,70,40,1023,79,4,-19,0,0,367
45,4,4,4,4,27,Benny,Snell Jr,0,84,0,0,22,87,2,10,8681,33,8681,85,25,0,1,89,0,4,4,65,0,0,83,2,20,1015,94,37,54,41,0,7,81,0,2,0,0,0,1,1,98,45,0,0,0,0,3,30,0,0,24,0,0,0,0,57,0,4,32,72,73,4,704,91,0,1,100,20,74,81,77,6,6,2,2,3,27,56,14,14,29,13,9,20,2,1,1,20,6,32,13,0,0,70,64,1023,75,4,-19,0,0,244
45,5,5,5,5,15,Myles,Gaskin,97,87,0,0,12,90,0,4,8684,31,8684,88,26,0,0,86,0,0,0,75,0,0,82,1,20,1015,91,30,49,30,0,7,79,0,0,0,0,0,0,0,252,45,0,0,0,1,3,21,0,0,37,1,1,0,0,82,0,7,24,72,83,4,1009,89,0,1,100,17,73,83,76,4,4,4,4,1,26,69,2,36,45,12,26,29,0,1,1,32,5,12,4,97,0,70,34,1023,73,0,-19,0,0,388
45,1,1,1,1,15,Devin,Singletary,312,92,0,100,10,90,0,4,8686,32,8686,86,26,0,0,90,0,0,1,69,0,0,90,1,10,1009,94,37,58,31,0,7,83,0,0,0,0,0,0,0,308,22,0,0,0,1,3,37,0,0,26,1,1,100,0,89,0,3,24,80,84,4,515,87,4,1,100,14,70,85,83,3,3,3,3,2,25,67,55,22,26,13,1,2,2,1,1,37,2,7,11,312,1,67,43,1023,73,0,-19,0,0,506
45,4,7,4,7,32,David,Montgomery,1683,90,0,336,12,90,0,5,8687,19,8687,87,26,0,0,91,0,0,0,77,0,0,85,1,9,1015,88,30,67,46,0,7,86,0,0,0,0,1,0,1,90,45,0,0,3,3,3,6,0,0,5,1,3,336,0,98,0,3,38,82,75,4,514,93,0,1,100,17,74,89,83,0,4,0,4,1,27,51,33,33,29,13,4,32,1,1,1,11,4,34,11,1683,2,71,64,1023,45,0,-19,0,0,489
45,3,3,3,3,15,Qadree,Ollison,0,81,0,0,15,87,2,5,8688,1009,8688,86,27,0,0,80,1,1,1,61,0,0,79,1,14,1009,88,38,51,47,0,8,78,0,0,0,0,0,0,0,166,45,0,0,0,0,3,38,0,0,38,0,0,0,0,99,0,5,28,64,73,4,773,90,2,1,100,21,70,77,67,4,4,4,4,1,25,64,23,34,48,9,14,19,2,1,1,36,8,23,13,0,0,73,72,1023,50,0,-19,0,0,198
45,4,5,4,5,18,Jacques,Patrick,4,79,0,0,18,86,0,7,8692,33,8692,83,26,0,0,85,0,1,0,64,0,0,76,1,63,1009,87,44,56,48,0,8,79,8,4,0,0,0,0,0,64,45,0,0,2,1,3,28,0,0,31,2,1,0,0,98,0,15,28,61,74,4,2598,80,0,1,100,21,74,73,64,0,0,0,0,2,19,30,21,23,20,72,14,24,0,1,2,4,31,48,7,4,0,74,74,1023,50,0,-19,0,0,85
45,7,7,7,7,13,D.K.,Metcalf,7655,88,0,3000,13,94,0,7,8695,28,8695,95,26,0,0,96,0,0,0,91,0,0,84,1,32,1015,94,33,42,52,0,7,88,0,0,0,6,6,6,6,159,35,52,0,0,3,3,48,0,0,14,2,4,3000,0,76,0,2,34,88,95,4,456,74,0,1,100,18,79,85,88,7,7,7,7,0,30,65,20,15,48,12,2,13,2,3,3,36,1,30,14,7655,0,76,75,1023,40,4,-19,0,0,78
45,3,3,3,3,29,A.J.,Brown,10218,92,0,2320,16,93,0,4,8696,13,8696,91,26,0,0,90,0,0,0,93,0,0,87,1,19,30,86,23,41,56,0,8,89,0,0,0,4,4,0,0,159,35,28,0,0,4,3,18,0,0,11,2,5,2320,0,88,0,2,41,91,94,4,386,76,0,1,100,17,79,88,95,0,0,0,0,5,28,79,2,29,23,9,7,9,2,3,3,31,0,25,11,10218,0,73,66,1023,72,1,-19,0,0,411
45,7,7,7,7,10,Andy,Isabella,0,81,0,0,12,93,3,4,8697,1009,8697,94,27,0,1,83,1,0,0,79,0,0,87,1,30,1009,88,23,34,50,0,7,71,0,0,0,0,0,0,0,112,45,0,2,2,0,3,37,0,0,87,2,0,0,0,89,0,2,26,69,85,4,449,74,0,1,100,18,57,62,52,0,0,0,0,5,18,94,3,37,21,11,39,20,0,3,3,5,1,5,1,0,0,69,28,1023,75,1,-19,0,0,57
45,6,6,6,6,40,Diontae,Johnson,3977,94,0,1749,52,93,2,10,8698,29,8698,90,27,2,1,83,1,0,0,86,0,0,91,1,2,1015,89,29,28,47,0,8,78,0,0,0,0,0,0,0,218,36,30,0,0,2,3,60,0,0,18,2,3,1749,0,86,0,3,53,82,86,4,472,70,0,1,100,52,61,76,79,6,6,6,6,2,20,90,20,19,28,13,2,19,1,3,3,18,2,0,3,3977,0,70,23,1023,82,4,-19,0,0,124
45,2,2,2,2,10,J.J.,A-Whiteside,0,82,0,0,16,89,0,7,8700,33,8700,87,27,1,0,83,1,0,0,78,0,0,77,1,25,1015,87,36,50,53,0,8,74,0,0,0,0,9,0,9,200,45,9,0,2,0,3,84,0,0,82,2,0,0,0,77,0,2,34,64,88,4,418,77,0,1,100,19,74,56,45,4,0,4,0,3,27,79,0,35,28,9,11,21,0,3,3,1,1,33,12,0,1,74,65,1023,35,4,-19,0,0,214
11,7,7,7,7,10,Marquise,Brown,1551,89,0,0,16,94,0,5,8701,7,8701,97,26,0,1,86,0,0,0,90,0,0,96,1,25,25,86,18,23,41,0,7,74,6,0,0,6,6,6,6,157,35,8,0,0,1,3,53,0,0,2,2,2,0,0,86,0,1,22,84,85,4,224,72,0,1,100,19,44,81,80,7,7,7,7,0,12,95,5,13,46,13,25,23,0,3,3,39,5,8,8,1551,0,69,10,1023,78,1,-19,0,0,10
45,1,1,1,1,27,Deebo,Samuel,6832,95,0,1920,12,94,0,7,8702,15,8702,92,27,0,1,92,1,0,0,88,0,0,90,1,4,1015,88,46,38,53,0,8,92,0,0,0,0,0,0,0,176,36,10,3,3,3,3,28,0,0,19,2,4,1920,0,62,0,2,44,89,94,4,301,71,0,1,100,15,80,85,93,0,0,0,0,5,30,84,6,34,27,10,8,21,0,3,3,27,0,8,6,6832,0,72,55,1023,85,4,-19,0,0,17
45,7,7,7,7,10,Parris,Campbell,480,82,0,150,12,92,1,7,8703,16,8703,93,26,0,0,78,0,0,0,88,0,0,90,1,27,1009,80,38,43,50,0,8,74,0,0,0,0,0,0,0,156,36,22,2,2,1,3,5,0,0,0,2,1,150,0,89,0,2,26,77,89,4,436,73,1,1,100,14,56,77,76,0,0,0,0,3,18,65,12,19,45,11,2,18,1,3,3,0,5,8,9,500,0,72,48,1023,76,0,-19,0,0,210
45,7,7,7,7,40,Mecole,Hardman,187,85,0,60,32,96,3,4,8704,18,8704,96,25,0,0,73,0,0,1,85,0,0,92,1,24,1009,87,45,23,42,0,7,74,0,0,0,9,9,9,9,70,36,7,0,0,1,3,1,0,0,6,2,1,60,0,67,0,2,56,79,86,4,412,71,0,1,100,44,60,76,75,0,0,0,0,4,20,96,8,39,21,11,36,23,1,3,3,5,5,9,8,187,1,70,27,1023,85,0,-19,0,0,188
12,7,7,7,7,26,N'Keal,Harry,0,83,0,0,19,88,0,2,8705,33,8705,88,26,0,0,87,0,0,0,82,0,0,83,1,32,22,82,26,46,58,0,7,77,0,0,0,0,0,0,0,9,4,100,2,2,0,3,47,0,0,8,2,0,0,0,50,0,1,41,72,89,4,286,77,0,1,100,15,75,71,74,0,0,0,0,3,28,70,19,7,9,13,19,6,3,3,3,32,6,23,11,0,0,75,65,1023,74,1,-19,0,0,388
45,7,7,7,7,23,Miles,Boykin,94,80,0,0,11,89,0,4,8706,29,8706,91,27,0,1,77,1,2,2,83,0,0,88,1,29,1009,85,28,34,57,0,7,71,0,0,0,0,0,0,0,152,45,25,0,0,1,3,55,0,0,13,2,1,0,0,78,0,3,37,71,93,4,627,73,0,1,100,16,68,71,71,4,4,4,4,2,5,84,9,14,26,5,7,14,1,3,3,48,9,2,1,94,0,76,60,1023,42,1,-19,0,0,60
45,3,3,3,3,10,Terry,McLaurin,6579,96,0,2240,14,93,0,4,8711,26,8711,94,28,0,0,92,1,0,0,97,0,0,88,1,12,1015,93,41,37,50,0,8,81,0,0,0,0,0,0,0,156,35,26,0,0,3,3,41,0,0,17,2,4,2240,0,65,0,3,32,92,87,4,526,76,0,1,100,16,67,87,89,0,0,0,0,5,24,66,10,15,0,7,7,0,0,3,3,3,1,8,9,6579,0,72,50,1023,40,4,-19,0,0,77
45,6,4,6,4,48,Gary,Jennings,4,79,0,0,14,90,0,7,8712,33,8712,91,26,0,1,78,0,0,0,81,0,0,87,1,18,1009,90,47,32,49,0,7,71,0,0,0,0,0,0,0,254,45,12,0,0,1,3,46,0,0,23,2,1,0,0,70,0,4,59,67,88,4,700,69,0,1,100,19,67,61,49,3,0,3,0,5,19,80,1,26,34,31,5,23,1,3,3,41,6,12,10,4,0,73,56,1023,75,0,-19,0,0,334
45,7,7,7,7,64,David,Sills V,94,80,0,0,17,90,0,8,8716,33,8716,87,27,0,0,82,1,0,0,78,0,0,85,1,63,1009,79,25,35,45,0,8,70,0,2,0,0,0,0,0,254,45,100,0,0,1,3,54,0,0,13,2,1,0,0,96,0,15,73,66,89,4,1420,71,0,1,100,19,60,63,61,2,0,2,0,8,45,80,2,11,23,51,7,6,3,3,3,31,5,8,3,94,0,75,51,1023,50,4,-19,0,0,142
45,6,7,6,7,31,Lil'Jordan,Humphrey,0,80,0,0,12,85,0,10,8719,1009,8719,82,25,1,0,80,0,0,0,83,0,0,80,1,63,1009,88,31,29,58,0,8,77,0,2,0,0,7,0,7,214,45,100,2,0,0,3,2,0,0,17,2,0,0,0,70,0,15,40,66,83,4,1298,74,0,1,100,17,67,66,69,1,4,1,4,9,3,102,1,15,27,9,9,12,0,3,3,21,1,16,1,0,0,76,65,1023,75,0,-19,0,0,275
37,3,3,3,3,15,T. J.,Hockenson,2966,90,0,1550,34,87,0,7,8720,31,8720,83,26,0,1,89,0,0,0,93,0,0,83,1,8,19,88,46,58,64,0,7,69,0,2,0,7,7,7,7,89,2,0,0,0,5,3,50,0,0,87,1,5,1800,0,73,0,1,28,90,89,4,77,81,0,1,100,38,80,94,94,3,3,3,3,7,30,57,14,25,24,13,38,18,0,4,4,63,1,37,21,7539,0,77,84,1023,10,1,-19,0,0,133
45,6,6,6,6,15,Irv,Smith Jr,175,87,0,40,12,83,0,7,8721,2,8721,85,25,0,1,87,0,1,1,84,0,0,75,1,18,1015,83,34,58,64,0,7,67,0,2,0,8,8,8,8,3,45,97,0,0,1,3,26,0,0,81,2,1,40,0,89,0,2,23,75,79,4,383,76,0,1,100,18,71,79,78,2,2,2,2,3,26,62,27,10,42,10,8,10,1,4,4,2,5,34,20,175,0,74,80,1023,41,0,-19,0,0,240
37,7,7,7,7,15,Noah,Fant,906,87,0,0,12,92,0,4,8722,28,8722,88,26,0,0,82,0,0,0,91,0,0,88,1,20,4,90,41,58,58,0,7,67,0,0,0,0,0,0,0,89,4,0,0,0,1,3,32,0,0,87,1,2,0,0,82,0,1,28,78,89,4,159,76,0,1,100,17,72,81,72,3,3,3,3,3,26,55,25,15,20,12,24,12,0,4,4,39,4,33,20,906,0,76,89,1023,10,1,-19,0,0,425
45,7,7,7,7,23,Dawson,Knox,5474,90,0,700,12,91,3,2,8724,3,8724,87,27,0,0,85,1,0,0,87,0,0,85,1,32,1015,89,31,63,67,0,7,53,0,0,0,0,0,0,0,159,45,0,0,0,4,3,78,0,0,88,1,5,700,0,3,0,3,41,83,91,4,630,71,0,1,100,14,72,84,85,7,7,7,7,4,26,48,56,25,25,10,16,16,0,4,4,14,5,41,21,5474,0,76,94,1023,25,4,-19,0,0,109
45,5,5,5,5,6,Nick,Thurman,87,72,0,0,14,75,0,2,8725,21,8725,65,28,0,0,88,1,0,0,29,0,0,66,2,63,1009,88,81,45,45,0,8,15,0,0,0,0,0,0,0,80,45,100,0,0,1,3,65,0,0,76,1,1,0,1,75,0,15,20,64,80,4,1072,32,0,1,100,19,84,71,63,0,0,0,0,6,32,33,17,17,34,12,20,25,0,12,11,57,8,38,25,87,0,76,145,1023,10,0,-19,0,0,97
45,6,6,6,6,10,Alize,Mack,4,81,0,0,15,85,0,7,8726,33,8726,82,26,0,0,76,0,0,0,75,0,0,75,1,17,1009,87,29,53,51,0,7,55,0,0,0,0,0,0,0,152,45,100,0,0,1,3,24,0,0,87,2,1,0,0,70,0,7,26,57,86,4,1004,69,0,1,100,19,74,56,54,4,4,4,4,6,11,63,22,29,45,59,29,19,1,4,4,62,13,7,24,4,1,76,89,1023,35,0,-19,0,0,346
45,6,6,6,6,15,Foster,Moreau,0,87,0,0,13,85,0,4,8727,27,8727,82,26,0,1,84,0,1,1,88,0,0,82,1,35,1009,92,33,61,62,0,7,61,0,2,0,0,0,0,0,106,45,0,0,0,3,3,46,0,0,82,2,3,0,0,2,0,4,25,74,86,4,742,75,0,1,100,17,76,80,76,0,0,0,0,6,28,49,6,22,48,11,28,18,0,4,4,39,5,25,23,1200,0,76,90,1023,40,0,-19,0,0,164
45,6,4,6,4,10,Kaden,Smith,0,81,0,0,10,81,0,4,8729,33,8729,76,26,0,1,83,0,0,0,80,0,0,80,1,3,1009,84,27,61,66,0,8,58,0,0,0,9,0,9,0,200,45,0,0,0,0,3,33,0,0,45,2,0,0,0,64,0,6,25,65,81,4,844,71,0,1,100,12,71,65,57,3,0,3,0,6,26,49,52,24,22,11,24,28,0,4,4,65,8,36,25,0,0,77,89,1023,10,4,-19,0,0,308
45,6,4,6,4,10,Kendall,Blanton,101,84,0,0,14,81,0,2,8730,33,8730,76,28,0,0,81,1,0,0,77,0,0,72,1,63,1009,89,23,55,56,0,8,57,0,2,0,0,0,0,0,122,45,100,0,0,1,3,7,0,0,80,2,1,0,0,69,0,15,19,60,76,4,1443,68,0,1,100,17,77,62,68,0,4,0,4,7,29,43,24,29,22,12,29,22,1,2,4,77,5,41,22,101,0,78,102,1023,10,1,-19,0,0,408
45,4,7,4,7,20,Tommy,Sweeney,94,83,0,0,19,81,0,7,8731,33,8731,77,28,1,1,85,1,1,0,79,0,0,76,1,14,1009,88,27,57,61,0,8,58,0,0,0,7,0,7,0,20,45,0,0,2,1,3,46,0,0,89,2,1,0,0,78,0,7,30,64,78,4,997,73,0,1,100,21,73,66,64,3,0,3,0,7,26,46,58,16,20,13,24,14,0,4,4,73,8,37,24,94,0,77,91,1023,18,4,-19,0,0,95
12,6,6,6,6,6,Andre,Dillard,2641,84,0,357,21,80,0,4,8732,30,8732,73,28,0,0,86,1,1,1,22,0,0,71,1,22,1009,86,36,78,72,1,8,7,0,0,0,0,0,0,0,251,4,0,0,0,3,3,44,0,0,71,2,3,357,0,58,0,1,30,72,72,4,192,38,3,1,100,22,86,71,79,2,2,2,2,18,33,43,24,21,27,11,15,29,1,5,5,51,21,44,22,2641,0,77,155,1023,10,0,-19,0,0,297
12,4,4,4,4,6,Jonah,Williams,3020,89,0,1355,16,72,0,7,8733,2,8733,69,26,0,0,87,0,0,1,34,0,0,67,1,11,1015,88,39,79,72,0,8,15,0,2,0,1,1,1,1,3,4,100,0,0,1,3,30,0,0,73,2,5,1355,0,3,0,1,30,75,70,4,95,43,0,1,100,14,85,73,88,6,6,6,6,5,32,49,23,10,25,13,25,30,0,5,5,71,9,33,26,3020,0,76,152,1023,10,4,-19,0,0,418
45,5,5,5,5,6,Jawaan,Taylor,7998,90,0,1888,20,60,0,7,8734,9,8734,65,26,0,0,84,0,3,3,35,0,0,64,1,3,1009,94,38,84,68,2,8,6,0,0,0,0,0,0,0,62,45,0,0,0,4,3,2,0,0,74,0,4,1888,0,76,0,2,19,78,72,4,298,30,0,1,100,22,87,73,83,2,2,2,2,7,34,37,21,30,31,7,21,34,0,9,5,44,27,32,28,7998,0,77,152,1023,10,0,-19,0,0,124
45,3,3,3,3,6,Greg,Little,0,82,0,0,28,67,0,4,8735,33,8735,61,26,0,0,88,0,2,2,32,0,0,59,1,5,1009,81,29,67,71,0,8,8,0,0,0,0,0,0,0,159,45,0,0,0,1,3,2,0,0,0,2,1,0,0,53,0,2,21,65,72,4,302,27,0,1,100,19,84,64,76,3,3,3,3,4,33,32,17,19,27,13,25,3,0,9,5,56,7,27,26,94,0,77,162,1023,8,0,-19,0,0,147
45,3,3,3,3,6,Yodny,Cajuste,274,82,0,0,21,58,0,7,8736,33,8736,63,27,0,0,84,1,1,1,22,0,0,59,1,37,1009,79,36,63,71,0,8,7,0,0,0,0,0,0,0,254,45,100,0,0,1,3,24,0,0,72,2,1,0,0,6,0,3,30,63,62,4,642,38,0,1,100,22,88,61,73,2,2,2,2,10,32,42,15,11,27,11,19,14,0,9,5,100,9,39,29,274,0,77,150,1023,10,4,-19,0,0,445
45,2,2,2,2,6,Dennis,Daley,319,84,0,34,11,66,0,7,8737,33,8737,65,27,0,0,83,1,0,1,27,0,0,56,1,39,21,86,41,65,72,0,8,5,0,0,0,0,0,0,0,176,45,0,0,0,2,3,24,0,0,71,0,2,34,0,92,0,6,33,64,67,4,957,40,0,1,100,21,82,62,76,2,2,2,2,7,31,26,15,24,21,7,18,39,0,6,5,45,16,45,27,319,0,78,166,1023,10,1,-19,0,0,29
45,3,3,3,3,6,Bobby,Evans,0,81,0,0,12,65,0,4,8740,33,8740,66,26,0,0,83,0,0,1,50,0,0,56,1,33,1015,85,33,64,70,0,8,22,0,0,0,2,2,2,2,157,45,0,0,0,0,3,28,0,0,71,0,0,0,0,66,0,3,26,65,69,4,632,47,0,1,100,18,85,61,76,3,3,3,3,14,32,32,22,42,26,7,16,18,1,8,5,5,24,28,30,0,0,76,152,1023,10,4,-19,0,0,407
45,5,3,5,3,6,Ryan,Bates,1700,82,0,200,12,80,0,5,8741,3,8741,69,26,0,0,87,0,0,0,20,0,0,68,1,63,13,91,31,77,72,0,8,11,0,0,0,0,0,0,0,164,45,0,0,0,3,3,57,0,0,71,2,4,200,0,78,0,15,17,74,68,4,1115,26,0,1,100,15,86,73,82,2,2,2,2,10,33,37,17,13,35,9,16,16,0,8,5,69,7,23,29,1700,0,76,142,1023,11,4,-19,0,0,418
45,1,1,1,1,6,Michael,Deiter,0,85,0,0,12,69,0,7,8744,1009,8744,65,27,0,0,83,1,0,1,30,0,0,57,1,14,1009,87,38,68,69,2,8,5,0,4,0,8,8,8,8,258,45,0,0,0,0,3,7,0,0,63,0,0,12,0,86,0,3,22,64,70,4,544,40,0,1,100,17,86,63,74,3,3,3,3,11,33,38,21,6,29,8,23,27,1,8,6,39,18,29,23,0,0,78,155,1023,10,0,-19,0,0,272
45,1,0,1,0,6,Hjalte,Froholdt,458,79,0,110,20,66,0,4,8746,7,8746,65,27,0,0,86,1,0,1,42,0,0,67,1,16,1009,89,44,69,66,0,8,14,0,2,0,0,2,0,2,10,45,100,0,0,2,3,4,0,0,72,2,2,110,0,56,0,4,10,65,69,4,696,30,0,1,100,30,91,64,76,2,2,2,2,46,24,33,37,42,27,57,24,0,0,7,6,80,37,6,28,458,0,77,150,1023,10,0,-19,0,0,359
45,3,3,3,3,6,Ben,Powers,5150,85,0,1300,11,71,0,7,8747,4,8747,68,27,0,0,87,1,1,1,37,0,0,64,1,21,1009,89,38,85,69,0,8,9,0,1,0,7,7,7,7,157,25,0,0,0,4,3,7,0,0,74,0,4,1300,0,85,0,4,25,81,72,4,706,40,0,1,100,11,83,75,85,2,2,2,2,5,32,41,15,34,21,10,24,1,0,6,6,39,7,44,27,5150,0,76,178,1023,10,0,-19,0,0,167
45,3,3,3,3,6,Ross,Pierschbacher,101,77,0,0,11,65,0,4,8749,33,8749,65,28,0,1,82,1,1,0,26,0,0,61,1,15,1009,86,32,68,69,0,8,6,0,2,0,0,0,0,0,3,45,0,0,0,1,3,25,0,0,66,2,1,0,0,6,0,5,25,62,60,4,775,23,0,1,100,11,80,60,71,2,2,2,2,15,30,36,18,36,21,9,16,25,0,7,6,72,16,38,29,101,0,76,155,1023,10,1,-19,0,0,170
45,3,0,3,0,6,Zack,Bailey,0,83,0,0,15,70,0,8,8751,1009,8751,65,28,0,0,83,1,0,0,29,0,0,61,1,63,1009,82,30,63,62,0,8,8,0,2,0,0,0,0,0,176,45,0,3,0,0,3,44,0,0,78,2,0,0,0,90,0,15,26,56,70,4,1326,33,0,1,100,18,84,49,54,0,3,0,3,3,32,39,24,38,21,7,19,37,0,5,6,100,7,22,25,0,0,77,139,1023,10,1,-19,0,0,7
12,3,3,3,3,6,Garrett,Bradbury,1566,87,0,381,20,80,0,4,8752,31,8752,74,28,0,0,89,1,0,0,56,0,0,72,1,18,1015,89,44,73,79,0,8,38,0,2,0,1,1,1,1,138,45,61,0,0,3,3,37,0,0,56,2,3,381,0,50,0,1,30,76,76,4,150,46,2,1,100,21,90,76,82,0,0,0,0,28,34,19,26,11,39,11,27,19,0,7,7,39,45,35,26,1566,0,75,140,1023,10,4,-19,0,0,214
45,5,5,5,5,6,Elgton,Jenkins,7288,89,0,2400,14,73,0,4,8753,20,8753,70,28,0,0,87,1,0,0,26,0,0,63,1,12,1015,87,38,88,85,0,8,11,0,0,0,0,0,0,0,121,2,0,0,0,4,3,23,0,0,74,2,5,2400,0,63,0,2,24,87,70,4,336,25,0,1,100,19,89,88,94,2,2,2,2,10,34,40,19,41,31,13,23,19,1,6,7,100,19,43,25,7288,0,77,151,1023,10,4,-19,0,0,493
45,3,3,3,3,10,Connor,McGovern,2035,85,0,600,25,61,0,7,8754,3,8754,66,26,0,0,84,0,0,0,35,0,0,62,1,27,1009,89,40,78,69,0,8,5,0,2,0,0,0,0,0,164,45,100,0,0,3,3,54,0,0,66,2,3,600,0,2,0,3,30,74,67,4,611,40,0,1,100,25,88,71,84,5,5,5,5,7,34,49,25,25,28,12,21,30,0,6,6,10,7,31,23,2035,0,77,148,1023,10,0,-19,0,0,63
45,1,1,1,1,6,Michael,Jordan,0,83,0,0,22,63,0,7,8755,33,8755,63,25,0,0,84,0,0,0,30,0,0,60,1,34,1009,90,34,64,69,0,8,9,0,0,0,2,2,2,2,156,45,30,0,0,1,3,6,0,0,73,2,1,0,0,68,0,4,25,63,79,4,738,40,8,1,100,24,79,59,75,0,0,0,0,7,30,34,17,5,34,12,24,15,0,6,7,80,27,36,26,0,0,78,155,1023,10,2,-19,0,0,497
45,5,5,5,5,6,Erik,McCoy,6340,88,0,960,21,78,0,4,8756,27,8756,73,26,2,1,88,0,0,0,30,0,0,62,1,16,1015,87,35,82,79,0,8,9,0,0,0,1,1,1,1,215,45,0,0,0,5,3,7,0,0,78,2,6,960,0,8,0,2,22,79,76,4,367,30,0,1,100,22,87,80,85,2,2,2,2,5,34,33,19,26,27,7,15,36,0,7,7,54,6,32,24,6340,0,76,143,1023,10,4,-19,0,0,180
45,0,6,0,6,6,Sam,Mustipher,0,89,0,0,25,58,0,1,8757,1009,8757,56,27,0,0,88,1,0,0,25,0,0,54,1,63,1009,90,37,69,72,0,8,6,0,0,0,0,0,0,0,152,45,100,0,0,0,3,10,0,0,61,0,0,0,0,72,0,15,30,69,67,4,1498,40,0,1,100,25,83,65,84,2,3,2,3,26,32,25,31,26,39,13,29,6,0,7,7,103,45,36,23,0,0,74,172,1023,10,0,-19,0,0,494
45,6,6,6,6,6,Cody,Ford,94,83,0,0,12,68,0,10,8765,2,8765,65,27,0,0,88,1,0,0,23,0,0,56,1,6,1009,84,14,71,72,0,8,8,0,0,0,0,0,0,0,157,45,0,0,0,1,3,13,0,0,61,0,1,0,0,62,0,2,16,69,71,4,312,36,0,1,100,14,87,64,70,5,5,5,5,40,34,27,25,46,33,9,22,7,0,8,8,86,37,40,25,94,0,75,169,1023,10,0,-19,0,0,5
24,2,2,2,2,6,Chris,Lindstrom,11570,91,0,3300,25,81,0,7,8766,14,8766,76,26,0,0,92,0,1,0,26,0,0,69,1,14,1015,94,32,86,95,0,8,8,0,0,0,1,1,1,1,20,2,0,0,0,6,3,2,0,0,63,0,6,3300,0,75,0,1,23,93,75,4,124,19,0,1,100,25,92,96,98,0,0,0,0,38,34,33,25,41,37,8,22,36,0,8,8,77,29,36,26,11570,0,75,147,1023,10,4,-19,0,0,336
45,4,4,4,4,6,Alex,Bars,150,84,0,16,12,58,0,4,8768,33,8768,63,28,0,0,84,1,0,1,24,0,0,62,1,63,1009,89,30,71,65,0,8,6,0,2,0,0,6,0,6,152,45,100,0,0,1,3,55,0,0,64,0,1,16,0,62,0,15,11,64,70,4,1494,31,0,1,100,15,83,61,75,4,0,4,0,14,32,41,19,30,20,13,24,18,0,8,8,104,16,42,24,150,0,77,174,1023,10,1,-19,0,0,308
45,5,0,5,0,6,Nate,Herbig,800,84,0,292,11,65,0,7,8769,29,8769,59,25,0,0,86,0,0,0,23,0,0,54,1,63,1009,88,14,67,68,0,8,8,0,0,0,0,0,0,0,200,45,0,0,0,2,3,6,0,0,71,0,2,292,0,0,0,15,16,65,62,4,1191,34,0,1,100,14,84,61,77,4,3,4,3,14,32,42,24,12,34,9,19,11,0,8,8,32,24,38,22,800,0,76,174,1023,10,0,-19,0,0,159
45,3,3,3,3,6,Dalton,Risner,0,86,0,0,12,64,0,7,8772,33,8772,62,28,0,0,90,1,0,0,31,0,0,61,1,9,1015,90,44,80,76,0,8,10,0,2,0,0,0,0,0,96,45,0,0,0,0,3,17,0,0,66,0,0,0,0,9,0,2,26,78,71,4,317,34,0,1,100,18,86,76,88,5,5,5,5,12,34,40,25,21,32,12,24,38,0,6,9,68,22,29,25,0,0,77,152,1023,10,4,-19,0,0,418
12,6,6,6,6,6,Kaleb,McGary,3450,87,0,600,15,75,0,7,8773,14,8773,71,28,0,0,98,1,0,0,52,0,0,62,1,31,1015,90,34,70,89,0,8,35,0,2,0,1,1,1,1,252,45,0,0,0,3,3,10,0,0,76,0,3,600,0,75,0,1,30,78,81,4,284,46,0,1,100,20,87,81,89,0,0,0,0,6,34,43,21,26,29,10,15,30,0,9,9,39,10,27,24,3450,0,78,146,1023,10,4,-19,0,0,359
45,3,3,3,3,6,Nate,Davis,2992,87,0,600,21,65,0,7,8774,1,8774,64,27,0,0,87,1,1,1,25,0,0,61,1,18,1009,85,45,71,82,0,8,7,0,0,0,0,0,0,0,423,45,0,0,0,3,3,48,0,0,64,2,3,600,0,50,0,3,30,76,66,4,569,40,0,1,100,24,90,74,84,0,0,0,0,46,35,14,22,6,43,8,35,15,0,8,9,71,24,41,26,2992,0,75,156,1023,10,0,-19,0,0,417
45,2,2,2,2,6,Chuma,Edoga,109,83,0,15,30,69,0,7,8775,11,8775,66,26,0,0,79,0,0,0,29,0,0,68,1,28,1009,83,36,71,71,0,8,9,0,0,0,2,2,2,2,231,45,0,0,0,1,3,36,0,0,71,2,1,15,0,66,0,3,23,69,63,4,621,24,0,1,100,40,84,64,77,0,0,0,0,44,32,27,33,24,32,9,35,18,0,5,9,64,20,30,23,109,0,75,148,1023,6,0,-19,0,0,388
45,4,4,4,4,5,Isaiah,Prince,101,83,0,0,12,73,0,7,8776,14,8776,69,26,0,0,85,0,0,0,27,0,0,56,1,29,1009,87,33,63,70,0,8,6,0,0,0,0,0,0,0,156,45,0,3,3,1,3,32,0,0,75,0,1,0,0,97,0,6,11,62,68,4,933,40,8,1,100,15,85,59,66,0,0,0,0,6,32,46,22,55,33,7,17,12,0,9,9,77,10,37,28,101,0,79,145,1023,10,0,-19,0,0,45
45,6,6,6,6,34,David,Edwards,177,90,0,60,11,71,0,4,8777,3,8777,63,26,0,0,90,0,1,1,46,0,0,63,1,31,1009,92,39,73,77,2,8,36,0,2,0,1,1,1,1,258,45,0,0,0,1,3,46,0,0,76,2,1,60,0,6,0,5,40,72,65,4,823,45,0,1,100,21,82,71,83,5,5,5,5,3,32,33,25,21,22,9,15,26,0,6,9,27,5,23,23,177,0,78,148,1023,10,0,-19,0,0,142
12,4,4,4,4,37,Tytus,Howard,2542,87,0,865,16,69,0,7,8778,32,8778,71,27,0,0,85,1,1,1,28,0,0,61,1,23,1015,86,23,80,76,0,8,37,0,0,0,0,0,0,0,5,45,0,3,3,1,3,49,0,0,71,2,5,865,0,69,0,1,53,75,73,4,198,24,0,1,100,20,85,76,84,0,0,0,0,15,32,38,24,11,35,9,25,9,0,9,9,89,18,24,30,2542,0,77,162,1023,10,4,-19,0,0,51
45,3,3,3,3,6,Max,Scharping,128,86,0,15,25,66,0,4,8779,2,8779,63,27,0,0,88,1,0,0,35,0,0,61,1,23,1009,89,42,65,71,0,8,6,0,2,0,0,0,0,0,137,45,0,0,0,1,3,0,0,0,74,0,1,15,0,9,0,2,30,66,70,4,404,40,0,1,100,25,86,63,76,2,2,2,2,16,33,28,16,26,21,13,17,3,0,8,9,51,15,22,27,128,0,78,167,1023,10,0,-19,0,0,145
12,3,3,3,3,6,Rashan,Gary,2676,82,0,1195,10,89,0,10,8780,20,8780,86,26,0,0,84,0,1,1,30,0,0,79,1,12,1015,90,86,45,45,0,8,20,0,0,0,0,0,0,0,117,3,18,0,0,1,3,24,0,0,52,2,5,1195,0,77,0,1,23,88,89,4,109,32,0,1,100,10,83,93,91,3,3,3,3,3,32,46,38,26,4,8,11,18,2,15,10,34,9,38,28,2676,0,77,117,1023,10,4,-19,0,0,105
45,5,5,5,5,6,Christian,Miller,0,75,0,0,11,86,2,4,8781,33,8781,77,27,0,0,78,1,0,0,34,0,0,71,1,13,1015,86,76,45,45,0,8,19,0,0,0,0,0,0,0,3,45,0,6,6,0,3,45,0,0,55,2,0,0,0,53,0,4,21,65,91,4,687,38,0,1,100,17,71,71,65,0,0,0,0,8,32,49,3,56,33,34,7,24,0,10,10,65,7,31,34,0,0,75,85,1023,10,3,-19,0,0,381
45,5,5,5,5,6,Zach,Allen,4200,83,0,1125,12,78,0,7,8782,4,8782,74,26,0,1,87,0,0,0,50,0,0,74,1,1,1009,89,86,49,50,0,8,36,0,2,0,8,8,8,8,20,45,36,0,0,3,3,29,0,0,99,1,3,1125,0,6,0,3,22,79,78,4,464,42,0,1,100,15,85,85,86,4,4,4,4,3,32,47,23,13,31,11,25,11,0,11,10,59,7,36,22,4200,0,76,121,1023,10,0,-19,0,0,327
45,4,6,4,6,6,Oshane,Ximines,0,76,0,0,19,78,0,4,8783,1009,8783,80,27,0,0,87,1,0,0,50,0,0,81,1,31,1015,85,79,45,26,0,8,11,0,2,0,0,0,0,0,380,45,12,0,1,0,3,3,0,0,53,2,0,10,0,99,0,3,22,72,82,4,629,46,0,1,100,20,78,78,79,1,2,1,2,7,28,69,33,41,38,12,37,18,0,13,10,15,3,26,23,0,0,76,94,1023,9,4,-19,0,0,515
45,4,4,4,4,6,Anthony,Nelson,734,79,0,176,19,86,0,4,8784,6,8784,78,26,0,0,86,0,2,2,47,0,0,82,1,5,1015,92,77,44,44,0,8,28,0,2,0,0,0,0,0,89,45,0,0,0,2,3,40,0,0,98,2,2,176,0,70,0,4,22,69,85,4,666,33,0,1,100,20,77,75,72,6,6,6,6,3,28,54,33,19,42,10,36,8,0,13,10,15,7,37,22,734,1,79,111,1023,9,4,-19,0,0,176
45,7,7,7,7,6,Carl,Granderson,518,77,0,16,14,83,0,10,8786,27,8786,79,27,0,0,84,1,0,0,38,0,0,73,1,63,1009,89,88,45,45,0,8,26,0,0,0,0,0,0,0,260,45,100,0,0,1,3,26,0,0,96,2,2,16,0,74,0,15,24,73,84,4,1302,29,0,1,100,18,75,79,70,0,0,0,0,7,28,54,9,20,32,11,21,19,3,11,10,21,5,35,27,518,1,77,101,1023,28,4,-19,0,0,506
45,4,7,4,7,30,John,Cominsky,850,81,0,240,10,83,0,4,8787,19,8787,82,28,0,0,90,1,0,0,40,0,0,80,1,33,1009,90,76,52,50,0,8,35,0,2,0,0,0,0,0,35,45,0,2,2,2,3,3,0,0,79,2,2,240,0,8,0,4,39,70,80,4,737,48,0,1,100,18,84,72,62,3,0,3,0,4,32,32,17,23,24,9,18,16,0,11,10,64,10,26,28,850,0,77,125,1023,10,1,-19,0,0,161
45,6,3,6,3,6,Jordan,Brailford,0,79,0,0,20,88,0,7,8788,33,8788,84,28,0,0,86,1,0,0,47,0,0,70,1,39,1009,80,69,45,45,0,8,32,0,0,0,0,0,0,0,158,45,100,2,2,0,3,13,0,0,49,2,0,0,0,66,0,7,26,62,89,4,1078,46,0,1,100,24,76,67,57,3,4,3,4,6,28,46,5,23,38,9,9,11,1,10,10,31,0,36,20,0,0,75,92,1023,15,2,-19,0,0,514
45,5,5,5,5,6,Austin,Bryant,96,77,0,0,11,81,0,7,8789,15,8789,77,27,0,0,79,1,3,3,35,0,0,72,1,15,1009,86,76,45,45,0,8,18,0,0,0,0,0,0,0,38,45,100,0,0,1,1,31,0,0,56,0,1,0,0,61,0,4,21,68,79,4,693,31,0,1,100,17,78,75,74,7,7,7,7,5,29,43,34,41,33,12,38,3,2,10,10,81,7,41,24,96,0,77,90,1023,10,0,-19,0,0,94
45,6,6,6,6,6,Maxx,Crosby,9816,90,0,1300,12,88,0,7,8790,23,8790,84,26,0,0,86,0,1,0,41,0,0,84,1,4,1015,94,91,45,45,0,8,27,0,1,0,3,3,3,3,58,41,0,0,0,4,3,44,0,0,98,2,5,1300,0,88,0,4,22,94,85,4,657,41,0,1,100,17,83,99,98,0,0,0,0,7,28,55,14,20,26,13,16,29,0,10,10,24,5,29,22,9816,0,77,95,1023,20,4,-19,0,0,284
45,5,3,5,3,6,Porter,Gustin,0,76,0,0,14,89,0,9,8791,33,8791,83,26,0,0,85,0,0,0,50,0,0,82,1,63,1009,82,81,45,45,0,8,28,0,2,0,0,9,0,9,231,45,0,0,0,0,3,27,0,0,96,0,0,0,0,95,0,15,25,65,86,4,2829,40,9,1,100,19,84,75,58,1,4,1,4,6,32,65,5,12,41,13,47,22,1,10,10,68,7,25,23,0,0,77,97,1023,10,4,-19,0,0,418
45,6,6,6,6,6,Ben,Banogu,0,73,0,0,10,88,0,4,8793,33,8793,85,27,0,0,82,1,0,0,32,0,0,82,1,17,1015,88,71,45,45,0,8,15,0,0,0,6,6,6,6,207,39,0,0,0,0,3,29,0,0,52,0,0,0,0,98,0,2,22,68,84,4,376,34,0,1,100,14,80,74,64,7,7,7,7,6,30,59,28,37,24,9,9,4,0,10,10,10,6,22,23,0,0,75,92,1023,10,4,-19,0,0,378
3,7,7,7,7,6,Nick,Bosa,5158,87,0,2800,17,92,0,7,8794,33,8794,79,26,0,1,90,0,0,0,45,0,0,87,1,2,1015,87,96,45,45,0,8,21,0,0,0,0,0,0,0,156,40,0,0,0,1,3,40,0,0,97,2,5,2800,0,85,0,1,25,98,81,4,35,38,0,1,100,17,91,99,99,5,5,5,5,3,34,58,32,16,50,9,36,14,0,11,11,39,8,41,28,5158,0,76,106,1023,10,4,-19,0,0,170
12,5,5,5,5,6,Clelin,Ferrell,246,74,0,66,13,85,0,5,8795,15,8795,82,26,0,0,85,0,0,0,46,0,0,76,1,4,1009,89,83,45,45,0,8,13,0,0,0,2,2,3,3,38,39,71,0,0,1,1,34,0,0,94,2,1,66,0,93,0,1,26,74,81,4,43,30,0,1,100,19,83,82,74,2,2,2,2,6,32,46,14,21,31,7,7,15,0,11,11,29,4,26,27,246,1,76,105,1023,10,0,-19,0,0,33
12,3,3,3,3,6,Montez,Sweat,2314,81,0,810,16,92,0,7,8796,26,8796,90,27,0,0,88,1,0,0,57,0,0,82,1,26,1015,87,85,45,45,0,8,31,0,0,0,4,4,4,4,121,39,0,0,0,1,3,36,0,0,90,2,5,810,0,1,0,1,22,82,86,4,227,56,0,1,100,14,80,90,77,3,3,3,3,6,30,50,47,49,6,7,30,23,2,11,11,65,4,30,27,2314,0,78,102,1023,10,4,-19,0,0,147
3,4,4,4,4,6,Brian,Burns,2955,84,0,980,17,91,0,7,8800,21,8800,88,25,0,0,87,0,0,0,48,0,0,88,1,16,1015,93,82,45,45,0,8,21,0,0,0,7,7,7,7,64,39,0,0,0,1,3,5,0,0,0,2,5,980,0,84,0,1,24,87,86,4,129,41,0,1,100,15,76,94,95,3,3,3,3,6,28,54,43,15,41,13,18,23,2,15,11,18,4,27,23,2955,0,77,90,1023,10,4,-19,0,0,60
45,6,6,6,6,33,Chase,Winovich,0,74,0,0,16,89,0,9,8802,1009,8802,85,28,0,1,95,1,0,0,50,0,0,83,1,13,1009,84,79,45,45,0,8,34,0,1,0,0,0,0,0,117,39,12,0,0,0,3,41,0,0,50,0,0,50,0,72,0,3,51,71,76,4,533,57,0,1,100,21,78,78,66,3,3,3,3,4,29,39,54,21,42,11,37,22,1,11,11,17,9,19,21,0,0,75,90,1023,40,1,-19,0,0,163
45,4,4,4,4,6,Charles,Omenihu,1600,78,0,750,15,79,0,4,8804,33,8804,75,26,2,1,84,0,3,3,46,0,0,77,1,23,1009,89,76,45,45,0,8,23,0,0,0,0,0,0,0,214,45,0,0,0,2,3,36,0,0,90,0,2,750,0,81,0,5,28,76,87,4,793,41,0,1,100,15,83,80,83,2,2,2,2,7,30,39,17,32,30,7,23,28,0,11,11,99,6,28,23,1600,0,77,120,1023,10,0,-19,0,0,417
3,2,2,2,2,6,Quinnen,Williams,4257,80,0,2710,17,84,3,5,8805,18,8805,78,26,0,0,90,0,0,0,34,0,0,79,1,3,1015,91,92,44,45,1,8,16,0,0,0,0,0,0,0,3,40,64,3,3,1,3,47,0,0,95,1,5,2710,0,89,0,1,23,93,75,4,36,39,0,1,100,17,92,98,97,0,0,0,0,38,34,18,33,57,45,7,20,28,2,12,12,44,31,42,28,4257,1,75,143,1023,9,4,-19,0,0,448
3,5,5,5,5,6,Jeffery,Simmons,10472,87,0,2400,16,79,1,3,8806,30,8806,73,26,0,0,89,0,3,3,27,0,0,75,1,19,1015,90,87,45,45,0,8,16,0,0,0,2,2,2,2,121,40,100,0,0,5,3,53,0,0,98,1,5,2400,0,1,0,1,20,89,78,4,154,29,0,1,100,15,97,91,95,3,3,3,3,7,38,36,22,21,28,8,20,1,0,10,12,54,10,23,25,10472,0,76,145,1023,48,4,-19,0,0,480
45,4,4,4,4,6,Ed,Oliver,3041,84,0,1540,12,86,3,4,8807,3,8807,83,26,0,0,89,0,0,0,31,0,0,84,1,9,1015,92,87,45,45,1,8,20,0,0,0,0,0,0,0,80,27,55,0,0,1,3,25,0,0,91,0,5,1540,0,66,0,1,25,81,86,4,84,32,0,1,100,15,89,89,80,2,2,2,2,4,34,44,24,13,25,7,16,31,0,12,12,41,31,30,23,3041,1,73,127,1023,10,4,-19,0,0,124
3,2,2,2,2,6,Christian,Wilkins,2618,89,0,1155,11,75,0,2,8808,12,8808,72,28,0,1,89,1,1,0,47,0,0,73,1,13,1015,96,95,45,45,0,8,26,0,0,0,0,0,0,0,38,40,58,0,0,1,3,37,0,0,94,1,5,1155,0,69,0,1,24,86,73,4,113,43,0,1,100,15,90,88,86,3,3,3,3,6,33,41,18,42,31,9,20,15,0,10,12,88,9,40,23,2618,0,76,150,1023,25,4,-19,0,0,457
3,1,3,1,3,6,Dexter,Lawrence,2564,87,0,955,15,77,0,4,8809,16,8809,73,26,0,0,91,0,0,0,36,0,0,67,1,17,1015,93,91,45,45,0,8,17,0,0,0,4,0,4,0,38,40,55,0,0,5,3,3,0,0,97,1,5,2200,0,83,0,1,19,94,74,4,133,42,0,1,100,15,96,97,98,2,2,2,2,41,36,1,31,19,45,9,42,34,0,12,12,77,53,41,28,9825,1,76,182,1023,40,4,-19,0,0,444
12,2,2,2,2,6,Jerry,Tillery,679,82,0,74,24,80,3,4,8810,23,8810,74,27,0,0,81,1,0,0,30,0,0,73,1,28,1009,90,76,52,51,0,8,19,0,0,0,0,0,0,0,152,40,0,6,6,2,3,26,0,0,90,0,2,74,0,55,0,1,19,70,78,4,241,35,0,1,100,27,85,77,74,0,0,0,0,10,32,36,17,19,35,9,18,21,0,12,12,46,7,45,27,679,0,78,135,1023,10,1,-19,0,0,433
45,2,2,2,2,6,Dre'Mont,Jones,5139,82,0,1998,10,77,0,7,8811,28,8811,74,26,2,1,82,0,0,0,51,0,0,74,1,7,1009,89,87,45,45,0,8,35,0,0,0,3,3,3,3,156,45,0,0,0,3,3,69,0,0,55,2,3,1998,0,77,0,3,24,77,77,4,503,50,0,1,100,18,80,84,85,0,0,0,0,7,29,30,22,53,33,12,18,13,0,10,12,44,7,26,25,5139,1,75,121,1023,10,0,-19,0,0,452
45,2,2,2,2,6,Isaiah,Buggs,450,71,0,100,20,72,0,7,8812,19,8812,67,27,0,0,81,1,0,0,36,0,0,56,2,19,1009,88,77,45,45,1,8,24,0,2,0,7,7,7,7,3,45,0,0,0,2,3,45,0,0,96,1,2,100,0,7,0,6,20,70,63,4,894,40,0,1,100,20,84,75,79,0,0,0,0,10,32,49,15,30,35,13,15,28,1,12,12,45,10,25,26,450,0,75,135,1023,10,1,-19,0,0,417
45,3,3,3,3,6,Greg,Gaines,160,84,0,47,12,70,0,7,8814,6,8814,71,27,0,0,90,1,3,3,39,0,0,61,1,32,1009,91,79,45,45,0,8,20,0,2,0,0,0,0,0,252,40,0,0,0,1,3,26,0,0,96,1,1,47,0,72,0,4,31,73,76,4,736,45,0,1,100,19,87,75,82,3,3,3,3,37,34,31,20,11,32,7,35,19,0,10,12,59,22,35,26,160,1,73,152,1023,10,0,-19,0,0,418
45,1,2,1,2,6,Kevin,Givens,210,76,0,60,20,68,0,10,8816,15,8816,69,26,0,0,88,0,0,2,32,0,0,65,1,63,1009,86,84,45,45,0,8,17,0,0,0,2,2,2,2,164,40,100,0,0,1,3,26,0,0,90,1,1,60,0,5,0,15,25,70,76,4,1591,27,0,1,100,20,87,76,71,0,2,0,2,51,59,5,25,15,52,54,59,29,3,12,12,88,24,9,48,210,0,73,125,1023,10,4,-19,0,0,493
45,7,7,7,7,6,Drue,Tranquill,300,94,0,144,20,90,0,4,8821,9,8821,87,28,0,1,93,1,0,0,59,0,0,85,1,28,1009,83,81,45,45,0,8,47,0,0,0,8,8,8,8,152,45,0,0,0,1,3,10,0,0,23,2,1,144,0,80,0,4,22,76,89,4,732,63,0,1,100,16,77,76,78,3,3,3,3,2,28,64,27,30,7,8,38,26,0,14,13,57,0,20,12,300,1,74,74,1023,10,0,-19,0,0,308
45,4,4,4,4,38,Ryan,Connelly,0,80,0,0,13,87,1,5,8822,1009,8822,84,28,0,1,84,1,0,0,58,0,0,80,1,5,1009,86,78,45,45,0,8,41,0,2,0,9,9,9,9,258,45,0,0,0,0,3,39,0,0,43,1,0,0,0,86,0,5,51,65,83,4,754,48,0,1,100,18,70,73,67,0,0,0,0,1,25,57,26,57,27,7,1,17,0,15,13,23,6,17,11,0,0,74,76,1023,10,0,-19,0,0,95
12,4,4,4,4,6,Devin,White,4147,95,0,2415,14,90,0,5,8827,6,8827,91,25,0,1,91,0,0,0,65,0,0,82,1,5,1015,94,79,45,45,0,8,34,0,0,0,0,0,0,0,106,4,37,0,0,1,3,39,0,0,45,2,5,2415,0,75,0,1,23,79,93,4,60,62,8,1,100,18,77,80,86,3,3,3,3,2,28,60,31,32,16,8,21,17,3,14,14,20,3,33,14,4147,1,72,77,1023,10,4,-19,0,0,396
45,1,1,1,1,38,Mack,Wilson Sr.,160,86,0,24,14,87,0,5,8828,22,8828,85,25,0,0,88,0,0,0,68,0,0,81,1,17,5,87,77,45,45,0,8,33,0,0,0,9,9,9,9,3,45,0,0,0,1,3,9,0,0,3,1,1,24,0,72,0,5,52,69,80,4,779,57,4,1,100,15,78,70,73,2,2,2,2,0,29,52,43,48,5,12,3,22,2,14,14,67,6,31,12,160,2,73,73,1023,10,1,-19,0,0,428
12,6,6,6,6,6,Devin,Bush,350,87,0,125,13,92,0,10,8829,28,8829,89,25,0,0,86,0,4,4,63,0,0,85,1,10,1009,87,89,45,45,0,8,19,0,0,0,0,0,1,1,117,28,0,0,0,1,1,39,0,0,0,2,1,125,0,70,0,1,14,77,92,4,86,56,2,1,100,12,74,80,76,2,2,2,2,1,27,56,41,34,10,8,13,7,2,14,14,22,4,20,12,350,0,71,74,1023,10,0,-19,0,0,435
45,7,7,7,7,6,Germaine,Pratt,2021,92,0,699,18,90,0,0,8831,2,8831,87,27,2,0,81,1,0,0,68,0,0,79,1,8,1015,90,86,45,45,0,8,53,0,2,0,0,0,0,0,138,45,0,6,6,3,3,47,0,0,57,2,3,699,0,62,0,3,25,78,79,4,511,47,0,1,100,28,76,80,80,0,0,0,0,5,28,40,41,44,13,7,24,7,0,14,14,22,5,43,25,2021,0,74,90,1023,14,4,-19,0,0,147
45,3,3,3,3,36,T.J.,Edwards,1950,95,0,450,20,84,0,10,8832,1,8832,83,27,0,1,85,1,3,3,66,0,0,82,1,63,1009,90,93,45,45,0,8,31,0,0,0,0,0,0,0,258,41,12,0,0,3,3,2,0,0,53,1,3,450,0,2,0,15,42,82,79,4,1194,65,0,1,100,20,72,87,82,7,7,7,7,5,26,62,9,12,40,10,16,14,0,15,14,21,6,37,24,1950,0,73,82,1023,10,0,-19,0,0,369
45,7,5,7,5,6,Tyrel,Dodson,201,83,0,100,13,89,0,7,8837,3,8837,87,25,0,0,88,0,0,0,60,0,0,74,1,63,1009,88,79,45,45,0,8,20,0,0,0,0,0,0,0,215,45,100,0,2,1,3,39,0,0,25,1,1,100,0,68,0,15,34,65,84,4,1318,45,0,1,100,18,74,66,65,0,1,0,1,3,27,51,15,49,0,10,9,4,0,14,14,24,6,15,13,201,0,72,77,1023,10,4,-19,0,0,393
45,3,3,3,3,6,Bobby,Okereke,3995,94,0,1200,14,90,0,4,8839,16,8839,89,27,0,1,85,1,0,0,65,0,0,82,1,25,1009,91,88,45,45,0,8,19,0,0,0,0,0,0,0,200,45,0,0,0,4,3,4,0,0,58,0,4,1200,0,77,0,3,25,81,81,4,605,47,0,1,100,17,73,84,85,4,4,4,4,2,26,75,18,48,46,12,0,20,3,14,14,10,2,15,13,3995,0,73,75,1023,10,0,-19,0,0,411
3,6,6,6,6,6,Josh,Allen,3363,88,0,1820,17,88,3,5,8840,17,8840,86,26,0,0,91,0,0,0,74,0,0,83,1,7,1015,92,86,45,45,0,8,37,0,0,0,0,0,0,0,98,39,0,0,0,1,3,39,0,0,41,2,5,1820,0,85,0,1,24,85,81,4,68,67,0,1,100,15,82,91,87,3,3,3,3,5,31,55,65,12,45,9,5,9,1,15,15,19,7,33,25,3363,0,77,102,1023,20,4,-19,0,0,470
45,7,7,7,7,6,David,Long,1000,88,0,442,20,87,0,4,8842,12,8842,84,27,0,1,85,1,0,0,67,0,0,86,1,15,1009,86,79,45,45,0,8,22,0,0,0,0,0,0,0,254,45,0,0,0,2,3,8,0,0,51,1,2,442,0,85,0,6,25,78,77,4,883,65,0,1,100,20,74,77,83,3,3,3,3,5,25,62,45,37,36,8,4,3,2,14,15,29,6,33,10,1000,1,71,67,1023,10,0,-19,0,0,204
45,4,5,4,5,10,Ben,Burr-Kirven,0,79,0,0,15,89,0,9,8843,33,8843,86,26,0,0,81,0,0,0,62,0,0,86,1,4,1015,84,85,45,45,2,8,48,0,1,0,0,8,0,8,252,45,3,0,0,0,3,0,0,0,55,1,0,0,0,83,0,5,30,67,83,4,751,64,0,1,100,20,71,72,59,0,4,0,4,5,26,53,18,53,59,12,19,19,0,13,15,63,10,15,14,0,0,72,70,1023,65,4,-19,0,0,353
45,4,4,4,4,6,Andrew,Van Ginkel,265,85,0,75,19,88,3,9,8844,12,8844,86,28,0,0,89,1,0,0,56,0,0,83,1,13,1015,89,80,45,45,1,8,12,0,1,0,5,5,5,5,258,45,27,0,0,1,3,37,0,0,43,2,1,75,0,55,0,5,25,76,90,4,772,54,0,1,100,15,70,80,77,0,0,0,0,7,25,62,42,8,20,12,45,2,1,15,15,22,2,44,22,265,0,76,82,1023,13,4,-19,0,0,160
45,3,4,3,4,38,Chase,Hansen,0,85,0,0,14,88,0,4,8845,33,8845,83,30,0,0,82,1,0,0,64,0,0,75,1,63,1009,83,78,45,45,0,8,19,0,2,0,7,0,7,0,233,45,100,0,3,0,3,0,0,0,42,1,0,0,0,70,0,15,50,62,80,4,1361,47,0,1,100,17,68,64,65,0,2,0,2,10,48,39,20,29,67,30,4,3,0,14,15,6,15,8,25,0,1,75,62,1023,30,1,-19,0,0,173
45,4,4,4,4,10,Greedy,Williams,129,87,0,10,17,92,1,7,8847,33,8847,93,26,0,0,84,0,3,0,72,0,0,86,1,14,1009,85,51,28,34,0,8,52,0,0,0,0,0,0,0,106,30,65,3,3,1,3,5,0,0,38,2,1,10,0,93,0,2,35,73,86,4,364,63,0,1,100,20,54,78,71,0,0,0,0,5,17,92,4,16,59,9,12,7,2,16,16,34,3,6,2,129,0,74,25,1023,62,0,-19,0,0,60
45,4,4,4,4,6,Byron,Murphy,1306,92,0,280,11,91,1,2,8849,31,8849,89,25,0,0,81,0,0,2,75,0,0,91,1,1,1009,91,65,10,18,0,7,56,0,0,0,6,6,6,6,252,45,39,0,0,2,3,4,0,0,7,2,2,280,0,79,0,2,25,82,87,4,295,61,0,1,100,10,60,83,81,4,4,4,4,0,20,72,23,13,18,9,25,5,1,16,16,25,4,12,11,1306,0,71,30,1023,70,0,-19,0,0,297
45,1,1,1,1,6,Rock,Ya-Sin,791,90,0,376,18,90,0,4,8850,25,8850,89,27,0,1,87,1,0,0,69,0,0,86,1,2,1009,89,52,35,35,0,7,55,0,0,0,6,6,6,6,208,30,0,0,0,1,3,29,0,0,23,2,1,40,0,85,0,2,27,78,93,4,296,59,0,1,100,20,68,79,78,7,7,7,7,5,24,76,32,0,26,13,0,16,2,16,16,17,3,12,10,240,0,72,30,1023,58,0,-19,0,0,416
45,3,3,3,3,6,Amani,Oruwariye,0,92,0,0,17,87,0,7,8851,1009,8851,89,27,0,0,89,1,0,0,74,0,0,87,1,8,1009,88,52,33,34,0,7,58,0,0,0,0,0,0,0,164,45,0,3,3,0,3,34,0,0,20,0,0,5,0,67,0,5,27,74,87,4,761,62,0,1,100,18,65,80,81,0,0,0,0,5,22,79,25,9,46,10,8,6,0,16,16,39,4,9,6,0,0,74,42,1023,56,0,-19,0,0,502
45,7,7,7,7,6,Kendall,Sheffield,111,88,0,5,15,93,0,5,8852,33,8852,92,27,0,1,81,1,0,0,59,0,0,92,1,9,1009,83,58,35,35,0,7,59,0,0,0,0,0,0,0,156,30,17,2,2,1,3,39,0,0,20,2,1,5,0,92,0,4,30,72,92,4,675,63,6,1,100,15,56,73,65,0,0,0,0,3,18,90,7,19,29,13,15,17,2,16,16,33,2,9,5,111,0,70,50,1023,71,0,-19,0,0,42
45,4,4,4,4,6,Joejuan,Williams,0,88,0,0,11,87,0,3,8853,1009,8853,87,26,0,0,83,0,0,0,68,0,0,87,1,13,1009,87,70,35,35,0,8,60,0,0,0,8,8,8,8,238,45,0,0,0,0,3,41,0,0,29,2,0,2,0,64,0,2,25,72,86,4,344,64,0,1,100,15,70,76,73,0,0,0,0,2,25,68,31,11,25,12,8,8,0,16,16,36,4,5,9,0,0,75,52,1023,45,0,-19,0,0,412
45,2,7,2,7,6,Julian,Love,1200,94,0,482,14,90,0,7,8854,28,8854,90,25,0,1,85,0,0,0,70,0,0,89,1,6,1009,93,81,35,35,0,7,60,0,0,0,0,8,0,8,152,45,0,2,2,2,3,38,0,0,20,2,2,482,0,93,0,4,29,80,86,4,670,65,0,1,100,19,60,87,79,1,2,1,2,2,20,77,25,13,23,9,4,11,0,18,16,29,0,10,11,1200,0,71,35,1023,70,0,-19,0,0,147
45,4,4,4,4,14,Lonnie,Johnson,109,89,0,0,13,92,2,10,8855,27,8855,90,28,0,0,85,1,0,0,64,0,0,87,1,22,1009,88,56,35,35,0,7,43,0,0,0,8,8,8,8,98,45,0,0,0,1,3,35,0,0,28,2,1,0,0,78,0,2,29,69,90,4,402,64,0,1,100,15,65,72,64,0,0,0,0,1,22,87,20,5,22,10,5,4,3,17,16,36,2,7,5,109,0,74,53,1023,35,0,-19,0,0,339
45,7,7,7,7,6,Jamel,Dean,5192,91,0,1140,28,91,0,4,8856,6,8856,91,27,0,0,88,1,0,0,68,0,0,86,1,30,1015,85,72,35,35,0,8,53,0,0,0,0,0,0,0,14,30,31,4,4,4,3,0,0,0,35,2,4,1140,0,85,0,3,14,85,90,4,628,59,0,1,100,33,66,85,87,0,0,0,0,4,23,68,4,18,52,7,0,10,3,16,16,39,4,5,10,5192,0,73,46,1023,65,4,-19,0,0,79
45,7,7,7,7,6,David,Long,147,90,0,25,25,91,0,10,8860,23,8860,90,25,0,0,82,0,4,4,68,0,0,93,1,15,1009,90,53,35,35,0,7,67,0,0,0,4,4,4,4,117,30,0,0,0,1,3,34,0,0,23,2,1,25,0,61,0,3,22,74,92,4,550,65,0,1,100,25,61,79,76,3,3,3,3,1,20,73,10,3,28,8,10,6,0,16,16,6,1,6,11,147,0,71,36,1023,45,0,-19,0,0,16
45,1,1,1,1,10,Kris,Boyd,109,88,0,15,14,90,0,2,8861,7,8861,91,27,0,0,80,1,0,0,60,0,0,87,1,3,1009,88,59,40,35,0,7,68,0,0,0,0,0,0,0,214,32,0,3,3,1,3,53,0,0,29,2,1,15,0,89,0,7,20,68,87,4,969,72,0,1,100,19,65,74,70,0,0,0,0,2,22,90,0,1,21,9,8,24,3,16,16,33,4,11,7,109,1,71,35,1023,57,0,-19,0,0,124
45,2,2,2,2,6,Trayvon,Mullen,109,88,0,15,11,90,0,7,8862,33,8862,90,26,0,0,79,0,0,0,71,0,0,84,1,8,1009,86,54,35,35,0,7,55,0,0,0,0,0,0,0,38,30,0,2,2,1,3,45,0,0,28,2,1,15,0,76,0,2,28,72,83,4,316,64,0,1,100,19,59,75,70,0,0,0,0,1,20,82,5,21,39,11,14,3,1,16,16,24,2,13,5,109,0,74,40,1023,45,1,-19,0,0,44
45,3,1,3,1,6,Corey,Ballentine,0,88,0,0,17,91,0,5,8865,1009,8865,90,27,1,0,82,1,0,0,61,0,0,89,1,7,1009,88,58,13,18,0,7,54,0,0,0,0,0,0,0,338,45,0,2,4,0,3,23,0,0,35,2,0,6,0,4,0,6,22,67,91,4,859,52,0,1,100,18,61,72,63,3,0,3,0,1,15,75,39,10,25,79,21,14,0,16,16,16,3,23,1,0,0,71,31,1023,84,1,-19,0,0,117
45,1,1,1,1,10,Deionte,Thompson,94,87,0,0,15,89,0,4,8867,33,8867,87,26,0,0,83,0,0,0,68,0,0,86,1,1,1009,88,69,35,35,0,7,41,0,0,0,0,0,0,0,3,45,58,1,1,1,3,38,0,0,35,0,1,0,0,83,0,5,23,68,85,4,744,63,0,1,100,11,59,74,68,0,0,0,0,5,20,78,13,36,16,12,4,1,2,18,17,11,3,5,6,94,0,73,35,1023,51,1,-19,0,0,500
45,4,4,4,4,10,Chauncey,Grdnr-Johnson,450,91,0,200,50,91,0,7,8868,19,8868,90,26,0,1,83,0,1,0,82,0,0,84,1,3,1009,87,63,35,35,0,8,53,0,0,0,9,9,9,9,62,32,38,0,0,1,3,46,0,0,2,0,1,200,0,81,0,4,25,84,86,4,650,64,0,1,100,65,68,88,90,4,4,4,4,4,24,85,29,13,32,10,8,1,2,16,18,33,1,5,12,450,0,71,50,1023,64,0,-19,0,0,77
45,4,4,4,4,18,Taylor,Rapp,177,91,0,65,14,88,0,5,8869,3,8869,84,26,0,1,84,0,3,3,75,0,0,88,1,29,1009,91,80,35,35,0,7,46,0,0,0,0,0,0,0,252,45,46,0,0,1,3,59,0,0,20,2,1,65,0,97,0,2,36,77,84,4,447,61,0,1,100,18,63,84,77,3,3,3,3,2,22,64,0,22,17,11,3,4,0,17,17,17,1,8,6,177,0,72,48,1023,57,0,-19,0,0,151
12,7,7,7,7,10,Darnell,Savage Jr,2041,90,0,890,15,91,3,10,8870,20,8870,92,26,0,1,84,0,0,0,71,0,0,86,1,21,1015,92,60,35,35,0,7,54,0,0,0,0,0,2,2,111,32,69,0,0,1,3,29,0,0,26,0,5,890,0,90,0,1,20,76,93,4,187,70,0,1,100,25,59,80,81,3,3,3,3,0,20,91,19,29,38,12,0,32,2,18,17,36,2,11,10,1495,0,71,38,1023,63,4,-19,0,0,384
45,4,4,4,4,27,Jaquan,Johnson,109,84,0,5,15,87,0,4,8873,33,8873,85,28,0,0,88,1,1,1,68,0,0,83,1,8,1009,88,70,41,35,0,8,55,0,0,0,9,9,9,9,115,45,0,0,0,1,3,30,1,0,26,2,1,5,0,70,0,6,41,67,80,4,868,68,0,1,100,15,62,73,68,3,3,3,3,5,21,79,38,14,26,8,0,21,3,18,17,4,0,6,4,109,0,70,31,1023,35,0,-19,0,0,497
45,3,3,3,3,10,Will,Harris,123,90,0,15,11,91,0,7,8874,19,8874,90,28,0,0,86,1,0,0,68,0,0,86,1,17,1015,95,69,35,35,0,8,56,0,0,0,9,9,9,9,20,32,0,0,0,1,3,24,0,0,25,0,1,15,0,78,0,3,23,72,87,4,564,68,0,1,100,15,66,76,69,4,4,4,4,2,23,65,13,39,13,10,1,21,0,16,17,22,4,13,5,123,0,73,46,1023,45,4,-19,0,0,493
45,4,4,4,4,10,Marvell,Tell III,87,85,0,0,15,91,0,10,8875,33,8875,85,27,0,1,83,1,0,0,65,0,0,93,1,6,1015,86,58,35,35,0,7,44,0,0,0,0,0,0,0,231,45,0,0,0,1,3,44,0,0,39,0,1,0,0,58,0,5,23,65,92,4,755,54,0,1,100,11,56,71,63,0,0,0,0,2,18,92,1,32,19,10,8,28,2,16,16,43,2,5,4,87,0,74,35,1023,37,1,-19,0,0,495
45,4,5,4,5,24,Lukas,Denis,4,86,0,0,12,88,0,10,8876,33,8876,85,27,0,0,80,1,0,0,68,0,0,87,1,63,1009,88,62,35,35,0,8,54,0,4,0,0,8,0,8,20,45,0,2,0,1,3,50,0,0,25,2,1,0,0,93,0,15,38,59,81,4,0,58,0,1,100,19,60,66,56,0,0,0,0,7,19,52,34,2,23,55,20,5,3,17,17,19,2,21,25,4,0,71,25,1023,72,0,-19,0,0,508
45,4,4,4,4,6,Sheldrick,Redwine,0,85,0,0,15,92,2,10,8879,1009,8879,89,27,0,1,80,1,0,0,66,0,0,85,1,17,1009,88,65,35,35,0,8,43,0,0,0,0,0,0,0,115,32,0,6,6,0,3,42,0,0,36,2,0,0,0,72,0,4,35,68,88,4,698,62,0,1,100,22,56,75,68,0,0,0,0,4,18,78,6,30,26,11,27,37,1,17,18,13,2,5,6,0,0,72,36,1023,35,1,-19,0,0,85
12,5,5,5,5,32,Johnathan,Abram,0,88,0,0,21,90,0,7,8880,1009,8880,92,27,0,0,92,1,0,0,64,0,0,84,1,27,1009,86,69,35,35,0,7,52,0,0,0,0,0,0,0,121,32,69,1,1,0,3,50,0,0,24,2,0,0,0,63,0,1,53,71,81,4,239,64,0,1,100,29,70,76,67,0,0,0,0,4,25,76,8,48,11,11,25,17,0,18,18,13,2,8,6,0,0,72,45,1023,50,0,-19,0,0,494
45,7,7,7,7,6,Marquise,Blair,0,87,0,0,17,92,0,4,8881,33,8881,90,26,0,1,80,0,0,0,67,0,0,87,1,15,1009,83,66,30,35,0,8,52,0,0,0,0,0,0,0,233,32,24,0,0,0,3,35,0,0,0,2,0,0,0,9,0,2,27,72,84,4,366,62,0,1,100,18,60,77,71,4,4,4,4,4,20,90,23,12,14,11,2,28,0,17,18,31,1,12,4,0,0,73,36,1023,56,1,-19,0,0,343
45,7,7,7,7,40,Juan,Thornhill,1172,92,0,354,17,89,0,4,8884,5,8884,90,28,0,0,85,1,0,0,76,0,0,84,1,31,1009,94,69,35,35,0,7,58,0,0,0,0,0,0,0,240,32,77,2,2,3,3,49,0,0,1,0,3,354,0,76,0,2,52,78,93,4,450,65,0,1,100,20,66,88,83,0,0,0,0,0,23,86,24,19,19,13,13,7,2,17,18,33,5,10,5,1172,0,72,45,1023,45,0,-19,0,0,461
45,3,1,3,1,20,Ugo,Amadi,94,90,0,0,20,90,0,4,8885,27,8885,88,26,0,0,92,0,0,0,69,0,0,83,1,30,1009,90,65,35,35,0,7,51,0,0,0,0,0,0,0,160,45,0,0,2,1,3,43,0,0,0,2,1,0,0,86,0,4,30,70,82,4,734,62,0,1,100,20,62,75,69,1,0,1,0,0,21,67,30,40,34,7,3,20,3,17,18,14,2,8,5,94,0,69,41,1023,81,0,-19,0,0,86
45,4,4,4,4,6,Mike,Edwards,288,91,0,140,25,91,0,7,8886,9,8886,89,27,0,0,90,1,0,0,75,0,0,86,1,35,1009,89,66,35,35,0,8,50,0,2,0,0,0,0,0,98,45,0,4,4,1,3,34,0,0,21,0,1,140,0,80,0,3,22,75,88,4,635,60,0,1,100,25,63,80,78,0,0,0,0,4,22,87,3,43,17,10,3,27,2,18,18,26,5,6,6,288,0,70,45,1023,40,0,-19,0,0,349
45,5,6,5,6,10,Andrew,Wingard,960,88,0,300,19,91,0,9,8887,17,8887,87,27,0,1,88,1,0,0,69,0,0,87,1,63,1009,89,66,40,35,0,7,54,0,4,0,0,1,0,1,260,45,0,3,2,3,3,24,0,0,42,2,3,300,0,77,0,15,35,74,87,4,1229,74,0,1,100,15,55,77,76,4,3,4,3,3,18,83,9,21,18,13,7,15,0,18,18,11,1,6,9,960,0,72,49,1023,30,4,-19,0,0,107
45,0,0,0,0,30,Matt,Gay,2250,87,0,800,89,70,0,4,8894,10,8894,67,29,0,0,60,1,0,0,30,0,0,59,1,7,1009,86,13,16,21,0,8,16,0,2,0,0,0,0,0,233,45,45,2,2,4,3,23,0,0,7,0,4,800,0,74,0,5,27,80,68,4,760,40,0,1,100,96,41,82,66,0,0,0,0,0,10,56,4,11,36,8,24,13,0,19,19,8,1,30,11,2250,0,72,72,1023,10,0,-19,0,0,38
45,4,4,4,4,6,Sean,Bunting,188,90,0,80,26,92,1,1,8896,30,8896,92,26,0,0,83,0,0,2,74,0,0,89,1,7,1009,88,55,25,25,0,8,62,0,0,0,9,9,9,9,33,30,0,0,0,1,3,4,0,0,0,2,1,80,0,79,0,2,29,78,94,4,315,63,0,1,100,26,59,83,79,0,0,0,0,4,20,81,23,13,18,11,25,5,0,16,16,25,3,12,6,188,0,72,35,1023,60,0,-19,0,0,318
45,0,0,0,0,25,Austin,Seibert,0,85,0,0,72,72,0,4,8897,1009,8897,68,27,0,0,50,1,0,0,35,0,0,58,1,32,1009,86,25,10,15,0,8,15,0,2,0,0,0,0,0,157,45,0,3,3,0,3,32,0,0,19,0,0,0,0,82,0,5,42,70,70,4,824,50,0,1,100,92,37,72,58,0,0,0,0,1,8,90,0,17,14,7,2,28,0,19,19,5,1,8,8,0,0,69,40,1023,10,3,-19,0,0,418
45,0,0,0,0,29,Rodrigo,Blankenship,0,86,0,0,77,81,0,4,8899,1009,8899,74,26,0,0,63,0,0,0,26,0,0,64,1,63,1009,84,31,16,22,0,7,13,0,0,0,0,0,0,0,70,45,100,2,3,0,3,6,0,0,15,0,0,0,0,73,0,15,30,72,51,3,3012,31,0,1,100,91,43,74,60,2,0,2,0,2,10,98,2,17,31,9,4,11,0,19,19,2,3,3,9,0,0,73,24,1023,10,3,-19,0,0,418
45,0,0,0,0,23,Jake,Bailey,109,81,0,15,81,85,0,7,8903,12,8903,82,26,0,0,43,0,0,0,39,0,0,66,1,25,1009,83,29,9,7,0,8,10,0,2,0,0,0,0,0,200,45,0,3,3,1,3,42,0,0,16,0,1,15,0,76,0,5,44,75,80,4,805,40,7,1,100,92,43,77,62,4,2,4,2,4,12,68,48,29,18,11,15,10,0,20,20,48,0,8,7,109,0,74,45,1023,10,0,-19,0,0,485
45,0,0,0,0,28,AJ,Cole,1294,83,0,200,92,73,0,7,8904,23,8904,65,28,0,0,73,1,0,0,43,0,0,64,1,63,1009,90,37,19,20,0,7,10,0,4,0,0,0,0,0,138,45,58,3,3,3,3,44,0,0,6,0,5,200,0,53,0,15,29,83,61,4,1284,45,0,1,100,96,47,85,70,0,0,0,0,5,14,80,42,23,27,8,10,11,0,20,20,48,2,7,7,1294,0,76,60,1023,10,4,-19,0,0,125
45,4,4,4,4,6,Jahlani,Tavai,554,84,0,90,19,85,0,10,8905,22,8905,83,27,2,1,82,1,1,1,62,0,0,80,1,11,1009,86,88,45,45,0,8,51,0,0,0,0,0,0,0,76,45,0,0,0,2,3,34,0,0,48,1,3,90,0,9,0,2,25,77,81,4,320,54,0,1,100,15,78,78,77,3,3,3,3,7,29,55,35,20,26,9,27,7,2,14,13,16,2,25,23,554,0,74,86,1023,13,2,-19,0,0,5
3,5,5,5,5,27,Miles,Sanders,2538,88,0,588,12,93,2,4,8907,21,8907,91,26,0,0,84,0,1,1,65,0,0,88,1,21,1009,85,33,56,36,0,8,85,0,2,0,0,0,0,0,164,23,1,0,0,4,3,30,0,0,6,1,4,588,0,57,0,2,29,86,86,4,389,94,0,1,100,16,69,90,86,0,0,0,0,1,24,75,25,27,29,13,38,20,2,1,1,3,5,8,8,2538,0,71,51,1023,77,0,-19,0,0,244
45,6,6,6,6,15,Drew,Sample,109,84,0,5,14,85,0,7,8909,2,8909,81,27,0,1,86,1,1,0,77,0,0,78,1,20,1015,89,43,61,65,0,8,46,0,2,0,8,8,8,8,252,45,0,0,0,1,3,26,0,0,89,2,1,5,0,89,0,2,26,69,81,4,387,73,0,1,100,15,73,68,70,2,2,2,2,6,26,57,27,10,42,11,8,10,3,4,4,2,0,22,21,109,0,76,95,1023,15,4,-19,0,0,145
12,7,7,7,7,6,L. J.,Collier,101,72,0,7,10,75,0,10,8911,7,8911,75,28,0,0,84,1,0,0,40,0,0,64,1,29,1009,85,80,45,45,0,8,20,0,0,0,0,0,0,0,207,4,12,0,0,1,3,26,0,0,91,0,1,7,0,74,0,1,23,67,74,4,266,38,0,1,100,16,83,74,74,0,0,0,0,7,32,46,23,20,24,8,18,19,3,11,10,21,20,38,23,101,1,74,131,1023,10,0,-19,0,0,506
45,0,0,0,0,30,Mitch,Wishnowsky,1244,88,0,275,88,87,0,9,8912,15,8912,84,31,0,0,83,1,0,0,33,0,0,71,1,8,1015,84,52,9,7,0,8,29,0,2,0,0,0,0,0,233,45,54,2,2,4,3,67,0,0,18,0,5,275,0,70,0,4,34,78,79,4,673,50,0,1,100,93,56,80,63,0,0,0,0,2,18,78,40,29,13,7,13,10,0,20,20,46,1,9,9,1244,0,74,60,1023,10,4,-19,0,0,418
45,3,3,3,3,6,Trysten,Hill,0,72,0,0,13,78,0,10,8914,1009,8914,72,25,0,0,84,0,0,0,34,0,0,68,2,26,1009,86,82,53,55,0,8,18,0,0,0,0,0,0,0,225,40,0,0,0,0,3,46,0,0,98,1,0,0,0,79,0,2,22,69,84,4,428,46,0,1,100,16,86,72,60,0,0,0,0,46,33,17,27,21,31,13,28,30,0,12,12,10,44,35,24,0,0,75,148,1023,10,0,-19,0,0,317
45,4,4,4,4,22,Diontae,Spencer,101,82,0,0,14,90,3,4,8918,33,8918,90,31,0,0,79,1,0,0,78,0,0,80,2,63,1009,85,23,25,47,0,8,67,0,0,0,2,2,2,2,113,45,0,0,0,1,1,60,0,0,14,2,1,0,0,0,0,15,33,66,87,4,1127,74,0,1,100,19,55,65,67,3,3,3,3,4,18,97,0,6,15,9,0,10,0,3,3,10,1,9,6,101,0,68,10,1023,77,1,-30,0,0,487
45,2,2,2,2,6,Abdullah,Anderson,170,68,0,20,14,73,0,4,8925,26,8925,67,27,0,0,83,1,1,1,50,0,0,68,1,63,1009,87,80,45,45,1,8,10,0,0,0,0,0,0,0,23,40,0,0,0,1,3,60,0,0,92,1,1,20,0,0,0,15,20,68,74,5,1087,35,0,1,100,17,89,69,68,6,6,6,6,6,20,28,32,25,37,41,22,30,0,11,12,10,22,15,10,170,0,76,135,1023,10,1,-30,0,0,404
45,4,4,4,4,6,Josh,Woods,109,81,0,15,12,85,0,5,8926,7,8926,84,27,0,0,83,1,0,0,60,0,0,80,2,63,1009,85,77,45,45,0,8,24,0,0,0,3,3,3,3,111,45,0,0,0,1,3,60,0,0,51,0,1,15,0,0,0,15,15,61,77,5,1094,60,0,1,100,14,64,67,59,5,5,5,5,5,15,55,10,20,15,50,0,25,0,15,13,10,0,15,5,109,0,73,70,1023,10,0,-30,0,0,498
45,4,4,4,4,6,Tevaughn,Campbell,0,88,0,0,11,90,0,4,8940,1009,8940,90,30,0,0,80,1,0,0,69,0,0,82,2,63,1009,89,55,35,35,0,7,58,0,0,0,0,0,0,0,323,45,0,0,0,0,3,60,0,0,29,2,0,0,0,0,0,15,24,68,90,4,1676,63,0,1,100,10,56,73,66,5,5,5,5,1,18,70,6,18,15,12,0,11,2,16,16,10,5,13,12,0,0,72,40,1023,45,1,-30,0,0,1
45,7,7,7,7,6,Frank,Herron,0,70,0,0,17,70,0,4,8941,33,8941,69,29,0,0,87,1,0,0,31,0,0,57,2,63,1009,84,77,44,44,0,8,18,0,0,0,0,0,0,0,106,45,0,0,0,0,1,60,0,0,69,1,0,0,0,0,0,15,23,61,69,5,2853,45,0,1,100,17,83,66,61,5,5,5,5,4,31,55,16,25,44,8,29,30,0,12,12,10,5,28,26,0,0,76,116,1023,9,2,-30,0,0,518
45,6,6,6,6,12,Henry,Mondeaux,101,73,0,0,21,73,0,9,8957,33,8957,72,28,0,0,82,1,0,0,28,0,0,62,0,63,1009,89,79,45,45,0,8,13,0,4,0,0,0,1,1,160,45,0,0,0,1,3,60,0,0,90,0,1,0,0,0,0,15,24,64,78,4,1552,26,0,1,100,22,81,65,62,2,2,2,2,8,30,35,21,25,31,9,20,28,0,10,12,33,10,41,27,101,0,76,120,1023,10,1,-30,0,0,329
45,7,7,7,7,44,David,Wells,87,81,0,0,13,87,0,7,8962,6,8962,81,28,2,1,83,1,0,0,75,0,0,69,0,63,1009,86,31,62,63,0,7,54,0,4,0,3,3,3,3,180,45,0,0,0,1,3,60,0,0,89,2,1,0,0,0,0,15,53,59,80,5,1331,75,0,1,100,17,76,62,55,0,0,0,0,7,28,62,9,9,23,7,8,11,0,4,4,10,8,30,22,87,0,78,100,1023,18,1,-30,0,0,434
45,3,3,3,3,6,Sam,Eguavoen,0,74,0,0,20,86,0,7,8965,1009,8965,81,30,0,0,86,1,0,0,58,0,0,77,2,63,1009,92,80,45,45,0,8,11,0,0,0,0,0,0,0,217,45,0,0,0,0,3,60,0,0,52,2,0,0,0,0,0,15,25,67,89,5,1188,48,0,1,100,20,70,69,71,7,7,7,7,5,25,59,13,18,18,8,3,18,0,14,13,10,8,20,14,0,0,73,76,1023,10,4,-30,0,0,508
45,2,2,2,2,6,K.C.,McDermott,0,79,0,0,15,67,0,4,8969,33,8969,61,27,0,0,84,1,0,0,22,0,0,60,0,63,1009,87,22,60,64,0,8,8,0,0,0,0,0,0,0,115,45,0,0,0,0,3,60,0,0,62,0,0,0,0,0,0,15,14,56,71,5,1344,40,0,1,100,17,83,53,67,5,5,5,5,31,20,24,15,25,24,36,12,24,0,8,6,10,26,15,10,0,0,77,151,1023,10,5,-30,0,0,353
45,0,0,0,0,28,Tristan,Vizcaino,0,78,0,0,65,76,0,7,8974,1009,8974,72,27,0,0,59,1,0,0,44,0,0,64,0,63,1009,89,33,13,12,0,8,18,0,0,0,9,9,9,9,252,45,0,0,0,0,3,60,0,0,0,2,0,0,0,0,0,15,27,65,59,4,3016,39,0,1,100,93,48,67,50,7,7,7,7,5,14,72,3,9,15,7,0,9,0,19,19,10,2,9,10,0,0,74,45,1023,10,0,-30,0,0,3
45,7,7,7,7,10,Byron,Pringle,0,84,0,0,16,92,0,5,8978,26,8978,91,30,0,0,80,1,0,0,83,0,0,86,2,63,1009,87,41,35,46,0,7,76,0,0,0,0,0,0,0,96,36,0,0,0,1,3,60,0,0,3,2,1,0,0,0,0,15,35,74,85,5,1170,69,0,1,100,21,61,73,76,0,0,0,0,4,20,77,10,20,15,11,0,18,0,3,3,10,5,9,8,94,0,73,43,1023,83,1,-30,0,0,13
45,3,3,3,3,10,Josh,Oliver,1814,82,0,426,15,84,0,10,8992,31,8992,85,26,0,0,81,0,1,1,80,0,0,78,1,5,17,87,47,61,70,0,8,59,0,0,0,0,0,0,0,185,45,0,3,3,3,3,33,0,0,84,1,3,426,0,1,0,3,24,72,82,4,490,76,0,1,100,20,75,75,69,0,0,0,0,3,28,67,8,14,39,9,0,29,2,4,4,36,1,25,23,1814,0,77,99,1023,39,2,-19,0,0,472
45,4,4,4,4,26,Darrell,Henderson,0,88,0,0,13,95,0,10,8993,33,8993,89,26,0,1,87,0,0,0,67,0,0,88,1,6,1015,87,36,63,35,0,8,76,0,2,0,5,5,5,5,114,45,0,0,0,0,3,11,0,0,25,1,0,0,0,71,0,3,55,77,81,4,498,93,0,1,100,16,68,83,76,0,0,0,0,3,24,66,55,47,30,12,2,35,2,1,1,35,0,11,10,0,1,68,48,1023,75,1,-19,0,0,504
45,4,4,4,4,6,Sione,Takitaki,123,85,0,0,15,89,0,10,8995,5,8995,85,28,0,0,86,1,0,0,63,0,0,80,1,16,1015,88,85,45,50,0,8,45,0,0,0,0,0,0,0,26,45,17,3,3,1,3,34,0,0,44,1,1,0,0,9,0,3,19,76,88,4,559,62,0,1,100,17,76,82,76,0,0,0,0,2,28,74,35,20,26,11,27,7,2,13,13,68,4,28,12,123,0,73,78,1023,10,4,-19,0,0,5
45,4,4,4,4,10,Justin,Layne,0,87,0,0,22,90,2,3,8996,33,8996,89,25,0,0,86,0,0,0,69,0,0,87,1,19,1009,91,59,28,34,0,8,55,0,0,0,7,7,7,7,118,45,0,0,0,0,3,4,0,0,26,2,0,0,0,79,0,3,35,66,89,4,577,64,0,1,100,25,55,72,61,0,0,0,0,3,18,75,23,13,18,13,25,5,0,16,16,25,4,4,8,0,0,74,32,1023,45,1,-19,0,0,318
45,2,2,2,2,6,Khalen,Saunders,1090,69,0,210,12,78,3,4,8997,27,8997,73,27,0,0,87,1,0,1,46,0,0,69,1,20,1009,83,82,45,45,0,8,21,0,0,0,9,9,9,9,244,45,0,0,0,3,3,46,0,0,99,1,3,210,0,79,0,3,25,70,75,4,589,49,0,1,100,18,84,76,72,7,7,7,7,24,32,23,27,24,42,9,26,6,1,12,12,51,40,30,28,1090,0,72,164,1023,10,0,-19,0,0,244
45,7,7,7,7,6,Cody,Barton,350,86,0,100,20,88,0,5,8999,26,8999,85,27,0,1,88,1,0,0,62,0,0,84,2,24,1009,92,90,45,45,0,8,38,0,4,0,0,0,0,0,233,41,0,0,0,1,3,55,0,0,57,1,1,100,0,68,0,3,22,77,79,4,604,49,0,1,100,16,79,80,76,7,7,7,7,1,30,64,0,0,20,9,0,0,0,14,13,7,10,30,13,350,0,74,77,1023,10,0,-19,0,0,145
45,2,2,2,2,6,Trey,Pipkins,2175,83,0,750,11,76,0,7,9000,8,9000,69,27,0,0,85,1,3,3,47,0,0,65,1,27,1015,88,40,72,69,0,8,5,0,0,0,0,0,0,0,447,45,0,0,0,3,3,30,0,0,79,2,3,750,0,3,0,3,16,67,81,4,606,42,0,1,100,21,83,68,81,7,7,7,7,8,31,36,21,10,29,12,16,30,0,9,5,71,7,40,22,2175,0,78,147,1023,10,4,-19,0,0,318
45,5,5,5,5,6,Quincy,Williams,1620,90,0,270,19,89,0,4,9001,18,9001,87,27,0,0,86,1,0,0,59,0,0,78,2,34,1009,88,81,21,29,0,8,18,0,0,0,0,0,0,0,131,45,54,0,0,3,3,55,0,0,56,0,3,270,0,68,0,3,25,71,89,4,634,44,0,1,100,19,65,75,73,5,5,5,5,3,22,74,0,0,20,11,0,0,0,13,13,0,10,17,14,1620,0,71,65,1023,10,4,-19,0,0,105
45,7,7,7,7,15,Alexander,Mattison,700,89,0,250,13,91,1,10,9002,31,9002,86,25,0,1,88,0,2,0,68,0,0,81,1,38,1015,90,35,58,36,0,7,82,0,2,0,9,9,9,9,19,45,0,0,0,2,3,11,0,0,2,1,2,250,0,71,0,3,25,76,87,4,647,95,0,1,100,15,73,84,78,0,0,0,0,0,26,69,55,47,30,13,2,35,0,1,1,35,4,11,7,700,1,71,55,1023,74,4,-19,0,0,504
45,6,6,6,6,6,Lamont,Gaillard,0,81,0,0,25,73,0,3,9003,33,9003,67,27,0,0,85,1,0,0,35,0,0,62,1,6,1009,88,46,66,72,1,8,5,0,0,0,1,1,1,1,70,45,0,0,0,0,3,60,0,0,61,0,0,0,0,0,0,6,30,64,67,4,855,45,0,1,100,25,82,62,72,7,7,7,7,26,34,14,30,25,40,11,29,30,0,7,7,10,32,32,22,0,0,75,145,1023,10,2,-30,0,0,15
45,3,3,3,3,6,Mike,Jackson,94,89,0,0,14,90,0,4,9005,28,9005,92,26,0,0,81,0,0,0,68,0,0,85,1,20,1009,87,58,35,35,0,7,43,0,0,0,0,0,0,0,115,45,0,2,2,1,3,60,0,0,30,2,1,0,0,0,0,5,25,74,93,4,787,57,0,1,100,15,61,79,76,0,0,0,0,3,20,71,10,22,15,8,0,27,0,16,16,10,5,10,10,94,0,73,50,1023,30,2,-30,0,0,261
45,7,7,7,7,6,Ka'Dar,Hollman,94,86,0,0,12,90,1,7,9007,32,9007,92,29,0,0,82,1,0,0,59,0,0,89,1,12,1009,89,54,35,35,0,7,54,0,0,0,1,1,0,0,218,45,0,0,0,1,3,60,0,0,30,2,1,0,0,0,0,6,36,68,89,4,879,60,0,1,100,17,64,73,67,2,2,0,0,2,22,88,10,18,15,8,0,23,2,16,16,10,4,7,6,94,0,72,36,1023,55,0,-30,0,0,16
45,3,3,3,3,6,Xavier,Crawford,0,88,0,0,26,90,0,3,9008,33,9008,92,28,0,0,82,1,0,0,58,0,0,88,1,22,1009,83,53,25,25,0,7,59,0,0,0,0,0,0,0,33,45,0,0,0,0,3,60,0,0,37,2,0,0,0,0,0,6,29,66,88,4,910,56,0,1,100,26,55,70,63,3,3,3,3,0,18,98,10,17,15,7,0,22,0,16,16,10,1,4,5,0,0,71,27,1023,62,1,-30,0,0,493
45,4,4,4,4,28,Blessuan,Austin,0,87,0,0,24,89,0,3,9009,33,9009,90,27,0,0,77,1,0,0,66,0,0,85,1,23,1009,80,55,35,35,0,7,50,0,0,0,0,0,2,2,175,30,0,0,0,0,3,60,0,0,38,0,0,0,0,0,0,6,41,72,85,4,916,60,0,1,100,21,61,76,75,5,5,3,3,5,20,73,10,15,15,9,0,9,1,16,16,10,0,11,6,0,0,73,35,1023,50,1,-30,0,0,16
45,6,6,6,6,6,Rashad,Fenton,109,88,0,7,17,90,1,5,9011,33,9011,88,26,0,1,82,0,0,0,68,0,0,83,1,28,1009,89,63,13,18,0,7,54,0,0,0,0,0,0,0,176,45,0,0,0,1,3,60,0,0,24,2,1,7,0,0,0,6,22,70,82,4,930,52,0,1,100,18,58,73,68,7,7,7,7,5,19,83,10,19,15,12,0,24,1,16,16,10,1,9,6,109,0,71,33,1023,80,0,-30,0,0,10
45,3,3,3,3,6,Duke,Shelley,128,90,0,12,13,91,1,5,9012,24,9012,89,27,0,0,82,1,0,0,69,0,0,84,1,32,1009,83,61,35,35,0,7,60,0,0,0,4,4,4,4,96,45,0,0,0,1,3,60,0,0,26,2,1,12,0,0,0,6,35,74,82,4,939,60,0,1,100,14,53,77,76,3,3,3,3,5,16,99,10,14,15,7,0,19,2,16,16,10,0,1,9,128,0,68,16,1023,47,0,-30,0,0,411
45,7,7,7,7,26,Jimmy,Moreland,101,86,0,0,17,91,0,5,9015,33,9015,90,28,0,0,79,1,0,0,70,0,0,88,1,13,1009,88,57,25,25,0,7,59,0,0,0,1,1,1,1,91,45,0,0,0,1,3,60,0,0,33,2,1,0,0,0,0,7,43,69,92,4,995,62,0,1,100,22,50,74,65,2,2,2,2,0,15,97,0,3,15,8,0,9,0,16,16,10,2,6,2,101,0,70,22,1023,65,1,-30,0,0,69
45,3,3,3,3,6,Gerri,Green,0,71,0,0,9,85,0,0,9019,33,9019,85,28,0,0,84,1,0,0,53,0,0,75,1,26,1009,88,80,45,45,0,8,10,0,0,0,0,0,0,0,121,45,0,0,0,0,3,60,0,0,98,2,0,0,0,0,0,6,12,63,84,4,922,58,0,1,100,14,73,71,56,3,3,0,0,6,26,42,18,25,23,7,8,27,0,10,10,10,4,22,25,0,0,76,90,1023,10,1,-30,0,0,488
45,6,6,6,6,6,Darryl,Johnson Jr,0,72,0,0,17,85,0,10,9020,33,9020,78,26,0,1,83,0,0,0,64,0,0,83,1,11,1009,86,75,45,45,0,8,26,0,0,0,5,5,5,5,134,45,0,0,0,0,3,60,0,0,40,2,0,0,0,0,0,7,24,63,79,4,984,53,0,1,100,15,76,69,58,7,7,7,7,4,28,40,16,25,21,7,6,30,0,11,10,10,0,28,21,0,0,78,93,1023,10,1,-30,0,0,24
45,4,4,4,4,6,Quinton,Bell,0,75,0,0,14,91,0,4,9021,33,9021,88,27,0,1,85,1,0,0,66,0,0,76,1,16,1009,87,73,45,45,0,8,29,0,0,0,5,5,5,5,162,45,0,0,0,0,3,60,0,0,56,2,0,0,0,0,0,7,24,60,89,4,1002,57,0,1,100,18,75,62,45,0,0,0,0,9,20,46,14,18,19,50,4,12,0,15,13,10,4,15,10,0,0,76,93,1023,10,2,-30,0,0,493
45,2,2,2,2,6,Michael,Dogbe,94,76,0,0,12,81,0,5,9022,33,9022,69,27,0,0,87,1,0,0,36,0,0,67,1,35,1009,89,79,45,45,0,8,15,0,0,0,0,0,0,0,208,45,5,0,0,1,3,60,0,0,98,0,1,0,0,0,0,7,10,66,72,4,1070,40,0,1,100,16,87,68,63,0,0,0,0,8,34,39,17,12,30,10,21,18,0,10,11,10,9,34,22,94,0,75,135,1023,10,4,-30,0,0,70
45,2,2,2,2,6,Renell,Wren,87,69,0,0,12,74,2,7,9023,33,9023,71,28,0,0,86,1,0,0,40,0,0,66,1,23,1009,82,75,45,45,0,8,22,0,0,0,0,0,0,0,9,45,0,0,0,1,3,60,0,0,79,1,1,0,0,0,0,4,26,65,78,4,721,42,0,1,100,18,88,73,66,6,6,6,6,19,20,55,16,25,31,34,9,30,0,12,12,10,29,15,10,87,0,77,155,1023,10,1,-30,0,0,492
45,4,4,4,4,6,Kingsley,Keke,0,75,0,0,13,74,0,3,9024,33,9024,74,27,0,0,83,1,0,0,30,0,0,71,1,12,1009,87,86,45,45,0,8,10,0,0,0,0,0,0,0,215,45,0,0,0,0,3,60,0,0,0,1,0,0,0,0,0,5,21,70,77,4,769,40,0,1,100,10,83,75,71,0,0,0,0,10,32,33,22,12,21,13,19,18,1,11,12,10,7,35,25,0,0,75,128,1023,10,1,-30,0,0,290
45,6,6,6,6,9,Byron,Cowart,94,68,0,0,12,68,0,5,9025,33,9025,66,27,0,0,80,1,0,0,40,0,0,62,1,21,1009,83,77,45,45,0,8,24,0,0,0,0,0,0,0,111,45,0,3,3,1,3,60,0,0,99,1,1,0,0,0,0,5,20,65,74,4,790,26,0,1,100,16,85,68,63,0,0,0,0,29,20,26,34,25,39,50,24,30,0,12,12,10,24,15,10,94,0,75,140,1023,10,0,-30,0,0,511
45,2,2,2,2,6,Armon,Watts,113,81,0,19,19,69,0,10,9027,29,9027,64,27,0,0,85,1,0,0,24,0,0,63,1,17,1009,90,84,45,45,0,8,11,0,0,0,0,0,0,0,10,45,0,0,0,1,3,60,0,0,94,1,1,19,0,0,0,6,22,67,75,4,889,30,0,1,100,20,85,73,70,0,0,0,0,6,32,32,17,25,32,7,23,30,0,12,12,10,5,35,25,113,0,77,135,1023,9,0,-30,0,0,492
45,3,3,3,3,10,Travis,Fulgham,0,81,0,0,15,89,0,4,9029,33,9029,87,28,0,0,82,1,0,0,81,0,0,84,1,11,1009,90,27,37,61,0,7,73,0,0,0,0,0,0,0,380,45,0,0,0,0,3,60,0,0,86,2,0,0,0,0,0,6,27,65,87,4,878,74,0,1,100,19,67,64,61,0,0,0,0,5,24,79,10,19,15,12,0,26,1,3,3,10,2,6,8,0,0,74,55,1023,30,2,-30,0,0,9
45,7,7,7,7,6,Cortez,Broughton,94,69,0,0,25,74,0,7,9031,33,9031,72,27,0,0,82,1,3,3,32,0,0,65,1,28,1009,86,78,45,45,0,8,10,0,0,0,0,0,0,0,36,45,0,0,0,1,3,60,0,0,94,0,1,0,0,0,0,7,26,63,81,4,1042,40,0,1,100,25,83,67,57,7,7,7,7,9,32,33,23,25,29,12,23,30,0,12,12,10,30,43,25,94,0,74,133,1023,11,1,-30,0,0,31
45,2,2,2,2,6,Chris,Slayton,0,69,0,0,11,70,0,1,9032,1009,9032,68,27,0,0,84,1,0,0,25,0,0,69,1,31,1009,89,77,45,45,0,8,14,0,0,0,0,0,0,0,205,45,0,0,0,0,3,60,0,0,98,0,0,0,0,0,0,7,18,60,72,4,1062,27,0,1,100,15,86,60,55,5,5,5,5,30,20,25,35,25,40,50,25,30,0,11,12,10,25,15,10,0,0,76,147,1023,10,2,-30,0,0,26
45,2,2,2,2,6,Dru,Samia,0,81,0,0,20,67,0,7,9033,33,9033,63,26,0,0,84,0,0,0,33,0,0,60,1,12,1009,82,38,63,67,0,8,8,0,0,0,1,1,1,1,157,45,0,0,0,0,3,60,0,0,65,2,0,0,0,0,0,4,21,61,69,4,686,43,0,1,100,20,86,55,60,6,6,6,6,29,20,26,34,25,39,50,24,30,0,6,6,10,24,15,10,0,0,77,145,1023,8,2,-30,0,0,353
45,2,2,2,2,6,Phil,Haynes,400,80,0,218,11,71,0,5,9034,28,9034,65,28,0,0,85,1,0,0,45,0,0,59,1,22,1015,89,41,74,71,0,8,9,0,0,0,0,0,0,0,249,45,0,0,0,1,3,60,0,0,60,0,1,218,0,0,0,4,25,69,76,4,709,45,0,1,100,11,90,68,74,0,0,0,0,11,36,38,23,25,32,12,18,30,0,8,8,10,20,25,22,400,0,76,162,1023,10,4,-30,0,0,13
45,4,4,4,4,6,Wes,Martin,94,81,0,0,14,66,0,4,9035,33,9035,58,27,0,0,83,1,0,0,26,0,0,65,1,29,1009,87,39,65,70,0,8,5,0,0,0,0,0,0,0,86,45,0,0,0,1,3,60,0,0,67,0,1,0,0,0,0,4,25,64,71,4,733,30,0,1,100,17,92,60,64,0,0,0,0,23,36,26,35,25,30,8,26,30,0,8,6,10,20,38,22,94,0,75,151,1023,10,0,-30,0,0,359
45,3,3,3,3,6,Nick,Allegretti,123,82,0,15,17,68,0,5,9036,9,9036,62,27,0,1,86,1,0,0,42,0,0,65,1,2,1015,91,41,68,67,0,8,6,0,0,0,1,1,1,1,84,45,0,0,0,1,3,60,0,0,73,0,1,15,0,0,0,7,23,63,73,4,965,40,0,1,100,22,83,61,75,7,7,7,7,9,32,28,20,25,33,7,18,30,0,6,8,10,17,24,28,123,0,76,150,1023,14,4,-30,0,0,8
41,7,7,7,7,6,Dre,Greenlaw,1723,89,0,279,12,87,3,3,9037,15,9037,84,26,0,0,84,0,0,0,67,0,0,81,1,10,1015,86,93,45,45,0,8,37,0,0,0,0,0,0,0,10,45,86,0,0,2,3,60,1,0,57,0,3,279,0,0,0,5,20,86,80,4,765,55,0,1,100,18,72,92,89,3,3,3,3,4,26,70,12,25,17,7,2,30,0,15,13,10,3,31,10,1723,0,72,70,1023,10,4,-30,0,0,513
45,3,3,3,3,6,Justin,Hollins,128,75,0,15,17,87,0,4,9038,20,9038,85,27,0,1,83,1,0,0,56,0,0,80,1,18,1009,85,78,45,45,0,8,34,0,0,0,5,5,5,5,160,45,17,0,0,1,3,60,0,0,47,2,1,15,0,0,0,5,24,71,87,4,780,58,0,1,100,15,71,75,72,4,4,4,4,6,26,47,15,25,20,11,5,30,2,13,13,10,5,22,24,128,0,77,88,1023,10,1,-30,0,0,9
45,4,4,4,4,6,Blake,Cashman,160,83,0,17,14,91,0,4,9039,32,9039,87,27,0,0,82,1,0,0,50,0,0,84,1,19,18,74,82,45,45,0,8,12,0,4,0,5,5,5,5,120,45,0,0,0,1,3,60,0,0,53,2,1,17,0,0,0,5,25,69,89,4,782,52,0,1,100,19,70,73,60,7,7,7,7,3,25,58,3,18,21,13,6,15,0,15,15,10,9,35,13,160,0,73,77,1023,10,1,-30,0,0,130
45,7,7,7,7,6,E.J.,Speed,800,85,0,292,16,89,0,4,9040,10,9040,86,28,0,0,81,1,0,0,66,0,0,84,1,26,1015,89,79,45,45,0,8,52,0,0,0,0,0,0,0,334,45,0,6,6,2,3,60,0,0,45,1,2,292,0,0,0,5,24,70,82,4,808,66,0,1,100,18,74,77,71,0,0,0,0,3,27,55,10,25,15,12,0,30,1,13,13,10,9,24,10,800,0,75,64,1023,60,4,-30,0,0,503
45,7,7,7,7,6,Cole,Holcomb,2000,92,0,492,35,89,0,7,9041,29,9041,87,27,0,0,85,1,0,0,65,0,0,88,1,35,1009,91,89,45,45,0,8,45,0,4,0,5,5,5,5,135,41,0,0,0,3,3,60,0,0,55,2,3,492,0,0,0,5,27,80,80,4,831,60,0,1,100,18,72,81,79,4,4,4,4,1,26,55,14,25,19,7,4,30,0,14,14,10,1,20,13,2000,0,73,80,1023,10,0,-30,0,0,258
45,7,7,7,7,6,Emeke,Egbule,213,78,0,0,19,87,0,3,9042,33,9042,84,27,0,0,84,1,0,0,63,0,0,81,1,27,1009,90,74,45,45,0,8,28,0,0,0,0,0,0,0,80,45,0,4,4,2,3,60,0,0,45,2,2,0,0,0,0,6,25,64,80,4,928,54,0,1,100,15,72,67,58,0,0,0,0,5,26,62,15,21,22,8,7,21,1,15,15,10,2,23,25,213,0,74,85,1023,13,1,-30,0,0,465
45,4,4,4,4,6,Ulysees,Gilbert III,108,81,0,0,12,91,0,4,9043,33,9043,87,26,0,0,83,0,0,0,56,0,0,82,1,34,1009,91,81,45,45,0,8,35,0,0,0,0,0,0,0,2,45,0,0,0,1,3,60,0,0,57,2,1,0,0,0,0,6,23,63,93,4,944,61,0,1,100,18,68,65,60,6,6,6,6,2,24,72,6,18,18,8,3,21,0,14,14,10,1,29,10,108,0,72,70,1023,10,1,-30,0,0,471
45,7,7,7,7,52,Ty,Summers,94,80,0,0,14,89,0,5,9044,33,9044,87,28,0,1,89,1,0,0,50,0,0,82,1,12,1009,87,78,45,45,0,8,47,0,4,0,0,0,0,0,207,45,8,0,0,1,3,60,1,0,58,1,1,0,0,0,0,7,70,66,86,4,986,52,0,1,100,19,77,68,54,5,5,5,5,3,28,65,18,18,23,8,8,15,0,13,13,10,6,32,22,94,0,73,81,1023,10,1,-30,0,0,409
45,2,2,2,2,41,Kaden,Elliss,2150,80,0,525,15,88,0,7,9045,14,9045,82,28,0,1,85,1,0,0,52,0,0,86,1,30,1009,87,81,45,45,0,8,33,0,0,0,3,3,3,3,82,45,0,0,0,3,3,60,0,0,55,1,3,525,0,0,0,7,66,73,83,4,1055,65,0,1,100,19,72,81,79,0,0,0,0,3,26,76,15,25,20,8,5,30,1,15,13,10,0,15,11,2150,0,75,78,1023,15,0,-30,0,0,3
45,7,7,7,7,6,Dakota,Allen,0,81,0,0,20,88,0,10,9046,33,9046,80,28,0,1,84,1,0,0,47,0,0,85,1,37,1009,88,81,45,45,0,8,37,0,0,0,5,5,5,5,217,45,0,0,0,0,3,60,0,0,59,1,0,0,0,0,0,7,25,63,83,4,1073,44,0,1,100,20,73,59,52,4,4,4,4,5,26,68,9,12,19,11,4,18,0,14,15,10,6,25,13,0,0,73,75,1023,15,1,-30,0,0,514
45,2,2,2,2,6,Justin,Skule,94,81,0,0,22,66,0,7,9048,6,9048,63,27,0,0,85,1,0,0,28,0,0,66,1,10,1009,86,32,67,68,0,8,8,0,0,0,0,0,0,0,238,45,0,0,0,1,3,60,0,0,77,2,1,0,0,0,0,6,18,64,65,4,874,22,0,1,100,20,85,59,72,6,6,6,6,32,20,23,37,25,42,50,27,30,0,5,5,10,27,15,10,94,0,79,155,1023,10,1,-30,0,0,3
45,3,3,3,3,6,Drew,Forbes,313,78,0,16,28,76,0,7,9049,33,9049,73,26,0,1,88,0,0,0,36,0,0,65,1,16,1009,79,46,65,68,0,8,30,0,2,0,1,1,1,1,188,45,0,0,0,1,3,60,0,0,70,2,4,16,0,0,0,6,18,64,75,4,884,35,0,1,100,32,87,60,65,5,5,5,5,7,34,45,17,25,33,7,24,30,0,6,9,10,4,45,24,313,0,77,148,1023,10,1,-30,0,0,107
45,6,6,6,6,6,Oli,Udoh,123,88,0,15,11,73,0,5,9050,31,9050,69,26,0,0,81,0,0,0,21,0,0,65,1,20,1015,90,34,67,72,0,8,9,0,0,0,1,1,1,1,60,45,0,0,0,1,3,60,0,0,74,0,1,15,0,0,0,6,18,68,71,4,901,25,0,1,100,12,87,65,74,6,6,6,6,12,34,25,20,25,31,12,17,23,0,9,9,10,16,40,26,123,0,78,160,1023,10,4,-30,0,0,486
11,7,7,7,7,15,Tony,Pollard,1009,85,0,0,10,95,0,5,9052,11,9052,93,26,0,1,84,0,0,0,72,0,0,85,2,26,1015,89,38,60,32,0,7,87,0,0,0,0,0,0,0,114,23,0,0,0,1,3,60,0,0,20,1,1,0,0,0,0,4,25,88,85,4,728,96,0,1,100,14,69,93,86,7,7,7,7,0,24,68,10,23,15,10,0,28,1,1,1,10,0,6,8,1009,0,72,49,1023,87,4,-30,0,0,498
45,3,3,3,3,28,Trayveon,Williams,109,82,0,5,18,90,3,3,9053,2,9053,89,26,0,1,85,0,0,0,69,0,0,83,1,9,1015,86,26,53,29,0,7,76,0,0,0,2,2,0,0,215,11,0,0,0,1,3,60,0,0,32,1,1,5,0,0,0,6,30,66,80,4,869,81,0,1,100,13,64,77,69,3,3,5,5,2,22,75,10,25,15,7,0,30,1,1,1,10,0,13,7,109,0,68,46,1023,82,4,-30,0,0,10
45,7,7,7,7,15,Ty,Johnson,0,85,0,0,16,91,3,2,9054,1009,9054,92,26,0,0,79,0,0,0,66,0,0,86,1,13,1009,90,31,54,31,0,8,73,0,0,0,4,4,4,4,111,23,0,0,0,0,3,60,0,0,26,1,0,0,0,0,0,6,23,71,82,4,880,87,0,1,100,13,64,80,73,0,0,0,0,1,22,84,10,25,15,10,0,30,2,1,1,10,1,9,11,0,0,70,50,1023,81,4,-30,0,0,495
45,5,5,5,5,15,Darwin,Thompson,0,82,0,0,20,92,3,4,9056,33,9056,89,26,0,0,79,0,0,0,66,0,0,85,1,41,1009,89,27,48,37,0,8,73,0,0,0,5,5,5,5,234,45,0,0,0,0,3,60,0,0,36,1,0,0,0,0,0,6,23,66,88,4,962,85,0,1,100,24,68,76,64,7,7,7,7,2,26,77,10,24,15,13,0,29,1,1,1,10,1,12,10,0,0,68,40,1023,60,1,-30,0,0,10
45,2,2,2,2,15,Travis,Homer,389,83,0,44,14,93,3,7,9057,1,9057,91,25,0,0,82,0,0,0,69,0,0,83,1,31,1015,90,35,54,34,0,8,74,0,0,0,4,4,4,4,115,45,0,0,0,2,3,60,0,0,20,1,2,44,0,0,0,6,25,70,90,4,937,84,0,1,100,19,62,79,73,0,0,0,0,2,21,90,10,22,15,7,0,27,1,1,1,10,1,6,7,389,0,70,42,1023,73,0,-30,0,0,29
45,4,4,4,4,15,Cullen,Gillaspia,0,83,0,0,15,85,0,9,9058,33,9058,88,28,0,1,89,1,0,0,65,0,0,85,1,6,1009,91,55,62,57,0,7,44,0,1,0,0,0,0,0,215,45,91,0,0,0,3,60,0,0,41,1,0,0,0,0,0,7,26,64,79,4,976,70,0,1,100,18,71,56,58,6,6,6,6,2,26,78,14,25,19,8,4,30,0,2,1,10,5,30,13,0,0,74,75,1023,35,2,-30,0,0,362
45,2,2,2,2,28,Amani,Hooker,3271,90,0,1000,44,90,0,7,9061,30,9061,88,25,0,1,81,0,0,0,74,0,0,89,1,14,1015,88,70,35,35,0,8,55,0,0,0,0,0,0,0,89,45,0,0,0,3,3,60,0,0,37,0,4,1000,0,0,0,4,42,79,88,4,691,65,0,1,100,55,62,82,79,6,6,6,6,2,21,88,10,24,15,11,0,29,0,18,18,10,5,12,6,3271,0,71,50,1023,44,4,-30,0,0,24
45,7,7,7,7,12,Marcus,Epps,1199,95,0,258,17,89,0,7,9062,23,9062,87,27,0,0,85,1,0,0,67,0,0,89,1,18,1009,89,71,35,35,0,8,53,0,2,0,0,0,0,0,260,45,39,4,4,2,3,60,0,0,1,2,2,258,0,0,0,6,27,77,91,4,891,57,0,1,100,18,63,82,78,0,0,0,0,0,22,82,10,17,15,12,0,22,1,18,17,10,0,10,8,1199,0,72,38,1023,60,0,-30,0,0,434
45,7,7,7,7,6,Donovan,Wilson,1935,92,0,495,14,89,0,5,9063,11,9063,87,28,0,0,79,1,0,0,72,0,0,83,1,40,1015,86,73,35,35,0,7,53,0,0,0,0,0,0,0,215,45,0,2,2,3,1,60,0,0,6,0,3,495,0,0,0,6,25,81,86,4,958,51,0,1,100,15,64,85,84,0,0,0,0,4,22,67,10,21,15,12,0,26,0,18,17,10,3,9,10,1935,0,72,44,1023,30,4,-30,0,0,326
45,4,4,4,4,6,Nick,Scott,1098,89,0,300,14,93,0,4,9064,2,9064,90,28,0,0,84,1,0,0,69,0,0,83,1,29,1009,91,67,45,35,0,7,60,0,0,0,0,0,0,0,164,32,0,3,3,3,3,60,0,0,33,2,3,300,0,0,0,7,28,72,92,4,1054,69,0,1,100,18,64,80,73,0,0,0,0,0,22,71,10,21,15,12,0,26,0,17,17,10,5,7,9,1098,0,71,41,1023,40,0,-30,0,0,488
45,7,7,7,7,6,Jackson,Barton,0,83,0,0,11,68,0,6,9065,1009,9065,66,28,0,0,87,1,3,3,37,0,0,59,1,26,1009,89,40,63,63,1,8,5,0,4,0,0,0,0,0,233,45,0,0,0,0,3,60,0,0,66,0,0,0,0,0,0,7,16,57,68,4,1032,35,0,1,100,21,85,51,59,0,0,0,0,49,34,26,34,25,46,50,24,30,0,5,5,10,24,28,37,0,0,79,142,1023,10,0,-30,0,0,151
45,6,6,6,6,6,Joshua,Miles,0,81,0,0,11,77,0,1,9066,1009,9066,63,27,0,0,78,1,0,0,30,0,0,58,1,34,1009,85,45,62,63,0,8,8,0,0,0,0,0,0,0,128,45,0,0,0,0,3,60,0,0,66,0,0,15,0,0,0,7,13,55,86,4,1069,46,0,1,100,16,85,50,58,6,6,6,6,10,32,31,25,25,35,10,22,30,0,5,9,10,18,35,23,0,0,77,154,1023,10,4,-30,0,0,17
45,3,3,3,3,49,Zach,Gentry,123,84,0,15,22,79,0,7,9067,33,9067,81,27,0,1,86,1,0,0,81,0,0,77,1,3,1015,88,32,61,60,0,7,57,0,2,0,0,0,0,0,117,45,0,0,0,1,3,60,0,0,81,2,1,15,0,0,0,5,63,65,73,4,749,72,0,1,100,14,72,70,71,2,2,2,2,5,26,39,18,25,23,9,8,30,0,4,4,10,9,39,28,123,0,80,105,1023,25,4,-30,0,0,46
45,7,7,7,7,37,Trevon,Wesco,109,83,0,15,16,79,0,3,9068,30,9068,76,28,0,0,78,1,0,0,77,0,0,78,1,19,1009,85,36,61,65,0,7,66,0,0,0,0,0,0,0,254,45,78,0,0,1,3,60,0,0,88,2,1,15,0,0,0,4,56,65,76,4,702,75,0,1,100,21,78,69,62,5,5,5,5,7,29,41,24,25,29,10,14,30,0,4,2,10,9,41,22,109,0,75,107,1023,28,0,-30,0,0,418
45,7,7,7,7,10,Hakeem,Butler,4,80,0,0,12,87,0,4,9070,33,9070,87,27,0,0,86,1,0,0,78,0,0,81,1,1,1009,92,26,48,53,0,8,75,0,0,0,0,0,0,0,90,45,0,0,0,1,3,60,0,0,89,1,1,0,0,0,0,4,26,65,87,4,648,75,0,1,100,14,73,64,65,0,0,0,0,5,19,75,10,15,15,23,0,15,1,3,3,10,0,15,9,94,0,77,67,1023,45,0,-30,0,0,506
45,6,6,6,6,36,Hunter,Renfrow,3037,90,0,549,34,88,0,7,9071,23,9071,86,28,0,0,79,1,0,0,93,0,0,87,1,11,1015,87,48,35,44,0,7,74,0,4,0,0,0,0,0,38,37,11,0,0,2,3,60,0,0,13,0,3,549,0,0,0,5,44,81,85,4,768,71,0,1,100,42,61,79,83,0,0,0,0,2,20,86,10,17,15,13,0,12,0,3,3,10,2,3,8,3037,0,70,25,1023,81,4,-30,0,0,512
45,7,7,7,7,10,Darius,Slayton,1191,87,0,350,13,92,0,4,9072,16,9072,94,26,0,0,84,0,0,0,80,0,0,85,1,33,1015,87,30,27,42,0,8,73,0,0,0,0,0,0,0,14,36,0,0,0,2,3,60,1,0,86,2,2,350,0,0,0,5,24,77,92,4,825,72,0,1,100,17,57,74,79,5,5,5,5,2,18,72,10,16,15,8,0,21,0,3,3,10,2,4,8,1191,0,73,34,1023,72,4,-30,0,0,500
45,7,7,7,7,10,KeeSean,Johnson,94,81,0,0,12,89,3,5,9073,33,9073,88,27,0,0,85,1,0,0,82,0,0,89,1,1,1009,89,32,36,44,0,8,69,0,0,0,2,2,0,0,66,45,0,0,0,1,3,60,0,0,81,2,1,0,0,0,0,6,26,68,80,4,833,72,0,1,100,17,61,65,61,3,3,0,0,4,20,64,10,15,15,12,0,12,0,3,3,10,1,6,7,94,0,73,41,1023,75,1,-30,0,0,10
45,6,6,6,6,10,JuWann,Winfree,0,81,0,0,13,87,3,10,9074,1009,9074,88,27,0,0,77,1,0,0,79,0,0,85,1,14,1009,85,31,27,39,0,8,70,0,0,0,0,0,0,0,41,45,0,3,3,0,1,60,0,0,9,2,0,0,0,0,0,6,25,67,80,4,882,72,0,1,100,18,65,65,66,0,0,0,0,2,22,86,10,15,15,7,0,12,0,3,3,10,0,6,8,0,0,73,50,1023,50,0,-30,0,0,26
45,4,4,4,4,30,Scott,Miller,109,84,0,15,13,93,0,7,9076,14,9076,95,26,0,0,80,0,0,0,85,0,0,86,1,35,1009,86,27,26,46,0,7,66,0,4,0,8,8,8,8,21,36,0,0,0,1,3,60,0,0,16,2,1,15,0,0,0,6,35,73,82,4,947,72,0,1,100,17,54,71,68,5,5,5,5,1,17,92,10,13,15,12,0,18,0,3,3,10,1,0,4,109,0,69,14,1023,74,0,-30,0,0,12
45,7,7,7,7,10,Olabisi,Johnson,0,79,0,0,12,89,0,3,9078,33,9078,89,26,0,0,81,0,0,0,83,0,0,87,1,33,1015,82,45,29,54,0,8,69,0,2,0,9,9,9,9,42,45,0,0,0,0,3,60,0,0,81,2,0,0,0,0,0,7,24,72,89,4,1065,71,0,1,100,18,62,72,75,4,4,4,4,1,21,65,10,17,15,10,0,22,0,3,3,10,3,7,12,0,0,72,50,1023,78,4,-30,0,0,412
45,2,5,2,5,6,Albert,Huggins Jr,0,74,0,0,25,70,3,4,9080,14,9080,68,26,0,0,84,0,0,1,27,0,0,66,1,63,1009,86,76,45,45,0,8,10,0,0,0,0,2,0,2,38,45,0,1,2,1,3,46,0,0,94,1,1,0,0,79,0,15,16,62,71,4,1560,30,0,1,100,15,88,68,56,4,0,4,0,29,34,15,26,24,44,11,26,6,1,12,12,51,29,33,24,94,0,75,145,1023,10,2,-19,0,0,9
45,7,7,7,7,6,Daniel,Wise,94,74,0,0,12,72,0,4,9081,33,9081,68,27,0,0,86,1,0,0,37,0,0,67,2,63,1009,85,76,45,45,0,8,20,0,0,0,0,0,0,0,95,45,100,0,0,1,3,46,0,0,96,0,1,0,0,79,0,15,20,62,69,4,1590,41,0,1,100,19,80,63,62,4,4,4,4,5,30,43,28,25,33,11,18,30,1,11,12,10,4,22,24,94,0,75,125,1023,10,1,-19,0,0,296
45,4,3,4,3,15,Elijah,Holyfield,0,81,0,0,12,87,1,4,9083,33,9083,83,25,0,0,86,0,0,0,61,0,0,80,1,63,1009,88,29,49,32,0,7,75,0,0,0,0,0,0,0,70,45,100,2,3,0,3,20,0,0,36,0,0,0,0,65,0,15,31,63,73,4,1378,87,0,1,100,16,76,73,65,0,4,0,4,0,28,85,23,43,39,11,27,25,1,1,1,0,3,12,7,0,1,70,55,1023,72,2,-19,0,0,208
45,7,7,7,7,12,Jonathan,Ledbetter,87,75,0,0,21,74,0,7,9087,7,9087,68,26,0,0,87,0,0,0,36,0,0,66,0,63,1009,86,79,45,45,0,8,18,0,0,0,9,9,9,9,70,45,0,0,0,1,3,60,0,0,93,1,1,0,0,0,0,15,24,65,67,4,1334,28,0,1,100,22,81,69,71,7,7,7,7,5,30,54,6,25,29,7,14,29,0,11,11,10,4,24,26,87,0,76,120,1023,10,2,-30,0,0,492
45,7,7,7,7,6,Wyatt,Ray,0,71,0,0,18,83,0,7,9088,33,9088,78,27,0,0,85,1,0,0,24,0,0,76,0,63,1009,88,76,45,45,0,8,19,0,0,0,9,9,9,9,20,45,0,0,0,0,3,60,0,0,52,2,0,0,0,0,0,15,11,60,82,4,1546,40,0,1,100,15,79,67,59,7,7,7,7,4,30,46,6,25,29,7,14,29,0,13,13,10,0,20,22,0,0,75,95,1023,10,1,-30,0,0,492
45,3,5,3,5,6,Calvin,Anderson,687,82,0,168,22,72,0,9,9091,22,9091,62,27,0,0,85,1,0,1,30,0,0,71,1,63,1009,85,30,69,64,0,8,8,0,2,0,0,2,0,2,214,45,100,0,0,2,3,0,0,0,76,2,2,168,0,99,0,15,25,63,76,4,1139,33,0,1,100,24,85,59,72,2,0,2,0,4,32,34,18,5,29,8,15,10,0,5,5,60,8,44,25,687,0,77,140,1023,10,4,-19,0,0,492
45,5,6,5,6,6,Joe,Giles-Harris,0,80,0,0,13,82,0,9,9093,1009,9093,81,26,0,0,87,0,1,0,53,0,0,81,1,63,1009,88,81,45,45,0,8,37,0,2,0,0,1,0,1,52,45,0,3,0,0,3,39,0,0,44,1,0,0,0,60,0,15,25,64,73,4,1631,45,0,1,100,18,69,67,60,1,0,1,0,0,24,78,23,52,33,12,2,27,2,13,14,68,6,31,11,0,0,74,74,1023,10,2,-19,0,0,9
45,0,0,0,0,29,Jack,Fox,1092,83,0,175,74,83,0,7,9096,19,9096,81,27,0,0,65,1,0,0,23,0,0,65,0,63,1009,90,29,17,16,0,7,5,0,0,0,0,0,0,0,171,45,0,3,3,4,3,60,0,0,3,0,5,175,0,0,0,15,53,73,69,4,171,39,0,1,100,93,50,75,60,0,0,0,0,2,15,69,19,25,24,12,9,21,0,20,20,10,3,12,7,1092,0,74,55,1023,10,4,-30,0,0,3
45,0,0,0,0,75,Nick,Fitzgerald,0,93,0,0,35,88,0,7,9097,33,9097,84,27,0,0,91,1,0,0,54,0,0,74,1,63,1009,88,29,48,47,0,7,71,0,1,0,7,7,7,7,121,45,0,0,0,0,3,60,0,0,7,2,0,0,0,0,0,15,88,63,74,4,4582,61,0,1,100,50,73,63,50,1,1,6,6,0,14,73,10,16,15,36,0,16,0,0,0,10,0,15,7,0,0,77,66,1023,50,3,-30,0,0,3
45,0,0,0,0,70,David,Blough,0,67,0,0,12,84,0,7,9098,1009,9098,75,28,0,0,89,1,0,0,48,0,0,76,1,63,5,85,25,17,19,0,8,33,0,1,0,7,7,7,7,169,45,0,0,0,0,3,60,0,0,18,2,0,7,0,0,0,15,84,57,77,4,1232,58,0,1,100,18,56,63,65,1,1,6,6,2,19,74,10,16,15,11,0,16,0,0,0,10,2,6,8,0,0,72,45,1023,32,1,-30,0,0,3
45,4,4,4,4,6,Ethan,Greenidge,94,80,0,0,29,55,0,10,9100,33,9100,57,26,0,0,84,0,3,3,23,0,0,54,1,63,1009,82,14,62,64,0,8,8,0,0,0,3,3,3,3,239,45,0,0,0,1,3,14,0,0,71,2,1,0,0,94,0,15,16,54,64,4,1300,40,0,1,100,14,84,48,54,0,0,0,0,55,36,65,19,36,34,39,9,26,0,9,6,31,21,39,29,94,0,76,175,1023,10,0,-19,0,0,492
45,4,4,4,4,6,Fred,Johnson,94,81,0,0,13,62,0,10,9101,13,9101,61,26,0,0,83,0,0,0,24,0,0,54,1,63,1009,89,31,64,69,0,8,5,0,0,0,3,3,3,3,62,45,0,0,0,1,3,14,0,0,74,0,1,0,0,94,0,15,12,61,63,4,178,20,0,1,100,14,85,56,72,0,0,0,0,11,32,34,17,46,28,9,21,6,0,5,6,36,17,22,25,94,0,79,166,1023,10,1,-19,0,0,492
45,3,5,3,5,6,Yosuah,Nijman,430,85,0,0,28,78,0,9,9102,20,9102,75,27,0,0,81,1,0,1,25,0,0,71,1,63,1009,90,44,76,67,0,8,5,0,2,0,0,2,0,2,241,45,100,0,0,1,3,0,0,0,73,2,1,0,0,99,0,15,35,71,75,4,1513,40,0,1,100,18,87,71,82,2,0,2,0,15,32,39,16,5,31,7,23,10,0,9,5,60,18,38,30,430,0,79,154,1023,10,4,-19,0,0,492
45,7,7,7,7,10,Stanley,Morgan Jr,0,80,0,0,13,90,0,5,9109,1009,9109,87,27,0,0,79,1,0,0,78,0,0,90,2,63,1009,88,32,40,49,0,8,72,0,0,0,0,0,0,0,142,45,0,0,0,0,3,60,0,0,17,2,0,10,0,0,0,15,25,67,91,4,1101,74,0,1,100,19,63,63,58,0,0,0,0,1,22,69,10,21,15,13,0,15,1,3,3,10,0,13,11,0,0,72,45,1023,73,4,-30,0,0,9
45,7,7,7,7,23,Greg,Dortch,101,80,0,0,14,91,0,5,9110,7,9110,87,25,0,0,76,0,0,0,89,0,0,88,2,63,1009,85,23,25,40,0,7,69,0,0,0,0,0,0,0,249,45,0,0,0,1,3,60,0,0,83,2,1,0,0,0,0,15,38,73,77,4,1402,68,0,1,100,19,41,72,72,0,0,0,0,1,10,90,10,21,15,10,0,15,1,3,3,10,4,9,6,101,0,67,15,1023,79,2,-30,0,0,9
45,7,5,7,5,33,Saivion,Smith,94,84,0,0,17,88,0,7,9116,33,9116,85,26,0,0,78,0,0,0,64,0,0,83,1,63,1009,86,60,25,25,0,7,54,0,0,0,0,1,0,1,3,45,0,0,2,1,3,30,0,0,23,2,1,0,0,64,0,15,48,59,80,4,2993,61,0,1,100,18,57,65,56,2,0,2,0,16,23,84,30,0,10,36,7,3,0,16,16,37,3,7,2,94,0,73,40,1023,45,1,-19,0,0,29
45,1,2,1,2,6,Jalen,Thompson,3458,95,0,812,21,92,0,4,9117,7,9117,89,25,0,0,85,0,0,0,73,0,0,84,1,63,1015,89,83,35,35,0,8,44,0,0,0,0,0,0,0,251,32,0,0,2,3,3,42,0,0,34,0,4,812,0,86,0,15,22,79,81,4,1163,58,0,1,100,21,60,88,81,3,2,3,2,3,20,91,27,20,38,7,13,3,2,18,18,36,4,4,4,3458,0,71,30,1023,60,4,-19,0,0,88
45,2,2,2,2,6,Jaryd,Jones-Smith,0,79,0,0,13,72,0,7,9122,1009,9122,64,28,0,0,85,1,1,1,23,0,0,50,1,63,1009,67,37,60,63,0,8,8,0,0,0,0,0,0,0,166,45,0,0,0,0,3,60,0,0,60,0,0,0,0,0,0,15,26,53,68,5,1541,21,0,1,100,18,83,46,50,6,6,6,6,31,20,24,26,25,41,39,21,30,0,5,5,10,26,15,10,0,0,79,185,1023,10,0,-30,0,0,418
45,3,3,3,3,6,Andre,Chachere,0,86,0,0,11,92,3,4,9123,1009,9123,88,27,0,0,76,1,0,0,63,0,0,89,2,63,1009,90,52,35,35,0,8,55,0,0,0,2,2,2,2,185,45,0,0,0,0,3,60,0,0,31,2,0,0,0,0,0,15,24,61,90,5,3128,67,0,1,100,10,59,68,55,3,3,3,3,5,20,65,10,24,15,9,0,29,0,16,16,10,1,8,8,0,0,72,40,1023,55,0,-30,0,0,514
45,7,7,7,7,6,Steven,Parker,0,87,0,0,12,90,0,4,9124,33,9124,86,28,0,0,85,1,0,0,61,0,0,86,1,63,1009,87,72,35,35,0,7,41,0,0,0,0,0,0,0,157,45,0,2,1,0,3,25,0,0,38,0,0,0,0,60,0,15,30,67,87,5,1190,62,0,1,100,17,51,72,66,0,1,0,1,1,16,79,1,46,32,12,14,10,1,17,18,26,2,12,9,0,0,73,50,1023,45,1,-19,0,0,511
45,3,3,3,3,10,Chris,Westry,0,87,0,0,16,92,0,5,9127,33,9127,90,26,0,0,80,0,0,0,62,0,0,84,1,63,1009,85,54,35,35,0,7,51,0,0,0,2,2,0,0,98,45,0,0,0,1,3,60,0,0,0,2,1,0,0,0,0,15,27,63,90,4,1333,60,0,1,100,21,60,67,54,3,3,0,0,2,15,70,10,16,15,13,0,21,1,16,16,10,0,4,7,0,0,76,39,1023,30,0,-30,0,0,405
45,0,0,0,0,6,Malik,Reed,109,85,0,10,19,86,0,0,9131,33,9131,77,27,0,0,88,1,0,0,40,0,0,84,2,63,1009,91,81,45,45,0,8,19,0,0,0,0,0,0,0,143,45,4,0,0,1,3,34,0,0,47,2,1,10,0,85,0,15,23,72,79,4,1147,38,0,1,100,17,74,77,75,0,0,0,0,5,27,55,0,0,45,9,0,0,0,13,14,0,5,18,13,109,0,74,75,1023,10,1,-19,0,0,209
45,0,0,0,0,35,Jamie,Gillan,400,84,0,100,77,75,0,8,9133,16,9133,76,26,0,0,88,0,0,0,37,0,0,64,1,63,1009,87,53,18,17,0,8,25,0,1,0,0,0,0,0,11,45,90,1,1,2,1,56,1,0,6,0,2,100,0,82,0,15,51,75,87,4,1151,40,0,1,100,93,69,76,61,0,0,0,0,5,24,91,40,29,27,10,17,19,0,20,20,49,5,5,9,400,0,73,47,1023,10,1,-19,0,0,473
45,4,3,4,3,20,D'Ernest,Johnson,109,83,0,5,25,89,1,4,9134,17,9134,87,27,0,0,85,1,0,0,67,0,0,85,1,63,1009,92,31,59,27,0,7,81,0,0,0,0,0,0,0,232,45,0,2,3,1,3,20,0,0,25,1,1,5,0,65,0,15,30,73,80,4,1149,88,0,1,100,25,64,82,77,0,4,0,4,0,22,88,23,43,39,11,27,25,1,1,1,0,1,5,5,109,1,70,48,1023,81,0,-19,0,0,498
45,3,3,3,3,6,Troy,Reeder,0,84,0,0,18,87,0,7,9137,1009,9137,86,29,0,0,81,1,0,0,57,0,0,80,2,63,1009,85,75,45,45,0,8,12,0,0,0,0,0,0,0,49,45,0,0,0,0,3,34,0,0,59,1,0,2,0,85,0,15,25,67,89,4,1291,43,0,1,100,16,77,68,71,4,4,4,4,7,28,45,0,0,45,8,0,0,0,14,14,0,0,41,21,0,0,75,85,1023,14,0,-19,0,0,3
45,7,7,7,7,38,Nsimba,Webster,0,80,0,0,22,91,0,5,9138,1009,9138,88,27,0,0,80,1,0,0,76,0,0,88,2,63,1009,84,42,30,47,0,7,73,0,0,0,0,0,0,0,59,45,0,0,0,0,3,60,0,0,83,2,0,0,0,0,0,15,51,67,76,4,1436,72,0,1,100,24,52,61,58,0,0,0,0,1,16,96,10,21,15,10,0,15,1,3,3,10,3,6,0,0,0,70,20,1023,78,1,-30,0,0,9
45,1,2,1,2,10,Roderic,Teamer,150,88,0,22,20,90,0,4,9141,23,9141,86,26,0,0,80,0,0,0,68,0,0,82,1,63,1009,84,65,35,35,0,8,50,0,0,0,0,0,0,0,221,45,0,0,2,1,3,42,0,0,33,0,1,22,0,86,0,15,25,67,88,4,1166,60,0,1,100,20,58,70,67,3,2,3,2,18,29,60,27,20,38,14,13,3,2,18,18,36,9,27,19,150,0,72,45,1023,45,2,-19,0,0,88
45,0,0,0,0,33,Luke,Gifford,398,85,0,50,18,86,0,5,9143,30,9143,84,28,0,0,83,1,0,0,60,0,0,83,1,63,1009,84,77,45,45,0,8,48,0,2,0,0,0,0,0,142,45,12,0,0,2,3,34,0,0,57,1,2,50,0,85,0,15,44,64,84,4,1177,63,0,1,100,17,75,60,56,0,0,0,0,5,28,56,0,0,45,12,0,0,0,14,14,0,8,39,24,398,0,75,83,1023,14,0,-19,0,0,473
45,4,3,4,3,35,Patrick,Laird,0,82,0,0,14,91,1,4,9144,1009,9144,86,28,0,0,83,1,0,0,65,0,0,86,1,63,1009,84,31,52,35,0,8,78,0,0,0,0,0,0,0,28,45,0,2,3,0,3,20,0,0,25,1,0,0,0,65,0,15,35,68,82,4,1180,84,0,1,100,11,72,62,75,0,4,0,4,1,26,87,23,43,39,11,27,25,1,2,1,0,1,11,8,0,1,72,37,1023,35,1,-19,0,0,473
45,6,4,6,4,20,Chris,Myarick,101,79,0,0,19,79,0,2,9145,33,9145,77,28,0,0,75,1,0,0,75,0,0,77,1,63,1009,89,40,60,60,0,8,59,0,2,0,0,0,0,0,208,45,100,0,0,1,3,7,0,0,85,2,1,0,0,69,0,15,29,59,79,4,1446,70,0,1,100,21,79,63,60,0,4,0,4,5,30,49,24,29,22,10,29,22,1,2,4,77,8,37,28,101,0,77,101,1023,15,1,-19,0,0,3
45,7,7,7,7,25,Preston,Williams,197,82,0,0,12,87,0,5,9146,33,9146,90,26,0,0,79,0,0,0,83,0,0,83,2,63,1009,81,27,34,49,0,7,73,0,0,0,0,0,0,0,42,45,0,0,0,1,3,60,1,0,16,2,2,0,0,0,0,15,30,72,92,4,1182,70,0,1,100,17,73,71,73,0,0,0,0,1,26,77,10,21,15,13,0,15,1,3,3,10,4,13,9,197,0,76,58,1023,25,1,-30,0,0,9
45,7,7,7,7,12,Olamide,Zaccheaus,109,85,0,10,15,90,0,5,9148,13,9148,89,26,0,0,84,0,0,0,86,0,0,86,2,63,1009,88,35,35,48,0,7,74,0,0,0,0,0,0,0,240,45,0,0,0,1,3,60,0,0,13,2,1,10,0,0,0,15,31,72,85,4,1198,72,0,1,100,13,54,73,75,0,0,0,0,1,17,70,10,21,15,7,0,15,1,3,3,10,3,9,10,109,0,68,33,1023,72,0,-30,0,0,9
45,0,0,0,0,6,Azeez,Al-Shaair,224,88,0,63,20,87,0,0,9149,30,9149,85,26,0,0,81,0,0,0,61,0,0,78,2,63,1009,85,85,45,45,0,8,22,0,0,0,0,0,0,0,308,45,19,0,0,1,3,34,0,0,2,1,1,63,0,85,0,15,27,77,80,4,1202,46,0,1,100,16,77,79,81,0,0,0,0,5,24,61,0,0,45,7,0,0,0,14,14,0,9,18,11,224,0,74,68,1023,10,0,-19,0,0,209
45,0,0,0,0,30,Taylor,Bertolet,0,92,0,0,65,81,0,7,9150,1009,9150,76,31,0,0,65,1,0,0,16,0,0,56,0,63,1009,90,25,17,16,0,8,24,0,0,0,0,0,0,0,215,45,100,1,2,0,3,23,1,0,1,2,0,0,0,92,0,15,28,65,45,4,1135,40,0,1,100,91,38,66,51,0,0,0,0,3,2,94,8,19,13,5,3,18,0,19,19,1,15,5,1,0,0,69,28,1023,10,4,-19,0,0,107
45,0,0,0,0,6,Kyle,Phillips,0,74,0,0,19,86,0,0,9151,1009,9151,84,26,0,0,82,0,0,0,41,0,0,75,2,63,1009,86,77,45,45,0,8,29,0,0,0,0,0,0,0,211,45,0,0,0,0,3,49,0,0,91,0,0,0,0,94,0,15,27,69,79,4,1230,40,0,1,100,26,77,76,68,0,0,0,0,6,28,54,19,0,32,13,21,0,0,10,12,0,6,33,26,0,0,76,117,1023,10,4,-19,0,0,498
45,1,2,1,2,6,C.J.,Moore,0,86,0,0,15,93,0,4,9152,33,9152,91,28,0,0,84,1,0,0,66,0,0,81,1,63,1009,88,64,20,30,0,7,54,0,0,0,0,0,0,0,159,45,0,0,2,0,3,42,0,0,38,0,0,0,0,86,0,15,29,64,88,4,1255,53,0,1,100,15,61,70,59,3,2,3,2,1,20,77,27,20,38,12,13,3,2,17,18,36,1,9,11,0,0,71,35,1023,51,4,-19,0,0,88
45,0,0,0,0,6,Kevin,Strong,109,70,0,15,15,69,0,0,9153,7,9153,64,27,0,0,82,1,0,0,43,0,0,56,2,63,1009,81,81,45,45,0,8,22,0,0,0,0,0,0,0,355,45,0,0,0,1,3,49,0,0,92,1,1,15,0,94,0,15,20,64,75,4,1247,30,0,1,100,25,80,67,67,0,0,0,0,6,32,43,19,0,32,8,21,0,0,12,12,0,4,25,23,109,0,76,135,1023,10,0,-19,0,0,498
45,7,7,7,7,25,Darrius,Shepherd,4,82,0,0,12,86,0,5,9154,33,9154,87,28,0,0,83,1,0,0,81,0,0,87,2,63,1009,89,29,28,48,0,8,69,0,0,0,0,0,0,0,315,45,0,0,0,1,3,60,0,0,19,2,1,0,0,0,0,15,35,66,85,4,1257,70,0,1,100,17,58,62,56,0,0,0,0,5,16,54,10,21,15,17,0,15,1,3,3,10,0,15,6,4,0,71,26,1023,76,1,-30,0,0,9
45,4,3,4,3,49,Reggie,Bonnafon,0,81,0,0,16,84,1,4,9155,33,9155,87,27,0,0,76,1,0,0,67,0,0,85,1,63,1009,86,24,52,36,0,7,69,0,0,0,0,0,0,0,105,45,0,2,3,0,3,20,0,0,39,1,0,0,0,65,0,15,69,64,86,4,1262,83,0,1,100,20,68,74,74,0,4,0,4,5,24,81,6,19,21,12,9,25,1,1,1,19,2,11,5,0,1,72,55,1023,78,1,-19,0,0,498
45,0,0,0,0,6,Jordan,Kunaszyk,109,80,0,15,12,85,0,0,9156,33,9156,80,27,0,0,86,1,0,0,62,0,0,76,2,63,1009,87,81,45,45,0,8,22,0,0,0,0,0,0,0,28,45,0,0,0,1,3,34,0,0,51,1,1,15,0,85,0,15,26,63,80,4,1263,50,0,1,100,16,71,64,62,0,0,0,0,4,26,73,0,0,45,8,0,0,0,14,14,0,0,19,13,109,0,75,75,1023,10,1,-19,0,0,107
45,0,0,0,0,30,Joey,Slye,435,85,0,100,74,75,0,7,9157,26,9157,68,27,0,0,58,1,0,0,35,0,0,63,1,63,1009,87,31,16,19,0,8,15,0,0,0,0,0,0,0,241,45,75,1,2,1,3,23,0,0,6,0,2,100,0,92,0,15,29,72,61,4,1265,40,0,1,100,98,66,73,55,0,0,0,0,1,24,89,8,19,13,8,3,18,0,19,19,1,3,8,6,435,0,71,53,1023,10,2,-19,0,0,107
45,7,7,7,7,52,Jakobi,Meyers,3294,90,0,549,31,92,0,5,9158,23,9158,87,27,0,0,84,1,0,0,91,0,0,88,2,63,1009,91,39,37,51,0,7,73,0,0,0,0,0,0,0,138,37,0,0,0,3,3,60,0,0,16,2,3,549,0,0,0,15,75,81,87,4,1267,73,0,1,100,45,62,79,82,0,0,0,0,0,20,75,10,21,15,7,0,15,1,3,3,10,3,5,5,3294,0,74,40,1023,65,0,-30,0,0,9
45,7,7,7,7,10,Gunner,Olszewski,420,83,0,122,22,90,0,5,9159,29,9159,88,27,0,0,94,1,0,0,80,0,0,88,2,63,1009,88,50,33,50,0,7,67,0,0,0,0,0,0,0,394,45,0,0,0,1,3,60,0,0,89,2,2,122,0,0,0,15,21,67,86,4,1269,72,0,1,100,20,56,70,75,0,0,0,0,0,18,92,10,21,15,9,0,15,1,3,3,10,0,8,7,420,0,72,30,1023,83,1,-30,0,0,478
45,2,2,2,2,47,Alec,Ingold,650,86,0,150,37,80,0,7,9160,12,9160,78,27,0,0,87,1,0,0,71,0,0,72,0,63,1009,84,50,69,67,0,8,49,0,0,0,0,0,0,0,258,45,48,0,0,1,3,73,0,0,30,1,2,150,0,80,0,15,60,77,86,4,1274,80,0,1,100,56,78,77,81,6,6,6,6,3,28,79,0,0,16,9,0,0,0,2,2,14,5,28,11,650,0,73,75,1023,32,1,-19,0,0,478
45,3,5,3,5,6,Andre,James,1106,88,0,0,21,70,0,9,9161,23,9161,62,26,0,0,83,0,0,1,29,0,0,58,1,63,1009,91,32,76,72,0,8,7,0,2,0,0,2,0,2,226,45,0,0,0,1,3,0,0,0,68,0,3,0,0,99,0,15,25,72,72,4,1277,37,0,1,100,22,84,70,83,2,0,2,0,9,32,37,16,5,35,7,18,10,0,7,5,60,10,32,23,1106,0,76,140,1023,10,4,-19,0,0,478
45,3,3,3,3,6,Keisean,Nixon,277,87,0,37,14,92,0,4,9162,20,9162,93,26,0,0,84,0,0,0,65,0,0,80,2,63,1009,86,61,35,35,0,8,52,0,0,0,2,2,2,2,176,45,0,0,0,1,3,60,0,0,25,2,1,37,0,0,0,15,29,68,79,4,1281,59,0,1,100,16,54,73,67,3,3,3,3,2,17,72,10,24,15,12,0,29,1,16,16,10,4,8,7,277,0,70,40,1023,90,4,-30,0,0,514
45,3,3,3,3,6,Patrick,Mekari,1630,86,0,0,20,68,0,4,9163,25,9163,58,26,0,0,84,0,0,0,22,0,0,59,0,63,1009,87,34,73,76,0,8,9,0,0,0,0,0,0,0,28,45,0,0,0,2,3,1,0,0,65,0,4,0,0,10,0,15,22,72,67,4,1292,33,0,1,100,22,84,69,86,5,5,5,5,3,32,32,16,25,27,12,25,30,0,5,6,10,10,28,25,1630,0,76,145,1023,10,4,-30,0,0,478
45,7,7,7,7,23,Steven,Sims,0,83,0,0,16,93,0,5,9164,1009,9164,91,26,0,0,84,0,0,0,79,0,0,86,2,63,1009,87,24,40,46,0,8,72,0,0,0,0,0,0,0,95,45,0,0,0,0,3,60,0,0,82,2,0,20,0,0,0,15,34,69,77,4,1294,70,0,1,100,17,53,67,68,0,0,0,0,2,16,84,10,21,15,9,0,15,1,3,3,10,3,6,5,0,0,70,16,1023,75,0,-30,0,0,9
45,7,7,7,7,30,Deonte,Harty,910,83,0,274,15,93,0,5,9165,3,9165,90,26,0,0,76,0,0,0,84,0,0,90,2,63,1009,81,17,25,39,0,8,76,0,0,0,0,0,0,0,391,45,0,0,0,2,3,60,0,0,11,2,2,274,0,0,0,15,25,74,80,4,1299,72,0,1,100,19,50,70,67,0,0,0,0,4,15,78,10,21,15,9,0,15,1,3,3,10,1,9,2,910,0,66,10,1023,87,0,-30,0,0,9
45,7,7,7,7,6,Shy,Tuttle,1928,78,0,540,12,75,0,2,9166,21,9166,75,28,0,0,85,1,0,0,44,0,0,71,2,63,1009,89,84,45,45,0,8,10,0,0,0,0,0,1,1,211,45,0,0,0,3,3,49,0,0,99,1,3,540,0,94,0,15,16,70,70,4,1303,30,0,1,100,15,82,72,66,6,6,6,6,32,31,24,34,0,35,12,21,0,0,11,12,0,37,33,25,1928,0,75,140,1023,10,0,-19,0,0,498
45,3,3,3,3,6,Isaiah,Mack,108,74,0,0,17,81,0,7,9167,33,9167,72,27,0,0,85,1,3,3,34,0,0,68,2,63,1009,88,80,44,45,0,8,13,0,0,0,9,9,9,9,210,45,0,0,0,1,3,49,0,0,97,0,1,0,0,94,0,15,23,64,79,4,1315,37,0,1,100,17,81,66,56,7,7,7,7,6,32,43,19,0,32,8,21,0,2,10,12,15,4,25,23,108,0,73,139,1023,9,1,-19,0,0,498
45,6,6,6,6,6,Bryan,Mone,1193,75,0,150,16,62,0,5,9168,33,9168,57,28,0,0,84,1,1,1,26,0,0,53,2,63,1009,83,79,45,43,1,8,20,0,0,0,1,1,1,1,117,45,0,0,0,2,1,49,0,0,91,1,3,150,0,94,0,15,21,68,66,4,1594,29,0,1,100,15,84,71,76,0,0,0,0,31,32,10,30,0,60,12,31,0,2,12,12,0,48,45,20,1193,0,75,185,1023,10,4,-19,0,0,5
45,6,4,6,4,20,Brandon,Dillon,4,78,0,0,19,84,0,2,9170,33,9170,80,26,0,0,83,0,0,0,74,0,0,82,1,63,1009,86,27,55,56,0,7,59,0,2,0,0,0,0,0,424,45,0,0,0,1,3,7,0,0,46,2,1,0,0,69,0,15,30,59,79,4,1466,67,0,1,100,21,71,57,52,0,4,0,4,9,16,63,24,29,22,57,29,22,1,4,4,77,6,21,3,4,0,77,90,1023,18,2,-19,0,0,478
45,6,4,6,4,10,Matt,Orzech,367,77,0,30,14,80,0,2,9171,20,9171,77,28,0,0,88,1,0,0,56,0,0,78,1,63,1009,88,44,50,43,0,8,15,0,2,0,0,0,0,0,439,45,0,0,0,3,3,7,0,0,42,2,3,0,0,69,0,15,26,26,84,4,1227,64,0,1,100,11,73,37,60,0,4,0,4,7,26,50,24,29,22,8,29,22,1,7,4,77,8,34,23,367,0,75,85,1023,10,2,-19,0,0,3
45,3,5,3,5,6,Brett,Toth,0,81,0,0,15,71,0,3,9172,1009,9172,67,27,0,0,85,1,0,1,33,0,0,70,1,63,1009,85,32,59,63,0,8,8,0,2,0,0,2,0,2,13,45,0,0,0,0,3,0,0,0,64,2,0,0,0,99,0,15,30,53,64,4,1158,40,0,1,100,20,81,48,52,2,0,2,0,4,30,37,23,5,20,8,17,10,0,9,5,29,6,32,29,0,0,78,144,1023,10,4,-19,0,0,3
45,6,4,6,4,10,Andrew,Beck,619,80,0,150,15,88,0,2,9174,32,9174,85,27,0,0,88,1,0,0,73,0,0,79,1,63,1009,84,47,70,65,0,7,57,0,2,0,0,0,0,0,214,45,0,0,0,2,3,7,0,0,47,1,2,150,0,69,0,15,30,70,82,4,1128,67,0,1,100,22,77,70,65,0,4,0,4,6,28,51,24,29,22,11,29,22,1,2,4,77,5,44,23,619,0,75,95,1023,30,0,-19,0,0,3
45,4,3,4,3,32,Devine,Ozigbo,0,77,0,0,19,88,1,4,9175,33,9175,85,27,0,0,81,1,0,0,68,0,0,85,1,63,1009,87,41,52,35,0,8,77,0,0,0,0,0,0,0,142,45,0,2,3,0,3,20,0,0,36,0,0,0,0,65,0,15,34,63,88,4,1221,86,0,1,100,11,72,57,65,0,4,0,4,5,26,60,23,43,39,10,27,25,1,2,1,0,1,23,10,0,1,71,65,1023,36,1,-19,0,0,208
45,5,6,5,6,6,Curtis,Bolton,101,80,0,0,12,91,0,9,9178,23,9178,87,28,0,0,82,1,1,0,54,0,0,80,1,63,1009,85,79,45,45,0,8,22,0,2,0,0,1,0,1,157,45,100,3,0,1,3,39,0,0,36,1,1,0,0,60,0,15,28,62,90,4,1350,55,0,1,100,18,68,62,58,1,0,1,0,5,24,55,23,52,33,9,2,27,2,14,14,68,9,15,13,101,0,72,68,1023,10,1,-19,0,0,162
45,7,7,7,7,10,Keelan,Doss,0,82,0,0,11,90,0,5,9179,1009,9179,87,27,0,0,84,1,0,0,82,0,0,85,2,63,1009,86,21,45,48,0,8,66,0,0,0,0,0,0,0,286,45,0,0,0,0,3,60,0,0,86,2,0,0,0,0,0,15,29,67,86,4,1275,68,0,1,100,11,62,66,66,0,0,0,0,5,16,54,10,21,15,17,0,15,1,3,3,10,0,15,6,0,0,75,55,1023,45,1,-30,0,0,390
45,4,4,4,4,6,Keaton,Sutherland,94,80,0,0,21,72,0,4,9181,33,9181,64,26,0,0,85,0,0,1,40,0,0,54,1,63,1009,86,36,62,64,0,8,8,0,2,0,0,6,0,6,215,45,0,0,0,1,3,55,0,0,60,0,1,0,0,62,0,15,30,58,86,4,1183,30,0,1,100,22,86,51,52,4,0,4,0,9,0,5,70,30,1,75,57,18,0,8,8,104,13,56,38,94,0,77,156,1023,10,1,-19,0,0,308
45,4,3,4,3,6,Jakob,Johnson,162,83,0,27,25,69,1,4,9187,23,9187,69,29,0,0,82,1,0,0,60,0,0,70,1,63,1009,86,71,70,64,0,7,30,0,0,0,0,0,0,0,211,45,0,2,3,1,3,20,0,0,45,0,1,27,0,65,0,15,30,68,71,4,1266,75,0,1,100,25,82,65,80,0,4,0,4,7,31,59,23,43,39,11,27,25,1,2,2,0,5,36,23,162,1,75,95,1023,30,1,-19,0,0,43
45,7,7,7,7,34,Tom,Kennedy,94,80,0,0,18,90,0,5,9189,33,9189,87,27,0,0,81,1,0,0,83,0,0,89,2,63,1009,87,33,36,48,0,7,72,0,0,0,0,0,0,0,265,45,0,0,0,1,3,60,0,0,85,2,1,0,0,0,0,15,47,69,86,4,1238,69,0,1,100,22,64,69,68,0,0,0,0,0,22,85,10,21,15,10,0,15,1,3,3,10,3,4,4,94,0,70,35,1023,45,4,-30,0,0,307
45,7,7,7,7,16,Ashton,Dulin,702,85,0,200,14,92,0,5,9190,33,9190,93,26,0,0,83,0,0,0,83,0,0,89,2,63,1009,91,41,33,45,0,7,73,0,0,0,0,0,0,0,265,45,0,0,0,2,3,60,0,0,16,2,2,200,0,0,0,15,35,72,88,4,1172,74,0,1,100,18,61,73,73,0,0,0,0,5,20,86,10,21,15,10,0,15,1,3,3,10,4,12,7,702,0,73,55,1023,79,4,-30,0,0,9
45,6,6,6,6,6,Jonathan,Harris,190,72,0,0,11,70,0,4,9193,4,9193,66,27,0,0,82,1,0,0,27,0,0,69,0,63,1009,85,78,45,45,0,8,12,0,0,0,0,0,1,1,324,45,0,0,0,1,3,60,0,0,92,1,2,0,0,0,0,15,21,60,76,4,1082,22,0,1,100,12,81,59,56,2,2,2,2,16,19,60,20,25,31,50,16,28,0,10,12,10,16,15,10,190,0,77,135,1023,10,1,-30,0,0,36
45,0,0,0,0,25,Chase,McLaughlin,99,84,0,0,78,77,0,8,9194,6,9194,73,27,0,0,75,1,0,0,40,0,0,64,1,63,1009,81,20,10,15,0,7,15,0,0,0,0,0,0,0,84,45,0,1,2,1,3,46,0,0,4,0,1,0,0,2,0,15,41,75,50,4,2742,45,0,1,100,95,39,76,61,0,0,0,0,5,10,89,4,16,39,7,5,26,0,19,19,29,0,8,1,99,0,72,20,1023,10,0,-19,0,0,373
45,7,7,7,7,23,Davion,Davis,0,80,0,0,16,87,0,5,9195,33,9195,86,27,0,0,84,1,0,0,79,0,0,87,2,63,1009,85,24,36,44,0,8,71,0,0,0,0,0,0,0,183,45,0,0,0,0,3,60,0,0,14,2,0,0,0,0,0,15,30,65,78,4,1414,69,0,1,100,20,59,61,58,0,0,0,0,5,16,54,10,21,15,17,0,15,1,3,3,10,0,15,6,0,0,71,35,1023,77,3,-30,0,0,500
45,3,5,3,5,5,Lester,Cotton,101,76,0,0,17,66,0,9,9196,12,9196,62,27,0,0,80,1,0,1,35,0,0,46,1,63,1009,90,35,67,71,0,8,19,0,2,0,0,2,0,2,3,45,0,0,0,1,3,0,0,0,66,2,1,0,0,99,0,15,13,65,62,4,1500,39,0,1,100,13,85,58,63,2,0,2,0,43,38,1,54,5,12,52,54,10,0,8,8,60,60,13,0,101,0,76,175,1023,14,1,-19,0,0,234
45,6,6,6,6,20,Austin,Walter,94,76,0,0,16,92,3,4,9199,33,9199,89,27,0,0,77,1,0,1,65,0,0,88,1,63,1009,87,31,46,32,0,8,71,0,0,0,0,0,0,0,171,45,0,3,2,1,3,20,0,0,32,2,1,0,0,83,0,15,26,62,78,4,3557,82,0,1,100,19,60,73,55,4,0,4,0,23,30,68,23,36,26,70,12,32,0,1,1,67,5,26,0,94,1,68,42,1023,78,1,-19,0,0,498
45,7,7,7,7,32,Jason,Moore,0,80,0,0,22,89,0,5,9201,33,9201,87,28,0,0,82,1,0,0,80,0,0,89,2,63,1009,87,37,42,51,0,7,75,0,0,0,0,0,0,0,418,45,0,0,0,0,3,60,0,0,11,2,0,0,0,0,0,15,43,63,84,4,695,71,0,1,100,23,69,61,52,0,0,0,0,4,24,83,10,21,15,9,0,15,1,3,3,10,4,7,12,0,0,75,55,1023,60,4,-30,0,0,356
45,4,4,4,4,6,Nik,Needham,123,88,0,15,11,88,0,4,9202,33,9202,87,27,0,0,80,1,0,0,71,0,0,87,2,63,1009,88,63,35,35,0,8,55,0,0,0,0,0,0,0,235,45,0,0,0,1,3,60,0,0,40,2,1,15,0,0,0,15,27,74,75,4,1089,60,0,1,100,10,56,78,80,5,5,5,5,5,18,80,6,18,15,10,0,11,2,16,16,10,0,9,10,123,0,73,36,1023,63,4,-30,0,0,374
45,0,0,0,0,6,Jake,Gervase,0,86,0,0,17,92,0,0,9203,33,9203,87,28,0,0,83,1,0,0,67,0,0,89,2,63,1009,87,67,35,35,0,7,41,0,0,0,0,0,0,0,89,45,0,0,0,0,3,49,0,0,43,0,0,0,0,53,0,15,24,60,89,4,945,63,0,1,100,18,68,69,54,0,0,0,0,2,24,82,0,0,61,9,0,0,0,17,18,0,2,8,7,0,0,73,52,1023,35,4,-19,0,0,57
45,7,7,7,7,6,Anthony,Rush,0,65,0,0,20,66,0,4,9204,33,9204,61,27,0,0,83,1,0,0,35,0,0,58,1,63,1009,87,81,45,45,0,8,10,0,0,0,0,0,0,0,224,45,0,0,0,0,3,46,0,0,94,1,0,0,0,79,0,15,20,65,70,4,4804,52,0,1,100,20,86,71,68,4,4,4,4,49,32,18,40,25,46,10,33,30,1,12,12,10,53,44,26,0,0,77,190,1023,10,2,-19,0,0,11
45,4,3,4,3,21,Craig,Reynolds,94,82,0,0,13,90,1,4,9205,19,9205,87,27,0,0,81,1,0,0,67,0,0,85,1,63,1009,86,29,49,31,0,7,75,0,0,0,0,0,0,0,99,45,0,2,3,1,3,20,0,0,13,1,1,0,0,65,0,15,31,68,84,4,522,87,0,1,100,18,66,79,74,0,4,0,4,1,23,70,23,43,39,12,27,25,1,1,1,0,9,24,14,94,1,71,56,1023,76,2,-19,0,0,44
45,0,7,0,7,10,Tae,Hayes,0,85,0,0,10,91,2,1,9207,33,9207,87,26,0,0,83,0,0,0,70,0,0,87,1,63,1009,87,51,35,35,0,8,61,0,0,0,8,0,8,0,7,45,0,2,0,1,3,69,0,0,39,0,1,0,0,81,0,15,22,65,84,4,926,64,0,1,100,14,60,71,61,0,1,0,1,2,11,78,8,16,18,1,7,7,1,16,16,38,1,12,20,101,0,69,28,1023,50,1,-19,0,0,51
45,3,0,3,0,10,Stephen,Carlson,0,79,0,0,19,86,0,4,9211,1009,9211,80,27,0,0,83,1,0,0,76,0,0,84,1,63,1009,84,37,60,60,0,7,52,0,0,0,7,9,7,9,168,45,0,0,2,0,3,45,0,0,88,1,0,0,0,8,0,15,25,61,79,4,4815,74,1,1,100,21,70,60,55,0,0,0,0,2,25,54,26,25,15,7,7,20,0,4,4,52,10,16,11,0,0,76,80,1023,39,0,-19,0,0,415
45,3,5,3,5,10,Chandler,Brewer,0,78,0,0,25,66,0,9,9213,1009,9213,68,26,0,0,84,0,0,1,34,0,0,60,1,63,1009,87,33,64,62,0,8,5,0,2,0,0,2,0,2,119,45,0,0,0,0,3,0,0,0,67,0,0,5,0,99,0,15,27,58,67,4,4825,31,0,1,100,25,88,53,58,2,0,2,0,43,38,1,54,5,12,52,54,10,0,8,8,60,60,13,0,0,0,77,160,1023,10,0,-19,0,0,12
45,6,6,6,6,6,Khari,Blasingame,360,85,0,0,20,91,3,4,9215,1,9215,87,27,0,0,83,1,0,1,70,0,0,83,1,63,1009,86,44,71,58,0,8,41,0,0,0,0,0,0,0,238,45,0,3,2,2,3,20,0,0,35,1,2,0,0,83,0,15,25,72,85,4,759,71,0,1,100,20,75,64,70,4,0,4,0,0,28,53,23,16,26,7,12,26,0,2,1,36,7,18,11,360,1,72,73,1023,10,1,-19,0,0,20
45,4,4,4,4,15,Kyron,Brown,0,85,0,0,15,92,0,5,9216,1009,9216,86,27,0,0,82,1,0,0,66,0,0,80,2,63,1009,87,54,35,35,0,7,59,0,0,0,0,0,0,0,2,45,0,0,0,0,3,43,0,0,32,2,0,0,0,48,0,15,28,61,90,4,4060,60,0,1,100,18,58,67,55,0,0,0,0,1,19,80,4,19,19,8,10,16,0,16,16,11,3,9,9,0,1,73,35,1023,45,2,-19,0,0,119
45,6,4,6,4,29,Jesper,Horsted,112,80,0,3,17,82,0,2,9219,23,9219,80,26,0,0,79,0,0,0,79,0,0,75,1,63,1009,87,34,57,54,0,8,48,0,2,0,0,0,0,0,168,45,0,0,0,1,3,7,0,0,80,1,1,3,0,69,0,15,36,61,80,4,4953,71,0,1,100,20,69,60,68,0,4,0,4,6,24,62,24,29,22,8,29,22,1,3,4,77,4,21,25,112,0,75,77,1023,28,1,-19,0,0,307
45,7,7,7,7,6,Jonathan,Owens,0,91,0,0,22,92,0,4,9220,20,9220,91,28,0,0,84,1,0,0,68,0,0,85,2,63,1009,86,72,12,16,0,8,47,0,0,0,2,2,2,2,311,32,0,0,0,1,3,36,0,0,34,2,1,15,0,40,0,15,18,72,93,5,584,67,0,1,100,17,66,81,72,3,3,3,3,3,23,89,10,23,15,7,0,28,1,17,17,10,0,11,10,109,0,71,50,1023,30,0,-30,0,0,311
45,7,7,7,7,9,Brandin,Bryant,101,72,0,0,12,83,0,4,9221,33,9221,74,30,0,0,82,1,0,0,42,0,0,72,2,63,1009,87,75,45,45,0,8,24,0,0,0,0,0,0,0,308,45,100,0,0,1,3,46,0,0,96,1,1,0,0,79,0,15,20,64,70,4,905,26,0,1,100,16,91,72,52,4,4,4,4,47,36,27,30,25,37,11,25,30,1,12,12,10,44,39,25,101,0,75,145,1023,10,3,-19,0,0,113
45,5,3,5,3,6,Austin,Larkin,0,71,0,0,15,78,0,9,9222,33,9222,73,28,0,0,78,1,0,0,37,0,0,75,1,63,1009,81,78,45,45,0,8,19,0,2,0,0,9,0,9,169,45,0,0,0,0,3,27,0,0,96,2,0,0,0,95,0,15,20,65,71,4,1081,31,9,1,100,25,75,71,69,1,4,1,4,6,28,50,5,12,41,8,47,22,1,10,10,68,4,37,27,0,0,75,105,1023,10,3,-19,0,0,60
45,3,5,3,5,6,Iosua,Opeta,131,81,0,17,22,84,0,7,9227,13,9227,72,27,0,0,83,1,0,1,28,0,0,58,1,63,1009,87,48,65,63,0,8,11,0,2,0,0,2,0,2,253,45,0,0,0,1,3,0,0,0,78,0,1,17,0,99,0,15,27,63,80,4,2760,23,0,1,100,24,92,58,64,2,0,2,0,19,38,50,24,5,12,44,36,10,0,6,8,31,14,13,26,131,0,76,145,1023,10,4,-19,0,0,418
45,7,7,7,7,18,Jalen,Guyton,102,84,0,7,20,91,0,5,9230,33,9230,92,26,0,0,79,0,0,0,80,0,0,86,2,63,1009,86,28,37,57,0,8,69,0,0,0,0,0,0,0,148,45,0,0,0,1,3,60,0,0,15,2,1,7,0,0,0,15,28,70,87,4,2632,73,0,1,100,20,61,69,70,0,0,0,0,5,20,78,10,21,15,11,0,15,1,3,3,10,2,10,5,102,0,73,52,1023,57,4,-30,0,0,23
45,3,3,6,6,48,Jeff,Smith,120,78,0,0,16,93,0,7,9231,33,9231,94,26,0,0,81,0,5,5,80,0,0,87,2,63,1009,88,28,28,37,0,8,68,0,4,0,0,0,0,0,20,45,100,0,0,1,3,65,0,0,19,2,1,0,1,75,0,15,54,68,83,4,2604,72,0,1,100,18,56,69,69,0,0,0,0,3,18,83,47,16,18,11,22,5,0,3,3,47,3,8,4,120,0,73,35,1023,45,0,-19,0,0,39
45,5,5,7,7,6,Nate,Brooks,0,86,0,0,13,90,0,1,9232,33,9232,85,28,0,0,76,1,5,5,68,0,0,92,2,63,1009,85,50,35,35,0,7,50,0,0,0,0,0,0,0,148,45,100,0,0,0,3,65,0,0,37,2,0,0,1,75,0,15,30,63,94,4,2956,60,0,1,100,18,55,70,60,0,0,0,0,4,18,70,27,45,29,7,22,28,0,16,16,28,0,7,4,0,0,72,32,1023,45,2,-19,0,0,346
45,6,6,5,5,6,John,Leglue,87,85,0,0,17,67,0,6,9235,33,9235,60,27,0,0,86,1,0,0,23,0,0,67,2,63,1009,87,29,64,62,0,8,5,0,3,0,0,0,0,0,221,45,100,0,0,1,3,65,0,0,72,2,1,0,1,75,0,15,25,58,79,4,2741,29,0,1,100,22,82,56,72,0,0,0,0,63,52,66,31,44,40,53,41,14,0,8,5,12,29,63,22,87,0,78,150,1023,10,0,-19,0,0,48
45,0,0,0,0,98,Joe,Burrow,6569,93,0,2985,17,86,0,7,9240,2,9240,83,27,0,0,97,1,0,0,40,0,0,82,1,1,1015,89,36,15,15,0,8,69,0,2,0,0,0,0,0,106,20,100,0,0,2,3,44,0,0,9,2,5,2985,0,2,0,1,87,95,74,3,157,60,0,1,100,21,68,94,97,1,1,2,2,2,24,62,1,10,33,11,0,7,0,0,0,17,5,20,11,6569,0,76,55,1023,10,3,-19,0,0,133
45,4,4,4,4,25,Chase,Young,3456,80,0,2268,22,91,0,10,9241,26,9241,87,24,0,0,89,0,0,0,33,0,0,86,2,2,1015,85,89,45,45,2,8,23,0,4,0,5,5,5,5,156,27,100,0,0,1,3,30,0,0,99,2,4,2268,0,86,0,1,32,85,84,3,4855,43,0,1,100,14,86,95,84,6,6,6,6,4,33,49,21,14,36,8,21,14,0,10,10,16,7,23,22,3456,0,77,104,1023,10,3,-19,0,0,282
12,3,3,3,3,11,Jeff,Okudah,2799,89,0,0,12,90,1,4,9242,14,9242,91,24,0,0,75,0,0,0,62,0,0,89,2,3,19,83,70,23,27,0,7,54,0,0,0,0,0,0,0,156,30,100,3,3,1,3,0,0,0,1,2,4,0,0,70,0,1,21,77,91,3,3185,64,0,1,100,15,66,79,77,0,0,0,0,3,23,83,10,22,26,13,0,14,1,16,16,10,5,11,10,2649,0,73,45,1023,50,0,-19,0,0,482
25,5,5,5,5,6,Andrew,Thomas,3234,89,0,2108,22,67,0,4,9243,16,9243,65,24,0,0,86,0,0,0,46,0,0,65,2,4,1015,86,31,94,81,0,8,8,0,0,0,0,0,0,0,70,2,100,0,0,1,3,35,0,0,78,0,4,2108,0,92,0,1,23,92,78,3,2795,33,0,1,100,24,90,86,90,0,0,0,0,10,35,28,18,26,27,11,18,17,0,5,5,64,15,38,24,3234,0,77,155,1023,10,3,-19,0,0,143
45,0,0,0,0,92,Tua,Tagovailoa,5344,84,0,2445,14,85,0,3,9244,12,9244,82,25,0,1,93,0,0,0,32,0,0,79,1,5,1015,83,28,16,22,0,7,71,0,0,0,0,0,0,0,3,20,100,0,0,2,3,11,1,0,1,1,5,2445,0,1,0,1,86,83,73,3,1648,69,0,1,100,21,61,83,80,3,3,5,5,3,22,87,1,15,11,11,14,11,0,0,0,31,4,9,8,5344,0,73,57,1023,10,3,-19,0,1,398
45,0,0,0,0,88,Justin,Herbert,2657,91,0,1688,16,89,0,9,9245,8,9245,86,25,0,0,95,0,0,0,39,0,0,80,1,6,1015,93,36,17,24,0,8,59,0,2,0,0,0,0,0,160,20,100,2,3,1,3,9,0,0,10,2,4,1688,0,52,0,1,96,87,84,3,987,68,0,1,100,20,71,89,85,2,0,2,0,3,26,64,8,23,3,12,7,9,0,0,0,54,1,31,14,2657,0,78,76,1023,12,3,-19,0,0,362
12,3,3,3,3,30,Derrick,Brown,2362,85,0,1472,14,74,2,5,9246,21,9246,70,25,0,0,95,0,0,0,53,0,0,70,2,7,1015,96,88,48,50,0,8,38,0,0,0,0,0,0,0,14,40,100,0,0,2,3,3,0,0,95,1,5,1840,0,4,0,1,41,84,68,3,4797,56,0,1,100,22,94,91,91,3,3,3,3,15,37,39,15,27,28,9,22,25,0,12,12,36,26,32,24,3528,0,77,160,1023,30,3,-19,0,0,227
12,7,7,7,7,6,Isaiah,SImmons,2066,92,0,1260,20,92,0,7,9247,16,9247,93,25,0,0,87,0,0,0,74,0,0,91,1,8,7,93,80,23,29,0,8,43,0,0,0,0,0,0,0,38,4,100,2,1,1,3,26,0,0,19,2,4,1260,0,68,0,1,24,81,93,3,946,65,0,1,100,20,73,85,77,0,1,0,1,5,26,71,1,46,49,7,14,10,1,15,18,26,9,27,12,2066,1,76,78,1023,58,0,-19,0,0,270
12,7,7,7,7,6,C.J.,Henderson,715,89,0,0,17,92,1,7,9248,21,9248,93,25,0,0,86,0,0,0,64,0,0,89,2,9,17,85,54,25,25,0,7,51,0,0,0,0,0,0,0,62,30,100,0,0,1,3,51,0,0,23,2,3,0,0,82,0,1,27,73,89,3,3388,57,0,1,100,18,64,79,75,0,0,0,0,5,22,88,1,4,6,11,0,4,1,16,16,19,5,9,11,715,0,73,45,1023,45,2,-19,0,0,235
12,4,4,4,4,6,Jedrick,Wills Jr,1970,88,0,1188,28,69,0,10,9249,5,9249,71,24,0,1,93,0,0,0,33,0,0,67,0,10,1015,89,29,83,72,0,8,8,0,2,0,0,0,0,0,3,4,100,0,0,2,3,34,0,0,71,0,5,1485,0,81,0,1,21,78,83,3,651,27,0,1,100,19,92,75,82,7,7,7,7,8,36,38,17,31,22,10,17,16,0,5,5,59,4,25,27,3387,2,76,147,1023,8,3,-19,0,0,418
12,3,3,3,3,6,Mekhi,Becton,1844,73,0,1096,20,73,0,7,9250,18,9250,69,24,0,0,85,0,3,3,35,0,0,55,2,11,1015,74,42,71,83,0,8,25,0,0,0,0,0,0,0,105,45,100,0,0,1,3,5,0,0,77,0,4,1096,0,8,0,1,25,75,80,3,2635,40,0,1,100,20,93,68,69,5,5,5,5,34,37,23,30,5,30,7,29,10,0,5,5,53,32,32,27,1844,0,79,204,1023,10,3,-19,0,0,465
12,4,4,4,4,42,Henry,Ruggs III,0,84,0,0,18,97,1,7,9251,33,9251,98,24,0,0,85,0,0,0,83,0,0,87,2,12,1015,89,41,37,47,0,8,71,0,2,0,0,0,0,0,3,36,100,0,0,0,3,28,0,0,11,2,0,0,0,41,0,1,51,79,94,3,1742,73,0,1,100,21,61,76,76,2,2,2,2,2,20,90,0,6,14,9,0,10,1,3,3,10,4,6,4,0,0,72,30,1023,77,2,-19,0,0,335
12,7,7,7,7,6,Tristan,Wirfs,3446,93,0,1170,12,78,0,2,9252,6,9252,77,24,0,0,93,0,3,3,37,0,0,64,1,13,1015,92,38,92,87,1,8,20,0,2,0,0,0,0,0,89,25,100,0,0,2,3,22,0,0,78,1,5,1170,0,60,0,1,11,92,87,3,840,36,0,1,100,15,90,90,94,0,0,0,0,13,35,43,23,25,21,12,20,30,0,5,9,10,19,25,29,3446,0,77,160,1023,10,3,-19,0,0,304
12,2,2,2,2,6,Javon,Kinlaw,1548,75,0,880,12,79,0,10,9253,15,9253,72,26,0,0,86,0,0,0,31,0,0,73,2,14,1015,75,82,45,45,0,8,16,0,0,0,1,1,0,0,176,40,100,0,0,1,3,7,0,0,99,0,4,880,0,52,0,1,24,70,76,3,2753,34,0,1,100,19,86,77,70,6,6,6,6,12,36,44,23,14,33,8,17,16,1,12,12,39,19,22,28,1548,1,77,159,1023,10,3,-19,0,0,106
12,7,7,7,7,15,Jerry,Jeudy,1519,90,0,860,17,94,3,10,9254,4,9254,91,24,0,1,88,0,0,0,81,0,0,93,2,15,1015,87,33,35,45,0,7,77,0,0,0,0,0,0,0,3,36,100,0,0,2,3,10,0,0,10,2,5,1075,0,80,0,1,27,83,85,3,406,75,0,1,100,19,64,74,77,0,0,0,0,5,22,71,0,11,29,7,5,9,0,3,3,32,2,6,6,2817,1,73,33,1023,69,3,-19,0,0,236
45,4,4,4,4,6,A.J.,Terrell,1430,92,0,796,12,92,1,3,9255,14,9255,92,25,0,0,83,0,0,0,70,0,0,89,2,16,1015,91,52,35,35,0,7,58,0,0,0,4,4,4,4,38,38,100,0,0,1,3,48,0,0,24,0,4,796,0,92,0,1,22,87,83,3,2542,58,0,1,100,19,60,85,89,0,0,0,0,5,20,80,10,11,4,9,0,6,1,16,16,10,1,8,10,1430,0,73,35,1023,40,3,-19,0,0,140
45,5,5,5,5,26,CeeDee,Lamb,3199,93,0,970,33,91,1,10,9256,11,9256,90,24,0,0,91,0,1,1,94,0,0,90,2,17,1015,93,38,39,54,0,8,86,0,0,0,0,0,0,0,157,35,100,0,0,2,3,53,0,0,88,2,5,970,0,95,0,1,37,90,94,3,1602,78,0,1,100,48,70,89,97,5,5,5,5,5,24,99,6,15,26,13,2,11,1,3,3,14,0,9,7,3199,0,74,40,1023,80,3,-19,0,0,191
12,2,2,2,2,6,Austin,Jackson,1364,85,0,748,20,77,0,7,9257,12,9257,70,24,0,0,91,0,1,1,31,0,0,65,2,18,1015,86,54,71,68,0,8,13,0,0,0,1,1,1,1,231,45,100,0,0,1,3,17,0,0,73,2,4,748,0,3,0,1,22,67,76,3,1654,24,0,1,100,20,84,67,79,0,0,0,0,16,32,31,24,21,34,8,23,8,0,9,5,56,21,38,29,1364,1,77,160,1023,10,3,-19,0,0,465
12,3,3,3,3,6,Damon,Arnette,0,91,0,0,14,87,1,10,9258,33,9258,88,27,0,0,91,1,4,4,63,0,0,88,2,19,1015,85,59,35,35,0,7,53,0,0,0,0,0,0,0,156,45,100,5,5,0,3,54,0,0,20,2,0,0,0,80,0,1,27,74,88,3,3354,61,0,1,100,15,65,76,77,0,0,0,0,3,22,79,19,4,14,11,6,11,1,16,16,19,1,4,5,0,0,72,35,1023,45,2,-19,0,0,417
12,7,7,7,7,6,K'Lavon,Chaisson,1334,76,0,728,17,90,0,4,9259,17,9259,85,24,0,0,78,0,2,2,51,0,0,86,2,20,1015,87,76,45,45,0,8,19,0,0,0,0,0,0,0,106,4,100,0,0,1,3,78,0,0,45,2,4,728,0,79,0,1,26,70,82,3,3289,47,0,1,100,20,78,74,65,0,0,0,0,6,29,44,6,11,25,13,14,24,1,13,10,14,0,31,22,1334,0,75,94,1023,10,3,-19,0,0,110
12,7,7,7,7,15,Jalen,Reagor,0,86,0,0,16,91,0,7,9260,1009,9260,93,24,0,1,86,0,0,0,79,0,0,91,2,21,13,88,28,32,43,0,8,74,0,0,0,0,0,0,0,207,36,100,0,0,0,3,14,0,0,5,2,0,0,0,54,0,1,31,71,94,3,1731,69,0,1,100,18,62,65,58,0,0,0,0,5,21,89,1,11,33,9,5,11,2,3,3,46,3,4,9,0,0,71,37,1023,76,1,-19,0,0,2
45,4,4,4,4,30,Justin,Jefferson,3286,98,0,885,12,93,0,10,9261,31,9261,92,24,0,1,87,0,0,0,98,0,0,93,2,22,1015,94,36,25,51,0,7,81,0,0,0,0,0,2,2,106,35,100,0,0,2,3,14,0,0,18,2,5,885,0,54,0,1,43,99,96,3,1799,76,0,1,100,18,64,92,99,5,5,3,3,4,22,90,1,11,33,7,5,11,1,3,3,34,5,5,10,3286,0,73,35,1023,61,3,-19,0,0,424
12,5,6,5,6,20,Kenneth,Murray,1297,89,0,700,12,90,0,7,9262,8,9262,87,25,0,0,85,0,0,0,57,0,0,85,1,23,1015,88,79,45,45,0,8,30,0,0,0,9,0,9,0,157,4,100,0,0,1,3,40,0,0,9,2,4,700,0,87,0,1,25,74,90,3,1067,55,0,1,100,14,73,75,79,0,0,0,0,7,26,63,38,40,16,12,28,3,3,14,13,63,0,29,20,1297,0,74,81,1023,10,3,-19,0,0,479
12,2,2,2,2,6,Cesar,Ruiz,1267,89,0,676,11,73,0,3,9263,27,9263,70,24,0,0,90,0,2,2,22,0,1,55,2,24,1015,91,27,75,74,0,8,9,6,0,0,1,1,0,0,117,45,100,0,0,1,3,46,0,0,51,0,4,676,0,7,0,1,25,75,80,3,4948,26,0,1,100,11,87,72,84,2,2,6,6,17,34,42,21,16,25,12,16,19,1,8,7,62,16,37,26,1267,0,76,156,1023,10,3,-19,0,0,358
45,4,4,4,4,20,Brandon,Aiyuk,1253,89,0,668,13,93,0,10,9264,15,9264,91,25,0,0,87,0,0,0,92,0,0,93,2,25,1015,92,49,36,48,0,8,81,0,0,0,0,0,0,0,9,35,100,0,0,1,3,5,0,0,11,2,4,668,0,7,0,1,33,86,95,3,2630,72,0,1,100,19,65,86,91,0,0,0,0,4,22,75,4,4,24,11,4,17,0,3,3,9,1,10,9,1253,0,72,40,1023,79,3,-19,0,0,231
12,0,0,0,0,79,Jordan,Love,1238,84,0,656,27,85,0,4,9265,20,9265,81,25,0,0,89,0,4,4,21,0,0,77,1,26,1015,92,26,18,19,0,7,53,0,0,0,0,0,0,0,234,18,0,0,0,2,3,5,0,0,10,0,2,878,3,85,0,1,90,70,85,3,4203,67,0,1,100,42,62,72,67,1,1,5,5,3,21,69,6,9,21,12,9,6,0,0,0,36,3,6,11,2183,0,76,59,999,12,3,-19,0,0,459
12,3,3,3,3,6,Jordyn,Brooks,1223,92,0,644,20,88,0,3,9266,28,9266,87,26,0,0,89,0,4,4,52,0,0,86,2,27,1015,90,89,45,45,0,8,10,0,0,0,0,0,0,0,217,4,100,0,0,1,3,48,0,0,56,1,4,644,0,63,0,1,25,80,82,3,4912,56,0,1,100,20,73,82,81,0,0,0,0,5,26,75,16,11,20,11,21,16,1,14,14,24,5,25,11,1223,0,72,80,1023,10,3,-19,0,0,229
12,7,7,7,7,6,Patrick,Queen,1216,91,0,640,20,89,0,7,9267,25,9267,87,24,0,0,84,0,4,4,69,0,0,86,2,28,1015,92,83,45,45,0,8,52,0,0,0,5,5,0,0,106,16,100,0,0,1,3,48,0,0,6,2,4,640,0,63,0,1,27,80,84,3,1874,73,0,1,100,20,70,88,87,4,4,7,7,4,25,52,19,14,20,7,14,16,2,15,14,29,6,17,12,1216,0,72,77,1023,15,3,-19,0,0,244
12,5,5,5,5,6,Noah,Igbinoghene,1125,87,0,572,14,92,0,3,9269,11,9269,91,24,0,0,82,0,0,0,64,0,0,89,2,30,12,83,54,35,35,0,7,58,0,0,0,0,0,0,0,14,30,100,0,0,1,3,47,0,0,19,2,4,572,0,76,0,1,28,71,93,3,1701,65,0,1,100,18,61,74,66,5,5,5,5,1,20,88,30,0,32,12,7,3,1,16,16,37,3,6,4,1125,0,71,37,1023,82,0,-19,0,0,472
12,7,5,7,5,31,Clyde,E-Helaire,1082,86,0,544,17,93,0,3,9271,9,9271,86,24,0,1,84,0,2,0,72,0,0,89,1,32,1015,82,26,59,31,0,8,79,0,0,0,7,0,7,0,106,45,100,3,0,1,3,4,0,0,25,1,4,544,0,0,0,1,37,76,91,3,1125,89,0,1,100,21,72,82,72,0,0,0,0,3,26,90,55,47,30,9,2,35,0,1,1,35,3,8,6,1082,0,67,47,1023,78,3,-19,0,0,453
45,4,4,4,4,31,Tee,Higgins,988,89,0,388,13,87,3,2,9272,2,9272,88,24,0,0,84,0,0,0,95,0,0,85,2,1,1015,88,33,34,48,0,8,78,0,0,0,4,4,0,0,38,37,100,0,0,1,3,44,0,0,5,2,4,388,0,89,0,2,28,87,97,3,173,76,0,1,100,17,71,84,89,0,0,0,0,0,26,82,0,4,21,12,0,6,0,3,3,31,3,12,12,988,0,76,59,1023,65,3,-19,0,0,23
45,5,5,5,5,33,Michael,Pittman Jr,981,91,0,380,15,89,0,7,9273,10,9273,88,26,0,1,92,0,0,0,93,0,0,85,2,2,1015,88,55,43,55,0,7,78,0,0,0,0,0,0,0,231,37,100,0,0,1,3,24,0,0,11,2,4,380,0,73,0,2,48,85,95,3,1418,71,0,1,100,22,71,82,88,0,0,0,0,0,26,56,6,9,35,8,1,9,0,3,3,7,1,31,10,981,1,76,63,1023,76,3,-19,0,0,31
45,4,4,4,4,25,D'Andre,Swift,477,88,0,376,12,92,1,10,9274,13,9274,91,24,0,0,85,0,3,3,70,0,0,90,2,3,19,87,31,57,32,0,7,80,0,0,0,0,0,0,0,70,23,100,0,0,1,3,24,0,0,0,1,4,0,0,63,0,2,38,81,93,3,2876,88,0,1,100,18,68,85,79,0,0,0,0,2,24,74,6,14,25,10,16,25,1,1,1,26,1,12,5,758,0,69,48,1023,63,0,-19,0,0,457
45,3,3,3,3,6,Xavier,McKinney,839,90,0,364,12,90,0,10,9275,16,9275,86,24,0,1,91,0,0,0,71,0,0,88,2,4,1015,88,76,35,35,0,7,38,0,0,0,2,2,0,0,3,45,100,0,0,1,3,27,0,0,29,2,4,364,0,61,0,2,25,80,86,3,2980,62,0,1,100,15,67,86,81,3,3,0,0,5,24,77,11,9,24,13,1,11,1,18,17,17,2,11,10,839,0,72,41,1023,40,3,-19,0,0,316
45,5,5,5,5,6,Kyle,Dugger,931,90,0,360,13,90,1,10,9276,22,9276,90,27,0,0,84,1,0,0,74,0,0,87,2,5,1015,87,76,35,35,0,8,60,0,0,0,0,0,0,0,265,32,100,0,0,1,3,39,0,0,23,2,4,360,0,69,0,2,25,86,92,3,4999,70,0,1,100,18,74,91,86,7,7,7,7,4,27,80,11,4,35,10,12,7,0,18,18,29,3,7,11,931,0,74,60,1023,82,3,-19,0,0,374
45,4,4,4,4,6,Yetur,Gross-Matos,819,79,0,352,14,87,0,4,9277,21,9277,84,25,0,1,87,0,0,0,31,0,0,80,2,6,1015,87,85,45,45,0,8,14,0,0,0,0,0,0,0,164,39,100,6,6,1,3,44,0,0,97,0,4,352,0,3,0,2,18,72,82,3,4792,30,0,1,100,19,81,81,73,0,0,0,0,4,30,52,9,20,3,7,6,14,0,13,11,24,5,22,26,819,1,77,105,1023,10,3,-19,0,0,271
45,6,6,6,6,6,Robert,Hunt,933,92,0,344,20,59,0,10,9278,12,9278,62,27,0,0,87,1,0,0,41,0,0,61,1,7,1015,91,39,80,81,0,8,27,0,0,0,1,1,1,1,228,45,100,0,0,1,3,39,0,0,68,0,4,344,0,84,0,2,25,79,68,3,1683,38,0,1,100,20,89,78,85,0,0,0,0,10,34,30,19,27,35,11,15,13,0,8,9,46,23,22,28,933,1,78,175,1023,10,3,-19,0,0,297
45,6,6,6,6,6,Ross,Blacklock,558,77,0,0,13,80,0,5,9279,33,9279,76,25,0,0,85,0,6,6,31,0,0,69,2,8,32,89,75,45,45,0,8,14,0,0,0,1,1,1,1,207,40,100,0,0,1,3,28,0,0,96,1,4,0,0,74,0,2,20,67,72,3,1771,38,0,1,100,18,87,69,64,2,2,2,2,6,34,38,19,34,34,10,24,21,1,10,12,74,8,42,26,558,0,77,147,1023,10,1,-19,0,0,292
45,4,7,4,7,20,Jonathan,Taylor,1044,96,0,324,15,93,0,7,9280,33,9280,94,24,0,0,92,0,0,0,71,0,0,87,1,9,1015,94,27,51,34,0,7,92,0,0,0,0,1,0,1,258,34,100,5,0,1,3,2,0,0,28,1,4,324,0,89,0,2,29,89,84,3,1364,92,0,1,100,17,82,94,88,0,4,0,4,5,30,67,24,27,22,13,2,22,2,1,1,13,7,29,11,1044,0,70,66,1023,45,3,-19,0,0,424
45,6,6,6,6,25,Laviska,Shenault Jr,608,85,0,0,14,90,1,10,9281,21,9281,88,25,0,1,85,0,0,0,80,0,0,88,2,10,17,86,52,44,58,0,8,83,0,0,0,7,7,0,0,41,45,100,0,0,1,3,14,0,0,5,2,4,0,0,54,0,2,39,75,91,3,3067,78,0,1,100,20,74,71,73,0,0,0,0,0,27,64,1,19,28,11,5,16,1,3,3,36,8,30,11,608,0,73,65,1023,78,1,-19,0,0,313
45,5,5,5,5,17,Cole,Kmet,892,90,0,308,15,85,0,3,9282,1,9282,82,24,0,1,90,0,0,0,91,0,0,73,1,11,1015,95,48,61,63,0,8,60,0,2,0,1,1,0,0,152,37,100,0,0,1,3,43,1,0,85,2,4,308,0,97,0,2,39,79,86,3,82,73,0,1,100,24,76,83,83,5,5,5,5,6,28,54,14,21,30,13,6,22,0,4,4,29,9,44,22,892,1,78,100,1023,15,3,-19,0,0,214
45,4,4,4,4,6,Grant,Delpit,746,94,0,296,11,91,1,3,9283,5,9283,88,25,0,1,93,0,0,0,73,0,0,87,2,12,1015,85,69,35,35,0,7,37,0,0,0,2,2,2,2,106,45,100,0,0,1,3,27,0,0,22,2,4,296,0,79,0,2,23,78,89,3,784,69,0,1,100,14,60,82,80,3,3,3,3,1,20,63,4,9,19,12,11,5,1,18,17,19,4,5,8,746,0,75,48,1023,55,3,-19,0,0,309
45,5,5,5,5,6,Antoine,Winfield Jr,869,92,0,288,20,91,0,7,9284,6,9284,89,25,0,0,87,0,5,5,75,0,0,88,1,13,1015,88,73,35,35,0,8,72,0,4,0,0,0,0,0,120,11,100,0,0,1,3,65,0,0,31,0,4,288,1,75,0,2,35,87,89,3,885,67,0,1,100,20,59,89,88,0,0,0,0,5,20,86,13,15,15,10,22,23,0,18,18,8,3,13,10,869,0,69,43,1023,83,3,-19,0,0,453
45,5,5,5,5,15,K.J.,Hamler,713,83,0,276,14,96,1,3,9285,33,9285,94,24,0,1,81,0,0,0,78,0,0,93,2,14,1015,79,24,27,54,0,8,75,0,0,0,0,0,0,0,164,45,100,0,0,1,3,0,0,0,1,2,4,276,0,3,0,2,30,75,85,3,421,73,0,1,100,18,58,69,66,5,5,5,5,2,19,87,8,15,25,8,0,18,1,3,3,10,5,3,2,713,0,69,18,1023,82,3,-19,0,0,236
45,7,7,7,7,6,Marlon,Davidson,0,81,0,0,15,72,0,5,9286,1009,9286,71,25,0,0,92,0,0,0,45,0,0,70,2,15,1009,89,82,45,45,0,8,19,0,0,0,9,9,9,9,14,45,100,0,0,0,1,55,0,0,62,1,0,0,0,86,0,2,23,69,73,3,1881,38,0,1,100,20,81,71,70,0,0,0,0,28,30,30,33,24,38,11,33,14,0,10,10,19,27,45,22,0,0,75,143,1023,10,0,-19,0,0,208
45,7,7,7,7,6,Darrell,Taylor,676,79,0,248,13,87,0,5,9287,28,9287,83,26,0,0,84,0,0,0,59,0,0,75,2,16,1015,88,76,45,45,0,8,25,0,0,0,0,0,2,2,211,40,100,0,0,1,3,36,0,0,52,2,4,248,0,87,0,2,31,73,75,3,2562,62,0,1,100,18,86,77,70,5,5,3,3,3,33,44,4,13,24,9,6,22,0,13,15,10,5,26,25,676,0,76,107,1023,45,3,-19,0,0,405
45,3,3,3,3,30,Chase,Claypool,636,86,0,0,15,90,0,10,9288,1,9288,92,25,0,1,87,0,2,2,89,0,0,78,1,17,29,87,43,49,55,0,7,79,0,4,0,0,0,2,2,152,36,100,0,0,1,3,54,1,0,10,2,4,0,0,74,0,2,50,76,94,3,1311,72,0,1,100,21,72,73,68,5,5,3,3,5,26,65,4,14,18,10,4,15,1,3,3,21,1,20,14,636,0,76,78,1023,65,1,-19,0,0,463
45,4,4,4,4,6,Jaylon,Johnson,795,92,0,224,14,90,3,3,9289,1,9289,89,24,0,0,95,0,0,0,66,0,0,86,2,18,1015,87,48,35,41,0,8,60,0,0,0,5,5,5,5,233,2,100,0,0,1,3,34,0,0,33,0,4,224,0,83,0,2,27,81,88,3,146,60,0,1,100,15,67,81,85,4,4,4,4,5,24,91,6,18,27,7,0,11,2,16,16,10,4,4,4,795,0,72,36,1023,40,3,-19,0,0,368
45,4,4,4,4,6,Trevon,Diggs,915,97,0,216,20,89,1,10,9290,11,9290,93,25,0,0,80,0,0,0,86,0,0,87,2,19,1015,87,70,35,42,0,7,53,0,0,0,2,2,2,2,3,38,100,0,0,1,3,28,0,0,7,2,4,216,0,88,0,2,35,87,95,3,1639,74,0,1,100,20,69,92,91,3,3,3,3,0,24,84,8,16,21,8,7,7,1,16,16,38,0,5,6,915,1,74,35,1023,78,3,-19,0,0,407
45,4,4,4,4,43,Cam,Akers,617,88,0,204,20,94,0,7,9291,24,9291,90,24,0,0,77,0,3,3,66,0,0,91,2,20,1015,87,28,60,39,0,7,80,0,0,0,0,0,0,0,64,34,100,0,0,1,3,0,0,0,3,1,4,204,0,70,0,2,56,81,86,3,4905,90,0,1,100,20,73,86,81,5,5,5,5,4,26,68,10,14,26,10,0,16,1,1,1,10,2,5,5,617,0,70,57,1023,71,3,-19,0,0,240
45,0,0,0,0,87,Jalen,Hurts,17320,93,0,2790,23,90,0,5,9292,13,9292,89,25,0,0,93,0,2,2,66,0,0,91,1,21,1015,91,37,22,33,0,7,79,0,0,0,0,0,0,0,157,20,100,0,0,6,3,49,0,0,1,1,6,2790,0,57,0,2,86,88,86,3,1714,63,0,1,100,23,76,87,91,1,1,5,5,4,26,65,1,9,24,7,4,11,1,0,0,26,8,15,11,17320,0,73,63,1023,22,3,-19,0,0,425
45,2,2,2,2,6,A.J.,Epenesa,587,78,0,180,15,75,0,7,9293,3,9293,77,25,0,1,90,0,0,0,49,0,0,76,1,22,1015,90,74,45,45,0,8,27,0,0,0,0,0,0,0,89,45,100,0,0,1,3,32,0,0,57,0,4,180,0,83,0,2,24,73,79,3,334,51,0,1,100,22,84,78,83,5,5,5,5,7,32,68,24,20,38,7,21,19,0,11,11,21,6,29,24,587,0,78,100,1023,16,3,-19,0,0,423
45,7,7,7,7,25,J.K.,Dobbins,572,88,0,172,16,92,0,4,9294,25,9294,91,25,0,1,88,0,0,0,64,0,0,87,2,23,1015,87,30,58,41,0,8,82,0,0,0,0,0,0,0,156,23,100,0,0,1,1,43,0,0,27,1,4,172,0,79,0,2,32,78,90,3,2563,87,0,1,100,19,74,83,74,7,7,7,7,0,27,63,4,14,15,9,6,11,0,1,1,10,1,13,11,572,0,70,52,1023,60,3,-19,0,0,313
45,4,4,4,4,6,Raekwon,Davis,565,75,0,164,19,73,0,4,9295,12,9295,68,26,0,1,88,0,1,1,45,0,0,61,2,24,1015,88,83,52,54,0,8,13,0,0,0,0,0,0,0,3,40,100,0,0,1,3,7,0,0,98,1,4,164,0,52,0,2,29,71,70,3,1697,47,0,1,100,16,86,77,76,5,5,5,5,7,33,34,18,15,22,10,25,29,0,12,12,51,26,31,27,565,1,79,175,1023,11,3,-19,0,0,372
45,4,4,4,4,27,Van,Jefferson,561,87,0,164,14,93,0,7,9296,24,9296,90,27,0,1,85,1,0,0,82,0,0,85,2,25,1015,89,34,41,36,0,8,68,0,0,0,2,2,0,0,62,36,100,0,0,1,3,22,0,0,12,2,4,164,0,96,0,2,36,76,85,3,2828,77,0,1,100,18,59,72,76,3,3,5,5,1,20,72,10,9,39,13,0,6,0,3,3,10,5,10,6,561,0,73,40,1023,73,3,-19,0,0,491
45,4,4,4,4,6,Ezra,Cleveland,714,91,0,156,11,77,0,7,9297,31,9297,75,25,0,0,90,0,0,0,30,0,0,71,0,26,1015,90,55,67,82,0,8,5,0,2,0,0,0,0,0,19,45,100,0,0,1,3,18,0,0,72,2,4,156,0,86,0,2,10,74,74,3,1822,34,0,1,100,11,88,73,81,5,5,5,5,8,34,36,20,24,31,13,23,16,0,6,8,44,24,25,29,714,0,78,152,1023,10,3,-19,0,0,327
45,7,7,7,7,31,Denzel,Mims,543,85,0,152,15,91,0,5,9298,33,9298,92,26,0,0,91,0,0,0,78,0,0,92,2,27,1015,86,40,38,44,0,7,73,0,0,0,0,0,0,0,17,45,100,0,0,1,3,45,0,0,11,2,4,152,0,79,0,2,49,70,93,3,1759,73,0,1,100,17,69,68,65,0,0,0,0,5,24,73,10,14,20,13,0,15,1,3,3,10,1,10,11,543,0,75,47,1023,60,3,-19,0,0,417
45,3,3,3,3,5,Josh,Uche,538,81,0,148,12,91,3,5,9299,22,9299,86,25,0,0,79,0,3,3,48,0,0,84,2,28,1015,84,85,45,45,0,8,27,0,0,0,0,0,0,0,117,45,100,0,0,1,3,66,0,0,55,2,4,148,0,97,0,2,21,81,84,3,4886,44,0,1,100,18,73,83,77,4,4,4,4,5,26,47,6,18,16,9,6,22,0,13,15,24,3,33,22,538,0,75,85,1023,10,3,-19,0,0,460
45,3,3,3,3,6,Kristian,Fulton,533,89,0,144,11,91,0,10,9300,30,9300,90,25,0,0,83,0,4,4,61,0,0,87,2,29,1015,87,49,35,25,0,7,49,0,0,0,0,0,2,2,106,30,100,0,0,1,3,35,0,0,26,2,4,144,0,98,0,2,24,76,85,3,2521,56,0,1,100,10,59,76,77,5,5,3,3,4,20,73,5,28,16,7,10,3,1,16,16,13,1,7,4,533,0,71,37,1023,42,3,-19,0,0,505
45,4,4,4,4,15,A.J.,Dillon,528,86,0,140,12,87,2,4,9301,20,9301,88,25,0,0,88,0,0,0,68,0,0,79,2,30,1015,92,29,65,56,0,8,82,0,0,0,9,9,9,9,20,45,100,0,0,1,3,21,0,0,28,0,4,140,0,2,0,2,31,78,89,3,4327,95,0,1,100,18,85,84,77,5,5,5,5,5,32,49,20,13,26,10,24,27,1,1,1,19,5,38,23,528,0,72,87,1023,25,3,-19,0,0,271
45,0,7,0,7,6,Willie,Gay,527,83,0,140,18,91,0,10,9302,9,9302,88,25,0,0,84,0,0,1,66,0,0,81,1,31,1015,85,83,45,45,0,8,54,0,4,0,8,1,8,1,121,45,100,2,2,1,3,52,0,0,50,1,4,140,0,97,0,2,25,75,90,3,1254,56,0,1,100,28,73,84,79,0,0,0,0,7,26,68,3,46,14,12,3,4,0,15,13,18,6,25,20,527,0,73,83,1023,14,3,-19,0,0,386
45,4,4,4,4,6,Jeremy,Chinn,690,90,0,136,11,92,2,3,9303,21,9303,93,25,0,1,93,0,0,0,72,0,0,87,2,32,1015,89,72,35,35,0,7,43,0,0,0,4,4,4,4,178,32,100,0,0,1,3,47,0,0,21,0,4,136,0,72,0,2,23,81,92,3,4978,68,0,1,100,14,70,87,81,5,5,5,5,5,25,84,10,10,15,13,0,13,0,18,18,10,2,8,7,690,0,75,60,1023,48,3,-19,0,0,303
45,7,7,7,7,16,Logan,Wilson,638,94,0,112,55,90,1,3,9304,2,9304,85,27,0,1,90,1,0,0,73,0,0,83,0,1,1015,89,95,45,45,0,8,33,0,1,0,6,6,0,0,260,41,100,0,0,1,3,12,0,0,55,1,4,112,0,76,0,3,30,84,78,3,195,60,0,1,100,70,74,92,85,4,4,7,7,7,27,44,6,16,32,10,2,9,1,15,14,41,2,36,20,638,0,74,85,1023,10,3,-19,0,0,34
11,7,7,7,7,34,Antonio,Gibson,637,89,0,112,14,92,1,5,9305,26,9305,91,25,0,0,84,0,5,5,74,0,0,89,2,2,1015,91,43,55,43,0,7,81,0,0,0,0,0,0,0,114,23,100,0,0,1,3,65,0,0,24,1,4,112,1,75,0,3,43,77,88,3,3457,83,0,1,100,18,68,84,75,0,0,0,0,5,24,67,5,11,19,7,6,14,0,1,3,24,0,7,11,637,0,74,60,1023,81,3,-19,0,0,437
45,4,4,7,7,6,Julian,Okwara,493,77,0,112,11,89,0,7,9306,33,9306,86,26,0,0,87,0,0,0,54,0,0,78,2,3,1015,88,72,45,45,0,8,20,0,0,0,0,0,0,0,152,39,100,0,0,1,3,42,0,0,99,2,4,112,0,91,0,3,23,71,78,3,2984,57,0,1,100,16,81,76,67,5,5,5,5,7,30,69,0,14,18,13,24,0,0,11,15,34,2,22,21,493,0,76,79,1023,10,3,-19,0,0,464
45,6,6,6,6,6,Ashtyn,Davis,637,89,0,112,17,92,0,7,9307,18,9307,92,27,2,1,92,1,4,4,68,0,0,90,0,4,1015,85,68,30,35,0,7,61,0,2,0,0,0,0,0,28,32,100,0,0,1,3,65,0,0,21,0,4,112,1,75,0,3,37,74,89,3,2806,64,0,1,100,18,60,79,73,6,6,6,6,4,20,89,4,16,21,9,7,11,1,18,17,24,1,11,8,637,0,73,42,1023,81,3,-19,0,0,174
45,2,2,2,2,6,Damien,Lewis,661,87,0,112,25,67,0,10,9308,28,9308,64,26,0,0,94,0,0,0,26,0,0,56,2,5,1015,91,42,76,78,0,8,5,0,0,0,1,1,0,0,106,45,100,0,0,1,3,21,0,0,68,0,4,112,0,82,0,3,26,77,74,3,4958,30,0,1,100,25,89,75,86,0,0,0,0,36,34,31,27,16,38,10,22,11,0,6,8,26,35,44,23,661,0,74,167,1023,10,3,-19,0,0,500
45,4,4,4,4,10,Brandon,Jones,633,90,0,108,20,91,0,3,9309,12,9309,89,25,0,1,93,0,0,0,66,0,0,88,1,6,1015,89,68,35,40,0,8,46,0,0,0,2,2,2,2,214,45,100,0,0,1,3,32,0,0,29,0,4,108,0,8,0,3,25,76,88,3,1711,60,0,1,100,20,58,80,78,3,3,3,3,0,19,75,2,17,30,11,18,16,1,18,18,7,5,4,4,633,0,73,31,1023,45,3,-19,0,0,423
45,7,7,7,7,6,Justin,Madubuike,631,79,0,108,12,77,1,4,9310,25,9310,78,26,0,0,88,0,0,0,44,0,0,72,2,7,1015,91,81,45,45,0,8,10,0,0,0,0,0,0,0,215,40,100,0,0,1,3,65,0,0,92,1,4,108,1,75,0,3,16,78,70,3,4916,30,0,1,100,15,89,85,88,5,5,5,5,6,34,29,23,19,34,13,17,11,0,10,12,46,8,25,27,631,0,75,133,1023,10,3,-19,0,0,471
45,3,5,3,5,6,Josh,Jones,630,86,0,108,25,69,0,3,9311,32,9311,63,26,0,0,85,0,0,1,36,0,0,60,1,8,7,90,35,79,75,0,8,6,0,0,0,0,2,0,2,80,45,100,0,0,1,3,34,0,0,72,0,4,108,0,83,0,3,30,73,71,3,896,40,0,1,100,25,85,71,81,2,0,2,0,15,33,39,22,5,31,13,20,10,0,5,5,60,15,25,30,630,0,77,159,1023,10,0,-19,0,0,292
45,4,4,4,4,6,Jonah,Jackson,652,89,0,104,12,66,0,7,9312,19,9312,65,26,0,0,88,0,0,0,29,0,0,57,0,9,1015,93,37,76,81,0,8,5,0,0,0,1,1,1,1,156,45,100,0,0,1,3,53,0,0,73,1,4,104,0,93,0,3,11,76,66,3,2954,31,0,1,100,14,86,76,87,0,0,0,0,7,32,35,21,24,22,12,16,18,0,6,8,51,7,29,25,652,0,76,151,1023,10,3,-19,0,0,107
45,4,4,4,4,40,Zack,Baun,479,84,0,104,19,88,0,5,9313,27,9313,85,27,0,1,90,1,0,0,58,0,0,83,0,10,1015,89,79,45,45,0,8,46,0,0,0,0,0,2,2,258,45,100,0,0,1,3,31,0,0,53,2,4,104,0,65,0,3,47,68,79,3,2791,61,0,1,100,21,78,75,66,5,5,3,3,4,29,52,14,11,26,9,11,20,0,13,15,37,9,22,11,479,1,75,65,1023,10,3,-19,0,0,353
40,4,4,4,4,6,DaVon,Hamilton,629,76,0,104,19,70,0,10,9314,33,9314,68,26,0,0,87,0,1,1,26,0,0,66,2,11,1015,90,83,44,45,0,8,14,0,2,0,0,0,0,0,156,2,100,0,0,4,3,65,0,0,52,1,4,800,1,75,0,3,22,78,73,3,3280,36,0,1,100,18,91,82,80,5,5,5,5,13,36,35,21,24,29,10,21,30,0,12,12,13,15,40,30,3249,0,76,160,1023,9,3,-19,0,0,262
45,7,7,5,5,23,Ke'Shawn,Vaughn,470,84,0,100,10,86,0,2,9315,6,9315,89,26,0,0,88,0,2,2,66,0,0,86,2,12,1015,92,38,57,30,0,8,78,0,2,0,0,0,0,0,238,45,100,0,0,1,3,65,0,0,21,1,4,100,1,75,0,3,31,70,78,3,811,87,0,1,100,16,71,80,71,0,0,0,0,4,26,67,10,37,27,11,38,66,0,1,1,46,5,6,8,470,0,70,54,1023,60,3,-19,0,0,147
45,3,3,3,3,6,Michael,Ojemudia,418,87,0,0,16,93,1,3,9316,33,9316,91,26,0,0,81,0,0,0,67,0,0,87,2,13,1009,85,56,40,43,0,7,52,0,2,0,0,0,0,0,89,30,100,3,3,1,3,65,0,0,26,0,4,0,1,75,0,3,25,70,86,3,566,59,0,1,100,15,66,75,65,0,0,0,0,1,23,72,9,11,11,9,6,10,1,16,16,24,1,7,10,418,0,73,40,1023,40,1,-19,0,0,196
45,6,6,0,0,6,Matt,Hennessy,621,88,0,100,25,70,0,7,9317,33,9317,66,26,0,1,93,0,0,0,26,0,0,69,0,14,1015,90,21,72,76,0,8,8,0,2,0,1,1,0,0,208,45,100,0,0,1,3,14,0,0,61,2,4,100,0,83,0,3,27,70,74,3,1862,30,0,1,100,25,85,66,64,0,0,0,0,34,32,18,35,16,34,11,23,19,0,6,7,46,24,36,28,621,0,75,147,1023,10,3,-19,0,0,483
45,5,5,5,5,48,Lynn,Bowden,87,84,0,0,17,91,2,10,9319,33,9319,89,26,0,0,86,0,4,4,82,0,0,88,2,16,1009,84,30,44,53,0,8,76,0,2,0,0,0,0,0,98,45,100,5,5,1,3,65,0,0,86,1,1,0,1,75,0,3,60,69,84,3,1783,79,0,1,100,19,70,68,65,0,0,0,0,2,25,68,9,9,26,12,11,24,0,3,1,43,4,13,7,87,0,71,44,1023,80,1,-19,0,0,86
45,4,4,4,4,15,Bryan,Edwards,101,87,0,0,13,90,1,3,9320,33,9320,89,25,0,1,87,0,4,4,85,0,0,86,2,17,1009,87,41,41,61,0,8,79,0,0,0,0,0,0,0,176,45,100,0,0,1,3,65,0,0,11,2,1,0,1,75,0,3,32,72,91,3,4848,75,0,1,100,19,71,70,66,0,0,0,0,0,26,85,13,14,23,9,0,11,0,3,3,44,0,11,6,101,0,75,55,1023,77,0,-19,0,0,2
45,2,2,2,2,6,Neville,Gallimore,616,73,0,96,15,81,0,5,9321,11,9321,79,26,0,0,86,0,0,0,34,0,0,72,2,18,1015,88,81,45,45,0,8,12,0,0,0,0,0,0,0,157,45,100,0,0,1,3,1,0,0,96,1,4,96,0,67,0,3,29,68,75,3,1638,38,0,1,100,20,80,76,70,3,3,3,3,37,32,26,24,24,30,13,35,6,0,11,12,51,29,37,23,616,0,74,142,1023,10,3,-19,0,0,417
45,6,6,6,6,6,Lloyd,Cushenberry,614,88,0,96,21,68,0,5,9322,4,9322,63,26,0,0,92,0,0,0,30,0,0,57,2,19,1015,90,22,78,69,0,8,9,0,0,0,1,1,0,0,106,45,100,0,0,1,3,4,0,0,79,0,4,96,0,87,0,3,22,72,61,3,517,30,0,1,100,22,85,69,80,2,2,2,2,41,34,23,23,5,40,11,26,10,2,7,7,36,34,32,26,614,1,76,155,1023,10,3,-19,0,0,208
45,3,3,3,3,6,Terrell,Lewis,190,75,0,0,14,88,1,4,9323,33,9323,83,25,0,0,76,0,0,0,63,0,0,83,2,20,1015,82,78,45,45,0,8,27,0,0,0,0,0,0,0,3,45,100,0,0,1,3,78,0,0,52,2,2,0,0,79,0,3,21,63,87,3,2782,61,0,1,100,17,74,74,66,5,5,5,5,3,27,57,6,25,25,7,14,16,0,15,10,10,4,25,27,190,0,77,102,1023,10,1,-19,0,0,408
45,2,2,2,2,6,Julian,Blackmon,612,87,0,92,15,90,0,1,9324,10,9324,90,25,0,0,82,0,4,4,63,0,0,89,2,21,1015,82,67,25,25,0,8,51,0,0,0,0,0,0,0,233,32,100,0,0,1,3,65,0,0,32,0,4,92,1,75,0,3,21,75,87,3,1575,52,0,1,100,22,57,80,78,7,7,7,7,0,18,94,16,7,26,13,4,5,1,18,18,11,3,0,0,612,0,72,27,1023,30,3,-19,0,0,31
45,4,4,4,4,20,Zack,Moss,363,85,0,0,16,87,0,3,9325,10,9325,86,26,0,1,89,0,1,1,68,0,0,85,2,22,3,85,34,53,40,0,7,83,0,0,0,0,0,0,0,233,45,100,0,0,1,3,4,0,0,21,0,4,0,0,0,0,3,33,72,81,3,257,91,0,1,100,21,77,82,72,4,4,4,4,0,28,70,9,21,30,8,2,24,0,1,1,35,5,6,10,363,0,69,45,1023,35,1,-19,0,0,417
45,7,7,7,7,5,Anfernee,Jennings,459,83,0,88,11,86,0,4,9326,22,9326,81,26,0,0,87,0,0,0,63,0,0,74,2,23,1015,84,78,45,45,0,8,28,0,0,0,4,4,4,4,3,45,100,0,0,1,3,34,0,0,33,2,4,88,0,72,0,3,26,68,84,3,2618,63,0,1,100,22,81,73,66,3,3,3,3,3,30,49,6,14,33,10,14,16,1,15,13,10,0,28,20,459,0,75,99,1023,10,3,-19,0,0,491
45,3,3,3,3,6,Jordan,Elliott,608,81,0,88,10,79,2,5,9327,5,9327,72,26,0,1,87,0,0,0,32,0,0,62,2,24,1015,93,80,45,45,0,8,14,0,0,0,0,0,0,0,122,45,100,0,0,1,3,45,0,0,96,1,4,88,0,78,0,3,23,68,69,3,692,28,0,1,100,13,82,74,73,5,5,5,5,5,31,39,24,14,35,9,24,24,1,12,12,10,9,45,28,608,0,76,143,1023,10,3,-19,0,0,108
45,3,3,3,3,32,Cameron,Dantzler Sr.,584,90,0,0,15,90,3,4,9328,33,9328,87,25,2,1,84,0,0,0,65,0,0,86,2,25,1015,87,65,26,34,0,8,53,0,0,0,2,2,0,0,121,45,100,0,0,1,3,54,0,0,3,2,4,0,0,87,0,3,47,71,86,3,1872,56,0,1,100,11,55,74,71,3,3,5,5,0,18,91,10,9,10,12,0,6,1,16,16,10,1,5,8,584,0,74,30,1023,35,0,-19,0,0,99
45,4,4,4,4,6,Jonathan,Greenard,458,76,0,88,18,81,0,4,9329,32,9329,79,26,0,0,82,0,7,7,64,0,0,80,2,26,1015,85,77,45,45,0,8,24,0,0,0,0,0,0,0,62,45,100,6,6,1,1,65,0,0,52,2,4,88,1,75,0,3,23,73,75,3,1773,56,0,1,100,21,77,81,81,0,0,0,0,6,28,49,11,17,35,13,22,14,0,11,13,34,6,41,23,458,0,75,103,1023,20,3,-19,0,0,339
45,4,4,4,4,15,Devin,Asiasi,356,82,0,0,13,87,0,2,9330,33,9330,81,26,2,1,84,0,0,0,79,0,0,74,1,27,1009,86,33,62,60,0,7,61,0,0,0,0,0,0,0,226,45,100,0,0,1,3,40,0,0,86,2,4,0,0,80,0,3,31,63,80,3,4577,75,0,1,100,17,76,64,54,5,5,5,5,4,28,46,14,16,21,12,24,14,0,4,4,41,5,27,25,356,0,75,97,1023,10,1,-19,0,0,24
11,7,7,7,7,28,Devin,Duvernay,764,84,0,88,12,92,1,4,9331,25,9331,94,26,0,0,89,0,0,0,88,0,0,87,2,28,1015,91,35,28,53,0,8,79,0,0,0,0,0,0,0,214,36,100,0,0,1,3,65,0,0,13,2,4,88,1,75,0,3,44,76,84,3,2476,77,0,1,100,17,68,77,77,0,0,0,0,3,24,86,0,16,16,7,13,11,0,3,3,14,2,6,11,764,0,71,42,1023,83,3,-19,0,0,388
45,7,7,7,7,31,Darrynton,Evans,0,81,0,0,14,91,3,4,9332,1009,9332,92,25,0,1,79,0,0,1,65,0,0,91,2,29,1009,80,39,49,33,0,8,72,0,0,0,0,0,0,0,7,23,100,0,0,0,3,5,0,0,37,1,0,0,0,84,0,3,40,69,87,3,2510,89,0,1,100,17,69,78,60,5,5,5,5,4,24,76,16,19,26,13,12,21,1,1,1,24,2,6,5,0,1,70,43,1023,81,1,-19,0,0,282
45,2,2,2,2,25,Josiah,Deguara,454,84,0,84,16,86,0,3,9333,20,9333,84,26,0,1,87,0,0,0,82,0,0,79,0,30,1015,86,41,56,62,0,8,55,0,0,0,0,0,0,0,36,45,100,0,0,1,3,42,0,0,81,2,4,84,0,64,0,3,41,68,84,3,4385,74,0,1,100,21,78,67,65,2,2,2,2,3,29,78,6,9,27,7,11,16,0,2,4,44,5,28,12,454,0,74,78,1023,30,3,-19,0,0,71
45,5,5,5,5,6,McTelvin,Agim,0,75,0,0,21,74,0,10,9334,1009,9334,73,26,0,0,85,0,0,0,36,0,0,68,2,31,1015,87,80,45,45,0,8,19,0,0,0,0,0,0,0,10,45,100,0,0,0,3,6,0,0,98,0,0,0,0,67,0,3,19,67,75,3,531,40,0,1,100,25,84,72,65,5,5,5,5,47,32,34,24,25,45,13,33,30,1,12,12,19,35,33,26,0,0,75,149,1023,10,1,-19,0,0,417
45,4,3,4,3,6,Lucas,Niang,442,84,0,84,25,58,0,10,9335,9,9335,63,25,0,0,94,0,1,0,30,0,0,61,1,32,1015,84,28,69,72,0,8,9,0,2,0,0,2,0,2,207,45,100,0,0,2,3,42,0,0,77,2,4,84,0,88,0,3,30,66,70,3,1210,23,0,1,100,25,86,65,75,0,2,0,2,13,33,39,24,24,21,7,23,29,0,9,9,29,23,23,30,442,0,78,179,1023,10,3,-19,0,0,292
45,7,7,7,7,6,Jacob,Phillips,449,83,0,80,20,87,0,4,9336,33,9336,84,24,0,0,88,0,0,0,56,0,0,72,2,33,1015,84,82,50,43,0,8,31,0,0,0,2,2,0,0,106,2,100,0,0,1,3,65,0,0,50,1,4,80,1,75,0,3,24,67,87,3,724,47,0,1,100,20,73,66,64,3,3,5,5,1,26,51,6,16,13,11,9,16,2,14,14,24,10,33,13,449,0,75,68,1023,10,3,-19,0,0,141
45,7,7,7,7,27,Malik,Harrison,449,82,0,80,46,86,2,2,9337,25,9337,84,25,0,0,79,0,0,0,58,0,0,85,2,34,1015,87,84,45,45,0,8,36,0,0,0,0,0,0,0,156,41,100,0,0,1,3,24,0,0,40,1,4,80,0,84,0,3,47,72,86,3,4883,55,0,1,100,55,75,80,73,2,2,2,2,7,28,67,15,4,20,13,9,4,0,15,14,24,1,30,24,449,1,75,99,1023,33,3,-19,0,0,493
45,2,2,2,2,5,Matt,Peart,449,82,0,80,12,75,0,3,9338,16,9338,70,26,0,0,89,0,0,0,27,0,0,55,2,35,1015,82,37,73,70,0,8,6,0,0,0,9,9,9,9,227,45,100,0,0,1,3,20,0,0,74,2,4,80,0,61,0,3,11,67,74,3,2779,40,0,1,100,15,86,64,75,6,6,6,6,7,33,24,23,9,28,11,17,11,0,5,9,54,21,40,25,449,0,79,158,1023,10,3,-19,0,0,231
45,2,2,2,2,12,Tanner,Muse,101,84,0,0,22,90,1,7,9339,8,9339,90,27,0,1,88,1,2,2,63,0,0,77,0,36,1009,90,78,35,35,0,8,50,0,4,0,0,0,6,6,38,45,100,0,0,1,3,65,0,0,44,1,1,0,1,75,0,3,39,66,83,3,3356,65,0,1,100,25,74,76,67,7,7,4,4,2,27,54,11,11,21,7,4,19,1,15,14,26,6,26,14,101,0,74,67,1023,59,0,-19,0,0,130
45,5,5,5,5,10,Dalton,Keene,0,81,0,0,13,88,0,7,9340,1009,9340,83,24,0,1,75,0,0,0,80,0,0,80,0,37,1009,78,48,57,59,0,7,61,0,0,0,4,4,4,4,241,45,100,0,0,0,3,23,0,0,40,2,0,0,0,86,0,3,29,65,82,3,2559,77,0,1,100,16,75,70,67,1,1,3,3,3,28,52,11,17,31,11,9,29,0,4,4,24,5,26,22,0,0,76,93,1023,32,0,-19,0,0,83
45,5,5,5,5,6,Alex,Highsmith,601,91,0,80,10,84,2,4,9341,29,9341,82,26,0,0,88,0,0,0,51,0,0,82,1,38,1015,92,84,45,45,0,8,16,0,0,0,4,4,4,4,423,45,100,0,0,1,3,65,0,0,56,2,4,80,1,75,0,3,24,82,81,3,1718,46,0,1,100,14,76,86,88,3,3,3,3,6,28,51,6,29,10,12,9,11,0,13,10,44,8,33,23,601,0,76,82,1023,10,3,-19,0,0,265
45,4,4,4,4,17,Davion,Taylor,94,82,0,0,12,91,0,5,9342,33,9342,88,25,0,0,78,0,0,0,52,0,0,85,2,39,1015,84,79,45,45,0,8,25,0,0,0,0,0,0,0,41,45,100,0,0,1,3,11,0,0,52,1,1,0,0,87,0,3,21,67,84,3,1853,53,0,1,100,17,69,67,65,5,5,5,5,4,24,68,4,10,25,8,9,14,1,14,15,21,1,18,13,94,1,73,70,1023,30,3,-19,0,0,235
45,6,6,6,6,6,Terrell,Burgess,0,87,0,0,20,90,3,7,9343,1009,9343,90,25,0,0,88,0,4,4,64,0,0,88,2,40,1009,89,67,35,35,0,8,44,0,0,0,0,0,0,0,233,32,100,0,0,0,3,65,0,0,32,2,0,0,1,75,0,3,35,72,81,3,4613,62,0,1,100,20,62,77,72,0,0,0,0,0,21,65,3,9,15,7,5,14,0,18,18,31,0,6,8,0,0,71,42,1023,65,1,-19,0,0,313
45,4,4,4,4,55,Adam,Trautman,601,85,0,80,20,85,0,4,9344,4,9344,80,26,0,0,89,0,1,0,83,0,0,86,0,41,27,89,33,65,69,0,7,63,0,2,0,0,0,2,2,48,45,100,0,0,1,3,40,0,0,82,2,4,0,0,80,0,3,65,72,84,3,4773,77,0,1,100,27,74,73,59,5,5,3,3,7,27,61,16,9,24,10,21,2,0,4,4,16,8,32,22,449,0,77,93,1023,35,0,-19,0,0,512
45,3,3,3,3,6,Tyre,Phillips,362,82,0,0,20,66,0,3,9345,33,9345,60,26,0,0,88,0,0,0,30,0,0,50,2,42,1009,84,34,66,72,0,8,34,0,0,0,9,9,9,9,121,45,100,0,0,1,3,46,0,0,79,0,4,0,0,92,0,3,15,67,64,3,2788,52,0,1,100,22,88,63,74,3,3,3,3,34,34,10,27,27,35,7,20,34,0,9,7,49,35,28,23,362,0,77,170,1023,10,3,-19,0,0,457
45,7,7,7,7,10,Akeem,Davis-Gaither,411,84,0,80,19,92,1,3,9346,2,9346,88,26,0,0,88,0,4,4,63,0,0,86,2,1,1015,85,84,40,35,0,8,38,0,0,0,0,0,1,1,7,45,100,0,0,1,1,65,0,0,59,0,4,80,1,75,0,4,30,75,86,3,231,62,0,1,100,25,70,81,75,2,2,2,2,3,25,73,6,16,24,9,9,14,2,13,13,34,3,12,10,411,0,74,68,1023,40,3,-19,0,0,349
45,3,3,3,3,6,Saahdiq,Charles,409,82,0,80,12,63,0,4,9347,26,9347,71,24,0,1,86,0,0,0,20,0,0,70,2,2,1015,85,35,65,68,0,8,11,0,0,0,0,0,0,0,106,45,100,0,0,1,3,43,0,0,77,2,4,80,0,0,0,4,17,66,68,3,1807,26,0,1,100,15,85,62,77,5,5,5,5,16,32,34,24,21,29,13,20,16,0,8,5,44,26,38,28,409,0,76,162,1023,11,3,-19,0,0,493
45,4,4,4,4,6,John,Simpson,213,89,0,0,22,69,0,10,9348,25,9348,64,26,0,0,90,0,3,3,32,0,0,52,2,3,1009,89,31,67,68,0,8,12,0,0,0,0,0,0,0,38,45,100,0,0,2,3,24,0,0,76,0,2,0,0,88,0,4,14,66,74,3,2870,42,0,1,100,35,92,60,65,7,7,7,7,12,36,30,18,21,22,8,23,6,0,8,8,36,22,44,26,213,0,76,161,1023,10,1,-19,0,0,495
45,4,4,4,4,6,Darnay,Holmes,580,89,0,76,14,90,0,10,9349,16,9349,91,25,0,1,87,0,0,0,74,0,0,90,2,4,1015,83,54,35,35,0,8,48,0,0,0,0,0,0,0,226,30,100,0,0,1,3,65,0,0,30,2,4,76,1,75,0,4,29,71,87,3,2960,62,0,1,100,16,56,78,71,3,3,3,3,1,18,79,11,5,16,9,11,3,1,16,16,44,1,6,4,580,0,70,35,1023,78,3,-19,0,0,73
45,6,6,6,6,6,Solomon,Kindley,94,82,0,0,25,54,0,10,9350,33,9350,56,26,0,0,93,0,1,1,27,0,0,49,1,5,1015,88,37,67,70,0,8,12,0,0,0,8,8,8,8,70,45,100,0,0,1,3,65,0,0,72,0,1,0,1,75,0,4,24,68,65,3,1662,22,0,1,100,25,88,62,80,5,5,5,5,12,34,24,19,13,20,12,22,24,0,7,6,49,28,36,23,94,0,75,179,1023,10,1,-19,0,0,204
45,0,6,0,6,15,Joshua,Kelley,407,82,0,76,12,88,0,7,9351,8,9351,89,26,0,0,81,0,2,5,67,0,0,84,1,6,1015,86,40,54,34,0,7,77,0,0,0,0,8,0,8,226,45,100,0,2,1,3,2,0,0,25,1,4,76,0,84,0,4,27,70,80,3,1001,87,0,1,100,16,75,80,74,0,2,0,2,5,28,70,2,34,14,11,35,25,0,1,1,38,0,5,9,407,0,71,52,1023,40,3,-19,0,0,254
45,4,4,4,4,6,Troy,Pride Jr.,87,85,0,0,17,91,0,4,9352,33,9352,92,25,0,1,81,0,4,4,60,0,0,89,2,7,1009,83,54,10,12,0,8,53,0,0,0,0,0,5,5,152,45,100,0,0,1,3,17,0,0,37,2,1,0,0,88,0,4,27,69,85,3,4842,64,0,1,100,18,55,71,64,4,4,4,4,1,18,75,10,0,23,12,10,7,0,16,16,5,5,12,6,87,0,71,33,1023,40,0,-19,0,0,188
45,3,3,2,2,6,Leki,Fotu,406,82,0,76,15,70,0,5,9353,7,9353,67,25,0,0,91,0,4,4,36,0,0,61,2,8,1015,89,78,45,45,0,8,27,0,0,0,0,0,0,0,233,40,100,0,0,1,3,65,0,0,95,1,4,76,1,75,0,4,19,69,74,3,943,42,0,1,100,15,88,75,73,0,0,0,0,8,34,34,23,3,30,7,18,35,0,12,12,4,21,30,28,406,0,77,170,1023,40,3,-19,0,0,66
45,4,4,4,4,15,Harrison,Bryant,579,85,0,76,18,87,0,7,9354,5,9354,82,25,0,0,84,0,7,7,78,0,0,78,0,9,1015,89,47,63,62,0,7,66,0,1,0,0,0,0,0,308,45,100,0,0,1,3,65,0,0,88,1,4,76,1,75,0,4,34,69,79,3,645,73,0,1,100,20,71,71,66,0,0,0,0,3,26,61,4,14,5,7,6,14,0,2,4,19,4,20,14,579,0,77,70,1023,38,3,-19,0,0,125
45,5,5,5,5,6,Ben,Bartch,578,86,0,76,27,62,0,9,9355,17,9355,68,25,0,1,92,0,6,6,54,0,0,69,0,10,1015,87,29,70,68,0,8,40,0,4,0,0,0,0,0,197,45,100,0,0,1,3,65,0,0,78,2,4,76,1,75,0,4,25,68,70,3,3133,56,0,1,100,37,85,64,76,0,0,0,0,4,32,33,16,28,22,7,16,32,0,6,5,61,5,25,27,578,0,78,149,1023,10,3,-19,0,0,171
45,4,4,4,4,6,D.J.,Wonnum,577,84,0,72,15,81,1,3,9356,31,9356,81,26,0,0,89,0,4,4,48,0,0,77,2,11,1015,91,81,45,45,0,8,22,0,0,0,0,0,0,0,176,45,100,5,5,1,3,65,0,0,98,0,4,72,1,75,0,4,18,72,80,3,1837,46,0,1,100,17,82,80,77,0,0,0,0,4,31,42,0,50,3,11,3,26,1,15,10,14,5,31,21,577,0,77,98,1023,10,3,-19,0,0,470
45,3,3,3,3,10,Albert,Okwuegbunam,403,86,0,72,12,92,1,7,9357,13,9357,88,25,0,0,77,0,1,0,79,0,0,82,1,12,4,83,46,59,60,0,8,64,0,0,0,0,0,0,0,122,45,100,0,0,1,3,70,0,0,85,1,4,72,0,85,0,4,24,69,86,3,451,71,0,1,100,19,70,67,57,3,3,3,3,6,25,46,8,10,35,12,0,23,0,4,4,41,7,39,24,403,0,77,98,1023,25,3,-19,0,0,226
45,4,4,4,4,6,Mykal,Walker,576,87,0,72,14,88,3,3,9358,33,9358,86,26,0,1,88,0,0,0,66,0,0,81,2,13,1015,91,84,47,47,0,8,44,0,1,0,0,0,0,0,66,45,100,0,0,1,3,4,0,0,3,1,4,72,0,88,0,4,25,73,80,3,2538,47,0,1,100,17,72,76,76,5,5,5,5,0,26,68,13,12,22,8,11,17,1,14,15,25,5,28,13,576,0,75,70,1023,10,3,-19,0,0,464
45,4,4,4,4,15,Lamical,Perine,0,82,0,0,16,86,1,2,9359,1009,9359,85,25,0,0,83,0,0,0,67,0,0,81,2,14,1015,85,43,56,42,0,8,73,0,0,0,0,0,0,0,62,45,100,0,0,0,3,29,0,0,29,0,0,0,0,60,0,4,29,63,83,3,4583,90,0,1,100,20,75,75,65,7,7,7,7,2,28,78,16,7,15,11,16,25,1,1,1,39,5,10,11,0,0,71,56,1023,65,1,-19,0,0,97
45,4,4,4,4,6,Logan,Stenberg,403,79,0,72,15,64,0,9,9360,33,9360,62,26,0,0,90,0,0,0,29,0,0,52,0,15,1015,85,22,64,67,0,8,8,0,2,0,9,9,9,9,98,45,100,0,0,1,3,57,0,0,71,0,4,72,0,72,0,4,31,63,66,3,2925,35,0,1,100,27,84,58,72,5,5,5,5,16,32,43,23,19,34,9,21,14,0,6,6,36,28,42,27,403,0,78,152,1023,10,3,-19,0,0,156
45,0,0,0,0,72,Jacob,Eason,94,76,0,0,18,77,0,7,9361,33,9361,76,26,0,0,87,0,0,0,23,0,0,67,0,16,1009,89,28,15,18,0,8,34,0,2,0,0,0,0,0,252,18,100,0,0,1,3,7,0,0,11,2,1,0,0,75,0,4,91,59,69,3,1359,65,0,1,100,22,63,65,60,4,4,7,7,0,22,56,11,11,29,11,0,16,0,0,0,10,6,22,12,94,1,78,71,1023,11,0,-19,0,0,409
45,6,6,6,6,15,Anthony,McFarland Jr,94,80,0,0,13,89,3,10,9363,29,9363,91,25,0,1,77,0,4,4,62,0,0,89,2,18,1015,83,25,38,28,0,8,74,0,0,0,0,0,0,0,111,45,100,0,0,1,3,1,0,0,26,1,1,0,0,83,0,4,26,67,76,3,810,82,0,1,100,18,67,47,62,2,2,2,2,1,24,78,10,25,22,13,0,19,2,2,1,10,2,10,10,94,0,68,33,1023,60,3,-19,0,0,313
45,4,4,4,4,6,Charlie,Heck,573,86,0,68,12,70,0,7,9365,33,9365,67,27,0,0,93,1,0,0,35,0,0,54,0,20,1015,88,36,68,67,0,8,26,0,2,0,1,1,1,1,135,45,100,0,0,1,3,3,0,0,67,2,4,68,0,96,0,4,12,64,70,3,1764,30,0,1,100,10,84,60,77,0,0,0,0,12,32,34,19,6,32,10,20,14,0,5,5,56,21,39,28,573,0,80,151,1023,10,3,-19,0,0,299
45,3,3,5,5,21,K'Von,Wallace,400,87,0,68,15,91,2,3,9366,7,9366,88,26,0,0,84,0,1,1,58,0,0,90,2,21,1009,88,69,25,35,0,7,49,0,0,0,0,0,0,0,38,45,100,1,1,1,3,65,0,0,42,2,4,68,1,75,0,4,34,72,90,3,1857,55,0,1,100,15,64,76,71,0,0,0,0,1,22,81,13,6,11,11,9,6,1,17,18,34,5,7,8,400,0,71,45,1023,41,3,-19,0,0,391
45,4,4,4,4,10,Gabriel,Davis,571,90,0,68,15,91,1,3,9367,3,9367,92,24,0,1,88,0,0,0,88,0,0,86,2,22,1015,91,33,42,55,0,7,75,0,4,0,0,0,0,0,225,36,100,0,0,1,3,65,1,0,13,0,4,68,1,75,0,4,31,83,88,3,291,76,0,1,100,19,67,79,84,0,0,0,0,3,24,89,16,9,16,13,0,11,0,3,3,21,2,5,8,571,0,74,50,1023,45,3,-19,0,0,332
45,7,7,7,7,9,James,Lynch,398,75,0,68,56,77,0,7,9369,33,9369,72,24,0,0,84,0,4,4,38,0,0,71,0,24,1015,87,78,45,45,0,8,18,0,3,0,0,0,0,0,17,45,100,0,0,1,3,65,0,0,92,0,4,68,1,75,0,4,23,66,72,3,2864,42,0,1,100,71,82,69,66,5,5,5,5,7,31,45,20,31,25,7,21,24,0,11,12,42,7,41,22,398,0,76,135,1023,10,3,-19,0,0,95
45,2,5,2,5,6,Rashard,Lawrence,0,76,0,0,12,78,3,4,9370,1009,9370,70,25,0,0,90,0,0,1,30,0,0,52,1,25,1015,82,82,45,45,0,8,12,0,0,0,0,2,0,2,106,45,100,1,2,0,3,21,0,0,97,1,0,64,0,87,0,4,23,67,70,3,915,36,0,1,100,17,84,74,72,4,0,4,0,31,32,24,30,24,41,9,30,24,1,12,12,51,25,31,23,0,0,74,148,1023,9,3,-19,0,0,5
45,4,4,4,4,10,Troy,Dye,397,81,0,64,19,88,0,2,9371,31,9371,85,27,0,1,89,1,0,0,61,0,0,82,1,26,1015,88,76,45,45,0,8,46,0,2,0,0,0,0,0,160,45,100,0,0,1,3,1,0,0,45,0,4,64,0,66,0,4,30,67,84,3,1850,55,0,1,100,15,71,68,72,5,5,5,5,1,26,53,14,21,20,10,16,22,0,14,14,41,10,22,12,397,1,75,65,1023,35,3,-19,0,0,304
45,3,3,3,3,10,Colby,Parkinson,396,81,0,64,16,84,0,9,9372,28,9372,80,24,0,1,84,0,0,0,85,0,0,79,0,27,1015,86,48,61,61,0,7,52,0,2,0,0,0,0,0,200,45,100,0,0,1,3,3,0,0,84,2,4,64,0,82,0,4,23,70,84,3,2725,78,0,1,100,21,73,72,71,0,0,0,0,4,26,64,11,9,19,8,6,16,0,4,4,26,1,43,22,396,0,79,91,1023,41,3,-19,0,0,418
45,2,2,2,2,6,Jaylinn,Hawkins,569,91,0,64,24,89,0,3,9373,14,9373,88,26,0,0,81,0,4,4,74,0,0,83,2,28,1015,88,61,30,30,0,7,45,0,0,0,3,3,3,3,28,45,100,0,0,1,3,87,0,0,32,2,4,64,0,88,0,4,27,72,85,3,2566,55,0,1,100,28,63,74,74,0,0,0,0,2,22,73,19,3,9,8,6,11,0,18,17,12,1,13,12,569,0,73,48,1023,60,3,-19,0,0,60
45,3,3,3,3,6,Kevin,Dotson,567,85,0,64,11,71,0,5,9374,24,9374,66,27,0,0,92,1,0,0,30,0,0,60,2,29,29,87,34,80,71,1,8,9,0,0,0,3,3,3,3,228,45,100,0,0,1,3,65,0,0,69,0,4,64,1,75,0,4,25,76,78,3,1708,28,0,1,100,11,90,74,84,2,2,2,2,12,35,36,23,25,27,13,22,36,0,6,6,66,28,45,30,567,0,76,161,1023,10,0,-19,0,0,47
45,4,4,4,4,10,Brycen,Hopkins,394,82,0,64,19,89,1,3,9375,24,9375,84,26,0,0,92,0,0,0,76,0,0,83,0,30,1015,88,37,62,54,0,8,56,0,0,0,0,0,0,0,169,45,100,0,0,1,3,44,0,0,88,1,4,64,0,93,0,4,28,65,81,3,4406,79,0,1,100,15,72,65,63,0,0,0,0,7,26,64,16,1,24,8,9,9,0,4,4,36,9,22,25,394,0,76,85,1023,20,3,-19,0,0,315
45,5,5,5,5,10,Josiah,Scott,0,88,0,0,15,93,1,4,9376,1009,9376,92,24,0,1,80,0,0,0,68,0,0,91,2,31,1009,85,59,35,35,0,8,49,0,0,0,0,0,0,0,118,45,100,0,0,0,3,65,0,0,33,2,0,0,1,75,0,4,30,71,84,3,3565,60,0,1,100,20,53,76,68,5,5,5,5,0,16,92,18,6,16,10,0,14,0,16,16,39,1,9,0,0,0,69,25,1023,78,2,-19,0,0,60
45,2,2,5,5,6,L'Jarius,Sneed,565,95,0,60,24,91,0,7,9377,9,9377,94,26,0,0,82,0,4,4,76,0,0,87,2,32,1015,89,59,25,18,0,7,60,0,0,0,0,0,0,0,101,30,100,0,0,1,3,65,0,0,38,2,4,60,1,75,0,4,27,84,93,3,1314,68,0,1,100,22,59,86,85,0,0,0,0,0,20,98,20,6,40,9,24,31,0,16,17,16,5,4,7,565,0,73,32,1023,70,3,-19,0,0,86
45,3,3,3,3,27,Amik,Robertson,378,88,0,48,10,92,1,4,9378,23,9378,89,25,0,0,90,0,5,5,73,0,0,91,2,33,1015,83,52,16,29,0,7,56,0,0,0,4,4,4,4,101,45,100,0,0,1,3,65,0,0,21,2,4,48,1,75,0,4,39,72,86,3,640,64,0,1,100,11,56,78,73,5,5,5,5,3,18,93,9,1,5,12,1,18,0,16,16,26,5,11,0,378,0,68,27,1023,50,3,-19,0,0,420
45,7,7,7,7,6,Shaquille,Quarterman,378,83,0,48,15,82,0,5,9379,17,9379,81,26,0,0,90,0,0,0,54,0,0,76,2,34,1015,91,79,45,45,0,8,30,0,0,0,9,9,9,9,115,45,100,0,0,1,3,51,0,0,50,1,4,48,0,74,0,4,20,65,76,3,3382,50,0,1,100,14,77,72,65,0,0,0,0,3,29,57,14,14,29,8,4,16,0,15,14,15,6,24,14,378,0,72,74,1023,10,3,-19,0,0,386
45,3,3,3,3,6,John,Reid,101,87,0,0,11,90,0,7,9380,33,9380,89,27,0,0,83,1,4,4,66,0,0,90,2,35,1009,89,58,21,21,0,7,49,0,0,0,0,0,0,0,164,45,100,0,0,1,3,65,0,0,35,2,1,0,1,75,0,4,25,66,87,3,1795,63,0,1,100,15,55,71,60,0,0,0,0,3,18,99,5,18,6,11,25,1,0,16,16,41,3,11,2,101,0,70,27,1023,70,1,-19,0,0,208
45,5,5,5,5,6,Ben,Bredeson,341,83,0,0,16,59,0,4,9382,16,9382,63,25,0,0,89,0,3,1,12,0,0,53,0,37,25,85,20,68,71,0,8,14,0,2,0,1,1,1,1,117,45,100,0,0,1,3,41,0,0,68,0,4,0,0,63,0,4,17,66,65,3,4974,20,0,1,100,19,87,63,75,5,5,5,5,8,34,39,18,13,32,11,23,21,0,6,6,57,19,45,23,341,0,77,155,1023,10,2,-19,0,0,122
45,7,7,7,7,37,DeeJay,Dallas,378,84,0,48,16,88,1,10,9383,28,9383,87,25,0,0,83,0,0,0,71,0,0,81,2,38,1015,91,42,52,49,0,7,78,0,2,0,0,0,0,0,115,45,100,0,0,1,3,65,0,0,31,0,4,48,1,75,0,4,42,68,81,3,2821,90,0,1,100,20,75,81,75,0,0,0,0,1,28,65,10,14,47,12,21,20,1,1,1,14,0,11,9,378,0,70,54,1023,77,3,-19,0,0,147
45,2,2,2,2,6,Jack,Driscoll,378,85,0,48,20,76,0,7,9384,13,9384,72,26,0,0,92,0,0,0,36,0,0,62,0,39,1015,84,36,70,71,0,8,17,0,0,0,0,0,0,0,14,45,100,0,0,1,3,36,0,0,63,2,4,48,0,98,0,4,25,67,73,3,1769,29,0,1,100,22,83,67,77,0,0,0,0,15,31,24,18,34,23,9,23,2,0,9,9,42,27,30,29,378,2,77,152,1023,10,3,-19,0,0,154
45,4,4,0,0,6,Tyler,Biadasz,550,95,0,48,43,59,0,4,9385,11,9385,62,26,0,0,93,0,1,1,23,0,0,63,0,40,1015,88,37,74,78,0,8,9,0,4,0,0,0,0,0,258,45,100,0,0,1,3,46,0,0,63,2,4,48,0,89,0,4,21,74,72,3,1606,28,0,1,100,48,85,73,86,5,5,5,5,44,32,14,25,27,40,13,27,24,0,7,7,31,45,39,26,550,0,75,156,1023,8,3,-19,0,0,281
45,6,6,6,6,6,Khalid,Kareem,101,77,0,0,13,84,0,10,9386,1,9386,79,25,0,1,81,0,0,0,37,0,0,72,2,1,1009,85,74,45,45,0,8,13,0,0,0,0,0,1,1,152,45,100,0,0,1,3,31,0,0,52,0,1,0,0,74,0,5,18,67,82,3,185,39,0,1,100,18,84,72,65,2,2,2,2,4,32,54,2,9,9,11,16,11,1,11,11,10,6,37,25,101,0,76,108,1023,10,1,-19,0,0,385
45,7,7,7,7,6,Alton,Robinson,364,75,0,32,13,86,0,4,9387,33,9387,83,25,0,0,91,0,4,4,27,0,0,74,2,2,1015,91,77,45,45,0,8,13,0,0,0,0,0,0,0,205,45,100,5,5,1,3,65,0,0,98,2,4,32,1,75,0,5,21,69,85,3,4194,29,0,1,100,16,79,74,68,0,0,0,0,3,30,58,24,11,56,11,4,31,0,15,10,63,1,37,23,364,0,75,99,1023,10,3,-19,0,0,376
45,5,5,5,5,6,Danny,Pinter,364,82,0,32,21,77,0,4,9388,33,9388,75,27,0,0,85,1,0,0,48,0,0,61,0,3,1015,87,37,62,71,0,8,31,0,2,0,1,1,1,1,16,45,100,0,0,1,3,43,0,0,63,2,4,32,0,83,0,5,30,65,73,3,1426,38,0,1,100,22,82,61,72,0,0,0,0,7,31,38,22,6,24,8,22,14,0,8,7,66,8,22,23,364,0,76,146,1023,10,3,-19,0,0,418
45,5,5,5,5,24,Shane,Lemieux,364,82,0,32,12,67,0,7,9389,16,9389,69,26,0,0,95,0,1,1,36,0,0,49,0,4,1015,76,36,64,70,0,8,28,0,4,0,1,1,1,1,160,2,100,0,0,1,3,65,0,0,66,0,4,32,1,75,0,5,40,65,65,3,2792,40,0,1,100,18,84,61,77,0,0,0,0,3,32,32,18,15,31,11,24,19,0,6,6,64,9,41,25,364,0,76,150,1023,10,3,-19,0,0,474
45,5,5,2,2,37,Joe,Reed,87,80,0,0,12,89,0,0,9390,33,9390,90,25,0,0,82,0,1,1,81,0,0,87,2,5,1009,89,41,35,46,0,8,76,0,2,0,0,0,0,0,240,45,100,0,0,1,3,65,0,0,80,0,1,0,1,75,0,5,45,67,88,3,1022,74,0,1,100,18,66,66,62,0,0,0,0,2,24,65,35,12,44,9,11,26,0,3,3,33,2,19,13,87,0,73,64,1023,83,0,-19,0,0,21
45,4,4,4,4,28,Kenny,Robinson Jr,94,87,0,0,15,90,0,2,9391,33,9391,87,24,0,0,85,0,0,0,69,0,0,86,2,6,1009,86,62,35,35,0,8,46,0,0,0,4,4,4,4,254,45,100,0,0,1,3,65,1,0,41,0,1,0,1,75,0,5,46,66,88,3,4945,60,0,1,100,11,57,73,66,5,5,5,5,4,18,76,14,4,14,7,0,9,2,17,17,54,1,13,7,94,0,74,40,1023,37,0,-19,0,0,313
45,3,3,3,3,6,Colton,McKivitz,407,82,0,28,25,70,0,4,9392,15,9392,61,27,0,0,88,1,0,0,35,0,0,56,0,7,1015,89,34,71,64,0,8,6,0,2,0,0,0,0,0,254,45,100,0,0,2,3,36,0,0,68,2,2,28,0,62,0,5,30,64,66,3,2728,32,0,1,100,25,83,62,77,0,0,0,0,3,31,35,18,17,35,10,17,25,0,9,9,36,7,24,29,407,2,78,141,1023,10,3,-19,0,0,125
45,7,7,7,7,6,Trevis,Gipson,535,87,0,32,12,87,0,10,9394,30,9394,83,26,0,1,85,0,4,4,37,0,0,79,2,9,1009,90,80,45,45,0,8,18,0,0,0,0,0,0,0,222,39,100,0,0,1,3,65,0,0,91,2,4,32,1,75,0,5,20,73,82,3,138,34,0,1,100,16,79,83,76,0,0,0,0,6,30,54,11,12,40,11,4,14,0,10,13,46,5,38,26,535,0,76,103,1023,10,0,-19,0,0,223
45,2,2,2,2,6,Keith,Ismael,94,84,0,0,12,69,0,5,9395,7,9395,61,25,0,0,90,0,4,4,26,0,0,52,1,10,1015,84,35,64,68,0,8,9,0,0,0,0,0,0,0,180,45,100,0,0,1,3,65,0,0,67,2,1,0,1,75,0,5,33,61,78,3,3349,20,0,1,100,14,83,58,73,2,2,2,2,44,29,66,39,11,39,6,39,6,0,7,7,36,19,24,21,94,0,75,149,1023,10,1,-19,0,0,183
45,5,5,5,5,6,Daniel,Thomas,361,87,0,32,22,90,2,4,9396,17,9396,89,25,0,1,90,0,0,0,63,0,0,82,2,11,1015,92,67,12,16,0,7,47,0,0,0,4,4,4,4,14,45,100,0,0,1,3,3,0,0,20,2,4,32,0,66,0,5,18,67,88,3,3890,58,0,1,100,17,65,73,66,3,3,3,3,5,22,91,11,6,16,11,4,8,0,17,18,20,4,12,11,361,1,70,55,1023,50,3,-19,0,0,319
45,7,7,7,7,6,Bryce,Hall,534,89,0,32,14,91,0,7,9397,18,9397,88,26,0,1,83,0,0,0,70,0,0,86,2,12,1015,87,71,35,35,0,8,48,0,0,0,6,6,0,0,240,45,100,0,0,1,3,39,0,0,37,0,4,32,0,49,0,5,35,78,90,3,2773,64,0,1,100,15,57,81,80,4,4,7,7,2,18,87,9,4,26,10,7,3,0,16,16,37,4,6,12,534,0,73,42,1023,40,3,-19,0,0,118
45,2,2,2,2,6,Nick,Harris,360,81,0,28,16,74,0,10,9399,5,9399,69,25,0,1,83,0,0,0,26,0,0,63,2,14,1015,84,30,71,68,0,8,5,0,0,0,1,1,0,0,252,45,100,0,0,1,3,51,0,0,53,2,4,28,0,84,0,5,23,67,73,3,653,20,0,1,100,20,82,65,79,6,6,6,6,8,32,37,25,14,31,7,15,26,0,7,7,49,21,37,30,360,0,73,133,1023,10,3,-19,0,0,5
45,6,7,6,7,46,Tyler,Johnson,0,88,0,0,16,91,0,4,9400,1009,9400,88,25,1,0,87,0,0,0,83,0,0,83,1,15,1009,88,37,30,45,0,7,76,0,2,0,0,7,0,7,120,45,100,2,0,0,3,52,0,0,16,2,0,0,0,95,0,5,56,71,86,3,834,72,0,1,100,19,68,70,72,1,4,1,4,3,24,81,1,15,23,7,9,12,0,3,3,21,5,10,5,0,1,73,46,1023,50,0,-19,0,0,92
45,6,6,6,6,6,Khaleke,Hudson,150,82,0,30,19,90,0,5,9401,26,9401,87,26,0,0,92,0,0,0,60,0,0,84,2,16,1015,87,77,45,45,0,8,46,0,0,0,0,0,0,0,117,45,100,0,0,1,3,49,0,0,47,0,1,30,0,74,0,5,25,67,80,3,4932,60,0,1,100,19,68,74,66,6,6,6,6,2,24,84,19,16,22,12,3,20,1,15,18,14,4,8,9,150,0,71,64,1023,10,3,-19,0,0,243
45,5,5,5,5,22,Kindle,Vildor,532,89,0,28,37,90,1,10,9402,30,9402,90,26,0,0,80,0,5,5,68,0,0,90,2,17,1009,92,53,35,35,0,7,49,0,0,0,2,2,2,2,68,30,100,0,0,1,3,65,0,0,22,2,4,28,1,75,0,5,37,70,93,3,155,58,0,1,100,40,56,77,72,3,3,3,3,5,18,88,7,9,9,12,9,0,0,16,16,25,5,6,6,532,0,71,29,1023,60,0,-19,0,0,244
45,4,4,4,4,6,Curtis,Weaver,75,78,0,0,15,86,0,10,9403,33,9403,82,25,0,1,81,0,0,0,61,0,0,81,1,18,1009,84,71,45,45,0,8,31,0,0,0,4,4,4,4,19,45,100,0,0,1,3,42,0,0,54,0,1,0,0,39,0,5,21,64,79,3,1699,58,0,1,100,19,74,72,65,3,3,3,3,3,27,52,6,21,22,11,16,14,1,11,11,34,4,35,26,75,1,74,105,1023,6,0,-19,0,0,499
45,7,7,7,7,10,Collin,Johnson,337,85,0,0,15,90,0,3,9404,33,9404,86,26,0,0,83,0,0,0,83,0,0,84,2,19,1009,86,31,40,59,0,7,71,0,0,0,0,0,0,0,214,45,100,0,0,1,3,50,0,0,15,2,4,0,0,54,0,5,25,69,90,3,3071,73,0,1,100,19,70,70,73,0,0,0,0,4,25,79,6,6,32,11,5,16,0,3,3,31,1,22,14,337,0,78,62,1023,45,3,-19,0,0,229
45,4,4,4,4,15,Quintez,Cephus,0,84,0,0,14,91,3,3,9405,33,9405,88,25,0,0,83,0,4,4,84,0,0,82,2,20,1015,85,42,26,50,0,7,72,0,0,0,2,2,0,0,258,45,100,0,0,0,3,65,0,0,87,0,0,0,1,75,0,5,28,73,93,3,2887,75,0,1,100,17,68,73,77,3,3,5,5,0,24,83,2,6,19,10,8,4,1,3,3,19,2,9,7,0,0,73,48,1023,35,3,-19,0,0,149
45,0,0,0,0,74,Jake,Fromm,0,85,0,0,30,69,0,7,9406,1009,9406,72,25,0,1,92,0,0,0,25,0,0,75,0,21,1009,94,34,15,18,0,8,46,0,2,0,9,9,9,9,70,45,100,0,0,0,3,18,0,0,11,2,0,0,0,87,0,5,82,58,74,3,250,63,0,1,100,44,60,62,61,1,1,5,5,5,20,64,19,14,39,7,2,10,0,0,0,30,4,5,5,0,0,74,55,1023,10,1,-19,0,0,120
45,7,7,7,7,29,John,Hightower,87,78,0,0,13,92,1,4,9407,33,9407,92,27,0,0,78,1,7,7,80,0,0,85,2,22,1009,85,26,23,45,0,8,69,0,0,0,2,2,0,0,19,45,100,0,0,1,3,65,0,0,84,2,1,0,1,75,0,5,39,68,90,3,1732,68,0,1,100,17,49,67,66,3,3,5,5,9,2,93,9,0,14,19,0,1,1,3,3,10,0,6,16,87,0,73,30,1023,79,1,-19,0,0,89
45,3,3,3,3,6,Harrison,Hand,0,86,0,0,16,90,0,10,9408,33,9408,88,25,0,0,80,0,7,7,64,0,0,84,2,23,1009,86,56,35,35,0,8,47,0,0,0,0,0,0,0,208,45,100,0,0,0,3,65,0,0,30,0,0,0,1,75,0,5,23,67,90,3,1871,65,0,1,100,19,60,71,65,0,0,0,0,0,20,83,30,10,11,13,3,6,1,16,16,38,0,3,0,0,0,71,25,1023,40,1,-19,0,0,2
45,7,7,7,7,6,Broderick,Washington Jr,358,73,0,28,13,75,0,7,9409,25,9409,70,27,0,0,88,1,7,7,23,0,0,62,2,24,1015,89,83,55,57,0,8,11,0,0,0,0,0,0,0,217,45,100,0,0,1,1,65,0,0,96,1,4,28,1,75,0,5,27,71,65,3,4903,34,0,1,100,17,83,75,73,6,6,6,6,26,32,21,26,15,38,13,28,29,0,12,12,47,35,33,23,358,0,74,154,1023,10,3,-19,0,0,427
45,7,7,7,7,10,Isaiah,Coulter,87,78,0,0,12,92,3,4,9410,33,9410,91,25,0,0,79,0,0,0,81,0,0,86,2,25,1009,86,25,29,44,0,8,69,0,0,0,0,0,0,0,170,45,100,0,0,1,3,41,0,0,82,2,1,0,0,74,0,5,22,66,86,3,1730,75,0,1,100,16,44,67,63,0,0,0,0,5,12,74,9,6,23,12,0,9,1,3,3,14,4,10,4,87,0,74,38,1023,55,0,-19,0,0,247
45,7,7,7,7,15,Jason,Huntley,0,80,0,0,12,92,3,4,9411,1009,9411,90,25,0,0,82,0,7,7,68,0,0,82,2,26,1009,87,31,42,26,0,7,73,0,0,0,0,0,0,0,144,45,100,0,0,0,3,65,0,0,31,2,0,0,1,75,0,5,27,64,89,3,2884,82,0,1,100,17,66,74,58,7,7,7,7,5,23,73,19,16,19,11,4,19,1,1,1,31,1,7,8,0,0,68,33,1023,83,1,-19,0,0,452
45,5,5,5,5,10,Darnell,Mooney,555,92,0,28,15,93,1,3,9412,1,9412,93,26,0,0,80,0,7,7,90,0,0,83,2,27,1015,88,30,26,58,0,7,75,0,0,0,6,6,0,0,221,35,100,0,0,1,3,65,0,0,11,2,4,28,1,75,0,5,23,81,88,3,73,74,0,1,100,17,51,80,82,3,3,5,5,2,16,97,6,19,44,12,6,14,1,3,3,2,5,5,9,555,0,71,13,1023,60,3,-19,0,0,277
45,5,5,5,5,6,Larrell,Murchison,190,74,0,0,17,69,0,10,9413,24,9413,71,26,0,0,85,0,4,4,39,0,0,58,2,28,1009,86,76,48,45,0,8,34,0,0,0,0,0,2,2,138,40,100,0,0,1,3,65,0,0,52,1,2,0,1,75,0,5,23,65,72,3,2512,58,0,1,100,17,87,72,70,5,5,3,3,6,33,29,18,12,34,12,25,11,0,12,12,41,22,38,22,190,0,74,137,1023,9,1,-19,0,0,278
45,4,4,4,4,31,Kamal,Martin,0,79,0,0,20,87,1,4,9414,33,9414,84,25,2,1,83,0,0,0,57,0,0,80,2,29,1009,83,74,45,45,0,8,41,0,0,0,0,0,0,0,120,45,100,0,0,0,3,15,0,0,47,1,0,0,0,82,0,5,42,67,84,3,4767,58,0,1,100,16,76,75,71,5,5,5,5,2,28,52,2,14,35,13,9,11,0,15,15,2,4,32,11,0,1,75,80,1023,10,2,-19,0,0,303
45,4,4,4,4,10,K.J.,Osborn,528,88,0,24,12,91,0,10,9415,31,9415,90,26,0,0,80,0,4,4,91,0,0,83,2,30,1015,90,39,37,47,0,8,73,0,0,0,2,2,0,0,115,35,100,0,0,1,3,65,0,0,17,2,4,24,1,75,0,5,29,77,87,3,1809,75,0,1,100,18,64,78,80,3,3,0,0,0,22,64,9,9,14,8,6,11,1,3,3,34,2,8,10,528,0,71,43,1023,78,3,-19,0,0,79
45,7,7,2,2,6,Mike,Danna,528,80,0,24,13,85,0,10,9416,9,9416,80,26,0,0,86,0,7,7,31,0,0,75,2,31,1015,91,80,45,45,0,8,27,0,0,0,0,0,0,0,117,39,100,0,0,1,3,65,0,0,51,0,4,24,1,75,0,5,26,74,71,3,1218,31,0,1,100,17,82,81,76,0,0,0,0,6,31,48,11,24,15,11,8,21,0,10,10,26,4,31,25,528,0,74,97,1023,6,3,-19,0,0,92
45,7,7,7,7,10,Justin,Strnad,353,85,0,24,15,85,0,4,9417,4,9417,86,27,0,1,77,1,4,4,60,0,0,82,2,32,1015,86,75,45,45,0,8,18,0,0,0,0,0,0,0,249,45,100,0,0,1,3,65,0,0,40,0,4,24,1,75,0,5,30,64,74,3,560,58,0,1,100,20,71,65,67,7,7,7,7,1,26,59,4,24,35,10,9,21,1,14,14,20,6,26,13,353,0,75,75,1023,30,3,-19,0,0,335
45,7,7,7,7,6,Bradlee,Anae,183,73,0,0,18,81,0,3,9418,33,9418,76,25,0,0,87,0,1,1,34,0,0,73,0,33,1009,86,73,45,45,0,8,19,0,0,0,0,0,0,0,233,45,100,0,0,1,3,25,0,0,50,0,2,0,0,82,0,5,27,66,76,3,1625,36,0,1,100,15,79,72,71,7,7,7,7,4,30,51,15,22,24,11,8,21,0,11,11,10,9,25,21,183,0,75,97,1023,10,1,-19,0,0,246
45,7,7,7,7,6,Hakeem,Adeniji,0,84,0,0,12,72,0,3,9419,1009,9419,67,26,0,0,90,0,0,0,25,0,0,43,2,1,1015,86,36,65,70,0,8,11,0,0,0,0,0,0,0,95,45,100,0,0,0,3,40,0,0,78,0,0,20,0,1,0,6,15,63,82,3,177,40,0,1,100,17,84,61,75,6,6,6,6,3,32,41,18,5,33,13,15,27,0,6,6,42,8,41,26,0,1,76,155,1023,10,3,-19,0,0,225
45,5,5,5,5,6,Netane,Muti,0,83,0,0,28,58,0,3,9420,1009,9420,61,24,0,1,92,0,0,0,17,0,0,63,1,2,1009,83,44,70,74,0,8,22,0,0,0,0,0,0,0,66,45,100,0,0,0,3,28,0,0,54,0,0,6,0,81,0,6,17,71,68,3,2801,40,6,1,100,15,96,66,67,5,5,5,5,25,38,19,26,28,41,8,35,27,0,8,6,61,33,35,22,0,1,75,155,1023,10,1,-19,0,0,139
45,2,2,2,2,6,Michael,Onwenu,547,86,0,20,16,52,0,4,9421,22,9421,55,26,0,0,85,0,0,0,26,0,0,56,2,3,1015,91,25,87,83,0,8,20,0,0,0,1,1,1,1,117,45,100,0,0,1,3,1,0,0,71,0,4,20,0,52,0,6,21,85,65,3,1791,29,0,1,100,15,91,82,86,6,6,6,6,46,35,1,30,6,56,13,33,17,0,8,8,54,53,35,20,547,0,75,190,1023,10,3,-19,0,0,338
45,3,3,3,3,6,Cameron,Brown,349,76,0,16,14,85,0,4,9422,16,9422,83,25,1,0,88,0,0,0,58,0,0,78,2,4,1015,89,75,45,45,1,8,45,0,0,0,0,0,0,0,164,45,100,0,0,1,3,41,0,0,47,1,4,16,0,90,0,6,25,63,85,3,2941,54,0,1,100,19,70,60,61,7,7,7,7,3,25,51,1,19,23,12,7,9,0,14,15,11,1,29,10,349,0,77,73,1023,25,3,-19,0,0,283
45,4,4,4,4,6,Bravvion,Roy,0,75,0,0,11,73,0,10,9423,1009,9423,67,27,0,0,85,1,4,4,41,0,0,57,2,5,1015,90,77,45,45,0,8,21,8,0,0,0,0,0,0,17,40,100,0,0,0,3,65,0,0,93,1,0,16,1,75,0,6,21,65,75,3,4840,42,8,1,100,16,87,72,67,6,6,6,6,20,34,32,27,33,42,7,25,33,0,12,12,54,40,34,28,0,0,73,170,1023,15,3,-19,0,0,112
45,0,0,0,0,6,Blake,Ferguson,348,79,0,16,13,71,0,7,9424,12,9424,70,26,0,0,75,0,4,4,50,0,0,70,0,6,1015,92,57,59,47,0,8,15,0,1,0,0,0,0,0,106,2,100,0,0,1,3,65,0,0,44,0,4,16,1,75,0,6,30,30,76,3,1680,65,0,1,100,13,66,40,62,5,5,5,5,3,23,77,14,14,39,11,4,23,0,7,7,29,4,21,12,348,0,75,80,1023,10,3,-19,0,0,409
45,7,2,7,2,6,Alohi,Gilman,348,89,0,16,17,84,0,7,9425,8,9425,86,26,0,0,92,0,0,0,66,0,0,90,1,7,1015,90,69,35,35,0,8,48,0,0,0,0,8,0,8,152,45,100,0,3,1,3,54,0,0,32,2,4,16,0,58,0,6,26,71,78,3,1096,58,0,1,100,19,63,77,75,0,2,0,2,4,22,90,8,39,36,11,13,8,0,17,17,69,4,11,9,348,0,70,41,1023,45,3,-19,0,0,423
45,4,4,4,4,15,Donovan,Peoples-Jones,519,86,0,16,16,90,3,3,9426,5,9426,90,24,0,0,79,0,4,4,91,0,0,85,2,8,1015,87,32,36,53,0,7,75,0,0,0,0,0,0,0,117,35,100,0,0,1,1,65,0,0,11,2,4,16,1,75,0,6,33,79,94,3,643,74,0,1,100,18,68,79,80,0,0,0,0,1,23,75,4,11,21,12,1,16,0,3,3,29,5,8,9,519,0,74,44,1023,83,3,-19,0,0,276
45,0,0,0,0,30,Tyler,Bass,2145,87,0,510,80,83,0,7,9427,3,9427,76,26,0,1,60,0,4,4,35,0,0,63,0,9,1015,87,29,17,12,0,7,5,0,1,0,0,0,0,0,68,45,100,0,0,5,3,65,0,0,2,0,5,510,1,75,0,6,27,79,65,3,3008,33,0,1,100,96,40,80,68,5,5,5,5,0,10,83,45,18,33,8,5,3,0,19,19,42,4,5,8,2145,0,70,23,1023,10,3,-19,0,0,432
45,0,0,0,0,72,Jake,Luton,0,73,0,0,42,76,0,7,9428,33,9428,74,27,0,0,86,1,4,4,26,0,0,64,0,10,1009,87,24,16,17,0,8,35,0,2,0,0,0,0,0,161,45,100,0,0,0,3,65,0,0,16,2,0,0,1,75,0,6,87,57,71,3,3054,67,0,1,100,47,55,60,53,6,6,6,6,2,18,60,6,9,24,11,1,14,0,0,0,29,10,26,12,0,0,78,64,1023,13,1,-19,0,0,38
45,4,4,4,4,16,Charlie,Woerner,347,84,0,16,13,82,0,4,9429,15,9429,80,26,0,0,90,0,0,0,73,0,0,78,0,11,1015,91,58,61,61,0,8,54,0,2,0,0,0,0,0,70,45,100,0,0,1,3,43,0,0,89,2,4,16,0,7,0,6,34,65,83,3,2689,71,0,1,100,17,77,69,74,4,4,4,4,4,28,59,11,11,26,9,7,19,0,4,4,15,7,36,22,347,0,77,81,1023,57,3,-19,0,0,152
45,0,0,0,0,15,Braden,Mann,347,87,0,16,82,80,0,7,9430,33,9430,78,26,0,0,83,0,4,4,30,0,0,79,0,12,1009,86,44,20,20,0,7,20,0,2,0,0,0,0,0,215,45,100,0,0,1,3,65,0,0,4,0,4,16,1,75,0,6,28,77,76,3,2822,25,0,1,100,94,45,78,62,5,5,5,5,2,12,72,16,22,22,12,17,12,0,20,20,45,5,11,6,347,0,71,38,1023,10,0,-19,0,0,130
45,5,5,5,5,6,Jon,Runyan Jr,519,90,0,16,12,71,0,7,9431,20,9431,70,26,0,1,88,0,2,2,36,0,0,65,0,13,1015,92,30,81,67,0,8,17,0,0,0,0,0,0,0,117,45,100,0,0,1,3,22,0,0,76,2,4,16,0,82,0,6,25,77,75,3,4398,29,0,1,100,17,87,72,84,2,2,2,2,10,32,36,20,22,24,8,16,28,0,8,7,44,8,45,22,519,0,76,147,1023,10,3,-19,0,0,353
45,7,7,6,6,6,Khalil,Davis,0,82,0,0,20,84,0,4,9433,1009,9433,81,27,0,0,78,1,7,7,30,0,0,62,2,15,1009,86,77,48,50,0,8,24,0,0,0,0,0,0,0,142,39,100,0,0,0,3,65,0,0,94,2,0,0,1,75,0,6,30,62,79,3,850,30,0,1,100,20,85,69,58,0,0,0,0,22,49,5,62,47,12,81,69,22,0,10,12,80,81,33,24,0,0,73,148,1023,10,2,-19,0,0,437
45,3,3,3,3,6,Justin,Herron,346,83,0,16,29,62,0,7,9434,23,9434,64,28,0,0,87,1,0,0,32,0,0,47,2,16,22,88,33,69,72,0,8,6,0,0,0,0,0,0,0,249,45,100,0,0,1,3,33,0,0,71,2,4,16,0,52,0,6,28,65,79,3,2953,40,0,1,100,21,84,61,75,3,3,3,3,10,32,48,19,21,28,8,15,8,1,5,5,41,5,33,27,346,1,77,145,1023,10,1,-19,0,0,480
45,7,7,7,7,17,Shaun,Bradley,346,80,0,16,12,90,0,4,9435,33,9435,87,26,0,0,85,0,4,4,58,0,0,80,2,17,1015,90,77,45,45,0,8,38,0,0,0,0,0,0,0,208,45,100,0,0,1,3,65,0,0,54,1,4,16,1,75,0,6,21,61,79,3,1852,60,0,1,100,17,67,71,61,0,0,0,0,3,24,57,3,11,36,8,11,19,1,15,13,39,5,19,14,346,0,73,80,1023,30,3,-19,0,0,295
40,4,4,4,4,6,John,Penisini,0,73,0,0,18,73,0,7,9436,1009,9436,67,26,0,1,94,0,7,7,32,0,0,59,1,18,1009,94,74,45,45,0,8,10,0,0,0,0,0,0,0,233,2,100,0,0,0,3,65,0,0,98,1,0,0,1,75,0,6,25,66,65,3,0,35,0,1,100,20,87,73,68,3,3,3,3,38,34,34,30,2,41,7,30,21,0,12,12,50,43,30,23,0,0,74,175,1023,10,0,-19,0,0,304
45,4,4,4,4,15,Jordan,Fuller,519,89,0,16,17,87,1,10,9438,24,9438,87,25,0,0,86,0,0,0,65,0,0,80,2,20,1015,84,72,35,35,0,8,49,0,0,0,2,2,2,2,156,45,100,0,0,1,3,32,0,0,4,0,4,16,0,95,0,6,32,75,85,3,2654,57,0,1,100,18,59,80,78,3,3,3,3,5,20,71,8,8,14,13,2,10,0,18,18,46,2,9,12,519,0,74,43,1023,55,3,-19,0,0,515
45,3,3,3,3,10,Quez,Watkins,519,86,0,16,12,95,1,4,9439,13,9439,97,25,0,0,78,0,0,0,85,0,0,86,2,21,1015,88,29,27,41,0,7,75,0,0,0,0,0,0,0,194,45,100,0,0,1,3,41,0,0,16,2,4,16,0,89,0,6,24,75,87,3,1741,72,0,1,100,16,41,76,76,3,3,3,3,0,10,91,10,6,20,13,0,6,1,3,3,10,2,7,5,519,0,72,33,1023,79,3,-19,0,0,191
45,7,7,7,7,41,James,Proche,346,85,0,16,13,91,3,3,9440,33,9440,88,27,0,0,84,1,7,7,85,0,0,82,2,22,1015,88,27,33,49,0,7,72,0,2,0,0,0,2,2,192,45,100,0,0,1,3,65,0,0,10,2,4,16,1,75,0,6,61,70,83,3,4993,74,0,1,100,17,61,71,73,0,0,3,3,2,20,77,10,7,9,8,13,2,1,3,3,13,3,5,7,346,0,71,31,1023,77,3,-19,0,0,247
45,2,2,2,2,6,Blake,Brandel,94,79,0,0,27,65,0,7,9442,31,9442,62,26,0,1,92,0,4,4,23,0,0,53,0,24,1015,88,29,67,70,0,8,5,0,0,0,0,0,0,0,161,45,100,0,0,1,3,65,0,0,64,2,1,0,1,75,0,6,25,64,76,3,1835,29,0,1,100,37,85,62,75,6,6,6,6,12,32,38,21,16,29,13,19,31,0,8,5,13,16,36,29,94,0,79,155,1023,10,3,-19,0,0,409
45,4,4,4,4,10,Josh,Metellus,329,86,0,0,15,90,0,10,9444,31,9444,87,25,0,0,85,0,0,0,62,0,0,84,2,26,1015,90,75,35,35,0,8,44,0,0,0,1,1,0,0,117,45,100,0,0,1,3,26,0,0,44,2,4,0,0,75,0,6,20,71,87,3,2485,62,0,1,100,25,66,77,68,2,2,6,6,0,23,66,6,2,34,8,9,31,1,18,17,25,3,10,12,329,0,71,47,1023,50,3,-19,0,0,236
45,7,7,7,7,51,Tyler,Davis,104,82,0,0,13,86,0,4,9445,33,9445,82,26,0,0,86,0,7,7,77,0,0,77,0,27,1015,87,45,56,54,0,7,46,0,0,0,0,0,0,0,71,45,100,0,0,1,3,65,0,0,84,2,1,0,1,75,0,6,61,61,79,3,3107,76,0,1,100,17,74,63,68,0,0,0,0,4,27,49,6,11,31,12,14,0,0,4,4,34,5,40,20,104,0,76,92,1023,45,3,-19,0,0,299
45,5,5,5,5,15,Isaiah,Hodgins,87,87,0,0,15,90,1,3,9446,16,9446,88,25,0,0,80,0,4,4,90,0,0,85,2,28,1009,87,38,33,53,0,7,70,0,0,0,0,0,5,5,161,45,100,0,0,1,3,65,0,0,18,0,1,0,1,75,0,6,26,77,86,3,308,76,0,1,100,19,60,77,80,0,0,0,0,4,21,80,9,10,24,0,3,9,1,3,3,9,0,6,14,87,0,76,41,1023,48,1,-19,0,0,414
45,2,2,0,0,6,Jake,Hanson,94,81,0,0,16,55,0,9,9447,33,9447,56,26,0,0,88,0,0,0,29,0,0,59,0,29,1015,90,35,65,63,0,8,8,0,2,0,1,1,1,1,160,45,100,0,0,1,3,33,0,0,67,2,1,0,0,4,0,6,17,58,71,3,4489,28,0,1,100,19,85,56,72,5,5,5,5,10,32,46,25,31,21,8,25,19,0,7,7,103,8,26,30,94,0,76,136,1023,10,3,-19,0,0,418
45,3,3,3,3,6,Prince,Tega Wanogho,186,79,0,40,6,68,0,3,9449,9,9449,73,26,0,0,89,0,1,1,35,0,0,62,2,31,1009,83,47,69,65,0,8,5,0,0,0,2,2,0,0,14,45,100,0,0,1,3,7,0,0,76,2,1,40,0,6,0,6,10,61,76,3,1750,32,0,1,100,13,83,56,62,3,3,3,3,3,32,35,15,5,25,9,16,10,0,5,5,60,4,33,27,186,0,77,148,1023,10,2,-19,0,0,448
11,2,2,2,2,10,Isaiah,Rodgers,515,90,0,12,34,93,1,7,9450,33,9450,94,25,0,0,80,0,4,4,70,0,0,90,2,32,1015,87,59,25,25,0,7,49,0,0,0,0,0,0,0,112,30,100,0,0,1,3,65,0,0,34,2,4,12,1,75,0,6,26,79,92,3,1489,56,0,1,100,44,50,81,77,7,7,7,7,0,15,98,6,13,29,11,15,4,0,16,16,48,3,8,5,515,0,70,10,1023,87,3,-19,0,0,84
45,7,7,7,7,10,Dezmon,Patmon,102,82,0,1,15,91,0,2,9451,33,9451,89,25,0,0,84,0,4,4,80,0,0,79,2,33,1015,87,43,29,39,0,7,70,0,0,0,0,0,0,0,251,45,100,0,0,1,3,65,0,0,19,2,1,1,1,75,0,6,25,64,85,3,1425,75,0,1,100,17,65,65,65,0,0,0,0,4,22,69,7,3,14,11,6,7,1,3,3,13,4,23,14,102,0,76,65,1023,30,1,-19,0,0,40
45,4,4,4,4,10,Freddie,Swain,190,84,0,0,12,91,1,4,9453,33,9453,91,25,0,0,78,0,4,4,85,0,0,84,2,35,1009,92,26,31,47,0,7,67,0,0,0,0,0,0,0,62,45,100,0,0,1,3,65,0,0,88,2,2,0,1,75,0,6,24,68,84,3,4192,72,0,1,100,18,60,70,68,0,0,0,0,0,20,92,6,11,7,9,10,14,3,3,3,29,4,7,10,190,0,72,39,1023,77,3,-19,0,0,100
45,5,5,5,5,6,Markus,Bailey,340,84,0,8,21,87,0,3,9454,2,9454,82,26,0,0,89,0,0,0,60,0,0,80,1,1,1015,85,79,45,45,0,8,33,0,0,0,1,1,1,1,169,45,100,0,0,1,3,48,0,0,51,1,4,8,0,96,0,7,20,66,77,3,228,57,0,1,100,34,74,67,67,6,6,6,6,3,27,62,4,19,37,7,2,23,2,14,14,36,4,29,14,340,0,72,75,1023,10,3,-19,0,0,43
45,7,7,7,7,10,Kamren,Curl,536,91,0,8,17,90,1,10,9455,26,9455,86,24,0,0,89,0,7,7,65,0,0,83,2,2,1015,93,84,35,35,0,7,51,0,0,0,0,0,0,0,10,45,100,0,0,1,3,65,0,0,31,0,4,8,1,75,0,7,20,83,83,3,4917,55,0,1,100,22,68,90,84,0,0,0,0,4,24,75,9,13,9,7,14,11,1,18,16,43,0,8,7,536,0,74,38,1023,59,3,-19,0,0,13
45,7,7,7,7,51,Jauan,Jennings,94,84,0,0,17,88,0,7,9456,15,9456,86,26,0,0,78,0,0,0,83,0,0,78,2,3,1015,88,30,34,59,0,7,82,0,0,0,0,0,0,0,211,45,100,0,0,1,3,51,0,0,15,0,1,0,0,70,0,7,66,74,90,3,2663,72,0,1,100,18,75,73,81,0,0,0,0,1,26,70,8,11,9,9,0,8,1,3,3,10,2,13,7,94,0,75,52,1023,33,3,-19,0,0,280
45,4,4,4,4,6,Carter,Coughlin,340,80,0,8,12,88,0,3,9457,16,9457,87,26,0,0,85,0,0,0,48,0,0,76,0,4,1015,86,77,45,45,0,8,14,0,2,0,0,0,2,2,120,45,100,0,0,1,3,34,0,0,52,2,4,8,0,7,0,7,17,62,85,3,2858,44,0,1,100,16,71,65,66,0,0,3,3,3,26,60,19,11,19,10,11,7,0,14,13,29,4,27,11,340,0,75,76,1023,10,3,-19,0,0,418
45,7,7,7,7,25,Geno,Stone,116,88,0,15,22,90,1,3,9458,25,9458,86,24,0,1,89,0,4,4,68,0,0,87,2,5,1015,88,66,12,16,0,7,49,0,0,0,0,0,0,0,89,45,100,0,0,1,3,65,0,0,26,0,1,15,1,75,0,7,42,72,81,3,4817,65,0,1,100,17,58,75,73,5,5,5,5,4,19,82,3,16,29,9,12,9,0,18,18,41,4,6,9,116,0,71,49,1023,55,3,-19,0,0,316
45,4,4,4,4,6,Stantley,Thomas-Olivr,0,87,0,0,12,91,2,10,9460,1009,9460,90,25,0,1,79,0,7,7,70,0,0,87,2,7,1015,87,52,35,44,0,7,60,0,0,0,5,5,5,5,297,45,100,0,0,0,3,65,0,0,27,2,0,8,1,75,0,7,10,65,84,3,4885,58,0,1,100,15,59,72,60,4,4,4,4,1,20,79,11,14,35,13,15,11,0,16,16,12,2,10,11,0,0,72,30,1023,40,3,-19,0,0,431
45,6,7,6,7,32,Eno,Benjamin,339,82,0,8,12,88,0,7,9461,33,9461,88,24,0,1,85,0,0,0,68,0,0,85,1,8,1009,87,26,52,33,0,7,78,0,0,0,8,0,8,0,9,45,100,3,2,1,3,27,0,0,26,1,4,8,0,77,0,7,39,71,91,3,887,88,0,1,100,16,67,80,70,0,4,0,4,3,24,78,42,29,48,9,29,1,1,1,1,22,4,13,7,339,0,69,47,1023,65,1,-19,0,0,292
45,3,3,3,3,6,Chris,Claybrooks,339,88,0,8,13,93,2,10,9462,33,9462,94,25,0,0,88,0,7,7,73,0,0,92,2,9,1015,88,51,35,35,0,8,69,0,0,0,5,5,5,5,114,30,100,0,0,1,3,65,0,0,6,2,4,8,1,75,0,7,26,68,87,3,3587,67,0,1,100,14,50,75,61,4,4,4,4,4,15,79,11,9,36,10,1,11,1,16,16,12,0,11,2,339,0,69,19,1023,84,3,-19,0,0,294
45,5,5,5,5,6,Kenny,Willekes,87,74,0,0,22,81,0,7,9464,33,9464,77,26,0,1,84,0,0,0,42,0,0,72,0,11,1015,87,81,45,45,0,8,27,0,0,0,1,1,5,5,118,45,100,0,0,1,3,5,0,0,48,0,1,0,0,79,0,7,27,64,79,3,1846,52,0,1,100,23,84,71,62,5,5,4,4,6,32,57,16,25,22,8,6,30,1,10,11,10,5,39,25,87,0,75,104,1023,10,3,-19,0,0,359
45,6,6,6,6,5,Arlington,Hambright,87,81,0,0,12,73,2,5,9465,33,9465,73,27,0,1,85,1,7,7,29,0,0,71,2,12,1009,86,40,62,63,0,8,13,0,0,0,0,0,1,1,41,45,100,0,0,1,3,65,0,0,64,2,1,0,1,75,0,7,16,59,71,3,136,24,0,1,100,18,84,55,63,6,6,6,6,8,32,42,20,23,33,9,17,27,0,6,5,95,6,24,29,87,0,77,140,1023,10,1,-19,0,0,384
45,5,5,5,5,6,Lachavious,Simmons,199,81,0,0,16,58,0,3,9466,33,9466,62,27,0,0,85,1,2,2,28,0,0,56,2,13,1015,87,37,62,64,0,8,7,0,2,0,0,0,0,0,212,45,100,0,0,2,3,65,0,0,73,0,2,0,1,75,0,7,26,58,69,3,137,24,0,1,100,20,86,51,65,0,0,0,0,11,33,36,21,46,29,11,23,24,1,5,5,48,22,24,30,199,0,77,155,1023,10,1,-19,0,0,222
45,3,3,5,5,6,James,S-Williams,339,78,0,8,15,88,1,3,9468,26,9468,85,26,0,0,79,0,0,0,35,0,0,72,2,15,1015,86,78,45,45,0,8,17,0,0,0,0,0,0,0,138,39,100,0,0,1,3,65,0,0,96,1,4,8,1,75,0,7,20,70,78,3,4908,35,0,1,100,19,83,77,65,5,5,5,5,3,32,41,12,1,21,12,9,16,0,10,10,46,4,38,25,339,0,76,105,1023,10,3,-19,0,0,319
45,0,0,0,0,66,Ben,DiNucci,0,79,0,0,39,85,0,7,9470,1009,9470,80,27,0,0,88,1,0,0,25,0,0,78,0,17,1009,91,27,16,23,0,8,61,0,0,0,0,0,2,2,91,45,100,0,0,0,3,65,0,0,11,1,0,0,1,75,0,7,85,53,75,3,1582,62,0,1,100,52,62,54,45,5,5,3,3,5,22,80,3,9,15,8,4,9,0,0,0,15,5,10,7,0,0,74,49,1023,19,0,-19,0,0,485
45,7,7,7,7,6,Carlos,Davis,0,68,0,0,21,83,0,1,9471,33,9471,78,27,0,0,79,1,2,2,30,0,0,61,2,18,1015,83,78,47,50,1,8,10,0,0,0,3,3,3,3,142,40,100,0,0,0,3,65,0,0,73,0,0,0,1,75,0,7,29,63,76,3,1717,40,0,1,100,26,85,70,62,0,0,0,0,39,32,17,21,19,38,10,28,27,0,10,12,85,31,44,24,0,0,74,160,1023,15,3,-19,0,0,482
45,5,5,5,5,6,Casey,Toohill,338,77,0,0,14,89,0,7,9472,26,9472,85,27,0,0,85,1,0,0,50,0,0,81,1,19,1009,89,80,45,45,0,8,16,0,0,0,0,0,0,0,200,45,100,0,0,1,3,65,0,0,95,2,4,0,1,75,0,7,18,67,89,3,1812,43,0,1,100,17,75,74,58,6,6,6,6,4,28,52,0,11,29,11,19,21,0,11,13,51,1,40,22,338,0,77,94,1023,10,3,-19,0,0,150
45,5,5,5,5,6,Clay,Johnston,0,84,0,0,20,87,0,7,9473,33,9473,83,27,0,0,87,1,0,0,57,0,0,81,0,20,1009,83,78,45,45,0,8,30,0,0,0,0,0,0,0,17,45,100,0,0,0,3,65,0,0,44,1,0,0,1,75,0,7,25,64,82,3,2873,60,0,1,100,20,68,65,65,0,0,0,0,2,24,69,9,9,54,13,9,24,0,14,14,34,10,22,10,0,0,73,72,1023,10,3,-19,0,0,152
45,7,7,7,7,6,Jashon,Cornell,0,67,0,0,17,79,2,7,9474,33,9474,75,27,0,0,86,1,1,1,26,0,0,65,2,21,1015,86,75,44,45,0,8,10,0,0,0,0,0,0,0,156,45,100,0,0,0,3,65,0,0,96,0,0,0,1,75,0,7,23,59,68,3,2988,42,0,1,100,17,82,66,55,3,3,3,3,8,31,31,18,19,20,9,23,13,1,12,12,29,10,31,28,0,0,75,137,1023,9,3,-19,0,0,445
45,3,3,7,7,6,Vernon,Scott,0,86,0,0,21,90,1,4,9475,33,9475,88,26,2,1,75,0,2,2,63,0,0,82,2,22,1015,85,65,35,35,0,7,42,0,0,0,4,4,4,4,207,45,100,0,0,1,3,65,0,0,36,0,1,0,1,75,0,7,22,63,86,3,4783,57,0,1,100,21,65,69,62,5,5,5,5,3,22,69,9,9,19,12,4,14,1,18,17,41,0,11,8,87,0,74,42,1023,40,3,-19,0,0,1
45,5,5,5,5,6,Bopete,Keyes,94,88,0,0,17,90,0,5,9476,33,9476,87,26,0,0,83,0,2,2,64,0,0,83,2,23,1009,86,52,33,34,0,8,52,0,0,0,0,0,0,0,221,45,100,0,0,1,3,65,0,0,30,2,1,0,1,75,0,7,27,62,87,3,1352,60,0,1,100,18,64,68,58,0,0,0,0,2,22,83,15,36,27,7,6,23,0,16,16,19,0,13,5,94,0,73,42,1023,30,1,-19,0,0,376
45,3,3,3,3,32,Dane,Jackson,201,90,0,100,34,90,3,4,9478,3,9478,87,27,0,1,85,1,4,4,65,0,0,87,2,25,1015,90,58,35,35,0,7,56,0,0,0,0,0,0,0,166,45,100,3,3,1,1,27,0,0,30,2,1,100,0,62,0,7,50,73,84,3,362,65,0,1,100,44,54,75,76,0,0,0,0,2,17,85,10,0,40,11,10,5,0,16,16,5,0,11,6,201,0,71,20,1023,50,3,-19,0,0,85
45,5,5,7,7,32,Chapelle,Russell,94,74,0,0,20,85,0,4,9480,33,9480,84,26,0,0,81,0,2,2,51,0,0,79,2,27,1009,87,77,45,45,0,8,42,0,2,0,0,0,0,0,208,45,100,0,0,1,1,65,0,0,49,0,1,0,1,75,0,7,41,63,84,3,864,57,0,1,100,20,69,62,62,0,0,0,0,1,24,79,0,17,50,13,7,4,0,14,15,66,4,26,13,94,0,74,76,1023,15,1,-19,0,0,338
45,5,5,5,5,6,Jonathan,Garvin,337,76,0,8,11,83,0,10,9481,33,9481,78,24,0,0,89,0,2,2,43,0,0,76,2,28,1015,90,78,45,45,0,8,19,0,2,0,0,0,0,0,115,45,100,6,6,1,3,65,0,0,53,1,4,8,1,75,0,7,23,65,76,3,4672,37,0,1,100,16,76,72,69,0,0,0,0,4,28,46,4,9,24,12,2,20,2,15,10,23,7,18,21,337,0,76,97,1023,10,3,-19,0,0,225
45,5,5,5,5,6,Chris,Jackson,183,89,0,0,15,94,0,4,9482,33,9482,90,25,0,0,88,0,0,0,64,0,0,85,2,29,1015,84,61,41,35,0,7,55,0,0,0,0,0,0,0,110,45,100,3,3,1,1,65,0,0,35,2,2,0,1,75,0,7,30,69,86,3,2532,65,0,1,100,15,59,75,68,0,0,0,0,0,20,69,14,9,16,9,8,14,0,16,16,21,2,9,9,183,0,70,33,1023,35,3,-19,0,0,61
45,0,0,0,0,66,Nate,Stanley,0,76,0,0,43,81,0,4,9483,33,9483,77,26,0,0,91,0,0,0,27,0,0,75,0,30,1015,90,40,17,21,0,8,30,0,4,0,0,0,0,0,89,45,100,0,0,0,3,6,0,0,0,2,0,0,0,81,0,7,86,53,71,3,1798,65,0,1,100,53,61,60,61,1,1,6,6,5,20,62,10,16,26,11,0,16,1,0,0,10,2,18,14,0,0,76,75,1023,14,3,-19,0,0,413
45,3,3,3,3,6,Tremayne,Anchrum Jr,337,79,0,8,13,66,0,3,9489,24,9489,65,25,0,0,85,0,0,0,20,0,0,57,2,36,1015,82,24,64,64,0,8,14,0,0,0,0,0,0,0,38,45,100,0,0,1,3,65,0,0,72,2,4,8,1,75,0,7,16,60,63,3,1739,25,0,1,100,17,84,56,68,5,5,5,5,27,32,15,32,19,35,9,23,33,0,6,6,31,34,34,22,337,0,74,154,1023,10,3,-19,0,0,235
45,4,4,4,4,23,Stephen,Sullivan,94,78,0,0,18,86,3,3,9490,33,9490,84,27,0,0,82,1,0,0,77,0,0,81,2,37,1009,87,71,49,55,0,7,61,0,2,0,0,0,2,2,106,45,100,0,0,1,3,65,0,0,84,1,1,0,1,75,0,7,36,64,86,3,2885,75,0,1,100,19,69,62,59,0,0,3,3,7,24,67,16,24,33,7,10,16,1,4,4,16,2,32,21,94,0,77,85,1023,50,2,-19,0,0,309
45,7,7,7,7,10,Tyrie,Cleveland,101,81,0,0,10,93,0,10,9491,33,9491,90,26,0,0,79,0,0,0,79,0,0,82,2,38,1015,86,31,39,46,0,7,66,0,0,0,0,0,0,0,62,45,100,0,0,1,3,13,0,0,85,2,1,0,0,88,0,7,22,64,86,3,422,75,0,1,100,16,59,67,67,0,0,0,0,5,20,63,1,8,30,8,1,11,0,3,3,10,4,12,11,101,0,74,45,1023,70,1,-19,0,0,424
45,2,2,2,2,6,Kyle,Hinton,92,81,0,5,25,78,0,4,9492,14,9492,76,25,2,1,86,0,2,2,39,0,0,61,2,39,1009,89,37,61,62,0,8,5,0,0,0,0,0,0,0,338,45,100,5,5,1,3,65,0,0,68,2,1,5,1,75,0,7,30,59,83,3,1833,40,0,1,100,25,87,54,61,0,0,0,0,19,31,68,21,22,44,34,31,18,0,8,8,31,31,16,16,92,0,74,155,1023,10,0,-19,0,0,222
45,7,7,7,7,6,Derrek,Tuszka,0,74,0,0,41,86,0,9,9493,33,9493,79,27,0,0,87,1,1,1,62,0,0,88,0,40,1009,89,72,45,45,0,8,39,0,1,0,0,0,0,0,315,45,100,0,0,0,3,65,0,0,59,2,0,0,1,75,0,7,29,60,81,3,536,59,0,1,100,45,78,64,52,7,7,7,7,7,29,46,0,14,21,10,9,11,1,15,11,31,6,30,25,0,0,77,86,1023,20,1,-19,0,0,3
45,5,5,5,5,6,Tae,Crowder,101,92,0,0,18,88,1,2,9494,33,9494,83,26,2,1,86,0,0,0,62,0,0,80,2,41,1009,89,80,45,45,0,8,49,0,0,0,9,9,9,9,70,45,100,0,0,1,3,65,0,0,54,1,1,0,1,75,0,7,25,70,80,3,2860,58,0,1,100,20,76,70,71,6,6,6,6,4,28,63,9,21,31,12,12,13,0,14,15,39,3,18,13,101,0,73,75,1023,14,0,-19,0,0,433
45,6,4,6,4,35,Jonathan,Ward,190,83,0,0,15,92,0,10,9499,33,9499,89,26,0,1,80,0,0,0,66,0,0,86,1,63,1009,86,33,40,28,0,8,75,0,0,0,0,0,0,0,33,45,100,2,2,1,3,41,0,0,33,1,2,0,0,78,0,15,42,65,81,3,2582,80,0,1,100,18,66,46,58,0,0,0,0,3,23,69,26,31,34,11,30,24,0,2,1,5,1,5,7,190,0,72,42,1023,70,1,-19,0,0,386
45,7,7,7,7,15,Binjimen,Victor,0,82,0,0,15,86,0,4,9500,33,9500,86,26,0,0,78,0,0,0,79,0,0,80,1,63,1009,88,26,35,49,0,8,70,0,0,0,0,0,0,0,156,45,100,0,0,0,3,37,0,0,81,0,0,0,0,90,0,15,28,61,84,3,2673,70,0,1,100,19,57,64,66,0,0,0,0,5,16,54,10,21,26,17,0,15,1,3,3,10,0,15,6,0,0,76,38,1023,45,2,-19,0,0,449
45,2,1,2,1,15,Jared,Pinkney,0,81,0,0,12,81,0,7,9501,33,9501,74,26,0,0,79,0,0,0,76,0,0,72,1,63,1009,87,30,58,58,0,8,58,0,0,0,8,0,8,0,238,45,100,2,2,0,3,16,0,0,46,2,0,0,0,81,0,15,26,58,82,3,2693,69,0,1,100,15,76,59,57,0,0,0,0,4,28,42,57,19,15,11,21,27,0,2,4,62,8,37,20,0,0,76,97,1023,30,1,-19,0,0,176
45,3,5,3,5,6,Yasir,Durant,199,80,0,0,14,55,0,7,9505,33,9505,55,25,0,0,85,0,0,1,31,0,0,55,1,63,1009,86,32,64,63,0,8,7,0,0,0,0,2,0,2,122,45,100,0,0,2,3,0,0,0,79,0,2,0,0,70,0,15,17,58,64,3,2730,24,0,1,100,17,82,52,66,2,0,2,0,9,31,25,19,5,23,8,25,10,0,8,5,60,23,31,27,199,0,78,170,1023,10,1,-19,0,0,5
45,3,3,3,3,6,Darryl,Williams,0,79,0,0,14,70,0,7,9506,1009,9506,65,26,0,0,90,0,0,0,20,0,0,55,1,63,1009,86,28,61,63,0,8,8,0,0,0,6,0,6,0,121,45,100,0,0,0,3,44,0,0,60,2,0,0,0,68,0,15,26,56,65,3,2759,28,0,1,100,15,82,54,70,2,2,2,2,16,22,9,75,48,41,38,27,23,0,7,6,54,2,52,31,0,0,74,144,1023,10,1,-19,0,0,436
45,3,3,3,3,6,John,Molchon,157,79,0,0,25,70,0,4,9507,33,9507,67,26,0,0,84,0,0,1,45,0,0,56,1,63,1009,86,35,64,61,0,8,30,0,2,0,6,0,6,0,19,45,100,0,0,1,3,23,0,0,75,0,2,0,0,75,0,15,30,55,82,3,2761,45,0,1,100,25,84,52,60,2,2,2,2,9,31,33,23,31,20,9,19,28,0,8,6,50,10,36,23,157,0,77,149,1023,10,3,-19,0,0,171
45,0,0,0,0,6,Malcolm,Roach,101,73,0,0,25,81,0,4,9509,27,9509,75,25,0,0,80,0,0,0,49,0,0,65,1,63,1009,81,77,50,48,0,8,25,0,0,0,0,0,0,0,214,45,100,0,0,1,3,40,0,0,97,1,1,0,0,78,0,15,26,67,74,3,2879,40,0,1,100,25,83,74,70,0,0,0,0,10,32,29,22,0,21,9,18,0,0,12,11,0,6,37,23,101,0,74,130,1023,11,3,-19,0,0,197
45,5,6,5,6,6,Joe,Bachie,116,85,0,7,20,89,0,7,9510,2,9510,83,25,0,0,90,0,0,0,60,0,0,80,1,63,1009,84,82,47,48,0,8,39,0,2,0,0,0,0,0,118,45,100,2,0,1,3,37,0,0,49,1,1,7,0,31,0,15,22,65,81,3,2913,61,0,1,100,16,76,73,61,0,2,0,2,4,28,63,37,20,22,10,1,9,3,15,14,23,0,16,14,116,1,73,71,1023,10,3,-19,0,0,107
45,4,4,4,4,6,J.R.,Reed,0,87,0,0,24,91,0,5,9512,33,9512,87,27,0,1,82,1,0,0,66,0,0,84,1,63,1009,89,67,25,18,0,8,49,0,0,0,0,0,0,0,70,45,100,1,5,0,3,39,0,0,37,0,0,0,0,65,0,15,27,64,82,3,3002,61,0,1,100,22,61,69,58,4,3,4,3,4,20,92,16,13,49,11,0,7,0,17,18,23,1,9,6,0,0,73,34,1023,35,2,-19,0,0,495
45,6,4,6,4,10,Mitchell,Wilcox,0,80,0,0,13,79,0,7,9513,2,9513,76,27,0,0,84,1,0,0,74,0,0,72,1,63,1009,89,33,62,62,0,8,59,0,2,0,0,0,0,0,232,45,100,0,0,1,3,32,0,0,84,2,1,2,0,71,0,15,21,58,76,3,2700,68,0,1,100,19,71,63,61,0,4,0,4,7,26,39,24,29,18,13,29,22,1,2,4,77,5,33,21,104,0,76,90,1023,15,3,-19,0,0,166
45,3,5,3,5,6,Calvin,Throckmorton,94,87,0,0,21,55,0,4,9519,21,9519,53,27,0,0,93,1,0,1,39,0,0,51,1,63,1009,90,49,67,69,0,8,31,0,2,0,0,2,0,2,160,45,100,0,0,1,3,50,0,0,76,0,1,0,0,95,0,15,30,65,68,3,2810,30,0,1,100,22,84,60,75,2,0,2,0,7,32,42,23,5,26,10,23,10,0,8,9,60,5,40,30,94,1,77,149,1023,10,3,-19,0,0,305
45,6,4,6,3,6,Alex,Taylor,157,78,0,0,12,71,0,4,9523,33,9523,69,26,0,0,86,0,0,0,22,0,0,59,1,63,1009,86,27,60,58,0,8,13,0,0,0,0,2,0,2,179,45,100,0,0,1,3,23,0,0,69,2,2,0,0,84,0,15,12,51,64,3,2798,30,0,1,100,10,82,44,50,3,3,3,3,53,15,26,34,32,33,14,14,5,0,5,7,51,4,46,7,157,0,80,141,1023,10,1,-19,0,0,374
45,0,0,0,0,6,Benito,Jones,94,77,0,0,20,70,0,4,9525,19,9525,64,26,0,0,93,0,0,0,37,0,0,52,1,63,1009,85,78,45,45,0,8,17,0,0,0,0,0,0,0,159,45,100,0,0,1,3,27,0,0,94,1,1,0,0,98,0,15,23,62,67,3,2868,25,0,1,100,20,85,67,62,0,0,0,0,37,32,34,29,0,45,11,26,0,0,12,12,0,44,45,24,94,0,73,156,1023,10,1,-19,0,0,417
45,0,0,0,0,22,Blake,Gillikin,0,81,0,0,89,78,0,7,9527,1009,9527,74,25,0,0,60,0,0,0,35,0,0,64,1,63,1009,85,28,9,7,0,7,10,0,4,0,0,0,0,0,164,45,100,1,1,0,1,4,0,0,5,0,0,30,0,81,0,15,40,78,80,3,3017,30,0,1,100,95,49,80,61,0,0,0,0,0,14,86,16,21,32,7,17,19,0,20,20,49,0,10,5,0,1,74,36,1023,10,3,-19,0,0,359
45,0,0,0,0,75,Case,Cookus,0,89,0,0,11,76,0,7,9528,33,9528,76,28,0,0,80,1,0,0,28,0,0,82,1,63,1009,89,17,23,17,0,8,43,0,2,0,0,0,0,0,133,18,100,2,3,0,3,48,0,0,5,2,0,0,0,76,0,15,91,68,72,3,1141,57,0,1,100,26,74,63,50,1,1,2,0,8,8,91,36,16,21,5,8,10,0,0,0,18,9,16,10,0,1,76,75,1023,0,2,-19,0,0,12
45,7,5,7,5,6,Christian,Rozeboom,94,81,0,0,20,88,0,9,9530,24,9530,83,26,0,0,84,0,0,1,63,0,0,78,1,63,1009,88,80,45,45,0,8,30,0,2,0,1,0,1,0,177,45,100,3,3,1,3,51,0,0,56,1,1,0,0,99,0,15,22,63,80,3,2934,50,0,1,100,16,67,64,63,1,2,1,2,5,24,59,5,50,23,10,24,21,0,14,15,14,2,23,10,94,1,74,70,1023,10,3,-19,0,0,305
45,2,7,2,7,40,Jalen,Elliott,87,84,0,0,11,83,0,7,9535,33,9535,81,25,0,0,79,0,0,0,67,0,0,87,1,63,1009,91,63,33,35,0,8,65,0,0,0,0,9,0,9,152,45,100,0,0,1,3,55,0,0,40,2,1,0,0,60,0,15,49,56,82,3,3001,65,0,1,100,20,61,61,56,3,4,3,4,2,9,108,1,14,59,8,26,0,0,18,17,39,8,4,17,87,1,72,46,1023,59,1,-19,0,0,378
45,2,2,2,2,6,Joe,Gaziano,101,75,0,0,33,82,0,4,9538,14,9538,70,27,0,0,86,1,1,1,42,0,0,67,1,63,1009,89,77,45,45,0,8,15,0,0,0,9,9,9,9,151,45,100,0,0,1,3,19,0,0,99,0,1,0,0,81,0,15,35,62,79,3,2845,44,0,1,100,38,81,63,55,5,5,5,5,5,30,46,18,25,20,13,24,30,0,10,10,10,6,34,23,101,0,76,120,1023,10,0,-19,0,0,308
45,3,4,3,4,10,Myles,Dorn,94,86,0,0,14,89,2,10,9541,33,9541,88,25,0,0,84,0,0,2,65,0,0,82,1,63,1009,89,61,20,25,0,7,54,8,0,0,0,0,0,0,135,32,100,2,3,1,3,51,0,0,33,1,1,0,0,54,0,15,26,61,85,3,3004,66,0,1,100,15,66,69,61,0,4,0,4,0,24,70,43,31,17,10,26,22,1,17,18,21,0,6,6,94,1,74,45,1023,40,0,-19,0,0,74
45,7,7,7,7,6,Raequan,Williams,0,69,0,0,21,72,1,10,9543,1009,9543,71,26,0,0,83,0,0,0,28,0,0,62,1,63,1009,88,76,45,45,0,8,12,0,0,0,0,0,0,0,118,45,100,0,0,0,3,51,0,0,92,2,0,0,0,60,0,15,24,60,65,3,2878,37,0,1,100,19,77,62,58,5,5,5,5,4,33,36,16,25,29,10,17,14,1,12,12,51,10,30,26,0,0,76,145,1023,10,1,-19,0,0,115
45,5,3,5,3,36,Tino,Ellis,75,81,0,0,13,88,0,3,9546,33,9546,90,26,0,1,75,0,1,0,64,0,0,88,3,63,1009,68,49,21,41,0,7,28,0,4,0,0,9,0,9,111,45,100,0,3,1,3,2,0,0,34,2,1,0,0,69,0,15,26,72,83,3,2977,59,0,1,100,19,60,65,50,4,0,4,0,1,18,72,1,28,25,7,16,5,0,16,16,34,0,5,10,75,0,73,35,1023,29,3,-19,0,0,468
45,2,2,2,2,7,De'Jon,Harris,0,82,0,0,14,82,0,4,9548,1009,9548,83,26,0,0,88,0,0,0,57,0,0,73,1,63,1009,90,81,45,45,0,8,45,0,0,0,9,9,9,9,10,45,100,0,0,0,3,58,0,0,45,2,0,0,0,73,0,15,25,60,80,3,2912,55,0,1,100,15,72,65,55,5,5,5,5,4,28,69,13,19,24,13,3,12,0,13,14,10,9,15,14,0,0,72,71,1023,10,2,-19,0,0,417
45,0,0,0,0,41,Tommy,Townsend,262,88,0,0,86,86,0,9,9550,9,9550,81,27,0,0,58,1,0,0,20,0,0,65,1,63,1009,82,35,11,14,0,8,12,0,2,0,0,0,0,0,62,45,100,1,1,1,1,4,0,0,5,0,1,0,0,81,0,15,58,83,58,3,1354,40,0,1,100,97,43,84,71,0,0,0,0,3,12,72,40,29,32,8,17,19,0,20,20,49,4,5,4,262,1,73,31,1023,10,3,-19,0,0,403
45,6,6,6,6,15,Darius,Anderson,0,82,0,0,14,91,0,4,9551,33,9551,86,26,0,0,84,0,0,0,66,0,0,87,1,63,1009,86,40,43,40,0,7,75,0,2,0,0,9,0,9,207,45,100,0,0,0,3,32,0,0,30,1,0,0,0,5,0,15,27,64,86,3,1583,85,0,1,100,19,66,74,56,0,0,0,0,6,15,35,38,34,16,79,33,43,0,1,1,6,3,41,5,0,0,71,35,1023,76,2,-19,0,0,236
45,6,7,6,7,21,Reggie,Gilliam,549,87,0,99,12,89,0,10,9552,3,9552,86,26,0,1,86,0,0,0,74,0,0,82,1,63,1009,88,49,67,66,0,7,61,0,2,0,0,0,0,0,218,45,100,2,2,2,3,26,0,0,41,1,3,99,0,98,0,15,34,76,85,3,3210,70,0,1,100,17,76,78,77,4,0,4,0,4,28,61,28,37,35,8,30,44,0,2,2,2,3,24,25,549,0,72,84,1023,38,3,-19,0,0,435
45,5,2,5,2,6,Del'Shawn,Phillips,111,82,0,10,14,83,0,10,9553,25,9553,85,27,0,0,83,1,1,1,65,0,0,78,1,63,1009,88,77,45,45,0,8,43,0,0,0,0,0,0,0,84,45,100,0,2,1,3,71,0,0,53,1,1,10,0,82,0,15,25,61,86,4,3221,58,0,1,100,15,72,60,58,4,1,4,1,3,26,75,4,16,26,10,17,25,0,14,15,19,0,16,14,111,0,74,70,1023,10,1,-19,0,0,238
45,2,2,2,2,16,Jacob,Bobenmoyer,381,81,0,0,19,87,0,6,9554,23,9554,78,26,0,0,90,0,5,5,52,0,0,73,2,63,1009,90,69,48,53,0,8,43,0,2,0,0,0,0,0,136,45,100,0,0,3,3,65,0,0,50,2,3,0,1,75,0,15,27,31,76,3,3230,40,0,1,100,21,68,39,59,0,0,0,0,4,24,65,75,5,71,7,64,30,0,7,7,7,9,22,11,381,0,74,75,1023,18,0,-19,0,0,284
45,4,4,3,3,5,Essang,Bassey,101,87,0,0,15,91,0,2,9555,4,9555,90,25,0,0,88,0,6,6,68,0,0,85,2,63,1009,89,54,35,37,0,8,45,0,2,0,0,0,0,0,249,45,100,0,0,1,3,65,0,0,21,2,1,0,1,75,0,15,30,66,93,3,3237,60,0,1,100,17,56,72,62,0,0,0,0,2,18,76,22,45,10,7,1,21,0,16,16,58,4,7,8,101,0,69,30,1023,60,3,-19,0,0,295
45,5,5,5,5,6,Cam,Gill,96,84,0,0,20,91,0,0,9556,6,9556,85,26,0,0,82,0,7,7,51,0,0,77,2,63,1009,83,76,45,45,0,8,17,0,2,0,0,0,0,0,248,45,100,0,0,1,3,65,0,0,49,2,1,0,1,75,0,15,25,63,79,3,3286,44,0,1,100,20,73,68,56,0,0,0,0,3,26,54,27,58,39,10,46,39,0,15,13,61,10,33,13,96,0,74,80,1023,10,3,-19,0,0,494
45,4,4,0,0,68,Chris,Streveler,101,84,0,0,24,88,0,5,9559,33,9559,85,28,0,0,90,1,2,2,65,0,0,82,2,63,1009,88,28,21,17,0,8,76,0,4,0,0,0,0,0,328,45,100,0,0,1,3,65,0,0,15,1,1,0,1,75,0,15,84,59,88,3,3306,70,0,1,100,22,70,59,53,0,0,0,0,1,25,89,13,19,35,8,15,37,0,0,0,40,2,10,12,101,0,73,56,1023,10,1,-19,0,0,305
45,6,6,7,7,10,Donald,Parham Jr.,253,86,0,40,19,83,0,2,9560,8,9560,84,26,0,0,87,0,3,3,82,0,0,76,2,63,1009,83,38,58,58,0,7,61,0,4,0,0,0,0,0,434,45,100,0,0,2,3,65,0,0,89,1,2,40,1,75,0,15,30,69,91,4,3312,73,0,1,100,21,71,73,74,0,0,0,0,1,26,52,7,44,32,10,1,20,0,4,4,36,1,26,14,253,0,80,77,1023,18,3,-19,0,0,278
45,7,7,7,7,6,Tershawn,Wharton,172,81,0,0,20,85,0,7,9562,9,9562,79,25,0,0,88,0,5,5,36,0,0,72,2,63,1009,89,77,45,45,0,8,17,0,0,0,0,0,0,0,265,45,100,0,0,1,3,65,0,0,98,1,1,0,1,75,0,15,25,69,76,3,3325,27,0,1,100,20,85,77,69,0,0,0,0,7,32,42,75,43,57,12,8,1,0,12,12,79,9,29,23,172,0,73,120,1023,10,3,-19,0,0,79
45,5,5,5,5,30,Rico,Dowdle,104,81,0,10,23,88,0,0,9563,11,9563,88,25,0,0,84,0,5,5,63,0,0,85,2,63,1009,82,36,47,49,0,8,77,0,0,0,0,0,0,0,176,45,100,0,0,1,1,65,0,0,23,1,1,10,1,75,0,15,39,67,87,3,3347,82,0,1,100,25,72,76,66,0,0,0,0,2,26,63,53,39,58,12,9,15,0,1,1,37,0,7,10,104,0,72,55,1023,78,3,-19,0,0,427
45,4,4,5,5,10,Sean,McKeon,0,82,0,0,19,86,0,4,9564,1009,9564,82,26,0,0,81,0,7,7,79,0,0,75,2,63,1009,84,52,58,59,0,7,52,0,0,0,0,0,0,0,117,45,100,0,0,0,3,65,0,0,84,2,0,0,1,75,0,15,30,64,84,3,3362,68,0,1,100,21,72,64,62,0,0,0,0,0,26,59,0,20,41,11,6,0,0,4,4,14,0,31,14,0,0,77,78,1023,18,3,-19,0,0,95
45,4,4,2,2,6,Terence,Steele,430,87,0,0,12,76,0,0,9565,11,9565,71,26,0,0,88,0,0,0,41,0,0,53,2,63,1009,91,32,77,85,0,8,5,0,2,0,0,0,0,0,217,45,100,0,0,1,3,65,0,0,78,2,1,0,1,75,0,15,22,79,69,3,3371,40,0,1,100,17,88,80,84,0,0,0,0,8,34,39,17,56,26,13,17,36,0,9,5,75,8,25,29,430,0,78,150,1023,10,3,-19,0,0,139
45,7,7,5,5,6,Demetrius,Flangn-Fowles,188,82,0,50,24,87,0,0,9566,15,9566,86,27,0,0,81,1,1,1,67,0,0,77,2,63,1009,91,74,30,30,0,8,45,0,0,0,0,0,0,0,8,45,100,0,0,1,3,65,0,0,45,2,1,50,1,75,0,15,27,63,83,4,3375,55,0,1,100,28,65,70,66,0,0,0,0,3,22,59,44,15,28,11,20,51,0,15,15,93,4,16,10,188,0,74,63,1023,40,4,-19,0,0,270
45,6,6,4,4,6,Luq,Barcoo,0,87,0,0,15,92,0,7,9567,1009,9567,91,25,0,0,78,0,2,2,74,0,0,90,2,63,1009,86,52,35,35,0,8,52,0,2,0,0,0,0,0,180,45,100,0,0,0,3,65,0,0,35,2,0,0,1,75,0,15,36,65,94,3,3404,66,0,1,100,17,52,74,59,0,0,0,0,0,16,80,30,34,25,13,11,10,0,16,16,6,5,0,5,0,0,73,15,1023,45,0,-19,0,0,371
45,7,7,7,7,10,James,Robinson,376,86,0,0,25,90,0,2,9569,33,9569,88,25,0,0,90,0,4,4,69,0,0,83,2,63,1009,86,45,55,50,0,7,87,0,2,0,0,0,0,0,85,45,100,0,0,2,1,65,0,0,0,0,2,0,1,75,0,15,41,75,92,3,3376,89,0,1,100,25,82,83,63,0,0,0,0,0,31,85,39,31,58,12,21,4,0,1,1,63,1,9,7,376,0,69,59,1023,55,1,-19,0,0,447
45,7,7,7,7,6,Bryce,Huff,430,75,0,0,16,89,0,5,9570,18,9570,83,25,0,0,87,0,5,5,36,0,0,80,2,63,1009,86,79,45,45,0,8,10,0,0,0,0,0,0,0,114,39,100,0,0,1,3,65,0,0,47,2,1,0,1,75,0,15,28,77,80,3,3409,40,0,1,100,15,72,83,78,0,0,0,0,3,26,67,5,44,63,10,3,9,0,11,15,51,9,29,25,430,0,75,95,1023,10,3,-19,0,0,330
45,4,4,4,4,6,Matt,Nelson,130,84,0,15,11,66,0,5,9571,19,9571,67,28,0,0,87,1,6,6,43,0,0,66,2,63,1009,89,68,60,63,0,8,5,0,4,0,0,0,0,0,89,45,100,0,0,1,3,65,0,0,67,2,1,15,1,75,0,15,16,55,75,4,3410,35,0,1,100,21,75,50,68,0,0,0,0,17,28,42,16,34,28,10,19,34,0,5,9,44,28,43,24,130,0,79,158,1023,10,4,-19,0,0,466
45,3,3,4,4,22,Malik,Taylor,94,85,0,0,14,86,0,0,9574,33,9574,90,28,0,0,78,1,1,1,80,0,0,88,2,63,1009,83,44,32,52,0,7,73,0,2,0,0,0,0,0,296,45,100,0,0,1,3,65,0,0,86,2,1,0,1,75,0,15,30,66,86,4,3411,68,0,1,100,19,59,62,56,0,0,0,0,3,20,72,29,53,44,12,1,14,0,3,3,3,4,5,10,94,0,73,60,1023,83,1,-19,0,0,143
45,3,3,2,2,25,Joseph,Charlton,0,75,0,0,73,81,0,5,9575,33,9575,74,26,0,0,79,0,2,2,35,0,0,63,2,63,1009,86,30,17,15,0,8,15,0,2,0,0,0,0,0,176,45,100,0,0,1,1,65,0,0,16,0,1,0,1,75,0,15,39,70,67,3,3419,44,0,1,100,91,56,72,55,0,0,0,0,27,9,93,44,25,28,39,10,17,0,20,20,43,1,13,5,94,0,76,30,1023,10,1,-19,0,0,373
45,6,6,6,6,6,Sam,Franklin Jr.,262,87,0,0,17,90,0,6,9576,21,9576,87,27,0,0,79,1,3,3,66,0,0,85,2,63,1009,90,63,35,35,0,8,49,0,0,0,0,0,0,0,208,45,100,0,0,1,3,65,0,0,42,0,1,0,1,75,0,15,27,67,85,3,3416,57,0,1,100,18,66,74,68,0,0,0,0,0,23,91,38,4,35,13,23,55,0,17,15,68,2,7,7,262,0,75,50,1023,45,3,-19,0,0,280
45,7,7,3,3,10,Myles,Hartsfield,101,88,0,0,38,92,0,4,9577,33,9577,92,26,0,0,84,0,4,4,69,0,0,89,2,63,1009,87,64,40,35,0,7,55,0,2,0,0,0,0,0,159,45,100,0,0,1,3,65,0,0,0,2,1,0,1,75,0,15,27,69,91,3,3418,70,0,1,100,50,63,77,66,0,0,0,0,5,22,88,16,37,42,8,5,35,0,16,16,18,4,6,6,101,0,71,50,1023,55,3,-19,0,0,513
45,5,5,2,2,36,Eric,Banks,0,69,0,0,12,81,0,2,9578,1009,9578,73,25,0,0,79,0,5,5,35,0,0,69,2,63,1009,85,77,45,45,0,8,13,0,0,0,0,0,0,0,355,45,100,0,0,0,1,65,0,0,96,0,0,0,1,75,0,15,43,59,76,3,3433,32,0,1,100,17,74,65,58,0,0,0,0,7,27,59,6,40,53,13,10,22,0,11,10,92,9,28,24,0,0,77,110,1023,10,1,-19,0,0,407
45,5,5,3,3,26,Trishton,Jackson,0,81,0,0,18,91,0,7,9579,1009,9579,89,25,0,0,76,0,6,6,80,0,0,87,2,63,1009,85,24,31,45,0,8,71,0,2,0,0,0,0,0,205,45,100,0,0,0,3,65,0,0,9,2,0,0,1,75,0,15,37,64,85,3,3427,72,0,1,100,20,52,63,57,0,0,0,0,34,29,12,34,26,6,20,16,5,0,3,3,5,8,18,22,0,0,73,31,1023,38,2,-19,0,0,89
45,6,6,7,7,22,Xavier,Jones,0,82,0,0,14,90,0,1,9580,33,9580,86,26,0,0,84,0,7,7,66,0,0,84,2,63,1009,84,40,48,40,0,8,75,0,2,0,0,0,0,0,192,45,100,0,0,0,3,65,0,0,25,1,0,0,1,75,0,15,36,64,82,3,3426,84,0,1,100,19,70,75,63,0,0,0,0,3,25,64,14,33,11,10,1,24,0,1,1,6,1,7,6,0,0,71,48,1023,74,3,-19,0,0,441
45,3,3,3,3,15,Marquez,Callaway,0,85,0,0,13,91,0,3,9582,1009,9582,87,25,0,0,84,0,1,1,86,0,0,82,2,63,1009,90,27,30,50,0,8,72,0,2,0,0,0,0,0,211,45,100,0,0,0,3,65,0,0,14,2,0,12,1,75,0,15,20,72,92,3,3443,76,0,1,100,19,68,72,72,0,0,0,0,0,24,91,4,14,37,12,13,6,0,3,3,36,3,11,11,0,0,74,44,1023,82,0,-19,0,0,387
45,4,4,3,3,6,James,Pierre,130,89,0,0,15,91,0,0,9583,29,9583,93,27,0,0,80,1,2,2,68,0,0,84,2,63,1009,92,60,26,34,0,7,53,0,0,0,0,0,0,0,308,45,100,0,0,1,3,65,0,0,42,2,1,0,1,75,0,15,27,71,81,3,3445,56,0,1,100,11,60,76,70,0,0,0,0,0,20,78,31,30,15,10,8,36,0,16,16,62,2,8,3,130,0,74,25,1023,76,3,-19,0,0,502
45,2,2,2,2,6,Aaron,Brewer,430,84,0,0,12,65,0,1,9584,30,9584,69,26,0,1,84,0,3,3,31,0,0,63,2,63,1009,86,31,67,73,0,8,12,0,0,0,1,1,1,1,204,45,100,0,0,1,3,65,0,0,55,2,1,0,1,75,0,15,12,68,72,3,3459,22,0,1,100,14,79,65,80,0,0,0,0,5,30,54,14,24,4,10,9,24,0,7,7,19,6,34,24,430,0,73,114,1023,10,3,-19,0,0,501
45,7,7,2,2,10,Dan,Chisena,94,86,0,0,11,92,0,0,9585,33,9585,95,26,0,0,80,0,4,4,75,0,0,89,2,63,1009,86,59,42,54,0,8,62,0,4,0,0,0,0,0,164,45,100,0,0,1,1,65,0,0,85,2,1,0,1,75,0,15,30,60,86,3,3448,67,0,1,100,11,57,60,52,0,0,0,0,1,18,81,55,52,32,12,11,6,0,3,3,80,5,11,12,94,0,75,42,1023,40,0,-19,0,0,325
45,2,2,7,7,11,Ross,Matiscik,596,79,0,55,36,68,0,4,9586,17,9586,71,27,0,0,84,1,5,5,55,0,0,69,2,63,1009,92,62,55,47,0,8,15,0,0,0,0,0,0,0,17,2,100,0,0,4,3,65,0,0,46,2,5,55,1,75,0,15,33,26,71,3,3400,60,0,1,100,22,74,39,58,0,0,0,0,2,27,76,43,53,62,11,83,16,0,7,7,82,8,15,11,596,0,72,75,1023,10,3,-19,0,0,170
45,6,6,7,7,17,Noah,Togiai,87,80,0,0,14,86,0,7,9587,33,9587,82,26,0,0,85,0,6,6,73,0,0,76,2,63,1009,82,35,54,56,0,8,53,0,2,0,0,0,0,0,161,45,100,0,0,1,3,65,0,0,81,2,1,0,1,75,0,15,30,60,81,3,3337,72,0,1,100,15,66,56,58,0,0,0,0,27,45,72,56,41,32,85,43,32,0,2,4,51,18,47,29,87,0,76,84,1023,30,0,-19,0,0,213
45,2,2,3,3,12,Amani,Bledsoe,0,74,0,0,15,80,0,4,9588,33,9588,74,25,0,0,82,0,5,5,34,0,0,67,2,63,1009,88,75,45,45,0,8,18,0,2,0,0,0,0,0,157,45,100,0,0,0,3,65,0,0,94,0,0,0,1,75,0,15,24,63,76,4,1173,29,0,1,100,19,82,67,63,0,0,0,0,8,31,36,18,27,26,13,15,44,0,10,10,68,8,30,29,0,0,76,120,1023,10,1,-19,0,0,65
45,5,5,2,2,10,Ben,Ellefson,101,81,0,0,15,79,0,4,9590,33,9590,77,27,0,0,83,1,7,7,78,0,0,76,2,63,1009,83,46,61,59,0,7,57,0,0,0,0,0,0,0,315,45,100,0,0,1,3,65,0,0,82,2,1,0,1,75,0,15,27,63,81,3,3496,73,0,1,100,19,72,65,64,0,0,0,0,4,26,57,6,21,33,11,37,0,0,4,4,53,6,34,20,101,0,75,90,1023,20,3,-19,0,0,434
45,6,6,4,4,6,Cameron,Lewis,118,87,0,12,13,91,0,4,9592,3,9592,90,26,0,0,83,0,1,1,60,0,0,90,2,63,1009,88,57,35,35,0,7,52,0,2,0,0,0,0,0,24,45,100,0,0,1,3,65,0,0,39,2,1,12,1,75,0,15,35,66,78,4,3465,60,0,1,100,14,51,69,70,0,0,0,0,5,16,98,28,10,44,9,10,34,0,18,16,55,2,2,0,118,0,69,23,1023,47,4,-19,0,0,31
45,6,6,6,6,15,JJ,Taylor,94,82,0,0,16,89,0,4,9595,33,9595,86,25,0,0,78,0,4,4,67,0,0,83,2,63,1009,84,34,51,26,0,8,75,0,4,0,0,0,0,0,8,45,100,0,0,1,3,65,0,0,42,1,1,0,1,75,0,15,24,68,83,3,3491,85,0,1,100,14,64,75,61,0,0,0,0,4,22,98,39,11,35,12,0,21,0,1,1,20,4,9,2,94,0,65,25,1023,76,3,-19,0,0,491
45,5,5,7,7,59,John,Lovett,87,80,0,0,22,87,0,4,9596,33,9596,83,27,0,0,87,1,5,5,69,0,0,83,2,63,1009,83,35,56,58,0,7,60,0,0,0,0,0,0,0,168,45,100,0,0,1,3,65,0,0,46,2,1,0,1,75,0,15,74,66,78,4,3510,73,0,1,100,30,70,61,57,0,0,0,0,5,9,18,16,19,48,75,38,13,0,2,4,11,20,36,23,87,0,74,74,1023,30,1,-19,0,0,252
45,7,7,5,5,6,Krys,Barnes,103,87,0,2,16,87,0,0,9597,7,9597,84,25,0,0,87,0,5,5,62,0,0,82,2,63,33,86,82,30,42,0,8,40,0,0,0,0,0,0,0,226,45,100,0,0,1,3,65,0,0,56,2,1,2,1,75,0,15,20,73,74,3,3484,55,0,1,100,18,71,76,79,0,0,0,0,2,26,79,16,20,41,10,42,41,0,14,14,49,6,30,13,103,0,74,69,1023,42,3,-19,0,0,255
45,4,4,4,4,6,Myles,Bryant,262,89,0,0,12,87,0,4,9598,22,9598,87,25,0,0,87,0,7,7,69,0,0,90,2,63,1009,90,65,35,35,0,8,50,0,0,0,0,0,0,0,252,45,100,0,0,1,3,65,0,0,27,2,1,0,1,75,0,15,42,71,77,3,3508,61,0,1,100,16,52,75,74,0,0,0,0,3,16,87,28,5,7,10,1,27,0,16,18,55,3,4,4,262,0,69,25,1023,48,3,-19,0,0,240
45,4,4,6,6,15,Nick,W-Ikhine,126,83,0,25,15,90,0,4,9599,30,9599,88,26,0,0,84,0,0,0,84,0,0,82,2,63,1009,91,32,34,58,0,7,71,0,0,0,0,0,0,0,86,45,100,0,0,1,3,65,0,0,15,2,1,25,1,75,0,15,31,70,85,3,3495,76,0,1,100,19,64,71,73,0,0,0,0,4,22,73,17,35,16,10,15,3,0,3,3,34,1,6,5,126,0,74,51,1023,29,3,-19,0,0,244
45,6,6,3,3,10,Penny,Hart,89,84,0,0,12,91,0,4,9600,33,9600,87,27,0,0,80,1,1,1,78,0,0,86,2,63,1009,89,38,30,44,0,7,68,0,4,0,0,0,0,0,362,45,100,0,0,1,3,65,0,0,19,2,1,0,1,75,0,15,21,66,80,4,3486,72,0,1,100,17,58,60,55,0,0,0,0,3,19,85,28,12,14,7,27,28,0,3,3,77,1,0,3,101,0,68,20,1023,80,0,-19,0,0,101
45,2,2,5,5,35,Willington,Previlon,0,70,0,0,38,56,0,4,9602,1009,9602,55,26,0,0,70,0,3,3,11,0,0,62,2,63,1009,70,72,18,31,0,8,25,0,0,0,0,0,0,0,175,45,100,0,0,0,3,65,0,0,94,2,0,0,1,75,0,15,17,90,57,3,3518,11,0,1,100,25,74,44,50,0,0,0,0,60,22,68,44,12,49,108,40,13,0,11,12,55,81,94,25,0,0,77,127,1023,3,2,-19,0,0,51
45,7,7,7,7,10,P.J.,Locke,139,88,0,25,18,88,0,4,9603,33,9603,87,26,0,0,89,0,4,4,63,0,0,82,2,63,1009,87,66,25,16,0,8,40,0,0,0,0,0,0,0,214,45,0,0,0,1,3,22,0,0,6,0,1,25,2,65,0,15,27,68,86,4,3468,58,0,1,100,21,66,74,69,4,4,4,4,1,23,63,1,40,18,9,9,12,0,17,18,20,4,10,7,139,0,70,42,999,60,4,-19,0,0,116
45,3,3,6,6,15,Lawrence,Cager,94,80,0,0,12,90,0,4,9607,16,9607,86,26,0,0,79,0,7,7,78,0,0,78,2,63,1009,86,31,51,57,0,8,69,0,0,0,0,0,0,0,70,45,100,0,0,1,3,65,0,0,83,2,1,0,1,75,0,15,29,67,81,3,3542,75,0,1,100,17,69,66,64,0,0,0,0,8,12,103,40,19,33,27,7,7,0,2,3,20,2,12,10,94,0,77,60,1023,30,1,-19,0,0,74
45,5,5,3,3,6,Jovante,Moffatt,0,86,0,0,19,89,0,4,9609,1009,9609,87,27,0,0,90,1,1,1,64,0,0,86,2,63,1009,86,67,35,35,0,7,55,0,0,0,0,0,0,0,119,45,100,0,0,0,3,65,0,0,38,2,0,0,1,75,0,15,21,63,85,3,3550,60,0,1,100,17,65,67,57,0,0,0,0,0,22,71,35,16,37,12,27,23,0,18,18,30,1,11,5,0,0,71,53,1023,30,1,-19,0,0,367
45,2,2,7,7,6,Ron'Dell,Carter,0,76,0,0,13,83,0,4,9610,33,9610,77,26,0,0,79,0,2,2,48,0,0,74,2,63,1009,87,78,47,46,0,8,26,0,0,0,0,0,0,0,91,45,100,0,0,0,1,65,0,0,48,0,0,0,1,75,0,15,18,60,80,3,3551,45,0,1,100,18,83,69,59,0,0,0,0,7,32,50,24,16,27,7,11,22,0,10,11,32,6,27,28,0,0,75,109,1023,10,3,-19,0,0,338
45,2,2,7,7,6,Madre,Harper,94,87,0,0,12,90,0,10,9611,33,9611,91,26,0,0,76,0,3,3,60,0,0,87,2,63,1009,87,58,35,35,0,7,51,0,0,0,0,0,0,0,178,45,100,0,0,1,3,65,0,0,38,2,1,0,1,75,0,15,22,63,93,3,3552,61,0,1,100,19,62,68,56,0,0,0,0,8,33,74,28,17,24,33,29,1,0,16,16,4,8,25,1,94,0,73,36,1023,40,0,-19,0,0,67
45,4,4,7,7,40,Lamar,Jackson,0,87,0,0,20,90,0,4,9612,33,9612,86,25,0,0,76,0,4,4,63,0,0,81,2,63,1009,89,47,35,35,0,7,57,0,0,0,0,0,0,0,142,45,100,0,0,0,3,65,0,0,25,2,0,0,1,75,0,15,53,62,88,3,3553,64,0,1,100,20,63,68,61,0,0,0,0,3,22,65,27,22,23,11,25,1,0,16,16,6,3,8,11,0,0,74,48,1023,40,1,-19,0,0,73
45,5,5,3,3,10,Javelin,Guidry,213,90,0,0,25,93,0,4,9613,33,9613,96,25,0,0,80,0,5,5,67,0,0,87,2,63,1009,91,59,40,35,0,8,44,0,0,0,0,0,0,0,233,45,100,0,0,2,3,65,0,0,40,2,2,0,1,75,0,15,22,67,85,3,3556,68,0,1,100,25,60,73,58,0,0,0,0,3,20,91,20,19,32,7,27,21,0,16,16,46,2,8,10,213,0,69,31,1023,40,1,-19,0,0,100
45,5,5,5,5,6,Jace,Whittaker,0,87,0,0,10,92,0,4,9614,33,9614,88,28,0,0,82,1,5,5,61,0,0,86,2,63,1009,85,56,26,18,0,8,55,0,0,0,0,0,0,0,8,45,100,0,0,0,3,65,0,0,39,2,0,0,1,75,0,15,22,62,90,3,3559,63,0,1,100,11,55,68,57,0,0,0,0,12,45,25,38,15,40,61,5,4,0,16,16,12,7,23,29,0,0,70,25,1023,60,3,-19,0,0,88
45,7,7,2,2,34,Grayland,Arnold,190,84,0,0,11,88,0,4,9616,32,9616,86,26,0,0,79,0,7,7,69,0,0,86,2,63,1009,77,62,35,35,0,8,54,0,0,0,0,0,0,0,17,45,100,0,0,1,3,65,1,0,25,0,2,0,1,75,0,15,47,64,80,3,3569,63,0,1,100,10,54,71,65,0,0,0,0,5,17,87,22,24,27,11,2,15,0,16,16,27,1,8,8,190,0,69,30,1023,76,2,-19,0,0,407
45,7,7,5,5,6,Khalil,Dorsey,87,87,0,0,13,92,0,2,9618,19,9618,93,25,0,0,83,0,1,1,64,0,0,88,2,63,1009,84,60,35,35,0,7,52,0,0,0,0,0,0,0,133,45,100,0,0,1,1,65,0,0,30,2,1,0,1,75,0,15,35,65,84,3,3572,60,0,1,100,14,51,71,59,0,0,0,0,2,16,97,21,36,33,13,15,10,0,16,16,48,0,8,4,87,0,69,21,1023,65,1,-19,0,0,341
45,7,7,3,3,10,Tyron,Johnson,0,81,0,0,15,90,0,4,9621,1009,9621,93,27,0,0,75,1,4,4,83,0,0,83,2,63,1009,87,27,25,47,0,7,69,0,0,0,0,0,0,0,158,45,100,0,0,0,3,65,0,0,80,2,0,0,1,75,0,15,22,70,79,4,3578,75,0,1,100,19,60,70,71,0,0,0,0,2,20,70,41,1,42,7,12,1,0,3,3,4,2,8,8,0,0,73,33,1023,75,0,-19,0,0,341
45,4,4,7,7,6,Gavin,Heslop,0,85,0,0,15,92,0,0,9622,33,9622,87,26,0,0,79,0,5,5,55,0,0,87,2,63,1009,78,57,30,25,0,7,50,0,0,0,0,0,0,0,201,45,100,0,0,0,3,65,0,0,38,2,0,0,1,75,0,15,24,62,83,3,3579,62,0,1,100,11,60,62,48,0,0,0,0,4,20,80,6,6,36,10,24,20,0,16,16,28,3,5,4,0,0,72,37,1023,35,3,-19,0,0,410
45,4,4,7,7,10,Juju,Hughes,213,87,0,0,20,90,0,4,9623,33,9623,87,25,0,0,80,0,5,5,68,0,0,84,2,63,1009,87,63,35,35,0,8,50,0,0,0,0,0,0,0,66,45,100,0,0,2,3,65,0,0,36,0,2,0,1,75,0,15,25,64,85,3,3582,63,0,1,100,20,53,69,66,0,0,0,0,3,16,92,6,13,39,11,5,16,0,18,18,19,1,6,4,213,0,71,31,1023,66,1,-19,0,0,235
45,5,5,5,5,15,JaMycal,Hasty,290,84,0,30,18,91,0,2,9624,17,9624,89,27,0,0,82,1,7,7,68,0,0,84,2,63,1009,84,28,56,27,0,8,74,0,0,0,0,0,0,0,17,45,100,6,6,2,3,65,0,0,22,1,2,30,1,75,0,15,23,71,89,3,3590,85,0,1,100,20,63,78,72,0,0,0,0,2,22,87,16,19,14,9,23,11,0,1,1,21,5,5,10,290,0,68,45,1023,70,1,-19,0,0,303
45,7,7,6,6,6,Darius,Harris,0,79,0,0,10,86,0,4,9625,33,9625,82,27,0,0,83,1,5,5,53,0,0,76,2,63,1009,82,82,46,48,0,8,16,0,0,0,0,0,0,0,119,45,100,0,0,0,1,65,0,0,47,2,0,0,1,75,0,15,14,67,76,4,3596,45,0,1,100,12,69,66,64,0,0,0,0,1,24,60,26,42,13,9,31,48,0,14,14,84,3,22,14,0,0,74,72,1023,10,3,-19,0,0,74
45,2,2,3,3,15,Antoine,Wesley,0,83,0,0,15,86,0,4,9627,1009,9627,86,26,0,0,84,0,7,7,84,0,0,81,2,63,1009,88,34,41,54,0,7,71,0,0,0,0,0,0,0,217,45,100,0,0,0,1,65,0,0,88,2,0,0,1,75,0,15,35,69,89,4,3599,73,0,1,100,19,62,70,74,0,0,0,0,0,21,75,6,19,8,9,1,16,0,3,3,20,3,9,10,0,0,76,46,1023,42,2,-19,0,0,514
45,7,7,7,7,20,Salvon,Ahmed,141,84,0,10,10,92,0,4,9628,12,9628,90,25,0,0,83,0,5,5,65,0,0,84,2,63,1009,87,31,53,30,0,7,77,0,0,0,0,0,0,0,252,45,100,0,0,1,1,65,0,0,26,1,1,10,1,75,0,15,30,69,83,3,3598,86,0,1,100,16,62,79,68,0,0,0,0,5,21,72,14,17,38,8,2,46,0,1,1,61,0,7,8,141,0,71,37,1023,75,3,-19,0,0,240
45,7,7,6,6,12,Elijah,Riley,190,88,0,0,12,90,0,4,9629,29,9629,86,25,0,0,87,0,5,5,68,0,0,83,2,63,1009,86,67,18,22,0,7,57,0,0,0,0,0,0,0,13,45,100,0,0,1,3,65,0,0,37,2,2,0,1,75,0,15,18,63,86,3,3614,65,0,1,100,16,70,70,59,0,0,0,0,5,25,67,48,57,14,9,28,34,0,17,16,67,5,8,5,190,0,71,45,1023,35,1,-19,0,0,461
45,7,7,6,6,21,Kristian,Welch,0,81,0,0,20,84,0,4,9630,1009,9630,81,25,0,0,86,0,4,4,57,0,0,79,2,63,1009,90,79,48,45,0,8,48,0,0,0,0,0,0,0,89,45,100,0,0,0,3,65,0,0,54,1,0,0,1,75,0,15,20,63,81,3,3645,64,0,1,100,16,75,64,63,0,0,0,0,2,28,55,40,19,44,12,10,47,0,14,14,45,4,21,11,0,0,75,82,1023,10,3,-19,0,0,68
45,5,5,6,6,6,Tyler,Hall,0,86,0,0,18,88,0,4,9632,1009,9632,92,25,0,0,81,0,4,4,61,0,0,84,2,63,1009,88,58,35,35,0,8,58,0,0,0,0,0,0,0,260,45,100,0,0,0,1,65,0,0,37,2,0,0,1,75,0,15,31,68,90,3,3617,57,0,1,100,19,56,71,65,0,0,0,0,5,18,89,33,44,21,13,19,22,0,16,16,44,2,7,10,0,0,69,30,1023,83,1,-19,0,0,388
45,3,3,2,2,6,Trystan,Colon,140,82,0,25,21,60,0,4,9633,7,9633,63,25,0,0,87,0,4,4,30,0,0,60,2,63,1009,90,35,67,62,1,8,9,0,0,0,0,0,0,0,122,45,100,0,0,1,3,65,0,0,65,2,1,25,1,75,0,15,22,59,64,3,3621,30,0,1,100,22,80,56,72,0,0,0,0,46,30,33,21,24,32,12,24,33,0,8,7,21,27,36,26,140,0,75,160,1023,10,3,-19,0,0,162
45,2,2,4,4,10,Isaiah,Zuber,87,84,0,0,13,92,0,4,9637,33,9637,91,26,0,0,76,0,4,4,73,0,0,88,2,63,1009,87,31,32,38,0,8,76,0,0,0,0,0,0,0,121,45,100,0,0,1,1,65,0,0,19,2,1,0,1,75,0,15,35,65,87,3,3625,69,0,1,100,15,50,57,48,0,0,0,0,13,44,72,29,24,48,44,18,11,0,3,3,55,1,11,26,87,0,72,30,1023,83,1,-19,0,0,117
45,3,3,3,3,6,Rashod,Berry,183,72,0,0,19,81,0,4,9638,33,9638,80,27,0,0,80,1,4,4,64,0,0,81,2,63,1009,89,72,50,52,0,8,50,0,0,0,0,0,0,0,156,45,100,0,0,1,3,65,0,0,74,2,2,0,1,75,0,15,25,56,80,3,3627,65,0,1,100,21,72,63,52,0,0,0,0,25,6,29,56,42,48,25,29,31,0,10,4,47,9,12,17,183,0,76,95,1023,10,2,-19,0,0,116
45,6,6,3,3,6,Sam,Tecklenburg,169,82,0,0,22,59,0,0,9641,33,9641,62,26,0,0,76,0,4,4,41,0,0,54,2,63,1009,87,34,64,61,0,8,26,0,0,0,0,0,0,0,17,45,100,0,0,1,3,65,0,0,68,2,2,0,1,75,0,15,27,55,75,3,3618,23,0,1,100,24,85,50,58,0,0,0,0,8,32,48,20,38,27,7,22,33,0,7,7,26,8,27,28,169,0,76,150,1023,10,3,-19,0,0,162
45,6,6,6,6,10,Alex,Bachman,185,82,0,0,17,91,0,4,9642,33,9642,90,27,0,0,79,1,4,4,79,0,0,90,2,63,1009,88,33,27,47,0,8,70,0,1,0,0,0,0,0,249,45,100,0,0,2,1,65,0,0,14,2,2,0,1,75,0,15,26,65,81,4,4864,72,0,1,100,23,61,63,57,0,0,0,0,19,5,2,11,16,48,5,21,17,0,3,3,23,7,35,26,185,0,71,30,1023,71,1,-19,0,0,286
45,4,4,5,5,6,Dylan,Mabin,87,86,0,0,12,93,0,4,9644,33,9644,91,26,0,0,78,0,4,4,62,0,0,84,2,63,1009,90,54,35,35,0,8,50,0,0,0,0,0,0,0,65,45,100,0,0,1,3,65,0,0,39,2,1,0,1,75,0,15,22,62,89,4,1196,59,0,1,100,19,60,69,56,0,0,0,0,14,49,37,18,42,46,32,18,10,0,16,16,18,7,9,4,87,0,73,35,1023,45,1,-19,0,0,277
45,7,7,7,7,6,Henry,Black,0,88,0,0,14,90,0,4,9647,1009,9647,88,26,0,0,83,0,4,4,68,0,0,84,2,63,1009,89,66,35,35,0,8,46,0,4,0,0,0,0,0,17,45,100,0,0,0,3,65,0,0,36,2,0,0,1,75,0,15,25,68,81,3,4858,63,0,1,100,18,65,74,66,0,0,0,0,0,22,79,37,0,44,10,20,16,0,17,18,9,5,6,9,0,0,72,44,1023,30,1,-19,0,0,262
45,2,2,2,2,25,Juwan,Johnson,901,85,0,200,25,88,0,4,9648,27,9648,86,27,0,0,82,1,4,4,85,0,0,84,2,63,1009,88,34,59,62,0,7,75,0,0,0,0,0,0,0,160,45,100,0,0,2,1,65,0,0,83,2,2,200,1,75,0,15,36,75,85,3,4963,76,0,1,100,29,69,79,71,0,0,0,0,3,24,79,3,29,4,10,18,25,0,4,3,49,3,25,13,901,0,76,71,1023,45,3,-19,0,0,298
45,2,2,3,3,37,Marken,Michel,0,77,0,0,14,90,0,10,9651,33,9651,98,30,0,0,71,1,4,4,85,0,0,89,2,63,1009,63,10,21,19,0,7,69,0,4,0,0,0,0,0,112,45,100,0,0,0,1,65,0,0,19,2,0,0,1,75,0,15,12,71,89,7,4231,86,0,1,100,34,45,66,50,0,0,0,0,3,18,101,25,50,38,10,20,22,0,3,3,12,0,25,20,0,0,71,30,1023,80,2,-19,0,0,16
45,4,4,2,2,6,Jared,Mayden,87,83,0,0,19,91,0,4,9652,33,9652,91,25,0,0,82,0,4,4,68,0,0,81,2,63,1009,87,60,30,35,0,7,50,0,0,0,0,0,0,0,3,45,100,0,0,1,1,65,0,0,36,2,1,0,1,75,0,15,26,60,80,3,4846,61,0,1,100,20,63,67,55,0,0,0,0,38,20,26,27,7,39,38,14,12,0,17,18,36,8,24,22,87,0,72,41,1023,30,2,-19,0,0,206
45,4,4,4,4,38,Michael,Jacquet III,87,87,0,0,12,90,0,5,9653,33,9653,89,26,0,0,83,0,0,0,71,0,0,86,2,63,1009,89,63,35,44,0,7,52,0,0,0,2,2,0,0,228,45,100,0,0,1,3,60,0,0,39,2,1,0,0,75,0,15,60,65,88,3,4032,66,0,1,100,14,60,72,60,3,3,5,5,5,13,57,10,18,15,19,0,23,1,16,16,10,0,15,3,87,0,73,41,1023,35,1,-30,0,0,210
45,2,2,2,2,6,Josh,Thomas,166,83,0,0,21,88,1,4,9657,33,9657,86,27,0,0,78,1,0,0,69,0,0,81,2,63,1009,89,62,35,35,0,7,51,0,0,0,1,1,1,1,7,45,100,0,0,2,3,60,0,0,32,2,2,0,0,75,0,15,22,61,84,3,3671,61,0,1,100,21,60,68,59,2,2,2,2,5,17,53,10,22,15,50,0,27,1,17,17,10,0,15,7,166,0,72,45,1023,49,1,-30,0,0,456
45,6,6,6,6,24,Dieter,Eiselen,0,77,0,0,25,61,0,7,9659,1009,9659,63,26,0,1,88,0,1,1,51,0,0,48,0,63,1009,90,45,62,68,1,8,30,0,0,0,1,1,1,1,261,45,100,0,0,0,3,60,0,0,60,2,0,0,0,75,0,15,32,57,66,3,3547,55,0,1,100,27,86,51,52,6,6,6,6,7,35,34,19,25,32,10,20,30,0,6,8,10,28,41,27,0,0,76,162,1023,15,3,-30,0,0,8
45,2,2,2,2,5,Badara,Traore,75,79,0,0,27,58,3,3,9660,33,9660,63,26,0,1,74,0,0,0,27,0,0,61,2,63,1009,90,35,66,60,0,8,6,0,0,0,1,1,1,1,106,45,100,0,0,1,3,60,0,0,67,2,1,0,0,75,0,15,11,54,74,3,4869,35,0,1,100,32,85,47,46,0,0,0,0,10,32,38,17,25,31,10,15,30,0,9,9,10,28,29,25,75,0,79,160,1023,10,1,-30,0,0,503
45,3,3,3,3,6,Teair,Tart,430,76,0,0,13,78,1,4,9663,30,9663,71,26,0,0,88,0,1,1,34,0,0,65,2,63,1009,86,84,45,45,0,8,10,0,0,0,2,2,0,0,297,40,100,0,0,1,1,60,0,0,93,1,1,0,0,75,0,15,29,78,72,3,1879,40,0,1,100,17,88,83,83,3,3,3,3,42,34,30,30,25,31,12,29,30,1,12,10,10,21,42,28,430,0,74,144,1023,15,3,-30,0,0,486
45,3,3,3,3,20,Tommy,Hudson,0,78,0,0,19,81,0,3,9664,33,9664,73,26,0,1,87,0,0,0,70,0,0,73,0,63,1009,85,31,64,66,0,7,51,0,2,0,9,9,9,9,9,45,100,0,0,0,3,60,0,0,89,2,0,0,0,75,0,15,30,62,78,3,2492,66,0,1,100,21,75,59,57,7,7,7,7,4,11,70,6,14,23,50,8,19,0,4,4,10,8,15,10,0,0,77,95,1023,15,3,-30,0,0,38
45,5,5,5,5,22,Kirk,Merritt,176,81,0,0,10,93,2,3,9665,27,9665,94,26,0,0,77,0,0,0,76,0,0,86,2,63,1009,88,31,44,51,0,7,64,0,0,0,4,4,4,4,12,45,100,0,0,1,3,60,0,0,33,2,2,0,0,75,0,15,35,61,96,3,4962,74,0,1,100,14,66,59,47,5,5,5,5,5,18,85,10,4,15,4,0,14,1,3,3,11,0,6,8,176,0,72,54,1023,77,1,-30,0,0,476
45,5,5,7,7,26,Quinn,Bailey,176,50,0,0,28,65,0,7,9667,4,9667,62,28,0,0,92,1,4,4,28,0,0,62,0,63,1009,70,21,75,81,0,8,23,0,1,0,0,0,0,0,9,45,100,0,0,1,3,65,0,0,75,2,2,0,1,75,0,15,12,65,72,4,3864,18,0,1,100,28,92,66,50,0,0,0,0,8,36,39,20,75,25,8,18,21,0,8,9,43,22,42,29,176,0,78,163,1023,2,4,-19,0,0,155
45,6,6,6,6,6,Terez,Hall,94,78,0,0,20,83,0,5,9669,33,9669,76,27,0,0,74,1,4,4,53,0,0,76,2,63,1009,85,77,45,45,0,8,20,0,0,0,0,0,0,0,122,45,100,0,0,1,3,65,0,0,59,1,1,0,1,75,0,15,22,63,93,4,4557,49,0,1,100,16,76,64,68,0,0,0,0,18,57,18,31,18,33,76,48,49,0,14,13,13,13,4,19,94,0,74,75,1023,10,4,-19,0,0,244
45,6,6,5,5,6,Javin,White,0,80,0,0,24,91,0,5,9672,33,9672,89,26,0,0,83,0,4,4,65,0,0,84,2,63,1009,85,71,30,30,0,8,38,0,0,0,0,0,0,0,230,45,100,0,0,0,3,65,0,0,50,1,0,0,1,75,0,15,27,62,91,3,3561,55,0,1,100,28,65,65,59,0,0,0,0,3,22,91,40,22,54,13,35,27,0,13,13,16,3,8,9,0,0,74,51,1023,30,3,-19,0,0,368
45,5,5,7,7,6,Cole,Christiansen,0,82,0,0,13,83,0,3,9673,1009,9673,77,26,0,0,87,0,4,4,57,0,0,67,2,63,1009,90,79,48,45,0,8,40,0,0,0,0,0,0,0,13,45,100,0,0,0,3,65,0,0,48,1,0,0,1,75,0,15,25,59,80,3,4031,60,0,1,100,18,73,57,56,0,0,0,0,12,5,59,12,10,50,77,3,21,0,14,14,42,19,15,12,0,0,73,70,1023,42,1,-19,0,0,264
45,3,3,3,3,57,Kendall,Hinton,176,84,0,0,22,90,0,5,9676,33,9676,87,26,0,0,84,0,4,4,82,0,0,88,2,63,1009,89,30,50,53,0,7,73,0,0,0,0,0,0,0,249,45,100,0,0,1,3,65,0,0,9,2,2,0,1,75,0,15,74,70,85,3,3831,72,0,1,100,20,57,71,74,0,0,0,0,4,18,75,23,30,33,10,6,3,0,3,3,44,2,4,6,176,0,72,35,1023,80,3,-19,0,0,127
45,3,3,7,7,22,Kameron,Cline,0,45,0,0,32,57,0,4,9678,1009,9678,60,25,0,0,99,0,4,4,30,0,0,52,2,63,1009,89,81,15,19,0,8,25,0,0,0,0,0,0,0,328,45,100,0,0,0,3,65,0,0,96,2,0,0,1,75,0,15,22,80,53,3,4142,24,0,1,100,15,98,51,50,0,0,0,0,18,53,12,24,28,67,75,9,8,0,11,12,58,74,59,17,0,0,76,123,1023,3,3,-19,0,0,226
45,7,7,6,6,6,Breiden,Fehoko,0,76,0,0,24,80,0,5,9679,1009,9679,72,27,0,0,78,1,4,4,42,0,0,59,2,63,1009,88,75,45,45,0,8,21,0,0,0,0,0,0,0,106,40,100,0,0,0,3,65,0,0,96,1,0,0,1,75,0,15,11,66,78,3,4024,43,0,1,100,29,88,74,68,0,0,0,0,35,34,23,35,58,39,8,34,43,0,12,12,78,22,41,26,0,0,75,140,1023,10,0,-19,0,0,5
45,7,7,5,5,6,Niko,Lalos,0,78,0,0,15,78,0,5,9681,1009,9681,73,26,0,0,79,0,4,4,60,0,0,74,2,63,1009,87,76,45,45,0,8,18,0,0,0,0,0,0,0,46,45,100,0,0,0,3,65,0,0,54,2,0,0,1,75,0,15,27,63,78,3,4959,54,0,1,100,15,75,67,65,0,0,0,0,7,28,44,3,43,38,7,18,13,0,13,12,106,5,23,26,0,0,77,110,1023,10,0,-19,0,0,41
45,3,3,5,5,17,Herb,Miller,101,86,0,0,17,90,0,2,9682,33,9682,87,26,0,0,80,0,4,4,59,0,0,78,2,63,1009,90,59,25,25,0,8,49,0,0,0,0,0,0,0,308,45,100,0,0,1,3,65,0,0,36,2,1,0,1,75,0,15,32,61,79,3,3903,55,0,1,100,18,59,64,55,0,0,0,0,3,3,99,34,28,5,16,14,2,0,16,16,1,0,24,7,101,0,73,41,1023,45,0,-19,0,0,368
45,3,3,2,2,10,Nick,Moore,249,82,0,50,24,76,0,4,9683,33,9683,71,31,0,0,83,1,4,4,70,0,0,76,2,63,1009,90,57,54,51,0,8,20,0,0,0,0,0,0,0,70,45,100,0,0,2,3,65,0,0,46,2,2,50,1,75,0,15,39,37,74,3,4940,68,0,1,100,25,70,42,62,0,0,0,0,4,25,59,25,21,45,7,24,7,0,7,7,90,6,30,21,249,0,74,93,1023,10,3,-19,0,0,171
45,5,5,5,5,10,Jaylon,Moore,75,85,0,0,12,91,0,5,9684,33,9684,90,26,0,0,82,0,4,4,78,0,0,83,2,63,1009,90,34,33,45,0,7,70,0,0,0,0,0,0,0,213,45,100,0,0,1,3,65,0,0,83,2,1,0,1,75,0,15,27,63,87,3,4494,73,0,1,100,14,58,64,62,0,0,0,0,20,52,40,10,28,52,34,15,3,0,3,3,4,7,45,21,75,0,71,31,1023,63,1,-19,0,0,2
45,6,6,6,6,6,Dominique,Dafney,94,79,0,0,14,89,0,5,9685,33,9685,84,26,0,0,85,0,4,4,74,0,0,85,2,63,1009,85,39,58,62,0,7,62,0,0,0,0,0,0,0,87,45,100,0,0,1,3,65,0,0,82,1,1,0,1,75,0,15,33,62,82,3,1160,74,0,1,100,15,70,63,54,0,0,0,0,4,25,56,12,21,48,11,42,17,0,4,4,52,8,26,25,94,0,74,83,1023,36,0,-19,0,0,461
45,2,2,6,6,43,Ja'Marcus,Bradley,94,84,0,0,19,91,0,10,9686,33,9686,89,27,0,0,65,1,4,4,79,0,0,90,2,63,1009,88,24,31,35,0,8,74,0,0,0,0,0,0,0,228,45,100,0,0,1,3,65,0,0,84,2,1,0,1,75,0,15,46,66,86,3,3879,65,0,1,100,21,45,60,49,0,0,0,0,0,12,73,29,32,4,7,8,31,0,3,3,66,4,11,5,94,0,72,38,1023,73,1,-19,0,0,416
45,6,6,3,3,6,Bobby,Price,0,87,0,0,11,92,0,5,9688,1009,9688,91,25,0,0,84,0,4,4,63,0,0,88,2,63,1009,87,60,35,35,0,7,42,0,0,0,0,0,0,0,147,45,100,0,0,0,3,65,0,0,26,2,0,0,1,75,0,15,23,60,96,3,4887,58,0,1,100,14,70,64,51,0,0,0,0,0,25,63,12,35,43,13,9,2,0,18,18,40,5,6,9,0,0,75,48,1023,40,3,-19,0,0,388
45,6,6,2,2,6,Jarren,Williams,87,85,0,0,18,91,0,4,9691,33,9691,93,26,0,0,72,0,4,4,60,0,0,86,2,63,1009,87,54,35,35,0,7,62,0,0,0,0,0,0,0,202,45,100,0,0,1,3,65,0,0,24,2,1,0,1,75,0,15,30,61,84,3,1199,62,0,1,100,14,53,67,55,0,0,0,0,7,6,103,22,29,34,77,16,17,0,16,16,30,4,23,3,87,0,71,30,1023,57,1,-19,0,0,119
45,5,5,7,7,6,Anthony,Chesley,190,87,0,0,14,89,0,4,9692,33,9692,90,27,0,0,79,1,4,4,61,0,0,83,2,63,1009,87,60,35,35,0,8,50,0,0,0,0,0,0,0,290,45,100,0,0,1,3,65,0,0,37,2,2,0,1,75,0,15,24,65,85,4,4144,59,0,1,100,15,58,72,69,0,0,0,0,0,19,91,3,10,15,13,6,3,0,16,16,8,5,12,10,190,0,72,30,1023,45,1,-19,0,0,112
45,5,5,7,7,33,Tre'Vour,Wallace-Simms,0,70,0,0,14,48,0,4,9693,33,9693,41,26,0,0,74,0,4,4,14,0,0,50,2,63,1009,77,6,79,88,0,8,18,0,0,0,0,0,0,0,122,45,100,0,0,0,3,65,0,0,77,2,0,0,1,75,0,15,30,94,41,3,214,18,0,1,100,16,88,67,50,0,0,0,0,17,34,28,18,17,26,11,15,18,0,6,6,41,17,29,27,0,0,77,170,1023,0,1,-19,0,0,116
45,6,6,6,6,20,Blake,Lynch,94,83,0,0,20,87,0,4,9695,33,9695,84,26,0,0,85,0,4,4,69,0,0,81,2,63,1009,88,79,47,45,0,8,47,0,0,0,0,0,0,0,17,45,100,0,0,1,3,65,0,0,55,2,1,0,1,75,0,15,33,65,83,3,2608,67,0,1,100,16,69,73,65,0,0,0,0,4,24,72,28,58,48,7,4,23,0,15,13,15,8,31,10,94,0,74,75,1023,10,1,-19,0,0,68
45,2,2,4,4,77,Tyler,Huntley,262,80,0,0,11,91,0,0,9698,25,9698,86,25,0,0,88,0,4,4,46,0,0,86,2,63,1009,84,17,11,11,0,8,60,0,2,0,0,0,0,0,233,19,100,0,0,1,3,65,0,0,2,2,1,0,1,75,0,15,86,68,88,3,4938,60,0,1,100,17,53,72,70,0,0,0,0,0,16,86,3,27,15,8,16,25,0,0,0,60,3,10,10,262,0,73,44,1023,10,3,-19,0,0,2
45,2,2,6,6,11,Aaron,Monteiro,75,60,0,0,26,68,0,4,9703,33,9703,50,26,0,0,95,0,4,4,14,0,0,46,2,63,1009,65,14,78,80,0,8,23,0,0,0,0,0,0,0,20,45,100,0,0,1,3,65,0,0,67,2,1,0,1,75,0,15,22,93,32,3,4185,28,0,1,100,24,70,61,50,0,0,0,0,52,34,17,65,44,13,93,24,27,0,6,6,7,20,46,19,75,0,78,155,1023,0,1,-19,0,0,418
45,2,2,5,5,15,Zachary,Johnson,75,46,0,0,27,48,0,9,9704,33,9704,37,30,0,0,79,1,4,4,24,0,0,51,2,63,1009,85,13,72,70,0,8,34,0,1,0,0,0,0,0,315,45,100,0,0,1,3,65,0,0,68,2,1,0,1,75,0,15,21,78,22,3,3838,27,0,1,100,18,70,51,50,0,0,0,0,57,12,34,25,36,26,54,23,11,0,8,8,82,47,22,58,75,0,78,141,1023,0,1,-19,0,0,7
45,3,3,2,2,20,Matthew,Wright,0,81,0,0,72,81,0,4,9708,1009,9708,73,27,0,0,63,1,4,4,20,0,0,58,2,63,1009,85,27,17,17,0,7,5,0,0,0,0,0,0,0,225,45,100,0,0,0,1,65,0,0,4,0,0,0,1,75,0,15,24,71,49,3,1028,28,0,1,100,95,44,72,57,0,0,0,0,2,12,96,5,17,26,11,0,24,0,19,19,17,4,10,5,0,0,72,19,1023,10,1,-19,0,0,68
45,2,2,7,7,15,Trenton,Irwin,176,81,0,0,21,90,0,9,9710,2,9710,87,28,0,0,84,1,4,4,86,0,0,83,2,63,1009,90,29,33,49,0,8,74,0,1,0,0,0,0,0,200,45,100,0,0,1,1,65,0,0,16,2,2,0,1,75,0,15,25,71,82,3,3643,71,0,1,100,22,66,72,74,0,0,0,0,1,23,79,13,27,28,8,28,26,0,3,3,56,0,12,8,176,0,74,47,1023,75,4,-19,0,0,7
45,5,5,7,7,13,Keandre,Jones,87,80,0,0,14,88,0,5,9711,33,9711,85,26,0,0,75,0,4,4,42,0,0,80,2,63,1009,89,74,45,45,0,8,19,0,0,0,0,0,0,0,111,45,100,0,0,1,3,65,0,0,47,2,1,0,1,75,0,15,30,64,81,3,3647,47,0,1,100,17,64,61,53,0,0,0,0,3,22,75,65,37,63,12,26,37,0,13,13,11,2,11,10,87,0,75,60,1023,30,3,-19,0,0,374
45,7,7,6,6,10,Matt,Sokol,0,76,0,0,14,78,0,4,9712,1009,9712,77,28,0,0,84,1,4,4,74,0,0,72,2,63,1009,92,42,63,64,0,8,47,0,1,0,0,0,0,0,118,45,100,0,0,0,3,65,0,0,87,2,0,0,1,75,0,15,25,60,75,3,4909,76,0,1,100,16,77,62,62,0,0,0,0,7,30,50,35,36,15,11,19,4,0,4,4,31,1,36,21,0,0,78,100,1023,30,1,-19,0,0,328
45,7,7,6,6,20,Tony,Jones Jr.,0,83,0,0,15,88,0,4,9716,1009,9716,86,26,0,0,84,0,4,4,59,0,0,79,2,63,1009,86,35,53,41,0,8,79,0,0,0,0,0,0,0,152,45,100,0,0,0,3,65,0,0,34,2,0,0,1,75,0,15,25,66,79,3,4961,91,0,1,100,19,69,78,68,0,0,0,0,25,13,22,40,24,13,37,14,3,0,1,1,2,20,42,23,0,0,71,64,1023,66,3,-19,0,0,368
45,5,5,7,7,18,Andrew,Dowell,94,81,0,0,12,87,0,4,9717,33,9717,84,27,0,0,76,1,4,4,61,0,0,82,2,63,1009,89,75,45,47,0,8,52,0,0,0,0,0,0,0,118,45,100,0,0,1,3,65,0,0,50,0,1,0,1,75,0,15,24,65,76,3,4964,66,0,1,100,13,70,73,68,0,0,0,0,1,25,77,4,20,10,13,41,50,0,15,15,18,4,26,11,94,0,73,65,1023,10,4,-19,0,0,374
45,7,7,4,4,6,Blake,Hance,176,83,0,0,21,64,0,4,9718,17,9718,62,27,0,0,82,1,4,4,43,0,0,62,2,63,1009,90,43,62,72,0,8,19,0,0,0,0,0,0,0,151,45,100,0,0,1,3,65,0,0,73,2,2,0,1,75,0,15,30,65,68,3,3887,41,0,1,100,22,85,62,75,0,0,0,0,3,32,39,18,45,30,9,23,14,0,9,5,21,6,42,22,176,0,78,150,1023,10,1,-19,0,0,418
45,4,4,0,0,66,Bryce,Perkins,0,78,0,0,33,89,0,5,9720,33,9720,88,27,0,0,86,1,4,4,56,0,0,83,2,63,1009,87,27,20,24,0,7,67,0,0,0,0,0,0,0,240,45,100,0,0,0,3,65,0,0,16,2,0,0,1,75,0,15,83,54,85,3,4925,62,0,1,100,35,67,56,50,0,0,0,0,3,24,67,3,2,15,10,14,16,0,0,0,57,3,9,7,0,0,75,54,1023,12,3,-19,0,0,388
45,4,4,3,3,24,D'Angelo,Ross,87,81,0,0,15,97,0,5,9721,33,9721,78,27,0,0,64,1,4,4,61,0,0,92,2,63,1009,68,61,24,19,0,8,25,0,0,0,0,0,0,0,145,45,100,0,0,1,3,65,0,0,37,2,1,0,1,75,0,15,27,78,97,3,4743,62,0,1,100,27,49,64,50,0,0,0,0,7,34,47,7,39,47,64,20,6,0,16,16,30,3,4,11,87,0,69,30,1023,83,1,-19,0,0,9
45,6,6,3,3,6,Benning,Potoa'e,0,77,0,0,14,76,0,9,9723,1009,9723,74,27,0,0,85,1,4,4,45,0,0,76,2,63,1009,89,79,45,45,0,8,35,0,0,0,0,0,0,0,252,45,100,0,0,0,3,65,0,0,79,2,0,0,1,75,0,15,11,61,72,3,3917,43,0,1,100,15,79,63,53,0,0,0,0,4,34,30,19,59,35,7,24,2,0,11,11,26,5,22,29,0,0,75,130,1023,10,1,-19,0,0,5
45,3,3,0,0,23,Arryn,Siposs,252,83,0,0,76,66,0,4,9728,13,9728,69,31,0,0,92,1,4,4,27,0,0,61,2,63,1009,85,29,17,14,0,8,5,0,2,0,0,0,0,0,14,45,100,0,0,1,3,65,0,0,10,0,3,0,1,75,0,15,38,71,64,3,4847,44,0,1,100,91,58,73,55,0,0,0,0,4,19,87,46,29,24,13,10,18,0,20,20,41,2,13,12,252,0,74,52,1023,10,2,-19,0,0,12
45,0,0,3,3,36,Corliss,Waitman,0,83,0,0,66,71,0,5,9729,1009,9729,70,28,0,0,77,1,4,4,50,0,0,65,2,63,1009,88,35,16,21,0,7,27,0,0,0,0,0,0,0,379,45,100,0,0,0,3,65,1,0,39,2,0,2,1,75,0,15,45,69,68,3,3863,53,0,1,100,93,46,70,54,0,0,0,0,0,8,74,49,27,29,11,10,15,0,20,20,46,5,7,7,0,0,74,50,1023,10,0,-19,0,0,491
45,2,2,3,3,24,Matt,Ammendola,0,86,0,0,63,74,0,4,9730,1009,9730,68,27,0,0,75,1,4,4,25,0,0,65,2,63,1009,90,30,17,16,0,7,13,0,0,0,0,0,0,0,158,45,100,0,0,0,3,65,0,0,19,2,0,0,1,75,0,15,29,64,73,3,579,34,0,1,100,91,52,65,50,0,0,0,0,2,16,73,26,18,32,7,13,26,0,19,19,24,0,4,8,0,0,69,35,1023,10,1,-19,0,0,171
45,5,5,5,5,25,Sammis,Reyes,0,75,0,0,26,88,0,7,9732,33,9732,84,28,0,0,74,1,4,4,74,0,0,74,2,63,1009,86,43,52,56,0,8,66,0,0,0,0,0,0,0,265,45,100,0,0,1,3,65,0,0,80,2,1,0,1,75,0,15,39,57,90,3,4184,70,0,1,100,32,81,58,43,0,0,0,0,7,31,59,4,12,37,8,43,35,0,4,4,37,4,35,24,87,0,77,100,1023,15,2,-19,0,0,219
45,0,0,0,0,50,New,Player,0,50,0,184,50,50,0,7,32755,1023,32755,50,21,0,0,50,0,0,0,50,0,0,50,2,63,1023,50,50,50,50,0,0,50,0,2,0,0,0,0,0,214,45,0,0,0,0,0,65,0,0,53,2,1,0,1,75,0,15,50,99,50,0,0,50,0,1,100,50,50,25,50,0,0,0,0,3,15,73,32,12,26,10,7,13,0,0,0,54,4,11,10,250,0,72,40,999,50,31,-31,0,0,204
45,0,0,0,0,50,New,Player,0,50,0,184,50,50,0,7,32755,1023,32755,50,21,0,0,50,0,0,0,50,0,0,50,2,63,1023,50,50,50,50,0,0,50,0,2,0,0,0,0,0,214,45,0,0,0,0,0,65,0,0,53,2,1,0,1,75,0,15,50,99,50,0,0,50,0,1,100,50,50,25,50,0,0,0,0,3,15,73,32,12,26,10,7,13,0,0,0,54,4,11,10,250,0,72,40,999,50,31,-31,0,0,204
45,0,0,0,0,50,New,Player,0,50,0,184,50,50,0,7,32755,1023,32755,50,21,0,0,50,0,0,0,50,0,0,50,2,63,1023,50,50,50,50,0,0,50,0,2,0,0,0,0,0,214,45,0,0,0,0,0,65,0,0,53,2,1,0,1,75,0,15,50,99,50,0,0,50,0,1,100,50,50,25,50,0,0,0,0,3,15,73,32,12,26,10,7,13,0,0,0,54,4,11,10,250,0,72,40,999,50,31,-31,0,0,204
45,0,0,0,0,50,New,Player,0,50,0,184,50,50,0,7,32755,1023,32755,50,21,0,0,50,0,0,0,50,0,0,50,2,63,1023,50,50,50,50,0,0,50,0,2,0,0,0,0,0,214,45,0,0,0,0,0,65,0,0,53,2,1,0,1,75,0,15,50,99,50,0,0,50,0,1,100,50,50,25,50,0,0,0,0,3,15,73,32,12,26,10,7,13,0,0,0,54,4,11,10,250,0,72,40,999,50,31,-31,0,0,204
45,0,0,0,0,50,New,Player,0,50,0,184,50,50,0,7,32755,1023,32755,50,21,0,0,50,0,0,0,50,0,0,50,2,63,1023,50,50,50,50,0,0,50,0,2,0,0,0,0,0,214,45,0,0,0,0,0,65,0,0,53,2,1,0,1,75,0,15,50,99,50,0,0,50,0,1,100,50,50,25,50,0,0,0,0,3,15,73,32,12,26,10,7,13,0,0,0,54,4,11,10,250,0,72,40,999,50,31,-31,0,0,204
45,0,0,0,0,50,New,Player,0,50,0,184,50,50,0,7,32755,1023,32755,50,21,0,0,50,0,0,0,50,0,0,50,2,63,1023,50,50,50,50,0,0,50,0,2,0,0,0,0,0,214,45,0,0,0,0,0,65,0,0,53,2,1,0,1,75,0,15,50,99,50,0,0,50,0,1,100,50,50,25,50,0,0,0,0,3,15,73,32,12,26,10,7,13,0,0,0,54,4,11,10,250,0,72,40,999,50,31,-31,0,0,204
45,0,0,0,0,50,New,Player,0,50,0,184,50,50,0,7,32755,1023,32755,50,21,0,0,50,0,0,0,50,0,0,50,2,63,1023,50,50,50,50,0,0,50,0,2,0,0,0,0,0,214,45,0,0,0,0,0,65,0,0,53,2,1,0,1,75,0,15,50,99,50,0,0,50,0,1,100,50,50,25,50,0,0,0,0,3,15,73,32,12,26,10,7,13,0,0,0,54,4,11,10,250,0,72,40,999,50,31,-31,0,0,204
45,0,0,0,0,50,New,Player,0,50,0,184,50,50,0,7,32755,1023,32755,50,21,0,0,50,0,0,0,50,0,0,50,2,63,1023,50,50,50,50,0,0,50,0,2,0,0,0,0,0,214,45,0,0,0,0,0,65,0,0,53,2,1,0,1,75,0,15,50,99,50,0,0,50,0,1,100,50,50,25,50,0,0,0,0,3,15,73,32,12,26,10,7,13,0,0,0,54,4,11,10,250,0,72,40,999,50,31,-31,0,0,204
45,0,0,0,0,50,New,Player,0,50,0,184,50,50,0,7,32755,1023,32755,50,21,0,0,50,0,0,0,50,0,0,50,2,63,1023,50,50,50,50,0,0,50,0,2,0,0,0,0,0,214,45,0,0,0,0,0,65,0,0,53,2,1,0,1,75,0,15,50,99,50,0,0,50,0,1,100,50,50,25,50,0,0,0,0,3,15,73,32,12,26,10,7,13,0,0,0,54,4,11,10,250,0,72,40,999,50,31,-31,0,0,204
45,0,0,0,0,50,New,Player,0,50,0,184,50,50,0,7,32755,1023,32755,50,21,0,0,50,0,0,0,50,0,0,50,2,63,1023,50,50,50,50,0,0,50,0,2,0,0,0,0,0,214,45,0,0,0,0,0,65,0,0,53,2,1,0,1,75,0,15,50,99,50,0,0,50,0,1,100,50,50,25,50,0,0,0,0,3,15,73,32,12,26,10,7,13,0,0,0,54,4,11,10,250,0,72,40,999,50,31,-31,0,0,204
45,0,0,0,0,50,New,Player,0,50,0,184,50,50,0,7,32755,1023,32755,50,21,0,0,50,0,0,0,50,0,0,50,2,63,1023,50,50,50,50,0,0,50,0,2,0,0,0,0,0,214,45,0,0,0,0,0,65,0,0,53,2,1,0,1,75,0,15,50,99,50,0,0,50,0,1,100,50,50,25,50,0,0,0,0,3,15,73,32,12,26,10,7,13,0,0,0,54,4,11,10,250,0,72,40,999,50,31,-31,0,0,204
45,0,0,0,0,50,New,Player,0,50,0,184,50,50,0,7,32755,1023,32755,50,21,0,0,50,0,0,0,50,0,0,50,2,63,1023,50,50,50,50,0,0,50,0,2,0,0,0,0,0,214,45,0,0,0,0,0,65,0,0,53,2,1,0,1,75,0,15,50,99,50,0,0,50,0,1,100,50,50,25,50,0,0,0,0,3,15,73,32,12,26,10,7,13,0,0,0,54,4,11,10,250,0,72,40,999,50,31,-31,0,0,204
45,0,0,0,0,50,New,Player,0,50,0,184,50,50,0,7,32755,1023,32755,50,21,0,0,50,0,0,0,50,0,0,50,2,63,1023,50,50,50,50,0,0,50,0,2,0,0,0,0,0,214,45,0,0,0,0,0,65,0,0,53,2,1,0,1,75,0,15,50,99,50,0,0,50,0,1,100,50,50,25,50,0,0,0,0,3,15,73,32,12,26,10,7,13,0,0,0,54,4,11,10,250,0,72,40,999,50,31,-31,0,0,204
45,0,0,0,0,50,New,Player,0,50,0,184,50,50,0,7,32755,1023,32755,50,21,0,0,50,0,0,0,50,0,0,50,2,63,1023,50,50,50,50,0,0,50,0,2,0,0,0,0,0,214,45,0,0,0,0,0,65,0,0,53,2,1,0,1,75,0,15,50,99,50,0,0,50,0,1,100,50,50,25,50,0,0,0,0,3,15,73,32,12,26,10,7,13,0,0,0,54,4,11,10,250,0,72,40,999,50,31,-31,0,0,204
45,0,0,0,0,50,New,Player,0,50,0,184,50,50,0,7,32755,1023,32755,50,21,0,0,50,0,0,0,50,0,0,50,2,63,1023,50,50,50,50,0,0,50,0,2,0,0,0,0,0,214,45,0,0,0,0,0,65,0,0,53,2,1,0,1,75,0,15,50,99,50,0,0,50,0,1,100,50,50,25,50,0,0,0,0,3,15,73,32,12,26,10,7,13,0,0,0,54,4,11,10,250,0,72,40,999,50,31,-31,0,0,204
45,0,0,0,0,50,New,Player,0,50,0,184,50,50,0,7,32755,1023,32755,50,21,0,0,50,0,0,0,50,0,0,50,2,63,1023,50,50,50,50,0,0,50,0,2,0,0,0,0,0,214,45,0,0,0,0,0,65,0,0,53,2,1,0,1,75,0,15,50,99,50,0,0,50,0,1,100,50,50,25,50,0,0,0,0,3,15,73,32,12,26,10,7,13,0,0,0,54,4,11,10,250,0,72,40,999,50,31,-31,0,0,204
45,0,0,0,0,50,New,Player,0,50,0,184,50,50,0,7,32755,1023,32755,50,21,0,0,50,0,0,0,50,0,0,50,2,63,1023,50,50,50,50,0,0,50,0,2,0,0,0,0,0,214,45,0,0,0,0,0,65,0,0,53,2,1,0,1,75,0,15,50,99,50,0,0,50,0,1,100,50,50,25,50,0,0,0,0,3,15,73,32,12,26,10,7,13,0,0,0,54,4,11,10,250,0,72,40,999,50,31,-31,0,0,204
45,0,0,0,0,50,New,Player,0,50,0,184,50,50,0,7,32755,1023,32755,50,21,0,0,50,0,0,0,50,0,0,50,2,63,1023,50,50,50,50,0,0,50,0,2,0,0,0,0,0,214,45,0,0,0,0,0,65,0,0,53,2,1,0,1,75,0,15,50,99,50,0,0,50,0,1,100,50,50,25,50,0,0,0,0,3,15,73,32,12,26,10,7,13,0,0,0,54,4,11,10,250,0,72,40,999,50,31,-31,0,0,204
45,0,0,0,0,50,New,Player,0,50,0,184,50,50,0,7,32755,1023,32755,50,21,0,0,50,0,0,0,50,0,0,50,2,63,1023,50,50,50,50,0,0,50,0,2,0,0,0,0,0,214,45,0,0,0,0,0,65,0,0,53,2,1,0,1,75,0,15,50,99,50,0,0,50,0,1,100,50,50,25,50,0,0,0,0,3,15,73,32,12,26,10,7,13,0,0,0,54,4,11,10,250,0,72,40,999,50,31,-31,0,0,204
45,0,0,0,0,50,New,Player,0,50,0,184,50,50,0,7,32755,1023,32755,50,21,0,0,50,0,0,0,50,0,0,50,2,63,1023,50,50,50,50,0,0,50,0,2,0,0,0,0,0,214,45,0,0,0,0,0,65,0,0,53,2,1,0,1,75,0,15,50,99,50,0,0,50,0,1,100,50,50,25,50,0,0,0,0,3,15,73,32,12,26,10,7,13,0,0,0,54,4,11,10,250,0,72,40,999,50,31,-31,0,0,204
45,0,0,0,0,50,New,Player,0,50,0,184,50,50,0,7,32755,1023,32755,50,21,0,0,50,0,0,0,50,0,0,50,2,63,1023,50,50,50,50,0,0,50,0,2,0,0,0,0,0,214,45,0,0,0,0,0,65,0,0,53,2,1,0,1,75,0,15,50,99,50,0,0,50,0,1,100,50,50,25,50,0,0,0,0,3,15,73,32,12,26,10,7,13,0,0,0,54,4,11,10,250,0,72,40,999,50,31,-31,0,0,204
45,0,0,0,0,50,New,Player,0,50,0,184,50,50,0,7,32755,1023,32755,50,21,0,0,50,0,0,0,50,0,0,50,2,63,1023,50,50,50,50,0,0,50,0,2,0,0,0,0,0,214,45,0,0,0,0,0,65,0,0,53,2,1,0,1,75,0,15,50,99,50,0,0,50,0,1,100,50,50,25,50,0,0,0,0,3,15,73,32,12,26,10,7,13,0,0,0,54,4,11,10,250,0,72,40,999,50,31,-31,0,0,204
45,0,0,0,0,50,New,Player,0,50,0,184,50,50,0,7,32755,1023,32755,50,21,0,0,50,0,0,0,50,0,0,50,2,63,1023,50,50,50,50,0,0,50,0,2,0,0,0,0,0,214,45,0,0,0,0,0,65,0,0,53,2,1,0,1,75,0,15,50,99,50,0,0,50,0,1,100,50,50,25,50,0,0,0,0,3,15,73,32,12,26,10,7,13,0,0,0,54,4,11,10,250,0,72,40,999,50,31,-31,0,0,204
45,0,0,0,0,50,New,Player,0,50,0,184,50,50,0,7,32755,1023,32755,50,21,0,0,50,0,0,0,50,0,0,50,2,63,1023,50,50,50,50,0,0,50,0,2,0,0,0,0,0,214,45,0,0,0,0,0,65,0,0,53,2,1,0,1,75,0,15,50,99,50,0,0,50,0,1,100,50,50,25,50,0,0,0,0,3,15,73,32,12,26,10,7,13,0,0,0,54,4,11,10,250,0,72,40,999,50,31,-31,0,0,204
45,0,0,0,0,50,New,Player,0,50,0,184,50,50,0,7,32755,1023,32755,50,21,0,0,50,0,0,0,50,0,0,50,2,63,1023,50,50,50,50,0,0,50,0,2,0,0,0,0,0,214,45,0,0,0,0,0,65,0,0,53,2,1,0,1,75,0,15,50,99,50,0,0,50,0,1,100,50,50,25,50,0,0,0,0,3,15,73,32,12,26,10,7,13,0,0,0,54,4,11,10,250,0,72,40,999,50,31,-31,0,0,204
45,0,0,0,0,50,New,Player,0,50,0,184,50,50,0,7,32755,1023,32755,50,21,0,0,50,0,0,0,50,0,0,50,2,63,1023,50,50,50,50,0,0,50,0,2,0,0,0,0,0,214,45,0,0,0,0,0,65,0,0,53,2,1,0,1,75,0,15,50,99,50,0,0,50,0,1,100,50,50,25,50,0,0,0,0,3,15,73,32,12,26,10,7,13,0,0,0,54,4,11,10,250,0,72,40,999,50,31,-31,0,0,204
45,0,0,0,0,50,New,Player,0,50,0,184,50,50,0,7,32755,1023,32755,50,21,0,0,50,0,0,0,50,0,0,50,2,63,1023,50,50,50,50,0,0,50,0,2,0,0,0,0,0,214,45,0,0,0,0,0,65,0,0,53,2,1,0,1,75,0,15,50,99,50,0,0,50,0,1,100,50,50,25,50,0,0,0,0,3,15,73,32,12,26,10,7,13,0,0,0,54,4,11,10,250,0,72,40,999,50,31,-31,0,0,204
45,0,0,0,0,50,New,Player,0,50,0,184,50,50,0,7,32755,1023,32755,50,21,0,0,50,0,0,0,50,0,0,50,2,63,1023,50,50,50,50,0,0,50,0,2,0,0,0,0,0,214,45,0,0,0,0,0,65,0,0,53,2,1,0,1,75,0,15,50,99,50,0,0,50,0,1,100,50,50,25,50,0,0,0,0,3,15,73,32,12,26,10,7,13,0,0,0,54,4,11,10,250,0,72,40,999,50,31,-31,0,0,204
45,0,0,0,0,50,New,Player,0,50,0,184,50,50,0,7,32755,1023,32755,50,21,0,0,50,0,0,0,50,0,0,50,2,63,1023,50,50,50,50,0,0,50,0,2,0,0,0,0,0,214,45,0,0,0,0,0,65,0,0,53,2,1,0,1,75,0,15,50,99,50,0,0,50,0,1,100,50,50,25,50,0,0,0,0,3,15,73,32,12,26,10,7,13,0,0,0,54,4,11,10,250,0,72,40,999,50,31,-31,0,0,204
45,0,0,0,0,50,New,Player,0,50,0,184,50,50,0,7,32755,1023,32755,50,21,0,0,50,0,0,0,50,0,0,50,2,63,1023,50,50,50,50,0,0,50,0,2,0,0,0,0,0,214,45,0,0,0,0,0,65,0,0,53,2,1,0,1,75,0,15,50,99,50,0,0,50,0,1,100,50,50,25,50,0,0,0,0,3,15,73,32,12,26,10,7,13,0,0,0,54,4,11,10,250,0,72,40,999,50,31,-31,0,0,204
45,0,0,0,0,50,New,Player,0,50,0,184,50,50,0,7,32755,1023,32755,50,21,0,0,50,0,0,0,50,0,0,50,2,63,1023,50,50,50,50,0,0,50,0,2,0,0,0,0,0,214,45,0,0,0,0,0,65,0,0,53,2,1,0,1,75,0,15,50,99,50,0,0,50,0,1,100,50,50,25,50,0,0,0,0,3,15,73,32,12,26,10,7,13,0,0,0,54,4,11,10,250,0,72,40,999,50,31,-31,0,0,204
45,0,0,0,0,50,New,Player,0,50,0,184,50,50,0,7,32755,1023,32755,50,21,0,0,50,0,0,0,50,0,0,50,2,63,1023,50,50,50,50,0,0,50,0,2,0,0,0,0,0,214,45,0,0,0,0,0,65,0,0,53,2,1,0,1,75,0,15,50,99,50,0,0,50,0,1,100,50,50,25,50,0,0,0,0,3,15,73,32,12,26,10,7,13,0,0,0,54,4,11,10,250,0,72,40,999,50,31,-31,0,0,204
45,0,0,0,0,50,New,Player,0,50,0,184,50,50,0,7,32755,1023,32755,50,21,0,0,50,0,0,0,50,0,0,50,2,63,1023,50,50,50,50,0,0,50,0,2,0,0,0,0,0,214,45,0,0,0,0,0,65,0,0,53,2,1,0,1,75,0,15,50,99,50,0,0,50,0,1,100,50,50,25,50,0,0,0,0,3,15,73,32,12,26,10,7,13,0,0,0,54,4,11,10,250,0,72,40,999,50,31,-31,0,0,204
45,0,0,0,0,50,New,Player,0,50,0,184,50,50,0,7,32755,1023,32755,50,21,0,0,50,0,0,0,50,0,0,50,2,63,1023,50,50,50,50,0,0,50,0,2,0,0,0,0,0,214,45,0,0,0,0,0,65,0,0,53,2,1,0,1,75,0,15,50,99,50,0,0,50,0,1,100,50,50,25,50,0,0,0,0,3,15,73,32,12,26,10,7,13,0,0,0,54,4,11,10,250,0,72,40,999,50,31,-31,0,0,204
45,0,0,0,0,50,New,Player,0,50,0,184,50,50,0,7,32755,1023,32755,50,21,0,0,50,0,0,0,50,0,0,50,2,63,1023,50,50,50,50,0,0,50,0,2,0,0,0,0,0,214,45,0,0,0,0,0,65,0,0,53,2,1,0,1,75,0,15,50,99,50,0,0,50,0,1,100,50,50,25,50,0,0,0,0,3,15,73,32,12,26,10,7,13,0,0,0,54,4,11,10,250,0,72,40,999,50,31,-31,0,0,204
45,0,0,0,0,50,New,Player,0,50,0,184,50,50,0,7,32755,1023,32755,50,21,0,0,50,0,0,0,50,0,0,50,2,63,1023,50,50,50,50,0,0,50,0,2,0,0,0,0,0,214,45,0,0,0,0,0,65,0,0,53,2,1,0,1,75,0,15,50,99,50,0,0,50,0,1,100,50,50,25,50,0,0,0,0,3,15,73,32,12,26,10,7,13,0,0,0,54,4,11,10,250,0,72,40,999,50,31,-31,0,0,204
45,0,0,0,0,50,New,Player,0,50,0,184,50,50,0,7,32755,1023,32755,50,21,0,0,50,0,0,0,50,0,0,50,2,63,1023,50,50,50,50,0,0,50,0,2,0,0,0,0,0,214,45,0,0,0,0,0,65,0,0,53,2,1,0,1,75,0,15,50,99,50,0,0,50,0,1,100,50,50,25,50,0,0,0,0,3,15,73,32,12,26,10,7,13,0,0,0,54,4,11,10,250,0,72,40,999,50,31,-31,0,0,204
45,0,0,0,0,50,New,Player,0,50,0,184,50,50,0,7,32755,1023,32755,50,21,0,0,50,0,0,0,50,0,0,50,2,63,1023,50,50,50,50,0,0,50,0,2,0,0,0,0,0,214,45,0,0,0,0,0,65,0,0,53,2,1,0,1,75,0,15,50,99,50,0,0,50,0,1,100,50,50,25,50,0,0,0,0,3,15,73,32,12,26,10,7,13,0,0,0,54,4,11,10,250,0,72,40,999,50,31,-31,0,0,204
45,0,0,0,0,50,New,Player,0,50,0,184,50,50,0,7,32755,1023,32755,50,21,0,0,50,0,0,0,50,0,0,50,2,63,1023,50,50,50,50,0,0,50,0,2,0,0,0,0,0,214,45,0,0,0,0,0,65,0,0,53,2,1,0,1,75,0,15,50,99,50,0,0,50,0,1,100,50,50,25,50,0,0,0,0,3,15,73,32,12,26,10,7,13,0,0,0,54,4,11,10,250,0,72,40,999,50,31,-31,0,0,204
45,0,0,0,0,50,New,Player,0,50,0,184,50,50,0,7,32755,1023,32755,50,21,0,0,50,0,0,0,50,0,0,50,2,63,1023,50,50,50,50,0,0,50,0,2,0,0,0,0,0,214,45,0,0,0,0,0,65,0,0,53,2,1,0,1,75,0,15,50,99,50,0,0,50,0,1,100,50,50,25,50,0,0,0,0,3,15,73,32,12,26,10,7,13,0,0,0,54,4,11,10,250,0,72,40,999,50,31,-31,0,0,204
45,0,0,0,0,50,New,Player,0,50,0,184,50,50,0,7,32755,1023,32755,50,21,0,0,50,0,0,0,50,0,0,50,2,63,1023,50,50,50,50,0,0,50,0,2,0,0,0,0,0,214,45,0,0,0,0,0,65,0,0,53,2,1,0,1,75,0,15,50,99,50,0,0,50,0,1,100,50,50,25,50,0,0,0,0,3,15,73,32,12,26,10,7,13,0,0,0,54,4,11,10,250,0,72,40,999,50,31,-31,0,0,204
45,0,0,0,0,50,New,Player,0,50,0,184,50,50,0,7,32755,1023,32755,50,21,0,0,50,0,0,0,50,0,0,50,2,63,1023,50,50,50,50,0,0,50,0,2,0,0,0,0,0,214,45,0,0,0,0,0,65,0,0,53,2,1,0,1,75,0,15,50,99,50,0,0,50,0,1,100,50,50,25,50,0,0,0,0,3,15,73,32,12,26,10,7,13,0,0,0,54,4,11,10,250,0,72,40,999,50,31,-31,0,0,204
45,0,0,0,0,50,New,Player,0,50,0,184,50,50,0,7,32755,1023,32755,50,21,0,0,50,0,0,0,50,0,0,50,2,63,1023,50,50,50,50,0,0,50,0,2,0,0,0,0,0,214,45,0,0,0,0,0,65,0,0,53,2,1,0,1,75,0,15,50,99,50,0,0,50,0,1,100,50,50,25,50,0,0,0,0,3,15,73,32,12,26,10,7,13,0,0,0,54,4,11,10,250,0,72,40,999,50,31,-31,0,0,204
45,0,0,0,0,50,New,Player,0,50,0,184,50,50,0,7,32755,1023,32755,50,21,0,0,50,0,0,0,50,0,0,50,2,63,1023,50,50,50,50,0,0,50,0,2,0,0,0,0,0,214,45,0,0,0,0,0,65,0,0,53,2,1,0,1,75,0,15,50,99,50,0,0,50,0,1,100,50,50,25,50,0,0,0,0,3,15,73,32,12,26,10,7,13,0,0,0,54,4,11,10,250,0,72,40,999,50,31,-31,0,0,204
45,0,0,0,0,50,New,Player,0,50,0,184,50,50,0,7,32755,1023,32755,50,21,0,0,50,0,0,0,50,0,0,50,2,63,1023,50,50,50,50,0,0,50,0,2,0,0,0,0,0,214,45,0,0,0,0,0,65,0,0,53,2,1,0,1,75,0,15,50,99,50,0,0,50,0,1,100,50,50,25,50,0,0,0,0,3,15,73,32,12,26,10,7,13,0,0,0,54,4,11,10,250,0,72,40,999,50,31,-31,0,0,204
45,0,0,0,0,50,New,Player,0,50,0,184,50,50,0,7,32755,1023,32755,50,21,0,0,50,0,0,0,50,0,0,50,2,63,1023,50,50,50,50,0,0,50,0,2,0,0,0,0,0,214,45,0,0,0,0,0,65,0,0,53,2,1,0,1,75,0,15,50,99,50,0,0,50,0,1,100,50,50,25,50,0,0,0,0,3,15,73,32,12,26,10,7,13,0,0,0,54,4,11,10,250,0,72,40,999,50,31,-31,0,0,204
45,0,0,0,0,50,New,Player,0,50,0,184,50,50,0,7,32755,1023,32755,50,21,0,0,50,0,0,0,50,0,0,50,2,63,1023,50,50,50,50,0,0,50,0,2,0,0,0,0,0,214,45,0,0,0,0,0,65,0,0,53,2,1,0,1,75,0,15,50,99,50,0,0,50,0,1,100,50,50,25,50,0,0,0,0,3,15,73,32,12,26,10,7,13,0,0,0,54,4,11,10,250,0,72,40,999,50,31,-31,0,0,204
45,0,0,0,0,50,New,Player,0,50,0,184,50,50,0,7,32755,1023,32755,50,21,0,0,50,0,0,0,50,0,0,50,2,63,1023,50,50,50,50,0,0,50,0,2,0,0,0,0,0,214,45,0,0,0,0,0,65,0,0,53,2,1,0,1,75,0,15,50,99,50,0,0,50,0,1,100,50,50,25,50,0,0,0,0,3,15,73,32,12,26,10,7,13,0,0,0,54,4,11,10,250,0,72,40,999,50,31,-31,0,0,204
45,0,0,0,0,50,New,Player,0,50,0,184,50,50,0,7,32755,1023,32755,50,21,0,0,50,0,0,0,50,0,0,50,2,63,1023,50,50,50,50,0,0,50,0,2,0,0,0,0,0,214,45,0,0,0,0,0,65,0,0,53,2,1,0,1,75,0,15,50,99,50,0,0,50,0,1,100,50,50,25,50,0,0,0,0,3,15,73,32,12,26,10,7,13,0,0,0,54,4,11,10,250,0,72,40,999,50,31,-31,0,0,204
45,0,0,0,0,50,New,Player,0,50,0,184,50,50,0,7,32755,1023,32755,50,21,0,0,50,0,0,0,50,0,0,50,2,63,1023,50,50,50,50,0,0,50,0,2,0,0,0,0,0,214,45,0,0,0,0,0,65,0,0,53,2,1,0,1,75,0,15,50,99,50,0,0,50,0,1,100,50,50,25,50,0,0,0,0,3,15,73,32,12,26,10,7,13,0,0,0,54,4,11,10,250,0,72,40,999,50,31,-31,0,0,204
45,0,0,0,0,50,New,Player,0,50,0,184,50,50,0,7,32755,1023,32755,50,21,0,0,50,0,0,0,50,0,0,50,2,63,1023,50,50,50,50,0,0,50,0,2,0,0,0,0,0,214,45,0,0,0,0,0,65,0,0,53,2,1,0,1,75,0,15,50,99,50,0,0,50,0,1,100,50,50,25,50,0,0,0,0,3,15,73,32,12,26,10,7,13,0,0,0,54,4,11,10,250,0,72,40,999,50,31,-31,0,0,204
45,0,0,0,0,50,New,Player,0,50,0,184,50,50,0,7,32755,1023,32755,50,21,0,0,50,0,0,0,50,0,0,50,2,63,1023,50,50,50,50,0,0,50,0,2,0,0,0,0,0,214,45,0,0,0,0,0,65,0,0,53,2,1,0,1,75,0,15,50,99,50,0,0,50,0,1,100,50,50,25,50,0,0,0,0,3,15,73,32,12,26,10,7,13,0,0,0,54,4,11,10,250,0,72,40,999,50,31,-31,0,0,204
45,0,0,0,0,50,New,Player,0,50,0,184,50,50,0,7,32755,1023,32755,50,21,0,0,50,0,0,0,50,0,0,50,2,63,1023,50,50,50,50,0,0,50,0,2,0,0,0,0,0,214,45,0,0,0,0,0,65,0,0,53,2,1,0,1,75,0,15,50,99,50,0,0,50,0,1,100,50,50,25,50,0,0,0,0,3,15,73,32,12,26,10,7,13,0,0,0,54,4,11,10,250,0,72,40,999,50,31,-31,0,0,204
45,0,0,0,0,50,New,Player,0,50,0,184,50,50,0,7,32755,1023,32755,50,21,0,0,50,0,0,0,50,0,0,50,2,63,1023,50,50,50,50,0,0,50,0,2,0,0,0,0,0,214,45,0,0,0,0,0,65,0,0,53,2,1,0,1,75,0,15,50,99,50,0,0,50,0,1,100,50,50,25,50,0,0,0,0,3,15,73,32,12,26,10,7,13,0,0,0,54,4,11,10,250,0,72,40,999,50,31,-31,0,0,204
45,0,0,0,0,50,New,Player,0,50,0,184,50,50,0,7,32755,1023,32755,50,21,0,0,50,0,0,0,50,0,0,50,2,63,1023,50,50,50,50,0,0,50,0,2,0,0,0,0,0,214,45,0,0,0,0,0,65,0,0,53,2,1,0,1,75,0,15,50,99,50,0,0,50,0,1,100,50,50,25,50,0,0,0,0,3,15,73,32,12,26,10,7,13,0,0,0,54,4,11,10,250,0,72,40,999,50,31,-31,0,0,204
45,0,0,0,0,50,New,Player,0,50,0,184,50,50,0,7,32755,1023,32755,50,21,0,0,50,0,0,0,50,0,0,50,2,63,1023,50,50,50,50,0,0,50,0,2,0,0,0,0,0,214,45,0,0,0,0,0,65,0,0,53,2,1,0,1,75,0,15,50,99,50,0,0,50,0,1,100,50,50,25,50,0,0,0,0,3,15,73,32,12,26,10,7,13,0,0,0,54,4,11,10,250,0,72,40,999,50,31,-31,0,0,204
45,0,0,0,0,50,New,Player,0,50,0,184,50,50,0,7,32755,1023,32755,50,21,0,0,50,0,0,0,50,0,0,50,2,63,1023,50,50,50,50,0,0,50,0,2,0,0,0,0,0,214,45,0,0,0,0,0,65,0,0,53,2,1,0,1,75,0,15,50,99,50,0,0,50,0,1,100,50,50,25,50,0,0,0,0,3,15,73,32,12,26,10,7,13,0,0,0,54,4,11,10,250,0,72,40,999,50,31,-31,0,0,204
45,0,0,0,0,50,New,Player,0,50,0,184,50,50,0,7,32755,1023,32755,50,21,0,0,50,0,0,0,50,0,0,50,2,63,1023,50,50,50,50,0,0,50,0,2,0,0,0,0,0,214,45,0,0,0,0,0,65,0,0,53,2,1,0,1,75,0,15,50,99,50,0,0,50,0,1,100,50,50,25,50,0,0,0,0,3,15,73,32,12,26,10,7,13,0,0,0,54,4,11,10,250,0,72,40,999,50,31,-31,0,0,204
45,0,0,0,0,50,New,Player,0,50,0,184,50,50,0,7,32755,1023,32755,50,21,0,0,50,0,0,0,50,0,0,50,2,63,1023,50,50,50,50,0,0,50,0,2,0,0,0,0,0,214,45,0,0,0,0,0,65,0,0,53,2,1,0,1,75,0,15,50,99,50,0,0,50,0,1,100,50,50,25,50,0,0,0,0,3,15,73,32,12,26,10,7,13,0,0,0,54,4,11,10,250,0,72,40,999,50,31,-31,0,0,204
45,0,0,0,0,50,New,Player,0,50,0,184,50,50,0,7,32755,1023,32755,50,21,0,0,50,0,0,0,50,0,0,50,2,63,1023,50,50,50,50,0,0,50,0,2,0,0,0,0,0,214,45,0,0,0,0,0,65,0,0,53,2,1,0,1,75,0,15,50,99,50,0,0,50,0,1,100,50,50,25,50,0,0,0,0,3,15,73,32,12,26,10,7,13,0,0,0,54,4,11,10,250,0,72,40,999,50,31,-31,0,0,204
45,0,0,0,0,50,New,Player,0,50,0,184,50,50,0,7,32755,1023,32755,50,21,0,0,50,0,0,0,50,0,0,50,2,63,1023,50,50,50,50,0,0,50,0,2,0,0,0,0,0,214,45,0,0,0,0,0,65,0,0,53,2,1,0,1,75,0,15,50,99,50,0,0,50,0,1,100,50,50,25,50,0,0,0,0,3,15,73,32,12,26,10,7,13,0,0,0,54,4,11,10,250,0,72,40,999,50,31,-31,0,0,204
45,0,0,0,0,50,New,Player,0,50,0,184,50,50,0,7,32755,1023,32755,50,21,0,0,50,0,0,0,50,0,0,50,2,63,1023,50,50,50,50,0,0,50,0,2,0,0,0,0,0,214,45,0,0,0,0,0,65,0,0,53,2,1,0,1,75,0,15,50,99,50,0,0,50,0,1,100,50,50,25,50,0,0,0,0,3,15,73,32,12,26,10,7,13,0,0,0,54,4,11,10,250,0,72,40,999,50,31,-31,0,0,204
45,0,0,0,0,50,New,Player,0,50,0,184,50,50,0,7,32755,1023,32755,50,21,0,0,50,0,0,0,50,0,0,50,2,63,1023,50,50,50,50,0,0,50,0,2,0,0,0,0,0,214,45,0,0,0,0,0,65,0,0,53,2,1,0,1,75,0,15,50,99,50,0,0,50,0,1,100,50,50,25,50,0,0,0,0,3,15,73,32,12,26,10,7,13,0,0,0,54,4,11,10,250,0,72,40,999,50,31,-31,0,0,204
45,0,0,0,0,50,New,Player,0,50,0,184,50,50,0,7,32755,1023,32755,50,21,0,0,50,0,0,0,50,0,0,50,2,63,1023,50,50,50,50,0,0,50,0,2,0,0,0,0,0,214,45,0,0,0,0,0,65,0,0,53,2,1,0,1,75,0,15,50,99,50,0,0,50,0,1,100,50,50,25,50,0,0,0,0,3,15,73,32,12,26,10,7,13,0,0,0,54,4,11,10,250,0,72,40,999,50,31,-31,0,0,204
45,0,0,0,0,50,New,Player,0,50,0,184,50,50,0,7,32755,1023,32755,50,21,0,0,50,0,0,0,50,0,0,50,2,63,1023,50,50,50,50,0,0,50,0,2,0,0,0,0,0,214,45,0,0,0,0,0,65,0,0,53,2,1,0,1,75,0,15,50,99,50,0,0,50,0,1,100,50,50,25,50,0,0,0,0,3,15,73,32,12,26,10,7,13,0,0,0,54,4,11,10,250,0,72,40,999,50,31,-31,0,0,204
45,0,0,0,0,50,New,Player,0,50,0,184,50,50,0,7,32755,1023,32755,50,21,0,0,50,0,0,0,50,0,0,50,2,63,1023,50,50,50,50,0,0,50,0,2,0,0,0,0,0,214,45,0,0,0,0,0,65,0,0,53,2,1,0,1,75,0,15,50,99,50,0,0,50,0,1,100,50,50,25,50,0,0,0,0,3,15,73,32,12,26,10,7,13,0,0,0,54,4,11,10,250,0,72,40,999,50,31,-31,0,0,204
45,0,0,0,0,50,New,Player,0,50,0,184,50,50,0,7,32755,1023,32755,50,21,0,0,50,0,0,0,50,0,0,50,2,63,1023,50,50,50,50,0,0,50,0,2,0,0,0,0,0,214,45,0,0,0,0,0,65,0,0,53,2,1,0,1,75,0,15,50,99,50,0,0,50,0,1,100,50,50,25,50,0,0,0,0,3,15,73,32,12,26,10,7,13,0,0,0,54,4,11,10,250,0,72,40,999,50,31,-31,0,0,204
45,0,0,0,0,50,New,Player,0,50,0,184,50,50,0,7,32755,1023,32755,50,21,0,0,50,0,0,0,50,0,0,50,2,63,1023,50,50,50,50,0,0,50,0,2,0,0,0,0,0,214,45,0,0,0,0,0,65,0,0,53,2,1,0,1,75,0,15,50,99,50,0,0,50,0,1,100,50,50,25,50,0,0,0,0,3,15,73,32,12,26,10,7,13,0,0,0,54,4,11,10,250,0,72,40,999,50,31,-31,0,0,204
45,0,0,0,0,50,New,Player,0,50,0,184,50,50,0,7,32755,1023,32755,50,21,0,0,50,0,0,0,50,0,0,50,2,63,1023,50,50,50,50,0,0,50,0,2,0,0,0,0,0,214,45,0,0,0,0,0,65,0,0,53,2,1,0,1,75,0,15,50,99,50,0,0,50,0,1,100,50,50,25,50,0,0,0,0,3,15,73,32,12,26,10,7,13,0,0,0,54,4,11,10,250,0,72,40,999,50,31,-31,0,0,204
45,0,0,0,0,50,New,Player,0,50,0,184,50,50,0,7,32755,1023,32755,50,21,0,0,50,0,0,0,50,0,0,50,2,63,1023,50,50,50,50,0,0,50,0,2,0,0,0,0,0,214,45,0,0,0,0,0,65,0,0,53,2,1,0,1,75,0,15,50,99,50,0,0,50,0,1,100,50,50,25,50,0,0,0,0,3,15,73,32,12,26,10,7,13,0,0,0,54,4,11,10,250,0,72,40,999,50,31,-31,0,0,204
45,0,0,0,0,50,New,Player,0,50,0,184,50,50,0,7,32755,1023,32755,50,21,0,0,50,0,0,0,50,0,0,50,2,63,1023,50,50,50,50,0,0,50,0,2,0,0,0,0,0,214,45,0,0,0,0,0,65,0,0,53,2,1,0,1,75,0,15,50,99,50,0,0,50,0,1,100,50,50,25,50,0,0,0,0,3,15,73,32,12,26,10,7,13,0,0,0,54,4,11,10,250,0,72,40,999,50,31,-31,0,0,204
45,0,0,0,0,50,New,Player,0,50,0,184,50,50,0,7,32755,1023,32755,50,21,0,0,50,0,0,0,50,0,0,50,2,63,1023,50,50,50,50,0,0,50,0,2,0,0,0,0,0,214,45,0,0,0,0,0,65,0,0,53,2,1,0,1,75,0,15,50,99,50,0,0,50,0,1,100,50,50,25,50,0,0,0,0,3,15,73,32,12,26,10,7,13,0,0,0,54,4,11,10,250,0,72,40,999,50,31,-31,0,0,204
45,0,0,0,0,50,New,Player,0,50,0,184,50,50,0,7,32755,1023,32755,50,21,0,0,50,0,0,0,50,0,0,50,2,63,1023,50,50,50,50,0,0,50,0,2,0,0,0,0,0,214,45,0,0,0,0,0,65,0,0,53,2,1,0,1,75,0,15,50,99,50,0,0,50,0,1,100,50,50,25,50,0,0,0,0,3,15,73,32,12,26,10,7,13,0,0,0,54,4,11,10,250,0,72,40,999,50,31,-31,0,0,204
45,0,0,0,0,50,New,Player,0,50,0,184,50,50,0,7,32755,1023,32755,50,21,0,0,50,0,0,0,50,0,0,50,2,63,1023,50,50,50,50,0,0,50,0,2,0,0,0,0,0,214,45,0,0,0,0,0,65,0,0,53,2,1,0,1,75,0,15,50,99,50,0,0,50,0,1,100,50,50,25,50,0,0,0,0,3,15,73,32,12,26,10,7,13,0,0,0,54,4,11,10,250,0,72,40,999,50,31,-31,0,0,204
45,0,0,0,0,50,New,Player,0,50,0,184,50,50,0,7,32755,1023,32755,50,21,0,0,50,0,0,0,50,0,0,50,2,63,1023,50,50,50,50,0,0,50,0,2,0,0,0,0,0,214,45,0,0,0,0,0,65,0,0,53,2,1,0,1,75,0,15,50,99,50,0,0,50,0,1,100,50,50,25,50,0,0,0,0,3,15,73,32,12,26,10,7,13,0,0,0,54,4,11,10,250,0,72,40,999,50,31,-31,0,0,204
45,0,0,0,0,50,New,Player,0,50,0,184,50,50,0,7,32755,1023,32755,50,21,0,0,50,0,0,0,50,0,0,50,2,63,1023,50,50,50,50,0,0,50,0,2,0,0,0,0,0,214,45,0,0,0,0,0,65,0,0,53,2,1,0,1,75,0,15,50,99,50,0,0,50,0,1,100,50,50,25,50,0,0,0,0,3,15,73,32,12,26,10,7,13,0,0,0,54,4,11,10,250,0,72,40,999,50,31,-31,0,0,204
45,0,0,0,0,50,New,Player,0,50,0,184,50,50,0,7,32755,1023,32755,50,21,0,0,50,0,0,0,50,0,0,50,2,63,1023,50,50,50,50,0,0,50,0,2,0,0,0,0,0,214,45,0,0,0,0,0,65,0,0,53,2,1,0,1,75,0,15,50,99,50,0,0,50,0,1,100,50,50,25,50,0,0,0,0,3,15,73,32,12,26,10,7,13,0,0,0,54,4,11,10,250,0,72,40,999,50,31,-31,0,0,204
45,0,0,0,0,50,New,Player,0,50,0,184,50,50,0,7,32755,1023,32755,50,21,0,0,50,0,0,0,50,0,0,50,2,63,1023,50,50,50,50,0,0,50,0,2,0,0,0,0,0,214,45,0,0,0,0,0,65,0,0,53,2,1,0,1,75,0,15,50,99,50,0,0,50,0,1,100,50,50,25,50,0,0,0,0,3,15,73,32,12,26,10,7,13,0,0,0,54,4,11,10,250,0,72,40,999,50,31,-31,0,0,204
45,0,0,0,0,50,New,Player,0,50,0,184,50,50,0,7,32755,1023,32755,50,21,0,0,50,0,0,0,50,0,0,50,2,63,1023,50,50,50,50,0,0,50,0,2,0,0,0,0,0,214,45,0,0,0,0,0,65,0,0,53,2,1,0,1,75,0,15,50,99,50,0,0,50,0,1,100,50,50,25,50,0,0,0,0,3,15,73,32,12,26,10,7,13,0,0,0,54,4,11,10,250,0,72,40,999,50,31,-31,0,0,204
45,0,0,0,0,50,New,Player,0,50,0,184,50,50,0,7,32755,1023,32755,50,21,0,0,50,0,0,0,50,0,0,50,2,63,1023,50,50,50,50,0,0,50,0,2,0,0,0,0,0,214,45,0,0,0,0,0,65,0,0,53,2,1,0,1,75,0,15,50,99,50,0,0,50,0,1,100,50,50,25,50,0,0,0,0,3,15,73,32,12,26,10,7,13,0,0,0,54,4,11,10,250,0,72,40,999,50,31,-31,0,0,204
45,0,0,0,0,50,New,Player,0,50,0,184,50,50,0,7,32755,1023,32755,50,21,0,0,50,0,0,0,50,0,0,50,2,63,1023,50,50,50,50,0,0,50,0,2,0,0,0,0,0,214,45,0,0,0,0,0,65,0,0,53,2,1,0,1,75,0,15,50,99,50,0,0,50,0,1,100,50,50,25,50,0,0,0,0,3,15,73,32,12,26,10,7,13,0,0,0,54,4,11,10,250,0,72,40,999,50,31,-31,0,0,204
45,0,0,0,0,50,New,Player,0,50,0,184,50,50,0,7,32755,1023,32755,50,21,0,0,50,0,0,0,50,0,0,50,2,63,1023,50,50,50,50,0,0,50,0,2,0,0,0,0,0,214,45,0,0,0,0,0,65,0,0,53,2,1,0,1,75,0,15,50,99,50,0,0,50,0,1,100,50,50,25,50,0,0,0,0,3,15,73,32,12,26,10,7,13,0,0,0,54,4,11,10,250,0,72,40,999,50,31,-31,0,0,204
45,0,0,0,0,50,New,Player,0,50,0,184,50,50,0,7,32755,1023,32755,50,21,0,0,50,0,0,0,50,0,0,50,2,63,1023,50,50,50,50,0,0,50,0,2,0,0,0,0,0,214,45,0,0,0,0,0,65,0,0,53,2,1,0,1,75,0,15,50,99,50,0,0,50,0,1,100,50,50,25,50,0,0,0,0,3,15,73,32,12,26,10,7,13,0,0,0,54,4,11,10,250,0,72,40,999,50,31,-31,0,0,204
45,0,0,0,0,50,New,Player,0,50,0,184,50,50,0,7,32755,1023,32755,50,21,0,0,50,0,0,0,50,0,0,50,2,63,1023,50,50,50,50,0,0,50,0,2,0,0,0,0,0,214,45,0,0,0,0,0,65,0,0,53,2,1,0,1,75,0,15,50,99,50,0,0,50,0,1,100,50,50,25,50,0,0,0,0,3,15,73,32,12,26,10,7,13,0,0,0,54,4,11,10,250,0,72,40,999,50,31,-31,0,0,204
45,0,0,0,0,50,New,Player,0,50,0,184,50,50,0,7,32755,1023,32755,50,21,0,0,50,0,0,0,50,0,0,50,2,63,1023,50,50,50,50,0,0,50,0,2,0,0,0,0,0,214,45,0,0,0,0,0,65,0,0,53,2,1,0,1,75,0,15,50,99,50,0,0,50,0,1,100,50,50,25,50,0,0,0,0,3,15,73,32,12,26,10,7,13,0,0,0,54,4,11,10,250,0,72,40,999,50,31,-31,0,0,204
45,0,0,0,0,50,New,Player,0,50,0,184,50,50,0,7,32755,1023,32755,50,21,0,0,50,0,0,0,50,0,0,50,2,63,1023,50,50,50,50,0,0,50,0,2,0,0,0,0,0,214,45,0,0,0,0,0,65,0,0,53,2,1,0,1,75,0,15,50,99,50,0,0,50,0,1,100,50,50,25,50,0,0,0,0,3,15,73,32,12,26,10,7,13,0,0,0,54,4,11,10,250,0,72,40,999,50,31,-31,0,0,204
45,0,0,0,0,50,New,Player,0,50,0,184,50,50,0,7,32755,1023,32755,50,21,0,0,50,0,0,0,50,0,0,50,2,63,1023,50,50,50,50,0,0,50,0,2,0,0,0,0,0,214,45,0,0,0,0,0,65,0,0,53,2,1,0,1,75,0,15,50,99,50,0,0,50,0,1,100,50,50,25,50,0,0,0,0,3,15,73,32,12,26,10,7,13,0,0,0,54,4,11,10,250,0,72,40,999,50,31,-31,0,0,204
45,0,0,0,0,50,New,Player,0,50,0,184,50,50,0,7,32755,1023,32755,50,21,0,0,50,0,0,0,50,0,0,50,2,63,1023,50,50,50,50,0,0,50,0,2,0,0,0,0,0,214,45,0,0,0,0,0,65,0,0,53,2,1,0,1,75,0,15,50,99,50,0,0,50,0,1,100,50,50,25,50,0,0,0,0,3,15,73,32,12,26,10,7,13,0,0,0,54,4,11,10,250,0,72,40,999,50,31,-31,0,0,204
45,0,0,0,0,50,New,Player,0,50,0,184,50,50,0,7,32755,1023,32755,50,21,0,0,50,0,0,0,50,0,0,50,2,63,1023,50,50,50,50,0,0,50,0,2,0,0,0,0,0,214,45,0,0,0,0,0,65,0,0,53,2,1,0,1,75,0,15,50,99,50,0,0,50,0,1,100,50,50,25,50,0,0,0,0,3,15,73,32,12,26,10,7,13,0,0,0,54,4,11,10,250,0,72,40,999,50,31,-31,0,0,204
45,0,0,0,0,50,New,Player,0,50,0,184,50,50,0,7,32755,1023,32755,50,21,0,0,50,0,0,0,50,0,0,50,2,63,1023,50,50,50,50,0,0,50,0,2,0,0,0,0,0,214,45,0,0,0,0,0,65,0,0,53,2,1,0,1,75,0,15,50,99,50,0,0,50,0,1,100,50,50,25,50,0,0,0,0,3,15,73,32,12,26,10,7,13,0,0,0,54,4,11,10,250,0,72,40,999,50,31,-31,0,0,204
45,0,0,0,0,50,New,Player,0,50,0,184,50,50,0,7,32755,1023,32755,50,21,0,0,50,0,0,0,50,0,0,50,2,63,1023,50,50,50,50,0,0,50,0,2,0,0,0,0,0,214,45,0,0,0,0,0,65,0,0,53,2,1,0,1,75,0,15,50,99,50,0,0,50,0,1,100,50,50,25,50,0,0,0,0,3,15,73,32,12,26,10,7,13,0,0,0,54,4,11,10,250,0,72,40,999,50,31,-31,0,0,204
45,0,0,0,0,50,New,Player,0,50,0,184,50,50,0,7,32755,1023,32755,50,21,0,0,50,0,0,0,50,0,0,50,2,63,1023,50,50,50,50,0,0,50,0,2,0,0,0,0,0,214,45,0,0,0,0,0,65,0,0,53,2,1,0,1,75,0,15,50,99,50,0,0,50,0,1,100,50,50,25,50,0,0,0,0,3,15,73,32,12,26,10,7,13,0,0,0,54,4,11,10,250,0,72,40,999,50,31,-31,0,0,204
45,0,0,0,0,50,New,Player,0,50,0,184,50,50,0,7,32755,1023,32755,50,21,0,0,50,0,0,0,50,0,0,50,2,63,1023,50,50,50,50,0,0,50,0,2,0,0,0,0,0,214,45,0,0,0,0,0,65,0,0,53,2,1,0,1,75,0,15,50,99,50,0,0,50,0,1,100,50,50,25,50,0,0,0,0,3,15,73,32,12,26,10,7,13,0,0,0,54,4,11,10,250,0,72,40,999,50,31,-31,0,0,204
45,0,0,0,0,50,New,Player,0,50,0,184,50,50,0,7,32755,1023,32755,50,21,0,0,50,0,0,0,50,0,0,50,2,63,1023,50,50,50,50,0,0,50,0,2,0,0,0,0,0,214,45,0,0,0,0,0,65,0,0,53,2,1,0,1,75,0,15,50,99,50,0,0,50,0,1,100,50,50,25,50,0,0,0,0,3,15,73,32,12,26,10,7,13,0,0,0,54,4,11,10,250,0,72,40,999,50,31,-31,0,0,204
45,0,0,0,0,50,New,Player,0,50,0,184,50,50,0,7,32755,1023,32755,50,21,0,0,50,0,0,0,50,0,0,50,2,63,1023,50,50,50,50,0,0,50,0,2,0,0,0,0,0,214,45,0,0,0,0,0,65,0,0,53,2,1,0,1,75,0,15,50,99,50,0,0,50,0,1,100,50,50,25,50,0,0,0,0,3,15,73,32,12,26,10,7,13,0,0,0,54,4,11,10,250,0,72,40,999,50,31,-31,0,0,204
45,0,0,0,0,50,New,Player,0,50,0,184,50,50,0,7,32755,1023,32755,50,21,0,0,50,0,0,0,50,0,0,50,2,63,1023,50,50,50,50,0,0,50,0,2,0,0,0,0,0,214,45,0,0,0,0,0,65,0,0,53,2,1,0,1,75,0,15,50,99,50,0,0,50,0,1,100,50,50,25,50,0,0,0,0,3,15,73,32,12,26,10,7,13,0,0,0,54,4,11,10,250,0,72,40,999,50,31,-31,0,0,204
45,0,0,0,0,50,New,Player,0,50,0,184,50,50,0,7,32755,1023,32755,50,21,0,0,50,0,0,0,50,0,0,50,2,63,1023,50,50,50,50,0,0,50,0,2,0,0,0,0,0,214,45,0,0,0,0,0,65,0,0,53,2,1,0,1,75,0,15,50,99,50,0,0,50,0,1,100,50,50,25,50,0,0,0,0,3,15,73,32,12,26,10,7,13,0,0,0,54,4,11,10,250,0,72,40,999,50,31,-31,0,0,204
45,0,0,0,0,50,New,Player,0,50,0,184,50,50,0,7,32755,1023,32755,50,21,0,0,50,0,0,0,50,0,0,50,2,63,1023,50,50,50,50,0,0,50,0,2,0,0,0,0,0,214,45,0,0,0,0,0,65,0,0,53,2,1,0,1,75,0,15,50,99,50,0,0,50,0,1,100,50,50,25,50,0,0,0,0,3,15,73,32,12,26,10,7,13,0,0,0,54,4,11,10,250,0,72,40,999,50,31,-31,0,0,204
45,0,0,0,0,50,New,Player,0,50,0,184,50,50,0,7,32755,1023,32755,50,21,0,0,50,0,0,0,50,0,0,50,2,63,1023,50,50,50,50,0,0,50,0,2,0,0,0,0,0,214,45,0,0,0,0,0,65,0,0,53,2,1,0,1,75,0,15,50,99,50,0,0,50,0,1,100,50,50,25,50,0,0,0,0,3,15,73,32,12,26,10,7,13,0,0,0,54,4,11,10,250,0,72,40,999,50,31,-31,0,0,204
45,0,0,0,0,50,New,Player,0,50,0,184,50,50,0,7,32755,1023,32755,50,21,0,0,50,0,0,0,50,0,0,50,2,63,1023,50,50,50,50,0,0,50,0,2,0,0,0,0,0,214,45,0,0,0,0,0,65,0,0,53,2,1,0,1,75,0,15,50,99,50,0,0,50,0,1,100,50,50,25,50,0,0,0,0,3,15,73,32,12,26,10,7,13,0,0,0,54,4,11,10,250,0,72,40,999,50,31,-31,0,0,204
45,0,0,0,0,50,New,Player,0,50,0,184,50,50,0,7,32755,1023,32755,50,21,0,0,50,0,0,0,50,0,0,50,2,63,1023,50,50,50,50,0,0,50,0,2,0,0,0,0,0,214,45,0,0,0,0,0,65,0,0,53,2,1,0,1,75,0,15,50,99,50,0,0,50,0,1,100,50,50,25,50,0,0,0,0,3,15,73,32,12,26,10,7,13,0,0,0,54,4,11,10,250,0,72,40,999,50,31,-31,0,0,204
45,0,0,0,0,50,New,Player,0,50,0,184,50,50,0,7,32755,1023,32755,50,21,0,0,50,0,0,0,50,0,0,50,2,63,1023,50,50,50,50,0,0,50,0,2,0,0,0,0,0,214,45,0,0,0,0,0,65,0,0,53,2,1,0,1,75,0,15,50,99,50,0,0,50,0,1,100,50,50,25,50,0,0,0,0,3,15,73,32,12,26,10,7,13,0,0,0,54,4,11,10,250,0,72,40,999,50,31,-31,0,0,204
45,0,0,0,0,50,New,Player,0,50,0,184,50,50,0,7,32755,1023,32755,50,21,0,0,50,0,0,0,50,0,0,50,2,63,1023,50,50,50,50,0,0,50,0,2,0,0,0,0,0,214,45,0,0,0,0,0,65,0,0,53,2,1,0,1,75,0,15,50,99,50,0,0,50,0,1,100,50,50,25,50,0,0,0,0,3,15,73,32,12,26,10,7,13,0,0,0,54,4,11,10,250,0,72,40,999,50,31,-31,0,0,204
45,0,0,0,0,50,New,Player,0,50,0,184,50,50,0,7,32755,1023,32755,50,21,0,0,50,0,0,0,50,0,0,50,2,63,1023,50,50,50,50,0,0,50,0,2,0,0,0,0,0,214,45,0,0,0,0,0,65,0,0,53,2,1,0,1,75,0,15,50,99,50,0,0,50,0,1,100,50,50,25,50,0,0,0,0,3,15,73,32,12,26,10,7,13,0,0,0,54,4,11,10,250,0,72,40,999,50,31,-31,0,0,204
45,0,0,0,0,50,New,Player,0,50,0,184,50,50,0,7,32755,1023,32755,50,21,0,0,50,0,0,0,50,0,0,50,2,63,1023,50,50,50,50,0,0,50,0,2,0,0,0,0,0,214,45,0,0,0,0,0,65,0,0,53,2,1,0,1,75,0,15,50,99,50,0,0,50,0,1,100,50,50,25,50,0,0,0,0,3,15,73,32,12,26,10,7,13,0,0,0,54,4,11,10,250,0,72,40,999,50,31,-31,0,0,204
45,0,0,0,0,50,New,Player,0,50,0,184,50,50,0,7,32755,1023,32755,50,21,0,0,50,0,0,0,50,0,0,50,2,63,1023,50,50,50,50,0,0,50,0,2,0,0,0,0,0,214,45,0,0,0,0,0,65,0,0,53,2,1,0,1,75,0,15,50,99,50,0,0,50,0,1,100,50,50,25,50,0,0,0,0,3,15,73,32,12,26,10,7,13,0,0,0,54,4,11,10,250,0,72,40,999,50,31,-31,0,0,204
45,0,0,0,0,50,New,Player,0,50,0,184,50,50,0,7,32755,1023,32755,50,21,0,0,50,0,0,0,50,0,0,50,2,63,1023,50,50,50,50,0,0,50,0,2,0,0,0,0,0,214,45,0,0,0,0,0,65,0,0,53,2,1,0,1,75,0,15,50,99,50,0,0,50,0,1,100,50,50,25,50,0,0,0,0,3,15,73,32,12,26,10,7,13,0,0,0,54,4,11,10,250,0,72,40,999,50,31,-31,0,0,204
45,0,0,0,0,50,New,Player,0,50,0,184,50,50,0,7,32755,1023,32755,50,21,0,0,50,0,0,0,50,0,0,50,2,63,1023,50,50,50,50,0,0,50,0,2,0,0,0,0,0,214,45,0,0,0,0,0,65,0,0,53,2,1,0,1,75,0,15,50,99,50,0,0,50,0,1,100,50,50,25,50,0,0,0,0,3,15,73,32,12,26,10,7,13,0,0,0,54,4,11,10,250,0,72,40,999,50,31,-31,0,0,204
45,0,0,0,0,50,New,Player,0,50,0,184,50,50,0,7,32755,1023,32755,50,21,0,0,50,0,0,0,50,0,0,50,2,63,1023,50,50,50,50,0,0,50,0,2,0,0,0,0,0,214,45,0,0,0,0,0,65,0,0,53,2,1,0,1,75,0,15,50,99,50,0,0,50,0,1,100,50,50,25,50,0,0,0,0,3,15,73,32,12,26,10,7,13,0,0,0,54,4,11,10,250,0,72,40,999,50,31,-31,0,0,204
45,0,0,0,0,50,New,Player,0,50,0,184,50,50,0,7,32755,1023,32755,50,21,0,0,50,0,0,0,50,0,0,50,2,63,1023,50,50,50,50,0,0,50,0,2,0,0,0,0,0,214,45,0,0,0,0,0,65,0,0,53,2,1,0,1,75,0,15,50,99,50,0,0,50,0,1,100,50,50,25,50,0,0,0,0,3,15,73,32,12,26,10,7,13,0,0,0,54,4,11,10,250,0,72,40,999,50,31,-31,0,0,204
45,0,0,0,0,50,New,Player,0,50,0,184,50,50,0,7,32755,1023,32755,50,21,0,0,50,0,0,0,50,0,0,50,2,63,1023,50,50,50,50,0,0,50,0,2,0,0,0,0,0,214,45,0,0,0,0,0,65,0,0,53,2,1,0,1,75,0,15,50,99,50,0,0,50,0,1,100,50,50,25,50,0,0,0,0,3,15,73,32,12,26,10,7,13,0,0,0,54,4,11,10,250,0,72,40,999,50,31,-31,0,0,204
45,0,0,0,0,50,New,Player,0,50,0,184,50,50,0,7,32755,1023,32755,50,21,0,0,50,0,0,0,50,0,0,50,2,63,1023,50,50,50,50,0,0,50,0,2,0,0,0,0,0,214,45,0,0,0,0,0,65,0,0,53,2,1,0,1,75,0,15,50,99,50,0,0,50,0,1,100,50,50,25,50,0,0,0,0,3,15,73,32,12,26,10,7,13,0,0,0,54,4,11,10,250,0,72,40,999,50,31,-31,0,0,204
45,0,0,0,0,50,New,Player,0,50,0,184,50,50,0,7,32755,1023,32755,50,21,0,0,50,0,0,0,50,0,0,50,2,63,1023,50,50,50,50,0,0,50,0,2,0,0,0,0,0,214,45,0,0,0,0,0,65,0,0,53,2,1,0,1,75,0,15,50,99,50,0,0,50,0,1,100,50,50,25,50,0,0,0,0,3,15,73,32,12,26,10,7,13,0,0,0,54,4,11,10,250,0,72,40,999,50,31,-31,0,0,204
45,0,0,0,0,50,New,Player,0,50,0,184,50,50,0,7,32755,1023,32755,50,21,0,0,50,0,0,0,50,0,0,50,2,63,1023,50,50,50,50,0,0,50,0,2,0,0,0,0,0,214,45,0,0,0,0,0,65,0,0,53,2,1,0,1,75,0,15,50,99,50,0,0,50,0,1,100,50,50,25,50,0,0,0,0,3,15,73,32,12,26,10,7,13,0,0,0,54,4,11,10,250,0,72,40,999,50,31,-31,0,0,204
45,0,0,0,0,50,New,Player,0,50,0,184,50,50,0,7,32755,1023,32755,50,21,0,0,50,0,0,0,50,0,0,50,2,63,1023,50,50,50,50,0,0,50,0,2,0,0,0,0,0,214,45,0,0,0,0,0,65,0,0,53,2,1,0,1,75,0,15,50,99,50,0,0,50,0,1,100,50,50,25,50,0,0,0,0,3,15,73,32,12,26,10,7,13,0,0,0,54,4,11,10,250,0,72,40,999,50,31,-31,0,0,204
45,0,0,0,0,50,New,Player,0,50,0,184,50,50,0,7,32755,1023,32755,50,21,0,0,50,0,0,0,50,0,0,50,2,63,1023,50,50,50,50,0,0,50,0,2,0,0,0,0,0,214,45,0,0,0,0,0,65,0,0,53,2,1,0,1,75,0,15,50,99,50,0,0,50,0,1,100,50,50,25,50,0,0,0,0,3,15,73,32,12,26,10,7,13,0,0,0,54,4,11,10,250,0,72,40,999,50,31,-31,0,0,204
45,0,0,0,0,50,New,Player,0,50,0,184,50,50,0,7,32755,1023,32755,50,21,0,0,50,0,0,0,50,0,0,50,2,63,1023,50,50,50,50,0,0,50,0,2,0,0,0,0,0,214,45,0,0,0,0,0,65,0,0,53,2,1,0,1,75,0,15,50,99,50,0,0,50,0,1,100,50,50,25,50,0,0,0,0,3,15,73,32,12,26,10,7,13,0,0,0,54,4,11,10,250,0,72,40,999,50,31,-31,0,0,204
45,0,0,0,0,50,New,Player,0,50,0,184,50,50,0,7,32755,1023,32755,50,21,0,0,50,0,0,0,50,0,0,50,2,63,1023,50,50,50,50,0,0,50,0,2,0,0,0,0,0,214,45,0,0,0,0,0,65,0,0,53,2,1,0,1,75,0,15,50,99,50,0,0,50,0,1,100,50,50,25,50,0,0,0,0,3,15,73,32,12,26,10,7,13,0,0,0,54,4,11,10,250,0,72,40,999,50,31,-31,0,0,204
45,0,0,0,0,50,New,Player,0,50,0,184,50,50,0,7,32755,1023,32755,50,21,0,0,50,0,0,0,50,0,0,50,2,63,1023,50,50,50,50,0,0,50,0,2,0,0,0,0,0,214,45,0,0,0,0,0,65,0,0,53,2,1,0,1,75,0,15,50,99,50,0,0,50,0,1,100,50,50,25,50,0,0,0,0,3,15,73,32,12,26,10,7,13,0,0,0,54,4,11,10,250,0,72,40,999,50,31,-31,0,0,204
45,0,0,0,0,50,New,Player,0,50,0,184,50,50,0,7,32755,1023,32755,50,21,0,0,50,0,0,0,50,0,0,50,2,63,1023,50,50,50,50,0,0,50,0,2,0,0,0,0,0,214,45,0,0,0,0,0,65,0,0,53,2,1,0,1,75,0,15,50,99,50,0,0,50,0,1,100,50,50,25,50,0,0,0,0,3,15,73,32,12,26,10,7,13,0,0,0,54,4,11,10,250,0,72,40,999,50,31,-31,0,0,204
45,0,0,0,0,50,New,Player,0,50,0,184,50,50,0,7,32755,1023,32755,50,21,0,0,50,0,0,0,50,0,0,50,2,63,1023,50,50,50,50,0,0,50,0,2,0,0,0,0,0,214,45,0,0,0,0,0,65,0,0,53,2,1,0,1,75,0,15,50,99,50,0,0,50,0,1,100,50,50,25,50,0,0,0,0,3,15,73,32,12,26,10,7,13,0,0,0,54,4,11,10,250,0,72,40,999,50,31,-31,0,0,204
45,0,0,0,0,50,New,Player,0,50,0,184,50,50,0,7,32755,1023,32755,50,21,0,0,50,0,0,0,50,0,0,50,2,63,1023,50,50,50,50,0,0,50,0,2,0,0,0,0,0,214,45,0,0,0,0,0,65,0,0,53,2,1,0,1,75,0,15,50,99,50,0,0,50,0,1,100,50,50,25,50,0,0,0,0,3,15,73,32,12,26,10,7,13,0,0,0,54,4,11,10,250,0,72,40,999,50,31,-31,0,0,204
45,0,0,0,0,50,New,Player,0,50,0,184,50,50,0,7,32755,1023,32755,50,21,0,0,50,0,0,0,50,0,0,50,2,63,1023,50,50,50,50,0,0,50,0,2,0,0,0,0,0,214,45,0,0,0,0,0,65,0,0,53,2,1,0,1,75,0,15,50,99,50,0,0,50,0,1,100,50,50,25,50,0,0,0,0,3,15,73,32,12,26,10,7,13,0,0,0,54,4,11,10,250,0,72,40,999,50,31,-31,0,0,204
45,0,0,0,0,50,New,Player,0,50,0,184,50,50,0,7,32755,1023,32755,50,21,0,0,50,0,0,0,50,0,0,50,2,63,1023,50,50,50,50,0,0,50,0,2,0,0,0,0,0,214,45,0,0,0,0,0,65,0,0,53,2,1,0,1,75,0,15,50,99,50,0,0,50,0,1,100,50,50,25,50,0,0,0,0,3,15,73,32,12,26,10,7,13,0,0,0,54,4,11,10,250,0,72,40,999,50,31,-31,0,0,204
45,0,0,0,0,50,New,Player,0,50,0,184,50,50,0,7,32755,1023,32755,50,21,0,0,50,0,0,0,50,0,0,50,2,63,1023,50,50,50,50,0,0,50,0,2,0,0,0,0,0,214,45,0,0,0,0,0,65,0,0,53,2,1,0,1,75,0,15,50,99,50,0,0,50,0,1,100,50,50,25,50,0,0,0,0,3,15,73,32,12,26,10,7,13,0,0,0,54,4,11,10,250,0,72,40,999,50,31,-31,0,0,204
45,0,0,0,0,50,New,Player,0,50,0,184,50,50,0,7,32755,1023,32755,50,21,0,0,50,0,0,0,50,0,0,50,2,63,1023,50,50,50,50,0,0,50,0,2,0,0,0,0,0,214,45,0,0,0,0,0,65,0,0,53,2,1,0,1,75,0,15,50,99,50,0,0,50,0,1,100,50,50,25,50,0,0,0,0,3,15,73,32,12,26,10,7,13,0,0,0,54,4,11,10,250,0,72,40,999,50,31,-31,0,0,204
45,0,0,0,0,50,New,Player,0,50,0,184,50,50,0,7,32755,1023,32755,50,21,0,0,50,0,0,0,50,0,0,50,2,63,1023,50,50,50,50,0,0,50,0,2,0,0,0,0,0,214,45,0,0,0,0,0,65,0,0,53,2,1,0,1,75,0,15,50,99,50,0,0,50,0,1,100,50,50,25,50,0,0,0,0,3,15,73,32,12,26,10,7,13,0,0,0,54,4,11,10,250,0,72,40,999,50,31,-31,0,0,204
45,0,0,0,0,50,New,Player,0,50,0,184,50,50,0,7,32755,1023,32755,50,21,0,0,50,0,0,0,50,0,0,50,2,63,1023,50,50,50,50,0,0,50,0,2,0,0,0,0,0,214,45,0,0,0,0,0,65,0,0,53,2,1,0,1,75,0,15,50,99,50,0,0,50,0,1,100,50,50,25,50,0,0,0,0,3,15,73,32,12,26,10,7,13,0,0,0,54,4,11,10,250,0,72,40,999,50,31,-31,0,0,204
45,0,0,0,0,50,New,Player,0,50,0,184,50,50,0,7,32755,1023,32755,50,21,0,0,50,0,0,0,50,0,0,50,2,63,1023,50,50,50,50,0,0,50,0,2,0,0,0,0,0,214,45,0,0,0,0,0,65,0,0,53,2,1,0,1,75,0,15,50,99,50,0,0,50,0,1,100,50,50,25,50,0,0,0,0,3,15,73,32,12,26,10,7,13,0,0,0,54,4,11,10,250,0,72,40,999,50,31,-31,0,0,204
45,0,0,0,0,50,New,Player,0,50,0,184,50,50,0,7,32755,1023,32755,50,21,0,0,50,0,0,0,50,0,0,50,2,63,1023,50,50,50,50,0,0,50,0,2,0,0,0,0,0,214,45,0,0,0,0,0,65,0,0,53,2,1,0,1,75,0,15,50,99,50,0,0,50,0,1,100,50,50,25,50,0,0,0,0,3,15,73,32,12,26,10,7,13,0,0,0,54,4,11,10,250,0,72,40,999,50,31,-31,0,0,204
45,0,0,0,0,50,New,Player,0,50,0,184,50,50,0,7,32755,1023,32755,50,21,0,0,50,0,0,0,50,0,0,50,2,63,1023,50,50,50,50,0,0,50,0,2,0,0,0,0,0,214,45,0,0,0,0,0,65,0,0,53,2,1,0,1,75,0,15,50,99,50,0,0,50,0,1,100,50,50,25,50,0,0,0,0,3,15,73,32,12,26,10,7,13,0,0,0,54,4,11,10,250,0,72,40,999,50,31,-31,0,0,204
45,0,0,0,0,50,New,Player,0,50,0,184,50,50,0,7,32755,1023,32755,50,21,0,0,50,0,0,0,50,0,0,50,2,63,1023,50,50,50,50,0,0,50,0,2,0,0,0,0,0,214,45,0,0,0,0,0,65,0,0,53,2,1,0,1,75,0,15,50,99,50,0,0,50,0,1,100,50,50,25,50,0,0,0,0,3,15,73,32,12,26,10,7,13,0,0,0,54,4,11,10,250,0,72,40,999,50,31,-31,0,0,204
45,0,0,0,0,50,New,Player,0,50,0,184,50,50,0,7,32755,1023,32755,50,21,0,0,50,0,0,0,50,0,0,50,2,63,1023,50,50,50,50,0,0,50,0,2,0,0,0,0,0,214,45,0,0,0,0,0,65,0,0,53,2,1,0,1,75,0,15,50,99,50,0,0,50,0,1,100,50,50,25,50,0,0,0,0,3,15,73,32,12,26,10,7,13,0,0,0,54,4,11,10,250,0,72,40,999,50,31,-31,0,0,204
45,0,0,0,0,50,New,Player,0,50,0,184,50,50,0,7,32755,1023,32755,50,21,0,0,50,0,0,0,50,0,0,50,2,63,1023,50,50,50,50,0,0,50,0,2,0,0,0,0,0,214,45,0,0,0,0,0,65,0,0,53,2,1,0,1,75,0,15,50,99,50,0,0,50,0,1,100,50,50,25,50,0,0,0,0,3,15,73,32,12,26,10,7,13,0,0,0,54,4,11,10,250,0,72,40,999,50,31,-31,0,0,204
45,0,0,0,0,50,New,Player,0,50,0,184,50,50,0,7,32755,1023,32755,50,21,0,0,50,0,0,0,50,0,0,50,2,63,1023,50,50,50,50,0,0,50,0,2,0,0,0,0,0,214,45,0,0,0,0,0,65,0,0,53,2,1,0,1,75,0,15,50,99,50,0,0,50,0,1,100,50,50,25,50,0,0,0,0,3,15,73,32,12,26,10,7,13,0,0,0,54,4,11,10,250,0,72,40,999,50,31,-31,0,0,204
45,0,0,0,0,50,New,Player,0,50,0,184,50,50,0,7,32755,1023,32755,50,21,0,0,50,0,0,0,50,0,0,50,2,63,1023,50,50,50,50,0,0,50,0,2,0,0,0,0,0,214,45,0,0,0,0,0,65,0,0,53,2,1,0,1,75,0,15,50,99,50,0,0,50,0,1,100,50,50,25,50,0,0,0,0,3,15,73,32,12,26,10,7,13,0,0,0,54,4,11,10,250,0,72,40,999,50,31,-31,0,0,204
45,0,0,0,0,50,New,Player,0,50,0,184,50,50,0,7,32755,1023,32755,50,21,0,0,50,0,0,0,50,0,0,50,2,63,1023,50,50,50,50,0,0,50,0,2,0,0,0,0,0,214,45,0,0,0,0,0,65,0,0,53,2,1,0,1,75,0,15,50,99,50,0,0,50,0,1,100,50,50,25,50,0,0,0,0,3,15,73,32,12,26,10,7,13,0,0,0,54,4,11,10,250,0,72,40,999,50,31,-31,0,0,204
45,0,0,0,0,50,New,Player,0,50,0,184,50,50,0,7,32755,1023,32755,50,21,0,0,50,0,0,0,50,0,0,50,2,63,1023,50,50,50,50,0,0,50,0,2,0,0,0,0,0,214,45,0,0,0,0,0,65,0,0,53,2,1,0,1,75,0,15,50,99,50,0,0,50,0,1,100,50,50,25,50,0,0,0,0,3,15,73,32,12,26,10,7,13,0,0,0,54,4,11,10,250,0,72,40,999,50,31,-31,0,0,204
45,0,0,0,0,50,New,Player,0,50,0,184,50,50,0,7,32755,1023,32755,50,21,0,0,50,0,0,0,50,0,0,50,2,63,1023,50,50,50,50,0,0,50,0,2,0,0,0,0,0,214,45,0,0,0,0,0,65,0,0,53,2,1,0,1,75,0,15,50,99,50,0,0,50,0,1,100,50,50,25,50,0,0,0,0,3,15,73,32,12,26,10,7,13,0,0,0,54,4,11,10,250,0,72,40,999,50,31,-31,0,0,204
45,0,0,0,0,50,New,Player,0,50,0,184,50,50,0,7,32755,1023,32755,50,21,0,0,50,0,0,0,50,0,0,50,2,63,1023,50,50,50,50,0,0,50,0,2,0,0,0,0,0,214,45,0,0,0,0,0,65,0,0,53,2,1,0,1,75,0,15,50,99,50,0,0,50,0,1,100,50,50,25,50,0,0,0,0,3,15,73,32,12,26,10,7,13,0,0,0,54,4,11,10,250,0,72,40,999,50,31,-31,0,0,204
45,0,0,0,0,50,New,Player,0,50,0,184,50,50,0,7,32755,1023,32755,50,21,0,0,50,0,0,0,50,0,0,50,2,63,1023,50,50,50,50,0,0,50,0,2,0,0,0,0,0,214,45,0,0,0,0,0,65,0,0,53,2,1,0,1,75,0,15,50,99,50,0,0,50,0,1,100,50,50,25,50,0,0,0,0,3,15,73,32,12,26,10,7,13,0,0,0,54,4,11,10,250,0,72,40,999,50,31,-31,0,0,204
45,0,0,0,0,50,New,Player,0,50,0,184,50,50,0,7,32755,1023,32755,50,21,0,0,50,0,0,0,50,0,0,50,2,63,1023,50,50,50,50,0,0,50,0,2,0,0,0,0,0,214,45,0,0,0,0,0,65,0,0,53,2,1,0,1,75,0,15,50,99,50,0,0,50,0,1,100,50,50,25,50,0,0,0,0,3,15,73,32,12,26,10,7,13,0,0,0,54,4,11,10,250,0,72,40,999,50,31,-31,0,0,204
45,0,0,0,0,50,New,Player,0,50,0,184,50,50,0,7,32755,1023,32755,50,21,0,0,50,0,0,0,50,0,0,50,2,63,1023,50,50,50,50,0,0,50,0,2,0,0,0,0,0,214,45,0,0,0,0,0,65,0,0,53,2,1,0,1,75,0,15,50,99,50,0,0,50,0,1,100,50,50,25,50,0,0,0,0,3,15,73,32,12,26,10,7,13,0,0,0,54,4,11,10,250,0,72,40,999,50,31,-31,0,0,204
45,0,0,0,0,50,New,Player,0,50,0,184,50,50,0,7,32755,1023,32755,50,21,0,0,50,0,0,0,50,0,0,50,2,63,1023,50,50,50,50,0,0,50,0,2,0,0,0,0,0,214,45,0,0,0,0,0,65,0,0,53,2,1,0,1,75,0,15,50,99,50,0,0,50,0,1,100,50,50,25,50,0,0,0,0,3,15,73,32,12,26,10,7,13,0,0,0,54,4,11,10,250,0,72,40,999,50,31,-31,0,0,204
45,0,0,0,0,50,New,Player,0,50,0,184,50,50,0,7,32755,1023,32755,50,21,0,0,50,0,0,0,50,0,0,50,2,63,1023,50,50,50,50,0,0,50,0,2,0,0,0,0,0,214,45,0,0,0,0,0,65,0,0,53,2,1,0,1,75,0,15,50,99,50,0,0,50,0,1,100,50,50,25,50,0,0,0,0,3,15,73,32,12,26,10,7,13,0,0,0,54,4,11,10,250,0,72,40,999,50,31,-31,0,0,204
45,0,0,0,0,50,New,Player,0,50,0,184,50,50,0,7,32755,1023,32755,50,21,0,0,50,0,0,0,50,0,0,50,2,63,1023,50,50,50,50,0,0,50,0,2,0,0,0,0,0,214,45,0,0,0,0,0,65,0,0,53,2,1,0,1,75,0,15,50,99,50,0,0,50,0,1,100,50,50,25,50,0,0,0,0,3,15,73,32,12,26,10,7,13,0,0,0,54,4,11,10,250,0,72,40,999,50,31,-31,0,0,204
45,0,0,0,0,50,New,Player,0,50,0,184,50,50,0,7,32755,1023,32755,50,21,0,0,50,0,0,0,50,0,0,50,2,63,1023,50,50,50,50,0,0,50,0,2,0,0,0,0,0,214,45,0,0,0,0,0,65,0,0,53,2,1,0,1,75,0,15,50,99,50,0,0,50,0,1,100,50,50,25,50,0,0,0,0,3,15,73,32,12,26,10,7,13,0,0,0,54,4,11,10,250,0,72,40,999,50,31,-31,0,0,204
45,0,0,0,0,50,New,Player,0,50,0,184,50,50,0,7,32755,1023,32755,50,21,0,0,50,0,0,0,50,0,0,50,2,63,1023,50,50,50,50,0,0,50,0,2,0,0,0,0,0,214,45,0,0,0,0,0,65,0,0,53,2,1,0,1,75,0,15,50,99,50,0,0,50,0,1,100,50,50,25,50,0,0,0,0,3,15,73,32,12,26,10,7,13,0,0,0,54,4,11,10,250,0,72,40,999,50,31,-31,0,0,204
45,0,0,0,0,50,New,Player,0,50,0,184,50,50,0,7,32755,1023,32755,50,21,0,0,50,0,0,0,50,0,0,50,2,63,1023,50,50,50,50,0,0,50,0,2,0,0,0,0,0,214,45,0,0,0,0,0,65,0,0,53,2,1,0,1,75,0,15,50,99,50,0,0,50,0,1,100,50,50,25,50,0,0,0,0,3,15,73,32,12,26,10,7,13,0,0,0,54,4,11,10,250,0,72,40,999,50,31,-31,0,0,204
45,0,0,0,0,50,New,Player,0,50,0,184,50,50,0,7,32755,1023,32755,50,21,0,0,50,0,0,0,50,0,0,50,2,63,1023,50,50,50,50,0,0,50,0,2,0,0,0,0,0,214,45,0,0,0,0,0,65,0,0,53,2,1,0,1,75,0,15,50,99,50,0,0,50,0,1,100,50,50,25,50,0,0,0,0,3,15,73,32,12,26,10,7,13,0,0,0,54,4,11,10,250,0,72,40,999,50,31,-31,0,0,204
45,0,0,0,0,50,New,Player,0,50,0,184,50,50,0,7,32755,1023,32755,50,21,0,0,50,0,0,0,50,0,0,50,2,63,1023,50,50,50,50,0,0,50,0,2,0,0,0,0,0,214,45,0,0,0,0,0,65,0,0,53,2,1,0,1,75,0,15,50,99,50,0,0,50,0,1,100,50,50,25,50,0,0,0,0,3,15,73,32,12,26,10,7,13,0,0,0,54,4,11,10,250,0,72,40,999,50,31,-31,0,0,204
45,0,0,0,0,50,New,Player,0,50,0,184,50,50,0,7,32755,1023,32755,50,21,0,0,50,0,0,0,50,0,0,50,2,63,1023,50,50,50,50,0,0,50,0,2,0,0,0,0,0,214,45,0,0,0,0,0,65,0,0,53,2,1,0,1,75,0,15,50,99,50,0,0,50,0,1,100,50,50,25,50,0,0,0,0,3,15,73,32,12,26,10,7,13,0,0,0,54,4,11,10,250,0,72,40,999,50,31,-31,0,0,204
45,0,0,0,0,50,New,Player,0,50,0,184,50,50,0,7,32755,1023,32755,50,21,0,0,50,0,0,0,50,0,0,50,2,63,1023,50,50,50,50,0,0,50,0,2,0,0,0,0,0,214,45,0,0,0,0,0,65,0,0,53,2,1,0,1,75,0,15,50,99,50,0,0,50,0,1,100,50,50,25,50,0,0,0,0,3,15,73,32,12,26,10,7,13,0,0,0,54,4,11,10,250,0,72,40,999,50,31,-31,0,0,204
45,0,0,0,0,50,New,Player,0,50,0,184,50,50,0,7,32755,1023,32755,50,21,0,0,50,0,0,0,50,0,0,50,2,63,1023,50,50,50,50,0,0,50,0,2,0,0,0,0,0,214,45,0,0,0,0,0,65,0,0,53,2,1,0,1,75,0,15,50,99,50,0,0,50,0,1,100,50,50,25,50,0,0,0,0,3,15,73,32,12,26,10,7,13,0,0,0,54,4,11,10,250,0,72,40,999,50,31,-31,0,0,204
45,0,0,0,0,50,New,Player,0,50,0,184,50,50,0,7,32755,1023,32755,50,21,0,0,50,0,0,0,50,0,0,50,2,63,1023,50,50,50,50,0,0,50,0,2,0,0,0,0,0,214,45,0,0,0,0,0,65,0,0,53,2,1,0,1,75,0,15,50,99,50,0,0,50,0,1,100,50,50,25,50,0,0,0,0,3,15,73,32,12,26,10,7,13,0,0,0,54,4,11,10,250,0,72,40,999,50,31,-31,0,0,204
45,0,0,0,0,50,New,Player,0,50,0,184,50,50,0,7,32755,1023,32755,50,21,0,0,50,0,0,0,50,0,0,50,2,63,1023,50,50,50,50,0,0,50,0,2,0,0,0,0,0,214,45,0,0,0,0,0,65,0,0,53,2,1,0,1,75,0,15,50,99,50,0,0,50,0,1,100,50,50,25,50,0,0,0,0,3,15,73,32,12,26,10,7,13,0,0,0,54,4,11,10,250,0,72,40,999,50,31,-31,0,0,204
45,0,0,0,0,50,New,Player,0,50,0,184,50,50,0,7,32755,1023,32755,50,21,0,0,50,0,0,0,50,0,0,50,2,63,1023,50,50,50,50,0,0,50,0,2,0,0,0,0,0,214,45,0,0,0,0,0,65,0,0,53,2,1,0,1,75,0,15,50,99,50,0,0,50,0,1,100,50,50,25,50,0,0,0,0,3,15,73,32,12,26,10,7,13,0,0,0,54,4,11,10,250,0,72,40,999,50,31,-31,0,0,204
45,0,0,0,0,50,New,Player,0,50,0,184,50,50,0,7,32755,1023,32755,50,21,0,0,50,0,0,0,50,0,0,50,2,63,1023,50,50,50,50,0,0,50,0,2,0,0,0,0,0,214,45,0,0,0,0,0,65,0,0,53,2,1,0,1,75,0,15,50,99,50,0,0,50,0,1,100,50,50,25,50,0,0,0,0,3,15,73,32,12,26,10,7,13,0,0,0,54,4,11,10,250,0,72,40,999,50,31,-31,0,0,204
45,0,0,0,0,50,New,Player,0,50,0,184,50,50,0,7,32755,1023,32755,50,21,0,0,50,0,0,0,50,0,0,50,2,63,1023,50,50,50,50,0,0,50,0,2,0,0,0,0,0,214,45,0,0,0,0,0,65,0,0,53,2,1,0,1,75,0,15,50,99,50,0,0,50,0,1,100,50,50,25,50,0,0,0,0,3,15,73,32,12,26,10,7,13,0,0,0,54,4,11,10,250,0,72,40,999,50,31,-31,0,0,204
45,0,0,0,0,50,New,Player,0,50,0,184,50,50,0,7,32755,1023,32755,50,21,0,0,50,0,0,0,50,0,0,50,2,63,1023,50,50,50,50,0,0,50,0,2,0,0,0,0,0,214,45,0,0,0,0,0,65,0,0,53,2,1,0,1,75,0,15,50,99,50,0,0,50,0,1,100,50,50,25,50,0,0,0,0,3,15,73,32,12,26,10,7,13,0,0,0,54,4,11,10,250,0,72,40,999,50,31,-31,0,0,204
45,0,0,0,0,50,New,Player,0,50,0,184,50,50,0,7,32755,1023,32755,50,21,0,0,50,0,0,0,50,0,0,50,2,63,1023,50,50,50,50,0,0,50,0,2,0,0,0,0,0,214,45,0,0,0,0,0,65,0,0,53,2,1,0,1,75,0,15,50,99,50,0,0,50,0,1,100,50,50,25,50,0,0,0,0,3,15,73,32,12,26,10,7,13,0,0,0,54,4,11,10,250,0,72,40,999,50,31,-31,0,0,204
45,0,0,0,0,50,New,Player,0,50,0,184,50,50,0,7,32755,1023,32755,50,21,0,0,50,0,0,0,50,0,0,50,2,63,1023,50,50,50,50,0,0,50,0,2,0,0,0,0,0,214,45,0,0,0,0,0,65,0,0,53,2,1,0,1,75,0,15,50,99,50,0,0,50,0,1,100,50,50,25,50,0,0,0,0,3,15,73,32,12,26,10,7,13,0,0,0,54,4,11,10,250,0,72,40,999,50,31,-31,0,0,204
45,0,0,0,0,50,New,Player,0,50,0,184,50,50,0,7,32755,1023,32755,50,21,0,0,50,0,0,0,50,0,0,50,2,63,1023,50,50,50,50,0,0,50,0,2,0,0,0,0,0,214,45,0,0,0,0,0,65,0,0,53,2,1,0,1,75,0,15,50,99,50,0,0,50,0,1,100,50,50,25,50,0,0,0,0,3,15,73,32,12,26,10,7,13,0,0,0,54,4,11,10,250,0,72,40,999,50,31,-31,0,0,204
45,0,0,0,0,50,New,Player,0,50,0,184,50,50,0,7,32755,1023,32755,50,21,0,0,50,0,0,0,50,0,0,50,2,63,1023,50,50,50,50,0,0,50,0,2,0,0,0,0,0,214,45,0,0,0,0,0,65,0,0,53,2,1,0,1,75,0,15,50,99,50,0,0,50,0,1,100,50,50,25,50,0,0,0,0,3,15,73,32,12,26,10,7,13,0,0,0,54,4,11,10,250,0,72,40,999,50,31,-31,0,0,204
45,0,0,0,0,50,New,Player,0,50,0,184,50,50,0,7,32755,1023,32755,50,21,0,0,50,0,0,0,50,0,0,50,2,63,1023,50,50,50,50,0,0,50,0,2,0,0,0,0,0,214,45,0,0,0,0,0,65,0,0,53,2,1,0,1,75,0,15,50,99,50,0,0,50,0,1,100,50,50,25,50,0,0,0,0,3,15,73,32,12,26,10,7,13,0,0,0,54,4,11,10,250,0,72,40,999,50,31,-31,0,0,204
45,0,0,0,0,50,New,Player,0,50,0,184,50,50,0,7,32755,1023,32755,50,21,0,0,50,0,0,0,50,0,0,50,2,63,1023,50,50,50,50,0,0,50,0,2,0,0,0,0,0,214,45,0,0,0,0,0,65,0,0,53,2,1,0,1,75,0,15,50,99,50,0,0,50,0,1,100,50,50,25,50,0,0,0,0,3,15,73,32,12,26,10,7,13,0,0,0,54,4,11,10,250,0,72,40,999,50,31,-31,0,0,204
45,0,0,0,0,50,New,Player,0,50,0,184,50,50,0,7,32755,1023,32755,50,21,0,0,50,0,0,0,50,0,0,50,2,63,1023,50,50,50,50,0,0,50,0,2,0,0,0,0,0,214,45,0,0,0,0,0,65,0,0,53,2,1,0,1,75,0,15,50,99,50,0,0,50,0,1,100,50,50,25,50,0,0,0,0,3,15,73,32,12,26,10,7,13,0,0,0,54,4,11,10,250,0,72,40,999,50,31,-31,0,0,204
45,0,0,0,0,50,New,Player,0,50,0,184,50,50,0,7,32755,1023,32755,50,21,0,0,50,0,0,0,50,0,0,50,2,63,1023,50,50,50,50,0,0,50,0,2,0,0,0,0,0,214,45,0,0,0,0,0,65,0,0,53,2,1,0,1,75,0,15,50,99,50,0,0,50,0,1,100,50,50,25,50,0,0,0,0,3,15,73,32,12,26,10,7,13,0,0,0,54,4,11,10,250,0,72,40,999,50,31,-31,0,0,204
45,0,0,0,0,50,New,Player,0,50,0,184,50,50,0,7,32755,1023,32755,50,21,0,0,50,0,0,0,50,0,0,50,2,63,1023,50,50,50,50,0,0,50,0,2,0,0,0,0,0,214,45,0,0,0,0,0,65,0,0,53,2,1,0,1,75,0,15,50,99,50,0,0,50,0,1,100,50,50,25,50,0,0,0,0,3,15,73,32,12,26,10,7,13,0,0,0,54,4,11,10,250,0,72,40,999,50,31,-31,0,0,204
45,0,0,0,0,50,New,Player,0,50,0,184,50,50,0,7,32755,1023,32755,50,21,0,0,50,0,0,0,50,0,0,50,2,63,1023,50,50,50,50,0,0,50,0,2,0,0,0,0,0,214,45,0,0,0,0,0,65,0,0,53,2,1,0,1,75,0,15,50,99,50,0,0,50,0,1,100,50,50,25,50,0,0,0,0,3,15,73,32,12,26,10,7,13,0,0,0,54,4,11,10,250,0,72,40,999,50,31,-31,0,0,204
45,0,0,0,0,50,New,Player,0,50,0,184,50,50,0,7,32755,1023,32755,50,21,0,0,50,0,0,0,50,0,0,50,2,63,1023,50,50,50,50,0,0,50,0,2,0,0,0,0,0,214,45,0,0,0,0,0,65,0,0,53,2,1,0,1,75,0,15,50,99,50,0,0,50,0,1,100,50,50,25,50,0,0,0,0,3,15,73,32,12,26,10,7,13,0,0,0,54,4,11,10,250,0,72,40,999,50,31,-31,0,0,204
45,0,0,0,0,50,New,Player,0,50,0,184,50,50,0,7,32755,1023,32755,50,21,0,0,50,0,0,0,50,0,0,50,2,63,1023,50,50,50,50,0,0,50,0,2,0,0,0,0,0,214,45,0,0,0,0,0,65,0,0,53,2,1,0,1,75,0,15,50,99,50,0,0,50,0,1,100,50,50,25,50,0,0,0,0,3,15,73,32,12,26,10,7,13,0,0,0,54,4,11,10,250,0,72,40,999,50,31,-31,0,0,204
45,0,0,0,0,50,New,Player,0,50,0,184,50,50,0,7,32755,1023,32755,50,21,0,0,50,0,0,0,50,0,0,50,2,63,1023,50,50,50,50,0,0,50,0,2,0,0,0,0,0,214,45,0,0,0,0,0,65,0,0,53,2,1,0,1,75,0,15,50,99,50,0,0,50,0,1,100,50,50,25,50,0,0,0,0,3,15,73,32,12,26,10,7,13,0,0,0,54,4,11,10,250,0,72,40,999,50,31,-31,0,0,204
45,0,0,0,0,50,New,Player,0,50,0,184,50,50,0,7,32755,1023,32755,50,21,0,0,50,0,0,0,50,0,0,50,2,63,1023,50,50,50,50,0,0,50,0,2,0,0,0,0,0,214,45,0,0,0,0,0,65,0,0,53,2,1,0,1,75,0,15,50,99,50,0,0,50,0,1,100,50,50,25,50,0,0,0,0,3,15,73,32,12,26,10,7,13,0,0,0,54,4,11,10,250,0,72,40,999,50,31,-31,0,0,204
45,0,0,0,0,50,New,Player,0,50,0,184,50,50,0,7,32755,1023,32755,50,21,0,0,50,0,0,0,50,0,0,50,2,63,1023,50,50,50,50,0,0,50,0,2,0,0,0,0,0,214,45,0,0,0,0,0,65,0,0,53,2,1,0,1,75,0,15,50,99,50,0,0,50,0,1,100,50,50,25,50,0,0,0,0,3,15,73,32,12,26,10,7,13,0,0,0,54,4,11,10,250,0,72,40,999,50,31,-31,0,0,204
45,0,0,0,0,50,New,Player,0,50,0,184,50,50,0,7,32755,1023,32755,50,21,0,0,50,0,0,0,50,0,0,50,2,63,1023,50,50,50,50,0,0,50,0,2,0,0,0,0,0,214,45,0,0,0,0,0,65,0,0,53,2,1,0,1,75,0,15,50,99,50,0,0,50,0,1,100,50,50,25,50,0,0,0,0,3,15,73,32,12,26,10,7,13,0,0,0,54,4,11,10,250,0,72,40,999,50,31,-31,0,0,204
45,0,0,0,0,50,New,Player,0,50,0,184,50,50,0,7,32755,1023,32755,50,21,0,0,50,0,0,0,50,0,0,50,2,63,1023,50,50,50,50,0,0,50,0,2,0,0,0,0,0,214,45,0,0,0,0,0,65,0,0,53,2,1,0,1,75,0,15,50,99,50,0,0,50,0,1,100,50,50,25,50,0,0,0,0,3,15,73,32,12,26,10,7,13,0,0,0,54,4,11,10,250,0,72,40,999,50,31,-31,0,0,204
45,0,0,0,0,50,New,Player,0,50,0,184,50,50,0,7,32755,1023,32755,50,21,0,0,50,0,0,0,50,0,0,50,2,63,1023,50,50,50,50,0,0,50,0,2,0,0,0,0,0,214,45,0,0,0,0,0,65,0,0,53,2,1,0,1,75,0,15,50,99,50,0,0,50,0,1,100,50,50,25,50,0,0,0,0,3,15,73,32,12,26,10,7,13,0,0,0,54,4,11,10,250,0,72,40,999,50,31,-31,0,0,204
45,0,0,0,0,50,New,Player,0,50,0,184,50,50,0,7,32755,1023,32755,50,21,0,0,50,0,0,0,50,0,0,50,2,63,1023,50,50,50,50,0,0,50,0,2,0,0,0,0,0,214,45,0,0,0,0,0,65,0,0,53,2,1,0,1,75,0,15,50,99,50,0,0,50,0,1,100,50,50,25,50,0,0,0,0,3,15,73,32,12,26,10,7,13,0,0,0,54,4,11,10,250,0,72,40,999,50,31,-31,0,0,204
45,0,0,0,0,50,New,Player,0,50,0,184,50,50,0,7,32755,1023,32755,50,21,0,0,50,0,0,0,50,0,0,50,2,63,1023,50,50,50,50,0,0,50,0,2,0,0,0,0,0,214,45,0,0,0,0,0,65,0,0,53,2,1,0,1,75,0,15,50,99,50,0,0,50,0,1,100,50,50,25,50,0,0,0,0,3,15,73,32,12,26,10,7,13,0,0,0,54,4,11,10,250,0,72,40,999,50,31,-31,0,0,204
45,0,0,0,0,50,New,Player,0,50,0,184,50,50,0,7,32755,1023,32755,50,21,0,0,50,0,0,0,50,0,0,50,2,63,1023,50,50,50,50,0,0,50,0,2,0,0,0,0,0,214,45,0,0,0,0,0,65,0,0,53,2,1,0,1,75,0,15,50,99,50,0,0,50,0,1,100,50,50,25,50,0,0,0,0,3,15,73,32,12,26,10,7,13,0,0,0,54,4,11,10,250,0,72,40,999,50,31,-31,0,0,204
45,0,0,0,0,50,New,Player,0,50,0,184,50,50,0,7,32755,1023,32755,50,21,0,0,50,0,0,0,50,0,0,50,2,63,1023,50,50,50,50,0,0,50,0,2,0,0,0,0,0,214,45,0,0,0,0,0,65,0,0,53,2,1,0,1,75,0,15,50,99,50,0,0,50,0,1,100,50,50,25,50,0,0,0,0,3,15,73,32,12,26,10,7,13,0,0,0,54,4,11,10,250,0,72,40,999,50,31,-31,0,0,204
45,0,0,0,0,50,New,Player,0,50,0,184,50,50,0,7,32755,1023,32755,50,21,0,0,50,0,0,0,50,0,0,50,2,63,1023,50,50,50,50,0,0,50,0,2,0,0,0,0,0,214,45,0,0,0,0,0,65,0,0,53,2,1,0,1,75,0,15,50,99,50,0,0,50,0,1,100,50,50,25,50,0,0,0,0,3,15,73,32,12,26,10,7,13,0,0,0,54,4,11,10,250,0,72,40,999,50,31,-31,0,0,204
45,0,0,0,0,50,New,Player,0,50,0,184,50,50,0,7,32755,1023,32755,50,21,0,0,50,0,0,0,50,0,0,50,2,63,1023,50,50,50,50,0,0,50,0,2,0,0,0,0,0,214,45,0,0,0,0,0,65,0,0,53,2,1,0,1,75,0,15,50,99,50,0,0,50,0,1,100,50,50,25,50,0,0,0,0,3,15,73,32,12,26,10,7,13,0,0,0,54,4,11,10,250,0,72,40,999,50,31,-31,0,0,204
45,0,0,0,0,50,New,Player,0,50,0,184,50,50,0,7,32755,1023,32755,50,21,0,0,50,0,0,0,50,0,0,50,2,63,1023,50,50,50,50,0,0,50,0,2,0,0,0,0,0,214,45,0,0,0,0,0,65,0,0,53,2,1,0,1,75,0,15,50,99,50,0,0,50,0,1,100,50,50,25,50,0,0,0,0,3,15,73,32,12,26,10,7,13,0,0,0,54,4,11,10,250,0,72,40,999,50,31,-31,0,0,204
45,0,0,0,0,50,New,Player,0,50,0,184,50,50,0,7,32755,1023,32755,50,21,0,0,50,0,0,0,50,0,0,50,2,63,1023,50,50,50,50,0,0,50,0,2,0,0,0,0,0,214,45,0,0,0,0,0,65,0,0,53,2,1,0,1,75,0,15,50,99,50,0,0,50,0,1,100,50,50,25,50,0,0,0,0,3,15,73,32,12,26,10,7,13,0,0,0,54,4,11,10,250,0,72,40,999,50,31,-31,0,0,204
45,0,0,0,0,50,New,Player,0,50,0,184,50,50,0,7,32755,1023,32755,50,21,0,0,50,0,0,0,50,0,0,50,2,63,1023,50,50,50,50,0,0,50,0,2,0,0,0,0,0,214,45,0,0,0,0,0,65,0,0,53,2,1,0,1,75,0,15,50,99,50,0,0,50,0,1,100,50,50,25,50,0,0,0,0,3,15,73,32,12,26,10,7,13,0,0,0,54,4,11,10,250,0,72,40,999,50,31,-31,0,0,204
45,0,0,0,0,50,New,Player,0,50,0,184,50,50,0,7,32755,1023,32755,50,21,0,0,50,0,0,0,50,0,0,50,2,63,1023,50,50,50,50,0,0,50,0,2,0,0,0,0,0,214,45,0,0,0,0,0,65,0,0,53,2,1,0,1,75,0,15,50,99,50,0,0,50,0,1,100,50,50,25,50,0,0,0,0,3,15,73,32,12,26,10,7,13,0,0,0,54,4,11,10,250,0,72,40,999,50,31,-31,0,0,204
45,0,0,0,0,50,New,Player,0,50,0,184,50,50,0,7,32755,1023,32755,50,21,0,0,50,0,0,0,50,0,0,50,2,63,1023,50,50,50,50,0,0,50,0,2,0,0,0,0,0,214,45,0,0,0,0,0,65,0,0,53,2,1,0,1,75,0,15,50,99,50,0,0,50,0,1,100,50,50,25,50,0,0,0,0,3,15,73,32,12,26,10,7,13,0,0,0,54,4,11,10,250,0,72,40,999,50,31,-31,0,0,204
45,0,0,0,0,50,New,Player,0,50,0,184,50,50,0,7,32755,1023,32755,50,21,0,0,50,0,0,0,50,0,0,50,2,63,1023,50,50,50,50,0,0,50,0,2,0,0,0,0,0,214,45,0,0,0,0,0,65,0,0,53,2,1,0,1,75,0,15,50,99,50,0,0,50,0,1,100,50,50,25,50,0,0,0,0,3,15,73,32,12,26,10,7,13,0,0,0,54,4,11,10,250,0,72,40,999,50,31,-31,0,0,204
45,0,0,0,0,50,New,Player,0,50,0,184,50,50,0,7,32755,1023,32755,50,21,0,0,50,0,0,0,50,0,0,50,2,63,1023,50,50,50,50,0,0,50,0,2,0,0,0,0,0,214,45,0,0,0,0,0,65,0,0,53,2,1,0,1,75,0,15,50,99,50,0,0,50,0,1,100,50,50,25,50,0,0,0,0,3,15,73,32,12,26,10,7,13,0,0,0,54,4,11,10,250,0,72,40,999,50,31,-31,0,0,204
45,0,0,0,0,50,New,Player,0,50,0,184,50,50,0,7,32755,1023,32755,50,21,0,0,50,0,0,0,50,0,0,50,2,63,1023,50,50,50,50,0,0,50,0,2,0,0,0,0,0,214,45,0,0,0,0,0,65,0,0,53,2,1,0,1,75,0,15,50,99,50,0,0,50,0,1,100,50,50,25,50,0,0,0,0,3,15,73,32,12,26,10,7,13,0,0,0,54,4,11,10,250,0,72,40,999,50,31,-31,0,0,204
45,0,0,0,0,50,New,Player,0,50,0,184,50,50,0,7,32755,1023,32755,50,21,0,0,50,0,0,0,50,0,0,50,2,63,1023,50,50,50,50,0,0,50,0,2,0,0,0,0,0,214,45,0,0,0,0,0,65,0,0,53,2,1,0,1,75,0,15,50,99,50,0,0,50,0,1,100,50,50,25,50,0,0,0,0,3,15,73,32,12,26,10,7,13,0,0,0,54,4,11,10,250,0,72,40,999,50,31,-31,0,0,204
45,0,0,0,0,50,New,Player,0,50,0,184,50,50,0,7,32755,1023,32755,50,21,0,0,50,0,0,0,50,0,0,50,2,63,1023,50,50,50,50,0,0,50,0,2,0,0,0,0,0,214,45,0,0,0,0,0,65,0,0,53,2,1,0,1,75,0,15,50,99,50,0,0,50,0,1,100,50,50,25,50,0,0,0,0,3,15,73,32,12,26,10,7,13,0,0,0,54,4,11,10,250,0,72,40,999,50,31,-31,0,0,204
45,0,0,0,0,50,New,Player,0,50,0,0,50,50,0,7,32755,1023,32755,50,21,0,0,50,0,0,0,50,0,0,50,2,63,1023,50,50,50,50,0,0,50,0,2,0,0,0,0,0,214,45,100,0,0,0,0,65,0,0,8,2,0,0,0,75,0,15,50,99,50,0,0,50,0,1,100,50,50,28,50,0,0,0,0,0,5,58,32,12,26,9,7,13,0,0,0,54,0,16,0,0,0,72,40,999,50,31,-31,0,0,204
45,0,0,0,0,50,New,Player,0,50,0,0,50,50,0,7,32755,1023,32755,50,21,0,0,50,0,0,0,50,0,0,50,2,63,1023,50,50,50,50,0,0,50,0,2,0,0,0,0,0,214,45,100,0,0,0,0,65,0,0,8,2,0,0,0,75,0,15,50,99,50,0,0,50,0,1,100,50,50,28,50,0,0,0,0,0,5,58,32,12,26,9,7,13,0,0,0,54,0,16,0,0,0,72,40,999,50,31,-31,0,0,204
45,0,0,0,0,50,New,Player,0,50,0,0,50,50,0,7,32755,1023,32755,50,21,0,0,50,0,0,0,50,0,0,50,2,63,1023,50,50,50,50,0,0,50,0,2,0,0,0,0,0,214,45,100,0,0,0,0,65,0,0,8,2,0,0,0,75,0,15,50,99,50,0,0,50,0,1,100,50,50,28,50,0,0,0,0,0,5,58,32,12,26,9,7,13,0,0,0,54,0,16,0,0,0,72,40,999,50,31,-31,0,0,204
45,0,0,0,0,50,New,Player,0,50,0,0,50,50,0,7,32755,1023,32755,50,21,0,0,50,0,0,0,50,0,0,50,2,63,1023,50,50,50,50,0,0,50,0,2,0,0,0,0,0,214,45,100,0,0,0,0,65,0,0,8,2,0,0,0,75,0,15,50,99,50,0,0,50,0,1,100,50,50,28,50,0,0,0,0,0,5,58,32,12,26,9,7,13,0,0,0,54,0,16,0,0,0,72,40,999,50,31,-31,0,0,204
45,0,0,0,0,50,New,Player,0,50,0,0,50,50,0,7,32755,1023,32755,50,21,0,0,50,0,0,0,50,0,0,50,2,63,1023,50,50,50,50,0,0,50,0,2,0,0,0,0,0,214,45,100,0,0,0,0,65,0,0,8,2,0,0,0,75,0,15,50,99,50,0,0,50,0,1,100,50,50,28,50,0,0,0,0,0,5,58,32,12,26,9,7,13,0,0,0,54,0,16,0,0,0,72,40,999,50,31,-31,0,0,204
45,0,0,0,0,50,New,Player,0,50,0,0,50,50,0,7,32755,1023,32755,50,21,0,0,50,0,0,0,50,0,0,50,2,63,1023,50,50,50,50,0,0,50,0,2,0,0,0,0,0,214,45,100,0,0,0,0,65,0,0,8,2,0,0,0,75,0,15,50,99,50,0,0,50,0,1,100,50,50,28,50,0,0,0,0,0,5,58,32,12,26,9,7,13,0,0,0,54,0,16,0,0,0,72,40,999,50,31,-31,0,0,204
45,0,0,0,0,50,New,Player,0,50,0,0,50,50,0,7,32755,1023,32755,50,21,0,0,50,0,0,0,50,0,0,50,2,63,1023,50,50,50,50,0,0,50,0,2,0,0,0,0,0,214,45,100,0,0,0,0,65,0,0,8,2,0,0,0,75,0,15,50,99,50,0,0,50,0,1,100,50,50,28,50,0,0,0,0,0,5,58,32,12,26,9,7,13,0,0,0,54,0,16,0,0,0,72,40,999,50,31,-31,0,0,204
45,0,0,0,0,50,New,Player,0,50,0,0,50,50,0,7,32755,1023,32755,50,21,0,0,50,0,0,0,50,0,0,50,2,63,1023,50,50,50,50,0,0,50,0,2,0,0,0,0,0,214,45,100,0,0,0,0,65,0,0,8,2,0,0,0,75,0,15,50,99,50,0,0,50,0,1,100,50,50,28,50,0,0,0,0,0,5,58,32,12,26,9,7,13,0,0,0,54,0,16,0,0,0,72,40,999,50,31,-31,0,0,204
45,0,0,0,0,50,New,Player,0,50,0,0,50,50,0,7,32755,1023,32755,50,21,0,0,50,0,0,0,50,0,0,50,2,63,1023,50,50,50,50,0,0,50,0,2,0,0,0,0,0,214,45,100,0,0,0,0,65,0,0,8,2,0,0,0,75,0,15,50,99,50,0,0,50,0,1,100,50,50,28,50,0,0,0,0,0,5,58,32,12,26,9,7,13,0,0,0,54,0,16,0,0,0,72,40,999,50,31,-31,0,0,204
45,0,0,0,0,50,New,Player,0,50,0,0,50,50,0,7,32755,1023,32755,50,21,0,0,50,0,0,0,50,0,0,50,2,63,1023,50,50,50,50,0,0,50,0,2,0,0,0,0,0,214,45,100,0,0,0,0,65,0,0,8,2,0,0,0,75,0,15,50,99,50,0,0,50,0,1,100,50,50,28,50,0,0,0,0,0,5,58,32,12,26,9,7,13,0,0,0,54,0,16,0,0,0,72,40,999,50,31,-31,0,0,204
45,0,0,0,0,50,New,Player,0,50,0,0,50,50,0,7,32755,1023,32755,50,21,0,0,50,0,0,0,50,0,0,50,2,63,1023,50,50,50,50,0,0,50,0,2,0,0,0,0,0,214,45,100,0,0,0,0,65,0,0,8,2,0,0,0,75,0,15,50,99,50,0,0,50,0,1,100,50,50,28,50,0,0,0,0,0,5,58,32,12,26,9,7,13,0,0,0,54,0,16,0,0,0,72,40,999,50,31,-31,0,0,204
45,0,0,0,0,50,New,Player,0,50,0,0,50,50,0,7,32755,1023,32755,50,21,0,0,50,0,0,0,50,0,0,50,2,63,1023,50,50,50,50,0,0,50,0,2,0,0,0,0,0,214,45,100,0,0,0,0,65,0,0,8,2,0,0,0,75,0,15,50,99,50,0,0,50,0,1,100,50,50,28,50,0,0,0,0,0,5,58,32,12,26,9,7,13,0,0,0,54,0,16,0,0,0,72,40,999,50,31,-31,0,0,204
45,0,0,0,0,50,New,Player,0,50,0,0,50,50,0,7,32755,1023,32755,50,21,0,0,50,0,0,0,50,0,0,50,2,63,1023,50,50,50,50,0,0,50,0,2,0,0,0,0,0,214,45,100,0,0,0,0,65,0,0,8,2,0,0,0,75,0,15,50,99,50,0,0,50,0,1,100,50,50,28,50,0,0,0,0,0,5,58,32,12,26,9,7,13,0,0,0,54,0,16,0,0,0,72,40,999,50,31,-31,0,0,204
45,0,0,0,0,50,New,Player,0,50,0,0,50,50,0,7,32755,1023,32755,50,21,0,0,50,0,0,0,50,0,0,50,2,63,1023,50,50,50,50,0,0,50,0,2,0,0,0,0,0,214,45,100,0,0,0,0,65,0,0,8,2,0,0,0,75,0,15,50,99,50,0,0,50,0,1,100,50,50,28,50,0,0,0,0,0,5,58,32,12,26,9,7,13,0,0,0,54,0,16,0,0,0,72,40,999,50,31,-31,0,0,204
45,0,0,0,0,50,New,Player,0,50,0,0,50,50,0,7,32755,1023,32755,50,21,0,0,50,0,0,0,50,0,0,50,2,63,1023,50,50,50,50,0,0,50,0,2,0,0,0,0,0,214,45,100,0,0,0,0,65,0,0,8,2,0,0,0,75,0,15,50,99,50,0,0,50,0,1,100,50,50,28,50,0,0,0,0,0,5,58,32,12,26,9,7,13,0,0,0,54,0,16,0,0,0,72,40,999,50,31,-31,0,0,204
45,0,0,0,0,50,New,Player,0,50,0,0,50,50,0,7,32755,1023,32755,50,21,0,0,50,0,0,0,50,0,0,50,2,63,1023,50,50,50,50,0,0,50,0,2,0,0,0,0,0,214,45,100,0,0,0,0,65,0,0,8,2,0,0,0,75,0,15,50,99,50,0,0,50,0,1,100,50,50,28,50,0,0,0,0,0,5,58,32,12,26,9,7,13,0,0,0,54,0,16,0,0,0,72,40,999,50,31,-31,0,0,204
45,0,0,0,0,50,New,Player,0,50,0,0,50,50,0,7,32755,1023,32755,50,21,0,0,50,0,0,0,50,0,0,50,2,63,1023,50,50,50,50,0,0,50,0,2,0,0,0,0,0,214,45,100,0,0,0,0,65,0,0,8,2,0,0,0,75,0,15,50,99,50,0,0,50,0,1,100,50,50,28,50,0,0,0,0,0,5,58,32,12,26,9,7,13,0,0,0,54,0,16,0,0,0,72,40,999,50,31,-31,0,0,204
45,0,0,0,0,50,New,Player,0,50,0,0,50,50,0,7,32755,1023,32755,50,21,0,0,50,0,0,0,50,0,0,50,2,63,1023,50,50,50,50,0,0,50,0,2,0,0,0,0,0,214,45,100,0,0,0,0,65,0,0,8,2,0,0,0,75,0,15,50,99,50,0,0,50,0,1,100,50,50,28,50,0,0,0,0,0,5,58,32,12,26,9,7,13,0,0,0,54,0,16,0,0,0,72,40,999,50,31,-31,0,0,204
45,0,0,0,0,50,New,Player,0,50,0,0,50,50,0,7,32755,1023,32755,50,21,0,0,50,0,0,0,50,0,0,50,2,63,1023,50,50,50,50,0,0,50,0,2,0,0,0,0,0,214,45,100,0,0,0,0,65,0,0,8,2,0,0,0,75,0,15,50,99,50,0,0,50,0,1,100,50,50,28,50,0,0,0,0,0,5,58,32,12,26,9,7,13,0,0,0,54,0,16,0,0,0,72,40,999,50,31,-31,0,0,204
45,0,0,0,0,50,New,Player,0,50,0,0,50,50,0,7,32755,1023,32755,50,21,0,0,50,0,0,0,50,0,0,50,2,63,1023,50,50,50,50,0,0,50,0,2,0,0,0,0,0,214,45,100,0,0,0,0,65,0,0,8,2,0,0,0,75,0,15,50,99,50,0,0,50,0,1,100,50,50,28,50,0,0,0,0,0,5,58,32,12,26,9,7,13,0,0,0,54,0,16,0,0,0,72,40,999,50,31,-31,0,0,204
45,0,0,0,0,50,New,Player,0,50,0,0,50,50,0,7,32755,1023,32755,50,21,0,0,50,0,0,0,50,0,0,50,2,63,1023,50,50,50,50,0,0,50,0,2,0,0,0,0,0,214,45,100,0,0,0,0,65,0,0,8,2,0,0,0,75,0,15,50,99,50,0,0,50,0,1,100,50,50,28,50,0,0,0,0,0,5,58,32,12,26,9,7,13,0,0,0,54,0,16,0,0,0,72,40,999,50,31,-31,0,0,204
45,0,0,0,0,50,New,Player,0,50,0,0,50,50,0,7,32755,1023,32755,50,21,0,0,50,0,0,0,50,0,0,50,2,63,1023,50,50,50,50,0,0,50,0,2,0,0,0,0,0,214,45,100,0,0,0,0,65,0,0,8,2,0,0,0,75,0,15,50,99,50,0,0,50,0,1,100,50,50,28,50,0,0,0,0,0,5,58,32,12,26,9,7,13,0,0,0,54,0,16,0,0,0,72,40,999,50,31,-31,0,0,204
45,0,0,0,0,50,New,Player,0,50,0,0,50,50,0,7,32755,1023,32755,50,21,0,0,50,0,0,0,50,0,0,50,2,63,1023,50,50,50,50,0,0,50,0,2,0,0,0,0,0,214,45,100,0,0,0,0,65,0,0,8,2,0,0,0,75,0,15,50,99,50,0,0,50,0,1,100,50,50,28,50,0,0,0,0,0,5,58,32,12,26,9,7,13,0,0,0,54,0,16,0,0,0,72,40,999,50,31,-31,0,0,204
45,0,0,0,0,50,New,Player,0,50,0,0,50,50,0,7,32755,1023,32755,50,21,0,0,50,0,0,0,50,0,0,50,2,63,1023,50,50,50,50,0,0,50,0,2,0,0,0,0,0,214,45,100,0,0,0,0,65,0,0,8,2,0,0,0,75,0,15,50,99,50,0,0,50,0,1,100,50,50,28,50,0,0,0,0,0,5,58,32,12,26,9,7,13,0,0,0,54,0,16,0,0,0,72,40,999,50,31,-31,0,0,204
45,0,0,0,0,50,New,Player,0,50,0,0,50,50,0,7,32755,1023,32755,50,21,0,0,50,0,0,0,50,0,0,50,2,63,1023,50,50,50,50,0,0,50,0,2,0,0,0,0,0,214,45,100,0,0,0,0,65,0,0,8,2,0,0,0,75,0,15,50,99,50,0,0,50,0,1,100,50,50,28,50,0,0,0,0,0,5,58,32,12,26,9,7,13,0,0,0,54,0,16,0,0,0,72,40,999,50,31,-31,0,0,204
45,0,0,0,0,50,New,Player,0,50,0,0,50,50,0,7,32755,1023,32755,50,21,0,0,50,0,0,0,50,0,0,50,2,63,1023,50,50,50,50,0,0,50,0,2,0,0,0,0,0,214,45,100,0,0,0,0,65,0,0,8,2,0,0,0,75,0,15,50,99,50,0,0,50,0,1,100,50,50,28,50,0,0,0,0,0,5,58,32,12,26,9,7,13,0,0,0,54,0,16,0,0,0,72,40,999,50,31,-31,0,0,204
45,0,0,0,0,50,New,Player,0,50,0,0,50,50,0,7,32755,1023,32755,50,21,0,0,50,0,0,0,50,0,0,50,2,63,1023,50,50,50,50,0,0,50,0,2,0,0,0,0,0,214,45,100,0,0,0,0,65,0,0,8,2,0,0,0,75,0,15,50,99,50,0,0,50,0,1,100,50,50,28,50,0,0,0,0,0,5,58,32,12,26,9,7,13,0,0,0,54,0,16,0,0,0,72,40,999,50,31,-31,0,0,204
