doc_id,stratum,path,title_as_filed,year_as_filed,has_text,format,klass,per_player,read_method,note,bytes,words,ev_year_min,ev_year_max,ev_year_modal,ev_football,ev_baseball,ev_hockey,ev_basketball,ev_college,ev_bio_labels,ev_bio_prose,ev_htwt,ev_roster_rows,ev_name_pos,ev_stat_heads,ev_stat_rows,dup_relation,dup_with,dup_containment,dup_n_partners
redskins-1934-media-guide-boston,nfl-books,nfl-books/text_all/redskins-1934-media-guide-boston.txt,Boston Redskins 1934 Media Guide,1934,1,ocr-text,club media guide,biography,read-2026-09-07-yearbooks,"complete-stratum read: every pre-1950 held text carries per-man biography prose | MISSED by the automated window, found by reading: 'SURNAME, First---prose' entries under 'Player Histories'",17929,2884,1911,1935,1933,19,0,0,0,2,0,1,9,0,0,0,0,,,,0
detroit-lions-1935-media-guide-cover,nfl-books,,Detroit Lions 1935 Media Guide Cover,1935,0,no-text-layer,"club media guide, page 1 (mis-catalogued as a cover)",biography,read-2026-09-06-yearbooks,"2 men, one truncated at the page foot; year proved from the printed 1935 schedule, not the title | textless scan; in index, no OCR layer",,,,,,,,,,,,,,,,,,,,,0
redskins-1935-media-guide-boston,nfl-books,nfl-books/text_all/redskins-1935-media-guide-boston.txt,Boston Redskins 1935 Media Guide,1935,1,ocr-text,club media guide,biography,read-2026-09-07-yearbooks,complete-stratum read: every pre-1950 held text carries per-man biography prose,21379,3528,1907,1955,1932,22,0,0,0,8,0,16,1,0,2,0,0,,,,0
packers-1936-media-guide-green-bay-c,nfl-books,nfl-books/text_all/packers-1936-media-guide-green-bay-c.txt,Green Bay Packers 1936 Media Guide,1936,1,ocr-text,club media guide,biography,read-2026-09-07-yearbooks,complete-stratum read: every pre-1950 held text carries per-man biography prose,58137,9748,1896,1996,1935,57,0,0,0,13,1,37,1,0,0,0,0,,,,0
packers-1937,nfl-books,,Green Bay Packers 1937 Media Guide Cover,1937,0,no-text-layer,cover scan,none,read-2026-09-06-yearbooks,"all 302 textless items scanned by metadata and all 319 images OCR'd; the 10 over 150 words are schedules and broadcast listings, nothing per-man | textless scan; in index, no OCR layer",,,,,,,,,,,,,,,,,,,,,0
bears-1939-media-guide-chicago-c,nfl-books,nfl-books/text_all/bears-1939-media-guide-chicago-c.txt,Chicago Bears 1939 Media Guide,1939,1,ocr-text,club media guide,biography,read-2026-09-07-yearbooks,complete-stratum read: every pre-1950 held text carries per-man biography prose,41601,6670,1908,1939,1935,31,2,0,0,9,0,37,12,0,10,0,0,,,,0
cardinals-1939,nfl-books,,Chicago Cardinals 1939 Media Guide Cover,1939,0,no-text-layer,cover scan,none,read-2026-09-06-yearbooks,"all 302 textless items scanned by metadata and all 319 images OCR'd; the 10 over 150 words are schedules and broadcast listings, nothing per-man | textless scan; in index, no OCR layer",,,,,,,,,,,,,,,,,,,,,0
packers-1939,nfl-books,,Green Bay Packers 1939 Media Guide Cover,1939,0,no-text-layer,cover scan,none,read-2026-09-06-yearbooks,"all 302 textless items scanned by metadata and all 319 images OCR'd; the 10 over 150 words are schedules and broadcast listings, nothing per-man | textless scan; in index, no OCR layer",,,,,,,,,,,,,,,,,,,,,0
bears-1940,nfl-books,,Chicago Bears 1940 Media Guide Cover,1940,0,no-text-layer,cover scan,none,read-2026-09-06-yearbooks,"all 302 textless items scanned by metadata and all 319 images OCR'd; the 10 over 150 words are schedules and broadcast listings, nothing per-man | textless scan; in index, no OCR layer",,,,,,,,,,,,,,,,,,,,,0
cardinals-1940,nfl-books,nfl-books/text_all/cardinals-1940.txt,Chicago Cardinals 1940 Media Guide,1940,1,ocr-text,club media guide,biography,read-2026-09-07-yearbooks,complete-stratum read: every pre-1950 held text carries per-man biography prose,28022,4651,1912,1956,1917,37,1,0,0,5,3,7,36,0,0,0,1,,,,0
packers-1940,nfl-books,nfl-books/text_all/packers-1940.txt,Green Bay Packers 1940 Media Guide,1940,1,ocr-text,club media guide,biography,read-2026-09-07-yearbooks,complete-stratum read: every pre-1950 held text carries per-man biography prose,148077,25272,1904,1994,1939,101,0,0,0,35,0,57,2,0,3,0,2,,,,0
bears-1941,nfl-books,,Chicago Bears 1941 Media Guide Cover,1941,0,no-text-layer,cover scan,none,read-2026-09-06-yearbooks,"all 302 textless items scanned by metadata and all 319 images OCR'd; the 10 over 150 words are schedules and broadcast listings, nothing per-man | textless scan; in index, no OCR layer",,,,,,,,,,,,,,,,,,,,,0
new-york-giants-1941-media-guide-cover,nfl-books,,New York Giants 1941 Media Guide Cover,1941,0,no-text-layer,cover scan,none,read-2026-09-06-yearbooks,"all 302 textless items scanned by metadata and all 319 images OCR'd; the 10 over 150 words are schedules and broadcast listings, nothing per-man | textless scan; in index, no OCR layer",,,,,,,,,,,,,,,,,,,,,0
packers-1941,nfl-books,nfl-books/text_all/packers-1941.txt,Green Bay Packers 1941 Media Guide,1941,1,ocr-text,club media guide,biography,read-2026-09-07-yearbooks,complete-stratum read: every pre-1950 held text carries per-man biography prose,146117,24753,1877,1977,1940,83,0,1,0,31,0,36,0,0,1,0,2,,,,0
bears-1942-media-guide-chicago,nfl-books,nfl-books/text_all/bears-1942-media-guide-chicago.txt,Chicago Bears 1942 Media Guide,1942,1,ocr-text,club media guide,biography,read-2026-09-07-yearbooks,complete-stratum read: every pre-1950 held text carries per-man biography prose,38360,6072,1910,2005,1941,21,1,0,0,3,1,45,7,1,1,0,15,,,,0
lions-1942-media-guide-detroit-cv-2-x,nfl-books,nfl-books/text_all/lions-1942-media-guide-detroit-cv-2-x.txt,Detroit Lions 1942 Media Guide,1942,1,ocr-text,club media guide,biography,read-2026-09-07-yearbooks,complete-stratum read: every pre-1950 held text carries per-man biography prose,27450,4633,1913,1958,1940,18,0,0,0,11,2,18,2,0,0,0,1,,,,0
philadelphia-eagles-1942-media-guide-cover,nfl-books,,Philadelphia Eagles 1942 Media Guide Cover,1942,0,no-text-layer,cover scan,none,read-2026-09-06-yearbooks,"all 302 textless items scanned by metadata and all 319 images OCR'd; the 10 over 150 words are schedules and broadcast listings, nothing per-man | textless scan; in index, no OCR layer",,,,,,,,,,,,,,,,,,,,,0
bears-1943-media-guide-chicago,nfl-books,nfl-books/text_all/bears-1943-media-guide-chicago.txt,Chicago Bears 1943 Media Guide,1943,1,ocr-text,club media guide,biography,read-2026-09-07-yearbooks,complete-stratum read: every pre-1950 held text carries per-man biography prose,19349,3384,1908,1942,1939,12,1,0,0,2,0,42,7,0,1,0,2,,,,0
bears-1944-media-guide-chicago,nfl-books,nfl-books/text_all/bears-1944-media-guide-chicago.txt,Chicago Bears 1944 Media Guide,1944,1,ocr-text,club media guide,biography,read-2026-09-07-yearbooks,complete-stratum read: every pre-1950 held text carries per-man biography prose,20668,3491,1909,1943,1916,3,1,0,0,2,0,28,7,1,0,0,0,,,,0
new-york-giants-1944-media-guide-cover,nfl-books,,New York Giants 1944 Media Guide Cover,1944,0,no-text-layer,cover scan,none,read-2026-09-06-yearbooks,"all 302 textless items scanned by metadata and all 319 images OCR'd; the 10 over 150 words are schedules and broadcast listings, nothing per-man | textless scan; in index, no OCR layer",,,,,,,,,,,,,,,,,,,,,0
packers-1944-media-guide-green-bay-c,nfl-books,nfl-books/text_all/packers-1944-media-guide-green-bay-c.txt,Green Bay Packers 1944 Media Guide,1944,1,ocr-text,club media guide,biography,read-2026-09-07-yearbooks,complete-stratum read: every pre-1950 held text carries per-man biography prose,95796,16343,1910,1949,1943,69,1,0,0,19,0,41,1,12,0,0,0,,,,0
giants-1945-media-guide-new-york,nfl-books,nfl-books/text_all/giants-1945-media-guide-new-york.txt,New York Giants 1945 Media Guide,1945,1,ocr-text,club media guide,biography,read-2026-09-07-yearbooks,complete-stratum read: every pre-1950 held text carries per-man biography prose,48102,7691,1895,1992,1941,17,0,0,0,2,0,11,28,6,0,0,0,,,,0
green-bay-packers-media-guide-1945-cover-front,nfl-books,,Green Bay Packers 1945 Media Guide Cover,1945,0,no-text-layer,cover scan,none,read-2026-09-06-yearbooks,"all 302 textless items scanned by metadata and all 319 images OCR'd; the 10 over 150 words are schedules and broadcast listings, nothing per-man | textless scan; in index, no OCR layer",,,,,,,,,,,,,,,,,,,,,0
philadelphia-eagles-1945-media-guide-cover,nfl-books,,Philadelphia Eagles 1945 Media Guide Cover,1945,0,no-text-layer,cover scan,none,read-2026-09-06-yearbooks,"all 302 textless items scanned by metadata and all 319 images OCR'd; the 10 over 150 words are schedules and broadcast listings, nothing per-man | textless scan; in index, no OCR layer",,,,,,,,,,,,,,,,,,,,,0
steelers-1945-media-guide-pittsburgh,nfl-books,nfl-books/text_all/steelers-1945-media-guide-pittsburgh.txt,Pittsburgh Steelers 1945 Media Guide,1945,1,ocr-text,club media guide,biography,read-2026-09-07-yearbooks,complete-stratum read: every pre-1950 held text carries per-man biography prose,26498,3678,1868,2000,1945,5,0,0,0,0,1,11,0,0,0,0,0,,,,0
49ers-1946-media-guide-san-francisco,nfl-books,nfl-books/text_all/49ers-1946-media-guide-san-francisco.txt,San Francisco 49ers 1946 Media Guide,1946,1,ocr-text,club media guide,biography,read-2026-09-07-yearbooks,"complete-stratum read: every pre-1950 held text carries per-man biography prose | MISSED by the automated window, found by reading: 'SURNAME, First / Height: / Weight:' then prose",24664,3927,1921,1946,1943,12,0,0,0,9,1,12,63,0,10,0,0,,,,0
bears-1946-media-guide-chicago-c,nfl-books,nfl-books/text_all/bears-1946-media-guide-chicago-c.txt,Chicago Bears 1946 Media Guide,1946,1,ocr-text,club media guide,biography,read-2026-09-07-yearbooks,"complete-stratum read: every pre-1950 held text carries per-man biography prose | MISSED by the automated window, found by reading: 'NAME ... terse clauses' -- 'Personnel Thumbnail Sketches', p24",56163,9200,1857,2025,1943,37,0,0,0,5,0,0,0,0,1,0,1,,,,0
boston-yanks-1946-media-guide-cover,nfl-books,nfl-books/text_all/boston-yanks-1946-media-guide-cover.txt,Boston Yanks 1946 Media Guide,1946,1,ocr-text,club media guide,biography,read-2026-09-07-yearbooks,"complete-stratum read: every pre-1950 held text carries per-man biography prose | MISSED by the automated window, found by reading: 'NAME—prose' plus a Name/Pos/Wt/Hgt/Age/Year table",46029,7449,1921,1946,1944,37,1,0,0,13,0,4,0,0,7,0,0,,,,0
cardinals-1946,nfl-books,nfl-books/text_all/cardinals-1946.txt,Chicago Cardinals 1946 Media Guide,1946,1,ocr-text,club media guide,biography,read-2026-09-07-yearbooks,complete-stratum read: every pre-1950 held text carries per-man biography prose,73292,12388,1911,1946,1942,45,1,0,0,20,2,87,1,0,0,0,21,,,,0
cleveland-browns-1946-media-guide-cover-front,nfl-books,,Cleveland Browns 1946 Media Guide Cover,1946,0,no-text-layer,cover scan,none,read-2026-09-06-yearbooks,"all 302 textless items scanned by metadata and all 319 images OCR'd; the 10 over 150 words are schedules and broadcast listings, nothing per-man | textless scan; in index, no OCR layer",,,,,,,,,,,,,,,,,,,,,0
giants-1946-media-guide-new-york-cbd,nfl-books,nfl-books/text_all/giants-1946-media-guide-new-york-cbd.txt,New York Giants 1946 Media Guide,1946,1,ocr-text,club media guide,biography,read-2026-09-07-yearbooks,complete-stratum read: every pre-1950 held text carries per-man biography prose,68239,11021,1890,1946,1945,61,0,0,0,2,1,15,0,0,23,0,4,,,,0
lions-1946,nfl-books,nfl-books/text_all/lions-1946.txt,Detroit Lions 1946 Media Guide,1946,1,ocr-text,club media guide,biography,read-2026-09-07-yearbooks,complete-stratum read: every pre-1950 held text carries per-man biography prose,105631,17771,1891,2020,1944,95,0,0,0,17,2,130,112,0,1,1,15,,,,0
packers-1946-v-2,nfl-books,nfl-books/text_all/packers-1946-v-2.txt,Green Bay Packers 1946 Media Guide,1946,1,ocr-text,club media guide,biography,read-2026-09-07-yearbooks,complete-stratum read: every pre-1950 held text carries per-man biography prose,95881,15499,1910,1989,1942,72,0,0,0,18,2,61,0,0,12,0,0,,,,0
philadelphia-eagles-1946-media-guide-cover,nfl-books,nfl-books/text_all/philadelphia-eagles-1946-media-guide-cover.txt,Philadelphia Eagles 1946 Media Guide,1946,1,ocr-text,club media guide,biography,read-2026-09-07-yearbooks,"complete-stratum read: every pre-1950 held text carries per-man biography prose | MISSED by the automated window, found by reading: 'NAME, position from COLLEGE, is N years old'",37074,5827,1855,1988,1944,34,0,0,0,7,0,2,0,18,0,0,0,,,,0
rams-1946,nfl-books,,Los Angeles Rams 1946 Media Guide Cover,1946,0,no-text-layer,cover scan,none,read-2026-09-06-yearbooks,"all 302 textless items scanned by metadata and all 319 images OCR'd; the 10 over 150 words are schedules and broadcast listings, nothing per-man | textless scan; in index, no OCR layer",,,,,,,,,,,,,,,,,,,,,0
steelers-1946,nfl-books,nfl-books/text_all/steelers-1946.txt,Pittsburgh Steelers 1946 Media Guide,1946,1,ocr-text,club media guide,biography,read-2026-09-07-yearbooks,complete-stratum read: every pre-1950 held text carries per-man biography prose,44119,7191,1910,2025,1946,29,2,0,0,6,0,14,51,0,0,0,3,,,,0
washington-redskins-1946-media-guide-cover,nfl-books,,Washington Redskins 1946 Media Guide Cover,1946,0,no-text-layer,cover scan,none,read-2026-09-06-yearbooks,"all 302 textless items scanned by metadata and all 319 images OCR'd; the 10 over 150 words are schedules and broadcast listings, nothing per-man | textless scan; in index, no OCR layer",,,,,,,,,,,,,,,,,,,,,0
49ers-1947-media-guide-san-francisco-c,nfl-books,nfl-books/text_all/49ers-1947-media-guide-san-francisco-c.txt,San Francisco 49ers 1947 Media Guide,1947,1,ocr-text,club media guide,biography,read-2026-09-07-yearbooks,complete-stratum read: every pre-1950 held text carries per-man biography prose,69430,11478,1902,1947,1946,39,0,0,0,13,1,47,70,0,1,0,0,,,,0
boston-yanks-1947-media-guide-cover,nfl-books,nfl-books/text_all/boston-yanks-1947-media-guide-cover.txt,Boston Yanks 1947 Media Guide,1947,1,ocr-text,club media guide,biography,read-2026-09-07-yearbooks,complete-stratum read: every pre-1950 held text carries per-man biography prose,64482,10560,1916,1989,1945,44,2,0,0,21,0,23,1,0,0,0,0,,,,0
browns-1947-media-guide-cleveland-c,nfl-books,nfl-books/text_all/browns-1947-media-guide-cleveland-c.txt,Cleveland Browns 1947 Media Guide,1947,1,ocr-text,club media guide,biography,read-2026-09-07-yearbooks,complete-stratum read: every pre-1950 held text carries per-man biography prose,87558,14260,1900,1996,1946,66,0,0,0,23,2,65,0,0,0,1,0,,,,0
cardinals-1947,nfl-books,,Chicago Cardinals 1947 Media Guide Cover,1947,0,no-text-layer,cover scan,none,read-2026-09-06-yearbooks,"all 302 textless items scanned by metadata and all 319 images OCR'd; the 10 over 150 words are schedules and broadcast listings, nothing per-man | textless scan; in index, no OCR layer",,,,,,,,,,,,,,,,,,,,,0
colts-1947-media-guide-baltimore,nfl-books,nfl-books/text_all/colts-1947-media-guide-baltimore.txt,Baltimore Colts 1947 Media Guide,1947,1,ocr-text,club media guide,biography,read-2026-09-07-yearbooks,complete-stratum read: every pre-1950 held text carries per-man biography prose,41791,6976,1905,1947,1921,23,0,0,0,11,0,42,2,1,1,0,0,,,,0
giants-1947-media-guide-new-york-cbd,nfl-books,nfl-books/text_all/giants-1947-media-guide-new-york-cbd.txt,New York Giants 1947 Media Guide,1947,1,ocr-text,club media guide,biography,read-2026-09-07-yearbooks,"complete-stratum read: every pre-1950 held text carries per-man biography prose | MISSED by the automated window, found by reading: 'SURNAME, FIRST—Position' then college, age, weight",65569,10670,1921,2027,1945,60,1,0,0,15,1,9,0,1,0,0,23,,,,0
lions-1947-media-guide-detroit-cv-2-x,nfl-books,nfl-books/text_all/lions-1947-media-guide-detroit-cv-2-x.txt,Detroit Lions 1947 Media Guide,1947,1,ocr-text,club media guide,biography,read-2026-09-07-yearbooks,"complete-stratum read: every pre-1950 held text carries per-man biography prose | MISSED by the automated window, found by reading: inline running prose: '... JIM LALIKOS, another rookie tackle, ...'",74796,12946,1910,1947,1944,75,0,0,0,8,1,9,0,2,1,0,20,,,,0
packers-1947,nfl-books,nfl-books/text_all/packers-1947.txt,Green Bay Packers 1947 Media Guide,1947,1,ocr-text,club media guide,biography,read-2026-09-07-yearbooks,complete-stratum read: every pre-1950 held text carries per-man biography prose,83121,13324,1898,1989,1942,72,0,0,0,19,2,76,82,0,2,2,21,,,,0
rams-1947,nfl-books,nfl-books/text_all/rams-1947.txt,Los Angeles Rams 1947 Media Guide,1947,1,ocr-text,club media guide,biography,read-2026-09-07-yearbooks,complete-stratum read: every pre-1950 held text carries per-man biography prose,120414,19574,1873,1950,1946,68,0,0,0,44,40,75,41,0,2,0,34,,,,0
redskins-1947-media-guide-washington-cbd,nfl-books,nfl-books/text_all/redskins-1947-media-guide-washington-cbd.txt,Washington Redskins 1947 Media Guide,1947,1,ocr-text,club media guide,biography,read-2026-09-07-yearbooks,complete-stratum read: every pre-1950 held text carries per-man biography prose,95767,15458,1887,2021,1937,104,1,0,0,4,0,35,7,1,38,0,17,,,,0
steelers-1947,nfl-books,,Pittsburgh Steelers 1947 Media Guide Cover,1947,0,no-text-layer,cover scan,none,read-2026-09-06-yearbooks,"all 302 textless items scanned by metadata and all 319 images OCR'd; the 10 over 150 words are schedules and broadcast listings, nothing per-man | textless scan; in index, no OCR layer",,,,,,,,,,,,,,,,,,,,,0
49ers-1948-media-guide-san-francisco-c,nfl-books,nfl-books/text_all/49ers-1948-media-guide-san-francisco-c.txt,San Francisco 49ers 1948 Media Guide,1948,1,ocr-text,club media guide,biography,read-2026-09-07-yearbooks,complete-stratum read: every pre-1950 held text carries per-man biography prose,54247,9272,1915,1993,1946,43,0,0,0,19,0,29,68,0,2,2,23,,,,0
boston-yanks-1948-media-guide-cover,nfl-books,,Boston Yanks 1948 Media Guide Cover,1948,0,no-text-layer,cover scan,none,read-2026-09-06-yearbooks,"all 302 textless items scanned by metadata and all 319 images OCR'd; the 10 over 150 words are schedules and broadcast listings, nothing per-man | textless scan; in index, no OCR layer",,,,,,,,,,,,,,,,,,,,,0
cardinals-1948-rear.jpg,nfl-books,,Chicago Cardinals 1948 Media Guide Cover,1948,0,no-text-layer,cover scan,none,read-2026-09-06-yearbooks,"all 302 textless items scanned by metadata and all 319 images OCR'd; the 10 over 150 words are schedules and broadcast listings, nothing per-man | textless scan; in index, no OCR layer",,,,,,,,,,,,,,,,,,,,,0
cleveland-browns-1948-media-guide-cover,nfl-books,nfl-books/text_all/cleveland-browns-1948-media-guide-cover.txt,Cleveland Browns 1948 Media Guide,1948,1,ocr-text,club media guide,biography,read-2026-09-07-yearbooks,complete-stratum read: every pre-1950 held text carries per-man biography prose,106892,17621,1905,1994,1947,122,1,0,0,22,3,85,0,0,0,0,17,,,,0
colts-1948-media-guide-baltimore,nfl-books,nfl-books/text_all/colts-1948-media-guide-baltimore.txt,Baltimore Colts 1948 Media Guide,1948,1,ocr-text,club media guide,biography,read-2026-09-07-yearbooks,complete-stratum read: every pre-1950 held text carries per-man biography prose,58847,9723,1917,1989,1946,39,0,0,0,13,1,63,0,0,2,0,17,,,,0
giants-1948-media-guide-new-york-cbd,nfl-books,nfl-books/text_all/giants-1948-media-guide-new-york-cbd.txt,New York Giants 1948 Media Guide,1948,1,ocr-text,club media guide,biography,read-2026-09-07-yearbooks,"complete-stratum read: every pre-1950 held text carries per-man biography prose | MISSED by the automated window, found by reading: coach and player prose, no line-anchored name",69070,11026,1904,2027,1947,71,1,0,0,8,1,17,1,1,0,1,23,,,,0
lions-1948,nfl-books,,Detroit Lions 1948 Media Guide Cover,1948,0,no-text-layer,cover scan,none,read-2026-09-06-yearbooks,"all 302 textless items scanned by metadata and all 319 images OCR'd; the 10 over 150 words are schedules and broadcast listings, nothing per-man | textless scan; in index, no OCR layer",,,,,,,,,,,,,,,,,,,,,0
packers-1948,nfl-books,nfl-books/text_all/packers-1948.txt,Green Bay Packers 1948 Media Guide,1948,1,ocr-text,club media guide,biography,read-2026-09-07-yearbooks,complete-stratum read: every pre-1950 held text carries per-man biography prose,98371,16327,1898,1983,1942,72,1,0,0,29,4,93,89,0,5,0,7,,,,0
philadelphia-eagles-1948-media-guide-cover,nfl-books,,Philadelphia Eagles 1948 Media Guide Cover,1948,0,no-text-layer,cover scan,none,read-2026-09-06-yearbooks,"all 302 textless items scanned by metadata and all 319 images OCR'd; the 10 over 150 words are schedules and broadcast listings, nothing per-man | textless scan; in index, no OCR layer",,,,,,,,,,,,,,,,,,,,,0
rams-1948,nfl-books,,Los Angeles Rams 1948 Media Guide Cover,1948,0,no-text-layer,cover scan,none,read-2026-09-06-yearbooks,"all 302 textless items scanned by metadata and all 319 images OCR'd; the 10 over 150 words are schedules and broadcast listings, nothing per-man | textless scan; in index, no OCR layer",,,,,,,,,,,,,,,,,,,,,0
redskins-1948-media-guide-washington-cbd,nfl-books,nfl-books/text_all/redskins-1948-media-guide-washington-cbd.txt,Washington Redskins 1948 Media Guide,1948,1,ocr-text,club media guide,biography,read-2026-09-07-yearbooks,complete-stratum read: every pre-1950 held text carries per-man biography prose,90818,15072,1887,2028,1947,104,0,0,0,18,2,76,0,0,3,0,51,,,,0
49ers-1949-media-guide-san-francisco-c,nfl-books,nfl-books/text_all/49ers-1949-media-guide-san-francisco-c.txt,San Francisco 49ers 1949 Media Guide,1949,1,ocr-text,club media guide,biography,read-2026-09-07-yearbooks,complete-stratum read: every pre-1950 held text carries per-man biography prose,65421,10916,1874,1990,1948,60,1,0,0,18,0,40,76,0,5,1,6,,,,0
bears-1949,nfl-books,nfl-books/text_all/bears-1949.txt,Chicago Bears 1949 Media Guide,1949,1,ocr-text,club media guide,biography,read-2026-09-07-yearbooks,complete-stratum read: every pre-1950 held text carries per-man biography prose,69680,11153,1895,1949,1941,73,0,0,0,5,0,23,68,0,3,0,18,,,,0
cardinals-1949,nfl-books,,Chicago Cardinals 1949 Media Guide Cover,1949,0,no-text-layer,cover scan,none,read-2026-09-06-yearbooks,"all 302 textless items scanned by metadata and all 319 images OCR'd; the 10 over 150 words are schedules and broadcast listings, nothing per-man | textless scan; in index, no OCR layer",,,,,,,,,,,,,,,,,,,,,0
cleveland-browns-1949-media-guide-cover-front-2,nfl-books,nfl-books/text_all/cleveland-browns-1949-media-guide-cover-front-2.txt,Cleveland Browns 1949 Media Guide,1949,1,ocr-text,club media guide,biography,read-2026-09-07-yearbooks,complete-stratum read: every pre-1950 held text carries per-man biography prose,103771,17309,1906,1961,1948,118,0,0,0,25,1,113,0,0,0,0,19,,,,0
colts-1949-media-guide-baltimore,nfl-books,nfl-books/text_all/colts-1949-media-guide-baltimore.txt,Baltimore Colts 1949 Media Guide,1949,1,ocr-text,club media guide,biography,read-2026-09-07-yearbooks,complete-stratum read: every pre-1950 held text carries per-man biography prose,103830,16967,1918,2014,1948,91,2,0,0,21,0,87,99,0,4,3,8,,,,0
lions-1949,nfl-books,nfl-books/text_all/lions-1949.txt,Detroit Lions 1949 Media Guide,1949,1,ocr-text,club media guide,biography,read-2026-09-07-yearbooks,complete-stratum read: every pre-1950 held text carries per-man biography prose,111843,19024,1895,1998,1948,84,0,0,1,5,1,49,0,91,53,0,2,,,,0
new-york-bulldogs-1949-media-guide-cover,nfl-books,,New York Bulldogs 1949 Media Guide Cover,1949,0,no-text-layer,cover scan,none,read-2026-09-06-yearbooks,"all 302 textless items scanned by metadata and all 319 images OCR'd; the 10 over 150 words are schedules and broadcast listings, nothing per-man | textless scan; in index, no OCR layer",,,,,,,,,,,,,,,,,,,,,0
new-york-giants-1949-media-guide-cover-front,nfl-books,,New York Giants 1949 Media Guide Cover,1949,0,no-text-layer,cover scan,none,read-2026-09-06-yearbooks,"all 302 textless items scanned by metadata and all 319 images OCR'd; the 10 over 150 words are schedules and broadcast listings, nothing per-man | textless scan; in index, no OCR layer",,,,,,,,,,,,,,,,,,,,,0
packers-1949,nfl-books,nfl-books/text_all/packers-1949.txt,Green Bay Packers 1949 Media Guide,1949,1,ocr-text,club media guide,biography,read-2026-09-07-yearbooks,complete-stratum read: every pre-1950 held text carries per-man biography prose,103361,17183,1898,1989,1942,70,0,0,0,33,4,101,92,0,7,1,7,,,,0
rams-1949,nfl-books,nfl-books/text_all/rams-1949.txt,Los Angeles Rams 1949 Media Guide,1949,1,ocr-text,club media guide,biography,read-2026-09-07-yearbooks,complete-stratum read: every pre-1950 held text carries per-man biography prose | probe counted 7 entries; contents lists Player Sketches pp.30-46 and they are present,109128,18548,1892,1999,1948,67,1,0,1,17,2,93,0,2,0,0,21,,,,0
redskins-1949-media-guide-washington-a,nfl-books,nfl-books/text_all/redskins-1949-media-guide-washington-a.txt,Washington Redskins 1949 Media Guide,1949,1,ocr-text,club media guide,biography,read-2026-09-07-yearbooks,complete-stratum read: every pre-1950 held text carries per-man biography prose,104744,17594,1898,1987,1947,121,0,0,0,7,0,71,15,0,18,0,14,,,,0
49ers-1950,nfl-books,nfl-books/text_all/49ers-1950.txt,San Francisco 49ers 1950 Media Guide,1950,1,ocr-text,unread,unread,unread,,61533,9853,1862,2025,1948,58,0,0,0,11,1,43,94,0,0,1,7,,,,0
cardinals-1950,nfl-books,,Chicago Cardinals 1950 Media Guide Cover,1950,0,no-text-layer,cover scan,none,read-2026-09-06-yearbooks,"all 302 textless items scanned by metadata and all 319 images OCR'd; the 10 over 150 words are schedules and broadcast listings, nothing per-man | textless scan; in index, no OCR layer",,,,,,,,,,,,,,,,,,,,,0
cleveland-browns-1950-media-guide-cover-rear,nfl-books,,Cleveland Browns 1950 Media Guide Cover,1950,0,no-text-layer,cover scan,none,read-2026-09-06-yearbooks,"all 302 textless items scanned by metadata and all 319 images OCR'd; the 10 over 150 words are schedules and broadcast listings, nothing per-man | textless scan; in index, no OCR layer",,,,,,,,,,,,,,,,,,,,,0
colts-1950-media-guide-baltimore,nfl-books,nfl-books/text_all/colts-1950-media-guide-baltimore.txt,Baltimore Colts 1950 Media Guide,1950,1,ocr-text,unread,unread,unread,,102247,16756,1857,2025,1949,113,6,0,0,20,0,70,81,0,1,3,42,,,,0
lions-1950,nfl-books,,Detroit Lions 1950 Media Guide Cover,1950,0,no-text-layer,cover scan,none,read-2026-09-06-yearbooks,"all 302 textless items scanned by metadata and all 319 images OCR'd; the 10 over 150 words are schedules and broadcast listings, nothing per-man | textless scan; in index, no OCR layer",,,,,,,,,,,,,,,,,,,,,0
new-york-giants-1950-media-guide-cover-rear,nfl-books,,New York Giants 1950 Media Guide Cover,1950,0,no-text-layer,cover scan,none,read-2026-09-06-yearbooks,"all 302 textless items scanned by metadata and all 319 images OCR'd; the 10 over 150 words are schedules and broadcast listings, nothing per-man | textless scan; in index, no OCR layer",,,,,,,,,,,,,,,,,,,,,0
packers-1950,nfl-books,nfl-books/text_all/packers-1950.txt,Green Bay Packers 1950 Media Guide,1950,1,ocr-text,unread,unread,unread,,102357,17270,1896,1982,1949,77,0,0,0,15,9,79,88,0,7,1,19,,,,0
rams-1950,nfl-books,nfl-books/text_all/rams-1950.txt,Los Angeles Rams 1950 Media Guide,1950,1,ocr-text,unread,unread,unread,,103777,17432,1880,1987,1949,93,1,0,0,18,2,112,0,2,0,0,35,,,,0
redskins-1950-media-guide-washington-cbd,nfl-books,nfl-books/text_all/redskins-1950-media-guide-washington-cbd.txt,Washington Redskins 1950 Media Guide,1950,1,ocr-text,unread,unread,unread,,115029,18530,1880,1988,1949,149,0,0,0,12,1,87,0,3,2,0,30,,,,0
yanks-1950,nfl-books,nfl-books/text_all/yanks-1950.txt,New York Yanks 1950 Media Guide,1950,1,ocr-text,unread,unread,unread,,66583,10285,1880,1950,1949,105,1,0,0,5,34,53,0,3,2,0,0,,,,0
49ers-1951,nfl-books,nfl-books/text_all/49ers-1951.txt,San Francisco 49ers 1951 Media Guide,1951,1,ocr-text,unread,unread,unread,,58519,9479,1875,1992,1950,72,2,0,0,19,0,45,7,0,1,0,6,,,,0
bears-1951-media-guide-chicago-b,nfl-books,nfl-books/text_all/bears-1951-media-guide-chicago-b.txt,Chicago Bears 1951 Media Guide,1951,1,ocr-text,unread,unread,unread,,103614,16344,1892,1951,1950,69,0,0,0,22,1,78,83,0,6,0,10,,,,0
cardinals-1951,nfl-books,,Chicago Cardinals 1951 Media Guide Cover,1951,0,no-text-layer,cover scan,none,read-2026-09-06-yearbooks,"all 302 textless items scanned by metadata and all 319 images OCR'd; the 10 over 150 words are schedules and broadcast listings, nothing per-man | textless scan; in index, no OCR layer",,,,,,,,,,,,,,,,,,,,,0
cleveland-browns-1951-media-guide-cover-front,nfl-books,nfl-books/text_all/cleveland-browns-1951-media-guide-cover-front.txt,Cleveland Browns 1951 Media Guide,1951,1,ocr-text,club media/press guide,biography+statistics+roster-table,"read-2026-09-07-yearbooks (stratified sample n=56 of 2,462 post-1950 texts, seed 20260907)",,128488,21227,1871,1984,1950,146,1,0,0,24,1,66,0,0,1,1,75,,,,0
giants-1951-media-guide-new-york-c,nfl-books,nfl-books/text_all/giants-1951-media-guide-new-york-c.txt,New York Giants 1951 Media Guide,1951,1,ocr-text,unread,unread,unread,,81426,13447,1898,1951,1950,52,0,0,0,6,0,5,0,1,0,2,34,,,,0
lions-1951,nfl-books,nfl-books/text_all/lions-1951.txt,Detroit Lions 1951 Media Guide,1951,1,ocr-text,unread,unread,unread,,115298,19260,1851,2008,1950,81,2,0,0,14,1,37,0,181,68,0,40,,,,0
packers-1951,nfl-books,nfl-books/text_all/packers-1951.txt,Green Bay Packers 1951 Media Guide,1951,1,ocr-text,unread,unread,unread,,134015,22499,1909,1988,1950,102,0,0,0,25,4,105,112,1,7,2,25,,,,0
philadelphia-eagles-1951-yearbook-cover,nfl-books,,Philadelphia Eagles 1951 Yearbook Cover,1951,0,no-text-layer,cover scan,none,read-2026-09-06-yearbooks,"all 302 textless items scanned by metadata and all 319 images OCR'd; the 10 over 150 words are schedules and broadcast listings, nothing per-man | textless scan; in index, no OCR layer",,,,,,,,,,,,,,,,,,,,,0
rams-1951,nfl-books,,Los Angeles Rams 1951 Media Guide Cover,1951,0,no-text-layer,cover scan,none,read-2026-09-06-yearbooks,"all 302 textless items scanned by metadata and all 319 images OCR'd; the 10 over 150 words are schedules and broadcast listings, nothing per-man | textless scan; in index, no OCR layer",,,,,,,,,,,,,,,,,,,,,0
redskins-1951-media-guide-washington-b,nfl-books,nfl-books/text_all/redskins-1951-media-guide-washington-b.txt,Washington Redskins 1951 Media Guide,1951,1,ocr-text,unread,unread,unread,,124464,20060,1861,2020,1950,157,0,0,0,30,1,121,0,1,5,0,14,,,,0
steelers-1951,nfl-books,,Pittsburgh Steelers 1951 Media Guide Cover,1951,0,no-text-layer,cover scan,none,read-2026-09-06-yearbooks,"all 302 textless items scanned by metadata and all 319 images OCR'd; the 10 over 150 words are schedules and broadcast listings, nothing per-man | textless scan; in index, no OCR layer",,,,,,,,,,,,,,,,,,,,,0
yanks-1951-media-guide-new-york-c,nfl-books,nfl-books/text_all/yanks-1951-media-guide-new-york-c.txt,New York Yanks 1951 Media Guide,1951,1,ocr-text,unread,unread,unread,,65907,10749,1911,1951,1950,86,0,0,0,5,2,12,0,0,2,0,7,,,,0
49ers-1952,nfl-books,nfl-books/text_all/49ers-1952.txt,San Francisco 49ers 1952 Media Guide,1952,1,ocr-text,unread,unread,unread,,66551,10472,1904,2022,1951,70,0,0,0,10,0,33,13,4,1,0,5,,,,0
bears-1952-media-guide-chicago,nfl-books,nfl-books/text_all/bears-1952-media-guide-chicago.txt,Chicago Bears 1952 Media Guide,1952,1,ocr-text,unread,unread,unread,,107370,16739,1892,2025,1952,52,0,0,0,23,0,77,82,0,3,0,4,,,,0
cardinals-1952,nfl-books,,Chicago Cardinals 1952 Media Guide Cover,1952,0,no-text-layer,cover scan,none,read-2026-09-06-yearbooks,"all 302 textless items scanned by metadata and all 319 images OCR'd; the 10 over 150 words are schedules and broadcast listings, nothing per-man | textless scan; in index, no OCR layer",,,,,,,,,,,,,,,,,,,,,0
cleveland-browns-1952-media-guide-cover-front,nfl-books,,Cleveland Browns 1952 Media Guide Cover,1952,0,no-text-layer,cover scan,none,read-2026-09-06-yearbooks,"all 302 textless items scanned by metadata and all 319 images OCR'd; the 10 over 150 words are schedules and broadcast listings, nothing per-man | textless scan; in index, no OCR layer",,,,,,,,,,,,,,,,,,,,,0
dallas-texans-1952-media-guide-cover,nfl-books,,Dallas Texans 1952 Media Guide Cover,1952,0,no-text-layer,cover scan,none,read-2026-09-06-yearbooks,"all 302 textless items scanned by metadata and all 319 images OCR'd; the 10 over 150 words are schedules and broadcast listings, nothing per-man | textless scan; in index, no OCR layer",,,,,,,,,,,,,,,,,,,,,0
eagles-1952-media-guide-philadelphia-c,nfl-books,nfl-books/text_all/eagles-1952-media-guide-philadelphia-c.txt,Philadelphia Eagles 1952 Yearbook,1952,1,ocr-text,unread,unread,unread,,108171,19180,1860,2007,1949,69,1,0,0,7,0,36,0,18,1,0,10,,,,0
giants-1952-media-guide-new-york-cbd,nfl-books,nfl-books/text_all/giants-1952-media-guide-new-york-cbd.txt,New York Giants 1952 Media Guide,1952,1,ocr-text,unread,unread,unread,,84882,13740,1898,1952,1951,75,1,0,0,6,2,34,0,1,2,2,19,,,,0
green-bay-packers-1952-media-guide-cover,nfl-books,nfl-books/text_all/green-bay-packers-1952-media-guide-cover.txt,Green Bay Packers 1952 Media Guide,1952,1,ocr-text,unread,unread,unread,,154168,24894,1909,1988,1951,133,1,0,0,37,5,131,142,0,0,1,6,,,,0
lions-1952,nfl-books,nfl-books/text_all/lions-1952.txt,Detroit Lions 1952 Media Guide,1952,1,ocr-text,club media/press guide,biography+statistics+roster-table,"read-2026-09-07-yearbooks (stratified sample n=56 of 2,462 post-1950 texts, seed 20260907)",titled 'Facts and Team History',124097,21775,1880,1987,1951,90,1,0,0,11,2,47,0,129,27,0,52,,,,0
rams-1952,nfl-books,,Los Angeles Rams 1952 Media Guide Cover,1952,0,no-text-layer,cover scan,none,read-2026-09-06-yearbooks,"all 302 textless items scanned by metadata and all 319 images OCR'd; the 10 over 150 words are schedules and broadcast listings, nothing per-man | textless scan; in index, no OCR layer",,,,,,,,,,,,,,,,,,,,,0
redskins-1952-media-guide-washington,nfl-books,nfl-books/text_all/redskins-1952-media-guide-washington.txt,Washington Redskins 1952 Media Guide,1952,1,ocr-text,unread,unread,unread,,101725,16648,1861,1987,1950,158,0,0,0,19,1,96,0,1,14,0,9,,,,0
steelers-1952,nfl-books,nfl-books/text_all/steelers-1952.txt,Pittsburgh Steelers 1952 Media Guide,1952,1,ocr-text,unread,unread,unread,,110823,17702,1859,1988,1951,86,0,0,0,10,0,18,0,2,0,2,14,,,,0
49ers-1953,nfl-books,nfl-books/text_all/49ers-1953.txt,San Francisco 49ers 1953 Media Guide,1953,1,ocr-text,unread,unread,unread,,70547,11208,1905,2013,1952,54,0,0,0,12,1,46,10,0,0,0,3,,,,0
bears-1953-media-guide-chicago,nfl-books,nfl-books/text_all/bears-1953-media-guide-chicago.txt,Chicago Bears 1953 Media Guide,1953,1,ocr-text,unread,unread,unread,,114089,17533,1892,1953,1952,80,0,0,0,21,0,70,82,0,2,0,6,,,,0
cardinals-1953-media-guide-chicago-c,nfl-books,nfl-books/text_all/cardinals-1953-media-guide-chicago-c.txt,Chicago Cardinals 1953 Media Guide,1953,1,ocr-text,unread,unread,unread,,83899,13700,1899,1993,1947,82,1,0,0,5,0,20,0,13,0,1,22,,,,0
cleveland-browns-1953-media-guide-cover-front,nfl-books,nfl-books/text_all/cleveland-browns-1953-media-guide-cover-front.txt,Cleveland Browns 1953 Media Guide,1953,1,ocr-text,unread,unread,unread,,138007,22966,1906,1992,1946,128,0,0,0,22,0,82,1,4,0,0,56,,,,0
colts-1953-media-guide-baltimore,nfl-books,nfl-books/text_all/colts-1953-media-guide-baltimore.txt,Baltimore Colts 1953 Media Guide,1953,1,ocr-text,unread,unread,unread,,112913,18685,1928,2013,1953,40,1,0,0,18,1,30,0,12,2,1,0,,,,0
giants-1953-media-guide-new-york-cbd,nfl-books,nfl-books/text_all/giants-1953-media-guide-new-york-cbd.txt,New York Giants 1953 Media Guide,1953,1,ocr-text,unread,unread,unread,,106797,17754,1898,1956,1952,103,2,0,0,9,1,33,0,2,3,1,13,,,,0
lions-1953,nfl-books,,Detroit Lions 1953 Media Guide Cover,1953,0,no-text-layer,cover scan,none,read-2026-09-06-yearbooks,"all 302 textless items scanned by metadata and all 319 images OCR'd; the 10 over 150 words are schedules and broadcast listings, nothing per-man | textless scan; in index, no OCR layer",,,,,,,,,,,,,,,,,,,,,0
packers-1953,nfl-books,,Green Bay Packers 1953 Media Guide Cover,1953,0,no-text-layer,cover scan,none,read-2026-09-06-yearbooks,"all 302 textless items scanned by metadata and all 319 images OCR'd; the 10 over 150 words are schedules and broadcast listings, nothing per-man | textless scan; in index, no OCR layer",,,,,,,,,,,,,,,,,,,,,0
philadelphia-eagles-1953-yearbook-cv-4,nfl-books,nfl-books/text_all/philadelphia-eagles-1953-yearbook-cv-4.txt,Philadelphia Eagles 1953 Yearbook,1953,1,ocr-text,unread,unread,unread,,95747,16957,1914,2021,1952,82,1,0,0,10,0,30,0,13,6,0,5,,,,0
rams-1953,nfl-books,nfl-books/text_all/rams-1953.txt,Los Angeles Rams 1953 Media Guide,1953,1,ocr-text,unread,unread,unread,,110006,18093,1851,2020,1950,79,2,0,0,18,6,78,0,1,2,3,51,,,,0
redskins-1953-media-guide-washington-cbd,nfl-books,nfl-books/text_all/redskins-1953-media-guide-washington-cbd.txt,Washington Redskins 1953 Media Guide,1953,1,ocr-text,unread,unread,unread,,115467,18897,1898,2013,1952,187,0,0,1,29,1,114,0,1,14,0,31,,,,0
steelers-1953,nfl-books,nfl-books/text_all/steelers-1953.txt,Pittsburgh Steelers 1953 Media Guide,1953,1,ocr-text,unread,unread,unread,,105538,17072,1858,2018,1952,86,0,0,0,5,1,9,0,1,0,2,4,,,,0
49ers-1954,nfl-books,nfl-books/text_all/49ers-1954.txt,San Francisco 49ers 1954 Media Guide,1954,1,ocr-text,unread,unread,unread,,88021,14357,1875,2023,1953,73,1,0,0,8,1,60,16,10,6,0,21,,,,0
bears-1954,nfl-books,nfl-books/text_all/bears-1954.txt,Chicago Bears 1954 Media Guide,1954,1,ocr-text,unread,unread,unread,,101415,15793,1892,2005,1940,102,0,0,0,21,3,74,82,0,1,0,9,,,,0
cardinals-1954-media-guide-chicago-c,nfl-books,nfl-books/text_all/cardinals-1954-media-guide-chicago-c.txt,Chicago Cardinals 1954 Media Guide,1954,1,ocr-text,unread,unread,unread,,100059,16530,1863,2007,1947,119,1,0,0,6,1,44,0,10,1,0,17,,,,0
cleveland-browns-1954-media-guide-cover-front,nfl-books,nfl-books/text_all/cleveland-browns-1954-media-guide-cover-front.txt,Cleveland Browns 1954 Media Guide,1954,1,ocr-text,club media/press guide,biography+statistics+roster-table,"read-2026-09-07-yearbooks (stratified sample n=56 of 2,462 post-1950 texts, seed 20260907)",,154174,25663,1908,1984,1946,158,0,0,0,31,0,80,0,4,1,0,60,,,,0
colts-1954-media-guide-baltimore,nfl-books,nfl-books/text_all/colts-1954-media-guide-baltimore.txt,Baltimore Colts 1954 Media Guide,1954,1,ocr-text,unread,unread,unread,,123279,20089,1928,2023,1953,95,0,0,0,18,1,21,0,0,3,0,9,,,,0
eagles-1954-yearbook-philadelphia-c,nfl-books,nfl-books/text_all/eagles-1954-yearbook-philadelphia-c.txt,Philadelphia Eagles 1954 Yearbook,1954,1,ocr-text,unread,unread,unread,,99951,17789,1914,2005,1953,80,0,0,0,16,1,23,0,11,2,0,24,,,,0
giants-1954-media-guide-new-york-cbd,nfl-books,nfl-books/text_all/giants-1954-media-guide-new-york-cbd.txt,New York Giants 1954 Media Guide,1954,1,ocr-text,unread,unread,unread,,98187,16303,1903,2002,1948,100,2,0,0,4,0,31,0,1,1,2,4,,,,0
lions-1954,nfl-books,,Detroit Lions 1954 Media Guide Cover,1954,0,no-text-layer,cover scan,none,read-2026-09-06-yearbooks,"all 302 textless items scanned by metadata and all 319 images OCR'd; the 10 over 150 words are schedules and broadcast listings, nothing per-man | textless scan; in index, no OCR layer",,,,,,,,,,,,,,,,,,,,,0
packers-1954,nfl-books,nfl-books/text_all/packers-1954.txt,Green Bay Packers 1954 Media Guide,1954,1,ocr-text,unread,unread,unread,,175098,29668,1901,1991,1954,124,2,0,0,27,6,107,132,4,3,0,13,,,,0
rams-1954,nfl-books,nfl-books/text_all/rams-1954.txt,Los Angeles Rams 1954 Media Guide,1954,1,ocr-text,unread,unread,unread,,111052,18578,1902,2023,1950,106,1,0,0,16,11,55,0,7,1,0,63,,,,0
redskins-1964-media-guide-washington-c,nfl-books,nfl-books/text_all/redskins-1964-media-guide-washington-c.txt,Washington Redskins 1954 Media Guide,1954,1,ocr-text,unread,unread,unread,,148829,24190,1898,2023,1952,232,0,0,0,33,1,126,0,7,1,0,16,,,,0
steelers-1954,nfl-books,nfl-books/text_all/steelers-1954.txt,Pittsburgh Steelers 1954 Media Guide,1954,1,ocr-text,unread,unread,unread,,116823,19260,1850,2023,1953,101,0,0,0,2,1,8,0,1,2,2,6,,,,0
49ers-1955,nfl-books,nfl-books/text_all/49ers-1955.txt,San Francisco 49ers 1955 Media Guide,1955,1,ocr-text,unread,unread,unread,,91998,14623,1859,2023,1946,88,1,0,0,11,2,48,13,1,1,2,6,,,,0
bears-1955-media-guide-chicago-b,nfl-books,nfl-books/text_all/bears-1955-media-guide-chicago-b.txt,Chicago Bears 1955 Media Guide,1955,1,ocr-text,unread,unread,unread,,97335,14945,1892,1980,1940,88,1,0,0,21,0,77,1,1,2,0,16,,,,0
cardinals-1955-media-guide-st.-louis-c,nfl-books,nfl-books/text_all/cardinals-1955-media-guide-st.-louis-c.txt,Chicago Cardinals 1955 Media Guide,1955,1,ocr-text,club media/press guide,biography+statistics+roster-table,"read-2026-09-07-yearbooks (stratified sample n=56 of 2,462 post-1950 texts, seed 20260907)",,97226,15884,1899,1989,1948,112,1,0,0,5,1,31,0,14,0,0,21,,,,0
cleveland-browns-1955-media-guide-cover-rear,nfl-books,nfl-books/text_all/cleveland-browns-1955-media-guide-cover-rear.txt,Cleveland Browns 1955 Media Guide,1955,1,ocr-text,unread,unread,unread,,142909,23600,1908,1984,1946,142,3,0,0,31,1,73,0,4,1,0,34,,,,0
colts-1955-media-guide-baltimore,nfl-books,nfl-books/text_all/colts-1955-media-guide-baltimore.txt,Baltimore Colts 1955 Media Guide,1955,1,ocr-text,unread,unread,unread,,129463,20305,1928,2023,1954,130,7,0,0,13,1,37,0,0,2,2,11,,,,0
eagles-1955-media-guide-philadelphia-c,nfl-books,nfl-books/text_all/eagles-1955-media-guide-philadelphia-c.txt,Philadelphia Eagles 1955 Yearbook,1955,1,ocr-text,unread,unread,unread,,118003,21372,1903,2023,1954,66,0,0,0,15,1,44,0,10,0,0,13,,,,0
giants-1955-media-guide-new-york-cbd,nfl-books,nfl-books/text_all/giants-1955-media-guide-new-york-cbd.txt,New York Giants 1955 Media Guide,1955,1,ocr-text,unread,unread,unread,,100189,17003,1910,1959,1954,128,4,0,0,2,0,30,0,1,2,0,4,,,,0
lions-1955-best,nfl-books,nfl-books/text_all/lions-1955-best.txt,Detroit Lions 1955 Media Guide,1955,1,ocr-text,unread,unread,unread,,125202,21560,1913,1999,1950,77,1,0,0,4,1,28,0,224,16,1,21,,,,0
packers-1955,nfl-books,nfl-books/text_all/packers-1955.txt,Green Bay Packers 1955 Media Guide,1955,1,ocr-text,unread,unread,unread,,170016,28794,1901,1988,1955,146,2,0,0,25,2,77,78,1,1,2,17,,,,0
rams-1955,nfl-books,nfl-books/text_all/rams-1955.txt,Los Angeles Rams 1955 Media Guide,1955,1,ocr-text,unread,unread,unread,,140198,23871,1852,2020,1954,74,0,0,0,22,0,37,0,22,1,2,25,,,,0
redskins-1955-media-guide-washington-b,nfl-books,nfl-books/text_all/redskins-1955-media-guide-washington-b.txt,Washington Redskins 1955 Media Guide,1955,1,ocr-text,club media/press guide,biography+statistics,"read-2026-09-07-yearbooks (stratified sample n=56 of 2,462 post-1950 texts, seed 20260907)",,148615,23448,1911,2023,1950,223,0,0,0,30,2,92,0,8,3,0,13,,,,0
steelers-1955,nfl-books,nfl-books/text_all/steelers-1955.txt,Pittsburgh Steelers 1955 Media Guide,1955,1,ocr-text,unread,unread,unread,,106033,17256,1929,2023,1954,74,1,0,0,9,3,6,0,3,0,3,6,,,,0
49ers-1956,nfl-books,nfl-books/text_all/49ers-1956.txt,San Francisco 49ers 1956 Media Guide,1956,1,ocr-text,unread,unread,unread,,76701,12271,1875,2029,1952,77,1,0,0,9,1,63,21,0,0,2,2,,,,0
bears-1956-media-guide-chicago,nfl-books,nfl-books/text_all/bears-1956-media-guide-chicago.txt,Chicago Bears 1956 Media Guide,1956,1,ocr-text,unread,unread,unread,,104630,15731,1892,1956,1940,81,0,0,0,19,1,72,0,0,5,0,2,,,,0
browns-1956-media-guide-cleveland-c,nfl-books,nfl-books/text_all/browns-1956-media-guide-cleveland-c.txt,Cleveland Browns 1956 Media Guide,1956,1,ocr-text,unread,unread,unread,,144339,23884,1853,1984,1946,194,3,0,0,21,2,68,0,3,0,1,4,,,,0
cardinals-1956-media-guide-st.-louis-c,nfl-books,nfl-books/text_all/cardinals-1956-media-guide-st.-louis-c.txt,Chicago Cardinals 1956 Media Guide,1956,1,ocr-text,unread,unread,unread,,104216,17189,1899,2008,1947,112,0,0,0,12,0,38,0,17,0,1,3,,,,0
colts-1956-media-guide-baltimore,nfl-books,nfl-books/text_all/colts-1956-media-guide-baltimore.txt,Baltimore Colts 1956 Media Guide,1956,1,ocr-text,unread,unread,unread,,143302,23126,1856,2023,1955,136,4,0,0,13,3,21,0,2,3,6,63,,,,0
giants-1956-media-guide-new-york-cbd,nfl-books,nfl-books/text_all/giants-1956-media-guide-new-york-cbd.txt,New York Giants 1956 Media Guide,1956,1,ocr-text,unread,unread,unread,,95921,16038,1879,1983,1955,121,1,0,0,2,0,33,0,1,1,0,17,,,,0
green-bay-packers-1956-media-guide-cover,nfl-books,nfl-books/text_all/green-bay-packers-1956-media-guide-cover.txt,Green Bay Packers 1956 Media Guide,1956,1,ocr-text,unread,unread,unread,,170881,28840,1915,1988,1954,146,2,0,0,20,4,86,86,2,2,2,17,,,,0
lions-1956,nfl-books,nfl-books/text_all/lions-1956.txt,Detroit Lions 1956 Media Guide,1956,1,ocr-text,unread,unread,unread,,122896,20909,1852,2023,1955,75,1,0,0,2,1,17,0,199,0,1,19,,,,0
rams-1956,nfl-books,nfl-books/text_all/rams-1956.txt,Los Angeles Rams 1956 Media Guide,1956,1,ocr-text,unread,unread,unread,,153451,25926,1890,2020,1955,115,2,0,0,31,0,50,0,8,1,2,94,,,,0
redskins-1956-media-guide-washington-cbd,nfl-books,nfl-books/text_all/redskins-1956-media-guide-washington-cbd.txt,Washington Redskins 1956 Media Guide,1956,1,ocr-text,unread,unread,unread,,158223,25390,1890,2023,1955,237,0,0,0,33,2,82,0,8,3,0,10,,,,0
steelers-1956-media-guide-pittsburgh,nfl-books,nfl-books/text_all/steelers-1956-media-guide-pittsburgh.txt,Pittsburgh Steelers 1956 Media Guide,1956,1,ocr-text,club media/press guide,biography+statistics,"read-2026-09-07-yearbooks (stratified sample n=56 of 2,462 post-1950 texts, seed 20260907)",,102235,16119,1890,2023,1955,124,1,0,0,8,1,7,0,2,1,3,9,,,,0
49ers-1957,nfl-books,nfl-books/text_all/49ers-1957.txt,San Francisco 49ers 1957 Media Guide,1957,1,ocr-text,unread,unread,unread,,102400,15699,1884,2023,1956,108,0,0,0,7,3,45,8,0,0,1,6,,,,0
bears-1957-media-guide-chicago-a,nfl-books,nfl-books/text_all/bears-1957-media-guide-chicago-a.txt,Chicago Bears 1957 Media Guide,1957,1,ocr-text,unread,unread,unread,,91255,13688,1892,1957,1954,75,0,0,0,17,0,78,0,0,2,0,4,,,,0
cardinals-1957,nfl-books,,Chicago Cardinals 1957 Media Guide Cover,1957,0,no-text-layer,cover scan,none,read-2026-09-06-yearbooks,"all 302 textless items scanned by metadata and all 319 images OCR'd; the 10 over 150 words are schedules and broadcast listings, nothing per-man | textless scan; in index, no OCR layer",,,,,,,,,,,,,,,,,,,,,0
cleveland-browns-1957-media-guide-cover-front,nfl-books,,Cleveland Browns 1957 Media Guide Cover,1957,0,no-text-layer,cover scan,none,read-2026-09-06-yearbooks,"all 302 textless items scanned by metadata and all 319 images OCR'd; the 10 over 150 words are schedules and broadcast listings, nothing per-man | textless scan; in index, no OCR layer",,,,,,,,,,,,,,,,,,,,,0
colts-1957-media-guide-baltimore,nfl-books,nfl-books/text_all/colts-1957-media-guide-baltimore.txt,Baltimore Colts 1957 Media Guide,1957,1,ocr-text,unread,unread,unread,,149713,23299,1925,2023,1956,159,5,0,0,15,9,27,0,3,4,1,60,,,,0
giants-1957-media-guide-new-york-a,nfl-books,nfl-books/text_all/giants-1957-media-guide-new-york-a.txt,New York Giants 1957 Media Guide,1957,1,ocr-text,unread,unread,unread,,106902,18126,1925,1993,1956,164,3,0,0,2,1,37,0,1,1,1,14,,,,0
lions-1957,nfl-books,nfl-books/text_all/lions-1957.txt,Detroit Lions 1957 Media Guide,1957,1,ocr-text,unread,unread,unread,,138164,23409,1854,2023,1950,82,1,0,0,7,4,15,0,228,0,0,18,,,,0
packers-1957-media-guide-green-bay-c,nfl-books,nfl-books/text_all/packers-1957-media-guide-green-bay-c.txt,Green Bay Packers 1957 Media Guide,1957,1,ocr-text,unread,unread,unread,,164778,27575,1912,1988,1957,152,3,0,0,26,5,82,90,2,13,3,14,,,,0
philadelphia-eagles-1957-yearbook-cover,nfl-books,,Philadelphia Eagles 1957 Yearbook Cover,1957,0,no-text-layer,cover scan,none,read-2026-09-06-yearbooks,"all 302 textless items scanned by metadata and all 319 images OCR'd; the 10 over 150 words are schedules and broadcast listings, nothing per-man | textless scan; in index, no OCR layer",,,,,,,,,,,,,,,,,,,,,0
rams-1957,nfl-books,nfl-books/text_all/rams-1957.txt,Los Angeles Rams 1957 Media Guide,1957,1,ocr-text,unread,unread,unread,,159892,27134,1890,2020,1956,137,3,0,0,30,1,58,0,34,1,2,103,,,,0
redskins-1957-media-guide-washington-b,nfl-books,nfl-books/text_all/redskins-1957-media-guide-washington-b.txt,Washington Redskins 1957 Media Guide,1957,1,ocr-text,unread,unread,unread,,174481,27040,1911,2023,1956,248,0,0,0,35,102,36,4,3,0,0,2,,,,0
steelers-1957,nfl-books,,Pittsburgh Steelers 1957 Media Guide Cover,1957,0,no-text-layer,cover scan,none,read-2026-09-06-yearbooks,"all 302 textless items scanned by metadata and all 319 images OCR'd; the 10 over 150 words are schedules and broadcast listings, nothing per-man | textless scan; in index, no OCR layer",,,,,,,,,,,,,,,,,,,,,0
bears-1958-media-guide-chicago-c,nfl-books,nfl-books/text_all/bears-1958-media-guide-chicago-c.txt,Chicago Bears 1958 Media Guide,1958,1,ocr-text,unread,unread,unread,,77386,11894,1910,2017,1933,65,0,0,0,11,2,77,0,0,3,0,0,,,,0
cardinals-1958,nfl-books,,Chicago Cardinals 1958 Media Guide Cover,1958,0,no-text-layer,cover scan,none,read-2026-09-06-yearbooks,"all 302 textless items scanned by metadata and all 319 images OCR'd; the 10 over 150 words are schedules and broadcast listings, nothing per-man | textless scan; in index, no OCR layer",,,,,,,,,,,,,,,,,,,,,0
cleveland-browns-1958-media-guide-cover-front,nfl-books,,Cleveland Browns 1958 Media Guide Cover,1958,0,no-text-layer,cover scan,none,read-2026-09-06-yearbooks,"all 302 textless items scanned by metadata and all 319 images OCR'd; the 10 over 150 words are schedules and broadcast listings, nothing per-man | textless scan; in index, no OCR layer",,,,,,,,,,,,,,,,,,,,,0
colts-1958-media-guide-baltimore,nfl-books,nfl-books/text_all/colts-1958-media-guide-baltimore.txt,Baltimore Colts 1958 Media Guide,1958,1,ocr-text,unread,unread,unread,,168680,26087,1894,2023,1957,191,2,0,0,17,6,20,0,0,4,1,17,,,,0
lions-1958,nfl-books,,Detroit Lions 1958 Media Guide Cover,1958,0,no-text-layer,cover scan,none,read-2026-09-06-yearbooks,"all 302 textless items scanned by metadata and all 319 images OCR'd; the 10 over 150 words are schedules and broadcast listings, nothing per-man | textless scan; in index, no OCR layer",,,,,,,,,,,,,,,,,,,,,0
new-york-giants-1958-media-guide-cover,nfl-books,,New York Giants 1958 Media Guide Cover,1958,0,no-text-layer,cover scan,none,read-2026-09-06-yearbooks,"all 302 textless items scanned by metadata and all 319 images OCR'd; the 10 over 150 words are schedules and broadcast listings, nothing per-man | textless scan; in index, no OCR layer",,,,,,,,,,,,,,,,,,,,,0
packers-1958,nfl-books,nfl-books/text_all/packers-1958.txt,Green Bay Packers 1958 Media Guide,1958,1,ocr-text,unread,unread,unread,,135145,22756,1902,1999,1954,142,2,0,0,22,5,71,90,7,2,2,10,,,,0
rams-1958,nfl-books,nfl-books/text_all/rams-1958.txt,Los Angeles Rams 1958 Media Guide,1958,1,ocr-text,unread,unread,unread,,167765,28535,1890,2020,1957,163,0,0,0,26,0,26,0,61,1,3,64,,,,0
redskins-1958-media-guide-washington-a,nfl-books,nfl-books/text_all/redskins-1958-media-guide-washington-a.txt,Washington Redskins 1958 Media Guide,1958,1,ocr-text,unread,unread,unread,,170776,26378,1911,2023,1957,244,0,0,0,33,97,28,4,3,0,0,3,,,,0
steelers-1958,nfl-books,,Pittsburgh Steelers 1958 Media Guide Cover,1958,0,no-text-layer,cover scan,none,read-2026-09-06-yearbooks,"all 302 textless items scanned by metadata and all 319 images OCR'd; the 10 over 150 words are schedules and broadcast listings, nothing per-man | textless scan; in index, no OCR layer",,,,,,,,,,,,,,,,,,,,,0
49ers-1959,nfl-books,nfl-books/text_all/49ers-1959.txt,San Francisco 49ers 1959 Media Guide,1959,1,ocr-text,unread,unread,unread,,102668,16120,1868,2000,1958,148,0,0,0,5,6,51,3,1,0,1,7,,,,0
bears-1959-media-guide-chicago-b,nfl-books,nfl-books/text_all/bears-1959-media-guide-chicago-b.txt,Chicago Bears 1959 Media Guide,1959,1,ocr-text,unread,unread,unread,,118622,18085,1912,1960,1956,136,0,0,0,15,1,6,2,1,2,6,22,,,,0
cardinals-1959,nfl-books,,Chicago Cardinals 1959 Media Guide Cover,1959,0,no-text-layer,cover scan,none,read-2026-09-06-yearbooks,"all 302 textless items scanned by metadata and all 319 images OCR'd; the 10 over 150 words are schedules and broadcast listings, nothing per-man | textless scan; in index, no OCR layer",,,,,,,,,,,,,,,,,,,,,0
cleveland-browns-1959-media-guide-cover,nfl-books,,Cleveland Browns 1959 Media Guide Cover,1959,0,no-text-layer,cover scan,none,read-2026-09-06-yearbooks,"all 302 textless items scanned by metadata and all 319 images OCR'd; the 10 over 150 words are schedules and broadcast listings, nothing per-man | textless scan; in index, no OCR layer",,,,,,,,,,,,,,,,,,,,,0
colts-1959-media-guide-baltimore,nfl-books,nfl-books/text_all/colts-1959-media-guide-baltimore.txt,Baltimore Colts 1959 Media Guide,1959,1,ocr-text,unread,unread,unread,,198947,29835,1925,2023,1958,212,2,0,0,16,6,9,0,0,4,2,5,,,,0
giants-1959-media-guide-new-york-cbd,nfl-books,nfl-books/text_all/giants-1959-media-guide-new-york-cbd.txt,New York Giants 1959 Media Guide,1959,1,ocr-text,unread,unread,unread,,77289,12441,1912,2027,1958,115,3,0,0,5,133,42,2,0,0,3,8,,,,0
lions-1959,nfl-books,,Detroit Lions 1959 Media Guide Cover,1959,0,no-text-layer,cover scan,none,read-2026-09-06-yearbooks,"all 302 textless items scanned by metadata and all 319 images OCR'd; the 10 over 150 words are schedules and broadcast listings, nothing per-man | textless scan; in index, no OCR layer",,,,,,,,,,,,,,,,,,,,,0
packers-1959,nfl-books,,Green Bay Packers 1959 Media Guide Cover,1959,0,no-text-layer,cover scan,none,read-2026-09-06-yearbooks,"all 302 textless items scanned by metadata and all 319 images OCR'd; the 10 over 150 words are schedules and broadcast listings, nothing per-man | textless scan; in index, no OCR layer",,,,,,,,,,,,,,,,,,,,,0
philadelphia-eagles-1959-yearbook-cover-front,nfl-books,,Philadelphia Eagles 1959 Yearbook Cover,1959,0,no-text-layer,cover scan,none,read-2026-09-06-yearbooks,"all 302 textless items scanned by metadata and all 319 images OCR'd; the 10 over 150 words are schedules and broadcast listings, nothing per-man | textless scan; in index, no OCR layer",,,,,,,,,,,,,,,,,,,,,0
rams-1959,nfl-books,nfl-books/text_all/rams-1959.txt,Los Angeles Rams 1959 Media Guide,1959,1,ocr-text,unread,unread,unread,,170971,28871,1890,2020,1958,154,1,0,0,18,0,38,0,9,1,5,66,,,,0
redskins-1959-media-guide-washington-cbd,nfl-books,nfl-books/text_all/redskins-1959-media-guide-washington-cbd.txt,Washington Redskins 1959 Media Guide,1959,1,ocr-text,unread,unread,unread,,182190,29174,1911,2023,1958,149,0,0,0,56,122,45,4,3,1,1,4,,,,0
steelers-1959,nfl-books,,Pittsburgh Steelers 1959 Media Guide Cover,1959,0,no-text-layer,cover scan,none,read-2026-09-06-yearbooks,"all 302 textless items scanned by metadata and all 319 images OCR'd; the 10 over 150 words are schedules and broadcast listings, nothing per-man | textless scan; in index, no OCR layer",,,,,,,,,,,,,,,,,,,,,0
49ers-1960,nfl-books,nfl-books/text_all/49ers-1960.txt,San Francisco 49ers 1960 Media Guide,1960,1,ocr-text,unread,unread,unread,,101428,15819,1906,1960,1946,120,0,0,0,8,4,54,11,3,3,0,4,,,,0
bears-1960,nfl-books,nfl-books/text_all/bears-1960.txt,Chicago Bears 1960 Media Guide,1960,1,ocr-text,unread,unread,unread,,134977,21166,1881,1961,1959,125,0,0,0,11,0,7,0,0,4,4,20,,,,0
bills-1960-media-guide-buffalo-c,nfl-books,nfl-books/text_all/bills-1960-media-guide-buffalo-c.txt,Buffalo Bills 1960 Media Guide,1960,1,ocr-text,unread,unread,unread,,62041,9871,1931,1960,1959,55,0,0,0,6,9,12,2,0,0,0,0,,,,0
broncos-1960-media-guide-denver,nfl-books,nfl-books/text_all/broncos-1960-media-guide-denver.txt,Denver Broncos 1960 Media Guide,1960,1,ocr-text,unread,unread,unread,,49604,8526,1911,2003,1956,59,0,0,0,1,1,23,0,24,0,0,0,,,,0
browns-1960,nfl-books,,Cleveland Browns 1960 Media Guide Cover,1960,0,no-text-layer,cover scan,none,read-2026-09-06-yearbooks,"all 302 textless items scanned by metadata and all 319 images OCR'd; the 10 over 150 words are schedules and broadcast listings, nothing per-man | textless scan; in index, no OCR layer",,,,,,,,,,,,,,,,,,,,,0
cardinals-1960,nfl-books,,St. Louis Cardinals 1960 Media Guide Cover,1960,0,no-text-layer,cover scan,none,read-2026-09-06-yearbooks,"all 302 textless items scanned by metadata and all 319 images OCR'd; the 10 over 150 words are schedules and broadcast listings, nothing per-man | textless scan; in index, no OCR layer",,,,,,,,,,,,,,,,,,,,,0
chargers-1960,nfl-books,,Los Angeles Chargers 1960 Media Guide Cover,1960,0,no-text-layer,cover scan,none,read-2026-09-06-yearbooks,"all 302 textless items scanned by metadata and all 319 images OCR'd; the 10 over 150 words are schedules and broadcast listings, nothing per-man | textless scan; in index, no OCR layer",,,,,,,,,,,,,,,,,,,,,0
chiefs-1960-media-guide-dallas-texans-c,nfl-books,nfl-books/text_all/chiefs-1960-media-guide-dallas-texans-c.txt,Dallas Texans 1960 Media Guide,1960,1,ocr-text,unread,unread,unread,,35655,5665,1890,1960,1957,31,0,0,0,5,1,10,0,0,0,0,0,,,,0
colts-1960-media-guide-baltimore,nfl-books,nfl-books/text_all/colts-1960-media-guide-baltimore.txt,Baltimore Colts 1960 Media Guide,1960,1,ocr-text,unread,unread,unread,,208322,30713,1925,2023,1958,201,4,0,0,15,7,6,0,6,4,2,14,,,,0
cowboys-1960-media-guide-dallas,nfl-books,nfl-books/text_all/cowboys-1960-media-guide-dallas.txt,Dallas Cowboys 1960 Media Guide,1960,1,ocr-text,unread,unread,unread,,84035,13562,1854,2023,1959,58,0,0,0,21,1,27,0,41,0,2,1,,,,0
giants-1960-media-guide-new-york-cbd,nfl-books,nfl-books/text_all/giants-1960-media-guide-new-york-cbd.txt,New York Giants 1960 Media Guide,1960,1,ocr-text,unread,unread,unread,,93754,15556,1914,1961,1959,112,0,0,0,6,45,36,4,0,0,3,20,,,,0
jets-1960,nfl-books,,New York Titans 1960 Media Guide Cover,1960,0,no-text-layer,cover scan,none,read-2026-09-06-yearbooks,"all 302 textless items scanned by metadata and all 319 images OCR'd; the 10 over 150 words are schedules and broadcast listings, nothing per-man | textless scan; in index, no OCR layer",,,,,,,,,,,,,,,,,,,,,0
lions-1960,nfl-books,nfl-books/text_all/lions-1960.txt,Detroit Lions 1960 Media Guide,1960,1,ocr-text,unread,unread,unread,,151513,25811,1867,2029,1950,74,0,0,0,9,3,29,0,179,341,4,28,,,,0
oilers-1960-media-guide-houston-c,nfl-books,nfl-books/text_all/oilers-1960-media-guide-houston-c.txt,Houston Oilers 1960 Media Guide,1960,1,ocr-text,unread,unread,unread,,36591,6102,1867,1961,1958,20,0,0,0,6,1,16,0,6,4,0,1,,,,0
patriots-1960-media-guide-boston-b,nfl-books,nfl-books/text_all/patriots-1960-media-guide-boston-b.txt,Boston Patriots 1960 Media Guide,1960,1,ocr-text,unread,unread,unread,,38744,6431,1919,1971,1960,27,0,0,0,10,2,15,0,0,54,0,0,,,,0
philadelphia-eagles-1960-yearbook-cover,nfl-books,,Philadelphia Eagles 1960 Yearbook Cover,1960,0,no-text-layer,cover scan,none,read-2026-09-06-yearbooks,"all 302 textless items scanned by metadata and all 319 images OCR'd; the 10 over 150 words are schedules and broadcast listings, nothing per-man | textless scan; in index, no OCR layer",,,,,,,,,,,,,,,,,,,,,0
raiders-1960,nfl-books,nfl-books/text_all/raiders-1960.txt,Oakland Raiders 1960 Media Guide,1960,1,ocr-text,unread,unread,unread,,46450,7567,1857,2000,1958,45,0,0,0,6,0,16,0,12,3,0,0,,,,0
rams-1960,nfl-books,nfl-books/text_all/rams-1960.txt,Los Angeles Rams 1960 Media Guide,1960,1,ocr-text,unread,unread,unread,,196407,33492,1881,2010,1959,211,5,0,0,29,74,96,88,48,1,7,57,,,,0
redskins-1960-media-guide-washington-cbd,nfl-books,nfl-books/text_all/redskins-1960-media-guide-washington-cbd.txt,Washington Redskins 1960 Media Guide,1960,1,ocr-text,unread,unread,unread,,154795,25084,1895,2023,1959,155,0,0,0,69,123,30,12,4,1,1,0,,,,0
steelers-1960,nfl-books,,Pittsburgh Steelers 1960 Media Guide Cover,1960,0,no-text-layer,cover scan,none,read-2026-09-06-yearbooks,"all 302 textless items scanned by metadata and all 319 images OCR'd; the 10 over 150 words are schedules and broadcast listings, nothing per-man | textless scan; in index, no OCR layer",,,,,,,,,,,,,,,,,,,,,0
49ers-1961,nfl-books,nfl-books/text_all/49ers-1961.txt,San Francisco 49ers 1961 Media Guide,1961,1,ocr-text,unread,unread,unread,,147634,23461,1884,2025,1959,147,1,0,0,15,1,79,0,12,3,4,6,,,,0
broncos-1961-media-guide-denver,nfl-books,nfl-books/text_all/broncos-1961-media-guide-denver.txt,Denver Broncos 1961 Media Guide,1961,1,ocr-text,unread,unread,unread,,33126,5635,1927,2007,1960,50,0,0,0,14,1,24,0,0,0,0,0,,,,0
browns-1961,nfl-books,nfl-books/text_all/browns-1961.txt,Cleveland Browns 1961 Media Guide,1961,1,ocr-text,unread,unread,unread,,102342,17314,1908,1992,1959,70,1,0,0,19,1,52,94,0,1,27,29,,,,0
buffalo-bills-1961-media-guide-cover,nfl-books,,Buffalo Bills 1961 Media Guide Cover,1961,0,no-text-layer,cover scan,none,read-2026-09-06-yearbooks,"all 302 textless items scanned by metadata and all 319 images OCR'd; the 10 over 150 words are schedules and broadcast listings, nothing per-man | textless scan; in index, no OCR layer",,,,,,,,,,,,,,,,,,,,,0
cardinals-1961,nfl-books,nfl-books/text_all/cardinals-1961.txt,St. Louis Cardinals 1961 Media Guide,1961,1,ocr-text,unread,unread,unread,,127421,20694,1899,1990,1960,126,0,0,0,22,0,89,0,18,2,1,3,,,,0
chargers-1961,nfl-books,,San Diego Chargers 1961 Media Guide Cover,1961,0,no-text-layer,cover scan,none,read-2026-09-06-yearbooks,"all 302 textless items scanned by metadata and all 319 images OCR'd; the 10 over 150 words are schedules and broadcast listings, nothing per-man | textless scan; in index, no OCR layer",,,,,,,,,,,,,,,,,,,,,0
chiefs-1961-media-guide-dallas-texans-c,nfl-books,nfl-books/text_all/chiefs-1961-media-guide-dallas-texans-c.txt,Dallas Texans 1961 Media Guide,1961,1,ocr-text,unread,unread,unread,,67011,10630,1948,2011,1960,87,0,0,0,1,1,29,0,9,2,4,1,,,,0
colts-1961-media-guide-baltimore,nfl-books,nfl-books/text_all/colts-1961-media-guide-baltimore.txt,Baltimore Colts 1961 Media Guide,1961,1,ocr-text,unread,unread,unread,,227637,33543,1925,2023,1958,267,1,0,0,16,2,6,0,3,4,5,14,,,,0
cowboys-1961-media-guide-dallas,nfl-books,nfl-books/text_all/cowboys-1961-media-guide-dallas.txt,Dallas Cowboys 1961 Media Guide,1961,1,ocr-text,unread,unread,unread,,140612,22484,1932,2000,1960,177,0,0,0,10,0,24,74,33,25,3,6,,,,0
giants-1961-media-guide-new-york-cbd,nfl-books,nfl-books/text_all/giants-1961-media-guide-new-york-cbd.txt,New York Giants 1961 Media Guide,1961,1,ocr-text,unread,unread,unread,,101805,16877,1916,1994,1959,134,1,0,0,11,81,51,4,0,1,2,13,,,,0
green-bay-packers-media-guide-1961-cover,nfl-books,nfl-books/text_all/green-bay-packers-media-guide-1961-cover.txt,Green Bay Packers 1961 Media Guide,1961,1,ocr-text,unread,unread,unread,,118191,19777,1875,1996,1960,147,0,0,0,9,1,45,78,1,0,1,19,,,,0
jets-1961,nfl-books,nfl-books/text_all/jets-1961.txt,New York Titans 1961 Media Guide,1961,1,ocr-text,unread,unread,unread,,68050,10924,1934,1967,1960,95,1,0,0,9,1,24,0,0,3,1,0,,,,0
lions-1961,nfl-books,nfl-books/text_all/lions-1961.txt,Detroit Lions 1961 Media Guide,1961,1,ocr-text,unread,unread,unread,,142340,24162,1895,2025,1950,79,0,0,0,8,0,11,0,220,347,0,11,,,,0
oilers-1961-media-guide-houston-c,nfl-books,nfl-books/text_all/oilers-1961-media-guide-houston-c.txt,Houston Oilers 1961 Media Guide,1961,1,ocr-text,unread,unread,unread,,98466,16084,1919,2020,1961,82,0,0,0,5,1,18,0,4,22,2,2,,,,0
patriots-1961-media-guide-boston-b,nfl-books,nfl-books/text_all/patriots-1961-media-guide-boston-b.txt,Boston Patriots 1961 Media Guide,1961,1,ocr-text,unread,unread,unread,,36209,6093,1865,2011,1961,11,0,0,0,6,2,3,0,40,41,3,12,,,,0
philadelphia-eagles-1961-media-guide-cover,nfl-books,nfl-books/text_all/philadelphia-eagles-1961-media-guide-cover.txt,Philadelphia Eagles 1961 Media Guide,1961,1,ocr-text,club media/press guide,biography+statistics,"read-2026-09-07-yearbooks (stratified sample n=56 of 2,462 post-1950 texts, seed 20260907)",,118425,20391,1920,1996,1960,105,1,0,0,13,8,12,0,9,1,0,12,,,,0
raiders-1961-media-guide-oakland-c,nfl-books,nfl-books/text_all/raiders-1961-media-guide-oakland-c.txt,Oakland Raiders 1961 Media Guide,1961,1,ocr-text,unread,unread,unread,,77457,13018,1891,2019,1960,86,0,0,0,24,1,16,0,0,0,7,33,,,,0
rams-1961,nfl-books,nfl-books/text_all/rams-1961.txt,Los Angeles Rams 1961 Media Guide,1961,1,ocr-text,unread,unread,unread,,141558,23478,1855,2010,1960,169,1,0,1,16,83,96,105,28,2,9,75,,,,0
redskins-1961-media-guide-washington-cbd,nfl-books,nfl-books/text_all/redskins-1961-media-guide-washington-cbd.txt,Washington Redskins 1961 Media Guide,1961,1,ocr-text,unread,unread,unread,,153713,25441,1892,2023,1960,134,0,0,0,57,110,30,12,2,2,0,0,,,,0
steelers-1961,nfl-books,nfl-books/text_all/steelers-1961.txt,Pittsburgh Steelers 1961 Media Guide,1961,1,ocr-text,unread,unread,unread,,54632,9581,1853,1999,1960,56,1,0,0,6,3,22,9,1,0,2,18,,,,0
vikings-1961,nfl-books,,Minnesota Vikings 1961 Media Guide Cover,1961,0,no-text-layer,cover scan,none,read-2026-09-06-yearbooks,"all 302 textless items scanned by metadata and all 319 images OCR'd; the 10 over 150 words are schedules and broadcast listings, nothing per-man | textless scan; in index, no OCR layer",,,,,,,,,,,,,,,,,,,,,0
49ers-1962,nfl-books,nfl-books/text_all/49ers-1962.txt,San Francisco 49ers 1962 Media Guide,1962,1,ocr-text,unread,unread,unread,,126890,19833,1901,2002,1961,132,0,0,0,11,0,66,0,6,1,3,7,,,,0
bears-1962-media-guide-chicago,nfl-books,nfl-books/text_all/bears-1962-media-guide-chicago.txt,Chicago Bears 1962 Media Guide,1962,1,ocr-text,unread,unread,unread,,140453,21725,1918,1963,1961,150,0,0,0,13,0,10,0,2,2,4,29,,,,0
broncos-1962-media-guide-denver,nfl-books,nfl-books/text_all/broncos-1962-media-guide-denver.txt,Denver Broncos 1962 Media Guide,1962,1,ocr-text,unread,unread,unread,,50678,8649,1924,1962,1960,49,0,0,0,5,0,24,0,0,0,2,30,,,,0
browns-1962-media-guide-cleveland-c,nfl-books,nfl-books/text_all/browns-1962-media-guide-cleveland-c.txt,Cleveland Browns 1962 Media Guide,1962,1,ocr-text,unread,unread,unread,,164970,28623,1906,2023,1961,185,2,0,0,14,27,62,0,14,30,10,36,,,,0
buffalo-bills-1962-media-guide-cover,nfl-books,,Buffalo Bills 1962 Media Guide Cover,1962,0,no-text-layer,cover scan,none,read-2026-09-06-yearbooks,"all 302 textless items scanned by metadata and all 319 images OCR'd; the 10 over 150 words are schedules and broadcast listings, nothing per-man | textless scan; in index, no OCR layer",,,,,,,,,,,,,,,,,,,,,0
cardinals-1962-media-guide-st.-louis-c,nfl-books,nfl-books/text_all/cardinals-1962-media-guide-st.-louis-c.txt,St. Louis Cardinals 1962 Media Guide,1962,1,ocr-text,unread,unread,unread,,135234,22196,1886,2023,1960,125,1,0,0,18,1,37,0,1,12,8,8,,,,0
chargers-1962,nfl-books,,San Diego Chargers 1962 Media Guide Cover,1962,0,no-text-layer,cover scan,none,read-2026-09-06-yearbooks,"all 302 textless items scanned by metadata and all 319 images OCR'd; the 10 over 150 words are schedules and broadcast listings, nothing per-man | textless scan; in index, no OCR layer",,,,,,,,,,,,,,,,,,,,,0
chiefs-1962-dallas-texans,nfl-books,nfl-books/text_all/chiefs-1962-dallas-texans.txt,Dallas Texans 1962 Media Guide,1962,1,ocr-text,unread,unread,unread,,59862,9885,1951,2011,1961,52,0,0,0,2,3,28,0,22,41,4,12,,,,0
colts-1962-media-guide-baltimore,nfl-books,nfl-books/text_all/colts-1962-media-guide-baltimore.txt,Baltimore Colts 1962 Media Guide,1962,1,ocr-text,unread,unread,unread,,215095,31360,1925,2023,1961,239,1,0,2,15,6,6,0,4,1,5,6,,,,0
cowboys-1962-media-guide-dallas,nfl-books,nfl-books/text_all/cowboys-1962-media-guide-dallas.txt,Dallas Cowboys 1962 Media Guide,1962,1,ocr-text,unread,unread,unread,,150661,23750,1932,1987,1961,189,1,0,0,9,1,22,0,4,29,7,6,,,,0
giants-1962-media-guide-new-york-cbd,nfl-books,nfl-books/text_all/giants-1962-media-guide-new-york-cbd.txt,New York Giants 1962 Media Guide,1962,1,ocr-text,unread,unread,unread,,117575,19780,1916,1963,1961,154,1,0,0,14,30,48,4,1,0,1,30,,,,0
green-bay-packers-media-guide-1962-cover-front,nfl-books,nfl-books/text_all/green-bay-packers-media-guide-1962-cover-front.txt,Green Bay Packers 1962 Media Guide,1962,1,ocr-text,unread,unread,unread,,83601,13754,1913,1992,1961,101,0,0,0,11,1,47,80,16,30,1,4,,,,0
houston-oilers-1962-media-guide-cover,nfl-books,,Houston Oilers 1962 Media Guide Cover,1962,0,no-text-layer,cover scan,none,read-2026-09-06-yearbooks,"all 302 textless items scanned by metadata and all 319 images OCR'd; the 10 over 150 words are schedules and broadcast listings, nothing per-man | textless scan; in index, no OCR layer",,,,,,,,,,,,,,,,,,,,,0
lions-1962,nfl-books,,Detroit Lions 1962 Media Guide Cover,1962,0,no-text-layer,cover scan,none,read-2026-09-06-yearbooks,"all 302 textless items scanned by metadata and all 319 images OCR'd; the 10 over 150 words are schedules and broadcast listings, nothing per-man | textless scan; in index, no OCR layer",,,,,,,,,,,,,,,,,,,,,0
philadelphia-eagles-1962-media-guide-cover,nfl-books,,Philadelphia Eagles 1962 Media Guide Cover,1962,0,no-text-layer,cover scan,none,read-2026-09-06-yearbooks,"all 302 textless items scanned by metadata and all 319 images OCR'd; the 10 over 150 words are schedules and broadcast listings, nothing per-man | textless scan; in index, no OCR layer",,,,,,,,,,,,,,,,,,,,,0
rams-1962,nfl-books,,Los Angeles Rams 1962 Media Guide Cover,1962,0,no-text-layer,cover scan,none,read-2026-09-06-yearbooks,"all 302 textless items scanned by metadata and all 319 images OCR'd; the 10 over 150 words are schedules and broadcast listings, nothing per-man | textless scan; in index, no OCR layer",,,,,,,,,,,,,,,,,,,,,0
redskins-1962-media-guide-washington-cbd,nfl-books,nfl-books/text_all/redskins-1962-media-guide-washington-cbd.txt,Washington Redskins 1962 Media Guide,1962,1,ocr-text,unread,unread,unread,,155380,25832,1895,2023,1961,169,0,0,0,21,63,33,12,2,0,0,0,,,,0
steelers-1962,nfl-books,,Pittsburgh Steelers 1962 Media Guide Cover,1962,0,no-text-layer,cover scan,none,read-2026-09-06-yearbooks,"all 302 textless items scanned by metadata and all 319 images OCR'd; the 10 over 150 words are schedules and broadcast listings, nothing per-man | textless scan; in index, no OCR layer",,,,,,,,,,,,,,,,,,,,,0
vikings-1962,nfl-books,,Minnesota Vikings 1962 Media Guide Cover,1962,0,no-text-layer,cover scan,none,read-2026-09-06-yearbooks,"all 302 textless items scanned by metadata and all 319 images OCR'd; the 10 over 150 words are schedules and broadcast listings, nothing per-man | textless scan; in index, no OCR layer",,,,,,,,,,,,,,,,,,,,,0
49ers-1963,nfl-books,nfl-books/text_all/49ers-1963.txt,San Francisco 49ers 1963 Media Guide,1963,1,ocr-text,unread,unread,unread,,136260,21486,1873,2000,1962,153,1,0,0,14,1,30,0,4,5,5,14,,,,0
bears-1963-media-guide-chicago,nfl-books,nfl-books/text_all/bears-1963-media-guide-chicago.txt,Chicago Bears 1963 Media Guide,1963,1,ocr-text,unread,unread,unread,,151809,24284,1904,2028,1962,157,0,0,0,13,0,20,0,4,2,3,0,,,,0
bills-1963-media-guide-buffalo-cbd,nfl-books,nfl-books/text_all/bills-1963-media-guide-buffalo-cbd.txt,Buffalo Bills 1963 Media Guide,1963,1,ocr-text,unread,unread,unread,,142266,22306,1910,1979,1960,118,1,0,0,19,41,28,65,0,2,19,3,,,,0
broncos-1963-media-guide-denver,nfl-books,nfl-books/text_all/broncos-1963-media-guide-denver.txt,Denver Broncos 1963 Media Guide,1963,1,ocr-text,club media/press guide,biography+statistics,"read-2026-09-07-yearbooks (stratified sample n=56 of 2,462 post-1950 texts, seed 20260907)",AFL; entries carry age/ht/wt/home town/college,64434,10956,1868,1964,1962,76,0,0,0,3,3,35,0,0,26,1,28,,,,0
browns-1963,nfl-books,,Cleveland Browns 1963 Media Guide Cover,1963,0,no-text-layer,cover scan,none,read-2026-09-06-yearbooks,"all 302 textless items scanned by metadata and all 319 images OCR'd; the 10 over 150 words are schedules and broadcast listings, nothing per-man | textless scan; in index, no OCR layer",,,,,,,,,,,,,,,,,,,,,0
cardinals-1963,nfl-books,,St. Louis Cardinals 1963 Media Guide Cover,1963,0,no-text-layer,cover scan,none,read-2026-09-06-yearbooks,"all 302 textless items scanned by metadata and all 319 images OCR'd; the 10 over 150 words are schedules and broadcast listings, nothing per-man | textless scan; in index, no OCR layer",,,,,,,,,,,,,,,,,,,,,0
chargers-1963,nfl-books,,San Diego Chargers 1963 Media Guide Cover,1963,0,no-text-layer,cover scan,none,read-2026-09-06-yearbooks,"all 302 textless items scanned by metadata and all 319 images OCR'd; the 10 over 150 words are schedules and broadcast listings, nothing per-man | textless scan; in index, no OCR layer",,,,,,,,,,,,,,,,,,,,,0
colts-1963-media-guide-baltimore,nfl-books,nfl-books/text_all/colts-1963-media-guide-baltimore.txt,Baltimore Colts 1963 Media Guide,1963,1,ocr-text,unread,unread,unread,,221659,32935,1927,2023,1962,240,2,0,0,13,8,7,0,1,3,3,23,,,,0
cowboys-1963-media-guide-dallas,nfl-books,nfl-books/text_all/cowboys-1963-media-guide-dallas.txt,Dallas Cowboys 1963 Media Guide,1963,1,ocr-text,club media/press guide,biography+statistics+roster-table,"read-2026-09-07-yearbooks (stratified sample n=56 of 2,462 post-1950 texts, seed 20260907)",roster carries Ht/Wt/Born; alphabetical + numerical + position rosters,157205,24942,1932,2000,1962,207,0,0,0,9,0,14,0,9,37,24,19,,,,0
giants-1963-media-guide-new-york-cbd,nfl-books,nfl-books/text_all/giants-1963-media-guide-new-york-cbd.txt,New York Giants 1963 Media Guide,1963,1,ocr-text,unread,unread,unread,,151860,25492,1916,1964,1962,223,2,0,0,18,89,56,4,0,0,2,22,,,,0
houston-oilers-1963-media-guide-cover,nfl-books,,Houston Oilers 1963 Media Guide Cover,1963,0,no-text-layer,cover scan,none,read-2026-09-06-yearbooks,"all 302 textless items scanned by metadata and all 319 images OCR'd; the 10 over 150 words are schedules and broadcast listings, nothing per-man | textless scan; in index, no OCR layer",,,,,,,,,,,,,,,,,,,,,0
jets-1963,nfl-books,,New York Jets 1963 Media Guide Cover,1963,0,no-text-layer,cover scan,none,read-2026-09-06-yearbooks,"all 302 textless items scanned by metadata and all 319 images OCR'd; the 10 over 150 words are schedules and broadcast listings, nothing per-man | textless scan; in index, no OCR layer",,,,,,,,,,,,,,,,,,,,,0
kansas-city-chiefs-1963-media-guide-cover,nfl-books,,Kansas City Chiefs 1963 Media Guide Cover,1963,0,no-text-layer,cover scan,none,read-2026-09-06-yearbooks,"all 302 textless items scanned by metadata and all 319 images OCR'd; the 10 over 150 words are schedules and broadcast listings, nothing per-man | textless scan; in index, no OCR layer",,,,,,,,,,,,,,,,,,,,,0
lions-1963,nfl-books,nfl-books/text_all/lions-1963.txt,Detroit Lions 1963 Media Guide,1963,1,ocr-text,unread,unread,unread,,136757,23778,1900,1992,1962,151,0,0,0,6,2,27,0,9,0,1,29,,,,0
packers-1963-media-guide-green-bay-c,nfl-books,nfl-books/text_all/packers-1963-media-guide-green-bay-c.txt,Green Bay Packers 1963 Media Guide,1963,1,ocr-text,unread,unread,unread,,84271,14306,1913,1963,1962,113,0,0,0,20,1,39,66,0,3,1,20,,,,0
patriots-1963-media-guide-boston-b,nfl-books,nfl-books/text_all/patriots-1963-media-guide-boston-b.txt,Boston Patriots 1963 Media Guide,1963,1,ocr-text,unread,unread,unread,,71922,12462,1937,1988,1961,49,1,0,0,22,1,8,0,0,2,6,50,,,,0
philadelphia-eagles-1963-yearbook-cover,nfl-books,,Philadelphia Eagles 1963 Yearbook Cover,1963,0,no-text-layer,cover scan,none,read-2026-09-06-yearbooks,"all 302 textless items scanned by metadata and all 319 images OCR'd; the 10 over 150 words are schedules and broadcast listings, nothing per-man | textless scan; in index, no OCR layer",,,,,,,,,,,,,,,,,,,,,0
rams-1963,nfl-books,nfl-books/text_all/rams-1963.txt,Los Angeles Rams 1963 Media Guide,1963,1,ocr-text,unread,unread,unread,,144921,24439,1897,2010,1962,175,2,0,1,11,135,118,135,47,1,7,28,,,,0
redskins-1963-media-guide-washington-cbd,nfl-books,nfl-books/text_all/redskins-1963-media-guide-washington-cbd.txt,Washington Redskins 1963 Media Guide,1963,1,ocr-text,unread,unread,unread,,132608,22201,1858,2001,1962,173,0,0,0,19,69,38,4,2,1,1,6,,,,0
steelers-1963,nfl-books,,Pittsburgh Steelers 1963 Media Guide Cover,1963,0,no-text-layer,cover scan,none,read-2026-09-06-yearbooks,"all 302 textless items scanned by metadata and all 319 images OCR'd; the 10 over 150 words are schedules and broadcast listings, nothing per-man | textless scan; in index, no OCR layer",,,,,,,,,,,,,,,,,,,,,0
vikings-1963,nfl-books,,Minnesota Vikings 1963 Media Guide Cover,1963,0,no-text-layer,cover scan,none,read-2026-09-06-yearbooks,"all 302 textless items scanned by metadata and all 319 images OCR'd; the 10 over 150 words are schedules and broadcast listings, nothing per-man | textless scan; in index, no OCR layer",,,,,,,,,,,,,,,,,,,,,0
49ers-1964-media-guide-san-francisco-c,nfl-books,nfl-books/text_all/49ers-1964-media-guide-san-francisco-c.txt,San Francisco 49ers 1964 Media Guide,1964,1,ocr-text,unread,unread,unread,,142984,22948,1863,2028,1963,142,0,0,0,11,6,24,0,77,7,3,12,,,,0
bears-1964-media-guide-chicago-c,nfl-books,nfl-books/text_all/bears-1964-media-guide-chicago-c.txt,Chicago Bears 1964 Media Guide,1964,1,ocr-text,unread,unread,unread,,165908,26807,1915,1964,1963,199,0,0,0,10,4,9,0,23,3,1,7,,,,0
bills-1964-media-guide-buffalo-cbd,nfl-books,nfl-books/text_all/bills-1964-media-guide-buffalo-cbd.txt,Buffalo Bills 1964 Media Guide,1964,1,ocr-text,unread,unread,unread,,175795,27839,1920,2000,1963,200,0,0,0,17,41,24,77,1,27,31,35,,,,0
broncos-1964-media-guide-denver,nfl-books,nfl-books/text_all/broncos-1964-media-guide-denver.txt,Denver Broncos 1964 Media Guide,1964,1,ocr-text,unread,unread,unread,,67536,11541,1926,1968,1960,67,1,0,0,8,0,37,0,1,34,3,16,,,,0
browns-1964,nfl-books,,Cleveland Browns 1964 Media Guide Cover,1964,0,no-text-layer,cover scan,none,read-2026-09-06-yearbooks,"all 302 textless items scanned by metadata and all 319 images OCR'd; the 10 over 150 words are schedules and broadcast listings, nothing per-man | textless scan; in index, no OCR layer",,,,,,,,,,,,,,,,,,,,,0
cardinals-1964,nfl-books,,St. Louis Cardinals 1964 Media Guide Cover,1964,0,no-text-layer,cover scan,none,read-2026-09-06-yearbooks,"all 302 textless items scanned by metadata and all 319 images OCR'd; the 10 over 150 words are schedules and broadcast listings, nothing per-man | textless scan; in index, no OCR layer",,,,,,,,,,,,,,,,,,,,,0
chargers-1964,nfl-books,,San Diego Chargers 1964 Media Guide Cover,1964,0,no-text-layer,cover scan,none,read-2026-09-06-yearbooks,"all 302 textless items scanned by metadata and all 319 images OCR'd; the 10 over 150 words are schedules and broadcast listings, nothing per-man | textless scan; in index, no OCR layer",,,,,,,,,,,,,,,,,,,,,0
colts-1964-media-guide-baltimore,nfl-books,nfl-books/text_all/colts-1964-media-guide-baltimore.txt,Baltimore Colts 1964 Media Guide,1964,1,ocr-text,unread,unread,unread,,218797,33169,1924,2023,1963,233,0,0,1,10,7,7,0,0,1,1,11,,,,0
cowboys-1964-media-guide-dallas,nfl-books,nfl-books/text_all/cowboys-1964-media-guide-dallas.txt,Dallas Cowboys 1964 Media Guide,1964,1,ocr-text,unread,unread,unread,,153632,24574,1855,2026,1963,199,2,0,0,4,1,15,0,6,47,34,12,,,,0
giants-1964-media-guide-new-york-c,nfl-books,nfl-books/text_all/giants-1964-media-guide-new-york-c.txt,New York Giants 1964 Media Guide,1964,1,ocr-text,unread,unread,unread,,164028,27575,1916,2027,1962,231,2,0,0,19,134,98,4,0,0,3,12,,,,0
houston-oilers-1964-media-guide-cover,nfl-books,,Houston Oilers 1964 Media Guide Cover,1964,0,no-text-layer,cover scan,none,read-2026-09-06-yearbooks,"all 302 textless items scanned by metadata and all 319 images OCR'd; the 10 over 150 words are schedules and broadcast listings, nothing per-man | textless scan; in index, no OCR layer",,,,,,,,,,,,,,,,,,,,,0
jets-1964,nfl-books,,New York Jets 1964 Media Guide Cover,1964,0,no-text-layer,cover scan,none,read-2026-09-06-yearbooks,"all 302 textless items scanned by metadata and all 319 images OCR'd; the 10 over 150 words are schedules and broadcast listings, nothing per-man | textless scan; in index, no OCR layer",,,,,,,,,,,,,,,,,,,,,0
lions-1964-media-guide-detroit-c,nfl-books,nfl-books/text_all/lions-1964-media-guide-detroit-c.txt,Detroit Lions 1964 Media Guide,1964,1,ocr-text,unread,unread,unread,,194338,33168,1863,2026,1963,225,0,0,1,12,111,34,0,299,296,1,9,,,,0
oakland-raiders-1964-media-guide-cover,nfl-books,,Oakland Raiders 1964 Media Guide Cover,1964,0,no-text-layer,cover scan,none,read-2026-09-06-yearbooks,"all 302 textless items scanned by metadata and all 319 images OCR'd; the 10 over 150 words are schedules and broadcast listings, nothing per-man | textless scan; in index, no OCR layer",,,,,,,,,,,,,,,,,,,,,0
packers-1964,nfl-books,,Green Bay Packers 1964 Media Guide Cover,1964,0,no-text-layer,cover scan,none,read-2026-09-06-yearbooks,"all 302 textless items scanned by metadata and all 319 images OCR'd; the 10 over 150 words are schedules and broadcast listings, nothing per-man | textless scan; in index, no OCR layer",,,,,,,,,,,,,,,,,,,,,0
patriots-1964-media-guide-boston-b,nfl-books,nfl-books/text_all/patriots-1964-media-guide-boston-b.txt,Boston Patriots 1964 Media Guide,1964,1,ocr-text,unread,unread,unread,,159538,26956,1901,1988,1962,153,0,0,0,21,9,24,0,0,47,15,49,,,,0
philadelphia-eagles-1964-media-guide-cover-rear,nfl-books,,Philadelphia Eagles 1964 Media Guide Cover,1964,0,no-text-layer,cover scan,none,read-2026-09-06-yearbooks,"all 302 textless items scanned by metadata and all 319 images OCR'd; the 10 over 150 words are schedules and broadcast listings, nothing per-man | textless scan; in index, no OCR layer",,,,,,,,,,,,,,,,,,,,,0
rams-1964,nfl-books,,Los Angeles Rams 1964 Media Guide Cover,1964,0,no-text-layer,cover scan,none,read-2026-09-06-yearbooks,"all 302 textless items scanned by metadata and all 319 images OCR'd; the 10 over 150 words are schedules and broadcast listings, nothing per-man | textless scan; in index, no OCR layer",,,,,,,,,,,,,,,,,,,,,0
steelers-1964,nfl-books,,Pittsburgh Steelers 1964 Media Guide Cover,1964,0,no-text-layer,cover scan,none,read-2026-09-06-yearbooks,"all 302 textless items scanned by metadata and all 319 images OCR'd; the 10 over 150 words are schedules and broadcast listings, nothing per-man | textless scan; in index, no OCR layer",,,,,,,,,,,,,,,,,,,,,0
vikings-1964,nfl-books,,Minnesota Vikings 1964 Media Guide Cover,1964,0,no-text-layer,cover scan,none,read-2026-09-06-yearbooks,"all 302 textless items scanned by metadata and all 319 images OCR'd; the 10 over 150 words are schedules and broadcast listings, nothing per-man | textless scan; in index, no OCR layer",,,,,,,,,,,,,,,,,,,,,0
washington-redskins-1964-media-guide-cover,nfl-books,,Washington Redskins 1964 Media Guide Cover,1964,0,no-text-layer,cover scan,none,read-2026-09-06-yearbooks,"all 302 textless items scanned by metadata and all 319 images OCR'd; the 10 over 150 words are schedules and broadcast listings, nothing per-man | textless scan; in index, no OCR layer",,,,,,,,,,,,,,,,,,,,,0
49ers-1965-media-guide-san-francisco-c,nfl-books,nfl-books/text_all/49ers-1965-media-guide-san-francisco-c.txt,San Francisco 49ers 1965 Media Guide,1965,1,ocr-text,unread,unread,unread,,157292,25429,1906,1982,1964,140,1,0,0,13,5,36,0,66,5,3,14,,,,0
bears-1965-media-guide-chicago-c,nfl-books,nfl-books/text_all/bears-1965-media-guide-chicago-c.txt,Chicago Bears 1965 Media Guide,1965,1,ocr-text,unread,unread,unread,,167360,26725,1863,1966,1964,182,0,0,0,10,0,14,0,8,2,1,9,,,,0
broncos-1965-media-guide-denver,nfl-books,nfl-books/text_all/broncos-1965-media-guide-denver.txt,Denver Broncos 1965 Media Guide,1965,1,ocr-text,unread,unread,unread,,157100,25696,1863,1980,1964,208,0,0,0,16,2,51,0,120,20,18,26,,,,0
browns-1965,nfl-books,nfl-books/text_all/browns-1965.txt,Cleveland Browns 1965 Media Guide,1965,1,ocr-text,unread,unread,unread,,159399,28315,1858,2026,1964,301,2,0,0,9,149,66,0,21,3,1,4,,,,0
buffalo-bills-1965-media-guide-cover,nfl-books,,Buffalo Bills 1965 Media Guide Cover,1965,0,no-text-layer,cover scan,none,read-2026-09-06-yearbooks,"all 302 textless items scanned by metadata and all 319 images OCR'd; the 10 over 150 words are schedules and broadcast listings, nothing per-man | textless scan; in index, no OCR layer",,,,,,,,,,,,,,,,,,,,,0
cardinals-1965,nfl-books,,St. Louis Cardinals 1965 Media Guide Cover,1965,0,no-text-layer,cover scan,none,read-2026-09-06-yearbooks,"all 302 textless items scanned by metadata and all 319 images OCR'd; the 10 over 150 words are schedules and broadcast listings, nothing per-man | textless scan; in index, no OCR layer",,,,,,,,,,,,,,,,,,,,,0
chargers-1965,nfl-books,,San Diego Chargers 1965 Media Guide Cover,1965,0,no-text-layer,cover scan,none,read-2026-09-06-yearbooks,"all 302 textless items scanned by metadata and all 319 images OCR'd; the 10 over 150 words are schedules and broadcast listings, nothing per-man | textless scan; in index, no OCR layer",,,,,,,,,,,,,,,,,,,,,0
colts-1965-media-guide-baltimore,nfl-books,nfl-books/text_all/colts-1965-media-guide-baltimore.txt,Baltimore Colts 1965 Media Guide,1965,1,ocr-text,unread,unread,unread,,243211,37231,1907,1966,1964,261,1,0,0,15,10,69,0,4,3,4,1,,,,0
cowboys-1965-media-guide-dallas,nfl-books,nfl-books/text_all/cowboys-1965-media-guide-dallas.txt,Dallas Cowboys 1965 Media Guide,1965,1,ocr-text,club media/press guide,biography+statistics+roster-table,"read-2026-09-07-yearbooks (stratified sample n=56 of 2,462 post-1950 texts, seed 20260907)",includes a pronunciation guide,190413,29660,1890,2002,1964,245,1,0,1,8,6,25,0,11,179,62,9,,,,0
eagles-1965-media-guide-philadelphia-c,nfl-books,nfl-books/text_all/eagles-1965-media-guide-philadelphia-c.txt,Philadelphia Eagles 1965 Media Guide,1965,1,ocr-text,unread,unread,unread,,180269,30554,1860,1998,1964,136,2,0,0,15,18,12,8,4,0,2,17,,,,0
giants-1965-media-guide-new-york-c,nfl-books,nfl-books/text_all/giants-1965-media-guide-new-york-c.txt,New York Giants 1965 Media Guide,1965,1,ocr-text,unread,unread,unread,,180576,30140,1855,2027,1962,228,1,0,0,16,151,132,4,3,0,0,21,,,,0
jets-1965,nfl-books,,New York Jets 1965 Media Guide Cover,1965,0,no-text-layer,cover scan,none,read-2026-09-06-yearbooks,"all 302 textless items scanned by metadata and all 319 images OCR'd; the 10 over 150 words are schedules and broadcast listings, nothing per-man | textless scan; in index, no OCR layer",,,,,,,,,,,,,,,,,,,,,0
kansas-city-chiefs-1965-media-guide-cover,nfl-books,,Kansas City Chiefs 1965 Media Guide Cover,1965,0,no-text-layer,cover scan,none,read-2026-09-06-yearbooks,"all 302 textless items scanned by metadata and all 319 images OCR'd; the 10 over 150 words are schedules and broadcast listings, nothing per-man | textless scan; in index, no OCR layer",,,,,,,,,,,,,,,,,,,,,0
lions-1965-media-guide-detroit-c,nfl-books,nfl-books/text_all/lions-1965-media-guide-detroit-c.txt,Detroit Lions 1965 Media Guide,1965,1,ocr-text,unread,unread,unread,,213250,35526,1900,2000,1950,248,0,0,0,15,136,33,0,249,415,2,18,,,,0
oakland-raiders-1965-media-guide-cover,nfl-books,nfl-books/text_all/oakland-raiders-1965-media-guide-cover.txt,Oakland Raiders 1965 Media Guide,1965,1,ocr-text,unread,unread,unread,,108252,17985,1927,1983,1963,119,0,0,0,10,126,31,0,7,44,4,1,,,,0
oilers-1965-media-guide-houston-c,nfl-books,nfl-books/text_all/oilers-1965-media-guide-houston-c.txt,Houston Oilers 1965 Media Guide,1965,1,ocr-text,unread,unread,unread,,126494,21955,1900,2020,1964,105,0,0,0,9,1,3,0,4,0,3,2,,,,0
packers-1965-media-guide-green-bay-b,nfl-books,nfl-books/text_all/packers-1965-media-guide-green-bay-b.txt,Green Bay Packers 1965 Media Guide,1965,1,ocr-text,unread,unread,unread,,141856,24556,1855,1969,1962,139,0,0,0,13,4,39,74,74,3,0,0,,,,0
patriots-1965-media-guide-boston-b,nfl-books,nfl-books/text_all/patriots-1965-media-guide-boston-b.txt,Boston Patriots 1965 Media Guide,1965,1,ocr-text,unread,unread,unread,,156087,26245,1901,1988,1964,140,0,0,0,22,8,23,0,0,61,13,32,,,,0
rams-1965,nfl-books,,Los Angeles Rams 1965 Media Guide Cover,1965,0,no-text-layer,cover scan,none,read-2026-09-06-yearbooks,"all 302 textless items scanned by metadata and all 319 images OCR'd; the 10 over 150 words are schedules and broadcast listings, nothing per-man | textless scan; in index, no OCR layer",,,,,,,,,,,,,,,,,,,,,0
redskins-1965-media-guide-washington-cbd,nfl-books,nfl-books/text_all/redskins-1965-media-guide-washington-cbd.txt,Washington Redskins 1965 Media Guide,1965,1,ocr-text,unread,unread,unread,,136607,22698,1914,1988,1964,148,1,0,0,25,78,59,4,0,0,1,2,,,,0
steelers-1965,nfl-books,nfl-books/text_all/steelers-1965.txt,Pittsburgh Steelers 1965 Media Guide,1965,1,ocr-text,unread,unread,unread,,78267,12842,1858,1993,1963,117,0,0,0,22,1,53,0,0,0,2,6,,,,0
vikings-1965,nfl-books,,Minnesota Vikings 1965 Media Guide Cover,1965,0,no-text-layer,cover scan,none,read-2026-09-06-yearbooks,"all 302 textless items scanned by metadata and all 319 images OCR'd; the 10 over 150 words are schedules and broadcast listings, nothing per-man | textless scan; in index, no OCR layer",,,,,,,,,,,,,,,,,,,,,0
49ers-1966,nfl-books,nfl-books/text_all/49ers-1966.txt,San Francisco 49ers 1966 Media Guide,1966,1,ocr-text,unread,unread,unread,,178339,28550,1895,2002,1965,150,0,0,0,19,4,64,0,52,2,5,27,,,,0
bears-1966-media-guide-chicago,nfl-books,nfl-books/text_all/bears-1966-media-guide-chicago.txt,Chicago Bears 1966 Media Guide,1966,1,ocr-text,unread,unread,unread,,172929,27406,1915,1982,1965,184,0,0,0,10,0,17,0,4,1,4,8,,,,0
broncos-1966-media-guide-denver,nfl-books,nfl-books/text_all/broncos-1966-media-guide-denver.txt,Denver Broncos 1966 Media Guide,1966,1,ocr-text,unread,unread,unread,,173032,28145,1851,2020,1965,220,0,0,0,22,1,54,0,52,120,20,31,,,,0
browns-1966-media-guide-cleveland-b,nfl-books,nfl-books/text_all/browns-1966-media-guide-cleveland-b.txt,Cleveland Browns 1966 Media Guide,1966,1,ocr-text,unread,unread,unread,,211649,36807,1866,2026,1965,282,2,0,0,11,132,60,0,105,4,5,35,,,,0
buffalo-bills-1966-media-guide-cover,nfl-books,,Buffalo Bills 1966 Media Guide Cover,1966,0,no-text-layer,cover scan,none,read-2026-09-06-yearbooks,"all 302 textless items scanned by metadata and all 319 images OCR'd; the 10 over 150 words are schedules and broadcast listings, nothing per-man | textless scan; in index, no OCR layer",,,,,,,,,,,,,,,,,,,,,0
cardinals-1966,nfl-books,,St. Louis Cardinals 1966 Media Guide Cover,1966,0,no-text-layer,cover scan,none,read-2026-09-06-yearbooks,"all 302 textless items scanned by metadata and all 319 images OCR'd; the 10 over 150 words are schedules and broadcast listings, nothing per-man | textless scan; in index, no OCR layer",,,,,,,,,,,,,,,,,,,,,0
chargers-1966-media-guide-san-diego-c,nfl-books,nfl-books/text_all/chargers-1966-media-guide-san-diego-c.txt,San Diego Chargers 1966 Media Guide,1966,1,ocr-text,unread,unread,unread,,164351,27067,1851,2002,1965,148,1,0,0,20,25,104,0,1,23,24,66,,,,0
colts-1966-media-guide-baltimore,nfl-books,nfl-books/text_all/colts-1966-media-guide-baltimore.txt,Baltimore Colts 1966 Media Guide,1966,1,ocr-text,unread,unread,unread,,259997,41838,1928,2003,1965,303,1,0,1,9,15,69,1,10,3,7,19,,,,0
cowboys-1966-media-guide-dallas,nfl-books,nfl-books/text_all/cowboys-1966-media-guide-dallas.txt,Dallas Cowboys 1966 Media Guide,1966,1,ocr-text,unread,unread,unread,,217780,36025,1917,1982,1965,253,0,0,0,10,104,78,0,51,75,60,33,,,,0
dolphins-1966-media-guide-miami,nfl-books,nfl-books/text_all/dolphins-1966-media-guide-miami.txt,Miami Dolphins 1966 Media Guide,1966,1,ocr-text,unread,unread,unread,,78163,13456,1851,1968,1965,74,0,0,0,23,3,69,1,0,1,1,0,,,,0
dolphins-1969-media-guide-miami,nfl-books,nfl-books/text_all/dolphins-1969-media-guide-miami.txt,Miami Dolphins 1969 Media Guide,1966,1,ocr-text,unread,unread,unread,,207361,34556,1851,2005,1966,307,0,0,0,32,259,114,0,4,99,70,40,,,,0
falcons-1966,nfl-books,nfl-books/text_all/falcons-1966.txt,Atlanta Falcons 1966 Media Guide,1966,1,ocr-text,unread,unread,unread,,80836,13343,1905,2002,1966,86,0,0,0,18,130,27,86,22,1,0,0,,,,0
giants-1966-media-guide-new-york-c,nfl-books,nfl-books/text_all/giants-1966-media-guide-new-york-c.txt,New York Giants 1966 Media Guide,1966,1,ocr-text,unread,unread,unread,,175858,29880,1855,1994,1965,207,1,0,0,15,148,116,4,6,7,1,21,,,,0
houston-oilers-1966-media-guide-cover.jpg,nfl-books,,Houston Oilers 1966 Media Guide Cover,1966,0,no-text-layer,cover scan,none,read-2026-09-06-yearbooks,"all 302 textless items scanned by metadata and all 319 images OCR'd; the 10 over 150 words are schedules and broadcast listings, nothing per-man | textless scan; in index, no OCR layer",,,,,,,,,,,,,,,,,,,,,0
jets-1966-media-guide-new-york-c,nfl-books,nfl-books/text_all/jets-1966-media-guide-new-york-c.txt,New York Jets 1966 Media Guide,1966,1,ocr-text,unread,unread,unread,,127011,22346,1851,1998,1960,104,0,0,0,5,25,9,0,25,150,16,51,,,,0
kansas-city-chiefs-1966-media-guide-cover,nfl-books,,Kansas City Chiefs 1966 Media Guide Cover,1966,0,no-text-layer,cover scan,none,read-2026-09-06-yearbooks,"all 302 textless items scanned by metadata and all 319 images OCR'd; the 10 over 150 words are schedules and broadcast listings, nothing per-man | textless scan; in index, no OCR layer",,,,,,,,,,,,,,,,,,,,,0
lions-1966-media-guide-detroit-c,nfl-books,nfl-books/text_all/lions-1966-media-guide-detroit-c.txt,Detroit Lions 1966 Media Guide,1966,1,ocr-text,unread,unread,unread,,190423,32549,1895,1999,1965,258,0,0,1,10,109,26,72,182,379,2,22,,,,0
oakland-raiders-1966-media-guide-cover,nfl-books,,Oakland Raiders 1966 Media Guide Cover,1966,0,no-text-layer,cover scan,none,read-2026-09-06-yearbooks,"all 302 textless items scanned by metadata and all 319 images OCR'd; the 10 over 150 words are schedules and broadcast listings, nothing per-man | textless scan; in index, no OCR layer",,,,,,,,,,,,,,,,,,,,,0
packers-1966-media-guide-green-bay,nfl-books,nfl-books/text_all/packers-1966-media-guide-green-bay.txt,Green Bay Packers 1966 Media Guide,1966,1,ocr-text,unread,unread,unread,,152284,26177,1855,1988,1965,160,0,0,0,17,6,45,80,45,1,2,11,,,,0
patriots-1966-media-guide-boston-b,nfl-books,nfl-books/text_all/patriots-1966-media-guide-boston-b.txt,Boston Patriots 1966 Media Guide,1966,1,ocr-text,unread,unread,unread,,180383,30634,1851,2022,1965,184,0,0,0,19,9,14,0,0,61,21,47,,,,0
philadelphia-eagles-1966-media-guide-cover,nfl-books,,Philadelphia Eagles 1966 Media Guide Cover,1966,0,no-text-layer,cover scan,none,read-2026-09-06-yearbooks,"all 302 textless items scanned by metadata and all 319 images OCR'd; the 10 over 150 words are schedules and broadcast listings, nothing per-man | textless scan; in index, no OCR layer",,,,,,,,,,,,,,,,,,,,,0
rams-1966-poor,nfl-books,,Los Angeles Rams 1966 Media Guide Cover,1966,0,no-text-layer,cover scan,none,read-2026-09-06-yearbooks,"all 302 textless items scanned by metadata and all 319 images OCR'd; the 10 over 150 words are schedules and broadcast listings, nothing per-man | textless scan; in index, no OCR layer",,,,,,,,,,,,,,,,,,,,,0
redskins-1966-media-guide-washington-cbd,nfl-books,nfl-books/text_all/redskins-1966-media-guide-washington-cbd.txt,Washington Redskins 1966 Media Guide,1966,1,ocr-text,unread,unread,unread,,152187,25679,1852,1968,1965,203,2,0,0,20,87,53,4,1,1,1,4,,,,0
steelers-1966-media-guide-pittsburgh-b,nfl-books,nfl-books/text_all/steelers-1966-media-guide-pittsburgh-b.txt,Pittsburgh Steelers 1966 Media Guide,1966,1,ocr-text,unread,unread,unread,,92471,15106,1923,1982,1965,89,0,0,0,7,1,44,0,0,0,1,11,,,,0
vikings-1966,nfl-books,,Minnesota Vikings 1966 Media Guide Cover,1966,0,no-text-layer,cover scan,none,read-2026-09-06-yearbooks,"all 302 textless items scanned by metadata and all 319 images OCR'd; the 10 over 150 words are schedules and broadcast listings, nothing per-man | textless scan; in index, no OCR layer",,,,,,,,,,,,,,,,,,,,,0
bears-1967-media-guide-chicago-c,nfl-books,nfl-books/text_all/bears-1967-media-guide-chicago-c.txt,Chicago Bears 1967 Media Guide,1967,1,ocr-text,unread,unread,unread,,159866,25470,1858,1968,1966,187,0,0,0,8,0,8,0,50,4,2,3,,,,0
broncos-1967-media-guide-denver,nfl-books,nfl-books/text_all/broncos-1967-media-guide-denver.txt,Denver Broncos 1967 Media Guide,1967,1,ocr-text,unread,unread,unread,,205312,34305,1851,2029,1966,266,0,0,1,28,0,70,0,86,50,31,48,,,,0
browns-1967,nfl-books,,Cleveland Browns 1967 Media Guide Cover,1967,0,no-text-layer,cover scan,none,read-2026-09-06-yearbooks,"all 302 textless items scanned by metadata and all 319 images OCR'd; the 10 over 150 words are schedules and broadcast listings, nothing per-man | textless scan; in index, no OCR layer",,,,,,,,,,,,,,,,,,,,,0
buffalo-bills-1967-media-guide-cover,nfl-books,,Buffalo Bills 1967 Media Guide Cover,1967,0,no-text-layer,cover scan,none,read-2026-09-06-yearbooks,"all 302 textless items scanned by metadata and all 319 images OCR'd; the 10 over 150 words are schedules and broadcast listings, nothing per-man | textless scan; in index, no OCR layer",,,,,,,,,,,,,,,,,,,,,0
cardinals-1967,nfl-books,,St. Louis Cardinals 1967 Media Guide Cover,1967,0,no-text-layer,cover scan,none,read-2026-09-06-yearbooks,"all 302 textless items scanned by metadata and all 319 images OCR'd; the 10 over 150 words are schedules and broadcast listings, nothing per-man | textless scan; in index, no OCR layer",,,,,,,,,,,,,,,,,,,,,0
chargers-1967,nfl-books,,San Diego Chargers 1967 Media Guide Cover,1967,0,no-text-layer,cover scan,none,read-2026-09-06-yearbooks,"all 302 textless items scanned by metadata and all 319 images OCR'd; the 10 over 150 words are schedules and broadcast listings, nothing per-man | textless scan; in index, no OCR layer",,,,,,,,,,,,,,,,,,,,,0
colts-1967-media-guide-baltimore,nfl-books,nfl-books/text_all/colts-1967-media-guide-baltimore.txt,Baltimore Colts 1967 Media Guide,1967,1,ocr-text,unread,unread,unread,,247034,39246,1932,1970,1966,281,0,0,0,12,6,60,0,35,5,6,18,,,,0
cowboys-1967-media-guide-dallas,nfl-books,nfl-books/text_all/cowboys-1967-media-guide-dallas.txt,Dallas Cowboys 1967 Media Guide,1967,1,ocr-text,unread,unread,unread,,225078,37291,1924,2000,1966,279,0,0,0,16,120,80,0,9,136,72,60,,,,0
dolphins-1967-media-guide-miami,nfl-books,nfl-books/text_all/dolphins-1967-media-guide-miami.txt,Miami Dolphins 1967 Media Guide,1967,1,ocr-text,unread,unread,unread,,144039,24218,1851,2028,1966,232,0,0,0,40,4,80,0,28,1,48,22,,,,0
falcons-1967,nfl-books,,Atlanta Falcons 1967 Media Guide Cover,1967,0,no-text-layer,cover scan,none,read-2026-09-06-yearbooks,"all 302 textless items scanned by metadata and all 319 images OCR'd; the 10 over 150 words are schedules and broadcast listings, nothing per-man | textless scan; in index, no OCR layer",,,,,,,,,,,,,,,,,,,,,0
giants-1967-media-guide-new-york-c,nfl-books,nfl-books/text_all/giants-1967-media-guide-new-york-c.txt,New York Giants 1967 Media Guide,1967,1,ocr-text,unread,unread,unread,,192431,32068,1855,2000,1966,203,1,0,0,9,150,135,0,2,1,3,15,,,,0
jets-1967-media-guide-new-york-c,nfl-books,nfl-books/text_all/jets-1967-media-guide-new-york-c.txt,New York Jets 1967 Media Guide,1967,1,ocr-text,unread,unread,unread,,121874,20933,1851,2029,1960,79,0,0,0,6,23,13,0,1,146,21,48,,,,0
kansas-city-chiefs-1967-media-guide-cover,nfl-books,,Kansas City Chiefs 1967 Media Guide Cover,1967,0,no-text-layer,cover scan,none,read-2026-09-06-yearbooks,"all 302 textless items scanned by metadata and all 319 images OCR'd; the 10 over 150 words are schedules and broadcast listings, nothing per-man | textless scan; in index, no OCR layer",,,,,,,,,,,,,,,,,,,,,0
lions-1967-media-guide-detroit-c,nfl-books,nfl-books/text_all/lions-1967-media-guide-detroit-c.txt,Detroit Lions 1967 Media Guide,1967,1,ocr-text,unread,unread,unread,,180535,31015,1858,2006,1966,187,0,0,0,15,125,29,122,222,420,3,15,,,,0
oakland-raiders-1967-media-guide-cover,nfl-books,,Oakland Raiders 1967 Media Guide Cover,1967,0,no-text-layer,cover scan,none,read-2026-09-06-yearbooks,"all 302 textless items scanned by metadata and all 319 images OCR'd; the 10 over 150 words are schedules and broadcast listings, nothing per-man | textless scan; in index, no OCR layer",,,,,,,,,,,,,,,,,,,,,0
packers-1967-media-guide-green-bay-c,nfl-books,nfl-books/text_all/packers-1967-media-guide-green-bay-c.txt,Green Bay Packers 1967 Media Guide,1967,1,ocr-text,unread,unread,unread,,157943,27240,1855,2000,1966,188,0,0,0,5,5,46,68,124,1,2,4,,,,0
patriots-1967-media-guide-boston-b,nfl-books,nfl-books/text_all/patriots-1967-media-guide-boston-b.txt,Boston Patriots 1967 Media Guide,1967,1,ocr-text,unread,unread,unread,,207688,35383,1851,2006,1966,188,0,0,0,25,1,18,0,2,75,11,28,,,,0
philadelphia-eagles-1967-media-guide-cover,nfl-books,,Philadelphia Eagles 1967 Media Guide Cover,1967,0,no-text-layer,cover scan,none,read-2026-09-06-yearbooks,"all 302 textless items scanned by metadata and all 319 images OCR'd; the 10 over 150 words are schedules and broadcast listings, nothing per-man | textless scan; in index, no OCR layer",,,,,,,,,,,,,,,,,,,,,0
rams-1967,nfl-books,,Los Angeles Rams 1967 Media Guide Cover,1967,0,no-text-layer,cover scan,none,read-2026-09-06-yearbooks,"all 302 textless items scanned by metadata and all 319 images OCR'd; the 10 over 150 words are schedules and broadcast listings, nothing per-man | textless scan; in index, no OCR layer",,,,,,,,,,,,,,,,,,,,,0
redskins-1967-media-guide-washington-cbd,nfl-books,nfl-books/text_all/redskins-1967-media-guide-washington-cbd.txt,Washington Redskins 1967 Media Guide,1967,1,ocr-text,unread,unread,unread,,168407,28349,1852,1986,1966,196,3,0,0,33,88,53,4,0,3,4,3,,,,0
steelers-1967,nfl-books,nfl-books/text_all/steelers-1967.txt,Pittsburgh Steelers 1967 Media Guide,1967,1,ocr-text,unread,unread,unread,,94376,15702,1923,2018,1966,75,0,0,0,2,0,37,26,2,0,3,15,,,,0
vikings-1967,nfl-books,,Minnesota Vikings 1967 Media Guide Cover,1967,0,no-text-layer,cover scan,none,read-2026-09-06-yearbooks,"all 302 textless items scanned by metadata and all 319 images OCR'd; the 10 over 150 words are schedules and broadcast listings, nothing per-man | textless scan; in index, no OCR layer",,,,,,,,,,,,,,,,,,,,,0
49ers-1968,nfl-books,nfl-books/text_all/49ers-1968.txt,San Francisco 49ers 1968 Media Guide,1968,1,ocr-text,unread,unread,unread,,199881,32455,1906,2026,1967,161,0,0,0,24,25,102,0,88,8,4,32,,,,0
bears-1968-media-guide-chicago-b,nfl-books,nfl-books/text_all/bears-1968-media-guide-chicago-b.txt,Chicago Bears 1968 Media Guide,1968,1,ocr-text,unread,unread,unread,,176142,27888,1852,1998,1967,212,0,0,0,10,1,18,0,50,4,3,14,,,,0
bengals-1968,nfl-books,,Cincinnati Bengals 1968 Media Guide Cover,1968,0,no-text-layer,cover scan,none,read-2026-09-06-yearbooks,"all 302 textless items scanned by metadata and all 319 images OCR'd; the 10 over 150 words are schedules and broadcast listings, nothing per-man | textless scan; in index, no OCR layer",,,,,,,,,,,,,,,,,,,,,0
bills-1968-media-guide-buffalo-cbd,nfl-books,nfl-books/text_all/bills-1968-media-guide-buffalo-cbd.txt,Buffalo Bills 1968 Media Guide,1968,1,ocr-text,unread,unread,unread,,175727,30466,1851,2018,1967,250,0,0,0,13,83,26,80,10,1,19,45,,,,0
broncos-1968-media-guide-denver,nfl-books,nfl-books/text_all/broncos-1968-media-guide-denver.txt,Denver Broncos 1968 Media Guide,1968,1,ocr-text,unread,unread,unread,,214736,35815,1851,2005,1967,307,0,0,2,34,1,54,0,86,61,30,48,,,,0
browns-1968,nfl-books,,Cleveland Browns 1968 Media Guide Cover,1968,0,no-text-layer,cover scan,none,read-2026-09-06-yearbooks,"all 302 textless items scanned by metadata and all 319 images OCR'd; the 10 over 150 words are schedules and broadcast listings, nothing per-man | textless scan; in index, no OCR layer",,,,,,,,,,,,,,,,,,,,,0
cardinals-1968-media-guide-st.-louis-c,nfl-books,nfl-books/text_all/cardinals-1968-media-guide-st.-louis-c.txt,St. Louis Cardinals 1968 Media Guide,1968,1,ocr-text,unread,unread,unread,,181785,29189,1909,2026,1967,282,1,0,0,10,2,65,0,28,2,33,11,,,,0
chargers-1968,nfl-books,,San Diego Chargers 1968 Media Guide Cover,1968,0,no-text-layer,cover scan,none,read-2026-09-06-yearbooks,"all 302 textless items scanned by metadata and all 319 images OCR'd; the 10 over 150 words are schedules and broadcast listings, nothing per-man | textless scan; in index, no OCR layer",,,,,,,,,,,,,,,,,,,,,0
colts-1968-media-guide-baltimore,nfl-books,nfl-books/text_all/colts-1968-media-guide-baltimore.txt,Baltimore Colts 1968 Media Guide,1968,1,ocr-text,unread,unread,unread,,241421,37986,1932,2005,1967,258,1,0,1,11,7,63,0,11,1,5,22,,,,0
cowboys-1968-media-guide-dallas,nfl-books,nfl-books/text_all/cowboys-1968-media-guide-dallas.txt,Dallas Cowboys 1968 Media Guide,1968,1,ocr-text,unread,unread,unread,,269867,44131,1900,2024,1966,291,0,0,0,21,120,81,0,69,116,78,67,,,,0
dolphins-1968-media-guide-miami,nfl-books,nfl-books/text_all/dolphins-1968-media-guide-miami.txt,Miami Dolphins 1968 Media Guide,1968,1,ocr-text,unread,unread,unread,,201418,33310,1851,2005,1966,288,2,0,0,35,0,81,0,0,67,45,33,,,,0
falcons-1968-media-guide-atlanta-c,nfl-books,nfl-books/text_all/falcons-1968-media-guide-atlanta-c.txt,Atlanta Falcons 1968 Media Guide,1968,1,ocr-text,unread,unread,unread,,144746,24845,1924,2014,1966,244,2,0,0,16,153,16,0,83,2,28,23,,,,0
giants-1968-media-guide-new-york-c,nfl-books,nfl-books/text_all/giants-1968-media-guide-new-york-c.txt,New York Giants 1968 Media Guide,1968,1,ocr-text,unread,unread,unread,,185821,30886,1855,1997,1967,174,1,0,0,8,145,140,0,2,3,3,44,,,,0
jets-1968-media-guide-new-york-v-2.1,nfl-books,nfl-books/text_all/jets-1968-media-guide-new-york-v-2.1.txt,New York Jets 1968 Media Guide,1968,1,ocr-text,unread,unread,unread,,137699,23640,1851,2005,1960,99,0,0,0,20,24,18,0,29,193,17,22,,,,0
kansas-city-chiefs-1968-media-guide-cover,nfl-books,,Kansas City Chiefs 1968 Media Guide Cover,1968,0,no-text-layer,cover scan,none,read-2026-09-06-yearbooks,"all 302 textless items scanned by metadata and all 319 images OCR'd; the 10 over 150 words are schedules and broadcast listings, nothing per-man | textless scan; in index, no OCR layer",,,,,,,,,,,,,,,,,,,,,0
lions-1968,nfl-books,,Detroit Lions 1968 Media Guide Cover,1968,0,no-text-layer,cover scan,none,read-2026-09-06-yearbooks,"all 302 textless items scanned by metadata and all 319 images OCR'd; the 10 over 150 words are schedules and broadcast listings, nothing per-man | textless scan; in index, no OCR layer",,,,,,,,,,,,,,,,,,,,,0
oakland-raiders-1968-media-guide-cover,nfl-books,,Oakland Raiders 1968 Media Guide Cover,1968,0,no-text-layer,cover scan,none,read-2026-09-06-yearbooks,"all 302 textless items scanned by metadata and all 319 images OCR'd; the 10 over 150 words are schedules and broadcast listings, nothing per-man | textless scan; in index, no OCR layer",,,,,,,,,,,,,,,,,,,,,0
oilers-1968-media-guide-houston-c,nfl-books,nfl-books/text_all/oilers-1968-media-guide-houston-c.txt,Houston Oilers 1968 Media Guide,1968,1,ocr-text,club media/press guide,biography+statistics+roster-table,"read-2026-09-07-yearbooks (stratified sample n=56 of 2,462 post-1950 texts, seed 20260907)",,188382,30942,1901,2000,1967,241,0,0,0,16,28,27,0,72,23,6,17,,,,0
packers-1968-media-guide-green-bay-b,nfl-books,nfl-books/text_all/packers-1968-media-guide-green-bay-b.txt,Green Bay Packers 1968 Media Guide,1968,1,ocr-text,unread,unread,unread,,173902,30086,1855,2013,1967,183,0,0,0,6,6,51,84,29,0,3,9,,,,0
patriots-1968-media-guide-boston-b,nfl-books,nfl-books/text_all/patriots-1968-media-guide-boston-b.txt,Boston Patriots 1968 Media Guide,1968,1,ocr-text,unread,unread,unread,,206317,34837,1851,2000,1967,217,0,0,1,25,1,27,0,5,32,9,41,,,,0
philadelphia-eagles-1968-media-guide-cover,nfl-books,,Philadelphia Eagles 1968 Media Guide Cover,1968,0,no-text-layer,cover scan,none,read-2026-09-06-yearbooks,"all 302 textless items scanned by metadata and all 319 images OCR'd; the 10 over 150 words are schedules and broadcast listings, nothing per-man | textless scan; in index, no OCR layer",,,,,,,,,,,,,,,,,,,,,0
rams-1968,nfl-books,,Los Angeles Rams 1968 Media Guide Cover,1968,0,no-text-layer,cover scan,none,read-2026-09-06-yearbooks,"all 302 textless items scanned by metadata and all 319 images OCR'd; the 10 over 150 words are schedules and broadcast listings, nothing per-man | textless scan; in index, no OCR layer",,,,,,,,,,,,,,,,,,,,,0
redskins-1968-media-guide-washington-cbd-2,nfl-books,nfl-books/text_all/redskins-1968-media-guide-washington-cbd-2.txt,Washington Redskins 1968 Media Guide,1968,1,ocr-text,unread,unread,unread,,169467,28302,1852,1969,1967,232,2,0,0,35,83,48,3,5,1,1,4,,,,0
saints-1968-media-guide-new-orleans,nfl-books,nfl-books/text_all/saints-1968-media-guide-new-orleans.txt,New Orleans Saints 1968 Media Guide,1968,1,ocr-text,unread,unread,unread,,202326,33815,1889,2026,1967,255,2,0,0,14,168,91,0,18,5,34,51,,,,0
vikings-1968,nfl-books,,Minnesota Vikings 1968 Media Guide Cover,1968,0,no-text-layer,cover scan,none,read-2026-09-06-yearbooks,"all 302 textless items scanned by metadata and all 319 images OCR'd; the 10 over 150 words are schedules and broadcast listings, nothing per-man | textless scan; in index, no OCR layer",,,,,,,,,,,,,,,,,,,,,0
49ers-1969,nfl-books,nfl-books/text_all/49ers-1969.txt,San Francisco 49ers 1969 Media Guide,1969,1,ocr-text,unread,unread,unread,,209709,33756,1900,2026,1968,194,0,0,0,22,134,101,0,59,1,9,11,,,,0
bears-1969-media-guide-chicago,nfl-books,nfl-books/text_all/bears-1969-media-guide-chicago.txt,Chicago Bears 1969 Media Guide,1969,1,ocr-text,unread,unread,unread,,164380,26083,1908,1971,1968,152,0,0,0,6,0,15,0,4,1,3,7,,,,0
bengals-1969,nfl-books,,Cincinnati Bengals 1969 Media Guide Cover,1969,0,no-text-layer,cover scan,none,read-2026-09-06-yearbooks,"all 302 textless items scanned by metadata and all 319 images OCR'd; the 10 over 150 words are schedules and broadcast listings, nothing per-man | textless scan; in index, no OCR layer",,,,,,,,,,,,,,,,,,,,,0
bills-1969-media-guide-buffalo-cbd,nfl-books,nfl-books/text_all/bills-1969-media-guide-buffalo-cbd.txt,Buffalo Bills 1969 Media Guide,1969,1,ocr-text,unread,unread,unread,,191789,33159,1861,2021,1968,264,0,0,0,18,184,34,88,34,16,30,18,,,,0
broncos-1969-media-guide-denver,nfl-books,nfl-books/text_all/broncos-1969-media-guide-denver.txt,Denver Broncos 1969 Media Guide,1969,1,ocr-text,unread,unread,unread,,222744,37552,1851,1988,1968,294,0,0,0,38,3,51,0,66,21,29,62,,,,0
browns-1969,nfl-books,,Cleveland Browns 1969 Media Guide Cover,1969,0,no-text-layer,cover scan,none,read-2026-09-06-yearbooks,"all 302 textless items scanned by metadata and all 319 images OCR'd; the 10 over 150 words are schedules and broadcast listings, nothing per-man | textless scan; in index, no OCR layer",,,,,,,,,,,,,,,,,,,,,0
cardinals-1969,nfl-books,,St. Louis Cardinals 1969 Media Guide Cover,1969,0,no-text-layer,cover scan,none,read-2026-09-06-yearbooks,"all 302 textless items scanned by metadata and all 319 images OCR'd; the 10 over 150 words are schedules and broadcast listings, nothing per-man | textless scan; in index, no OCR layer",,,,,,,,,,,,,,,,,,,,,0
chargers-1969,nfl-books,,San Diego Chargers 1969 Media Guide Cover,1969,0,no-text-layer,cover scan,none,read-2026-09-06-yearbooks,"all 302 textless items scanned by metadata and all 319 images OCR'd; the 10 over 150 words are schedules and broadcast listings, nothing per-man | textless scan; in index, no OCR layer",,,,,,,,,,,,,,,,,,,,,0
colts-1969-media-guide-baltimore,nfl-books,nfl-books/text_all/colts-1969-media-guide-baltimore.txt,Baltimore Colts 1969 Media Guide,1969,1,ocr-text,unread,unread,unread,,238294,37822,1928,2000,1953,248,1,0,0,11,10,49,0,2,3,2,15,,,,0
cowboys-1969-media-guide-dallas,nfl-books,nfl-books/text_all/cowboys-1969-media-guide-dallas.txt,Dallas Cowboys 1969 Media Guide,1969,1,ocr-text,unread,unread,unread,,263188,44145,1901,2005,1968,280,0,0,0,20,114,67,0,66,91,72,51,,,,0
eagles-1969-media-guide-philadelphia-c,nfl-books,nfl-books/text_all/eagles-1969-media-guide-philadelphia-c.txt,Philadelphia Eagles 1969 Media Guide,1969,1,ocr-text,unread,unread,unread,,212259,34766,1851,2027,1968,248,0,0,0,13,74,23,0,11,3,31,79,,,,0
falcons-1969,nfl-books,,Atlanta Falcons 1969 Media Guide Cover,1969,0,no-text-layer,cover scan,none,read-2026-09-06-yearbooks,"all 302 textless items scanned by metadata and all 319 images OCR'd; the 10 over 150 words are schedules and broadcast listings, nothing per-man | textless scan; in index, no OCR layer",,,,,,,,,,,,,,,,,,,,,0
giants-1969-media-guide-new-york-c,nfl-books,nfl-books/text_all/giants-1969-media-guide-new-york-c.txt,New York Giants 1969 Media Guide,1969,1,ocr-text,unread,unread,unread,,192056,31950,1850,1997,1967,160,1,0,0,9,158,128,0,2,7,2,4,,,,0
houston-oilers-1969-media-guide-cover,nfl-books,,Houston Oilers 1969 Media Guide Cover,1969,0,no-text-layer,cover scan,none,read-2026-09-06-yearbooks,"all 302 textless items scanned by metadata and all 319 images OCR'd; the 10 over 150 words are schedules and broadcast listings, nothing per-man | textless scan; in index, no OCR layer",,,,,,,,,,,,,,,,,,,,,0
jets-1969-media-guide-new-york-c,nfl-books,nfl-books/text_all/jets-1969-media-guide-new-york-c.txt,New York Jets 1969 Media Guide,1969,1,ocr-text,unread,unread,unread,,177091,30758,1851,2021,1968,135,0,0,0,15,211,50,0,2,171,20,63,,,,0
kansas-city-chiefs-1969-media-guide-cover,nfl-books,,Kansas City Chiefs 1969 Media Guide Cover,1969,0,no-text-layer,cover scan,none,read-2026-09-06-yearbooks,"all 302 textless items scanned by metadata and all 319 images OCR'd; the 10 over 150 words are schedules and broadcast listings, nothing per-man | textless scan; in index, no OCR layer",,,,,,,,,,,,,,,,,,,,,0
lions-1969-media-guide-detroit-c,nfl-books,nfl-books/text_all/lions-1969-media-guide-detroit-c.txt,Detroit Lions 1969 Media Guide,1969,1,ocr-text,unread,unread,unread,,209651,35611,1856,2011,1968,220,0,0,1,11,136,47,0,353,514,2,32,,,,0
oakland-raiders-1969-media-guide-cover,nfl-books,,Oakland Raiders 1969 Media Guide Cover,1969,0,no-text-layer,cover scan,none,read-2026-09-06-yearbooks,"all 302 textless items scanned by metadata and all 319 images OCR'd; the 10 over 150 words are schedules and broadcast listings, nothing per-man | textless scan; in index, no OCR layer",,,,,,,,,,,,,,,,,,,,,0
packers-1969-media-guide-green-bay-c,nfl-books,nfl-books/text_all/packers-1969-media-guide-green-bay-c.txt,Green Bay Packers 1969 Media Guide,1969,1,ocr-text,unread,unread,unread,,152434,26507,1855,1970,1967,171,0,0,0,4,6,45,78,60,13,2,10,,,,0
patriots-1969-media-guide-boston-b,nfl-books,nfl-books/text_all/patriots-1969-media-guide-boston-b.txt,Boston Patriots 1969 Media Guide,1969,1,ocr-text,unread,unread,unread,,210518,35262,1851,2014,1968,179,1,0,0,20,1,31,0,6,30,14,32,,,,0
rams-1969-media-guide-los-angeles-c,nfl-books,nfl-books/text_all/rams-1969-media-guide-los-angeles-c.txt,Los Angeles Rams 1969 Media Guide,1969,1,ocr-text,unread,unread,unread,,270037,45041,1882,2009,1968,244,0,0,0,15,158,98,172,65,15,38,43,,,,0
redskins-1969-media-guide-washington-cbd,nfl-books,nfl-books/text_all/redskins-1969-media-guide-washington-cbd.txt,Washington Redskins 1969 Media Guide,1969,1,ocr-text,unread,unread,unread,,165515,27932,1852,1980,1967,216,2,0,0,37,52,37,4,5,0,1,2,,,,0
saints-1969-media-guide-new-orleans,nfl-books,nfl-books/text_all/saints-1969-media-guide-new-orleans.txt,New Orleans Saints 1969 Media Guide,1969,1,ocr-text,unread,unread,unread,,221874,35973,1856,2020,1968,289,1,0,0,13,145,96,0,16,6,36,42,,,,0
steelers-1969,nfl-books,,Pittsburgh Steelers 1969 Media Guide Cover,1969,0,no-text-layer,cover scan,none,read-2026-09-06-yearbooks,"all 302 textless items scanned by metadata and all 319 images OCR'd; the 10 over 150 words are schedules and broadcast listings, nothing per-man | textless scan; in index, no OCR layer",,,,,,,,,,,,,,,,,,,,,0
49ers-1970,nfl-books,nfl-books/text_all/49ers-1970.txt,San Francisco 49ers 1970 Media Guide,1970,1,ocr-text,unread,unread,unread,,229426,36566,1870,2026,1969,203,2,0,0,41,151,117,1,90,3,10,17,,,,0
bears-1970-media-guide-chicago,nfl-books,nfl-books/text_all/bears-1970-media-guide-chicago.txt,Chicago Bears 1970 Media Guide,1970,1,ocr-text,unread,unread,unread,,171859,27002,1889,2015,1969,168,1,0,0,8,0,14,0,30,1,3,0,,,,0
bengals-1970-media-guide-cincinnati-c,nfl-books,nfl-books/text_all/bengals-1970-media-guide-cincinnati-c.txt,Cincinnati Bengals 1970 Media Guide,1970,1,ocr-text,unread,unread,unread,,120662,20238,1854,2018,1969,100,0,0,0,13,0,10,0,1,5,32,17,,,,0
bills-1970-media-guide-buffalo-c,nfl-books,nfl-books/text_all/bills-1970-media-guide-buffalo-c.txt,Buffalo Bills 1970 Media Guide,1970,1,ocr-text,unread,unread,unread,,189012,32485,1851,1985,1969,284,0,0,0,22,176,33,74,7,20,26,20,,,,0
broncos-1970-media-guide-denver,nfl-books,nfl-books/text_all/broncos-1970-media-guide-denver.txt,Denver Broncos 1970 Media Guide,1970,1,ocr-text,unread,unread,unread,,219471,35792,1856,1990,1969,281,1,0,0,35,0,54,0,1,37,49,26,,,,0
browns-1970-media-guide-cleveland-c,nfl-books,nfl-books/text_all/browns-1970-media-guide-cleveland-c.txt,Cleveland Browns 1970 Media Guide,1970,1,ocr-text,unread,unread,unread,,257712,43178,1863,2026,1969,286,2,0,0,10,198,48,0,185,1,18,45,,,,0
cardinals-1970-media-guide-st.-louis-c,nfl-books,nfl-books/text_all/cardinals-1970-media-guide-st.-louis-c.txt,St. Louis Cardinals 1970 Media Guide,1970,1,ocr-text,unread,unread,unread,,201216,33078,1851,1990,1969,272,0,0,0,14,0,64,0,48,37,26,3,,,,0
chargers-1970-media-guide-san-diego-c,nfl-books,nfl-books/text_all/chargers-1970-media-guide-san-diego-c.txt,San Diego Chargers 1970 Media Guide,1970,1,ocr-text,unread,unread,unread,,207137,34807,1854,2003,1969,196,0,0,0,12,28,173,0,43,90,43,36,,,,0
chiefs-1970-media-guide-kansas-city-c,nfl-books,nfl-books/text_all/chiefs-1970-media-guide-kansas-city-c.txt,Kansas City Chiefs 1970 Media Guide,1970,1,ocr-text,unread,unread,unread,,191508,30852,1854,2020,1960,178,0,0,0,10,42,52,84,0,110,18,34,,,,0
colts-1970-media-guide-baltimore,nfl-books,nfl-books/text_all/colts-1970-media-guide-baltimore.txt,Baltimore Colts 1970 Media Guide,1970,1,ocr-text,unread,unread,unread,,272674,42915,1851,2000,1969,254,1,0,1,11,129,19,0,3,14,1,19,,,,0
cowboys-1970-media-guide-dallas,nfl-books,nfl-books/text_all/cowboys-1970-media-guide-dallas.txt,Dallas Cowboys 1970 Media Guide,1970,1,ocr-text,unread,unread,unread,,267969,44860,1851,1989,1969,271,1,0,1,33,119,82,0,48,102,87,63,,,,0
dolphins-1970-media-guide-miami,nfl-books,nfl-books/text_all/dolphins-1970-media-guide-miami.txt,Miami Dolphins 1970 Media Guide,1970,1,ocr-text,unread,unread,unread,,244415,39893,1851,2028,1969,309,0,0,0,18,244,110,1,5,150,77,75,,,,0
falcons-1970,nfl-books,,Atlanta Falcons 1970 Media Guide Cover,1970,0,no-text-layer,cover scan,none,read-2026-09-06-yearbooks,"all 302 textless items scanned by metadata and all 319 images OCR'd; the 10 over 150 words are schedules and broadcast listings, nothing per-man | textless scan; in index, no OCR layer",,,,,,,,,,,,,,,,,,,,,0
jets-1970-media-guide-new-york-c,nfl-books,nfl-books/text_all/jets-1970-media-guide-new-york-c.txt,New York Jets 1970 Media Guide,1970,1,ocr-text,unread,unread,unread,,229130,40713,1851,2000,1969,192,1,0,1,10,185,57,0,0,187,23,73,,,,0
lions-1970-media-guide-detroit-c,nfl-books,nfl-books/text_all/lions-1970-media-guide-detroit-c.txt,Detroit Lions 1970 Media Guide,1970,1,ocr-text,unread,unread,unread,,223552,38342,1861,2011,1968,260,0,0,0,13,155,42,0,3,555,3,7,,,,0
new-york-giants-1970-media-guide-cover,nfl-books,,New York Giants 1970 Media Guide Cover,1970,0,no-text-layer,cover scan,none,read-2026-09-06-yearbooks,"all 302 textless items scanned by metadata and all 319 images OCR'd; the 10 over 150 words are schedules and broadcast listings, nothing per-man | textless scan; in index, no OCR layer",,,,,,,,,,,,,,,,,,,,,0
official-1970-national-football-league-record-manual-c,nfl-books,nfl-books/text_all/official-1970-national-football-league-record-manual-c.txt,NFL Official Record Manual 1970,1970,1,ocr-text,unread,unread,unread,,630372,98568,1850,1990,1968,492,0,0,0,2,0,1,0,18,115,16,129,,,,0
oilers-1970-media-guide-houston-c,nfl-books,nfl-books/text_all/oilers-1970-media-guide-houston-c.txt,Houston Oilers 1970 Media Guide,1970,1,ocr-text,unread,unread,unread,,243207,39505,1854,2000,1969,309,0,0,0,15,47,46,0,15,29,24,11,,,,0
packers-1970-media-guide-green-bay-c,nfl-books,nfl-books/text_all/packers-1970-media-guide-green-bay-c.txt,Green Bay Packers 1970 Media Guide,1970,1,ocr-text,unread,unread,unread,,168822,28911,1855,2002,1967,195,1,0,0,8,11,53,87,87,27,2,20,,,,0
patriots-1970-media-guide-boston-b,nfl-books,nfl-books/text_all/patriots-1970-media-guide-boston-b.txt,Boston Patriots 1970 Media Guide,1970,1,ocr-text,unread,unread,unread,,213636,34618,1851,2014,1969,150,1,0,0,27,0,26,0,1,70,3,24,,,,0
philadelphia-eagles-1970-media-guide-cover,nfl-books,,Philadelphia Eagles 1970 Media Guide Cover,1970,0,no-text-layer,cover scan,none,read-2026-09-06-yearbooks,"all 302 textless items scanned by metadata and all 319 images OCR'd; the 10 over 150 words are schedules and broadcast listings, nothing per-man | textless scan; in index, no OCR layer",,,,,,,,,,,,,,,,,,,,,0
raiders-1970-media-guide-oakland-c,nfl-books,nfl-books/text_all/raiders-1970-media-guide-oakland-c.txt,Oakland Raiders 1970 Media Guide,1970,1,ocr-text,unread,unread,unread,,167916,28005,1851,1977,1968,229,0,0,0,17,132,75,0,0,11,6,31,,,,0
rams-1970,nfl-books,,Los Angeles Rams 1970 Media Guide Cover,1970,0,no-text-layer,cover scan,none,read-2026-09-06-yearbooks,"all 302 textless items scanned by metadata and all 319 images OCR'd; the 10 over 150 words are schedules and broadcast listings, nothing per-man | textless scan; in index, no OCR layer",,,,,,,,,,,,,,,,,,,,,0
redskins-1970-media-guide-washington-cbd,nfl-books,nfl-books/text_all/redskins-1970-media-guide-washington-cbd.txt,Washington Redskins 1970 Media Guide,1970,1,ocr-text,unread,unread,unread,,171299,28442,1852,2026,1969,209,2,0,0,44,140,65,4,2,2,7,11,,,,0
saints-1970-media-guide-new-orleans,nfl-books,nfl-books/text_all/saints-1970-media-guide-new-orleans.txt,New Orleans Saints 1970 Media Guide,1970,1,ocr-text,unread,unread,unread,,207354,34336,1851,1991,1969,224,1,0,0,14,150,87,0,15,0,27,3,,,,0
steelers-1970-media-guide-pittsburgh-c,nfl-books,nfl-books/text_all/steelers-1970-media-guide-pittsburgh-c.txt,Pittsburgh Steelers 1970 Media Guide,1970,1,ocr-text,unread,unread,unread,,182215,30118,1851,2018,1969,155,0,0,0,8,243,61,0,23,0,48,21,,,,0
vikings-1970,nfl-books,,Minnesota Vikings 1970 Media Guide Cover,1970,0,no-text-layer,cover scan,none,read-2026-09-06-yearbooks,"all 302 textless items scanned by metadata and all 319 images OCR'd; the 10 over 150 words are schedules and broadcast listings, nothing per-man | textless scan; in index, no OCR layer",,,,,,,,,,,,,,,,,,,,,0
49ers-1971,nfl-books,nfl-books/text_all/49ers-1971.txt,San Francisco 49ers 1971 Media Guide,1971,1,ocr-text,unread,unread,unread,,258167,41247,1906,2022,1970,232,5,0,0,48,156,130,0,84,15,13,11,,,,0
bears-1971-media-guide-chicago,nfl-books,nfl-books/text_all/bears-1971-media-guide-chicago.txt,Chicago Bears 1971 Media Guide,1971,1,ocr-text,unread,unread,unread,,178420,28064,1857,2000,1970,192,0,0,1,8,1,15,0,0,14,4,16,,,,0
bengals-1971-media-guide-cincinnati-c,nfl-books,nfl-books/text_all/bengals-1971-media-guide-cincinnati-c.txt,Cincinnati Bengals 1971 Media Guide,1971,1,ocr-text,unread,unread,unread,,133186,22689,1854,2005,1970,131,0,0,0,10,0,12,0,3,1,39,39,,,,0
broncos-1971-media-guide-denver,nfl-books,nfl-books/text_all/broncos-1971-media-guide-denver.txt,Denver Broncos 1971 Media Guide,1971,1,ocr-text,unread,unread,unread,,186285,29683,1851,2025,1970,176,1,0,0,13,3,61,1,7,41,23,31,,,,0
browns-1971-media-guide-cleveland-c,nfl-books,nfl-books/text_all/browns-1971-media-guide-cleveland-c.txt,Cleveland Browns 1971 Media Guide,1971,1,ocr-text,unread,unread,unread,,265881,44917,1856,2026,1970,315,1,0,0,13,210,62,0,145,5,23,31,,,,0
buffalo-bills-1971-media-guide-cover,nfl-books,,Buffalo Bills 1971 Media Guide Cover,1971,0,no-text-layer,cover scan,none,read-2026-09-06-yearbooks,"all 302 textless items scanned by metadata and all 319 images OCR'd; the 10 over 150 words are schedules and broadcast listings, nothing per-man | textless scan; in index, no OCR layer",,,,,,,,,,,,,,,,,,,,,0
cardinals-1971,nfl-books,,St. Louis Cardinals 1971 Media Guide Cover,1971,0,no-text-layer,cover scan,none,read-2026-09-06-yearbooks,"all 302 textless items scanned by metadata and all 319 images OCR'd; the 10 over 150 words are schedules and broadcast listings, nothing per-man | textless scan; in index, no OCR layer",,,,,,,,,,,,,,,,,,,,,0
chargers-1971,nfl-books,,San Diego Chargers 1971 Media Guide Cover,1971,0,no-text-layer,cover scan,none,read-2026-09-06-yearbooks,"all 302 textless items scanned by metadata and all 319 images OCR'd; the 10 over 150 words are schedules and broadcast listings, nothing per-man | textless scan; in index, no OCR layer",,,,,,,,,,,,,,,,,,,,,0
chiefs-1971-media-guide-kansas-city-c,nfl-books,nfl-books/text_all/chiefs-1971-media-guide-kansas-city-c.txt,Kansas City Chiefs 1971 Media Guide,1971,1,ocr-text,unread,unread,unread,,181814,29885,1854,2020,1960,183,0,0,0,14,33,48,65,1,46,9,7,,,,0
colts-1971-media-guide-baltimore,nfl-books,nfl-books/text_all/colts-1971-media-guide-baltimore.txt,Baltimore Colts 1971 Media Guide,1971,1,ocr-text,unread,unread,unread,,311368,47628,1851,2019,1970,329,1,0,0,15,139,24,0,2,2,2,25,,,,0
cowboys-1971-media-guide-dallas,nfl-books,nfl-books/text_all/cowboys-1971-media-guide-dallas.txt,Dallas Cowboys 1971 Media Guide,1971,1,ocr-text,unread,unread,unread,,277672,45507,1851,2002,1970,308,0,0,0,19,131,76,0,64,169,81,45,,,,0
dolphins-1971-media-guide-miami,nfl-books,nfl-books/text_all/dolphins-1971-media-guide-miami.txt,Miami Dolphins 1971 Media Guide,1971,1,ocr-text,unread,unread,unread,,250658,42079,1851,2028,1970,296,0,0,0,31,258,130,0,5,143,74,29,,,,0
eagles-1971-media-guide-philadelphia-c,nfl-books,nfl-books/text_all/eagles-1971-media-guide-philadelphia-c.txt,Philadelphia Eagles 1971 Media Guide,1971,1,ocr-text,unread,unread,unread,,236309,39850,1889,2027,1970,210,0,0,0,75,258,212,0,22,1,56,120,,,,0
falcons-1971,nfl-books,,Atlanta Falcons 1971 Media Guide Cover,1971,0,no-text-layer,cover scan,none,read-2026-09-06-yearbooks,"all 302 textless items scanned by metadata and all 319 images OCR'd; the 10 over 150 words are schedules and broadcast listings, nothing per-man | textless scan; in index, no OCR layer",,,,,,,,,,,,,,,,,,,,,0
houston-oilers-1971-media-guide-cover,nfl-books,,Houston Oilers 1971 Media Guide Cover,1971,0,no-text-layer,cover scan,none,read-2026-09-06-yearbooks,"all 302 textless items scanned by metadata and all 319 images OCR'd; the 10 over 150 words are schedules and broadcast listings, nothing per-man | textless scan; in index, no OCR layer",,,,,,,,,,,,,,,,,,,,,0
lions-1971-media-guide-detroit-c,nfl-books,nfl-books/text_all/lions-1971-media-guide-detroit-c.txt,Detroit Lions 1971 Media Guide,1971,1,ocr-text,unread,unread,unread,,227233,39311,1857,1999,1970,229,0,0,0,15,160,29,1,10,541,4,51,,,,0
new-york-giants-1971-media-guide-cover-rear,nfl-books,,New York Giants 1971 Media Guide Cover,1971,0,no-text-layer,cover scan,none,read-2026-09-06-yearbooks,"all 302 textless items scanned by metadata and all 319 images OCR'd; the 10 over 150 words are schedules and broadcast listings, nothing per-man | textless scan; in index, no OCR layer",,,,,,,,,,,,,,,,,,,,,0
packers-1971-media-guide-green-bay-c,nfl-books,nfl-books/text_all/packers-1971-media-guide-green-bay-c.txt,Green Bay Packers 1971 Media Guide,1971,1,ocr-text,unread,unread,unread,,178059,30794,1855,1972,1967,197,0,0,0,15,7,62,96,126,14,2,3,,,,0
patriots-1971-media-guide-new-england-b,nfl-books,nfl-books/text_all/patriots-1971-media-guide-new-england-b.txt,New England Patriots 1971 Media Guide,1971,1,ocr-text,unread,unread,unread,,259432,42562,1851,2000,1970,194,1,0,0,24,2,36,0,0,88,7,32,,,,0
rams-1971,nfl-books,,Los Angeles Rams 1971 Media Guide Cover,1971,0,no-text-layer,cover scan,none,read-2026-09-06-yearbooks,"all 302 textless items scanned by metadata and all 319 images OCR'd; the 10 over 150 words are schedules and broadcast listings, nothing per-man | textless scan; in index, no OCR layer",,,,,,,,,,,,,,,,,,,,,0
redskins-1971-media-guide-washington-cbd,nfl-books,nfl-books/text_all/redskins-1971-media-guide-washington-cbd.txt,Washington Redskins 1971 Media Guide,1971,1,ocr-text,unread,unread,unread,,171741,29302,1852,2021,1970,175,2,0,0,50,120,68,4,13,4,9,12,,,,0
saints-1971-media-guide-new-orleans,nfl-books,nfl-books/text_all/saints-1971-media-guide-new-orleans.txt,New Orleans Saints 1971 Media Guide,1971,1,ocr-text,unread,unread,unread,,226640,37012,1851,2009,1970,257,4,0,0,27,133,106,0,28,43,18,3,,,,0
steelers-1971,nfl-books,nfl-books/text_all/steelers-1971.txt,Pittsburgh Steelers 1971 Media Guide,1971,1,ocr-text,unread,unread,unread,,187766,31186,1860,2018,1970,188,1,0,0,15,256,68,0,26,1,35,25,,,,0
vikings-1971,nfl-books,,Minnesota Vikings 1971 Media Guide Cover,1971,0,no-text-layer,cover scan,none,read-2026-09-06-yearbooks,"all 302 textless items scanned by metadata and all 319 images OCR'd; the 10 over 150 words are schedules and broadcast listings, nothing per-man | textless scan; in index, no OCR layer",,,,,,,,,,,,,,,,,,,,,0
49ers-1972,nfl-books,nfl-books/text_all/49ers-1972.txt,San Francisco 49ers 1972 Media Guide,1972,1,ocr-text,unread,unread,unread,,264524,42159,1865,2022,1971,239,3,0,0,40,144,116,42,73,2,7,28,,,,0
bears-1972-media-guide-chicago,nfl-books,nfl-books/text_all/bears-1972-media-guide-chicago.txt,Chicago Bears 1972 Media Guide,1972,1,ocr-text,unread,unread,unread,,180759,28742,1860,2020,1971,189,0,0,0,11,0,18,0,37,20,2,25,,,,0
bengals-1972-media-guide-cincinnati-c,nfl-books,nfl-books/text_all/bengals-1972-media-guide-cincinnati-c.txt,Cincinnati Bengals 1972 Media Guide,1972,1,ocr-text,unread,unread,unread,,140480,23927,1851,2002,1971,105,0,0,0,13,0,18,0,0,0,40,65,,,,0
bills-1972-media-guide-buffalo-cbd,nfl-books,nfl-books/text_all/bills-1972-media-guide-buffalo-cbd.txt,Buffalo Bills 1972 Media Guide,1972,1,ocr-text,unread,unread,unread,,209584,34388,1851,2000,1964,286,0,0,0,11,180,35,88,9,13,25,67,,,,0
broncos-1972-media-guide-denver,nfl-books,nfl-books/text_all/broncos-1972-media-guide-denver.txt,Denver Broncos 1972 Media Guide,1972,1,ocr-text,unread,unread,unread,,208526,33030,1856,2008,1971,191,1,0,0,22,189,69,75,0,67,27,37,,,,0
browns-1972,nfl-books,,Cleveland Browns 1972 Media Guide Cover,1972,0,no-text-layer,cover scan,none,read-2026-09-06-yearbooks,"all 302 textless items scanned by metadata and all 319 images OCR'd; the 10 over 150 words are schedules and broadcast listings, nothing per-man | textless scan; in index, no OCR layer",,,,,,,,,,,,,,,,,,,,,0
cardinals-1972-media-guide-st.-louis-c,nfl-books,nfl-books/text_all/cardinals-1972-media-guide-st.-louis-c.txt,St. Louis Cardinals 1972 Media Guide,1972,1,ocr-text,unread,unread,unread,,223654,36883,1851,2006,1967,345,2,0,0,22,1,83,0,5,2,43,17,,,,0
chargers-1972,nfl-books,,San Diego Chargers 1972 Media Guide Cover,1972,0,no-text-layer,cover scan,none,read-2026-09-06-yearbooks,"all 302 textless items scanned by metadata and all 319 images OCR'd; the 10 over 150 words are schedules and broadcast listings, nothing per-man | textless scan; in index, no OCR layer",,,,,,,,,,,,,,,,,,,,,0
colts-1972-media-guide-baltimore,nfl-books,nfl-books/text_all/colts-1972-media-guide-baltimore.txt,Baltimore Colts 1972 Media Guide,1972,1,ocr-text,unread,unread,unread,,319458,50454,1851,2027,1971,305,1,0,0,13,146,22,0,0,35,5,42,,,,0
cowboys-1972-media-guide-dallas,nfl-books,nfl-books/text_all/cowboys-1972-media-guide-dallas.txt,Dallas Cowboys 1972 Media Guide,1972,1,ocr-text,unread,unread,unread,,280139,46430,1851,2020,1971,318,0,0,0,8,124,41,1,66,151,87,56,,,,0
dolphins-1972-media-guide-miami,nfl-books,nfl-books/text_all/dolphins-1972-media-guide-miami.txt,Miami Dolphins 1972 Media Guide,1972,1,ocr-text,unread,unread,unread,,248710,43093,1851,2019,1970,254,0,0,0,22,251,104,0,11,171,86,40,,,,0
falcons-1972,nfl-books,,Atlanta Falcons 1972 Media Guide Cover,1972,0,no-text-layer,cover scan,none,read-2026-09-06-yearbooks,"all 302 textless items scanned by metadata and all 319 images OCR'd; the 10 over 150 words are schedules and broadcast listings, nothing per-man | textless scan; in index, no OCR layer",,,,,,,,,,,,,,,,,,,,,0
houston-oilers-1972-media-guide-cover-front,nfl-books,,Houston Oilers 1972 Media Guide Cover,1972,0,no-text-layer,cover scan,none,read-2026-09-06-yearbooks,"all 302 textless items scanned by metadata and all 319 images OCR'd; the 10 over 150 words are schedules and broadcast listings, nothing per-man | textless scan; in index, no OCR layer",,,,,,,,,,,,,,,,,,,,,0
jets-1972,nfl-books,,New York Jets 1972 Media Guide Cover,1972,0,no-text-layer,cover scan,none,read-2026-09-06-yearbooks,"all 302 textless items scanned by metadata and all 319 images OCR'd; the 10 over 150 words are schedules and broadcast listings, nothing per-man | textless scan; in index, no OCR layer",,,,,,,,,,,,,,,,,,,,,0
kansas-city-chiefs-1972-media-guide-cover,nfl-books,,Kansas City Chiefs 1972 Media Guide Cover,1972,0,no-text-layer,cover scan,none,read-2026-09-06-yearbooks,"all 302 textless items scanned by metadata and all 319 images OCR'd; the 10 over 150 words are schedules and broadcast listings, nothing per-man | textless scan; in index, no OCR layer",,,,,,,,,,,,,,,,,,,,,0
lions-1972-media-guide-detroit-c,nfl-books,nfl-books/text_all/lions-1972-media-guide-detroit-c.txt,Detroit Lions 1972 Media Guide,1972,1,ocr-text,unread,unread,unread,,227406,38838,1879,2017,1971,261,0,0,0,7,180,23,1,21,558,4,31,,,,0
new-york-giants-1972-media-guide-cover,nfl-books,,New York Giants 1972 Media Guide Cover,1972,0,no-text-layer,cover scan,none,read-2026-09-06-yearbooks,"all 302 textless items scanned by metadata and all 319 images OCR'd; the 10 over 150 words are schedules and broadcast listings, nothing per-man | textless scan; in index, no OCR layer",,,,,,,,,,,,,,,,,,,,,0
oakland-raiders-1972-media-guide-cover,nfl-books,,Oakland Raiders 1972 Media Guide Cover,1972,0,no-text-layer,cover scan,none,read-2026-09-06-yearbooks,"all 302 textless items scanned by metadata and all 319 images OCR'd; the 10 over 150 words are schedules and broadcast listings, nothing per-man | textless scan; in index, no OCR layer",,,,,,,,,,,,,,,,,,,,,0
packers-1972-media-guide-green-bay-b,nfl-books,nfl-books/text_all/packers-1972-media-guide-green-bay-b.txt,Green Bay Packers 1972 Media Guide,1972,1,ocr-text,unread,unread,unread,,193079,32609,1918,2022,1967,204,0,0,0,19,5,63,96,114,15,5,12,,,,0
philadelphia-eagles-1972-media-guide-cover,nfl-books,,Philadelphia Eagles 1972 Media Guide Cover,1972,0,no-text-layer,cover scan,none,read-2026-09-06-yearbooks,"all 302 textless items scanned by metadata and all 319 images OCR'd; the 10 over 150 words are schedules and broadcast listings, nothing per-man | textless scan; in index, no OCR layer",,,,,,,,,,,,,,,,,,,,,0
redskins-1972-media-guide-washington-cbd,nfl-books,nfl-books/text_all/redskins-1972-media-guide-washington-cbd.txt,Washington Redskins 1972 Media Guide,1972,1,ocr-text,unread,unread,unread,,190173,31984,1852,2000,1971,185,4,0,0,40,131,77,4,39,1,12,8,,,,0
saints-1972-media-guide-new-orleans,nfl-books,nfl-books/text_all/saints-1972-media-guide-new-orleans.txt,New Orleans Saints 1972 Media Guide,1972,1,ocr-text,unread,unread,unread,,246702,40561,1851,2009,1971,249,4,0,1,47,184,140,0,80,0,17,1,,,,0
steelers-1972-media-guide-pittsburgh-c,nfl-books,nfl-books/text_all/steelers-1972-media-guide-pittsburgh-c.txt,Pittsburgh Steelers 1972 Media Guide,1972,1,ocr-text,unread,unread,unread,,212479,34988,1856,2018,1971,172,0,0,0,20,245,85,0,38,0,47,59,,,,0
vikings-1972,nfl-books,,Minnesota Vikings 1972 Media Guide Cover,1972,0,no-text-layer,cover scan,none,read-2026-09-06-yearbooks,"all 302 textless items scanned by metadata and all 319 images OCR'd; the 10 over 150 words are schedules and broadcast listings, nothing per-man | textless scan; in index, no OCR layer",,,,,,,,,,,,,,,,,,,,,0
bears-1973-media-guide-chicago,nfl-books,nfl-books/text_all/bears-1973-media-guide-chicago.txt,Chicago Bears 1973 Media Guide,1973,1,ocr-text,unread,unread,unread,,183642,29375,1852,1985,1972,222,0,0,1,12,3,16,0,1,13,2,33,,,,0
bengals-1973,nfl-books,,Cincinnati Bengals 1973 Media Guide Cover,1973,0,no-text-layer,cover scan,none,read-2026-09-06-yearbooks,"all 302 textless items scanned by metadata and all 319 images OCR'd; the 10 over 150 words are schedules and broadcast listings, nothing per-man | textless scan; in index, no OCR layer",,,,,,,,,,,,,,,,,,,,,0
broncos-1973-media-guide-denver,nfl-books,nfl-books/text_all/broncos-1973-media-guide-denver.txt,Denver Broncos 1973 Media Guide,1973,1,ocr-text,unread,unread,unread,,206645,32796,1856,1998,1972,194,0,0,0,23,164,60,65,3,69,32,48,,,,0
browns-1973,nfl-books,,Cleveland Browns 1973 Media Guide Cover,1973,0,no-text-layer,cover scan,none,read-2026-09-06-yearbooks,"all 302 textless items scanned by metadata and all 319 images OCR'd; the 10 over 150 words are schedules and broadcast listings, nothing per-man | textless scan; in index, no OCR layer",,,,,,,,,,,,,,,,,,,,,0
buffalo-bills-1973-media-guide-cover.jpg,nfl-books,,Buffalo Bills 1973 Media Guide Cover,1973,0,no-text-layer,cover scan,none,read-2026-09-06-yearbooks,"all 302 textless items scanned by metadata and all 319 images OCR'd; the 10 over 150 words are schedules and broadcast listings, nothing per-man | textless scan; in index, no OCR layer",,,,,,,,,,,,,,,,,,,,,0
cardinals-1973-media-guide-st.-louis-b,nfl-books,nfl-books/text_all/cardinals-1973-media-guide-st.-louis-b.txt,St. Louis Cardinals 1973 Media Guide,1973,1,ocr-text,unread,unread,unread,,249070,40965,1851,2029,1972,214,2,0,0,14,3,108,0,58,5,30,2,,,,0
chargers-1973-media-guide-san-diego-b,nfl-books,nfl-books/text_all/chargers-1973-media-guide-san-diego-b.txt,San Diego Chargers 1973 Media Guide,1973,1,ocr-text,unread,unread,unread,,254725,41713,1866,2021,1972,233,0,0,0,11,7,213,0,123,53,17,14,,,,0
colts-1973-media-guide-baltimore,nfl-books,nfl-books/text_all/colts-1973-media-guide-baltimore.txt,Baltimore Colts 1973 Media Guide,1973,1,ocr-text,unread,unread,unread,,314925,50260,1851,2010,1971,231,0,0,0,23,122,29,0,0,1,11,54,,,,0
cowboys-1973-media-guide-dallas,nfl-books,nfl-books/text_all/cowboys-1973-media-guide-dallas.txt,Dallas Cowboys 1973 Media Guide,1973,1,ocr-text,unread,unread,unread,,268068,44546,1851,2000,1972,295,0,0,0,10,115,45,0,88,176,102,53,,,,0
dolphins-1973-media-guide-miami,nfl-books,nfl-books/text_all/dolphins-1973-media-guide-miami.txt,Miami Dolphins 1973 Media Guide,1973,1,ocr-text,unread,unread,unread,,275603,45078,1851,2029,1972,292,0,0,0,12,243,95,1,8,222,105,76,,,,0
eagles-1973-media-guide-philadelphia-b,nfl-books,nfl-books/text_all/eagles-1973-media-guide-philadelphia-b.txt,Philadelphia Eagles 1973 Media Guide,1973,1,ocr-text,unread,unread,unread,,269256,43540,1887,2027,1972,231,1,0,0,32,219,171,0,54,11,63,75,,,,0
falcons-1973,nfl-books,,Atlanta Falcons 1973 Media Guide Cover,1973,0,no-text-layer,cover scan,none,read-2026-09-06-yearbooks,"all 302 textless items scanned by metadata and all 319 images OCR'd; the 10 over 150 words are schedules and broadcast listings, nothing per-man | textless scan; in index, no OCR layer",,,,,,,,,,,,,,,,,,,,,0
giants-1973-media-guide-new-york-b,nfl-books,nfl-books/text_all/giants-1973-media-guide-new-york-b.txt,New York Giants 1973 Media Guide,1973,1,ocr-text,unread,unread,unread,,262843,43794,1851,2022,1972,246,1,0,0,7,87,102,0,2,1,6,11,,,,0
jets-1973-media-guide-new-york-b,nfl-books,nfl-books/text_all/jets-1973-media-guide-new-york-b.txt,New York Jets 1973 Media Guide,1973,1,ocr-text,unread,unread,unread,,275781,48373,1851,2022,1972,200,1,0,1,17,224,67,1,1,176,27,46,,,,0
kansas-city-chiefs-1973-media-guide-cover,nfl-books,,Kansas City Chiefs 1973 Media Guide Cover,1973,0,no-text-layer,cover scan,none,read-2026-09-06-yearbooks,"all 302 textless items scanned by metadata and all 319 images OCR'd; the 10 over 150 words are schedules and broadcast listings, nothing per-man | textless scan; in index, no OCR layer",,,,,,,,,,,,,,,,,,,,,0
lions-1973-media-guide-detroit-c,nfl-books,nfl-books/text_all/lions-1973-media-guide-detroit-c.txt,Detroit Lions 1973 Media Guide,1973,1,ocr-text,unread,unread,unread,,233166,39042,1861,2021,1972,274,0,0,0,15,169,22,36,25,553,4,46,,,,0
official-1973-national-football-league-record-manual-c,nfl-books,nfl-books/text_all/official-1973-national-football-league-record-manual-c.txt,NFL Official Record Manual 1973,1973,1,ocr-text,unread,unread,unread,,720478,115311,1851,2029,1967,481,1,0,0,2,0,5,0,27,429,18,632,,,,0
oilers-1973-media-guide-houston-b,nfl-books,nfl-books/text_all/oilers-1973-media-guide-houston-b.txt,Houston Oilers 1973 Media Guide,1973,1,ocr-text,unread,unread,unread,,317212,50339,1860,1987,1960,280,0,0,0,11,281,114,0,32,104,13,4,,,,0
packers-1973-media-guide-green-bay-b,nfl-books,nfl-books/text_all/packers-1973-media-guide-green-bay-b.txt,Green Bay Packers 1973 Media Guide,1973,1,ocr-text,unread,unread,unread,,200526,34397,1867,1985,1972,199,0,0,0,18,12,67,98,74,17,6,15,,,,0
patriots-1973-media-guide-new-england-b,nfl-books,nfl-books/text_all/patriots-1973-media-guide-new-england-b.txt,New England Patriots 1973 Media Guide,1973,1,ocr-text,unread,unread,unread,,264659,43516,1851,2021,1972,177,1,0,0,18,66,13,0,68,121,41,63,,,,0
raiders-1973-media-guide-oakland-b,nfl-books,nfl-books/text_all/raiders-1973-media-guide-oakland-b.txt,Oakland Raiders 1973 Media Guide,1973,1,ocr-text,unread,unread,unread,,217273,35473,1850,2013,1972,283,3,0,0,31,189,133,0,23,69,62,12,,,,0
rams-1973-media-guide-los-angeles-b,nfl-books,nfl-books/text_all/rams-1973-media-guide-los-angeles-b.txt,Los Angeles Rams 1973 Media Guide,1973,1,ocr-text,unread,unread,unread,,336059,54877,1862,2027,1972,287,0,0,0,21,140,111,184,75,28,34,49,,,,0
redskins-1973-media-guide-washington-b,nfl-books,nfl-books/text_all/redskins-1973-media-guide-washington-b.txt,Washington Redskins 1973 Media Guide,1973,1,ocr-text,unread,unread,unread,,240152,39522,1852,2013,1971,214,3,0,0,48,118,83,4,8,576,6,24,,,,0
saints-1973-media-guide-new-orleans,nfl-books,nfl-books/text_all/saints-1973-media-guide-new-orleans.txt,New Orleans Saints 1973 Media Guide,1973,1,ocr-text,unread,unread,unread,,240998,39080,1851,2009,1971,236,2,0,0,37,189,133,0,22,3,17,3,,,,0
steelers-1973-media-guide-pittsburgh-b,nfl-books,nfl-books/text_all/steelers-1973-media-guide-pittsburgh-b.txt,Pittsburgh Steelers 1973 Media Guide,1973,1,ocr-text,unread,unread,unread,,234342,38354,1852,2018,1972,194,0,0,0,14,213,77,0,5,1,46,64,,,,0
vikings-1973,nfl-books,,Minnesota Vikings 1973 Media Guide Cover,1973,0,no-text-layer,cover scan,none,read-2026-09-06-yearbooks,"all 302 textless items scanned by metadata and all 319 images OCR'd; the 10 over 150 words are schedules and broadcast listings, nothing per-man | textless scan; in index, no OCR layer",,,,,,,,,,,,,,,,,,,,,0
49ers-1974-media-guide-san-francisco-c,nfl-books,nfl-books/text_all/49ers-1974-media-guide-san-francisco-c.txt,San Francisco 49ers 1974 Media Guide,1974,1,ocr-text,unread,unread,unread,,302565,48521,1906,1983,1973,270,4,0,0,39,152,117,28,146,13,4,28,,,,0
bears-1974-media-guide-chicago,nfl-books,nfl-books/text_all/bears-1974-media-guide-chicago.txt,Chicago Bears 1974 Media Guide,1974,1,ocr-text,unread,unread,unread,,196162,31079,1854,1980,1973,202,0,0,0,14,6,11,0,5,3,1,40,,,,0
bengals-1974-media-guide-cincinnati-c,nfl-books,nfl-books/text_all/bengals-1974-media-guide-cincinnati-c.txt,Cincinnati Bengals 1974 Media Guide,1974,1,ocr-text,unread,unread,unread,,151384,23944,1854,2005,1973,117,0,0,0,21,0,14,0,0,18,31,38,,,,0
bills-1974-media-guide-buffalo-c,nfl-books,nfl-books/text_all/bills-1974-media-guide-buffalo-c.txt,Buffalo Bills 1974 Media Guide,1974,1,ocr-text,unread,unread,unread,,272895,43559,1904,2003,1973,328,0,0,0,42,175,52,124,78,2,8,21,,,,0
broncos-1974-media-guide-denver,nfl-books,nfl-books/text_all/broncos-1974-media-guide-denver.txt,Denver Broncos 1974 Media Guide,1974,1,ocr-text,unread,unread,unread,,224316,36120,1856,2008,1973,210,0,0,0,28,129,32,90,24,47,39,92,,,,0
browns-1974-media-guide-cleveland-c,nfl-books,nfl-books/text_all/browns-1974-media-guide-cleveland-c.txt,Cleveland Browns 1974 Media Guide,1974,1,ocr-text,unread,unread,unread,,292036,48787,1863,2026,1973,273,2,0,0,16,261,53,0,212,50,7,16,,,,0
cardinals-1974-media-guide-st.-louis-c,nfl-books,nfl-books/text_all/cardinals-1974-media-guide-st.-louis-c.txt,St. Louis Cardinals 1974 Media Guide,1974,1,ocr-text,unread,unread,unread,,251092,41765,1851,2013,1973,240,1,0,0,20,0,132,0,13,63,39,21,,,,0
chargers-1974-media-guide-san-diego-a-b,nfl-books,nfl-books/text_all/chargers-1974-media-guide-san-diego-a-b.txt,San Diego Chargers 1974 Media Guide,1974,1,ocr-text,unread,unread,unread,,243887,40400,1851,2007,1973,213,0,0,0,12,6,191,0,107,101,23,41,,,,0
chiefs-1974-media-guide-kansas-city-c,nfl-books,nfl-books/text_all/chiefs-1974-media-guide-kansas-city-c.txt,Kansas City Chiefs 1974 Media Guide,1974,1,ocr-text,unread,unread,unread,,228040,36909,1851,2021,1973,202,0,0,0,28,97,41,0,2,48,13,46,,,,0
colts-1974-media-guide-baltimore,nfl-books,nfl-books/text_all/colts-1974-media-guide-baltimore.txt,Baltimore Colts 1974 Media Guide,1974,1,ocr-text,unread,unread,unread,,328726,51392,1851,1978,1973,316,0,0,0,21,161,28,0,1,1,13,55,,,,0
cowboys-1974-media-guide-dallas,nfl-books,nfl-books/text_all/cowboys-1974-media-guide-dallas.txt,Dallas Cowboys 1974 Media Guide,1974,1,ocr-text,unread,unread,unread,,278681,46867,1851,2010,1973,280,0,0,0,11,125,41,0,54,170,90,39,,,,0
dolphins-1974-media-guide-miami,nfl-books,nfl-books/text_all/dolphins-1974-media-guide-miami.txt,Miami Dolphins 1974 Media Guide,1974,1,ocr-text,unread,unread,unread,,283218,46446,1851,2019,1973,295,0,0,0,16,270,105,0,3,230,93,84,,,,0
eagles-1974-media-guide-philadelphia-c,nfl-books,nfl-books/text_all/eagles-1974-media-guide-philadelphia-c.txt,Philadelphia Eagles 1974 Media Guide,1974,1,ocr-text,unread,unread,unread,,270520,43470,1881,2027,1973,277,0,0,0,17,216,139,1,43,5,44,39,,,,0
falcons-1974-media-guide-atlanta-c,nfl-books,nfl-books/text_all/falcons-1974-media-guide-atlanta-c.txt,Atlanta Falcons 1974 Media Guide,1974,1,ocr-text,unread,unread,unread,,243159,40861,1866,2001,1973,280,1,0,2,59,7,46,0,21,54,15,22,,,,0
giants-1974-media-guide-new-york-c,nfl-books,nfl-books/text_all/giants-1974-media-guide-new-york-c.txt,New York Giants 1974 Media Guide,1974,1,ocr-text,club media/press guide,biography+statistics+roster-table,"read-2026-09-07-yearbooks (stratified sample n=56 of 2,462 post-1950 texts, seed 20260907)",,259728,42833,1851,2010,1971,216,3,0,0,14,95,132,0,0,1,12,15,,,,0
jets-1974-media-guide-new-york-c,nfl-books,nfl-books/text_all/jets-1974-media-guide-new-york-c.txt,New York Jets 1974 Media Guide,1974,1,ocr-text,unread,unread,unread,,295554,51088,1851,2010,1973,235,1,0,1,22,210,57,0,61,271,35,66,,,,0
lions-1974-media-guide-detroit-c,nfl-books,nfl-books/text_all/lions-1974-media-guide-detroit-c.txt,Detroit Lions 1974 Media Guide,1974,1,ocr-text,unread,unread,unread,,242776,41076,1920,2021,1973,249,0,0,0,14,174,6,1,6,581,3,89,,,,0
oilers-1974-media-guide-houston-c,nfl-books,nfl-books/text_all/oilers-1974-media-guide-houston-c.txt,Houston Oilers 1974 Media Guide,1974,1,ocr-text,unread,unread,unread,,291841,46019,1872,2005,1973,285,0,0,0,9,174,64,0,11,79,9,15,,,,0
packers-1974-media-guide-green-bay-c,nfl-books,nfl-books/text_all/packers-1974-media-guide-green-bay-c.txt,Green Bay Packers 1974 Media Guide,1974,1,ocr-text,unread,unread,unread,,234140,39529,1874,1999,1972,256,0,0,0,31,24,73,106,140,14,6,12,,,,0
patriots-1974-media-guide-new-england-b,nfl-books,nfl-books/text_all/patriots-1974-media-guide-new-england-b.txt,New England Patriots 1974 Media Guide,1974,1,ocr-text,unread,unread,unread,,253423,42565,1851,2021,1973,240,0,0,0,24,1,4,0,34,83,28,114,,,,0
raiders-1974-media-guide-oakland-c,nfl-books,nfl-books/text_all/raiders-1974-media-guide-oakland-c.txt,Oakland Raiders 1974 Media Guide,1974,1,ocr-text,unread,unread,unread,,228360,36703,1929,2013,1973,283,3,0,0,31,168,120,0,25,121,70,14,,,,0
redskins-1974-media-guide-washington-c,nfl-books,nfl-books/text_all/redskins-1974-media-guide-washington-c.txt,Washington Redskins 1974 Media Guide,1974,1,ocr-text,unread,unread,unread,,248768,41718,1863,2013,1973,236,2,0,0,56,141,72,4,3,422,11,30,,,,0
saints-1974-media-guide-new-orleans,nfl-books,nfl-books/text_all/saints-1974-media-guide-new-orleans.txt,New Orleans Saints 1974 Media Guide,1974,1,ocr-text,unread,unread,unread,,235958,37903,1851,2009,1973,214,0,0,0,36,226,150,0,8,0,16,23,,,,0
steelers-1974-media-guide-pittsburgh-c,nfl-books,nfl-books/text_all/steelers-1974-media-guide-pittsburgh-c.txt,Pittsburgh Steelers 1974 Media Guide,1974,1,ocr-text,unread,unread,unread,,294673,47854,1856,2018,1973,267,1,1,0,18,269,82,0,22,0,38,83,,,,0
vikings-1974-media-guide-minnesota-c,nfl-books,nfl-books/text_all/vikings-1974-media-guide-minnesota-c.txt,Minnesota Vikings 1974 Media Guide,1974,1,ocr-text,unread,unread,unread,,170063,29526,1851,2025,1973,147,1,0,0,19,134,38,0,88,19,21,10,,,,0
49ers-1975-media-guide-san-francisco-b,nfl-books,nfl-books/text_all/49ers-1975-media-guide-san-francisco-b.txt,San Francisco 49ers 1975 Media Guide,1975,1,ocr-text,unread,unread,unread,,327195,52521,1897,2024,1974,295,5,0,0,38,149,128,39,111,10,6,16,,,,0
bears-1975-media-guide-chicago,nfl-books,nfl-books/text_all/bears-1975-media-guide-chicago.txt,Chicago Bears 1975 Media Guide,1975,1,ocr-text,unread,unread,unread,,319241,52735,1851,2026,1974,146,1,0,0,21,48,78,1,4,46,9,91,,,,0
bengals-1975-media-guide-cincinnati-c,nfl-books,nfl-books/text_all/bengals-1975-media-guide-cincinnati-c.txt,Cincinnati Bengals 1975 Media Guide,1975,1,ocr-text,unread,unread,unread,,163722,25127,1918,2005,1974,132,1,0,0,22,3,19,0,3,21,33,63,,,,0
broncos-1975-media-guide-denver,nfl-books,nfl-books/text_all/broncos-1975-media-guide-denver.txt,Denver Broncos 1975 Media Guide,1975,1,ocr-text,unread,unread,unread,,224581,36139,1851,2021,1974,220,0,0,0,22,132,28,70,20,101,31,58,,,,0
browns-1975,nfl-books,,Cleveland Browns 1975 Media Guide Cover,1975,0,no-text-layer,cover scan,none,read-2026-09-06-yearbooks,"all 302 textless items scanned by metadata and all 319 images OCR'd; the 10 over 150 words are schedules and broadcast listings, nothing per-man | textless scan; in index, no OCR layer",,,,,,,,,,,,,,,,,,,,,0
buffalo-bills-1975-media-guide-cover.jpg,nfl-books,,Buffalo Bills 1975 Media Guide Cover,1975,0,no-text-layer,cover scan,none,read-2026-09-06-yearbooks,"all 302 textless items scanned by metadata and all 319 images OCR'd; the 10 over 150 words are schedules and broadcast listings, nothing per-man | textless scan; in index, no OCR layer",,,,,,,,,,,,,,,,,,,,,0
cardinals-1975-media-guide-st.-louis-c,nfl-books,nfl-books/text_all/cardinals-1975-media-guide-st.-louis-c.txt,St. Louis Cardinals 1975 Media Guide,1975,1,ocr-text,unread,unread,unread,,259298,43652,1851,2010,1973,241,0,0,0,23,1,101,0,66,4,37,20,,,,0
chargers-1975,nfl-books,,San Diego Chargers 1975 Media Guide Cover,1975,0,no-text-layer,cover scan,none,read-2026-09-06-yearbooks,"all 302 textless items scanned by metadata and all 319 images OCR'd; the 10 over 150 words are schedules and broadcast listings, nothing per-man | textless scan; in index, no OCR layer",,,,,,,,,,,,,,,,,,,,,0
colts-1975-media-guide-baltimore,nfl-books,nfl-books/text_all/colts-1975-media-guide-baltimore.txt,Baltimore Colts 1975 Media Guide,1975,1,ocr-text,unread,unread,unread,,343711,53889,1876,2025,1974,308,0,0,2,27,169,37,0,20,6,15,46,,,,0
cowboys-1975-media-guide-dallas,nfl-books,nfl-books/text_all/cowboys-1975-media-guide-dallas.txt,Dallas Cowboys 1975 Media Guide,1975,1,ocr-text,unread,unread,unread,,285864,47793,1851,2010,1974,274,0,0,0,10,125,40,0,59,183,105,71,,,,0
dolphins-1975-media-guide-miami,nfl-books,nfl-books/text_all/dolphins-1975-media-guide-miami.txt,Miami Dolphins 1975 Media Guide,1975,1,ocr-text,unread,unread,unread,,305699,51612,1851,2020,1973,316,2,0,0,23,214,64,0,5,243,103,124,,,,0
eagles-1975-media-guide-philadelphia-c,nfl-books,nfl-books/text_all/eagles-1975-media-guide-philadelphia-c.txt,Philadelphia Eagles 1975 Media Guide,1975,1,ocr-text,unread,unread,unread,,276488,44572,1851,2027,1974,269,1,0,0,15,204,129,0,44,4,27,43,,,,0
falcons-1975,nfl-books,,Atlanta Falcons 1975 Media Guide Cover,1975,0,no-text-layer,cover scan,none,read-2026-09-06-yearbooks,"all 302 textless items scanned by metadata and all 319 images OCR'd; the 10 over 150 words are schedules and broadcast listings, nothing per-man | textless scan; in index, no OCR layer",,,,,,,,,,,,,,,,,,,,,0
giants-1975-media-guide-new-york-b,nfl-books,nfl-books/text_all/giants-1975-media-guide-new-york-b.txt,New York Giants 1975 Media Guide,1975,1,ocr-text,unread,unread,unread,,283441,47552,1851,2010,1974,240,1,0,0,19,97,133,0,34,35,9,5,,,,0
houston-oilers-1975-media-guide-cover-rear,nfl-books,,Houston Oilers 1975 Media Guide Cover,1975,0,no-text-layer,cover scan,none,read-2026-09-06-yearbooks,"all 302 textless items scanned by metadata and all 319 images OCR'd; the 10 over 150 words are schedules and broadcast listings, nothing per-man | textless scan; in index, no OCR layer",,,,,,,,,,,,,,,,,,,,,0
jets-1975-media-guide-new-york-c,nfl-books,nfl-books/text_all/jets-1975-media-guide-new-york-c.txt,New York Jets 1975 Media Guide,1975,1,ocr-text,unread,unread,unread,,335513,59278,1851,2010,1974,285,2,0,1,22,300,90,0,1,277,31,58,,,,0
kansas-city-chiefs-1975-media-guide-cover,nfl-books,,Kansas City Chiefs 1975 Media Guide Cover,1975,0,no-text-layer,cover scan,none,read-2026-09-06-yearbooks,"all 302 textless items scanned by metadata and all 319 images OCR'd; the 10 over 150 words are schedules and broadcast listings, nothing per-man | textless scan; in index, no OCR layer",,,,,,,,,,,,,,,,,,,,,0
lions-1975-media-guide-detroit-c,nfl-books,nfl-books/text_all/lions-1975-media-guide-detroit-c.txt,Detroit Lions 1975 Media Guide,1975,1,ocr-text,unread,unread,unread,,246105,42261,1859,2021,1974,188,0,0,0,13,102,13,2,11,593,6,47,,,,0
oakland-raiders-1975-media-guide-cover,nfl-books,nfl-books/text_all/oakland-raiders-1975-media-guide-cover.txt,Oakland Raiders 1975 Media Guide,1975,1,ocr-text,unread,unread,unread,,238066,39590,1855,2013,1974,313,3,0,1,35,171,131,1,26,99,34,37,,,,0
packers-1975-media-guide-green-bay-b,nfl-books,nfl-books/text_all/packers-1975-media-guide-green-bay-b.txt,Green Bay Packers 1975 Media Guide,1975,1,ocr-text,unread,unread,unread,,265987,41778,1860,2008,1974,336,1,0,0,27,21,78,140,15,14,10,24,,,,0
patriots-1975-media-guide-new-england-b,nfl-books,nfl-books/text_all/patriots-1975-media-guide-new-england-b.txt,New England Patriots 1975 Media Guide,1975,1,ocr-text,unread,unread,unread,,214689,36872,1851,2021,1974,243,1,0,1,25,1,8,0,21,201,24,27,,,,0
rams-1975-media-guide-los-angeles-b,nfl-books,nfl-books/text_all/rams-1975-media-guide-los-angeles-b.txt,Los Angeles Rams 1975 Media Guide,1975,1,ocr-text,unread,unread,unread,,372162,60742,1854,2005,1974,303,1,0,0,27,149,159,186,17,21,49,25,,,,0
redskins-1975-media-guide-washington-c,nfl-books,nfl-books/text_all/redskins-1975-media-guide-washington-c.txt,Washington Redskins 1975 Media Guide,1975,1,ocr-text,unread,unread,unread,,240943,40721,1861,1999,1973,219,2,0,0,34,134,84,6,5,417,8,29,,,,0
steelers-1975,nfl-books,,Pittsburgh Steelers 1975 Media Guide Cover,1975,0,no-text-layer,cover scan,none,read-2026-09-06-yearbooks,"all 302 textless items scanned by metadata and all 319 images OCR'd; the 10 over 150 words are schedules and broadcast listings, nothing per-man | textless scan; in index, no OCR layer",,,,,,,,,,,,,,,,,,,,,0
vikings-1975,nfl-books,,Minnesota Vikings 1975 Media Guide Cover,1975,0,no-text-layer,cover scan,none,read-2026-09-06-yearbooks,"all 302 textless items scanned by metadata and all 319 images OCR'd; the 10 over 150 words are schedules and broadcast listings, nothing per-man | textless scan; in index, no OCR layer",,,,,,,,,,,,,,,,,,,,,0
49ers-1976-media-guide-san-francisco-b,nfl-books,nfl-books/text_all/49ers-1976-media-guide-san-francisco-b.txt,San Francisco 49ers 1976 Media Guide,1976,1,ocr-text,unread,unread,unread,,342656,55938,1906,1987,1975,346,5,0,1,41,134,127,30,86,31,4,21,,,,0
bears-1976-media-guide-chicago,nfl-books,nfl-books/text_all/bears-1976-media-guide-chicago.txt,Chicago Bears 1976 Media Guide,1976,1,ocr-text,unread,unread,unread,,342160,55967,1852,2008,1975,199,4,0,1,20,68,78,1,1,60,4,67,,,,0
bengals-1976,nfl-books,,Cincinnati Bengals 1976 Media Guide Cover,1976,0,no-text-layer,cover scan,none,read-2026-09-06-yearbooks,"all 302 textless items scanned by metadata and all 319 images OCR'd; the 10 over 150 words are schedules and broadcast listings, nothing per-man | textless scan; in index, no OCR layer",,,,,,,,,,,,,,,,,,,,,0
bills-1976-media-guide-buffalo-cbd,nfl-books,nfl-books/text_all/bills-1976-media-guide-buffalo-cbd.txt,Buffalo Bills 1976 Media Guide,1976,1,ocr-text,unread,unread,unread,,298605,47780,1851,2021,1975,361,0,0,0,37,211,57,142,39,29,16,44,,,,0
broncos-1976-media-guide-denver,nfl-books,nfl-books/text_all/broncos-1976-media-guide-denver.txt,Denver Broncos 1976 Media Guide,1976,1,ocr-text,unread,unread,unread,,233824,37384,1880,1993,1975,204,0,0,0,28,137,41,67,42,96,28,42,,,,0
browns-1976-media-guide-cleveland-c,nfl-books,nfl-books/text_all/browns-1976-media-guide-cleveland-c.txt,Cleveland Browns 1976 Media Guide,1976,1,ocr-text,unread,unread,unread,,293861,49635,1863,2026,1975,295,1,0,0,19,214,38,0,147,46,18,20,,,,0
buccaneers-1976,nfl-books,,Tampa Bay Buccaneers 1976 Media Guide Cover,1976,0,no-text-layer,cover scan,none,read-2026-09-06-yearbooks,"all 302 textless items scanned by metadata and all 319 images OCR'd; the 10 over 150 words are schedules and broadcast listings, nothing per-man | textless scan; in index, no OCR layer",,,,,,,,,,,,,,,,,,,,,0
cardinals-1976-media-guide-st.-louis-c,nfl-books,nfl-books/text_all/cardinals-1976-media-guide-st.-louis-c.txt,St. Louis Cardinals 1976 Media Guide,1976,1,ocr-text,unread,unread,unread,,275732,46545,1851,2010,1975,294,0,0,0,20,1,103,0,39,3,49,5,,,,0
chargers-1976,nfl-books,,San Diego Chargers 1976 Media Guide Cover,1976,0,no-text-layer,cover scan,none,read-2026-09-06-yearbooks,"all 302 textless items scanned by metadata and all 319 images OCR'd; the 10 over 150 words are schedules and broadcast listings, nothing per-man | textless scan; in index, no OCR layer",,,,,,,,,,,,,,,,,,,,,0
chiefs-1976-media-guide-kansas-city-c,nfl-books,nfl-books/text_all/chiefs-1976-media-guide-kansas-city-c.txt,Kansas City Chiefs 1976 Media Guide,1976,1,ocr-text,unread,unread,unread,,286923,47013,1851,2025,1975,233,1,0,1,23,96,67,0,19,125,11,22,,,,0
colts-1976-media-guide-baltimore,nfl-books,nfl-books/text_all/colts-1976-media-guide-baltimore.txt,Baltimore Colts 1976 Media Guide,1976,1,ocr-text,unread,unread,unread,,388071,64332,1851,2010,1975,515,3,1,1,39,186,108,0,9,26,13,127,,,,0
cowboys-1976-media-guide-dallas,nfl-books,nfl-books/text_all/cowboys-1976-media-guide-dallas.txt,Dallas Cowboys 1976 Media Guide,1976,1,ocr-text,unread,unread,unread,,300297,50092,1851,2010,1975,278,0,0,0,13,127,30,0,69,210,111,51,,,,0
dolphins-1976-media-guide-miami,nfl-books,nfl-books/text_all/dolphins-1976-media-guide-miami.txt,Miami Dolphins 1976 Media Guide,1976,1,ocr-text,unread,unread,unread,,377602,64372,1851,2028,1975,405,1,0,1,45,6,87,0,57,26,31,62,,,,0
eagles-1976-media-guide-philadelphia-b,nfl-books,nfl-books/text_all/eagles-1976-media-guide-philadelphia-b.txt,Philadelphia Eagles 1976 Media Guide,1976,1,ocr-text,unread,unread,unread,,298591,48669,1851,2027,1975,270,0,0,0,20,176,126,0,59,4,36,40,,,,0
falcons-1976-media-guide-atlanta-c,nfl-books,nfl-books/text_all/falcons-1976-media-guide-atlanta-c.txt,Atlanta Falcons 1976 Media Guide,1976,1,ocr-text,unread,unread,unread,,219711,36476,1874,2000,1975,261,0,0,3,32,12,37,0,18,47,20,22,,,,0
giants-1976-media-guide-new-york-b,nfl-books,nfl-books/text_all/giants-1976-media-guide-new-york-b.txt,New York Giants 1976 Media Guide,1976,1,ocr-text,unread,unread,unread,,300650,49571,1851,2010,1974,274,2,0,1,17,144,134,0,0,0,10,14,,,,0
jets-1976,nfl-books,,New York Jets 1976 Media Guide Cover,1976,0,no-text-layer,cover scan,none,read-2026-09-06-yearbooks,"all 302 textless items scanned by metadata and all 319 images OCR'd; the 10 over 150 words are schedules and broadcast listings, nothing per-man | textless scan; in index, no OCR layer",,,,,,,,,,,,,,,,,,,,,0
lions-1976,nfl-books,nfl-books/text_all/lions-1976.txt,Detroit Lions 1976 Media Guide,1976,1,ocr-text,club media/press guide,biography+statistics+roster-table,"read-2026-09-07-yearbooks (stratified sample n=56 of 2,462 post-1950 texts, seed 20260907)",'Lions' Facts Book',258792,44382,1850,2021,1975,207,0,0,0,8,32,11,39,5,593,4,111,,,,0
official-1976-national-football-league-record-manual,nfl-books,nfl-books/text_all/official-1976-national-football-league-record-manual.txt,NFL Official Record Manual 1976,1976,1,ocr-text,unread,unread,unread,,830868,131180,1851,2010,1967,541,0,0,0,4,14,7,0,6,439,19,580,,,,0
oilers-1976-media-guide-houston-b,nfl-books,nfl-books/text_all/oilers-1976-media-guide-houston-b.txt,Houston Oilers 1976 Media Guide,1976,1,ocr-text,unread,unread,unread,,362762,62104,1860,2022,1975,368,0,0,1,18,176,84,1,29,19,13,28,,,,0
packers-1976-media-guide-green-bay-b,nfl-books,nfl-books/text_all/packers-1976-media-guide-green-bay-b.txt,Green Bay Packers 1976 Media Guide,1976,1,ocr-text,unread,unread,unread,,272160,46040,1912,1977,1975,350,1,0,0,29,129,92,79,308,30,10,22,,,,0
patriots-1976-media-guide-new-england-b,nfl-books,nfl-books/text_all/patriots-1976-media-guide-new-england-b.txt,New England Patriots 1976 Media Guide,1976,1,ocr-text,unread,unread,unread,,232259,39537,1851,2021,1975,261,1,0,0,33,2,13,0,30,150,23,36,,,,0
rams-1976-media-guide-los-angeles-b,nfl-books,nfl-books/text_all/rams-1976-media-guide-los-angeles-b.txt,Los Angeles Rams 1976 Media Guide,1976,1,ocr-text,unread,unread,unread,,352262,56675,1851,2021,1975,309,0,0,0,26,122,138,175,68,9,51,20,,,,0
redskins-1976-media-guide-washington-b,nfl-books,nfl-books/text_all/redskins-1976-media-guide-washington-b.txt,Washington Redskins 1976 Media Guide,1976,1,ocr-text,unread,unread,unread,,235420,39657,1850,2027,1974,176,2,0,0,29,122,80,2,4,336,9,22,,,,0
saints-1976-media-guide-new-orleans,nfl-books,nfl-books/text_all/saints-1976-media-guide-new-orleans.txt,New Orleans Saints 1976 Media Guide,1976,1,ocr-text,unread,unread,unread,,271484,45424,1851,2010,1975,208,0,0,1,43,238,158,0,37,2,15,4,,,,0
seahawks-1976-media-guide-seattle,nfl-books,nfl-books/text_all/seahawks-1976-media-guide-seattle.txt,Seattle Seahawks 1976 Media Guide,1976,1,ocr-text,unread,unread,unread,,156828,25275,1946,2010,1975,175,2,0,1,54,270,111,0,0,2,16,0,,,,0
steelers-1976-media-guide-pittsburgh-c,nfl-books,nfl-books/text_all/steelers-1976-media-guide-pittsburgh-c.txt,Pittsburgh Steelers 1976 Media Guide,1976,1,ocr-text,unread,unread,unread,,314436,51960,1856,2003,1975,229,0,0,0,15,255,75,1,27,1,48,125,,,,0
vikings-1976,nfl-books,,Minnesota Vikings 1976 Media Guide Cover,1976,0,no-text-layer,cover scan,none,read-2026-09-06-yearbooks,"all 302 textless items scanned by metadata and all 319 images OCR'd; the 10 over 150 words are schedules and broadcast listings, nothing per-man | textless scan; in index, no OCR layer",,,,,,,,,,,,,,,,,,,,,0
49ers-1977-media-guide-san-francisco-b,nfl-books,nfl-books/text_all/49ers-1977-media-guide-san-francisco-b.txt,San Francisco 49ers 1977 Media Guide,1977,1,ocr-text,club media/press guide,biography+statistics+roster-table,"read-2026-09-07-yearbooks (stratified sample n=56 of 2,462 post-1950 texts, seed 20260907)",explicit PLAYER / PERSONAL headings,388217,64872,1858,1998,1976,368,4,0,0,58,151,149,1,100,23,1,7,,,,0
bears-1977-media-guide-chicago,nfl-books,nfl-books/text_all/bears-1977-media-guide-chicago.txt,Chicago Bears 1977 Media Guide,1977,1,ocr-text,unread,unread,unread,,399923,65267,1854,2022,1975,206,3,0,1,21,61,68,0,3,34,5,55,,,,0
bengals-1977-media-guide-cincinnati-c,nfl-books,nfl-books/text_all/bengals-1977-media-guide-cincinnati-c.txt,Cincinnati Bengals 1977 Media Guide,1977,1,ocr-text,unread,unread,unread,,157642,25485,1854,2000,1976,114,0,0,0,18,1,24,0,0,6,40,47,,,,0
bills-1977-media-guide-buffalo-c,nfl-books,nfl-books/text_all/bills-1977-media-guide-buffalo-c.txt,Buffalo Bills 1977 Media Guide,1977,1,ocr-text,unread,unread,unread,,321727,51716,1851,2021,1976,388,0,0,0,34,195,58,137,12,29,10,58,,,,0
broncos-1977-media-guide-denver,nfl-books,nfl-books/text_all/broncos-1977-media-guide-denver.txt,Denver Broncos 1977 Media Guide,1977,1,ocr-text,unread,unread,unread,,340329,53526,1851,2029,1976,306,0,0,0,17,101,33,0,50,78,30,39,,,,0
browns-1977,nfl-books,,Cleveland Browns 1977 Media Guide Cover,1977,0,no-text-layer,cover scan,none,read-2026-09-06-yearbooks,"all 302 textless items scanned by metadata and all 319 images OCR'd; the 10 over 150 words are schedules and broadcast listings, nothing per-man | textless scan; in index, no OCR layer",,,,,,,,,,,,,,,,,,,,,0
buccaneers-1977-media-guide-tampa-bay-c,nfl-books,nfl-books/text_all/buccaneers-1977-media-guide-tampa-bay-c.txt,Tampa Bay Buccaneers 1977 Media Guide,1977,1,ocr-text,unread,unread,unread,,194321,31380,1851,2005,1976,211,1,0,0,36,255,18,114,0,0,79,78,,,,0
cardinals-1977-media-guide-st.-louis-c,nfl-books,nfl-books/text_all/cardinals-1977-media-guide-st.-louis-c.txt,St. Louis Cardinals 1977 Media Guide,1977,1,ocr-text,unread,unread,unread,,310219,53493,1851,1979,1975,292,0,0,0,24,42,86,0,50,7,44,10,,,,0
chargers-1977.jpg,nfl-books,,San Diego Chargers 1977 Media Guide Cover,1977,0,no-text-layer,cover scan,none,read-2026-09-06-yearbooks,"all 302 textless items scanned by metadata and all 319 images OCR'd; the 10 over 150 words are schedules and broadcast listings, nothing per-man | textless scan; in index, no OCR layer",,,,,,,,,,,,,,,,,,,,,0
chiefs-1977-media-guide-kansas-city-c,nfl-books,nfl-books/text_all/chiefs-1977-media-guide-kansas-city-c.txt,Kansas City Chiefs 1977 Media Guide,1977,1,ocr-text,unread,unread,unread,,347864,56566,1873,1978,1976,258,1,0,0,23,95,71,0,26,149,13,27,,,,0
colts-1977-media-guide-baltimore,nfl-books,nfl-books/text_all/colts-1977-media-guide-baltimore.txt,Baltimore Colts 1977 Media Guide,1977,1,ocr-text,unread,unread,unread,,390144,65088,1870,2008,1975,475,4,0,1,48,202,111,0,8,103,13,62,,,,0
cowboys-1977-media-guide-dallas,nfl-books,nfl-books/text_all/cowboys-1977-media-guide-dallas.txt,Dallas Cowboys 1977 Media Guide,1977,1,ocr-text,unread,unread,unread,,317628,52493,1851,1978,1976,281,0,0,1,16,130,38,0,98,230,94,34,,,,0
dolphins-1977-media-guide-miami,nfl-books,nfl-books/text_all/dolphins-1977-media-guide-miami.txt,Miami Dolphins 1977 Media Guide,1977,1,ocr-text,unread,unread,unread,,396375,69015,1854,2029,1976,383,1,0,1,28,1,66,0,51,17,29,54,,,,0
eagles-1977-media-guide-philadelphia-c,nfl-books,nfl-books/text_all/eagles-1977-media-guide-philadelphia-c.txt,Philadelphia Eagles 1977 Media Guide,1977,1,ocr-text,unread,unread,unread,,287703,48224,1853,2027,1976,254,0,0,0,17,185,83,0,21,12,32,119,,,,0
falcons-1977,nfl-books,,Atlanta Falcons 1977 Media Guide Cover,1977,0,no-text-layer,cover scan,none,read-2026-09-06-yearbooks,"all 302 textless items scanned by metadata and all 319 images OCR'd; the 10 over 150 words are schedules and broadcast listings, nothing per-man | textless scan; in index, no OCR layer",,,,,,,,,,,,,,,,,,,,,0
jets-1977,nfl-books,,New York Jets 1977 Media Guide Cover,1977,0,no-text-layer,cover scan,none,read-2026-09-06-yearbooks,"all 302 textless items scanned by metadata and all 319 images OCR'd; the 10 over 150 words are schedules and broadcast listings, nothing per-man | textless scan; in index, no OCR layer",,,,,,,,,,,,,,,,,,,,,0
lions-1977-media-guide-detroit-c,nfl-books,nfl-books/text_all/lions-1977-media-guide-detroit-c.txt,Detroit Lions 1977 Media Guide,1977,1,ocr-text,unread,unread,unread,,212995,36336,1866,2021,1950,108,0,0,0,9,27,10,0,8,550,3,76,,,,0
new-york-giants-1977-media-guide-cover,nfl-books,,New York Giants 1977 Media Guide Cover,1977,0,no-text-layer,cover scan,none,read-2026-09-06-yearbooks,"all 302 textless items scanned by metadata and all 319 images OCR'd; the 10 over 150 words are schedules and broadcast listings, nothing per-man | textless scan; in index, no OCR layer",,,,,,,,,,,,,,,,,,,,,0
oakland-raiders-1977-media-guide-cover,nfl-books,,Oakland Raiders 1977 Media Guide Cover,1977,0,no-text-layer,cover scan,none,read-2026-09-06-yearbooks,"all 302 textless items scanned by metadata and all 319 images OCR'd; the 10 over 150 words are schedules and broadcast listings, nothing per-man | textless scan; in index, no OCR layer",,,,,,,,,,,,,,,,,,,,,0
oilers-1977-media-guide-houston-b,nfl-books,nfl-books/text_all/oilers-1977-media-guide-houston-b.txt,Houston Oilers 1977 Media Guide,1977,1,ocr-text,unread,unread,unread,,436218,73954,1851,2025,1976,472,0,0,2,35,252,138,0,4,41,11,31,,,,0
packers-1977-media-guide-green-bay-b,nfl-books,nfl-books/text_all/packers-1977-media-guide-green-bay-b.txt,Green Bay Packers 1977 Media Guide,1977,1,ocr-text,unread,unread,unread,,334951,54865,1861,1992,1976,400,1,0,0,25,147,94,92,295,51,28,41,,,,0
patriots-1977-media-guide-new-england-b,nfl-books,nfl-books/text_all/patriots-1977-media-guide-new-england-b.txt,New England Patriots 1977 Media Guide,1977,1,ocr-text,club media/press guide,biography+statistics+roster-table,"read-2026-09-07-yearbooks (stratified sample n=56 of 2,462 post-1950 texts, seed 20260907)",72 'born' lines in 280 KB -- the club-guide signature,287436,48218,1851,2023,1976,295,1,0,0,38,6,8,0,9,351,31,15,,,,0
rams-1977-media-guide-los-angeles-b,nfl-books,nfl-books/text_all/rams-1977-media-guide-los-angeles-b.txt,Los Angeles Rams 1977 Media Guide,1977,1,ocr-text,unread,unread,unread,,368265,59581,1852,2010,1976,315,0,0,0,22,127,125,160,37,37,47,14,,,,0
redskins-1977-media-guide-washington-cbd,nfl-books,nfl-books/text_all/redskins-1977-media-guide-washington-cbd.txt,Washington Redskins 1977 Media Guide,1977,1,ocr-text,unread,unread,unread,,224225,37455,1850,2020,1976,160,2,0,0,34,153,65,2,51,524,9,12,,,,0
saints-1977-media-guide-new-orleans,nfl-books,nfl-books/text_all/saints-1977-media-guide-new-orleans.txt,New Orleans Saints 1977 Media Guide,1977,1,ocr-text,unread,unread,unread,,206083,33460,1851,2009,1976,154,0,0,0,14,190,156,0,10,52,29,9,,,,0
seahawks-1977-media-guide-seattle,nfl-books,nfl-books/text_all/seahawks-1977-media-guide-seattle.txt,Seattle Seahawks 1977 Media Guide,1977,1,ocr-text,unread,unread,unread,,237874,38408,1851,1977,1976,195,1,0,0,32,309,149,90,113,15,22,33,,,,0
steelers-1977,nfl-books,,Pittsburgh Steelers 1977 Media Guide Cover,1977,0,no-text-layer,cover scan,none,read-2026-09-06-yearbooks,"all 302 textless items scanned by metadata and all 319 images OCR'd; the 10 over 150 words are schedules and broadcast listings, nothing per-man | textless scan; in index, no OCR layer",,,,,,,,,,,,,,,,,,,,,0
vikings-1977-media-guide-minnesota-c,nfl-books,nfl-books/text_all/vikings-1977-media-guide-minnesota-c.txt,Minnesota Vikings 1977 Media Guide,1977,1,ocr-text,unread,unread,unread,,213496,36831,1851,2013,1976,196,2,0,0,26,144,52,0,71,37,39,23,,,,0
49ers-1978,nfl-books,nfl-books/text_all/49ers-1978.txt,San Francisco 49ers 1978 Media Guide,1978,1,ocr-text,unread,unread,unread,,333830,55177,1869,1994,1977,356,4,0,1,44,148,95,0,109,64,25,15,,,,0
bears-1978-media-guide-chicago,nfl-books,nfl-books/text_all/bears-1978-media-guide-chicago.txt,Chicago Bears 1978 Media Guide,1978,1,ocr-text,unread,unread,unread,,390658,64975,1852,2004,1977,235,4,0,1,31,66,72,0,17,117,20,41,,,,0
bengals-1978-media-guide-cincinnati-c,nfl-books,nfl-books/text_all/bengals-1978-media-guide-cincinnati-c.txt,Cincinnati Bengals 1978 Media Guide,1978,1,ocr-text,unread,unread,unread,,175118,28311,1854,2005,1977,153,0,1,0,17,4,17,0,1,19,48,62,,,,0
bills-1978-media-guide-buffalo-c,nfl-books,nfl-books/text_all/bills-1978-media-guide-buffalo-c.txt,Buffalo Bills 1978 Media Guide,1978,1,ocr-text,unread,unread,unread,,303539,48045,1851,2021,1977,353,0,0,0,42,187,75,125,30,58,9,31,,,,0
broncos-1978-media-guide-denver,nfl-books,nfl-books/text_all/broncos-1978-media-guide-denver.txt,Denver Broncos 1978 Media Guide,1978,1,ocr-text,unread,unread,unread,,328252,51435,1851,2029,1977,305,0,0,0,9,96,39,96,48,77,33,21,,,,0
browns-1978,nfl-books,,Cleveland Browns 1978 Media Guide Cover,1978,0,no-text-layer,cover scan,none,read-2026-09-06-yearbooks,"all 302 textless items scanned by metadata and all 319 images OCR'd; the 10 over 150 words are schedules and broadcast listings, nothing per-man | textless scan; in index, no OCR layer",,,,,,,,,,,,,,,,,,,,,0
buccaneers-1978,nfl-books,,Tampa Bay Buccaneers 1978 Media Guide Cover,1978,0,no-text-layer,cover scan,none,read-2026-09-06-yearbooks,"all 302 textless items scanned by metadata and all 319 images OCR'd; the 10 over 150 words are schedules and broadcast listings, nothing per-man | textless scan; in index, no OCR layer",,,,,,,,,,,,,,,,,,,,,0
cardinals-1978-media-guide-st.-louis-c,nfl-books,nfl-books/text_all/cardinals-1978-media-guide-st.-louis-c.txt,St. Louis Cardinals 1978 Media Guide,1978,1,ocr-text,unread,unread,unread,,329611,56752,1851,2025,1977,303,1,0,0,32,48,94,0,16,9,20,21,,,,0
chargers-1978,nfl-books,,San Diego Chargers 1978 Media Guide Cover,1978,0,no-text-layer,cover scan,none,read-2026-09-06-yearbooks,"all 302 textless items scanned by metadata and all 319 images OCR'd; the 10 over 150 words are schedules and broadcast listings, nothing per-man | textless scan; in index, no OCR layer",,,,,,,,,,,,,,,,,,,,,0
chiefs-1978-media-guide-kansas-city-c,nfl-books,nfl-books/text_all/chiefs-1978-media-guide-kansas-city-c.txt,Kansas City Chiefs 1978 Media Guide,1978,1,ocr-text,unread,unread,unread,,332210,53344,1854,2022,1977,255,1,0,0,28,81,48,0,21,270,14,34,,,,0
colts-1978-media-guide-baltimore,nfl-books,nfl-books/text_all/colts-1978-media-guide-baltimore.txt,Baltimore Colts 1978 Media Guide,1978,1,ocr-text,unread,unread,unread,,409224,66968,1851,2029,1975,466,1,0,1,42,181,100,1,61,69,13,52,,,,0
cowboys-1978-media-guide-dallas-b,nfl-books,nfl-books/text_all/cowboys-1978-media-guide-dallas-b.txt,Dallas Cowboys 1978 Media Guide,1978,1,ocr-text,unread,unread,unread,,357998,60246,1851,2023,1977,371,0,0,3,19,136,43,0,168,205,59,49,,,,0
dolphins-1978-media-guide-miami,nfl-books,nfl-books/text_all/dolphins-1978-media-guide-miami.txt,Miami Dolphins 1978 Media Guide,1978,1,ocr-text,unread,unread,unread,,413784,71987,1851,2029,1977,460,0,0,1,36,2,49,0,76,5,26,86,,,,0
eagles-1978-media-guide-philadelphia-c,nfl-books,nfl-books/text_all/eagles-1978-media-guide-philadelphia-c.txt,Philadelphia Eagles 1978 Media Guide,1978,1,ocr-text,unread,unread,unread,,320076,53627,1851,1997,1977,320,0,0,0,22,195,81,0,19,6,43,159,,,,0
falcons-1978,nfl-books,,Atlanta Falcons 1978 Media Guide Cover,1978,0,no-text-layer,cover scan,none,read-2026-09-06-yearbooks,"all 302 textless items scanned by metadata and all 319 images OCR'd; the 10 over 150 words are schedules and broadcast listings, nothing per-man | textless scan; in index, no OCR layer",,,,,,,,,,,,,,,,,,,,,0
jets-1978-media-guide-new-york-c,nfl-books,nfl-books/text_all/jets-1978-media-guide-new-york-c.txt,New York Jets 1978 Media Guide,1978,1,ocr-text,unread,unread,unread,,384426,62681,1851,2010,1977,352,0,0,2,45,226,29,0,18,459,44,93,,,,0
lions-1978-media-guide-detroit-c,nfl-books,nfl-books/text_all/lions-1978-media-guide-detroit-c.txt,Detroit Lions 1978 Media Guide,1978,1,ocr-text,unread,unread,unread,,238328,41027,1867,2027,1976,157,0,0,0,11,1,18,3,1,595,6,169,,,,0
new-york-giants-1978-media-guide-cover,nfl-books,,New York Giants 1978 Media Guide Cover,1978,0,no-text-layer,cover scan,none,read-2026-09-06-yearbooks,"all 302 textless items scanned by metadata and all 319 images OCR'd; the 10 over 150 words are schedules and broadcast listings, nothing per-man | textless scan; in index, no OCR layer",,,,,,,,,,,,,,,,,,,,,0
oakland-raiders-1978-media-guide-cover,nfl-books,,Oakland Raiders 1978 Media Guide Cover,1978,0,no-text-layer,cover scan,none,read-2026-09-06-yearbooks,"all 302 textless items scanned by metadata and all 319 images OCR'd; the 10 over 150 words are schedules and broadcast listings, nothing per-man | textless scan; in index, no OCR layer",,,,,,,,,,,,,,,,,,,,,0
oilers-1978-media-guide-houston-b,nfl-books,nfl-books/text_all/oilers-1978-media-guide-houston-b.txt,Houston Oilers 1978 Media Guide,1978,1,ocr-text,unread,unread,unread,,421230,71205,1851,2002,1977,522,0,0,1,39,217,133,0,11,87,11,14,,,,0
packers-1978-media-guide-green-bay-b,nfl-books,nfl-books/text_all/packers-1978-media-guide-green-bay-b.txt,Green Bay Packers 1978 Media Guide,1978,1,ocr-text,unread,unread,unread,,327514,49852,1856,2013,1967,322,1,0,0,18,115,68,0,330,56,25,15,,,,0
patriots-1978-media-guide-new-england-b,nfl-books,nfl-books/text_all/patriots-1978-media-guide-new-england-b.txt,New England Patriots 1978 Media Guide,1978,1,ocr-text,unread,unread,unread,,153542,26159,1863,2023,1977,226,1,0,0,28,4,6,0,0,61,30,51,,,,0
rams-1978-media-guide-los-angeles-b,nfl-books,nfl-books/text_all/rams-1978-media-guide-los-angeles-b.txt,Los Angeles Rams 1978 Media Guide,1978,1,ocr-text,unread,unread,unread,,355560,57120,1867,2016,1977,313,0,0,0,26,144,146,0,71,73,49,20,,,,0
redskins-1978-media-guide-washington-cbd,nfl-books,nfl-books/text_all/redskins-1978-media-guide-washington-cbd.txt,Washington Redskins 1978 Media Guide,1978,1,ocr-text,unread,unread,unread,,236136,38537,1851,2022,1977,180,1,0,0,20,135,53,102,6,590,28,17,,,,0
saints-1978-media-guide-new-orleans,nfl-books,nfl-books/text_all/saints-1978-media-guide-new-orleans.txt,New Orleans Saints 1978 Media Guide,1978,1,ocr-text,unread,unread,unread,,227742,37844,1855,2024,1977,173,0,0,0,22,185,168,1,72,49,28,16,,,,0
seahawks-1978-media-guide-seattle,nfl-books,nfl-books/text_all/seahawks-1978-media-guide-seattle.txt,Seattle Seahawks 1978 Media Guide,1978,1,ocr-text,unread,unread,unread,,97831,15771,1876,1980,1976,103,0,0,1,37,148,69,52,0,32,16,2,,,,0
steelers-1978-media-guide-pittsburgh-c,nfl-books,nfl-books/text_all/steelers-1978-media-guide-pittsburgh-c.txt,Pittsburgh Steelers 1978 Media Guide,1978,1,ocr-text,unread,unread,unread,,369429,61967,1872,2019,1976,294,0,0,1,17,256,65,0,6,0,69,94,,,,0
vikings-1978,nfl-books,,Minnesota Vikings 1978 Media Guide Cover,1978,0,no-text-layer,cover scan,none,read-2026-09-06-yearbooks,"all 302 textless items scanned by metadata and all 319 images OCR'd; the 10 over 150 words are schedules and broadcast listings, nothing per-man | textless scan; in index, no OCR layer",,,,,,,,,,,,,,,,,,,,,0
49ers-1979-media-guide-san-francisco-b,nfl-books,nfl-books/text_all/49ers-1979-media-guide-san-francisco-b.txt,San Francisco 49ers 1979 Media Guide,1979,1,ocr-text,unread,unread,unread,,415009,68705,1851,2003,1978,335,0,0,0,60,151,45,1,151,381,80,46,,,,0
bears-1979-media-guide-chicago-b,nfl-books,nfl-books/text_all/bears-1979-media-guide-chicago-b.txt,Chicago Bears 1979 Media Guide,1979,1,ocr-text,unread,unread,unread,,399929,66778,1851,2029,1978,237,8,0,1,32,68,74,0,63,100,24,86,,,,0
bengals-1979-media-guide-cincinnati-b,nfl-books,nfl-books/text_all/bengals-1979-media-guide-cincinnati-b.txt,Cincinnati Bengals 1979 Media Guide,1979,1,ocr-text,unread,unread,unread,,181572,29540,1854,2000,1978,160,1,0,0,14,3,15,0,46,17,45,43,,,,0
bills-1979-media-guide-buffalo-b,nfl-books,nfl-books/text_all/bills-1979-media-guide-buffalo-b.txt,Buffalo Bills 1979 Media Guide,1979,1,ocr-text,unread,unread,unread,,339455,55075,1851,2021,1978,366,0,0,0,41,203,63,123,86,50,18,48,,,,0
broncos-1979-media-guide-denver,nfl-books,nfl-books/text_all/broncos-1979-media-guide-denver.txt,Denver Broncos 1979 Media Guide,1979,1,ocr-text,unread,unread,unread,,381191,59898,1851,2029,1978,347,0,0,0,18,153,89,102,28,176,48,42,,,,0
browns-1979-media-guide-cleveland-b,nfl-books,nfl-books/text_all/browns-1979-media-guide-cleveland-b.txt,Cleveland Browns 1979 Media Guide,1979,1,ocr-text,unread,unread,unread,,308903,50360,1851,2026,1978,296,1,0,0,16,267,48,0,132,11,11,30,,,,0
buccaneers-1979-media-guide-tampa-bay-b,nfl-books,nfl-books/text_all/buccaneers-1979-media-guide-tampa-bay-b.txt,Tampa Bay Buccaneers 1979 Media Guide,1979,1,ocr-text,unread,unread,unread,,341687,56811,1851,1981,1978,425,3,0,0,68,430,85,0,1,6,30,52,,,,0
cardinals-1979-media-guide-st.-louis-b,nfl-books,nfl-books/text_all/cardinals-1979-media-guide-st.-louis-b.txt,St. Louis Cardinals 1979 Media Guide,1979,1,ocr-text,unread,unread,unread,,369106,63789,1851,1980,1978,383,2,0,0,39,54,79,1,100,8,28,42,,,,0
chargers-1979-media-guide-san-diego-b,nfl-books,nfl-books/text_all/chargers-1979-media-guide-san-diego-b.txt,San Diego Chargers 1979 Media Guide,1979,1,ocr-text,unread,unread,unread,,308713,50684,1864,2007,1978,358,2,0,0,32,1,114,0,34,475,18,54,,,,0
chiefs-1979-media-guide-kansas-city-b,nfl-books,nfl-books/text_all/chiefs-1979-media-guide-kansas-city-b.txt,Kansas City Chiefs 1979 Media Guide,1979,1,ocr-text,unread,unread,unread,,356953,57221,1858,2022,1978,273,1,0,0,27,90,83,0,39,96,13,38,,,,0
colts-1979-media-guide-baltimore,nfl-books,nfl-books/text_all/colts-1979-media-guide-baltimore.txt,Baltimore Colts 1979 Media Guide,1979,1,ocr-text,unread,unread,unread,,487123,80632,1851,2021,1975,410,3,0,0,42,197,168,0,62,2,30,30,,,,0
cowboys-1979-media-guide-dallas-b,nfl-books,nfl-books/text_all/cowboys-1979-media-guide-dallas-b.txt,Dallas Cowboys 1979 Media Guide,1979,1,ocr-text,unread,unread,unread,,391917,64763,1868,1995,1978,398,0,0,2,28,134,34,0,108,253,84,46,,,,0
dolphins-1979-media-guide-miami-b,nfl-books,nfl-books/text_all/dolphins-1979-media-guide-miami-b.txt,Miami Dolphins 1979 Media Guide,1979,1,ocr-text,unread,unread,unread,,515991,88268,1851,2029,1978,618,7,0,2,57,2,63,0,116,71,23,63,,,,0
eagles-1979-media-guide-philadelphia-b,nfl-books,nfl-books/text_all/eagles-1979-media-guide-philadelphia-b.txt,Philadelphia Eagles 1979 Media Guide,1979,1,ocr-text,unread,unread,unread,,353770,57736,1851,2000,1978,358,0,0,0,27,220,99,0,68,14,38,53,,,,0
falcons-1979-media-guide-atlanta-b,nfl-books,nfl-books/text_all/falcons-1979-media-guide-atlanta-b.txt,Atlanta Falcons 1979 Media Guide,1979,1,ocr-text,unread,unread,unread,,280155,45796,1860,1989,1978,317,0,0,0,8,155,44,0,45,24,87,90,,,,0
giants-1979-media-guide-new-york-b,nfl-books,nfl-books/text_all/giants-1979-media-guide-new-york-b.txt,New York Giants 1979 Media Guide,1979,1,ocr-text,unread,unread,unread,,334288,55575,1851,1999,1978,351,2,0,0,40,137,127,0,2,0,33,16,,,,0
jets-1979-media-guide-new-york-b,nfl-books,nfl-books/text_all/jets-1979-media-guide-new-york-b.txt,New York Jets 1979 Media Guide,1979,1,ocr-text,unread,unread,unread,,447989,72940,1851,2010,1978,361,3,0,1,50,241,34,0,14,560,47,55,,,,0
lions-1979-media-guide-detroit-b,nfl-books,nfl-books/text_all/lions-1979-media-guide-detroit-b.txt,Detroit Lions 1979 Media Guide,1979,1,ocr-text,unread,unread,unread,,272030,46254,1870,2027,1978,190,0,0,0,17,164,27,2,2,598,20,144,,,,0
oilers-1979-media-guide-houston-b,nfl-books,nfl-books/text_all/oilers-1979-media-guide-houston-b.txt,Houston Oilers 1979 Media Guide,1979,1,ocr-text,unread,unread,unread,,282382,47752,1860,2023,1978,319,0,0,1,19,35,63,0,6,29,9,26,,,,0
packers-1979-media-guide-green-bay-b,nfl-books,nfl-books/text_all/packers-1979-media-guide-green-bay-b.txt,Green Bay Packers 1979 Media Guide,1979,1,ocr-text,unread,unread,unread,,337960,54884,1851,2023,1978,390,2,0,0,26,146,82,0,46,61,44,35,,,,0
patriots-1979-media-guide-new-england-b,nfl-books,nfl-books/text_all/patriots-1979-media-guide-new-england-b.txt,New England Patriots 1979 Media Guide,1979,1,ocr-text,unread,unread,unread,,333259,54571,1851,2023,1978,250,2,0,0,15,2,6,0,7,289,42,42,,,,0
raiders-1979-media-guide-oakland-b,nfl-books,nfl-books/text_all/raiders-1979-media-guide-oakland-b.txt,Oakland Raiders 1979 Media Guide,1979,1,ocr-text,unread,unread,unread,,265005,44130,1929,2013,1978,252,3,0,0,42,185,146,0,40,155,50,51,,,,0
rams-1979-media-guide-los-angeles-b,nfl-books,nfl-books/text_all/rams-1979-media-guide-los-angeles-b.txt,Los Angeles Rams 1979 Media Guide,1979,1,ocr-text,unread,unread,unread,,348815,55549,1897,2017,1978,333,0,0,0,25,146,139,0,3,78,61,36,,,,0
redskins-1979-media-guide-washington-b,nfl-books,nfl-books/text_all/redskins-1979-media-guide-washington-b.txt,Washington Redskins 1979 Media Guide,1979,1,ocr-text,unread,unread,unread,,245907,40267,1896,2000,1978,190,1,0,0,24,139,64,90,8,580,37,25,,,,0
saints-1979-media-guide-new-orleans,nfl-books,nfl-books/text_all/saints-1979-media-guide-new-orleans.txt,New Orleans Saints 1979 Media Guide,1979,1,ocr-text,unread,unread,unread,,243052,39467,1851,1982,1978,189,0,0,0,26,186,208,1,48,11,32,45,,,,0
seahawks-1979-media-guide-seattle,nfl-books,nfl-books/text_all/seahawks-1979-media-guide-seattle.txt,Seattle Seahawks 1979 Media Guide,1979,1,ocr-text,unread,unread,unread,,295752,48138,1851,1980,1977,318,1,0,1,54,341,148,94,106,21,30,61,,,,0
steelers-1979-media-guide-pittsburgh-c,nfl-books,nfl-books/text_all/steelers-1979-media-guide-pittsburgh-c.txt,Pittsburgh Steelers 1979 Media Guide,1979,1,ocr-text,unread,unread,unread,,411807,68685,1856,2018,1978,309,1,0,0,20,246,70,0,16,0,101,130,,,,0
vikings-1979-media-guide-minnesota-b,nfl-books,nfl-books/text_all/vikings-1979-media-guide-minnesota-b.txt,Minnesota Vikings 1979 Media Guide,1979,1,ocr-text,unread,unread,unread,,232375,40248,1851,1997,1978,198,2,0,0,30,141,103,0,68,40,41,18,,,,0
49ers-1980,nfl-books,nfl-books/text_all/49ers-1980.txt,San Francisco 49ers 1980 Media Guide,1980,1,ocr-text,unread,unread,unread,,445211,74969,1851,2000,1979,356,1,0,0,51,125,47,1,127,214,77,88,,,,0
bears-1980-media-guide-chicago,nfl-books,nfl-books/text_all/bears-1980-media-guide-chicago.txt,Chicago Bears 1980 Media Guide,1980,1,ocr-text,unread,unread,unread,,397231,67032,1852,2026,1979,235,4,0,1,30,62,44,0,12,94,26,63,,,,0
bengals-1980-media-guide-cincinnati-c,nfl-books,nfl-books/text_all/bengals-1980-media-guide-cincinnati-c.txt,Cincinnati Bengals 1980 Media Guide,1980,1,ocr-text,club media/press guide,biography+statistics,"read-2026-09-07-yearbooks (stratified sample n=56 of 2,462 post-1950 texts, seed 20260907)",,210682,34380,1870,2005,1979,154,1,0,0,21,3,9,0,15,129,60,70,,,,0
broncos-1980-media-guide-denver-b,nfl-books,nfl-books/text_all/broncos-1980-media-guide-denver-b.txt,Denver Broncos 1980 Media Guide,1980,1,ocr-text,unread,unread,unread,,458993,72632,1851,2029,1979,457,6,0,0,47,274,149,112,155,133,27,37,,,,0
browns-1980,nfl-books,,Cleveland Browns 1980 Media Guide Cover,1980,0,no-text-layer,cover scan,none,read-2026-09-06-yearbooks,"all 302 textless items scanned by metadata and all 319 images OCR'd; the 10 over 150 words are schedules and broadcast listings, nothing per-man | textless scan; in index, no OCR layer",,,,,,,,,,,,,,,,,,,,,0
buccaneers-1980,nfl-books,,Tampa Bay Buccaneers 1980 Media Guide Cover,1980,0,no-text-layer,cover scan,none,read-2026-09-06-yearbooks,"all 302 textless items scanned by metadata and all 319 images OCR'd; the 10 over 150 words are schedules and broadcast listings, nothing per-man | textless scan; in index, no OCR layer",,,,,,,,,,,,,,,,,,,,,0
buffalo-bills-1980-media-guide-cover.jpg,nfl-books,,Buffalo Bills 1980 Media Guide Cover,1980,0,no-text-layer,cover scan,none,read-2026-09-06-yearbooks,"all 302 textless items scanned by metadata and all 319 images OCR'd; the 10 over 150 words are schedules and broadcast listings, nothing per-man | textless scan; in index, no OCR layer",,,,,,,,,,,,,,,,,,,,,0
cardinals-1980,nfl-books,,St. Louis Cardinals 1980 Media Guide Cover,1980,0,no-text-layer,cover scan,none,read-2026-09-06-yearbooks,"all 302 textless items scanned by metadata and all 319 images OCR'd; the 10 over 150 words are schedules and broadcast listings, nothing per-man | textless scan; in index, no OCR layer",,,,,,,,,,,,,,,,,,,,,0
chargers-1980,nfl-books,,San Diego Chargers 1980 Media Guide Cover,1980,0,no-text-layer,cover scan,none,read-2026-09-06-yearbooks,"all 302 textless items scanned by metadata and all 319 images OCR'd; the 10 over 150 words are schedules and broadcast listings, nothing per-man | textless scan; in index, no OCR layer",,,,,,,,,,,,,,,,,,,,,0
chiefs-1980-media-guide-kansas-city-c,nfl-books,nfl-books/text_all/chiefs-1980-media-guide-kansas-city-c.txt,Kansas City Chiefs 1980 Media Guide,1980,1,ocr-text,unread,unread,unread,,354748,57710,1854,2022,1979,285,1,0,0,21,109,94,0,29,103,16,17,,,,0
colts-1980-media-guide-baltimore,nfl-books,nfl-books/text_all/colts-1980-media-guide-baltimore.txt,Baltimore Colts 1980 Media Guide,1980,1,ocr-text,unread,unread,unread,,522509,85806,1851,2029,1979,444,0,0,0,29,198,176,2,63,10,49,27,,,,0
cowboys-1980-media-guide-dallas-b,nfl-books,nfl-books/text_all/cowboys-1980-media-guide-dallas-b.txt,Dallas Cowboys 1980 Media Guide,1980,1,ocr-text,unread,unread,unread,,401322,66241,1851,1992,1979,402,2,0,0,27,133,56,0,196,254,80,32,,,,0
dolphins-1980-media-guide-miami,nfl-books,nfl-books/text_all/dolphins-1980-media-guide-miami.txt,Miami Dolphins 1980 Media Guide,1980,1,ocr-text,unread,unread,unread,,456569,77999,1851,2029,1979,497,2,0,2,33,2,45,0,90,33,23,25,,,,0
eagles-1980-media-guide-philadelphia-c,nfl-books,nfl-books/text_all/eagles-1980-media-guide-philadelphia-c.txt,Philadelphia Eagles 1980 Media Guide,1980,1,ocr-text,unread,unread,unread,,374188,61340,1855,1996,1979,335,0,0,0,28,213,109,0,70,16,41,59,,,,0
falcons-1980-media-guide-atlanta-b,nfl-books,nfl-books/text_all/falcons-1980-media-guide-atlanta-b.txt,Atlanta Falcons 1980 Media Guide,1980,1,ocr-text,unread,unread,unread,,295763,47780,1851,2000,1979,302,0,0,0,18,149,46,0,46,11,39,10,,,,0
houston-oilers-1980-media-guide-cover,nfl-books,,Houston Oilers 1980 Media Guide Cover,1980,0,no-text-layer,cover scan,none,read-2026-09-06-yearbooks,"all 302 textless items scanned by metadata and all 319 images OCR'd; the 10 over 150 words are schedules and broadcast listings, nothing per-man | textless scan; in index, no OCR layer",,,,,,,,,,,,,,,,,,,,,0
jets-1980-media-guide-new-york-c,nfl-books,nfl-books/text_all/jets-1980-media-guide-new-york-c.txt,New York Jets 1980 Media Guide,1980,1,ocr-text,unread,unread,unread,,450903,73419,1851,2018,1979,340,1,0,1,64,219,35,0,13,524,47,46,,,,0
lions-1980-media-guide-detroit-c,nfl-books,nfl-books/text_all/lions-1980-media-guide-detroit-c.txt,Detroit Lions 1980 Media Guide,1980,1,ocr-text,unread,unread,unread,,270759,46306,1865,1993,1978,188,0,0,0,13,161,28,3,33,683,23,141,,,,0
new-york-giants-1980-media-guide-cover,nfl-books,,New York Giants 1980 Media Guide Cover,1980,0,no-text-layer,cover scan,none,read-2026-09-06-yearbooks,"all 302 textless items scanned by metadata and all 319 images OCR'd; the 10 over 150 words are schedules and broadcast listings, nothing per-man | textless scan; in index, no OCR layer",,,,,,,,,,,,,,,,,,,,,0
oakland-raiders-1980-media-guide-cover,nfl-books,,Oakland Raiders 1980 Media Guide Cover,1980,0,no-text-layer,cover scan,none,read-2026-09-06-yearbooks,"all 302 textless items scanned by metadata and all 319 images OCR'd; the 10 over 150 words are schedules and broadcast listings, nothing per-man | textless scan; in index, no OCR layer",,,,,,,,,,,,,,,,,,,,,0
packers-1980-media-guide-green-bay-c,nfl-books,nfl-books/text_all/packers-1980-media-guide-green-bay-c.txt,Green Bay Packers 1980 Media Guide,1980,1,ocr-text,unread,unread,unread,,343798,57211,1861,2005,1979,372,2,0,1,22,173,93,0,59,55,40,48,,,,0
patriots-1980-media-guide-new-england,nfl-books,nfl-books/text_all/patriots-1980-media-guide-new-england.txt,New England Patriots 1980 Media Guide,1980,1,ocr-text,unread,unread,unread,,431673,73350,1851,2021,1979,265,2,0,2,31,222,56,0,18,64,53,70,,,,0
rams-1980-media-guide-los-angeles-b,nfl-books,nfl-books/text_all/rams-1980-media-guide-los-angeles-b.txt,Los Angeles Rams 1980 Media Guide,1980,1,ocr-text,unread,unread,unread,,370641,62108,1850,1997,1979,336,1,0,0,28,146,160,0,27,83,45,39,,,,0
redskins-1980-media-guide-washington-c,nfl-books,nfl-books/text_all/redskins-1980-media-guide-washington-c.txt,Washington Redskins 1980 Media Guide,1980,1,ocr-text,unread,unread,unread,,268309,44174,1860,1992,1979,258,1,0,0,27,107,72,118,7,455,50,53,,,,0
saints-1980-media-guide-new-orleans,nfl-books,nfl-books/text_all/saints-1980-media-guide-new-orleans.txt,New Orleans Saints 1980 Media Guide,1980,1,ocr-text,unread,unread,unread,,299264,48841,1855,1991,1979,266,2,0,0,30,184,213,1,29,42,36,36,,,,0
seahawks-1980-media-guide-seattle,nfl-books,nfl-books/text_all/seahawks-1980-media-guide-seattle.txt,Seattle Seahawks 1980 Media Guide,1980,1,ocr-text,unread,unread,unread,,303791,49653,1851,1980,1979,344,3,0,3,47,372,192,96,43,46,33,92,,,,0
steelers-1980-media-guide-pittsburgh-c,nfl-books,nfl-books/text_all/steelers-1980-media-guide-pittsburgh-c.txt,Pittsburgh Steelers 1980 Media Guide,1980,1,ocr-text,unread,unread,unread,,452632,74401,1856,2018,1979,324,1,1,0,22,282,76,0,21,0,115,89,,,,0
vikings-1980-media-guide-minnesota-b,nfl-books,nfl-books/text_all/vikings-1980-media-guide-minnesota-b.txt,Minnesota Vikings 1980 Media Guide,1980,1,ocr-text,unread,unread,unread,,236256,39791,1851,1997,1979,212,3,0,0,23,157,77,0,106,0,57,22,,,,0
49ers-1981-media-guide-san-francisco-c,nfl-books,nfl-books/text_all/49ers-1981-media-guide-san-francisco-c.txt,San Francisco 49ers 1981 Media Guide,1981,1,ocr-text,unread,unread,unread,,498100,85165,1851,2029,1980,415,4,0,0,40,167,109,1,395,322,72,47,,,,0
bears-1981-media-guide-chicago,nfl-books,nfl-books/text_all/bears-1981-media-guide-chicago.txt,Chicago Bears 1981 Media Guide,1981,1,ocr-text,unread,unread,unread,,477733,81246,1852,2026,1980,303,5,0,5,41,59,50,0,66,112,32,47,,,,0
bengals-1981-media-guide-cincinnati-c,nfl-books,nfl-books/text_all/bengals-1981-media-guide-cincinnati-c.txt,Cincinnati Bengals 1981 Media Guide,1981,1,ocr-text,unread,unread,unread,,242869,38174,1850,2020,1980,189,0,0,0,24,2,13,0,33,285,60,96,,,,0
bills-1981-media-guide-buffalo-c,nfl-books,nfl-books/text_all/bills-1981-media-guide-buffalo-c.txt,Buffalo Bills 1981 Media Guide,1981,1,ocr-text,unread,unread,unread,,391933,65876,1850,2017,1980,385,2,0,0,56,3,140,1,54,52,32,31,,,,0
broncos-1981-media-guide-denver-c,nfl-books,nfl-books/text_all/broncos-1981-media-guide-denver-c.txt,Denver Broncos 1981 Media Guide,1981,1,ocr-text,unread,unread,unread,,419084,65871,1851,2029,1980,364,5,0,0,65,294,205,115,79,149,41,38,,,,0
browns-1981-media-guide-cleveland-c,nfl-books,nfl-books/text_all/browns-1981-media-guide-cleveland-c.txt,Cleveland Browns 1981 Media Guide,1981,1,ocr-text,unread,unread,unread,,370983,59972,1861,2026,1980,341,0,0,0,27,205,44,0,122,16,20,39,,,,0
buccaneers-1981-media-guide-tampa-bay-c,nfl-books,nfl-books/text_all/buccaneers-1981-media-guide-tampa-bay-c.txt,Tampa Bay Buccaneers 1981 Media Guide,1981,1,ocr-text,unread,unread,unread,,509594,84455,1851,1984,1979,751,7,1,1,97,404,94,1,0,142,44,50,,,,0
cardinals-1981-media-guide-st.-louis-c,nfl-books,nfl-books/text_all/cardinals-1981-media-guide-st.-louis-c.txt,St. Louis Cardinals 1981 Media Guide,1981,1,ocr-text,unread,unread,unread,,451330,78814,1851,2000,1980,378,0,0,0,62,4,81,0,24,17,28,23,,,,0
chargers-1981-media-guide-san-diego-c,nfl-books,nfl-books/text_all/chargers-1981-media-guide-san-diego-c.txt,San Diego Chargers 1981 Media Guide,1981,1,ocr-text,unread,unread,unread,,423669,70999,1860,2027,1980,464,0,0,1,39,5,117,0,4,444,27,23,,,,0
chiefs-1981-media-guide-kansas-city-c,nfl-books,nfl-books/text_all/chiefs-1981-media-guide-kansas-city-c.txt,Kansas City Chiefs 1981 Media Guide,1981,1,ocr-text,unread,unread,unread,,368045,60705,1858,2022,1980,274,2,0,0,22,96,86,0,2,193,9,47,,,,0
colts-1981-media-guide-baltimore,nfl-books,nfl-books/text_all/colts-1981-media-guide-baltimore.txt,Baltimore Colts 1981 Media Guide,1981,1,ocr-text,unread,unread,unread,,520853,85997,1851,2026,1980,481,0,0,0,51,201,164,2,57,8,61,57,,,,0
cowboys-1981-media-guide-dallas-b,nfl-books,nfl-books/text_all/cowboys-1981-media-guide-dallas-b.txt,Dallas Cowboys 1981 Media Guide,1981,1,ocr-text,unread,unread,unread,,431276,71277,1851,2002,1980,508,2,0,0,28,136,56,0,200,258,89,21,,,,0
dolphins-1981-media-guide-miami,nfl-books,nfl-books/text_all/dolphins-1981-media-guide-miami.txt,Miami Dolphins 1981 Media Guide,1981,1,ocr-text,unread,unread,unread,,471972,78903,1850,2029,1980,583,3,0,3,42,7,52,0,72,13,25,36,,,,0
eagles-1981-media-guide-philadelphia-c,nfl-books,nfl-books/text_all/eagles-1981-media-guide-philadelphia-c.txt,Philadelphia Eagles 1981 Media Guide,1981,1,ocr-text,unread,unread,unread,,386614,63075,1851,2000,1980,369,0,0,0,32,224,101,0,22,16,33,49,,,,0
falcons-1981-media-guide-atlanta-a-b,nfl-books,nfl-books/text_all/falcons-1981-media-guide-atlanta-a-b.txt,Atlanta Falcons 1981 Media Guide,1981,1,ocr-text,unread,unread,unread,,333027,53199,1851,2005,1980,330,0,0,0,14,159,47,0,39,16,44,17,,,,0
giants-1981-media-guide-new-york-b,nfl-books,nfl-books/text_all/giants-1981-media-guide-new-york-b.txt,New York Giants 1981 Media Guide,1981,1,ocr-text,unread,unread,unread,,383447,63023,1851,2000,1980,346,3,0,0,37,160,145,0,2,2,25,29,,,,0
jets-1981-media-guide-new-york-c,nfl-books,nfl-books/text_all/jets-1981-media-guide-new-york-c.txt,New York Jets 1981 Media Guide,1981,1,ocr-text,unread,unread,unread,,454696,74699,1860,2006,1980,304,3,0,2,50,166,24,0,63,486,45,74,,,,0
lions-1981-media-guide-detroit-b,nfl-books,nfl-books/text_all/lions-1981-media-guide-detroit-b.txt,Detroit Lions 1981 Media Guide,1981,1,ocr-text,unread,unread,unread,,273737,46087,1853,2020,1980,180,0,0,0,15,157,24,4,0,516,7,45,,,,0
nfl-media-information-book-1981,nfl-books,nfl-books/text_all/nfl-media-information-book-1981.txt,NFL Media Information Book 1981,1981,1,ocr-text,unread,unread,unread,,1077228,173039,1850,2026,1980,2127,2,0,1,12,30,15,0,397,449,197,898,,,,0
oilers-1981-media-guide-houston-c,nfl-books,nfl-books/text_all/oilers-1981-media-guide-houston-c.txt,Houston Oilers 1981 Media Guide,1981,1,ocr-text,unread,unread,unread,,313545,51362,1860,1997,1980,248,2,0,2,39,101,130,0,9,15,52,68,,,,0
packers-1981-media-guide-green-bay-c,nfl-books,nfl-books/text_all/packers-1981-media-guide-green-bay-c.txt,Green Bay Packers 1981 Media Guide,1981,1,ocr-text,unread,unread,unread,,380461,60928,1863,2005,1980,384,1,0,2,33,153,92,0,122,60,31,45,,,,0
patriots-1981-media-guide-new-england,nfl-books,nfl-books/text_all/patriots-1981-media-guide-new-england.txt,New England Patriots 1981 Media Guide,1981,1,ocr-text,unread,unread,unread,,448632,75690,1850,2016,1980,280,1,0,0,32,201,55,0,36,14,62,86,,,,0
raiders-1981-media-guide-oakland-c,nfl-books,nfl-books/text_all/raiders-1981-media-guide-oakland-c.txt,Oakland Raiders 1981 Media Guide,1981,1,ocr-text,unread,unread,unread,,334944,55142,1873,2013,1980,407,7,0,0,48,190,147,0,51,123,53,36,,,,0
rams-1981-media-guide-los-angeles-b,nfl-books,nfl-books/text_all/rams-1981-media-guide-los-angeles-b.txt,Los Angeles Rams 1981 Media Guide,1981,1,ocr-text,unread,unread,unread,,354702,60277,1850,2005,1980,281,2,0,0,21,136,143,0,86,76,40,25,,,,0
redskins-1981-media-guide-washington-c,nfl-books,nfl-books/text_all/redskins-1981-media-guide-washington-c.txt,Washington Redskins 1981 Media Guide,1981,1,ocr-text,unread,unread,unread,,279542,46428,1858,2022,1980,289,4,0,0,20,55,41,124,2,678,45,73,,,,0
saints-1981-media-guide-new-orleans,nfl-books,nfl-books/text_all/saints-1981-media-guide-new-orleans.txt,New Orleans Saints 1981 Media Guide,1981,1,ocr-text,unread,unread,unread,,320370,50082,1858,2009,1980,249,0,0,0,28,177,206,0,22,72,30,34,,,,0
seahawks-1981-media-guide-seattle,nfl-books,nfl-books/text_all/seahawks-1981-media-guide-seattle.txt,Seattle Seahawks 1981 Media Guide,1981,1,ocr-text,unread,unread,unread,,313993,52378,1865,2000,1979,354,3,0,2,59,380,208,114,38,59,45,74,,,,0
steelers-1981-media-guide-pittsburgh-c,nfl-books,nfl-books/text_all/steelers-1981-media-guide-pittsburgh-c.txt,Pittsburgh Steelers 1981 Media Guide,1981,1,ocr-text,unread,unread,unread,,475662,77453,1861,2018,1979,441,0,1,2,25,303,69,0,24,0,70,80,,,,0
vikings-1981-media-guide-minnesota-c,nfl-books,nfl-books/text_all/vikings-1981-media-guide-minnesota-c.txt,Minnesota Vikings 1981 Media Guide,1981,1,ocr-text,unread,unread,unread,,245360,41216,1913,2020,1980,185,2,0,0,41,140,88,0,89,5,52,18,,,,0
49ers-1982,nfl-books,nfl-books/text_all/49ers-1982.txt,San Francisco 49ers 1982 Media Guide,1982,1,ocr-text,club media/press guide,biography+statistics+roster-table,"read-2026-09-07-yearbooks (stratified sample n=56 of 2,462 post-1950 texts, seed 20260907)",roster carries birth date,574720,98631,1918,2000,1981,480,2,0,0,43,172,138,1,319,330,72,62,,,,0
bears-1982-media-guide-chicago,nfl-books,nfl-books/text_all/bears-1982-media-guide-chicago.txt,Chicago Bears 1982 Media Guide,1982,1,ocr-text,unread,unread,unread,,483054,78878,1852,2020,1981,313,5,0,3,38,76,54,0,54,46,29,15,,,,0
bengals-1982-media-guide-cincinnati-c,nfl-books,nfl-books/text_all/bengals-1982-media-guide-cincinnati-c.txt,Cincinnati Bengals 1982 Media Guide,1982,1,ocr-text,club media/press guide,biography+statistics+roster-table,"read-2026-09-07-yearbooks (stratified sample n=56 of 2,462 post-1950 texts, seed 20260907)",,290949,48244,1854,2000,1981,224,0,0,0,30,6,13,0,20,248,82,118,,,,0
bills-1982-media-guide-buffalo-c,nfl-books,nfl-books/text_all/bills-1982-media-guide-buffalo-c.txt,Buffalo Bills 1982 Media Guide,1982,1,ocr-text,unread,unread,unread,,403323,67950,1858,2024,1981,492,2,0,1,76,3,149,0,69,53,58,51,,,,0
broncos-1982-media-guide-denver,nfl-books,nfl-books/text_all/broncos-1982-media-guide-denver.txt,Denver Broncos 1982 Media Guide,1982,1,ocr-text,unread,unread,unread,,437147,69771,1856,2029,1981,430,5,0,0,72,280,271,110,40,86,37,40,,,,0
browns-1982-media-guide-cleveland-c,nfl-books,nfl-books/text_all/browns-1982-media-guide-cleveland-c.txt,Cleveland Browns 1982 Media Guide,1982,1,ocr-text,unread,unread,unread,,375906,62818,1863,2026,1981,274,4,0,0,42,53,39,0,5,9,14,35,,,,0
buccaneers-1982-media-guide-tampa-bay-c,nfl-books,nfl-books/text_all/buccaneers-1982-media-guide-tampa-bay-c.txt,Tampa Bay Buccaneers 1982 Media Guide,1982,1,ocr-text,unread,unread,unread,,496255,82796,1873,1987,1981,709,7,1,2,96,422,112,1,0,48,15,24,,,,0
cardinals-1982,nfl-books,,St. Louis Cardinals 1982 Media Guide Cover,1982,0,no-text-layer,cover scan,none,read-2026-09-06-yearbooks,"all 302 textless items scanned by metadata and all 319 images OCR'd; the 10 over 150 words are schedules and broadcast listings, nothing per-man | textless scan; in index, no OCR layer",,,,,,,,,,,,,,,,,,,,,0
chargers-1982-media-guide-san-diego-c,nfl-books,nfl-books/text_all/chargers-1982-media-guide-san-diego-c.txt,San Diego Chargers 1982 Media Guide,1982,1,ocr-text,unread,unread,unread,,479608,80732,1860,2005,1981,465,2,0,1,65,7,101,0,42,611,30,6,,,,0
chiefs-1982-media-guide-kansas-city-c,nfl-books,nfl-books/text_all/chiefs-1982-media-guide-kansas-city-c.txt,Kansas City Chiefs 1982 Media Guide,1982,1,ocr-text,unread,unread,unread,,420567,70159,1854,2022,1981,376,0,0,0,44,110,101,0,1,103,13,31,,,,0
colts-1982-media-guide-baltimore,nfl-books,nfl-books/text_all/colts-1982-media-guide-baltimore.txt,Baltimore Colts 1982 Media Guide,1982,1,ocr-text,unread,unread,unread,,512263,84095,1850,2024,1981,537,3,0,0,50,197,171,2,54,27,56,65,,,,0
cowboys-1982-media-guide-dallas-b,nfl-books,nfl-books/text_all/cowboys-1982-media-guide-dallas-b.txt,Dallas Cowboys 1982 Media Guide,1982,1,ocr-text,unread,unread,unread,,453751,74768,1851,2000,1980,534,1,0,0,35,137,62,0,109,255,92,33,,,,0
dolphins-1982-media-guide-miami,nfl-books,nfl-books/text_all/dolphins-1982-media-guide-miami.txt,Miami Dolphins 1982 Media Guide,1982,1,ocr-text,unread,unread,unread,,492225,82303,1850,2029,1981,664,4,0,3,37,2,55,0,99,68,22,38,,,,0
eagles-1982-media-guide-philadelphia-c,nfl-books,nfl-books/text_all/eagles-1982-media-guide-philadelphia-c.txt,Philadelphia Eagles 1982 Media Guide,1982,1,ocr-text,unread,unread,unread,,414895,69518,1850,2021,1981,429,0,0,0,37,242,100,0,29,12,67,26,,,,0
falcons-1982-media-guide-atlanta-c,nfl-books,nfl-books/text_all/falcons-1982-media-guide-atlanta-c.txt,Atlanta Falcons 1982 Media Guide,1982,1,ocr-text,unread,unread,unread,,349000,55043,1860,2000,1981,368,0,0,0,18,193,48,2,0,52,55,40,,,,0
jets-1982-media-guide-new-york-c,nfl-books,nfl-books/text_all/jets-1982-media-guide-new-york-c.txt,New York Jets 1982 Media Guide,1982,1,ocr-text,unread,unread,unread,,461957,77007,1860,2006,1981,298,1,0,0,53,175,16,0,32,553,45,61,,,,0
lions-1982-media-guide-detroit-c,nfl-books,nfl-books/text_all/lions-1982-media-guide-detroit-c.txt,Detroit Lions 1982 Media Guide,1982,1,ocr-text,unread,unread,unread,,306251,52943,1874,2008,1980,188,0,0,0,20,174,62,2,1,710,32,165,,,,0
los-angeles-raiders-1982-media-guide-cover,nfl-books,,Los Angeles Raiders 1982 Media Guide Cover,1982,0,no-text-layer,cover scan,none,read-2026-09-06-yearbooks,"all 302 textless items scanned by metadata and all 319 images OCR'd; the 10 over 150 words are schedules and broadcast listings, nothing per-man | textless scan; in index, no OCR layer",,,,,,,,,,,,,,,,,,,,,0
new-york-giants-1982-media-guide-cover,nfl-books,,New York Giants 1982 Media Guide Cover,1982,0,no-text-layer,cover scan,none,read-2026-09-06-yearbooks,"all 302 textless items scanned by metadata and all 319 images OCR'd; the 10 over 150 words are schedules and broadcast listings, nothing per-man | textless scan; in index, no OCR layer",,,,,,,,,,,,,,,,,,,,,0
nfl-media-information-book-1982,nfl-books,nfl-books/text_all/nfl-media-information-book-1982.txt,NFL Media Information Book 1982,1982,1,ocr-text,unread,unread,unread,,1094042,176617,1850,2017,1982,2074,2,0,1,12,33,10,0,341,1248,167,1090,,,,0
oilers-1982-media-guide-houston-b,nfl-books,nfl-books/text_all/oilers-1982-media-guide-houston-b.txt,Houston Oilers 1982 Media Guide,1982,1,ocr-text,unread,unread,unread,,351015,57221,1869,2017,1981,284,2,0,2,45,111,145,0,7,10,44,68,,,,0
packers-1982-media-guide-green-bay-c,nfl-books,nfl-books/text_all/packers-1982-media-guide-green-bay-c.txt,Green Bay Packers 1982 Media Guide,1982,1,ocr-text,unread,unread,unread,,431790,70237,1862,2000,1981,433,3,0,2,44,191,123,0,192,61,27,25,,,,0
patriots-1982-media-guide-new-england,nfl-books,nfl-books/text_all/patriots-1982-media-guide-new-england.txt,New England Patriots 1982 Media Guide,1982,1,ocr-text,unread,unread,unread,,475380,80723,1859,2017,1981,285,0,0,0,36,220,75,0,17,11,59,40,,,,0
pittsburgh-steelers-1982-media-guide-cover,nfl-books,,Pittsburgh Steelers 1982 Media Guide Cover,1982,0,no-text-layer,cover scan,none,read-2026-09-06-yearbooks,"all 302 textless items scanned by metadata and all 319 images OCR'd; the 10 over 150 words are schedules and broadcast listings, nothing per-man | textless scan; in index, no OCR layer",,,,,,,,,,,,,,,,,,,,,0
rams-1982-media-guide-los-angeles-c,nfl-books,nfl-books/text_all/rams-1982-media-guide-los-angeles-c.txt,Los Angeles Rams 1982 Media Guide,1982,1,ocr-text,unread,unread,unread,,369955,62170,1870,2014,1981,384,3,0,0,23,144,192,0,51,79,41,18,,,,0
redskins-1982-media-guide-washington-c,nfl-books,nfl-books/text_all/redskins-1982-media-guide-washington-c.txt,Washington Redskins 1982 Media Guide,1982,1,ocr-text,unread,unread,unread,,329608,55664,1856,2022,1981,373,5,0,0,41,3,67,1,1,518,38,32,,,,0
saints-1982-media-guide-new-orleans,nfl-books,nfl-books/text_all/saints-1982-media-guide-new-orleans.txt,New Orleans Saints 1982 Media Guide,1982,1,ocr-text,unread,unread,unread,,338354,53169,1857,2005,1981,319,0,0,1,34,198,191,1,31,146,22,31,,,,0
seahawks-1982-media-guide-seattle,nfl-books,nfl-books/text_all/seahawks-1982-media-guide-seattle.txt,Seattle Seahawks 1982 Media Guide,1982,1,ocr-text,unread,unread,unread,,311182,50630,1859,1990,1981,369,2,0,6,65,410,245,93,33,98,45,62,,,,0
vikings-1982-media-guide-minnesota-c,nfl-books,nfl-books/text_all/vikings-1982-media-guide-minnesota-c.txt,Minnesota Vikings 1982 Media Guide,1982,1,ocr-text,unread,unread,unread,,261391,44128,1913,2020,1981,203,1,0,0,40,146,120,2,30,6,39,22,,,,0
49ers-1983-media-guide-san-francisco-c,nfl-books,nfl-books/text_all/49ers-1983-media-guide-san-francisco-c.txt,San Francisco 49ers 1983 Media Guide,1983,1,ocr-text,unread,unread,unread,,570604,97446,1900,2005,1982,398,1,0,0,51,197,131,1,343,497,60,143,,,,0
bears-1983-media-guide-chicago-b,nfl-books,nfl-books/text_all/bears-1983-media-guide-chicago-b.txt,Chicago Bears 1983 Media Guide,1983,1,ocr-text,unread,unread,unread,,461284,75084,1852,2020,1982,328,5,0,4,44,78,52,0,56,121,39,39,,,,0
bengals-1983-media-guide-cincinnati-c,nfl-books,nfl-books/text_all/bengals-1983-media-guide-cincinnati-c.txt,Cincinnati Bengals 1983 Media Guide,1983,1,ocr-text,unread,unread,unread,,309376,51657,1854,2026,1982,260,0,0,0,33,10,19,0,11,238,85,234,,,,0
bills-1983-media-guide-buffalo-c,nfl-books,nfl-books/text_all/bills-1983-media-guide-buffalo-c.txt,Buffalo Bills 1983 Media Guide,1983,1,ocr-text,unread,unread,unread,,405934,69737,1854,2021,1981,442,2,0,1,85,7,145,0,65,384,55,128,,,,0
broncos-1983-media-guide-denver,nfl-books,nfl-books/text_all/broncos-1983-media-guide-denver.txt,Denver Broncos 1983 Media Guide,1983,1,ocr-text,unread,unread,unread,,372819,57706,1856,2029,1982,383,4,0,1,53,240,69,96,171,67,35,10,,,,0
browns-1983-media-guide-cleveland-c,nfl-books,nfl-books/text_all/browns-1983-media-guide-cleveland-c.txt,Cleveland Browns 1983 Media Guide,1983,1,ocr-text,unread,unread,unread,,430575,69863,1863,2026,1982,370,1,0,1,61,60,47,0,11,9,10,43,,,,0
buccaneers-1983-media-guide-tampa-bay-c,nfl-books,nfl-books/text_all/buccaneers-1983-media-guide-tampa-bay-c.txt,Tampa Bay Buccaneers 1983 Media Guide,1983,1,ocr-text,unread,unread,unread,,489706,79305,1873,1989,1981,650,7,1,2,87,450,115,1,0,171,16,39,,,,0
cardinals-1983-media-guide-st.-louis-c,nfl-books,nfl-books/text_all/cardinals-1983-media-guide-st.-louis-c.txt,St. Louis Cardinals 1983 Media Guide,1983,1,ocr-text,unread,unread,unread,,531405,94109,1851,2026,1982,479,1,0,0,59,3,92,0,70,26,49,131,,,,0
chargers-1983-media-guide-san-diego-c,nfl-books,nfl-books/text_all/chargers-1983-media-guide-san-diego-c.txt,San Diego Chargers 1983 Media Guide,1983,1,ocr-text,unread,unread,unread,,496643,83509,1861,2005,1981,459,2,0,1,73,1,92,0,4,627,28,9,,,,0
chiefs-1983-media-guide-kansas-city-c,nfl-books,nfl-books/text_all/chiefs-1983-media-guide-kansas-city-c.txt,Kansas City Chiefs 1983 Media Guide,1983,1,ocr-text,unread,unread,unread,,419499,70294,1856,2026,1981,375,1,0,0,52,128,105,1,0,115,18,36,,,,0
colts-1983-media-guide-baltimore,nfl-books,nfl-books/text_all/colts-1983-media-guide-baltimore.txt,Baltimore Colts 1983 Media Guide,1983,1,ocr-text,unread,unread,unread,,542113,88525,1860,2014,1982,540,2,0,0,58,170,228,2,65,29,56,45,,,,0
cowboys-1983-media-guide-dallas-b,nfl-books,nfl-books/text_all/cowboys-1983-media-guide-dallas-b.txt,Dallas Cowboys 1983 Media Guide,1983,1,ocr-text,unread,unread,unread,,447808,73918,1875,2002,1980,461,1,0,0,31,138,60,0,187,251,84,13,,,,0
dolphins-1983-media-guide-miami,nfl-books,nfl-books/text_all/dolphins-1983-media-guide-miami.txt,Miami Dolphins 1983 Media Guide,1983,1,ocr-text,unread,unread,unread,,446995,75896,1850,2029,1982,496,1,0,2,38,3,58,0,80,24,17,41,,,,0
falcons-1983-media-guide-atlanta-c,nfl-books,nfl-books/text_all/falcons-1983-media-guide-atlanta-c.txt,Atlanta Falcons 1983 Media Guide,1983,1,ocr-text,unread,unread,unread,,384404,61962,1860,2021,1981,384,1,0,0,24,160,81,0,1,65,51,56,,,,0
giants-1983-media-guide-new-york-c,nfl-books,nfl-books/text_all/giants-1983-media-guide-new-york-c.txt,New York Giants 1983 Media Guide,1983,1,ocr-text,unread,unread,unread,,390216,64755,1851,2023,1981,407,3,0,0,41,159,164,0,2,4,37,33,,,,0
houston-oilers-1983-media-guide-cover,nfl-books,,Houston Oilers 1983 Media Guide Cover,1983,0,no-text-layer,cover scan,none,read-2026-09-06-yearbooks,"all 302 textless items scanned by metadata and all 319 images OCR'd; the 10 over 150 words are schedules and broadcast listings, nothing per-man | textless scan; in index, no OCR layer",,,,,,,,,,,,,,,,,,,,,0
jets-1983-media-guide-new-york-c,nfl-books,nfl-books/text_all/jets-1983-media-guide-new-york-c.txt,New York Jets 1983 Media Guide,1983,1,ocr-text,unread,unread,unread,,440848,73381,1861,2006,1982,283,1,0,0,49,180,26,0,18,453,38,54,,,,0
lions-1983-media-guide-detroit-c,nfl-books,nfl-books/text_all/lions-1983-media-guide-detroit-c.txt,Detroit Lions 1983 Media Guide,1983,1,ocr-text,unread,unread,unread,,299987,51175,1867,2026,1981,192,1,0,0,20,158,57,1,0,583,29,112,,,,0
los-angeles-raiders-1983-media-guide-cover,nfl-books,,Los Angeles Raiders 1983 Media Guide Cover,1983,0,no-text-layer,cover scan,none,read-2026-09-06-yearbooks,"all 302 textless items scanned by metadata and all 319 images OCR'd; the 10 over 150 words are schedules and broadcast listings, nothing per-man | textless scan; in index, no OCR layer",,,,,,,,,,,,,,,,,,,,,0
nfl-media-information-book-1983,nfl-books,nfl-books/text_all/nfl-media-information-book-1983.txt,NFL Media Information Book 1983,1983,1,ocr-text,unread,unread,unread,,969012,155913,1853,2026,1982,1772,2,0,1,12,29,10,0,116,507,174,786,,,,0
packers-1983-media-guide-green-bay-b,nfl-books,nfl-books/text_all/packers-1983-media-guide-green-bay-b.txt,Green Bay Packers 1983 Media Guide,1983,1,ocr-text,unread,unread,unread,,451659,73054,1857,2022,1982,446,1,0,0,33,171,107,0,110,74,43,34,,,,0
patriots-1983-media-guide-new-england,nfl-books,nfl-books/text_all/patriots-1983-media-guide-new-england.txt,New England Patriots 1983 Media Guide,1983,1,ocr-text,unread,unread,unread,,484131,79687,1859,2004,1982,291,0,0,0,39,216,73,0,11,34,59,48,,,,0
philadelphia-eagles-1983-media-guide-cover,nfl-books,,Philadelphia Eagles 1983 Media Guide Cover,1983,0,no-text-layer,cover scan,none,read-2026-09-06-yearbooks,"all 302 textless items scanned by metadata and all 319 images OCR'd; the 10 over 150 words are schedules and broadcast listings, nothing per-man | textless scan; in index, no OCR layer",,,,,,,,,,,,,,,,,,,,,0
rams-1983-media-guide-los-angeles-c,nfl-books,nfl-books/text_all/rams-1983-media-guide-los-angeles-c.txt,Los Angeles Rams 1983 Media Guide,1983,1,ocr-text,unread,unread,unread,,349570,58286,1864,2020,1982,299,1,0,1,40,155,141,0,63,65,40,56,,,,0
redskins-1983-media-guide-washington-c,nfl-books,nfl-books/text_all/redskins-1983-media-guide-washington-c.txt,Washington Redskins 1983 Media Guide,1983,1,ocr-text,unread,unread,unread,,353163,60331,1870,2005,1982,469,5,0,1,26,3,61,0,1,140,71,72,,,,0
saints-1983-media-guide-new-orleans,nfl-books,nfl-books/text_all/saints-1983-media-guide-new-orleans.txt,New Orleans Saints 1983 Media Guide,1983,1,ocr-text,unread,unread,unread,,316217,50355,1864,2009,1982,251,1,0,0,31,188,150,1,9,37,11,19,,,,0
seahawks-1983-media-guide-seattle,nfl-books,nfl-books/text_all/seahawks-1983-media-guide-seattle.txt,Seattle Seahawks 1983 Media Guide,1983,1,ocr-text,unread,unread,unread,,344472,56453,1865,1984,1982,375,2,0,11,56,408,185,116,90,37,37,53,,,,0
steelers-1983-media-guide-pittsburgh-c,nfl-books,nfl-books/text_all/steelers-1983-media-guide-pittsburgh-c.txt,Pittsburgh Steelers 1983 Media Guide,1983,1,ocr-text,unread,unread,unread,,480338,77020,1856,2020,1982,467,0,0,1,34,313,60,1,19,0,90,67,,,,0
vikings-1983,nfl-books,,Minnesota Vikings 1983 Media Guide Cover,1983,0,no-text-layer,cover scan,none,read-2026-09-06-yearbooks,"all 302 textless items scanned by metadata and all 319 images OCR'd; the 10 over 150 words are schedules and broadcast listings, nothing per-man | textless scan; in index, no OCR layer",,,,,,,,,,,,,,,,,,,,,0
49ers-1984-media-guide-san-francisco-c,nfl-books,nfl-books/text_all/49ers-1984-media-guide-san-francisco-c.txt,San Francisco 49ers 1984 Media Guide,1984,1,ocr-text,unread,unread,unread,,617997,105514,1909,2000,1983,486,1,0,0,40,210,140,1,290,475,71,148,,,,0
bears-1984-media-guide-chicago-b,nfl-books,nfl-books/text_all/bears-1984-media-guide-chicago-b.txt,Chicago Bears 1984 Media Guide,1984,1,ocr-text,unread,unread,unread,,479750,78939,1852,2020,1983,353,2,0,3,39,11,82,0,160,96,56,39,,,,0
bengals-1984-media-guide-cincinnati-c,nfl-books,nfl-books/text_all/bengals-1984-media-guide-cincinnati-c.txt,Cincinnati Bengals 1984 Media Guide,1984,1,ocr-text,unread,unread,unread,,328975,54950,1854,2005,1983,279,0,0,1,38,1,18,0,3,99,58,95,,,,0
bills-1984-media-guide-buffalo-c,nfl-books,nfl-books/text_all/bills-1984-media-guide-buffalo-c.txt,Buffalo Bills 1984 Media Guide,1984,1,ocr-text,unread,unread,unread,,460570,75529,1850,2021,1983,528,3,0,2,108,9,140,0,47,368,54,57,,,,0
broncos-1984-media-guide-denver,nfl-books,nfl-books/text_all/broncos-1984-media-guide-denver.txt,Denver Broncos 1984 Media Guide,1984,1,ocr-text,unread,unread,unread,,414078,64550,1856,2029,1983,434,2,0,1,56,280,87,111,221,92,31,15,,,,0
browns-1984-media-guide-cleveland-c,nfl-books,nfl-books/text_all/browns-1984-media-guide-cleveland-c.txt,Cleveland Browns 1984 Media Guide,1984,1,ocr-text,club media/press guide,biography+statistics+roster-table,"read-2026-09-07-yearbooks (stratified sample n=56 of 2,462 post-1950 texts, seed 20260907)",,527981,86183,1863,2026,1983,516,7,0,1,78,81,62,0,20,10,17,50,,,,0
buccaneers-1984-media-guide-tampa-bay-c,nfl-books,nfl-books/text_all/buccaneers-1984-media-guide-tampa-bay-c.txt,Tampa Bay Buccaneers 1984 Media Guide,1984,1,ocr-text,unread,unread,unread,,498696,80529,1910,1991,1983,627,4,1,3,97,447,101,1,0,193,17,28,,,,0
cardinals-1984-media-guide-st.-louis-c,nfl-books,nfl-books/text_all/cardinals-1984-media-guide-st.-louis-c.txt,St. Louis Cardinals 1984 Media Guide,1984,1,ocr-text,unread,unread,unread,,404878,66261,1853,2027,1983,285,1,0,0,32,147,79,0,60,116,67,135,,,,0
chargers-1984-media-guide-san-diego-c,nfl-books,nfl-books/text_all/chargers-1984-media-guide-san-diego-c.txt,San Diego Chargers 1984 Media Guide,1984,1,ocr-text,unread,unread,unread,,482429,81933,1861,2024,1983,399,1,0,1,63,106,82,0,9,677,17,11,,,,0
chiefs-1984-media-guide-kansas-city-c,nfl-books,nfl-books/text_all/chiefs-1984-media-guide-kansas-city-c.txt,Kansas City Chiefs 1984 Media Guide,1984,1,ocr-text,unread,unread,unread,,437862,72908,1858,2022,1983,435,2,0,0,49,140,109,0,0,149,36,81,,,,0
colts-1984-media-guide-indianapolis,nfl-books,nfl-books/text_all/colts-1984-media-guide-indianapolis.txt,Indianapolis Colts 1984 Media Guide,1984,1,ocr-text,unread,unread,unread,,544804,91251,1855,2014,1983,594,3,0,0,52,159,195,3,38,27,55,53,,,,0
cowboys-1984-media-guide-dallas-b,nfl-books,nfl-books/text_all/cowboys-1984-media-guide-dallas-b.txt,Dallas Cowboys 1984 Media Guide,1984,1,ocr-text,unread,unread,unread,,465021,76790,1871,2000,1983,470,3,0,0,39,132,70,0,113,292,91,6,,,,0
dolphins-1984-media-guide-miami,nfl-books,nfl-books/text_all/dolphins-1984-media-guide-miami.txt,Miami Dolphins 1984 Media Guide,1984,1,ocr-text,unread,unread,unread,,620003,105168,1850,2029,1983,753,2,0,1,105,213,159,16,80,17,21,43,,,,0
eagles-1984-media-guide-philadelphia-c,nfl-books,nfl-books/text_all/eagles-1984-media-guide-philadelphia-c.txt,Philadelphia Eagles 1984 Media Guide,1984,1,ocr-text,unread,unread,unread,,454714,75605,1880,2001,1983,447,1,0,0,58,133,119,0,10,3,68,55,,,,0
falcons-1984-media-guide-atlanta-c,nfl-books,nfl-books/text_all/falcons-1984-media-guide-atlanta-c.txt,Atlanta Falcons 1984 Media Guide,1984,1,ocr-text,unread,unread,unread,,415018,66912,1860,2025,1983,452,0,0,0,25,166,63,0,25,45,53,50,,,,0
giants-1984-media-guide-new-york-c,nfl-books,nfl-books/text_all/giants-1984-media-guide-new-york-c.txt,New York Giants 1984 Media Guide,1984,1,ocr-text,unread,unread,unread,,418181,68790,1851,2000,1983,419,3,0,0,43,171,149,0,0,70,27,30,,,,0
jets-1984-media-guide-new-york-c,nfl-books,nfl-books/text_all/jets-1984-media-guide-new-york-c.txt,New York Jets 1984 Media Guide,1984,1,ocr-text,unread,unread,unread,,491991,81234,1852,2006,1983,289,1,0,0,65,183,22,0,13,665,40,141,,,,0
lions-1984-media-guide-detroit-c,nfl-books,nfl-books/text_all/lions-1984-media-guide-detroit-c.txt,Detroit Lions 1984 Media Guide,1984,1,ocr-text,unread,unread,unread,,328445,55965,1874,1999,1983,227,1,0,1,19,161,59,1,1,584,36,179,,,,0
los-angeles-raiders-1984-media-guide-cover,nfl-books,,Los Angeles Raiders 1984 Media Guide Cover,1984,0,no-text-layer,cover scan,none,read-2026-09-06-yearbooks,"all 302 textless items scanned by metadata and all 319 images OCR'd; the 10 over 150 words are schedules and broadcast listings, nothing per-man | textless scan; in index, no OCR layer",,,,,,,,,,,,,,,,,,,,,0
nfl-1984-record-fact-book,nfl-books,nfl-books/text_all/nfl-1984-record-fact-book.txt,NFL Record & Fact Book 1984,1984,1,ocr-text,unread,unread,unread,,2187924,346186,1853,2029,1983,2255,2,0,1,17,32,134,0,106,599,156,997,,,,0
oilers-1984-media-guide-houston-b,nfl-books,nfl-books/text_all/oilers-1984-media-guide-houston-b.txt,Houston Oilers 1984 Media Guide,1984,1,ocr-text,unread,unread,unread,,381863,62916,1869,2026,1983,316,0,0,1,45,106,94,0,5,60,44,62,,,,0
packers-1984-media-guide-green-bay-c,nfl-books,nfl-books/text_all/packers-1984-media-guide-green-bay-c.txt,Green Bay Packers 1984 Media Guide,1984,1,ocr-text,unread,unread,unread,,476996,77996,1852,2008,1983,517,0,0,1,39,176,112,0,81,75,39,25,,,,0
patriots-1984-media-guide-new-england,nfl-books,nfl-books/text_all/patriots-1984-media-guide-new-england.txt,New England Patriots 1984 Media Guide,1984,1,ocr-text,unread,unread,unread,,530205,87397,1854,2021,1983,351,2,0,0,53,225,86,0,11,31,53,31,,,,0
rams-1984,nfl-books,nfl-books/text_all/rams-1984.txt,Los Angeles Rams 1984 Media Guide,1984,1,ocr-text,unread,unread,unread,,427638,71806,1870,1988,1983,360,1,0,2,37,159,153,0,88,242,64,47,,,,0
redskins-1984-media-guide-washington-c,nfl-books,nfl-books/text_all/redskins-1984-media-guide-washington-c.txt,Washington Redskins 1984 Media Guide,1984,1,ocr-text,unread,unread,unread,,494776,84548,1855,2006,1983,644,3,0,1,42,5,70,1,6,411,69,57,,,,0
saints-1984-media-guide-new-orleans,nfl-books,nfl-books/text_all/saints-1984-media-guide-new-orleans.txt,New Orleans Saints 1984 Media Guide,1984,1,ocr-text,unread,unread,unread,,346681,55214,1863,2006,1983,353,1,0,0,32,218,164,0,17,80,24,43,,,,0
seahawks-1984-media-guide-seattle,nfl-books,nfl-books/text_all/seahawks-1984-media-guide-seattle.txt,Seattle Seahawks 1984 Media Guide,1984,1,ocr-text,unread,unread,unread,,365051,61090,1865,1990,1983,484,2,0,3,38,264,122,106,49,55,47,93,,,,0
steelers-1984-media-guide-pittsburgh-c,nfl-books,nfl-books/text_all/steelers-1984-media-guide-pittsburgh-c.txt,Pittsburgh Steelers 1984 Media Guide,1984,1,ocr-text,unread,unread,unread,,505170,84084,1856,2018,1983,534,0,0,2,36,312,60,0,19,3,85,61,,,,0
vikings-1984,nfl-books,,Minnesota Vikings 1984 Media Guide Cover,1984,0,no-text-layer,cover scan,none,read-2026-09-06-yearbooks,"all 302 textless items scanned by metadata and all 319 images OCR'd; the 10 over 150 words are schedules and broadcast listings, nothing per-man | textless scan; in index, no OCR layer",,,,,,,,,,,,,,,,,,,,,0
49ers-1985-media-guide-san-francisco-c,nfl-books,nfl-books/text_all/49ers-1985-media-guide-san-francisco-c.txt,San Francisco 49ers 1985 Media Guide,1985,1,ocr-text,unread,unread,unread,,549653,92619,1851,2013,1984,605,2,0,1,53,199,128,0,251,201,55,40,,,,0
bears-1985-media-guide-chicago-c,nfl-books,nfl-books/text_all/bears-1985-media-guide-chicago-c.txt,Chicago Bears 1985 Media Guide,1985,1,ocr-text,unread,unread,unread,,468106,75134,1860,2024,1984,370,1,0,4,45,3,60,0,1,102,44,64,,,,0
bengals-1985-media-guide-cincinnati-c,nfl-books,nfl-books/text_all/bengals-1985-media-guide-cincinnati-c.txt,Cincinnati Bengals 1985 Media Guide,1985,1,ocr-text,unread,unread,unread,,340294,56715,1854,2000,1984,305,0,0,1,36,3,25,0,16,276,72,88,,,,0
bills-1985-media-guide-buffalo-c,nfl-books,nfl-books/text_all/bills-1985-media-guide-buffalo-c.txt,Buffalo Bills 1985 Media Guide,1985,1,ocr-text,unread,unread,unread,,467578,80089,1854,2021,1984,482,1,0,2,84,200,156,0,76,364,32,49,,,,0
broncos-1985-media-guide-denver,nfl-books,nfl-books/text_all/broncos-1985-media-guide-denver.txt,Denver Broncos 1985 Media Guide,1985,1,ocr-text,unread,unread,unread,,455686,71630,1856,2029,1984,511,3,0,0,57,287,92,117,110,230,36,31,,,,0
browns-1985-media-guide-cleveland-c,nfl-books,nfl-books/text_all/browns-1985-media-guide-cleveland-c.txt,Cleveland Browns 1985 Media Guide,1985,1,ocr-text,unread,unread,unread,,582235,96228,1863,2026,1984,515,6,0,0,83,84,77,0,11,10,26,70,,,,0
buccaneers-1985,nfl-books,,Tampa Bay Buccaneers 1985 Media Guide Cover,1985,0,no-text-layer,cover scan,none,read-2026-09-06-yearbooks,"all 302 textless items scanned by metadata and all 319 images OCR'd; the 10 over 150 words are schedules and broadcast listings, nothing per-man | textless scan; in index, no OCR layer",,,,,,,,,,,,,,,,,,,,,0
cardinals-1985,nfl-books,,St. Louis Cardinals 1985 Media Guide Cover,1985,0,no-text-layer,cover scan,none,read-2026-09-06-yearbooks,"all 302 textless items scanned by metadata and all 319 images OCR'd; the 10 over 150 words are schedules and broadcast listings, nothing per-man | textless scan; in index, no OCR layer",,,,,,,,,,,,,,,,,,,,,0
chargers-1987,nfl-books,,San Diego Chargers 1985 Media Guide Cover,1985,0,no-text-layer,cover scan,none,read-2026-09-06-yearbooks,"all 302 textless items scanned by metadata and all 319 images OCR'd; the 10 over 150 words are schedules and broadcast listings, nothing per-man | textless scan; in index, no OCR layer",,,,,,,,,,,,,,,,,,,,,0
chiefs-1985-media-guide-kansas-city-c,nfl-books,nfl-books/text_all/chiefs-1985-media-guide-kansas-city-c.txt,Kansas City Chiefs 1985 Media Guide,1985,1,ocr-text,unread,unread,unread,,460923,77836,1858,2022,1983,442,2,0,1,65,121,114,1,1,249,44,28,,,,0
colts-1985-media-guide-indianapolis,nfl-books,nfl-books/text_all/colts-1985-media-guide-indianapolis.txt,Indianapolis Colts 1985 Media Guide,1985,1,ocr-text,unread,unread,unread,,561936,94622,1872,2025,1984,588,2,0,0,52,238,187,0,8,7,47,88,,,,0
cowboys-1985-media-guide-dallas-b,nfl-books,nfl-books/text_all/cowboys-1985-media-guide-dallas-b.txt,Dallas Cowboys 1985 Media Guide,1985,1,ocr-text,unread,unread,unread,,451755,75553,1872,2029,1984,468,1,0,0,46,130,87,0,64,259,50,15,,,,0
dolphins-1985-media-guide-miami,nfl-books,nfl-books/text_all/dolphins-1985-media-guide-miami.txt,Miami Dolphins 1985 Media Guide,1985,1,ocr-text,unread,unread,unread,,710255,116781,1850,2029,1984,856,2,2,1,130,255,181,28,108,25,27,19,,,,0
dolphins-1985-super-bowl-xix-media-guide-miami-c,nfl-books,nfl-books/text_all/dolphins-1985-super-bowl-xix-media-guide-miami-c.txt,Miami Dolphins 1985 Super Bowl XIX Media Guide,1985,1,ocr-text,unread,unread,unread,,125333,21845,1851,1985,1981,286,0,0,0,1,31,0,0,72,6,7,40,,,,0
eagles-1985-media-guide-philadelphia-c,nfl-books,nfl-books/text_all/eagles-1985-media-guide-philadelphia-c.txt,Philadelphia Eagles 1985 Media Guide,1985,1,ocr-text,unread,unread,unread,,514906,86613,1855,2027,1984,548,2,0,1,59,143,114,0,47,17,71,64,,,,0
falcons-1985-media-guide-atlanta-c,nfl-books,nfl-books/text_all/falcons-1985-media-guide-atlanta-c.txt,Atlanta Falcons 1985 Media Guide,1985,1,ocr-text,unread,unread,unread,,428060,69709,1860,2027,1984,434,1,0,1,45,198,84,0,69,62,63,55,,,,0
jets-1985-media-guide-new-york-c,nfl-books,nfl-books/text_all/jets-1985-media-guide-new-york-c.txt,New York Jets 1985 Media Guide,1985,1,ocr-text,unread,unread,unread,,498357,83564,1861,2006,1984,265,1,0,0,56,199,28,0,17,722,33,80,,,,0
lions-1985-media-guide-detroit-c,nfl-books,nfl-books/text_all/lions-1985-media-guide-detroit-c.txt,Detroit Lions 1985 Media Guide,1985,1,ocr-text,unread,unread,unread,,451293,77140,1865,2021,1984,298,1,0,0,38,53,65,1,28,499,38,170,,,,0
los-angeles-raiders-1985-media-guide-cover,nfl-books,,Los Angeles Raiders 1985 Media Guide Cover,1985,0,no-text-layer,cover scan,none,read-2026-09-06-yearbooks,"all 302 textless items scanned by metadata and all 319 images OCR'd; the 10 over 150 words are schedules and broadcast listings, nothing per-man | textless scan; in index, no OCR layer",,,,,,,,,,,,,,,,,,,,,0
new-york-giants-1985-media-guide-cover,nfl-books,,New York Giants 1985 Media Guide Cover,1985,0,no-text-layer,cover scan,none,read-2026-09-06-yearbooks,"all 302 textless items scanned by metadata and all 319 images OCR'd; the 10 over 150 words are schedules and broadcast listings, nothing per-man | textless scan; in index, no OCR layer",,,,,,,,,,,,,,,,,,,,,0
nfl-1985-record-fact-book-c,nfl-books,nfl-books/text_all/nfl-1985-record-fact-book-c.txt,NFL Record & Fact Book 1985,1985,1,ocr-text,unread,unread,unread,,2213948,355961,1850,2029,1984,2209,4,0,1,20,31,131,0,313,774,141,1128,,,,0
oilers-1985-media-guide-houston-c,nfl-books,nfl-books/text_all/oilers-1985-media-guide-houston-c.txt,Houston Oilers 1985 Media Guide,1985,1,ocr-text,unread,unread,unread,,387656,65033,1860,1998,1984,324,1,0,1,47,115,95,0,15,63,49,85,,,,0
packers-1985-media-guide-green-bay-c,nfl-books,nfl-books/text_all/packers-1985-media-guide-green-bay-c.txt,Green Bay Packers 1985 Media Guide,1985,1,ocr-text,unread,unread,unread,,520055,85483,1875,2019,1983,532,0,0,1,45,168,117,1,109,77,54,63,,,,0
patriots-1985-media-guide-new-england,nfl-books,nfl-books/text_all/patriots-1985-media-guide-new-england.txt,New England Patriots 1985 Media Guide,1985,1,ocr-text,unread,unread,unread,,709333,119883,1854,2029,1984,477,1,0,1,101,230,111,0,34,21,64,68,,,,0
rams-1985-media-guide-los-angeles-c,nfl-books,nfl-books/text_all/rams-1985-media-guide-los-angeles-c.txt,Los Angeles Rams 1985 Media Guide,1985,1,ocr-text,unread,unread,unread,,449399,75416,1897,1999,1984,394,3,0,5,32,176,148,0,41,259,63,49,,,,0
redskins-1985-media-guide-washington-c,nfl-books,nfl-books/text_all/redskins-1985-media-guide-washington-c.txt,Washington Redskins 1985 Media Guide,1985,1,ocr-text,unread,unread,unread,,574918,96610,1872,2029,1984,685,2,0,1,40,14,76,1,2,791,57,63,,,,0
saints-1985-media-guide-new-orleans,nfl-books,nfl-books/text_all/saints-1985-media-guide-new-orleans.txt,New Orleans Saints 1985 Media Guide,1985,1,ocr-text,unread,unread,unread,,363540,57540,1863,2029,1984,355,0,0,0,33,204,163,0,35,41,29,37,,,,0
seahawks-1985-media-guide-seattle,nfl-books,nfl-books/text_all/seahawks-1985-media-guide-seattle.txt,Seattle Seahawks 1985 Media Guide,1985,1,ocr-text,unread,unread,unread,,395048,65470,1861,2025,1984,498,2,0,3,45,286,131,114,50,16,66,124,,,,0
steelers-1985-media-guide-pittsburgh-c,nfl-books,nfl-books/text_all/steelers-1985-media-guide-pittsburgh-c.txt,Pittsburgh Steelers 1985 Media Guide,1985,1,ocr-text,unread,unread,unread,,513100,84786,1856,2018,1984,588,0,1,1,38,331,66,0,11,0,89,84,,,,0
vikings-1985-media-guide-minnesota-c,nfl-books,nfl-books/text_all/vikings-1985-media-guide-minnesota-c.txt,Minnesota Vikings 1985 Media Guide,1985,1,ocr-text,club media/press guide,biography+statistics+roster-table,"read-2026-09-07-yearbooks (stratified sample n=56 of 2,462 post-1950 texts, seed 20260907)",roster carries birth date,324448,55034,1913,2024,1984,271,0,0,0,49,162,129,0,43,0,24,8,,,,0
49ers-1986-media-guide-san-francisco-c,nfl-books,nfl-books/text_all/49ers-1986-media-guide-san-francisco-c.txt,San Francisco 49ers 1986 Media Guide,1986,1,ocr-text,unread,unread,unread,,512716,86588,1862,2021,1985,500,0,0,1,37,193,127,0,280,387,58,15,,,,0
bears-1986-media-guide-chicago-b,nfl-books,nfl-books/text_all/bears-1986-media-guide-chicago-b.txt,Chicago Bears 1986 Media Guide,1986,1,ocr-text,unread,unread,unread,,515808,85934,1852,2028,1985,418,0,0,3,51,5,63,0,40,130,56,61,,,,0
bengals-1986-media-guide-cincinnati-c,nfl-books,nfl-books/text_all/bengals-1986-media-guide-cincinnati-c.txt,Cincinnati Bengals 1986 Media Guide,1986,1,ocr-text,unread,unread,unread,,389756,65265,1854,2023,1985,367,0,0,0,26,0,24,0,15,332,61,173,,,,0
broncos-1986-media-guide-denver,nfl-books,nfl-books/text_all/broncos-1986-media-guide-denver.txt,Denver Broncos 1986 Media Guide,1986,1,ocr-text,unread,unread,unread,,480651,77047,1851,2028,1985,575,2,0,0,62,282,78,118,49,166,47,23,,,,0
browns-1986,nfl-books,,Cleveland Browns 1986 Media Guide Cover,1986,0,no-text-layer,cover scan,none,read-2026-09-06-yearbooks,"all 302 textless items scanned by metadata and all 319 images OCR'd; the 10 over 150 words are schedules and broadcast listings, nothing per-man | textless scan; in index, no OCR layer",,,,,,,,,,,,,,,,,,,,,0
buccaneers-1986-media-guide-tampa-bay-c,nfl-books,nfl-books/text_all/buccaneers-1986-media-guide-tampa-bay-c.txt,Tampa Bay Buccaneers 1986 Media Guide,1986,1,ocr-text,unread,unread,unread,,444025,73551,1917,1987,1985,474,7,0,4,67,395,77,1,2,230,9,121,,,,0
buffalo-bills-1986-media-guide-cover,nfl-books,,Buffalo Bills 1986 Media Guide Cover,1986,0,no-text-layer,cover scan,none,read-2026-09-06-yearbooks,"all 302 textless items scanned by metadata and all 319 images OCR'd; the 10 over 150 words are schedules and broadcast listings, nothing per-man | textless scan; in index, no OCR layer",,,,,,,,,,,,,,,,,,,,,0
cardinals-1986,nfl-books,,St. Louis Cardinals 1986 Media Guide Cover,1986,0,no-text-layer,cover scan,none,read-2026-09-06-yearbooks,"all 302 textless items scanned by metadata and all 319 images OCR'd; the 10 over 150 words are schedules and broadcast listings, nothing per-man | textless scan; in index, no OCR layer",,,,,,,,,,,,,,,,,,,,,0
chargers-1986,nfl-books,,San Diego Chargers 1986 Media Guide Cover,1986,0,no-text-layer,cover scan,none,read-2026-09-06-yearbooks,"all 302 textless items scanned by metadata and all 319 images OCR'd; the 10 over 150 words are schedules and broadcast listings, nothing per-man | textless scan; in index, no OCR layer",,,,,,,,,,,,,,,,,,,,,0
chicago-bears-yearbook-1986-c,nfl-books,nfl-books/text_all/chicago-bears-yearbook-1986-c.txt,Chicago Bears Yearbook 1986,1986,1,ocr-text,unread,unread,unread,,115663,19182,1920,2020,1986,104,1,0,0,1,0,1,0,0,0,2,0,,,,0
chiefs-1986-media-guide-kansas-city-c,nfl-books,nfl-books/text_all/chiefs-1986-media-guide-kansas-city-c.txt,Kansas City Chiefs 1986 Media Guide,1986,1,ocr-text,unread,unread,unread,,548871,93773,1858,2022,1985,641,4,0,1,45,133,105,0,0,302,42,18,,,,0
colts-1986-media-guide-indianapolis,nfl-books,nfl-books/text_all/colts-1986-media-guide-indianapolis.txt,Indianapolis Colts 1986 Media Guide,1986,1,ocr-text,unread,unread,unread,,552627,93569,1852,2014,1985,524,2,0,1,47,227,170,0,59,17,37,82,,,,0
cowboys-1986-media-guide-dallas-b,nfl-books,nfl-books/text_all/cowboys-1986-media-guide-dallas-b.txt,Dallas Cowboys 1986 Media Guide,1986,1,ocr-text,unread,unread,unread,,514829,85968,1853,2017,1985,458,1,0,0,49,162,111,0,104,126,52,14,,,,0
dolphins-1986-media-guide-miami,nfl-books,nfl-books/text_all/dolphins-1986-media-guide-miami.txt,Miami Dolphins 1986 Media Guide,1986,1,ocr-text,unread,unread,unread,,745805,124429,1850,2029,1985,809,3,1,3,115,398,195,0,96,24,30,48,,,,0
falcons-1986-media-guide-atlanta-c,nfl-books,nfl-books/text_all/falcons-1986-media-guide-atlanta-c.txt,Atlanta Falcons 1986 Media Guide,1986,1,ocr-text,unread,unread,unread,,436067,70497,1860,2006,1985,415,0,0,5,29,180,65,2,48,118,36,58,,,,0
jets-1986-media-guide-new-york-c,nfl-books,nfl-books/text_all/jets-1986-media-guide-new-york-c.txt,New York Jets 1986 Media Guide,1986,1,ocr-text,unread,unread,unread,,507415,84413,1863,2019,1985,246,1,0,0,43,211,32,0,21,736,47,78,,,,0
lions-1986-media-guide-detroit-c,nfl-books,nfl-books/text_all/lions-1986-media-guide-detroit-c.txt,Detroit Lions 1986 Media Guide,1986,1,ocr-text,unread,unread,unread,,496790,84890,1850,1999,1985,322,3,0,0,38,48,80,1,65,561,22,208,,,,0
new-york-giants-1986-media-guide-cover,nfl-books,,New York Giants 1986 Media Guide Cover,1986,0,no-text-layer,cover scan,none,read-2026-09-06-yearbooks,"all 302 textless items scanned by metadata and all 319 images OCR'd; the 10 over 150 words are schedules and broadcast listings, nothing per-man | textless scan; in index, no OCR layer",,,,,,,,,,,,,,,,,,,,,0
nfl-1986-record-fact-book-c,nfl-books,nfl-books/text_all/nfl-1986-record-fact-book-c.txt,NFL Record & Fact Book 1986,1986,1,ocr-text,unread,unread,unread,,2234262,358435,1850,2028,1985,2176,2,0,1,14,34,136,0,167,604,140,1214,,,,0
oilers-1986-media-guide-houston-c,nfl-books,nfl-books/text_all/oilers-1986-media-guide-houston-c.txt,Houston Oilers 1986 Media Guide,1986,1,ocr-text,unread,unread,unread,,427517,69787,1868,2024,1985,371,2,0,1,53,93,101,67,49,87,29,46,,,,0
packers-1986-media-guide-green-bay-c,nfl-books,nfl-books/text_all/packers-1986-media-guide-green-bay-c.txt,Green Bay Packers 1986 Media Guide,1986,1,ocr-text,unread,unread,unread,,532473,86946,1918,2005,1983,572,0,1,1,49,173,116,1,197,79,17,23,,,,0
patriots-1986-media-guide-new-england,nfl-books,nfl-books/text_all/patriots-1986-media-guide-new-england.txt,New England Patriots 1986 Media Guide,1986,1,ocr-text,unread,unread,unread,,867849,145949,1854,2029,1985,876,1,0,3,122,219,107,0,47,52,81,93,,,,0
philadelphia-eagles-1986-media-guide-cover,nfl-books,,Philadelphia Eagles 1986 Media Guide Cover,1986,0,no-text-layer,cover scan,none,read-2026-09-06-yearbooks,"all 302 textless items scanned by metadata and all 319 images OCR'd; the 10 over 150 words are schedules and broadcast listings, nothing per-man | textless scan; in index, no OCR layer",,,,,,,,,,,,,,,,,,,,,0
raiders-1986-media-guide-los-angeles-c,nfl-books,nfl-books/text_all/raiders-1986-media-guide-los-angeles-c.txt,Los Angeles Raiders 1986 Media Guide,1986,1,ocr-text,unread,unread,unread,,437455,73800,1877,2013,1983,614,10,0,0,75,310,163,0,72,85,77,97,,,,0
rams-1986-media-guide-los-angeles-a-b,nfl-books,nfl-books/text_all/rams-1986-media-guide-los-angeles-a-b.txt,Los Angeles Rams 1986 Media Guide,1986,1,ocr-text,unread,unread,unread,,494194,84097,1877,2029,1985,403,0,0,3,26,150,140,0,52,461,40,33,,,,0
redskins-1986-media-guide-washington-c,nfl-books,nfl-books/text_all/redskins-1986-media-guide-washington-c.txt,Washington Redskins 1986 Media Guide,1986,1,ocr-text,unread,unread,unread,,595337,100523,1907,2005,1984,720,0,0,0,44,6,107,2,27,729,51,67,,,,0
saints-1986-media-guide-new-orleans,nfl-books,nfl-books/text_all/saints-1986-media-guide-new-orleans.txt,New Orleans Saints 1986 Media Guide,1986,1,ocr-text,unread,unread,unread,,382746,60338,1863,2022,1985,387,0,0,0,42,211,185,1,48,43,26,24,,,,0
seahawks-1986-media-guide-seattle,nfl-books,nfl-books/text_all/seahawks-1986-media-guide-seattle.txt,Seattle Seahawks 1986 Media Guide,1986,1,ocr-text,unread,unread,unread,,374953,62635,1877,2027,1984,416,2,0,1,38,195,111,113,39,21,49,52,,,,0
steelers-1986-media-guide-pittsburgh-c,nfl-books,nfl-books/text_all/steelers-1986-media-guide-pittsburgh-c.txt,Pittsburgh Steelers 1986 Media Guide,1986,1,ocr-text,unread,unread,unread,,510473,84184,1876,2018,1985,586,0,2,0,38,316,107,0,22,5,63,58,,,,0
vikings-1986-media-guide-minnesota-c,nfl-books,nfl-books/text_all/vikings-1986-media-guide-minnesota-c.txt,Minnesota Vikings 1986 Media Guide,1986,1,ocr-text,unread,unread,unread,,345301,58013,1900,2021,1985,311,0,0,0,44,171,120,1,78,47,29,24,,,,0
49ers-1987-media-guide-san-francisco-c,nfl-books,nfl-books/text_all/49ers-1987-media-guide-san-francisco-c.txt,San Francisco 49ers 1987 Media Guide,1987,1,ocr-text,unread,unread,unread,,578506,97625,1862,1987,1986,580,0,0,1,57,229,73,1,372,358,68,32,,,,0
bears-1987-media-guide-chicago,nfl-books,nfl-books/text_all/bears-1987-media-guide-chicago.txt,Chicago Bears 1987 Media Guide,1987,1,ocr-text,unread,unread,unread,,538853,90583,1852,2020,1986,452,0,0,3,72,5,55,0,43,117,44,2,,,,0
bengals-1987-media-guide-cincinnati-c,nfl-books,nfl-books/text_all/bengals-1987-media-guide-cincinnati-c.txt,Cincinnati Bengals 1987 Media Guide,1987,1,ocr-text,unread,unread,unread,,415892,71375,1854,2017,1986,376,1,0,0,34,4,30,0,107,351,63,211,,,,0
bills-1987-media-guide-buffalo-c,nfl-books,nfl-books/text_all/bills-1987-media-guide-buffalo-c.txt,Buffalo Bills 1987 Media Guide,1987,1,ocr-text,unread,unread,unread,,512950,88837,1853,2021,1986,484,1,0,2,75,210,142,0,43,234,23,53,,,,0
broncos-1987-media-guide-denver,nfl-books,nfl-books/text_all/broncos-1987-media-guide-denver.txt,Denver Broncos 1987 Media Guide,1987,1,ocr-text,unread,unread,unread,,559879,90044,1851,2029,1986,747,3,0,0,58,257,89,106,227,149,47,37,,,,0
browns-1987,nfl-books,,Cleveland Browns 1987 Media Guide Cover,1987,0,no-text-layer,cover scan,none,read-2026-09-06-yearbooks,"all 302 textless items scanned by metadata and all 319 images OCR'd; the 10 over 150 words are schedules and broadcast listings, nothing per-man | textless scan; in index, no OCR layer",,,,,,,,,,,,,,,,,,,,,0
buccaneers-1987,nfl-books,,Tampa Bay Buccaneers 1987 Media Guide Cover,1987,0,no-text-layer,cover scan,none,read-2026-09-06-yearbooks,"all 302 textless items scanned by metadata and all 319 images OCR'd; the 10 over 150 words are schedules and broadcast listings, nothing per-man | textless scan; in index, no OCR layer",,,,,,,,,,,,,,,,,,,,,0
cardinals-1987-media-guide-st.-louis-c,nfl-books,nfl-books/text_all/cardinals-1987-media-guide-st.-louis-c.txt,St. Louis Cardinals 1987 Media Guide,1987,1,ocr-text,unread,unread,unread,,542941,88596,1854,2029,1986,613,3,0,1,70,12,71,0,188,146,64,48,,,,0
chargers-1987-media-guide-san-diego-c,nfl-books,nfl-books/text_all/chargers-1987-media-guide-san-diego-c.txt,San Diego Chargers 1987 Media Guide,1987,1,ocr-text,unread,unread,unread,,532117,89717,1860,2028,1985,476,4,0,2,82,17,121,1,6,600,13,23,,,,0
chiefs-1987-media-guide-kansas-city-c,nfl-books,nfl-books/text_all/chiefs-1987-media-guide-kansas-city-c.txt,Kansas City Chiefs 1987 Media Guide,1987,1,ocr-text,unread,unread,unread,,596908,102195,1858,2022,1986,829,3,0,1,54,138,122,0,2,196,56,22,,,,0
colts-1987-media-guide-indianapolis,nfl-books,nfl-books/text_all/colts-1987-media-guide-indianapolis.txt,Indianapolis Colts 1987 Media Guide,1987,1,ocr-text,unread,unread,unread,,546826,91716,1853,2027,1986,582,3,0,0,50,233,180,0,46,22,39,69,,,,0
cowboys-1987-media-guide-dallas-b,nfl-books,nfl-books/text_all/cowboys-1987-media-guide-dallas-b.txt,Dallas Cowboys 1987 Media Guide,1987,1,ocr-text,unread,unread,unread,,496119,82365,1863,2006,1986,455,1,0,2,47,137,87,0,140,165,89,11,,,,0
dolphins-1987-media-guide-miami,nfl-books,nfl-books/text_all/dolphins-1987-media-guide-miami.txt,Miami Dolphins 1987 Media Guide,1987,1,ocr-text,unread,unread,unread,,833627,140320,1850,2021,1986,751,1,1,2,112,345,158,0,90,248,39,97,,,,0
eagles-1987-media-guide-philadelphia-c,nfl-books,nfl-books/text_all/eagles-1987-media-guide-philadelphia-c.txt,Philadelphia Eagles 1987 Media Guide,1987,1,ocr-text,unread,unread,unread,,535664,90568,1910,2027,1986,444,1,0,1,51,128,120,0,123,6,66,37,,,,0
falcons-1987-media-guide-atlanta-c,nfl-books,nfl-books/text_all/falcons-1987-media-guide-atlanta-c.txt,Atlanta Falcons 1987 Media Guide,1987,1,ocr-text,unread,unread,unread,,582066,97882,1869,2027,1985,521,6,0,0,60,211,98,0,34,56,58,53,,,,0
giants-1987-media-guide-new-york-c,nfl-books,nfl-books/text_all/giants-1987-media-guide-new-york-c.txt,New York Giants 1987 Media Guide,1987,1,ocr-text,unread,unread,unread,,541354,89981,1851,2007,1986,570,4,0,0,39,150,156,0,0,44,44,115,,,,0
houston-oilers-1987-media-guide-cover,nfl-books,,Houston Oilers 1987 Media Guide Cover,1987,0,no-text-layer,cover scan,none,read-2026-09-06-yearbooks,"all 302 textless items scanned by metadata and all 319 images OCR'd; the 10 over 150 words are schedules and broadcast listings, nothing per-man | textless scan; in index, no OCR layer",,,,,,,,,,,,,,,,,,,,,0
lions-1987-media-guide-detroit-c,nfl-books,nfl-books/text_all/lions-1987-media-guide-detroit-c.txt,Detroit Lions 1987 Media Guide,1987,1,ocr-text,unread,unread,unread,,569357,96647,1851,2021,1986,451,1,0,3,57,71,71,4,66,552,31,110,,,,0
packers-1987-media-guide-green-bay-c,nfl-books,nfl-books/text_all/packers-1987-media-guide-green-bay-c.txt,Green Bay Packers 1987 Media Guide,1987,1,ocr-text,unread,unread,unread,,572962,92497,1918,1987,1986,617,2,0,1,67,200,100,1,182,80,22,14,,,,0
patriots-1987-media-guide-new-england,nfl-books,nfl-books/text_all/patriots-1987-media-guide-new-england.txt,New England Patriots 1987 Media Guide,1987,1,ocr-text,unread,unread,unread,,585967,99159,1854,2020,1986,513,2,0,1,101,213,110,0,17,19,85,112,,,,0
raiders-1987-media-guide-los-angeles-c,nfl-books,nfl-books/text_all/raiders-1987-media-guide-los-angeles-c.txt,Los Angeles Raiders 1987 Media Guide,1987,1,ocr-text,unread,unread,unread,,486944,81581,1871,2013,1986,617,16,0,0,105,339,188,0,136,128,74,87,,,,0
rams-1987-media-guide-los-angeles-c,nfl-books,nfl-books/text_all/rams-1987-media-guide-los-angeles-c.txt,Los Angeles Rams 1987 Media Guide,1987,1,ocr-text,unread,unread,unread,,505672,85376,1877,2008,1986,464,3,0,1,29,138,125,0,4,491,51,67,,,,0
redskins-1987-media-guide-washington-c,nfl-books,nfl-books/text_all/redskins-1987-media-guide-washington-c.txt,Washington Redskins 1987 Media Guide,1987,1,ocr-text,unread,unread,unread,,575456,98373,1871,2028,1986,644,0,0,1,41,2,90,2,42,763,44,47,,,,0
saints-1987-media-guide-new-orleans,nfl-books,nfl-books/text_all/saints-1987-media-guide-new-orleans.txt,New Orleans Saints 1987 Media Guide,1987,1,ocr-text,unread,unread,unread,,376596,61406,1873,2009,1986,371,0,0,0,43,193,175,1,51,53,23,34,,,,0
seahawks-1987-media-guide-seattle,nfl-books,nfl-books/text_all/seahawks-1987-media-guide-seattle.txt,Seattle Seahawks 1987 Media Guide,1987,1,ocr-text,unread,unread,unread,,413608,68647,1866,2021,1986,437,3,0,1,64,222,134,110,96,17,43,27,,,,0
steelers-1987-media-guide-pittsburgh-b,nfl-books,nfl-books/text_all/steelers-1987-media-guide-pittsburgh-b.txt,Pittsburgh Steelers 1987 Media Guide,1987,1,ocr-text,unread,unread,unread,,529883,87506,1870,1991,1986,507,1,1,0,30,305,135,0,19,1,71,40,,,,0
vikings-1987,nfl-books,nfl-books/text_all/vikings-1987.txt,Minnesota Vikings 1987 Media Guide,1987,1,ocr-text,unread,unread,unread,,338325,57985,1853,2029,1986,341,0,0,0,59,165,125,1,155,39,18,9,,,,0
49ers-1988-media-guide-san-francisco-c,nfl-books,nfl-books/text_all/49ers-1988-media-guide-san-francisco-c.txt,San Francisco 49ers 1988 Media Guide,1988,1,ocr-text,unread,unread,unread,,583960,99607,1858,2003,1987,621,0,0,0,53,249,67,0,257,445,69,40,,,,0
bears-1988-media-guide-chicago-b,nfl-books,nfl-books/text_all/bears-1988-media-guide-chicago-b.txt,Chicago Bears 1988 Media Guide,1988,1,ocr-text,unread,unread,unread,,523087,86868,1852,2020,1987,429,0,0,3,90,19,57,0,82,197,66,10,,,,0
bengals-1988,nfl-books,,Cincinnati Bengals 1988 Media Guide Cover,1988,0,no-text-layer,cover scan,none,read-2026-09-06-yearbooks,"all 302 textless items scanned by metadata and all 319 images OCR'd; the 10 over 150 words are schedules and broadcast listings, nothing per-man | textless scan; in index, no OCR layer",,,,,,,,,,,,,,,,,,,,,0
bills-1988-media-guide-buffalo-c,nfl-books,nfl-books/text_all/bills-1988-media-guide-buffalo-c.txt,Buffalo Bills 1988 Media Guide,1988,1,ocr-text,unread,unread,unread,,613476,107742,1854,2021,1987,538,1,0,4,103,212,158,0,69,653,31,101,,,,0
broncos-1988-media-guide-denver,nfl-books,nfl-books/text_all/broncos-1988-media-guide-denver.txt,Denver Broncos 1988 Media Guide,1988,1,ocr-text,unread,unread,unread,,594072,95323,1851,2029,1987,664,2,0,5,73,309,125,128,260,137,41,27,,,,0
browns-1988-media-guide-cleveland-c,nfl-books,nfl-books/text_all/browns-1988-media-guide-cleveland-c.txt,Cleveland Browns 1988 Media Guide,1988,1,ocr-text,unread,unread,unread,,654019,109284,1860,1999,1987,633,4,0,6,91,182,79,0,21,8,32,35,,,,0
buccaneers-1988-media-guide-tampa-bay-c,nfl-books,nfl-books/text_all/buccaneers-1988-media-guide-tampa-bay-c.txt,Tampa Bay Buccaneers 1988 Media Guide,1988,1,ocr-text,unread,unread,unread,,454156,73003,1891,2005,1987,507,1,0,1,119,300,126,0,1,280,24,26,,,,0
cardinals-1988-media-guide-phoenix-c,nfl-books,nfl-books/text_all/cardinals-1988-media-guide-phoenix-c.txt,Phoenix Cardinals 1988 Media Guide,1988,1,ocr-text,unread,unread,unread,,628456,100994,1853,2027,1987,822,6,0,2,111,12,113,0,103,276,79,34,,,,0
chargers-1988-media-guide-san-diego-c,nfl-books,nfl-books/text_all/chargers-1988-media-guide-san-diego-c.txt,San Diego Chargers 1988 Media Guide,1988,1,ocr-text,unread,unread,unread,,543240,91657,1863,2022,1987,493,4,0,2,72,15,119,1,13,818,17,20,,,,0
colts-1988-media-guide-indianapolis,nfl-books,nfl-books/text_all/colts-1988-media-guide-indianapolis.txt,Indianapolis Colts 1988 Media Guide,1988,1,ocr-text,unread,unread,unread,,600035,101726,1853,2027,1987,568,4,0,0,54,284,211,0,44,28,35,76,,,,0
cowboys-1988-media-guide-dallas-b,nfl-books,nfl-books/text_all/cowboys-1988-media-guide-dallas-b.txt,Dallas Cowboys 1988 Media Guide,1988,1,ocr-text,unread,unread,unread,,509134,85224,1865,2000,1987,465,2,0,3,57,171,93,0,153,154,96,18,,,,0
dolphins-1988-media-guide-miami,nfl-books,nfl-books/text_all/dolphins-1988-media-guide-miami.txt,Miami Dolphins 1988 Media Guide,1988,1,ocr-text,unread,unread,unread,,945311,158556,1850,2021,1987,827,17,1,6,122,406,258,0,143,347,53,130,,,,0
eagles-1988-media-guide-philadelphia-c,nfl-books,nfl-books/text_all/eagles-1988-media-guide-philadelphia-c.txt,Philadelphia Eagles 1988 Media Guide,1988,1,ocr-text,unread,unread,unread,,591928,100559,1901,2027,1987,441,0,0,1,54,128,119,0,113,3,54,33,,,,0
falcons-1988-media-guide-atlanta-c,nfl-books,nfl-books/text_all/falcons-1988-media-guide-atlanta-c.txt,Atlanta Falcons 1988 Media Guide,1988,1,ocr-text,unread,unread,unread,,592877,97103,1886,2000,1985,526,6,0,6,66,38,80,0,31,118,42,36,,,,0
giants-1988-media-guide-new-york-c,nfl-books,nfl-books/text_all/giants-1988-media-guide-new-york-c.txt,New York Giants 1988 Media Guide,1988,1,ocr-text,unread,unread,unread,,563641,93085,1851,2012,1986,576,4,0,1,51,144,173,0,1,6,40,28,,,,0
houston-oilers-1988-media-guide-cover,nfl-books,,Houston Oilers 1988 Media Guide Cover,1988,0,no-text-layer,cover scan,none,read-2026-09-06-yearbooks,"all 302 textless items scanned by metadata and all 319 images OCR'd; the 10 over 150 words are schedules and broadcast listings, nothing per-man | textless scan; in index, no OCR layer",,,,,,,,,,,,,,,,,,,,,0
jets-1988-media-guide-new-york-c,nfl-books,nfl-books/text_all/jets-1988-media-guide-new-york-c.txt,New York Jets 1988 Media Guide,1988,1,ocr-text,unread,unread,unread,,541025,91983,1863,2006,1987,276,1,0,3,52,194,31,0,20,643,33,61,,,,0
kansas-city-chiefs-1988-media-guide-cover,nfl-books,,Kansas City Chiefs 1988 Media Guide Cover,1988,0,no-text-layer,cover scan,none,read-2026-09-06-yearbooks,"all 302 textless items scanned by metadata and all 319 images OCR'd; the 10 over 150 words are schedules and broadcast listings, nothing per-man | textless scan; in index, no OCR layer",,,,,,,,,,,,,,,,,,,,,0
lions-1988-media-guide-detroit-c,nfl-books,nfl-books/text_all/lions-1988-media-guide-detroit-c.txt,Detroit Lions 1988 Media Guide,1988,1,ocr-text,unread,unread,unread,,549900,90268,1865,2013,1987,443,3,0,2,53,86,81,2,68,702,20,185,,,,0
nfl-1988-record-fact-book,nfl-books,nfl-books/text_all/nfl-1988-record-fact-book.txt,NFL Record & Fact Book 1988,1988,1,ocr-text,unread,unread,unread,,2563091,411765,1850,2027,1983,2450,2,0,1,16,33,154,0,56,699,143,1416,,,,0
packers-1988-media-guide-green-bay-c,nfl-books,nfl-books/text_all/packers-1988-media-guide-green-bay-c.txt,Green Bay Packers 1988 Media Guide,1988,1,ocr-text,unread,unread,unread,,633013,103088,1881,2005,1987,688,5,0,1,86,230,113,0,231,82,26,12,,,,0
patriots-1988-media-guide-new-england,nfl-books,nfl-books/text_all/patriots-1988-media-guide-new-england.txt,New England Patriots 1988 Media Guide,1988,1,ocr-text,unread,unread,unread,,639755,107833,1854,2020,1987,617,8,0,6,122,226,109,0,22,26,85,129,,,,0
raiders-1988-media-guide-los-angeles-c,nfl-books,nfl-books/text_all/raiders-1988-media-guide-los-angeles-c.txt,Los Angeles Raiders 1988 Media Guide,1988,1,ocr-text,unread,unread,unread,,488377,80655,1899,2013,1987,621,22,0,0,133,350,180,0,77,57,84,84,,,,0
rams-1988,nfl-books,,Los Angeles Rams 1988 Media Guide Cover,1988,0,no-text-layer,cover scan,none,read-2026-09-06-yearbooks,"all 302 textless items scanned by metadata and all 319 images OCR'd; the 10 over 150 words are schedules and broadcast listings, nothing per-man | textless scan; in index, no OCR layer",,,,,,,,,,,,,,,,,,,,,0
redskins-1988-media-guide-washington-c,nfl-books,nfl-books/text_all/redskins-1988-media-guide-washington-c.txt,Washington Redskins 1988 Media Guide,1988,1,ocr-text,unread,unread,unread,,554351,93466,1858,1990,1987,610,5,0,1,44,13,94,0,39,863,50,68,,,,0
saints-1988-media-guide-new-orleans,nfl-books,nfl-books/text_all/saints-1988-media-guide-new-orleans.txt,New Orleans Saints 1988 Media Guide,1988,1,ocr-text,unread,unread,unread,,441166,67577,1870,2000,1987,390,0,0,0,54,210,159,0,63,86,29,47,,,,0
seahawks-1988-media-guide-seattle,nfl-books,nfl-books/text_all/seahawks-1988-media-guide-seattle.txt,Seattle Seahawks 1988 Media Guide,1988,1,ocr-text,unread,unread,unread,,400923,65659,1872,2023,1987,464,4,0,1,60,328,142,136,17,37,47,81,,,,0
steelers-1988-media-guide-pittsburgh-b,nfl-books,nfl-books/text_all/steelers-1988-media-guide-pittsburgh-b.txt,Pittsburgh Steelers 1988 Media Guide,1988,1,ocr-text,unread,unread,unread,,516533,85465,1872,2001,1987,502,1,0,0,30,233,134,0,19,3,66,96,,,,0
vikings-1988,nfl-books,,Minnesota Vikings 1988 Media Guide Cover,1988,0,no-text-layer,cover scan,none,read-2026-09-06-yearbooks,"all 302 textless items scanned by metadata and all 319 images OCR'd; the 10 over 150 words are schedules and broadcast listings, nothing per-man | textless scan; in index, no OCR layer",,,,,,,,,,,,,,,,,,,,,0
49ers-1989,nfl-books,nfl-books/text_all/49ers-1989.txt,San Francisco 49ers 1989 Media Guide,1989,1,ocr-text,unread,unread,unread,,620551,100834,1895,2007,1988,645,1,0,0,67,239,78,1,267,773,70,49,,,,0
bears-1989-media-guide-chicago,nfl-books,nfl-books/text_all/bears-1989-media-guide-chicago.txt,Chicago Bears 1989 Media Guide,1989,1,ocr-text,unread,unread,unread,,556089,90408,1856,1998,1988,434,3,0,2,110,85,61,0,134,140,41,32,,,,0
bengals-1989-media-guide-cincinnati-c,nfl-books,nfl-books/text_all/bengals-1989-media-guide-cincinnati-c.txt,Cincinnati Bengals 1989 Media Guide,1989,1,ocr-text,unread,unread,unread,,566385,99287,1851,2027,1988,501,1,0,2,33,6,34,0,101,206,73,191,,,,0
bills-1989-media-guide-buffalo-c,nfl-books,nfl-books/text_all/bills-1989-media-guide-buffalo-c.txt,Buffalo Bills 1989 Media Guide,1989,1,ocr-text,unread,unread,unread,,614950,100380,1854,2021,1988,391,5,0,3,66,236,72,0,44,709,36,57,,,,0
broncos-1989-media-guide-denver,nfl-books,nfl-books/text_all/broncos-1989-media-guide-denver.txt,Denver Broncos 1989 Media Guide,1989,1,ocr-text,unread,unread,unread,,625873,100567,1851,2028,1987,690,3,0,3,76,311,149,128,205,69,34,31,,,,0
browns-1989-media-guide-cleveland-c,nfl-books,nfl-books/text_all/browns-1989-media-guide-cleveland-c.txt,Cleveland Browns 1989 Media Guide,1989,1,ocr-text,unread,unread,unread,,692012,115305,1851,2008,1988,658,3,0,4,108,189,89,0,30,8,35,43,,,,0
buccaneers-1989,nfl-books,,Tampa Bay Buccaneers 1989 Media Guide Cover,1989,0,no-text-layer,cover scan,none,read-2026-09-06-yearbooks,"all 302 textless items scanned by metadata and all 319 images OCR'd; the 10 over 150 words are schedules and broadcast listings, nothing per-man | textless scan; in index, no OCR layer",,,,,,,,,,,,,,,,,,,,,0
cardinals-1989-media-guide-phoenix-c,nfl-books,nfl-books/text_all/cardinals-1989-media-guide-phoenix-c.txt,Phoenix Cardinals 1989 Media Guide,1989,1,ocr-text,unread,unread,unread,,693398,113553,1870,2027,1988,836,7,1,3,82,10,92,0,84,252,65,47,,,,0
chargers-1989-media-guide-san-diego-c,nfl-books,nfl-books/text_all/chargers-1989-media-guide-san-diego-c.txt,San Diego Chargers 1989 Media Guide,1989,1,ocr-text,unread,unread,unread,,526207,86872,1865,1998,1988,484,5,0,1,72,13,106,0,61,696,16,6,,,,0
chiefs-1989-media-guide-kansas-city-c,nfl-books,nfl-books/text_all/chiefs-1989-media-guide-kansas-city-c.txt,Kansas City Chiefs 1989 Media Guide,1989,1,ocr-text,unread,unread,unread,,729656,124220,1857,2022,1987,1055,1,0,1,85,207,168,0,0,357,57,27,,,,0
colts-1989-media-guide-indianapolis,nfl-books,nfl-books/text_all/colts-1989-media-guide-indianapolis.txt,Indianapolis Colts 1989 Media Guide,1989,1,ocr-text,unread,unread,unread,,575388,95794,1856,2014,1988,481,3,0,1,71,229,193,0,62,26,33,91,,,,0
cowboys-1989-media-guide-dallas-b,nfl-books,nfl-books/text_all/cowboys-1989-media-guide-dallas-b.txt,Dallas Cowboys 1989 Media Guide,1989,1,ocr-text,unread,unread,unread,,523195,86289,1858,2000,1988,527,1,0,2,78,160,80,0,168,156,81,34,,,,0
dolphins-1989-media-guide-miami,nfl-books,nfl-books/text_all/dolphins-1989-media-guide-miami.txt,Miami Dolphins 1989 Media Guide,1989,1,ocr-text,unread,unread,unread,,1041540,177537,1850,2021,1988,1127,19,1,3,135,390,206,0,114,72,85,196,,,,0
falcons-1989-media-guide-atlanta-c,nfl-books,nfl-books/text_all/falcons-1989-media-guide-atlanta-c.txt,Atlanta Falcons 1989 Media Guide,1989,1,ocr-text,unread,unread,unread,,650838,109477,1921,2016,1987,632,10,0,5,90,75,105,0,20,104,35,32,,,,0
giants-1989-media-guide-new-york-c,nfl-books,nfl-books/text_all/giants-1989-media-guide-new-york-c.txt,New York Giants 1989 Media Guide,1989,1,ocr-text,unread,unread,unread,,544369,89759,1898,1998,1986,580,5,0,0,54,171,147,0,0,2,42,16,,,,0
jets-1989-media-guide-new-york-b,nfl-books,nfl-books/text_all/jets-1989-media-guide-new-york-b.txt,New York Jets 1989 Media Guide,1989,1,ocr-text,unread,unread,unread,,550860,93531,1862,2024,1988,225,2,0,1,40,180,30,0,26,570,35,61,,,,0
lions-1989-media-guide-detroit-c,nfl-books,nfl-books/text_all/lions-1989-media-guide-detroit-c.txt,Detroit Lions 1989 Media Guide,1989,1,ocr-text,unread,unread,unread,,621012,103738,1851,2029,1988,377,2,0,1,45,116,71,2,28,760,31,199,,,,0
nfl-1989-record-fact-book,nfl-books,nfl-books/text_all/nfl-1989-record-fact-book.txt,NFL Record & Fact Book 1989,1989,1,ocr-text,unread,unread,unread,,2565485,411078,1850,2028,1988,2402,2,0,1,17,33,159,0,131,636,164,1421,,,,0
packers-1989-media-guide-green-bay-c,nfl-books,nfl-books/text_all/packers-1989-media-guide-green-bay-c.txt,Green Bay Packers 1989 Media Guide,1989,1,ocr-text,unread,unread,unread,,655110,107381,1859,2020,1988,746,7,0,2,83,248,170,1,87,78,24,52,,,,0
philadelphia-eagles-1989-media-guide-cover,nfl-books,,Philadelphia Eagles 1989 Media Guide Cover,1989,0,no-text-layer,cover scan,none,read-2026-09-06-yearbooks,"all 302 textless items scanned by metadata and all 319 images OCR'd; the 10 over 150 words are schedules and broadcast listings, nothing per-man | textless scan; in index, no OCR layer",,,,,,,,,,,,,,,,,,,,,0
raiders-1989-media-guide-los-angeles-c,nfl-books,nfl-books/text_all/raiders-1989-media-guide-los-angeles-c.txt,Los Angeles Raiders 1989 Media Guide,1989,1,ocr-text,unread,unread,unread,,533319,87974,1852,2029,1987,642,13,0,0,122,356,180,0,72,51,68,149,,,,0
rams-1989,nfl-books,nfl-books/text_all/rams-1989.txt,Los Angeles Rams 1989 Media Guide,1989,1,ocr-text,unread,unread,unread,,532087,86831,1860,2013,1988,551,3,0,0,36,126,145,0,42,816,40,37,,,,0
redskins-1989-media-guide-washington-c,nfl-books,nfl-books/text_all/redskins-1989-media-guide-washington-c.txt,Washington Redskins 1989 Media Guide,1989,1,ocr-text,unread,unread,unread,,552855,92583,1872,2025,1988,541,4,0,0,54,40,113,0,2,807,39,39,,,,0
saints-1989-media-guide-new-orleans,nfl-books,nfl-books/text_all/saints-1989-media-guide-new-orleans.txt,New Orleans Saints 1989 Media Guide,1989,1,ocr-text,unread,unread,unread,,490814,77738,1876,2002,1988,469,2,0,0,51,164,142,0,106,61,34,39,,,,0
seahawks-1989-media-guide-seattle,nfl-books,nfl-books/text_all/seahawks-1989-media-guide-seattle.txt,Seattle Seahawks 1989 Media Guide,1989,1,ocr-text,unread,unread,unread,,464894,76457,1855,2021,1988,505,4,0,1,76,344,164,110,11,74,40,44,,,,0
steelers-1989-media-guide-pittsburgh-b,nfl-books,nfl-books/text_all/steelers-1989-media-guide-pittsburgh-b.txt,Pittsburgh Steelers 1989 Media Guide,1989,1,ocr-text,unread,unread,unread,,483886,81087,1872,2029,1988,395,2,1,2,44,208,114,0,24,2,62,75,,,,0
vikings-1989,nfl-books,nfl-books/text_all/vikings-1989.txt,Minnesota Vikings 1989 Media Guide,1989,1,ocr-text,unread,unread,unread,,387630,66430,1860,2008,1987,379,1,0,0,51,169,149,1,164,88,31,17,,,,0
49ers-1990,nfl-books,nfl-books/text_all/49ers-1990.txt,San Francisco 49ers 1990 Media Guide,1990,1,ocr-text,unread,unread,unread,,713790,116173,1886,2025,1989,860,2,0,0,70,259,79,0,291,831,72,44,,,,0
bears-1990-media-guide-chicago-b,nfl-books,nfl-books/text_all/bears-1990-media-guide-chicago-b.txt,Chicago Bears 1990 Media Guide,1990,1,ocr-text,unread,unread,unread,,625090,98047,1860,2020,1989,498,0,0,1,141,87,74,0,124,209,39,27,,,,0
bengals-1990,nfl-books,,Cincinnati Bengals 1990 Media Guide Cover,1990,0,no-text-layer,cover scan,none,read-2026-09-06-yearbooks,"all 302 textless items scanned by metadata and all 319 images OCR'd; the 10 over 150 words are schedules and broadcast listings, nothing per-man | textless scan; in index, no OCR layer",,,,,,,,,,,,,,,,,,,,,0
broncos-1990-media-guide-denver,nfl-books,nfl-books/text_all/broncos-1990-media-guide-denver.txt,Denver Broncos 1990 Media Guide,1990,1,ocr-text,unread,unread,unread,,665292,107203,1851,2029,1989,798,2,0,3,83,293,175,113,118,193,60,41,,,,0
browns-1990-media-guide-cleveland-c,nfl-books,nfl-books/text_all/browns-1990-media-guide-cleveland-c.txt,Cleveland Browns 1990 Media Guide,1990,1,ocr-text,club media/press guide,biography+statistics+roster-table,"read-2026-09-07-yearbooks (stratified sample n=56 of 2,462 post-1950 texts, seed 20260907)",,794545,132271,1852,2018,1989,748,3,0,3,122,195,97,0,33,6,33,92,,,,0
buccaneers-1990-media-guide-tampa-bay-c,nfl-books,nfl-books/text_all/buccaneers-1990-media-guide-tampa-bay-c.txt,Tampa Bay Buccaneers 1990 Media Guide,1990,1,ocr-text,unread,unread,unread,,493949,78815,1929,2023,1989,545,2,0,1,96,332,70,0,0,206,20,56,,,,0
buffalo-bills-1990-media-guide-cover.jpg,nfl-books,,Buffalo Bills 1990 Media Guide Cover,1990,0,no-text-layer,cover scan,none,read-2026-09-06-yearbooks,"all 302 textless items scanned by metadata and all 319 images OCR'd; the 10 over 150 words are schedules and broadcast listings, nothing per-man | textless scan; in index, no OCR layer",,,,,,,,,,,,,,,,,,,,,0
cardinals-1990-media-guide-phoenix-c,nfl-books,nfl-books/text_all/cardinals-1990-media-guide-phoenix-c.txt,Phoenix Cardinals 1990 Media Guide,1990,1,ocr-text,unread,unread,unread,,739596,118532,1852,2019,1989,991,6,1,6,79,14,74,0,19,342,34,80,,,,0
chargers-1990-media-guide-san-diego-c,nfl-books,nfl-books/text_all/chargers-1990-media-guide-san-diego-c.txt,San Diego Chargers 1990 Media Guide,1990,1,ocr-text,unread,unread,unread,,531342,86008,1868,2007,1989,500,3,0,1,75,26,93,0,4,707,14,11,,,,0
colts-1990-media-guide-indianapolis,nfl-books,nfl-books/text_all/colts-1990-media-guide-indianapolis.txt,Indianapolis Colts 1990 Media Guide,1990,1,ocr-text,unread,unread,unread,,561236,93168,1853,2014,1989,468,3,0,0,76,216,171,0,31,23,30,75,,,,0
cowboys-1990-media-guide-dallas-b,nfl-books,nfl-books/text_all/cowboys-1990-media-guide-dallas-b.txt,Dallas Cowboys 1990 Media Guide,1990,1,ocr-text,unread,unread,unread,,551645,89820,1864,2000,1989,549,1,1,2,73,198,102,0,104,8,30,18,,,,0
dolphins-1990-media-guide-miami,nfl-books,nfl-books/text_all/dolphins-1990-media-guide-miami.txt,Miami Dolphins 1990 Media Guide,1990,1,ocr-text,unread,unread,unread,,1172435,201097,1850,2025,1989,1483,20,1,3,144,393,236,0,135,305,93,177,,,,0
falcons-1990-media-guide-atlanta-c,nfl-books,nfl-books/text_all/falcons-1990-media-guide-atlanta-c.txt,Atlanta Falcons 1990 Media Guide,1990,1,ocr-text,unread,unread,unread,,588713,99486,1906,1994,1989,561,17,0,3,77,75,115,0,45,62,33,10,,,,0
jets-1990-media-guide-new-york-c,nfl-books,nfl-books/text_all/jets-1990-media-guide-new-york-c.txt,New York Jets 1990 Media Guide,1990,1,ocr-text,unread,unread,unread,,570958,96907,1861,2012,1989,232,1,0,1,72,209,89,0,40,737,35,90,,,,0
kansas-city-chiefs-1990-media-guide-cover,nfl-books,,Kansas City Chiefs 1990 Media Guide Cover,1990,0,no-text-layer,cover scan,none,read-2026-09-06-yearbooks,"all 302 textless items scanned by metadata and all 319 images OCR'd; the 10 over 150 words are schedules and broadcast listings, nothing per-man | textless scan; in index, no OCR layer",,,,,,,,,,,,,,,,,,,,,0
lions-1990-media-guide-detroit-c,nfl-books,nfl-books/text_all/lions-1990-media-guide-detroit-c.txt,Detroit Lions 1990 Media Guide,1990,1,ocr-text,unread,unread,unread,,707386,118648,1851,2029,1989,493,4,0,1,78,74,83,2,1,834,17,223,,,,0
new-york-giants-1990-media-guide-cover,nfl-books,,New York Giants 1990 Media Guide Cover,1990,0,no-text-layer,cover scan,none,read-2026-09-06-yearbooks,"all 302 textless items scanned by metadata and all 319 images OCR'd; the 10 over 150 words are schedules and broadcast listings, nothing per-man | textless scan; in index, no OCR layer",,,,,,,,,,,,,,,,,,,,,0
nfl-1990-record-fact-book,nfl-books,nfl-books/text_all/nfl-1990-record-fact-book.txt,NFL Record & Fact Book 1990,1990,1,ocr-text,unread,unread,unread,,2611578,420675,1853,2026,1989,2522,2,0,1,19,31,166,0,95,647,163,1363,,,,0
oilers-1990-media-guide-houston-c,nfl-books,nfl-books/text_all/oilers-1990-media-guide-houston-c.txt,Houston Oilers 1990 Media Guide,1990,1,ocr-text,unread,unread,unread,,824631,136585,1861,2022,1989,919,2,0,2,153,268,140,15,79,114,43,33,,,,0
packers-1990-media-guide-green-bay-c,nfl-books,nfl-books/text_all/packers-1990-media-guide-green-bay-c.txt,Green Bay Packers 1990 Media Guide,1990,1,ocr-text,unread,unread,unread,,789825,129538,1900,2025,1989,862,5,0,4,91,217,192,0,232,88,37,37,,,,0
patriots-1990-media-guide-new-england,nfl-books,nfl-books/text_all/patriots-1990-media-guide-new-england.txt,Patriots 1990 Media Guide (New England),1990,1,ocr-text,unread,unread,unread,,560920,93397,1859,2020,1989,446,5,0,3,90,228,115,0,16,34,66,97,,,,0
philadelphia-eagles-1990-media-guide-cover,nfl-books,,Philadelphia Eagles 1990 Media Guide Cover,1990,0,no-text-layer,cover scan,none,read-2026-09-06-yearbooks,"all 302 textless items scanned by metadata and all 319 images OCR'd; the 10 over 150 words are schedules and broadcast listings, nothing per-man | textless scan; in index, no OCR layer",,,,,,,,,,,,,,,,,,,,,0
raiders-1990-media-guide-los-angeles-c,nfl-books,nfl-books/text_all/raiders-1990-media-guide-los-angeles-c.txt,Los Angeles Raiders 1990 Media Guide,1990,1,ocr-text,unread,unread,unread,,542692,90012,1864,2021,1987,657,15,0,0,137,341,213,0,63,102,83,123,,,,0
rams-1990,nfl-books,nfl-books/text_all/rams-1990.txt,Los Angeles Rams 1990 Media Guide,1990,1,ocr-text,unread,unread,unread,,569617,92816,1869,1991,1989,619,3,0,0,48,133,139,0,36,85,40,74,,,,0
redskins-1990-media-guide-washington-c,nfl-books,nfl-books/text_all/redskins-1990-media-guide-washington-c.txt,Washington Redskins 1990 Media Guide,1990,1,ocr-text,unread,unread,unread,,523533,88979,1872,2014,1989,510,2,0,2,47,40,93,0,69,895,29,45,,,,0
saints-1990-media-guide-new-orleans,nfl-books,nfl-books/text_all/saints-1990-media-guide-new-orleans.txt,New Orleans Saints 1990 Media Guide,1990,1,ocr-text,unread,unread,unread,,521726,82280,1878,2009,1989,447,3,0,0,64,165,120,0,101,65,29,32,,,,0
seahawks-1990-media-guide-seattle,nfl-books,nfl-books/text_all/seahawks-1990-media-guide-seattle.txt,Seattle Seahawks 1990 Media Guide,1990,1,ocr-text,unread,unread,unread,,494134,80397,1872,2021,1989,470,4,0,1,65,328,153,110,11,78,45,61,,,,0
steelers-1990-media-guide-pittsburgh,nfl-books,nfl-books/text_all/steelers-1990-media-guide-pittsburgh.txt,Pittsburgh Steelers 1990 Media Guide,1990,1,ocr-text,unread,unread,unread,,536971,89426,1852,2023,1989,383,1,1,0,43,212,105,0,16,6,76,54,,,,0
vikings-1990,nfl-books,,Minnesota Vikings 1990 Media Guide Cover,1990,0,no-text-layer,cover scan,none,read-2026-09-06-yearbooks,"all 302 textless items scanned by metadata and all 319 images OCR'd; the 10 over 150 words are schedules and broadcast listings, nothing per-man | textless scan; in index, no OCR layer",,,,,,,,,,,,,,,,,,,,,0
bears-1991-media-guide-chicago,nfl-books,nfl-books/text_all/bears-1991-media-guide-chicago.txt,Chicago Bears 1991 Media Guide,1991,1,ocr-text,unread,unread,unread,,591462,93660,1852,1999,1990,579,1,0,3,147,79,66,0,124,177,28,40,,,,0
bengals-1991-media-guide-cincinnati-c,nfl-books,nfl-books/text_all/bengals-1991-media-guide-cincinnati-c.txt,Cincinnati Bengals 1991 Media Guide,1991,1,ocr-text,unread,unread,unread,,728101,127049,1850,2028,1990,643,2,0,4,41,2,47,1,99,648,122,288,,,,0
bills-1991-media-guide-buffalo-c,nfl-books,nfl-books/text_all/bills-1991-media-guide-buffalo-c.txt,Buffalo Bills 1991 Media Guide,1991,1,ocr-text,unread,unread,unread,,584565,97589,1853,2017,1990,316,3,0,2,74,76,64,1,4,436,29,88,,,,0
broncos-1991-media-guide-denver,nfl-books,nfl-books/text_all/broncos-1991-media-guide-denver.txt,Denver Broncos 1991 Media Guide,1991,1,ocr-text,unread,unread,unread,,747357,119494,1851,2029,1990,822,0,0,0,81,288,174,114,150,293,44,54,,,,0
browns-1991-media-guide-cleveland-b,nfl-books,nfl-books/text_all/browns-1991-media-guide-cleveland-b.txt,Cleveland Browns 1991 Media Guide,1991,1,ocr-text,unread,unread,unread,,777782,123974,1863,1999,1990,741,1,0,2,117,180,99,0,29,1,28,49,,,,0
buccaneers-1991-media-guide-tampa-bay-c,nfl-books,nfl-books/text_all/buccaneers-1991-media-guide-tampa-bay-c.txt,Tampa Bay Buccaneers 1991 Media Guide,1991,1,ocr-text,unread,unread,unread,,505985,82388,1929,2002,1990,554,5,0,3,71,415,110,0,1,181,14,41,,,,0
cardinals-1991-media-guide-phoenix-c,nfl-books,nfl-books/text_all/cardinals-1991-media-guide-phoenix-c.txt,Phoenix Cardinals 1991 Media Guide,1991,1,ocr-text,unread,unread,unread,,752164,119641,1853,1999,1990,1057,10,0,6,96,10,94,1,89,325,43,60,,,,0
chargers-1991-media-guide-san-diego-c,nfl-books,nfl-books/text_all/chargers-1991-media-guide-san-diego-c.txt,San Diego Chargers 1991 Media Guide,1991,1,ocr-text,unread,unread,unread,,582001,93530,1869,1999,1990,611,5,0,1,83,22,96,0,9,680,8,9,,,,0
chiefs-1991-media-guide-kansas-city-c,nfl-books,nfl-books/text_all/chiefs-1991-media-guide-kansas-city-c.txt,Kansas City Chiefs 1991 Media Guide,1991,1,ocr-text,unread,unread,unread,,786972,132535,1858,2022,1990,1136,1,0,2,107,192,156,0,3,378,92,41,,,,0
colts-1991-media-guide-indianapolis,nfl-books,nfl-books/text_all/colts-1991-media-guide-indianapolis.txt,Indianapolis Colts 1991 Media Guide,1991,1,ocr-text,unread,unread,unread,,604819,100492,1873,2028,1990,554,3,0,1,83,237,179,0,21,27,31,63,,,,0
cowboys-1991-media-guide-dallas-b,nfl-books,nfl-books/text_all/cowboys-1991-media-guide-dallas-b.txt,Dallas Cowboys 1991 Media Guide,1991,1,ocr-text,unread,unread,unread,,613621,100832,1873,2013,1990,682,2,1,2,101,160,84,0,124,29,21,34,,,,0
dolphins-1991-media-guide-miami,nfl-books,nfl-books/text_all/dolphins-1991-media-guide-miami.txt,Miami Dolphins 1991 Media Guide,1991,1,ocr-text,unread,unread,unread,,1370567,236017,1850,2025,1990,1790,18,1,3,208,409,185,0,138,198,109,223,,,,0
eagles-1991-media-guide-philadelphia-c,nfl-books,nfl-books/text_all/eagles-1991-media-guide-philadelphia-c.txt,Philadelphia Eagles 1991 Media Guide,1991,1,ocr-text,club media/press guide,biography+statistics+roster-table,"read-2026-09-07-yearbooks (stratified sample n=56 of 2,462 post-1950 texts, seed 20260907)",,625358,105054,1867,2016,1990,446,2,0,0,43,131,134,0,60,9,18,3,,,,0
falcons-1991-media-guide-atlanta-c,nfl-books,nfl-books/text_all/falcons-1991-media-guide-atlanta-c.txt,Atlanta Falcons 1991 Media Guide,1991,1,ocr-text,unread,unread,unread,,707249,119823,1913,2028,1990,712,16,0,3,74,54,51,0,39,77,26,32,,,,0
giants-1991-media-guide-new-york-c,nfl-books,nfl-books/text_all/giants-1991-media-guide-new-york-c.txt,New York Giants 1991 Media Guide,1991,1,ocr-text,unread,unread,unread,,617387,102739,1898,2012,1990,691,6,0,0,42,154,171,0,36,5,53,72,,,,0
jets-1991-media-guide-new-york-c,nfl-books,nfl-books/text_all/jets-1991-media-guide-new-york-c.txt,New York Jets 1991 Media Guide,1991,1,ocr-text,unread,unread,unread,,554676,94160,1860,2029,1990,224,1,0,1,70,244,106,0,43,431,33,66,,,,0
lions-1991-media-guide-detroit-c,nfl-books,nfl-books/text_all/lions-1991-media-guide-detroit-c.txt,Detroit Lions 1991 Media Guide,1991,1,ocr-text,unread,unread,unread,,712744,119480,1851,2029,1990,513,2,0,4,62,70,107,1,19,783,15,210,,,,0
nfl-1991-record-fact-book-c,nfl-books,nfl-books/text_all/nfl-1991-record-fact-book-c.txt,NFL Record & Fact Book 1991,1991,1,ocr-text,unread,unread,unread,,2615458,416516,1850,2028,1990,2639,2,0,1,20,33,177,0,84,1222,165,1424,,,,0
oilers-1991-media-guide-houston-c,nfl-books,nfl-books/text_all/oilers-1991-media-guide-houston-c.txt,Houston Oilers 1991 Media Guide,1991,1,ocr-text,unread,unread,unread,,877572,145603,1852,2014,1990,937,2,0,2,162,230,139,14,76,36,55,45,,,,0
packers-1991-media-guide-green-bay-c,nfl-books,nfl-books/text_all/packers-1991-media-guide-green-bay-c.txt,Green Bay Packers 1991 Media Guide,1991,1,ocr-text,unread,unread,unread,,876517,150323,1868,2021,1990,978,6,0,5,118,235,234,0,104,118,44,53,,,,0
patriots-1991-media-guide-new-england,nfl-books,nfl-books/text_all/patriots-1991-media-guide-new-england.txt,New England Patriots 1991 Media Guide,1991,1,ocr-text,unread,unread,unread,,516591,84669,1859,2020,1990,407,3,0,3,105,162,110,0,16,23,23,79,,,,0
raiders-1991-media-guide-los-angeles-c,nfl-books,nfl-books/text_all/raiders-1991-media-guide-los-angeles-c.txt,Los Angeles Raiders 1991 Media Guide,1991,1,ocr-text,unread,unread,unread,,499154,78094,1860,2028,1990,680,27,0,0,137,359,239,1,55,71,57,73,,,,0
rams-1991-media-guide-los-angeles-c,nfl-books,nfl-books/text_all/rams-1991-media-guide-los-angeles-c.txt,Los Angeles Rams 1991 Media Guide,1991,1,ocr-text,unread,unread,unread,,637161,103455,1900,1995,1989,736,5,0,0,38,161,159,0,88,91,14,68,,,,0
redskins-1991-media-guide-washington-c,nfl-books,nfl-books/text_all/redskins-1991-media-guide-washington-c.txt,Washington Redskins 1991 Media Guide,1991,1,ocr-text,unread,unread,unread,,582656,97761,1878,2016,1990,561,1,0,0,60,60,119,1,1,893,24,25,,,,0
saints-1991-media-guide-new-orleans,nfl-books,nfl-books/text_all/saints-1991-media-guide-new-orleans.txt,New Orleans Saints 1991 Media Guide,1991,1,ocr-text,unread,unread,unread,,528897,86947,1850,2010,1990,500,4,0,0,67,198,124,1,73,25,33,36,,,,0
seahawks-1991-media-guide-seattle,nfl-books,nfl-books/text_all/seahawks-1991-media-guide-seattle.txt,Seattle Seahawks 1991 Media Guide,1991,1,ocr-text,unread,unread,unread,,508267,82627,1854,2021,1990,535,4,0,1,88,341,134,121,18,28,36,75,,,,0
steelers-1991-media-guide-pittsburgh,nfl-books,nfl-books/text_all/steelers-1991-media-guide-pittsburgh.txt,Pittsburgh Steelers 1991 Media Guide,1991,1,ocr-text,unread,unread,unread,,549410,91969,1851,2023,1989,473,1,1,1,60,218,94,0,22,4,67,75,,,,0
vikings-1991-media-guide-minnesota-c,nfl-books,nfl-books/text_all/vikings-1991-media-guide-minnesota-c.txt,Minnesota Vikings 1991 Media Guide,1991,1,ocr-text,unread,unread,unread,,426747,72868,1863,1997,1989,493,1,0,0,73,185,157,1,282,52,36,21,,,,0
49ers-1992,nfl-books,nfl-books/text_all/49ers-1992.txt,San Francisco 49ers 1992 Media Guide,1992,1,ocr-text,unread,unread,unread,,730497,117195,1861,2013,1990,688,3,0,1,64,274,107,1,124,829,67,25,,,,0
bengals-1992,nfl-books,,Cincinnati Bengals 1992 Media Guide Cover,1992,0,no-text-layer,cover scan,none,read-2026-09-06-yearbooks,"all 302 textless items scanned by metadata and all 319 images OCR'd; the 10 over 150 words are schedules and broadcast listings, nothing per-man | textless scan; in index, no OCR layer",,,,,,,,,,,,,,,,,,,,,0
bills-1992-media-guide-buffalo-c,nfl-books,nfl-books/text_all/bills-1992-media-guide-buffalo-c.txt,Buffalo Bills 1992 Media Guide,1992,1,ocr-text,unread,unread,unread,,657113,109566,1864,2029,1991,386,1,0,3,82,153,75,1,3,366,28,128,,,,0
broncos-1992-media-guide-denver,nfl-books,nfl-books/text_all/broncos-1992-media-guide-denver.txt,Denver Broncos 1992 Media Guide,1992,1,ocr-text,unread,unread,unread,,527336,89827,1850,2022,1991,668,3,0,1,83,283,175,110,195,2,50,87,,,,0
browns-1992-media-guide-cleveland-c,nfl-books,nfl-books/text_all/browns-1992-media-guide-cleveland-c.txt,Cleveland Browns 1992 Media Guide,1992,1,ocr-text,unread,unread,unread,,859498,137117,1863,1999,1991,937,1,0,3,128,214,119,1,32,23,27,45,,,,0
buccaneers-1992,nfl-books,,Tampa Bay Buccaneers 1992 Media Guide Cover,1992,0,no-text-layer,cover scan,none,read-2026-09-06-yearbooks,"all 302 textless items scanned by metadata and all 319 images OCR'd; the 10 over 150 words are schedules and broadcast listings, nothing per-man | textless scan; in index, no OCR layer",,,,,,,,,,,,,,,,,,,,,0
cardinals-1992-media-guide-phoenix-b,nfl-books,nfl-books/text_all/cardinals-1992-media-guide-phoenix-b.txt,Phoenix Cardinals 1992 Media Guide,1992,1,ocr-text,unread,unread,unread,,855840,136396,1850,2019,1991,1036,11,0,7,88,5,73,0,65,283,27,51,,,,0
chargers-1992-media-guide-san-diego-c,nfl-books,nfl-books/text_all/chargers-1992-media-guide-san-diego-c.txt,San Diego Chargers 1992 Media Guide,1992,1,ocr-text,unread,unread,unread,,705991,113214,1864,1999,1991,799,6,0,4,94,32,117,0,11,696,15,10,,,,0
chiefs-1992-media-guide-kansas-city-c,nfl-books,nfl-books/text_all/chiefs-1992-media-guide-kansas-city-c.txt,Kansas City Chiefs 1992 Media Guide,1992,1,ocr-text,club media/press guide,biography+statistics+roster-table,"read-2026-09-07-yearbooks (stratified sample n=56 of 2,462 post-1950 texts, seed 20260907)",,828033,139999,1858,2022,1991,1180,2,0,5,133,173,181,0,8,381,87,43,,,,0
colts-1992-media-guide-indianapolis,nfl-books,nfl-books/text_all/colts-1992-media-guide-indianapolis.txt,Indianapolis Colts 1992 Media Guide,1992,1,ocr-text,unread,unread,unread,,584273,97657,1860,2023,1991,471,4,0,0,94,265,197,0,26,21,36,81,,,,0
cowboys-1992-media-guide-dallas-b,nfl-books,nfl-books/text_all/cowboys-1992-media-guide-dallas-b.txt,Dallas Cowboys 1992 Media Guide,1992,1,ocr-text,unread,unread,unread,,722453,118556,1863,1999,1991,848,3,1,3,120,172,105,0,131,192,23,14,,,,0
dolphins-1992-media-guide-miami,nfl-books,nfl-books/text_all/dolphins-1992-media-guide-miami.txt,Miami Dolphins 1992 Media Guide,1992,1,ocr-text,unread,unread,unread,,1513996,261866,1850,2029,1991,2115,19,1,4,197,443,182,0,210,221,128,488,,,,0
eagles-1992-media-guide-philadelphia-c,nfl-books,nfl-books/text_all/eagles-1992-media-guide-philadelphia-c.txt,Philadelphia Eagles 1992 Media Guide,1992,1,ocr-text,unread,unread,unread,,774701,132309,1853,2010,1991,577,1,0,1,48,136,134,47,78,9,49,49,,,,0
falcons-1992-media-guide-atlanta-c,nfl-books,nfl-books/text_all/falcons-1992-media-guide-atlanta-c.txt,Atlanta Falcons 1992 Media Guide,1992,1,ocr-text,unread,unread,unread,,707324,119435,1886,2013,1991,692,8,0,2,91,68,47,1,59,111,36,31,,,,0
giants-1992-media-guide-new-york-c,nfl-books,nfl-books/text_all/giants-1992-media-guide-new-york-c.txt,New York Giants 1992 Media Guide,1992,1,ocr-text,unread,unread,unread,,591038,97652,1865,2007,1990,587,3,0,1,48,155,192,0,37,9,45,31,,,,0
jets-1992-media-guide-new-york-c,nfl-books,nfl-books/text_all/jets-1992-media-guide-new-york-c.txt,New York Jets 1992 Media Guide,1992,1,ocr-text,unread,unread,unread,,593702,98554,1861,2029,1991,228,2,0,0,39,259,94,0,13,557,45,22,,,,0
lions-1992-media-guide-detroit-c,nfl-books,nfl-books/text_all/lions-1992-media-guide-detroit-c.txt,Detroit Lions 1992 Media Guide,1992,1,ocr-text,unread,unread,unread,,829320,142374,1851,2029,1991,709,1,0,2,55,153,99,1,64,862,23,155,,,,0
oilers-1992-media-guide-houston-c,nfl-books,nfl-books/text_all/oilers-1992-media-guide-houston-c.txt,Houston Oilers 1992 Media Guide,1992,1,ocr-text,unread,unread,unread,,867702,139207,1856,2029,1991,937,2,0,3,149,201,139,69,73,27,50,89,,,,0
packers-1992-media-guide-green-bay-c,nfl-books,nfl-books/text_all/packers-1992-media-guide-green-bay-c.txt,Green Bay Packers 1992 Media Guide,1992,1,ocr-text,unread,unread,unread,,779289,126914,1850,2021,1991,809,5,0,3,97,194,197,1,65,65,15,77,,,,0
patriots-1992-media-guide-new-england,nfl-books,nfl-books/text_all/patriots-1992-media-guide-new-england.txt,New England Patriots 1992 Media Guide,1992,1,ocr-text,unread,unread,unread,,523972,85723,1859,2020,1991,448,3,0,2,118,164,117,0,16,29,21,45,,,,0
raiders-1992-media-guide-los-angeles-c,nfl-books,nfl-books/text_all/raiders-1992-media-guide-los-angeles-c.txt,Los Angeles Raiders 1992 Media Guide,1992,1,ocr-text,unread,unread,unread,,550936,86267,1878,2023,1991,734,13,0,3,120,344,250,0,55,27,70,82,,,,0
rams-1992,nfl-books,nfl-books/text_all/rams-1992.txt,Los Angeles Rams 1992 Media Guide,1992,1,ocr-text,unread,unread,unread,,560457,89307,1866,1997,1991,436,6,0,3,49,230,208,1,32,56,15,41,,,,0
redskins-1992-media-guide-washington-c,nfl-books,nfl-books/text_all/redskins-1992-media-guide-washington-c.txt,Washington Redskins 1992 Media Guide,1992,1,ocr-text,unread,unread,unread,,612531,104273,1873,2011,1991,685,3,0,1,60,25,118,33,18,890,52,43,,,,0
saints-1992-media-guide-new-orleans,nfl-books,nfl-books/text_all/saints-1992-media-guide-new-orleans.txt,New Orleans Saints 1992 Media Guide,1992,1,ocr-text,unread,unread,unread,,573019,91945,1860,2010,1991,515,3,0,0,64,198,118,0,69,13,29,18,,,,0
seahawks-1992-media-guide-seattle,nfl-books,nfl-books/text_all/seahawks-1992-media-guide-seattle.txt,Seattle Seahawks 1992 Media Guide,1992,1,ocr-text,unread,unread,unread,,615976,100127,1872,1997,1991,731,3,0,1,78,364,132,111,17,126,41,117,,,,0
steelers-1992-media-guide-pittsburgh,nfl-books,nfl-books/text_all/steelers-1992-media-guide-pittsburgh.txt,Pittsburgh Steelers 1992 Media Guide,1992,1,ocr-text,unread,unread,unread,,534156,89233,1866,2010,1991,431,0,1,1,47,222,97,0,25,0,73,71,,,,0
vikings-1992,nfl-books,,Minnesota Vikings 1992 Media Guide Cover,1992,0,no-text-layer,cover scan,none,read-2026-09-06-yearbooks,"all 302 textless items scanned by metadata and all 319 images OCR'd; the 10 over 150 words are schedules and broadcast listings, nothing per-man | textless scan; in index, no OCR layer",,,,,,,,,,,,,,,,,,,,,0
49ers-1993-media-guide-san-francisco-c,nfl-books,nfl-books/text_all/49ers-1993-media-guide-san-francisco-c.txt,San Francisco 49ers 1993 Media Guide,1993,1,ocr-text,unread,unread,unread,,776680,123543,1875,2020,1992,798,2,0,3,63,232,113,1,121,745,66,43,,,,0
bears-1993-media-guide-chicago-b,nfl-books,nfl-books/text_all/bears-1993-media-guide-chicago-b.txt,Chicago Bears 1993 Media Guide,1993,1,ocr-text,unread,unread,unread,,678372,106295,1855,2002,1992,567,0,0,4,180,20,104,0,165,314,14,27,,,,0
bengals-1993-media-guide-cincinnati-c,nfl-books,nfl-books/text_all/bengals-1993-media-guide-cincinnati-c.txt,Cincinnati Bengals 1993 Media Guide,1993,1,ocr-text,unread,unread,unread,,573337,95593,1851,2029,1992,590,5,0,1,42,9,45,0,14,571,29,262,,,,0
bills-1993-media-guide-buffalo-c,nfl-books,nfl-books/text_all/bills-1993-media-guide-buffalo-c.txt,Buffalo Bills 1993 Media Guide,1993,1,ocr-text,unread,unread,unread,,672772,112006,1861,2029,1992,364,3,0,3,80,136,78,2,19,288,31,67,,,,0
broncos-1993-media-guide-denver-c,nfl-books,nfl-books/text_all/broncos-1993-media-guide-denver-c.txt,Denver Broncos 1993 Media Guide,1993,1,ocr-text,unread,unread,unread,,821829,134050,1851,2029,1992,964,2,0,2,90,256,154,106,278,190,51,62,,,,0
browns-1993-media-guide-cleveland-c,nfl-books,nfl-books/text_all/browns-1993-media-guide-cleveland-c.txt,Cleveland Browns 1993 Media Guide,1993,1,ocr-text,unread,unread,unread,,750815,120800,1860,2017,1992,746,4,0,1,113,172,110,1,27,16,13,14,,,,0
buccaneers-1993-media-guide-tampa-bay-c,nfl-books,nfl-books/text_all/buccaneers-1993-media-guide-tampa-bay-c.txt,Tampa Bay Buccaneers 1993 Media Guide,1993,1,ocr-text,unread,unread,unread,,655641,106636,1900,2009,1992,821,7,0,0,119,44,159,0,2,354,8,26,,,,0
cardinals-1993-media-guide-phoenix-c,nfl-books,nfl-books/text_all/cardinals-1993-media-guide-phoenix-c.txt,Phoenix Cardinals 1993 Media Guide,1993,1,ocr-text,unread,unread,unread,,809793,130503,1852,2028,1992,1143,13,1,8,89,8,85,2,84,266,27,24,,,,0
chargers-1993-media-guide-san-diego-b,nfl-books,nfl-books/text_all/chargers-1993-media-guide-san-diego-b.txt,San Diego Chargers 1993 Media Guide,1993,1,ocr-text,unread,unread,unread,,716465,115543,1860,1999,1992,751,5,1,1,89,30,100,0,15,506,18,22,,,,0
chiefs-1993-media-guide-kansas-city-c,nfl-books,nfl-books/text_all/chiefs-1993-media-guide-kansas-city-c.txt,Kansas City Chiefs 1993 Media Guide,1993,1,ocr-text,unread,unread,unread,,839975,143143,1850,2022,1992,1152,1,0,8,132,155,160,0,12,416,91,69,,,,0
colts-1993-media-guide-indianapolis,nfl-books,nfl-books/text_all/colts-1993-media-guide-indianapolis.txt,Indianapolis Colts 1993 Media Guide,1993,1,ocr-text,unread,unread,unread,,596486,100252,1850,2022,1992,504,3,0,0,100,247,181,0,25,26,29,53,,,,0
cowboys-1993-media-guide-dallas-b,nfl-books,nfl-books/text_all/cowboys-1993-media-guide-dallas-b.txt,Dallas Cowboys 1993 Media Guide,1993,1,ocr-text,unread,unread,unread,,769278,127527,1863,2000,1992,940,1,1,1,117,147,111,0,111,155,34,22,,,,0
dolphins-1993-media-guide-miami,nfl-books,nfl-books/text_all/dolphins-1993-media-guide-miami.txt,Miami Dolphins 1993 Media Guide,1993,1,ocr-text,unread,unread,unread,,1603926,276961,1850,2025,1992,2346,18,1,2,196,415,163,0,167,215,110,380,,,,0
falcons-1993-media-guide-atlanta-c,nfl-books,nfl-books/text_all/falcons-1993-media-guide-atlanta-c.txt,Atlanta Falcons 1993 Media Guide,1993,1,ocr-text,unread,unread,unread,,681558,114385,1857,2023,1991,616,8,0,3,78,34,50,2,122,55,37,4,,,,0
giants-1993-media-guide-new-york-c,nfl-books,nfl-books/text_all/giants-1993-media-guide-new-york-c.txt,New York Giants 1993 Media Guide,1993,1,ocr-text,unread,unread,unread,,687934,116108,1870,2020,1992,560,3,0,0,72,189,178,0,46,19,86,25,,,,0
jets-1993-media-guide-new-york-c,nfl-books,nfl-books/text_all/jets-1993-media-guide-new-york-c.txt,New York Jets 1993 Media Guide,1993,1,ocr-text,unread,unread,unread,,596117,98572,1863,2029,1992,264,2,0,3,49,261,94,0,25,793,41,24,,,,0
lions-1993-media-guide-detroit-c,nfl-books,nfl-books/text_all/lions-1993-media-guide-detroit-c.txt,Detroit Lions 1993 Media Guide,1993,1,ocr-text,unread,unread,unread,,860366,148051,1851,2029,1992,779,2,0,1,59,161,99,1,52,980,17,185,,,,0
nfl-1993-record-fact-book,nfl-books,nfl-books/text_all/nfl-1993-record-fact-book.txt,NFL Record & Fact Book 1993,1993,1,ocr-text,unread,unread,unread,,2834290,465493,1851,2025,1992,3122,2,0,1,27,34,189,0,131,1261,171,1278,,,,0
oilers-1993-media-guide-houston-b,nfl-books,nfl-books/text_all/oilers-1993-media-guide-houston-b.txt,Houston Oilers 1993 Media Guide,1993,1,ocr-text,unread,unread,unread,,917625,145573,1867,2026,1992,1027,1,0,3,150,180,135,4,89,7,50,79,,,,0
packers-1993-media-guide-green-bay-c,nfl-books,nfl-books/text_all/packers-1993-media-guide-green-bay-c.txt,Green Bay Packers 1993 Media Guide,1993,1,ocr-text,unread,unread,unread,,909247,146073,1872,2024,1992,1018,4,0,3,108,218,209,0,10,97,17,26,,,,0
patriots-1993-media-guide-new-england,nfl-books,nfl-books/text_all/patriots-1993-media-guide-new-england.txt,New England Patriots 1993 Media Guide,1993,1,ocr-text,unread,unread,unread,,554279,90425,1859,2020,1992,476,5,0,2,89,220,97,0,27,17,21,36,,,,0
philadelphia-eagles-1993-media-guide-cover,nfl-books,,Philadelphia Eagles 1993 Media Guide Cover,1993,0,no-text-layer,cover scan,none,read-2026-09-06-yearbooks,"all 302 textless items scanned by metadata and all 319 images OCR'd; the 10 over 150 words are schedules and broadcast listings, nothing per-man | textless scan; in index, no OCR layer",,,,,,,,,,,,,,,,,,,,,0
raiders-1993-media-guide-los-angeles-c,nfl-books,nfl-books/text_all/raiders-1993-media-guide-los-angeles-c.txt,Los Angeles Raiders 1993 Media Guide,1993,1,ocr-text,unread,unread,unread,,540239,84421,1899,2013,1992,715,15,0,1,125,316,232,0,62,79,53,86,,,,0
rams-1993-media-guide-los-angeles-c,nfl-books,nfl-books/text_all/rams-1993-media-guide-los-angeles-c.txt,Los Angeles Rams 1993 Media Guide,1993,1,ocr-text,unread,unread,unread,,647921,106871,1854,2021,1992,526,5,0,0,79,221,194,1,57,50,23,97,,,,0
redskins-1993-media-guide-washington-c,nfl-books,nfl-books/text_all/redskins-1993-media-guide-washington-c.txt,Washington Redskins 1993 Media Guide,1993,1,ocr-text,unread,unread,unread,,544093,92617,1896,2021,1992,685,1,0,0,84,25,115,0,13,603,38,21,,,,0
saints-1993-media-guide-new-orleans,nfl-books,nfl-books/text_all/saints-1993-media-guide-new-orleans.txt,New Orleans Saints 1993 Media Guide,1993,1,ocr-text,unread,unread,unread,,598476,98868,1927,2014,1992,607,2,0,0,77,234,145,1,61,19,24,34,,,,0
seahawks-1993-media-guide-seattle,nfl-books,nfl-books/text_all/seahawks-1993-media-guide-seattle.txt,Seattle Seahawks 1993 Media Guide,1993,1,ocr-text,unread,unread,unread,,777513,127843,1859,2023,1992,986,3,0,5,105,358,130,116,94,110,127,317,,,,0
steelers-1993-media-guide-pittsburgh,nfl-books,nfl-books/text_all/steelers-1993-media-guide-pittsburgh.txt,Pittsburgh Steelers 1993 Media Guide,1993,1,ocr-text,unread,unread,unread,,598353,99455,1852,2029,1992,532,0,1,2,63,233,109,0,35,1,90,47,,,,0
vikings-1993,nfl-books,,Minnesota Vikings 1993 Media Guide Cover,1993,0,no-text-layer,cover scan,none,read-2026-09-06-yearbooks,"all 302 textless items scanned by metadata and all 319 images OCR'd; the 10 over 150 words are schedules and broadcast listings, nothing per-man | textless scan; in index, no OCR layer",,,,,,,,,,,,,,,,,,,,,0
49ers-1994-media-guide-san-francisco-c,nfl-books,nfl-books/text_all/49ers-1994-media-guide-san-francisco-c.txt,San Francisco 49ers 1994 Media Guide,1994,1,ocr-text,unread,unread,unread,,764017,120775,1918,2002,1994,706,4,0,1,61,150,115,1,253,643,48,51,,,,0
bears-1994-media-guide-chicago-b,nfl-books,nfl-books/text_all/bears-1994-media-guide-chicago-b.txt,Chicago Bears 1994 Media Guide,1994,1,ocr-text,unread,unread,unread,,652085,102701,1852,2007,1993,533,0,0,2,161,13,100,0,170,275,12,28,,,,0
bengals-1994-media-guide-cincinnati-c,nfl-books,nfl-books/text_all/bengals-1994-media-guide-cincinnati-c.txt,Cincinnati Bengals 1994 Media Guide,1994,1,ocr-text,unread,unread,unread,,588394,95186,1851,2022,1993,418,1,0,2,32,202,133,0,168,443,70,231,,,,0
bills-1994-media-guide-buffalo-c,nfl-books,nfl-books/text_all/bills-1994-media-guide-buffalo-c.txt,Buffalo Bills 1994 Media Guide,1994,1,ocr-text,unread,unread,unread,,638018,104338,1900,2029,1993,414,1,0,5,87,116,81,0,8,323,27,99,,,,0
broncos-1994-media-guide-denver-c,nfl-books,nfl-books/text_all/broncos-1994-media-guide-denver-c.txt,Denver Broncos 1994 Media Guide,1994,1,ocr-text,unread,unread,unread,,912686,151004,1851,2029,1993,1021,2,0,2,83,263,103,111,2,325,101,106,,,,0
browns-1994,nfl-books,,Cleveland Browns 1994 Media Guide Cover,1994,0,no-text-layer,cover scan,none,read-2026-09-06-yearbooks,"all 302 textless items scanned by metadata and all 319 images OCR'd; the 10 over 150 words are schedules and broadcast listings, nothing per-man | textless scan; in index, no OCR layer",,,,,,,,,,,,,,,,,,,,,0
buccaneers-1994,nfl-books,,Tampa Bay Buccaneers 1994 Media Guide Cover,1994,0,no-text-layer,cover scan,none,read-2026-09-06-yearbooks,"all 302 textless items scanned by metadata and all 319 images OCR'd; the 10 over 150 words are schedules and broadcast listings, nothing per-man | textless scan; in index, no OCR layer",,,,,,,,,,,,,,,,,,,,,0
cardinals-1994-media-guide-arizona-c,nfl-books,nfl-books/text_all/cardinals-1994-media-guide-arizona-c.txt,Arizona Cardinals 1994 Media Guide,1994,1,ocr-text,unread,unread,unread,,792920,127358,1855,2005,1993,1071,7,0,9,101,19,85,0,84,313,51,27,,,,0
chargers-1994-media-guide-san-diego-c,nfl-books,nfl-books/text_all/chargers-1994-media-guide-san-diego-c.txt,San Diego Chargers 1994 Media Guide,1994,1,ocr-text,unread,unread,unread,,731151,118102,1861,2016,1993,772,5,0,2,89,23,121,0,11,633,19,13,,,,0
chiefs-1994-media-guide-kansas-city-c,nfl-books,nfl-books/text_all/chiefs-1994-media-guide-kansas-city-c.txt,Kansas City Chiefs 1994 Media Guide,1994,1,ocr-text,unread,unread,unread,,850593,143659,1858,2022,1993,1084,0,0,8,138,163,129,0,3,455,67,29,,,,0
colts-1994-media-guide-indianapolis,nfl-books,nfl-books/text_all/colts-1994-media-guide-indianapolis.txt,Indianapolis Colts 1994 Media Guide,1994,1,ocr-text,unread,unread,unread,,694673,121621,1850,2027,1993,597,0,0,1,116,208,171,0,30,23,206,273,,,,0
cowboys-1994-media-guide-dallas-b,nfl-books,nfl-books/text_all/cowboys-1994-media-guide-dallas-b.txt,Dallas Cowboys 1994 Media Guide,1994,1,ocr-text,unread,unread,unread,,724290,120550,1860,2029,1993,857,5,1,2,126,136,96,1,151,148,38,50,,,,0
dolphins-1994-media-guide-miami,nfl-books,nfl-books/text_all/dolphins-1994-media-guide-miami.txt,Miami Dolphins 1994 Media Guide,1994,1,ocr-text,unread,unread,unread,,1484925,255096,1850,2025,1993,2122,20,1,3,175,352,170,1,187,261,114,358,,,,0
eagles-1994-media-guide-philadelphia-c,nfl-books,nfl-books/text_all/eagles-1994-media-guide-philadelphia-c.txt,Philadelphia Eagles 1994 Media Guide,1994,1,ocr-text,unread,unread,unread,,636619,107835,1867,2010,1993,475,2,0,1,48,121,101,21,44,9,14,19,,,,0
falcons-1994-media-guide-atlanta-c,nfl-books,nfl-books/text_all/falcons-1994-media-guide-atlanta-c.txt,Atlanta Falcons 1994 Media Guide,1994,1,ocr-text,unread,unread,unread,,668855,111259,1875,2000,1992,601,7,0,5,70,53,80,1,41,59,36,19,,,,0
jets-1994-media-guide-new-york-c,nfl-books,nfl-books/text_all/jets-1994-media-guide-new-york-c.txt,New York Jets 1994 Media Guide,1994,1,ocr-text,unread,unread,unread,,655357,108488,1860,2006,1993,234,1,0,2,46,258,90,0,15,688,39,21,,,,0
lions-1994-media-guide-detroit-c,nfl-books,nfl-books/text_all/lions-1994-media-guide-detroit-c.txt,Detroit Lions 1994 Media Guide,1994,1,ocr-text,unread,unread,unread,,873577,146793,1851,2029,1993,832,1,0,1,94,139,81,2,79,984,13,169,,,,0
new-york-giants-1994-media-guide-cover,nfl-books,,New York Giants 1994 Media Guide Cover,1994,0,no-text-layer,cover scan,none,read-2026-09-06-yearbooks,"all 302 textless items scanned by metadata and all 319 images OCR'd; the 10 over 150 words are schedules and broadcast listings, nothing per-man | textless scan; in index, no OCR layer",,,,,,,,,,,,,,,,,,,,,0
oilers-1994-media-guide-houston-c,nfl-books,nfl-books/text_all/oilers-1994-media-guide-houston-c.txt,Houston Oilers 1994 Media Guide,1994,1,ocr-text,unread,unread,unread,,976043,154951,1867,2020,1993,1138,4,0,2,164,197,145,1,72,12,49,89,,,,0
packers-1994-media-guide-green-bay-c,nfl-books,nfl-books/text_all/packers-1994-media-guide-green-bay-c.txt,Green Bay Packers 1994 Media Guide,1994,1,ocr-text,unread,unread,unread,,1023998,164620,1851,2024,1993,1098,4,0,6,88,192,184,0,40,138,45,102,,,,0
patriots-1994-media-guide-new-england,nfl-books,nfl-books/text_all/patriots-1994-media-guide-new-england.txt,New England Patriots 1994 Media Guide,1994,1,ocr-text,unread,unread,unread,,872933,143700,1859,2010,1993,911,3,1,2,115,247,151,0,170,71,73,38,,,,0
raiders-1994-media-guide-los-angeles-c,nfl-books,nfl-books/text_all/raiders-1994-media-guide-los-angeles-c.txt,Los Angeles Raiders 1994 Media Guide,1994,1,ocr-text,unread,unread,unread,,565167,88085,1865,2013,1993,774,12,0,1,131,328,237,0,91,83,59,134,,,,0
rams-1994-media-guide-los-angeles-c,nfl-books,nfl-books/text_all/rams-1994-media-guide-los-angeles-c.txt,Los Angeles Rams 1994 Media Guide,1994,1,ocr-text,unread,unread,unread,,655271,107373,1854,2027,1993,616,3,0,0,93,242,175,2,50,47,12,86,,,,0
redskins-1994-media-guide-washington-c,nfl-books,nfl-books/text_all/redskins-1994-media-guide-washington-c.txt,Washington Redskins 1994 Media Guide,1994,1,ocr-text,unread,unread,unread,,594545,98368,1912,2000,1993,678,4,0,1,107,19,123,0,17,965,35,44,,,,0
saints-1994-media-guide-new-orleans,nfl-books,nfl-books/text_all/saints-1994-media-guide-new-orleans.txt,New Orleans Saints 1994 Media Guide,1994,1,ocr-text,unread,unread,unread,,631254,104054,1900,2025,1993,687,3,0,0,91,214,141,1,65,47,21,31,,,,0
seahawks-1994-media-guide-seattle,nfl-books,nfl-books/text_all/seahawks-1994-media-guide-seattle.txt,Seattle Seahawks 1994 Media Guide,1994,1,ocr-text,unread,unread,unread,,787791,131213,1880,2023,1993,1089,1,0,1,91,341,128,111,99,179,137,283,,,,0
steelers-1994-media-guide-pittsburgh,nfl-books,nfl-books/text_all/steelers-1994-media-guide-pittsburgh.txt,Pittsburgh Steelers 1994 Media Guide,1994,1,ocr-text,club media/press guide,biography+statistics+roster-table,"read-2026-09-07-yearbooks (stratified sample n=56 of 2,462 post-1950 texts, seed 20260907)",,595065,99466,1852,2022,1993,496,1,1,2,54,196,111,0,30,2,78,56,,,,0
vikings-1994,nfl-books,nfl-books/text_all/vikings-1994.txt,Minnesota Vikings 1994 Media Guide,1994,1,ocr-text,unread,unread,unread,,625333,105916,1861,2017,1993,686,1,0,1,87,61,120,0,56,35,82,49,,,,0
49ers-1995,nfl-books,nfl-books/text_all/49ers-1995.txt,San Francisco 49ers 1995 Media Guide,1995,1,ocr-text,unread,unread,unread,,808164,130678,1850,2020,1994,678,5,0,2,57,158,140,1,538,686,43,60,,,,0
atlanta-falcons-1995-media-guide-cover,nfl-books,,Atlanta Falcons 1995 Media Guide Cover,1995,0,no-text-layer,cover scan,none,read-2026-09-06-yearbooks,"all 302 textless items scanned by metadata and all 319 images OCR'd; the 10 over 150 words are schedules and broadcast listings, nothing per-man | textless scan; in index, no OCR layer",,,,,,,,,,,,,,,,,,,,,0
bears-1995-media-guide-chicago,nfl-books,nfl-books/text_all/bears-1995-media-guide-chicago.txt,Chicago Bears 1995 Media Guide,1995,1,ocr-text,unread,unread,unread,,663517,105324,1850,2000,1994,538,1,0,1,173,20,88,0,97,101,12,20,,,,0
bengals-1995,nfl-books,,Cincinnati Bengals 1995 Media Guide Cover,1995,0,no-text-layer,cover scan,none,read-2026-09-06-yearbooks,"all 302 textless items scanned by metadata and all 319 images OCR'd; the 10 over 150 words are schedules and broadcast listings, nothing per-man | textless scan; in index, no OCR layer",,,,,,,,,,,,,,,,,,,,,0
bills-1995-media-guide-buffalo-c,nfl-books,nfl-books/text_all/bills-1995-media-guide-buffalo-c.txt,Buffalo Bills 1995 Media Guide,1995,1,ocr-text,unread,unread,unread,,799167,133620,1889,2018,1993,556,2,0,5,88,146,99,2,11,751,47,175,,,,0
broncos-1995-media-guide-denver,nfl-books,nfl-books/text_all/broncos-1995-media-guide-denver.txt,Denver Broncos 1995 Media Guide,1995,1,ocr-text,unread,unread,unread,,1204855,208685,1851,2029,1995,1495,2,0,2,95,306,163,134,13,351,201,289,,,,0
browns-1995-media-guide-cleveland-c,nfl-books,nfl-books/text_all/browns-1995-media-guide-cleveland-c.txt,Cleveland Browns 1995 Media Guide,1995,1,ocr-text,unread,unread,unread,,864960,141293,1863,2023,1994,784,7,0,1,143,162,148,0,37,11,25,83,,,,0
buccaneers-1995,nfl-books,,Tampa Bay Buccaneers 1995 Media Guide Cover,1995,0,no-text-layer,cover scan,none,read-2026-09-06-yearbooks,"all 302 textless items scanned by metadata and all 319 images OCR'd; the 10 over 150 words are schedules and broadcast listings, nothing per-man | textless scan; in index, no OCR layer",,,,,,,,,,,,,,,,,,,,,0
cardinals-1995-media-guide-arizona-c,nfl-books,nfl-books/text_all/cardinals-1995-media-guide-arizona-c.txt,Arizona Cardinals 1995 Media Guide,1995,1,ocr-text,unread,unread,unread,,937668,154829,1850,2026,1994,1269,4,0,9,83,27,87,0,51,360,74,43,,,,0
carolina-panthers-1995-media-guide-cover,nfl-books,,Carolina Panthers 1995 Media Guide Cover,1995,0,no-text-layer,cover scan,none,read-2026-09-06-yearbooks,"all 302 textless items scanned by metadata and all 319 images OCR'd; the 10 over 150 words are schedules and broadcast listings, nothing per-man | textless scan; in index, no OCR layer",,,,,,,,,,,,,,,,,,,,,0
chargers-1995-media-guide-san-diego-c,nfl-books,nfl-books/text_all/chargers-1995-media-guide-san-diego-c.txt,San Diego Chargers 1995 Media Guide,1995,1,ocr-text,unread,unread,unread,,820992,132784,1852,2020,1994,942,6,0,2,107,37,108,0,19,849,24,21,,,,0
chiefs-1995-media-guide-kansas-city-c,nfl-books,nfl-books/text_all/chiefs-1995-media-guide-kansas-city-c.txt,Kansas City Chiefs 1995 Media Guide,1995,1,ocr-text,unread,unread,unread,,923214,158006,1850,2022,1994,1142,0,0,6,165,173,126,0,29,739,110,66,,,,0
colts-1995-media-guide-indianapolis,nfl-books,nfl-books/text_all/colts-1995-media-guide-indianapolis.txt,Indianapolis Colts 1995 Media Guide,1995,1,ocr-text,unread,unread,unread,,798989,142234,1850,2027,1994,570,0,0,0,123,188,144,0,35,6,143,234,,,,0
cowboys-1995-media-guide-dallas-b,nfl-books,nfl-books/text_all/cowboys-1995-media-guide-dallas-b.txt,Dallas Cowboys 1995 Media Guide,1995,1,ocr-text,unread,unread,unread,,826898,144931,1862,2019,1994,943,4,1,4,156,136,93,0,59,197,56,0,,,,0
dolphins-1995-media-guide-miami,nfl-books,nfl-books/text_all/dolphins-1995-media-guide-miami.txt,Miami Dolphins 1995 Media Guide,1995,1,ocr-text,unread,unread,unread,,1565939,266617,1865,2025,1994,2332,19,0,7,170,334,156,2,215,120,130,353,,,,0
eagles-1995-media-guide-philadelphia-b,nfl-books,nfl-books/text_all/eagles-1995-media-guide-philadelphia-b.txt,Philadelphia Eagles 1995 Media Guide,1995,1,ocr-text,unread,unread,unread,,660231,109556,1856,1999,1994,444,1,0,0,48,104,124,2,40,10,17,16,,,,0
giants-1995-media-guide-new-york-c,nfl-books,nfl-books/text_all/giants-1995-media-guide-new-york-c.txt,New York Giants 1995 Media Guide,1995,1,ocr-text,unread,unread,unread,,793382,131491,1876,2020,1994,792,0,0,0,84,176,158,100,94,37,93,74,,,,0
jaguars-1995-media-guide-jacksonville,nfl-books,nfl-books/text_all/jaguars-1995-media-guide-jacksonville.txt,Jacksonville Jaguars 1995 Media Guide,1995,1,ocr-text,unread,unread,unread,,422751,69418,1893,2023,1994,435,3,0,1,104,302,221,171,0,151,49,4,,,,0
jets-1995-media-guide-new-york-c,nfl-books,nfl-books/text_all/jets-1995-media-guide-new-york-c.txt,New York Jets 1995 Media Guide,1995,1,ocr-text,unread,unread,unread,,647215,108152,1860,2006,1994,262,1,0,1,42,251,85,0,13,816,34,53,,,,0
lions-1995-media-guide-detroit-c,nfl-books,nfl-books/text_all/lions-1995-media-guide-detroit-c.txt,Detroit Lions 1995 Media Guide,1995,1,ocr-text,unread,unread,unread,,942406,160883,1851,2029,1994,876,0,0,2,117,138,100,1,95,1053,18,176,,,,0
nfl-record-fact-book-1995-c,nfl-books,nfl-books/text_all/nfl-record-fact-book-1995-c.txt,NFL Record & Fact Book 1995,1995,1,ocr-text,league record book,statistics+roster-table+biography,"read-2026-09-07-yearbooks (stratified sample n=56 of 2,462 post-1950 texts, seed 20260907)","coach biographies with 'Personal: Born ...'; 2,855 roster lines; 1,155 statistics rows",2909410,468424,1850,2026,1994,3328,2,0,1,28,34,199,0,414,684,195,1159,,,,0
oakland-raiders-1995-media-guide-cover,nfl-books,,Oakland Raiders 1995 Media Guide Cover,1995,0,no-text-layer,cover scan,none,read-2026-09-06-yearbooks,"all 302 textless items scanned by metadata and all 319 images OCR'd; the 10 over 150 words are schedules and broadcast listings, nothing per-man | textless scan; in index, no OCR layer",,,,,,,,,,,,,,,,,,,,,0
oilers-1995-media-guide-houston-c,nfl-books,nfl-books/text_all/oilers-1995-media-guide-houston-c.txt,Houston Oilers 1995 Media Guide,1995,1,ocr-text,unread,unread,unread,,809628,129913,1860,2029,1994,857,2,0,2,127,225,105,0,67,42,24,108,,,,0
packers-1995-media-guide-green-bay-c,nfl-books,nfl-books/text_all/packers-1995-media-guide-green-bay-c.txt,Green Bay Packers 1995 Media Guide,1995,1,ocr-text,unread,unread,unread,,1064056,169499,1888,2024,1994,1207,5,0,5,115,191,220,2,29,121,46,40,,,,0
patriots-1995-media-guide-new-england,nfl-books,nfl-books/text_all/patriots-1995-media-guide-new-england.txt,New England Patriots 1995 Media Guide,1995,1,ocr-text,unread,unread,unread,,1025694,169046,1863,2022,1994,1060,2,2,1,125,249,173,1,150,201,77,72,,,,0
rams-1995,nfl-books,nfl-books/text_all/rams-1995.txt,Los Angeles Rams 1995 Media Guide,1995,1,ocr-text,unread,unread,unread,,739558,117204,1904,1999,1994,738,4,0,2,86,231,169,0,27,1183,21,9,,,,0
redskins-1995-media-guide-washington-c,nfl-books,nfl-books/text_all/redskins-1995-media-guide-washington-c.txt,Washington Redskins 1995 Media Guide,1995,1,ocr-text,unread,unread,unread,,742051,127850,1858,2028,1994,752,2,1,3,124,21,118,0,60,1056,159,93,,,,0
saints-1995-media-guide-new-orleans,nfl-books,nfl-books/text_all/saints-1995-media-guide-new-orleans.txt,New Orleans Saints 1995 Media Guide,1995,1,ocr-text,unread,unread,unread,,680742,106147,1905,2022,1994,683,2,0,0,79,234,131,0,118,30,19,73,,,,0
seahawks-1995-media-guide-seattle,nfl-books,nfl-books/text_all/seahawks-1995-media-guide-seattle.txt,Seattle Seahawks 1995 Media Guide,1995,1,ocr-text,unread,unread,unread,,875229,146964,1875,2023,1994,1163,2,0,4,154,373,159,114,110,178,155,236,,,,0
steelers-1995-media-guide-pittsburgh-b,nfl-books,nfl-books/text_all/steelers-1995-media-guide-pittsburgh-b.txt,Pittsburgh Steelers 1995 Media Guide,1995,1,ocr-text,unread,unread,unread,,576676,96651,1866,2001,1994,525,2,1,3,68,225,123,0,39,2,93,100,,,,0
vikings-1995,nfl-books,,Minnesota Vikings 1995 Media Guide Cover,1995,0,no-text-layer,cover scan,none,read-2026-09-06-yearbooks,"all 302 textless items scanned by metadata and all 319 images OCR'd; the 10 over 150 words are schedules and broadcast listings, nothing per-man | textless scan; in index, no OCR layer",,,,,,,,,,,,,,,,,,,,,0
49ers-1996-media-guide-san-francisco-c,nfl-books,nfl-books/text_all/49ers-1996-media-guide-san-francisco-c.txt,San Francisco 49ers 1996 Media Guide,1996,1,ocr-text,unread,unread,unread,,886996,141486,1855,2020,1995,799,3,0,2,47,183,127,1,293,750,35,27,,,,0
bears-1996-media-guide-chicago,nfl-books,nfl-books/text_all/bears-1996-media-guide-chicago.txt,Chicago Bears 1996 Media Guide,1996,1,ocr-text,unread,unread,unread,,734769,118575,1852,2020,1995,555,2,1,1,143,13,74,0,41,276,10,26,,,,0
bengals-1996-media-guide-cincinnati-c,nfl-books,nfl-books/text_all/bengals-1996-media-guide-cincinnati-c.txt,Cincinnati Bengals 1996 Media Guide,1996,1,ocr-text,unread,unread,unread,,847717,146238,1852,2028,1995,750,4,1,4,51,196,127,1,152,505,126,559,,,,0
bills-1996-media-guide-buffalo-c,nfl-books,nfl-books/text_all/bills-1996-media-guide-buffalo-c.txt,Buffalo Bills 1996 Media Guide,1996,1,ocr-text,unread,unread,unread,,862084,145096,1889,2010,1995,612,1,0,3,95,120,95,2,16,1072,65,195,,,,0
broncos-1996-media-guide-denver,nfl-books,nfl-books/text_all/broncos-1996-media-guide-denver.txt,Denver Broncos 1996 Media Guide,1996,1,ocr-text,club media/press guide,biography+statistics+roster-table,"read-2026-09-07-yearbooks (stratified sample n=56 of 2,462 post-1950 texts, seed 20260907)",,1031272,178850,1850,2029,1995,836,1,0,1,33,41,28,4,34,409,144,351,,,,0
buccaneers-1996,nfl-books,,Tampa Bay Buccaneers 1996 Media Guide Cover,1996,0,no-text-layer,cover scan,none,read-2026-09-06-yearbooks,"all 302 textless items scanned by metadata and all 319 images OCR'd; the 10 over 150 words are schedules and broadcast listings, nothing per-man | textless scan; in index, no OCR layer",,,,,,,,,,,,,,,,,,,,,0
cardinals-1996-media-guide-arizona-c,nfl-books,nfl-books/text_all/cardinals-1996-media-guide-arizona-c.txt,Arizona Cardinals 1996 Media Guide,1996,1,ocr-text,unread,unread,unread,,951656,153164,1850,2016,1995,1312,3,0,7,74,34,71,2,17,491,30,15,,,,0
carolina-panthers-1996-media-guide-cover,nfl-books,,Carolina Panthers 1996 Media Guide Cover,1996,0,no-text-layer,cover scan,none,read-2026-09-06-yearbooks,"all 302 textless items scanned by metadata and all 319 images OCR'd; the 10 over 150 words are schedules and broadcast listings, nothing per-man | textless scan; in index, no OCR layer",,,,,,,,,,,,,,,,,,,,,0
chargers-1996-media-guide-san-diego-c,nfl-books,nfl-books/text_all/chargers-1996-media-guide-san-diego-c.txt,San Diego Chargers 1996 Media Guide,1996,1,ocr-text,unread,unread,unread,,850514,136111,1863,2020,1995,1128,2,0,2,112,33,119,0,14,821,19,30,,,,0
chiefs-1996-media-guide-kansas-city-c,nfl-books,nfl-books/text_all/chiefs-1996-media-guide-kansas-city-c.txt,Kansas City Chiefs 1996 Media Guide,1996,1,ocr-text,unread,unread,unread,,1094527,189894,1858,2022,1995,1345,1,0,1,191,209,139,0,9,1012,159,88,,,,0
colts-1996-media-guide-indianapolis,nfl-books,nfl-books/text_all/colts-1996-media-guide-indianapolis.txt,Indianapolis Colts 1996 Media Guide,1996,1,ocr-text,unread,unread,unread,,958805,162475,1850,2027,1995,679,0,0,3,137,247,166,0,45,95,250,285,,,,0
cowboys-1996-media-guide-dallas-b,nfl-books,nfl-books/text_all/cowboys-1996-media-guide-dallas-b.txt,Dallas Cowboys 1996 Media Guide,1996,1,ocr-text,unread,unread,unread,,979507,163622,1853,2019,1995,1280,3,1,5,188,160,110,0,76,273,44,4,,,,0
dolphins-1996-media-guide-miami,nfl-books,nfl-books/text_all/dolphins-1996-media-guide-miami.txt,Miami Dolphins 1996 Media Guide,1996,1,ocr-text,unread,unread,unread,,1681024,295789,1850,2027,1995,2519,20,0,3,211,439,182,0,149,640,143,380,,,,0
eagles-1996-media-guide-philadelphia-c,nfl-books,nfl-books/text_all/eagles-1996-media-guide-philadelphia-c.txt,Philadelphia Eagles 1996 Media Guide,1996,1,ocr-text,unread,unread,unread,,719432,119540,1856,2021,1995,481,3,0,1,35,221,120,109,63,20,22,36,,,,0
falcons-1996-media-guide-atlanta-c,nfl-books,nfl-books/text_all/falcons-1996-media-guide-atlanta-c.txt,Atlanta Falcons 1996 Media Guide,1996,1,ocr-text,unread,unread,unread,,761570,127186,1871,2002,1995,660,9,0,5,86,50,99,6,101,128,29,18,,,,0
giants-1996-media-guide-new-york-c,nfl-books,nfl-books/text_all/giants-1996-media-guide-new-york-c.txt,New York Giants 1996 Media Guide,1996,1,ocr-text,unread,unread,unread,,886582,145901,1855,2005,1995,1014,1,0,1,112,163,181,96,64,23,83,69,,,,0
jaguars-1996-media-guide-jacksonville,nfl-books,nfl-books/text_all/jaguars-1996-media-guide-jacksonville.txt,Jacksonville Jaguars 1996 Media Guide,1996,1,ocr-text,unread,unread,unread,,613984,100182,1893,2003,1995,826,4,0,2,110,325,194,159,11,211,44,21,,,,0
jets-1996-media-guide-new-york-c,nfl-books,nfl-books/text_all/jets-1996-media-guide-new-york-c.txt,New York Jets 1996 Media Guide,1996,1,ocr-text,unread,unread,unread,,685328,114034,1854,2020,1995,283,1,0,0,33,258,108,0,13,828,36,45,,,,0
lions-1996-media-guide-detroit-c,nfl-books,nfl-books/text_all/lions-1996-media-guide-detroit-c.txt,Detroit Lions 1996 Media Guide,1996,1,ocr-text,unread,unread,unread,,1022390,173754,1851,2029,1995,1014,0,0,2,119,136,101,1,82,1172,28,147,,,,0
oilers-1996-media-guide-houston-c,nfl-books,nfl-books/text_all/oilers-1996-media-guide-houston-c.txt,Houston Oilers 1996 Media Guide,1996,1,ocr-text,unread,unread,unread,,915176,152532,1867,2027,1995,875,1,0,1,111,251,101,0,94,39,27,29,,,,0
packers-1996-media-guide-green-bay-c,nfl-books,nfl-books/text_all/packers-1996-media-guide-green-bay-c.txt,Green Bay Packers 1996 Media Guide,1996,1,ocr-text,unread,unread,unread,,1197500,192352,1858,2024,1995,1443,4,0,6,103,208,220,0,7,161,46,56,,,,0
patriots-1996-media-guide-new-england,nfl-books,nfl-books/text_all/patriots-1996-media-guide-new-england.txt,New England Patriots 1996 Media Guide,1996,1,ocr-text,unread,unread,unread,,1348524,228282,1852,2020,1995,1406,5,1,4,131,279,209,0,207,749,249,635,,,,0
raiders-1996-media-guide-oakland-c,nfl-books,nfl-books/text_all/raiders-1996-media-guide-oakland-c.txt,Oakland Raiders 1996 Media Guide,1996,1,ocr-text,unread,unread,unread,,566722,89319,1855,1999,1995,822,7,0,3,124,322,242,0,125,125,44,47,,,,0
rams-1996,nfl-books,nfl-books/text_all/rams-1996.txt,St. Louis Rams 1996 Media Guide,1996,1,ocr-text,unread,unread,unread,,749866,119035,1873,2005,1995,680,0,1,4,119,254,161,1,32,1430,16,47,,,,0
redskins-1996-media-guide-washington-c,nfl-books,nfl-books/text_all/redskins-1996-media-guide-washington-c.txt,Washington Redskins 1996 Media Guide,1996,1,ocr-text,unread,unread,unread,,607665,110149,1852,2027,1995,507,1,0,1,96,52,70,0,13,45,3,13,,,,0
saints-1996-media-guide-new-orleans,nfl-books,nfl-books/text_all/saints-1996-media-guide-new-orleans.txt,New Orleans Saints 1996 Media Guide,1996,1,ocr-text,unread,unread,unread,,726563,118670,1884,2024,1995,767,3,0,2,90,250,123,1,103,27,26,52,,,,0
seahawks-1996-media-guide-seattle,nfl-books,nfl-books/text_all/seahawks-1996-media-guide-seattle.txt,Seattle Seahawks 1996 Media Guide,1996,1,ocr-text,unread,unread,unread,,866082,143766,1880,2023,1995,1107,2,0,3,174,328,148,103,83,122,150,177,,,,0
steelers-1996-media-guide-pittsburgh-b,nfl-books,nfl-books/text_all/steelers-1996-media-guide-pittsburgh-b.txt,Pittsburgh Steelers 1996 Media Guide,1996,1,ocr-text,unread,unread,unread,,670961,114431,1852,2025,1995,731,4,1,3,77,242,137,0,52,3,90,102,,,,0
vikings-1996,nfl-books,nfl-books/text_all/vikings-1996.txt,Minnesota Vikings 1996 Media Guide,1996,1,ocr-text,unread,unread,unread,,737180,124522,1873,2028,1995,884,2,0,1,107,217,137,0,40,43,61,29,,,,0
49ers-1997-media-guide-san-francisco-c,nfl-books,nfl-books/text_all/49ers-1997-media-guide-san-francisco-c.txt,San Francisco 49ers 1997 Media Guide,1997,1,ocr-text,unread,unread,unread,,1086357,174048,1924,2002,1996,1145,11,0,0,69,199,133,1,316,850,35,14,,,,0
bears-1997-media-guide-chicago,nfl-books,nfl-books/text_all/bears-1997-media-guide-chicago.txt,Chicago Bears 1997 Media Guide,1997,1,ocr-text,unread,unread,unread,,615055,98170,1851,2028,1996,576,0,0,1,153,21,77,0,132,97,10,7,,,,0
bengals-1997-media-guide-cincinnati-c,nfl-books,nfl-books/text_all/bengals-1997-media-guide-cincinnati-c.txt,Cincinnati Bengals 1997 Media Guide,1997,1,ocr-text,unread,unread,unread,,977128,170689,1851,2029,1996,789,3,0,1,79,204,116,0,94,520,125,471,,,,0
bills-1997-media-guide-buffalo-c,nfl-books,nfl-books/text_all/bills-1997-media-guide-buffalo-c.txt,Buffalo Bills 1997 Media Guide,1997,1,ocr-text,unread,unread,unread,,884372,147115,1900,2000,1996,649,1,0,2,106,138,96,2,16,587,47,150,,,,0
broncos-1997-media-guide-denver,nfl-books,nfl-books/text_all/broncos-1997-media-guide-denver.txt,Denver Broncos 1997 Media Guide,1997,1,ocr-text,unread,unread,unread,,1668221,291764,1852,2029,1996,1673,6,0,2,107,228,177,4,54,402,257,781,,,,0
buccaneers-1997,nfl-books,nfl-books/text_all/buccaneers-1997.txt,Tampa Bay Buccaneers 1997 Media Guide,1997,1,ocr-text,unread,unread,unread,,779758,127286,1876,2027,1996,852,5,0,2,229,218,178,87,66,122,26,23,,,,0
cardinals-1997-media-guide-arizona-c,nfl-books,nfl-books/text_all/cardinals-1997-media-guide-arizona-c.txt,Arizona Cardinals 1997 Media Guide,1997,1,ocr-text,unread,unread,unread,,1061144,172394,1855,2004,1996,1429,5,0,6,111,41,84,0,9,582,41,38,,,,0
carolina-panthers-1997-media-guide-cover_20250428,nfl-books,,Carolina Panthers 1997 Media Guide Cover,1997,0,no-text-layer,cover scan,none,read-2026-09-06-yearbooks,"all 302 textless items scanned by metadata and all 319 images OCR'd; the 10 over 150 words are schedules and broadcast listings, nothing per-man | textless scan; in index, no OCR layer",,,,,,,,,,,,,,,,,,,,,0
chargers-1997-media-guide-san-diego-c,nfl-books,nfl-books/text_all/chargers-1997-media-guide-san-diego-c.txt,San Diego Chargers 1997 Media Guide,1997,1,ocr-text,unread,unread,unread,,971441,157199,1864,2020,1995,1330,2,0,1,123,40,132,0,23,897,22,26,,,,0
chiefs-1997-media-guide-kansas-city-c,nfl-books,nfl-books/text_all/chiefs-1997-media-guide-kansas-city-c.txt,Kansas City Chiefs 1997 Media Guide,1997,1,ocr-text,unread,unread,unread,,1123344,193849,1857,2022,1995,1284,3,0,8,223,177,117,1,12,1087,133,166,,,,0
colts-1997-media-guide-indianapolis,nfl-books,nfl-books/text_all/colts-1997-media-guide-indianapolis.txt,Indianapolis Colts 1997 Media Guide,1997,1,ocr-text,unread,unread,unread,,964159,162669,1850,2027,1996,461,1,0,3,130,269,178,0,42,180,274,332,,,,0
cowboys-1997-media-guide-dallas-b,nfl-books,nfl-books/text_all/cowboys-1997-media-guide-dallas-b.txt,Dallas Cowboys 1997 Media Guide,1997,1,ocr-text,unread,unread,unread,,826821,135860,1860,2020,1995,1190,5,1,5,171,151,107,0,98,49,28,37,,,,0
dolphins-1997-media-guide-miami,nfl-books,nfl-books/text_all/dolphins-1997-media-guide-miami.txt,Miami Dolphins 1997 Media Guide,1997,1,ocr-text,unread,unread,unread,,1724494,298758,1850,2029,1996,2344,20,0,2,216,390,188,0,225,354,279,620,,,,0
eagles-1997-media-guide-philadelphia-c,nfl-books,nfl-books/text_all/eagles-1997-media-guide-philadelphia-c.txt,Philadelphia Eagles 1997 Media Guide,1997,1,ocr-text,unread,unread,unread,,864903,144910,1860,2020,1996,542,4,0,2,73,57,130,0,30,9,24,54,,,,0
falcons-1997-media-guide-atlanta-c,nfl-books,nfl-books/text_all/falcons-1997-media-guide-atlanta-c.txt,Atlanta Falcons 1997 Media Guide,1997,1,ocr-text,unread,unread,unread,,683026,114323,1855,2002,1994,502,4,0,1,103,14,98,1,128,145,30,50,,,,0
giants-1997-media-guide-new-york-c,nfl-books,nfl-books/text_all/giants-1997-media-guide-new-york-c.txt,New York Giants 1997 Media Guide,1997,1,ocr-text,unread,unread,unread,,1021300,168094,1864,2021,1996,1249,5,0,2,122,171,179,97,70,54,83,28,,,,0
houston-oilers-1997-media-guide-cover-tennessee,nfl-books,,Tennessee Oilers 1997 Media Guide Cover,1997,0,no-text-layer,cover scan,none,read-2026-09-06-yearbooks,"all 302 textless items scanned by metadata and all 319 images OCR'd; the 10 over 150 words are schedules and broadcast listings, nothing per-man | textless scan; in index, no OCR layer",,,,,,,,,,,,,,,,,,,,,0
jaguars-1997-media-guide-jacksonville,nfl-books,nfl-books/text_all/jaguars-1997-media-guide-jacksonville.txt,Jacksonville Jaguars 1997 Media Guide,1997,1,ocr-text,unread,unread,unread,,781534,129283,1856,2028,1995,1200,2,0,9,126,336,205,162,18,145,47,25,,,,0
jets-1997-media-guide-new-york-c,nfl-books,nfl-books/text_all/jets-1997-media-guide-new-york-c.txt,New York Jets 1997 Media Guide,1997,1,ocr-text,unread,unread,unread,,683356,113639,1854,2010,1996,362,1,0,1,51,235,122,0,5,702,40,67,,,,0
lions-1997-media-guide-detroit-c,nfl-books,nfl-books/text_all/lions-1997-media-guide-detroit-c.txt,Detroit Lions 1997 Media Guide,1997,1,ocr-text,unread,unread,unread,,1061611,180639,1857,2029,1996,1068,5,0,6,147,194,129,1,43,1200,29,186,,,,0
packers-1997-media-guide-green-bay-c,nfl-books,nfl-books/text_all/packers-1997-media-guide-green-bay-c.txt,Green Bay Packers 1997 Media Guide,1997,1,ocr-text,unread,unread,unread,,1318634,211871,1859,2024,1996,1712,4,0,3,105,213,213,0,83,121,41,72,,,,0
patriots-1997-media-guide-new-england,nfl-books,nfl-books/text_all/patriots-1997-media-guide-new-england.txt,New England Patriots 1997 Media Guide,1997,1,ocr-text,unread,unread,unread,,1483077,258060,1852,2020,1996,1737,6,0,5,140,247,234,0,244,781,355,488,,,,0
raiders-1997-media-guide-oakland-c,nfl-books,nfl-books/text_all/raiders-1997-media-guide-oakland-c.txt,Oakland Raiders 1997 Media Guide,1997,1,ocr-text,unread,unread,unread,,567224,88921,1873,2017,1996,781,6,0,5,104,289,209,0,70,117,34,98,,,,0
rams-1997-media-guide-st.-louis-c,nfl-books,nfl-books/text_all/rams-1997-media-guide-st.-louis-c.txt,St. Louis Rams 1997 Media Guide,1997,1,ocr-text,unread,unread,unread,,777854,123930,1873,2020,1996,739,1,0,3,110,249,157,0,38,1054,23,22,,,,0
ravens-1997-media-guide-baltimore-c,nfl-books,nfl-books/text_all/ravens-1997-media-guide-baltimore-c.txt,Baltimore Ravens 1997 Media Guide,1997,1,ocr-text,unread,unread,unread,,673970,107483,1901,2021,1996,777,0,0,1,128,174,144,0,22,16,26,16,,,,0
redskins-1997-media-guide-washington-c,nfl-books,nfl-books/text_all/redskins-1997-media-guide-washington-c.txt,Washington Redskins 1997 Media Guide,1997,1,ocr-text,unread,unread,unread,,800662,136326,1857,2028,1996,744,1,0,6,119,96,92,0,17,697,79,28,,,,0
saints-1997-media-guide-new-orleans,nfl-books,nfl-books/text_all/saints-1997-media-guide-new-orleans.txt,New Orleans Saints 1997 Media Guide,1997,1,ocr-text,unread,unread,unread,,753994,120991,1861,2018,1996,726,4,0,0,90,214,114,0,123,39,23,58,,,,0
seahawks-1997-media-guide-seattle,nfl-books,nfl-books/text_all/seahawks-1997-media-guide-seattle.txt,Seattle Seahawks 1997 Media Guide,1997,1,ocr-text,unread,unread,unread,,946491,157721,1872,2026,1996,1156,2,0,2,181,343,164,126,115,199,154,240,,,,0
steelers-1997-media-guide-pittsburgh-b,nfl-books,nfl-books/text_all/steelers-1997-media-guide-pittsburgh-b.txt,Pittsburgh Steelers 1997 Media Guide,1997,1,ocr-text,unread,unread,unread,,682629,116239,1860,2025,1996,710,3,0,2,93,230,135,0,48,3,83,101,,,,0
vikings-1997,nfl-books,nfl-books/text_all/vikings-1997.txt,Minnesota Vikings 1997 Media Guide,1997,1,ocr-text,unread,unread,unread,,735298,119316,1865,2021,1996,1015,1,0,2,96,213,129,0,55,38,53,20,,,,0
49ers-1998-media-guide-san-francisco-c,nfl-books,nfl-books/text_all/49ers-1998-media-guide-san-francisco-c.txt,San Francisco 49ers 1998 Media Guide,1998,1,ocr-text,unread,unread,unread,,1291357,208632,1851,2016,1997,1613,7,2,0,94,235,144,1,246,1286,79,64,,,,0
bears-1998-media-guide-chicago,nfl-books,nfl-books/text_all/bears-1998-media-guide-chicago.txt,Chicago Bears 1998 Media Guide,1998,1,ocr-text,unread,unread,unread,,797592,126156,1858,2021,1997,667,2,0,1,152,21,109,0,104,282,12,44,,,,0
bengals-1998-media-guide-cincinnati-a-b,nfl-books,nfl-books/text_all/bengals-1998-media-guide-cincinnati-a-b.txt,Cincinnati Bengals 1998 Media Guide,1998,1,ocr-text,unread,unread,unread,,1060600,186733,1851,2029,1997,926,0,0,2,94,298,111,1,93,622,220,433,,,,0
bills-1998-media-guide-buffalo-c,nfl-books,nfl-books/text_all/bills-1998-media-guide-buffalo-c.txt,Buffalo Bills 1998 Media Guide,1998,1,ocr-text,unread,unread,unread,,903187,150169,1901,1999,1997,754,4,0,3,104,251,102,2,66,315,47,162,,,,0
broncos-1998-media-guide-denver,nfl-books,nfl-books/text_all/broncos-1998-media-guide-denver.txt,Denver Broncos 1998 Media Guide,1998,1,ocr-text,unread,unread,unread,,1973061,352278,1851,2029,1997,2215,5,0,3,91,208,209,3,58,355,181,230,,,,0
buccaneers-1998-media-guide-tampa-bay-c,nfl-books,nfl-books/text_all/buccaneers-1998-media-guide-tampa-bay-c.txt,Tampa Bay Buccaneers 1998 Media Guide,1998,1,ocr-text,unread,unread,unread,,1033865,175775,1850,2020,1997,1151,7,0,2,229,273,149,90,75,495,140,176,,,,0
cardinals-1998-media-guide-arizona-c,nfl-books,nfl-books/text_all/cardinals-1998-media-guide-arizona-c.txt,Arizona Cardinals 1998 Media Guide,1998,1,ocr-text,unread,unread,unread,,1226422,202632,1850,2015,1997,1917,8,0,2,124,76,76,0,31,526,69,78,,,,0
chargers-1998-media-guide-san-diego-c,nfl-books,nfl-books/text_all/chargers-1998-media-guide-san-diego-c.txt,San Diego Chargers 1998 Media Guide,1998,1,ocr-text,unread,unread,unread,,1045254,169599,1862,2020,1997,1194,1,0,2,120,155,118,0,23,981,27,69,,,,0
chiefs-1998-media-guide-kansas-city-c,nfl-books,nfl-books/text_all/chiefs-1998-media-guide-kansas-city-c.txt,Kansas City Chiefs 1998 Media Guide,1998,1,ocr-text,unread,unread,unread,,1384109,243823,1873,2029,1994,1764,2,0,10,218,280,120,0,15,1128,175,132,,,,0
colts-1998-media-guide-indianapolis,nfl-books,nfl-books/text_all/colts-1998-media-guide-indianapolis.txt,Indianapolis Colts 1998 Media Guide,1998,1,ocr-text,unread,unread,unread,,1151086,204662,1850,2029,1994,578,1,0,3,121,264,182,0,32,320,384,208,,,,0
cowboys-1998-media-guide-dallas-b,nfl-books,nfl-books/text_all/cowboys-1998-media-guide-dallas-b.txt,Dallas Cowboys 1998 Media Guide,1998,1,ocr-text,unread,unread,unread,,1071095,175917,1853,2008,1997,1443,5,1,3,177,160,128,0,86,253,32,2,,,,0
dolphins-1998-media-guide-miami,nfl-books,nfl-books/text_all/dolphins-1998-media-guide-miami.txt,Miami Dolphins 1998 Media Guide,1998,1,ocr-text,unread,unread,unread,,1902639,327237,1850,2029,1997,2392,21,0,3,203,244,186,0,223,36,263,712,,,,0
eagles-1998-media-guide-philadelphia-c,nfl-books,nfl-books/text_all/eagles-1998-media-guide-philadelphia-c.txt,Philadelphia Eagles 1998 Media Guide,1998,1,ocr-text,unread,unread,unread,,862955,144452,1864,2009,1997,591,5,0,2,68,9,146,2,118,3,19,40,,,,0
falcons-1998-media-guide-atlanta-c,nfl-books,nfl-books/text_all/falcons-1998-media-guide-atlanta-c.txt,Atlanta Falcons 1998 Media Guide,1998,1,ocr-text,unread,unread,unread,,849460,140880,1855,2001,1994,709,6,0,2,89,16,62,1,97,139,37,53,,,,0
giants-1998-media-guide-new-york-c,nfl-books,nfl-books/text_all/giants-1998-media-guide-new-york-c.txt,New York Giants 1998 Media Guide,1998,1,ocr-text,unread,unread,unread,,1305310,212280,1851,2017,1997,1882,1,0,0,149,159,186,58,128,58,145,153,,,,0
jaguars-1998-media-guide-jacksonville,nfl-books,nfl-books/text_all/jaguars-1998-media-guide-jacksonville.txt,Jacksonville Jaguars 1998 Media Guide,1998,1,ocr-text,unread,unread,unread,,650922,117621,1856,2025,1996,220,1,1,3,31,258,75,159,45,13,3,1,,,,0
jets-1998-media-guide-new-york-c,nfl-books,nfl-books/text_all/jets-1998-media-guide-new-york-c.txt,New York Jets 1998 Media Guide,1998,1,ocr-text,unread,unread,unread,,1032958,177476,1854,2024,1997,561,1,0,0,101,239,118,0,86,912,112,113,,,,0
lions-1998-media-guide-detroit-c,nfl-books,nfl-books/text_all/lions-1998-media-guide-detroit-c.txt,Detroit Lions 1998 Media Guide,1998,1,ocr-text,club media/press guide,biography+statistics+roster-table,"read-2026-09-07-yearbooks (stratified sample n=56 of 2,462 post-1950 texts, seed 20260907)",,1157669,195377,1851,2029,1997,1078,6,0,3,161,136,141,0,69,1188,31,172,,,,0
oilers-1989-media-guide-houston-c,nfl-books,nfl-books/text_all/oilers-1989-media-guide-houston-c.txt,Houston Oilers 1989 Media Guide,1998,1,ocr-text,unread,unread,unread,,740901,122667,1855,2022,1988,817,2,0,2,126,243,141,8,86,87,37,50,,,,0
oilers-1998-media-guide-tennessee-c,nfl-books,nfl-books/text_all/oilers-1998-media-guide-tennessee-c.txt,Tennessee Oilers 1998 Media Guide,1998,1,ocr-text,unread,unread,unread,,965815,155446,1851,2006,1997,921,3,0,0,115,205,151,0,81,1138,36,435,,,,0
packers-1998-media-guide-green-bay-c,nfl-books,nfl-books/text_all/packers-1998-media-guide-green-bay-c.txt,Green Bay Packers 1998 Media Guide,1998,1,ocr-text,unread,unread,unread,,1518699,243877,1876,2024,1997,2078,5,0,2,130,285,236,0,237,102,40,39,,,,0
patriots-1998-media-guide-new-england,nfl-books,nfl-books/text_all/patriots-1998-media-guide-new-england.txt,New England Patriots 1998 Media Guide,1998,1,ocr-text,unread,unread,unread,,1581955,271570,1852,2020,1997,1729,5,0,6,153,277,209,0,59,496,245,715,,,,0
raiders-1998-media-guide-oakland-c,nfl-books,nfl-books/text_all/raiders-1998-media-guide-oakland-c.txt,Oakland Raiders 1998 Media Guide,1998,1,ocr-text,unread,unread,unread,,645528,103011,1855,2013,1997,946,6,0,4,158,310,257,0,47,303,62,103,,,,0
rams-1998-media-guide-st.-louis-c,nfl-books,nfl-books/text_all/rams-1998-media-guide-st.-louis-c.txt,St. Louis Rams 1998 Media Guide,1998,1,ocr-text,unread,unread,unread,,787299,124770,1873,2003,1997,717,0,0,2,92,213,153,0,33,1614,18,60,,,,0
ravens-1998-media-guide-baltimore-c,nfl-books,nfl-books/text_all/ravens-1998-media-guide-baltimore-c.txt,Baltimore Ravens 1998 Media Guide,1998,1,ocr-text,unread,unread,unread,,828835,130802,1887,1999,1996,993,0,0,1,165,109,152,0,22,15,18,11,,,,0
redskins-1998-media-guide-washington-c,nfl-books,nfl-books/text_all/redskins-1998-media-guide-washington-c.txt,Washington Redskins 1998 Media Guide,1998,1,ocr-text,unread,unread,unread,,958318,160234,1878,2028,1997,940,4,0,5,117,141,116,1,39,1527,45,64,,,,0
saints-1998-media-guide-new-orleans,nfl-books,nfl-books/text_all/saints-1998-media-guide-new-orleans.txt,New Orleans Saints 1998 Media Guide,1998,1,ocr-text,unread,unread,unread,,762486,130074,1856,2018,1997,906,4,0,1,108,272,102,0,101,71,23,44,,,,0
seahawks-1998-media-guide-seattle,nfl-books,nfl-books/text_all/seahawks-1998-media-guide-seattle.txt,Seattle Seahawks 1998 Media Guide,1998,1,ocr-text,unread,unread,unread,,995096,166964,1855,2024,1997,1213,3,0,2,166,285,131,124,21,192,156,432,,,,0
steelers-1998-media-guide-pittsburgh-b,nfl-books,nfl-books/text_all/steelers-1998-media-guide-pittsburgh-b.txt,Pittsburgh Steelers 1998 Media Guide,1998,1,ocr-text,unread,unread,unread,,812351,130353,1901,2001,1997,1175,2,0,4,99,251,103,0,116,5,126,105,,,,0
vikings-1998,nfl-books,,Minnesota Vikings 1998 Media Guide Cover,1998,0,no-text-layer,cover scan,none,read-2026-09-06-yearbooks,"all 302 textless items scanned by metadata and all 319 images OCR'd; the 10 over 150 words are schedules and broadcast listings, nothing per-man | textless scan; in index, no OCR layer",,,,,,,,,,,,,,,,,,,,,0
49ers-1999-media-guide-san-francisco-c,nfl-books,nfl-books/text_all/49ers-1999-media-guide-san-francisco-c.txt,San Francisco 49ers 1999 Media Guide,1999,1,ocr-text,unread,unread,unread,,1307327,209483,1851,2028,1998,1668,5,0,0,105,235,126,1,193,1191,78,45,,,,0
bears-1999-media-guide-chicago-c,nfl-books,nfl-books/text_all/bears-1999-media-guide-chicago-c.txt,Chicago Bears 1999 Media Guide,1999,1,ocr-text,unread,unread,unread,,869628,138495,1852,2024,1998,791,5,0,2,165,22,121,0,105,208,15,25,,,,0
bengals-1999-media-guide-cincinnati-c,nfl-books,nfl-books/text_all/bengals-1999-media-guide-cincinnati-c.txt,Cincinnati Bengals 1999 Media Guide,1999,1,ocr-text,unread,unread,unread,,1093534,197993,1854,2026,1998,921,2,0,1,77,293,114,0,51,626,225,816,,,,0
bills-1999-media-guide-buffalo-c,nfl-books,nfl-books/text_all/bills-1999-media-guide-buffalo-c.txt,Buffalo Bills 1999 Media Guide,1999,1,ocr-text,unread,unread,unread,,1052299,180405,1857,2020,1998,708,5,0,3,111,362,117,2,8,286,59,93,,,,0
broncos-1999-media-guide-denver,nfl-books,nfl-books/text_all/broncos-1999-media-guide-denver.txt,Denver Broncos 1999 Media Guide,1999,1,ocr-text,unread,unread,unread,,2692240,480066,1853,2029,1998,3087,22,0,4,171,391,339,0,49,635,356,272,,,,0
browns-1999-media-guide-cleveland-c,nfl-books,nfl-books/text_all/browns-1999-media-guide-cleveland-c.txt,Cleveland Browns 1999 Media Guide,1999,1,ocr-text,unread,unread,unread,,1086273,178503,1878,2028,1998,1237,4,0,2,138,220,196,185,212,2,245,113,,,,0
buccaneers-1999-media-guide-tampa-bay-c,nfl-books,nfl-books/text_all/buccaneers-1999-media-guide-tampa-bay-c.txt,Tampa Bay Buccaneers 1999 Media Guide,1999,1,ocr-text,unread,unread,unread,,1132101,189488,1930,2012,1998,1299,5,0,4,239,379,133,2,50,42,156,194,,,,0
cardinals-1999-media-guide-arizona-c,nfl-books,nfl-books/text_all/cardinals-1999-media-guide-arizona-c.txt,Arizona Cardinals 1999 Media Guide,1999,1,ocr-text,unread,unread,unread,,1295020,210345,1855,2000,1998,2107,5,1,4,133,26,78,0,52,638,55,71,,,,0
carolina-panthers-1999-media-guide-cover,nfl-books,,Carolina Panthers 1999 Media Guide Cover,1999,0,no-text-layer,cover scan,none,read-2026-09-06-yearbooks,"all 302 textless items scanned by metadata and all 319 images OCR'd; the 10 over 150 words are schedules and broadcast listings, nothing per-man | textless scan; in index, no OCR layer",,,,,,,,,,,,,,,,,,,,,0
chargers-1999,nfl-books,,San Diego Chargers 1999 Media Guide Cover,1999,0,no-text-layer,cover scan,none,read-2026-09-06-yearbooks,"all 302 textless items scanned by metadata and all 319 images OCR'd; the 10 over 150 words are schedules and broadcast listings, nothing per-man | textless scan; in index, no OCR layer",,,,,,,,,,,,,,,,,,,,,0
chiefs-1999-media-guide-kansas-city-c,nfl-books,nfl-books/text_all/chiefs-1999-media-guide-kansas-city-c.txt,Kansas City Chiefs 1999 Media Guide,1999,1,ocr-text,unread,unread,unread,,1493624,263472,1856,2028,1994,1815,3,0,11,252,282,140,0,17,1046,161,56,,,,0
colts-1999-media-guide-indianapolis,nfl-books,nfl-books/text_all/colts-1999-media-guide-indianapolis.txt,Indianapolis Colts 1999 Media Guide,1999,1,ocr-text,unread,unread,unread,,1180274,210593,1850,2029,1998,558,0,0,3,114,241,180,0,53,284,330,187,,,,0
cowboys-1999-media-guide-dallas-b,nfl-books,nfl-books/text_all/cowboys-1999-media-guide-dallas-b.txt,Dallas Cowboys 1999 Media Guide,1999,1,ocr-text,unread,unread,unread,,1221273,203994,1860,2013,1998,1707,6,0,2,199,185,127,0,104,296,40,11,,,,0
dolphins-1999-media-guide-miami,nfl-books,nfl-books/text_all/dolphins-1999-media-guide-miami.txt,Miami Dolphins 1999 Media Guide,1999,1,ocr-text,unread,unread,unread,,2032409,347817,1864,2029,1998,2559,21,0,2,195,254,195,0,201,40,237,617,,,,0
eagles-1999-media-guide-philadelphia-c,nfl-books,nfl-books/text_all/eagles-1999-media-guide-philadelphia-c.txt,Philadelphia Eagles 1999 Media Guide,1999,1,ocr-text,unread,unread,unread,,1059263,179711,1862,2029,1998,675,7,0,1,78,332,149,128,84,25,105,330,,,,0
falcons-1999-media-guide-atlanta-c,nfl-books,nfl-books/text_all/falcons-1999-media-guide-atlanta-c.txt,Atlanta Falcons 1999 Media Guide,1999,1,ocr-text,unread,unread,unread,,987294,161334,1850,2025,1998,1283,3,0,3,88,132,81,1,130,167,50,52,,,,0
giants-1999-media-guide-new-york-c,nfl-books,nfl-books/text_all/giants-1999-media-guide-new-york-c.txt,New York Giants 1999 Media Guide,1999,1,ocr-text,unread,unread,unread,,1341732,225207,1865,2025,1998,1988,2,0,5,137,164,177,93,131,125,139,142,,,,0
jaguars-1999-media-guide-jacksonville,nfl-books,nfl-books/text_all/jaguars-1999-media-guide-jacksonville.txt,Jacksonville Jaguars 1999 Media Guide,1999,1,ocr-text,unread,unread,unread,,650416,117504,1858,2028,1996,260,0,0,1,21,226,57,94,53,6,6,3,,,,0
jets-1999,nfl-books,,New York Jets 1999 Media Guide Cover,1999,0,no-text-layer,cover scan,none,read-2026-09-06-yearbooks,"all 302 textless items scanned by metadata and all 319 images OCR'd; the 10 over 150 words are schedules and broadcast listings, nothing per-man | textless scan; in index, no OCR layer",,,,,,,,,,,,,,,,,,,,,0
lions-1999-media-guide-detroit-c,nfl-books,nfl-books/text_all/lions-1999-media-guide-detroit-c.txt,Detroit Lions 1999 Media Guide,1999,1,ocr-text,unread,unread,unread,,1282455,217346,1851,2029,1998,1177,3,0,5,165,145,119,0,117,1192,39,297,,,,0
nfl-1999-record-fact-book,nfl-books,nfl-books/text_all/nfl-1999-record-fact-book.txt,NFL Record & Fact Book 1999,1999,1,ocr-text,unread,unread,unread,,3482190,548961,1851,2026,1998,4694,2,0,1,25,34,241,0,319,1509,213,819,,,,0
packers-1999-media-guide-green-bay-c,nfl-books,nfl-books/text_all/packers-1999-media-guide-green-bay-c.txt,Green Bay Packers 1999 Media Guide,1999,1,ocr-text,unread,unread,unread,,1522618,244869,1869,2010,1998,2004,4,0,4,150,268,234,0,307,109,63,76,,,,0
patriots-1999-media-guide-new-england,nfl-books,nfl-books/text_all/patriots-1999-media-guide-new-england.txt,New England Patriots 1999 Media Guide,1999,1,ocr-text,unread,unread,unread,,1699054,296051,1852,2026,1997,1794,2,0,5,154,215,238,0,239,441,414,529,,,,0
raiders-1999-media-guide-oakland-c,nfl-books,nfl-books/text_all/raiders-1999-media-guide-oakland-c.txt,Oakland Raiders 1999 Media Guide,1999,1,ocr-text,unread,unread,unread,,709351,109504,1878,2022,1998,889,3,0,4,174,332,231,0,2,465,46,230,,,,0
rams-1999,nfl-books,nfl-books/text_all/rams-1999.txt,St. Louis Rams 1999 Media Guide,1999,1,ocr-text,unread,unread,unread,,833335,133996,1920,2003,1998,593,1,0,3,122,207,168,1,16,1665,68,77,,,,0
ravens-1999-media-guide-baltimore-c,nfl-books,nfl-books/text_all/ravens-1999-media-guide-baltimore-c.txt,Baltimore Ravens 1999 Media Guide,1999,1,ocr-text,unread,unread,unread,,968885,157874,1906,2021,1996,1350,2,0,0,158,94,149,0,59,14,57,60,,,,0
redskins-1999-media-guide-washington-c,nfl-books,nfl-books/text_all/redskins-1999-media-guide-washington-c.txt,Washington Redskins 1999 Media Guide,1999,1,ocr-text,unread,unread,unread,,1043818,172930,1861,2024,1998,1111,1,0,4,109,79,92,0,21,2040,178,271,,,,0
saints-1999-media-guide-new-orleans,nfl-books,nfl-books/text_all/saints-1999-media-guide-new-orleans.txt,New Orleans Saints 1999 Media Guide,1999,1,ocr-text,unread,unread,unread,,1005680,168423,1850,2029,1998,949,4,0,0,85,261,121,0,93,29,65,50,,,,0
seahawks-1999-media-guide-seattle,nfl-books,nfl-books/text_all/seahawks-1999-media-guide-seattle.txt,Seattle Seahawks 1999 Media Guide,1999,1,ocr-text,unread,unread,unread,,1026721,172788,1854,2023,1998,1159,1,0,3,155,274,103,128,7,57,51,243,,,,0
steelers-1999-media-guide-pittsburgh-b,nfl-books,nfl-books/text_all/steelers-1999-media-guide-pittsburgh-b.txt,Pittsburgh Steelers 1999 Media Guide,1999,1,ocr-text,unread,unread,unread,,850203,135669,1869,2020,1998,1015,1,0,5,104,269,97,1,73,5,101,64,,,,0
titans-1999-media-guide-tennessee-c,nfl-books,nfl-books/text_all/titans-1999-media-guide-tennessee-c.txt,Tennessee Titans 1999 Media Guide,1999,1,ocr-text,unread,unread,unread,,1048277,167463,1869,2026,1998,1071,2,0,0,139,227,147,0,104,1203,53,603,,,,0
vikings-1999_202303,nfl-books,nfl-books/text_all/vikings-1999_202303.txt,Minnesota Vikings 1999 Media Guide,1999,1,ocr-text,unread,unread,unread,,1101470,190550,1870,2019,1998,1306,2,0,2,108,14,126,0,82,613,223,64,,,,0
49ers-2000-media-guide-san-francisco-c,nfl-books,nfl-books/text_all/49ers-2000-media-guide-san-francisco-c.txt,San Francisco 49ers 2000 Media Guide,2000,1,ocr-text,unread,unread,unread,,1271453,203039,1851,2028,2000,1525,5,0,2,130,227,113,1,234,1425,55,60,,,,0
bears-2000-media-guide-chicago,nfl-books,nfl-books/text_all/bears-2000-media-guide-chicago.txt,Chicago Bears 2000 Media Guide,2000,1,ocr-text,unread,unread,unread,,892200,140831,1852,2028,1999,758,5,0,4,170,26,126,0,110,330,15,42,,,,0
bengals-2000-media-guide-cincinnati-c,nfl-books,nfl-books/text_all/bengals-2000-media-guide-cincinnati-c.txt,Cincinnati Bengals 2000 Media Guide,2000,1,ocr-text,unread,unread,unread,,1130441,205626,1854,2028,1999,854,3,1,2,75,255,91,2,51,607,227,493,,,,0
bills-2000-media-guide-buffalo-c,nfl-books,nfl-books/text_all/bills-2000-media-guide-buffalo-c.txt,Buffalo Bills 2000 Media Guide,2000,1,ocr-text,unread,unread,unread,,1000283,168358,1901,2020,1999,702,4,0,2,103,315,117,1,22,217,33,88,,,,0
broncos-2000-media-guide-denver,nfl-books,nfl-books/text_all/broncos-2000-media-guide-denver.txt,Denver Broncos 2000 Media Guide,2000,1,ocr-text,unread,unread,unread,,1986046,353102,1851,2029,1998,2156,5,0,3,111,224,224,5,77,221,198,153,,,,0
browns-2000-media-guide-cleveland-c,nfl-books,nfl-books/text_all/browns-2000-media-guide-cleveland-c.txt,Cleveland Browns 2000 Media Guide,2000,1,ocr-text,unread,unread,unread,,1350029,225835,1853,2029,1999,1947,2,0,2,141,122,150,3,137,5,118,596,,,,0
buccaneers-2000-media-guide-tampa-bay-c,nfl-books,nfl-books/text_all/buccaneers-2000-media-guide-tampa-bay-c.txt,Tampa Bay Buccaneers 2000 Media Guide,2000,1,ocr-text,unread,unread,unread,,1132194,190796,1863,2029,1999,969,3,0,4,232,349,144,2,73,26,98,92,,,,0
cardinals-2000-media-guide-arizona-c,nfl-books,nfl-books/text_all/cardinals-2000-media-guide-arizona-c.txt,Arizona Cardinals 2000 Media Guide,2000,1,ocr-text,unread,unread,unread,,1321560,213919,1855,2026,1999,2067,3,0,12,118,134,83,0,31,511,50,13,,,,0
carolina-panthers-2000-media-guide-cover,nfl-books,,Carolina Panthers 2000 Media Guide Cover,2000,0,no-text-layer,cover scan,none,read-2026-09-06-yearbooks,"all 302 textless items scanned by metadata and all 319 images OCR'd; the 10 over 150 words are schedules and broadcast listings, nothing per-man | textless scan; in index, no OCR layer",,,,,,,,,,,,,,,,,,,,,0
chargers-2000-media-guide-san-diego-c,nfl-books,nfl-books/text_all/chargers-2000-media-guide-san-diego-c.txt,San Diego Chargers 2000 Media Guide,2000,1,ocr-text,unread,unread,unread,,1101001,179064,1873,2020,1999,1401,1,0,2,153,142,146,0,25,913,36,86,,,,0
chiefs-2000-media-guide-kansas-city-c,nfl-books,nfl-books/text_all/chiefs-2000-media-guide-kansas-city-c.txt,Kansas City Chiefs 2000 Media Guide,2000,1,ocr-text,unread,unread,unread,,1711483,297687,1852,2028,1999,2019,3,0,11,274,298,142,1,22,1801,193,211,,,,0
colts-2000-media-guide-indianapolis,nfl-books,nfl-books/text_all/colts-2000-media-guide-indianapolis.txt,Indianapolis Colts 2000 Media Guide,2000,1,ocr-text,unread,unread,unread,,1275550,226105,1850,2029,1999,621,0,0,4,110,250,180,0,107,285,363,193,,,,0
cowboys-2000-media-guide-dallas-b,nfl-books,nfl-books/text_all/cowboys-2000-media-guide-dallas-b.txt,Dallas Cowboys 2000 Media Guide,2000,1,ocr-text,unread,unread,unread,,1334847,218721,1856,2010,1999,1891,4,0,3,218,194,132,0,38,622,42,15,,,,0
dolphins-2000-media-guide-miami,nfl-books,nfl-books/text_all/dolphins-2000-media-guide-miami.txt,Miami Dolphins 2000 Media Guide,2000,1,ocr-text,unread,unread,unread,,2063985,366143,1850,2029,1999,2619,23,0,4,203,251,199,1,175,448,185,564,,,,0
falcons-2000-media-guide-atlanta-c,nfl-books,nfl-books/text_all/falcons-2000-media-guide-atlanta-c.txt,Atlanta Falcons 2000 Media Guide,2000,1,ocr-text,unread,unread,unread,,1362873,228974,1850,2020,1999,1959,7,0,6,106,153,108,1,136,165,184,454,,,,0
jaguars-2000-media-guide-jacksonville,nfl-books,nfl-books/text_all/jaguars-2000-media-guide-jacksonville.txt,Jacksonville Jaguars 2000 Media Guide,2000,1,ocr-text,unread,unread,unread,,714031,129260,1856,2027,1996,258,0,0,2,30,242,50,128,62,7,7,1,,,,0
jets-2000,nfl-books,,New York Jets 2000 Media Guide Cover,2000,0,no-text-layer,cover scan,none,read-2026-09-06-yearbooks,"all 302 textless items scanned by metadata and all 319 images OCR'd; the 10 over 150 words are schedules and broadcast listings, nothing per-man | textless scan; in index, no OCR layer",,,,,,,,,,,,,,,,,,,,,0
lions-2000-media-guide-detroit-c,nfl-books,nfl-books/text_all/lions-2000-media-guide-detroit-c.txt,Detroit Lions 2000 Media Guide,2000,1,ocr-text,unread,unread,unread,,1388882,233864,1859,2029,1999,1386,5,0,5,183,171,103,0,38,1225,79,308,,,,0
new-york-giants-2000-media-guide-cover,nfl-books,,New York Giants 2000 Media Guide Cover,2000,0,no-text-layer,cover scan,none,read-2026-09-06-yearbooks,"all 302 textless items scanned by metadata and all 319 images OCR'd; the 10 over 150 words are schedules and broadcast listings, nothing per-man | textless scan; in index, no OCR layer",,,,,,,,,,,,,,,,,,,,,0
nfl-2000-record-fact-book,nfl-books,nfl-books/text_all/nfl-2000-record-fact-book.txt,NFL Record & Fact Book 2000,2000,1,ocr-text,unread,unread,unread,,3334988,536544,1864,2027,1999,4401,3,0,1,26,33,212,0,413,1172,215,838,,,,0
packers-2000-media-guide-green-bay-c,nfl-books,nfl-books/text_all/packers-2000-media-guide-green-bay-c.txt,Green Bay Packers 2000 Media Guide,2000,1,ocr-text,unread,unread,unread,,1558687,249344,1898,2003,1999,1969,7,0,3,199,297,234,138,196,112,57,65,,,,0
philadelphia-eagles-2000-media-guide-cover,nfl-books,,Philadelphia Eagles 2000 Media Guide Cover,2000,0,no-text-layer,cover scan,none,read-2026-09-06-yearbooks,"all 302 textless items scanned by metadata and all 319 images OCR'd; the 10 over 150 words are schedules and broadcast listings, nothing per-man | textless scan; in index, no OCR layer",,,,,,,,,,,,,,,,,,,,,0
raiders-2000-media-guide-oakland-c,nfl-books,nfl-books/text_all/raiders-2000-media-guide-oakland-c.txt,Oakland Raiders 2000 Media Guide,2000,1,ocr-text,unread,unread,unread,,774182,119737,1899,2025,1998,999,3,0,4,187,350,219,0,7,215,37,95,,,,0
rams-2000,nfl-books,nfl-books/text_all/rams-2000.txt,St. Louis Rams 2000 Media Guide,2000,1,ocr-text,unread,unread,unread,,1001907,165052,1854,2027,1999,930,0,0,1,154,170,153,0,97,1402,105,214,,,,0
ravens-2000-media-guide-baltimore-c,nfl-books,nfl-books/text_all/ravens-2000-media-guide-baltimore-c.txt,Baltimore Ravens 2000 Media Guide,2000,1,ocr-text,unread,unread,unread,,1035966,169183,1864,2010,1996,1337,2,0,2,167,92,140,0,80,32,83,138,,,,0
redskins-2000-media-guide-washington-c,nfl-books,nfl-books/text_all/redskins-2000-media-guide-washington-c.txt,Washington Redskins 2000 Media Guide,2000,1,ocr-text,unread,unread,unread,,952530,157455,1861,2027,1999,925,4,0,2,99,99,97,0,35,2174,182,231,,,,0
saints-2000-media-guide-new-orleans,nfl-books,nfl-books/text_all/saints-2000-media-guide-new-orleans.txt,New Orleans Saints 2000 Media Guide,2000,1,ocr-text,unread,unread,unread,,938324,157831,1861,2026,1999,948,5,0,1,105,160,110,0,96,48,24,20,,,,0
seahawks-2000-media-guide-seattle,nfl-books,nfl-books/text_all/seahawks-2000-media-guide-seattle.txt,Seattle Seahawks 2000 Media Guide,2000,1,ocr-text,unread,unread,unread,,1038222,178339,1854,2023,1999,1094,1,0,4,157,171,86,0,50,230,49,308,,,,0
steelers-2000-media-guide-pittsburgh-b,nfl-books,nfl-books/text_all/steelers-2000-media-guide-pittsburgh-b.txt,Pittsburgh Steelers 2000 Media Guide,2000,1,ocr-text,unread,unread,unread,,1026153,163021,1852,2016,1999,1269,0,0,5,112,317,106,1,119,26,97,53,,,,0
titans-2000-media-guide-tennessee-c,nfl-books,nfl-books/text_all/titans-2000-media-guide-tennessee-c.txt,Tennessee Titans 2000 Media Guide,2000,1,ocr-text,unread,unread,unread,,1152468,185904,1850,2026,1999,1236,3,1,0,159,252,130,0,51,1163,74,594,,,,0
vikings-2000,nfl-books,,Minnesota Vikings 2000 Media Guide Cover,2000,0,no-text-layer,cover scan,none,read-2026-09-06-yearbooks,"all 302 textless items scanned by metadata and all 319 images OCR'd; the 10 over 150 words are schedules and broadcast listings, nothing per-man | textless scan; in index, no OCR layer",,,,,,,,,,,,,,,,,,,,,0
49ers-2001-media-guide-san-francisco-c,nfl-books,nfl-books/text_all/49ers-2001-media-guide-san-francisco-c.txt,San Francisco 49ers 2001 Media Guide,2001,1,ocr-text,unread,unread,unread,,1456712,242793,1851,2029,2000,1798,4,0,1,183,246,124,1,167,1357,184,124,,,,0
bears-2001-media-guide-chicago-b,nfl-books,nfl-books/text_all/bears-2001-media-guide-chicago-b.txt,Chicago Bears 2001 Media Guide,2001,1,ocr-text,unread,unread,unread,,1032004,168658,1850,2009,2000,723,4,1,3,150,24,119,0,38,306,18,35,,,,0
bengals-2001-media-guide-cincinnati-c,nfl-books,nfl-books/text_all/bengals-2001-media-guide-cincinnati-c.txt,Cincinnati Bengals 2001 Media Guide,2001,1,ocr-text,unread,unread,unread,,1135806,211320,1850,2029,2000,815,3,0,2,86,252,108,1,165,473,119,242,,,,0
broncos-2001-media-guide-denver,nfl-books,nfl-books/text_all/broncos-2001-media-guide-denver.txt,Denver Broncos 2001 Media Guide,2001,1,ocr-text,unread,unread,unread,,2396283,429349,1851,2026,2000,3201,3,0,2,119,338,210,0,31,678,606,1243,overlapping,broncos-2002-media-guide-denver,0.317,1
browns-2001-media-guide-cleveland-c,nfl-books,nfl-books/text_all/browns-2001-media-guide-cleveland-c.txt,Cleveland Browns 2001 Media Guide,2001,1,ocr-text,unread,unread,unread,,1568188,263146,1851,2029,2000,2144,2,0,7,167,164,175,2,151,4,137,68,,,,0
buccaneers-2001-media-guide-tampa-bay-c,nfl-books,nfl-books/text_all/buccaneers-2001-media-guide-tampa-bay-c.txt,Tampa Bay Buccaneers 2001 Media Guide,2001,1,ocr-text,unread,unread,unread,,1198139,200862,1863,2027,2000,1241,3,0,3,214,168,155,2,56,44,141,299,,,,0
cardinals-2001-media-guide-arizona-c,nfl-books,nfl-books/text_all/cardinals-2001-media-guide-arizona-c.txt,Arizona Cardinals 2001 Media Guide,2001,1,ocr-text,unread,unread,unread,,1356844,222592,1851,2025,2000,1991,6,0,9,122,43,86,0,34,207,49,35,,,,0
carolina-panthers-2001-media-guide-cover-v-2,nfl-books,,Carolina Panthers 2001 Media Guide Cover,2001,0,no-text-layer,cover scan,none,read-2026-09-06-yearbooks,"all 302 textless items scanned by metadata and all 319 images OCR'd; the 10 over 150 words are schedules and broadcast listings, nothing per-man | textless scan; in index, no OCR layer",,,,,,,,,,,,,,,,,,,,,0
chargers-2001-media-guide-san-diego-c,nfl-books,nfl-books/text_all/chargers-2001-media-guide-san-diego-c.txt,San Diego Chargers 2001 Media Guide,2001,1,ocr-text,unread,unread,unread,,948077,155837,1861,2022,2000,1086,3,0,1,101,97,133,0,10,1007,30,39,,,,0
chiefs-2001-media-guide-kansas-city-c,nfl-books,nfl-books/text_all/chiefs-2001-media-guide-kansas-city-c.txt,Kansas City Chiefs 2001 Media Guide,2001,1,ocr-text,unread,unread,unread,,1735062,299821,1850,2028,2000,1913,6,0,12,261,316,159,0,30,1598,165,131,,,,0
colts-2001-media-guide-indianapolis,nfl-books,nfl-books/text_all/colts-2001-media-guide-indianapolis.txt,Indianapolis Colts 2001 Media Guide,2001,1,ocr-text,unread,unread,unread,,1302275,231499,1850,2028,1999,616,1,0,3,129,255,209,0,45,260,365,231,,,,0
cowboys-2001-media-guide-dallas-b,nfl-books,nfl-books/text_all/cowboys-2001-media-guide-dallas-b.txt,Dallas Cowboys 2001 Media Guide,2001,1,ocr-text,unread,unread,unread,,1377986,232522,1851,2029,2000,1917,4,0,4,197,252,120,1,108,517,142,306,,,,0
dolphins-2001-media-guide-miami,nfl-books,nfl-books/text_all/dolphins-2001-media-guide-miami.txt,Miami Dolphins 2001 Media Guide,2001,1,ocr-text,unread,unread,unread,,2079237,354218,1850,2029,2000,2364,25,0,1,210,118,199,1,203,130,314,666,,,,0
eagles-2001-media-guide-philadelphia-c,nfl-books,nfl-books/text_all/eagles-2001-media-guide-philadelphia-c.txt,Philadelphia Eagles 2001 Media Guide,2001,1,ocr-text,unread,unread,unread,,1132788,190924,1862,2029,2000,757,9,0,3,90,325,156,126,119,42,19,103,,,,0
falcons-2001-media-guide-atlanta-c,nfl-books,nfl-books/text_all/falcons-2001-media-guide-atlanta-c.txt,Atlanta Falcons 2001 Media Guide,2001,1,ocr-text,unread,unread,unread,,1552991,260201,1850,2022,2000,2257,6,0,5,124,174,110,1,139,172,183,693,,,,0
jaguars-2001-media-guide-jacksonville,nfl-books,nfl-books/text_all/jaguars-2001-media-guide-jacksonville.txt,Jacksonville Jaguars 2001 Media Guide,2001,1,ocr-text,unread,unread,unread,,792695,143749,1850,2020,2000,219,0,0,0,23,270,63,151,43,2,5,6,,,,0
jets-2001,nfl-books,,New York Jets 2001 Media Guide Cover,2001,0,no-text-layer,cover scan,none,read-2026-09-06-yearbooks,"all 302 textless items scanned by metadata and all 319 images OCR'd; the 10 over 150 words are schedules and broadcast listings, nothing per-man | textless scan; in index, no OCR layer",,,,,,,,,,,,,,,,,,,,,0
lions-2001-media-guide-detroit-c,nfl-books,nfl-books/text_all/lions-2001-media-guide-detroit-c.txt,Detroit Lions 2001 Media Guide,2001,1,ocr-text,unread,unread,unread,,1514408,253845,1857,2029,2000,1712,2,0,3,209,170,134,0,16,357,68,261,,,,0
new-york-giants-2001-media-guide-cover,nfl-books,,New York Giants 2001 Media Guide Cover,2001,0,no-text-layer,cover scan,none,read-2026-09-06-yearbooks,"all 302 textless items scanned by metadata and all 319 images OCR'd; the 10 over 150 words are schedules and broadcast listings, nothing per-man | textless scan; in index, no OCR layer",,,,,,,,,,,,,,,,,,,,,0
nfl-record-fact-book-2001,nfl-books,nfl-books/text_all/nfl-record-fact-book-2001.txt,NFL Record & Fact Book 2001,2001,1,ocr-text,unread,unread,unread,,3448061,554379,1853,2029,2000,4686,3,0,2,31,33,260,0,436,1270,216,817,,,,0
oakland-raiders-2001-media-guide-cover,nfl-books,,Oakland Raiders 2001 Media Guide Cover,2001,0,no-text-layer,cover scan,none,read-2026-09-06-yearbooks,"all 302 textless items scanned by metadata and all 319 images OCR'd; the 10 over 150 words are schedules and broadcast listings, nothing per-man | textless scan; in index, no OCR layer",,,,,,,,,,,,,,,,,,,,,0
packers-2001-media-guide-green-bay-c,nfl-books,nfl-books/text_all/packers-2001-media-guide-green-bay-c.txt,Green Bay Packers 2001 Media Guide,2001,1,ocr-text,unread,unread,unread,,1842920,298462,1860,2021,2000,2278,10,0,6,200,301,238,2,391,115,78,45,,,,0
patriots-2001-media-guide-new-england,nfl-books,nfl-books/text_all/patriots-2001-media-guide-new-england.txt,New England Patriots 2001 Media Guide,2001,1,ocr-text,unread,unread,unread,,1889561,329214,1852,2027,2000,2436,4,0,6,180,222,243,0,295,401,484,527,,,,0
rams-2001,nfl-books,nfl-books/text_all/rams-2001.txt,St. Louis Rams 2001 Media Guide,2001,1,ocr-text,unread,unread,unread,,1098417,183571,1851,2029,2000,936,2,0,5,216,181,155,0,47,1267,152,186,,,,0
ravens-2001-media-guide-baltimore-c,nfl-books,nfl-books/text_all/ravens-2001-media-guide-baltimore-c.txt,Baltimore Ravens 2001 Media Guide,2001,1,ocr-text,unread,unread,unread,,1231524,202369,1900,2004,2000,1807,5,0,4,171,157,127,0,189,64,99,225,,,,0
redskins-2001-media-guide-washington-c,nfl-books,nfl-books/text_all/redskins-2001-media-guide-washington-c.txt,Washington Redskins 2001 Media Guide,2001,1,ocr-text,unread,unread,unread,,926410,153549,1853,2028,2000,845,4,0,4,98,53,79,0,162,2228,125,299,,,,0
saints-2001-media-guide-new-orleans,nfl-books,nfl-books/text_all/saints-2001-media-guide-new-orleans.txt,New Orleans Saints 2001 Media Guide,2001,1,ocr-text,unread,unread,unread,,690264,118710,1873,2025,2000,1034,6,0,2,124,238,97,0,113,65,141,73,,,,0
seahawks-2001-media-guide-seattle,nfl-books,nfl-books/text_all/seahawks-2001-media-guide-seattle.txt,Seattle Seahawks 2001 Media Guide,2001,1,ocr-text,unread,unread,unread,,1166441,198139,1863,2025,2000,1329,4,0,5,208,214,87,0,180,306,48,233,,,,0
steelers-2001-media-guide-pittsburgh-b,nfl-books,nfl-books/text_all/steelers-2001-media-guide-pittsburgh-b.txt,Pittsburgh Steelers 2001 Media Guide,2001,1,ocr-text,unread,unread,unread,,1129728,181516,1854,2022,2000,1383,0,0,2,119,314,113,0,93,20,80,33,,,,0
titans-2001-media-guide-tennessee-c,nfl-books,nfl-books/text_all/titans-2001-media-guide-tennessee-c.txt,Tennessee Titans 2001 Media Guide,2001,1,ocr-text,unread,unread,unread,,1144551,183238,1854,2028,2000,1342,1,0,0,209,338,133,92,45,742,46,217,,,,0
vikings-2001-media-guide-minnesota-c,nfl-books,nfl-books/text_all/vikings-2001-media-guide-minnesota-c.txt,Minnesota Vikings 2001 Media Guide,2001,1,ocr-text,unread,unread,unread,,1223127,207782,1855,2029,2000,1290,1,0,1,130,101,138,4,26,610,157,246,,,,0
49ers-2002-media-guide-san-francisco-c,nfl-books,nfl-books/text_all/49ers-2002-media-guide-san-francisco-c.txt,San Francisco 49ers 2002 Media Guide,2002,1,ocr-text,unread,unread,unread,,1584859,263336,1851,2021,2001,2134,0,0,4,176,323,138,1,194,1418,365,341,,,,0
bears-2002-media-guide-chicago,nfl-books,nfl-books/text_all/bears-2002-media-guide-chicago.txt,Chicago Bears 2002 Media Guide,2002,1,ocr-text,unread,unread,unread,,1075146,176763,1857,2028,2001,712,7,0,2,199,123,104,0,92,290,73,41,,,,0
bengals-2002-media-guide-cincinnati-c,nfl-books,nfl-books/text_all/bengals-2002-media-guide-cincinnati-c.txt,Cincinnati Bengals 2002 Media Guide,2002,1,ocr-text,unread,unread,unread,,1257528,229938,1854,2026,2001,988,5,0,1,87,305,113,0,86,676,272,1003,,,,0
broncos-2002-media-guide-denver,nfl-books,nfl-books/text_all/broncos-2002-media-guide-denver.txt,Denver Broncos 2002 Media Guide,2002,1,ocr-text,unread,unread,unread,,2443786,438208,1851,2026,2001,3091,1,0,5,138,330,208,0,22,801,702,1348,overlapping,broncos-2001-media-guide-denver,0.305,1
browns-2002-media-guide-cleveland-c,nfl-books,nfl-books/text_all/browns-2002-media-guide-cleveland-c.txt,Cleveland Browns 2002 Media Guide,2002,1,ocr-text,club media/press guide,biography+statistics+roster-table,"read-2026-09-07-yearbooks (stratified sample n=56 of 2,462 post-1950 texts, seed 20260907)",,1583741,272840,1850,2029,2001,1936,3,0,4,206,175,151,0,350,7,315,138,,,,0
buccaneers-2002-media-guide-tampa-bay-c,nfl-books,nfl-books/text_all/buccaneers-2002-media-guide-tampa-bay-c.txt,Tampa Bay Buccaneers 2002 Media Guide,2002,1,ocr-text,unread,unread,unread,,1273786,212209,1867,2027,2001,1464,5,0,5,201,226,159,2,49,350,130,161,,,,0
buffalo-bills-2002-media-guide-cover.jpg,nfl-books,,Buffalo Bills 2002 Media Guide Cover,2002,0,no-text-layer,cover scan,none,read-2026-09-06-yearbooks,"all 302 textless items scanned by metadata and all 319 images OCR'd; the 10 over 150 words are schedules and broadcast listings, nothing per-man | textless scan; in index, no OCR layer",,,,,,,,,,,,,,,,,,,,,0
cardinals-2002-media-guide-arizona-c,nfl-books,nfl-books/text_all/cardinals-2002-media-guide-arizona-c.txt,Arizona Cardinals 2002 Media Guide,2002,1,ocr-text,unread,unread,unread,,1494121,241834,1850,2029,2001,2350,6,0,8,145,137,96,0,81,427,44,97,,,,0
chargers-2002-media-guide-san-diego-c,nfl-books,nfl-books/text_all/chargers-2002-media-guide-san-diego-c.txt,San Diego Chargers 2002 Media Guide,2002,1,ocr-text,unread,unread,unread,,1362465,236605,1851,2029,2001,1608,1,0,1,143,101,151,1,13,1060,374,614,,,,0
chiefs-2002-media-guide-kansas-city-c,nfl-books,nfl-books/text_all/chiefs-2002-media-guide-kansas-city-c.txt,Kansas City Chiefs 2002 Media Guide,2002,1,ocr-text,unread,unread,unread,,1833617,317431,1852,2029,2001,2028,2,0,16,240,299,155,0,151,1294,152,139,,,,0
colts-2002-media-guide-indianapolis,nfl-books,nfl-books/text_all/colts-2002-media-guide-indianapolis.txt,Indianapolis Colts 2002 Media Guide,2002,1,ocr-text,unread,unread,unread,,1345471,238678,1850,2029,1999,670,1,0,4,143,188,225,0,59,313,331,147,,,,0
cowboys-2002-media-guide-dallas-b,nfl-books,nfl-books/text_all/cowboys-2002-media-guide-dallas-b.txt,Dallas Cowboys 2002 Media Guide,2002,1,ocr-text,unread,unread,unread,,1515885,256591,1862,2029,2001,2159,21,0,6,243,246,114,1,64,495,159,233,,,,0
dolphins-2002-media-guide-miami,nfl-books,nfl-books/text_all/dolphins-2002-media-guide-miami.txt,Miami Dolphins 2002 Media Guide,2002,1,ocr-text,unread,unread,unread,,2138956,366352,1850,2029,2001,2440,24,0,1,204,146,202,1,198,426,304,608,,,,0
eagles-2002-media-guide-philadelphia-c,nfl-books,nfl-books/text_all/eagles-2002-media-guide-philadelphia-c.txt,Philadelphia Eagles 2002 Media Guide,2002,1,ocr-text,unread,unread,unread,,1280630,225768,1855,2020,2001,770,6,0,1,97,298,161,118,78,57,106,586,,,,0
falcons-2002-media-guide-atlanta-c,nfl-books,nfl-books/text_all/falcons-2002-media-guide-atlanta-c.txt,Atlanta Falcons 2002 Media Guide,2002,1,ocr-text,unread,unread,unread,,1666847,280022,1850,2023,2001,2459,7,0,9,111,173,113,1,122,154,194,596,,,,0
giants-2002-media-guide-new-york-c,nfl-books,nfl-books/text_all/giants-2002-media-guide-new-york-c.txt,New York Giants 2002 Media Guide,2002,1,ocr-text,unread,unread,unread,,1507451,249188,1865,2017,2002,1993,5,0,1,124,130,201,68,130,140,180,283,,,,0
jaguars-2002-media-guide-jacksonville,nfl-books,nfl-books/text_all/jaguars-2002-media-guide-jacksonville.txt,Jacksonville Jaguars 2002 Media Guide,2002,1,ocr-text,unread,unread,unread,,754013,136041,1857,2009,2001,215,0,0,1,30,285,52,152,46,4,3,4,,,,0
jets-2002-media-guide-new-york-c,nfl-books,nfl-books/text_all/jets-2002-media-guide-new-york-c.txt,New York Jets 2002 Media Guide,2002,1,ocr-text,unread,unread,unread,,1251916,221491,1863,2029,2001,747,1,0,0,151,34,163,0,13,1761,111,151,,,,0
lions-2002-media-guide-detroit-c,nfl-books,nfl-books/text_all/lions-2002-media-guide-detroit-c.txt,Detroit Lions 2002 Media Guide,2002,1,ocr-text,unread,unread,unread,,1504202,258316,1857,2029,2001,1723,3,0,5,181,135,114,2,116,442,61,269,,,,0
nfl-record-fact-book-2002-c,nfl-books,nfl-books/text_all/nfl-record-fact-book-2002-c.txt,NFL Record & Fact Book 2002,2002,1,ocr-text,unread,unread,unread,,3450436,555644,1855,2027,2001,3905,3,0,3,30,35,226,0,1236,595,152,879,,,,0
packers-2002-media-guide-green-bay-c,nfl-books,nfl-books/text_all/packers-2002-media-guide-green-bay-c.txt,Green Bay Packers 2002 Media Guide,2002,1,ocr-text,unread,unread,unread,,2619704,433835,1853,2026,2001,2356,7,0,1,190,89,242,7,268,249,146,404,,,,0
panthers-2002-media-guide-carolina-c,nfl-books,nfl-books/text_all/panthers-2002-media-guide-carolina-c.txt,Carolina Panthers 2002 Media Guide,2002,1,ocr-text,unread,unread,unread,,1042465,176056,1893,2026,2001,2033,6,0,1,243,176,147,76,1,22,82,129,,,,0
patriots-2002-media-guide-new-england,nfl-books,nfl-books/text_all/patriots-2002-media-guide-new-england.txt,New England Patriots 2002 Media Guide,2002,1,ocr-text,unread,unread,unread,,1881726,330433,1852,2020,2001,2317,3,0,6,168,210,246,1,194,654,496,266,,,,0
rams-2002,nfl-books,nfl-books/text_all/rams-2002.txt,St. Louis Rams 2002 Media Guide,2002,1,ocr-text,unread,unread,unread,,1287821,218021,1851,2029,2001,1211,5,0,3,237,175,129,0,94,1720,248,323,,,,0
ravens-2002-media-guide-baltimore-c,nfl-books,nfl-books/text_all/ravens-2002-media-guide-baltimore-c.txt,Baltimore Ravens 2002 Media Guide,2002,1,ocr-text,unread,unread,unread,,1009028,164206,1900,2012,2001,1056,6,0,8,185,69,97,0,218,34,81,110,,,,0
redskins-2002-media-guide-washington-c,nfl-books,nfl-books/text_all/redskins-2002-media-guide-washington-c.txt,Washington Redskins 2002 Media Guide,2002,1,ocr-text,unread,unread,unread,,998258,162139,1853,2012,2001,1095,3,0,4,155,82,136,112,5,1908,169,359,,,,0
saints-2002-media-guide-new-orleans,nfl-books,nfl-books/text_all/saints-2002-media-guide-new-orleans.txt,New Orleans Saints 2002 Media Guide,2002,1,ocr-text,unread,unread,unread,,1263757,217701,1850,2027,2001,1174,0,0,5,137,253,104,1,64,86,305,156,,,,0
seahawks-2002-media-guide-seattle,nfl-books,nfl-books/text_all/seahawks-2002-media-guide-seattle.txt,Seattle Seahawks 2002 Media Guide,2002,1,ocr-text,unread,unread,unread,,722789,119911,1863,2025,2001,911,2,0,1,193,184,89,0,29,54,34,66,,,,0
steelers-2002-media-guide-pittsburgh-b,nfl-books,nfl-books/text_all/steelers-2002-media-guide-pittsburgh-b.txt,Pittsburgh Steelers 2002 Media Guide,2002,1,ocr-text,unread,unread,unread,,1314160,218095,1850,2029,2001,1498,0,0,3,109,343,108,0,148,55,195,308,,,,0
texans-2002-media-guide-houston,nfl-books,nfl-books/text_all/texans-2002-media-guide-houston.txt,Houston Texans 2002 Media Guide,2002,1,ocr-text,unread,unread,unread,,599700,94207,1854,2026,2000,495,1,0,3,143,280,165,168,2,116,17,14,,,,0
titans-2002-media-guide-tennessee-c,nfl-books,nfl-books/text_all/titans-2002-media-guide-tennessee-c.txt,Tennessee Titans 2002 Media Guide,2002,1,ocr-text,unread,unread,unread,,1431033,233224,1850,2028,2001,1737,3,0,2,244,400,125,120,45,595,202,915,,,,0
49ers-2003-media-guide-san-francisco-c,nfl-books,nfl-books/text_all/49ers-2003-media-guide-san-francisco-c.txt,San Francisco 49ers 2003 Media Guide,2003,1,ocr-text,unread,unread,unread,,1577443,258089,1866,2026,2002,2186,3,0,7,221,314,164,1,200,937,110,124,,,,0
bears-2003-media-guide-chicago-b,nfl-books,nfl-books/text_all/bears-2003-media-guide-chicago-b.txt,Chicago Bears 2003 Media Guide,2003,1,ocr-text,unread,unread,unread,,1308773,222303,1852,2028,2002,812,4,0,2,225,142,110,0,30,531,177,190,,,,0
bengals-2003-media-guide-cincinnati-c,nfl-books,nfl-books/text_all/bengals-2003-media-guide-cincinnati-c.txt,Cincinnati Bengals 2003 Media Guide,2003,1,ocr-text,unread,unread,unread,,1286293,234976,1853,2026,2002,950,5,0,4,122,276,135,1,110,646,282,1024,,,,0
broncos-2003-media-guide-denver,nfl-books,nfl-books/text_all/broncos-2003-media-guide-denver.txt,Denver Broncos 2003 Media Guide,2003,1,ocr-text,unread,unread,unread,,2476657,446295,1851,2029,2002,3268,5,0,7,157,249,182,0,35,795,647,1377,,,,0
browns-2003-media-guide-cleveland-c,nfl-books,nfl-books/text_all/browns-2003-media-guide-cleveland-c.txt,Cleveland Browns 2003 Media Guide,2003,1,ocr-text,unread,unread,unread,,1672942,291099,1851,2029,2002,1785,5,0,6,249,165,175,0,129,8,361,310,,,,0
buffalo-bills-2003-media-guide-cover.jpg,nfl-books,,Buffalo Bills 2003 Media Guide Cover,2003,0,no-text-layer,cover scan,none,read-2026-09-06-yearbooks,"all 302 textless items scanned by metadata and all 319 images OCR'd; the 10 over 150 words are schedules and broadcast listings, nothing per-man | textless scan; in index, no OCR layer",,,,,,,,,,,,,,,,,,,,,0
cardinals-2003-media-guide-arizona-c,nfl-books,nfl-books/text_all/cardinals-2003-media-guide-arizona-c.txt,Arizona Cardinals 2003 Media Guide,2003,1,ocr-text,unread,unread,unread,,1785632,304436,1852,2029,2002,2174,7,0,9,113,87,90,4,80,578,206,174,,,,0
chargers-2003-media-guide-san-diego-c,nfl-books,nfl-books/text_all/chargers-2003-media-guide-san-diego-c.txt,San Diego Chargers 2003 Media Guide,2003,1,ocr-text,unread,unread,unread,,1310236,226773,1851,2022,2002,1580,3,1,3,153,90,168,0,8,1065,343,749,,,,0
chiefs-2003-media-guide-kansas-city-c,nfl-books,nfl-books/text_all/chiefs-2003-media-guide-kansas-city-c.txt,Kansas City Chiefs 2003 Media Guide,2003,1,ocr-text,unread,unread,unread,,2024784,351660,1852,2029,2002,1967,2,0,9,218,299,174,1,147,1498,197,343,,,,0
colts-2003-media-guide-indianapolis,nfl-books,nfl-books/text_all/colts-2003-media-guide-indianapolis.txt,Indianapolis Colts 2003 Media Guide,2003,1,ocr-text,unread,unread,unread,,1294597,223977,1850,2029,1999,675,3,0,4,146,258,221,2,74,266,273,203,,,,0
cowboys-2003-media-guide-dallas-b,nfl-books,nfl-books/text_all/cowboys-2003-media-guide-dallas-b.txt,Dallas Cowboys 2003 Media Guide,2003,1,ocr-text,unread,unread,unread,,1597979,268781,1853,2027,2002,2224,17,1,8,226,249,134,1,49,786,177,242,,,,0
dolphins-2003-media-guide-miami,nfl-books,nfl-books/text_all/dolphins-2003-media-guide-miami.txt,Miami Dolphins 2003 Media Guide,2003,1,ocr-text,unread,unread,unread,,2233769,395065,1850,2029,2002,2847,22,0,0,209,124,192,82,277,462,168,514,,,,0
eagles-2003-media-guide-philadelphia-c,nfl-books,nfl-books/text_all/eagles-2003-media-guide-philadelphia-c.txt,Philadelphia Eagles 2003 Media Guide,2003,1,ocr-text,unread,unread,unread,,1294662,227168,1853,2027,2002,720,5,1,2,104,255,158,102,136,56,144,710,,,,0
falcons-2003-media-guide-atlanta-c,nfl-books,nfl-books/text_all/falcons-2003-media-guide-atlanta-c.txt,Atlanta Falcons 2003 Media Guide,2003,1,ocr-text,unread,unread,unread,,1739040,297181,1850,2029,2002,2317,9,0,6,104,197,113,2,132,183,338,657,,,,0
giants-2003-media-guide-new-york,nfl-books,nfl-books/text_all/giants-2003-media-guide-new-york.txt,New York Giants 2003 Media Guide,2003,1,ocr-text,unread,unread,unread,,1815826,303053,1857,2020,2002,2237,2,0,3,149,166,241,36,109,107,251,380,,,,0
jaguars-2003-media-guide-jacksonville,nfl-books,nfl-books/text_all/jaguars-2003-media-guide-jacksonville.txt,Jacksonville Jaguars 2003 Media Guide,2003,1,ocr-text,unread,unread,unread,,807093,142520,1854,2028,2000,329,0,0,1,39,269,88,148,63,3,5,6,,,,0
jets-2003-media-guide-new-york-c,nfl-books,nfl-books/text_all/jets-2003-media-guide-new-york-c.txt,New York Jets 2003 Media Guide,2003,1,ocr-text,unread,unread,unread,,1457493,260247,1863,2029,2002,1094,1,0,1,175,56,151,1,82,1592,161,242,,,,0
lions-2003-media-guide-detroit-a-b,nfl-books,nfl-books/text_all/lions-2003-media-guide-detroit-a-b.txt,Detroit Lions 2003 Media Guide,2003,1,ocr-text,unread,unread,unread,,1703786,291588,1851,2027,2002,1837,2,0,2,179,135,109,3,78,500,58,213,,,,0
nfl-2003-record-fact-book-c,nfl-books,nfl-books/text_all/nfl-2003-record-fact-book-c.txt,NFL Record & Fact Book 2003 | Buccaneers Cover,2003,1,ocr-text,unread,unread,unread,,3587237,578261,1852,2029,2002,4343,3,0,3,24,34,237,0,1199,890,155,833,near-identical,nfl-2003-record-fact-book-v-2-c,0.995,1
nfl-2003-record-fact-book-v-2-c,nfl-books,nfl-books/text_all/nfl-2003-record-fact-book-v-2-c.txt,NFL Record & Fact Book 2003 | Eagles Cover,2003,1,ocr-text,unread,unread,unread,,3587166,578245,1852,2029,2002,4343,3,0,3,24,34,237,0,1199,890,155,833,near-identical,nfl-2003-record-fact-book-c,0.995,1
oakland-raiders-2003-media-guide-cover,nfl-books,nfl-books/text_all/oakland-raiders-2003-media-guide-cover.txt,Oakland Raiders 2003 Media Guide,2003,1,ocr-text,unread,unread,unread,,962187,156334,1852,2025,2002,1503,2,0,12,183,384,216,0,5,154,58,133,,,,0
packers-2003-media-guide-green-bay-c,nfl-books,nfl-books/text_all/packers-2003-media-guide-green-bay-c.txt,Green Bay Packers 2003 Media Guide,2003,1,ocr-text,unread,unread,unread,,3005310,500549,1850,2029,2002,2463,10,0,5,247,84,270,5,344,230,241,397,,,,0
panthers-2003-media-guide-carolina-c,nfl-books,nfl-books/text_all/panthers-2003-media-guide-carolina-c.txt,Carolina Panthers 2003 Media Guide,2003,1,ocr-text,unread,unread,unread,,1192147,200264,1885,2026,2002,2459,3,0,5,243,150,158,1,3,8,87,133,,,,0
patriots-2003-media-guide-new-england,nfl-books,nfl-books/text_all/patriots-2003-media-guide-new-england.txt,New England Patriots 2003 Media Guide,2003,1,ocr-text,unread,unread,unread,,2009380,356374,1852,2027,2002,2593,3,0,8,196,238,280,1,280,923,594,207,,,,0
rams-2003,nfl-books,nfl-books/text_all/rams-2003.txt,St. Louis Rams 2003 Media Guide,2003,1,ocr-text,unread,unread,unread,,1405625,240481,1851,2028,2002,1481,5,0,3,258,204,155,0,120,1548,529,496,,,,0
ravens-2003-media-guide-baltimore-c,nfl-books,nfl-books/text_all/ravens-2003-media-guide-baltimore-c.txt,Baltimore Ravens 2003 Media Guide,2003,1,ocr-text,unread,unread,unread,,1303199,221854,1900,2008,2002,1027,7,0,6,232,271,113,0,117,61,73,233,,,,0
redskins-2003-media-guide-washington-c,nfl-books,nfl-books/text_all/redskins-2003-media-guide-washington-c.txt,Washington Redskins 2003 Media Guide,2003,1,ocr-text,unread,unread,unread,,1076337,176419,1853,2028,2002,1365,5,0,4,172,53,168,198,5,2061,133,232,,,,0
saints-2003-media-guide-new-orleans,nfl-books,nfl-books/text_all/saints-2003-media-guide-new-orleans.txt,New Orleans Saints 2003 Media Guide,2003,1,ocr-text,unread,unread,unread,,1225988,209768,1866,2027,2002,1347,0,0,5,115,173,104,2,64,42,171,99,,,,0
seahawks-2003-media-guide-seattle,nfl-books,nfl-books/text_all/seahawks-2003-media-guide-seattle.txt,Seattle Seahawks 2003 Media Guide,2003,1,ocr-text,unread,unread,unread,,1426039,243663,1854,2023,2002,1552,0,1,4,230,234,122,0,164,241,47,269,,,,0
steelers-2003-media-guide-pittsburgh-b,nfl-books,nfl-books/text_all/steelers-2003-media-guide-pittsburgh-b.txt,Pittsburgh Steelers 2003 Media Guide,2003,1,ocr-text,club media/press guide,biography+statistics+roster-table,"read-2026-09-07-yearbooks (stratified sample n=56 of 2,462 post-1950 texts, seed 20260907)",,1454247,243266,1850,2027,2002,1670,1,0,4,113,344,106,0,89,49,242,450,,,,0
tampa-bay-buccaneers-2003-media-guide-cover-poor,nfl-books,,Tampa Bay Buccaneers 2003 Media Guide Cover,2003,0,no-text-layer,cover scan,none,read-2026-09-06-yearbooks,"all 302 textless items scanned by metadata and all 319 images OCR'd; the 10 over 150 words are schedules and broadcast listings, nothing per-man | textless scan; in index, no OCR layer",,,,,,,,,,,,,,,,,,,,,0
texans-2003-media-guide-houston,nfl-books,nfl-books/text_all/texans-2003-media-guide-houston.txt,Houston Texans 2003 Media Guide,2003,1,ocr-text,unread,unread,unread,,828888,136168,1880,2027,2002,941,1,0,0,143,181,157,140,51,48,22,10,,,,0
titans-2003-media-guide-tennessee-c,nfl-books,nfl-books/text_all/titans-2003-media-guide-tennessee-c.txt,Tennessee Titans 2003 Media Guide,2003,1,ocr-text,unread,unread,unread,,1502003,256950,1850,2028,2002,1494,3,0,3,182,170,135,1,40,661,197,555,,,,0
vikings-2003,nfl-books,nfl-books/text_all/vikings-2003.txt,Minnesota Vikings 2003 Media Guide,2003,1,ocr-text,unread,unread,unread,,1198646,205925,1852,2029,2002,639,3,0,0,157,43,148,5,70,256,68,78,,,,0
49ers-2004-media-guide-san-francisco-c,nfl-books,nfl-books/text_all/49ers-2004-media-guide-san-francisco-c.txt,San Francisco 49ers 2004 Media Guide,2004,1,ocr-text,unread,unread,unread,,1567928,264147,1860,2024,2003,2112,2,0,3,205,292,158,1,309,1204,183,131,,,,0
bears-2004-media-guide-chicago-b,nfl-books,nfl-books/text_all/bears-2004-media-guide-chicago-b.txt,Chicago Bears 2004 Media Guide,2004,1,ocr-text,unread,unread,unread,,1379496,238980,1850,2021,2003,931,2,0,3,224,263,107,0,43,457,418,334,,,,0
bills-2004-media-guide-buffalo-c,nfl-books,nfl-books/text_all/bills-2004-media-guide-buffalo-c.txt,Buffalo Bills 2004 Media Guide,2004,1,ocr-text,unread,unread,unread,,1159546,193535,1852,2024,2003,1121,1,0,3,117,126,144,158,26,614,39,109,,,,0
broncos-2004-media-guide-denver,nfl-books,nfl-books/text_all/broncos-2004-media-guide-denver.txt,Denver Broncos 2004 Media Guide,2004,1,ocr-text,unread,unread,unread,,2560620,463041,1851,2029,2003,3564,12,0,5,183,275,190,7,381,1065,637,1361,,,,0
browns-2004-media-guide-cleveland-c,nfl-books,nfl-books/text_all/browns-2004-media-guide-cleveland-c.txt,Cleveland Browns 2004 Media Guide,2004,1,ocr-text,unread,unread,unread,,1790583,312666,1856,2029,2003,1726,4,1,4,257,200,179,0,151,35,350,280,,,,0
buccaneers-2004-media-guide-tampa-bay-c,nfl-books,nfl-books/text_all/buccaneers-2004-media-guide-tampa-bay-c.txt,Tampa Bay Buccaneers 2004 Media Guide,2004,1,ocr-text,unread,unread,unread,,1730599,290853,1877,2028,2003,2057,0,0,2,205,236,185,3,88,321,166,177,,,,0
cardinals-2004-media-guide-arizona-c,nfl-books,nfl-books/text_all/cardinals-2004-media-guide-arizona-c.txt,Arizona Cardinals 2004 Media Guide,2004,1,ocr-text,unread,unread,unread,,1670644,285110,1851,2029,2003,2199,6,0,5,142,137,99,1,18,403,185,205,,,,0
chargers-2004,nfl-books,,San Diego Chargers 2004 Media Guide Cover,2004,0,no-text-layer,cover scan,none,read-2026-09-06-yearbooks,"all 302 textless items scanned by metadata and all 319 images OCR'd; the 10 over 150 words are schedules and broadcast listings, nothing per-man | textless scan; in index, no OCR layer",,,,,,,,,,,,,,,,,,,,,0
chiefs-2004-media-guide-kansas-city-c,nfl-books,nfl-books/text_all/chiefs-2004-media-guide-kansas-city-c.txt,Kansas City Chiefs 2004 Media Guide,2004,1,ocr-text,unread,unread,unread,,2086542,359142,1852,2029,2003,1814,3,0,10,230,295,146,0,266,1032,174,44,,,,0
colts-2004-media-guide-indianapolis,nfl-books,nfl-books/text_all/colts-2004-media-guide-indianapolis.txt,Indianapolis Colts 2004 Media Guide,2004,1,ocr-text,unread,unread,unread,,1452498,255485,1850,2029,2003,744,3,0,5,153,256,224,0,61,324,363,210,,,,0
cowboys-2004-media-guide-dallas-b,nfl-books,nfl-books/text_all/cowboys-2004-media-guide-dallas-b.txt,Dallas Cowboys 2004 Media Guide,2004,1,ocr-text,unread,unread,unread,,1699594,290836,1858,2029,2003,2316,31,0,2,250,258,141,0,89,421,198,184,,,,0
dolphins-2004-media-guide-miami,nfl-books,nfl-books/text_all/dolphins-2004-media-guide-miami.txt,Miami Dolphins 2004 Media Guide,2004,1,ocr-text,unread,unread,unread,,2301471,394446,1850,2029,2003,2633,24,0,1,198,96,224,79,196,487,313,625,,,,0
eagles-2004-media-guide-philadelphia-c,nfl-books,nfl-books/text_all/eagles-2004-media-guide-philadelphia-c.txt,Philadelphia Eagles 2004 Media Guide,2004,1,ocr-text,unread,unread,unread,,1355470,240661,1853,2029,2003,819,8,1,4,113,311,157,130,150,86,211,321,,,,0
falcons-2004-media-guide-atlanta-c,nfl-books,nfl-books/text_all/falcons-2004-media-guide-atlanta-c.txt,Atlanta Falcons 2004 Media Guide,2004,1,ocr-text,unread,unread,unread,,1609630,274571,1850,2020,2002,1954,6,0,6,115,211,121,1,177,170,224,917,,,,0
jaguars-2004-media-guide-jacksonville,nfl-books,nfl-books/text_all/jaguars-2004-media-guide-jacksonville.txt,Jacksonville Jaguars 2004 Media Guide,2004,1,ocr-text,unread,unread,unread,,1096092,182710,1852,2020,2003,1253,4,0,1,139,376,216,2,133,57,108,148,,,,0
jets-2004-media-guide-new-york-c,nfl-books,nfl-books/text_all/jets-2004-media-guide-new-york-c.txt,New York Jets 2004 Media Guide,2004,1,ocr-text,unread,unread,unread,,1442364,257179,1860,2023,2003,1001,1,0,0,186,50,155,0,52,1584,128,277,,,,0
lions-2004-media-guide-detroit-c,nfl-books,nfl-books/text_all/lions-2004-media-guide-detroit-c.txt,Detroit Lions 2004 Media Guide,2004,1,ocr-text,unread,unread,unread,,1575977,292333,1851,2029,2003,1747,4,0,2,143,207,135,3,251,305,74,348,,,,0
new-york-giants-2004-media-guide-cover,nfl-books,,New York Giants 2004 Media Guide Cover,2004,0,no-text-layer,cover scan,none,read-2026-09-06-yearbooks,"all 302 textless items scanned by metadata and all 319 images OCR'd; the 10 over 150 words are schedules and broadcast listings, nothing per-man | textless scan; in index, no OCR layer",,,,,,,,,,,,,,,,,,,,,0
nfl-record-fact-book-2004-c,nfl-books,nfl-books/text_all/nfl-record-fact-book-2004-c.txt,NFL Record & Fact Book 2004,2004,1,ocr-text,unread,unread,unread,,3739508,604675,1865,2029,2004,4714,2,0,3,18,33,238,1,1293,928,168,955,,,,0
oakland-raiders-2004-media-guide-cover,nfl-books,,Oakland Raiders 2004 Media Guide Cover,2004,0,no-text-layer,cover scan,none,read-2026-09-06-yearbooks,"all 302 textless items scanned by metadata and all 319 images OCR'd; the 10 over 150 words are schedules and broadcast listings, nothing per-man | textless scan; in index, no OCR layer",,,,,,,,,,,,,,,,,,,,,0
packers-2004-media-guide-green-bay-c,nfl-books,nfl-books/text_all/packers-2004-media-guide-green-bay-c.txt,Green Bay Packers 2004 Media Guide,2004,1,ocr-text,unread,unread,unread,,2870923,471636,1850,2028,2003,2545,12,0,11,238,76,254,14,195,157,163,315,,,,0
panthers-2004-media-guide-carolina-c,nfl-books,nfl-books/text_all/panthers-2004-media-guide-carolina-c.txt,Carolina Panthers 2004 Media Guide,2004,1,ocr-text,unread,unread,unread,,1448953,251963,1855,2026,2003,2920,3,0,7,223,133,170,1,77,64,260,130,,,,0
rams-2004,nfl-books,nfl-books/text_all/rams-2004.txt,St. Louis Rams 2004 Media Guide,2004,1,ocr-text,unread,unread,unread,,1507529,257797,1851,2029,2003,1490,7,0,2,253,210,159,0,83,1770,563,504,,,,0
ravens-2004-media-guide-baltimore-c,nfl-books,nfl-books/text_all/ravens-2004-media-guide-baltimore-c.txt,Baltimore Ravens 2004 Media Guide,2004,1,ocr-text,unread,unread,unread,,1215772,204190,1860,2025,2003,671,3,0,4,221,287,96,2,178,66,87,66,,,,0
redskins-2004-media-guide-washington-c,nfl-books,nfl-books/text_all/redskins-2004-media-guide-washington-c.txt,Washington Redskins 2004 Media Guide,2004,1,ocr-text,unread,unread,unread,,937119,155026,1853,2029,2004,1153,4,0,3,122,43,164,150,56,185,146,247,,,,0
saints-2004-media-guide-new-orleans,nfl-books,nfl-books/text_all/saints-2004-media-guide-new-orleans.txt,New Orleans Saints 2004 Media Guide,2004,1,ocr-text,unread,unread,unread,,1278906,219349,1850,2027,2003,1437,0,0,4,107,192,116,2,105,17,234,98,,,,0
seahawks-2004-media-guide-seattle,nfl-books,nfl-books/text_all/seahawks-2004-media-guide-seattle.txt,Seattle Seahawks 2004 Media Guide,2004,1,ocr-text,unread,unread,unread,,1401980,243016,1854,2027,2003,1509,1,0,6,224,217,122,0,189,160,61,237,,,,0
steelers-2004-media-guide-pittsburgh-c,nfl-books,nfl-books/text_all/steelers-2004-media-guide-pittsburgh-c.txt,Pittsburgh Steelers 2004 Media Guide,2004,1,ocr-text,unread,unread,unread,,1267177,215585,1860,2026,2002,1455,2,0,4,109,372,120,0,138,50,284,302,,,,0
texans-2004-media-guide-houston,nfl-books,nfl-books/text_all/texans-2004-media-guide-houston.txt,Houston Texans 2004 Media Guide,2004,1,ocr-text,unread,unread,unread,,1005056,163247,1875,2026,2003,1061,5,0,0,169,245,174,146,63,314,61,140,,,,0
titans-2004-media-guide-tennessee-c,nfl-books,nfl-books/text_all/titans-2004-media-guide-tennessee-c.txt,Tennessee Titans 2004 Media Guide,2004,1,ocr-text,unread,unread,unread,,1754482,303899,1856,2020,2003,1731,0,0,5,229,58,144,3,130,676,234,981,,,,0
vikings-2004-media-guide-minnesota-c,nfl-books,nfl-books/text_all/vikings-2004-media-guide-minnesota-c.txt,Minnesota Vikings 2004 Media Guide,2004,1,ocr-text,unread,unread,unread,,1357273,231216,1850,2029,2003,761,1,0,0,188,89,161,5,85,214,110,104,,,,0
bears-2005-media-guide-chicago-b,nfl-books,nfl-books/text_all/bears-2005-media-guide-chicago-b.txt,Chicago Bears 2005 Media Guide,2005,1,ocr-text,unread,unread,unread,,1439873,249532,1852,2017,2004,930,8,0,2,224,202,99,0,89,441,361,108,,,,0
bengals-2005-media-guide-cincinnati-c,nfl-books,nfl-books/text_all/bengals-2005-media-guide-cincinnati-c.txt,Cincinnati Bengals 2005 Media Guide,2005,1,ocr-text,unread,unread,unread,,1289842,235778,1850,2029,2004,826,1,0,2,109,206,156,25,132,405,160,377,,,,0
bills-2005-media-guide-buffalo-c,nfl-books,nfl-books/text_all/bills-2005-media-guide-buffalo-c.txt,Buffalo Bills 2005 Media Guide,2005,1,ocr-text,unread,unread,unread,,1365038,233245,1854,2021,2004,1575,2,0,3,125,139,120,164,17,293,295,1108,,,,0
broncos-2005-media-guide-denver,nfl-books,nfl-books/text_all/broncos-2005-media-guide-denver.txt,Denver Broncos 2005 Media Guide,2005,1,ocr-text,unread,unread,unread,,3035914,552942,1851,2029,2004,3771,4,0,11,301,248,222,9,1108,1185,848,1590,,,,0
browns-2005-media-guide-cleveland-c,nfl-books,nfl-books/text_all/browns-2005-media-guide-cleveland-c.txt,Cleveland Browns 2005 Media Guide,2005,1,ocr-text,unread,unread,unread,,1857207,324731,1857,2029,2004,1849,3,0,9,218,197,191,1,70,73,434,543,,,,0
buccaneers-2005-media-guide-tampa-bay-c,nfl-books,nfl-books/text_all/buccaneers-2005-media-guide-tampa-bay-c.txt,Tampa Bay Buccaneers 2005 Media Guide,2005,1,ocr-text,unread,unread,unread,,1708096,286508,1864,2028,2004,2074,3,0,6,210,287,205,2,83,478,199,241,,,,0
cardinals-2005-media-guide-arizona-c,nfl-books,nfl-books/text_all/cardinals-2005-media-guide-arizona-c.txt,Arizona Cardinals 2005 Media Guide,2005,1,ocr-text,unread,unread,unread,,1538315,262955,1855,2029,2004,1771,5,0,7,157,267,125,2,43,601,163,113,,,,0
carolina-panthers-2005-media-guide-cover,nfl-books,,Carolina Panthers 2005 Media Guide Cover,2005,0,no-text-layer,cover scan,none,read-2026-09-06-yearbooks,"all 302 textless items scanned by metadata and all 319 images OCR'd; the 10 over 150 words are schedules and broadcast listings, nothing per-man | textless scan; in index, no OCR layer",,,,,,,,,,,,,,,,,,,,,0
chargers-2005-media-guide-san-diego-c,nfl-books,nfl-books/text_all/chargers-2005-media-guide-san-diego-c.txt,San Diego Chargers 2005 Media Guide,2005,1,ocr-text,unread,unread,unread,,1473872,254813,1851,2027,2004,1664,5,0,5,185,145,209,1,19,1342,469,1211,,,,0
chiefs-2005-media-guide-kansas-city-c,nfl-books,nfl-books/text_all/chiefs-2005-media-guide-kansas-city-c.txt,Kansas City Chiefs 2005 Media Guide,2005,1,ocr-text,unread,unread,unread,,2254313,386923,1852,2029,2004,2105,3,0,9,264,297,168,1,276,1347,235,444,,,,0
colts-2005-media-guide-indianapolis,nfl-books,nfl-books/text_all/colts-2005-media-guide-indianapolis.txt,Indianapolis Colts 2005 Media Guide,2005,1,ocr-text,unread,unread,unread,,1629390,288137,1850,2029,2004,825,2,0,3,170,230,235,2,124,229,427,189,,,,0
cowboys-2005-media-guide-dallas-b,nfl-books,nfl-books/text_all/cowboys-2005-media-guide-dallas-b.txt,Dallas Cowboys 2005 Media Guide,2005,1,ocr-text,unread,unread,unread,,1751310,303874,1853,2029,2004,2218,9,0,3,229,275,142,1,140,680,287,291,,,,0
dolphins-2005-media-guide-miami-1,nfl-books,nfl-books/text_all/dolphins-2005-media-guide-miami-1.txt,Miami Dolphins 2005 Media Guide,2005,1,ocr-text,unread,unread,unread,,2308886,406169,1850,2029,2004,2579,24,0,1,198,32,244,42,344,737,385,1081,,,,0
eagles-2005-media-guide-philadelphia-c,nfl-books,nfl-books/text_all/eagles-2005-media-guide-philadelphia-c.txt,Philadelphia Eagles 2005 Media Guide,2005,1,ocr-text,unread,unread,unread,,1365814,237383,1856,2029,2004,834,4,2,2,130,337,155,156,173,65,81,399,,,,0
falcons-2005-media-guide-atlanta-c,nfl-books,nfl-books/text_all/falcons-2005-media-guide-atlanta-c.txt,Atlanta Falcons 2005 Media Guide,2005,1,ocr-text,unread,unread,unread,,1449279,244027,1858,2020,2004,1755,6,0,7,120,53,83,1,114,189,214,460,,,,0
jaguars-2005-media-guide-jacksonville,nfl-books,nfl-books/text_all/jaguars-2005-media-guide-jacksonville.txt,Jacksonville Jaguars 2005 Media Guide,2005,1,ocr-text,unread,unread,unread,,1185130,198143,1850,2027,2004,1318,3,0,1,129,339,191,2,165,35,137,167,,,,0
jets-2005,nfl-books,nfl-books/text_all/jets-2005.txt,New York Jets 2005 Media Guide,2005,1,ocr-text,unread,unread,unread,,1424829,250179,1866,2029,2004,860,1,0,0,184,71,147,0,62,1476,45,137,,,,0
lions-2005-media-guide-detroit-c,nfl-books,nfl-books/text_all/lions-2005-media-guide-detroit-c.txt,Detroit Lions 2005 Media Guide,2005,1,ocr-text,club media/press guide,biography+statistics+roster-table,"read-2026-09-07-yearbooks (stratified sample n=56 of 2,462 post-1950 texts, seed 20260907)",roster carries home town,1475596,265767,1850,2029,2004,1669,3,0,8,184,194,111,3,126,109,71,252,,,,0
new-york-giants-2005-media-guide-cover,nfl-books,nfl-books/text_all/new-york-giants-2005-media-guide-cover.txt,New York Giants 2005 Media Guide,2005,1,ocr-text,unread,unread,unread,,1683470,289892,1860,2020,2005,1936,0,0,5,174,155,263,16,99,72,260,658,,,,0
nfl-record-fact-book-2005,nfl-books,nfl-books/text_all/nfl-record-fact-book-2005.txt,NFL Record & Fact Book 2005,2005,1,ocr-text,unread,unread,unread,,3938545,635445,1850,2027,2004,4913,3,0,2,17,40,242,0,913,873,215,869,,,,0
oakland-raiders-2005-media-guide-cover,nfl-books,nfl-books/text_all/oakland-raiders-2005-media-guide-cover.txt,Oakland Raiders 2005 Media Guide,2005,1,ocr-text,unread,unread,unread,,980321,158539,1888,2012,2004,1446,3,0,11,193,378,194,0,47,306,55,153,,,,0
packers-2005-media-guide-green-bay-c,nfl-books,nfl-books/text_all/packers-2005-media-guide-green-bay-c.txt,Green Bay Packers 2005 Media Guide,2005,1,ocr-text,unread,unread,unread,,3274946,541133,1851,2026,2004,2806,10,0,8,280,121,262,3,249,206,269,408,,,,0
patriots-2005-media-guide-new-england,nfl-books,nfl-books/text_all/patriots-2005-media-guide-new-england.txt,New England Patriots 2005 Media Guide,2005,1,ocr-text,unread,unread,unread,,2351420,416920,1850,2022,2004,3453,9,0,11,222,99,285,2,208,512,667,251,,,,0
rams-2005-media-guide-st.-louis-c,nfl-books,nfl-books/text_all/rams-2005-media-guide-st.-louis-c.txt,St. Louis Rams 2005 Media Guide,2005,1,ocr-text,unread,unread,unread,,1591025,270534,1851,2027,2004,1514,4,0,5,258,250,146,1,66,2019,632,537,,,,0
ravens-2005-media-guide-baltimore-c,nfl-books,nfl-books/text_all/ravens-2005-media-guide-baltimore-c.txt,Baltimore Ravens 2005 Media Guide,2005,1,ocr-text,unread,unread,unread,,1329631,224503,1860,2012,2004,724,9,0,7,193,309,93,1,88,54,111,111,,,,0
redskins-2005-media-guide-washington-c,nfl-books,nfl-books/text_all/redskins-2005-media-guide-washington-c.txt,Washington Redskins 2005 Media Guide,2005,1,ocr-text,unread,unread,unread,,1145909,205702,1853,2029,2004,1235,3,2,4,117,37,176,175,56,401,177,277,,,,0
saints-2005-media-guide-new-orleans,nfl-books,nfl-books/text_all/saints-2005-media-guide-new-orleans.txt,New Orleans Saints 2005 Media Guide,2005,1,ocr-text,unread,unread,unread,,1309369,226230,1850,2027,2004,1583,1,0,5,97,215,114,1,115,13,173,58,,,,0
san-francisco-49ers-2005-media-guide-c,nfl-books,nfl-books/text_all/san-francisco-49ers-2005-media-guide-c.txt,San Francisco 49ers 2005 Media Guide,2005,1,ocr-text,unread,unread,unread,,1798667,301889,1851,2029,2004,2265,2,0,4,189,299,162,1,237,1486,329,335,,,,0
seahawks-2005-media-guide-seattle,nfl-books,nfl-books/text_all/seahawks-2005-media-guide-seattle.txt,Seattle Seahawks 2005 Media Guide,2005,1,ocr-text,unread,unread,unread,,1423401,247418,1866,2023,2004,1551,3,0,5,213,248,116,0,243,188,263,374,,,,0
steelers-2005-media-guide-pittsburgh-b,nfl-books,nfl-books/text_all/steelers-2005-media-guide-pittsburgh-b.txt,Pittsburgh Steelers 2005 Media Guide,2005,1,ocr-text,unread,unread,unread,,1397112,233905,1852,2020,2004,1659,1,0,2,117,395,126,0,110,63,272,752,,,,0
texans-2005-media-guide-houston,nfl-books,nfl-books/text_all/texans-2005-media-guide-houston.txt,Houston Texans 2005 Media Guide,2005,1,ocr-text,club media/press guide,biography+statistics+roster-table,"read-2026-09-07-yearbooks (stratified sample n=56 of 2,462 post-1950 texts, seed 20260907)",,1027044,164652,1855,2026,2002,1058,2,0,0,196,250,181,145,40,241,50,148,,,,0
titans-2005-media-guide-tennessee-c,nfl-books,nfl-books/text_all/titans-2005-media-guide-tennessee-c.txt,Tennessee Titans 2005 Media Guide,2005,1,ocr-text,unread,unread,unread,,1618703,276028,1869,2026,2004,1594,4,0,5,248,148,138,0,44,692,197,1428,,,,0
vikings-2005,nfl-books,nfl-books/text_all/vikings-2005.txt,Minnesota Vikings 2005 Media Guide,2005,1,ocr-text,unread,unread,unread,,1404371,242739,1850,2029,2004,769,5,0,3,174,49,161,3,152,187,96,61,,,,0
49ers-2006-media-guide-san-francisco-c,nfl-books,nfl-books/text_all/49ers-2006-media-guide-san-francisco-c.txt,San Francisco 49ers 2006 Media Guide,2006,1,ocr-text,unread,unread,unread,,2100614,358511,1857,2029,2005,2681,3,0,8,248,344,191,1,277,1606,341,517,,,,0
atlanta-falcons-2006-media-guide-cover,nfl-books,,Atlanta Falcons 2006 Media Guide Cover,2006,0,no-text-layer,cover scan,none,read-2026-09-06-yearbooks,"all 302 textless items scanned by metadata and all 319 images OCR'd; the 10 over 150 words are schedules and broadcast listings, nothing per-man | textless scan; in index, no OCR layer",,,,,,,,,,,,,,,,,,,,,0
bears-2006-media-guide-chicago-b,nfl-books,nfl-books/text_all/bears-2006-media-guide-chicago-b.txt,Chicago Bears 2006 Media Guide,2006,1,ocr-text,unread,unread,unread,,1507224,260062,1850,2021,2005,1079,2,0,1,235,184,110,0,39,578,402,592,,,,0
bengals-2006,nfl-books,,Cincinnati Bengals 2006 Media Guide Cover,2006,0,no-text-layer,cover scan,none,read-2026-09-06-yearbooks,"all 302 textless items scanned by metadata and all 319 images OCR'd; the 10 over 150 words are schedules and broadcast listings, nothing per-man | textless scan; in index, no OCR layer",,,,,,,,,,,,,,,,,,,,,0
bills-2006-media-guide-buffalo-c,nfl-books,nfl-books/text_all/bills-2006-media-guide-buffalo-c.txt,Buffalo Bills 2006 Media Guide,2006,1,ocr-text,unread,unread,unread,,1379926,239175,1851,2029,2005,1542,4,0,5,117,74,103,97,50,273,63,130,,,,0
broncos-2006-media-guide-denver,nfl-books,nfl-books/text_all/broncos-2006-media-guide-denver.txt,Denver Broncos 2006 Media Guide,2006,1,ocr-text,unread,unread,unread,,3151144,573716,1851,2029,2005,3855,6,0,7,338,246,235,7,945,1187,865,1660,,,,0
browns-2006-media-guide-cleveland-c,nfl-books,nfl-books/text_all/browns-2006-media-guide-cleveland-c.txt,Cleveland Browns 2006 Media Guide,2006,1,ocr-text,club media/press guide,biography+statistics+roster-table,"read-2026-09-07-yearbooks (stratified sample n=56 of 2,462 post-1950 texts, seed 20260907)",,1712009,303756,1881,2029,2005,1814,2,0,8,188,181,182,2,104,28,551,805,,,,0
buccaneers-2006,nfl-books,nfl-books/text_all/buccaneers-2006.txt,Tampa Bay Buccaneers 2006 Media Guide,2006,1,ocr-text,unread,unread,unread,,1779145,298085,1884,2029,2005,2399,3,0,2,209,226,186,2,83,281,66,71,,,,0
cardinals-2006.jpg,nfl-books,,Arizona Cardinals 2006 Media Guide Cover,2006,0,no-text-layer,cover scan,none,read-2026-09-06-yearbooks,"all 302 textless items scanned by metadata and all 319 images OCR'd; the 10 over 150 words are schedules and broadcast listings, nothing per-man | textless scan; in index, no OCR layer",,,,,,,,,,,,,,,,,,,,,0
carolina-panthers-2006-media-guide-cover,nfl-books,,Carolina Panthers 2006 Media Guide Cover,2006,0,no-text-layer,cover scan,none,read-2026-09-06-yearbooks,"all 302 textless items scanned by metadata and all 319 images OCR'd; the 10 over 150 words are schedules and broadcast listings, nothing per-man | textless scan; in index, no OCR layer",,,,,,,,,,,,,,,,,,,,,0
chargers-2006,nfl-books,nfl-books/text_all/chargers-2006.txt,San Diego Chargers 2006 Media Guide,2006,1,ocr-text,unread,unread,unread,,1634491,278053,1850,2020,2005,1953,4,0,7,196,208,199,1,11,1590,524,1682,,,,0
colts-2006-media-guide-indianapolis,nfl-books,nfl-books/text_all/colts-2006-media-guide-indianapolis.txt,Indianapolis Colts 2006 Media Guide,2006,1,ocr-text,unread,unread,unread,,1581698,276500,1850,2029,2005,876,1,0,3,159,307,246,1,79,240,404,176,,,,0
cowboys-2006-media-guide-dallas-b,nfl-books,nfl-books/text_all/cowboys-2006-media-guide-dallas-b.txt,Dallas Cowboys 2006 Media Guide,2006,1,ocr-text,unread,unread,unread,,1714635,316509,1853,2028,2005,1891,12,0,5,158,247,131,0,122,317,229,66,,,,0
dolphins-2006-media-guide-miami-a-b,nfl-books,nfl-books/text_all/dolphins-2006-media-guide-miami-a-b.txt,Miami Dolphins 2006 Media Guide,2006,1,ocr-text,unread,unread,unread,,2337736,401195,1850,2029,2005,2595,22,0,3,190,104,242,139,183,298,333,705,,,,0
eagles-2006-media-guide-philadelphia-c,nfl-books,nfl-books/text_all/eagles-2006-media-guide-philadelphia-c.txt,Philadelphia Eagles 2006 Media Guide,2006,1,ocr-text,unread,unread,unread,,1615464,291491,1853,2029,2005,965,5,1,3,142,390,167,165,137,99,236,759,,,,0
jaguars-2006-media-guide-jacksonville,nfl-books,nfl-books/text_all/jaguars-2006-media-guide-jacksonville.txt,Jaguars 2006 Media Guide (Jacksonville),2006,1,ocr-text,unread,unread,unread,,1194354,199448,1850,2027,2005,1418,4,0,1,114,314,205,2,137,177,143,199,,,,0
jets-2006,nfl-books,,New York Jets 2006 Media Guide Cover,2006,0,no-text-layer,cover scan,none,read-2026-09-06-yearbooks,"all 302 textless items scanned by metadata and all 319 images OCR'd; the 10 over 150 words are schedules and broadcast listings, nothing per-man | textless scan; in index, no OCR layer",,,,,,,,,,,,,,,,,,,,,0
kansas-city-chiefs-2006-media-guide-cover,nfl-books,,Kansas City Chiefs 2006 Media Guide Cover,2006,0,no-text-layer,cover scan,none,read-2026-09-06-yearbooks,"all 302 textless items scanned by metadata and all 319 images OCR'd; the 10 over 150 words are schedules and broadcast listings, nothing per-man | textless scan; in index, no OCR layer",,,,,,,,,,,,,,,,,,,,,0
lions-2006,nfl-books,,Detroit Lions 2006 Media Guide Cover,2006,0,no-text-layer,cover scan,none,read-2026-09-06-yearbooks,"all 302 textless items scanned by metadata and all 319 images OCR'd; the 10 over 150 words are schedules and broadcast listings, nothing per-man | textless scan; in index, no OCR layer",,,,,,,,,,,,,,,,,,,,,0
new-york-giants-2006-media-guide-cover,nfl-books,,New York Giants 2006 Media Guide Cover,2006,0,no-text-layer,cover scan,none,read-2026-09-06-yearbooks,"all 302 textless items scanned by metadata and all 319 images OCR'd; the 10 over 150 words are schedules and broadcast listings, nothing per-man | textless scan; in index, no OCR layer",,,,,,,,,,,,,,,,,,,,,0
nfl-2006-record-fact-book,nfl-books,nfl-books/text_all/nfl-2006-record-fact-book.txt,NFL Record & Fact Book 2006,2006,1,ocr-text,unread,unread,unread,,3798002,613367,1850,2021,2006,4915,3,0,2,11,36,258,0,902,912,221,1217,,,,0
packers-2006,nfl-books,,Green Bay Packers 2006 Media Guide Cover,2006,0,no-text-layer,cover scan,none,read-2026-09-06-yearbooks,"all 302 textless items scanned by metadata and all 319 images OCR'd; the 10 over 150 words are schedules and broadcast listings, nothing per-man | textless scan; in index, no OCR layer",,,,,,,,,,,,,,,,,,,,,0
patriots-2006-media-guide-new-england-a,nfl-books,nfl-books/text_all/patriots-2006-media-guide-new-england-a.txt,New England Patriots 2006 Media Guide,2006,1,ocr-text,unread,unread,unread,,2340709,413783,1850,2020,2005,3247,7,0,4,224,114,285,1,186,650,773,209,,,,0
raiders-2006-media-guide-oakland,nfl-books,nfl-books/text_all/raiders-2006-media-guide-oakland.txt,Oakland Raiders 2006 Media Guide,2006,1,ocr-text,unread,unread,unread,,1097046,173209,1899,2013,2004,1393,4,0,6,180,447,153,0,172,118,59,251,,,,0
rams-2006,nfl-books,,St. Louis Rams 2006 Media Guide Cover,2006,0,no-text-layer,cover scan,none,read-2026-09-06-yearbooks,"all 302 textless items scanned by metadata and all 319 images OCR'd; the 10 over 150 words are schedules and broadcast listings, nothing per-man | textless scan; in index, no OCR layer",,,,,,,,,,,,,,,,,,,,,0
ravens-2006-media-guide-baltimore,nfl-books,nfl-books/text_all/ravens-2006-media-guide-baltimore.txt,Baltimore Ravens 2006 Media Guide,2006,1,ocr-text,unread,unread,unread,,1508408,258986,1900,2010,2005,767,6,0,1,197,309,110,1,102,58,179,374,,,,0
redskins-2006-media-guide-washington-c,nfl-books,nfl-books/text_all/redskins-2006-media-guide-washington-c.txt,Washington Redskins 2006 Media Guide,2006,1,ocr-text,unread,unread,unread,,1160806,209722,1852,2029,2006,1308,5,2,6,143,43,162,172,101,326,233,391,,,,0
saints-2006-media-guide-new-orleans,nfl-books,nfl-books/text_all/saints-2006-media-guide-new-orleans.txt,New Orleans Saints 2006 Media Guide,2006,1,ocr-text,unread,unread,unread,,1347126,240584,1850,2029,2005,1390,4,0,3,116,183,129,1,116,21,178,143,,,,0
seahawks-2006-media-guide-seattle,nfl-books,nfl-books/text_all/seahawks-2006-media-guide-seattle.txt,Seattle Seahawks 2006 Media Guide,2006,1,ocr-text,unread,unread,unread,,1498110,258106,1875,2023,2005,1584,3,0,4,208,246,124,0,135,233,276,317,,,,0
steelers-2006-media-guide-pittsburgh-b,nfl-books,nfl-books/text_all/steelers-2006-media-guide-pittsburgh-b.txt,Pittsburgh Steelers 2006 Media Guide,2006,1,ocr-text,unread,unread,unread,,1696496,286130,1852,2026,2005,1720,1,0,2,109,46,123,0,23,90,120,112,,,,0
texans-2006-media-guide-houston,nfl-books,nfl-books/text_all/texans-2006-media-guide-houston.txt,Houston Texans 2006 Media Guide,2006,1,ocr-text,unread,unread,unread,,1139884,182301,1882,2026,2002,1293,1,0,2,162,209,168,2,66,295,107,129,,,,0
vikings-2006,nfl-books,,Minnesota Vikings 2006 Media Guide Cover,2006,0,no-text-layer,cover scan,none,read-2026-09-06-yearbooks,"all 302 textless items scanned by metadata and all 319 images OCR'd; the 10 over 150 words are schedules and broadcast listings, nothing per-man | textless scan; in index, no OCR layer",,,,,,,,,,,,,,,,,,,,,0
arizona-cardinals-2007-media-guide-cover,nfl-books,,Arizona Cardinals 2007 Media Guide Cover,2007,0,no-text-layer,cover scan,none,read-2026-09-06-yearbooks,"all 302 textless items scanned by metadata and all 319 images OCR'd; the 10 over 150 words are schedules and broadcast listings, nothing per-man | textless scan; in index, no OCR layer",,,,,,,,,,,,,,,,,,,,,0
atlanta-falcons-2007-media-guide-cover,nfl-books,,Atlanta Falcons 2007 Media Guide Cover,2007,0,no-text-layer,cover scan,none,read-2026-09-06-yearbooks,"all 302 textless items scanned by metadata and all 319 images OCR'd; the 10 over 150 words are schedules and broadcast listings, nothing per-man | textless scan; in index, no OCR layer",,,,,,,,,,,,,,,,,,,,,0
bears-2007-media-guide-chicago-b,nfl-books,nfl-books/text_all/bears-2007-media-guide-chicago-b.txt,Chicago Bears 2007 Media Guide,2007,1,ocr-text,unread,unread,unread,,1540107,273407,1851,2026,2006,1097,2,0,0,231,186,105,113,71,275,509,137,,,,0
bengals-2007,nfl-books,,Cincinnati Bengals 2007 Media Guide Cover,2007,0,no-text-layer,cover scan,none,read-2026-09-06-yearbooks,"all 302 textless items scanned by metadata and all 319 images OCR'd; the 10 over 150 words are schedules and broadcast listings, nothing per-man | textless scan; in index, no OCR layer",,,,,,,,,,,,,,,,,,,,,0
broncos-2007-media-guide-denver,nfl-books,nfl-books/text_all/broncos-2007-media-guide-denver.txt,Denver Broncos 2007 Media Guide,2007,1,ocr-text,unread,unread,unread,,3161363,574393,1851,2029,2006,3777,9,0,5,354,250,256,7,959,1193,862,1722,,,,0
browns-2007-media-guide-cleveland-c,nfl-books,nfl-books/text_all/browns-2007-media-guide-cleveland-c.txt,Cleveland Browns 2007 Media Guide,2007,1,ocr-text,unread,unread,unread,,1668438,292601,1850,2029,2006,1576,3,0,7,223,168,196,149,159,10,249,106,,,,0
buccaneers-2007-media-guide-tampa-bay-c,nfl-books,nfl-books/text_all/buccaneers-2007-media-guide-tampa-bay-c.txt,Tampa Bay Buccaneers 2007 Media Guide,2007,1,ocr-text,unread,unread,unread,,1891271,313212,1878,2023,2006,2613,3,0,1,232,189,178,2,70,129,203,251,,,,0
buffalo-bills-2007-media-guide-cover.jpg,nfl-books,,Buffalo Bills 2007 Media Guide Cover,2007,0,no-text-layer,cover scan,none,read-2026-09-06-yearbooks,"all 302 textless items scanned by metadata and all 319 images OCR'd; the 10 over 150 words are schedules and broadcast listings, nothing per-man | textless scan; in index, no OCR layer",,,,,,,,,,,,,,,,,,,,,0
chargers-2007-media-guide-san-diego,nfl-books,nfl-books/text_all/chargers-2007-media-guide-san-diego.txt,San Diego Chargers 2007 Media Guide,2007,1,ocr-text,unread,unread,unread,,1701432,284684,1851,2020,2006,2243,4,0,9,233,197,292,1,11,1113,528,1478,,,,0
colts-2007-media-guide-indianapolis,nfl-books,nfl-books/text_all/colts-2007-media-guide-indianapolis.txt,Indianapolis Colts 2007 Media Guide,2007,1,ocr-text,unread,unread,unread,,1637065,286454,1850,2029,2006,888,2,0,3,151,250,214,0,114,327,428,307,,,,0
cowboys-2007-media-guide-dallas-b,nfl-books,nfl-books/text_all/cowboys-2007-media-guide-dallas-b.txt,Dallas Cowboys 2007 Media Guide,2007,1,ocr-text,unread,unread,unread,,1687091,309789,1861,2025,2006,2002,1,0,6,172,245,160,0,129,263,234,56,,,,0
dolphins-2007-media-guide-miami,nfl-books,nfl-books/text_all/dolphins-2007-media-guide-miami.txt,Miami Dolphins 2007 Media Guide,2007,1,ocr-text,unread,unread,unread,,2214398,384317,1850,2029,2006,2435,23,0,2,182,213,223,139,344,796,378,909,,,,0
jaguars-2007-media-guide-jacksonville,nfl-books,nfl-books/text_all/jaguars-2007-media-guide-jacksonville.txt,Jacksonville Jaguars 2007 Media Guide,2007,1,ocr-text,unread,unread,unread,,800114,132872,1850,2020,2006,825,5,0,0,86,285,216,2,156,144,118,245,,,,0
jets-2007-media-guide-new-york,nfl-books,nfl-books/text_all/jets-2007-media-guide-new-york.txt,New York Jets 2007 Media Guide,2007,1,ocr-text,unread,unread,unread,,1469037,270324,1850,2029,2006,874,0,0,3,115,10,203,0,34,978,190,324,,,,0
lions-2007-media-guide-detroit-c,nfl-books,nfl-books/text_all/lions-2007-media-guide-detroit-c.txt,Detroit Lions 2007 Media Guide,2007,1,ocr-text,unread,unread,unread,,1344342,246587,1850,2029,2006,1095,8,1,3,184,210,100,1,171,98,23,29,,,,0
new-york-giants-2007-media-guide-cover,nfl-books,nfl-books/text_all/new-york-giants-2007-media-guide-cover.txt,New York Giants 2007 Media Guide,2007,1,ocr-text,unread,unread,unread,,2005724,342133,1855,2027,2006,2072,0,0,5,161,244,371,0,55,51,329,820,,,,0
nfl-2007-record-fact-book,nfl-books,nfl-books/text_all/nfl-2007-record-fact-book.txt,NFL Record & Fact Book 2007,2007,1,ocr-text,unread,unread,unread,,3696556,590962,1863,2029,2006,4947,2,0,3,23,28,253,0,132,461,219,812,,,,0
packers-2007,nfl-books,,Green Bay Packers 2007 Media Guide Cover,2007,0,no-text-layer,cover scan,none,read-2026-09-06-yearbooks,"all 302 textless items scanned by metadata and all 319 images OCR'd; the 10 over 150 words are schedules and broadcast listings, nothing per-man | textless scan; in index, no OCR layer",,,,,,,,,,,,,,,,,,,,,0
panthers-2007-media-guide-carolina-c,nfl-books,nfl-books/text_all/panthers-2007-media-guide-carolina-c.txt,Carolina Panthers 2007 Media Guide,2007,1,ocr-text,unread,unread,unread,,1490575,249301,1853,2026,2006,3079,2,0,10,126,165,161,1,77,29,361,251,,,,0
patriots-2007-media-guide-new-england-a,nfl-books,nfl-books/text_all/patriots-2007-media-guide-new-england-a.txt,New England Patriots 2007 Media Guide,2007,1,ocr-text,unread,unread,unread,,1998376,351752,1850,2027,2006,2710,10,1,1,224,79,280,1,75,865,353,293,,,,0
philadelphia-eagles-2007-media-guide-cover,nfl-books,,Philadelphia Eagles 2007 Media Guide Cover,2007,0,no-text-layer,cover scan,none,read-2026-09-06-yearbooks,"all 302 textless items scanned by metadata and all 319 images OCR'd; the 10 over 150 words are schedules and broadcast listings, nothing per-man | textless scan; in index, no OCR layer",,,,,,,,,,,,,,,,,,,,,0
raiders-2007-media-guide-oakland,nfl-books,nfl-books/text_all/raiders-2007-media-guide-oakland.txt,Oakland Raiders 2007 Media Guide,2007,1,ocr-text,unread,unread,unread,,1084105,171498,1907,2013,2006,1377,2,0,8,211,447,137,0,12,191,59,162,,,,0
rams-2007-media-guide-st.-louis-c,nfl-books,nfl-books/text_all/rams-2007-media-guide-st.-louis-c.txt,St. Louis Rams 2007 Media Guide,2007,1,ocr-text,unread,unread,unread,,1437543,252277,1854,2029,2006,1292,2,0,2,222,225,134,0,148,849,651,536,,,,0
ravens-2007-media-guide-baltimore,nfl-books,nfl-books/text_all/ravens-2007-media-guide-baltimore.txt,Baltimore Ravens 2007 Media Guide,2007,1,ocr-text,unread,unread,unread,,1678192,282753,1873,2010,2006,886,5,0,2,233,503,136,1,279,75,200,382,,,,0
redskins-2007-media-guide-washington-c,nfl-books,nfl-books/text_all/redskins-2007-media-guide-washington-c.txt,Washington Redskins 2007 Media Guide,2007,1,ocr-text,unread,unread,unread,,1069324,198619,1853,2029,2007,1006,5,2,5,138,29,162,177,43,100,195,377,,,,0
saints-2007-media-guide-new-orleans,nfl-books,nfl-books/text_all/saints-2007-media-guide-new-orleans.txt,New Orleans Saints 2007 Media Guide,2007,1,ocr-text,unread,unread,unread,,1426757,258299,1860,2027,2006,1338,1,1,2,120,206,143,1,168,20,189,40,,,,0
san-francisco-49ers-2007-media-guide-c,nfl-books,nfl-books/text_all/san-francisco-49ers-2007-media-guide-c.txt,San Francisco 49ers 2007 Media Guide,2007,1,ocr-text,unread,unread,unread,,1925679,330246,1857,2020,2006,2660,6,0,0,226,356,198,1,183,1482,391,298,,,,0
seahawks-2007-media-guide-seattle,nfl-books,nfl-books/text_all/seahawks-2007-media-guide-seattle.txt,Seattle Seahawks 2007 Media Guide,2007,1,ocr-text,unread,unread,unread,,1535672,266009,1878,2029,2006,1725,1,0,6,211,246,122,0,454,265,311,375,,,,0
steelers-2007-media-guide-pittsburgh-b,nfl-books,nfl-books/text_all/steelers-2007-media-guide-pittsburgh-b.txt,Pittsburgh Steelers 2007 Media Guide,2007,1,ocr-text,unread,unread,unread,,1739900,293639,1852,2025,2002,1777,1,0,5,146,119,143,0,67,62,143,159,,,,0
texans-2007-media-guide-houston,nfl-books,nfl-books/text_all/texans-2007-media-guide-houston.txt,Houston Texans 2007 Media Guide,2007,1,ocr-text,unread,unread,unread,,1094458,171317,1882,2026,2006,1264,8,0,2,175,116,154,138,64,292,56,92,,,,0
vikings-2007,nfl-books,,Minnesota Vikings 2007 Media Guide Cover,2007,0,no-text-layer,cover scan,none,read-2026-09-06-yearbooks,"all 302 textless items scanned by metadata and all 319 images OCR'd; the 10 over 150 words are schedules and broadcast listings, nothing per-man | textless scan; in index, no OCR layer",,,,,,,,,,,,,,,,,,,,,0
atlanta-falcons-2008-media-guide-cover,nfl-books,,Atlanta Falcons 2008 Media Guide Cover,2008,0,no-text-layer,cover scan,none,read-2026-09-06-yearbooks,"all 302 textless items scanned by metadata and all 319 images OCR'd; the 10 over 150 words are schedules and broadcast listings, nothing per-man | textless scan; in index, no OCR layer",,,,,,,,,,,,,,,,,,,,,0
bears-2008-media-guide-chicago-b,nfl-books,nfl-books/text_all/bears-2008-media-guide-chicago-b.txt,Chicago Bears 2008 Media Guide,2008,1,ocr-text,unread,unread,unread,,714959,123171,1869,2013,2007,643,2,0,3,199,182,108,115,54,28,20,17,,,,0
bengals-2008,nfl-books,,Cincinnati Bengals 2008 Media Guide Cover,2008,0,no-text-layer,cover scan,none,read-2026-09-06-yearbooks,"all 302 textless items scanned by metadata and all 319 images OCR'd; the 10 over 150 words are schedules and broadcast listings, nothing per-man | textless scan; in index, no OCR layer",,,,,,,,,,,,,,,,,,,,,0
broncos-2008-media-guide-denver,nfl-books,nfl-books/text_all/broncos-2008-media-guide-denver.txt,Denver Broncos 2008 Media Guide,2008,1,ocr-text,unread,unread,unread,,3023057,556200,1851,2029,2007,3386,12,0,3,363,257,255,8,872,1320,911,1778,,,,0
browns-2008-media-guide-cleveland-c,nfl-books,nfl-books/text_all/browns-2008-media-guide-cleveland-c.txt,Cleveland Browns 2008 Media Guide,2008,1,ocr-text,unread,unread,unread,,1847054,328922,1863,2028,2007,1940,3,0,5,214,103,190,1,98,56,401,647,,,,0
buccaneers-2008-media-guide-tampa-bay-c,nfl-books,nfl-books/text_all/buccaneers-2008-media-guide-tampa-bay-c.txt,Tampa Bay Buccaneers 2008 Media Guide,2008,1,ocr-text,unread,unread,unread,,1754320,294323,1869,2020,2007,2012,3,0,0,207,151,179,2,73,116,216,192,,,,0
buffalo-bills-2008-media-guide-cover.jpg,nfl-books,,Buffalo Bills 2008 Media Guide Cover,2008,0,no-text-layer,cover scan,none,read-2026-09-06-yearbooks,"all 302 textless items scanned by metadata and all 319 images OCR'd; the 10 over 150 words are schedules and broadcast listings, nothing per-man | textless scan; in index, no OCR layer",,,,,,,,,,,,,,,,,,,,,0
cardinals-2008-media-guide-arizona-c,nfl-books,nfl-books/text_all/cardinals-2008-media-guide-arizona-c.txt,Arizona Cardinals 2008 Media Guide,2008,1,ocr-text,unread,unread,unread,,1723363,294570,1851,2027,2007,1793,3,0,4,264,201,175,4,27,521,136,115,,,,0
chargers-2008-media-guide-san-diego,nfl-books,nfl-books/text_all/chargers-2008-media-guide-san-diego.txt,San Diego Chargers 2008 Media Guide,2008,1,ocr-text,unread,unread,unread,,1890424,318396,1851,2022,2007,2676,5,0,8,240,176,282,1,77,1013,597,966,,,,0
colts-2008-media-guide-indianapolis,nfl-books,nfl-books/text_all/colts-2008-media-guide-indianapolis.txt,Indianapolis Colts 2008 Media Guide,2008,1,ocr-text,unread,unread,unread,,1773077,313176,1850,2029,2007,959,3,0,3,180,315,238,0,183,272,671,225,,,,0
cowboys-2008-media-guide-dallas-b,nfl-books,nfl-books/text_all/cowboys-2008-media-guide-dallas-b.txt,Dallas Cowboys 2008 Media Guide,2008,1,ocr-text,unread,unread,unread,,1683217,310658,1861,2029,2007,2184,5,0,10,221,217,141,1,70,522,238,97,,,,0
dolphins-2008-media-guide-miami,nfl-books,nfl-books/text_all/dolphins-2008-media-guide-miami.txt,Miami Dolphins 2008 Media Guide,2008,1,ocr-text,unread,unread,unread,,2273933,394419,1850,2029,2007,2418,30,0,7,218,54,233,0,324,695,398,863,,,,0
jaguars-2008-media-guide-jacksonville,nfl-books,nfl-books/text_all/jaguars-2008-media-guide-jacksonville.txt,Jacksonville Jaguars 2008 Media Guide,2008,1,ocr-text,unread,unread,unread,,1044305,176570,1850,2020,2007,1387,2,0,3,106,273,195,2,137,423,143,194,,,,0
jets-2008,nfl-books,,New York Jets 2008 Media Guide Cover,2008,0,no-text-layer,cover scan,none,read-2026-09-06-yearbooks,"all 302 textless items scanned by metadata and all 319 images OCR'd; the 10 over 150 words are schedules and broadcast listings, nothing per-man | textless scan; in index, no OCR layer",,,,,,,,,,,,,,,,,,,,,0
kansas-city-chiefs-2008-media-guide-cover,nfl-books,,Kansas City Chiefs 2008 Media Guide Cover,2008,0,no-text-layer,cover scan,none,read-2026-09-06-yearbooks,"all 302 textless items scanned by metadata and all 319 images OCR'd; the 10 over 150 words are schedules and broadcast listings, nothing per-man | textless scan; in index, no OCR layer",,,,,,,,,,,,,,,,,,,,,0
new-york-giants-2008-media-guide-cover,nfl-books,,New York Giants 2008 Media Guide Cover,2008,0,no-text-layer,cover scan,none,read-2026-09-06-yearbooks,"all 302 textless items scanned by metadata and all 319 images OCR'd; the 10 over 150 words are schedules and broadcast listings, nothing per-man | textless scan; in index, no OCR layer",,,,,,,,,,,,,,,,,,,,,0
nfl-2008-record-fact-book-c,nfl-books,nfl-books/text_all/nfl-2008-record-fact-book-c.txt,NFL Record & Fact Book 2008,2008,1,ocr-text,unread,unread,unread,,3634877,569230,1853,2029,2007,4664,2,0,2,28,39,266,0,119,381,219,704,,,,0
packers-2008,nfl-books,,Green Bay Packers 2008 Media Guide Cover,2008,0,no-text-layer,cover scan,none,read-2026-09-06-yearbooks,"all 302 textless items scanned by metadata and all 319 images OCR'd; the 10 over 150 words are schedules and broadcast listings, nothing per-man | textless scan; in index, no OCR layer",,,,,,,,,,,,,,,,,,,,,0
patriots-2008-media-guide-new-england-a,nfl-books,nfl-books/text_all/patriots-2008-media-guide-new-england-a.txt,New England Patriots 2008 Media Guide,2008,1,ocr-text,unread,unread,unread,,1898498,333414,1852,2027,2007,2178,8,0,5,179,83,273,3,148,753,426,336,,,,0
philadelphia-eagles-2008-media-guide-cover,nfl-books,,Philadelphia Eagles 2008 Media Guide Cover,2008,0,no-text-layer,cover scan,none,read-2026-09-06-yearbooks,"all 302 textless items scanned by metadata and all 319 images OCR'd; the 10 over 150 words are schedules and broadcast listings, nothing per-man | textless scan; in index, no OCR layer",,,,,,,,,,,,,,,,,,,,,0
raiders-2008-media-guide-oakland,nfl-books,nfl-books/text_all/raiders-2008-media-guide-oakland.txt,Oakland Raiders 2008 Media Guide,2008,1,ocr-text,unread,unread,unread,,1025050,162692,1929,2025,2007,1292,3,0,4,166,380,92,0,4,197,48,232,,,,0
ravens-2008-media-guide-baltimore,nfl-books,nfl-books/text_all/ravens-2008-media-guide-baltimore.txt,Baltimore Ravens 2008 Media Guide,2008,1,ocr-text,unread,unread,unread,,1555447,262960,1900,2010,2007,881,3,0,6,166,513,168,0,260,41,203,520,,,,0
saints-2008-media-guide-new-orleans,nfl-books,nfl-books/text_all/saints-2008-media-guide-new-orleans.txt,New Orleans Saints 2008 Media Guide,2008,1,ocr-text,unread,unread,unread,,1504474,262637,1850,2027,2007,1478,2,0,2,121,257,143,1,210,17,287,69,,,,0
san-francisco-49ers-2008-media-guide-c,nfl-books,nfl-books/text_all/san-francisco-49ers-2008-media-guide-c.txt,San Francisco 49ers 2008 Media Guide,2008,1,ocr-text,unread,unread,unread,,1430510,242855,1857,2025,2007,1830,4,0,3,168,346,196,1,238,489,324,929,,,,0
seahawks-2008-media-guide-seattle,nfl-books,nfl-books/text_all/seahawks-2008-media-guide-seattle.txt,Seattle Seahawks 2008 Media Guide,2008,1,ocr-text,unread,unread,unread,,1502220,262249,1858,2029,2007,1509,4,0,7,172,221,135,0,325,432,305,368,,,,0
st.-louis-rams-2008-media-guide-cover,nfl-books,nfl-books/text_all/st.-louis-rams-2008-media-guide-cover.txt,St. Louis Rams 2008 Media Guide,2008,1,ocr-text,unread,unread,unread,,1546436,276270,1851,2029,2007,1499,1,0,1,266,251,137,0,190,909,681,477,,,,0
steelers-2008-media-guide-pittsburgh-c,nfl-books,nfl-books/text_all/steelers-2008-media-guide-pittsburgh-c.txt,Pittsburgh Steelers 2008 Media Guide,2008,1,ocr-text,unread,unread,unread,,1842401,313309,1852,2026,2007,1852,1,0,4,140,144,144,0,59,43,187,670,,,,0
texans-2008-media-guide-houston,nfl-books,nfl-books/text_all/texans-2008-media-guide-houston.txt,Houston Texans 2008 Media Guide,2008,1,ocr-text,unread,unread,unread,,901173,143419,1882,2013,2007,1272,8,0,0,102,188,143,158,80,437,54,48,,,,0
titans-2008-media-guide-tennessee,nfl-books,nfl-books/text_all/titans-2008-media-guide-tennessee.txt,Tennessee Titans 2008 Media Guide,2008,1,ocr-text,unread,unread,unread,,2206891,379743,1861,2024,2007,2514,11,0,5,283,216,170,0,64,803,437,832,,,,0
vikings-2008-media-guide-minnesota-c,nfl-books,nfl-books/text_all/vikings-2008-media-guide-minnesota-c.txt,Minnesota Vikings 2008 Media Guide,2008,1,ocr-text,unread,unread,unread,,1444169,244094,1857,2029,2007,806,3,0,1,299,53,184,0,29,426,127,174,,,,0
bengals-2009-media-guide-cincinnati,nfl-books,nfl-books/text_all/bengals-2009-media-guide-cincinnati.txt,Cincinnati Bengals 2009 Media Guide,2009,1,ocr-text,unread,unread,unread,,1343753,243147,1850,2027,2008,846,1,0,2,104,249,145,43,124,462,399,695,,,,0
bills-2009-media-guide-buffalo-c,nfl-books,nfl-books/text_all/bills-2009-media-guide-buffalo-c.txt,Buffalo Bills 2009 Media Guide,2009,1,ocr-text,unread,unread,unread,,1122493,199287,1854,2021,2008,999,2,0,8,107,67,149,157,10,566,300,290,,,,0
broncos-2009-media-guide-denver,nfl-books,nfl-books/text_all/broncos-2009-media-guide-denver.txt,Denver Broncos 2009 Media Guide,2009,1,ocr-text,unread,unread,unread,,2822872,522296,1851,2029,2008,2828,6,0,4,299,235,247,9,1044,1406,932,1788,,,,0
browns-2009-media-guide-cleveland-c,nfl-books,nfl-books/text_all/browns-2009-media-guide-cleveland-c.txt,Cleveland Browns 2009 Media Guide,2009,1,ocr-text,unread,unread,unread,,1250499,213806,1860,2029,2007,1328,4,0,3,137,76,220,0,287,11,252,150,,,,0
buccaneers-2009-media-guide-tampa-bay-b,nfl-books,nfl-books/text_all/buccaneers-2009-media-guide-tampa-bay-b.txt,Tampa Bay Buccaneers 2009 Media Guide,2009,1,ocr-text,unread,unread,unread,,1249853,210313,1869,2020,2008,996,1,0,4,131,146,143,2,64,203,201,215,,,,0
cardinals-2009-media-guide-arizona,nfl-books,nfl-books/text_all/cardinals-2009-media-guide-arizona.txt,Arizona Cardinals 2009 Media Guide,2009,1,ocr-text,unread,unread,unread,,2035496,330854,1855,2027,2008,1620,1,0,2,243,198,145,3,19,619,233,156,,,,0
chargers-2009-media-guide-san-diego,nfl-books,nfl-books/text_all/chargers-2009-media-guide-san-diego.txt,San Diego Chargers 2009 Media Guide,2009,1,ocr-text,unread,unread,unread,,1659234,284343,1851,2029,2008,1533,4,0,7,184,91,250,1,87,833,541,1341,,,,0
chicago-bears-2009-media-guide-cover,nfl-books,nfl-books/text_all/chicago-bears-2009-media-guide-cover.txt,Chicago Bears 2009 Media Guide,2009,1,ocr-text,unread,unread,unread,,1470954,263963,1850,2020,2008,1176,2,0,1,222,148,128,0,63,511,509,112,,,,0
chiefs-2009-media-guide-kansas-city-c,nfl-books,nfl-books/text_all/chiefs-2009-media-guide-kansas-city-c.txt,Kansas City Chiefs 2009 Media Guide,2009,1,ocr-text,unread,unread,unread,,2085627,361124,1852,2024,2008,2075,3,0,4,286,99,123,0,231,1379,236,314,,,,0
colts-2009-media-guide-indianapolis,nfl-books,nfl-books/text_all/colts-2009-media-guide-indianapolis.txt,Indianapolis Colts 2009 Media Guide,2009,1,ocr-text,unread,unread,unread,,1741772,308058,1850,2029,2008,951,3,0,3,233,376,267,0,130,411,664,211,overlapping,colts-2010-media-guide-indianapolis,0.31,1
cowboys-2009-media-guide-dallas-b,nfl-books,nfl-books/text_all/cowboys-2009-media-guide-dallas-b.txt,Dallas Cowboys 2009 Media Guide,2009,1,ocr-text,club media/press guide,biography+statistics+roster-table,"read-2026-09-07-yearbooks (stratified sample n=56 of 2,462 post-1950 texts, seed 20260907)",,1514644,291987,1850,2025,2008,1759,0,0,9,172,191,116,0,46,215,304,24,,,,0
dolphins-2009-media-guide-miami,nfl-books,nfl-books/text_all/dolphins-2009-media-guide-miami.txt,Miami Dolphins 2009 Media Guide,2009,1,ocr-text,unread,unread,unread,,2307346,398000,1850,2029,2008,2565,28,0,9,229,254,233,0,319,846,368,965,,,,0
eagles-2009-media-guide-philadelphia-needs-cover,nfl-books,nfl-books/text_all/eagles-2009-media-guide-philadelphia-needs-cover.txt,Philadelphia Eagles 2009 Media Guide,2009,1,ocr-text,unread,unread,unread,,1342084,250636,1866,2020,2008,807,12,0,2,148,12,157,0,9,163,85,40,,,,0
falcons-2009-media-guide-atlanta,nfl-books,nfl-books/text_all/falcons-2009-media-guide-atlanta.txt,Atlanta Falcons 2009 Media Guide,2009,1,ocr-text,unread,unread,unread,,885818,153827,1929,2020,2008,798,2,0,4,116,97,140,0,33,5,57,17,,,,0
giants-2009-media-guide-new-york-c,nfl-books,nfl-books/text_all/giants-2009-media-guide-new-york-c.txt,New York Giants 2009 Media Guide,2009,1,ocr-text,unread,unread,unread,,1401990,226214,1854,2027,2008,1951,1,0,5,94,189,324,1,80,103,48,7,,,,0
jaguars-2009-media-guide-jacksonville,nfl-books,nfl-books/text_all/jaguars-2009-media-guide-jacksonville.txt,Jacksonville Jaguars 2009 Media Guide,2009,1,ocr-text,unread,unread,unread,,1032496,174284,1850,2020,2008,945,3,0,1,145,287,227,0,230,407,148,93,,,,0
jets-2009-media-guide-new-york,nfl-books,nfl-books/text_all/jets-2009-media-guide-new-york.txt,New York Jets 2009 Media Guide,2009,1,ocr-text,unread,unread,unread,,1703506,311015,1851,2026,2008,1779,1,0,4,122,24,186,0,15,1097,482,457,,,,0
lions-2009-media-guide-detroit,nfl-books,nfl-books/text_all/lions-2009-media-guide-detroit.txt,Detroit Lions 2009 Media Guide,2009,1,ocr-text,unread,unread,unread,,1774993,325259,1850,2029,2008,1510,7,0,3,182,312,162,2,35,609,79,172,,,,0
nfl-2009-record-fact-book-c,nfl-books,nfl-books/text_all/nfl-2009-record-fact-book-c.txt,NFL Record & Fact Book 2009,2009,1,ocr-text,unread,unread,unread,,3741298,575877,1855,2023,2008,3716,2,0,2,22,38,268,1,150,464,224,633,,,,0
packers-2009,nfl-books,,Green Bay Packers 2009 Media Guide Cover,2009,0,no-text-layer,cover scan,none,read-2026-09-06-yearbooks,"all 302 textless items scanned by metadata and all 319 images OCR'd; the 10 over 150 words are schedules and broadcast listings, nothing per-man | textless scan; in index, no OCR layer",,,,,,,,,,,,,,,,,,,,,0
panthers-2009-media-guide-carolina-c,nfl-books,nfl-books/text_all/panthers-2009-media-guide-carolina-c.txt,Carolina Panthers 2009 Media Guide,2009,1,ocr-text,unread,unread,unread,,82314,17102,2000,2008,2007,3,0,0,0,0,5,0,0,0,0,0,0,,,,0
patriots-2009-media-guide-new-england-a,nfl-books,nfl-books/text_all/patriots-2009-media-guide-new-england-a.txt,New England Patriots 2009 Media Guide,2009,1,ocr-text,unread,unread,unread,,233315,42515,1855,2028,2008,29,0,0,0,1,0,3,0,4,1,0,0,,,,0
raiders-2009-media-guide-oakland,nfl-books,nfl-books/text_all/raiders-2009-media-guide-oakland.txt,Oakland Raiders 2009 Media Guide,2009,1,ocr-text,unread,unread,unread,,1121274,182891,1929,2028,2008,1485,2,0,2,209,425,93,0,177,664,65,98,,,,0
rams-2009-media-guide-st.-louis-c,nfl-books,nfl-books/text_all/rams-2009-media-guide-st.-louis-c.txt,St. Louis Rams 2009 Media Guide,2009,1,ocr-text,unread,unread,unread,,509671,85089,1924,2010,2008,453,1,0,2,210,226,106,164,116,52,36,7,,,,0
ravens-2009-media-guide-baltimore,nfl-books,nfl-books/text_all/ravens-2009-media-guide-baltimore.txt,Baltimore Ravens 2009 Media Guide,2009,1,ocr-text,unread,unread,unread,,1463805,245435,1896,2010,2008,833,5,0,6,207,273,166,0,185,81,209,386,,,,0
redskins-2009-media-guide-washington-c,nfl-books,nfl-books/text_all/redskins-2009-media-guide-washington-c.txt,Washington Redskins 2009 Media Guide,2009,1,ocr-text,unread,unread,unread,,1355069,247815,1853,2028,2008,1317,8,2,3,184,77,160,0,124,2283,305,579,,,,0
saints-2009-media-guide-new-orleans,nfl-books,nfl-books/text_all/saints-2009-media-guide-new-orleans.txt,New Orleans Saints 2009 Media Guide,2009,1,ocr-text,unread,unread,unread,,1502338,261398,1850,2027,2008,1403,1,0,3,115,270,178,0,206,16,425,487,,,,0
san-francisco-49ers-2009-media-guide-c,nfl-books,nfl-books/text_all/san-francisco-49ers-2009-media-guide-c.txt,San Francisco 49ers 2009 Media Guide,2009,1,ocr-text,unread,unread,unread,,850180,153541,1861,2021,2008,444,3,0,0,89,60,161,1,129,162,10,106,,,,0
seahawks-2009-media-guide-seattle,nfl-books,nfl-books/text_all/seahawks-2009-media-guide-seattle.txt,Seattle Seahawks 2009 Media Guide,2009,1,ocr-text,unread,unread,unread,,1103332,192358,1876,2029,2007,976,3,0,4,133,149,133,107,8,215,301,410,,,,0
steelers-2009-media-guide-pittsburgh-c,nfl-books,nfl-books/text_all/steelers-2009-media-guide-pittsburgh-c.txt,Pittsburgh Steelers 2009 Media Guide,2009,1,ocr-text,unread,unread,unread,,1983980,342630,1852,2029,2008,2151,1,0,2,132,145,146,0,64,38,230,590,,,,0
texans-2009-media-guide-houston-cv-2,nfl-books,nfl-books/text_all/texans-2009-media-guide-houston-cv-2.txt,Houston Texans 2009 Media Guide,2009,1,ocr-text,unread,unread,unread,,1105957,178965,1882,2013,2008,1626,6,0,1,115,186,161,140,22,245,79,163,,,,0
titans-2009-media-guide-tennessee,nfl-books,nfl-books/text_all/titans-2009-media-guide-tennessee.txt,Tennessee Titans 2009 Media Guide,2009,1,ocr-text,unread,unread,unread,,1933239,326750,1869,2028,2008,2313,7,0,7,274,274,157,0,76,973,374,329,,,,0
vikings-2009-media-guide-minnesota,nfl-books,nfl-books/text_all/vikings-2009-media-guide-minnesota.txt,Minnesota Vikings 2009 Media Guide,2009,1,ocr-text,unread,unread,unread,,1531774,246303,1895,2011,2008,655,1,0,0,299,40,181,0,20,429,103,54,,,,0
bears-2010-media-guide-chicago-c,nfl-books,nfl-books/text_all/bears-2010-media-guide-chicago-c.txt,Chicago Bears 2010 Media Guide,2010,1,ocr-text,club media/press guide,biography+statistics+roster-table,"read-2026-09-07-yearbooks (stratified sample n=56 of 2,462 post-1950 texts, seed 20260907)","6 'born' phrases in 1.4 MB -- modern guides put the birth date in a FIELD, not prose, so a 'born' count is not a biography measure across eras",1474169,264479,1852,2022,2009,1141,3,0,1,202,148,121,0,168,751,521,321,,,,0
bengals-2010,nfl-books,nfl-books/text_all/bengals-2010.txt,Cincinnati Bengals 2010 Media Guide,2010,1,ocr-text,unread,unread,unread,,1368597,254747,1850,2026,2009,856,1,0,1,90,262,148,32,148,464,426,669,,,,0
broncos-2010-media-guide-denver,nfl-books,nfl-books/text_all/broncos-2010-media-guide-denver.txt,Denver Broncos 2010 Media Guide,2010,1,ocr-text,unread,unread,unread,,2877795,506412,1851,2029,2009,3011,2,0,1,342,266,240,7,1141,1242,600,1339,,,,0
browns-2010-media-guide-cleveland-c,nfl-books,nfl-books/text_all/browns-2010-media-guide-cleveland-c.txt,Cleveland Browns 2010 Media Guide,2010,1,ocr-text,unread,unread,unread,,1262643,215060,1854,2029,2009,1306,2,0,1,170,93,185,3,127,15,187,184,,,,0
buccaneers-2010-media-guide-tampa-bay-c,nfl-books,nfl-books/text_all/buccaneers-2010-media-guide-tampa-bay-c.txt,Tampa Bay Buccaneers 2010 Media Guide,2010,1,ocr-text,unread,unread,unread,,1241894,208359,1855,2020,2009,1025,1,0,4,126,156,142,2,70,98,200,202,overlapping,buccaneers-2011-media-guide-tampa-bay-c,0.327,1
buffalo-bills-2010-media-guide-cover.jpg,nfl-books,nfl-books/text_all/buffalo-bills-2010-media-guide-cover.jpg.txt,Buffalo Bills 2010 Media Guide,2010,1,ocr-text,unread,unread,unread,,1730944,298746,1854,2023,2009,2014,4,0,10,170,205,231,209,11,405,301,183,,,,0
cardinals-2010,nfl-books,nfl-books/text_all/cardinals-2010.txt,Arizona Cardinals 2010 Media Guide,2010,1,ocr-text,unread,unread,unread,,1746689,300421,1855,2029,2009,1447,2,0,3,250,139,150,1,100,728,261,95,,,,0
carolina-panthers-2010-media-guide-cover,nfl-books,nfl-books/text_all/carolina-panthers-2010-media-guide-cover.txt,Carolina Panthers 2010 Media Guide,2010,1,ocr-text,unread,unread,unread,,967068,172362,1854,2026,2009,1585,0,0,2,69,139,142,1,1,20,444,254,,,,0
chargers-2010-media-guide-san-diego,nfl-books,nfl-books/text_all/chargers-2010-media-guide-san-diego.txt,San Diego Chargers 2010 Media Guide,2010,1,ocr-text,unread,unread,unread,,1415920,251424,1851,2020,2009,1281,6,0,3,141,167,268,2,53,1325,749,820,,,,0
colts-2010-media-guide-indianapolis,nfl-books,nfl-books/text_all/colts-2010-media-guide-indianapolis.txt,Indianapolis Colts 2010 Media Guide,2010,1,ocr-text,unread,unread,unread,,1796059,315250,1850,2029,2009,950,3,0,4,232,391,293,0,103,281,702,213,overlapping,colts-2009-media-guide-indianapolis,0.295,1
cowboys-2010-media-guide-dallas-b,nfl-books,nfl-books/text_all/cowboys-2010-media-guide-dallas-b.txt,Dallas Cowboys 2010 Media Guide,2010,1,ocr-text,unread,unread,unread,,1598309,304295,1858,2029,2009,1864,0,0,8,185,187,118,0,67,222,256,28,,,,0
dolphins-2010-media-guide-miami,nfl-books,nfl-books/text_all/dolphins-2010-media-guide-miami.txt,Miami Dolphins 2010 Media Guide,2010,1,ocr-text,unread,unread,unread,,2328278,384671,1850,2029,2009,2459,27,0,9,255,246,212,0,219,95,352,809,,,,0
eagles-2010-media-guide-philadelphia-needs-cover-c,nfl-books,nfl-books/text_all/eagles-2010-media-guide-philadelphia-needs-cover-c.txt,Philadelphia Eagles 2010 Media Guide,2010,1,ocr-text,unread,unread,unread,,1574963,286407,1874,2020,2009,1210,15,0,6,172,14,172,0,84,211,86,28,,,,0
falcons-2010-media-guide-atlanta-c,nfl-books,nfl-books/text_all/falcons-2010-media-guide-atlanta-c.txt,Atlanta Falcons 2010 Media Guide,2010,1,ocr-text,unread,unread,unread,,1021971,172149,1876,2023,2009,711,3,0,4,115,72,155,1,46,448,88,18,,,,0
giants-2010-media-guide-new-york-c,nfl-books,nfl-books/text_all/giants-2010-media-guide-new-york-c.txt,New York Giants 2010 Media Guide,2010,1,ocr-text,unread,unread,unread,,1343203,214463,1854,2027,2009,1825,10,0,5,83,249,328,1,78,136,61,28,,,,0
jaguars-2010-media-guide-jacksonville,nfl-books,nfl-books/text_all/jaguars-2010-media-guide-jacksonville.txt,Jacksonville Jaguars 2010 Media Guide,2010,1,ocr-text,club media/press guide,biography+statistics+roster-table,"read-2026-09-07-yearbooks (stratified sample n=56 of 2,462 post-1950 texts, seed 20260907)",roster columns: No/Name/Pos/Ht/Wt/BIRTHDATE/Age/Exp/College/HOMETOWN,1100421,188056,1850,2020,2009,979,1,0,1,174,282,243,0,200,219,134,87,,,,0
jets-2010-media-guide-new-york,nfl-books,nfl-books/text_all/jets-2010-media-guide-new-york.txt,New York Jets 2010 Media Guide,2010,1,ocr-text,unread,unread,unread,,1308609,227245,1851,2014,2009,1607,3,0,0,133,37,180,0,73,1051,105,45,,,,0
kansas-city-chiefs-2010-media-guide-cover,nfl-books,nfl-books/text_all/kansas-city-chiefs-2010-media-guide-cover.txt,Kansas City Chiefs 2010 Media Guide,2010,1,ocr-text,unread,unread,unread,,1742188,303816,1850,2029,2008,1425,3,0,4,249,129,95,3,278,465,106,26,,,,0
lions-2010-media-guide-detroit,nfl-books,nfl-books/text_all/lions-2010-media-guide-detroit.txt,Detroit Lions 2010 Media Guide,2010,1,ocr-text,club media/press guide,biography+statistics+roster-table,"read-2026-09-07-yearbooks (stratified sample n=56 of 2,462 post-1950 texts, seed 20260907)",,1842089,330330,1850,2029,2009,1764,6,0,1,184,95,160,4,480,795,97,204,,,,0
nfl-record-fact-book-2010-c,nfl-books,nfl-books/text_all/nfl-record-fact-book-2010-c.txt,NFL Record & Fact Book 2010,2010,1,ocr-text,unread,unread,unread,,4039274,630800,1853,2029,2010,3836,2,0,2,29,39,267,0,1432,1095,227,684,,,,0
packers-2010,nfl-books,nfl-books/text_all/packers-2010.txt,Green Bay Packers 2010 Media Guide,2010,1,ocr-text,unread,unread,unread,,3372058,563092,1850,2023,2009,2172,4,0,3,357,264,301,1,249,280,441,304,,,,0
patriots-2010-media-guide-new-england-a,nfl-books,nfl-books/text_all/patriots-2010-media-guide-new-england-a.txt,New England Patriots 2010 Media Guide,2010,1,ocr-text,unread,unread,unread,,2005336,340812,1852,2025,2010,2048,4,0,4,155,198,250,2,113,978,464,752,,,,0
raiders-2010-media-guide-oakland,nfl-books,nfl-books/text_all/raiders-2010-media-guide-oakland.txt,Oakland Raiders 2010 Media Guide,2010,1,ocr-text,unread,unread,unread,,1157947,182049,1929,2020,2009,1615,2,0,1,201,421,103,0,7,626,59,330,,,,0
rams-2010-media-guide-st.-louis-partial-c,nfl-books,nfl-books/text_all/rams-2010-media-guide-st.-louis-partial-c.txt,St. Louis Rams 2010 Media Guide ***Partial***,2010,1,ocr-text,unread,unread,unread,,1583960,282629,1850,2029,2008,1626,2,0,6,205,219,141,122,115,995,875,818,,,,0
ravens-2010-media-guide-baltimore,nfl-books,nfl-books/text_all/ravens-2010-media-guide-baltimore.txt,Baltimore Ravens 2010 Media Guide,2010,1,ocr-text,unread,unread,unread,,1696634,287422,1873,2022,2009,949,2,1,5,215,291,138,0,269,81,189,309,,,,0
redskins-2010-media-guide-washington-c,nfl-books,nfl-books/text_all/redskins-2010-media-guide-washington-c.txt,Washington Redskins 2010 Media Guide,2010,1,ocr-text,unread,unread,unread,,1366760,239468,1853,2029,2010,1536,7,3,1,221,30,163,0,88,285,172,283,,,,0
saints-2010-media-guide-new-orleans,nfl-books,nfl-books/text_all/saints-2010-media-guide-new-orleans.txt,New Orleans Saints 2010 Media Guide,2010,1,ocr-text,unread,unread,unread,,1599334,277693,1850,2027,2009,1649,1,0,4,122,295,154,0,141,23,476,475,,,,0
san-francisco-49ers-2010-media-guide-c,nfl-books,nfl-books/text_all/san-francisco-49ers-2010-media-guide-c.txt,San Francisco 49ers 2010 Media Guide,2010,1,ocr-text,unread,unread,unread,,1793022,329806,1857,2017,2010,1517,5,0,1,175,139,187,0,207,623,240,479,,,,0
seahawks-2010-media-guide-seattle,nfl-books,nfl-books/text_all/seahawks-2010-media-guide-seattle.txt,Seattle Seahawks 2010 Media Guide,2010,1,ocr-text,unread,unread,unread,,1160229,201187,1867,2029,2009,980,6,0,5,160,149,155,108,4,248,303,410,,,,0
steelers-2010-media-guide-pittsburgh-c,nfl-books,nfl-books/text_all/steelers-2010-media-guide-pittsburgh-c.txt,Pittsburgh Steelers 2010 Media Guide,2010,1,ocr-text,unread,unread,unread,,2095522,363640,1852,2028,2009,2243,2,0,3,143,155,139,0,73,141,273,422,,,,0
texans-2010-media-guide-houston-cv-2,nfl-books,nfl-books/text_all/texans-2010-media-guide-houston-cv-2.txt,Houston Texans 2010 Media Guide,2010,1,ocr-text,unread,unread,unread,,1210124,202724,1882,2027,2009,2097,3,0,1,113,182,156,146,30,268,83,169,,,,0
titans-2010-media-guide-tennessee,nfl-books,nfl-books/text_all/titans-2010-media-guide-tennessee.txt,Tennessee Titans 2010 Media Guide,2010,1,ocr-text,unread,unread,unread,,1857100,321906,1864,2020,2009,2457,6,0,7,273,242,141,3,236,667,369,540,,,,0
vikings-2010-media-guide-minnesota,nfl-books,nfl-books/text_all/vikings-2010-media-guide-minnesota.txt,Minnesota Vikings 2010 Media Guide,2010,1,ocr-text,unread,unread,unread,,1617879,258944,1879,2012,2009,706,3,0,0,300,101,180,146,16,405,114,155,,,,0
bears-2011-media-guide-chicago,nfl-books,nfl-books/text_all/bears-2011-media-guide-chicago.txt,Chicago Bears 2011 Media Guide,2011,1,ocr-text,unread,unread,unread,,1560929,267654,1850,2022,2010,1141,2,0,1,231,108,114,0,133,445,554,1192,,,,0
bengals-2011,nfl-books,nfl-books/text_all/bengals-2011.txt,Cincinnati Bengals 2011 Media Guide,2011,1,ocr-text,unread,unread,unread,,1292342,235317,1850,2026,2010,867,1,0,3,92,280,149,41,107,607,429,1387,,,,0
bills-2011-media-guide-buffalo-c,nfl-books,nfl-books/text_all/bills-2011-media-guide-buffalo-c.txt,Buffalo Bills 2011 Media Guide,2011,1,ocr-text,unread,unread,unread,,1756035,302992,1850,2025,2010,1856,3,0,3,113,66,152,158,202,623,298,328,,,,0
broncos-2011-media-guide-denver,nfl-books,nfl-books/text_all/broncos-2011-media-guide-denver.txt,Denver Broncos 2011 Media Guide,2011,1,ocr-text,unread,unread,unread,,2817689,495335,1851,2029,2010,2866,2,0,4,293,271,244,7,1129,1516,568,1293,,,,0
browns-2011-media-guide-cleveland-b,nfl-books,nfl-books/text_all/browns-2011-media-guide-cleveland-b.txt,Cleveland Browns 2011 Media Guide,2011,1,ocr-text,unread,unread,unread,,1381610,224389,1871,2029,2009,1465,1,0,0,186,84,198,0,136,19,213,180,,,,0
buccaneers-2011-media-guide-tampa-bay-c,nfl-books,nfl-books/text_all/buccaneers-2011-media-guide-tampa-bay-c.txt,Tampa Bay Buccaneers 2011 Media Guide,2011,1,ocr-text,unread,unread,unread,,1331865,223556,1897,2020,2010,1024,2,0,1,159,70,145,2,81,127,201,212,overlapping,buccaneers-2010-media-guide-tampa-bay-c,0.303,1
cardinals-2011-media-guide-arizona-c,nfl-books,nfl-books/text_all/cardinals-2011-media-guide-arizona-c.txt,Arizona Cardinals 2011 Media Guide,2011,1,ocr-text,unread,unread,unread,,1772566,307040,1855,2029,2010,1451,4,0,4,281,117,141,3,97,744,264,109,,,,0
chargers-2011-media-guide-san-diego,nfl-books,nfl-books/text_all/chargers-2011-media-guide-san-diego.txt,San Diego Chargers 2011 Media Guide,2011,1,ocr-text,unread,unread,unread,,1482772,253455,1851,2022,2010,1504,5,0,4,147,152,245,2,67,1725,716,444,,,,0
chiefs-2011-media-guide-kansas-city-c,nfl-books,nfl-books/text_all/chiefs-2011-media-guide-kansas-city-c.txt,Kansas City Chiefs 2011 Media Guide,2011,1,ocr-text,unread,unread,unread,,2000138,342629,1852,2022,2010,2084,1,0,3,244,211,114,0,303,2133,222,424,,,,0
colts-2011-media-guide-indianapolis,nfl-books,nfl-books/text_all/colts-2011-media-guide-indianapolis.txt,Indianapolis Colts 2011 Media Guide,2011,1,ocr-text,unread,unread,unread,,1541223,265689,1850,2029,2010,778,4,0,4,227,398,277,0,175,199,465,121,,,,0
cowboys-2011-media-guide-dallas-b,nfl-books,nfl-books/text_all/cowboys-2011-media-guide-dallas-b.txt,Dallas Cowboys 2011 Media Guide,2011,1,ocr-text,unread,unread,unread,,1563971,299980,1862,2023,2010,1840,0,0,8,158,135,97,0,77,215,285,23,,,,0
dolphins-2011-media-guide-miami,nfl-books,nfl-books/text_all/dolphins-2011-media-guide-miami.txt,Miami Dolphins 2011 Media Guide,2011,1,ocr-text,unread,unread,unread,,2266559,386380,1850,2029,2010,2764,22,0,8,263,252,231,0,294,747,341,768,,,,0
eagles-2011-media-guide-philadelphia-needs-cover-c,nfl-books,nfl-books/text_all/eagles-2011-media-guide-philadelphia-needs-cover-c.txt,Philadelphia Eagles 2011 Media Guide,2011,1,ocr-text,unread,unread,unread,,1624652,306336,1855,2027,2010,1111,13,0,3,98,11,89,0,12,327,342,64,overlapping,eagles-2012-media-guide-philadelphia-c,0.262,1
falcons-2011-media-guide-atlanta-c,nfl-books,nfl-books/text_all/falcons-2011-media-guide-atlanta-c.txt,Atlanta Falcons 2011 Media Guide,2011,1,ocr-text,unread,unread,unread,,987375,166135,1891,2029,2010,660,3,0,6,126,65,120,2,61,189,77,66,,,,0
giants-2011-media-guide-new-york-c,nfl-books,nfl-books/text_all/giants-2011-media-guide-new-york-c.txt,New York Giants 2011 Media Guide,2011,1,ocr-text,unread,unread,unread,,1389308,224115,1909,2014,2010,1908,11,0,4,84,300,265,0,90,113,59,11,,,,0
jaguars-2011-media-guide-jacksonville,nfl-books,nfl-books/text_all/jaguars-2011-media-guide-jacksonville.txt,Jacksonville Jaguars 2011 Media Guide,2011,1,ocr-text,unread,unread,unread,,1159607,196928,1935,2012,2010,1049,2,0,0,185,320,267,0,240,377,156,140,,,,0
jets-2011-media-guide-new-york,nfl-books,nfl-books/text_all/jets-2011-media-guide-new-york.txt,New York Jets 2011 Media Guide,2011,1,ocr-text,unread,unread,unread,,1567235,284859,1865,2016,2010,1474,0,0,1,96,117,119,0,18,1474,290,234,,,,0
lions-2011-media-guide-detroit,nfl-books,nfl-books/text_all/lions-2011-media-guide-detroit.txt,Detroit Lions 2011 Media Guide,2011,1,ocr-text,unread,unread,unread,,1518411,283538,1850,2029,2010,1571,6,0,4,135,49,120,0,399,609,89,577,,,,0
nfl-2011-postseason-media-guide-c,nfl-books,nfl-books/text_all/nfl-2011-postseason-media-guide-c.txt,NFL 2011 Postseason Media Guide,2011,1,ocr-text,unread,unread,unread,,1593971,261035,1858,2015,2000,3676,0,0,1,12,0,11,0,9,4027,21,106,,,,0
nfl-record-fact-book-2011-c,nfl-books,nfl-books/text_all/nfl-record-fact-book-2011-c.txt,NFL Record & Fact Book 2011,2011,1,ocr-text,unread,unread,unread,,3875250,622065,1851,2021,2010,3948,2,0,1,25,36,269,0,1740,704,229,1005,,,,0
packers-2011-media-guide-green-bay-c,nfl-books,nfl-books/text_all/packers-2011-media-guide-green-bay-c.txt,Green Bay Packers 2011 Media Guide,2011,1,ocr-text,unread,unread,unread,,3482412,585902,1851,2025,2010,2433,4,0,0,369,257,288,1,222,255,485,396,,,,0
panthers-2011-media-guide-carolina-c,nfl-books,nfl-books/text_all/panthers-2011-media-guide-carolina-c.txt,Carolina Panthers 2011 Media Guide,2011,1,ocr-text,unread,unread,unread,,974186,172982,1854,2026,2010,1562,0,0,2,63,136,121,1,1,43,434,429,,,,0
patriots-2011-media-guide-new-england-a,nfl-books,nfl-books/text_all/patriots-2011-media-guide-new-england-a.txt,New England Patriots 2011 Media Guide,2011,1,ocr-text,unread,unread,unread,,1754474,296204,1852,2020,2011,1671,3,0,4,131,117,190,2,272,982,413,950,,,,0
raiders-2011-media-guide-oakland,nfl-books,nfl-books/text_all/raiders-2011-media-guide-oakland.txt,Oakland Raiders 2011 Media Guide,2011,1,ocr-text,unread,unread,unread,,1150160,181773,1929,2013,2010,1612,2,0,2,222,407,119,0,181,651,64,282,,,,0
rams-2011-media-guide-st.-louis-c,nfl-books,nfl-books/text_all/rams-2011-media-guide-st.-louis-c.txt,St. Louis Rams 2011 Media Guide,2011,1,ocr-text,unread,unread,unread,,1350267,219245,1874,2027,2010,1354,1,0,5,156,222,121,72,71,613,291,22,,,,0
ravens-2011-media-guide-baltimore,nfl-books,nfl-books/text_all/ravens-2011-media-guide-baltimore.txt,Baltimore Ravens 2011 Media Guide,2011,1,ocr-text,unread,unread,unread,,1559635,264127,1906,2018,2010,946,6,1,4,233,238,138,0,209,119,200,480,,,,0
saints-2011-media-guide-new-orleans,nfl-books,nfl-books/text_all/saints-2011-media-guide-new-orleans.txt,New Orleans Saints 2011 Media Guide,2011,1,ocr-text,unread,unread,unread,,1536005,263389,1850,2027,2010,1572,1,0,5,158,266,153,2,172,34,281,186,,,,0
san-francisco-49ers-2011-media-guide-c,nfl-books,nfl-books/text_all/san-francisco-49ers-2011-media-guide-c.txt,San Francisco 49ers 2011 Media Guide,2011,1,ocr-text,unread,unread,unread,,1741298,320569,1857,2017,2010,1486,9,0,3,204,15,168,1,246,687,338,434,,,,0
seahawks-2011-media-guide-seattle,nfl-books,nfl-books/text_all/seahawks-2011-media-guide-seattle.txt,Seattle Seahawks 2011 Media Guide,2011,1,ocr-text,unread,unread,unread,,1181860,206554,1875,2029,2010,1007,6,0,4,157,150,152,8,107,319,308,479,,,,0
steelers-2011-media-guide-pittsburgh-c,nfl-books,nfl-books/text_all/steelers-2011-media-guide-pittsburgh-c.txt,Pittsburgh Steelers 2011 Media Guide,2011,1,ocr-text,unread,unread,unread,,2163592,366336,1852,2020,2010,2512,1,0,2,148,147,158,0,34,39,284,725,,,,0
texans-2011-media-guide-houston,nfl-books,nfl-books/text_all/texans-2011-media-guide-houston.txt,Houston Texans 2011 Media Guide,2011,1,ocr-text,unread,unread,unread,,11999,1314,2003,2011,2011,17,0,0,0,0,0,0,0,0,1,0,0,,,,0
titans-2011-media-guide-tennessee,nfl-books,nfl-books/text_all/titans-2011-media-guide-tennessee.txt,Tennessee Titans 2011 Media Guide,2011,1,ocr-text,unread,unread,unread,,2012887,361995,1851,2012,2010,2731,8,0,6,293,252,154,0,258,1335,288,488,overlapping,titans-2012-media-guide-tennessee,0.319,1
bears-2012-media-guide-chicago,nfl-books,nfl-books/text_all/bears-2012-media-guide-chicago.txt,Chicago Bears 2012 Media Guide,2012,1,ocr-text,unread,unread,unread,,1656653,286333,1852,2022,2011,1294,3,0,3,205,91,124,0,169,746,413,674,,,,0
bengals-2012-media-guide-cincinnati,nfl-books,nfl-books/text_all/bengals-2012-media-guide-cincinnati.txt,Cincinnati Bengals 2012 Media Guide,2012,1,ocr-text,unread,unread,unread,,1499777,252882,1850,2024,2011,973,0,0,1,126,320,171,170,125,742,299,848,,,,0
bills-2012-media-guide-buffalo,nfl-books,nfl-books/text_all/bills-2012-media-guide-buffalo.txt,Buffalo Bills 2012 Media Guide,2012,1,ocr-text,unread,unread,unread,,806864,143409,1854,2025,2011,432,2,0,0,54,94,62,180,70,349,222,170,,,,0
broncos-2012-media-guide-denver,nfl-books,nfl-books/text_all/broncos-2012-media-guide-denver.txt,Denver Broncos 2012 Media Guide,2012,1,ocr-text,unread,unread,unread,,2883394,510478,1851,2026,2011,2861,1,0,2,304,252,234,8,1287,1069,680,2002,overlapping,broncos-2013-media-guide-denver,0.31,1
browns-2012-media-guide-cleveland,nfl-books,nfl-books/text_all/browns-2012-media-guide-cleveland.txt,Cleveland Browns 2012 Media Guide,2012,1,ocr-text,unread,unread,unread,,10948,1289,1933,2009,2002,0,0,0,0,0,0,0,0,0,0,0,0,,,,0
buccaneers-2012-media-guide-tampa-bay-c,nfl-books,nfl-books/text_all/buccaneers-2012-media-guide-tampa-bay-c.txt,Tampa Bay Buccaneers 2012 Media Guide,2012,1,ocr-text,unread,unread,unread,,1445502,252241,1863,2024,2011,1070,1,0,1,150,117,165,2,40,184,238,297,,,,0
cardinals-2012-media-guide-arizona,nfl-books,nfl-books/text_all/cardinals-2012-media-guide-arizona.txt,Arizona Cardinals 2012 Media Guide,2012,1,ocr-text,unread,unread,unread,,1060501,190982,1850,2026,2012,801,2,0,3,242,90,92,2,18,4,27,7,,,,0
chargers-2012-media-guide-san-diego,nfl-books,nfl-books/text_all/chargers-2012-media-guide-san-diego.txt,San Diego Chargers 2012 Media Guide,2012,1,ocr-text,unread,unread,unread,,1540014,270552,1851,2020,2011,1696,2,0,4,166,191,267,2,23,2366,703,884,,,,0
chiefs-2012-media-guide-kansas-city-c,nfl-books,nfl-books/text_all/chiefs-2012-media-guide-kansas-city-c.txt,Kansas City Chiefs 2012 Media Guide,2012,1,ocr-text,unread,unread,unread,,2034683,345917,1852,2022,2010,2066,2,0,3,246,213,115,0,177,1723,221,395,,,,0
colts-2012-media-guide-indianapolis,nfl-books,nfl-books/text_all/colts-2012-media-guide-indianapolis.txt,Indianapolis Colts 2012 Media Guide,2012,1,ocr-text,unread,unread,unread,,1406410,241589,1850,2029,2011,1335,3,0,0,131,302,276,1,64,326,370,292,,,,0
cowboys-2012-media-guide-dallas-b,nfl-books,nfl-books/text_all/cowboys-2012-media-guide-dallas-b.txt,Dallas Cowboys 2012 Media Guide,2012,1,ocr-text,unread,unread,unread,,1859021,340583,1853,2029,2011,2155,12,0,7,255,209,121,0,87,157,264,52,,,,0
dolphins-2012-media-guide-miami,nfl-books,nfl-books/text_all/dolphins-2012-media-guide-miami.txt,Miami Dolphins 2012 Media Guide,2012,1,ocr-text,unread,unread,unread,,2287039,394040,1850,2029,2011,2653,21,0,9,320,87,263,0,307,911,372,618,overlapping,dolphins-2013-media-guide-miami,0.303,1
eagles-2012-media-guide-philadelphia-c,nfl-books,nfl-books/text_all/eagles-2012-media-guide-philadelphia-c.txt,Philadelphia Eagles 2012 Media Guide,2012,1,ocr-text,unread,unread,unread,,1489597,278078,1855,2027,2010,1020,8,0,4,109,38,85,0,9,218,336,60,overlapping,eagles-2011-media-guide-philadelphia-needs-cover-c,0.302,1
falcons-2012-media-guide-atlanta,nfl-books,nfl-books/text_all/falcons-2012-media-guide-atlanta.txt,Atlanta Falcons 2012 Media Guide,2012,1,ocr-text,unread,unread,unread,,1120340,191023,1936,2012,2011,836,5,0,3,138,83,135,2,48,298,88,40,,,,0
giants-2012-media-guide-new-york,nfl-books,nfl-books/text_all/giants-2012-media-guide-new-york.txt,New York Giants 2012 Media Guide,2012,1,ocr-text,unread,unread,unread,,1567438,247012,1854,2014,2011,2191,0,0,8,99,298,283,0,0,109,55,9,overlapping,giants-2013-media-guide-new-york-c,0.274,1
jaguars-2012-media-guide-jacksonville,nfl-books,nfl-books/text_all/jaguars-2012-media-guide-jacksonville.txt,Jacksonville Jaguars 2012 Media Guide,2012,1,ocr-text,unread,unread,unread,,1207857,206644,1852,2014,2011,1184,0,0,2,206,263,291,0,83,260,166,56,,,,0
jets-2012-media-guide-new-york,nfl-books,nfl-books/text_all/jets-2012-media-guide-new-york.txt,New York Jets 2012 Media Guide,2012,1,ocr-text,unread,unread,unread,,913975,161414,1854,2014,2012,1467,2,0,1,97,177,91,0,6,39,61,61,,,,0
lions-2012-media-guide-detroit,nfl-books,nfl-books/text_all/lions-2012-media-guide-detroit.txt,Detroit Lions 2012 Media Guide,2012,1,ocr-text,unread,unread,unread,,1707539,312422,1850,2029,2011,1874,3,0,3,151,102,145,0,387,816,93,964,,,,0
nfl-record-fact-book-2012-c,nfl-books,nfl-books/text_all/nfl-record-fact-book-2012-c.txt,NFL Record & Fact Book 2012,2012,1,ocr-text,unread,unread,unread,,4043505,631468,1852,2024,2011,3957,2,0,1,27,39,271,0,1210,1085,218,735,,,,0
packers-2012-media-guide-green-bay-c,nfl-books,nfl-books/text_all/packers-2012-media-guide-green-bay-c.txt,Green Bay Packers 2012 Media Guide,2012,1,ocr-text,unread,unread,unread,,3526026,591344,1851,2025,2011,2516,8,0,3,392,181,304,1,281,224,472,549,,,,0
panthers-2012-media-guide-carolina-c,nfl-books,nfl-books/text_all/panthers-2012-media-guide-carolina-c.txt,Carolina Panthers 2012 Media Guide,2012,1,ocr-text,unread,unread,unread,,1207144,223206,1854,2020,2011,1843,1,0,1,128,148,144,1,123,121,390,350,,,,0
patriots-2012-media-guide-new-england-a,nfl-books,nfl-books/text_all/patriots-2012-media-guide-new-england-a.txt,New England Patriots 2012 Media Guide,2012,1,ocr-text,unread,unread,unread,,1744644,295693,1852,2020,2012,1728,1,0,3,130,98,180,2,259,1006,415,815,,,,0
raiders-2012-media-guide-oakland,nfl-books,nfl-books/text_all/raiders-2012-media-guide-oakland.txt,Oakland Raiders 2012 Media Guide,2012,1,ocr-text,unread,unread,unread,,1190469,201167,1855,2025,2011,1367,0,0,0,227,268,166,0,141,330,105,8,,,,0
rams-2012-media-guide-st.-louis-c,nfl-books,nfl-books/text_all/rams-2012-media-guide-st.-louis-c.txt,St. Louis Rams 2012 Media Guide,2012,1,ocr-text,unread,unread,unread,,1421180,231138,1874,2023,2010,1508,2,0,1,171,190,112,126,21,1064,594,326,,,,0
ravens-2012-media-guide-baltimore,nfl-books,nfl-books/text_all/ravens-2012-media-guide-baltimore.txt,Baltimore Ravens 2012 Media Guide,2012,1,ocr-text,unread,unread,unread,,1674097,290745,1872,2024,2011,841,2,1,1,262,173,121,0,322,314,216,639,,,,0
redskins-2012-media-guide-washington,nfl-books,nfl-books/text_all/redskins-2012-media-guide-washington.txt,Washington Redskins 2012 Media Guide,2012,1,ocr-text,unread,unread,unread,,1311836,202592,1884,2013,2011,1952,4,1,3,172,63,168,0,4,2943,33,19,,,,0
saints-2012-media-guide-new-orleans,nfl-books,nfl-books/text_all/saints-2012-media-guide-new-orleans.txt,New Orleans Saints 2012 Media Guide,2012,1,ocr-text,unread,unread,unread,,1615333,275670,1850,2027,2011,1734,1,0,4,133,281,159,2,237,48,307,156,,,,0
san-francisco-49ers-2012-media-guide-c,nfl-books,nfl-books/text_all/san-francisco-49ers-2012-media-guide-c.txt,San Francisco 49ers 2012 Media Guide,2012,1,ocr-text,unread,unread,unread,,2029993,375102,1857,2019,2011,1722,8,0,2,242,20,221,1,306,971,257,593,,,,0
seahawks-2012-media-guide-seattle,nfl-books,nfl-books/text_all/seahawks-2012-media-guide-seattle.txt,Seattle Seahawks 2012 Media Guide,2012,1,ocr-text,unread,unread,unread,,1257240,215053,1877,2029,2011,1123,5,0,7,179,294,148,122,31,351,323,499,,,,0
steelers-2012-media-guide-pittsburgh-c,nfl-books,nfl-books/text_all/steelers-2012-media-guide-pittsburgh-c.txt,Pittsburgh Steelers 2012 Media Guide,2012,1,ocr-text,unread,unread,unread,,1960738,340033,1852,2028,2011,2127,1,0,1,171,190,162,4,34,27,292,414,,,,0
texans-2012-media-guide-houston,nfl-books,nfl-books/text_all/texans-2012-media-guide-houston.txt,Houston Texans 2012 Media Guide,2012,1,ocr-text,unread,unread,unread,,1152819,196409,1896,2021,2011,1641,5,0,2,125,232,149,174,177,553,142,186,,,,0
titans-2012-media-guide-tennessee,nfl-books,nfl-books/text_all/titans-2012-media-guide-tennessee.txt,Tennessee Titans 2012 Media Guide,2012,1,ocr-text,unread,unread,unread,,2067751,370551,1851,2013,2011,2909,7,1,5,309,252,161,0,250,1564,275,472,overlapping,titans-2013-media-guide-tennessee,0.334,2
vikings-2012-media-guide-minnesota,nfl-books,nfl-books/text_all/vikings-2012-media-guide-minnesota.txt,Minnesota Vikings 2012 Media Guide,2012,1,ocr-text,unread,unread,unread,,1490480,232246,1853,2025,2011,779,0,1,0,201,104,158,0,10,506,103,51,,,,0
49ers-2013-media-guide-san-francisco,nfl-books,nfl-books/text_all/49ers-2013-media-guide-san-francisco.txt,San Francisco 49ers 2013 Media Guide,2013,1,ocr-text,unread,unread,unread,,2217042,408075,1857,2029,2012,1739,8,0,2,252,22,233,1,232,942,248,746,,,,0
bears-2013-media-guide-chicago,nfl-books,nfl-books/text_all/bears-2013-media-guide-chicago.txt,Chicago Bears 2013 Media Guide,2013,1,ocr-text,unread,unread,unread,,1683535,287790,1852,2022,2012,1290,4,0,6,222,128,133,0,167,710,447,716,,,,0
bengals-2013-media-guide-cincinnati,nfl-books,nfl-books/text_all/bengals-2013-media-guide-cincinnati.txt,Cincinnati Bengals 2013 Media Guide,2013,1,ocr-text,unread,unread,unread,,1599238,272489,1850,2024,2012,1043,1,0,1,130,347,171,178,142,614,352,599,,,,0
bills-2013-media-guide-buffalo,nfl-books,nfl-books/text_all/bills-2013-media-guide-buffalo.txt,Buffalo Bills 2013 Media Guide,2013,1,ocr-text,unread,unread,unread,,847216,148898,1851,2022,2012,444,0,0,0,67,97,70,178,76,493,234,273,,,,0
broncos-2013-media-guide-denver,nfl-books,nfl-books/text_all/broncos-2013-media-guide-denver.txt,Denver Broncos 2013 Media Guide,2013,1,ocr-text,unread,unread,unread,,2967119,524110,1851,2029,2012,3035,2,0,2,281,242,255,8,1397,1067,672,1880,overlapping,broncos-2012-media-guide-denver,0.295,1
browns-2013-media-guide-cleveland,nfl-books,nfl-books/text_all/browns-2013-media-guide-cleveland.txt,Cleveland Browns 2013 Media Guide,2013,1,ocr-text,unread,unread,unread,,1347627,216482,1887,2029,2012,1274,6,1,0,201,83,213,0,83,21,213,189,,,,0
buccaneers-2013-media-guide-tampa-bay-b,nfl-books,nfl-books/text_all/buccaneers-2013-media-guide-tampa-bay-b.txt,Tampa Bay Buccaneers 2013 Media Guide,2013,1,ocr-text,unread,unread,unread,,23183,2529,1879,2013,2012,1,0,0,0,0,0,0,0,0,0,0,0,,,,0
cardinals-2013-media-guide-arizona,nfl-books,nfl-books/text_all/cardinals-2013-media-guide-arizona.txt,Arizona Cardinals 2013 Media Guide,2013,1,ocr-text,unread,unread,unread,,2112626,342895,1861,2028,2012,1601,4,0,4,331,114,160,1,65,652,275,153,,,,0
chargers-2013-media-guide-san-diego,nfl-books,nfl-books/text_all/chargers-2013-media-guide-san-diego.txt,San Diego Chargers 2013 Media Guide,2013,1,ocr-text,unread,unread,unread,,1593514,275361,1851,2025,2012,1681,3,0,4,221,157,275,2,92,1461,729,512,,,,0
chiefs-2013-media-guide-kansas-city,nfl-books,nfl-books/text_all/chiefs-2013-media-guide-kansas-city.txt,Kansas City Chiefs 2013 Media Guide,2013,1,ocr-text,unread,unread,unread,,2081735,345995,1852,2027,2012,2190,3,0,4,248,211,132,0,189,1737,235,751,,,,0
colts-2013-media-guide-indianapolis,nfl-books,nfl-books/text_all/colts-2013-media-guide-indianapolis.txt,Indianapolis Colts 2013 Media Guide,2013,1,ocr-text,unread,unread,unread,,1621694,277750,1852,2029,2012,1834,3,0,1,173,328,257,1,117,153,388,357,,,,0
cowboys-2013-media-guide-dallas,nfl-books,nfl-books/text_all/cowboys-2013-media-guide-dallas.txt,Dallas Cowboys 2013 Media Guide,2013,1,ocr-text,unread,unread,unread,,1978388,339669,1858,2020,2012,2422,18,0,10,271,196,150,0,109,1301,472,275,,,,0
dolphins-2013-media-guide-miami,nfl-books,nfl-books/text_all/dolphins-2013-media-guide-miami.txt,Miami Dolphins 2013 Media Guide,2013,1,ocr-text,unread,unread,unread,,2289325,391375,1850,2029,2012,2752,20,0,8,352,257,261,0,288,840,371,644,overlapping,dolphins-2012-media-guide-miami,0.303,1
eagles-2013-media-guide-philadelphia,nfl-books,nfl-books/text_all/eagles-2013-media-guide-philadelphia.txt,Philadelphia Eagles 2013 Media Guide,2013,1,ocr-text,unread,unread,unread,,1126936,204863,1855,2027,2012,783,15,0,5,137,45,88,0,12,47,310,170,,,,0
falcons-2013-media-guide-atlanta,nfl-books,nfl-books/text_all/falcons-2013-media-guide-atlanta.txt,Atlanta Falcons 2013 Media Guide,2013,1,ocr-text,unread,unread,unread,,1131989,189807,1936,2023,2012,882,5,0,3,134,97,128,2,63,245,88,30,,,,0
giants-2013-media-guide-new-york-c,nfl-books,nfl-books/text_all/giants-2013-media-guide-new-york-c.txt,New York Giants 2013 Media Guide,2013,1,ocr-text,unread,unread,unread,,1446693,233032,1920,2019,2012,2171,0,0,5,112,317,268,0,13,56,60,21,overlapping,giants-2012-media-guide-new-york,0.302,1
jaguars-2013-media-guide-jacksonville,nfl-books,nfl-books/text_all/jaguars-2013-media-guide-jacksonville.txt,Jacksonville Jaguars 2013 Media Guide,2013,1,ocr-text,unread,unread,unread,,1131545,193855,1909,2016,2012,1091,0,0,2,203,224,236,0,161,281,118,83,,,,0
jets-2013-media-guide-new-york,nfl-books,nfl-books/text_all/jets-2013-media-guide-new-york.txt,New York Jets 2013 Media Guide,2013,1,ocr-text,unread,unread,unread,,757277,136806,1896,2014,2012,1124,0,0,3,109,175,111,0,2,14,50,58,,,,0
lions-2013-media-guide-detroit,nfl-books,nfl-books/text_all/lions-2013-media-guide-detroit.txt,Detroit Lions 2013 Media Guide,2013,1,ocr-text,unread,unread,unread,,1653247,305269,1850,2029,2012,1556,3,0,2,148,19,138,1,573,1007,80,750,,,,0
nfl-record-fact-book-2013,nfl-books,nfl-books/text_all/nfl-record-fact-book-2013.txt,NFL Record & Fact Book 2013,2013,1,ocr-text,unread,unread,unread,,4124789,638217,1854,2022,2012,4037,2,0,1,31,38,285,0,860,1042,230,772,overlapping,nfl-record-fact-book-2014,0.307,1
packers-2013-media-guide-green-bay,nfl-books,nfl-books/text_all/packers-2013-media-guide-green-bay.txt,Green Bay Packers 2013 Media Guide,2013,1,ocr-text,unread,unread,unread,,3547763,590795,1851,2025,2012,2581,7,0,4,407,212,313,0,191,246,490,567,,,,0
panthers-2013-media-guide-carolina,nfl-books,nfl-books/text_all/panthers-2013-media-guide-carolina.txt,Carolina Panthers 2013 Media Guide,2013,1,ocr-text,unread,unread,unread,,1251520,231287,1854,2029,2012,2003,0,0,1,146,140,153,1,112,102,376,185,,,,0
patriots-2013-media-guide-new-england-a,nfl-books,nfl-books/text_all/patriots-2013-media-guide-new-england-a.txt,New England Patriots 2013 Media Guide,2013,1,ocr-text,unread,unread,unread,,1702235,291356,1852,2020,2013,1718,0,0,3,138,73,164,2,237,1012,395,1005,,,,0
raiders-2013-media-guide-oakland,nfl-books,nfl-books/text_all/raiders-2013-media-guide-oakland.txt,Oakland Raiders 2013 Media Guide,2013,1,ocr-text,unread,unread,unread,,1639791,277941,1867,2018,2012,2216,4,0,5,194,336,185,0,93,753,240,61,,,,0
rams-2013-media-guide-st.-louis,nfl-books,nfl-books/text_all/rams-2013-media-guide-st.-louis.txt,St. Louis Rams 2013 Media Guide,2013,1,ocr-text,unread,unread,unread,,1542360,247385,1874,2029,2012,1585,5,0,1,168,200,128,151,180,1092,616,239,,,,0
ravens-2013-media-guide-baltimore,nfl-books,nfl-books/text_all/ravens-2013-media-guide-baltimore.txt,Baltimore Ravens 2013 Media Guide,2013,1,ocr-text,unread,unread,unread,,1794264,315104,1873,2020,2012,957,3,1,1,258,172,116,0,332,332,274,567,,,,0
redskins-2013-media-guide-washington,nfl-books,nfl-books/text_all/redskins-2013-media-guide-washington.txt,Washington Redskins 2013 Media Guide,2013,1,ocr-text,unread,unread,unread,,2185467,330516,1856,2027,2012,2104,7,4,1,182,22,196,1,34,1185,282,213,overlapping,redskins-2014-media-guide-washington-b,0.31,1
saints-2013-media-guide-new-orleans,nfl-books,nfl-books/text_all/saints-2013-media-guide-new-orleans.txt,New Orleans Saints 2013 Media Guide,2013,1,ocr-text,unread,unread,unread,,1711528,295540,1850,2027,2012,2181,3,0,7,156,276,146,0,144,37,463,742,,,,0
seahawks-2013-media-guide-seattle,nfl-books,nfl-books/text_all/seahawks-2013-media-guide-seattle.txt,Seattle Seahawks 2013 Media Guide,2013,1,ocr-text,unread,unread,unread,,1277233,221618,1875,2029,2012,1118,6,0,4,190,198,147,9,10,285,338,424,,,,0
steelers-2013-media-guide-pittsburgh,nfl-books,nfl-books/text_all/steelers-2013-media-guide-pittsburgh.txt,Pittsburgh Steelers 2013 Media Guide,2013,1,ocr-text,unread,unread,unread,,1984228,340480,1852,2027,2012,2268,0,0,3,167,255,178,0,61,18,285,453,,,,0
texans-2013-media-guide-houston,nfl-books,nfl-books/text_all/texans-2013-media-guide-houston.txt,Houston Texans 2013 Media Guide,2013,1,ocr-text,unread,unread,unread,,494,86,2013,2013,2013,0,0,0,0,0,0,0,0,0,0,0,0,,,,0
titans-2013-media-guide-tennessee,nfl-books,nfl-books/text_all/titans-2013-media-guide-tennessee.txt,Tennessee Titans 2013 Media Guide,2013,1,ocr-text,unread,unread,unread,,2196990,392976,1851,2014,2012,3227,7,0,3,310,261,171,0,225,1573,296,551,overlapping,titans-2012-media-guide-tennessee,0.32,1
vikings-2013-media-guide-minnesota,nfl-books,nfl-books/text_all/vikings-2013-media-guide-minnesota.txt,Minnesota Vikings 2013 Media Guide,2013,1,ocr-text,unread,unread,unread,,1549724,242092,1853,2025,2012,664,1,0,2,197,113,171,0,5,364,97,26,,,,0
49ers-2014-media-guide-san-francisco,nfl-books,nfl-books/text_all/49ers-2014-media-guide-san-francisco.txt,San Francisco 49ers 2014 Media Guide,2014,1,ocr-text,unread,unread,unread,,2445563,445982,1857,2020,2014,1936,8,0,6,254,26,234,1,183,1193,281,903,,,,0
bears-2014-media-guide-chicago,nfl-books,nfl-books/text_all/bears-2014-media-guide-chicago.txt,Chicago Bears 2014 Media Guide,2014,1,ocr-text,unread,unread,unread,,1768934,303002,1852,2022,2013,1229,2,0,4,218,127,126,0,126,929,496,375,,,,0
bengals-2014-media-guide-cincinnati,nfl-books,nfl-books/text_all/bengals-2014-media-guide-cincinnati.txt,Cincinnati Bengals 2014 Media Guide,2014,1,ocr-text,unread,unread,unread,,1792303,308895,1850,2029,2013,1105,2,0,0,118,328,173,168,122,655,377,631,overlapping,bengals-2015-media-guide-cincinnati,0.302,1
bills-2014-media-guide-buffalo-c,nfl-books,nfl-books/text_all/bills-2014-media-guide-buffalo-c.txt,Buffalo Bills 2014 Media Guide,2014,1,ocr-text,unread,unread,unread,,790802,135720,1852,2029,2013,438,0,0,0,69,11,78,0,36,204,118,253,,,,0
broncos-2014-media-guide-denver,nfl-books,nfl-books/text_all/broncos-2014-media-guide-denver.txt,Denver Broncos 2014 Media Guide,2014,1,ocr-text,unread,unread,unread,,3005120,553632,1851,2029,2013,3143,3,1,2,262,230,261,8,1648,1417,1155,2248,,,,0
browns-2014-media-guide-cleveland-c,nfl-books,nfl-books/text_all/browns-2014-media-guide-cleveland-c.txt,Cleveland Browns 2014 Media Guide,2014,1,ocr-text,unread,unread,unread,,434,69,,,,0,0,0,0,0,0,0,0,0,0,0,0,,,,0
buccaneers-2014-media-guide-tampa-bay-c,nfl-books,nfl-books/text_all/buccaneers-2014-media-guide-tampa-bay-c.txt,Tampa Bay Buccaneers 2014 Media Guide,2014,1,ocr-text,unread,unread,unread,,1378267,235759,1867,2023,2013,1181,3,0,3,210,136,198,2,28,786,149,181,,,,0
cardinals-2014-media-guide-arizona-c,nfl-books,nfl-books/text_all/cardinals-2014-media-guide-arizona-c.txt,Arizona Cardinals 2014 Media Guide,2014,1,ocr-text,unread,unread,unread,,1983031,343910,1861,2029,2013,1726,5,0,8,307,184,164,2,85,574,286,99,,,,0
chargers-2014-media-guide-san-diego,nfl-books,nfl-books/text_all/chargers-2014-media-guide-san-diego.txt,San Diego Chargers 2014 Media Guide,2014,1,ocr-text,unread,unread,unread,,1646548,274541,1850,2029,2013,1558,5,0,4,165,139,208,0,123,1458,256,329,,,,0
chiefs-2014-media-guide-kansas-city-needs-cover,nfl-books,nfl-books/text_all/chiefs-2014-media-guide-kansas-city-needs-cover.txt,Kansas City Chiefs 2014 Media Guide,2014,1,ocr-text,unread,unread,unread,,1763157,294652,1858,2025,2013,1583,1,0,0,183,132,123,0,162,1902,242,849,,,,0
colts-2014-media-guide-indianapolis,nfl-books,nfl-books/text_all/colts-2014-media-guide-indianapolis.txt,Indianapolis Colts 2014 Media Guide,2014,1,ocr-text,unread,unread,unread,,1824260,311094,1852,2029,2013,2214,6,0,4,200,309,279,1,93,193,396,493,,,,0
cowboys-2014-media-guide-dallas,nfl-books,nfl-books/text_all/cowboys-2014-media-guide-dallas.txt,Dallas Cowboys 2014 Media Guide,2014,1,ocr-text,unread,unread,unread,,1996353,342679,1850,2029,2013,2529,49,0,4,269,185,166,0,84,1214,475,289,,,,0
dolphins-2014-media-guide-miami,nfl-books,nfl-books/text_all/dolphins-2014-media-guide-miami.txt,Miami Dolphins 2014 Media Guide,2014,1,ocr-text,unread,unread,unread,,2322264,393579,1850,2029,2013,2795,22,0,7,345,301,259,0,345,807,413,627,,,,0
eagles-2014-media-guide-philadelphia-c,nfl-books,nfl-books/text_all/eagles-2014-media-guide-philadelphia-c.txt,Philadelphia Eagles 2014 Media Guide,2014,1,ocr-text,unread,unread,unread,,1180368,219840,1853,2027,2013,901,9,0,2,169,75,95,0,6,38,403,61,,,,0
giants-2014-media-guide-new-york-c,nfl-books,nfl-books/text_all/giants-2014-media-guide-new-york-c.txt,New York Giants 2014 Media Guide,2014,1,ocr-text,unread,unread,unread,,1439324,231834,1915,2017,2013,2222,0,0,3,144,298,282,0,21,86,80,34,,,,0
jacksonville-jaguars-2014-media-guide-c,nfl-books,nfl-books/text_all/jacksonville-jaguars-2014-media-guide-c.txt,Jacksonville Jaguars 2014 Media Guide,2014,1,ocr-text,unread,unread,unread,,1149383,195852,1909,2025,2013,1100,1,0,2,237,242,220,0,170,462,116,110,,,,0
lions-2014-media-guide-detroit-c_202511,nfl-books,nfl-books/text_all/lions-2014-media-guide-detroit-c_202511.txt,Detroit Lions 2014 Media Guide,2014,1,ocr-text,unread,unread,unread,,1638704,302706,1850,2029,2013,1545,2,0,4,125,18,168,0,589,694,87,905,,,,0
nfl-record-fact-book-2014,nfl-books,nfl-books/text_all/nfl-record-fact-book-2014.txt,NFL Record & Fact Book 2014,2014,1,ocr-text,unread,unread,unread,,4194737,650476,1869,2026,2013,4024,2,0,1,34,36,288,0,1262,1042,228,869,overlapping,nfl-record-fact-book-2013,0.292,1
packers-2014-media-guide-green-bay-c,nfl-books,nfl-books/text_all/packers-2014-media-guide-green-bay-c.txt,Green Bay Packers 2014 Media Guide,2014,1,ocr-text,unread,unread,unread,,3832798,632911,1851,2028,2013,2808,5,0,11,443,197,310,0,315,277,515,346,,,,0
panthers-2014-media-guide-carolina-c,nfl-books,nfl-books/text_all/panthers-2014-media-guide-carolina-c.txt,Carolina Panthers 2014 Media Guide,2014,1,ocr-text,unread,unread,unread,,1392502,253219,1854,2026,2013,2205,2,0,1,150,176,183,2,71,192,420,313,,,,0
patriots-2014-media-guide-new-england-a,nfl-books,nfl-books/text_all/patriots-2014-media-guide-new-england-a.txt,New England Patriots 2014 Media Guide,2014,1,ocr-text,unread,unread,unread,,1833476,313260,1852,2020,2014,1961,2,0,3,139,96,171,1,217,1103,464,1077,,,,0
raiders-2014-media-guide-oakland,nfl-books,nfl-books/text_all/raiders-2014-media-guide-oakland.txt,Oakland Raiders 2014 Media Guide,2014,1,ocr-text,unread,unread,unread,,1554244,265540,1914,2015,2013,1888,1,0,6,215,270,177,0,23,899,63,64,,,,0
rams-2014-media-guide-los-angeles-c,nfl-books,nfl-books/text_all/rams-2014-media-guide-los-angeles-c.txt,St. Louis Rams 2014 Media Guide,2014,1,ocr-text,unread,unread,unread,,1882044,316819,1851,2027,2013,2017,5,0,2,193,358,160,1,184,970,874,822,,,,0
ravens-2014-media-guide-baltimore,nfl-books,nfl-books/text_all/ravens-2014-media-guide-baltimore.txt,Baltimore Ravens 2014 Media Guide,2014,1,ocr-text,unread,unread,unread,,1883021,330338,1856,2027,2013,971,3,1,1,268,186,130,0,319,354,324,785,,,,0
redskins-2014-media-guide-washington-b,nfl-books,nfl-books/text_all/redskins-2014-media-guide-washington-b.txt,Washington Redskins 2014 Media Guide,2014,1,ocr-text,unread,unread,unread,,2199336,331139,1856,2027,2014,2171,4,2,0,197,20,216,2,14,1135,297,212,overlapping,redskins-2013-media-guide-washington,0.303,1
saints-2014-media-guide-new-orleans,nfl-books,nfl-books/text_all/saints-2014-media-guide-new-orleans.txt,New Orleans Saints 2014 Media Guide,2014,1,ocr-text,unread,unread,unread,,1710776,291465,1850,2027,2013,1851,2,1,5,137,265,136,0,149,35,298,435,,,,0
seahawks-2014-media-guide-seattle,nfl-books,nfl-books/text_all/seahawks-2014-media-guide-seattle.txt,Seattle Seahawks 2014 Media Guide,2014,1,ocr-text,unread,unread,unread,,1357227,233884,1879,2029,2013,1185,5,0,3,192,198,139,136,6,379,334,570,,,,0
steelers-2014-media-guide-pittsburgh,nfl-books,nfl-books/text_all/steelers-2014-media-guide-pittsburgh.txt,Pittsburgh Steelers 2014 Media Guide,2014,1,ocr-text,unread,unread,unread,,1902993,326928,1852,2019,2013,2144,0,0,1,172,239,203,0,54,19,294,409,,,,0
texans-2014-media-guide-houston,nfl-books,nfl-books/text_all/texans-2014-media-guide-houston.txt,Houston Texans 2014 Media Guide,2014,1,ocr-text,unread,unread,unread,,341,50,2013,2013,2013,0,0,0,0,0,0,0,0,0,0,0,0,,,,0
titans-2014-media-guide-tennessee,nfl-books,nfl-books/text_all/titans-2014-media-guide-tennessee.txt,Tennessee Titans 2014 Media Guide,2014,1,ocr-text,unread,unread,unread,,2137545,382965,1851,2022,2013,3147,9,0,2,306,260,163,0,292,1471,326,511,overlapping,titans-2015-media-guide-tennessee,0.353,2
vikings-2014-media-guide-minnesota,nfl-books,nfl-books/text_all/vikings-2014-media-guide-minnesota.txt,Minnesota Vikings 2014 Media Guide,2014,1,ocr-text,unread,unread,unread,,1550000,241436,1853,2025,2013,711,2,0,0,210,103,168,0,12,353,92,18,,,,0
bears-2015-media-guide-chicago,nfl-books,nfl-books/text_all/bears-2015-media-guide-chicago.txt,Chicago Bears 2015 Media Guide,2015,1,ocr-text,unread,unread,unread,,1762494,301125,1852,2022,2014,1245,3,0,4,184,111,116,0,114,1120,499,584,,,,0
bengals-2015-media-guide-cincinnati,nfl-books,nfl-books/text_all/bengals-2015-media-guide-cincinnati.txt,Cincinnati Bengals 2015 Media Guide,2015,1,ocr-text,unread,unread,unread,,1818634,310409,1850,2024,2014,1133,2,0,3,108,356,176,178,38,797,385,631,overlapping,bengals-2016-media-guide-cincinnati,0.322,2
bills-2015-media-guide-buffalo-c,nfl-books,nfl-books/text_all/bills-2015-media-guide-buffalo-c.txt,Buffalo Bills 2015 Media Guide,2015,1,ocr-text,unread,unread,unread,,890237,158120,1854,2023,2014,516,0,0,1,74,11,92,0,7,428,242,347,,,,0
broncos-2015-media-guide-denver,nfl-books,nfl-books/text_all/broncos-2015-media-guide-denver.txt,Denver Broncos 2015 Media Guide,2015,1,ocr-text,unread,unread,unread,,3050063,562708,1851,2029,2014,3137,2,0,1,232,254,243,8,1771,1508,1197,1970,overlapping,broncos-2016-media-guide-denver,0.313,1
browns-2015-media-guide-cleveland,nfl-books,nfl-books/text_all/browns-2015-media-guide-cleveland.txt,Cleveland Browns 2015 Media Guide,2015,1,ocr-text,unread,unread,unread,,2429,371,,,,0,0,0,0,0,0,0,0,0,0,0,0,,,,0
buccaneers-2015-media-guide-tampa-bay-b,nfl-books,nfl-books/text_all/buccaneers-2015-media-guide-tampa-bay-b.txt,Tampa Bay Buccaneers 2015 Media Guide,2015,1,ocr-text,unread,unread,unread,,1568166,260739,1878,2019,2014,1381,2,0,2,218,173,200,2,23,86,219,372,,,,0
cardinals-2015-media-guide-arizona-c,nfl-books,nfl-books/text_all/cardinals-2015-media-guide-arizona-c.txt,Arizona Cardinals 2015 Media Guide,2015,1,ocr-text,unread,unread,unread,,421,68,,,,0,0,0,0,0,0,0,0,0,0,0,0,,,,0
chargers-2015-media-guide-san-diego,nfl-books,nfl-books/text_all/chargers-2015-media-guide-san-diego.txt,San Diego Chargers 2015 Media Guide,2015,1,ocr-text,unread,unread,unread,,1688655,288248,1851,2024,2014,1956,2,0,4,206,202,282,1,5,2810,697,1461,,,,0
chiefs-2015-media-guide-kansas-city,nfl-books,nfl-books/text_all/chiefs-2015-media-guide-kansas-city.txt,Kansas City Chiefs 2015 Media Guide,2015,1,ocr-text,unread,unread,unread,,1943406,322013,1852,2022,2013,1659,3,0,1,195,199,150,0,206,2009,288,841,,,,0
colts-2015-media-guide-indianapolis,nfl-books,nfl-books/text_all/colts-2015-media-guide-indianapolis.txt,Indianapolis Colts 2015 Media Guide,2015,1,ocr-text,unread,unread,unread,,2015018,343554,1852,2029,2014,2746,7,0,4,198,246,296,1,113,154,378,480,,,,0
cowboys-2015-media-guide-dallas-b,nfl-books,nfl-books/text_all/cowboys-2015-media-guide-dallas-b.txt,Dallas Cowboys 2015 Media Guide,2015,1,ocr-text,unread,unread,unread,,2092643,359538,1876,2029,2014,2607,32,0,2,263,175,157,0,113,1585,501,257,,,,0
dolphins-2015-media-guide-miami,nfl-books,nfl-books/text_all/dolphins-2015-media-guide-miami.txt,Miami Dolphins 2015 Media Guide,2015,1,ocr-text,unread,unread,unread,,2379747,406033,1850,2029,2014,2837,21,0,4,339,119,276,0,332,808,386,608,,,,0
eagles-2015-media-guide-philadelphia,nfl-books,nfl-books/text_all/eagles-2015-media-guide-philadelphia.txt,Philadelphia Eagles 2015 Media Guide,2015,1,ocr-text,unread,unread,unread,,1176946,218003,1853,2027,2014,1090,10,1,2,165,141,103,170,156,58,331,102,,,,0
falcons-2015-media-guide-atlanta-c,nfl-books,nfl-books/text_all/falcons-2015-media-guide-atlanta-c.txt,Atlanta Falcons 2015 Media Guide,2015,1,ocr-text,unread,unread,unread,,1115232,183799,1890,2027,2015,905,2,0,3,151,77,150,2,61,269,97,37,,,,0
giants-2015-media-guide-new-york,nfl-books,,New York Giants 2015 Media Guide,2015,0,no-text-layer,cover scan,none,read-2026-09-06-yearbooks,"all 302 textless items scanned by metadata and all 319 images OCR'd; the 10 over 150 words are schedules and broadcast listings, nothing per-man | textless scan; in index, no OCR layer",,,,,,,,,,,,,,,,,,,,,0
jaguars-2015-media-guide-jacksonville-c,nfl-books,nfl-books/text_all/jaguars-2015-media-guide-jacksonville-c.txt,Jacksonville Jaguars 2015 Media Guide,2015,1,ocr-text,unread,unread,unread,,1216268,206513,1900,2025,2014,1169,2,0,6,275,269,220,0,32,385,110,143,,,,0
jets-2015-media-guide-new-york,nfl-books,nfl-books/text_all/jets-2015-media-guide-new-york.txt,New York Jets 2015 Media Guide,2015,1,ocr-text,unread,unread,unread,,803808,132354,1882,2016,2014,1214,1,0,2,87,69,110,0,3,12,33,23,,,,0
lions-2015-media-guide-detroit,nfl-books,nfl-books/text_all/lions-2015-media-guide-detroit.txt,Detroit Lions 2015 Media Guide,2015,1,ocr-text,unread,unread,unread,,1679177,310152,1850,2029,2014,1536,1,0,0,113,17,163,0,509,677,83,857,,,,0
nfl-2015-record-fact-book,nfl-books,nfl-books/text_all/nfl-2015-record-fact-book.txt,NFL Record & Fact Book 2015,2015,1,ocr-text,unread,unread,unread,,4266940,660169,1861,2022,2014,4088,2,0,1,37,39,305,0,1047,931,221,794,,,,0
packers-2015-media-guide-green-bay-c,nfl-books,nfl-books/text_all/packers-2015-media-guide-green-bay-c.txt,Green Bay Packers 2015 Media Guide,2015,1,ocr-text,unread,unread,unread,,3753015,634434,1850,2026,2014,2815,8,0,12,421,190,310,0,231,253,508,308,,,,0
panthers-2015-media-guide-carolina-c,nfl-books,nfl-books/text_all/panthers-2015-media-guide-carolina-c.txt,Carolina Panthers 2015 Media Guide,2015,1,ocr-text,unread,unread,unread,,1523519,279454,1854,2029,2014,2493,0,0,1,143,141,163,1,24,128,465,251,,,,0
patriots-2015-media-guide-new-england-a,nfl-books,nfl-books/text_all/patriots-2015-media-guide-new-england-a.txt,New England Patriots 2015 Media Guide,2015,1,ocr-text,unread,unread,unread,,1947329,333265,1852,2020,2014,2085,4,0,3,156,90,187,1,195,1116,455,1062,,,,0
raiders-2015-media-guide-oakland,nfl-books,nfl-books/text_all/raiders-2015-media-guide-oakland.txt,Oakland Raiders 2015 Media Guide,2015,1,ocr-text,unread,unread,unread,,1594700,275570,1871,2016,2014,1912,3,0,6,265,317,186,0,43,894,70,86,,,,0
rams-2015-media-guide-st.-louis-c,nfl-books,nfl-books/text_all/rams-2015-media-guide-st.-louis-c.txt,St. Louis Rams 2015 Media Guide,2015,1,ocr-text,unread,unread,unread,,1890717,311128,1851,2027,2014,2241,5,0,3,202,386,178,1,30,970,664,523,,,,0
ravens-2015-media-guide-baltimore,nfl-books,nfl-books/text_all/ravens-2015-media-guide-baltimore.txt,Baltimore Ravens 2015 Media Guide,2015,1,ocr-text,unread,unread,unread,,2012779,349739,1856,2027,2014,961,3,1,1,286,199,115,0,315,221,310,766,,,,0
redskins-2015-media-guide-washington,nfl-books,nfl-books/text_all/redskins-2015-media-guide-washington.txt,Washington Redskins 2015 Media Guide,2015,1,ocr-text,unread,unread,unread,,2159525,327909,1860,2026,2014,2013,3,3,1,200,14,223,0,35,1242,295,210,,,,0
saints-2015-media-guide-new-orleans,nfl-books,nfl-books/text_all/saints-2015-media-guide-new-orleans.txt,New Orleans Saints 2015 Media Guide,2015,1,ocr-text,unread,unread,unread,,1841012,308726,1850,2025,2014,1043,1,0,2,89,142,65,0,134,20,146,271,,,,0
seahawks-2015-media-guide-seattle,nfl-books,nfl-books/text_all/seahawks-2015-media-guide-seattle.txt,Seattle Seahawks 2015 Media Guide,2015,1,ocr-text,unread,unread,unread,,1380392,237651,1869,2029,2014,1181,7,0,7,163,182,147,133,7,388,340,575,,,,0
steelers-2015-media-guide-pittsburgh-c,nfl-books,nfl-books/text_all/steelers-2015-media-guide-pittsburgh-c.txt,Pittsburgh Steelers 2015 Media Guide,2015,1,ocr-text,unread,unread,unread,,1883559,327829,1852,2029,2014,2034,3,0,1,180,195,205,0,66,17,224,460,,,,0
texans-2015-media-guide-houston,nfl-books,nfl-books/text_all/texans-2015-media-guide-houston.txt,Houston Texans 2015 Media Guide,2015,1,ocr-text,unread,unread,unread,,493,82,2014,2015,2015,1,0,0,0,0,0,0,0,0,0,0,0,,,,0
titans-2015-media-guide-tennessee,nfl-books,nfl-books/text_all/titans-2015-media-guide-tennessee.txt,Tennessee Titans 2015 Media Guide,2015,1,ocr-text,unread,unread,unread,,2155714,385993,1851,2017,2014,3025,1,0,3,330,253,188,0,272,1187,317,464,overlapping,titans-2014-media-guide-tennessee,0.349,2
vikings-2015-media-guide-minnesota,nfl-books,nfl-books/text_all/vikings-2015-media-guide-minnesota.txt,Minnesota Vikings 2015 Media Guide,2015,1,ocr-text,unread,unread,unread,,1417184,234212,1926,2025,2014,678,5,0,0,236,94,192,0,34,487,83,18,,,,0
49ers-2016-media-guide-san-francisco,nfl-books,nfl-books/text_all/49ers-2016-media-guide-san-francisco.txt,San Francisco 49ers 2016 Media Guide,2016,1,ocr-text,unread,unread,unread,,2247590,399375,1862,2029,2015,1665,7,0,4,324,46,276,1,188,849,348,434,,,,0
bears-2016-media-guide-chicago,nfl-books,nfl-books/text_all/bears-2016-media-guide-chicago.txt,Chicago Bears 2016 Media Guide,2016,1,ocr-text,unread,unread,unread,,1742416,295444,1852,2022,2015,1371,4,0,1,180,126,102,0,98,865,491,266,,,,0
bengals-2016-media-guide-cincinnati,nfl-books,nfl-books/text_all/bengals-2016-media-guide-cincinnati.txt,Cincinnati Bengals 2016 Media Guide,2016,1,ocr-text,unread,unread,unread,,1836329,314789,1850,2026,2015,1081,12,0,4,121,335,174,177,131,780,384,647,overlapping,bengals-2017-media-guide-cincinnati,0.39,2
bills-2016-media-guide-buffalo,nfl-books,nfl-books/text_all/bills-2016-media-guide-buffalo.txt,Buffalo Bills 2016 Media Guide,2016,1,ocr-text,unread,unread,unread,,922427,161009,1851,2021,2015,471,0,0,0,68,97,86,0,28,397,245,194,,,,0
broncos-2016-media-guide-denver,nfl-books,nfl-books/text_all/broncos-2016-media-guide-denver.txt,Denver Broncos 2016 Media Guide,2016,1,ocr-text,unread,unread,unread,,2993218,551362,1851,2029,2015,3157,2,0,1,260,208,279,9,1805,1498,1169,1870,overlapping,broncos-2017-media-guide-denver,0.375,3
browns-2016-media-guide-cleveland-b,nfl-books,nfl-books/text_all/browns-2016-media-guide-cleveland-b.txt,Cleveland Browns 2016 Media Guide,2016,1,ocr-text,unread,unread,unread,,2693,191,,,,0,0,0,0,0,0,0,0,0,0,0,0,,,,0
buccaneers-2016-media-guide-tampa-bay-b,nfl-books,nfl-books/text_all/buccaneers-2016-media-guide-tampa-bay-b.txt,Tampa Bay Buccaneers 2016 Media Guide,2016,1,ocr-text,unread,unread,unread,,1626750,274911,1878,2027,2015,1331,2,0,2,240,98,187,2,6,265,218,240,,,,0
cardinals-2016-media-guide-arizona,nfl-books,nfl-books/text_all/cardinals-2016-media-guide-arizona.txt,Arizona Cardinals 2016 Media Guide,2016,1,ocr-text,unread,unread,unread,,2050118,357852,1861,2029,2015,1609,4,0,4,322,191,163,2,20,638,300,88,,,,0
chargers-2016-media-guide-san-diego,nfl-books,nfl-books/text_all/chargers-2016-media-guide-san-diego.txt,San Diego Chargers 2016 Media Guide,2016,1,ocr-text,unread,unread,unread,,1673214,288548,1851,2020,2015,1841,2,0,3,211,198,268,2,101,2705,698,1205,,,,0
chiefs-2016-media-guide-kansas-city,nfl-books,nfl-books/text_all/chiefs-2016-media-guide-kansas-city.txt,Kansas City Chiefs 2016 Media Guide,2016,1,ocr-text,unread,unread,unread,,2099458,349020,1852,2022,2015,1590,2,0,2,170,24,162,0,221,1801,213,593,,,,0
colts-2016-media-guide-indianapolis,nfl-books,nfl-books/text_all/colts-2016-media-guide-indianapolis.txt,Indianapolis Colts 2016 Media Guide,2016,1,ocr-text,unread,unread,unread,,2111034,357662,1850,2029,2015,2694,0,0,4,243,340,313,0,94,99,400,943,,,,0
cowboys-2016-media-guide-dallas,nfl-books,nfl-books/text_all/cowboys-2016-media-guide-dallas.txt,Dallas Cowboys 2016 Media Guide,2016,1,ocr-text,unread,unread,unread,,2165657,370929,1860,2023,2015,2439,26,0,7,262,184,161,0,117,1764,533,124,,,,0
dolphins-2016-media-guide-miami,nfl-books,nfl-books/text_all/dolphins-2016-media-guide-miami.txt,Miami Dolphins 2016 Media Guide,2016,1,ocr-text,unread,unread,unread,,2427237,411615,1850,2029,2015,2935,21,0,5,328,118,221,0,318,945,418,553,,,,0
eagles-2016-media-guide-philadelphia,nfl-books,nfl-books/text_all/eagles-2016-media-guide-philadelphia.txt,Philadelphia Eagles 2016 Media Guide,2016,1,ocr-text,unread,unread,unread,,1617401,300125,1855,2027,2014,1343,13,2,2,154,88,97,103,25,1058,334,129,,,,0
falcons-2016-media-guide-atlanta,nfl-books,nfl-books/text_all/falcons-2016-media-guide-atlanta.txt,Atlanta Falcons 2016 Media Guide,2016,1,ocr-text,unread,unread,unread,,935345,152097,1871,2027,2016,725,1,0,3,126,11,113,0,27,222,37,19,,,,0
giants-2016-media-guide-new-york,nfl-books,nfl-books/text_all/giants-2016-media-guide-new-york.txt,New York Giants 2016 Media Guide,2016,1,ocr-text,unread,unread,unread,,1573143,245517,1901,2019,2015,2257,1,0,3,148,307,279,0,4,183,75,22,,,,0
jaguars-2016-media-guide-jacksonville,nfl-books,nfl-books/text_all/jaguars-2016-media-guide-jacksonville.txt,Jacksonville Jaguars 2016 Media Guide,2016,1,ocr-text,unread,unread,unread,,1334626,226519,1908,2025,2015,941,0,0,4,122,12,206,0,5,251,165,37,,,,0
lions-2016-media-guide-detroit,nfl-books,nfl-books/text_all/lions-2016-media-guide-detroit.txt,Detroit Lions 2016 Media Guide,2016,1,ocr-text,unread,unread,unread,,1632494,292678,1850,2029,2015,1636,2,0,0,111,9,179,0,463,826,78,1132,,,,0
nfl-2016-record-fact-book,nfl-books,nfl-books/text_all/nfl-2016-record-fact-book.txt,NFL Record & Fact Book 2016,2016,1,ocr-text,unread,unread,unread,,4320596,668438,1850,2025,2015,4238,3,0,1,38,39,311,0,1055,870,234,762,,,,0
packers-2016-media-guide-green-bay-b,nfl-books,nfl-books/text_all/packers-2016-media-guide-green-bay-b.txt,Green Bay Packers 2016 Media Guide,2016,1,ocr-text,unread,unread,unread,,3867383,644074,1850,2028,2015,2960,9,1,10,430,176,300,0,210,224,478,628,,,,0
panthers-2016-media-guide-carolina,nfl-books,nfl-books/text_all/panthers-2016-media-guide-carolina.txt,Carolina Panthers 2016 Media Guide,2016,1,ocr-text,unread,unread,unread,,1584697,288618,1853,2026,2015,2518,0,0,1,123,183,163,1,31,124,500,363,,,,0
patriots-2016-media-guide-new-england,nfl-books,nfl-books/text_all/patriots-2016-media-guide-new-england.txt,New England Patriots 2016 Media Guide,2016,1,ocr-text,unread,unread,unread,,1771814,315455,1850,2029,2015,1792,4,0,3,175,84,169,4,254,617,349,313,,,,0
raiders-2016-media-guide-oakland,nfl-books,nfl-books/text_all/raiders-2016-media-guide-oakland.txt,Oakland Raiders 2016 Media Guide,2016,1,ocr-text,unread,unread,unread,,15532,1044,2007,2016,2007,1,0,0,0,0,0,0,0,0,0,0,0,,,,0
rams-2016-media-guide-los-angeles,nfl-books,nfl-books/text_all/rams-2016-media-guide-los-angeles.txt,Los Angeles Rams 2016 Media Guide,2016,1,ocr-text,unread,unread,unread,,1930562,315373,1851,2027,2015,2054,6,0,2,237,417,257,1,18,1020,619,500,,,,0
ravens-2016-media-guide-baltimore,nfl-books,nfl-books/text_all/ravens-2016-media-guide-baltimore.txt,Baltimore Ravens 2016 Media Guide,2016,1,ocr-text,unread,unread,unread,,1929847,324321,1856,2027,2014,973,2,1,1,181,199,141,0,304,252,244,450,,,,0
redskins-2016-media-guide-washington-b,nfl-books,nfl-books/text_all/redskins-2016-media-guide-washington-b.txt,Washington Redskins 2016 Media Guide,2016,1,ocr-text,unread,unread,unread,,1637656,253782,1853,2025,2016,1923,3,1,2,156,32,206,0,84,2709,65,188,,,,0
saints-2016-media-guide-new-orleans,nfl-books,nfl-books/text_all/saints-2016-media-guide-new-orleans.txt,New Orleans Saints 2016 Media Guide,2016,1,ocr-text,unread,unread,unread,,1759414,303386,1850,2027,2015,2109,2,0,4,167,276,114,0,171,103,300,752,,,,0
seahawks-2016-media-guide-seattle,nfl-books,nfl-books/text_all/seahawks-2016-media-guide-seattle.txt,Seattle Seahawks 2016 Media Guide,2016,1,ocr-text,unread,unread,unread,,1349812,233038,1852,2029,2015,1060,5,0,7,168,157,138,123,67,458,334,262,,,,0
steelers-2016-media-guide-pittsburgh,nfl-books,nfl-books/text_all/steelers-2016-media-guide-pittsburgh.txt,Pittsburgh Steelers 2016 Media Guide,2016,1,ocr-text,unread,unread,unread,,1751030,304869,1852,2025,2015,1583,1,0,3,135,95,205,0,60,22,308,712,,,,0
texans-2016-media-guide-houston,nfl-books,nfl-books/text_all/texans-2016-media-guide-houston.txt,Houston Texans 2016 Media Guide,2016,1,ocr-text,unread,unread,unread,,1387433,231473,1919,2021,2015,1950,3,0,2,187,198,189,0,7,1004,127,456,,,,0
titans-2016-media-guide-tennessee,nfl-books,nfl-books/text_all/titans-2016-media-guide-tennessee.txt,Tennessee Titans 2016 Media Guide,2016,1,ocr-text,unread,unread,unread,,2344127,415125,1851,2017,2015,3378,8,0,4,337,264,183,0,267,2626,316,586,overlapping,titans-2017-media-guide-tennessee,0.351,2
vikings-2016-media-guide-minnesota,nfl-books,nfl-books/text_all/vikings-2016-media-guide-minnesota.txt,Minnesota Vikings 2016 Media Guide,2016,1,ocr-text,unread,unread,unread,,1507519,250004,1890,2025,2015,679,4,1,1,282,102,187,0,12,511,87,49,,,,0
49ers-2017-media-guide-san-francisco-b,nfl-books,nfl-books/text_all/49ers-2017-media-guide-san-francisco-b.txt,San Francisco 49ers 2017 Media Guide,2017,1,ocr-text,unread,unread,unread,,2314479,414939,1875,2023,2016,1753,9,0,5,294,40,300,0,258,1117,327,607,,,,0
bears-2017-media-guide-chicago-b,nfl-books,nfl-books/text_all/bears-2017-media-guide-chicago-b.txt,Chicago Bears 2017 Media Guide,2017,1,ocr-text,unread,unread,unread,,6378,433,,,,15,0,0,0,0,0,0,0,0,0,0,0,,,,0
bengals-2017-media-guide-cincinnati,nfl-books,nfl-books/text_all/bengals-2017-media-guide-cincinnati.txt,Cincinnati Bengals 2017 Media Guide,2017,1,ocr-text,unread,unread,unread,,1905304,324189,1850,2028,2016,1114,14,0,2,92,351,177,179,163,1382,377,661,overlapping,bengals-2016-media-guide-cincinnati,0.388,1
bills-2017-media-guide-buffalo,nfl-books,nfl-books/text_all/bills-2017-media-guide-buffalo.txt,Buffalo Bills 2017 Media Guide,2017,1,ocr-text,unread,unread,unread,,702226,128027,1851,2026,2016,428,8,0,2,97,6,84,0,140,82,273,112,,,,0
broncos-2017-media-guide-denver,nfl-books,nfl-books/text_all/broncos-2017-media-guide-denver.txt,Denver Broncos 2017 Media Guide,2017,1,ocr-text,unread,unread,unread,,2992661,549799,1851,2029,2016,3179,2,0,2,295,226,271,10,1848,1521,1182,1863,overlapping,broncos-2016-media-guide-denver,0.362,3
browns-2017-media-guide-cleveland,nfl-books,nfl-books/text_all/browns-2017-media-guide-cleveland.txt,Cleveland Browns 2017 Media Guide,2017,1,ocr-text,unread,unread,unread,,1757713,300325,1870,2029,2016,1248,2,0,5,268,204,228,0,373,34,384,240,,,,0
buccaneers-2017-media-guide-tampa-bay-b,nfl-books,nfl-books/text_all/buccaneers-2017-media-guide-tampa-bay-b.txt,Tampa Bay Buccaneers 2017 Media Guide,2017,1,ocr-text,unread,unread,unread,,1579816,272749,1867,2021,2016,1429,2,0,2,220,184,189,2,110,684,159,187,,,,0
cardinals-2017-media-guide-arizona,nfl-books,nfl-books/text_all/cardinals-2017-media-guide-arizona.txt,Arizona Cardinals 2017 Media Guide,2017,1,ocr-text,unread,unread,unread,,2445441,413537,1854,2029,2016,1729,5,0,2,345,340,163,4,253,730,282,119,,,,0
chargers-2017-media-guide-los-angeles,nfl-books,nfl-books/text_all/chargers-2017-media-guide-los-angeles.txt,Los Angeles Chargers 2017 Media Guide,2017,1,ocr-text,club media/press guide,biography+statistics+roster-table,"read-2026-09-07-yearbooks (stratified sample n=56 of 2,462 post-1950 texts, seed 20260907)",,1702096,291953,1851,2020,2016,2010,3,0,4,188,208,225,2,83,2897,711,1655,,,,0
chiefs-2017-media-guide-kansas-city,nfl-books,nfl-books/text_all/chiefs-2017-media-guide-kansas-city.txt,Kansas City Chiefs 2017 Media Guide,2017,1,ocr-text,unread,unread,unread,,2135144,363866,1852,2022,2016,1445,2,0,1,177,24,179,0,296,2142,242,564,,,,0
colts-2017-media-guide-indianapolis,nfl-books,nfl-books/text_all/colts-2017-media-guide-indianapolis.txt,Indianapolis Colts 2017 Media Guide,2017,1,ocr-text,unread,unread,unread,,2020734,342729,1850,2029,2016,2483,2,0,10,240,326,299,0,105,138,394,929,,,,0
cowboys-2017-media-guide-dallas,nfl-books,nfl-books/text_all/cowboys-2017-media-guide-dallas.txt,Dallas Cowboys 2017 Media Guide,2017,1,ocr-text,unread,unread,unread,,2026890,348782,1858,2024,2016,2063,23,0,6,252,151,146,0,119,1811,557,169,,,,0
dolphins-2017-media-guide-miami,nfl-books,nfl-books/text_all/dolphins-2017-media-guide-miami.txt,Miami Dolphins 2017 Media Guide,2017,1,ocr-text,unread,unread,unread,,2538446,433358,1850,2029,2016,3360,21,0,3,328,129,238,1,299,931,444,574,,,,0
eagles-2017-media-guide-philadelphia,nfl-books,nfl-books/text_all/eagles-2017-media-guide-philadelphia.txt,Philadelphia Eagles 2017 Media Guide,2017,1,ocr-text,unread,unread,unread,,1476956,268192,1855,2027,2016,865,8,1,3,124,87,91,2,7,607,288,439,,,,0
falcons-2017-media-guide-atlanta,nfl-books,nfl-books/text_all/falcons-2017-media-guide-atlanta.txt,Atlanta Falcons 2017 Media Guide,2017,1,ocr-text,unread,unread,unread,,935230,152971,1928,2027,2017,643,1,1,2,149,6,102,0,27,149,64,33,,,,0
giants-2017-media-guide-new-york,nfl-books,nfl-books/text_all/giants-2017-media-guide-new-york.txt,New York Giants 2017 Media Guide,2017,1,ocr-text,unread,unread,unread,,1586246,253155,1920,2019,2016,2414,0,4,4,176,297,317,0,68,73,75,8,,,,0
jaguars-2017-media-guide-jacksonville,nfl-books,nfl-books/text_all/jaguars-2017-media-guide-jacksonville.txt,Jacksonville Jaguars 2017 Media Guide,2017,1,ocr-text,unread,unread,unread,,1290227,218108,1909,2025,2015,909,0,0,5,130,15,183,0,8,111,161,68,,,,0
jets-2017-media-guide-new-york,nfl-books,nfl-books/text_all/jets-2017-media-guide-new-york.txt,New York Jets 2017 Media Guide,2017,1,ocr-text,unread,unread,unread,,682840,124296,1962,2019,2016,781,0,0,1,91,26,84,1,4,2,23,43,,,,0
lions-2017-media-guide-detroit,nfl-books,nfl-books/text_all/lions-2017-media-guide-detroit.txt,Detroit Lions 2017 Media Guide,2017,1,ocr-text,unread,unread,unread,,1632070,292356,1850,2029,2016,1538,1,1,1,133,18,182,0,265,162,63,113,,,,0
nfl-2017-record-fact-book,nfl-books,nfl-books/text_all/nfl-2017-record-fact-book.txt,NFL Record & Fact Book 2017,2017,1,ocr-text,unread,unread,unread,,4345622,672513,1859,2025,2017,4246,3,0,1,36,39,309,0,1107,1100,216,690,overlapping,nfl-2018-record-fact-book,0.31,1
packers-2017-media-guide-green-bay-b,nfl-books,nfl-books/text_all/packers-2017-media-guide-green-bay-b.txt,Green Bay Packers 2017 Media Guide,2017,1,ocr-text,unread,unread,unread,,3892036,644909,1850,2026,2016,2824,11,0,9,419,186,350,0,218,266,498,491,,,,0
panthers-2017-media-guide-carolina,nfl-books,nfl-books/text_all/panthers-2017-media-guide-carolina.txt,Carolina Panthers 2017 Media Guide,2017,1,ocr-text,unread,unread,unread,,1645070,302658,1854,2027,2016,2428,0,0,10,131,207,177,2,89,237,473,343,,,,0
patriots-2017-media-guide-new-england,nfl-books,nfl-books/text_all/patriots-2017-media-guide-new-england.txt,New England Patriots 2017 Media Guide,2017,1,ocr-text,unread,unread,unread,,1980048,339333,1852,2020,2016,2102,0,0,4,176,93,181,2,264,1164,527,1070,,,,0
raiders-2017-media-guide-oakland,nfl-books,nfl-books/text_all/raiders-2017-media-guide-oakland.txt,Oakland Raiders 2017 Media Guide,2017,1,ocr-text,unread,unread,unread,,1710559,295962,1881,2018,2016,1901,3,0,5,292,296,183,0,11,883,96,81,,,,0
rams-2017-media-guide-los-angeles,nfl-books,nfl-books/text_all/rams-2017-media-guide-los-angeles.txt,Los Angeles Rams 2017 Media Guide,2017,1,ocr-text,unread,unread,unread,,1924607,311580,1851,2028,2016,1868,5,0,1,280,438,257,0,21,1028,558,430,,,,0
ravens-2017-media-guide-baltimore,nfl-books,nfl-books/text_all/ravens-2017-media-guide-baltimore.txt,Baltimore Ravens 2017 Media Guide,2017,1,ocr-text,unread,unread,unread,,1892901,316102,1856,2027,2016,979,2,1,2,175,177,151,0,291,246,227,595,,,,0
redskins-2017-media-guide-washington,nfl-books,nfl-books/text_all/redskins-2017-media-guide-washington.txt,Washington Redskins 2017 Media Guide,2017,1,ocr-text,unread,unread,unread,,1635868,253926,1873,2019,2017,2053,3,1,1,206,32,206,0,66,2818,67,157,,,,0
saints-2017-media-guide-new-orleans,nfl-books,nfl-books/text_all/saints-2017-media-guide-new-orleans.txt,New Orleans Saints 2017 Media Guide,2017,1,ocr-text,unread,unread,unread,,1848032,315053,1850,2027,2016,1909,2,0,4,194,214,134,0,174,53,470,1237,,,,0
seahawks-2017-media-guide-seattle,nfl-books,nfl-books/text_all/seahawks-2017-media-guide-seattle.txt,Seattle Seahawks 2017 Media Guide,2017,1,ocr-text,unread,unread,unread,,1413699,247374,1880,2029,2016,1073,5,0,7,180,180,147,159,52,418,382,290,,,,0
steelers-2017-media-guide-pittsburgh,nfl-books,nfl-books/text_all/steelers-2017-media-guide-pittsburgh.txt,Pittsburgh Steelers 2017 Media Guide,2017,1,ocr-text,unread,unread,unread,,1774426,312689,1852,2029,2016,1537,2,0,1,134,242,204,0,90,17,320,463,,,,0
texans-2017-media-guide-houston,nfl-books,nfl-books/text_all/texans-2017-media-guide-houston.txt,Houston Texans 2017 Media Guide,2017,1,ocr-text,unread,unread,unread,,1480829,245102,1859,2026,2016,1932,3,0,2,190,196,205,0,17,1054,143,408,,,,0
titans-2017-media-guide-tennessee,nfl-books,nfl-books/text_all/titans-2017-media-guide-tennessee.txt,Tennessee Titans 2017 Media Guide,2017,1,ocr-text,unread,unread,unread,,2397166,423715,1851,2022,2016,3489,7,0,4,327,266,183,0,247,2691,375,504,overlapping,titans-2016-media-guide-tennessee,0.347,4
vikings-2017-media-guide-minnesota,nfl-books,nfl-books/text_all/vikings-2017-media-guide-minnesota.txt,Minnesota Vikings 2017 Media Guide,2017,1,ocr-text,unread,unread,unread,,1556840,264291,1863,2025,2016,638,4,1,1,280,103,172,2,21,464,68,18,,,,0
49ers-2018-media-guide-san-francisco-b,nfl-books,nfl-books/text_all/49ers-2018-media-guide-san-francisco-b.txt,San Francisco 49ers 2018 Media Guide,2018,1,ocr-text,unread,unread,unread,,2336462,410666,1910,2026,2017,1820,6,0,2,297,36,314,0,156,586,321,581,,,,0
bears-2018-media-guide-chicago-b,nfl-books,nfl-books/text_all/bears-2018-media-guide-chicago-b.txt,Chicago Bears 2018 Media Guide,2018,1,ocr-text,unread,unread,unread,,1699227,284926,1850,2029,2017,1159,1,0,4,134,120,81,1,263,680,418,1140,,,,0
bengals-2018-media-guide-cincinnati,nfl-books,nfl-books/text_all/bengals-2018-media-guide-cincinnati.txt,Cincinnati Bengals 2018 Media Guide,2018,1,ocr-text,unread,unread,unread,,1879603,321069,1850,2028,2017,945,19,0,3,104,297,148,144,180,1260,338,870,overlapping,bengals-2019-media-guide-cincinnati,0.384,2
bills-2018-media-guide-buffalo,nfl-books,nfl-books/text_all/bills-2018-media-guide-buffalo.txt,Buffalo Bills 2018 Media Guide,2018,1,ocr-text,unread,unread,unread,,986550,182001,1851,2026,2017,621,5,0,1,71,18,98,0,170,104,261,148,overlapping,bills-2019-media-guide-buffalo,0.389,1
broncos-2018-media-guide-denver,nfl-books,nfl-books/text_all/broncos-2018-media-guide-denver.txt,Denver Broncos 2018 Media Guide,2018,1,ocr-text,unread,unread,unread,,2967032,542243,1851,2029,2017,3074,2,0,3,303,249,264,9,1728,1610,1122,1795,overlapping,broncos-2017-media-guide-denver,0.372,4
browns-2018-media-guide-cleveland,nfl-books,nfl-books/text_all/browns-2018-media-guide-cleveland.txt,Cleveland Browns 2018 Media Guide,2018,1,ocr-text,unread,unread,unread,,1796034,307821,1850,2029,2016,1373,3,0,4,252,188,242,0,608,31,397,141,,,,0
buccaneers-2018-media-guide-tampa-bay-b,nfl-books,nfl-books/text_all/buccaneers-2018-media-guide-tampa-bay-b.txt,Tampa Bay Buccaneers 2018 Media Guide,2018,1,ocr-text,unread,unread,unread,,1556980,264553,1881,2023,2016,1475,1,0,1,231,100,168,2,62,698,144,157,,,,0
cardinals-2018-media-guide-arizona,nfl-books,nfl-books/text_all/cardinals-2018-media-guide-arizona.txt,Arizona Cardinals 2018 Media Guide,2018,1,ocr-text,unread,unread,unread,,2237107,375876,1861,2027,2017,1555,3,0,3,357,316,139,4,191,659,270,147,,,,0
chargers-2018-media-guide-los-angeles,nfl-books,nfl-books/text_all/chargers-2018-media-guide-los-angeles.txt,Los Angeles Chargers 2018 Media Guide,2018,1,ocr-text,unread,unread,unread,,1891119,325805,1851,2020,2017,1798,1,0,3,162,251,264,0,123,2475,685,1708,,,,0
chiefs-2018-media-guide-kansas-city,nfl-books,nfl-books/text_all/chiefs-2018-media-guide-kansas-city.txt,Kansas City Chiefs 2018 Media Guide,2018,1,ocr-text,unread,unread,unread,,2279245,395571,1852,2028,2017,1649,1,0,1,194,24,160,0,261,1498,295,484,,,,0
colts-2018-media-guide-indianapolis,nfl-books,nfl-books/text_all/colts-2018-media-guide-indianapolis.txt,Indianapolis Colts 2018 Media Guide,2018,1,ocr-text,unread,unread,unread,,2009939,368771,1853,2029,2017,1470,1,0,22,199,187,234,0,7,180,473,692,,,,0
cowboys-2018-media-guide-dallas,nfl-books,nfl-books/text_all/cowboys-2018-media-guide-dallas.txt,Dallas Cowboys 2018 Media Guide,2018,1,ocr-text,unread,unread,unread,,1852603,316963,1858,2026,2017,1702,20,0,6,266,168,153,0,108,1962,537,253,,,,0
dolphins-2018-media-guide-miami,nfl-books,nfl-books/text_all/dolphins-2018-media-guide-miami.txt,Miami Dolphins 2018 Media Guide,2018,1,ocr-text,unread,unread,unread,,2364434,402633,1850,2029,2017,2654,18,0,2,346,274,105,2,259,867,382,577,,,,0
eagles-2018-media-guide-philadelphia,nfl-books,nfl-books/text_all/eagles-2018-media-guide-philadelphia.txt,Philadelphia Eagles 2018 Media Guide,2018,1,ocr-text,unread,unread,unread,,1747122,322081,1855,2029,2018,890,11,0,4,84,33,80,2,130,353,309,308,,,,0
falcons-2018-media-guide-atlanta,nfl-books,nfl-books/text_all/falcons-2018-media-guide-atlanta.txt,Atlanta Falcons 2018 Media Guide,2018,1,ocr-text,unread,unread,unread,,1196230,191738,1900,2020,2017,715,1,0,2,148,35,104,0,12,361,58,21,,,,0
giants-2018-media-guide-new-york,nfl-books,nfl-books/text_all/giants-2018-media-guide-new-york.txt,New York Giants 2018 Media Guide,2018,1,ocr-text,unread,unread,unread,,1665297,262188,1900,2018,2017,2097,0,0,5,192,300,235,0,26,189,60,25,,,,0
jaguars-2018-media-guide-jacksonville,nfl-books,nfl-books/text_all/jaguars-2018-media-guide-jacksonville.txt,Jacksonville Jaguars 2018 Media Guide,2018,1,ocr-text,unread,unread,unread,,1488423,246229,1860,2025,2017,1190,3,0,2,117,13,199,0,4,98,190,72,,,,0
jets-2018-media-guide-new-york,nfl-books,nfl-books/text_all/jets-2018-media-guide-new-york.txt,New York Jets 2018 Media Guide,2018,1,ocr-text,unread,unread,unread,,855114,152695,1946,2019,2017,1270,0,0,7,98,36,102,0,4,2,26,79,,,,0
lions-2018-media-guide-detroit,nfl-books,nfl-books/text_all/lions-2018-media-guide-detroit.txt,Detroit Lions 2018 Media Guide,2018,1,ocr-text,unread,unread,unread,,1023327,182354,1850,2021,2017,717,1,0,0,92,9,183,1,132,217,129,57,,,,0
nfl-2018-record-fact-book,nfl-books,nfl-books/text_all/nfl-2018-record-fact-book.txt,NFL Record & Fact Book 2018,2018,1,ocr-text,unread,unread,unread,,4396609,680703,1852,2025,2018,4275,3,0,1,34,39,340,0,1275,843,230,780,overlapping,nfl-2017-record-fact-book,0.3,1
packers-2018-media-guide-green-bay,nfl-books,nfl-books/text_all/packers-2018-media-guide-green-bay.txt,Green Bay Packers 2018 Media Guide,2018,1,ocr-text,unread,unread,unread,,3905450,648015,1850,2026,2017,2902,5,0,16,446,257,341,0,309,245,490,586,,,,0
panthers-2018-media-guide-carolina,nfl-books,nfl-books/text_all/panthers-2018-media-guide-carolina.txt,Carolina Panthers 2018 Media Guide,2018,1,ocr-text,unread,unread,unread,,1638324,301956,1854,2029,2017,2368,0,0,7,160,191,156,2,113,32,488,348,,,,0
patriots-2018-media-guide-new-england,nfl-books,nfl-books/text_all/patriots-2018-media-guide-new-england.txt,New England Patriots 2018 Media Guide,2018,1,ocr-text,unread,unread,unread,,2105862,359092,1852,2029,2017,2216,4,4,2,189,82,177,2,205,1183,557,1106,,,,0
raiders-2018-media-guide-oakland,nfl-books,nfl-books/text_all/raiders-2018-media-guide-oakland.txt,Oakland Raiders 2018 Media Guide,2018,1,ocr-text,unread,unread,unread,,1837640,325646,1875,2027,2017,1983,1,0,3,272,280,174,0,78,725,88,35,,,,0
rams-2018-media-guide-los-angeles,nfl-books,nfl-books/text_all/rams-2018-media-guide-los-angeles.txt,Los Angeles Rams 2018 Media Guide,2018,1,ocr-text,unread,unread,unread,,2116311,365241,1909,2028,2017,2089,5,0,1,282,338,203,0,65,1189,512,396,overlapping,rams-2019-media-guide-los-angeles,0.303,1
ravens-2018-media-guide-baltimore,nfl-books,nfl-books/text_all/ravens-2018-media-guide-baltimore.txt,Baltimore Ravens 2018 Media Guide,2018,1,ocr-text,unread,unread,unread,,9167,981,1996,2018,2018,5,0,0,0,0,0,0,0,0,0,0,0,,,,0
redskins-2018-media-guide-washington,nfl-books,nfl-books/text_all/redskins-2018-media-guide-washington.txt,Washington Redskins 2018 Media Guide,2018,1,ocr-text,unread,unread,unread,,1617836,251200,1853,2019,2018,1903,2,1,2,200,26,210,0,39,2773,58,165,,,,0
saints-2018-media-guide-new-orleans,nfl-books,nfl-books/text_all/saints-2018-media-guide-new-orleans.txt,New Orleans Saints 2018 Media Guide,2018,1,ocr-text,unread,unread,unread,,1847742,311882,1850,2027,2017,1909,1,0,3,177,242,130,0,213,30,495,1493,,,,0
seahawks-2018-media-guide-seattle,nfl-books,nfl-books/text_all/seahawks-2018-media-guide-seattle.txt,Seattle Seahawks 2018 Media Guide,2018,1,ocr-text,unread,unread,unread,,1391767,242175,1880,2029,2012,1038,5,0,4,171,194,138,164,26,471,363,317,,,,0
steelers-2018-media-guide-pittsburgh,nfl-books,nfl-books/text_all/steelers-2018-media-guide-pittsburgh.txt,Pittsburgh Steelers 2018 Media Guide,2018,1,ocr-text,unread,unread,unread,,1543263,263947,1850,2029,2017,1242,0,0,2,185,153,192,0,66,6,259,530,,,,0
texans-2018-media-guide-houston-a-b,nfl-books,nfl-books/text_all/texans-2018-media-guide-houston-a-b.txt,Houston Texans 2018 Media Guide,2018,1,ocr-text,unread,unread,unread,,1488208,255826,1859,2025,2017,1691,5,0,8,205,166,200,0,13,1102,197,570,,,,0
titans-2018-media-guide-tennessee,nfl-books,nfl-books/text_all/titans-2018-media-guide-tennessee.txt,Tennessee Titans 2018 Media Guide,2018,1,ocr-text,unread,unread,unread,,2526252,446352,1851,2020,2017,3742,4,0,6,355,239,215,0,197,2675,383,568,overlapping,titans-2019-media-guide-tennessee,0.339,2
vikings-2018-media-guide-minnesota,nfl-books,nfl-books/text_all/vikings-2018-media-guide-minnesota.txt,Minnesota Vikings 2018 Media Guide,2018,1,ocr-text,unread,unread,unread,,1625582,272283,1864,2020,2017,752,6,1,1,262,106,201,2,27,454,77,59,,,,0
49ers-2019-media-guide-san-francisco,nfl-books,nfl-books/text_all/49ers-2019-media-guide-san-francisco.txt,San Francisco 49ers 2019 Media Guide,2019,1,ocr-text,unread,unread,unread,,2503414,443568,1861,2026,2019,1873,9,1,1,309,29,347,0,170,718,333,415,,,,0
bears-2019-media-guide-chicago-b,nfl-books,nfl-books/text_all/bears-2019-media-guide-chicago-b.txt,Chicago Bears 2019 Media Guide,2019,1,ocr-text,unread,unread,unread,,1698065,289943,1852,2027,2018,1155,1,0,5,150,80,73,0,54,763,527,262,,,,0
bengals-2019-media-guide-cincinnati,nfl-books,nfl-books/text_all/bengals-2019-media-guide-cincinnati.txt,Cincinnati Bengals 2019 Media Guide,2019,1,ocr-text,unread,unread,unread,,1988765,340501,1850,2028,2018,967,22,1,5,120,374,204,181,66,1450,337,949,overlapping,bengals-2020-media-guide-cincinnati,0.397,2
bills-2019-media-guide-buffalo,nfl-books,nfl-books/text_all/bills-2019-media-guide-buffalo.txt,Buffalo Bills 2019 Media Guide,2019,1,ocr-text,club media/press guide,biography+statistics+roster-table,"read-2026-09-07-yearbooks (stratified sample n=56 of 2,462 post-1950 texts, seed 20260907)",,1109427,200259,1851,2028,2018,767,6,0,1,64,15,82,0,75,65,263,146,overlapping,bills-2018-media-guide-buffalo,0.346,1
broncos-2019-media-guide-denver,nfl-books,nfl-books/text_all/broncos-2019-media-guide-denver.txt,Denver Broncos 2019 Media Guide,2019,1,ocr-text,unread,unread,unread,,2941653,539082,1851,2029,2018,3119,1,0,1,332,223,268,8,1840,1613,1135,1974,overlapping,broncos-2018-media-guide-denver,0.357,3
browns-2019-media-guide-cleveland-b,nfl-books,nfl-books/text_all/browns-2019-media-guide-cleveland-b.txt,Cleveland Browns 2019 Media Guide,2019,1,ocr-text,unread,unread,unread,,1819086,313099,1857,2029,2018,1445,3,0,2,228,21,230,0,121,37,384,193,,,,0
buccaneers-2019-media-guide-tampa-bay-b,nfl-books,nfl-books/text_all/buccaneers-2019-media-guide-tampa-bay-b.txt,Tampa Bay Buccaneers 2019 Media Guide,2019,1,ocr-text,club media/press guide,biography+statistics,"read-2026-09-07-yearbooks (stratified sample n=56 of 2,462 post-1950 texts, seed 20260907)",,1591634,266664,1861,2023,2018,1370,1,0,1,206,151,167,2,7,112,207,177,,,,0
cardinals-2019-media-guide-arizona,nfl-books,nfl-books/text_all/cardinals-2019-media-guide-arizona.txt,Arizona Cardinals 2019 Media Guide,2019,1,ocr-text,unread,unread,unread,,2184702,372800,1861,2027,2018,1720,3,0,1,270,116,142,3,106,722,289,115,,,,0
chargers-2019-media-guide-los-angeles,nfl-books,nfl-books/text_all/chargers-2019-media-guide-los-angeles.txt,Los Angeles Chargers 2019 Media Guide,2019,1,ocr-text,unread,unread,unread,,2262873,395930,1851,2022,2018,2120,1,0,3,148,264,263,0,170,2461,736,1840,,,,0
chiefs-2019-media-guide-kansas-city,nfl-books,nfl-books/text_all/chiefs-2019-media-guide-kansas-city.txt,Kansas City Chiefs 2019 Media Guide,2019,1,ocr-text,unread,unread,unread,,2295475,400161,1852,2028,2018,1639,2,0,2,197,28,160,0,315,1673,267,739,,,,0
colts-2019-media-guide-indianapolis,nfl-books,nfl-books/text_all/colts-2019-media-guide-indianapolis.txt,Indianapolis Colts 2019 Media Guide,2019,1,ocr-text,unread,unread,unread,,2102577,385654,1852,2029,2018,1471,1,0,19,196,180,217,0,11,204,548,840,,,,0
cowboys-2019-media-guide-dallas,nfl-books,nfl-books/text_all/cowboys-2019-media-guide-dallas.txt,Dallas Cowboys 2019 Media Guide,2019,1,ocr-text,unread,unread,unread,,1976435,339310,1861,2024,2018,1743,43,0,6,273,165,153,0,112,1582,570,222,,,,0
dolphins-2019-media-guide-miami,nfl-books,nfl-books/text_all/dolphins-2019-media-guide-miami.txt,Miami Dolphins 2019 Media Guide,2019,1,ocr-text,unread,unread,unread,,2271132,392674,1850,2029,2018,2642,17,0,2,323,242,115,1,136,98,431,456,,,,0
eagles-2019-media-guide-philadelphia,nfl-books,nfl-books/text_all/eagles-2019-media-guide-philadelphia.txt,Philadelphia Eagles 2019 Media Guide,2019,1,ocr-text,unread,unread,unread,,1882625,348668,1855,2027,2019,956,11,0,4,115,60,96,34,211,262,313,311,,,,0
falcons-2019-media-guide-atlanta,nfl-books,nfl-books/text_all/falcons-2019-media-guide-atlanta.txt,Atlanta Falcons 2019 Media Guide,2019,1,ocr-text,unread,unread,unread,,1088491,193038,1933,2020,2018,703,2,0,2,161,25,127,0,24,515,62,17,,,,0
giants-2019-media-guide-new-york,nfl-books,nfl-books/text_all/giants-2019-media-guide-new-york.txt,New York Giants 2019 Media Guide,2019,1,ocr-text,unread,unread,unread,,1682877,263725,1900,2019,2018,2121,3,0,4,202,283,242,0,7,193,79,31,,,,0
jaguars-2019-media-guide-jacksonville,nfl-books,nfl-books/text_all/jaguars-2019-media-guide-jacksonville.txt,Jacksonville Jaguars 2019 Media Guide,2019,1,ocr-text,unread,unread,unread,,1283420,211854,1850,2025,2017,836,0,0,1,121,12,177,0,13,239,196,31,,,,0
jets-2019-media-guide-new-york,nfl-books,nfl-books/text_all/jets-2019-media-guide-new-york.txt,New York Jets 2019 Media Guide,2019,1,ocr-text,unread,unread,unread,,555111,95900,1933,2021,2018,614,2,0,1,138,10,63,0,0,5,16,74,near-identical,jets-2020-media-guide-new-york,0.979,1
lions-2019-media-guide-detroit,nfl-books,nfl-books/text_all/lions-2019-media-guide-detroit.txt,Detroit Lions 2019 Media Guide,2019,1,ocr-text,unread,unread,unread,,987449,172922,1850,2027,2018,1308,1,0,1,111,7,173,0,129,227,33,18,,,,0
nfl-2019-record-fact-book,nfl-books,nfl-books/text_all/nfl-2019-record-fact-book.txt,NFL Record & Fact Book 2019,2019,1,ocr-text,unread,unread,unread,,4652790,725120,1855,2028,2019,4336,3,0,1,36,44,342,0,814,915,228,750,,,,0
packers-2019-media-guide-green-bay-b,nfl-books,nfl-books/text_all/packers-2019-media-guide-green-bay-b.txt,Green Bay Packers 2019 Media Guide,2019,1,ocr-text,unread,unread,unread,,3778016,629412,1850,2027,2018,2568,2,0,9,433,185,329,0,301,305,501,608,,,,0
panthers-2019-media-guide-carolina,nfl-books,nfl-books/text_all/panthers-2019-media-guide-carolina.txt,Carolina Panthers 2019 Media Guide,2019,1,ocr-text,unread,unread,unread,,1498196,270149,1854,2026,2018,1914,0,0,4,115,26,144,2,84,74,399,596,,,,0
patriots-2019-media-guide-new-england,nfl-books,nfl-books/text_all/patriots-2019-media-guide-new-england.txt,New England Patriots 2019 Media Guide,2019,1,ocr-text,unread,unread,unread,,2073898,358082,1852,2029,2018,2160,4,3,3,165,185,159,2,266,339,628,893,,,,0
raiders-2019-media-guide-oakland,nfl-books,nfl-books/text_all/raiders-2019-media-guide-oakland.txt,Oakland Raiders 2019 Media Guide,2019,1,ocr-text,unread,unread,unread,,1828912,320676,1850,2029,2018,1881,2,0,4,241,349,193,154,10,810,106,64,,,,0
rams-2019-media-guide-los-angeles,nfl-books,nfl-books/text_all/rams-2019-media-guide-los-angeles.txt,Los Angeles Rams 2019 Media Guide,2019,1,ocr-text,unread,unread,unread,,2346654,407348,1904,2028,2018,2527,0,0,1,325,345,212,0,90,1203,506,495,overlapping,rams-2018-media-guide-los-angeles,0.268,1
ravens-2019-media-guide-baltimore,nfl-books,nfl-books/text_all/ravens-2019-media-guide-baltimore.txt,Baltimore Ravens 2019 Media Guide,2019,1,ocr-text,unread,unread,unread,,2059092,345687,1856,2027,2018,996,22,2,2,192,124,174,0,215,380,265,601,,,,0
redskins-2019-media-guide-washington,nfl-books,nfl-books/text_all/redskins-2019-media-guide-washington.txt,Washington Redskins 2019 Media Guide,2019,1,ocr-text,unread,unread,unread,,1667105,262840,1860,2019,2019,2048,3,1,5,232,29,223,0,64,2572,66,153,,,,0
saints-2019-media-guide-new-orleans,nfl-books,nfl-books/text_all/saints-2019-media-guide-new-orleans.txt,New Orleans Saints 2019 Media Guide,2019,1,ocr-text,unread,unread,unread,,1910719,324235,1850,2027,2018,2222,4,0,10,188,324,145,0,262,39,496,463,,,,0
seahawks-2019-media-guide-seattle,nfl-books,nfl-books/text_all/seahawks-2019-media-guide-seattle.txt,Seattle Seahawks 2019 Media Guide,2019,1,ocr-text,unread,unread,unread,,1297312,223697,1880,2029,2018,1066,5,0,3,207,225,163,123,36,352,291,330,,,,0
steelers-2019-media-guide-pittsburgh,nfl-books,nfl-books/text_all/steelers-2019-media-guide-pittsburgh.txt,Pittsburgh Steelers 2019 Media Guide,2019,1,ocr-text,unread,unread,unread,,1459201,247287,1852,2020,2018,1036,1,0,4,205,233,175,0,16,68,262,562,,,,0
texans-2019-media-guide-houston,nfl-books,nfl-books/text_all/texans-2019-media-guide-houston.txt,Houston Texans 2019 Media Guide,2019,1,ocr-text,unread,unread,unread,,1560370,266144,1859,2029,2018,1938,4,0,7,253,152,207,0,19,976,160,464,,,,0
titans-2019-media-guide-tennessee,nfl-books,nfl-books/text_all/titans-2019-media-guide-tennessee.txt,Tennessee Titans 2019 Media Guide,2019,1,ocr-text,unread,unread,unread,,2655701,468575,1851,2023,2018,3841,3,0,5,359,263,213,0,255,2628,405,435,overlapping,titans-2018-media-guide-tennessee,0.322,3
vikings-2019-media-guide-minnesota,nfl-books,nfl-books/text_all/vikings-2019-media-guide-minnesota.txt,Minnesota Vikings 2019 Media Guide,2019,1,ocr-text,unread,unread,unread,,3663,534,2018,2019,2018,0,0,0,0,0,0,0,0,0,0,0,0,,,,0
49ers-2020-media-guide-san-francisco,nfl-books,nfl-books/text_all/49ers-2020-media-guide-san-francisco.txt,San Francisco 49ers 2020 Media Guide,2020,1,ocr-text,unread,unread,unread,,2735188,484316,1862,2026,2019,2004,8,1,2,272,44,333,0,175,795,367,386,,,,0
bears-2020-media-guide-chicago,nfl-books,nfl-books/text_all/bears-2020-media-guide-chicago.txt,Chicago Bears 2020 Media Guide,2020,1,ocr-text,unread,unread,unread,,1716507,291287,1852,2026,2019,1336,1,0,4,131,124,98,0,247,632,598,247,,,,0
bengals-2020-media-guide-cincinnati,nfl-books,nfl-books/text_all/bengals-2020-media-guide-cincinnati.txt,Cincinnati Bengals 2020 Media Guide,2020,1,ocr-text,unread,unread,unread,,2005531,343609,1850,2027,2019,997,30,1,5,111,343,196,168,141,1414,348,960,overlapping,bengals-2019-media-guide-cincinnati,0.408,2
bills-2020-media-guide-buffalo,nfl-books,nfl-books/text_all/bills-2020-media-guide-buffalo.txt,Buffalo Bills 2020 Media Guide,2020,1,ocr-text,unread,unread,unread,,957091,171676,1851,2028,2019,804,3,0,0,63,23,64,0,74,65,272,114,,,,0
broncos-2020-media-guide-denver,nfl-books,nfl-books/text_all/broncos-2020-media-guide-denver.txt,Denver Broncos 2020 Media Guide,2020,1,ocr-text,unread,unread,unread,,2961704,542675,1851,2029,2019,3099,2,0,0,287,243,285,8,1793,1808,1147,2066,overlapping,broncos-2022-media-guide-denver,0.325,1
browns-2020-media-guide-cleveland-b,nfl-books,nfl-books/text_all/browns-2020-media-guide-cleveland-b.txt,Cleveland Browns 2020 Media Guide,2020,1,ocr-text,unread,unread,unread,,1634299,281479,1857,2029,2019,905,0,0,0,129,47,157,0,107,31,392,230,,,,0
buccaneers-2020-media-guide-tampa-bay,nfl-books,nfl-books/text_all/buccaneers-2020-media-guide-tampa-bay.txt,Tampa Bay Buccaneers 2020 Media Guide,2020,1,ocr-text,unread,unread,unread,,1621885,265852,1863,2023,2019,1461,1,0,1,199,147,171,2,13,29,237,175,overlapping,buccaneers-2021-media-guide-tampa-bay-b,0.32,1
cardinals-2020-media-guide-arizona,nfl-books,nfl-books/text_all/cardinals-2020-media-guide-arizona.txt,Arizona Cardinals 2020 Media Guide,2020,1,ocr-text,unread,unread,unread,,2072258,348795,1861,2029,2019,1452,3,0,4,257,95,142,3,260,845,359,122,,,,0
chargers-2020-media-guide-los-angeles,nfl-books,nfl-books/text_all/chargers-2020-media-guide-los-angeles.txt,Los Angeles Chargers 2020 Media Guide,2020,1,ocr-text,unread,unread,unread,,1991347,340744,1851,2028,2019,1949,2,0,1,153,218,248,0,122,3049,713,1579,,,,0
chiefs-2020-media-guide-kansas-city,nfl-books,nfl-books/text_all/chiefs-2020-media-guide-kansas-city.txt,Kansas City Chiefs 2020 Media Guide,2020,1,ocr-text,unread,unread,unread,,2401786,434407,1855,2026,2019,1644,3,0,2,177,20,130,1,217,642,386,920,,,,0
colts-2020-media-guide-indianapolis,nfl-books,nfl-books/text_all/colts-2020-media-guide-indianapolis.txt,Indianapolis Colts 2020 Media Guide,2020,1,ocr-text,unread,unread,unread,,2038425,374212,1850,2029,2019,1629,0,0,9,180,176,222,0,58,210,678,788,overlapping,colts-2021-media-guide-indianapolis,0.305,1
cowboys-2020-media-guide-dallas,nfl-books,nfl-books/text_all/cowboys-2020-media-guide-dallas.txt,Dallas Cowboys 2020 Media Guide,2020,1,ocr-text,unread,unread,unread,,1952505,334245,1882,2025,2019,1711,26,0,0,266,149,141,0,92,2106,527,180,,,,0
dolphins-2020-media-guide-miami-b,nfl-books,nfl-books/text_all/dolphins-2020-media-guide-miami-b.txt,Miami Dolphins 2020 Media Guide,2020,1,ocr-text,unread,unread,unread,,2307018,392572,1850,2029,2019,2553,17,0,3,300,233,107,1,302,183,373,369,,,,0
eagles-2020-media-guide-philadelphia,nfl-books,nfl-books/text_all/eagles-2020-media-guide-philadelphia.txt,Philadelphia Eagles 2020 Media Guide,2020,1,ocr-text,unread,unread,unread,,1838821,329567,1855,2027,2020,878,11,0,1,111,57,102,24,23,284,416,129,,,,0
falcons-2020-media-guide-atlanta,nfl-books,nfl-books/text_all/falcons-2020-media-guide-atlanta.txt,Atlanta Falcons 2020 Media Guide,2020,1,ocr-text,unread,unread,unread,,1238938,214920,1881,2020,2019,642,1,0,2,155,8,118,0,11,377,96,40,,,,0
giants-2020-media-guide-new-york,nfl-books,nfl-books/text_all/giants-2020-media-guide-new-york.txt,New York Giants 2020 Media Guide,2020,1,ocr-text,unread,unread,unread,,1602761,251219,1900,2020,2019,1963,1,0,3,212,286,209,0,61,215,71,29,,,,0
jaguars-2020-media-guide-jacksonville,nfl-books,nfl-books/text_all/jaguars-2020-media-guide-jacksonville.txt,Jacksonville Jaguars 2020 Media Guide,2020,1,ocr-text,club media/press guide,biography+statistics+roster-table,"read-2026-09-07-yearbooks (stratified sample n=56 of 2,462 post-1950 texts, seed 20260907)",,1336818,221835,1860,2025,2019,1250,3,0,1,176,87,172,0,6,605,182,34,,,,0
jets-2020-media-guide-new-york,nfl-books,nfl-books/text_all/jets-2020-media-guide-new-york.txt,New York Jets 2020 Media Guide,2020,1,ocr-text,unread,unread,unread,,555111,95900,1933,2021,2018,614,2,0,1,138,10,63,0,0,5,16,74,near-identical,jets-2019-media-guide-new-york,0.979,1
lions-2020-media-guide-detroit,nfl-books,nfl-books/text_all/lions-2020-media-guide-detroit.txt,Detroit Lions 2020 Media Guide,2020,1,ocr-text,unread,unread,unread,,968633,166688,1850,2021,2019,1249,0,0,0,91,5,154,1,123,365,37,14,,,,0
nfl-record-fact-book-2020-c,nfl-books,nfl-books/text_all/nfl-record-fact-book-2020-c.txt,NFL Record & Fact Book 2020,2020,1,ocr-text,unread,unread,unread,,4573662,704671,1852,2025,2020,4238,3,0,1,36,41,366,0,1377,961,222,704,,,,0
packers-2020-media-guide-green-bay,nfl-books,nfl-books/text_all/packers-2020-media-guide-green-bay.txt,Green Bay Packers 2020 Media Guide,2020,1,ocr-text,unread,unread,unread,,3764296,625512,1850,2026,2019,2527,3,0,4,441,180,307,0,316,308,503,684,,,,0
panthers-2020-media-guide-carolina,nfl-books,nfl-books/text_all/panthers-2020-media-guide-carolina.txt,Carolina Panthers 2020 Media Guide,2020,1,ocr-text,unread,unread,unread,,1391019,252321,1878,2026,2019,1603,0,0,2,131,15,140,2,95,58,353,571,,,,0
patriots-2020-media-guide-new-england,nfl-books,nfl-books/text_all/patriots-2020-media-guide-new-england.txt,New England Patriots 2020 Media Guide,2020,1,ocr-text,unread,unread,unread,,1909038,329135,1852,2029,2019,1790,4,4,2,149,179,145,2,263,449,669,961,,,,0
raiders-2020-media-guide-las-vegas,nfl-books,nfl-books/text_all/raiders-2020-media-guide-las-vegas.txt,Las Vegas Raiders 2020 Media Guide,2020,1,ocr-text,unread,unread,unread,,1885072,328822,1914,2028,2019,1776,2,0,5,221,366,180,0,31,910,105,49,,,,0
rams-2020-media-guide-los-angeles,nfl-books,nfl-books/text_all/rams-2020-media-guide-los-angeles.txt,Los Angeles Rams 2020 Media Guide,2020,1,ocr-text,unread,unread,unread,,2220883,389668,1890,2028,2018,2155,0,0,1,251,241,157,0,100,1204,544,578,,,,0
redskins-2020-media-guide-washington,nfl-books,nfl-books/text_all/redskins-2020-media-guide-washington.txt,Washington Football Team 2020 Media Guide,2020,1,ocr-text,unread,unread,unread,,1454621,225912,1878,2020,2020,1726,1,0,5,186,29,189,0,22,2721,47,135,,,,0
saints-2020-media-guide-new-orleans,nfl-books,nfl-books/text_all/saints-2020-media-guide-new-orleans.txt,New Orleans Saints 2020 Media Guide,2020,1,ocr-text,unread,unread,unread,,2006858,339270,1850,2027,2019,2438,4,0,4,208,340,142,0,201,25,515,751,,,,0
seahawks-2020-media-guide-seattle,nfl-books,nfl-books/text_all/seahawks-2020-media-guide-seattle.txt,Seattle Seahawks 2020 Media Guide,2020,1,ocr-text,unread,unread,unread,,1348572,235349,1880,2029,2019,1085,5,0,1,163,299,166,185,36,519,439,312,,,,0
steelers-2020-media-guide-pittsburgh,nfl-books,nfl-books/text_all/steelers-2020-media-guide-pittsburgh.txt,Pittsburgh Steelers 2020 Media Guide,2020,1,ocr-text,unread,unread,unread,,1634726,275164,1852,2029,2020,1255,0,0,1,208,120,178,0,30,190,266,598,,,,0
texans-2020-media-guide-houston,nfl-books,nfl-books/text_all/texans-2020-media-guide-houston.txt,Houston Texans 2020 Media Guide,2020,1,ocr-text,unread,unread,unread,,1653736,282256,1859,2022,2019,1976,3,0,4,250,138,216,0,38,1244,187,651,,,,0
titans-2020-media-guide-tennessee,nfl-books,nfl-books/text_all/titans-2020-media-guide-tennessee.txt,Tennessee Titans 2020 Media Guide,2020,1,ocr-text,unread,unread,unread,,2613836,464839,1851,2022,2019,3651,5,0,3,307,248,199,0,327,3001,398,640,overlapping,titans-2019-media-guide-tennessee,0.321,3
vikings-2020-media-guide-minnesota,nfl-books,nfl-books/text_all/vikings-2020-media-guide-minnesota.txt,Minnesota Vikings 2020 Media Guide,2020,1,ocr-text,unread,unread,unread,,1536408,259220,1885,2021,2019,568,5,0,1,228,105,140,2,29,502,44,9,,,,0
49ers-2021-media-guide-san-francisco,nfl-books,nfl-books/text_all/49ers-2021-media-guide-san-francisco.txt,San Francisco 49ers 2021 Media Guide,2021,1,ocr-text,unread,unread,unread,,2777554,501139,1876,2026,2019,1988,1,1,1,308,41,312,0,189,1039,336,496,,,,0
bears-2021-media-guide-chicago,nfl-books,nfl-books/text_all/bears-2021-media-guide-chicago.txt,Chicago Bears 2021 Media Guide,2021,1,ocr-text,unread,unread,unread,,1783079,300748,1850,2028,2020,1328,2,1,4,157,130,96,0,258,667,588,223,,,,0
bengals-2021-media-guide-cincinnati,nfl-books,nfl-books/text_all/bengals-2021-media-guide-cincinnati.txt,Cincinnati Bengals 2021 Media Guide,2021,1,ocr-text,unread,unread,unread,,1946165,328483,1850,2027,2020,956,30,0,3,111,353,187,170,141,1475,332,902,,,,0
bills-2021-media-guide-buffalo,nfl-books,nfl-books/text_all/bills-2021-media-guide-buffalo.txt,Buffalo Bills 2021 Media Guide,2021,1,ocr-text,unread,unread,unread,,1035830,186818,1851,2028,2020,823,3,0,1,72,18,57,0,136,24,280,124,,,,0
broncos-2021-media-guide-denver,nfl-books,nfl-books/text_all/broncos-2021-media-guide-denver.txt,Denver Broncos 2021 Media Guide,2021,1,ocr-text,unread,unread,unread,,3075241,561423,1851,2029,2020,3354,1,0,1,295,255,245,7,1798,1786,1180,2168,overlapping,broncos-2019-media-guide-denver,0.335,2
browns-2021-media-guide-cleveland,nfl-books,nfl-books/text_all/browns-2021-media-guide-cleveland.txt,Cleveland Browns 2021 Media Guide,2021,1,ocr-text,unread,unread,unread,,1668807,286009,1863,2029,2020,895,0,1,0,139,30,152,0,219,43,406,223,,,,0
buccaneers-2021-media-guide-tampa-bay-b,nfl-books,nfl-books/text_all/buccaneers-2021-media-guide-tampa-bay-b.txt,Tampa Bay Buccaneers 2021 Media Guide,2021,1,ocr-text,unread,unread,unread,,1900264,314240,1873,2026,2020,1834,1,0,1,198,157,196,2,4,98,256,140,overlapping,buccaneers-2020-media-guide-tampa-bay,0.295,1
cardinals-2021-media-guide-arizona,nfl-books,nfl-books/text_all/cardinals-2021-media-guide-arizona.txt,Arizona Cardinals 2021 Media Guide,2021,1,ocr-text,unread,unread,unread,,2113632,347568,1861,2025,2020,1426,3,0,5,299,95,150,3,189,808,363,266,,,,0
chargers-2021-media-guide-los-angeles,nfl-books,nfl-books/text_all/chargers-2021-media-guide-los-angeles.txt,Los Angeles Chargers 2021 Media Guide,2021,1,ocr-text,unread,unread,unread,,2122388,354469,1851,2028,2019,2121,3,0,4,196,251,274,0,64,195,685,1032,,,,0
chiefs-2021-media-guide-kansas-city-b,nfl-books,nfl-books/text_all/chiefs-2021-media-guide-kansas-city-b.txt,Kansas City Chiefs 2021 Media Guide,2021,1,ocr-text,unread,unread,unread,,2656817,484254,1851,2029,2021,1739,2,1,2,153,32,103,0,212,757,463,947,,,,0
colts-2021-media-guide-indianapolis,nfl-books,nfl-books/text_all/colts-2021-media-guide-indianapolis.txt,Indianapolis Colts 2021 Media Guide,2021,1,ocr-text,unread,unread,unread,,2245254,412580,1850,2029,2020,1897,0,0,11,165,229,250,0,59,223,741,797,overlapping,colts-2020-media-guide-indianapolis,0.285,1
cowboys-2021-media-guide-dallas,nfl-books,nfl-books/text_all/cowboys-2021-media-guide-dallas.txt,Dallas Cowboys 2021 Media Guide,2021,1,ocr-text,unread,unread,unread,,1974071,335222,1856,2029,2020,1743,15,0,1,300,169,130,0,89,2205,576,302,,,,0
dolphins-2021-media-guide-miami-b,nfl-books,nfl-books/text_all/dolphins-2021-media-guide-miami-b.txt,Miami Dolphins 2021 Media Guide,2021,1,ocr-text,unread,unread,unread,,2334099,395838,1850,2029,2020,2693,18,0,4,322,238,118,1,394,257,417,542,overlapping,dolphins-2022-media-guide-miami,0.318,1
eagles-2021-media-guide-philadelphia,nfl-books,nfl-books/text_all/eagles-2021-media-guide-philadelphia.txt,Philadelphia Eagles 2021 Media Guide,2021,1,ocr-text,unread,unread,unread,,1986832,335079,1855,2029,2021,785,6,0,0,73,129,101,178,212,116,420,94,,,,0
falcons-2021-media-guide-atlanta,nfl-books,nfl-books/text_all/falcons-2021-media-guide-atlanta.txt,Atlanta Falcons 2021 Media Guide,2021,1,ocr-text,unread,unread,unread,,1171590,204227,1897,2021,2020,747,1,0,2,180,14,133,0,13,348,78,47,,,,0
giants-2021-media-guide-new-york,nfl-books,nfl-books/text_all/giants-2021-media-guide-new-york.txt,New York Giants 2021 Media Guide,2021,1,ocr-text,unread,unread,unread,,1706879,268143,1900,2022,2020,2291,0,0,3,202,326,203,0,34,201,91,27,,,,0
jaguars-2021-media-guide-jacksonville,nfl-books,nfl-books/text_all/jaguars-2021-media-guide-jacksonville.txt,Jacksonville Jaguars 2021 Media Guide,2021,1,ocr-text,unread,unread,unread,,1162668,205728,1850,2025,2020,1448,1,0,3,131,93,145,0,20,501,161,81,,,,0
jets-2021-media-guide-new-york,nfl-books,nfl-books/text_all/jets-2021-media-guide-new-york.txt,New York Jets 2021 Media Guide,2021,1,ocr-text,unread,unread,unread,,526364,86197,1948,2029,2021,579,3,0,0,146,6,77,0,7,3,13,78,,,,0
lions-2021-media-guide-detroit,nfl-books,nfl-books/text_all/lions-2021-media-guide-detroit.txt,Detroit Lions 2021 Media Guide,2021,1,ocr-text,unread,unread,unread,,945502,161639,1850,2023,2020,555,0,1,0,104,5,182,0,104,359,38,38,,,,0
nfl-2021-record-fact-book,nfl-books,nfl-books/text_all/nfl-2021-record-fact-book.txt,NFL Record & Fact Book 2021,2021,1,ocr-text,unread,unread,unread,,4419419,713477,1850,2028,2021,4255,3,0,2,42,44,414,0,1920,868,199,1091,,,,0
packers-2021-media-guide-green-bay,nfl-books,nfl-books/text_all/packers-2021-media-guide-green-bay.txt,Green Bay Packers 2021 Media Guide,2021,1,ocr-text,unread,unread,unread,,3854418,646763,1850,2028,2020,2407,3,0,5,456,170,279,0,264,285,511,595,,,,0
panthers-2021-media-guide-carolina,nfl-books,nfl-books/text_all/panthers-2021-media-guide-carolina.txt,Carolina Panthers 2021 Media Guide,2021,1,ocr-text,unread,unread,unread,,1396556,253741,1878,2029,2020,1511,1,0,0,115,7,114,0,14,198,410,566,,,,0
patriots-2021-media-guide-new-england,nfl-books,nfl-books/text_all/patriots-2021-media-guide-new-england.txt,New England Patriots 2021 Media Guide,2021,1,ocr-text,unread,unread,unread,,2047852,349729,1852,2027,2020,1860,8,4,3,169,198,183,2,306,1213,631,920,,,,0
raiders-2021-media-guide-las-vegas,nfl-books,nfl-books/text_all/raiders-2021-media-guide-las-vegas.txt,Las Vegas Raiders 2021 Media Guide,2021,1,ocr-text,unread,unread,unread,,2008567,348858,1850,2027,2020,1913,3,0,3,235,397,188,0,25,782,121,30,,,,0
rams-2021-media-guide-los-angeles,nfl-books,nfl-books/text_all/rams-2021-media-guide-los-angeles.txt,Los Angeles Rams 2021 Media Guide,2021,1,ocr-text,unread,unread,unread,,2171055,383063,1895,2028,2020,2230,0,0,1,176,178,73,0,55,1203,377,576,,,,0
ravens-2021-media-guide-baltimore,nfl-books,nfl-books/text_all/ravens-2021-media-guide-baltimore.txt,Baltimore Ravens 2021 Media Guide,2021,1,ocr-text,unread,unread,unread,,2110318,360247,1855,2027,2020,829,16,1,2,198,344,159,0,13,446,325,637,,,,0
redskins-2021-media-guide-washington,nfl-books,nfl-books/text_all/redskins-2021-media-guide-washington.txt,Washington Football Team 2021 Media Guide,2021,1,ocr-text,unread,unread,unread,,932139,132210,1851,2026,2020,934,0,0,8,143,148,137,0,6,1837,19,0,,,,0
saints-2021-media-guide-new-orleans,nfl-books,nfl-books/text_all/saints-2021-media-guide-new-orleans.txt,New Orleans Saints 2021 Media Guide,2021,1,ocr-text,unread,unread,unread,,1769746,294311,1850,2027,2020,1848,3,0,4,217,214,132,0,57,18,300,854,,,,0
seahawks-2021-media-guide-seattle,nfl-books,nfl-books/text_all/seahawks-2021-media-guide-seattle.txt,Seattle Seahawks 2021 Media Guide,2021,1,ocr-text,unread,unread,unread,,1388949,238466,1875,2029,2020,1149,7,0,1,174,331,179,203,36,377,342,336,,,,0
steelers-2021-media-guide-pittsburgh,nfl-books,nfl-books/text_all/steelers-2021-media-guide-pittsburgh.txt,Pittsburgh Steelers 2021 Media Guide,2021,1,ocr-text,unread,unread,unread,,2026535,368318,1852,2029,2020,2191,0,0,1,170,26,149,0,99,225,290,304,,,,0
texans-2021-media-guide-houston,nfl-books,nfl-books/text_all/texans-2021-media-guide-houston.txt,Houston Texans 2021 Media Guide,2021,1,ocr-text,unread,unread,unread,,1536531,264260,1859,2022,2020,2045,2,0,2,228,147,143,0,23,1298,204,645,,,,0
titans-2021-media-guide-tennessee,nfl-books,nfl-books/text_all/titans-2021-media-guide-tennessee.txt,Tennessee Titans 2021 Media Guide,2021,1,ocr-text,unread,unread,unread,,2716744,481585,1851,2027,2020,3783,3,0,1,322,277,215,0,280,3351,362,581,overlapping,titans-2020-media-guide-tennessee,0.294,1
vikings-2021-media-guide-minnesota,nfl-books,nfl-books/text_all/vikings-2021-media-guide-minnesota.txt,Minnesota Vikings 2021 Media Guide,2021,1,ocr-text,unread,unread,unread,,1560902,267384,1885,2022,2020,552,4,0,1,224,176,142,2,10,542,63,13,,,,0
49ers-2022-media-guide-san-francisco-c,nfl-books,nfl-books/text_all/49ers-2022-media-guide-san-francisco-c.txt,San Francisco 49ers 2022 Media Guide,2022,1,ocr-text,club media/press guide,biography+statistics+roster-table,"read-2026-09-07-yearbooks (stratified sample n=56 of 2,462 post-1950 texts, seed 20260907)",,2781180,504416,1880,2026,2022,2017,2,1,1,317,57,299,0,281,959,327,1029,,,,0
bears-2022-media-guide-chicago,nfl-books,nfl-books/text_all/bears-2022-media-guide-chicago.txt,Chicago Bears 2022 Media Guide,2022,1,ocr-text,unread,unread,unread,,694475,119888,1870,2025,2021,871,1,0,2,116,52,114,0,5,71,54,96,,,,0
bengals-2022-media-guide-cincinnati,nfl-books,nfl-books/text_all/bengals-2022-media-guide-cincinnati.txt,Cincinnati Bengals 2022 Media Guide,2022,1,ocr-text,unread,unread,unread,,2092785,364121,1850,2029,2021,1088,34,0,8,120,300,209,176,218,1752,390,1095,overlapping,bengals-2023-media-guide-cincinnati,0.31,1
bills-2022-media-guide-buffalo-c,nfl-books,nfl-books/text_all/bills-2022-media-guide-buffalo-c.txt,Buffalo Bills 2022 Media Guide,2022,1,ocr-text,unread,unread,unread,,878256,162728,1851,2028,2021,1004,4,0,1,40,13,31,0,71,61,293,737,,,,0
broncos-2022-media-guide-denver,nfl-books,nfl-books/text_all/broncos-2022-media-guide-denver.txt,Denver Broncos 2022 Media Guide,2022,1,ocr-text,unread,unread,unread,,3114880,575298,1851,2029,2021,3230,1,0,0,319,246,251,7,1936,1685,1214,2122,overlapping,broncos-2023-media-guide-denver-c,0.328,2
browns-2022-media-guide-cleveland-c,nfl-books,nfl-books/text_all/browns-2022-media-guide-cleveland-c.txt,Cleveland Browns 2022 Media Guide,2022,1,ocr-text,unread,unread,unread,,1509504,266799,1850,2029,2020,863,0,0,0,139,17,165,1,130,26,355,241,,,,0
buccaneers-2022-media-guide-tampa-bay-c,nfl-books,nfl-books/text_all/buccaneers-2022-media-guide-tampa-bay-c.txt,Tampa Bay Buccaneers 2022 Media Guide,2022,1,ocr-text,unread,unread,unread,,40341,5689,1908,2021,2021,1,0,0,0,0,0,0,0,0,1,0,0,,,,0
cardinals-2022-media-guide-arizona-c,nfl-books,nfl-books/text_all/cardinals-2022-media-guide-arizona-c.txt,Arizona Cardinals 2022 Media Guide,2022,1,ocr-text,unread,unread,unread,,2041501,352635,1861,2029,2021,1499,5,0,3,276,138,141,3,18,767,408,156,,,,0
chargers-2022-media-guide-los-angeles,nfl-books,nfl-books/text_all/chargers-2022-media-guide-los-angeles.txt,Los Angeles Chargers 2022 Media Guide,2022,1,ocr-text,unread,unread,unread,,2215614,379439,1851,2028,2021,2370,3,0,4,188,247,287,0,89,697,714,964,overlapping,chargers-2023-media-guide-los-angeles,0.359,1
chiefs-2022-media-guide-kansas-city,nfl-books,nfl-books/text_all/chiefs-2022-media-guide-kansas-city.txt,Kansas City Chiefs 2022 Media Guide,2022,1,ocr-text,unread,unread,unread,,2745741,485456,1855,2027,2021,1985,2,0,4,214,28,130,0,386,1570,499,122,,,,0
colts-2022-media-guide-indianapolis,nfl-books,nfl-books/text_all/colts-2022-media-guide-indianapolis.txt,Indianapolis Colts 2022 Media Guide,2022,1,ocr-text,unread,unread,unread,,2107087,389857,1850,2029,2021,1884,0,0,17,161,247,258,0,123,87,673,271,,,,0
commanders-2022-media-guide-washington-c,nfl-books,nfl-books/text_all/commanders-2022-media-guide-washington-c.txt,Washington Commanders 2022 Media Guide,2022,1,ocr-text,unread,unread,unread,,744341,109206,1908,2029,2020,557,2,0,2,100,28,199,173,1,2520,15,0,,,,0
cowboys-2022-media-guide-dallas,nfl-books,nfl-books/text_all/cowboys-2022-media-guide-dallas.txt,Dallas Cowboys 2022 Media Guide,2022,1,ocr-text,unread,unread,unread,,1995892,344907,1877,2026,2021,1769,45,0,2,298,169,127,0,77,1932,576,876,,,,0
dolphins-2022-media-guide-miami,nfl-books,nfl-books/text_all/dolphins-2022-media-guide-miami.txt,Miami Dolphins 2022 Media Guide,2022,1,ocr-text,unread,unread,unread,,2464813,419519,1850,2029,2021,2941,18,0,3,332,285,111,1,340,251,433,488,overlapping,dolphins-2021-media-guide-miami-b,0.293,1
eagles-2022-media-guide-philadelphia-c,nfl-books,nfl-books/text_all/eagles-2022-media-guide-philadelphia-c.txt,Philadelphia Eagles 2022 Media Guide,2022,1,ocr-text,unread,unread,unread,,1810837,335676,1855,2027,2022,841,9,0,3,73,142,99,166,189,144,418,217,overlapping,eagles-2023-media-guide-philadelphia-c,0.322,1
falcons-2022-media-guide-atlanta-c,nfl-books,nfl-books/text_all/falcons-2022-media-guide-atlanta-c.txt,Atlanta Falcons 2022 Media Guide,2022,1,ocr-text,unread,unread,unread,,1112357,196341,1910,2022,2021,849,1,0,5,182,13,155,0,12,404,95,50,,,,0
giants-2022-media-guide-new-york,nfl-books,nfl-books/text_all/giants-2022-media-guide-new-york.txt,New York Giants 2022 Media Guide,2022,1,ocr-text,unread,unread,unread,,1536997,260185,1893,2023,2021,1988,2,0,2,216,108,190,0,76,95,126,88,,,,0
jaguars-2022-media-guide-jacksonville-c,nfl-books,nfl-books/text_all/jaguars-2022-media-guide-jacksonville-c.txt,Jacksonville Jaguars 2022 Media Guide,2022,1,ocr-text,unread,unread,unread,,1193432,215680,1860,2029,2021,1389,3,0,6,109,97,146,0,16,223,169,105,,,,0
jets-2022-media-guide-new-york-c,nfl-books,nfl-books/text_all/jets-2022-media-guide-new-york-c.txt,New York Jets 2022 Media Guide,2022,1,ocr-text,unread,unread,unread,,648031,106872,1901,2029,2021,745,4,1,2,127,1,90,0,15,26,8,69,,,,0
lions-2022-media-guide-detroit-c,nfl-books,nfl-books/text_all/lions-2022-media-guide-detroit-c.txt,Detroit Lions 2022 Media Guide,2022,1,ocr-text,unread,unread,unread,,1020278,174568,1850,2025,2021,707,0,0,0,131,66,176,0,116,118,45,25,,,,0
nfl-2022-record-fact-book,nfl-books,nfl-books/text_all/nfl-2022-record-fact-book.txt,NFL Record & Fact Book 2022,2022,1,ocr-text,unread,unread,unread,,4546593,733646,1854,2025,2022,4401,3,0,3,48,46,436,0,1678,904,194,1313,,,,0
nfl-hall-of-fame-2022-media-guide-c,nfl-books,nfl-books/text_all/nfl-hall-of-fame-2022-media-guide-c.txt,NFL Hall Of Fame 2022 Media Guide,2022,1,ocr-text,unread,unread,unread,,906151,144316,1879,2027,2022,659,0,0,1,23,53,24,12,9,355,2,0,overlapping,nfl-hall-of-fame-2023-media-guide-c,0.295,2
packers-2022-media-guide-green-bay-c,nfl-books,nfl-books/text_all/packers-2022-media-guide-green-bay-c.txt,Green Bay Packers 2022 Media Guide,2022,1,ocr-text,unread,unread,unread,,3623891,620512,1850,2026,2021,2400,1,0,2,421,188,268,0,330,317,519,456,,,,0
panthers-2022-media-guide-carolina,nfl-books,nfl-books/text_all/panthers-2022-media-guide-carolina.txt,Carolina Panthers 2022 Media Guide,2022,1,ocr-text,unread,unread,unread,,1555879,286052,1852,2027,2021,1692,1,0,0,100,9,107,0,14,200,493,706,,,,0
patriots-2022-media-guide-new-england,nfl-books,nfl-books/text_all/patriots-2022-media-guide-new-england.txt,New England Patriots 2022 Media Guide,2022,1,ocr-text,unread,unread,unread,,2032688,348317,1852,2026,2021,1775,3,4,2,154,190,189,2,345,1102,574,1029,overlapping,patriots-2023-media-guide-new-england,0.293,1
raiders-2022-media-guide-las-vegas-c,nfl-books,nfl-books/text_all/raiders-2022-media-guide-las-vegas-c.txt,Las Vegas Raiders 2022 Media Guide,2022,1,ocr-text,unread,unread,unread,,1874450,339799,1853,2024,2021,1840,2,0,4,245,275,232,0,26,495,78,31,,,,0
rams-2022-media-guide-los-angeles-c,nfl-books,nfl-books/text_all/rams-2022-media-guide-los-angeles-c.txt,Los Angeles Rams 2022 Media Guide,2022,1,ocr-text,unread,unread,unread,,1567672,290599,1905,2028,2021,1379,0,0,1,137,164,85,0,11,366,149,647,,,,0
saints-2022-media-guide-new-orleans-c,nfl-books,nfl-books/text_all/saints-2022-media-guide-new-orleans-c.txt,New Orleans Saints 2022 Media Guide,2022,1,ocr-text,unread,unread,unread,,1864183,313509,1850,2027,2021,2170,4,0,2,252,278,145,0,63,51,308,243,,,,0
seahawks-2022-media-guide-seattle-c,nfl-books,nfl-books/text_all/seahawks-2022-media-guide-seattle-c.txt,Seattle Seahawks 2022 Media Guide,2022,1,ocr-text,unread,unread,unread,,1500611,258453,1865,2029,2021,1123,5,0,1,161,372,172,203,38,830,374,751,overlapping,seahawks-2023-media-guide-seattle-c,0.387,1
steelers-2022-media-guide-pittsburgh-c,nfl-books,nfl-books/text_all/steelers-2022-media-guide-pittsburgh-c.txt,Pittsburgh Steelers 2022 Media Guide,2022,1,ocr-text,unread,unread,unread,,2040319,367822,1852,2028,2021,2325,5,0,2,164,150,148,0,190,213,313,332,,,,0
texans-2022-media-guide-houston-c,nfl-books,nfl-books/text_all/texans-2022-media-guide-houston-c.txt,Houston Texans 2022 Media Guide,2022,1,ocr-text,unread,unread,unread,,1496033,259260,1859,2027,2021,1811,0,0,1,235,198,154,0,20,887,279,471,,,,0
titans-2022-media-guide-tennessee,nfl-books,nfl-books/text_all/titans-2022-media-guide-tennessee.txt,Tennessee Titans 2022 Media Guide,2022,1,ocr-text,unread,unread,unread,,2813603,499734,1851,2027,2021,3896,6,0,1,316,265,231,0,272,2867,443,427,overlapping,tennessee-titans-2021-season-review-c,0.319,3
49ers-2023-media-guide-san-francisco,nfl-books,nfl-books/text_all/49ers-2023-media-guide-san-francisco.txt,San Francisco 49ers 2023 Media Guide,2023,1,ocr-text,unread,unread,unread,,2833568,514324,1862,2029,2023,2065,2,1,0,356,57,346,1,283,1040,362,948,,,,0
bears-2023-media-guide-chicago-c,nfl-books,nfl-books/text_all/bears-2023-media-guide-chicago-c.txt,Chicago Bears 2023 Media Guide,2023,1,ocr-text,unread,unread,unread,,1953703,342563,1850,2029,2022,1746,1,0,1,190,121,142,0,147,907,626,320,,,,0
bengals-2023-media-guide-cincinnati,nfl-books,nfl-books/text_all/bengals-2023-media-guide-cincinnati.txt,Cincinnati Bengals 2023 Media Guide,2023,1,ocr-text,club media/press guide,biography+statistics+roster-table,"read-2026-09-07-yearbooks (stratified sample n=56 of 2,462 post-1950 texts, seed 20260907)",,2118857,368414,1850,2029,2022,1075,32,0,5,151,313,210,177,62,1274,393,1147,overlapping,bengals-2024-media-guide-cincinnati,0.301,2
bills-2023-media-guide-buffalo-c,nfl-books,nfl-books/text_all/bills-2023-media-guide-buffalo-c.txt,Buffalo Bills 2023 Media Guide,2023,1,ocr-text,unread,unread,unread,,1067443,198471,1851,2028,2022,1123,6,0,2,76,112,70,182,138,60,298,551,,,,0
broncos-2023-media-guide-denver-c,nfl-books,nfl-books/text_all/broncos-2023-media-guide-denver-c.txt,Denver Broncos 2023 Media Guide,2023,1,ocr-text,unread,unread,unread,,3249726,601180,1851,2029,2022,3451,1,0,3,323,257,291,7,1931,1986,1267,2295,overlapping,broncos-2022-media-guide-denver,0.314,1
browns-2023-media-guide-cleveland,nfl-books,nfl-books/text_all/browns-2023-media-guide-cleveland.txt,Cleveland Browns 2023 Media Guide,2023,1,ocr-text,unread,unread,unread,,1527425,272755,1857,2029,2022,899,2,1,0,137,17,178,0,117,27,303,209,,,,0
buccaneers-2023-media-guide-tampa-bay-c,nfl-books,nfl-books/text_all/buccaneers-2023-media-guide-tampa-bay-c.txt,Tampa Bay Buccaneers 2023 Media Guide,2023,1,ocr-text,unread,unread,unread,,1663880,281532,1850,2028,2022,1629,1,0,2,248,237,196,2,11,185,271,105,overlapping,buccaneers-2024-media-guide-tampa-bay,0.307,1
cardinals-2023-media-guide-arizona,nfl-books,nfl-books/text_all/cardinals-2023-media-guide-arizona.txt,Arizona Cardinals 2023 Media Guide,2023,1,ocr-text,unread,unread,unread,,1649671,323482,1862,2027,2022,847,0,0,2,16,30,5,3,10,971,312,491,,,,0
chargers-2023-media-guide-los-angeles,nfl-books,nfl-books/text_all/chargers-2023-media-guide-los-angeles.txt,Los Angeles Chargers 2023 Media Guide,2023,1,ocr-text,unread,unread,unread,,2367882,405925,1851,2029,2022,2424,2,0,5,191,257,289,0,93,687,739,986,overlapping,chargers-2022-media-guide-los-angeles,0.344,1
chicago-bears-yearbook-2023-c,nfl-books,nfl-books/text_all/chicago-bears-yearbook-2023-c.txt,Chicago Bears Yearbook 2023,2023,1,ocr-text,unread,unread,unread,,426484,69819,1852,2026,2021,198,0,0,1,46,1,18,0,51,256,15,1,,,,0
chiefs-2023-media-guide-kansas-city,nfl-books,nfl-books/text_all/chiefs-2023-media-guide-kansas-city.txt,Kansas City Chiefs 2023 Media Guide,2023,1,ocr-text,unread,unread,unread,,2692969,477746,1855,2029,2022,2100,4,0,4,220,23,141,0,237,1366,430,125,,,,0
colts-2023-media-guide-indianapolis-c,nfl-books,nfl-books/text_all/colts-2023-media-guide-indianapolis-c.txt,Indianapolis Colts 2023 Media Guide,2023,1,ocr-text,unread,unread,unread,,2096078,390925,1850,2029,2022,1793,0,0,17,152,225,248,0,129,82,776,248,,,,0
commanders-2023-media-guide-washington-c,nfl-books,nfl-books/text_all/commanders-2023-media-guide-washington-c.txt,Washington Commanders 2023 Media Guide,2023,1,ocr-text,unread,unread,unread,,752676,115352,1913,2029,2020,517,2,0,1,129,8,146,181,1,2625,12,0,,,,0
cowboys-2023-media-guide-dallas,nfl-books,nfl-books/text_all/cowboys-2023-media-guide-dallas.txt,Dallas Cowboys 2023 Media Guide,2023,1,ocr-text,unread,unread,unread,,2084947,359450,1856,2026,2022,1872,29,0,0,271,154,141,0,81,2351,584,1034,,,,0
dolphins-2023-media-guide-miami,nfl-books,nfl-books/text_all/dolphins-2023-media-guide-miami.txt,Miami Dolphins 2023 Media Guide,2023,1,ocr-text,unread,unread,unread,,2601692,442834,1850,2029,2022,3276,20,0,2,339,298,102,1,389,113,450,610,,,,0
eagles-2023-media-guide-philadelphia-c,nfl-books,nfl-books/text_all/eagles-2023-media-guide-philadelphia-c.txt,Philadelphia Eagles 2023 Media Guide,2023,1,ocr-text,unread,unread,unread,,1682591,300704,1855,2027,2022,814,7,0,4,59,142,64,166,72,146,423,200,overlapping,eagles-2022-media-guide-philadelphia-c,0.348,1
falcons-2023-media-guide-atlanta,nfl-books,nfl-books/text_all/falcons-2023-media-guide-atlanta.txt,Atlanta Falcons 2023 Media Guide,2023,1,ocr-text,unread,unread,unread,,1234661,213363,1886,2026,2022,1056,2,0,5,200,21,190,0,20,465,116,105,,,,0
giants-2023-media-guide-new-york-c,nfl-books,nfl-books/text_all/giants-2023-media-guide-new-york-c.txt,New York Giants 2023 Media Guide,2023,1,ocr-text,unread,unread,unread,,1671074,289518,1851,2028,2022,2186,1,0,0,211,112,240,0,87,16,114,75,,,,0
jaguars-2023-media-guide-jacksonville,nfl-books,nfl-books/text_all/jaguars-2023-media-guide-jacksonville.txt,Jacksonville Jaguars 2023 Media Guide,2023,1,ocr-text,unread,unread,unread,,1325268,240319,1860,2026,2022,1716,3,0,1,120,96,129,0,11,432,266,182,,,,0
jets-2023-media-guide-new-york,nfl-books,nfl-books/text_all/jets-2023-media-guide-new-york.txt,New York Jets 2023 Media Guide,2023,1,ocr-text,unread,unread,unread,,672612,110514,1957,2029,2022,884,3,1,3,135,6,93,0,30,62,7,30,,,,0
lions-2023-media-guide-detroit-c,nfl-books,nfl-books/text_all/lions-2023-media-guide-detroit-c.txt,Detroit Lions 2023 Media Guide,2023,1,ocr-text,unread,unread,unread,,1062300,180948,1850,2028,2022,760,0,0,0,147,69,172,0,126,275,40,18,,,,0
nfl-hall-of-fame-2023-media-guide-c,nfl-books,nfl-books/text_all/nfl-hall-of-fame-2023-media-guide-c.txt,NFL Hall Of Fame 2023 Media Guide,2023,1,ocr-text,unread,unread,unread,,901796,144464,1879,2025,2023,671,0,0,0,32,47,22,15,5,428,0,0,overlapping,nfl-hall-of-fame-2024-media-guide-c,0.326,2
nfl-record-fact-book-2023,nfl-books,nfl-books/text_all/nfl-record-fact-book-2023.txt,NFL Record & Fact Book 2023,2023,1,ocr-text,unread,unread,unread,,4401855,712462,1858,2029,2023,4448,3,0,3,44,43,479,0,1812,882,198,1310,,,,0
packers-2023-media-guide-green-bay-c,nfl-books,nfl-books/text_all/packers-2023-media-guide-green-bay-c.txt,Green Bay Packers 2023 Media Guide,2023,1,ocr-text,unread,unread,unread,,3449286,596667,1850,2028,2022,2401,4,0,3,392,166,301,0,338,262,482,455,,,,0
panthers-2023-media-guide-carolina,nfl-books,nfl-books/text_all/panthers-2023-media-guide-carolina.txt,Carolina Panthers 2023 Media Guide,2023,1,ocr-text,unread,unread,unread,,1493323,260011,1850,2026,2022,1754,2,0,0,154,10,203,0,13,328,422,699,,,,0
patriots-2023-media-guide-new-england,nfl-books,nfl-books/text_all/patriots-2023-media-guide-new-england.txt,New England Patriots 2023 Media Guide,2023,1,ocr-text,unread,unread,unread,,2001656,341668,1852,2028,2022,1878,2,3,2,170,176,184,2,324,1258,522,961,overlapping,patriots-2022-media-guide-new-england,0.31,1
raiders-2023-media-guide-las-vegas-c,nfl-books,nfl-books/text_all/raiders-2023-media-guide-las-vegas-c.txt,Las Vegas Raiders 2023 Media Guide,2023,1,ocr-text,unread,unread,unread,,1989476,357522,1870,2027,2022,2043,4,0,3,256,363,270,0,41,985,81,35,,,,0
ravens-2023-media-guide-baltimore,nfl-books,nfl-books/text_all/ravens-2023-media-guide-baltimore.txt,Baltimore Ravens 2023 Media Guide,2023,1,ocr-text,unread,unread,unread,,2029581,337879,1919,2028,2022,674,8,1,1,230,319,193,0,100,483,200,305,,,,0
saints-2023-media-guide-new-orleans-c,nfl-books,nfl-books/text_all/saints-2023-media-guide-new-orleans-c.txt,New Orleans Saints 2023 Media Guide,2023,1,ocr-text,unread,unread,unread,,1945317,327592,1850,2027,2022,2092,3,0,4,242,310,151,0,77,62,314,374,,,,0
seahawks-2023-media-guide-seattle-c,nfl-books,nfl-books/text_all/seahawks-2023-media-guide-seattle-c.txt,Seattle Seahawks 2023 Media Guide,2023,1,ocr-text,unread,unread,unread,,1596990,272000,1861,2029,2022,1186,4,0,2,152,391,173,205,38,791,341,694,overlapping,seahawks-2022-media-guide-seattle-c,0.359,1
steelers-2023-media-guide-pittsburgh-c,nfl-books,nfl-books/text_all/steelers-2023-media-guide-pittsburgh-c.txt,Pittsburgh Steelers 2023 Media Guide,2023,1,ocr-text,unread,unread,unread,,2224404,402604,1852,2025,2022,2414,3,0,3,152,40,145,0,13,249,269,770,,,,0
texans-2023-media-guide-houston,nfl-books,nfl-books/text_all/texans-2023-media-guide-houston.txt,Houston Texans 2023 Media Guide,2023,1,ocr-text,unread,unread,unread,,1454660,255555,1859,2024,2022,1700,1,0,0,178,100,142,0,23,932,243,487,,,,0
titans-2023-media-guide-tennessee,nfl-books,nfl-books/text_all/titans-2023-media-guide-tennessee.txt,Tennessee Titans 2023 Media Guide,2023,1,ocr-text,unread,unread,unread,,2717141,479463,1851,2027,2022,3665,3,0,5,337,260,223,0,226,3028,387,356,overlapping,titans-2022-media-guide-tennessee,0.33,1
vikings-2023-media-guide-minnesota-c,nfl-books,nfl-books/text_all/vikings-2023-media-guide-minnesota-c.txt,Minnesota Vikings 2023 Media Guide,2023,1,ocr-text,unread,unread,unread,,1682494,284240,1912,2026,2022,1163,6,0,0,216,169,155,3,43,1406,118,4,,,,0
bears-2024-media-guide-chicago,nfl-books,nfl-books/text_all/bears-2024-media-guide-chicago.txt,Chicago Bears 2024 Media Guide,2024,1,ocr-text,unread,unread,unread,,1926214,346288,1850,2029,2023,1530,3,0,4,175,170,140,0,130,726,258,205,,,,0
bengals-2024-media-guide-cincinnati,nfl-books,nfl-books/text_all/bengals-2024-media-guide-cincinnati.txt,Cincinnati Bengals 2024 Media Guide,2024,1,ocr-text,unread,unread,unread,,2111390,366619,1850,2029,2023,1046,32,0,4,178,297,191,172,144,1367,375,1076,overlapping,bengals-2025-media-guide-cincinnati,0.339,2
bills-2024-media-guide-buffalo,nfl-books,nfl-books/text_all/bills-2024-media-guide-buffalo.txt,Buffalo Bills 2024 Media Guide,2024,1,ocr-text,unread,unread,unread,,1077562,199666,1851,2028,2023,1187,2,0,1,64,119,86,0,131,67,297,556,,,,0
broncos-2024-media-guide-denver-c,nfl-books,nfl-books/text_all/broncos-2024-media-guide-denver-c.txt,Denver Broncos 2024 Media Guide,2024,1,ocr-text,unread,unread,unread,,3302517,612500,1851,2029,2023,3593,1,0,0,339,260,315,8,1676,2336,1280,2241,,,,0
browns-2024-media-guide-cleveland-c,nfl-books,nfl-books/text_all/browns-2024-media-guide-cleveland-c.txt,Cleveland Browns 2024 Media Guide,2024,1,ocr-text,unread,unread,unread,,1874623,326740,1850,2029,2023,897,2,1,0,130,35,214,0,43,19,446,200,,,,0
buccaneers-2024-media-guide-tampa-bay,nfl-books,nfl-books/text_all/buccaneers-2024-media-guide-tampa-bay.txt,Tampa Bay Buccaneers 2024 Media Guide,2024,1,ocr-text,club media/press guide,biography+statistics+roster-table,"read-2026-09-07-yearbooks (stratified sample n=56 of 2,462 post-1950 texts, seed 20260907)",,1775759,300101,1850,2028,2023,1876,1,0,2,250,248,167,2,13,166,275,102,overlapping,buccaneers-2025-media-guide-tampa-bay,0.343,2
cardinals-2024-media-guide-arizona-c,nfl-books,nfl-books/text_all/cardinals-2024-media-guide-arizona-c.txt,Arizona Cardinals 2024 Media Guide,2024,1,ocr-text,unread,unread,unread,,1974758,338255,1861,2029,2023,1522,3,0,2,245,144,175,1,12,801,364,213,,,,0
chargers-2024-media-guide-los-angeles,nfl-books,nfl-books/text_all/chargers-2024-media-guide-los-angeles.txt,Los Angeles Chargers 2024 Media Guide,2024,1,ocr-text,unread,unread,unread,,1593994,281663,1851,2029,2023,1333,1,0,1,110,11,98,0,140,547,676,827,,,,0
chicago-bears-yearbook-2024-c,nfl-books,nfl-books/text_all/chicago-bears-yearbook-2024-c.txt,Chicago Bears Yearbook 2024,2024,1,ocr-text,unread,unread,unread,,447037,74367,1850,2028,2024,208,1,0,0,31,2,21,0,39,282,14,8,,,,0
chiefs-2024-media-guide-kansas-city-c,nfl-books,nfl-books/text_all/chiefs-2024-media-guide-kansas-city-c.txt,Kansas City Chiefs 2024 Media Guide,2024,1,ocr-text,unread,unread,unread,,2884412,511989,1852,2029,2023,2220,2,0,4,231,17,127,0,339,1499,422,111,overlapping,chiefs-2025-media-guide-kansas-city,0.336,1
colts-2024-media-guide-indianapolis-c,nfl-books,nfl-books/text_all/colts-2024-media-guide-indianapolis-c.txt,Indianapolis Colts 2024 Media Guide,2024,1,ocr-text,unread,unread,unread,,2130126,394961,1850,2029,2023,1868,2,0,12,134,230,233,0,104,90,726,272,,,,0
commanders-2024-media-guide-washington-c,nfl-books,nfl-books/text_all/commanders-2024-media-guide-washington-c.txt,Washington Commanders 2024 Media Guide,2024,1,ocr-text,unread,unread,unread,,753524,107760,1909,2029,2020,533,1,0,0,126,19,262,0,1,2548,8,5,overlapping,washington-commanders-season-review-2024-c,0.301,1
cowboys-2024-media-guide-dallas,nfl-books,nfl-books/text_all/cowboys-2024-media-guide-dallas.txt,Dallas Cowboys 2024 Media Guide,2024,1,ocr-text,unread,unread,unread,,2134452,367645,1858,2028,2023,2046,25,0,0,260,196,150,0,105,2261,588,785,,,,0
dolphins-2024-media-guide-miami,nfl-books,nfl-books/text_all/dolphins-2024-media-guide-miami.txt,Miami Dolphins 2024 Media Guide,2024,1,ocr-text,unread,unread,unread,,2727886,464403,1850,2029,2023,3351,20,0,2,331,316,99,1,370,169,457,568,overlapping,dolphins-2025-media-guide-miami,0.354,1
eagles-2024-media-guide-philadelphia-c,nfl-books,nfl-books/text_all/eagles-2024-media-guide-philadelphia-c.txt,Philadelphia Eagles 2024 Media Guide,2024,1,ocr-text,unread,unread,unread,,1699577,301019,1855,2029,2024,872,7,0,5,58,146,65,184,119,141,331,371,overlapping,philadelphia-eagles-2026-media-guide-2026-08-13-c,0.311,1
falcons-2024-media-guide-atlanta-c,nfl-books,nfl-books/text_all/falcons-2024-media-guide-atlanta-c.txt,Atlanta Falcons 2024 Media Guide,2024,1,ocr-text,unread,unread,unread,,1367417,235460,1859,2028,2023,1172,3,0,5,228,17,196,154,17,422,120,80,,,,0
giants-2024-media-guide-new-york-c,nfl-books,nfl-books/text_all/giants-2024-media-guide-new-york-c.txt,New York Giants 2024 Media Guide,2024,1,ocr-text,unread,unread,unread,,1587991,275714,1851,2029,2023,2080,4,0,6,204,108,222,0,49,44,132,54,,,,0
jaguars-2024-media-guide-jacksonville,nfl-books,nfl-books/text_all/jaguars-2024-media-guide-jacksonville.txt,Jacksonville Jaguars 2024 Media Guide,2024,1,ocr-text,unread,unread,unread,,1390606,252279,1860,2028,2023,1797,2,0,1,146,99,131,0,15,323,258,128,,,,0
jets-2024-media-guide-new-york,nfl-books,nfl-books/text_all/jets-2024-media-guide-new-york.txt,New York Jets 2024 Media Guide,2024,1,ocr-text,unread,unread,unread,,567922,96490,1957,2029,2023,780,1,1,3,88,10,76,0,25,12,27,49,,,,0
lions-2024-media-guide-detroit-c,nfl-books,nfl-books/text_all/lions-2024-media-guide-detroit-c.txt,Detroit Lions 2024 Media Guide,2024,1,ocr-text,unread,unread,unread,,1112685,191268,1850,2028,2023,861,0,0,0,127,72,152,0,157,297,40,19,,,,0
nfl-hall-of-fame-2024-media-guide-c,nfl-books,nfl-books/text_all/nfl-hall-of-fame-2024-media-guide-c.txt,NFL Hall Of Fame 2024 Media Guide,2024,1,ocr-text,unread,unread,unread,,914226,147999,1879,2028,2024,662,1,0,6,36,38,18,16,3,380,1,1,overlapping,nfl-hall-of-fame-2023-media-guide-c,0.316,2
packers-2024-media-guide-green-bay-c,nfl-books,nfl-books/text_all/packers-2024-media-guide-green-bay-c.txt,Green Bay Packers 2024 Media Guide,2024,1,ocr-text,unread,unread,unread,,3567676,617422,1850,2028,2023,2709,3,1,2,335,194,306,0,315,343,517,309,,,,0
panthers-2024-media-guide-carolina,nfl-books,nfl-books/text_all/panthers-2024-media-guide-carolina.txt,Carolina Panthers 2024 Media Guide,2024,1,ocr-text,unread,unread,unread,,1437623,250582,1898,2026,2023,1737,0,0,0,111,8,175,0,8,297,413,727,,,,0
patriots-2024-media-guide-new-england,nfl-books,nfl-books/text_all/patriots-2024-media-guide-new-england.txt,New England Patriots 2024 Media Guide,2024,1,ocr-text,unread,unread,unread,,1893017,323775,1852,2028,2023,1664,2,3,2,199,177,204,2,282,1206,519,1032,,,,0
raiders-2024-media-guide-las-vegas-c,nfl-books,nfl-books/text_all/raiders-2024-media-guide-las-vegas-c.txt,Las Vegas Raiders 2024 Media Guide,2024,1,ocr-text,unread,unread,unread,,1882223,328100,1904,2024,2023,2199,1,0,5,264,341,271,0,29,694,69,48,,,,0
rams-2024-media-guide-los-angeles-c,nfl-books,nfl-books/text_all/rams-2024-media-guide-los-angeles-c.txt,Los Angeles Rams 2024 Media Guide,2024,1,ocr-text,unread,unread,unread,,255342,47261,1871,2028,2022,44,1,0,1,6,73,0,0,3,5,2,0,,,,0
ravens-2024-media-guide-baltimore-c,nfl-books,nfl-books/text_all/ravens-2024-media-guide-baltimore-c.txt,Baltimore Ravens 2024 Media Guide,2024,1,ocr-text,unread,unread,unread,,2097407,351323,1916,2027,2023,648,6,1,3,240,314,197,0,98,510,178,313,,,,0
saints-2024-media-guide-new-orleans-c,nfl-books,nfl-books/text_all/saints-2024-media-guide-new-orleans-c.txt,New Orleans Saints 2024 Media Guide,2024,1,ocr-text,unread,unread,unread,,1910985,317114,1850,2028,2023,2010,3,0,4,189,195,141,0,90,30,288,187,,,,0
seahawks-2024-media-guide-seattle-c,nfl-books,nfl-books/text_all/seahawks-2024-media-guide-seattle-c.txt,Seattle Seahawks 2024 Media Guide,2024,1,ocr-text,unread,unread,unread,,1580971,271069,1861,2029,2023,1145,5,0,5,171,383,159,207,8,1232,372,711,overlapping,seahawks-2025-media-guide-seattle,0.3,1
steelers-2024-media-guide-pittsburgh,nfl-books,nfl-books/text_all/steelers-2024-media-guide-pittsburgh.txt,Pittsburgh Steelers 2024 Media Guide,2024,1,ocr-text,unread,unread,unread,,2472031,453127,1852,2029,2023,2888,5,0,2,180,179,147,2,97,232,270,753,,,,0
texans-2024-media-guide-houston,nfl-books,nfl-books/text_all/texans-2024-media-guide-houston.txt,Houston Texans 2024 Media Guide,2024,1,ocr-text,unread,unread,unread,,1634166,289553,1859,2029,2023,1856,2,0,0,152,86,118,0,22,1129,278,532,,,,0
titans-2024-media-guide-tennessee,nfl-books,nfl-books/text_all/titans-2024-media-guide-tennessee.txt,Tennessee Titans 2024 Media Guide,2024,1,ocr-text,unread,unread,unread,,2741633,484241,1851,2027,2023,3586,3,0,4,394,289,230,0,216,3605,462,432,,,,0
vikings-2024-media-guide-minnesota-c,nfl-books,nfl-books/text_all/vikings-2024-media-guide-minnesota-c.txt,Minnesota Vikings 2024 Media Guide,2024,1,ocr-text,unread,unread,unread,,1980473,337908,1910,2026,2023,1363,4,0,2,226,122,184,6,37,1058,76,32,overlapping,vikings-2025-media-guide-minnesota,0.314,1
49ers-2025-media-guide-san-francisco-c,nfl-books,nfl-books/text_all/49ers-2025-media-guide-san-francisco-c.txt,San Francisco 49ers 2025 Media Guide,2025,1,ocr-text,unread,unread,unread,,2807690,507698,1873,2029,2025,2096,1,1,1,287,49,259,1,197,776,385,957,,,,0
bears-2025-media-guide-chicago-c,nfl-books,nfl-books/text_all/bears-2025-media-guide-chicago-c.txt,Chicago Bears 2025 Media Guide,2025,1,ocr-text,unread,unread,unread,,1633934,278668,1850,2029,2024,1345,0,0,1,187,188,153,0,59,482,265,553,,,,0
bengals-2025-media-guide-cincinnati,nfl-books,nfl-books/text_all/bengals-2025-media-guide-cincinnati.txt,Cincinnati Bengals 2025 Media Guide,2025,1,ocr-text,unread,unread,unread,,2176445,377310,1850,2029,2024,1105,34,0,4,180,304,186,180,53,1518,390,1133,overlapping,cincinnati-bengals-2026-media-guide-2026-07-19,0.354,2
bills-2025-media-guide-buffalo,nfl-books,nfl-books/text_all/bills-2025-media-guide-buffalo.txt,Buffalo Bills 2025 Media Guide,2025,1,ocr-text,unread,unread,unread,,932943,173314,1851,2029,2024,969,3,0,2,62,203,109,0,165,64,100,17,,,,0
broncos-2025-media-guide-denver-c,nfl-books,nfl-books/text_all/broncos-2025-media-guide-denver-c.txt,Denver Broncos 2025 Media Guide,2025,1,ocr-text,unread,unread,unread,,3196064,584772,1851,2029,2024,2947,2,0,6,277,184,301,7,2409,1498,861,1680,,,,0
browns-2025-media-guide-cleveland-c,nfl-books,nfl-books/text_all/browns-2025-media-guide-cleveland-c.txt,Cleveland Browns 2025 Media Guide,2025,1,ocr-text,unread,unread,unread,,1777020,306412,1857,2029,2024,816,0,1,0,148,39,194,0,38,35,358,218,,,,0
buccaneers-2025-media-guide-tampa-bay,nfl-books,nfl-books/text_all/buccaneers-2025-media-guide-tampa-bay.txt,Tampa Bay Buccaneers 2025 Media Guide,2025,1,ocr-text,unread,unread,unread,,1882432,317523,1850,2028,2024,1972,2,0,1,284,275,180,2,9,166,290,151,overlapping,buccaneers-2024-media-guide-tampa-bay,0.331,1
cardinals-2025-media-guide-arizona-c,nfl-books,nfl-books/text_all/cardinals-2025-media-guide-arizona-c.txt,Arizona Cardinals 2025 Media Guide,2025,1,ocr-text,unread,unread,unread,,2045335,350569,1873,2029,2024,1585,4,0,2,262,180,168,1,14,1036,368,157,,,,0
chargers-2025-media-guide-los-angeles-c,nfl-books,nfl-books/text_all/chargers-2025-media-guide-los-angeles-c.txt,Los Angeles Chargers 2025 Media Guide,2025,1,ocr-text,unread,unread,unread,,2305486,396304,1851,2028,2024,2395,2,0,1,156,228,246,0,109,592,735,998,,,,0
chiefs-2025-media-guide-kansas-city,nfl-books,nfl-books/text_all/chiefs-2025-media-guide-kansas-city.txt,Kansas City Chiefs 2025 Media Guide,2025,1,ocr-text,unread,unread,unread,,3274950,606874,1855,2029,2024,2344,2,1,4,222,18,123,0,353,1483,673,129,overlapping,kansas-city-chiefs-2026-media-guide-2026-08-12,0.289,2
colts-2025-media-guide-indianapolis,nfl-books,nfl-books/text_all/colts-2025-media-guide-indianapolis.txt,Indianapolis Colts 2025 Media Guide,2025,1,ocr-text,unread,unread,unread,,2288056,418532,1850,2029,2024,2048,1,0,18,167,241,258,0,122,77,747,413,,,,0
commanders-2025-media-guide-washington-c,nfl-books,nfl-books/text_all/commanders-2025-media-guide-washington-c.txt,Washington Commanders 2025 Media Guide,2025,1,ocr-text,unread,unread,unread,,758807,109151,1860,2029,2024,593,2,0,0,141,19,284,0,0,2633,8,0,,,,0
cowboys-2025-media-guide-dallas-c,nfl-books,nfl-books/text_all/cowboys-2025-media-guide-dallas-c.txt,Dallas Cowboys 2025 Media Guide,2025,1,ocr-text,unread,unread,unread,,2110975,365053,1856,2028,2024,1921,22,0,0,282,187,149,0,100,2076,607,591,,,,0
dolphins-2025-media-guide-miami,nfl-books,nfl-books/text_all/dolphins-2025-media-guide-miami.txt,Miami Dolphins 2025 Media Guide,2025,1,ocr-text,unread,unread,unread,,2720588,464253,1850,2029,2024,3152,20,0,2,324,308,106,1,378,153,466,687,overlapping,dolphins-2024-media-guide-miami,0.357,1
eagles-2025-media-guide-philadelphia-c,nfl-books,nfl-books/text_all/eagles-2025-media-guide-philadelphia-c.txt,Philadelphia Eagles 2025 Media Guide,2025,1,ocr-text,unread,unread,unread,,1732215,307016,1855,2029,2024,893,8,0,4,54,142,67,180,181,143,337,391,overlapping,philadelphia-eagles-2026-media-guide-2026-08-13-c,0.375,1
falcons-2025-media-guide-atlanta-c,nfl-books,nfl-books/text_all/falcons-2025-media-guide-atlanta-c.txt,Atlanta Falcons 2025 Media Guide,2025,1,ocr-text,unread,unread,unread,,1369281,235071,1877,2028,2024,1228,3,0,5,189,18,158,170,24,469,125,123,,,,0
giants-2025-media-guide-new-york-c,nfl-books,nfl-books/text_all/giants-2025-media-guide-new-york-c.txt,New York Giants 2025 Media Guide,2025,1,ocr-text,unread,unread,unread,,1448513,252046,1860,2028,2024,1680,3,0,4,175,124,244,0,179,23,142,94,,,,0
jaguars-2025-media-guide-jacksonville,nfl-books,nfl-books/text_all/jaguars-2025-media-guide-jacksonville.txt,Jacksonville Jaguars 2025 Media Guide,2025,1,ocr-text,unread,unread,unread,,1468062,265411,1860,2029,2024,2048,1,0,2,129,81,138,0,14,206,262,137,,,,0
jets-2025-media-guide-new-york,nfl-books,nfl-books/text_all/jets-2025-media-guide-new-york.txt,New York Jets 2025 Media Guide,2025,1,ocr-text,unread,unread,unread,,654244,112014,1892,2029,2024,729,0,1,1,135,28,78,0,118,47,32,50,,,,0
lions-2025-media-guide-detroit,nfl-books,nfl-books/text_all/lions-2025-media-guide-detroit.txt,Detroit Lions 2025 Media Guide,2025,1,ocr-text,unread,unread,unread,,1120771,192689,1850,2029,2024,847,0,0,0,112,91,157,0,150,371,37,29,,,,0
los-angeles-rams-2025-media-guide,nfl-books,nfl-books/text_all/los-angeles-rams-2025-media-guide.txt,Los Angeles Rams 2025 Media Guide,2025,1,ocr-text,unread,unread,unread,,1531021,273458,1879,2028,2023,1185,2,0,2,217,27,123,0,179,1241,179,77,,,,0
nfl-hall-of-fame-2025-media-guide-2025-07-30,nfl-books,nfl-books/text_all/nfl-hall-of-fame-2025-media-guide-2025-07-30.txt,NFL Hall Of Fame 2025 Media Guide,2025,1,ocr-text,unread,unread,unread,,869289,138265,1879,2029,2025,525,0,0,1,23,30,19,8,3,389,22,6,overlapping,nfl-hall-of-fame-2024-media-guide-c,0.33,2
nfl-record-and-fact-book-2025,nfl-books,nfl-books/text_all/nfl-record-and-fact-book-2025.txt,NFL Record And Fact Book 2025,2025,1,ocr-text,unread,unread,unread,,4714831,758809,1855,2029,2025,4605,3,0,1,83,49,427,0,1691,922,192,1275,,,,0
packers-2025-media-guide-green-bay-c,nfl-books,nfl-books/text_all/packers-2025-media-guide-green-bay-c.txt,Green Bay Packers 2025 Media Guide,2025,1,ocr-text,unread,unread,unread,,3612261,625814,1850,2027,2024,2750,2,0,2,331,194,301,0,330,349,491,466,,,,0
panthers-2025-media-guide-carolina,nfl-books,nfl-books/text_all/panthers-2025-media-guide-carolina.txt,Carolina Panthers 2025 Media Guide,2025,1,ocr-text,unread,unread,unread,,1656727,295591,1878,2028,2024,2006,1,0,0,121,9,111,0,7,250,464,571,,,,0
patriots-2025-media-guide-new-england,nfl-books,nfl-books/text_all/patriots-2025-media-guide-new-england.txt,New England Patriots 2025 Media Guide,2025,1,ocr-text,unread,unread,unread,,1958388,331325,1852,2027,2024,1985,4,0,1,193,169,200,3,322,1363,530,1085,,,,0
raiders-2025-media-guide-las-vegas-c,nfl-books,nfl-books/text_all/raiders-2025-media-guide-las-vegas-c.txt,Las Vegas Raiders 2025 Media Guide,2025,1,ocr-text,unread,unread,unread,,1985474,346457,1869,2028,2024,2592,1,0,2,270,318,259,0,23,1059,89,27,,,,0
ravens-2025-media-guide-baltimore,nfl-books,nfl-books/text_all/ravens-2025-media-guide-baltimore.txt,Baltimore Ravens 2025 Media Guide,2025,1,ocr-text,unread,unread,unread,,1986738,329070,1901,2027,2024,647,6,1,5,213,314,247,1,203,503,155,262,,,,0
saints-2025-media-guide-new-orleans-c,nfl-books,nfl-books/text_all/saints-2025-media-guide-new-orleans-c.txt,New Orleans Saints 2025 Media Guide,2025,1,ocr-text,unread,unread,unread,,1940738,321147,1850,2029,2024,1980,3,0,4,212,187,144,0,63,31,291,194,,,,0
seahawks-2025-media-guide-seattle,nfl-books,nfl-books/text_all/seahawks-2025-media-guide-seattle.txt,Seattle Seahawks 2025 Media Guide,2025,1,ocr-text,unread,unread,unread,,1629523,276600,1861,2029,2024,1169,5,0,2,172,394,155,207,19,1026,388,689,overlapping,seahawks-2024-media-guide-seattle-c,0.286,1
steelers-2025-media-guide-pittsburgh-c,nfl-books,nfl-books/text_all/steelers-2025-media-guide-pittsburgh-c.txt,Pittsburgh Steelers 2025 Media Guide,2025,1,ocr-text,unread,unread,unread,,2630666,485780,1852,2028,2024,3034,2,0,3,160,61,168,0,97,233,295,457,,,,0
texans-2025-media-guide-houston,nfl-books,nfl-books/text_all/texans-2025-media-guide-houston.txt,Houston Texans 2025 Media Guide,2025,1,ocr-text,unread,unread,unread,,1660200,290218,1858,2028,2024,2124,2,0,0,144,96,112,0,30,1024,253,200,,,,0
titans-2025-media-guide-tennessee,nfl-books,nfl-books/text_all/titans-2025-media-guide-tennessee.txt,Tennessee Titans 2025 Media Guide,2025,1,ocr-text,unread,unread,unread,,2792523,493759,1851,2027,2024,3553,4,0,2,427,358,245,0,185,3682,494,463,,,,0
vikings-2025-media-guide-minnesota,nfl-books,nfl-books/text_all/vikings-2025-media-guide-minnesota.txt,Minnesota Vikings 2025 Media Guide,2025,1,ocr-text,unread,unread,unread,,2102385,352871,1909,2026,2024,1667,3,0,0,302,149,211,2,43,1153,73,48,overlapping,vikings-2024-media-guide-minnesota-c,0.297,1
baltimore-ravens-2026-media-guide,nfl-books,nfl-books/text_all/baltimore-ravens-2026-media-guide.txt,Baltimore Ravens 2026 Media Guide,2026,1,ocr-text,unread,unread,unread,,1784558,294958,1853,2029,2025,561,6,1,2,186,311,168,0,92,493,126,231,,,,0
buffalo-bills-2026-media-guide-2026-07-19-c,nfl-books,nfl-books/text_all/buffalo-bills-2026-media-guide-2026-07-19-c.txt,Buffalo Bills 2026 Media Guide,2026,1,ocr-text,unread,unread,unread,,951472,176236,1851,2029,2025,1134,2,0,2,62,194,138,0,165,86,108,30,,,,0
chicago-bears-2026-media-guide-2026-08-13-c,nfl-books,nfl-books/text_all/chicago-bears-2026-media-guide-2026-08-13-c.txt,Chicago Bears 2026 Media Guide,2026,1,ocr-text,unread,unread,unread,,1528882,265131,1850,2029,2025,1158,0,0,1,173,144,130,5,58,452,93,188,,,,0
cincinnati-bengals-2026-media-guide-2026-07-19,nfl-books,nfl-books/text_all/cincinnati-bengals-2026-media-guide-2026-07-19.txt,Cincinnati Bengals 2026 Media Guide,2026,1,ocr-text,unread,unread,unread,,2285379,400432,1850,2029,2025,1145,33,0,5,188,329,221,180,151,1550,401,1153,overlapping,bengals-2025-media-guide-cincinnati,0.328,1
cleveland-browns-2026-media-guide-2026-07-21-c,nfl-books,nfl-books/text_all/cleveland-browns-2026-media-guide-2026-07-21-c.txt,Cleveland Browns 2026 Media Guide,2026,1,ocr-text,unread,unread,unread,,1729621,306766,1850,2029,2025,834,0,0,0,141,15,219,0,22,26,377,186,,,,0
dallas-cowboys-2026-media-guide-2026-07-28,nfl-books,nfl-books/text_all/dallas-cowboys-2026-media-guide-2026-07-28.txt,Dallas Cowboys 2026 Media Guide,2026,1,ocr-text,unread,unread,unread,,2115433,362808,1856,2029,2025,2005,33,0,0,281,191,155,0,87,2481,583,878,,,,0
green-bay-packers-2026-media-guide-2026-08-08,nfl-books,nfl-books/text_all/green-bay-packers-2026-media-guide-2026-08-08.txt,Green Bay Packers 2026 Media Guide,2026,1,ocr-text,unread,unread,unread,,3680934,635337,1850,2027,2025,2667,2,0,2,327,197,292,1,279,310,485,496,,,,0
houston-texans-2026-media-guide-2026-07-28,nfl-books,nfl-books/text_all/houston-texans-2026-media-guide-2026-07-28.txt,Houston Texans 2026 Media Guide,2026,1,ocr-text,unread,unread,unread,,1780305,311444,1933,2029,2025,2075,1,0,1,127,103,118,0,14,785,240,176,,,,0
indianapolis-colts-2026-media-guide-2026-08-17,nfl-books,nfl-books/text_all/indianapolis-colts-2026-media-guide-2026-08-17.txt,Indianapolis Colts 2026 Media Guide,2026,1,ocr-text,unread,unread,unread,,2297829,420018,1850,2029,2025,2129,4,0,18,178,231,231,0,81,74,736,288,,,,0
kansas-city-chiefs-2026-media-guide-2026-08-12,nfl-books,nfl-books/text_all/kansas-city-chiefs-2026-media-guide-2026-08-12.txt,Kansas CIty Chiefs 2026 Media Guide,2026,1,ocr-text,unread,unread,unread,,3048537,547828,1855,2029,2025,2240,2,1,4,209,22,123,0,334,1786,466,104,overlapping,chiefs-2025-media-guide-kansas-city,0.305,1
new-england-patriots-2026-media-guide-2026-07-28,nfl-books,nfl-books/text_all/new-england-patriots-2026-media-guide-2026-07-28.txt,New England Patriots 2026 Media Guide,2026,1,ocr-text,unread,unread,unread,,2032282,345977,1852,2028,2025,2006,3,0,1,168,177,203,2,254,1516,567,1055,,,,0
new-orleans-saints-2026-media-guide-2026-08-13,nfl-books,nfl-books/text_all/new-orleans-saints-2026-media-guide-2026-08-13.txt,New Orleans Saints 2026 Media Guide,2026,1,ocr-text,unread,unread,unread,,1953237,323511,1850,2028,2025,1864,3,0,5,222,204,156,0,104,36,300,158,,,,0
nfl-record-fact-book-2026,nfl-books,nfl-books/text_all/nfl-record-fact-book-2026.txt,NFL Record And Fact Book 2026,2026,1,ocr-text,unread,unread,unread,,4801700,773516,1852,2029,2026,4656,3,0,1,93,44,423,3,1786,970,191,1014,,,,0
philadelphia-eagles-2026-media-guide-2026-08-13-c,nfl-books,nfl-books/text_all/philadelphia-eagles-2026-media-guide-2026-08-13-c.txt,Philadelphia Eagles 2026 Media Guide,2026,1,ocr-text,unread,unread,unread,,1754860,309233,1855,2029,2026,874,6,0,4,53,148,66,184,64,613,341,393,overlapping,eagles-2025-media-guide-philadelphia-c,0.38,2
san-francisco-49ers-2026-media-guide-2026-08-10,nfl-books,nfl-books/text_all/san-francisco-49ers-2026-media-guide-2026-08-10.txt,San Francisco 49ers 2026 Media Guide,2026,1,ocr-text,unread,unread,unread,,2880944,520136,1887,2029,2026,2298,0,1,0,291,54,238,5,262,857,365,1176,,,,0
tennessee-titans-2026-media-guide-2026-08-13,nfl-books,nfl-books/text_all/tennessee-titans-2026-media-guide-2026-08-13.txt,Tennessee Titans 2026 Media Guide,2026,1,ocr-text,unread,unread,unread,,2957919,540735,1851,2027,2025,3487,1,0,2,383,373,200,0,146,3246,425,464,,,,0
washington-commanders-2026-media-guide-2026-08-20,nfl-books,nfl-books/text_all/washington-commanders-2026-media-guide-2026-08-20.txt,Washington Commanders 2026 Media Guide,2026,1,ocr-text,unread,unread,unread,,739499,105983,1909,2029,2024,637,1,0,0,154,30,272,0,0,2586,9,0,,,,0
tampa-bay-bandits-usfl-1983-media-guide-cv-2,nfl-books,nfl-books/text_all/tampa-bay-bandits-usfl-1983-media-guide-cv-2.txt,Tampa Bay Bandits (USFL) 1983 Media Guide,1983,1,ocr-text,unread,unread,unread,,153957,24627,1911,1999,1982,70,1,0,0,27,152,96,0,141,185,1,0,,,,0
birmingham-stallions-1985-media-guide-usfl-c,nfl-books,nfl-books/text_all/birmingham-stallions-1985-media-guide-usfl-c.txt,Birmingham Stallions (USFL) 1985 Media Guide,1985,1,ocr-text,unread,unread,unread,,284016,45943,1910,2014,1984,326,0,0,0,77,173,28,1,33,71,31,35,,,,0
toronto-argonauts-2023-media-guide,nfl-books,nfl-books/text_all/toronto-argonauts-2023-media-guide.txt,Toronto Argonauts 2023 Media Guide,2023,1,ocr-text,unread,unread,unread,,390095,56858,1862,2027,2022,417,0,0,0,67,141,209,0,33,0,6,29,,,,0
toronto-argonauts-2024-media-guide-2024-06-08,nfl-books,nfl-books/text_all/toronto-argonauts-2024-media-guide-2024-06-08.txt,Toronto Argonauts 2024 Media Guide,2024,1,ocr-text,unread,unread,unread,,393903,56528,1873,2026,2022,459,0,0,0,77,137,206,0,25,0,7,29,,,,0
orlando-renegades-usfl-1985-media-guide-cv-2,nfl-books,nfl-books/text_all/orlando-renegades-usfl-1985-media-guide-cv-2.txt,Orlando Renegades (USFL) 1985 Media Guide,1985,1,ocr-text,unread,unread,unread,,209809,33791,1862,2020,1984,171,0,0,0,40,89,96,0,91,16,21,15,,,,0
saskatchewan-roughriders-2005-media-guide-c,nfl-books,nfl-books/text_all/saskatchewan-roughriders-2005-media-guide-c.txt,Saskatchewan Roughriders 2005 Media Guide,2005,1,ocr-text,unread,unread,unread,,315379,50933,1863,2019,2004,593,0,0,0,53,279,29,127,57,5,6,47,,,,0
ottawa-rough-riders-1992-media-guide-c,nfl-books,nfl-books/text_all/ottawa-rough-riders-1992-media-guide-c.txt,Ottawa Rough Riders 1992 Media Guide,1992,1,ocr-text,unread,unread,unread,,231018,39369,1904,1992,1991,323,0,0,0,46,47,40,0,0,34,3,88,,,,0
saskatchewan-roughriders-2006-media-guide-c,nfl-books,nfl-books/text_all/saskatchewan-roughriders-2006-media-guide-c.txt,Saskatchewan Roughriders 2006 Media Guide,2006,1,ocr-text,unread,unread,unread,,326791,53134,1851,2019,2005,584,0,0,0,48,304,37,165,52,7,10,27,,,,0
saskatchewan-roughriders-2007-media-guide-c,nfl-books,nfl-books/text_all/saskatchewan-roughriders-2007-media-guide-c.txt,Saskatchewan Roughriders 2007 Media Guide,2007,1,ocr-text,unread,unread,unread,,384336,60986,1890,2019,2006,460,0,0,0,45,306,56,149,3,0,5,32,,,,0
saskatchewan-roughriders-2012-media-guide-c,nfl-books,nfl-books/text_all/saskatchewan-roughriders-2012-media-guide-c.txt,Saskatchewan Roughriders 2012 Media Guide,2012,1,ocr-text,unread,unread,unread,,415230,67468,1866,2017,2010,401,1,0,0,52,118,47,94,37,67,9,34,,,,0
edmonton-eskimos-2002-media-guide-c,nfl-books,nfl-books/text_all/edmonton-eskimos-2002-media-guide-c.txt,Edmonton Eskimos 2002 Media Guide,2002,1,ocr-text,unread,unread,unread,,410712,71573,1870,2028,2001,604,1,1,0,30,61,31,40,63,7,0,28,,,,0
edmonton-eskimos-2003-media-guide-c,nfl-books,nfl-books/text_all/edmonton-eskimos-2003-media-guide-c.txt,Edmonton Eskimos 2003 Media Guide,2003,1,ocr-text,unread,unread,unread,,466994,86810,1851,2012,2002,458,1,1,0,21,84,41,133,54,13,5,80,,,,0
edmonton-eskimos-1999-media-guide-c,nfl-books,nfl-books/text_all/edmonton-eskimos-1999-media-guide-c.txt,Edmonton Eskimos 1999 Media Guide,1999,1,ocr-text,unread,unread,unread,,279156,47229,1870,1999,1998,838,1,0,0,44,20,23,43,30,11,2,16,,,,0
birmingham-stallions-usfl-1984-media-guide-cv-2,nfl-books,nfl-books/text_all/birmingham-stallions-usfl-1984-media-guide-cv-2.txt,Birmingham Stallions (USFL) 1984 Media Guide,1984,1,ocr-text,unread,unread,unread,,224110,36176,1919,1989,1983,220,2,0,0,69,141,35,2,54,3,10,11,,,,0
edmonton-eskimos-2001-media-guide-c,nfl-books,nfl-books/text_all/edmonton-eskimos-2001-media-guide-c.txt,Edmonton Eskimos 2001 Media Guide,2001,1,ocr-text,unread,unread,unread,,396264,66979,1870,2028,2000,616,1,1,0,33,68,35,111,22,16,1,10,,,,0
ottawa-rough-riders-1993-media-guide-c,nfl-books,nfl-books/text_all/ottawa-rough-riders-1993-media-guide-c.txt,Ottawa Rough Riders 1993 Media Guide,1993,1,ocr-text,unread,unread,unread,,220842,36532,1904,2002,1992,361,0,0,0,53,45,39,0,0,57,6,71,,,,0
edmonton-elks-2024-media-guide,nfl-books,nfl-books/text_all/edmonton-elks-2024-media-guide.txt,Edmonton Elks 2024 Media Guide,2024,1,ocr-text,unread,unread,unread,,2746,412,1949,2023,2023,0,0,0,0,0,0,0,0,0,0,0,0,,,,0
edmonton-eskimos-2005-media-guide-c,nfl-books,nfl-books/text_all/edmonton-eskimos-2005-media-guide-c.txt,Edmonton Eskimos 2005 Media Guide,2005,1,ocr-text,unread,unread,unread,,461257,84315,1870,2028,2004,546,2,1,0,22,45,25,0,33,6,25,66,,,,0
brooklyn-dodgers-aafc-1946-media-guide,nfl-books,nfl-books/text_all/brooklyn-dodgers-aafc-1946-media-guide.txt,Brooklyn Dodgers (AAFC) 1946 Media Guide,1946,1,ocr-text,club media guide,biography,read-2026-09-07-yearbooks,complete-stratum read: every pre-1950 held text carries per-man biography prose,35491,5711,1900,1946,1946,13,2,0,0,0,0,21,0,0,1,0,0,,,,0
brooklyn-dodgers-aafc-1948-media-guide,nfl-books,nfl-books/text_all/brooklyn-dodgers-aafc-1948-media-guide.txt,Brooklyn Dodgers (AAFC) 1948 Media Guide,1948,1,ocr-text,club media guide,biography,read-2026-09-07-yearbooks,complete-stratum read: every pre-1950 held text carries per-man biography prose,45147,7721,1902,1948,1922,18,2,0,0,4,2,36,4,0,7,0,20,,,,0
saskatchewan-roughriders-2010-media-guide-c,nfl-books,nfl-books/text_all/saskatchewan-roughriders-2010-media-guide-c.txt,Saskatchewan Roughriders 2010 Media Guide,2010,1,ocr-text,unread,unread,unread,,363594,61217,1890,2010,2009,438,0,0,0,40,285,41,136,52,7,14,45,,,,0
winnipeg-blue-bombers-2025-media-guide-2025-06,nfl-books,nfl-books/text_all/winnipeg-blue-bombers-2025-media-guide-2025-06.txt,Winnipeg Blue Bombers 2025 Media Guide,2025,1,ocr-text,unread,unread,unread,,333474,60740,1907,2025,2024,148,1,0,0,2,108,3,0,48,504,35,16,,,,0
washington-federals-usfl-1983-media-guide-cv-2,nfl-books,nfl-books/text_all/washington-federals-usfl-1983-media-guide-cv-2.txt,Washington Federals (USFL) 1983 Media Guide,1983,1,ocr-text,unread,unread,unread,,172534,28032,1919,2000,1982,146,0,0,0,27,120,130,1,9,46,13,4,,,,0
washington-federals-usfl-1984-media-guide-cv-2,nfl-books,nfl-books/text_all/washington-federals-usfl-1984-media-guide-cv-2.txt,Washington Federals (USFL) 1984 Media Guide,1984,1,ocr-text,unread,unread,unread,,325041,52316,1909,2012,1983,440,0,0,0,56,50,112,0,3,33,42,50,,,,0
edmonton-eskimos-2000-media-guide-c,nfl-books,nfl-books/text_all/edmonton-eskimos-2000-media-guide-c.txt,Edmonton Eskimos 2000 Media Guide,2000,1,ocr-text,unread,unread,unread,,393964,66374,1867,2028,1999,839,1,1,0,31,15,18,18,51,15,1,29,,,,0
edmonton-elks-2023-media-guide-c,nfl-books,nfl-books/text_all/edmonton-elks-2023-media-guide-c.txt,Edmonton Elks 2023 Media Guide,2023,1,ocr-text,unread,unread,unread,,373343,66206,1864,2028,2022,247,1,0,0,29,55,13,112,4,2,10,79,,,,0
calgary-stampeders-2023-media-guide-2023-06-c,nfl-books,nfl-books/text_all/calgary-stampeders-2023-media-guide-2023-06-c.txt,Calgary Stampeders 2023 Media Guide,2023,1,ocr-text,unread,unread,unread,,638646,109798,1863,2023,2022,524,0,0,0,43,137,82,0,103,438,12,70,overlapping,calgary-stampeders-2024-media-guide-2024-06,0.346,1
calgary-stampeders-2024-media-guide-2024-06,nfl-books,nfl-books/text_all/calgary-stampeders-2024-media-guide-2024-06.txt,Calgary Stampeders 2024 Media Guide,2024,1,ocr-text,unread,unread,unread,,655718,112856,1863,2028,2023,564,0,0,0,51,146,81,0,53,429,13,87,overlapping,calgary-stampeders-2023-media-guide-2023-06-c,0.31,1
tampa-bay-bandits-usfl-1984-media-guide-cv-2,nfl-books,nfl-books/text_all/tampa-bay-bandits-usfl-1984-media-guide-cv-2.txt,Tampa Bay Bandits (USFL) 1984 Media Guide,1984,1,ocr-text,unread,unread,unread,,158177,25879,1855,1984,1983,92,1,0,0,30,135,17,137,120,34,51,17,,,,0
los-angeles-dons-aafc-1947-media-guide-cv-3,nfl-books,nfl-books/text_all/los-angeles-dons-aafc-1947-media-guide-cv-3.txt,Los Angeles Dons (AAFC) 1947 Media Guide,1947,1,ocr-text,club media guide,biography,read-2026-09-07-yearbooks,complete-stratum read: every pre-1950 held text carries per-man biography prose,60950,8851,1886,1996,1946,57,3,0,0,19,111,32,0,0,0,1,13,,,,0
ottawa-rough-riders-1989-media-guide-c,nfl-books,nfl-books/text_all/ottawa-rough-riders-1989-media-guide-c.txt,Ottawa Rough Riders 1989 Media Guide,1989,1,ocr-text,unread,unread,unread,,215958,35465,1856,1989,1988,175,0,0,0,50,0,31,0,31,30,0,33,,,,0
buffalo-bisons-aafc-1946-media-guide-c,nfl-books,nfl-books/text_all/buffalo-bisons-aafc-1946-media-guide-c.txt,Buffalo Bisons (AAFC) 1946 Media Guide,1946,1,ocr-text,club media guide,biography,read-2026-09-07-yearbooks,complete-stratum read: every pre-1950 held text carries per-man biography prose,47339,7909,1905,1959,1945,26,0,0,0,11,2,42,0,0,16,0,0,,,,0
calgary-stampeders-2025-media-guide-2025-06,nfl-books,nfl-books/text_all/calgary-stampeders-2025-media-guide-2025-06.txt,Calgary Stampeders 2025 Media Guide,2025,1,ocr-text,unread,unread,unread,,630035,108359,1883,2028,2024,422,0,0,0,37,142,81,0,29,438,9,51,,,,0
new-orleans-breakers-1984-media-guide-usfl-c,nfl-books,nfl-books/text_all/new-orleans-breakers-1984-media-guide-usfl-c.txt,New Orleans Breakers (USFL) 1984 Media Guide,1984,1,ocr-text,unread,unread,unread,,250685,40808,1904,2012,1983,363,0,0,0,25,130,79,94,151,89,22,105,,,,0
birmingham-stallions-usfl-1983-media-guide-cv-2,nfl-books,nfl-books/text_all/birmingham-stallions-usfl-1983-media-guide-cv-2.txt,Birmingham Stallions (USFL) 1983 Media Guide,1983,1,ocr-text,unread,unread,unread,,159355,24863,1919,1985,1982,80,2,0,0,81,130,50,0,63,2,0,0,,,,0
chicago-rockets-aafc-1946-media-guide,nfl-books,nfl-books/text_all/chicago-rockets-aafc-1946-media-guide.txt,Chicago Rockets (AAFC) 1946 Media Guide,1946,1,ocr-text,club media guide,biography,read-2026-09-07-yearbooks,complete-stratum read: every pre-1950 held text carries per-man biography prose,59864,10123,1913,1946,1938,66,5,0,0,13,0,61,0,0,1,0,0,,,,0
cfl-2024-fact-guide-record-book-2024-06-c,nfl-books,nfl-books/text_all/cfl-2024-fact-guide-record-book-2024-06-c.txt,CFL 2024 Fact Guide & Record Book,2024,1,ocr-text,unread,unread,unread,,1570369,286540,1869,2024,2023,835,2,0,0,21,1177,4,0,160,449,168,59,,,,0
saskatchewan-roughriders-2008-media-guide-c,nfl-books,nfl-books/text_all/saskatchewan-roughriders-2008-media-guide-c.txt,Saskatchewan Roughriders 2008 Media Guide,2008,1,ocr-text,unread,unread,unread,,354960,57374,1860,2009,2007,509,0,0,0,57,313,69,162,15,0,7,32,,,,0
saskatchewan-roughriders-2011-media-guide-c,nfl-books,nfl-books/text_all/saskatchewan-roughriders-2011-media-guide-c.txt,Saskatchewan Roughriders 2011 Media Guide,2011,1,ocr-text,unread,unread,unread,,457973,77307,1866,2019,2010,452,1,0,0,42,355,45,72,42,10,13,59,,,,0
buffalo-bills-aafc-1948-media-guide-c,nfl-books,nfl-books/text_all/buffalo-bills-aafc-1948-media-guide-c.txt,Buffalo Bills (AAFC) 1948 Media Guide,1948,1,ocr-text,club media guide,biography,read-2026-09-07-yearbooks,complete-stratum read: every pre-1950 held text carries per-man biography prose,56297,9034,1885,2019,1947,59,0,0,0,17,1,31,8,0,0,0,12,,,,0
edmonton-elks-2025-media-guide-2025-06,nfl-books,nfl-books/text_all/edmonton-elks-2025-media-guide-2025-06.txt,Edmonton Elks 2025 Media Guide,2025,1,ocr-text,unread,unread,unread,,368693,69736,1870,2028,2024,228,1,0,0,28,78,13,0,80,3,2,35,,,,0
san-antonio-gunslingers-usfl-1985-media-guide-cv-2,nfl-books,nfl-books/text_all/san-antonio-gunslingers-usfl-1985-media-guide-cv-2.txt,San Antonio Gunslingers (USFL) 1985 Media Guide,1985,1,ocr-text,unread,unread,unread,,174911,27281,1862,2027,1984,212,0,0,0,26,144,82,1,44,8,16,8,,,,0
oklahoma-outlaws-usfl-1984-media-guide-cv-2,nfl-books,nfl-books/text_all/oklahoma-outlaws-usfl-1984-media-guide-cv-2.txt,Oklahoma Outlaws (USFL) 1984 Media Guide,1984,1,ocr-text,unread,unread,unread,,121414,19802,1912,2008,1983,85,1,0,0,30,274,111,0,0,1,7,4,,,,0
tampa-bay-bandits-usfl-1985-media-guide-cv-2,nfl-books,nfl-books/text_all/tampa-bay-bandits-usfl-1985-media-guide-cv-2.txt,Tampa Bay Bandits (USFL) 1985 Media Guide,1985,1,ocr-text,unread,unread,unread,,160189,26589,1855,2000,1983,162,1,1,0,20,269,73,130,48,14,31,20,,,,0
buffalo-bills-aafc-1947-media-guide-c,nfl-books,nfl-books/text_all/buffalo-bills-aafc-1947-media-guide-c.txt,Buffalo Bills (AAFC) 1947 Media Guide,1947,1,ocr-text,club media guide,biography,read-2026-09-07-yearbooks,complete-stratum read: every pre-1950 held text carries per-man biography prose,48207,8121,1913,1948,1946,47,0,0,0,17,6,26,4,0,2,2,2,,,,0
arizona-wranglers-1984-media-guide-usfl-c,nfl-books,nfl-books/text_all/arizona-wranglers-1984-media-guide-usfl-c.txt,Arizona Wranglers (USFL) 1984 Media Guide,1984,1,ocr-text,unread,unread,unread,,357818,61039,1873,2026,1983,247,0,0,0,71,55,59,0,60,21,60,61,,,,0
hamilton-tiger-cats-2016-media-guide,nfl-books,nfl-books/text_all/hamilton-tiger-cats-2016-media-guide.txt,Hamilton Tiger Cats 2016 Media Guide,2016,1,ocr-text,unread,unread,unread,,497760,86325,1870,2022,2015,688,0,0,0,51,115,96,0,29,216,21,19,,,,0
hamilton-tiger-cats-2018-media-guide,nfl-books,nfl-books/text_all/hamilton-tiger-cats-2018-media-guide.txt,Hamilton Tiger Cats 2018 Media Guide,2018,1,ocr-text,unread,unread,unread,,1091568,205855,1855,2020,2017,2045,1,0,0,75,166,87,134,339,402,236,93,,,,0
denver-gold-usfl-1984-media-guide-cv-2,nfl-books,nfl-books/text_all/denver-gold-usfl-1984-media-guide-cv-2.txt,Denver Gold (USFL) 1984 Media Guide,1984,1,ocr-text,unread,unread,unread,,271034,42983,1865,1989,1983,305,1,0,0,31,67,87,128,0,1,9,24,,,,0
calgary-stampeders-2018-media-guide-2018-06,nfl-books,nfl-books/text_all/calgary-stampeders-2018-media-guide-2018-06.txt,Calgary Stampeders 2018 Media Guide,2018,1,ocr-text,unread,unread,unread,,511297,88222,1867,2018,2017,385,0,0,0,31,57,70,0,35,216,9,24,overlapping,calgary-stampeders-2019-media-guide-c,0.358,1
cfl-2025-fact-guide-record-book-c,nfl-books,nfl-books/text_all/cfl-2025-fact-guide-record-book-c.txt,CFL 2025 Fact Guide & Record Book,2025,1,ocr-text,unread,unread,unread,,1600947,291871,1858,2026,2024,808,3,0,0,15,1074,2,0,325,548,80,49,,,,0
chicago-rockets-aafc-1947-media-guide,nfl-books,nfl-books/text_all/chicago-rockets-aafc-1947-media-guide.txt,Chicago Rockets (AAFC) 1947 Media Guide,1947,1,ocr-text,club media guide,biography,read-2026-09-07-yearbooks,complete-stratum read: every pre-1950 held text carries per-man biography prose,49555,7623,1898,1947,1946,38,0,0,0,22,0,24,0,0,0,0,0,,,,0
chicago-hornets-aafc-1949-media-guide,nfl-books,nfl-books/text_all/chicago-hornets-aafc-1949-media-guide.txt,Chicago Hornets (AAFC) 1949 Media Guide,1949,1,ocr-text,club media guide,biography,read-2026-09-07-yearbooks,complete-stratum read: every pre-1950 held text carries per-man biography prose,67385,10322,1916,1949,1946,77,0,0,0,9,2,17,39,0,1,0,1,,,,0
chicago-blitz-1984-media-guide-usfl-c,nfl-books,nfl-books/text_all/chicago-blitz-1984-media-guide-usfl-c.txt,Chicago Blitz (USFL) 1984 Media Guide,1984,1,ocr-text,unread,unread,unread,,287358,45874,1875,2019,1983,313,1,0,0,47,76,110,0,52,86,10,26,,,,0
buffalo-bills-aafc-1949-media-guide-c,nfl-books,nfl-books/text_all/buffalo-bills-aafc-1949-media-guide-c.txt,Buffalo Bills (AAFC) 1949 Media Guide,1949,1,ocr-text,club media guide,biography,read-2026-09-07-yearbooks,complete-stratum read: every pre-1950 held text carries per-man biography prose,54703,8405,1923,2020,1947,59,1,0,0,9,1,22,12,0,0,1,8,,,,0
calgary-stampeders-2017-media-guide-2017-06-c,nfl-books,nfl-books/text_all/calgary-stampeders-2017-media-guide-2017-06-c.txt,Calgary Stampeders 2017 Media Guide,2017,1,ocr-text,unread,unread,unread,,528868,91229,1873,2018,2016,399,0,0,0,32,126,74,0,47,359,9,18,,,,0
ottawa-rough-riders-1990-media-guide-c,nfl-books,nfl-books/text_all/ottawa-rough-riders-1990-media-guide-c.txt,Ottawa Rough Riders 1990 Media Guide,1990,1,ocr-text,unread,unread,unread,,192789,29978,1885,1990,1989,178,0,0,0,35,7,17,0,3,13,0,75,,,,0
chicago-blitz-usfl-1983-media-guide-cv-2,nfl-books,nfl-books/text_all/chicago-blitz-usfl-1983-media-guide-cv-2.txt,Chicago Blitz (USFL) 1983 Media Guide,1983,1,ocr-text,unread,unread,unread,,115678,17911,1871,1985,1982,107,0,0,0,26,128,70,0,1,45,1,1,,,,0
oakland-invaders-usfl-1983-media-guide-cv-2,nfl-books,nfl-books/text_all/oakland-invaders-usfl-1983-media-guide-cv-2.txt,Oakland Invaders (USFL) 1983 Media Guide,1983,1,ocr-text,unread,unread,unread,,136676,22432,1909,1988,1982,88,1,0,0,30,74,198,0,1,147,6,2,,,,0
oakland-invaders-usfl-1985-media-guide-cv-2,nfl-books,nfl-books/text_all/oakland-invaders-usfl-1985-media-guide-cv-2.txt,Oakland Invaders (USFL) 1985 Media Guide,1985,1,ocr-text,unread,unread,unread,,248365,41666,1919,1989,1983,389,1,0,0,20,108,144,0,0,141,35,45,,,,0
saskatchewan-roughriders-2009-media-guide-c,nfl-books,nfl-books/text_all/saskatchewan-roughriders-2009-media-guide-c.txt,Saskatchewan Roughriders 2009 Media Guide,2009,1,ocr-text,unread,unread,unread,,352542,55696,1890,2010,2008,507,0,0,0,57,327,62,160,51,13,5,31,,,,0
calgary-stampeders-2019-media-guide-c,nfl-books,nfl-books/text_all/calgary-stampeders-2019-media-guide-c.txt,Calgary Stampeders 2019 Media Guide,2019,1,ocr-text,unread,unread,unread,,523433,90192,1850,2020,2018,383,0,0,0,33,66,70,0,30,223,9,29,overlapping,calgary-stampeders-2018-media-guide-2018-06,0.328,1
arizona-wranglers-usfl-1983-media-guide-cv-2,nfl-books,nfl-books/text_all/arizona-wranglers-usfl-1983-media-guide-cv-2.txt,Arizona Wranglers (USFL) 1983 Media Guide,1983,1,ocr-text,unread,unread,unread,,210304,34140,1904,2000,1982,112,0,0,0,45,64,87,0,148,275,0,0,,,,0
edmonton-eskimos-2004-media-guide-c,nfl-books,nfl-books/text_all/edmonton-eskimos-2004-media-guide-c.txt,Edmonton Eskimos 2004 Media Guide,2004,1,ocr-text,unread,unread,unread,,487738,90274,1855,2009,2003,558,2,1,0,27,68,38,116,37,11,32,67,,,,0
oakland-invaders-usfl-1985-media-guide-postseason-cv-2,nfl-books,nfl-books/text_all/oakland-invaders-usfl-1985-media-guide-postseason-cv-2.txt,Oakland Invaders (USFL) 1985 Media Guide Postseason,1985,1,ocr-text,unread,unread,unread,,74172,13071,1983,1985,1984,109,0,0,0,0,0,1,0,7,9,6,7,,,,0
los-angeles-dons-aafc-1948-media-guide,nfl-books,nfl-books/text_all/los-angeles-dons-aafc-1948-media-guide.txt,Los Angeles Dons (AAFC) 1948 Media Guide,1948,1,ocr-text,club media guide,biography,read-2026-09-07-yearbooks,complete-stratum read: every pre-1950 held text carries per-man biography prose,60231,9265,1886,1948,1946,57,0,0,0,56,114,40,0,21,2,5,1,,,,0
philadelphia-stars-usfl-1983-media-guide-cv-2,nfl-books,nfl-books/text_all/philadelphia-stars-usfl-1983-media-guide-cv-2.txt,Philadelphia Stars (USFL) 1983 Media Guide,1983,1,ocr-text,unread,unread,unread,,190766,31387,1874,2021,1982,240,0,0,1,56,223,36,0,1,28,1,2,,,,0
ottawa-rough-riders-1988-media-guide-c,nfl-books,nfl-books/text_all/ottawa-rough-riders-1988-media-guide-c.txt,Ottawa Rough Riders 1988 Media Guide,1988,1,ocr-text,unread,unread,unread,,141984,22784,1855,1996,1987,176,0,0,0,8,0,5,0,0,2,1,36,,,,0
hamilton-tiger-cats-2017-media-guide,nfl-books,nfl-books/text_all/hamilton-tiger-cats-2017-media-guide.txt,Hamilton Tiger Cats 2017 Media Guide,2017,1,ocr-text,unread,unread,unread,,483054,82919,1851,2019,2016,671,0,0,0,62,64,91,0,6,282,17,15,,,,0
ottawa-rough-riders-1987-media-guide-c,nfl-books,nfl-books/text_all/ottawa-rough-riders-1987-media-guide-c.txt,Ottawa Rough Riders 1987 Media Guide,1987,1,ocr-text,unread,unread,unread,,254291,40631,1909,2005,1986,240,0,0,0,56,0,56,0,2,3,1,83,,,,0
ottawa-rough-riders-1994-media-guide-c,nfl-books,nfl-books/text_all/ottawa-rough-riders-1994-media-guide-c.txt,Ottawa Rough Riders 1994 Media Guide,1994,1,ocr-text,unread,unread,unread,,223742,36992,1867,1999,1993,310,0,0,0,37,37,25,0,1,59,3,6,,,,0
los-angeles-dons-aafc-1949-media-guide,nfl-books,nfl-books/text_all/los-angeles-dons-aafc-1949-media-guide.txt,Los Angeles Dons (AAFC) 1949 Media Guide,1949,1,ocr-text,club media guide,biography,read-2026-09-07-yearbooks,complete-stratum read: every pre-1950 held text carries per-man biography prose,80655,12755,1911,1999,1946,92,0,0,0,31,3,64,1,15,0,3,5,,,,0
ottawa-rough-riders-1991-media-guide-c,nfl-books,nfl-books/text_all/ottawa-rough-riders-1991-media-guide-c.txt,Ottawa Rough Riders 1991 Media Guide,1991,1,ocr-text,unread,unread,unread,,176862,30017,1904,1991,1990,259,0,0,0,34,48,48,0,5,16,9,40,,,,0
ottawa-rough-riders-1995-media-guide-c,nfl-books,nfl-books/text_all/ottawa-rough-riders-1995-media-guide-c.txt,Ottawa Rough Riders 1995 Media Guide,1995,1,ocr-text,unread,unread,unread,,213101,35849,1867,2027,1995,275,0,0,0,51,64,18,0,2,106,2,48,,,,0
toronto-argonauts-2017-media-guide,nfl-books,nfl-books/text_all/toronto-argonauts-2017-media-guide.txt,Toronto Argonauts 2017 Media Guide,2017,1,ocr-text,unread,unread,unread,,309075,50181,1911,2018,2012,474,0,0,0,59,252,103,1,32,0,11,19,,,,0
oakland-invaders-1984-media-guide-usfl-c,nfl-books,nfl-books/text_all/oakland-invaders-1984-media-guide-usfl-c.txt,Oakland Invaders (USFL) 1984 Media Guide,1984,1,ocr-text,unread,unread,unread,,273318,44987,1867,2005,1983,310,0,0,0,28,148,176,0,0,141,34,9,,,,0
redskins-1936-media-guide-boston,nfl-books,nfl-books/text_all/redskins-1936-media-guide-boston.txt,Boston Redskins 1936 Media Guide,1936,1,ocr-text,club media guide,biography,read-2026-09-07-yearbooks,complete-stratum read: every pre-1950 held text carries per-man biography prose,28855,4904,1904,1955,1934,18,0,0,0,9,0,15,2,8,1,0,0,,,,0
lindys-pro-football-preview-2023-vol.-37-texans-cv-2,nfl-books,nfl-books/text_all/lindys-pro-football-preview-2023-vol.-37-texans-cv-2.txt,Lindy's Pro Football 2023 Preview | Texans,2023,1,ocr-text,unread,unread,unread,,1323799,222470,1852,2029,2022,683,4,0,10,24,14,23,1,592,67,36,50,near-identical,lindys-pro-football-preview-2023-vol.-37-bills-cv-2,0.999,11
lindys-pro-football-preview-2023-vol.-37-patriots-cv-2,nfl-books,nfl-books/text_all/lindys-pro-football-preview-2023-vol.-37-patriots-cv-2.txt,Lindy's Pro Football 2023 Preview | Patriots,2023,1,ocr-text,unread,unread,unread,,1323859,222483,1852,2029,2022,683,4,0,10,24,14,23,1,592,67,36,50,near-identical,lindys-pro-football-preview-2023-vol.-37-49ers-raiders-cv-2,1.0,11
lindys-pro-football-preview-2023-vol.-37-49ers-raiders-cv-2,nfl-books,nfl-books/text_all/lindys-pro-football-preview-2023-vol.-37-49ers-raiders-cv-2.txt,Lindy's Pro Football 2023 Preview | 49ers/Raiders,2023,1,ocr-text,unread,unread,unread,,1323777,222467,1852,2029,2022,683,4,0,10,24,14,23,1,592,67,36,50,near-identical,lindys-pro-football-preview-2023-vol.-37-bills-cv-2,0.999,11
football-digest-1992-nfl-football-yearbook-c,nfl-books,nfl-books/text_all/football-digest-1992-nfl-football-yearbook-c.txt,Football Digest 1992 NFL Football Yearbook,1992,1,ocr-text,unread,unread,unread,,255563,41817,1917,1992,1992,261,0,0,3,19,3,4,0,0,0,3,0,,,,0
sports-illustrated-1989-09-11-nfl-preview-c,nfl-books,nfl-books/text_all/sports-illustrated-1989-09-11-nfl-preview-c.txt,Sports Illustrated: 1989-09-11 | 1989 NFL Preview,1989,1,ocr-text,unread,unread,unread,,427865,71569,1866,1999,1989,173,45,0,2,14,2,16,1,0,3,0,0,,,,0
sports-illustrated-2017-09-04-nfl-preview,nfl-books,nfl-books/text_all/sports-illustrated-2017-09-04-nfl-preview.txt,Sports Illustrated: 2017-09-04 | 2017 NFL Football Preview,2017,1,ocr-text,unread,unread,unread,,287019,47923,1862,2018,2017,112,12,0,1,5,0,9,0,18,0,3,0,overlapping,sports-illustrated-2017-09-04-nfl-preview-packers-c,0.459,3
jim-feist-gary-austin-1984-pro-football-c,nfl-books,nfl-books/text_all/jim-feist-gary-austin-1984-pro-football-c.txt,Gary Austin & Jim Feist's Pro Football 1984,1984,1,ocr-text,unread,unread,unread,,550042,95771,1858,2018,1983,234,0,0,5,2,1,6,0,54,56,38,196,,,,0
street-smith-pro-football-yearbook-1978-bob-griese-c,nfl-books,nfl-books/text_all/street-smith-pro-football-yearbook-1978-bob-griese-c.txt,Street & Smith's 1978 Pro Football Preview,1978,1,ocr-text,unread,unread,unread,,745638,130454,1852,2026,1977,505,1,0,0,9,4,6,2,1250,198,7,86,subset,street-smith-pro-football-yearbook-1978-raiders,0.74,1
lindys-pro-football-preview-2023-vol.-37-bills-cv-2,nfl-books,nfl-books/text_all/lindys-pro-football-preview-2023-vol.-37-bills-cv-2.txt,Lindy's Pro Football 2023 Preview | Bills,2023,1,ocr-text,unread,unread,unread,,1323776,222469,1852,2029,2022,683,4,0,10,24,14,23,1,592,67,36,50,near-identical,lindys-pro-football-preview-2023-vol.-37-49ers-raiders-cv-2,1.0,11
lindys-pro-football-preview-2023-vol.-37-bucs-jags-cv-2,nfl-books,nfl-books/text_all/lindys-pro-football-preview-2023-vol.-37-bucs-jags-cv-2.txt,Lindy's Pro Football 2023 Preview | Buccaneers/Jaguars,2023,1,ocr-text,unread,unread,unread,,1323775,222456,1852,2029,2022,683,4,0,10,24,14,23,1,592,67,36,50,near-identical,lindys-pro-football-preview-2023-vol.-37-49ers-raiders-cv-2,1.0,11
athlon-pro-football-2017-dolphins,nfl-books,nfl-books/text_all/athlon-pro-football-2017-dolphins.txt,Athlon's 2017 Pro Football Preview | Dolphins,2017,1,ocr-text,unread,unread,unread,,1055772,177437,1851,2021,2016,618,6,0,7,20,11,15,2,998,94,9,0,near-identical,athlon-pro-football-2017-giants-jets,0.997,8
sports-stars-of-1974-pro-college-football-1974-winter-c,nfl-books,nfl-books/text_all/sports-stars-of-1974-pro-college-football-1974-winter-c.txt,Sports Stars 1974 Pro and College Football Preview,1974,1,ocr-text,unread,unread,unread,,337617,53814,1869,1978,1973,297,1,0,1,103,188,5,4,1,1,0,0,,,,0
street-smith-pro-football-yearbook-1987-bernie-kosar-c,nfl-books,nfl-books/text_all/street-smith-pro-football-yearbook-1987-bernie-kosar-c.txt,Street & Smith's 1987 Pro Football Preview,1987,1,ocr-text,unread,unread,unread,,710912,121626,1863,2007,1986,551,2,0,1,15,3,6,3,1364,212,4,118,near-identical,street-smith-pro-football-yearbook-1987-dan-marino,0.999,1
street-smith-pro-football-yearbook-1987-phil-simms,nfl-books,nfl-books/text_all/street-smith-pro-football-yearbook-1987-phil-simms.txt,Street & Smith's 1987 Pro Football Preview,1987,1,ocr-text,unread,unread,unread,,710617,121574,1863,2007,1986,551,2,0,1,15,3,6,3,1364,212,4,118,near-identical,street-smith-pro-football-yearbook-1987-john-elway,0.999,2
street-smith-pro-football-yearbook-1989-herschell-walker,nfl-books,nfl-books/text_all/street-smith-pro-football-yearbook-1989-herschell-walker.txt,Street & Smith's 1989 Pro Football Preview,1989,1,ocr-text,unread,unread,unread,,713370,120867,1866,2002,1988,567,1,3,5,19,1,5,2,1082,152,4,84,near-identical,street-smith-pro-football-yearbook-1989-jim-everett,0.999,4
street-smith-pro-football-yearbook-1975-rams,nfl-books,nfl-books/text_all/street-smith-pro-football-yearbook-1975-rams.txt,Street & Smith's 1975 Pro Football Preview,1975,1,ocr-text,unread,unread,unread,,642075,111802,1860,2014,1974,424,4,0,0,8,4,4,7,723,221,12,77,near-identical,street-smith-pro-football-yearbook-1975-cardinals-c,0.999,1
street-smiths-1992-pro-football-preview-c,nfl-books,nfl-books/text_all/street-smiths-1992-pro-football-preview-c.txt,Street & Smith's 1992 Pro Football Preview,1992,1,ocr-text,unread,unread,unread,,681981,116101,1861,2002,1992,521,6,0,2,26,5,13,0,887,114,0,355,overlapping,street-smith-pro-football-yearbook-1992-redskins,0.548,1
illustrated-digest-of-pro-football-1974-c,nfl-books,nfl-books/text_all/illustrated-digest-of-pro-football-1974-c.txt,"Illustrated Digest of Pro Football, 1974 Edition",1974,1,ocr-text,unread,unread,unread,,412321,72249,1881,2008,1973,254,2,0,0,11,5,14,0,525,11,163,122,,,,0
athlon-pro-football-2015-chiefs-c,nfl-books,nfl-books/text_all/athlon-pro-football-2015-chiefs-c.txt,Athlon's 2015 Pro Football Preview | Chiefs,2015,1,ocr-text,unread,unread,unread,,1013583,170638,1917,2020,2014,532,0,1,6,27,10,17,0,1737,294,16,18,near-identical,athlon-pro-football-2015-bills-c,0.997,12
lindys-pro-football-preview-2023-vol.-37-cardinals-cv-2,nfl-books,nfl-books/text_all/lindys-pro-football-preview-2023-vol.-37-cardinals-cv-2.txt,Lindy's Pro Football 2023 Preview | Cardinals,2023,1,ocr-text,unread,unread,unread,,1323655,222440,1852,2029,2022,683,4,0,10,24,14,23,1,592,67,36,50,near-identical,lindys-pro-football-preview-2023-vol.-37-49ers-raiders-cv-2,1.0,11
lindys-pro-football-preview-2023-vol.-37-browns-bengals-cv-2,nfl-books,nfl-books/text_all/lindys-pro-football-preview-2023-vol.-37-browns-bengals-cv-2.txt,Lindy's Pro Football 2023 Preview | Bengals/Browns,2023,1,ocr-text,unread,unread,unread,,1323791,222463,1852,2029,2022,683,4,0,10,24,14,23,1,592,67,36,50,near-identical,lindys-pro-football-preview-2023-vol.-37-bears-cv-2,0.999,9
sports-illustrated-2018-08-27-nfl-preview-colts,nfl-books,nfl-books/text_all/sports-illustrated-2018-08-27-nfl-preview-colts.txt,Sports Illustrated: 2018-08-27 | 2018 NFL Football Preview,2018,1,ocr-text,unread,unread,unread,,267794,44184,1867,2028,2018,83,12,2,4,8,0,7,0,1,0,5,0,near-identical,sports-illustrated-2018-08-27-nfl-preview-eagles,0.997,2
sports-illustrated-2003-09-01-nfl-preview-c,nfl-books,nfl-books/text_all/sports-illustrated-2003-09-01-nfl-preview-c.txt,Sports Illustrated: 2003-09-01 | 2003 NFL Preview,2003,1,ocr-text,unread,unread,unread,,481226,81569,1890,2008,2002,246,55,2,4,15,3,13,0,5,1,7,0,,,,0
the-sporting-news-pro-football-preview-1992-ray-childress-c,nfl-books,nfl-books/text_all/the-sporting-news-pro-football-preview-1992-ray-childress-c.txt,The Sporting News 1992 Pro Football Yearbook,1992,1,ocr-text,unread,unread,unread,,845412,138523,1850,2007,1991,441,0,1,7,14,6,8,1,271,96,2,39,,,,0
the-sporting-news-pro-football-guide-2002,nfl-books,nfl-books/text_all/the-sporting-news-pro-football-guide-2002.txt,The Sporting News Pro Football Guide 2002,2002,1,ocr-text,unread,unread,unread,,2153705,303035,1852,2028,2001,1673,0,0,8,7,0,0,1,335,716,45,333,,,,0
pro-football-weekly-nfl-preview-2010-c,nfl-books,nfl-books/text_all/pro-football-weekly-nfl-preview-2010-c.txt,Pro Football Weekly NFL Preview 2010,2010,1,ocr-text,unread,unread,unread,,1060208,186961,1855,2024,2009,296,3,1,6,2,15,5,0,682,54,9,34,,,,0
pro-forecast-fantasy-football-2016-v-27-c,nfl-books,nfl-books/text_all/pro-forecast-fantasy-football-2016-v-27-c.txt,Pro Forecast Fantasy Football 2016,2016,1,ocr-text,unread,unread,unread,,1044682,185697,1857,2021,2015,392,4,0,9,20,5,7,0,256,37,61,5,,,,0
athlon-pro-football-2015-jaguars,nfl-books,nfl-books/text_all/athlon-pro-football-2015-jaguars.txt,Athlon's 2015 Pro Football Preview | Jaguars,2015,1,ocr-text,commercial preview annual,roster-table+statistics,"read-2026-09-07-yearbooks (stratified sample n=56 of 2,462 post-1950 texts, seed 20260907)","2,089 roster lines; some player narrative, but no per-man personal record",1013728,170661,1917,2020,2014,532,0,1,6,27,10,17,0,1737,294,16,18,near-identical,athlon-pro-football-2015-49ers-raiders-c,0.997,13
athlon-pro-football-2017-bills,nfl-books,nfl-books/text_all/athlon-pro-football-2017-bills.txt,Athlon's 2017 Pro Football Preview | Bills,2017,1,ocr-text,unread,unread,unread,,1055752,177432,1851,2021,2016,618,6,0,7,20,11,15,2,998,94,9,0,near-identical,athlon-pro-football-2017-49ers,0.998,20
athlon-pro-football-2017-lions,nfl-books,nfl-books/text_all/athlon-pro-football-2017-lions.txt,Athlon's 2017 Pro Football Preview | Lions,2017,1,ocr-text,unread,unread,unread,,1055577,177405,1851,2021,2016,618,6,0,7,20,11,15,2,998,94,9,0,near-identical,athlon-pro-football-2017-49ers,0.998,20
athlon-pro-football-2017-vikings,nfl-books,nfl-books/text_all/athlon-pro-football-2017-vikings.txt,Athlon's 2017 Pro Football Preview | Vikings,2017,1,ocr-text,unread,unread,unread,,1055658,177425,1851,2021,2016,618,6,0,7,20,11,15,2,998,94,9,0,near-identical,athlon-pro-football-2017-49ers,0.998,20
don-heinrichs-pro-preview-1986-bernie-kosar,nfl-books,nfl-books/text_all/don-heinrichs-pro-preview-1986-bernie-kosar.txt,Don Heinrich's Pro Preview/86,1986,1,ocr-text,unread,unread,unread,,876073,145117,1865,2026,1985,531,8,0,0,22,2,5,0,119,11,23,1,near-identical,don-heinrichs-pro-preview-1986-mark-clayton,0.998,3
796.332640973-illustrated-digest-of-pro-football-1973-edition-by-ed-croke-1973,nfl-books,nfl-books/text_all/796.332640973-illustrated-digest-of-pro-football-1973-edition-by-ed-croke-1973.txt,"Illustrated Digest of Pro Football, 1973 Edition",1973,1,ocr-text,unread,unread,unread,,398080,71167,1857,2006,1972,325,2,3,1,12,6,9,1,557,4,148,128,,,,0
the-sporting-news-pro-football-2011-texans-cowboys-c,nfl-books,nfl-books/text_all/the-sporting-news-pro-football-2011-texans-cowboys-c.txt,The Sporting News 2011 Pro Football Yearbook | Texans/Cowboys cover,2011,1,ocr-text,unread,unread,unread,,848159,141766,1851,2027,2010,508,4,0,4,13,6,6,0,367,229,6,314,near-identical,the-sporting-news-pro-football-2011-patriots-c,0.996,1
the-sporting-news-football-register-1986-9780892042173,nfl-books,nfl-books/text_all/the-sporting-news-football-register-1986-9780892042173.txt,The Sporting News Football Register 1986,1986,1,ocr-text,unread,unread,unread,,1923424,297762,1850,2026,1985,3180,19,0,0,931,1656,1210,3529,3,944,601,1,,,,0
street-smith-pro-football-yearbook-2003-bears-c,nfl-books,nfl-books/text_all/street-smith-pro-football-yearbook-2003-bears-c.txt,Street & Smith's 2003 Pro Football Preview,2003,1,ocr-text,unread,unread,unread,,805227,133064,1853,2024,1978,485,3,0,7,15,19,8,0,1091,218,28,315,,,,0
street-smith-pro-football-yearbook-1999-vikings-packers-c,nfl-books,nfl-books/text_all/street-smith-pro-football-yearbook-1999-vikings-packers-c.txt,Street & Smith's 1999 Pro Football Preview,1999,1,ocr-text,unread,unread,unread,,569276,92921,1860,2020,1998,330,0,0,9,5,5,1,4,744,178,9,59,,,,0
inside-sports-1994-09-1994-nfl-preview-c,nfl-books,nfl-books/text_all/inside-sports-1994-09-1994-nfl-preview-c.txt,Inside Sports magazine: 1994-09 | NFL Preview,1994,1,ocr-text,unread,unread,unread,,289694,49096,1866,1995,1994,126,23,1,2,5,1,7,1,0,5,0,0,,,,0
nfl-pro-log-1986-mike-singletary-b,nfl-books,nfl-books/text_all/nfl-pro-log-1986-mike-singletary-b.txt,NFL ProLog 1986 Football Preview,1986,1,ocr-text,unread,unread,unread,,436216,72160,1854,2028,1985,649,4,0,0,8,1,9,1,2,1,0,0,,,,0
lindys-pro-football-preview-2023-vol.-37-seahawks-cv-2,nfl-books,nfl-books/text_all/lindys-pro-football-preview-2023-vol.-37-seahawks-cv-2.txt,Lindy's Pro Football 2023 Preview | Seahawks,2023,1,ocr-text,unread,unread,unread,,1323773,222464,1852,2029,2022,683,4,0,10,24,14,23,1,592,67,36,50,near-identical,lindys-pro-football-preview-2023-vol.-37-bears-cv-2,0.998,9
street-smiths-2004-pro-football-preview-c_202511,nfl-books,nfl-books/text_all/street-smiths-2004-pro-football-preview-c_202511.txt,Street & Smith's 2004 Pro Football Preview | Green Bay,2004,1,ocr-text,unread,unread,unread,,847710,141170,1855,2026,1979,493,3,0,2,14,5,7,0,737,237,3,191,overlapping,street-smiths-2004-pro-football-preview-c,0.318,1
fantasy-life-football-2024-bengals-cv-2,nfl-books,nfl-books/text_all/fantasy-life-football-2024-bengals-cv-2.txt,Fantasy Life Football 2024 | Bengals,2024,1,ocr-text,unread,unread,unread,,327291,54642,1987,2028,2024,31,3,0,1,3,4,0,0,77,9,7,1,near-identical,fantasy-life-football-2024-49ers-cv-2,0.998,1
lindys-pro-football-preview-2023-vol.-37-steelers-cv-2,nfl-books,nfl-books/text_all/lindys-pro-football-preview-2023-vol.-37-steelers-cv-2.txt,Lindy's Pro Football 2023 Preview | Steelers,2023,1,ocr-text,unread,unread,unread,,1323754,222456,1852,2029,2022,683,4,0,10,24,14,23,1,592,67,36,50,near-identical,lindys-pro-football-preview-2023-vol.-37-bears-cv-2,0.999,9
athlon-sports-fantasy-football-2025-bengals,nfl-books,nfl-books/text_all/athlon-sports-fantasy-football-2025-bengals.txt,Athlon Sports Fantasy Football 2025 | Bengals,2025,1,ocr-text,unread,unread,unread,,623000,113022,1854,2029,2024,153,0,0,6,15,8,2,0,19,160,5,0,near-identical,athlon-sports-fantasy-football-2025-eagles,0.999,1
tommy-kays-big-book-of-pro-football-1979-c,nfl-books,nfl-books/text_all/tommy-kays-big-book-of-pro-football-1979-c.txt,Tommy Kay's Big Book Of Pro Football 1979,1979,1,ocr-text,unread,unread,unread,,154543,25927,1944,1980,1979,110,1,0,1,7,4,7,0,0,1,0,0,,,,0
athlon-pro-football-2015-cardinals-c,nfl-books,nfl-books/text_all/athlon-pro-football-2015-cardinals-c.txt,Athlon's 2015 Pro Football Preview | Cardinals,2015,1,ocr-text,unread,unread,unread,,1013622,170645,1917,2020,2014,532,0,1,6,27,10,17,0,1737,294,16,18,near-identical,athlon-pro-football-2015-bills-c,0.997,12
athlon-sports-pro-football-yearbook-2006-v-25-colts-c,nfl-books,nfl-books/text_all/athlon-sports-pro-football-yearbook-2006-v-25-colts-c.txt,Athlon's 2006 Pro Football Preview | Colts,2006,1,ocr-text,unread,unread,unread,,835712,142238,1852,2027,2005,517,3,0,7,9,31,8,0,547,13,2,8,,,,0
athlon-pro-football-2017-buccaneers,nfl-books,nfl-books/text_all/athlon-pro-football-2017-buccaneers.txt,Athlon's 2017 Pro Football Preview | Buccaneers,2017,1,ocr-text,unread,unread,unread,,1055724,177434,1851,2021,2016,618,6,0,7,20,11,15,2,998,94,9,0,near-identical,athlon-pro-football-2017-giants-jets,0.997,8
athlon-pro-football-2017-packers,nfl-books,nfl-books/text_all/athlon-pro-football-2017-packers.txt,Athlon's 2017 Pro Football Preview | Packers,2017,1,ocr-text,unread,unread,unread,,1055643,177415,1851,2021,2016,618,6,0,7,20,11,15,2,998,94,9,0,near-identical,athlon-pro-football-2017-bears,0.997,20
don-heinrichs-pro-preview-1986-mark-clayton,nfl-books,nfl-books/text_all/don-heinrichs-pro-preview-1986-mark-clayton.txt,Don Heinrich's Pro Preview/86,1986,1,ocr-text,unread,unread,unread,,876060,145114,1865,2026,1985,531,8,0,0,22,2,5,0,119,11,23,1,near-identical,don-heinrichs-pro-preview-1986-bernie-kosar,0.999,3
fantasy-football-index-2014-draft-guide-c,nfl-books,nfl-books/text_all/fantasy-football-index-2014-draft-guide-c.txt,Fantasy Football Index 2014 Draft Guide,2014,1,ocr-text,unread,unread,unread,,1048840,184960,1851,2024,2013,538,0,0,12,9,5,6,0,6,23,63,90,,,,0
sports-illustrated-1967-09-18-1967-nfl-preview-c,nfl-books,nfl-books/text_all/sports-illustrated-1967-09-18-1967-nfl-preview-c.txt,Sports Illustrated: 1967-09-18 | 1967 NFL Football Preview,1967,1,ocr-text,unread,unread,unread,,407264,69316,1872,1979,1966,187,26,1,0,12,1,3,0,4,1,0,15,,,,0
street-smith-pro-football-yearbook-1975-steelers,nfl-books,nfl-books/text_all/street-smith-pro-football-yearbook-1975-steelers.txt,Street & Smith's 1975 Pro Football Preview,1975,1,ocr-text,unread,unread,unread,,641920,111732,1860,2014,1974,424,4,0,0,8,4,4,7,723,221,12,77,,,,0
street-smith-pro-football-yearbook-1981-tommy-kramer-brian-sipe-c,nfl-books,nfl-books/text_all/street-smith-pro-football-yearbook-1981-tommy-kramer-brian-sipe-c.txt,Street & Smith's 1981 Pro Football Preview,1981,1,ocr-text,unread,unread,unread,,794203,135844,1850,2012,1980,677,1,0,0,10,3,5,0,1492,226,15,161,near-identical,street-smith-pro-football-yearbook-1981-houston-atlana,0.997,1
street-smith-pro-football-yearbook-1986-dan-marino,nfl-books,nfl-books/text_all/street-smith-pro-football-yearbook-1986-dan-marino.txt,Street & Smith's 1986 Pro Football Preview,1986,1,ocr-text,unread,unread,unread,,646746,111034,1851,2025,1985,461,0,0,1,10,2,9,4,1127,209,6,137,near-identical,street-smith-pro-football-yearbook-1986-giants,0.999,1
street-smith-pro-football-yearbook-1989-mike-singeltary,nfl-books,nfl-books/text_all/street-smith-pro-football-yearbook-1989-mike-singeltary.txt,Street & Smith's 1989 Pro Football Preview,1989,1,ocr-text,unread,unread,unread,,713370,120867,1866,2002,1988,567,1,3,5,19,1,5,2,1082,152,4,84,near-identical,street-smith-pro-football-yearbook-1989-herschell-walker,0.999,4
street-smith-pro-football-yearbook-1989-randall-cummingham,nfl-books,nfl-books/text_all/street-smith-pro-football-yearbook-1989-randall-cummingham.txt,Street & Smith's 1989 Pro Football Preview,1989,1,ocr-text,unread,unread,unread,,713385,120868,1866,2002,1988,567,1,3,5,19,1,5,2,1082,152,4,84,near-identical,street-smith-pro-football-yearbook-1989-bengals,0.995,2
street-smith-pro-football-yearbook-1993-dan-marino,nfl-books,nfl-books/text_all/street-smith-pro-football-yearbook-1993-dan-marino.txt,Street & Smith's 1993 Pro Football Preview,1993,1,ocr-text,unread,unread,unread,,667846,113740,1869,2020,1993,521,0,0,0,20,1,8,1,579,103,1,362,near-identical,street-smith-pro-football-yearbook-1993-junior-seau,0.996,5
street-smith-pro-football-yearbook-1994-browns-redskins-c,nfl-books,nfl-books/text_all/street-smith-pro-football-yearbook-1994-browns-redskins-c.txt,Street & Smith's 1994 Pro Football Preview,1994,1,ocr-text,unread,unread,unread,,736637,123113,1855,2021,1994,558,3,0,5,19,5,9,0,342,199,1,170,near-identical,street-smith-pro-football-yearbook-1994-cowboys,0.996,3
street-smith-pro-football-yearbook-1995-bears-lions,nfl-books,nfl-books/text_all/street-smith-pro-football-yearbook-1995-bears-lions.txt,Street & Smith's 1995 Pro Football Preview,1995,1,ocr-text,unread,unread,unread,,799681,131824,1850,2010,1995,505,1,0,3,21,9,8,0,670,157,2,3,near-identical,street-smith-pro-football-yearbook-1995-browns,0.998,6
beckett-football-fantasy-football-2018-c,nfl-books,nfl-books/text_all/beckett-football-fantasy-football-2018-c.txt,Beckett Sports/CBS Sports 2018 Fantasy Football Guide,2018,1,ocr-text,unread,unread,unread,,767997,136781,1965,2020,2017,385,0,0,18,8,4,2,0,1,5,0,3,,,,0
fantasy-life-football-2024-49ers-cv-2,nfl-books,nfl-books/text_all/fantasy-life-football-2024-49ers-cv-2.txt,Fantasy Life Football 2024 | 49ers,2024,1,ocr-text,unread,unread,unread,,327399,54659,1987,2028,2024,31,3,0,1,3,4,0,0,77,9,7,1,near-identical,fantasy-life-football-2024-bengals-cv-2,1.0,1
pro-football-stars-1960-volume-2-c,nfl-books,nfl-books/text_all/pro-football-stars-1960-volume-2-c.txt,Pro Football Stars 1960 **Incomplete**,1960,1,ocr-text,unread,unread,unread,,244013,41272,1937,1962,1958,237,0,1,0,5,3,5,0,0,0,0,0,,,,0
lindys-pro-football-preview-2023-vol.-37-giants-jets-cv-2,nfl-books,nfl-books/text_all/lindys-pro-football-preview-2023-vol.-37-giants-jets-cv-2.txt,Lindy's Pro Football 2023 Preview | Giants/Jets,2023,1,ocr-text,unread,unread,unread,,1323746,222456,1852,2029,2022,683,4,0,10,24,14,23,1,592,67,36,50,near-identical,lindys-pro-football-preview-2023-vol.-37-bears-cv-2,0.998,9
the-sporting-news-pro-football-yearbook-1989-bengals-c,nfl-books,nfl-books/text_all/the-sporting-news-pro-football-yearbook-1989-bengals-c.txt,The Sporting News 1989 Pro Football Yearbook,1989,1,ocr-text,unread,unread,unread,,899979,144192,1870,1991,1988,517,10,0,8,15,2,13,0,0,82,14,6,near-identical,the-sporting-news-pro-football-yearbook-1989-eagles-c,0.998,2
lindys-pro-football-preview-2023-vol.-37-lions-cv-2,nfl-books,nfl-books/text_all/lindys-pro-football-preview-2023-vol.-37-lions-cv-2.txt,Lindy's Pro Football 2023 Preview | Lions,2023,1,ocr-text,unread,unread,unread,,1323779,222469,1852,2029,2022,683,4,0,10,24,14,23,1,592,67,36,50,near-identical,lindys-pro-football-preview-2023-vol.-37-49ers-raiders-cv-2,1.0,11
lindys-pro-football-preview-2023-vol.-37-dolphins-cv-2,nfl-books,nfl-books/text_all/lindys-pro-football-preview-2023-vol.-37-dolphins-cv-2.txt,Lindy's Pro Football 2023 Preview | Dolphins,2023,1,ocr-text,unread,unread,unread,,1323745,222456,1852,2029,2022,683,4,0,10,24,14,23,1,592,67,36,50,near-identical,lindys-pro-football-preview-2023-vol.-37-bears-cv-2,0.999,9
street-smith-pro-football-yearbook-1996-giants,nfl-books,nfl-books/text_all/street-smith-pro-football-yearbook-1996-giants.txt,Street & Smith's 1996 Pro Football Preview,1996,1,ocr-text,unread,unread,unread,,746672,123853,1860,2021,1996,544,2,0,14,13,6,10,0,530,34,4,0,overlapping,street-smith-pro-football-yearbook-1996-bears-lions-c,0.324,1
lindys-pro-football-preview-2023-vol.-37-eagles-cv-2,nfl-books,nfl-books/text_all/lindys-pro-football-preview-2023-vol.-37-eagles-cv-2.txt,Lindy's Pro Football 2023 Preview | Eagles,2023,1,ocr-text,unread,unread,unread,,1323738,222455,1852,2029,2022,683,4,0,10,24,14,23,1,592,67,36,50,near-identical,lindys-pro-football-preview-2023-vol.-37-49ers-raiders-cv-2,1.0,11
the-sporting-news-football-register-1981,nfl-books,nfl-books/text_all/the-sporting-news-football-register-1981.txt,The Sporting News Football Register 1981,1981,1,ocr-text,unread,unread,unread,,1741351,268474,1850,2026,1980,3230,10,0,0,874,1685,1276,3702,9,1144,697,6,,,,0
sports-illustrated-1993-09-06-nfl-preview-c,nfl-books,nfl-books/text_all/sports-illustrated-1993-09-06-nfl-preview-c.txt,Sports Illustrated: 1993-09-06 | 1993 NFL Preview,1993,1,ocr-text,unread,unread,unread,,313905,53381,1850,2012,1993,165,21,1,0,9,2,12,0,0,0,0,0,,,,0
street-smith-pro-football-yearbook-1973-packers-c,nfl-books,nfl-books/text_all/street-smith-pro-football-yearbook-1973-packers-c.txt,Street & Smith's 1973 Pro Football Preview,1973,1,ocr-text,unread,unread,unread,,688823,119256,1860,2028,1972,439,3,0,0,20,5,4,15,1115,370,11,54,,,,0
street-smith-pro-football-yearbook-1995-saints-falcons,nfl-books,nfl-books/text_all/street-smith-pro-football-yearbook-1995-saints-falcons.txt,Street & Smith's 1995 Pro Football Preview,1995,1,ocr-text,unread,unread,unread,,799471,131797,1850,2010,1995,506,1,0,3,21,9,8,0,670,157,2,3,near-identical,street-smith-pro-football-yearbook-1995-bears-lions,0.999,6
street-smiths-1986-pro-football-preview-bears-c,nfl-books,nfl-books/text_all/street-smiths-1986-pro-football-preview-bears-c.txt,Street & Smith's 1986 Pro Football Preview,1986,1,ocr-text,unread,unread,unread,,646838,111044,1851,2025,1985,461,0,0,1,10,2,9,4,1127,209,6,137,,,,0
street-smith-pro-football-yearbook-1989-jim-everett,nfl-books,nfl-books/text_all/street-smith-pro-football-yearbook-1989-jim-everett.txt,Street & Smith's 1989 Pro Football Preview,1989,1,ocr-text,unread,unread,unread,,713370,120867,1866,2002,1988,567,1,3,5,19,1,5,2,1082,152,4,84,near-identical,street-smith-pro-football-yearbook-1989-herschell-walker,0.999,4
street-smith-pro-football-yearbook-1993-montana-favre-c,nfl-books,nfl-books/text_all/street-smith-pro-football-yearbook-1993-montana-favre-c.txt,Street & Smith's 1993 Pro Football Preview,1993,1,ocr-text,unread,unread,unread,,667937,113749,1869,2020,1993,521,0,0,0,20,1,8,1,579,103,1,362,overlapping,street-smith-1993-pro-football-yearbook-barry-foster-c,0.319,1
street-smith-pro-football-yearbook-1993-phil-simms,nfl-books,nfl-books/text_all/street-smith-pro-football-yearbook-1993-phil-simms.txt,Street & Smith's 1993 Pro Football Preview,1993,1,ocr-text,unread,unread,unread,,667965,113752,1869,2020,1993,521,0,0,0,20,1,8,1,579,103,1,362,near-identical,street-smith-pro-football-yearbook-1993-dan-marino,0.995,5
athlon-pro-football-2015-falcons-c,nfl-books,nfl-books/text_all/athlon-pro-football-2015-falcons-c.txt,Athlon's 2015 Pro Football Preview | Falcons,2015,1,ocr-text,unread,unread,unread,,1013880,170690,1917,2020,2014,532,0,1,6,27,10,17,0,1737,294,16,18,near-identical,athlon-pro-football-2015-bills-c,0.997,12
athlon-sports-pro-football-yearbook-1984-giants-jets-c,nfl-books,nfl-books/text_all/athlon-sports-pro-football-yearbook-1984-giants-jets-c.txt,Athlon's 1984 Pro Football Preview | Giants/Jets,1984,1,ocr-text,unread,unread,unread,,589776,103316,1885,2027,1983,439,1,0,2,26,3,10,0,374,289,4,1,overlapping,athlon-sports-pro-football-yearbook-1984-bears-c,0.359,1
athlon-sports-pro-football-yearbook-2009-titans-c,nfl-books,nfl-books/text_all/athlon-sports-pro-football-yearbook-2009-titans-c.txt,Athlon's 2009 Pro Football Preview | Titans,2009,1,ocr-text,unread,unread,unread,,862289,144725,1850,2028,2009,496,2,0,8,11,5,4,0,289,1074,2,1,,,,0
athlon-pro-football-2015-patriots,nfl-books,nfl-books/text_all/athlon-pro-football-2015-patriots.txt,Athlon's 2015 Pro Football Preview | Patriots,2015,1,ocr-text,unread,unread,unread,,1013611,170640,1917,2020,2014,532,0,1,6,27,10,17,0,1737,294,16,18,near-identical,athlon-pro-football-2015-bills-c,0.997,12
athlon-pro-football-2017-bengals,nfl-books,nfl-books/text_all/athlon-pro-football-2017-bengals.txt,Athlon's 2017 Pro Football Preview | Bengals,2017,1,ocr-text,unread,unread,unread,,1055719,177425,1851,2021,2016,618,6,0,7,20,11,15,2,998,94,9,0,near-identical,athlon-pro-football-2017-bears,0.997,20
athlon-pro-football-2017-falcons,nfl-books,nfl-books/text_all/athlon-pro-football-2017-falcons.txt,Athlon's 2017 Pro Football Preview | Falcons,2017,1,ocr-text,unread,unread,unread,,1055801,177442,1851,2021,2016,618,6,0,7,20,11,15,2,998,94,9,0,near-identical,athlon-pro-football-2017-giants-jets,0.997,8
street-smith-pro-football-yearbook-1997-keyshawn-johnson-c,nfl-books,nfl-books/text_all/street-smith-pro-football-yearbook-1997-keyshawn-johnson-c.txt,Street & Smith's 1997 Pro Football Preview,1997,1,ocr-text,unread,unread,unread,,733856,124110,1870,2010,1997,451,0,0,5,20,9,5,0,465,187,5,25,overlapping,street-smith-pro-football-yearbook-1997-bears-colts-c,0.299,2
street-smith-pro-football-yearbook-1992-redskins,nfl-books,nfl-books/text_all/street-smith-pro-football-yearbook-1992-redskins.txt,Street & Smith's 1992 Pro Football Preview,1992,1,ocr-text,unread,unread,unread,,681844,116078,1861,2002,1992,521,6,0,2,26,5,13,0,887,114,0,355,overlapping,street-smiths-1992-pro-football-preview-c,0.532,2
street-smith-pro-football-yearbook-1997-jags,nfl-books,nfl-books/text_all/street-smith-pro-football-yearbook-1997-jags.txt,Street & Smith's 1997 Pro Football Preview,1997,1,ocr-text,unread,unread,unread,,675139,112692,1861,2027,1997,443,0,0,3,20,4,5,0,888,122,5,170,near-identical,street-smith-pro-football-yearbook-1997-eagles-steelers,1.0,1
sports-illustrated-2010-09-06-falcons,nfl-books,nfl-books/text_all/sports-illustrated-2010-09-06-falcons.txt,Sports Illustrated: 2010-09-06 | 2010 NFL Football Preview,2010,1,ocr-text,unread,unread,unread,,430601,70722,1875,2012,2009,234,18,0,7,11,1,5,0,2,3,1,1,near-identical,sports-illustrated-2010-09-06-chargers,1.0,3
sports-illustrated-2013-09-02-nfl-preview-c,nfl-books,nfl-books/text_all/sports-illustrated-2013-09-02-nfl-preview-c.txt,Sports Illustrated: 2013-09-02 | 2013 NFL Football Preview,2013,1,ocr-text,unread,unread,unread,,459965,75675,1912,2018,2013,206,8,0,8,9,4,5,0,0,8,1,0,,,,0
street-smith-pro-football-yearbook-2002-farve-culpepper-c,nfl-books,nfl-books/text_all/street-smith-pro-football-yearbook-2002-farve-culpepper-c.txt,Street & Smith's 2002 Pro Football Preview,2002,1,ocr-text,unread,unread,unread,,695704,112305,1853,2023,1977,428,0,0,7,13,32,17,0,638,101,7,391,,,,0
street-smith-pro-football-yearbook-1994-cowboys,nfl-books,nfl-books/text_all/street-smith-pro-football-yearbook-1994-cowboys.txt,Street & Smith's 1994 Pro Football Preview,1994,1,ocr-text,unread,unread,unread,,736906,123157,1855,2021,1994,558,3,0,5,19,5,9,0,342,199,1,170,near-identical,street-smith-pro-football-yearbook-1994-browns-redskins-c,0.996,3
athlon-fantasy-football-preview-2024-c,nfl-books,nfl-books/text_all/athlon-fantasy-football-preview-2024-c.txt,Athlon Sports Fantasy Football 2024,2024,1,ocr-text,unread,unread,unread,,627108,112531,1851,2025,2023,153,1,0,21,17,4,1,0,53,4,7,1,,,,0
athlon-sports-fantasy-football-2025-bills,nfl-books,nfl-books/text_all/athlon-sports-fantasy-football-2025-bills.txt,Athlon Sports Fantasy Football 2025 | Bills,2025,1,ocr-text,unread,unread,unread,,622994,113022,1854,2029,2024,153,0,0,6,15,8,2,0,19,160,5,0,,,,0
pro-football-78-by-bear-kirow-c,nfl-books,nfl-books/text_all/pro-football-78-by-bear-kirow-c.txt,Pro Football '78,1978,1,ocr-text,commercial preview annual,statistics,"read-2026-09-07-yearbooks (stratified sample n=56 of 2,462 post-1950 texts, seed 20260907)","player narrative, 2 'born' phrases in 177 KB",184744,30917,1852,1978,1977,210,2,0,1,18,21,5,20,3,4,2,9,,,,0
pro-football-all-stars-1957-c,nfl-books,nfl-books/text_all/pro-football-all-stars-1957-c.txt,Pro Football All Stars 1957,1957,1,ocr-text,unread,unread,unread,,200032,33456,1856,2006,1956,200,4,0,1,7,0,2,0,2,0,0,11,,,,0
football-action-1984-college-pro-preview-c,nfl-books,nfl-books/text_all/football-action-1984-college-pro-preview-c.txt,Football Action '84 Magazine,1984,1,ocr-text,unread,unread,unread,,1836504,314697,1850,2028,1983,1459,2,0,7,392,34,10,0,1054,55,145,518,,,,0
football-action-78-c,nfl-books,nfl-books/text_all/football-action-78-c.txt,Football Action '78 Magazine,1978,1,ocr-text,unread,unread,unread,,1453990,237950,1852,2022,1977,1406,2,0,2,222,14,18,0,40,198,110,195,,,,0
athlon-pro-football-2015-rams,nfl-books,nfl-books/text_all/athlon-pro-football-2015-rams.txt,Athlon's 2015 Pro Football Preview | Rams,2015,1,ocr-text,unread,unread,unread,,1013817,170682,1917,2020,2014,532,0,1,6,27,10,17,0,1737,294,16,18,near-identical,athlon-pro-football-2015-cardinals-c,0.996,12
athlon-pro-football-2017-49ers,nfl-books,nfl-books/text_all/athlon-pro-football-2017-49ers.txt,Athlon's 2017 Pro Football Preview | 49ers,2017,1,ocr-text,unread,unread,unread,,1055819,177448,1851,2021,2016,618,6,0,7,20,11,15,2,998,94,9,0,near-identical,athlon-pro-football-2017-bears,0.997,20
athlon-pro-football-2017-broncos,nfl-books,nfl-books/text_all/athlon-pro-football-2017-broncos.txt,Athlon's 2017 Pro Football Preview | Broncos,2017,1,ocr-text,unread,unread,unread,,1055629,177422,1851,2021,2016,618,6,0,7,20,11,15,2,998,94,9,0,near-identical,athlon-pro-football-2017-49ers,0.998,20
athlon-sports-pro-football-yearbook-2015-titans-c,nfl-books,nfl-books/text_all/athlon-sports-pro-football-yearbook-2015-titans-c.txt,Athlon's 2015 Pro Football Preview | Titans,2015,1,ocr-text,unread,unread,unread,,1014208,170744,1917,2020,2014,532,0,1,6,27,10,17,0,1737,294,16,18,near-identical,athlon-pro-football-2015-49ers-raiders-c,0.997,13
athlon-pro-football-2015-vikings,nfl-books,nfl-books/text_all/athlon-pro-football-2015-vikings.txt,Athlon's 2015 Pro Football Preview | Vikings,2015,1,ocr-text,unread,unread,unread,,1013656,170650,1917,2020,2014,532,0,1,6,27,10,17,0,1737,294,16,18,near-identical,athlon-pro-football-2015-49ers-raiders-c,0.997,13
athlon-pro-football-2017-browns,nfl-books,nfl-books/text_all/athlon-pro-football-2017-browns.txt,Athlon's 2017 Pro Football Preview | Browns,2017,1,ocr-text,unread,unread,unread,,1055590,177406,1851,2021,2016,618,6,0,7,20,11,15,2,998,94,9,0,near-identical,athlon-pro-football-2017-49ers,0.998,20
athlon-sports-pro-football-yearbook-1986-bears-c,nfl-books,nfl-books/text_all/athlon-sports-pro-football-yearbook-1986-bears-c.txt,Athlon's 1986 Pro Football Preview | Bears,1986,1,ocr-text,unread,unread,unread,,588111,100057,1873,2027,1985,417,2,0,2,18,3,14,1,608,9,0,0,,,,0
athlon-sports-pro-football-yearbook-1987-bears-c,nfl-books,nfl-books/text_all/athlon-sports-pro-football-yearbook-1987-bears-c.txt,Athlon's 1987 Pro Football Preview | Bears,1987,1,ocr-text,commercial preview annual,roster-table,"read-2026-09-07-yearbooks (stratified sample n=56 of 2,462 post-1950 texts, seed 20260907)","915 roster lines, No/Name/Pos/Ht/Wt/Exp/Coll; no biography",650738,111494,1850,2007,1986,554,2,0,4,20,4,9,0,833,7,4,2,,,,0
athlon-sports-pro-football-yearbook-2010-titans-c,nfl-books,nfl-books/text_all/athlon-sports-pro-football-yearbook-2010-titans-c.txt,Athlon's 2010 Pro Football Preview | Titans,2010,1,ocr-text,unread,unread,unread,,925650,155569,1851,2028,2010,563,1,0,7,11,4,13,3,1098,280,5,0,overlapping,athlon-sports-pro-football-yearbook-2010-cardinals-c,0.338,1
lindys-pro-football-preview-2023-vol.-37-bears-cv-2,nfl-books,nfl-books/text_all/lindys-pro-football-preview-2023-vol.-37-bears-cv-2.txt,Lindy's Pro Football 2023 Preview | Bears,2023,1,ocr-text,unread,unread,unread,,1323754,222460,1852,2029,2022,683,4,0,10,24,14,23,1,592,67,36,50,near-identical,lindys-pro-football-preview-2023-vol.-37-browns-bengals-cv-2,0.999,9
lindys-pro-football-preview-2023-vol.-37-ravens-cv-2,nfl-books,nfl-books/text_all/lindys-pro-football-preview-2023-vol.-37-ravens-cv-2.txt,Lindy's Pro Football 2023 Preview | Ravens,2023,1,ocr-text,unread,unread,unread,,1323779,222460,1852,2029,2022,683,4,0,10,24,14,23,1,592,67,36,50,near-identical,lindys-pro-football-preview-2023-vol.-37-bears-cv-2,0.998,9
cord-sportfacts-pro-football-guide-1969-v-2-c,nfl-books,nfl-books/text_all/cord-sportfacts-pro-football-guide-1969-v-2-c.txt,Cord SportsFacts Pro Football 1969 Annual Preview,1969,1,ocr-text,league-wide statistics annual,statistics+roster-table,"read-2026-09-07-yearbooks (stratified sample n=56 of 2,462 post-1950 texts, seed 20260907)",no per-man biography found in a 473 KB text,489187,83044,1856,2009,1968,454,2,0,1,6,4,7,0,114,0,1,20,,,,0
athlon-pro-football-2015-saints,nfl-books,nfl-books/text_all/athlon-pro-football-2015-saints.txt,Athlon's 2015 Pro Football Preview | Saints,2015,1,ocr-text,unread,unread,unread,,1013715,170665,1917,2020,2014,532,0,1,6,27,10,17,0,1737,294,16,18,near-identical,athlon-pro-football-2015-49ers-raiders-c,0.996,13
the-sporting-news-football-register-1988,nfl-books,nfl-books/text_all/the-sporting-news-football-register-1988.txt,The Sporting News Football Register 1988,1988,1,ocr-text,unread,unread,unread,,1949541,301280,1850,2028,1987,3082,21,0,0,832,1622,1235,3388,14,845,497,4,,,,0
athlon-pro-football-2017-cowboys,nfl-books,nfl-books/text_all/athlon-pro-football-2017-cowboys.txt,Athlon's Pro Football 2017 Preview | Cowboys,2017,1,ocr-text,unread,unread,unread,,1055832,177445,1851,2021,2016,618,6,0,7,20,11,15,2,998,94,9,0,near-identical,athlon-pro-football-2017-giants-jets,0.997,8
athlon-pro-football-2017-jaguars,nfl-books,nfl-books/text_all/athlon-pro-football-2017-jaguars.txt,Athlon's 2017 Pro Football Preview | Jaguars,2017,1,ocr-text,unread,unread,unread,,1055775,177445,1851,2021,2016,618,6,0,7,20,11,15,2,998,94,9,0,near-identical,athlon-pro-football-2017-giants-jets,0.996,8
beckett-football-fantasy-football-draft-guide-2017-c,nfl-books,nfl-books/text_all/beckett-football-fantasy-football-draft-guide-2017-c.txt,Beckett Sports/CBS Sports 2017 Fantasy Football Draft Guide,2017,1,ocr-text,unread,unread,unread,,832679,149043,1917,2018,2016,461,0,0,17,13,2,1,1,1,4,3,14,,,,0
street-smith-pro-football-yearbook-2001-brian-urlacher-c,nfl-books,nfl-books/text_all/street-smith-pro-football-yearbook-2001-brian-urlacher-c.txt,Street & Smith's 2001 Pro Football Preview,2001,1,ocr-text,unread,unread,unread,,632168,101706,1860,2025,2000,449,0,0,7,15,2,3,0,307,48,4,101,overlapping,street-smith-pro-football-yearbook-2001-giants,0.286,1
athlon-sports-pro-football-preview-2024-bills-cv-2,nfl-books,nfl-books/text_all/athlon-sports-pro-football-preview-2024-bills-cv-2.txt,Athlon's 2024 Pro Football Preview | AFC East,2024,1,ocr-text,unread,unread,unread,,851900,144119,1851,2029,2023,466,4,0,3,20,4,15,0,1732,92,56,16,near-identical,athlon-sports-pro-football-preview-2024-ravens-cv-2,0.992,2
lindys-pro-football-preview-2023-vol.-37-commanders-cv-2,nfl-books,nfl-books/text_all/lindys-pro-football-preview-2023-vol.-37-commanders-cv-2.txt,Lindy's Pro Football 2023 Preview | Commanders,2023,1,ocr-text,unread,unread,unread,,1323747,222454,1852,2029,2022,683,4,0,10,24,14,23,1,592,67,36,50,near-identical,lindys-pro-football-preview-2023-vol.-37-bears-cv-2,0.999,9
pro-football-weekly-preview-2010-c,nfl-books,nfl-books/text_all/pro-football-weekly-preview-2010-c.txt,Pro Football Weekly 2010 Preview,2010,1,ocr-text,unread,unread,unread,,1065232,188204,1850,2029,2009,277,2,1,6,2,13,5,0,580,47,10,39,,,,0
don-heinrichs-pro-preview-1986-c,nfl-books,nfl-books/text_all/don-heinrichs-pro-preview-1986-c.txt,Don Heinrich's Pro Preview/86,1986,1,ocr-text,unread,unread,unread,,859046,141820,1865,2026,1985,532,8,0,0,22,3,5,0,69,9,26,0,overlapping,don-heinrichs-pro-preview-1986-mark-gastineau-2,0.571,3
illustrated-digest-of-pro-football-1972,nfl-books,nfl-books/text_all/illustrated-digest-of-pro-football-1972.txt,"Illustrated Digest of Pro Football, 1972 Edition",1972,1,ocr-text,unread,unread,unread,,445655,80909,1882,2022,1971,417,2,4,3,16,3,9,18,666,4,120,75,overlapping,illustrated-digest-of-pro-football-1972-c,0.364,1
the-sporting-news-pro-football-yearbook-1989-eagles-c,nfl-books,nfl-books/text_all/the-sporting-news-pro-football-yearbook-1989-eagles-c.txt,The Sporting News 1989 Pro Football Yearbook,1989,1,ocr-text,unread,unread,unread,,900028,144201,1870,1991,1988,517,10,0,8,15,2,13,0,0,82,14,6,near-identical,the-sporting-news-pro-football-yearbook-1989-bengals-c,0.998,2
lindys-pro-football-1987-v-01-giants-jets-c,nfl-books,nfl-books/text_all/lindys-pro-football-1987-v-01-giants-jets-c.txt,Lindy's Pro Football 1987 Preview | Giants/Jets,1987,1,ocr-text,unread,unread,unread,,624298,102123,1866,2028,1987,450,1,0,5,19,4,11,0,1,6,3,0,,,,0
the-sporting-news-pro-football-preview-1998-packers-c,nfl-books,nfl-books/text_all/the-sporting-news-pro-football-preview-1998-packers-c.txt,The Sporting News 1998 Pro Football Yearbook,1998,1,ocr-text,unread,unread,unread,,999916,163369,1886,2007,1997,510,2,0,6,20,2,6,1,277,123,5,23,,,,0
sports-illustrated-2019-08-26-nfl-preview,nfl-books,nfl-books/text_all/sports-illustrated-2019-08-26-nfl-preview.txt,Sports Illustrated: 2019-08-26 | 2019 NFL Football Preview,2019,1,ocr-text,unread,unread,unread,,295676,48667,1850,2021,2019,98,1,0,2,8,0,7,0,3,2,6,0,,,,0
lindys-pro-football-2008-preview-v-22-bengals-browns-c,nfl-books,nfl-books/text_all/lindys-pro-football-2008-preview-v-22-bengals-browns-c.txt,Lindy's Pro Football 2008 Preview | Bengals/Browns,2008,1,ocr-text,unread,unread,unread,,1163688,197688,1871,2029,2007,668,2,0,16,12,7,13,0,515,4,14,56,,,,0
lindys-pro-football-preview-2023-vol.-37-falcons-cv-2,nfl-books,nfl-books/text_all/lindys-pro-football-preview-2023-vol.-37-falcons-cv-2.txt,Lindy's Pro Football 2023 Preview | Falcons,2023,1,ocr-text,unread,unread,unread,,1323749,222454,1852,2029,2022,683,4,0,10,24,14,23,1,592,67,36,50,near-identical,lindys-pro-football-preview-2023-vol.-37-49ers-raiders-cv-2,1.0,11
street-smiths-2004-pro-football-preview-c,nfl-books,nfl-books/text_all/street-smiths-2004-pro-football-preview-c.txt,Street & Smith's 2004 Pro Football Preview,2004,1,ocr-text,unread,unread,unread,,847836,141222,1855,2026,1979,493,3,0,2,14,5,7,0,737,237,3,192,overlapping,street-smiths-2004-pro-football-preview-c_202511,0.315,1
street-smith-pro-football-yearbook-1998-packers-lions-vikings-bears,nfl-books,nfl-books/text_all/street-smith-pro-football-yearbook-1998-packers-lions-vikings-bears.txt,"Street & Smith's 1998 Pro Football Preview | Packers, Lions, Vikings & Bears",1998,1,ocr-text,unread,unread,unread,,608582,100042,1880,2021,1998,433,0,0,5,7,10,3,4,607,41,21,79,near-identical,street-smith-pro-football-yearbook-1998-redskins-ravens,0.995,1
lindys-pro-football-preview-2023-vol.-37-saints-cv-2,nfl-books,nfl-books/text_all/lindys-pro-football-preview-2023-vol.-37-saints-cv-2.txt,Lindy's Pro Football 2023 Preview | Saints,2023,1,ocr-text,unread,unread,unread,,1323713,222448,1852,2029,2022,683,4,0,10,24,14,23,1,592,67,36,50,near-identical,lindys-pro-football-preview-2023-vol.-37-49ers-raiders-cv-2,1.0,11
street-smith-pro-football-yearbook-1993-troy-aikman,nfl-books,nfl-books/text_all/street-smith-pro-football-yearbook-1993-troy-aikman.txt,Street & Smith's 1993 Pro Football Preview,1993,1,ocr-text,unread,unread,unread,,667843,113735,1869,2020,1993,521,0,0,0,20,1,8,1,579,103,1,362,near-identical,street-smith-pro-football-yearbook-1993-dan-marino,0.996,5
pro-football-weekly-2000-preview-c,nfl-books,nfl-books/text_all/pro-football-weekly-2000-preview-c.txt,Pro Football Weekly 2000 Preview,2000,1,ocr-text,unread,unread,unread,,1069346,192338,1855,2026,2000,370,2,0,5,10,3,5,0,37,32,5,18,,,,0
football-action-1987-college-pro-preview-c,nfl-books,nfl-books/text_all/football-action-1987-college-pro-preview-c.txt,Football Action '87 Magazine,1987,1,ocr-text,unread,unread,unread,,1594767,262593,1850,2014,1986,1294,1,0,14,271,48,18,0,492,247,147,400,,,,0
pro-football-illustrated-1968-fall-c,nfl-books,nfl-books/text_all/pro-football-illustrated-1968-fall-c.txt,Pro Football Illustrated 1968,1966,1,ocr-text,unread,unread,unread,,352891,58582,1863,1967,1966,321,0,0,0,12,1,2,9,0,0,43,2,,,,0
illustrated-digest-of-pro-football-1970-c,nfl-books,nfl-books/text_all/illustrated-digest-of-pro-football-1970-c.txt,"Illustrated Digest of Pro Football, 1970 Edition",1970,1,ocr-text,unread,unread,unread,,542465,95562,1854,2000,1969,645,0,0,0,9,7,5,6,317,16,80,142,,,,0
illustrated-digest-of-pro-football-1972-c,nfl-books,nfl-books/text_all/illustrated-digest-of-pro-football-1972-c.txt,"Illustrated Digest of Pro Football, 1972 Edition",1972,1,ocr-text,unread,unread,unread,,443945,80492,1897,2005,1971,419,2,4,3,16,5,9,14,662,5,113,85,overlapping,illustrated-digest-of-pro-football-1972,0.359,1
lindys-pro-football-preview-2023-vol.-37-cowboys-cv-2,nfl-books,nfl-books/text_all/lindys-pro-football-preview-2023-vol.-37-cowboys-cv-2.txt,Lindy's Pro Football 2023 Preview | Cowboys,2023,1,ocr-text,unread,unread,unread,,1323800,222468,1852,2029,2022,683,4,0,10,24,14,23,1,592,67,36,50,near-identical,lindys-pro-football-preview-2023-vol.-37-bills-cv-2,0.999,11
inside-sports-1993-09-1993-nfl-preview-c,nfl-books,nfl-books/text_all/inside-sports-1993-09-1993-nfl-preview-c.txt,Inside Sports magazine: 1993-09 | NFL Preview,1993,1,ocr-text,unread,unread,unread,,273601,46061,1915,1994,1993,116,19,1,5,8,2,3,2,0,0,0,0,,,,0
sports-illustrated-2018-08-27-nfl-preview-49ers,nfl-books,nfl-books/text_all/sports-illustrated-2018-08-27-nfl-preview-49ers.txt,Sports Illustrated: 2018-08-27 | 2018 NFL Football Preview,2018,1,ocr-text,unread,unread,unread,,267581,44158,1867,2028,2018,83,12,2,4,8,0,7,0,1,0,5,0,overlapping,sports-illustrated-2018-08-27-nfl-preview,0.351,1
street-smith-pro-football-yearbook-1981-raiders-seahawks,nfl-books,nfl-books/text_all/street-smith-pro-football-yearbook-1981-raiders-seahawks.txt,Street & Smith's 1981 Pro Football Preview,1981,1,ocr-text,unread,unread,unread,,794046,135807,1850,2012,1980,677,1,0,0,10,3,5,0,1492,226,15,161,near-identical,street-smith-pro-football-yearbook-1981-buffalo-philly,0.999,1
don-heinrichs-pro-preview-1990-ronnie-lott,nfl-books,nfl-books/text_all/don-heinrichs-pro-preview-1990-ronnie-lott.txt,Don Heinrich's Pro Preview/90,1990,1,ocr-text,unread,unread,unread,,1003537,168925,1850,2022,1989,690,14,1,7,10,6,10,1,143,49,7,0,overlapping,don-heinrichs-pro-preview-1990-c,0.386,1
sports-illustrated-2017-09-04-nfl-preview-packers-c,nfl-books,nfl-books/text_all/sports-illustrated-2017-09-04-nfl-preview-packers-c.txt,Sports Illustrated: 2017-09-04 | 2017 NFL Football Preview,2017,1,ocr-text,unread,unread,unread,,286277,47841,1862,2018,2017,112,12,0,1,5,0,9,0,28,0,2,0,near-identical,sports-illustrated-2017-09-04-nfl-preview-texans-c,0.995,2
sports-illustrated-2011-09-05-c,nfl-books,nfl-books/text_all/sports-illustrated-2011-09-05-c.txt,Sports Illustrated: 2011-09-05 | 2011 NFL Football Preview,2011,1,ocr-text,unread,unread,unread,,486049,79686,1875,2015,2010,256,16,0,2,14,0,6,0,3,6,10,0,,,,0
the-sporting-news-football-register-2000,nfl-books,nfl-books/text_all/the-sporting-news-football-register-2000.txt,The Sporting News Football Register 2000,2000,1,ocr-text,unread,unread,unread,,2650437,416360,1851,2029,1999,3692,9,0,0,40,6502,13,0,1,1119,1976,5,,,,0
street-smiths-1983-pro-football-preview-c,nfl-books,nfl-books/text_all/street-smiths-1983-pro-football-preview-c.txt,Street & Smith's 1983 Pro Football Preview,1983,1,ocr-text,unread,unread,unread,,865837,146135,1869,2020,1983,648,0,0,2,8,2,8,1,1368,189,5,82,overlapping,street-smith-pro-football-yearbook-1983-a.-j.-duhe-c,0.35,3
street-smiths-1985-pro-football-preview-c,nfl-books,nfl-books/text_all/street-smiths-1985-pro-football-preview-c.txt,Street & Smith's 1985 Pro Football Preview,1985,1,ocr-text,unread,unread,unread,,657889,114143,1860,2025,1984,469,9,0,2,11,2,8,0,1232,232,3,79,,,,0
street-smith-pro-football-yearbook-1974-rams,nfl-books,nfl-books/text_all/street-smith-pro-football-yearbook-1974-rams.txt,Street & Smith's 1974 Pro Football Preview,1974,1,ocr-text,unread,unread,unread,,669444,115761,1860,2021,1973,459,2,0,1,18,4,5,15,949,361,5,31,near-identical,street-smith-pro-football-yearbook-1974-bills,0.999,1
street-smith-pro-football-yearbook-1980-bears-c,nfl-books,nfl-books/text_all/street-smith-pro-football-yearbook-1980-bears-c.txt,Street & Smith's 1980 Pro Football Preview,1980,1,ocr-text,unread,unread,unread,,791938,137027,1854,2026,1979,681,3,0,1,21,5,10,0,1620,250,3,346,near-identical,street-smith-pro-football-yearbook-1980-dan-fouts,0.996,2
street-smith-pro-football-yearbook-1984-raiders,nfl-books,nfl-books/text_all/street-smith-pro-football-yearbook-1984-raiders.txt,Street & Smith's 1984 Pro Football Preview,1984,1,ocr-text,unread,unread,unread,,681938,116227,1862,2025,1983,537,1,0,3,17,5,10,1,1082,93,4,131,near-identical,street-smith-pro-football-yearbook-1984-john-riggins-c,0.849,1
street-smith-pro-football-yearbook-1987-tony-dorsett,nfl-books,nfl-books/text_all/street-smith-pro-football-yearbook-1987-tony-dorsett.txt,Street & Smith's 1987 Pro Football Preview,1987,1,ocr-text,unread,unread,unread,,710617,121574,1863,2007,1986,551,2,0,1,15,3,6,3,1364,212,4,118,near-identical,street-smith-pro-football-yearbook-1987-john-elway,0.999,2
sports-illustrated-1990-09-10-c,nfl-books,nfl-books/text_all/sports-illustrated-1990-09-10-c.txt,Sports Illustrated: 1990-09-10 | 1990 NFL Preview,1990,1,ocr-text,unread,unread,unread,,439852,73242,1898,2000,1990,160,62,1,4,16,4,17,1,1,1,0,0,,,,0
inside-sports-1992-09-nfl-preview-c,nfl-books,nfl-books/text_all/inside-sports-1992-09-nfl-preview-c.txt,Inside Sports magazine: 1992-09 | NFL Preview,1992,1,ocr-text,unread,unread,unread,,289437,48460,1873,2012,1991,139,21,1,5,9,3,3,1,1,0,0,0,,,,0
jim-feist-pro-football-1985-c,nfl-books,nfl-books/text_all/jim-feist-pro-football-1985-c.txt,Gary Austin & Jim Feist's Pro Football 1985,1985,1,ocr-text,unread,unread,unread,,538114,92762,1876,2026,1984,219,0,0,4,9,0,3,0,58,72,42,52,,,,0
lindys-pro-football-preview-2023-vol.-37-broncos-cv-2,nfl-books,nfl-books/text_all/lindys-pro-football-preview-2023-vol.-37-broncos-cv-2.txt,Lindy's Pro Football 2023 Preview | Broncos,2023,1,ocr-text,unread,unread,unread,,1323743,222457,1852,2029,2022,683,4,0,10,24,14,23,1,592,67,36,50,near-identical,lindys-pro-football-preview-2023-vol.-37-49ers-raiders-cv-2,1.0,11
street-smith-pro-football-yearbook-1971-colts,nfl-books,nfl-books/text_all/street-smith-pro-football-yearbook-1971-colts.txt,Street & Smith's 1971 Pro Football Preview,1971,1,ocr-text,unread,unread,unread,,581390,100441,1862,2019,1970,430,1,0,2,29,6,6,12,1022,362,3,25,near-identical,street-smith-pro-football-yearbook-1971-cowboys-c,0.999,1
street-smith-pro-football-yearbook-1981-houston-atlana,nfl-books,nfl-books/text_all/street-smith-pro-football-yearbook-1981-houston-atlana.txt,Street & Smith's 1981 Pro Football Preview,1981,1,ocr-text,commercial preview annual,roster-table+statistics,"read-2026-09-07-yearbooks (stratified sample n=56 of 2,462 post-1950 texts, seed 20260907)","1,928 roster lines with age and experience; 0 'born' phrases in 775 KB",794056,135810,1850,2012,1980,677,1,0,0,10,3,5,0,1492,226,15,161,near-identical,street-smith-pro-football-yearbook-1981-tommy-kramer-brian-sipe-c,0.998,1
street-smith-pro-football-yearbook-1984-bears,nfl-books,nfl-books/text_all/street-smith-pro-football-yearbook-1984-bears.txt,Street & Smith's 1984 Pro Football Preview,1984,1,ocr-text,unread,unread,unread,,681969,116228,1862,2025,1983,538,1,0,3,17,5,10,1,1082,93,4,131,near-identical,street-smith-pro-football-yearbook-1984-dan-marino-c,0.841,1
street-smith-pro-football-yearbook-1984-dan-marino-c,nfl-books,nfl-books/text_all/street-smith-pro-football-yearbook-1984-dan-marino-c.txt,Street & Smith's 1984 Pro Football Preview,1984,1,ocr-text,unread,unread,unread,,681944,116226,1862,2025,1983,536,1,0,3,17,5,10,1,1082,93,4,132,near-identical,street-smith-pro-football-yearbook-1984-bears,0.85,1
street-smith-pro-football-yearbook-1984-john-riggins-c,nfl-books,nfl-books/text_all/street-smith-pro-football-yearbook-1984-john-riggins-c.txt,Street & Smith's 1984 Pro Football Preview,1984,1,ocr-text,unread,unread,unread,,688255,116227,1862,2025,1983,537,1,0,3,17,5,10,1,1082,93,4,132,near-identical,street-smith-pro-football-yearbook-1984-raiders,0.84,1
street-smith-pro-football-yearbook-1995-browns,nfl-books,nfl-books/text_all/street-smith-pro-football-yearbook-1995-browns.txt,Street & Smith's 1995 Pro Football Preview,1995,1,ocr-text,unread,unread,unread,,799576,131817,1850,2010,1995,505,1,0,3,21,9,8,0,670,157,2,3,near-identical,street-smith-pro-football-yearbook-1995-bears-lions,0.999,6
nfl-illustrated-digest-1967-c,nfl-books,nfl-books/text_all/nfl-illustrated-digest-1967-c.txt,"Illustrated Digest of Pro Football, 1967 Edition",1967,1,ocr-text,unread,unread,unread,,375974,64130,1858,2025,1966,518,0,0,0,15,3,3,0,24,46,11,32,,,,0
engaged-media-fantasy-football-2017-draft-guide-c,nfl-books,nfl-books/text_all/engaged-media-fantasy-football-2017-draft-guide-c.txt,Engaged Media Fantasy Football 2017 Draft Guide,2017,1,ocr-text,unread,unread,unread,,896431,156843,1895,2027,2016,191,1,0,8,20,6,7,0,333,11,7,0,,,,0
pro-football-weekly-preview-2012-vikings-bears-packers-c,nfl-books,nfl-books/text_all/pro-football-weekly-preview-2012-vikings-bears-packers-c.txt,Pro Football Weekly NFL Preview 2012,2012,1,ocr-text,unread,unread,unread,,1044817,182955,1851,2025,2011,320,1,0,2,9,9,5,0,1024,71,15,87,,,,0
the-sporting-news-pro-football-annual-1990-c,nfl-books,nfl-books/text_all/the-sporting-news-pro-football-annual-1990-c.txt,The Sporting News 1990 Pro Football Yearbook,1990,1,ocr-text,unread,unread,unread,,876155,139252,1889,2002,1989,532,3,0,5,16,4,11,1,0,75,4,7,,,,0
the-sporting-news-pro-football-2011-patriots-c,nfl-books,nfl-books/text_all/the-sporting-news-pro-football-2011-patriots-c.txt,The Sporting News 2011 Pro Football Yearbook | Patriots cover,2011,1,ocr-text,unread,unread,unread,,848104,141763,1851,2027,2010,508,4,0,4,13,6,6,0,367,229,6,314,near-identical,the-sporting-news-pro-football-2011-texans-cowboys-c,0.996,1
athlon-sports-pro-football-preview-2024-texans-cv-2,nfl-books,nfl-books/text_all/athlon-sports-pro-football-preview-2024-texans-cv-2.txt,Athlon's 2024 Pro Football Preview | AFC South,2024,1,ocr-text,unread,unread,unread,,851937,144122,1851,2029,2023,466,4,0,3,20,4,15,0,1732,92,56,16,near-identical,athlon-sports-pro-football-preview-2024-bills-cv-2,0.994,2
sports-illustrated-2018-08-27-nfl-preview,nfl-books,nfl-books/text_all/sports-illustrated-2018-08-27-nfl-preview.txt,Sports Illustrated: 2018-08-27 | 2018 NFL Football Preview,2018,1,ocr-text,unread,unread,unread,,276221,45644,1867,2021,2018,87,12,2,4,9,1,7,0,0,0,5,0,overlapping,sports-illustrated-2018-08-27-nfl-preview-eagles,0.434,3
illustrated-digest-of-pro-football-1969-c,nfl-books,nfl-books/text_all/illustrated-digest-of-pro-football-1969-c.txt,"Illustrated Digest of Pro Football, 1969 Edition",1969,1,ocr-text,unread,unread,unread,,574971,99616,1894,1970,1968,779,1,0,0,11,0,10,2,84,47,51,71,,,,0
athlon-pro-football-2015-ravens-redskins,nfl-books,nfl-books/text_all/athlon-pro-football-2015-ravens-redskins.txt,Athlon's 2015 Pro Football Preview | Ravens & Redskins,2015,1,ocr-text,unread,unread,unread,,1013772,170667,1917,2020,2014,532,0,1,6,27,10,17,0,1737,294,16,18,near-identical,athlon-pro-football-2015-bills-c,0.997,12
athlon-pro-football-2017-chiefs,nfl-books,nfl-books/text_all/athlon-pro-football-2017-chiefs.txt,Athlon's 2017 Pro Football Preview | Chiefs,2017,1,ocr-text,unread,unread,unread,,1055850,177454,1851,2021,2016,618,6,0,7,20,11,15,2,998,94,9,0,near-identical,athlon-pro-football-2017-49ers,0.998,20
athlon-pro-football-2017-eagles,nfl-books,nfl-books/text_all/athlon-pro-football-2017-eagles.txt,Athlon's 2017 Pro Football Preview | Eagles,2017,1,ocr-text,unread,unread,unread,,1055709,177429,1851,2021,2016,618,6,0,7,20,11,15,2,998,94,9,0,near-identical,athlon-pro-football-2017-bears,0.997,20
sports-illustrated-2017-09-04-nfl-preview-texans-c,nfl-books,nfl-books/text_all/sports-illustrated-2017-09-04-nfl-preview-texans-c.txt,Sports Illustrated: 2017-09-04 | 2017 NFL Football Preview,2017,1,ocr-text,unread,unread,unread,,286261,47832,1862,2018,2017,112,12,0,1,5,0,9,0,28,0,2,0,near-identical,sports-illustrated-2017-09-04-nfl-preview-packers-c,0.995,2
athlon-sports-pro-football-yearbook-2013-jags-c,nfl-books,nfl-books/text_all/athlon-sports-pro-football-yearbook-2013-jags-c.txt,Athlon's 2013 Pro Football Preview | Jaguars,2013,1,ocr-text,unread,unread,unread,,854807,142455,1850,2022,2012,459,4,1,4,13,1,12,0,1402,194,25,31,,,,0
athlon-pro-football-2015-lions,nfl-books,nfl-books/text_all/athlon-pro-football-2015-lions.txt,Athlon's 2015 Pro Football Preview | Lions,2015,1,ocr-text,unread,unread,unread,,1013919,170712,1917,2020,2014,532,0,1,6,27,10,17,0,1737,294,16,18,near-identical,athlon-pro-football-2015-49ers-raiders-c,0.997,13
athlon-pro-football-2015-packers,nfl-books,nfl-books/text_all/athlon-pro-football-2015-packers.txt,Athlon's 2015 Pro Football Preview | Packers,2015,1,ocr-text,unread,unread,unread,,1013636,170643,1917,2020,2014,532,0,1,6,27,10,17,0,1737,294,16,18,near-identical,athlon-pro-football-2015-49ers-raiders-c,0.997,13
athlon-pro-football-2015-texans,nfl-books,nfl-books/text_all/athlon-pro-football-2015-texans.txt,Athlon's 2015 Pro Football Preview | Texans,2015,1,ocr-text,unread,unread,unread,,1013890,170682,1917,2020,2014,532,0,1,6,27,10,17,0,1737,294,16,18,near-identical,athlon-pro-football-2015-49ers-raiders-c,0.997,13
athlon-sports-fantasy-football-2022-c,nfl-books,nfl-books/text_all/athlon-sports-fantasy-football-2022-c.txt,Athlon Sports Fantasy Football 2022,2022,1,ocr-text,unread,unread,unread,,764092,137033,1864,2024,2021,142,1,0,15,7,2,1,0,27,347,51,11,,,,0
athlon-pro-football-2015-chargers-c,nfl-books,nfl-books/text_all/athlon-pro-football-2015-chargers-c.txt,Athlon's 2015 Pro Football Preview | Chargers,2015,1,ocr-text,unread,unread,unread,,1013818,170672,1917,2020,2014,532,0,1,6,27,10,17,0,1737,294,16,18,near-identical,athlon-pro-football-2015-49ers-raiders-c,0.997,13
athlon-pro-football-2015-colts-c,nfl-books,nfl-books/text_all/athlon-pro-football-2015-colts-c.txt,Athlon's 2015 Pro Football Preview | Colts,2015,1,ocr-text,unread,unread,unread,,1013750,170670,1917,2020,2014,532,0,1,6,27,10,17,0,1737,294,16,18,near-identical,athlon-pro-football-2015-cardinals-c,0.996,12
athlon-pro-football-2015-49ers-raiders-c,nfl-books,nfl-books/text_all/athlon-pro-football-2015-49ers-raiders-c.txt,Athlon's 2015 Pro Football Preview | 49ers & Raiders,2015,1,ocr-text,unread,unread,unread,,1013638,170643,1917,2020,2014,532,0,1,6,27,10,17,0,1737,294,16,18,near-identical,athlon-pro-football-2015-bengals-c,0.997,13
athlon-pro-football-2015-bears-c,nfl-books,nfl-books/text_all/athlon-pro-football-2015-bears-c.txt,Athlon's 2015 Pro Football Preview | Bears,2015,1,ocr-text,unread,unread,unread,,999112,169460,1851,2027,2014,516,0,1,5,25,7,17,0,1420,182,20,2,near-identical,athlon-pro-football-2015-broncos-a-c,0.996,1
athlon-pro-football-2015-bengals-c,nfl-books,nfl-books/text_all/athlon-pro-football-2015-bengals-c.txt,Athlon's 2015 Pro Football Preview | Bengals,2015,1,ocr-text,unread,unread,unread,,1013709,170661,1917,2020,2014,532,0,1,6,27,10,17,0,1737,294,16,18,near-identical,athlon-pro-football-2015-49ers-raiders-c,0.996,13
athlon-sports-pro-football-yearbook-1983-bears-c,nfl-books,nfl-books/text_all/athlon-sports-pro-football-yearbook-1983-bears-c.txt,Athlon's 1983 Pro Football Preview | Bears,1983,1,ocr-text,unread,unread,unread,,545568,91506,1853,1987,1982,483,4,0,6,22,6,17,0,2,0,0,0,,,,0
athlon-pro-football-2017-colts,nfl-books,nfl-books/text_all/athlon-pro-football-2017-colts.txt,Athlon's 2017 Pro Football Preview | Colts,2017,1,ocr-text,unread,unread,unread,,1055785,177438,1851,2021,2016,618,6,0,7,20,11,15,2,998,94,9,0,near-identical,athlon-pro-football-2017-bears,0.997,20
athlon-pro-football-2017-ravens,nfl-books,nfl-books/text_all/athlon-pro-football-2017-ravens.txt,Athlon's 2017 Pro Football Preview | Ravens,2017,1,ocr-text,unread,unread,unread,,1055626,177415,1851,2021,2016,618,6,0,7,20,11,15,2,998,94,9,0,near-identical,athlon-pro-football-2017-49ers,0.998,20
pro-football-almanac-1966-c,nfl-books,nfl-books/text_all/pro-football-almanac-1966-c.txt,Pro Football Almanac 1966,1966,1,ocr-text,unread,unread,unread,,249310,41359,1863,2000,1965,334,0,0,0,21,1,5,0,0,0,0,0,,,,0
pro-football-magazine-1973-c,nfl-books,nfl-books/text_all/pro-football-magazine-1973-c.txt,"Pro Football magazine, 1973",1973,1,ocr-text,unread,unread,unread,,286971,47901,1936,1975,1972,162,4,0,0,6,3,1,6,1,0,0,0,,,,0
fantasy-league-football-2006-c,nfl-books,nfl-books/text_all/fantasy-league-football-2006-c.txt,Fantasy League Football 2006,2006,1,ocr-text,unread,unread,unread,,950182,169293,1850,2020,2005,297,1,0,4,12,1,5,0,69,35,47,2,,,,0
game-plan-pro-football-1978-annual-preview-vol.-08-c,nfl-books,nfl-books/text_all/game-plan-pro-football-1978-annual-preview-vol.-08-c.txt,Game Plan Pro Football 1978 Annual Preview,1978,1,ocr-text,unread,unread,unread,,672141,109764,1856,2026,1978,329,1,0,5,0,10,3,1,41,204,41,0,,,,0
pro-football-weekly-preview-2007-c,nfl-books,nfl-books/text_all/pro-football-weekly-preview-2007-c.txt,Pro Football Weekly 2007 Preview,2007,1,ocr-text,unread,unread,unread,,1040295,181365,1900,2029,2006,274,1,0,4,17,17,2,1,1438,206,6,18,,,,0
sports-illustrated-2004-09-06-nfl-preview-c,nfl-books,nfl-books/text_all/sports-illustrated-2004-09-06-nfl-preview-c.txt,Sports Illustrated: 2004-09-06 | 2004 NFL Preview,2004,1,ocr-text,unread,unread,unread,,501410,84895,1896,2012,2003,195,21,1,5,8,4,7,1,1,1,3,0,,,,0
sports-illustrated-2002-09-02-nfl-preview-c,nfl-books,nfl-books/text_all/sports-illustrated-2002-09-02-nfl-preview-c.txt,Sports Illustrated: 2002-09-02 | 2002 NFL Preview,2002,1,ocr-text,unread,unread,unread,,564010,93189,1918,2006,2002,211,33,0,3,18,1,7,1,0,0,4,0,,,,0
complete-handbook-of-pro-football-1973-c,nfl-books,nfl-books/text_all/complete-handbook-of-pro-football-1973-c.txt,"The Complete Handbook of Pro Football, 1973",1973,1,ocr-text,commercial preview annual,statistics+roster-table,"read-2026-09-07-yearbooks (stratified sample n=56 of 2,462 post-1950 texts, seed 20260907)","1 'born' phrase in 582 KB; prose is scouting narrative, not personal biography",605565,105374,1855,2027,1972,577,2,0,0,7,4,10,0,85,66,3,42,,,,0
pro-football-illustrated-1962-v-01.05-c,nfl-books,nfl-books/text_all/pro-football-illustrated-1962-v-01.05-c.txt,Pro Football Illustrated 1962,1962,1,ocr-text,unread,unread,unread,,327247,56738,1872,2012,1961,252,6,0,0,6,5,22,2,2,344,0,64,,,,0
petersens-pro-football-1975-annual-v-15-c,nfl-books,nfl-books/text_all/petersens-pro-football-1975-annual-v-15-c.txt,Petersen's Pro Football 1975,1975,1,ocr-text,unread,unread,unread,,789886,131110,1867,2003,1974,594,0,0,9,32,2,11,0,910,98,8,34,,,,0
petersens-pro-football-1976-c,nfl-books,nfl-books/text_all/petersens-pro-football-1976-c.txt,Petersen's Pro Football 1976,1976,1,ocr-text,unread,unread,unread,,453837,74181,1914,2003,1975,314,2,1,1,10,1,10,0,1,7,4,20,,,,0
athlon-pro-football-2015-broncos-a-c,nfl-books,nfl-books/text_all/athlon-pro-football-2015-broncos-a-c.txt,Athlon's 2015 Pro Football Preview | Broncos,2015,1,ocr-text,unread,unread,unread,,999029,169448,1851,2027,2014,516,0,1,5,25,7,17,0,1420,182,20,2,near-identical,athlon-pro-football-2015-bears-c,0.997,1
athlon-sports-pro-football-yearbook-2019-v-38-cardinals-c,nfl-books,nfl-books/text_all/athlon-sports-pro-football-yearbook-2019-v-38-cardinals-c.txt,Athlon's 2019 Pro Football Preview | Cardinals,2019,1,ocr-text,unread,unread,unread,,1103323,184651,1859,2024,2018,602,19,0,11,15,5,18,0,1637,95,46,20,,,,0
athlon-pro-football-2015-steelers,nfl-books,nfl-books/text_all/athlon-pro-football-2015-steelers.txt,Athlon's 2015 Pro Football Preview | Steelers,2015,1,ocr-text,unread,unread,unread,,1013747,170660,1917,2020,2014,532,0,1,6,27,10,17,0,1737,294,16,18,near-identical,athlon-pro-football-2015-bills-c,0.997,12
athlon-pro-football-2017-raiders,nfl-books,nfl-books/text_all/athlon-pro-football-2017-raiders.txt,Athlon's 2017 Pro Football Preview | Raiders,2017,1,ocr-text,unread,unread,unread,,1055711,177427,1851,2021,2016,618,6,0,7,20,11,15,2,998,94,9,0,near-identical,athlon-pro-football-2017-bears,0.996,20
pro-football-almanac-1964-c,nfl-books,nfl-books/text_all/pro-football-almanac-1964-c.txt,Pro Football Almanac 1964,1964,1,ocr-text,unread,unread,unread,,227657,38120,1860,2000,1963,266,0,0,0,13,3,4,0,0,0,0,1,,,,0
preview-sports-pro-football-2001-49ers-c,nfl-books,nfl-books/text_all/preview-sports-pro-football-2001-49ers-c.txt,Preview Sports Pro Football 2001 | San Francisco 49ers,2001,1,ocr-text,unread,unread,unread,,851197,151897,1860,2029,2001,317,2,0,3,8,6,4,2,657,8,74,76,,,,0
athlon-sports-2001-pro-football-preview-tony-gonzalez,nfl-books,nfl-books/text_all/athlon-sports-2001-pro-football-preview-tony-gonzalez.txt,Athlon's 2001 Pro Football Preview,2001,1,ocr-text,unread,unread,unread,,790485,135847,1860,2010,2000,496,3,0,5,14,62,7,1,190,86,10,25,,,,0
athlon-pro-football-2017-rams-chargers,nfl-books,nfl-books/text_all/athlon-pro-football-2017-rams-chargers.txt,Athlon's 2017 Pro Football Preview | Rams/Chargers,2017,1,ocr-text,unread,unread,unread,,1055734,177432,1851,2021,2016,618,6,0,7,20,11,15,2,998,94,9,0,near-identical,athlon-pro-football-2017-giants-jets,0.997,8
athlon-pro-football-2017-redskins,nfl-books,nfl-books/text_all/athlon-pro-football-2017-redskins.txt,Athlon's 2017 Pro Football Preview | Redskins,2017,1,ocr-text,unread,unread,unread,,1055768,177445,1851,2021,2016,618,6,0,7,20,11,15,2,998,94,9,0,near-identical,athlon-pro-football-2017-49ers,0.998,20
sports-review-college-pro-football-1957-c,nfl-books,nfl-books/text_all/sports-review-college-pro-football-1957-c.txt,Sports Review College & Pro Football 1957,1957,1,ocr-text,unread,unread,unread,,515797,85175,1856,2002,1956,471,3,1,0,256,98,19,1,3,3,0,0,,,,0
sports-illustrated-2010-09-06-saints,nfl-books,nfl-books/text_all/sports-illustrated-2010-09-06-saints.txt,Sports Illustrated: 2010-09-06 | 2010 NFL Football Preview,2010,1,ocr-text,unread,unread,unread,,430826,70773,1875,2012,2009,234,18,0,7,11,1,5,0,2,3,1,1,,,,0
the-sporting-news-pro-football-register-1991,nfl-books,nfl-books/text_all/the-sporting-news-pro-football-register-1991.txt,The Sporting News Pro Football Register 1991,1991,1,ocr-text,unread,unread,unread,,1927341,310666,1852,2028,1990,2856,14,0,0,11,1951,4,0,1,765,971,4,,,,0
athlon-sports-fantasy-football-2021-c,nfl-books,nfl-books/text_all/athlon-sports-fantasy-football-2021-c.txt,Athlon Sports Fantasy Football 2021,2021,1,ocr-text,unread,unread,unread,,758281,135217,1893,2022,2020,179,0,0,14,6,4,1,0,23,405,50,63,,,,0
athlon-pro-football-2015-dolphins,nfl-books,nfl-books/text_all/athlon-pro-football-2015-dolphins.txt,Athlon's 2015 Pro Football Preview | Dolphins,2015,1,ocr-text,unread,unread,unread,,1013781,170670,1917,2020,2014,532,0,1,6,27,10,17,0,1737,294,16,18,near-identical,athlon-pro-football-2015-49ers-raiders-c,0.997,13
athlon-pro-football-2015-eagles,nfl-books,nfl-books/text_all/athlon-pro-football-2015-eagles.txt,Athlon's 2015 Pro Football Preview | Eagles,2015,1,ocr-text,unread,unread,unread,,1013622,170642,1917,2020,2014,532,0,1,6,27,10,17,0,1737,294,16,18,near-identical,athlon-pro-football-2015-bills-c,0.997,12
athlon-pro-football-2017-cardinals,nfl-books,nfl-books/text_all/athlon-pro-football-2017-cardinals.txt,Athlon's 2017 Pro Football Preview | Cardinals,2017,1,ocr-text,unread,unread,unread,,1055643,177417,1851,2021,2016,618,6,0,7,20,11,15,2,998,94,9,0,near-identical,athlon-pro-football-2017-49ers,0.998,20
athlon-pro-football-2017-seahawks,nfl-books,nfl-books/text_all/athlon-pro-football-2017-seahawks.txt,Athlon's 2017 Pro Football Preview | Seahawks,2017,1,ocr-text,unread,unread,unread,,1055774,177447,1851,2021,2016,618,6,0,7,20,11,15,2,998,94,9,0,near-identical,athlon-pro-football-2017-giants-jets,0.997,8
don-heinrichs-pro-preview-1986-mark-gastineau-2,nfl-books,nfl-books/text_all/don-heinrichs-pro-preview-1986-mark-gastineau-2.txt,Don Heinrich's Pro Preview/86,1986,1,ocr-text,unread,unread,unread,,859020,141811,1865,2026,1985,532,8,0,0,22,3,5,0,69,9,26,0,overlapping,don-heinrichs-pro-preview-1986-c,0.568,3
street-smith-pro-football-yearbook-1986-giants,nfl-books,nfl-books/text_all/street-smith-pro-football-yearbook-1986-giants.txt,Street & Smith's 1986 Pro Football Preview,1986,1,ocr-text,unread,unread,unread,,646616,111009,1851,2025,1985,461,0,0,1,10,2,9,4,1127,209,6,137,near-identical,street-smith-pro-football-yearbook-1986-dan-marino,0.999,1
street-smith-pro-football-yearbook-1987-dan-marino,nfl-books,nfl-books/text_all/street-smith-pro-football-yearbook-1987-dan-marino.txt,Street & Smith's 1987 Pro Football Preview,1987,1,ocr-text,unread,unread,unread,,710687,121586,1863,2007,1986,551,2,0,1,15,3,6,3,1364,212,4,118,near-identical,street-smith-pro-football-yearbook-1987-bernie-kosar-c,0.999,1
street-smith-pro-football-yearbook-1988-anthony-carter-c,nfl-books,nfl-books/text_all/street-smith-pro-football-yearbook-1988-anthony-carter-c.txt,Street & Smith's 1988 Pro Football Preview,1988,1,ocr-text,unread,unread,unread,,705811,120687,1869,2023,1987,549,5,0,8,17,3,16,0,1298,170,1,246,overlapping,street-smith-pro-football-yearbook-1988-warren-moon,0.344,2
street-smith-pro-football-yearbook-1989-jim-kelly,nfl-books,nfl-books/text_all/street-smith-pro-football-yearbook-1989-jim-kelly.txt,Street & Smith's 1989 Pro Football Preview,1989,1,ocr-text,unread,unread,unread,,713465,120881,1866,2002,1988,567,1,3,5,19,1,5,2,1082,152,4,84,near-identical,street-smith-pro-football-yearbook-1989-herschell-walker,0.999,4
game-plan-pro-football-1979-annual-preview-vol.-09-c,nfl-books,nfl-books/text_all/game-plan-pro-football-1979-annual-preview-vol.-09-c.txt,Game Plan Pro Football 1979 Annual Preview,1979,1,ocr-text,unread,unread,unread,,637966,104054,1852,2023,1979,304,0,0,9,0,5,4,1,2,27,45,4,,,,0
the-sporting-news-pro-football-2010-chargers-cardinals-cv-2,nfl-books,nfl-books/text_all/the-sporting-news-pro-football-2010-chargers-cardinals-cv-2.txt,The Sporting News 2010 Pro Football Yearbook | Cardinals/Chargers cover,2010,1,ocr-text,unread,unread,unread,,883520,148575,1855,2029,1985,466,5,0,5,8,5,3,0,1020,36,12,466,,,,0
the-sporting-news-pro-football-scouting-guide-2002-c,nfl-books,nfl-books/text_all/the-sporting-news-pro-football-scouting-guide-2002-c.txt,The Sporting News Pro Football Scouting Guide 2002,2002,1,ocr-text,unread,unread,unread,,1054371,175433,1967,2003,2001,536,0,2,10,1,5,2,2,0,863,0,0,,,,0
lindys-pro-football-preview-2023-vol.-37-panthers-cv-2,nfl-books,nfl-books/text_all/lindys-pro-football-preview-2023-vol.-37-panthers-cv-2.txt,Lindy's Pro Football 2023 Preview | Panthers,2023,1,ocr-text,unread,unread,unread,,1323756,222455,1852,2029,2022,683,4,0,10,24,14,23,1,592,67,36,50,near-identical,lindys-pro-football-preview-2023-vol.-37-bears-cv-2,0.999,9
game-plan-pro-football-1972-annual-preview-vol.-02-cv-2,nfl-books,nfl-books/text_all/game-plan-pro-football-1972-annual-preview-vol.-02-cv-2.txt,Game Plan Pro Football 1972 Annual Preview,1972,1,ocr-text,unread,unread,unread,,350539,57093,1887,2022,1972,168,1,0,1,5,5,0,2,20,146,12,9,,,,0
athlon-sports-pro-football-preview-2024-ravens-cv-2,nfl-books,nfl-books/text_all/athlon-sports-pro-football-preview-2024-ravens-cv-2.txt,Athlon's 2024 Pro Football Preview | AFC North,2024,1,ocr-text,unread,unread,unread,,851875,144110,1851,2029,2023,466,4,0,3,20,4,15,0,1732,92,56,16,near-identical,athlon-sports-pro-football-preview-2024-bills-cv-2,0.994,2
street-smith-pro-football-yearbook-1997-bears-colts-c,nfl-books,nfl-books/text_all/street-smith-pro-football-yearbook-1997-bears-colts-c.txt,Street & Smith's 1997 Pro Football Preview,1997,1,ocr-text,unread,unread,unread,,713616,118189,1870,2010,1997,448,0,0,5,20,5,5,0,382,182,4,39,overlapping,street-smith-pro-football-yearbook-1997-keyshawn-johnson-c,0.318,2
street-smith-pro-football-yearbook-2018-packers-vikings,nfl-books,nfl-books/text_all/street-smith-pro-football-yearbook-2018-packers-vikings.txt,Street & Smith's 2018 Pro Football Preview | Packers & Vikings,2018,1,ocr-text,unread,unread,unread,,832546,144814,1860,2025,2017,490,3,0,7,14,8,3,0,508,84,11,338,,,,0
street-smith-pro-football-yearbook-1980-dan-fouts,nfl-books,nfl-books/text_all/street-smith-pro-football-yearbook-1980-dan-fouts.txt,Street & Smith's 1980 Pro Football Preview,1980,1,ocr-text,unread,unread,unread,,791572,136972,1854,2026,1979,681,3,0,1,21,5,10,0,1620,250,3,346,near-identical,street-smith-pro-football-yearbook-1980-bears-c,0.996,2
street-smith-pro-football-yearbook-1993-junior-seau,nfl-books,nfl-books/text_all/street-smith-pro-football-yearbook-1993-junior-seau.txt,Street & Smith's 1993 Pro Football Preview,1993,1,ocr-text,unread,unread,unread,,667959,113751,1869,2020,1993,521,0,0,0,20,1,8,1,579,103,1,362,near-identical,street-smith-pro-football-yearbook-1993-dan-marino,0.995,5
street-smith-pro-football-yearbook-1973-49ers,nfl-books,nfl-books/text_all/street-smith-pro-football-yearbook-1973-49ers.txt,Street & Smith's 1973 Pro Football Preview,1973,1,ocr-text,unread,unread,unread,,688759,119243,1860,2028,1972,439,3,0,0,20,5,4,15,1115,370,11,54,,,,0
the-sporting-news-pro-football-guide-1996,nfl-books,nfl-books/text_all/the-sporting-news-pro-football-guide-1996.txt,The Sporting News Pro Football Guide 1996,1996,1,ocr-text,unread,unread,unread,,1821538,260981,1852,2026,1995,2151,1,0,0,8,2,2,0,562,532,29,379,,,,0
athlon-pro-football-2015-bills-c,nfl-books,nfl-books/text_all/athlon-pro-football-2015-bills-c.txt,Athlon's 2015 Pro Football Preview | Bills,2015,1,ocr-text,unread,unread,unread,,1013930,170712,1917,2020,2014,532,0,1,6,27,10,17,0,1737,294,16,18,near-identical,athlon-pro-football-2015-cardinals-c,0.996,12
athlon-pro-football-2015-cowboys-c,nfl-books,nfl-books/text_all/athlon-pro-football-2015-cowboys-c.txt,Athlon's 2015 Pro Football Preview | Cowboys,2015,1,ocr-text,unread,unread,unread,,1013837,170678,1917,2020,2014,532,0,1,6,27,10,17,0,1737,294,16,18,near-identical,athlon-pro-football-2015-49ers-raiders-c,0.997,13
athlon-sports-pro-football-yearbook-1995-v-14-49ers-c,nfl-books,nfl-books/text_all/athlon-sports-pro-football-yearbook-1995-v-14-49ers-c.txt,Athlon's 1995 Pro Football Preview | 49ers,1995,1,ocr-text,unread,unread,unread,,626028,104727,1851,2022,1995,415,1,0,2,16,5,13,0,355,16,4,1,,,,0
athlon-pro-football-2015-seahawks,nfl-books,nfl-books/text_all/athlon-pro-football-2015-seahawks.txt,Athlon's 2015 Pro Football Preview | Seahawks,2015,1,ocr-text,unread,unread,unread,,1013749,170662,1917,2020,2014,532,0,1,6,27,10,17,0,1737,294,16,18,near-identical,athlon-pro-football-2015-bills-c,0.997,12
athlon-pro-football-2017-bears,nfl-books,nfl-books/text_all/athlon-pro-football-2017-bears.txt,Athlon's 2017 Pro Football Preview | Bears,2017,1,ocr-text,unread,unread,unread,,1055605,177415,1851,2021,2016,618,6,0,7,20,11,15,2,998,94,9,0,near-identical,athlon-pro-football-2017-49ers,0.998,20
athlon-pro-football-2017-giants-jets,nfl-books,nfl-books/text_all/athlon-pro-football-2017-giants-jets.txt,Athlon's 2017 Pro Football Preview | Giants/Jets,2017,1,ocr-text,unread,unread,unread,,1055832,177462,1851,2021,2016,618,6,0,7,20,11,15,2,998,94,9,0,near-identical,athlon-pro-football-2017-buccaneers,0.998,8
sports-illustrated-2010-09-06-chargers,nfl-books,nfl-books/text_all/sports-illustrated-2010-09-06-chargers.txt,Sports Illustrated: 2010-09-06 | 2010 NFL Football Preview,2010,1,ocr-text,unread,unread,unread,,430697,70739,1875,2012,2009,234,18,0,7,11,1,5,0,2,3,1,1,near-identical,sports-illustrated-2010-09-06-falcons,0.998,3
art-rense-professional-football-yearbook-1957-c,nfl-books,nfl-books/text_all/art-rense-professional-football-yearbook-1957-c.txt,Art Rense Professional Football Yearbook 1957,1957,1,ocr-text,unread,unread,unread,,384846,63547,1920,2000,1956,384,6,0,1,34,3,9,0,16,207,1,1,,,,0
sports-illustrated-1988-08-29-nfl-preview-c,nfl-books,nfl-books/text_all/sports-illustrated-1988-08-29-nfl-preview-c.txt,Sports Illustrated: 1988-08-29 | 1988 NFL Preview,1988,1,ocr-text,unread,unread,unread,,351273,58897,1898,1992,1988,115,54,0,8,18,0,14,1,1,2,0,0,,,,0
sports-illustrated-1992-09-07-c,nfl-books,nfl-books/text_all/sports-illustrated-1992-09-07-c.txt,Sports Illustrated: 1992-09-07 | 1992 NFL Preview,1992,1,ocr-text,unread,unread,unread,,345936,58560,1851,2010,1992,132,29,0,0,12,1,13,0,0,1,1,4,,,,0
roto-world-fantasy-football-2017-draft-guide-c,nfl-books,nfl-books/text_all/roto-world-fantasy-football-2017-draft-guide-c.txt,RotoWorld Fantasy Football 2017 Draft Guide,2017,1,ocr-text,fantasy draft guide,none,"read-2026-09-07-yearbooks (stratified sample n=56 of 2,462 post-1950 texts, seed 20260907)",rankings and projections; no per-man biography or roster of record,891789,162716,1871,2021,2016,463,3,0,8,47,16,4,0,22,32,26,32,,,,0
popular-sports-kick-off-football-1972-c,nfl-books,nfl-books/text_all/popular-sports-kick-off-football-1972-c.txt,Popular Sports Football Preview 1972,1972,1,ocr-text,unread,unread,unread,,399411,64994,1871,2019,1971,266,1,3,2,93,185,4,0,5,17,0,0,,,,0
complete-handbook-of-pro-football-1980-c,nfl-books,nfl-books/text_all/complete-handbook-of-pro-football-1980-c.txt,"The Complete Handbook of Pro Football, 1980",1980,1,ocr-text,unread,unread,unread,,612066,106346,1854,1992,1979,545,5,0,2,26,139,54,0,91,72,3,92,,,,0
athlon-pro-football-2015-browns-c,nfl-books,nfl-books/text_all/athlon-pro-football-2015-browns-c.txt,Athlon's 2015 Pro Football Preview | Browns,2015,1,ocr-text,unread,unread,unread,,1013579,170637,1917,2020,2014,532,0,1,6,27,10,17,0,1737,294,16,18,near-identical,athlon-pro-football-2015-49ers-raiders-c,0.997,13
athlon-pro-football-2015-panthers,nfl-books,nfl-books/text_all/athlon-pro-football-2015-panthers.txt,Athlon's 2015 Pro Football Preview | Panthers,2015,1,ocr-text,unread,unread,unread,,1013957,170701,1917,2020,2014,532,0,1,6,27,10,17,0,1737,294,16,18,near-identical,athlon-pro-football-2015-49ers-raiders-c,0.997,13
athlon-pro-football-2017-saints,nfl-books,nfl-books/text_all/athlon-pro-football-2017-saints.txt,Athlon's 2017 Pro Football Preview | Saints,2017,1,ocr-text,unread,unread,unread,,1055822,177445,1851,2021,2016,618,6,0,7,20,11,15,2,998,94,9,0,near-identical,athlon-pro-football-2017-bears,0.997,20
the-sporting-news-pro-football-preview-1988-49ers,nfl-books,nfl-books/text_all/the-sporting-news-pro-football-preview-1988-49ers.txt,The Sporting News 1988 Pro Football Yearbook,1988,1,ocr-text,unread,unread,unread,,817925,135729,1865,2027,1988,606,1,0,3,30,5,12,0,206,24,8,73,near-identical,the-sporting-news-pro-football-preview-1988-redskins-c,0.999,1
don-heinrichs-pro-preview-1988-neil-lomax,nfl-books,nfl-books/text_all/don-heinrichs-pro-preview-1988-neil-lomax.txt,Don Heinrich's Pro Preview/88,1988,1,ocr-text,unread,unread,unread,,997602,169239,1855,2022,1987,611,8,0,5,5,6,4,1,7,10,3,5,overlapping,don-heinrichs-pro-preview-1988-c,0.387,1
sports-quarterly-pros-football-1978-c,nfl-books,nfl-books/text_all/sports-quarterly-pros-football-1978-c.txt,Sports Quarterly Pros Football 1978,1978,1,ocr-text,unread,unread,unread,,498811,85490,1851,2024,1977,481,1,0,2,7,5,7,0,5,17,141,509,,,,0
sports-illustrated-2010-09-06-packers,nfl-books,nfl-books/text_all/sports-illustrated-2010-09-06-packers.txt,Sports Illustrated: 2010-09-06 | 2010 NFL Football Preview,2010,1,ocr-text,unread,unread,unread,,430640,70728,1875,2012,2009,234,18,0,7,11,1,5,0,2,3,1,1,near-identical,sports-illustrated-2010-09-06-chargers,1.0,3
don-heinrichs-pro-preview-1990-c,nfl-books,nfl-books/text_all/don-heinrichs-pro-preview-1990-c.txt,Don Heinrich's Pro Preview/90,1990,1,ocr-text,unread,unread,unread,,1030187,174205,1850,2003,1989,683,13,1,7,10,6,10,0,446,53,8,0,overlapping,don-heinrichs-pro-preview-1990-ronnie-lott,0.373,1
street-smith-pro-football-yearbook-1985-joe-montana,nfl-books,nfl-books/text_all/street-smith-pro-football-yearbook-1985-joe-montana.txt,Street & Smith's 1985 Pro Football Preview,1985,1,ocr-text,unread,unread,unread,,612229,106465,1860,2029,1984,472,8,0,2,12,2,8,0,968,189,3,267,subset,street-smith-pro-football-yearbook-1985-walter-payton-c,0.704,1
mvp-pro-football-97-green-bay-playoffs-preview-c,nfl-books,nfl-books/text_all/mvp-pro-football-97-green-bay-playoffs-preview-c.txt,MVP Pro Football ' 97 Green Bay Playoffs Preview,1997,1,ocr-text,unread,unread,unread,,145022,24237,1863,1998,1997,130,0,0,3,1,0,1,0,0,0,1,0,,,,0
football-action-1986-college-pro-preview-c,nfl-books,nfl-books/text_all/football-action-1986-college-pro-preview-c.txt,Football Action '86 Magazine,1986,1,ocr-text,unread,unread,unread,,1968127,335918,1850,2028,1985,1410,5,3,20,353,32,14,0,777,250,165,532,,,,0
pro-and-college-football-sports-stars-of-1971-c,nfl-books,nfl-books/text_all/pro-and-college-football-sports-stars-of-1971-c.txt,Sports Stars 1971 Pro and College Football Preview,1971,1,ocr-text,unread,unread,unread,,333086,53997,1914,2000,1970,346,1,0,0,101,6,4,9,0,69,0,0,,,,0
sports-illustrated-2017-09-04-nfl-preview-cardinals-c,nfl-books,nfl-books/text_all/sports-illustrated-2017-09-04-nfl-preview-cardinals-c.txt,Sports Illustrated: 2017-09-04 | 2017 NFL Football Preview,2017,1,ocr-text,unread,unread,unread,,286238,47826,1862,2018,2017,112,12,0,1,5,0,9,0,28,0,2,0,overlapping,sports-illustrated-2017-09-04-nfl-preview,0.281,1
petersen-pro-football-1958-c,nfl-books,nfl-books/text_all/petersen-pro-football-1958-c.txt,Petersen Pro Football 1958,1958,1,ocr-text,unread,unread,unread,,362428,61939,1867,2029,1958,433,1,0,1,22,3,7,0,23,74,8,168,,,,0
nfl-pro-football-yearbook-1959-jay-publishing-c,nfl-books,nfl-books/text_all/nfl-pro-football-yearbook-1959-jay-publishing-c.txt,NFL Pro Football Yearbook 1959 | Jay Publishing,1959,1,ocr-text,unread,unread,unread,,191604,35315,1908,2007,1958,253,2,0,0,32,5,103,0,3,249,2,11,,,,0
street-smiths-1979-pro-football-preview-c,nfl-books,nfl-books/text_all/street-smiths-1979-pro-football-preview-c.txt,Street & Smith's 1979 Pro Football Preview,1979,1,ocr-text,unread,unread,unread,,811593,141540,1861,2026,1978,617,0,1,2,10,5,4,0,921,130,10,98,overlapping,street-smith-pro-football-yearbook-1979-seahawks,0.338,2
street-smith-pro-football-yearbook-1980-steelers,nfl-books,nfl-books/text_all/street-smith-pro-football-yearbook-1980-steelers.txt,Street & Smith's 1980 Pro Football Preview,1980,1,ocr-text,unread,unread,unread,,791572,136972,1854,2026,1979,681,3,0,1,21,5,10,0,1620,250,3,346,near-identical,street-smith-pro-football-yearbook-1980-bears-c,0.996,2
street-smith-pro-football-yearbook-1982-cowboys,nfl-books,nfl-books/text_all/street-smith-pro-football-yearbook-1982-cowboys.txt,Street & Smith's 1982 Pro Football Preview,1982,1,ocr-text,unread,unread,unread,,783887,131943,1859,2017,1981,650,2,0,4,19,4,7,2,697,196,5,235,overlapping,street-smiths-1982-pro-football-preview-c,0.357,1
street-smith-pro-football-yearbook-1987-john-elway,nfl-books,nfl-books/text_all/street-smith-pro-football-yearbook-1987-john-elway.txt,Street & Smith's 1987 Pro Football Preview,1987,1,ocr-text,unread,unread,unread,,710824,121608,1863,2007,1986,551,2,0,1,15,3,6,3,1364,212,4,118,near-identical,street-smith-pro-football-yearbook-1987-phil-simms,0.999,2
lindys-pro-football-preview-2023-vol.-37-vikings-cv-2,nfl-books,nfl-books/text_all/lindys-pro-football-preview-2023-vol.-37-vikings-cv-2.txt,Lindy's Pro Football 2023 Preview | Vikings,2023,1,ocr-text,unread,unread,unread,,1323874,222473,1852,2029,2022,683,4,0,10,24,14,23,1,592,67,36,50,near-identical,lindys-pro-football-preview-2023-vol.-37-bears-cv-2,0.998,9
street-smith-1993-pro-football-yearbook-barry-foster-c,nfl-books,nfl-books/text_all/street-smith-1993-pro-football-yearbook-barry-foster-c.txt,Street & Smith's 1993 Pro Football Preview,1993,1,ocr-text,unread,unread,unread,,779215,130850,1863,2020,1993,526,0,0,0,19,2,8,0,1297,130,2,109,overlapping,street-smith-pro-football-yearbook-1993-dan-marino,0.291,6
street-smith-pro-football-yearbook-1976-roger-staubach-c,nfl-books,nfl-books/text_all/street-smith-pro-football-yearbook-1976-roger-staubach-c.txt,Street & Smith's 1976 Pro Football Preview,1976,1,ocr-text,unread,unread,unread,,742755,127968,1850,2026,1975,507,6,1,0,17,3,5,9,996,427,7,58,overlapping,street-smiths-1976-pro-football-preview-c,0.321,1
street-smith-pro-football-yearbook-2006-colts-c,nfl-books,nfl-books/text_all/street-smith-pro-football-yearbook-2006-colts-c.txt,Street & Smith's 2006 Pro Football Preview | Colts,2006,1,ocr-text,unread,unread,unread,,887964,149428,1850,2027,1981,567,1,0,12,12,5,3,0,730,186,20,127,,,,0
street-smith-pro-football-yearbook-2007-colts-c,nfl-books,nfl-books/text_all/street-smith-pro-football-yearbook-2007-colts-c.txt,Street & Smith's 2007 Pro Football Preview | Colts,2007,1,ocr-text,unread,unread,unread,,928129,159944,1872,2017,2007,537,2,0,5,49,5,4,2,278,42,7,127,,,,0
street-smiths-1978-pro-football-preview-b,nfl-books,nfl-books/text_all/street-smiths-1978-pro-football-preview-b.txt,Street & Smith's 1978 Pro Football Preview,1978,1,ocr-text,unread,unread,unread,,776016,135510,1852,2026,1977,506,1,0,0,9,6,6,2,681,161,8,77,overlapping,street-smith-pro-football-yearbook-1978-raiders,0.305,1
street-smiths-1991-pro-football-preview-c,nfl-books,nfl-books/text_all/street-smiths-1991-pro-football-preview-c.txt,Street & Smith's 1991 Pro Football Preview,1991,1,ocr-text,unread,unread,unread,,694264,117975,1850,2028,1990,507,2,1,6,24,5,7,2,743,75,2,272,,,,0
street-smith-pro-football-yearbook-1979-seahawks,nfl-books,nfl-books/text_all/street-smith-pro-football-yearbook-1979-seahawks.txt,Street & Smith's 1979 Pro Football Preview,1979,1,ocr-text,unread,unread,unread,,744770,127390,1865,2026,1978,636,1,0,2,11,7,4,0,1005,118,5,119,subset,street-smith-pro-football-yearbook-1979-terry-bradshaw-c,0.637,2
street-smith-pro-football-yearbook-1979-terry-bradshaw-c,nfl-books,nfl-books/text_all/street-smith-pro-football-yearbook-1979-terry-bradshaw-c.txt,Street & Smith's 1979 Pro Football Preview,1979,1,ocr-text,unread,unread,unread,,744828,127393,1865,2026,1978,636,1,0,2,11,7,4,0,1005,118,5,119,subset,street-smith-pro-football-yearbook-1979-seahawks,0.654,2
lindys-pro-football-2007-preview-v-21-titans-c,nfl-books,nfl-books/text_all/lindys-pro-football-2007-preview-v-21-titans-c.txt,Lindy's Pro Football 2007 Preview | Titans,2007,1,ocr-text,unread,unread,unread,,1176868,199497,1863,2014,2006,796,0,0,15,18,2,16,0,845,12,3,27,,,,0
athlon-sports-pro-football-yearbook-2017-titans-c,nfl-books,nfl-books/text_all/athlon-sports-pro-football-yearbook-2017-titans-c.txt,Athlon's 2017 Pro Football Preview | Titans,2017,1,ocr-text,unread,unread,unread,,1083468,180756,1860,2020,2016,621,6,0,7,20,10,14,0,1460,59,15,31,overlapping,athlon-pro-football-2017-giants-jets,0.325,8
fantasy-football-cheatsheets-2016-c,nfl-books,nfl-books/text_all/fantasy-football-cheatsheets-2016-c.txt,Fantasy Football Cheatsheets 2016,2016,1,ocr-text,unread,unread,unread,,927946,168346,1859,2022,2015,306,0,0,10,11,3,3,0,359,98,4,8,,,,0
the-sporting-news-football-register-1989,nfl-books,nfl-books/text_all/the-sporting-news-football-register-1989.txt,The Sporting News Football Register 1989,1989,1,ocr-text,unread,unread,unread,,1863865,287647,1850,2029,1988,2933,20,0,0,789,1524,1135,3201,3,776,480,1,,,,0
the-sporting-news-football-register-1996,nfl-books,nfl-books/text_all/the-sporting-news-football-register-1996.txt,The Sporting News Football Register 1996,1996,1,ocr-text,unread,unread,unread,,2487152,389707,1852,2029,1995,3290,5,0,0,17,6499,1,0,4,1172,1246,2,,,,0
athlon-pro-football-2015-buccaneers-c,nfl-books,nfl-books/text_all/athlon-pro-football-2015-buccaneers-c.txt,Athlon's 2015 Pro Football Preview | Buccaneers,2015,1,ocr-text,unread,unread,unread,,1013701,170657,1917,2020,2014,532,0,1,6,27,10,17,0,1737,294,16,18,near-identical,athlon-pro-football-2015-cardinals-c,0.996,12
athlon-sports-pro-football-yearbook-2007-v-26-colts-c,nfl-books,nfl-books/text_all/athlon-sports-pro-football-yearbook-2007-v-26-colts-c.txt,Athlon's 2007 Pro Football Preview | Colts,2007,1,ocr-text,unread,unread,unread,,896924,152081,1866,2018,2006,554,3,1,5,8,33,8,0,1626,117,25,103,,,,0
athlon-pro-football-2017-panthers,nfl-books,nfl-books/text_all/athlon-pro-football-2017-panthers.txt,Athlon's 2017 Pro Football Preview | Panthers,2017,1,ocr-text,unread,unread,unread,,1055479,177389,1851,2021,2016,618,6,0,7,20,11,15,2,998,94,9,0,near-identical,athlon-pro-football-2017-49ers,0.998,20
athlon-pro-football-2017-steelers,nfl-books,nfl-books/text_all/athlon-pro-football-2017-steelers.txt,Athlon's 2017 Pro Football Preview | Steelers,2017,1,ocr-text,unread,unread,unread,,1055714,177425,1851,2021,2016,618,6,0,7,20,11,15,2,998,94,9,0,near-identical,athlon-pro-football-2017-49ers,0.998,20
pro-football-1971-c,nfl-books,nfl-books/text_all/pro-football-1971-c.txt,Pro Football 1971,1971,1,ocr-text,unread,unread,unread,,722243,122413,1854,2021,1970,806,0,0,1,36,6,31,0,948,421,1,81,,,,0
pro-football-1973-c,nfl-books,nfl-books/text_all/pro-football-1973-c.txt,Pro Football 1973,1973,1,ocr-text,commercial preview annual,statistics+roster-table,"read-2026-09-07-yearbooks (stratified sample n=56 of 2,462 post-1950 texts, seed 20260907)",0 'born' phrases in 423 KB,438755,73799,1854,2027,1972,383,0,0,1,16,1,6,0,1,119,13,138,,,,0
pro-football-almanac-1965-c,nfl-books,nfl-books/text_all/pro-football-almanac-1965-c.txt,Pro Football Almanac 1965,1965,1,ocr-text,unread,unread,unread,,188479,31305,1903,1999,1964,246,1,0,1,19,1,11,0,0,0,1,0,,,,0
pro-football-monthly-whos-who-in-football-1981-c,nfl-books,nfl-books/text_all/pro-football-monthly-whos-who-in-football-1981-c.txt,Pro Football Monthly: Who's Who In Football 1981,1981,1,ocr-text,unread,unread,unread,,183456,37628,1850,2019,1980,87,0,0,0,0,772,0,0,8,1,364,172,,,,0
pro-football-sports-special-1964-fall-c,nfl-books,nfl-books/text_all/pro-football-sports-special-1964-fall-c.txt,Pro Football Sports Special 1964,1964,1,ocr-text,unread,unread,unread,,194301,32618,1863,1984,1963,164,0,0,1,5,2,1,0,3,0,0,0,,,,0
street-smith-pro-football-yearbook-1976-ken-stabler-c,nfl-books,nfl-books/text_all/street-smith-pro-football-yearbook-1976-ken-stabler-c.txt,Street & Smith's 1976 Pro Football Preview,1976,1,ocr-text,unread,unread,unread,,742416,127928,1850,2026,1975,507,6,1,0,17,3,5,9,996,427,7,58,overlapping,street-smiths-1976-pro-football-preview-c,0.334,1
street-smith-pro-football-yearbook-1978-raiders,nfl-books,nfl-books/text_all/street-smith-pro-football-yearbook-1978-raiders.txt,Street & Smith's 1978 Pro Football Preview,1978,1,ocr-text,unread,unread,unread,,746041,130511,1852,2026,1977,505,1,0,0,9,4,6,2,1250,198,7,86,subset,street-smith-pro-football-yearbook-1978-bob-griese-c,0.708,2
street-smith-pro-football-yearbook-1995-chargers-cards,nfl-books,nfl-books/text_all/street-smith-pro-football-yearbook-1995-chargers-cards.txt,Street & Smith's 1995 Pro Football Preview,1995,1,ocr-text,unread,unread,unread,,799565,131822,1850,2010,1995,505,1,0,3,21,9,8,0,670,157,2,3,near-identical,street-smith-pro-football-yearbook-1995-dan-marino,0.999,2
street-smith-pro-football-yearbook-1988-ozzie-newsome-c,nfl-books,nfl-books/text_all/street-smith-pro-football-yearbook-1988-ozzie-newsome-c.txt,Street & Smith's 1988 Pro Football Preview,1988,1,ocr-text,unread,unread,unread,,734304,125426,1865,2027,1987,549,5,0,8,17,3,16,0,1337,119,2,103,overlapping,street-smith-pro-football-yearbook-1988-anthony-carter-c,0.331,4
street-smith-pro-football-yearbook-1989-bengals,nfl-books,nfl-books/text_all/street-smith-pro-football-yearbook-1989-bengals.txt,Street & Smith's 1989 Pro Football Preview,1989,1,ocr-text,unread,unread,unread,,713464,120888,1866,2002,1988,567,1,3,5,19,1,5,2,1082,152,4,84,near-identical,street-smith-pro-football-yearbook-1989-randall-cummingham,0.994,2
street-smith-pro-football-yearbook-1991-mark-carrier-c,nfl-books,nfl-books/text_all/street-smith-pro-football-yearbook-1991-mark-carrier-c.txt,Street & Smith's 1991 Pro Football Preview,1991,1,ocr-text,unread,unread,unread,,694112,117950,1850,2028,1990,507,2,1,6,24,5,7,2,743,75,2,272,,,,0
street-smith-pro-football-yearbook-1993-steve-young,nfl-books,nfl-books/text_all/street-smith-pro-football-yearbook-1993-steve-young.txt,Street & Smith's 1993 Pro Football Preview,1993,1,ocr-text,unread,unread,unread,,667705,113716,1869,2020,1993,521,0,0,0,20,1,8,1,579,103,1,362,near-identical,street-smith-pro-football-yearbook-1993-dan-marino,0.996,5
street-smith-pro-football-yearbook-1994-reggie-white-c,nfl-books,nfl-books/text_all/street-smith-pro-football-yearbook-1994-reggie-white-c.txt,Street & Smith's 1994 Pro Football Preview,1994,1,ocr-text,unread,unread,unread,,736842,123145,1855,2021,1994,558,3,0,5,19,5,9,0,342,199,1,170,near-identical,street-smith-pro-football-yearbook-1994-browns-redskins-c,0.996,3
athlon-pro-football-2017-texans,nfl-books,nfl-books/text_all/athlon-pro-football-2017-texans.txt,Athlon's 2017 Pro Football Preview | Texans,2017,1,ocr-text,unread,unread,unread,,1055782,177441,1851,2021,2016,618,6,0,7,20,11,15,2,998,94,9,0,near-identical,athlon-pro-football-2017-49ers,0.998,20
athlon-sports-pro-football-yearbook-1984-bears-c,nfl-books,nfl-books/text_all/athlon-sports-pro-football-yearbook-1984-bears-c.txt,Athlon's 1984 Pro Football Preview | Bears,1984,1,ocr-text,unread,unread,unread,,582463,101306,1857,2027,1983,438,1,0,1,27,3,11,0,159,474,4,1,overlapping,athlon-sports-pro-football-yearbook-1984-giants-jets-c,0.391,1
athlon-sports-pro-football-yearbook-2010-cardinals-c,nfl-books,nfl-books/text_all/athlon-sports-pro-football-yearbook-2010-cardinals-c.txt,Athlon's 2010 Pro Football Preview | Cardinals,2010,1,ocr-text,unread,unread,unread,,923295,155074,1855,2015,2010,566,1,0,7,11,5,13,3,1095,273,4,0,overlapping,athlon-sports-pro-football-yearbook-2010-titans-c,0.333,1
athlon-pro-football-2015-jets-giants,nfl-books,nfl-books/text_all/athlon-pro-football-2015-jets-giants.txt,Athlon's 2015 Pro Football Preview | Jets & Giants,2015,1,ocr-text,unread,unread,unread,,1013823,170677,1917,2020,2014,532,0,1,6,27,10,17,0,1737,294,16,18,near-identical,athlon-pro-football-2015-bills-c,0.997,12
athlon-pro-football-2017-patriots,nfl-books,nfl-books/text_all/athlon-pro-football-2017-patriots.txt,Athlon's 2017 Pro Football Preview | Patriots,2017,1,ocr-text,unread,unread,unread,,1055743,177430,1851,2021,2016,618,6,0,7,20,11,15,2,998,94,9,0,near-identical,athlon-pro-football-2017-bears,0.997,20
street-smith-pro-football-yearbook-1995-giants,nfl-books,nfl-books/text_all/street-smith-pro-football-yearbook-1995-giants.txt,Street & Smith's 1995 Pro Football Preview,1995,1,ocr-text,unread,unread,unread,,799545,131812,1850,2010,1995,505,1,0,3,21,9,8,0,670,157,2,3,near-identical,street-smith-pro-football-yearbook-1995-bears-lions,0.999,6
street-smith-pro-football-yearbook-1995-seahawks,nfl-books,nfl-books/text_all/street-smith-pro-football-yearbook-1995-seahawks.txt,Street & Smith's 1995 Pro Football Preview,1995,1,ocr-text,unread,unread,unread,,799513,131809,1850,2010,1995,505,1,0,3,21,9,8,0,670,157,2,3,near-identical,street-smith-pro-football-yearbook-1995-bears-lions,0.999,6
street-smith-pro-football-yearbook-1985-walter-payton-c,nfl-books,nfl-books/text_all/street-smith-pro-football-yearbook-1985-walter-payton-c.txt,Street & Smith's 1985 Pro Football Preview,1985,1,ocr-text,unread,unread,unread,,612235,106468,1860,2029,1984,472,8,0,2,12,2,8,0,968,189,3,267,subset,street-smith-pro-football-yearbook-1985-joe-montana,0.689,1
street-smith-pro-football-yearbook-1992-jim-harbaugh-c,nfl-books,nfl-books/text_all/street-smith-pro-football-yearbook-1992-jim-harbaugh-c.txt,Street & Smith's 1992 Pro Football Preview,1992,1,ocr-text,unread,unread,unread,,681911,116094,1861,2002,1992,521,6,0,2,26,5,13,0,887,114,0,355,overlapping,street-smith-pro-football-yearbook-1992-redskins,0.477,1
sports-illustrated-2018-08-27-nfl-preview-eagles,nfl-books,nfl-books/text_all/sports-illustrated-2018-08-27-nfl-preview-eagles.txt,Sports Illustrated: 2018-08-27 | 2018 NFL Football Preview,2018,1,ocr-text,unread,unread,unread,,267593,44167,1867,2028,2018,83,12,2,4,8,0,7,0,1,0,5,0,near-identical,sports-illustrated-2018-08-27-nfl-preview-colts,1.0,2
fantasy-football-draft-book-2016-c,nfl-books,nfl-books/text_all/fantasy-football-draft-book-2016-c.txt,Fantasy Football Draft Book 2016,2016,1,ocr-text,unread,unread,unread,,768393,142988,1852,2028,2015,245,1,0,8,8,1,1,0,192,62,7,6,,,,0
cord-sportfacts-pro-football-guide-1974-c,nfl-books,nfl-books/text_all/cord-sportfacts-pro-football-guide-1974-c.txt,Cord SportsFacts Pro Football 1974 Annual Preview,1974,1,ocr-text,unread,unread,unread,,441194,75693,1853,2008,1973,386,1,0,0,7,3,3,6,7,1,5,24,,,,0
sports-stars-of-1970-pro-football-1970-winter-c,nfl-books,nfl-books/text_all/sports-stars-of-1970-pro-football-1970-winter-c.txt,Sports Stars 1970 Pro Football Preview,1970,1,ocr-text,unread,unread,unread,,273032,45152,1854,1990,1969,262,0,0,0,5,4,1,9,1,3,9,67,,,,0
sports-all-stars-football-1958-c,nfl-books,nfl-books/text_all/sports-all-stars-football-1958-c.txt,Sports All Stars Football 1958,1958,1,ocr-text,unread,unread,unread,,227156,38018,1930,1959,1958,187,3,0,0,18,0,15,0,0,0,0,0,,,,0
don-heinrichs-pro-preview-1988-c,nfl-books,nfl-books/text_all/don-heinrichs-pro-preview-1988-c.txt,Don Heinrich's Pro Preview/88,1988,1,ocr-text,unread,unread,unread,,1021430,173700,1851,2022,1987,603,8,0,5,5,6,4,2,94,20,4,0,overlapping,don-heinrichs-pro-preview-1988-neil-lomax,0.387,1
american-league-football-guide-1965-c,nfl-books,nfl-books/text_all/american-league-football-guide-1965-c.txt,American League Football Guide 1965,1965,1,ocr-text,unread,unread,unread,,468848,75470,1876,2022,1961,514,0,0,2,19,8,9,1,1,28,35,113,,,,0
whos-who-in-football-1964-c,nfl-books,nfl-books/text_all/whos-who-in-football-1964-c.txt,Who's Who In Football 1964,1964,1,ocr-text,unread,unread,unread,,189188,31276,1863,2026,1963,383,0,0,0,42,1,3,0,0,0,4,0,,,,0
true-magazine-football-yearbook-1959-c,nfl-books,nfl-books/text_all/true-magazine-football-yearbook-1959-c.txt,True Magazine Football Yearbook 1959,1959,1,ocr-text,unread,unread,unread,,246295,41132,1869,1965,1958,326,3,0,0,82,0,8,0,0,0,0,0,,,,0
petersens-pro-football-1979-c,nfl-books,nfl-books/text_all/petersens-pro-football-1979-c.txt,Petersen's Pro Football 1979,1979,1,ocr-text,unread,unread,unread,,646693,106506,1882,2002,1978,419,3,0,0,10,9,10,0,191,628,10,24,,,,0
the-sporting-news-pro-football-preview-2002-c,nfl-books,nfl-books/text_all/the-sporting-news-pro-football-preview-2002-c.txt,The Sporting News 2002 Pro Football Yearbook | Cowboys cover,2002,1,ocr-text,unread,unread,unread,,1070477,175513,1869,2004,2001,585,3,0,11,9,6,2,0,477,4,2,0,,,,0
street-smith-1983-pro-football-yearbook-joe-theismann-c,nfl-books,nfl-books/text_all/street-smith-1983-pro-football-yearbook-joe-theismann-c.txt,Street & Smith's 1983 Pro Football Preview,1983,1,ocr-text,unread,unread,unread,,821059,139507,1869,2025,1983,652,1,0,2,8,2,8,1,1427,241,3,95,overlapping,street-smith-pro-football-yearbook-1983-a.-j.-duhe-c,0.396,3
street-smith-pro-football-yearbook-1971-cowboys-c,nfl-books,nfl-books/text_all/street-smith-pro-football-yearbook-1971-cowboys-c.txt,Street & Smith's 1971 Pro Football Preview,1971,1,ocr-text,unread,unread,unread,,581325,100431,1862,2019,1970,430,1,0,2,29,6,6,12,1022,362,3,25,near-identical,street-smith-pro-football-yearbook-1971-colts,0.999,1
street-smith-pro-football-yearbook-1972-dolphins,nfl-books,nfl-books/text_all/street-smith-pro-football-yearbook-1972-dolphins.txt,Street & Smith's 1972 Pro Football Preview,1972,1,ocr-text,unread,unread,unread,,617289,106833,1854,2009,1971,418,3,0,1,27,4,5,12,812,232,5,63,overlapping,street-smith-pro-football-yearbook-1972-cowboys-c,0.389,1
street-smith-pro-football-yearbook-1981-buffalo-philly,nfl-books,nfl-books/text_all/street-smith-pro-football-yearbook-1981-buffalo-philly.txt,Street & Smith's 1981 Pro Football Preview,1981,1,ocr-text,unread,unread,unread,,793986,135799,1850,2012,1980,677,1,0,0,10,3,5,0,1492,226,15,161,near-identical,street-smith-pro-football-yearbook-1981-raiders-seahawks,0.999,1
street-smith-pro-football-yearbook-1988-jerry-rice,nfl-books,nfl-books/text_all/street-smith-pro-football-yearbook-1988-jerry-rice.txt,Street & Smith's 1988 Pro Football Preview,1988,1,ocr-text,unread,unread,unread,,705654,120661,1869,2023,1987,549,5,0,8,17,3,16,0,1298,170,1,246,near-identical,street-smith-1988-pro-football-yearbook-doug-williams-c,0.997,3
street-smith-pro-football-yearbook-1988-warren-moon,nfl-books,nfl-books/text_all/street-smith-pro-football-yearbook-1988-warren-moon.txt,Street & Smith's 1988 Pro Football Preview,1988,1,ocr-text,unread,unread,unread,,667279,114807,1869,2025,1987,541,5,0,6,15,3,16,0,1032,80,3,202,overlapping,street-smith-pro-football-yearbook-1988-anthony-carter-c,0.345,4
street-smith-pro-football-yearbook-1989-roger-craig-c,nfl-books,nfl-books/text_all/street-smith-pro-football-yearbook-1989-roger-craig-c.txt,Street & Smith's 1989 Pro Football Preview,1989,1,ocr-text,unread,unread,unread,,713651,120936,1866,2002,1988,567,1,3,5,19,1,5,2,1082,152,4,84,near-identical,street-smith-pro-football-yearbook-1989-bengals,0.995,2
joe-theismanns-pro-football-yearbook-95-giants-c,nfl-books,nfl-books/text_all/joe-theismanns-pro-football-yearbook-95-giants-c.txt,Joe Theismann's Pro Football Yearbook 1995,1995,1,ocr-text,unread,unread,unread,,650362,109438,1852,2026,1994,410,3,0,5,15,6,19,0,132,62,3,36,,,,0
pro-football-magazine-1971-c,nfl-books,nfl-books/text_all/pro-football-magazine-1971-c.txt,"Pro Football magazine, 1971",1971,1,ocr-text,unread,unread,unread,,259313,43283,1914,1979,1970,137,1,0,0,5,6,2,10,1,0,0,0,,,,0
pro-football-83-by-bear-kirow-1983-c,nfl-books,nfl-books/text_all/pro-football-83-by-bear-kirow-1983-c.txt,Pro Football '83,1983,1,ocr-text,unread,unread,unread,,127017,21090,1861,1983,1982,158,0,0,0,6,2,4,0,0,1,2,28,,,,0
preview-sports-pro-football-2000-rams-c,nfl-books,nfl-books/text_all/preview-sports-pro-football-2000-rams-c.txt,Preview Sport's 2000 Pro Football Preview,2000,1,ocr-text,unread,unread,unread,,955549,167168,1866,2015,1999,625,2,1,3,10,6,16,0,10,1648,115,202,,,,0
petersens-pro-football-1964-c,nfl-books,nfl-books/text_all/petersens-pro-football-1964-c.txt,Petersen's Pro Football 1964,1964,1,ocr-text,unread,unread,unread,,565606,94936,1855,2026,1963,436,3,0,0,35,3,10,0,8,114,2,40,,,,0
espn-fantasy-football-july-2014-c,nfl-books,nfl-books/text_all/espn-fantasy-football-july-2014-c.txt,ESPN Fantasy Football 2014,2014,1,ocr-text,unread,unread,unread,,474977,82922,1960,2018,2013,91,1,0,8,5,3,2,0,8,1,7,0,,,,0
true-magazine-football-yearbook-1958-c,nfl-books,nfl-books/text_all/true-magazine-football-yearbook-1958-c.txt,True Magazine Football Yearbook 1958,1958,1,ocr-text,unread,unread,unread,,256855,43375,1887,1960,1957,326,1,0,0,75,0,11,0,0,0,1,0,,,,0
jim-feists-1987-football-annual-c,nfl-books,nfl-books/text_all/jim-feists-1987-football-annual-c.txt,Jim Feist's 1987 Football Preview,1987,1,ocr-text,unread,unread,unread,,932398,157420,1887,1994,1986,343,2,0,3,106,5,8,0,0,25,266,619,,,,0
sports-forecast-pro-football-issue-1959-cv-2,nfl-books,nfl-books/text_all/sports-forecast-pro-football-issue-1959-cv-2.txt,Sports Forecast Pro Football Issue 1959,1959,1,ocr-text,unread,unread,unread,,433813,72018,1866,2023,1958,305,0,0,0,18,1,12,11,5,90,0,102,,,,0
sports-illustrated-2010-09-06-jets,nfl-books,nfl-books/text_all/sports-illustrated-2010-09-06-jets.txt,Sports Illustrated: 2010-09-06 | 2010 NFL Football Preview,2010,1,ocr-text,unread,unread,unread,,430670,70740,1875,2012,2009,234,18,0,7,11,1,5,0,2,3,1,1,near-identical,sports-illustrated-2010-09-06-chargers,1.0,3
street-smith-pro-football-yearbook-1975-cardinals-c,nfl-books,nfl-books/text_all/street-smith-pro-football-yearbook-1975-cardinals-c.txt,Street & Smith's 1975 Pro Football Preview,1975,1,ocr-text,unread,unread,unread,,641946,111757,1860,2014,1974,424,4,0,0,8,4,4,7,723,221,12,77,near-identical,street-smith-pro-football-yearbook-1975-rams,0.998,1
street-smith-pro-football-yearbook-1982-49ers,nfl-books,nfl-books/text_all/street-smith-pro-football-yearbook-1982-49ers.txt,Street & Smith's 1982 Pro Football Preview,1982,1,ocr-text,unread,unread,unread,,783875,131941,1859,2017,1981,650,2,0,4,19,4,7,2,697,196,5,235,near-identical,street-smith-pro-football-yearbook-1982-giants,0.998,2
street-smith-pro-football-yearbook-1990-joe-montana-c,nfl-books,nfl-books/text_all/street-smith-pro-football-yearbook-1990-joe-montana-c.txt,Street & Smith's 1990 Pro Football Preview,1990,1,ocr-text,unread,unread,unread,,787718,133641,1853,2002,1989,494,5,0,7,28,3,13,1,1275,93,4,48,,,,0
street-smith-pro-football-yearbook-2001-giants,nfl-books,nfl-books/text_all/street-smith-pro-football-yearbook-2001-giants.txt,Street & Smith's 2001 Pro Football Preview,2001,1,ocr-text,unread,unread,unread,,600266,96827,1860,2029,2000,438,0,0,7,15,12,2,0,418,38,5,191,overlapping,street-smith-pro-football-yearbook-2001-brian-urlacher-c,0.305,1
street-smiths-1976-pro-football-preview-c,nfl-books,nfl-books/text_all/street-smiths-1976-pro-football-preview-c.txt,Street & Smith's 1976 Pro Football Preview,1976,1,ocr-text,unread,unread,unread,,771716,134098,1850,2026,1975,496,6,1,0,17,4,5,9,766,276,7,48,overlapping,street-smith-pro-football-yearbook-1976-ken-stabler-c,0.332,2
petersens-pro-football-1981-c,nfl-books,nfl-books/text_all/petersens-pro-football-1981-c.txt,Petersen's Pro Football 1981,1981,1,ocr-text,unread,unread,unread,,655766,108952,1850,2028,1980,505,1,1,0,6,4,9,1,12,61,8,9,,,,0
nfl-prolog-1977-colts-c,nfl-books,nfl-books/text_all/nfl-prolog-1977-colts-c.txt,NFL ProLog 1977 Football Preview,1977,1,ocr-text,unread,unread,unread,,449087,77772,1865,2000,1976,602,0,0,4,5,3,4,0,2,44,57,136,,,,0
nfl-prolog-1987,nfl-books,nfl-books/text_all/nfl-prolog-1987.txt,NFL ProLog 1987 Football Preview,1987,1,ocr-text,unread,unread,unread,,467381,78381,1900,2012,1986,718,0,0,1,2,1,3,2,3,11,2,0,,,,0
the-sporting-news-football-register-1987-9780892042487,nfl-books,nfl-books/text_all/the-sporting-news-football-register-1987-9780892042487.txt,The Sporting News Football Register 1987,1987,1,ocr-text,unread,unread,unread,,1957339,302953,1850,2021,1986,3193,19,0,0,878,1622,1214,3410,8,884,533,0,,,,0
sports-quarterly-pros-football-1964-c,nfl-books,nfl-books/text_all/sports-quarterly-pros-football-1964-c.txt,Sports Quarterly Pros Football 1964,1964,1,ocr-text,unread,unread,unread,,226467,37778,1855,2026,1963,309,0,0,1,7,0,0,1,0,2,17,161,,,,0
street-smith-pro-football-yearbook-1974-bills,nfl-books,nfl-books/text_all/street-smith-pro-football-yearbook-1974-bills.txt,Street & Smith's 1974 Pro Football Preview,1974,1,ocr-text,unread,unread,unread,,669219,115724,1860,2021,1973,459,2,0,1,18,4,5,15,949,361,5,31,near-identical,street-smith-pro-football-yearbook-1974-rams,0.999,1
street-smith-pro-football-yearbook-1974-cowboys-c,nfl-books,nfl-books/text_all/street-smith-pro-football-yearbook-1974-cowboys-c.txt,Street & Smith's 1974 Pro Football Preview,1974,1,ocr-text,unread,unread,unread,,669146,115719,1860,2021,1973,459,2,0,1,18,4,5,15,949,361,5,31,,,,0
street-smith-pro-football-yearbook-1995-troy-aikman,nfl-books,nfl-books/text_all/street-smith-pro-football-yearbook-1995-troy-aikman.txt,Street & Smith's 1995 Pro Football Preview,1995,1,ocr-text,unread,unread,unread,,799515,131816,1850,2010,1995,505,1,0,3,21,9,8,0,670,157,2,3,near-identical,street-smith-pro-football-yearbook-1995-bears-lions,0.999,6
street-smith-pro-football-yearbook-1995-washington-redskins,nfl-books,nfl-books/text_all/street-smith-pro-football-yearbook-1995-washington-redskins.txt,Street & Smith's 1995 Pro Football Preview,1995,1,ocr-text,unread,unread,unread,,799596,131815,1850,2010,1995,505,1,0,3,21,9,8,0,670,157,2,3,near-identical,street-smith-pro-football-yearbook-1995-bears-lions,0.999,6
street-smith-pro-football-yearbook-1998-giants-jets-c,nfl-books,nfl-books/text_all/street-smith-pro-football-yearbook-1998-giants-jets-c.txt,Street & Smith's 1998 Pro Football Preview | Giants & Jets,1998,1,ocr-text,unread,unread,unread,,608517,100032,1880,2021,1998,433,0,0,5,7,10,3,4,607,41,21,79,,,,0
street-smith-pro-football-yearbook-1994-patriots-seahawks-c,nfl-books,nfl-books/text_all/street-smith-pro-football-yearbook-1994-patriots-seahawks-c.txt,Street & Smith's 1994 Pro Football Preview,1994,1,ocr-text,unread,unread,unread,,736650,123118,1855,2021,1994,558,3,0,5,19,5,9,0,342,199,1,170,near-identical,street-smith-pro-football-yearbook-1994-browns-redskins-c,0.996,3
sports-review-football-1955-c,nfl-books,nfl-books/text_all/sports-review-football-1955-c.txt,Sports Review College & Pro Football 1955,1955,1,ocr-text,unread,unread,unread,,455985,75537,1869,1962,1954,412,0,0,4,140,5,11,0,2,4,2,0,,,,0
sports-focus-football-issue-detroit-liions-1973-c,nfl-books,nfl-books/text_all/sports-focus-football-issue-detroit-liions-1973-c.txt,Sports Focus Football Issue Detroit Lions 1973,1973,1,ocr-text,unread,unread,unread,,214285,36927,1855,2027,1972,118,0,0,0,5,0,1,0,327,75,16,11,,,,0
street-smith-pro-football-yearbook-1995-elway-hostetler-c,nfl-books,nfl-books/text_all/street-smith-pro-football-yearbook-1995-elway-hostetler-c.txt,Street & Smith's 1995 Pro Football Preview,1995,1,ocr-text,unread,unread,unread,,799669,131828,1850,2010,1995,505,1,0,3,21,9,8,0,670,157,2,3,near-identical,street-smith-pro-football-yearbook-1995-chargers-cards,0.998,2
street-smith-pro-football-yearbook-1996-bears-lions-c,nfl-books,nfl-books/text_all/street-smith-pro-football-yearbook-1996-bears-lions-c.txt,Street & Smith's 1996 Pro Football Preview,1996,1,ocr-text,unread,unread,unread,,822912,134183,1859,2021,1996,550,2,0,14,13,7,10,0,1073,150,6,7,overlapping,street-smith-pro-football-yearbook-1996-giants,0.317,1
street-smith-pro-football-yearbook-1982-giants,nfl-books,nfl-books/text_all/street-smith-pro-football-yearbook-1982-giants.txt,Street & Smith's 1982 Pro Football Preview,1982,1,ocr-text,unread,unread,unread,,783875,131941,1859,2017,1981,650,2,0,4,19,4,7,2,697,196,5,235,near-identical,street-smith-pro-football-yearbook-1982-49ers,0.998,2
lindys-fantasy-football-2017-cowboys,nfl-books,nfl-books/text_all/lindys-fantasy-football-2017-cowboys.txt,Lindy's Fantasy Football 2017 | Cowboys,2017,1,ocr-text,unread,unread,unread,,649377,109807,1853,2018,2016,257,0,0,2,6,223,1,0,212,39,9,40,,,,0
lindys-pro-football-1990-preview-v-04-giants-jets-c,nfl-books,nfl-books/text_all/lindys-pro-football-1990-preview-v-04-giants-jets-c.txt,Lindy's Pro Football 1990 Preview | Giants/Jets,1990,1,ocr-text,unread,unread,unread,,834834,140165,1873,2029,1989,650,1,0,5,32,3,11,14,4,8,9,0,,,,0
fantasy-football-92-special-draft-issue-c,nfl-books,nfl-books/text_all/fantasy-football-92-special-draft-issue-c.txt,Fantasy Football '92 Special Draft Issue,1992,1,ocr-text,unread,unread,unread,,637153,109322,1861,2024,1990,637,0,0,2,21,3,2,0,6,35,40,108,,,,0
the-sporting-news-football-register-1985-9780892041886,nfl-books,nfl-books/text_all/the-sporting-news-football-register-1985-9780892041886.txt,The Sporting News Football Register 1985,1985,1,ocr-text,unread,unread,unread,,1898250,287423,1850,2029,1984,3134,18,0,0,944,1822,1341,3665,4,979,656,4,,,,0
the-sporting-news-pro-football-guide-1997,nfl-books,nfl-books/text_all/the-sporting-news-pro-football-guide-1997.txt,The Sporting News Pro Football Guide 1997,1997,1,ocr-text,unread,unread,unread,,1989977,284845,1852,2021,1996,1873,1,0,3,9,3,0,0,61,372,26,141,,,,0
the-sporting-news-pro-football-preview-1991-torn-pages-c,nfl-books,nfl-books/text_all/the-sporting-news-pro-football-preview-1991-torn-pages-c.txt,The Sporting News 1991 Pro Football Yearbook ##Incomplete##,1991,1,ocr-text,unread,unread,unread,,776071,125451,1876,2008,1990,495,1,0,7,13,6,2,1,8,101,3,49,,,,0
athlon-sports-fantasy-football-2025-eagles,nfl-books,nfl-books/text_all/athlon-sports-fantasy-football-2025-eagles.txt,Athlon Sports Fantasy Football 2025 | Eagles,2025,1,ocr-text,unread,unread,unread,,622994,113029,1854,2029,2024,153,0,0,6,15,8,2,0,19,160,5,0,near-identical,athlon-sports-fantasy-football-2025-bengals,0.999,1
sports-review-football-1954-c,nfl-books,nfl-books/text_all/sports-review-football-1954-c.txt,Sports Review College & Pro Football 1954,1954,1,ocr-text,unread,unread,unread,,377605,64599,1853,2029,1954,329,4,0,0,120,0,13,0,24,1,0,3,,,,0
sports-stars-of-1969-pro-football-1969-winter-c,nfl-books,nfl-books/text_all/sports-stars-of-1969-pro-football-1969-winter-c.txt,Sports Stars 1969 Pro Football Preview,1969,1,ocr-text,unread,unread,unread,,219711,37798,1856,2000,1968,142,0,0,0,4,1,1,0,0,0,6,5,,,,0
sports-illustrated-1995-09-04-nfl-preview-c,nfl-books,nfl-books/text_all/sports-illustrated-1995-09-04-nfl-preview-c.txt,Sports Illustrated: 1995-09-04 | NFL Preview,1995,1,ocr-text,unread,unread,unread,,329489,54599,1850,1998,1995,156,22,1,4,12,2,4,10,0,1,1,4,,,,0
street-smith-pro-football-yearbook-1983-a.-j.-duhe-c,nfl-books,nfl-books/text_all/street-smith-pro-football-yearbook-1983-a.-j.-duhe-c.txt,Street & Smith's 1983 Pro Football Preview,1983,1,ocr-text,unread,unread,unread,,819085,139795,1853,2025,1983,652,1,0,2,8,1,8,1,1410,206,3,109,overlapping,street-smith-1983-pro-football-yearbook-joe-theismann-c,0.41,3
street-smith-pro-football-yearbook-1989-morten-anderson,nfl-books,nfl-books/text_all/street-smith-pro-football-yearbook-1989-morten-anderson.txt,Street & Smith's 1989 Pro Football Preview,1989,1,ocr-text,unread,unread,unread,,713370,120867,1866,2002,1988,567,1,3,5,19,1,5,2,1082,152,4,84,near-identical,street-smith-pro-football-yearbook-1989-herschell-walker,0.999,4
street-smith-pro-football-yearbook-1995-dan-marino,nfl-books,nfl-books/text_all/street-smith-pro-football-yearbook-1995-dan-marino.txt,Street & Smith's 1995 Pro Football Preview,1995,1,ocr-text,unread,unread,unread,,799560,131822,1850,2010,1995,505,1,0,3,21,9,8,0,670,157,2,3,near-identical,street-smith-pro-football-yearbook-1995-chargers-cards,0.999,2
street-smith-pro-football-yearbook-1997-eagles-steelers,nfl-books,nfl-books/text_all/street-smith-pro-football-yearbook-1997-eagles-steelers.txt,Street & Smith's 1997 Pro Football Preview,1997,1,ocr-text,unread,unread,unread,,675173,112696,1861,2027,1997,443,0,0,3,20,4,5,0,888,122,5,170,near-identical,street-smith-pro-football-yearbook-1997-jags,1.0,1
street-smith-pro-football-yearbook-2018-patriots,nfl-books,nfl-books/text_all/street-smith-pro-football-yearbook-2018-patriots.txt,Street & Smith's 2018 Pro Football Preview | Patriots,2018,1,ocr-text,unread,unread,unread,,832642,144877,1860,2025,2017,490,3,0,7,14,8,3,0,508,84,11,338,near-identical,street-smith-pro-football-yearbook-2018-colts-bengals-c,0.997,1
petersens-pro-football-1973-annual-v-13-cv-2,nfl-books,nfl-books/text_all/petersens-pro-football-1973-annual-v-13-cv-2.txt,Petersen's Pro Football 1973 Annual,1973,1,ocr-text,unread,unread,unread,,743531,121900,1891,2006,1972,461,9,0,4,42,3,15,0,26,140,1,10,,,,0
usa-today-fantasy-football-guide-2022-2022-08-04-c,nfl-books,nfl-books/text_all/usa-today-fantasy-football-guide-2022-2022-08-04-c.txt,USA Today Fantasy Football Guide 2022,2022,1,ocr-text,unread,unread,unread,,356916,69394,1854,2028,2021,91,0,0,6,4,1,1,0,79,178,48,337,,,,0
nfl-pro-log-1985-walter-payton-b,nfl-books,nfl-books/text_all/nfl-pro-log-1985-walter-payton-b.txt,NFL ProLog 1985 Football Preview,1985,1,ocr-text,unread,unread,unread,,458480,75987,1922,1986,1984,637,1,1,1,6,7,5,0,0,7,9,0,,,,0
the-sporting-news-pro-football-2008-colts-c,nfl-books,nfl-books/text_all/the-sporting-news-pro-football-2008-colts-c.txt,The Sporting News 2008 Pro Football Yearbook | Colts cover,2008,1,ocr-text,unread,unread,unread,,1008657,171149,1871,2021,1983,525,4,0,8,19,4,1,1,900,38,3,519,,,,0
street-smith-1988-pro-football-yearbook-doug-williams-c,nfl-books,nfl-books/text_all/street-smith-1988-pro-football-yearbook-doug-williams-c.txt,Street & Smith's 1988 Pro Football Preview,1988,1,ocr-text,unread,unread,unread,,705791,120683,1869,2023,1987,549,5,0,8,17,3,16,0,1298,170,1,246,near-identical,street-smith-pro-football-yearbook-1988-jerry-rice,0.996,3
street-smith-pro-football-yearbook-1983-raiders,nfl-books,nfl-books/text_all/street-smith-pro-football-yearbook-1983-raiders.txt,Street & Smith's 1983 Pro Football Preview,1983,1,ocr-text,unread,unread,unread,,779448,132609,1869,2029,1983,637,2,0,2,8,3,8,0,931,112,2,92,overlapping,street-smith-1983-pro-football-yearbook-joe-theismann-c,0.364,3
street-smith-pro-football-yearbook-1997-patriots,nfl-books,nfl-books/text_all/street-smith-pro-football-yearbook-1997-patriots.txt,Street & Smith's 1997 Pro Football Preview,1997,1,ocr-text,unread,unread,unread,,675009,112672,1861,2027,1997,443,0,0,3,20,4,5,0,888,122,5,170,overlapping,street-smith-pro-football-yearbook-1997-bears-colts-c,0.311,2
street-smith-pro-football-yearbook-1998-redskins-ravens,nfl-books,nfl-books/text_all/street-smith-pro-football-yearbook-1998-redskins-ravens.txt,Street & Smith's 1998 Pro Football Preview | Redskins & Ravens,1998,1,ocr-text,unread,unread,unread,,608518,100033,1880,2021,1998,433,0,0,5,7,10,3,4,607,41,21,79,near-identical,street-smith-pro-football-yearbook-1998-packers-lions-vikings-bears,0.995,1
the-sporting-news-pro-football-2007-colts-titans-c,nfl-books,nfl-books/text_all/the-sporting-news-pro-football-2007-colts-titans-c.txt,The Sporting News 2007 Pro Football Yearbook | Colts cover,2007,1,ocr-text,unread,unread,unread,,1247431,205251,1886,2009,2006,490,12,1,5,12,12,3,3,1047,384,3,0,,,,0
the-sporting-news-pro-football-guide-1995,nfl-books,nfl-books/text_all/the-sporting-news-pro-football-guide-1995.txt,The Sporting News Pro Football Guide 1995,1995,1,ocr-text,unread,unread,unread,,1770105,257275,1852,2021,1994,2191,0,0,0,8,2,2,0,349,645,34,518,,,,0
the-sporting-news-pro-football-guide-1998,nfl-books,nfl-books/text_all/the-sporting-news-pro-football-guide-1998.txt,The Sporting News Pro Football Guide 1998,1998,1,ocr-text,unread,unread,unread,,2023762,285496,1852,2028,1997,1880,1,0,2,8,3,2,5,268,463,31,206,,,,0
street-smith-pro-football-yearbook-1994-new-york-giants-c,nfl-books,nfl-books/text_all/street-smith-pro-football-yearbook-1994-new-york-giants-c.txt,Street & Smith's 1994 Pro Football Preview,1994,1,ocr-text,unread,unread,unread,,736937,123162,1855,2021,1994,558,3,0,5,19,5,9,0,342,199,1,170,,,,0
athlon-sports-fantasy-football-2023-c,nfl-books,nfl-books/text_all/athlon-sports-fantasy-football-2023-c.txt,Athlon Sports Fantasy Football 2023,2023,1,ocr-text,unread,unread,unread,,646514,114276,1854,2026,2022,144,0,0,17,18,3,2,1,39,1,7,1,,,,0
the-sporting-news-pro-football-yearbook-1989-bears-c,nfl-books,nfl-books/text_all/the-sporting-news-pro-football-yearbook-1989-bears-c.txt,The Sporting News 1989 Pro Football Yearbook,1989,1,ocr-text,unread,unread,unread,,893328,142555,1880,2002,1988,511,10,0,8,15,4,13,0,0,79,11,11,overlapping,the-sporting-news-pro-football-yearbook-1989-bengals-c,0.425,2
the-sporting-news-pro-football-guide-2000,nfl-books,nfl-books/text_all/the-sporting-news-pro-football-guide-2000.txt,The Sporting News Pro Football Guide 2000,2000,1,ocr-text,unread,unread,unread,,1995309,289546,1852,2024,1999,2312,2,0,2,8,4,2,0,345,575,30,337,,,,0
street-smith-pro-football-yearbook-2000-randy-moss-c,nfl-books,nfl-books/text_all/street-smith-pro-football-yearbook-2000-randy-moss-c.txt,Street & Smith's 2000 Pro Football Preview,2000,1,ocr-text,unread,unread,unread,,324230,53341,1875,2008,2000,259,2,0,3,11,2,8,0,91,29,3,40,,,,0
street-smith-pro-football-yearbook-2018-colts-bengals-c,nfl-books,nfl-books/text_all/street-smith-pro-football-yearbook-2018-colts-bengals-c.txt,Street & Smith's 2018 Pro Football Preview | Colts & Bengals,2018,1,ocr-text,unread,unread,unread,,832521,144811,1860,2025,2017,490,3,0,7,14,8,3,0,508,84,11,338,near-identical,street-smith-pro-football-yearbook-2018-patriots,0.997,1
street-smiths-1982-pro-football-preview-c,nfl-books,nfl-books/text_all/street-smiths-1982-pro-football-preview-c.txt,Street & Smith's 1982 Pro Football Preview,1982,1,ocr-text,unread,unread,unread,,858646,145863,1858,2018,1981,657,1,0,4,19,4,8,0,1433,238,7,110,overlapping,street-smith-pro-football-yearbook-1982-cowboys,0.316,3
street-smith-pro-football-yearbook-1972-cowboys-c,nfl-books,nfl-books/text_all/street-smith-pro-football-yearbook-1972-cowboys-c.txt,Street & Smith's 1972 Pro Football Preview,1972,1,ocr-text,unread,unread,unread,,656635,113852,1860,2022,1971,420,2,0,1,27,7,6,14,1178,395,4,40,overlapping,street-smith-pro-football-yearbook-1972-dolphins,0.353,1
the-sporting-news-pro-football-preview-1988-redskins-c,nfl-books,nfl-books/text_all/the-sporting-news-pro-football-preview-1988-redskins-c.txt,The Sporting News 1988 Pro Football Yearbook,1988,1,ocr-text,unread,unread,unread,,818030,135729,1865,2027,1988,608,1,0,3,30,5,12,0,206,24,8,73,near-identical,the-sporting-news-pro-football-preview-1988-49ers,1.0,1
the-sporting-news-pro-football-2011-colts-c,nfl-books,nfl-books/text_all/the-sporting-news-pro-football-2011-colts-c.txt,The Sporting News 2011 Pro Football Yearbook | Colts cover,2011,1,ocr-text,unread,unread,unread,,885552,149969,1851,2024,2010,521,4,0,4,13,8,6,0,916,345,7,460,,,,0
the-sporting-news-pro-football-preview-1994-raiders-c,nfl-books,nfl-books/text_all/the-sporting-news-pro-football-preview-1994-raiders-c.txt,The Sporting News 1994 Pro Football Yearbook,1994,1,ocr-text,unread,unread,unread,,1032773,172810,1854,2018,1994,530,2,2,8,20,5,12,0,946,160,5,24,,,,0
the-sporting-news-pro-football-preview-1987-browns-bengals-c,nfl-books,nfl-books/text_all/the-sporting-news-pro-football-preview-1987-browns-bengals-c.txt,The Sporting News 1987 Pro Football Yearbook,1987,1,ocr-text,unread,unread,unread,,787621,131893,1863,2007,1987,466,0,0,8,18,3,7,0,298,13,12,35,,,,0
the-sporting-news-pro-football-preview-1986-bears-c,nfl-books,nfl-books/text_all/the-sporting-news-pro-football-preview-1986-bears-c.txt,The Sporting News 1986 Pro Football Yearbook,1986,1,ocr-text,commercial preview annual,roster-table+statistics,"read-2026-09-07-yearbooks (stratified sample n=56 of 2,462 post-1950 texts, seed 20260907)",854 roster lines carrying No/Name/Pos/Ht/Wt/Exp/BIRTHDATE/College; 2 'born' phrases in 716 KB,734014,126603,1851,2000,1986,449,0,0,4,17,3,15,0,703,130,8,33,,,,0
2025-11-23-new-england-patriots-at-cincinnati-bengals-game-program-c,nfl-books,nfl-books/text_all/2025-11-23-new-england-patriots-at-cincinnati-bengals-game-program-c.txt,GameDay! magazine | 2025-11-23 | Bengals vs. Patriots,2025,1,ocr-text,unread,unread,unread,,57602,9251,1851,2025,2025,15,0,0,0,2,2,2,1,102,2,0,0,overlapping,2025-10-26-new-york-jets-at-cincinnati-bengals-game-program-c,0.562,4
philadelphia-eagles-yearbook-2003-cv-2,nfl-books,nfl-books/text_all/philadelphia-eagles-yearbook-2003-cv-2.txt,Philadelphia Eagles Yearbook 2003,2003,1,ocr-text,unread,unread,unread,,237317,37238,1916,2008,2002,79,0,0,0,18,1,10,0,0,4,0,0,,,,0
2025-11-02-chicago-bears-at-cincinnati-bengals-game-program-c,nfl-books,nfl-books/text_all/2025-11-02-chicago-bears-at-cincinnati-bengals-game-program-c.txt,GameDay! magazine | 2025-11-02 | Bengals vs. Bears,2025,1,ocr-text,unread,unread,unread,,57621,9198,1851,2026,2025,15,0,0,1,3,2,2,1,97,2,1,0,overlapping,2025-09-14-jacksonville-jaguars-at-cincinnati-bengals-game-program-c,0.371,3
detroit-lions-yearbook-1991-cv-2,nfl-books,nfl-books/text_all/detroit-lions-yearbook-1991-cv-2.txt,Detroit Lions Yearbook 1991,1991,1,ocr-text,unread,unread,unread,,128051,20836,1906,1992,1991,110,0,0,1,8,25,11,0,0,1,0,3,,,,0
49ers-report-1996-09-09-v-11.23-c,nfl-books,nfl-books/text_all/49ers-report-1996-09-09-v-11.23-c.txt,"49ers Report V11.23: September 9, 1996",1996,1,ocr-text,unread,unread,unread,,71266,12544,1852,1997,1996,39,0,0,0,3,0,3,0,6,0,6,7,,,,0
detroit-lions-yearbook-2003-cv-2,nfl-books,nfl-books/text_all/detroit-lions-yearbook-2003-cv-2.txt,Detroit Lions Yearbook 2003,2003,1,ocr-text,unread,unread,unread,,124029,19091,1882,2006,2003,33,0,0,0,12,48,6,0,0,2,1,0,,,,0
cleveland-browns-yearbook-2000-cv-2,nfl-books,nfl-books/text_all/cleveland-browns-yearbook-2000-cv-2.txt,Cleveland Browns Yearbook 2000,2000,1,ocr-text,unread,unread,unread,,211835,33087,1908,2001,2000,143,0,0,0,3,22,9,26,1,1,2,0,,,,0
espn-the-magazine-2013-09-02-c,nfl-books,nfl-books/text_all/espn-the-magazine-2013-09-02-c.txt,ESPN the Magazine | 2013-09-02 | 2013 NFL Football Preview,2013,1,ocr-text,unread,unread,unread,,316751,53108,1879,2020,2013,55,21,0,1,12,1,8,0,1,1,0,0,,,,0
chicago-bears-yearbook-2013-cv-2,nfl-books,nfl-books/text_all/chicago-bears-yearbook-2013-cv-2.txt,Chicago Bears Yearbook 2013,2013,1,ocr-text,unread,unread,unread,,440803,70300,1856,2019,2013,184,0,0,0,70,0,32,0,23,262,11,2,,,,0
super-bowl-xix-game-program-1985-49ers-vs-dolphins-cv-2,nfl-books,nfl-books/text_all/super-bowl-xix-game-program-1985-49ers-vs-dolphins-cv-2.txt,Super Bowl XIX Game Program 1985,1985,1,ocr-text,unread,unread,unread,,460809,75254,1878,2027,1984,674,1,0,0,19,2,7,0,65,21,8,153,,,,0
super-bowl-xl-game-program-steelers-vs-seahawks-cv-2,nfl-books,nfl-books/text_all/super-bowl-xl-game-program-steelers-vs-seahawks-cv-2.txt,Super Bowl XL Game Program 2006,2006,1,ocr-text,unread,unread,unread,,551222,89828,1879,2010,2005,563,5,0,3,22,6,26,0,2,4,3,0,,,,0
sports-review-pro-football-1969-c,nfl-books,nfl-books/text_all/sports-review-pro-football-1969-c.txt,Sports Review Pro Football 1969,1969,1,ocr-text,unread,unread,unread,,313077,51874,1890,1970,1968,228,1,0,4,6,2,7,10,0,0,5,8,,,,0
baltimore-ravens-season-review-2021-c,nfl-books,nfl-books/text_all/baltimore-ravens-season-review-2021-c.txt,Baltimore Ravens Season Review 2021,2022,1,ocr-text,unread,unread,unread,,321545,58088,1900,2027,2021,248,0,0,0,3,2,0,0,112,13,27,78,,,,0
49ers-1958,nfl-books,nfl-books/text_all/49ers-1958.txt,San Francisco 49ers 1958 Media Guide,1958,1,ocr-text,unread,unread,unread,,189277,29378,1910,2023,1957,229,1,0,0,14,5,38,13,7,3,3,10,,,,0
49ers-1967,nfl-books,nfl-books/text_all/49ers-1967.txt,San Francisco 49ers 1967 Media Guide,1967,1,ocr-text,unread,unread,unread,,181606,29647,1878,2026,1965,171,0,0,0,16,3,76,1,63,16,4,38,,,,0
49ers-1973-media-guide-san-francisco-b,nfl-books,nfl-books/text_all/49ers-1973-media-guide-san-francisco-b.txt,San Francisco 49ers 1973 Media Guide,1973,1,ocr-text,unread,unread,unread,,282299,45487,1906,2013,1972,221,2,1,0,44,147,97,33,99,2,6,21,,,,0
49ers-1991-media-guide-san-francisco-b,nfl-books,nfl-books/text_all/49ers-1991-media-guide-san-francisco-b.txt,San Francisco 49ers 1991 Media Guide,1991,1,ocr-text,unread,unread,unread,,719162,113289,1853,1997,1990,740,2,0,3,71,262,95,1,115,714,58,41,,,,0
49ers-2015-media-guide-san-francisco,nfl-books,nfl-books/text_all/49ers-2015-media-guide-san-francisco.txt,San Francisco 49ers 2015 Media Guide,2015,1,ocr-text,unread,unread,unread,,2199465,389853,1862,2020,2015,1685,7,0,6,252,31,217,1,221,828,203,456,,,,0
49ers-2024-media-guide-san-francisco-c,nfl-books,nfl-books/text_all/49ers-2024-media-guide-san-francisco-c.txt,San Francisco 49ers 2024 Media Guide,2024,1,ocr-text,unread,unread,unread,,2917866,531245,1900,2029,2024,2152,1,1,0,300,58,238,1,293,942,406,1068,,,,0
49ers-report-1996-09-23-v-11.25-c,nfl-books,nfl-books/text_all/49ers-report-1996-09-23-v-11.25-c.txt,"49ers Report V11.25: September 23, 1996",1996,1,ocr-text,unread,unread,unread,,87037,14764,1852,1997,1996,50,0,0,0,1,1,1,0,5,1,5,3,,,,0
tennessee-titans-yearbook-2024,nfl-books,nfl-books/text_all/tennessee-titans-yearbook-2024.txt,Tennessee Titans Yearbook 2024,2024,1,ocr-text,unread,unread,unread,,164829,25342,1913,2029,2024,33,0,0,0,19,0,18,0,76,0,0,0,,,,0
los-angeles-chargers-yearbook-2025-cv-2,nfl-books,nfl-books/text_all/los-angeles-chargers-yearbook-2025-cv-2.txt,Los Angeles Chargers Yearbook 2025,2025,1,ocr-text,unread,unread,unread,,202725,32216,1861,2028,2024,101,0,0,1,21,3,20,1,0,1,0,0,,,,0
green-bay-packers-yearbook-1993-cv-2,nfl-books,nfl-books/text_all/green-bay-packers-yearbook-1993-cv-2.txt,Green Bay Packers Yearbook 1993,1993,1,ocr-text,unread,unread,unread,,402239,67124,1852,2000,1992,253,1,0,0,6,1,10,0,92,13,1,13,,,,0
green-bay-packers-1967-yearbook,nfl-books,nfl-books/text_all/green-bay-packers-1967-yearbook.txt,Green Bay Packers Yearbook 1967,1967,1,ocr-text,unread,unread,unread,,292398,50126,1858,2016,1967,233,2,0,0,8,1,4,0,400,45,2,57,,,,0
green-bay-packers-annual-report-2020,nfl-books,nfl-books/text_all/green-bay-packers-annual-report-2020.txt,Green Bay Packers Annual Report 2020,2020,1,ocr-text,unread,unread,unread,,76675,12160,1950,2021,2019,31,0,0,1,16,3,7,0,0,1,0,0,,,,0
detroit-lions-yearbook-1994-cv-2,nfl-books,nfl-books/text_all/detroit-lions-yearbook-1994-cv-2.txt,Detroit Lions Yearbook 1994,1994,1,ocr-text,unread,unread,unread,,120436,19761,1925,1999,1993,104,0,0,0,4,1,7,0,0,1,5,0,,,,0
washington-redskins-season-review-2017-c,nfl-books,nfl-books/text_all/washington-redskins-season-review-2017-c.txt,Washington Redskins Season Review 2017,2018,1,ocr-text,unread,unread,unread,,1929252,338941,1860,2022,2017,3537,3,0,1,178,26,163,0,147,393,268,497,,,,0
green-bay-packers-yearbook-2006-cv-2,nfl-books,nfl-books/text_all/green-bay-packers-yearbook-2006-cv-2.txt,Green Bay Packers Yearbook 2006,2006,1,ocr-text,unread,unread,unread,,332871,57295,1856,2028,2006,149,0,2,1,10,2,7,1,86,4,7,0,,,,0
tennessee-titans-2016-season-review-c,nfl-books,nfl-books/text_all/tennessee-titans-2016-season-review-c.txt,Tennessee Titans 2016 Season Review,2017,1,ocr-text,unread,unread,unread,,3369531,606130,1851,2026,2016,6463,7,0,5,271,237,170,2,221,322,586,974,,,,0
miami-dolphins-1985-pre-season-prospectus-c,nfl-books,nfl-books/text_all/miami-dolphins-1985-pre-season-prospectus-c.txt,Miami Dolphins 1985 Pre-Season Prospectus,1985,1,ocr-text,unread,unread,unread,,101924,17954,1918,1993,1984,67,0,0,0,2,2,1,0,35,5,4,0,,,,0
miami-dolphins-season-review-2014-c,nfl-books,nfl-books/text_all/miami-dolphins-season-review-2014-c.txt,Miami Dolphins Season Review 2014,2015,1,ocr-text,unread,unread,unread,,866592,155954,1861,2020,2014,1340,0,0,1,22,166,14,0,189,55,61,169,,,,0
49ers-report-1994-11-29-v-10.06-c,nfl-books,nfl-books/text_all/49ers-report-1994-11-29-v-10.06-c.txt,"49ers Report V10.06: November 29, 1994",1994,1,ocr-text,unread,unread,unread,,87159,14758,1909,2026,1994,41,0,0,0,2,1,0,0,0,0,4,9,,,,0
washington-commanders-yearbook-2025-cv-2,nfl-books,nfl-books/text_all/washington-commanders-yearbook-2025-cv-2.txt,Washington Commanders Yearbook 2025,2025,1,ocr-text,unread,unread,unread,,153680,23966,1925,2026,2025,80,0,0,1,23,7,31,0,8,3,0,0,,,,0
2025-10-26-green-bay-packers-at-pittsburgh-steelers-gameday-program-c,nfl-books,nfl-books/text_all/2025-10-26-green-bay-packers-at-pittsburgh-steelers-gameday-program-c.txt,GameDay! magazine | 2025-10-26 | Packers at Steelers,2025,1,ocr-text,unread,unread,unread,,199939,32264,1887,2029,2023,95,0,0,0,22,2,37,0,0,75,8,3,overlapping,2025-11-30-buffalo-bills-at-pittsburgh-steelers-gameday-program-c,0.5,7
2025-12-07-chicago-bears-at-green-bay-packers-gameday-program-c,nfl-books,nfl-books/text_all/2025-12-07-chicago-bears-at-green-bay-packers-gameday-program-c.txt,GameDay! magazine | 2025-12-07 | Bears at Packers,2025,1,ocr-text,unread,unread,unread,,314204,49016,1878,2028,2025,136,0,0,0,30,2,43,0,15,126,0,0,near-identical,2025-11-02-carolina-panthers-at-green-bay-packers-gameday-program-c,0.84,3
2023-10-05-chicago-bears-at-washington-commanders-gameday-program-c,nfl-books,nfl-books/text_all/2023-10-05-chicago-bears-at-washington-commanders-gameday-program-c.txt,GameDay! magazine | 2023-10-05 | Bears at Commanders,2023,1,ocr-text,unread,unread,unread,,145373,23190,1877,2023,2023,98,4,0,2,43,5,29,0,24,1,3,0,overlapping,2023-12-31-san-francisco-49ers-at-washingotn-commanders-gameday-program-c,0.36,2
2025-11-27-cincinnati-bengals-at-baltimore-ravens-game-program,nfl-books,nfl-books/text_all/2025-11-27-cincinnati-bengals-at-baltimore-ravens-game-program.txt,GameDay! magazine | 2025-11-27 | Bengals at Ravens,2025,1,ocr-text,unread,unread,unread,,37445,6566,2008,2025,2025,25,0,0,0,1,0,1,0,25,0,4,0,,,,0
chicago-bears-yearbook-2014-cv-2,nfl-books,nfl-books/text_all/chicago-bears-yearbook-2014-cv-2.txt,Chicago Bears Yearbook 2014,2014,1,ocr-text,unread,unread,unread,,444326,71861,1850,2019,2013,178,1,0,0,37,2,35,0,15,227,9,0,,,,0
usfl-kickoff-magazine-v.-1.07-1983,nfl-books,nfl-books/text_all/usfl-kickoff-magazine-v.-1.07-1983.txt,"USFL Kickoff magazine, Vol. 1.07, 1983",1983,1,ocr-text,unread,unread,unread,,246887,40661,1886,2029,1983,119,1,1,0,34,18,32,0,24,1,1,1,,,,0
2025-08-09-new-york-jets-at-green-bay-packers-gameday-program-preseason-c,nfl-books,nfl-books/text_all/2025-08-09-new-york-jets-at-green-bay-packers-gameday-program-preseason-c.txt,GameDay! magazine | 2025-08-09 | Jets at Packers,2025,1,ocr-text,unread,unread,unread,,313433,49235,1878,2028,2024,137,0,0,0,31,1,37,0,9,159,0,0,near-identical,2025-09-07-detroit-lions-at-green-bay-packers-gameday-program-c,0.852,2
2025-11-23-new-york-jets-at-baltimore-ravens-game-program,nfl-books,nfl-books/text_all/2025-11-23-new-york-jets-at-baltimore-ravens-game-program.txt,GameDay! magazine | 2025-11-23 | Jets at Ravens,2025,1,ocr-text,unread,unread,unread,,40983,7229,2008,2025,2025,16,0,0,0,0,0,1,0,49,0,3,0,,,,0
baltimore-ravens-draft-guide-2020-c,nfl-books,nfl-books/text_all/baltimore-ravens-draft-guide-2020-c.txt,Baltimore Ravens Draft Guide 2020,2020,1,ocr-text,unread,unread,unread,,461965,78142,1967,2023,2020,289,1,0,2,35,1,6,64,0,105,1,0,,,,0
baltimore-ravens-season-review-2024-c,nfl-books,nfl-books/text_all/baltimore-ravens-season-review-2024-c.txt,Baltimore Ravens Season Review 2024,2025,1,ocr-text,unread,unread,unread,,1096100,202224,1864,2029,2024,1293,1,0,0,40,90,37,0,155,68,121,306,,,,0
buffalo-bills-yearbook-2022-cv-2,nfl-books,nfl-books/text_all/buffalo-bills-yearbook-2022-cv-2.txt,Buffalo Bills Yearbook 2022,2022,1,ocr-text,unread,unread,unread,,96908,15109,1904,2022,2022,15,0,0,0,3,2,8,71,31,8,1,0,,,,0
1984-the-sporting-news-nfl-draft-guide,nfl-books,nfl-books/text_all/1984-the-sporting-news-nfl-draft-guide.txt,The Sporting News 1984 NFL Draft Guide,1984,1,ocr-text,unread,unread,unread,,272879,42017,1863,2022,1982,233,0,0,0,27,3,4,0,1,19,7,56,,,,0
sports-illustrated-peyton-manning-retirement-issue-broncos-c,nfl-books,nfl-books/text_all/sports-illustrated-peyton-manning-retirement-issue-broncos-c.txt,Sports Illustrated Peyton Manning Retirement Issue | Broncos,2016,1,ocr-text,unread,unread,unread,,216036,36267,1936,2018,1997,153,2,0,0,36,2,14,0,0,0,0,0,,,,0
tampa-bay-buccaneers-2023-season-review-c,nfl-books,nfl-books/text_all/tampa-bay-buccaneers-2023-season-review-c.txt,Tampa Bay Buccaneers 2023 Season Review,2024,1,ocr-text,unread,unread,unread,,124510,21222,1976,2023,2023,101,0,0,0,0,0,0,0,142,66,10,50,,,,0
super-bowl-liii-game-program-2019-rams-vs-patriots-c,nfl-books,nfl-books/text_all/super-bowl-liii-game-program-2019-rams-vs-patriots-c.txt,Super Bowl LIII Game Program 2019,2019,1,ocr-text,unread,unread,unread,,556875,90829,1868,2023,2018,591,0,0,0,20,0,19,0,55,57,5,64,,,,0
super-bowl-xxvi-1992-redskins-vs-bills-cv-2,nfl-books,nfl-books/text_all/super-bowl-xxvi-1992-redskins-vs-bills-cv-2.txt,Super Bowl XXVI Game Program 1992,1992,1,ocr-text,unread,unread,unread,,718884,119926,1887,2028,1991,989,2,0,1,25,5,20,1,90,12,5,10,,,,0
touchdown-1970-all-pro-football-annual-c,nfl-books,nfl-books/text_all/touchdown-1970-all-pro-football-annual-c.txt,Touchdown 1970 All Pro Football Annual,1970,1,ocr-text,unread,unread,unread,,211405,35603,1892,1990,1969,169,0,0,0,7,0,0,8,1,2,2,37,,,,0
miami-dolphins-1993-yearbook-c,nfl-books,nfl-books/text_all/miami-dolphins-1993-yearbook-c.txt,Miami Dolphins 1993 Yearbook,1993,1,ocr-text,unread,unread,unread,,94668,15892,1930,1995,1992,87,0,0,0,5,2,15,0,0,0,2,1,,,,0
the-super-season-year-to-remember-1985-86-chicago-bears-c,nfl-books,nfl-books/text_all/the-super-season-year-to-remember-1985-86-chicago-bears-c.txt,The SUPER Season: The Year To Remember--1985-86 Chicago Bears,1986,1,ocr-text,unread,unread,unread,,75513,12512,1942,1986,1984,166,2,0,1,2,0,1,0,6,0,0,0,,,,0
pittsburgh-steelers-season-review-2020,nfl-books,nfl-books/text_all/pittsburgh-steelers-season-review-2020.txt,Pittsburgh Steelers Season Review 2020,2021,1,ocr-text,unread,unread,unread,,940578,169177,1890,2024,2020,1335,0,0,0,7,18,15,0,259,48,58,73,,,,0
2026-01-12-houston-texans-at-pittsburgh-steelers-gameday-program-c,nfl-books,nfl-books/text_all/2026-01-12-houston-texans-at-pittsburgh-steelers-gameday-program-c.txt,GameDay! magazine | 2026-01-12 | Texans at Steelers,2026,1,ocr-text,unread,unread,unread,,202268,32526,1880,2029,2025,95,0,0,0,23,2,35,0,0,76,7,3,subset,2025-11-30-buffalo-bills-at-pittsburgh-steelers-gameday-program-c,0.626,4
2025-11-23-minnesota-vikings-at-green-bay-packers-gameday-program-c,nfl-books,nfl-books/text_all/2025-11-23-minnesota-vikings-at-green-bay-packers-gameday-program-c.txt,GameDay! magazine | 2025-11-23 | Vikings at Packers,2025,1,ocr-text,unread,unread,unread,,315558,49553,1878,2028,2024,142,0,0,0,30,1,43,0,15,128,0,0,near-identical,2025-11-02-carolina-panthers-at-green-bay-packers-gameday-program-c,0.864,3
2025-11-02-carolina-panthers-at-green-bay-packers-gameday-program-c,nfl-books,nfl-books/text_all/2025-11-02-carolina-panthers-at-green-bay-packers-gameday-program-c.txt,GameDay! magazine | 2025-11-02 | Panthers at Packers,2025,1,ocr-text,unread,unread,unread,,314410,49073,1878,2028,2025,140,0,0,0,28,2,40,0,9,135,0,0,near-identical,2025-12-07-chicago-bears-at-green-bay-packers-gameday-program-c,0.888,3
2025-08-16-tampa-bay-buccaneers-at-pittsburgh-steelers-gameday-program-c,nfl-books,nfl-books/text_all/2025-08-16-tampa-bay-buccaneers-at-pittsburgh-steelers-gameday-program-c.txt,GameDay! magazine | 2025-08-16 | Buccaneers at Steelers,2025,1,ocr-text,unread,unread,unread,,203633,32739,1858,2029,2024,134,0,0,0,23,1,38,1,67,1,6,14,overlapping,2025-12-15-miami-dolphins-at-pittsburgh-steelers-gameday-program-c,0.351,4
giants-weekly-1992-media-guide-c,nfl-books,nfl-books/text_all/giants-weekly-1992-media-guide-c.txt,The Giants Newsweekly 1992 Media Guide,1984,1,ocr-text,unread,unread,unread,,536040,91282,1858,2028,1990,346,5,0,0,21,122,123,1,9,203,21,20,,,,0
2020-12-01-baltimore-ravens-at-pittsburgh-steelers-gameday-program-c,nfl-books,nfl-books/text_all/2020-12-01-baltimore-ravens-at-pittsburgh-steelers-gameday-program-c.txt,GameDay! magazine | 2020-12-01 | Ravens at Steelers,2020,1,ocr-text,unread,unread,unread,,166435,26862,1894,2029,2020,112,0,0,0,18,2,36,0,1,49,1,23,overlapping,2020-12-27-indianapolis-colts-at-pittsburgh-steelers-gameday-program-c,0.471,2
washington-redskins-season-review-2016-c,nfl-books,nfl-books/text_all/washington-redskins-season-review-2016-c.txt,Washington Redskins Season Review 2016,2017,1,ocr-text,unread,unread,unread,,1925690,336491,1872,2021,2016,3506,2,0,1,177,28,168,0,182,383,268,458,,,,0
tampa-bay-buccaneers-2020-season-review-c,nfl-books,nfl-books/text_all/tampa-bay-buccaneers-2020-season-review-c.txt,Tampa Bay Buccaneers 2020 Season Review,2021,1,ocr-text,unread,unread,unread,,161583,27233,1920,2023,2020,66,0,0,0,0,0,0,0,78,6,11,23,,,,0
sports-illustrated-presents-super-bowl-xl-steelers-c,nfl-books,nfl-books/text_all/sports-illustrated-presents-super-bowl-xl-steelers-c.txt,Sports Illustrated Presents Super Bowl 40 Champions | Steelers,2006,1,ocr-text,unread,unread,unread,,132013,22207,1947,2008,2005,112,0,0,0,6,1,4,0,0,1,0,1,,,,0
tennessee-titans-2023-season-review-c,nfl-books,nfl-books/text_all/tennessee-titans-2023-season-review-c.txt,Tennessee Titans 2023 Season Review,2024,1,ocr-text,unread,unread,unread,,3724616,667960,1851,2028,2023,6224,3,0,3,287,252,217,0,235,897,661,1163,,,,0
the-super-men-of-the-super-bowl-1978-c,nfl-books,nfl-books/text_all/the-super-men-of-the-super-bowl-1978-c.txt,The Super Men of the Super Bowl 1978,1978,1,ocr-text,narrative book,statistics,"read-2026-09-07-yearbooks (stratified sample n=56 of 2,462 post-1950 texts, seed 20260907)",,92052,15341,1950,2000,1977,139,0,0,0,2,0,3,0,0,0,1,0,,,,0
baltimore-ravens-draft-guide-2018-c,nfl-books,nfl-books/text_all/baltimore-ravens-draft-guide-2018-c.txt,Baltimore Ravens Draft Guide 2018,2018,1,ocr-text,unread,unread,unread,,310218,52897,1967,2020,2018,178,1,0,0,10,0,6,0,59,110,2,0,,,,0
baltimore-ravens-season-review-2018-c,nfl-books,nfl-books/text_all/baltimore-ravens-season-review-2018-c.txt,Baltimore Ravens Season Review 2018,2019,1,ocr-text,unread,unread,unread,,213947,36650,1934,2019,2018,92,0,0,0,3,2,0,0,4,13,12,73,,,,0
baltimore-ravens-season-review-2019-c,nfl-books,nfl-books/text_all/baltimore-ravens-season-review-2019-c.txt,Baltimore Ravens Season Review 2019,2020,1,ocr-text,unread,unread,unread,,164900,28379,1855,2020,2019,49,0,0,0,2,0,0,0,103,8,7,38,,,,0
tennessee-titans-yearbook-2020_202511,nfl-books,nfl-books/text_all/tennessee-titans-yearbook-2020_202511.txt,Tennessee Titans Yearbook 2020,2020,1,ocr-text,unread,unread,unread,,168186,26562,1960,2020,2020,83,0,0,0,8,0,12,0,1,0,1,0,,,,0
sports-illustrated-presents-broncos-super-bowl-50-champions-c,nfl-books,nfl-books/text_all/sports-illustrated-presents-broncos-super-bowl-50-champions-c.txt,Sports Illustrated Presents Super Bowl 50 Champions | Broncos,2016,1,ocr-text,unread,unread,unread,,130046,21814,1960,2016,2014,120,0,0,0,0,0,4,0,0,0,0,0,,,,0
official-1971-national-football-league-record-manual-c,nfl-books,nfl-books/text_all/official-1971-national-football-league-record-manual-c.txt,NFL Official Record Manual 1971,1971,1,ocr-text,unread,unread,unread,,643785,103837,1851,2027,1967,492,0,0,0,1,0,3,0,24,102,13,485,,,,0
super-bowl-xxxiii-game-program-1999-falcons-vs-broncos-cv-2,nfl-books,nfl-books/text_all/super-bowl-xxxiii-game-program-1999-falcons-vs-broncos-cv-2.txt,Super Bowl XXXIII Game Program 1999,1999,1,ocr-text,unread,unread,unread,,602145,100294,1899,2025,1998,554,1,0,0,14,5,27,0,1,90,8,3,,,,0
the-sporting-news-pro-football-draft-2000-guide-c,nfl-books,nfl-books/text_all/the-sporting-news-pro-football-draft-2000-guide-c.txt,TSN Pro Football Draft Guide 2000,2000,1,ocr-text,unread,unread,unread,,754063,123748,1886,2004,1999,323,11,0,2,37,10,14,1,14,265,0,5,,,,0
tennessee-titans-2021-season-review-c,nfl-books,nfl-books/text_all/tennessee-titans-2021-season-review-c.txt,Tennessee Titans 2021 Season Review,2022,1,ocr-text,unread,unread,unread,,4262957,767721,1851,2027,2021,7771,4,0,1,296,270,199,0,286,795,745,1645,overlapping,titans-2022-media-guide-tennessee,0.216,1
new-york-jets-2026-media-guide-2026-08-12,nfl-books,nfl-books/text_all/new-york-jets-2026-media-guide-2026-08-12.txt,New York Jets 2026 Media Guide,2026,1,ocr-text,unread,unread,unread,,994232,164734,1875,2027,2025,1044,0,0,1,107,126,77,1,178,407,46,47,,,,0
washington-redskins-yearbook-1993-cv-2,nfl-books,nfl-books/text_all/washington-redskins-yearbook-1993-cv-2.txt,Washington Redskins Yearbook 1993,1993,1,ocr-text,unread,unread,unread,,121185,20466,1934,1999,1992,178,0,0,0,3,2,0,2,0,6,5,8,,,,0
los-angeles-raiders-yearbook-1992-cv-2,nfl-books,nfl-books/text_all/los-angeles-raiders-yearbook-1992-cv-2.txt,Los Angeles Raiders Yearbook 1992,1992,1,ocr-text,unread,unread,unread,,194347,32118,1929,1993,1967,202,1,0,1,19,1,12,0,1,6,0,0,,,,0
giants-weekly-1988-media-guide-c,nfl-books,nfl-books/text_all/giants-weekly-1988-media-guide-c.txt,The Giants Newsweekly 1988 Media Guide,1988,1,ocr-text,unread,unread,unread,,521007,89396,1855,2019,1987,254,2,1,1,31,179,94,1,39,76,28,18,,,,0
cleveland-browns-2021-season-review,nfl-books,nfl-books/text_all/cleveland-browns-2021-season-review.txt,Cleveland Browns 2021 Season Review,2022,1,ocr-text,season review,statistics+roster-table,"read-2026-09-07-yearbooks (stratified sample n=56 of 2,462 post-1950 texts, seed 20260907)",no biography,193642,33803,1857,2022,2021,541,0,0,0,0,1,1,0,0,60,7,62,,,,0
return-to-glory-the-story-of-the-1985-chicago-bears-by-chicago-sun-times-b,nfl-books,nfl-books/text_all/return-to-glory-the-story-of-the-1985-chicago-bears-by-chicago-sun-times-b.txt,Return to Glory: The Story of the 1985 Chicago Bears,1986,1,ocr-text,unread,unread,unread,,193992,32354,1919,1986,1985,213,0,0,1,2,1,3,0,0,0,0,0,,,,0
pittsburgh-steelers-season-review-2009-c,nfl-books,nfl-books/text_all/pittsburgh-steelers-season-review-2009-c.txt,Pittsburgh Steelers Season Review 2009,2010,1,ocr-text,unread,unread,unread,,1127784,204973,1857,2029,2009,1402,0,0,1,4,23,4,4,75,71,94,499,,,,0
pittsburgh-steelers-season-review-2017,nfl-books,nfl-books/text_all/pittsburgh-steelers-season-review-2017.txt,Pittsburgh Steelers Season Review 2017,2018,1,ocr-text,unread,unread,unread,,884970,154131,1930,2019,2017,1803,0,0,1,13,21,8,0,148,50,48,245,,,,0
pro-football-weekly-2013-nfl-draft-guide-c,nfl-books,nfl-books/text_all/pro-football-weekly-2013-nfl-draft-guide-c.txt,Pro Football Weekly 2013 NFL Draft Guide,2013,1,ocr-text,unread,unread,unread,,554256,94295,1856,2024,2012,189,1,0,3,11,6,6,8,2,13,2,6,,,,0
pro-footballs-hall-of-fame-by-arthur-daley-1969-c,nfl-books,nfl-books/text_all/pro-footballs-hall-of-fame-by-arthur-daley-1969-c.txt,Pro Football's Hall Of Fame--The Official Book,1969,1,ocr-text,unread,unread,unread,,438439,75002,1880,1969,1925,361,9,0,0,58,1,35,0,0,0,0,0,,,,0
pro-magazine-1974-11-17-eagles-vs-cardinals-c,nfl-books,nfl-books/text_all/pro-magazine-1974-11-17-eagles-vs-cardinals-c.txt,Pro! magazine | 1974-11-17 | Eagles vs. Cardinals,1974,1,ocr-text,unread,unread,unread,,263944,43375,1851,2023,1974,143,1,0,0,22,3,16,0,4,2,11,16,,,,0
2023-11-19-new-york-giants-at-washingotn-commanders-gameday-program-c,nfl-books,nfl-books/text_all/2023-11-19-new-york-giants-at-washingotn-commanders-gameday-program-c.txt,GameDay! magazine | 2023-11-19 | Giants at Commanders,2023,1,ocr-text,unread,unread,unread,,137905,21846,1877,2023,2023,91,1,0,2,21,5,27,0,24,53,2,11,overlapping,2023-12-03-miami-dolphins-at-washingotn-commanders-gameday-program-c,0.503,2
2025-10-12-cleveland-browns-at-pittsburgh-steelers-gameday-program-c,nfl-books,nfl-books/text_all/2025-10-12-cleveland-browns-at-pittsburgh-steelers-gameday-program-c.txt,GameDay! magazine | 2025-10-12 | Browns at Steelers,2025,1,ocr-text,unread,unread,unread,,517612,87658,1869,2028,2025,224,0,0,0,50,2,70,0,22,152,26,30,overlapping,2025-09-14-seattle-seahawks-at-pittsburgh-steelers-game-program-c,0.235,1
2025-11-30-buffalo-bills-at-pittsburgh-steelers-gameday-program-c,nfl-books,nfl-books/text_all/2025-11-30-buffalo-bills-at-pittsburgh-steelers-gameday-program-c.txt,GameDay! magazine | 2025-11-30 | Bills at Steelers,2025,1,ocr-text,unread,unread,unread,,203057,32934,1850,2027,2020,83,0,0,0,23,3,31,0,1,76,5,0,subset,2026-01-12-houston-texans-at-pittsburgh-steelers-gameday-program-c,0.573,5
2025-12-27-baltimore-ravens-at-green-bay-packers-gameday-program-c,nfl-books,nfl-books/text_all/2025-12-27-baltimore-ravens-at-green-bay-packers-gameday-program-c.txt,GameDay! magazine | 2025-12-27 | Ravens at Packers,2025,1,ocr-text,unread,unread,unread,,309895,48418,1878,2028,2025,136,0,0,0,30,2,33,0,16,133,0,0,subset,2025-08-09-new-york-jets-at-green-bay-packers-gameday-program-preseason-c,0.617,2
2025-08-17-buffalo-bills-at-chicago-bears-gameday-program-c,nfl-books,nfl-books/text_all/2025-08-17-buffalo-bills-at-chicago-bears-gameday-program-c.txt,GameDay! magazine | 2025-08-17 | Bears vs. Bills,2025,1,ocr-text,unread,unread,unread,,218536,39402,1855,2029,2025,68,0,0,0,27,2,13,0,8,162,2,0,,,,0
2025-10-05-detroit-lions-at-cincinnati-bengals-game-program-c,nfl-books,nfl-books/text_all/2025-10-05-detroit-lions-at-cincinnati-bengals-game-program-c.txt,GameDay! magazine | 2025-10-05 | Bengals vs. Lions,2025,1,ocr-text,unread,unread,unread,,56898,9146,1851,2025,2025,15,0,0,1,2,2,2,1,100,2,0,0,overlapping,2025-10-16-pittsburgh-steelers-at-cincinnati-bengals-game-program-c,0.406,3
2025-12-07-pittsburgh-steelers-at-baltimore-ravens-game-program,nfl-books,nfl-books/text_all/2025-12-07-pittsburgh-steelers-at-baltimore-ravens-game-program.txt,GameDay! magazine | 2025-12-07 | Steelers at Ravens,2025,1,ocr-text,unread,unread,unread,,39131,6820,1921,2025,2025,25,0,0,0,1,0,1,0,50,0,2,0,,,,0
2020-09-20-denver-broncos-at-pittsburgh-steelers-gameday-program-c,nfl-books,nfl-books/text_all/2020-09-20-denver-broncos-at-pittsburgh-steelers-gameday-program-c.txt,GameDay! magazine | 2020-09-20 | Broncos at Steelers,2020,1,ocr-text,unread,unread,unread,,160500,26063,1879,2029,2020,116,0,0,0,16,1,32,0,51,53,1,2,overlapping,2020-09-27-houston-texans-at-pittsburgh-steelers-gameday-program-c,0.31,1
2023-10-09-philadelphia-eagles-at-washingotn-commanders-gameday-program-c,nfl-books,nfl-books/text_all/2023-10-09-philadelphia-eagles-at-washingotn-commanders-gameday-program-c.txt,GameDay! magazine | 2023-10-29 | Eagles at Commanders,2023,1,ocr-text,unread,unread,unread,,136504,21525,1877,2023,2023,107,1,0,3,29,6,31,0,24,42,3,0,overlapping,2023-11-19-new-york-giants-at-washingotn-commanders-gameday-program-c,0.472,3
baltimore-ravens-season-review-2017-c,nfl-books,nfl-books/text_all/baltimore-ravens-season-review-2017-c.txt,Baltimore Ravens Season Review 2017,2018,1,ocr-text,unread,unread,unread,,837605,151006,1852,2026,2017,670,1,0,3,16,43,27,0,237,21,97,148,,,,0
bears-1950-media-guide-chicago,nfl-books,nfl-books/text_all/bears-1950-media-guide-chicago.txt,Chicago Bears 1950 Media Guide,1950,1,ocr-text,unread,unread,unread,,79177,12425,1895,1950,1940,47,0,0,0,14,0,20,68,0,1,0,24,,,,0
bears-1961,nfl-books,nfl-books/text_all/bears-1961.txt,Chicago Bears 1961 Media Guide,1961,1,ocr-text,unread,unread,unread,,90033,14808,1918,1961,1956,117,0,0,0,10,2,11,0,0,15,4,7,,,,0
bears-1992-media-guide-chicago,nfl-books,nfl-books/text_all/bears-1992-media-guide-chicago.txt,Chicago Bears 1992 Media Guide,1992,1,ocr-text,unread,unread,unread,,606514,96231,1855,2028,1991,542,2,0,4,174,16,76,0,143,173,24,52,,,,0
miami-dolphins-season-review-2020-c,nfl-books,nfl-books/text_all/miami-dolphins-season-review-2020-c.txt,Miami Dolphins Season Review 2020,2021,1,ocr-text,unread,unread,unread,,953032,164485,1862,2021,2020,1326,0,0,3,209,177,43,0,200,21,26,71,,,,0
bengals-2004-media-guide-cincinnati-c,nfl-books,nfl-books/text_all/bengals-2004-media-guide-cincinnati-c.txt,Cincinnati Bengals 2004 Media Guide,2004,1,ocr-text,unread,unread,unread,,1258249,228182,1854,2028,2003,981,2,0,2,111,290,156,1,89,597,271,1117,,,,0
bills-2001-media-guide-buffalo-c,nfl-books,nfl-books/text_all/bills-2001-media-guide-buffalo-c.txt,Buffalo Bills 2001 Media Guide,2001,1,ocr-text,unread,unread,unread,,1035738,172999,1896,2010,2000,815,2,1,4,110,312,108,1,16,233,29,120,,,,0
atlanta-falcons-2023-yearbook-c,nfl-books,nfl-books/text_all/atlanta-falcons-2023-yearbook-c.txt,Atlanta Falcons 2023 Yearbook,2023,1,ocr-text,unread,unread,unread,,220465,35426,1920,2026,2022,145,2,0,0,44,4,40,0,0,0,15,0,,,,0
atlanta-falcons-yearbook-1994-c,nfl-books,nfl-books/text_all/atlanta-falcons-yearbook-1994-c.txt,Atlanta Falcons Yearbook 1994,1994,1,ocr-text,unread,unread,unread,,44064,7461,1900,1996,1993,25,1,0,0,5,1,7,0,0,0,0,0,,,,0
atlanta-falcons-yearbook-2025-c,nfl-books,nfl-books/text_all/atlanta-falcons-yearbook-2025-c.txt,Atlanta Falcons Yearbook 2025,2025,1,ocr-text,unread,unread,unread,,254470,39625,1879,2028,2024,211,0,0,0,50,3,21,0,0,0,12,0,,,,0
wrestling-classics-1991-01-a-tribute-to-the-sports-giants,nfl-books,nfl-books/text_all/wrestling-classics-1991-01-a-tribute-to-the-sports-giants.txt,Wrestling Classics magazine: 1991-01 | Salute to the Sport's Giants,1991,1,ocr-text,unread,unread,unread,,167119,27795,1880,1996,1990,3,0,0,0,2,2,0,0,0,0,0,0,,,,0
baltimore-ravens-draft-guide-2021-c,nfl-books,nfl-books/text_all/baltimore-ravens-draft-guide-2021-c.txt,Baltimore Ravens Draft Guide 2021,2021,1,ocr-text,unread,unread,unread,,407585,69176,1967,2023,2021,260,6,0,2,40,12,2,0,0,122,1,0,,,,0
baltimore-ravens-season-review-2008-c,nfl-books,nfl-books/text_all/baltimore-ravens-season-review-2008-c.txt,Baltimore Ravens Season Review 2008,2009,1,ocr-text,unread,unread,unread,,1119342,213091,1855,2024,2008,1600,0,0,1,22,72,15,0,3,9,271,443,,,,0
atlanta-falcons-yearbook-2014-2014-08-01-c,nfl-books,nfl-books/text_all/atlanta-falcons-yearbook-2014-2014-08-01-c.txt,Atlanta Falcons Yearbook 2014,2014,1,ocr-text,unread,unread,unread,,339138,55664,1889,2020,2013,277,1,0,4,42,18,60,0,0,4,2,0,,,,0
chicago-bears-yearbook-2011-cv-2,nfl-books,nfl-books/text_all/chicago-bears-yearbook-2011-cv-2.txt,Chicago Bears Yearbook 2011,2011,1,ocr-text,unread,unread,unread,,472806,77425,1852,2015,2010,168,0,0,0,19,0,19,0,14,278,8,17,,,,0
time-magazine-1986-01-27-c,nfl-books,nfl-books/text_all/time-magazine-1986-01-27-c.txt,"Time Magazine | January 27, 1986 | Bad News Bears",1986,1,ocr-text,unread,unread,unread,,351488,56800,1871,2027,1986,35,0,0,0,9,2,7,2,0,2,0,0,,,,0
chicago-bears-yearbook-2016-cv-2,nfl-books,nfl-books/text_all/chicago-bears-yearbook-2016-cv-2.txt,Chicago Bears Yearbook 2016,2016,1,ocr-text,unread,unread,unread,,442656,70673,1854,2026,2015,212,0,0,0,18,11,17,0,12,219,13,7,,,,0
pittsburgh-steelers-yearbook-2025-cv-2,nfl-books,nfl-books/text_all/pittsburgh-steelers-yearbook-2025-cv-2.txt,Pittsburgh Steelers Yearbook 2025,2025,1,ocr-text,unread,unread,unread,,152987,23205,1872,2028,2025,51,0,0,0,20,89,6,0,0,3,0,0,,,,0
green-bay-packers-annual-report-2021,nfl-books,nfl-books/text_all/green-bay-packers-annual-report-2021.txt,Green Bay Packers Annual Report 2021,2021,1,ocr-text,unread,unread,unread,,90244,14173,1919,2026,2020,17,0,0,1,11,0,3,0,0,1,0,0,,,,0
green-bay-packers-yearbook-1978-cv-2,nfl-books,nfl-books/text_all/green-bay-packers-yearbook-1978-cv-2.txt,Green Bay Packers Yearbook 1978,1978,1,ocr-text,unread,unread,unread,,269783,46931,1852,2020,1977,118,0,0,0,6,0,2,0,294,43,2,25,,,,0
kansas-city-chiefs-yearbook-1994-cv-2,nfl-books,nfl-books/text_all/kansas-city-chiefs-yearbook-1994-cv-2.txt,Kansas City Chiefs Yearbook 1994,1994,1,ocr-text,unread,unread,unread,,119841,20347,1891,1998,1994,152,0,0,1,6,3,9,0,0,2,2,14,,,,0
2020-12-07-washington-football-teams-at-pittsburgh-steelers-gameday-program-c,nfl-books,nfl-books/text_all/2020-12-07-washington-football-teams-at-pittsburgh-steelers-gameday-program-c.txt,GameDay! magazine | 2020-12-07 | Washington Football Team at Steelers,2020,1,ocr-text,unread,unread,unread,,179243,29138,1901,2029,2020,113,0,0,0,20,2,34,0,11,49,1,21,overlapping,2020-11-15-cincinnati-bengals-at-pittsburgh-steelers-gameday-program-c,0.407,2
lew-atchisons-1968-redskins-yearbook,nfl-books,nfl-books/text_all/lew-atchisons-1968-redskins-yearbook.txt,Lew Atchison's 1968 Redskins Yearbook,1968,1,ocr-text,unread,unread,unread,,101474,17277,1906,2028,1967,101,2,0,0,8,0,3,0,0,0,1,12,,,,0
2025-11-02-indianapolis-colts-at-pittsburgh-steelers-gameday-program-c,nfl-books,nfl-books/text_all/2025-11-02-indianapolis-colts-at-pittsburgh-steelers-gameday-program-c.txt,GameDay! magazine | 2025-11-02 | Colts at Steelers,2025,1,ocr-text,unread,unread,unread,,203471,32760,1887,2029,2020,99,0,0,0,25,3,37,0,0,75,9,1,overlapping,2025-11-30-buffalo-bills-at-pittsburgh-steelers-gameday-program-c,0.553,6
2025-10-26-chicago-bears-at-baltimore-ravens-game-program,nfl-books,nfl-books/text_all/2025-10-26-chicago-bears-at-baltimore-ravens-game-program.txt,GameDay! magazine | 2025-10-26 | Bears at Ravens,2025,1,ocr-text,unread,unread,unread,,36882,6405,2008,2025,2025,20,0,0,0,0,0,1,0,49,0,1,0,,,,0
chicago-bears-yearbook-2012-cv-2,nfl-books,nfl-books/text_all/chicago-bears-yearbook-2012-cv-2.txt,Chicago Bears Yearbook 2012,2012,1,ocr-text,unread,unread,unread,,444894,72055,1852,2013,2006,173,0,0,0,48,0,17,0,15,226,11,0,,,,0
nfl-record-fact-book-2024-c,nfl-books,nfl-books/text_all/nfl-record-fact-book-2024-c.txt,NFL Record & Fact Book 2024,2024,1,ocr-text,unread,unread,unread,,4705523,760341,1860,2029,2024,4564,3,0,2,50,47,539,0,1774,815,197,1117,,,,0
philadelphia-eagles-2001-yearbook-c,nfl-books,nfl-books/text_all/philadelphia-eagles-2001-yearbook-c.txt,Philadelphia Eagles 2001 Yearbook,2001,1,ocr-text,unread,unread,unread,,246426,38031,1869,2007,2000,55,0,0,0,9,29,8,49,3,10,0,0,,,,0
green-bay-packers-yearbook-1991-cv-2,nfl-books,nfl-books/text_all/green-bay-packers-yearbook-1991-cv-2.txt,Green Bay Packers Yearbook 1991,1991,1,ocr-text,unread,unread,unread,,374271,62889,1852,2010,1990,226,0,0,3,20,1,6,0,198,2,10,25,,,,0
2020-10-18-cleveland-browns-at-pittsburgh-steelers-gameday-program-c,nfl-books,nfl-books/text_all/2020-10-18-cleveland-browns-at-pittsburgh-steelers-gameday-program-c.txt,GameDay! magazine | 2020-10-18 | Browns at Steelers,2020,1,ocr-text,unread,unread,unread,,164355,26404,1856,2029,2020,112,0,0,0,15,3,31,0,1,49,3,11,overlapping,2020-11-15-cincinnati-bengals-at-pittsburgh-steelers-gameday-program-c,0.545,4
49ers-report-1995-12-04-v-11.08-c,nfl-books,nfl-books/text_all/49ers-report-1995-12-04-v-11.08-c.txt,"49ers Report V11.08: December 4, 1995",1995,1,ocr-text,unread,unread,unread,,96108,16598,1867,2007,1995,62,0,0,0,2,1,3,0,0,1,6,1,,,,0
green-bay-packers-yearbook-1977-c,nfl-books,nfl-books/text_all/green-bay-packers-yearbook-1977-c.txt,Green Bay Packers Yearbook 1977,1977,1,ocr-text,unread,unread,unread,,304742,51633,1876,2006,1976,145,0,0,0,10,3,2,0,442,28,3,25,,,,0
pittsburgh-steelers-yearbook-1995-cv-2,nfl-books,nfl-books/text_all/pittsburgh-steelers-yearbook-1995-cv-2.txt,Pittsburgh Steelers Yearbook 1995,1995,1,ocr-text,unread,unread,unread,,85405,13748,1860,1995,1994,55,0,0,1,12,5,19,0,3,0,0,1,,,,0
pittsburgh-steelers-yearbook-2005-cv-2,nfl-books,nfl-books/text_all/pittsburgh-steelers-yearbook-2005-cv-2.txt,Pittsburgh Steelers Yearbook 2005,2005,1,ocr-text,unread,unread,unread,,188090,28786,1850,2008,2005,52,1,0,0,14,25,14,0,0,1,2,0,,,,0
miami-dolphins-season-review-2013-c,nfl-books,nfl-books/text_all/miami-dolphins-season-review-2013-c.txt,Miami Dolphins Season Review 2013,2014,1,ocr-text,unread,unread,unread,,692836,125104,1862,2026,2013,1149,1,0,2,13,63,16,56,113,28,42,142,,,,0
green-bay-packers-yearbook-1982-cv-2,nfl-books,nfl-books/text_all/green-bay-packers-yearbook-1982-cv-2.txt,Green Bay Packers Yearbook 1982,1982,1,ocr-text,unread,unread,unread,,260948,43552,1860,2000,1981,122,1,0,2,11,0,3,0,365,15,7,10,,,,0
1963-11-10-dallas-cowboys-at-san-francisco-49ers-game-program-c,nfl-books,nfl-books/text_all/1963-11-10-dallas-cowboys-at-san-francisco-49ers-game-program-c.txt,NFL Illustrated | Dallas Cowboys at San Francisco 49ers Game Program 11/10/1963,1963,1,ocr-text,unread,unread,unread,,78491,12593,1889,2020,1962,50,0,0,0,6,2,1,0,12,44,3,6,,,,0
49ers-report-1995-01-09-v-10.12-c,nfl-books,nfl-books/text_all/49ers-report-1995-01-09-v-10.12-c.txt,"49ers Report V10.12: January 9, 1995",1995,1,ocr-text,unread,unread,unread,,66316,10878,1954,2026,1995,59,0,0,0,1,0,1,0,0,1,1,0,,,,0
1965-11-21-los-angeles-rams-at-san-francisco-49ers-game-program-c,nfl-books,nfl-books/text_all/1965-11-21-los-angeles-rams-at-san-francisco-49ers-game-program-c.txt,NFL Illustrated | Los Angeles Rams at San Francisco 49ers Game Program 11/21/1965,1965,1,ocr-text,unread,unread,unread,,89162,14130,1867,2020,1964,62,0,0,0,4,1,2,0,18,8,1,16,,,,0
cincinnati-bengals-yearbook-2025-cv-2,nfl-books,nfl-books/text_all/cincinnati-bengals-yearbook-2025-cv-2.txt,Cincinnati Bengals Yearbook 2025,2025,1,ocr-text,unread,unread,unread,,106515,16864,1881,2026,2025,58,7,0,1,6,2,5,1,1,3,1,0,,,,0
796.332-great-quarterbacks-of-pro-football-revised-by-steve-gelman-1978-c,nfl-books,nfl-books/text_all/796.332-great-quarterbacks-of-pro-football-revised-by-steve-gelman-1978-c.txt,"Great Quarterbacks Of Pro Football, Revised Edition",1978,1,ocr-text,unread,unread,unread,,122251,21594,1865,2019,1976,144,1,0,0,10,8,3,18,0,0,0,0,,,,0
super-bowl-xxiii-game-program-1989-49ers-vs-bengals-cv-2,nfl-books,nfl-books/text_all/super-bowl-xxiii-game-program-1989-49ers-vs-bengals-cv-2.txt,Super Bowl XXIII Game Program 1989,1989,1,ocr-text,unread,unread,unread,,485958,80611,1887,2000,1988,683,1,0,2,8,2,6,3,50,8,7,14,,,,0
giants-weekly-1991-media-guide-c,nfl-books,nfl-books/text_all/giants-weekly-1991-media-guide-c.txt,The Giants Newsweekly 1991 Media Guide,1991,1,ocr-text,unread,unread,unread,,518885,88377,1858,1999,1990,336,4,0,2,26,127,86,1,32,26,21,13,,,,0
tennessee-titans-2018-season-review-c,nfl-books,nfl-books/text_all/tennessee-titans-2018-season-review-c.txt,Tennessee Titans 2018 Season Review,2019,1,ocr-text,unread,unread,unread,,3558124,639088,1851,2028,2018,6589,4,0,4,283,228,193,0,252,648,624,1095,,,,0
jets-2014-media-guide-new-york,nfl-books,nfl-books/text_all/jets-2014-media-guide-new-york.txt,New York Jets 2014 Media Guide,2014,1,ocr-text,unread,unread,unread,,741400,129302,1874,2015,2013,1050,1,0,0,99,63,113,0,1,8,44,79,,,,0
jets-2016-media-guide-new-york,nfl-books,nfl-books/text_all/jets-2016-media-guide-new-york.txt,New York Jets 2016 Media Guide,2016,1,ocr-text,unread,unread,unread,,708697,126802,1868,2017,2015,974,2,0,1,77,50,88,1,0,20,27,46,,,,0
green-bay-packers-yearbook-1987-cv-2,nfl-books,nfl-books/text_all/green-bay-packers-yearbook-1987-cv-2.txt,Green Bay Packers Yearbook 1987,1987,1,ocr-text,unread,unread,unread,,360700,62241,1850,2020,1986,228,1,0,0,10,6,6,0,137,36,4,14,,,,0
green-bay-packers-yearbook-1995-cv-2,nfl-books,nfl-books/text_all/green-bay-packers-yearbook-1995-cv-2.txt,Green Bay Packers Yearbook 1995,1995,1,ocr-text,unread,unread,unread,,380527,63146,1881,2020,1994,277,1,0,0,3,3,7,0,149,41,10,29,,,,0
green-bay-packers-yearbook-2008-cv-2,nfl-books,nfl-books/text_all/green-bay-packers-yearbook-2008-cv-2.txt,Green Bay Packers Yearbook 2008,2008,1,ocr-text,unread,unread,unread,,247649,42545,1869,2020,2008,149,0,0,0,9,9,12,0,48,1,21,43,,,,0
cleveland-browns-2024-season-review-c,nfl-books,nfl-books/text_all/cleveland-browns-2024-season-review-c.txt,Cleveland Browns 2024 Season Review,2025,1,ocr-text,unread,unread,unread,,185947,33100,1946,2026,2024,564,0,0,0,1,3,1,0,73,7,8,16,,,,0
cleveland-browns-yearbook-2025-cv-2,nfl-books,nfl-books/text_all/cleveland-browns-yearbook-2025-cv-2.txt,Cleveland Browns Yearbook 2025,2025,1,ocr-text,unread,unread,unread,,706887,112049,1865,2029,2023,354,0,0,0,199,124,90,0,0,9,2,0,,,,0
2025-10-16-pittsburgh-steelers-at-cincinnati-bengals-game-program-c,nfl-books,nfl-books/text_all/2025-10-16-pittsburgh-steelers-at-cincinnati-bengals-game-program-c.txt,GameDay! magazine | 2025-10-16 | Bengals vs. Steelers,2025,1,ocr-text,unread,unread,unread,,58189,9271,1851,2025,2025,15,0,0,0,2,2,2,1,103,3,0,0,overlapping,2025-10-26-new-york-jets-at-cincinnati-bengals-game-program-c,0.5,3
jets-1971-media-guide-new-york-c,nfl-books,nfl-books/text_all/jets-1971-media-guide-new-york-c.txt,New York Jets 1971 Media Guide,1971,1,ocr-text,unread,unread,unread,,240132,40481,1851,2025,1970,165,2,0,0,21,157,56,0,28,195,24,26,,,,0
jets-1987-media-guide-new-york-c,nfl-books,nfl-books/text_all/jets-1987-media-guide-new-york-c.txt,New York Jets 1987 Media Guide,1987,1,ocr-text,unread,unread,unread,,546089,92038,1862,2027,1986,295,1,0,0,51,187,30,0,27,743,35,83,,,,0
tampa-bay-buccaneers-2025-season-review,nfl-books,nfl-books/text_all/tampa-bay-buccaneers-2025-season-review.txt,Tampa Bay Buccaneers 2025 Season Review,2026,1,ocr-text,unread,unread,unread,,615520,101405,1947,2026,2025,1029,1,0,1,153,233,91,0,154,61,37,23,,,,0
baltimore-ravens-yearbook-2020-c_202512,nfl-books,nfl-books/text_all/baltimore-ravens-yearbook-2020-c_202512.txt,Baltimore Ravens Yearbook 2020,2020,1,ocr-text,unread,unread,unread,,144026,22500,1868,2021,2020,50,0,0,0,18,83,3,0,0,2,3,0,,,,0
pittsburgh-steelers-season-review-2019-c,nfl-books,nfl-books/text_all/pittsburgh-steelers-season-review-2019-c.txt,Pittsburgh Steelers Season Review 2019,2020,1,ocr-text,unread,unread,unread,,600988,112624,1886,2028,2019,1000,0,0,0,5,2,4,0,188,24,43,71,,,,0
pittsburgh-steelers-season-review-2023-c,nfl-books,nfl-books/text_all/pittsburgh-steelers-season-review-2023-c.txt,Pittsburgh Steelers Season Review 2023,2024,1,ocr-text,unread,unread,unread,,1335518,261696,1893,2028,2023,2269,1,0,0,0,73,1,0,318,56,94,163,,,,0
pittsburgh-steelers-yearbook-1993-cv-2,nfl-books,nfl-books/text_all/pittsburgh-steelers-yearbook-1993-cv-2.txt,Pittsburgh Steelers Yearbook 1993,1993,1,ocr-text,unread,unread,unread,,67335,10886,1889,2019,1992,77,0,0,0,7,5,29,1,0,2,0,1,,,,0
washington-redskins-postseason-media-guide-2015-c,nfl-books,nfl-books/text_all/washington-redskins-postseason-media-guide-2015-c.txt,Washington Redskins Postseason Media Guide 2015,2016,1,ocr-text,unread,unread,unread,,1758280,299900,1920,2016,2015,3733,2,0,1,150,21,162,0,4,30,257,398,,,,0
washington-commanders-season-review-2024-c,nfl-books,nfl-books/text_all/washington-commanders-season-review-2024-c.txt,Washington Commanders Season Review 2024,2025,1,ocr-text,unread,unread,unread,,913246,135756,1909,2029,2024,808,1,0,0,117,15,231,0,133,2623,16,73,overlapping,commanders-2024-media-guide-washington-c,0.247,1
2026-01-04-baltimore-ravens-at-pittsburgh-steelers-gameday-program-c,nfl-books,nfl-books/text_all/2026-01-04-baltimore-ravens-at-pittsburgh-steelers-gameday-program-c.txt,GameDay! magazine | 2026-01-04 | Ravens at Steelers,2026,1,ocr-text,unread,unread,unread,,209176,33729,1887,2029,2020,96,0,0,0,22,2,37,0,43,75,4,14,overlapping,2025-12-15-miami-dolphins-at-pittsburgh-steelers-gameday-program-c,0.552,4
2020-09-27-houston-texans-at-pittsburgh-steelers-gameday-program-c,nfl-books,nfl-books/text_all/2020-09-27-houston-texans-at-pittsburgh-steelers-gameday-program-c.txt,GameDay! magazine | 2020-09-27 | Texans at Steelers,2020,1,ocr-text,unread,unread,unread,,168326,27388,1869,2029,2020,103,0,0,0,18,3,32,0,7,50,2,11,overlapping,2020-10-11-philadelphia-eagles-at-pittsburgh-steelers-gameday-program-c,0.38,4
green-bay-packers-yearbook-1975-cv-2,nfl-books,nfl-books/text_all/green-bay-packers-yearbook-1975-cv-2.txt,Green Bay Packers Yearbook 1975,1975,1,ocr-text,unread,unread,unread,,277994,47187,1858,2022,1974,153,1,0,1,12,28,2,0,435,32,5,36,,,,0
green-bay-packers-yearbook-2015-cv-2,nfl-books,nfl-books/text_all/green-bay-packers-yearbook-2015-cv-2.txt,Green Bay Packers Yearbook 2015,2015,1,ocr-text,unread,unread,unread,,198264,33097,1861,2024,2014,125,0,0,0,4,2,1,0,40,1,3,29,,,,0
green-bay-packers-yearbook-1989-cv-2,nfl-books,nfl-books/text_all/green-bay-packers-yearbook-1989-cv-2.txt,Green Bay Packers Yearbook 1989,1989,1,ocr-text,unread,unread,unread,,335097,56161,1859,2023,1988,221,3,0,0,9,4,3,1,150,69,8,28,,,,0
green-bay-packers-yearbook-2004-cv-2,nfl-books,nfl-books/text_all/green-bay-packers-yearbook-2004-cv-2.txt,Green Bay Packers Yearbook 2004,2004,1,ocr-text,unread,unread,unread,,442620,75452,1861,2028,2003,260,1,0,0,13,0,7,2,162,129,5,4,,,,0
miami-dolphins-yearbook-2025-cv-2,nfl-books,nfl-books/text_all/miami-dolphins-yearbook-2025-cv-2.txt,Miami Dolphins Yearbook 2025,2025,1,ocr-text,unread,unread,unread,,108574,16942,1905,2029,2025,49,0,0,0,15,11,2,0,11,1,5,1,,,,0
gameday-magazine-2022-01-02-washington-football-team,nfl-books,nfl-books/text_all/gameday-magazine-2022-01-02-washington-football-team.txt,GameDay! magazine | 2022-01-02 | Eagles at Washington Football Team,2022,1,ocr-text,unread,unread,unread,,152368,24545,1864,2022,2021,100,0,0,2,17,4,22,0,21,73,3,0,,,,0
detroit-lions-yearbook-2004-cv-2,nfl-books,nfl-books/text_all/detroit-lions-yearbook-2004-cv-2.txt,Detroit Lions Yearbook 2004,2004,1,ocr-text,unread,unread,unread,,115749,18177,1925,2009,2003,64,0,0,0,5,24,2,0,0,0,1,0,,,,0
atlanta-falcons-yearbook-2024-c,nfl-books,nfl-books/text_all/atlanta-falcons-yearbook-2024-c.txt,Atlanta Falcons Yearbook 2024,2024,1,ocr-text,unread,unread,unread,,227268,36213,1854,2026,2021,174,0,0,0,40,5,25,0,0,3,9,0,,,,0
baltimore-ravens-season-review-2014-c,nfl-books,nfl-books/text_all/baltimore-ravens-season-review-2014-c.txt,Baltimore Ravens Season Review 2014,2015,1,ocr-text,unread,unread,unread,,1262342,230241,1861,2020,2014,1743,0,0,1,8,16,2,0,279,22,131,222,,,,0
baltimore-ravens-yearbook-2021-c,nfl-books,nfl-books/text_all/baltimore-ravens-yearbook-2021-c.txt,Baltimore Ravens Yearbook 2021,2021,1,ocr-text,unread,unread,unread,,127271,19829,1922,2022,2021,52,0,0,0,7,94,3,0,1,1,6,0,,,,0
baltimore-ravens-draft-guide-2023-c,nfl-books,nfl-books/text_all/baltimore-ravens-draft-guide-2023-c.txt,Baltimore Ravens Draft Guide 2023,2023,1,ocr-text,unread,unread,unread,,388440,66449,1967,2024,2023,186,4,0,1,43,1,3,0,1,90,0,0,,,,0
baltimore-ravens-season-review-2009-c,nfl-books,nfl-books/text_all/baltimore-ravens-season-review-2009-c.txt,Baltimore Ravens Season Review 2009,2010,1,ocr-text,unread,unread,unread,,1159936,220333,1855,2029,2009,1577,2,0,0,11,7,1,0,143,33,237,496,,,,0
baltimore-ravens-season-review-2013-c,nfl-books,nfl-books/text_all/baltimore-ravens-season-review-2013-c.txt,Baltimore Ravens Season Review 2013,2014,1,ocr-text,unread,unread,unread,,953390,174576,1873,2026,2013,1497,0,0,1,7,36,4,0,200,17,94,118,,,,0
baltimore-ravens-season-review-2019-alt-c,nfl-books,nfl-books/text_all/baltimore-ravens-season-review-2019-alt-c.txt,Baltimore Ravens Season Review 2019 Alternate,2020,1,ocr-text,unread,unread,unread,,153422,31492,1978,2020,2019,134,0,0,0,0,1,0,0,1,9,53,60,,,,0
2025-12-15-miami-dolphins-at-pittsburgh-steelers-gameday-program-c,nfl-books,nfl-books/text_all/2025-12-15-miami-dolphins-at-pittsburgh-steelers-gameday-program-c.txt,GameDay! magazine | 2025-12-15 | Dolphins at Steelers,2025,1,ocr-text,unread,unread,unread,,207590,33232,1875,2029,2020,92,0,0,0,24,2,33,1,0,76,5,1,overlapping,2026-01-04-baltimore-ravens-at-pittsburgh-steelers-gameday-program-c,0.556,4
49ers-report-1994-12-27-v-10.10-c,nfl-books,nfl-books/text_all/49ers-report-1994-12-27-v-10.10-c.txt,"49ers Report V10.10: December 27, 1994",1994,1,ocr-text,unread,unread,unread,,73768,12424,1867,2027,1994,47,0,0,0,2,0,5,0,0,1,2,17,,,,0
49ers-report-1995-12-11-v-11.09-c,nfl-books,nfl-books/text_all/49ers-report-1995-12-11-v-11.09-c.txt,"49ers Report V11.09: December 11, 1995",1995,1,ocr-text,unread,unread,unread,,104507,18059,1895,2029,1995,68,0,0,0,4,0,2,0,1,0,5,1,,,,0
2025-10-26-new-york-jets-at-cincinnati-bengals-game-program-c,nfl-books,nfl-books/text_all/2025-10-26-new-york-jets-at-cincinnati-bengals-game-program-c.txt,GameDay! magazine | 2025-10-26 | Bengals vs. Jets,2025,1,ocr-text,unread,unread,unread,,58060,9329,1851,2025,2025,16,0,0,0,2,2,2,1,101,2,0,0,overlapping,2025-11-23-new-england-patriots-at-cincinnati-bengals-game-program-c,0.532,6
pittsburgh-steelers-season-review-2016-c,nfl-books,nfl-books/text_all/pittsburgh-steelers-season-review-2016-c.txt,Pittsburgh Steelers Season Review 2016,2017,1,ocr-text,unread,unread,unread,,850424,149172,1864,2018,2016,1475,0,0,0,4,17,8,0,73,36,59,274,,,,0
green-bay-packers-yearbook-1961-cv-2,nfl-books,nfl-books/text_all/green-bay-packers-yearbook-1961-cv-2.txt,Green Bay Packers Yearbook 1961,1961,1,ocr-text,unread,unread,unread,,110612,20690,1901,1992,1960,31,0,1,1,6,0,0,4,0,1,0,0,,,,0
minnesota-vikings-yearbook-2025-cv-2,nfl-books,nfl-books/text_all/minnesota-vikings-yearbook-2025-cv-2.txt,Minnesota Vikings Yearbook 2025,2025,1,ocr-text,unread,unread,unread,,273968,42630,1878,2028,2024,113,1,0,0,54,3,50,0,1,0,5,0,,,,0
pro-magazine-1975-11-09-eagles-vs.-cardinals-c,nfl-books,nfl-books/text_all/pro-magazine-1975-11-09-eagles-vs.-cardinals-c.txt,Pro! magazine | 1975-11-09 | Eagles vs. Cardinals,1975,1,ocr-text,unread,unread,unread,,254991,42157,1886,2010,1975,102,1,0,0,13,4,7,0,3,2,9,22,,,,0
pittsburgh-steelers-season-review-2014-c,nfl-books,nfl-books/text_all/pittsburgh-steelers-season-review-2014-c.txt,Pittsburgh Steelers Season Review 2014,2015,1,ocr-text,unread,unread,unread,,925837,163045,1939,2015,2014,1612,0,0,0,13,26,10,0,97,39,67,218,,,,0
pittsburgh-steelers-weekly-1984-04-cv-2,nfl-books,nfl-books/text_all/pittsburgh-steelers-weekly-1984-04-cv-2.txt,Pittsburgh Steelers Weekly V05.24 | April 1984,1984,1,ocr-text,unread,unread,unread,,143927,23749,1919,1986,1984,74,0,0,0,6,1,4,0,0,1,1,0,,,,0
miami-dolphins-1986-pre-season-prospectus-c,nfl-books,nfl-books/text_all/miami-dolphins-1986-pre-season-prospectus-c.txt,Miami Dolphins 1986 Pre-Season Prospectus,1986,1,ocr-text,unread,unread,unread,,88702,15459,1925,1986,1985,57,0,1,0,1,1,0,0,26,3,4,8,,,,0
miami-dolphins-1988-pre-season-prospectus-c,nfl-books,nfl-books/text_all/miami-dolphins-1988-pre-season-prospectus-c.txt,Miami Dolphins 1988 Pre-Season Prospectus,1988,1,ocr-text,unread,unread,unread,,140268,24396,1886,1989,1987,105,0,0,1,2,12,2,0,79,18,8,78,,,,0
miami-dolphins-season-review-2019-c,nfl-books,nfl-books/text_all/miami-dolphins-season-review-2019-c.txt,Miami Dolphins Season Review 2019,2020,1,ocr-text,unread,unread,unread,,901432,155179,1905,2025,2019,1291,0,0,1,209,154,35,0,43,72,28,164,,,,0
new-york-jets-yearbook-1994-cv-2,nfl-books,nfl-books/text_all/new-york-jets-yearbook-1994-cv-2.txt,New York Jets Yearbook 1994,1994,1,ocr-text,unread,unread,unread,,121933,19875,1926,1995,1993,63,0,0,1,6,1,10,1,1,0,9,3,,,,0
philadelphia-eagles-1982-yearbook-c,nfl-books,nfl-books/text_all/philadelphia-eagles-1982-yearbook-c.txt,Philadelphia Eagles 1982 Yearbook,1982,1,ocr-text,unread,unread,unread,,99066,16756,1924,2022,1981,86,0,0,0,16,14,13,0,0,34,1,0,,,,0
super-bowl-xviii-game-program-1984-redskins-vs-raiders-cv-2,nfl-books,nfl-books/text_all/super-bowl-xviii-game-program-1984-redskins-vs-raiders-cv-2.txt,Super Bowl XVIII Game Program 1984,1984,1,ocr-text,unread,unread,unread,,518096,86315,1875,2000,1983,695,2,0,0,22,3,3,0,4,5,6,275,,,,0
philadelphia-eagles-1975-yearbook-c,nfl-books,nfl-books/text_all/philadelphia-eagles-1975-yearbook-c.txt,Philadelphia Eagles 1975 Yearbook,1975,1,ocr-text,unread,unread,unread,,197979,32529,1867,1986,1974,138,1,0,0,14,147,83,0,1,2,9,23,,,,0
49ers-report-1995-10-02-v-10.25-c,nfl-books,nfl-books/text_all/49ers-report-1995-10-02-v-10.25-c.txt,"49ers Report V10.25: October 2, 1995",1995,1,ocr-text,club newsletter (weekly),statistics,"read-2026-09-07-yearbooks (stratified sample n=56 of 2,462 post-1950 texts, seed 20260907)",85 KB match report; a practice-squad list is the only per-man table,88744,15508,1867,2023,1995,50,0,0,0,4,0,0,0,5,0,6,5,,,,0
sports-illustrated-1985-10-21-bears-on-the-prowl-a-b,nfl-books,nfl-books/text_all/sports-illustrated-1985-10-21-bears-on-the-prowl-a-b.txt,Sports Illustrated: 1985-10-21 | Bears on the Prowl,1985,1,ocr-text,unread,unread,unread,,305727,50755,1863,2020,1985,57,36,1,0,11,2,4,1,1,2,0,0,,,,0
sports-illustrated-1986-12-08-big-bad-bears-a-b,nfl-books,nfl-books/text_all/sports-illustrated-1986-12-08-big-bad-bears-a-b.txt,"Sports Illustrated: 1986-12-08 | Big, Bad Bears",1986,1,ocr-text,unread,unread,unread,,258540,42766,1898,1992,1986,53,20,0,5,20,2,8,0,0,3,0,0,,,,0
49ers-report-1994-11-07-v-10.03-c,nfl-books,nfl-books/text_all/49ers-report-1994-11-07-v-10.03-c.txt,"49ers Report V10.03: November 7, 1994",1994,1,ocr-text,unread,unread,unread,,89129,15199,1867,2026,1994,69,0,0,0,0,2,1,0,0,1,3,3,,,,0
pittsburgh-steelers-weekly-1984-05-cv-2,nfl-books,nfl-books/text_all/pittsburgh-steelers-weekly-1984-05-cv-2.txt,Pittsburgh Steelers Weekly V05.25 | May 1984,1984,1,ocr-text,unread,unread,unread,,239572,39932,1957,2027,1984,125,0,0,0,4,3,3,0,0,2,0,0,,,,0
pittsburgh-steelers-yearbook-1991-cv-2,nfl-books,nfl-books/text_all/pittsburgh-steelers-yearbook-1991-cv-2.txt,Pittsburgh Steelers Yearbook 1991,1991,1,ocr-text,unread,unread,unread,,76269,12500,1851,1991,1990,76,0,0,1,9,5,12,0,0,0,1,6,,,,0
2025-09-22-detroit-lions-at-baltimore-ravens-game-program-c,nfl-books,nfl-books/text_all/2025-09-22-detroit-lions-at-baltimore-ravens-game-program-c.txt,GameDay! magazine | 2025-09-22 | Lions at Ravens,2025,1,ocr-text,unread,unread,unread,,36072,6259,2008,2025,2025,23,0,0,0,0,1,1,0,51,0,5,3,,,,0
2025-12-21-new-england-patriots-at-baltimore-ravens-game-program,nfl-books,nfl-books/text_all/2025-12-21-new-england-patriots-at-baltimore-ravens-game-program.txt,GameDay! magazine | 2025-12-21 | Patriots at Ravens,2025,1,ocr-text,unread,unread,unread,,41401,7180,1950,2026,2025,18,0,0,1,0,0,0,0,52,0,4,0,,,,0
super-bowl-xxxi-game-program-1997-packers-vs-patriots-cv-2,nfl-books,nfl-books/text_all/super-bowl-xxxi-game-program-1997-packers-vs-patriots-cv-2.txt,Super Bowl XXXI Game Program 1997,1997,1,ocr-text,unread,unread,unread,,621006,103142,1857,2028,1996,465,0,1,2,19,3,26,1,8,82,11,48,,,,0
super-bowl-xii-game-program-1978-cowboys-vs-broncos-cv-2,nfl-books,nfl-books/text_all/super-bowl-xii-game-program-1978-cowboys-vs-broncos-cv-2.txt,Super Bowl XII Game Program 1978,1978,1,ocr-text,unread,unread,unread,,348822,58371,1863,2016,1977,467,1,0,1,11,2,5,0,31,12,6,287,,,,0
tennessee-titans-2020-season-review-c,nfl-books,nfl-books/text_all/tennessee-titans-2020-season-review-c.txt,Tennessee Titans 2020 Season Review,2021,1,ocr-text,unread,unread,unread,,4089152,739998,1851,2027,2020,7622,4,0,4,287,255,213,0,290,824,730,1396,,,,0
tennessee-titans-yearbook-2019_202511,nfl-books,nfl-books/text_all/tennessee-titans-yearbook-2019_202511.txt,Tennessee Titans Yearbook 2019,2019,1,ocr-text,unread,unread,unread,,100254,15736,1960,2020,2019,42,0,0,0,7,3,11,0,4,1,2,0,,,,0
2025-09-14-jacksonville-jaguars-at-cincinnati-bengals-game-program-c,nfl-books,nfl-books/text_all/2025-09-14-jacksonville-jaguars-at-cincinnati-bengals-game-program-c.txt,GameDay! magazine | 2025-09-14 | Bengals vs. Jaguars,2025,1,ocr-text,unread,unread,unread,,57228,9150,1851,2025,2025,13,0,0,1,2,2,5,1,99,2,0,0,overlapping,2025-12-14-baltimore-ravens-at-cincinnati-bengals-game-program-c,0.397,4
2023-12-31-san-francisco-49ers-at-washingotn-commanders-gameday-program-c,nfl-books,nfl-books/text_all/2023-12-31-san-francisco-49ers-at-washingotn-commanders-gameday-program-c.txt,GameDay! magazine | 2023-12-31 | 49ers at Commanders,2023,1,ocr-text,unread,unread,unread,,130387,20627,1877,2024,2023,88,1,0,2,21,5,26,0,24,59,2,0,overlapping,2023-10-05-chicago-bears-at-washington-commanders-gameday-program-c,0.35,2
baltimore-ravens-draft-guide-2024-c,nfl-books,nfl-books/text_all/baltimore-ravens-draft-guide-2024-c.txt,Baltimore Ravens Draft Guide 2024,2024,1,ocr-text,unread,unread,unread,,325383,55662,1965,2025,2024,154,2,0,1,36,0,2,99,3,28,1,0,,,,0
baltimore-ravens-yearbook-2022-c,nfl-books,nfl-books/text_all/baltimore-ravens-yearbook-2022-c.txt,Baltimore Ravens Yearbook 2022,2022,1,ocr-text,unread,unread,unread,,143180,22373,1872,2023,2022,64,1,0,0,7,87,2,0,65,0,5,0,,,,0
796.332640977132-false-start-how-the-new-browns-were-set-up-to-fail-by-terry-pluto-2004,nfl-books,nfl-books/text_all/796.332640977132-false-start-how-the-new-browns-were-set-up-to-fail-by-terry-pluto-2004.txt,False Start: How the New Browns Were Set-up to Fail,2004,1,ocr-text,unread,unread,unread,,269318,47558,1945,2004,1999,89,2,1,0,9,3,14,0,0,0,0,0,,,,0
796.332640977311-chicago-tribunes-book-of-the-chicago-bears-a-decade-by-decade-history-2015,nfl-books,nfl-books/text_all/796.332640977311-chicago-tribunes-book-of-the-chicago-bears-a-decade-by-decade-history-2015.txt,The Chicago Tribune Book of the Chicago Bears: A Decade by Decade History,2015,1,ocr-text,unread,unread,unread,,64781,10823,1895,2015,1965,37,2,0,0,9,1,3,0,0,0,0,0,,,,0
2025-10-12-cincinnati-bengals-at-green-bay-packers-gameday-program-c,nfl-books,nfl-books/text_all/2025-10-12-cincinnati-bengals-at-green-bay-packers-gameday-program-c.txt,GameDay! magazine | 2025-10-12 | Bengals at Packers,2025,1,ocr-text,unread,unread,unread,,313080,49021,1878,2028,2025,138,1,0,0,32,1,44,0,16,130,0,0,subset,2025-11-02-carolina-panthers-at-green-bay-packers-gameday-program-c,0.61,3
2025-09-07-detroit-lions-at-green-bay-packers-gameday-program-c,nfl-books,nfl-books/text_all/2025-09-07-detroit-lions-at-green-bay-packers-gameday-program-c.txt,GameDay! magazine | 2025-09-07 | Lions at Packers,2025,1,ocr-text,unread,unread,unread,,310150,48670,1878,2028,2025,131,0,0,0,29,2,33,0,15,126,0,0,near-identical,2025-08-09-new-york-jets-at-green-bay-packers-gameday-program-preseason-c,0.843,2
2025-11-16-cincinnati-bengals-at-pittsburgh-steelers-gameday-program-c,nfl-books,nfl-books/text_all/2025-11-16-cincinnati-bengals-at-pittsburgh-steelers-gameday-program-c.txt,GameDay! magazine | 2025-11-16 | Bengals at Steelers,2025,1,ocr-text,unread,unread,unread,,198849,32109,1865,2029,2020,92,0,0,0,22,1,37,0,1,75,5,1,overlapping,2025-11-30-buffalo-bills-at-pittsburgh-steelers-gameday-program-c,0.5,4
49ers-report-1994-12-05-v-10.07-c,nfl-books,nfl-books/text_all/49ers-report-1994-12-05-v-10.07-c.txt,"49ers Report V10.07: December 5, 1994",1994,1,ocr-text,unread,unread,unread,,85548,14312,1867,2028,1994,59,0,1,0,2,0,0,0,1,1,3,1,,,,0
2025-09-14-cleveland-browns-at-baltimore-ravens-game-program-c,nfl-books,nfl-books/text_all/2025-09-14-cleveland-browns-at-baltimore-ravens-game-program-c.txt,GameDay! magazine | 2025-09-14 | Browns at Ravens,2025,1,ocr-text,unread,unread,unread,,35370,5902,2008,2025,2025,16,0,0,0,1,1,1,0,23,12,3,1,,,,0
2025-10-05-houston-texans-at-baltimore-ravens-game-program,nfl-books,nfl-books/text_all/2025-10-05-houston-texans-at-baltimore-ravens-game-program.txt,GameDay! magazine | 2025-10-05 | Texans at Ravens,2025,1,ocr-text,unread,unread,unread,,36279,6298,2008,2025,2025,20,0,0,0,0,1,2,0,48,0,3,1,,,,0
green-bay-packers-annual-report-2023,nfl-books,nfl-books/text_all/green-bay-packers-annual-report-2023.txt,Green Bay Packers Annual Report 2023,2023,1,ocr-text,unread,unread,unread,,65312,10344,1923,2025,2022,9,0,0,0,12,0,1,0,0,1,0,0,,,,0
indianapolis-colts-yearbook-2025-cv-2,nfl-books,nfl-books/text_all/indianapolis-colts-yearbook-2025-cv-2.txt,Indianapolis Colts Yearbook 2025,2025,1,ocr-text,unread,unread,unread,,188042,29237,1878,2029,2024,133,0,0,0,8,91,14,0,0,1,0,0,,,,0
baltimore-ravens-draft-guide-2022-c,nfl-books,nfl-books/text_all/baltimore-ravens-draft-guide-2022-c.txt,Baltimore Ravens Draft Guide 2022,2022,1,ocr-text,unread,unread,unread,,518226,88320,1909,2024,2022,258,7,1,6,36,3,8,62,1,79,1,0,,,,0
baltimore-ravens-season-review-2020-c,nfl-books,nfl-books/text_all/baltimore-ravens-season-review-2020-c.txt,Baltimore Ravens Season Review 2020,2021,1,ocr-text,unread,unread,unread,,371305,66962,1932,2021,2020,369,0,0,0,3,1,0,0,234,37,77,215,,,,0
atlanta-falcons-yearbook-2015-2015-08-01-c,nfl-books,nfl-books/text_all/atlanta-falcons-yearbook-2015-2015-08-01-c.txt,Atlanta Falcons Yearbook 2015,2015,1,ocr-text,unread,unread,unread,,225983,36992,1905,2020,2014,97,1,0,0,24,1,15,0,0,1,0,0,,,,0
2020-12-27-indianapolis-colts-at-pittsburgh-steelers-gameday-program-c,nfl-books,nfl-books/text_all/2020-12-27-indianapolis-colts-at-pittsburgh-steelers-gameday-program-c.txt,GameDay! magazine | 2020-12-27 | Colts at Steelers,2020,1,ocr-text,unread,unread,unread,,173109,28086,1869,2026,2020,130,0,0,0,16,2,33,0,43,49,2,10,overlapping,2020-12-01-baltimore-ravens-at-pittsburgh-steelers-gameday-program-c,0.455,1
2020-10-11-philadelphia-eagles-at-pittsburgh-steelers-gameday-program-c,nfl-books,nfl-books/text_all/2020-10-11-philadelphia-eagles-at-pittsburgh-steelers-gameday-program-c.txt,GameDay! magazine | 2020-10-11 | Eagles at Steelers,2020,1,ocr-text,unread,unread,unread,,162897,26231,1901,2029,2020,110,0,0,0,16,3,34,0,60,49,2,24,overlapping,2020-09-27-houston-texans-at-pittsburgh-steelers-gameday-program-c,0.412,3
2025-10-12-los-angeles-rams-at-baltimore-ravens-game-program,nfl-books,nfl-books/text_all/2025-10-12-los-angeles-rams-at-baltimore-ravens-game-program.txt,GameDay! magazine | 2025-10-12 | Rams at Ravens,2025,1,ocr-text,unread,unread,unread,,37623,6604,1970,2025,2025,15,0,0,0,1,0,1,0,47,0,5,0,,,,0
washington-redskins-season-review-2018-c,nfl-books,nfl-books/text_all/washington-redskins-season-review-2018-c.txt,Washington Redskins Season Review 2018,2019,1,ocr-text,unread,unread,unread,,1784975,310760,1855,2028,2018,3155,1,0,2,143,19,136,0,190,57,243,425,,,,0
super-bowl-lii-game-program-2018-eagles-vs-patriots-cv-2,nfl-books,nfl-books/text_all/super-bowl-lii-game-program-2018-eagles-vs-patriots-cv-2.txt,Super Bowl LII Game Program 2018,2018,1,ocr-text,unread,unread,unread,,519373,84556,1891,2023,2017,607,3,0,0,17,1,15,0,73,3,0,53,,,,0
super-bowl-xxvii-game-program-1993-cowboys-vs-bills-cv-2,nfl-books,nfl-books/text_all/super-bowl-xxvii-game-program-1993-cowboys-vs-bills-cv-2.txt,Super Bowl XXVII Game Program 1993,1993,1,ocr-text,unread,unread,unread,,715854,119424,1863,2026,1992,959,3,0,0,8,1,13,5,24,11,0,4,,,,0
tampa-bay-buccaneers-yearbook-2022-cv-2,nfl-books,nfl-books/text_all/tampa-bay-buccaneers-yearbook-2022-cv-2.txt,Tampa Bay Buccaneers Yearbook 2022,2022,1,ocr-text,unread,unread,unread,,216462,35170,1942,2023,2022,75,0,0,0,9,0,6,1,0,0,0,0,,,,0
tennessee-titans-2015-season-review-c,nfl-books,nfl-books/text_all/tennessee-titans-2015-season-review-c.txt,Tennessee Titans 2015 Season Review,2016,1,ocr-text,unread,unread,unread,,3107926,564307,1850,2026,2015,5863,2,0,5,286,251,172,2,234,284,530,1065,,,,0
tennessee-titans-2019-season-review-c,nfl-books,nfl-books/text_all/tennessee-titans-2019-season-review-c.txt,Tennessee Titans 2019 Season Review,2020,1,ocr-text,unread,unread,unread,,4103709,735626,1851,2023,2019,8195,2,0,7,281,246,191,0,260,667,713,1038,,,,0
2025-12-14-baltimore-ravens-at-cincinnati-bengals-game-program-c,nfl-books,nfl-books/text_all/2025-12-14-baltimore-ravens-at-cincinnati-bengals-game-program-c.txt,GameDay! magazine | 2025-12-14 | Bengals vs. Ravens,2025,1,ocr-text,unread,unread,unread,,56848,9045,1851,2025,2025,16,0,0,0,2,2,2,1,98,2,0,0,overlapping,2025-11-23-new-england-patriots-at-cincinnati-bengals-game-program-c,0.494,3
2025-08-07-indianapolis-colts-at-baltimore-ravens-preseason-game-program-c,nfl-books,nfl-books/text_all/2025-08-07-indianapolis-colts-at-baltimore-ravens-preseason-game-program-c.txt,GameDay! magazine | 2025-08-07 | Colts at Ravens,2025,1,ocr-text,unread,unread,unread,,37424,6925,1959,2025,2025,19,0,0,0,0,0,1,0,80,0,4,0,,,,0
seattle-seahawks-yearbook-2025-cv-2,nfl-books,nfl-books/text_all/seattle-seahawks-yearbook-2025-cv-2.txt,Seattle Seahawks Yearbook 2025,2025,1,ocr-text,unread,unread,unread,,214346,33283,1866,2028,2024,99,6,0,0,23,0,22,1,0,2,2,0,,,,0
baltimore-ravens-season-review-2016-c,nfl-books,nfl-books/text_all/baltimore-ravens-season-review-2016-c.txt,Baltimore Ravens Season Review 2016,2017,1,ocr-text,unread,unread,unread,,251846,44598,1934,2017,2016,90,0,0,0,4,2,1,0,74,17,7,51,,,,0
2023-12-03-miami-dolphins-at-washingotn-commanders-gameday-program-c,nfl-books,nfl-books/text_all/2023-12-03-miami-dolphins-at-washingotn-commanders-gameday-program-c.txt,GameDay! magazine | 2023-12-03 | Dolphins at Commanders,2023,1,ocr-text,unread,unread,unread,,129957,20599,1877,2023,2023,77,1,0,2,19,4,26,0,24,58,2,4,overlapping,2023-11-19-new-york-giants-at-washingotn-commanders-gameday-program-c,0.577,3
2020-11-15-cincinnati-bengals-at-pittsburgh-steelers-gameday-program-c,nfl-books,nfl-books/text_all/2020-11-15-cincinnati-bengals-at-pittsburgh-steelers-gameday-program-c.txt,GameDay! magazine | 2020-11-15 | Bengals at Steelers,2020,1,ocr-text,unread,unread,unread,,163847,26446,1855,2029,2020,115,0,0,0,17,2,32,0,14,49,0,28,overlapping,2020-10-18-cleveland-browns-at-pittsburgh-steelers-gameday-program-c,0.531,3
pro-football-illustrated-1963-v-01.03-b,nfl-books,nfl-books/text_all/pro-football-illustrated-1963-v-01.03-b.txt,Pro Football Illustrated 1963,1963,1,ocr-text,unread,unread,unread,,288907,48799,1910,2022,1962,241,0,0,1,12,7,5,1,152,140,2,0,,,,0
pro-magazine-1976-10-24-c,nfl-books,nfl-books/text_all/pro-magazine-1976-10-24-c.txt,Pro! magazine | 1976-10-24 | Eagles vs. Vikings,1976,1,ocr-text,unread,unread,unread,,287884,47018,1875,2000,1976,135,7,0,0,11,7,9,0,76,1,11,47,,,,0
miami-dolphins-1989-pre-season-prospectus-c,nfl-books,nfl-books/text_all/miami-dolphins-1989-pre-season-prospectus-c.txt,Miami Dolphins 1989 Pre-Season Prospectus,1989,1,ocr-text,unread,unread,unread,,142897,24009,1925,2023,1988,146,0,0,0,4,10,1,0,84,7,9,18,,,,0
miami-dolphins-season-review-2018-c,nfl-books,nfl-books/text_all/miami-dolphins-season-review-2018-c.txt,Miami Dolphins Season Review 2018,2019,1,ocr-text,unread,unread,unread,,985259,172168,1870,2029,2018,1431,1,0,2,201,174,26,0,243,18,51,163,,,,0
miami-dolphins-season-review-2023-c,nfl-books,nfl-books/text_all/miami-dolphins-season-review-2023-c.txt,Miami Dolphins Season Review 2023,2023,1,ocr-text,unread,unread,unread,,1225145,213173,1909,2028,2023,2019,1,0,2,172,212,24,0,221,57,37,122,,,,0
baltimore-ravens-yearbook-2023-c,nfl-books,nfl-books/text_all/baltimore-ravens-yearbook-2023-c.txt,Baltimore Ravens Yearbook 2023,2023,1,ocr-text,unread,unread,unread,,158122,25435,1877,2029,2023,67,0,0,1,11,70,2,1,75,0,1,3,,,,0
baltimore-ravens-season-review-2010,nfl-books,nfl-books/text_all/baltimore-ravens-season-review-2010.txt,Baltimore Ravens Season Review 2010,2011,1,ocr-text,unread,unread,unread,,1145540,217537,1851,2028,2010,1686,1,0,1,8,46,4,0,195,88,149,361,,,,0
cleveland-browns-2023-season-review,nfl-books,nfl-books/text_all/cleveland-browns-2023-season-review.txt,Cleveland Browns 2023 Season Review,2024,1,ocr-text,unread,unread,unread,,233578,39989,1946,2028,2023,757,0,0,0,0,1,1,0,153,12,15,41,,,,0
washington-commanders-2025-season-in-review,nfl-books,nfl-books/text_all/washington-commanders-2025-season-in-review.txt,Washington Commanders Season Review 2025,2026,1,ocr-text,unread,unread,unread,,707967,104348,1913,2029,2024,706,1,0,0,36,23,154,0,165,2361,17,53,,,,0
athlon-sports-2018-nfl-draft-guide-c,nfl-books,nfl-books/text_all/athlon-sports-2018-nfl-draft-guide-c.txt,Athlon Sports 2018 NFL Draft Guide,2018,1,ocr-text,unread,unread,unread,,598298,102945,1910,2027,2017,257,7,0,0,18,223,5,0,2,78,3,0,,,,0
lindys-pro-football-draft-2019-cv-2,nfl-books,nfl-books/text_all/lindys-pro-football-draft-2019-cv-2.txt,Lindy's Pro Football Draft 2019,2019,1,ocr-text,unread,unread,unread,,943410,155200,1934,2021,2018,602,8,0,9,78,18,16,3,22,8,2,1,,,,0
pro-magazine-1972-08-07-c,nfl-books,nfl-books/text_all/pro-magazine-1972-08-07-c.txt,Pro! magazine | 1972-08-07 | Eagles vs. Saints,1972,1,ocr-text,unread,unread,unread,,202080,33461,1865,2005,1972,151,1,0,0,10,4,8,1,47,1,6,15,,,,0
pro-magazine-1974-10-13-colts-vs.-bills-c,nfl-books,nfl-books/text_all/pro-magazine-1974-10-13-colts-vs.-bills-c.txt,Pro! magazine | 1974-10-13 | Colts vs. Bills,1974,1,ocr-text,unread,unread,unread,,268480,44325,1900,2011,1974,152,2,0,1,10,2,9,0,3,6,1,0,,,,0
chicago-bears-yearbook-2025-cv-2,nfl-books,nfl-books/text_all/chicago-bears-yearbook-2025-cv-2.txt,Chicago Bears Yearbook 2025,2025,1,ocr-text,unread,unread,unread,,344938,59331,1852,2029,2025,154,1,0,0,40,1,26,0,17,144,2,4,,,,0
pittsburgh-steelers-season-review-2010-c,nfl-books,nfl-books/text_all/pittsburgh-steelers-season-review-2010-c.txt,Pittsburgh Steelers Season Review 2010,2011,1,ocr-text,unread,unread,unread,,904114,158695,1924,2022,2010,1602,0,0,0,5,18,7,0,82,72,104,302,,,,0
pittsburgh-steelers-season-review-2012-c,nfl-books,nfl-books/text_all/pittsburgh-steelers-season-review-2012-c.txt,Pittsburgh Steelers Season Review 2012,2013,1,ocr-text,unread,unread,unread,,631672,111129,1941,2017,2012,911,0,0,1,8,35,10,0,84,35,58,96,,,,0
pittsburgh-steelers-yearbook-1990-cv-2,nfl-books,nfl-books/text_all/pittsburgh-steelers-yearbook-1990-cv-2.txt,Pittsburgh Steelers Yearbook 1990,1990,1,ocr-text,unread,unread,unread,,101518,16531,1925,2008,1989,105,0,0,0,13,5,18,1,75,0,0,35,,,,0
super-bowl-xlvi-2012-giants-vs-patriots-cv-2,nfl-books,nfl-books/text_all/super-bowl-xlvi-2012-giants-vs-patriots-cv-2.txt,Super Bowl XLVI Game Program 2012,2012,1,ocr-text,unread,unread,unread,,511347,82893,1875,2016,2011,729,0,0,1,10,2,14,0,52,80,5,40,,,,0
super-bowl-liv-game-program-2020-49ers-vs-chiefs-c,nfl-books,nfl-books/text_all/super-bowl-liv-game-program-2020-49ers-vs-chiefs-c.txt,Super Bowl LIV Game Program 2020,2020,1,ocr-text,unread,unread,unread,,540208,88059,1920,2027,2019,557,0,0,0,12,2,6,0,7,41,3,58,,,,0
2025-09-14-seattle-seahawks-at-pittsburgh-steelers-game-program-c,nfl-books,nfl-books/text_all/2025-09-14-seattle-seahawks-at-pittsburgh-steelers-game-program-c.txt,GameDay! magazine | 2025-09-14 | Seahawks at Steelers,2005,1,ocr-text,unread,unread,unread,,196089,31388,1874,2028,2024,93,0,0,0,25,2,31,0,19,75,5,1,overlapping,2025-10-12-cleveland-browns-at-pittsburgh-steelers-gameday-program-c,0.347,1
inside-sports-1985-08-pro-football-85-c_202208,nfl-books,nfl-books/text_all/inside-sports-1985-08-pro-football-85-c_202208.txt,Inside Sports magazine: 1985-08 | NFL Preview,1985,1,ocr-text,unread,unread,unread,,322131,54174,1865,2018,1985,42,71,0,1,6,2,4,0,2,0,4,0,overlapping,inside-sports-1985-08-pro-football-85-c,0.399,1
inside-sports-1985-08-pro-football-85-c,nfl-books,nfl-books/text_all/inside-sports-1985-08-pro-football-85-c.txt,Inside Sports magazine: 1985-08 | NFL Preview,1985,1,ocr-text,unread,unread,unread,,332272,56002,1851,2000,1985,42,71,0,1,6,2,4,0,0,0,4,0,overlapping,inside-sports-1985-08-pro-football-85-c_202208,0.391,1
alberta-oilers-1972-73-media-guide-c,nfl-books-excluded,nfl-books/text_all/alberta-oilers-1972-73-media-guide-c.txt,,,1,ocr-text,unread,unread,unread,"on disk, deliberately NOT in index.csv (sport collision or no football evidence)",36434,6296,1933,1972,1970,0,0,10,0,6,0,4,0,0,2,0,8,,,,0
chicago-bears-calendar-2016-17-c,nfl-books-excluded,nfl-books/text_all/chicago-bears-calendar-2016-17-c.txt,,,1,ocr-text,unread,unread,unread,"on disk, deliberately NOT in index.csv (sport collision or no football evidence)",7556,1234,2016,2017,2016,3,0,0,0,0,0,0,0,0,0,0,0,,,,0
chicago-packers-1961-62-media-guide-wizards-c,nfl-books-excluded,nfl-books/text_all/chicago-packers-1961-62-media-guide-wizards-c.txt,,,1,ocr-text,unread,unread,unread,"on disk, deliberately NOT in index.csv (sport collision or no football evidence)",48995,8208,1866,2022,1960,3,0,0,28,6,1,8,25,0,0,0,1,,,,0
edmonton-oilers-2009-10-media-guide-c,nfl-books-excluded,nfl-books/text_all/edmonton-oilers-2009-10-media-guide-c.txt,,,1,ocr-text,unread,unread,unread,"on disk, deliberately NOT in index.csv (sport collision or no football evidence)",968101,177573,1856,2027,2008,0,0,158,1,20,7,32,74,55,12,0,279,,,,0
edmonton-oilers-2012-13-media-guide-c,nfl-books-excluded,nfl-books/text_all/edmonton-oilers-2012-13-media-guide-c.txt,,,1,ocr-text,unread,unread,unread,"on disk, deliberately NOT in index.csv (sport collision or no football evidence)",7,1,,,,0,0,0,0,0,0,0,0,0,0,0,0,,,,0
edmonton-oilers-2013-14-media-guide-c,nfl-books-excluded,nfl-books/text_all/edmonton-oilers-2013-14-media-guide-c.txt,,,1,ocr-text,unread,unread,unread,"on disk, deliberately NOT in index.csv (sport collision or no football evidence)",864097,164109,1855,2028,2012,1,0,203,4,25,3,24,63,115,16,0,199,,,,0
edmonton-oilers-2014-15-media-guide-c,nfl-books-excluded,nfl-books/text_all/edmonton-oilers-2014-15-media-guide-c.txt,,,1,ocr-text,unread,unread,unread,"on disk, deliberately NOT in index.csv (sport collision or no football evidence)",879900,166934,1855,2028,2013,0,0,165,4,25,1,35,71,34,23,0,225,,,,0
edmonton-oilers-2015-16-media-guide-c,nfl-books-excluded,nfl-books/text_all/edmonton-oilers-2015-16-media-guide-c.txt,,,1,ocr-text,unread,unread,unread,"on disk, deliberately NOT in index.csv (sport collision or no football evidence)",890169,169491,1852,2027,2014,0,0,169,1,32,0,57,71,38,32,0,211,,,,0
edmonton-oilers-2017-18-media-guide-c,nfl-books-excluded,nfl-books/text_all/edmonton-oilers-2017-18-media-guide-c.txt,,,1,ocr-text,unread,unread,unread,"on disk, deliberately NOT in index.csv (sport collision or no football evidence)",971074,186522,1851,2027,2016,1,0,212,2,34,3,79,76,195,16,0,222,,,,0
edmonton-oilers-2019-20-media-guide-c,nfl-books-excluded,nfl-books/text_all/edmonton-oilers-2019-20-media-guide-c.txt,,,1,ocr-text,unread,unread,unread,"on disk, deliberately NOT in index.csv (sport collision or no football evidence)",1158405,234881,1855,2025,2019,1,0,253,4,36,5,111,81,142,23,0,485,,,,0
edmonton-oilers-2020-21-media-guide,nfl-books-excluded,nfl-books/text_all/edmonton-oilers-2020-21-media-guide.txt,,,1,ocr-text,unread,unread,unread,"on disk, deliberately NOT in index.csv (sport collision or no football evidence)",1032,152,2020,2020,2020,0,0,0,0,0,0,0,0,0,0,0,0,,,,0
edmonton-oilers-2022-23-media-guide-c,nfl-books-excluded,nfl-books/text_all/edmonton-oilers-2022-23-media-guide-c.txt,,,1,ocr-text,unread,unread,unread,"on disk, deliberately NOT in index.csv (sport collision or no football evidence)",474802,100298,1900,2029,2021,0,0,97,7,14,7,66,2,49,1,0,94,,,,0
edmonton-oilers-2023-24-media-guide-c,nfl-books-excluded,nfl-books/text_all/edmonton-oilers-2023-24-media-guide-c.txt,,,1,ocr-text,unread,unread,unread,"on disk, deliberately NOT in index.csv (sport collision or no football evidence)",460964,98260,1900,2029,2022,0,0,68,1,12,2,60,2,43,0,0,34,,,,0
edmonton-oilers-2023-playoff-media-guide-c,nfl-books-excluded,nfl-books/text_all/edmonton-oilers-2023-playoff-media-guide-c.txt,,,1,ocr-text,unread,unread,unread,"on disk, deliberately NOT in index.csv (sport collision or no football evidence)",241229,46239,1986,2029,2022,0,0,76,2,0,2,45,0,14,4,0,212,,,,0
edmonton-oilers-2024-25-media-guide-c,nfl-books-excluded,nfl-books/text_all/edmonton-oilers-2024-25-media-guide-c.txt,,,1,ocr-text,unread,unread,unread,"on disk, deliberately NOT in index.csv (sport collision or no football evidence)",472321,100204,1900,2029,2024,0,0,84,0,15,7,59,2,0,0,0,35,,,,0
edmonton-oilers-2024-playoff-media-guide-c,nfl-books-excluded,nfl-books/text_all/edmonton-oilers-2024-playoff-media-guide-c.txt,,,1,ocr-text,unread,unread,unread,"on disk, deliberately NOT in index.csv (sport collision or no football evidence)",242679,45376,1935,2029,2023,0,1,67,1,1,2,51,0,12,4,0,116,,,,0
edmonton-oilers-2025-26-media-guide-c,nfl-books-excluded,nfl-books/text_all/edmonton-oilers-2025-26-media-guide-c.txt,,,1,ocr-text,unread,unread,unread,"on disk, deliberately NOT in index.csv (sport collision or no football evidence)",475558,100389,1900,2029,2024,0,0,81,0,16,6,54,2,0,0,0,18,,,,0
edmonton-oilers-2025-playoff-media-guide-c,nfl-books-excluded,nfl-books/text_all/edmonton-oilers-2025-playoff-media-guide-c.txt,,,1,ocr-text,unread,unread,unread,"on disk, deliberately NOT in index.csv (sport collision or no football evidence)",254193,46903,1901,2029,2024,0,0,94,0,2,5,53,0,1,0,0,141,,,,0
fantasy-football-pro-forecast-2017-c,nfl-books-excluded,nfl-books/text_all/fantasy-football-pro-forecast-2017-c.txt,,,1,ocr-text,unread,unread,unread,"on disk, deliberately NOT in index.csv (sport collision or no football evidence)",43262,7556,1950,2017,1990,0,0,0,0,0,0,0,0,1,0,0,0,,,,0
florida-panthers-2009-10-media-guide-c,nfl-books-excluded,nfl-books/text_all/florida-panthers-2009-10-media-guide-c.txt,,,1,ocr-text,unread,unread,unread,"on disk, deliberately NOT in index.csv (sport collision or no football evidence)",655076,115419,1856,2022,2009,1,0,62,4,38,20,50,0,375,29,0,89,,,,0
florida-panthers-2010-11-media-guide-c,nfl-books-excluded,nfl-books/text_all/florida-panthers-2010-11-media-guide-c.txt,,,1,ocr-text,unread,unread,unread,"on disk, deliberately NOT in index.csv (sport collision or no football evidence)",3414,505,2010,2011,2010,0,0,0,0,0,0,0,0,0,0,0,0,,,,0
florida-panthers-2013-14-media-guide-c,nfl-books-excluded,nfl-books/text_all/florida-panthers-2013-14-media-guide-c.txt,,,1,ocr-text,unread,unread,unread,"on disk, deliberately NOT in index.csv (sport collision or no football evidence)",728600,128847,1856,2020,2012,1,0,71,3,42,14,48,2,395,43,0,114,,,,0
florida-panthers-2014-15-media-guide-c,nfl-books-excluded,nfl-books/text_all/florida-panthers-2014-15-media-guide-c.txt,,,1,ocr-text,unread,unread,unread,"on disk, deliberately NOT in index.csv (sport collision or no football evidence)",749221,127857,1856,2020,2013,1,0,75,6,38,1,73,0,243,90,0,113,,,,0
florida-panthers-2020-21-media-guide-c,nfl-books-excluded,nfl-books/text_all/florida-panthers-2020-21-media-guide-c.txt,,,1,ocr-text,unread,unread,unread,"on disk, deliberately NOT in index.csv (sport collision or no football evidence)",758000,137434,1854,2021,2019,1,0,91,0,27,1,39,2,492,40,0,83,,,,0
florida-panthers-2023-24-media-guide-c,nfl-books-excluded,nfl-books/text_all/florida-panthers-2023-24-media-guide-c.txt,,,1,ocr-text,unread,unread,unread,"on disk, deliberately NOT in index.csv (sport collision or no football evidence)",741814,132662,1856,2029,2022,1,0,118,0,24,2,36,10,487,40,0,98,,,,0
florida-panthers-2024-playoff-media-guide-c,nfl-books-excluded,nfl-books/text_all/florida-panthers-2024-playoff-media-guide-c.txt,,,1,ocr-text,unread,unread,unread,"on disk, deliberately NOT in index.csv (sport collision or no football evidence)",195933,32883,1946,2025,2023,0,0,16,0,5,26,15,0,23,27,0,86,,,,0
florida-panthers-playoffs-media-guide-2021-c,nfl-books-excluded,nfl-books/text_all/florida-panthers-playoffs-media-guide-2021-c.txt,,,1,ocr-text,unread,unread,unread,"on disk, deliberately NOT in index.csv (sport collision or no football evidence)",204996,34226,1977,2022,2020,0,0,31,4,2,37,16,0,37,11,0,39,,,,0
florida-panthers-yearbook-2024-25-cv-2,nfl-books-excluded,nfl-books/text_all/florida-panthers-yearbook-2024-25-cv-2.txt,,,1,ocr-text,unread,unread,unread,"on disk, deliberately NOT in index.csv (sport collision or no football evidence)",78726,12644,1862,2028,2024,0,0,14,0,5,0,4,1,0,0,0,1,,,,0
life-the-eagles-2021,nfl-books-excluded,nfl-books/text_all/life-the-eagles-2021.txt,,,1,ocr-text,unread,unread,unread,"on disk, deliberately NOT in index.csv (sport collision or no football evidence)",112320,18079,1959,2021,1975,0,1,0,0,2,1,3,1,0,0,0,0,,,,0
new-orleans-buccaneers-1967-68-media-guide-c,nfl-books-excluded,nfl-books/text_all/new-orleans-buccaneers-1967-68-media-guide-c.txt,,,1,ocr-text,unread,unread,unread,"on disk, deliberately NOT in index.csv (sport collision or no football evidence)",57582,9184,1930,1967,1967,3,0,0,12,20,28,37,24,48,0,0,0,,,,0
new-orleans-buccaneers-1968-69-media-guide-c,nfl-books-excluded,nfl-books/text_all/new-orleans-buccaneers-1968-69-media-guide-c.txt,,,1,ocr-text,unread,unread,unread,"on disk, deliberately NOT in index.csv (sport collision or no football evidence)",148701,25756,1856,2028,1967,12,0,0,44,12,26,18,26,2,5,0,3,,,,0
new-orleans-buccaneers-1969-70-media-guide-c,nfl-books-excluded,nfl-books/text_all/new-orleans-buccaneers-1969-70-media-guide-c.txt,,,1,ocr-text,unread,unread,unread,"on disk, deliberately NOT in index.csv (sport collision or no football evidence)",119623,19646,1884,2029,1968,7,0,0,40,6,23,15,22,12,1,0,1,,,,0
ps-3562.-a-54-black-eagles-01-hanoi-hellground-by-john-lansing-1983,nfl-books-excluded,nfl-books/text_all/ps-3562.-a-54-black-eagles-01-hanoi-hellground-by-john-lansing-1983.txt,,,1,ocr-text,unread,unread,unread,"on disk, deliberately NOT in index.csv (sport collision or no football evidence)",686260,114512,1911,1984,1983,0,0,0,0,2,2,15,0,0,0,0,0,,,,0
ps-3562.-a-54-black-eagles-02-mekong-massacre-by-john-lansing-1983,nfl-books-excluded,nfl-books/text_all/ps-3562.-a-54-black-eagles-02-mekong-massacre-by-john-lansing-1983.txt,,,1,ocr-text,unread,unread,unread,"on disk, deliberately NOT in index.csv (sport collision or no football evidence)",367369,59697,1934,2000,1964,1,0,0,0,4,0,0,0,0,1,0,0,,,,0
ps-3562.-a-54-black-eagles-03-nightmare-in-laos-1984,nfl-books-excluded,nfl-books/text_all/ps-3562.-a-54-black-eagles-03-nightmare-in-laos-1984.txt,,,1,ocr-text,unread,unread,unread,"on disk, deliberately NOT in index.csv (sport collision or no football evidence)",335118,55831,1943,1984,1964,1,0,0,0,0,0,2,0,0,0,0,0,,,,0
ps-3562.-a-54-black-eagles-04-pungi-patrol-by-john-lansing-1984,nfl-books-excluded,nfl-books/text_all/ps-3562.-a-54-black-eagles-04-pungi-patrol-by-john-lansing-1984.txt,,,1,ocr-text,unread,unread,unread,"on disk, deliberately NOT in index.csv (sport collision or no football evidence)",346742,57356,1934,2000,1984,0,0,0,0,0,0,9,0,0,1,0,0,,,,0
ps-3562.-a-54-black-eagles-13-encore-at-dien-bien-phu-by-john-lansing-1987,nfl-books-excluded,nfl-books/text_all/ps-3562.-a-54-black-eagles-13-encore-at-dien-bien-phu-by-john-lansing-1987.txt,,,1,ocr-text,unread,unread,unread,"on disk, deliberately NOT in index.csv (sport collision or no football evidence)",337132,55258,1877,2015,1987,0,0,0,0,0,0,8,0,0,0,0,0,,,,0
ps-3562.-a-54-black-eagles-14-firestorm-at-dong-nam-by-john-lansing-1988,nfl-books-excluded,nfl-books/text_all/ps-3562.-a-54-black-eagles-14-firestorm-at-dong-nam-by-john-lansing-1988.txt,,,1,ocr-text,unread,unread,unread,"on disk, deliberately NOT in index.csv (sport collision or no football evidence)",331173,54087,1915,1988,1988,0,0,0,0,1,1,10,0,0,0,0,0,,,,0
ps-3562.-a-54-black-eagles-16-monsoon-hell-hole-by-john-lansing-1988,nfl-books-excluded,nfl-books/text_all/ps-3562.-a-54-black-eagles-16-monsoon-hell-hole-by-john-lansing-1988.txt,,,1,ocr-text,unread,unread,unread,"on disk, deliberately NOT in index.csv (sport collision or no football evidence)",329638,53826,1934,2015,1988,0,0,0,0,0,0,14,0,0,0,0,0,,,,0
ps-3562.-a-54-black-eagles-18-durong-warriors-1989,nfl-books-excluded,nfl-books/text_all/ps-3562.-a-54-black-eagles-18-durong-warriors-1989.txt,,,1,ocr-text,unread,unread,unread,"on disk, deliberately NOT in index.csv (sport collision or no football evidence)",333370,54652,1954,1989,1989,0,0,0,0,1,1,8,0,0,0,0,0,,,,0
san-fancisco-giants-1958-media-guide-c,nfl-books-excluded,nfl-books/text_all/san-fancisco-giants-1958-media-guide-c.txt,,,1,ocr-text,unread,unread,unread,"on disk, deliberately NOT in index.csv (sport collision or no football evidence)",36024,6617,1934,2021,1956,0,13,0,0,0,0,3,6,0,10,0,16,,,,0
san-fancisco-giants-1960-media-guide-c,nfl-books-excluded,nfl-books/text_all/san-fancisco-giants-1960-media-guide-c.txt,,,1,ocr-text,unread,unread,unread,"on disk, deliberately NOT in index.csv (sport collision or no football evidence)",55066,9418,1859,1960,1959,0,31,0,0,2,0,1,0,14,3,0,30,,,,0
san-francisco-giants-1973-media-guide-c,nfl-books-excluded,nfl-books/text_all/san-francisco-giants-1973-media-guide-c.txt,,,1,ocr-text,unread,unread,unread,"on disk, deliberately NOT in index.csv (sport collision or no football evidence)",151371,29212,1853,2011,1972,3,144,0,0,8,1,39,83,26,33,9,30,,,,0
san-francisco-giants-1974-media-guide-c,nfl-books-excluded,nfl-books/text_all/san-francisco-giants-1974-media-guide-c.txt,,,1,ocr-text,unread,unread,unread,"on disk, deliberately NOT in index.csv (sport collision or no football evidence)",157666,29990,1853,2011,1973,1,160,0,0,11,1,40,78,29,30,15,37,,,,0
san-francisco-giants-1977-media-guide-c,nfl-books-excluded,nfl-books/text_all/san-francisco-giants-1977-media-guide-c.txt,,,1,ocr-text,unread,unread,unread,"on disk, deliberately NOT in index.csv (sport collision or no football evidence)",267989,50492,1853,2011,1976,2,399,0,0,12,2,64,91,2,4,15,48,,,,0
san-francisco-giants-1979-media-guide-c,nfl-books-excluded,nfl-books/text_all/san-francisco-giants-1979-media-guide-c.txt,,,1,ocr-text,unread,unread,unread,"on disk, deliberately NOT in index.csv (sport collision or no football evidence)",250876,45785,1859,2014,1978,4,382,0,0,13,6,60,98,15,2,13,31,,,,0
san-francisco-giants-1981-media-guide-c,nfl-books-excluded,nfl-books/text_all/san-francisco-giants-1981-media-guide-c.txt,,,1,ocr-text,unread,unread,unread,"on disk, deliberately NOT in index.csv (sport collision or no football evidence)",291451,53801,1853,2011,1980,3,384,0,0,15,1,75,104,20,0,22,38,,,,0
san-francisco-giants-1989-media-guide,nfl-books-excluded,nfl-books/text_all/san-francisco-giants-1989-media-guide.txt,,,1,ocr-text,unread,unread,unread,"on disk, deliberately NOT in index.csv (sport collision or no football evidence)",593708,114220,1850,2012,1988,1,460,0,0,42,217,273,300,27,634,112,224,,,,0
san-francisco-giants-1990-media-guide-c,nfl-books-excluded,nfl-books/text_all/san-francisco-giants-1990-media-guide-c.txt,,,1,ocr-text,unread,unread,unread,"on disk, deliberately NOT in index.csv (sport collision or no football evidence)",684513,135752,1850,2025,1989,2,556,0,0,47,233,316,304,21,616,124,264,,,,0
san-francisco-giants-1991-media-guide-c,nfl-books-excluded,nfl-books/text_all/san-francisco-giants-1991-media-guide-c.txt,,,1,ocr-text,unread,unread,unread,"on disk, deliberately NOT in index.csv (sport collision or no football evidence)",778988,152680,1851,2025,1990,3,772,0,0,44,231,307,271,20,628,118,198,,,,0
san-francisco-giants-1992-media-guide-c,nfl-books-excluded,nfl-books/text_all/san-francisco-giants-1992-media-guide-c.txt,,,1,ocr-text,unread,unread,unread,"on disk, deliberately NOT in index.csv (sport collision or no football evidence)",796694,142965,1853,2025,1991,2,841,0,0,42,232,311,266,20,674,99,158,,,,0
san-francisco-giants-1994-media-guide-c,nfl-books-excluded,nfl-books/text_all/san-francisco-giants-1994-media-guide-c.txt,,,1,ocr-text,unread,unread,unread,"on disk, deliberately NOT in index.csv (sport collision or no football evidence)",914135,164007,1856,2020,1993,3,896,0,1,66,276,310,374,6,640,82,165,,,,0
san-francisco-giants-1996-media-guide-c,nfl-books-excluded,nfl-books/text_all/san-francisco-giants-1996-media-guide-c.txt,,,1,ocr-text,unread,unread,unread,"on disk, deliberately NOT in index.csv (sport collision or no football evidence)",996082,178497,1857,2028,1995,1,1006,0,2,61,249,317,346,14,860,86,231,,,,0
san-francisco-giants-1997-media-guide-c,nfl-books-excluded,nfl-books/text_all/san-francisco-giants-1997-media-guide-c.txt,,,1,ocr-text,unread,unread,unread,"on disk, deliberately NOT in index.csv (sport collision or no football evidence)",996342,174999,1852,2027,1996,1,952,0,2,56,231,290,310,49,734,82,227,,,,0
san-francisco-giants-2000-media-guide-c,nfl-books-excluded,nfl-books/text_all/san-francisco-giants-2000-media-guide-c.txt,,,1,ocr-text,unread,unread,unread,"on disk, deliberately NOT in index.csv (sport collision or no football evidence)",1145129,203605,1852,2022,1999,1,877,0,0,53,266,274,394,64,757,117,288,,,,0
san-francisco-giants-2001-media-guide-c,nfl-books-excluded,nfl-books/text_all/san-francisco-giants-2001-media-guide-c.txt,,,1,ocr-text,unread,unread,unread,"on disk, deliberately NOT in index.csv (sport collision or no football evidence)",1242012,220752,1851,2024,2000,2,1022,0,0,48,274,289,430,79,767,131,301,,,,0
san-francisco-giants-2003-media-guide-c,nfl-books-excluded,nfl-books/text_all/san-francisco-giants-2003-media-guide-c.txt,,,1,ocr-text,unread,unread,unread,"on disk, deliberately NOT in index.csv (sport collision or no football evidence)",1376945,246936,1851,2029,2002,1,1032,0,1,78,259,248,412,96,775,139,224,,,,0
san-francisco-giants-2007-media-guide-c,nfl-books-excluded,nfl-books/text_all/san-francisco-giants-2007-media-guide-c.txt,,,1,ocr-text,unread,unread,unread,"on disk, deliberately NOT in index.csv (sport collision or no football evidence)",1625362,284271,1850,2025,2006,7,1267,0,3,104,291,413,418,74,850,137,134,,,,0
san-francisco-giants-2009-media-guide-c,nfl-books-excluded,nfl-books/text_all/san-francisco-giants-2009-media-guide-c.txt,,,1,ocr-text,unread,unread,unread,"on disk, deliberately NOT in index.csv (sport collision or no football evidence)",1542875,271466,1851,2028,2008,2,1441,0,2,91,248,352,382,83,799,145,145,,,,0
san-francisco-giants-2011-media-guide-c,nfl-books-excluded,nfl-books/text_all/san-francisco-giants-2011-media-guide-c.txt,,,1,ocr-text,unread,unread,unread,"on disk, deliberately NOT in index.csv (sport collision or no football evidence)",1737474,312336,1852,2027,2010,5,1823,0,2,87,217,320,391,60,875,197,355,,,,0
san-francisco-giants-2015-media-guide-c,nfl-books-excluded,nfl-books/text_all/san-francisco-giants-2015-media-guide-c.txt,,,1,ocr-text,unread,unread,unread,"on disk, deliberately NOT in index.csv (sport collision or no football evidence)",1715984,309129,1850,2027,2014,6,1628,0,2,125,229,424,435,61,1475,153,114,,,,0
san-francisco-giants-2016-media-guide-cover,nfl-books-excluded,nfl-books/text_all/san-francisco-giants-2016-media-guide-cover.txt,,,1,ocr-text,unread,unread,unread,"on disk, deliberately NOT in index.csv (sport collision or no football evidence)",1642773,291586,1852,2027,2015,10,1566,0,2,144,210,451,407,58,1489,139,53,,,,0
san-francisco-giants-2019-media-guide-c,nfl-books-excluded,nfl-books/text_all/san-francisco-giants-2019-media-guide-c.txt,,,1,ocr-text,unread,unread,unread,"on disk, deliberately NOT in index.csv (sport collision or no football evidence)",1928603,334660,1854,2028,2018,4,2065,0,2,167,320,365,1,53,1472,8,24,,,,0
san-francisco-giants-2020-media-guide-c,nfl-books-excluded,nfl-books/text_all/san-francisco-giants-2020-media-guide-c.txt,,,1,ocr-text,unread,unread,unread,"on disk, deliberately NOT in index.csv (sport collision or no football evidence)",1996613,347754,1854,2028,2019,6,2057,0,1,197,281,348,3,157,1535,3,13,,,,0
san-francisco-giants-2021-media-guide-c,nfl-books-excluded,nfl-books/text_all/san-francisco-giants-2021-media-guide-c.txt,,,1,ocr-text,unread,unread,unread,"on disk, deliberately NOT in index.csv (sport collision or no football evidence)",1670388,283373,1863,2028,2020,9,1476,0,1,182,362,383,1,29,1527,9,27,,,,0
san-francisco-giants-2023-media-guide-c,nfl-books-excluded,nfl-books/text_all/san-francisco-giants-2023-media-guide-c.txt,,,1,ocr-text,unread,unread,unread,"on disk, deliberately NOT in index.csv (sport collision or no football evidence)",934328,165793,1856,2028,2022,14,975,1,0,145,362,252,0,3,22,13,2,,,,0
san-francisco-giants-yearbook-2020-c,nfl-books-excluded,nfl-books/text_all/san-francisco-giants-yearbook-2020-c.txt,,,1,ocr-text,unread,unread,unread,"on disk, deliberately NOT in index.csv (sport collision or no football evidence)",166795,25479,1904,2020,2020,0,90,0,0,6,0,7,0,3,1,0,0,,,,0
san-francisco-giants-yearbook-2022-c,nfl-books-excluded,nfl-books/text_all/san-francisco-giants-yearbook-2022-c.txt,,,1,ocr-text,unread,unread,unread,"on disk, deliberately NOT in index.csv (sport collision or no football evidence)",154274,22374,1904,2022,2022,0,52,0,0,4,2,6,0,0,1,0,0,,,,0
san-francisco-giants-yearbook-2024-c,nfl-books-excluded,nfl-books/text_all/san-francisco-giants-yearbook-2024-c.txt,,,1,ocr-text,unread,unread,unread,"on disk, deliberately NOT in index.csv (sport collision or no football evidence)",119159,17398,1881,2026,2024,1,64,0,0,10,0,5,0,0,1,0,0,,,,0
san-francisco-giants-yearbook-2025-c,nfl-books-excluded,nfl-books/text_all/san-francisco-giants-yearbook-2025-c.txt,,,1,ocr-text,unread,unread,unread,"on disk, deliberately NOT in index.csv (sport collision or no football evidence)",147082,21055,1908,2026,2025,1,51,0,1,4,1,1,0,1,3,0,0,,,,0
st.-louis-browns-1951-sketch-book-c,nfl-books-excluded,nfl-books/text_all/st.-louis-browns-1951-sketch-book-c.txt,,,1,ocr-text,unread,unread,unread,"on disk, deliberately NOT in index.csv (sport collision or no football evidence)",48594,9127,1898,1990,1947,0,29,0,0,1,3,8,4,1,20,0,0,,,,0
st.-louis-cardinals-1983-media-guide-cover,nfl-books-excluded,nfl-books/text_all/st.-louis-cardinals-1983-media-guide-cover.txt,,,1,ocr-text,unread,unread,unread,"on disk, deliberately NOT in index.csv (sport collision or no football evidence)",426807,78788,1861,2019,1982,4,387,0,0,5,3,97,3,49,6,44,231,,,,0
st.-louis-cardinals-1985-media-guide-c,nfl-books-excluded,nfl-books/text_all/st.-louis-cardinals-1985-media-guide-c.txt,,,1,ocr-text,unread,unread,unread,"on disk, deliberately NOT in index.csv (sport collision or no football evidence)",425410,79922,1850,2024,1984,3,419,0,0,11,20,88,1,42,1,35,226,,,,0
st.-louis-cardinals-1989-media-guide-cover,nfl-books-excluded,nfl-books/text_all/st.-louis-cardinals-1989-media-guide-cover.txt,,,1,ocr-text,unread,unread,unread,"on disk, deliberately NOT in index.csv (sport collision or no football evidence)",680920,125577,1852,2014,1988,7,990,0,1,21,37,171,1,43,8,35,283,,,,0
st.-louis-cardinals-1994-media-guide-cv-2,nfl-books-excluded,nfl-books/text_all/st.-louis-cardinals-1994-media-guide-cv-2.txt,,,1,ocr-text,unread,unread,unread,"on disk, deliberately NOT in index.csv (sport collision or no football evidence)",854858,161661,1850,2028,1993,5,1004,0,1,43,65,182,1,369,12,90,457,,,,0
st.-louis-cardinals-1995-media-guide-cover,nfl-books-excluded,nfl-books/text_all/st.-louis-cardinals-1995-media-guide-cover.txt,,,1,ocr-text,unread,unread,unread,"on disk, deliberately NOT in index.csv (sport collision or no football evidence)",681101,120427,1850,2026,1994,4,837,0,0,21,53,93,0,33,8,9,163,,,,0
st.-louis-cardinals-1996-media-guide-c,nfl-books-excluded,nfl-books/text_all/st.-louis-cardinals-1996-media-guide-c.txt,,,1,ocr-text,unread,unread,unread,"on disk, deliberately NOT in index.csv (sport collision or no football evidence)",877565,158734,1850,2028,1995,0,1158,0,0,33,59,139,0,34,3,14,390,,,,0
st.-louis-cardinals-1997-media-guide-c,nfl-books-excluded,nfl-books/text_all/st.-louis-cardinals-1997-media-guide-c.txt,,,1,ocr-text,unread,unread,unread,"on disk, deliberately NOT in index.csv (sport collision or no football evidence)",1135807,206552,1851,2028,1996,1,1511,0,1,57,69,148,306,401,61,126,477,,,,0
st.-louis-cardinals-1999-media-guide-cover,nfl-books-excluded,nfl-books/text_all/st.-louis-cardinals-1999-media-guide-cover.txt,,,1,ocr-text,unread,unread,unread,"on disk, deliberately NOT in index.csv (sport collision or no football evidence)",1157312,214481,1850,2022,1998,3,1665,0,0,63,66,169,380,336,56,41,469,,,,0
st.-louis-cardinals-2000-media-guide-cover,nfl-books-excluded,nfl-books/text_all/st.-louis-cardinals-2000-media-guide-cover.txt,,,1,ocr-text,unread,unread,unread,"on disk, deliberately NOT in index.csv (sport collision or no football evidence)",1281682,235020,1864,2028,1999,4,1907,0,0,52,75,153,380,364,58,42,561,,,,0
st.-louis-cardinals-2001-media-guide-cover,nfl-books-excluded,nfl-books/text_all/st.-louis-cardinals-2001-media-guide-cover.txt,,,1,ocr-text,unread,unread,unread,"on disk, deliberately NOT in index.csv (sport collision or no football evidence)",1529592,276320,1850,2029,2000,5,1907,0,1,62,72,170,354,257,58,69,138,,,,0
st.-louis-cardinals-2004-media-guide-cover,nfl-books-excluded,nfl-books/text_all/st.-louis-cardinals-2004-media-guide-cover.txt,,,1,ocr-text,unread,unread,unread,"on disk, deliberately NOT in index.csv (sport collision or no football evidence)",1685713,320225,1850,2025,2003,0,2121,0,0,75,89,151,356,454,57,122,224,,,,0
st.-louis-cardinals-2014-media-guide-cover,nfl-books-excluded,nfl-books/text_all/st.-louis-cardinals-2014-media-guide-cover.txt,,,1,ocr-text,unread,unread,unread,"on disk, deliberately NOT in index.csv (sport collision or no football evidence)",1216529,223903,1851,2023,2013,6,1570,0,1,85,91,131,422,287,57,142,107,,,,0
st.-louis-cardinals-2016-media-guide-cover,nfl-books-excluded,nfl-books/text_all/st.-louis-cardinals-2016-media-guide-cover.txt,,,1,ocr-text,unread,unread,unread,"on disk, deliberately NOT in index.csv (sport collision or no football evidence)",1294285,225894,1871,2027,2015,6,2303,0,1,90,93,129,388,238,63,42,161,,,,0
st.-louis-cardinals-2018-media-guide-c,nfl-books-excluded,nfl-books/text_all/st.-louis-cardinals-2018-media-guide-c.txt,,,1,ocr-text,unread,unread,unread,"on disk, deliberately NOT in index.csv (sport collision or no football evidence)",1563667,286154,1853,2025,2017,11,2388,0,0,118,102,151,444,499,54,131,156,,,,0
st.-louis-cardinals-2022-media-guide-c,nfl-books-excluded,nfl-books/text_all/st.-louis-cardinals-2022-media-guide-c.txt,,,1,ocr-text,unread,unread,unread,"on disk, deliberately NOT in index.csv (sport collision or no football evidence)",1393059,244503,1876,2027,2021,7,1666,0,0,119,104,147,395,407,18,114,100,,,,0
st.-louis-cardinals-2023-media-guide-c,nfl-books-excluded,nfl-books/text_all/st.-louis-cardinals-2023-media-guide-c.txt,,,1,ocr-text,unread,unread,unread,"on disk, deliberately NOT in index.csv (sport collision or no football evidence)",1326711,229029,1866,2028,2022,10,1717,0,0,139,25,156,368,406,11,103,127,,,,0
st.-louis-cardinals-2024-media-guide-c,nfl-books-excluded,nfl-books/text_all/st.-louis-cardinals-2024-media-guide-c.txt,,,1,ocr-text,unread,unread,unread,"on disk, deliberately NOT in index.csv (sport collision or no football evidence)",1390353,239461,1855,2028,2023,6,1684,0,1,127,217,171,0,375,13,115,97,,,,0
winnipeg-jets-2011-12-media-guide,nfl-books-excluded,nfl-books/text_all/winnipeg-jets-2011-12-media-guide.txt,,,1,ocr-text,unread,unread,unread,"on disk, deliberately NOT in index.csv (sport collision or no football evidence)",663790,124147,1893,2026,2010,0,0,256,3,17,69,30,1,37,32,0,137,,,,0
winnipeg-jets-2015-16-media-guide-cv-2,nfl-books-excluded,nfl-books/text_all/winnipeg-jets-2015-16-media-guide-cv-2.txt,,,1,ocr-text,unread,unread,unread,"on disk, deliberately NOT in index.csv (sport collision or no football evidence)",459128,94490,1855,2029,2015,0,0,36,0,4,2,9,0,7,6,0,2,,,,0
winnipeg-jets-2016-17-media-guide-cv-2,nfl-books-excluded,nfl-books/text_all/winnipeg-jets-2016-17-media-guide-cv-2.txt,,,1,ocr-text,unread,unread,unread,"on disk, deliberately NOT in index.csv (sport collision or no football evidence)",741018,142903,1850,2029,2008,0,0,161,3,20,70,35,0,15,12,0,42,,,,0
winnipeg-jets-2018-19-media-guide-c,nfl-books-excluded,nfl-books/text_all/winnipeg-jets-2018-19-media-guide-c.txt,,,1,ocr-text,unread,unread,unread,"on disk, deliberately NOT in index.csv (sport collision or no football evidence)",840995,153173,1853,2028,2018,0,0,215,1,39,17,51,0,119,39,0,64,,,,0
01-clemson-bowl-media-guides,college-pre1950,college-pre1950/text/01-clemson-bowl-media-guides.txt,Clemson football Media Guide Archive (Bowl Games),,1,ocr-text,college media guide,roster-table+biography,read-2026-09-06-yearbooks (college job; all 69 usable documents opened),"shape A/B: roster table with age, weight, height, class year, HOME TOWN and HIGH SCHOOL -- fields the professional record does not hold for these men",27311,4485,1900,1949,1948,33,0,0,0,18,0,3,0,0,0,1,7,near-identical,1949_Gator_Bowl_Media_Guide,1.0,1
01-clemson-football-media-guide-archive-spring,college-pre1950,college-pre1950/text/01-clemson-football-media-guide-archive-spring.txt,Clemson Football Media Guide Archive (Spring),,1,ocr-text,college media guide,roster-table+biography,read-2026-09-06-yearbooks (college job; all 69 usable documents opened),"shape A/B: roster table with age, weight, height, class year, HOME TOWN and HIGH SCHOOL -- fields the professional record does not hold for these men",334578,55392,1889,2010,2004,392,1,0,2,102,8,72,0,47,115,3,27,,,,0
01-florida-gators,college-pre1950,college-pre1950/text/01-florida-gators.txt,Florida Gator Football Media Guide Archive,,1,ocr-text,container cover stub,none,read-2026-09-06-yearbooks (college job; all 69 usable documents opened),first _djvu.txt of a container item is the cover: 0-31 bytes,31,5,,,,0,0,0,0,0,0,0,0,0,0,0,0,,,,0
01-rutgers-football-media-guide-archive-cover,college-pre1950,college-pre1950/text/01-rutgers-football-media-guide-archive-cover.txt,Rutgers Football Media Guide Archive,,1,ocr-text,container cover stub,none,read-2026-09-06-yearbooks (college job; all 69 usable documents opened),first _djvu.txt of a container item is the cover: 0-31 bytes,0,0,,,,0,0,0,0,0,0,0,0,0,0,0,0,,,,0
1924peabodyhighschoolyearbookmeta,college-pre1950,college-pre1950/text/1924peabodyhighschoolyearbookmeta.txt,1924 META - Peabody High School yearbook,,1,ocr-text,high-school yearbook (mis-filed as college),unread,read-2026-09-06-yearbooks (college job; all 69 usable documents opened),,142520,20886,1854,1925,1924,3,2,0,0,8,0,1,0,0,2,0,0,,,,0
1928-10-06-nebraska-at-iowa-state-football-game-program,college-pre1950,college-pre1950/text/1928-10-06-nebraska-at-iowa-state-football-game-program.txt,Football Program: 1928 Nebraska at Iowa State,,1,ocr-text,college game programme,roster-table,read-2026-09-06-yearbooks (college job; all 69 usable documents opened),"shape D: numbered line-ups, sometimes weight and home town, no prose",2566,378,1928,1928,1928,0,0,0,0,2,0,0,0,0,0,0,0,,,,0
1935-10-05-nebraska-at-iowa-state-football-game-program,college-pre1950,college-pre1950/text/1935-10-05-nebraska-at-iowa-state-football-game-program.txt,Football Program: 1935 Nebraska at Iowa State,,1,ocr-text,college game programme,roster-table,read-2026-09-06-yearbooks (college job; all 69 usable documents opened),"shape D: numbered line-ups, sometimes weight and home town, no prose",2153,322,,,,2,0,0,0,1,0,0,0,0,0,0,0,,,,0
1935-10-12-minnesota-at-nebraska-football-game-program,college-pre1950,college-pre1950/text/1935-10-12-minnesota-at-nebraska-football-game-program.txt,Football Program: 1935 Nebraska vs. Minnesota,,1,ocr-text,college game programme,roster-table,read-2026-09-06-yearbooks (college job; all 69 usable documents opened),"shape D: numbered line-ups, sometimes weight and home town, no prose",28345,4600,1900,1936,1935,15,0,0,0,19,0,0,4,0,0,0,0,,,,0
1937-11-06-alabama-at-tulane,college-pre1950,college-pre1950/text/1937-11-06-alabama-at-tulane.txt,Football Program: 1937 Alabama at Tulane,,1,ocr-text,college game programme,roster-table,read-2026-09-06-yearbooks (college job; all 69 usable documents opened),"shape D: numbered line-ups, sometimes weight and home town, no prose",40675,6519,1881,1987,1937,19,0,0,0,31,0,0,0,0,0,0,0,,,,0
1939-11-11-alabama-at-tulane,college-pre1950,college-pre1950/text/1939-11-11-alabama-at-tulane.txt,Football Program: 1939 Alabama at Tulane,,1,ocr-text,college game programme,roster-table,read-2026-09-06-yearbooks (college job; all 69 usable documents opened),"shape D: numbered line-ups, sometimes weight and home town, no prose",25906,4159,1885,1939,1939,4,0,0,0,7,0,0,1,0,0,0,0,,,,0
1941-11-08-alabama-at-tulane,college-pre1950,college-pre1950/text/1941-11-08-alabama-at-tulane.txt,Football Program: 1941 Alabama at Tulane,,1,ocr-text,college game programme,roster-table,read-2026-09-06-yearbooks (college job; all 69 usable documents opened),"shape D: numbered line-ups, sometimes weight and home town, no prose",25342,3930,1894,1941,1941,4,0,0,0,7,0,0,0,0,1,0,0,,,,0
1943-10-16-nebraska-at-iowa-state-football-program,college-pre1950,college-pre1950/text/1943-10-16-nebraska-at-iowa-state-football-program.txt,Football Program: 1943 Nebraska at Iowa State,,1,ocr-text,college game programme,roster-table,read-2026-09-06-yearbooks (college job; all 69 usable documents opened),"shape D: numbered line-ups, sometimes weight and home town, no prose",12936,2178,1900,1989,1943,7,0,0,0,5,0,1,0,6,0,0,0,,,,0
1944-sun-bowl-program-c,college-pre1950,college-pre1950/text/1944-sun-bowl-program-c.txt,Sun Bowl 1944 Game Program,,1,ocr-text,college game programme,roster-table,read-2026-09-06-yearbooks (college job; all 69 usable documents opened),"shape D: numbered line-ups, sometimes weight and home town, no prose",35333,5680,1857,2000,1944,3,0,0,0,11,0,0,0,44,0,0,0,,,,0
1945-11-03-kansas-at-nebraska-football-game-program-c,college-pre1950,college-pre1950/text/1945-11-03-kansas-at-nebraska-football-game-program-c.txt,Football Program: 1945 Nebraska vs. Kansas,,1,ocr-text,college game programme,roster-table,read-2026-09-06-yearbooks (college job; all 69 usable documents opened),"shape D: numbered line-ups, sometimes weight and home town, no prose",16728,2758,1879,1945,1945,0,0,0,0,21,0,0,4,69,0,0,4,,,,0
1946-09-28-tulane-vs.-alabama,college-pre1950,college-pre1950/text/1946-09-28-tulane-vs.-alabama.txt,Football Program: 1928 Alabama at Tulane,,1,ocr-text,college game programme,roster-table,read-2026-09-06-yearbooks (college job; all 69 usable documents opened),"shape D: numbered line-ups, sometimes weight and home town, no prose",34872,5634,1894,1946,1945,45,0,0,0,6,0,2,0,0,2,0,0,,,,0
1946-10-05-kansas-state-at-nebraska-football-game-program-c,college-pre1950,college-pre1950/text/1946-10-05-kansas-state-at-nebraska-football-game-program-c.txt,Football Program: 1946 Nebraska vs. Kansas State,,1,ocr-text,college game programme,roster-table,read-2026-09-06-yearbooks (college job; all 69 usable documents opened),"shape D: numbered line-ups, sometimes weight and home town, no prose",13634,2226,1925,1947,1946,5,0,0,0,9,0,0,2,47,0,0,0,,,,0
2024-microcosm-city-college-of-new-york-ccny-yearbook,college-pre1950,college-pre1950/text/2024-microcosm-city-college-of-new-york-ccny-yearbook.txt,1924 Microcosm City College Of New York CCNY Yearbook,,1,ocr-text,college document,unread,read-2026-09-06-yearbooks (college job; all 69 usable documents opened),"shape recorded in college-pre1950/REPORT.md, not per-row here",238559,37761,1855,1994,1924,23,7,0,0,243,55,4,0,0,2,0,0,,,,0
39OsufootballMediaguide,college-pre1950,college-pre1950/text/39OsufootballMediaguide.txt,1939 Oregon State University Football Media Guide,,1,ocr-text,college document,unread,read-2026-09-06-yearbooks (college job; all 69 usable documents opened),"shape recorded in college-pre1950/REPORT.md, not per-row here",23279,3404,1933,1939,1939,29,0,0,0,22,0,0,0,0,0,0,0,,,,0
byu-football-1946-media-guide,college-pre1950,college-pre1950/text/byu-football-1946-media-guide.txt,BYU football 1946 Media Guide,,1,ocr-text,college document,unread,read-2026-09-06-yearbooks (college job; all 69 usable documents opened),"shape recorded in college-pre1950/REPORT.md, not per-row here",41120,6782,1875,1946,1942,25,1,0,0,20,0,23,0,0,1,0,1,,,,0
byu-football-1948-media-guide,college-pre1950,college-pre1950/text/byu-football-1948-media-guide.txt,BYU football 1948 Media Guide,,1,ocr-text,college document,unread,read-2026-09-06-yearbooks (college job; all 69 usable documents opened),"shape recorded in college-pre1950/REPORT.md, not per-row here",30899,4984,1921,1948,1947,35,0,0,0,50,0,14,0,1,1,0,0,,,,0
byu-football-1949-media-guide,college-pre1950,college-pre1950/text/byu-football-1949-media-guide.txt,BYU football 1949 Media Guide,,1,ocr-text,college document,unread,read-2026-09-06-yearbooks (college job; all 69 usable documents opened),"shape recorded in college-pre1950/REPORT.md, not per-row here",36257,5899,1875,1949,1949,30,0,0,0,76,0,17,0,0,1,0,0,,,,0
clemson-football-1944-media-guide,college-pre1950,college-pre1950/text/clemson-football-1944-media-guide.txt,Clemson football 1944 Media Guide,,1,ocr-text,college media guide,roster-table+biography,read-2026-09-06-yearbooks (college job; all 69 usable documents opened),"shape A/B: roster table with age, weight, height, class year, HOME TOWN and HIGH SCHOOL -- fields the professional record does not hold for these men",38697,6327,1851,1954,1939,10,0,0,0,8,1,1,1,0,4,0,0,,,,0
clemson-football-1945-media-guide,college-pre1950,college-pre1950/text/clemson-football-1945-media-guide.txt,Clemson football 1945 Media Guide,,1,ocr-text,college media guide,roster-table+biography,read-2026-09-06-yearbooks (college job; all 69 usable documents opened),"shape A/B: roster table with age, weight, height, class year, HOME TOWN and HIGH SCHOOL -- fields the professional record does not hold for these men",30907,5208,1896,2000,1939,7,0,0,0,8,0,1,0,0,0,0,6,,,,0
clemson-football-1946-media-guide,college-pre1950,college-pre1950/text/clemson-football-1946-media-guide.txt,Clemson football 1946 Media Guide,,1,ocr-text,college media guide,roster-table+biography,read-2026-09-06-yearbooks (college job; all 69 usable documents opened),"shape A/B: roster table with age, weight, height, class year, HOME TOWN and HIGH SCHOOL -- fields the professional record does not hold for these men",46966,7886,1889,1959,1946,11,0,0,0,7,0,4,0,2,0,0,1,,,,0
clemson-football-1947-media-guide,college-pre1950,college-pre1950/text/clemson-football-1947-media-guide.txt,Clemson football 1947 Media Guide,,1,ocr-text,college media guide,roster-table+biography,read-2026-09-06-yearbooks (college job; all 69 usable documents opened),"shape A/B: roster table with age, weight, height, class year, HOME TOWN and HIGH SCHOOL -- fields the professional record does not hold for these men",40705,7254,1863,1947,1947,8,0,0,0,14,1,10,0,0,6,0,5,,,,0
clemson-football-1948-media-guide,college-pre1950,college-pre1950/text/clemson-football-1948-media-guide.txt,Clemson football 1948 Media Guide,,1,ocr-text,college media guide,roster-table+biography,read-2026-09-06-yearbooks (college job; all 69 usable documents opened),"shape A/B: roster table with age, weight, height, class year, HOME TOWN and HIGH SCHOOL -- fields the professional record does not hold for these men",54243,9194,1889,1948,1947,23,1,0,0,28,2,13,0,1,1,1,19,,,,0
clemson-football-1949-media-guide,college-pre1950,college-pre1950/text/clemson-football-1949-media-guide.txt,Clemson football 1949 Media Guide,,1,ocr-text,college media guide,roster-table+biography,read-2026-09-06-yearbooks (college job; all 69 usable documents opened),"shape A/B: roster table with age, weight, height, class year, HOME TOWN and HIGH SCHOOL -- fields the professional record does not hold for these men",54753,9534,1889,1949,1949,17,0,0,0,19,1,16,0,0,0,0,21,,,,0
cstr_000382,college-pre1950,college-pre1950/text/cstr_000382.txt,"The Porcupine, Santa Rosa High School yearbook, November 1905",,1,ocr-text,high-school yearbook (mis-filed as college),unread,read-2026-09-06-yearbooks (college job; all 69 usable documents opened),,64592,11202,1905,1905,1905,7,0,0,1,4,0,1,0,0,1,0,0,,,,0
doc-051326-05132026091011,college-pre1950,college-pre1950/text/doc-051326-05132026091011.txt,"Game Program - Football - Salem at New River State (Nov. 10, 193",,1,ocr-text,college document,unread,read-2026-09-06-yearbooks (college job; all 69 usable documents opened),"shape recorded in college-pre1950/REPORT.md, not per-row here",38189,6042,1901,1940,1939,13,0,0,0,5,0,0,0,0,0,0,0,,,,0
doc-051326-05132026133713,college-pre1950,college-pre1950/text/doc-051326-05132026133713.txt,Salem at Morris Harvey Football Game Program (10/22/1938),,1,ocr-text,college document,unread,read-2026-09-06-yearbooks (college job; all 69 usable documents opened),"shape recorded in college-pre1950/REPORT.md, not per-row here",13929,2366,1865,1938,1938,12,0,0,0,1,0,0,0,24,2,0,0,,,,0
first-annual-corn-bowl-game_202112,college-pre1950,college-pre1950/text/first-annual-corn-bowl-game_202112.txt,First Annual Corn Bowl Game,,1,ocr-text,college game programme,roster-table,read-2026-09-06-yearbooks (college job; all 69 usable documents opened),"shape D: numbered line-ups, sometimes weight and home town, no prose",27896,4407,1853,2013,1947,0,2,0,0,3,0,0,0,0,1,0,0,,,,0
florida-state-football-1949-media-guide,college-pre1950,college-pre1950/text/florida-state-football-1949-media-guide.txt,Florida State Football 1949 Media Guide,,1,ocr-text,college media guide,roster-table+biography,read-2026-09-06-yearbooks (college job; all 69 usable documents opened),"shape A/B: roster table with age, weight, height, class year, HOME TOWN and HIGH SCHOOL -- fields the professional record does not hold for these men",53359,8857,1901,1949,1948,72,0,0,0,23,0,4,0,3,0,0,0,,,,0
football-program-1930-alabama-at-kentucky,college-pre1950,college-pre1950/text/football-program-1930-alabama-at-kentucky.txt,Football Program: 1930 Alabama At Kentucky,,1,ocr-text,college media guide,roster-table+biography,read-2026-09-06-yearbooks (college job; all 69 usable documents opened),"shape A/B: roster table with age, weight, height, class year, HOME TOWN and HIGH SCHOOL -- fields the professional record does not hold for these men",30385,4746,1859,1930,1930,40,0,1,0,26,0,0,4,8,0,0,0,,,,0
football-program-1934-alabama-at-kentucky,college-pre1950,college-pre1950/text/football-program-1934-alabama-at-kentucky.txt,Football Program: 1934 Alabama At Kentucky,,1,ocr-text,college media guide,roster-table+biography,read-2026-09-06-yearbooks (college job; all 69 usable documents opened),"shape A/B: roster table with age, weight, height, class year, HOME TOWN and HIGH SCHOOL -- fields the professional record does not hold for these men",41073,6594,1906,1934,1934,64,0,0,0,76,0,2,1,1,1,0,0,,,,0
football-program-1936-alabama-at-kentucky,college-pre1950,college-pre1950/text/football-program-1936-alabama-at-kentucky.txt,Football Program: 1936 Alabama At Kentucky,,1,ocr-text,college media guide,roster-table+biography,read-2026-09-06-yearbooks (college job; all 69 usable documents opened),"shape A/B: roster table with age, weight, height, class year, HOME TOWN and HIGH SCHOOL -- fields the professional record does not hold for these men",40875,6449,1866,1986,1936,27,0,0,0,83,0,0,0,53,1,0,0,,,,0
football-program-1938-alabama-at-kentucky,college-pre1950,college-pre1950/text/football-program-1938-alabama-at-kentucky.txt,Football Program: 1938 Alabama At Kentucky,,1,ocr-text,college media guide,roster-table+biography,read-2026-09-06-yearbooks (college job; all 69 usable documents opened),"shape A/B: roster table with age, weight, height, class year, HOME TOWN and HIGH SCHOOL -- fields the professional record does not hold for these men",20822,3218,1858,1939,1938,8,0,0,0,13,0,0,2,34,2,0,0,,,,0
football-program-1942-alabama-at-kentucky,college-pre1950,college-pre1950/text/football-program-1942-alabama-at-kentucky.txt,Football Program: 1942 Alabama At Kentucky,,1,ocr-text,college media guide,roster-table+biography,read-2026-09-06-yearbooks (college job; all 69 usable documents opened),"shape A/B: roster table with age, weight, height, class year, HOME TOWN and HIGH SCHOOL -- fields the professional record does not hold for these men",30026,4759,1872,2000,1942,25,0,0,0,17,0,0,2,70,0,0,0,,,,0
football-program-1945-alabama-at-kentucky,college-pre1950,college-pre1950/text/football-program-1945-alabama-at-kentucky.txt,Football Program: 1945 Alabama At Kentucky,,1,ocr-text,college media guide,roster-table+biography,read-2026-09-06-yearbooks (college job; all 69 usable documents opened),"shape A/B: roster table with age, weight, height, class year, HOME TOWN and HIGH SCHOOL -- fields the professional record does not hold for these men",12287,1957,1945,1945,1945,18,0,0,0,44,0,0,0,88,0,0,0,,,,0
kentucky-football-1939-media-guide-c,college-pre1950,college-pre1950/text/kentucky-football-1939-media-guide-c.txt,Kentucky football 1939 Media Guide,,1,ocr-text,college media guide,roster-table+biography,read-2026-09-06-yearbooks (college job; all 69 usable documents opened),"shape A/B: roster table with age, weight, height, class year, HOME TOWN and HIGH SCHOOL -- fields the professional record does not hold for these men",33934,5567,1865,1988,1938,32,0,0,0,38,2,21,4,0,0,0,0,,,,0
kentucky-football-1942-media-guide-c,college-pre1950,college-pre1950/text/kentucky-football-1942-media-guide-c.txt,Kentucky football 1942 Media Guide,,1,ocr-text,college media guide,roster-table+biography,read-2026-09-06-yearbooks (college job; all 69 usable documents opened),"shape A/B: roster table with age, weight, height, class year, HOME TOWN and HIGH SCHOOL -- fields the professional record does not hold for these men",40293,6632,1865,1959,1941,11,0,0,0,40,0,8,1,0,0,0,0,,,,0
kentucky-football-1946-media-guide-c,college-pre1950,college-pre1950/text/kentucky-football-1946-media-guide-c.txt,Kentucky football 1946 Media Guide,,1,ocr-text,college media guide,roster-table+biography,read-2026-09-06-yearbooks (college job; all 69 usable documents opened),"shape A/B: roster table with age, weight, height, class year, HOME TOWN and HIGH SCHOOL -- fields the professional record does not hold for these men",43013,6978,1862,1948,1945,13,0,0,0,38,0,6,2,0,12,0,7,,,,0
kentucky-football-1947-media-guide-c,college-pre1950,college-pre1950/text/kentucky-football-1947-media-guide-c.txt,Kentucky football 1947 Media Guide,,1,ocr-text,college media guide,roster-table+biography,read-2026-09-06-yearbooks (college job; all 69 usable documents opened),"shape A/B: roster table with age, weight, height, class year, HOME TOWN and HIGH SCHOOL -- fields the professional record does not hold for these men",73756,12413,1862,1954,1946,30,0,0,0,39,0,24,0,0,0,2,1,,,,0
kentucky-football-1948-media-guide,college-pre1950,college-pre1950/text/kentucky-football-1948-media-guide.txt,Kentucky football 1948 Media Guide,,1,ocr-text,college media guide,roster-table+biography,read-2026-09-06-yearbooks (college job; all 69 usable documents opened),"shape A/B: roster table with age, weight, height, class year, HOME TOWN and HIGH SCHOOL -- fields the professional record does not hold for these men",76828,12998,1862,1948,1946,30,1,0,0,41,1,13,0,0,4,2,8,,,,0
kentucky-football-1949-media-guide,college-pre1950,college-pre1950/text/kentucky-football-1949-media-guide.txt,Kentucky football 1949 Media Guide,,1,ocr-text,college media guide,roster-table+biography,read-2026-09-06-yearbooks (college job; all 69 usable documents opened),"shape A/B: roster table with age, weight, height, class year, HOME TOWN and HIGH SCHOOL -- fields the professional record does not hold for these men",114867,19250,1862,2005,1949,67,1,0,0,94,11,29,6,0,1,2,9,,,,0
nc-state-football-1939-media-guide,college-pre1950,college-pre1950/text/nc-state-football-1939-media-guide.txt,NC State Football 1939 Media Guide,,1,ocr-text,college media guide,roster-table+biography,read-2026-09-06-yearbooks (college job; all 69 usable documents opened),"shape A/B: roster table with age, weight, height, class year, HOME TOWN and HIGH SCHOOL -- fields the professional record does not hold for these men",43566,7180,1897,1988,1938,27,1,0,0,29,1,8,0,0,23,0,0,,,,0
nc-state-football-1947-media-guide,college-pre1950,college-pre1950/text/nc-state-football-1947-media-guide.txt,NC State Football 1947 Media Guide,,1,ocr-text,college media guide,roster-table+biography,read-2026-09-06-yearbooks (college job; all 69 usable documents opened),"shape A/B: roster table with age, weight, height, class year, HOME TOWN and HIGH SCHOOL -- fields the professional record does not hold for these men",52264,8863,1889,1991,1946,42,1,0,0,48,0,25,0,0,0,0,2,,,,0
nc-state-football-1949-media-guide,college-pre1950,college-pre1950/text/nc-state-football-1949-media-guide.txt,NC State Football 1949 Media Guide,,1,ocr-text,college media guide,roster-table+biography,read-2026-09-06-yearbooks (college job; all 69 usable documents opened),"shape A/B: roster table with age, weight, height, class year, HOME TOWN and HIGH SCHOOL -- fields the professional record does not hold for these men",84712,14296,1862,1992,1949,60,0,0,0,65,0,10,0,0,1,0,14,,,,0
officialsouvenir00brad,college-pre1950,college-pre1950/text/officialsouvenir00brad.txt,The official souvenir program of the Yale-Harvard football game;,,1,ocr-text,college document,unread,read-2026-09-06-yearbooks (college job; all 69 usable documents opened),"shape recorded in college-pre1950/REPORT.md, not per-row here",78328,12424,1851,2000,1901,6,0,0,0,25,0,0,0,1,1,0,0,,,,0
oregon-state-football-1939-media-guide,college-pre1950,college-pre1950/text/oregon-state-football-1939-media-guide.txt,Oregon State football 1939 Media Guide,,1,ocr-text,college document,unread,read-2026-09-06-yearbooks (college job; all 69 usable documents opened),"shape recorded in college-pre1950/REPORT.md, not per-row here",20924,3164,1928,1939,1939,25,0,0,0,24,0,1,0,9,0,0,0,,,,0
second-annual-corn-bowl-game,college-pre1950,college-pre1950/text/second-annual-corn-bowl-game.txt,Second Annual Corn Bowl Game,,1,ocr-text,college game programme,roster-table,read-2026-09-06-yearbooks (college job; all 69 usable documents opened),"shape D: numbered line-ups, sometimes weight and home town, no prose",51527,7619,1853,2017,1948,19,0,0,0,2,0,0,0,27,1,0,0,,,,0
spalding-guide-1934-national-champions,college-pre1950,college-pre1950/text/spalding-guide-1934-national-champions.txt,Spalding's Official Intercollegiate Foot Ball Guide 1934: Parke ,,1,ocr-text,national preview annual,none,read-2026-09-06-yearbooks (college job; all 69 usable documents opened),"shape C: hundreds of names, no per-man fields",22889,3294,1869,1983,1933,2,0,0,0,2,0,2,0,0,0,0,0,,,,0
spalding-guide-1935-national-champions,college-pre1950,college-pre1950/text/spalding-guide-1935-national-champions.txt,Spalding's Official Intercollegiate Foot Ball Guide 1935: Nation,,1,ocr-text,national preview annual,none,read-2026-09-06-yearbooks (college job; all 69 usable documents opened),"shape C: hundreds of names, no per-man fields",12169,1679,1869,1999,1934,1,0,0,0,0,0,0,0,0,0,0,0,,,,0
spalding-guide-1936-national-champions,college-pre1950,college-pre1950/text/spalding-guide-1936-national-champions.txt,Spalding's Official Intercollegiate Foot Ball Guide 1936: Nation,,1,ocr-text,national preview annual,none,read-2026-09-06-yearbooks (college job; all 69 usable documents opened),"shape C: hundreds of names, no per-man fields",14324,2062,1869,1988,1935,1,0,0,0,0,0,0,0,1,0,0,0,,,,0
spaldingsoffici00campgoog,college-pre1950,college-pre1950/text/spaldingsoffici00campgoog.txt,Spalding's Official Foot Ball Guide ...,,1,ocr-text,national preview annual,none,read-2026-09-06-yearbooks (college job; all 69 usable documents opened),"shape C: hundreds of names, no per-man fields",615880,99477,1869,2015,1914,304,1,0,0,104,3,5,2,0,56,0,0,,,,0
street-smith-1941-college-football-yearbook-c,college-pre1950,college-pre1950/text/street-smith-1941-college-football-yearbook-c.txt,Street & Smith's 1941 College Football Yearbook,,1,ocr-text,national preview annual,none,read-2026-09-06-yearbooks (college job; all 69 usable documents opened),"shape C: hundreds of names, no per-man fields",363352,59980,1909,1941,1940,343,1,0,0,191,3,5,0,0,4,0,0,,,,0
street-smith-1942-college-football-yearbook-c,college-pre1950,college-pre1950/text/street-smith-1942-college-football-yearbook-c.txt,Street & Smith's 1942 College Football Yearbook,,1,ocr-text,national preview annual,none,read-2026-09-06-yearbooks (college job; all 69 usable documents opened),"shape C: hundreds of names, no per-man fields",302984,49930,1914,1942,1941,338,1,0,0,157,1,10,0,0,7,0,0,,,,0
street-smith-1943-college-football-yearbook-c,college-pre1950,college-pre1950/text/street-smith-1943-college-football-yearbook-c.txt,Street & Smith's 1943 College Football Yearbook,,1,ocr-text,national preview annual,none,read-2026-09-06-yearbooks (college job; all 69 usable documents opened),"shape C: hundreds of names, no per-man fields",268884,44352,1918,1944,1942,238,3,0,0,111,0,1,0,0,0,0,0,,,,0
sugar-bowl-1935-game-program-temple-vs.-tulane,college-pre1950,college-pre1950/text/sugar-bowl-1935-game-program-temple-vs.-tulane.txt,Sugar Bowl 1935 Game Program,,1,ocr-text,college game programme,roster-table,read-2026-09-06-yearbooks (college job; all 69 usable documents opened),"shape D: numbered line-ups, sometimes weight and home town, no prose",48713,7372,1884,1952,1935,6,0,0,0,7,0,5,0,14,1,0,0,,,,0
tcu-1938,college-pre1950,college-pre1950/text/tcu-1938.txt,TCU football 1938 Media Guide,,1,ocr-text,college document,unread,read-2026-09-06-yearbooks (college job; all 69 usable documents opened),"shape recorded in college-pre1950/REPORT.md, not per-row here",59743,10554,1873,1939,1938,76,2,0,0,9,0,2,0,0,1,0,4,,,,0
wisconsin_202303,college-pre1950,college-pre1950/text/wisconsin_202303.txt,Wisconsin Football Media Guide Archive,,1,ocr-text,container cover stub,none,read-2026-09-06-yearbooks (college job; all 69 usable documents opened),first _djvu.txt of a container item is the cover: 0-31 bytes,0,0,,,,0,0,0,0,0,0,0,0,0,0,0,0,,,,0
1949_Gator_Bowl_Media_Guide,college-pre1950,college-pre1950/text_container/1949_Gator_Bowl_Media_Guide.txt,,,1,ocr-text,college game programme,roster-table,read-2026-09-06-yearbooks (college job; all 69 usable documents opened),"shape D: numbered line-ups, sometimes weight and home town, no prose | from inside a container item",27311,4485,1900,1949,1948,33,0,0,0,18,0,3,0,0,0,1,7,near-identical,01-clemson-bowl-media-guides,1.0,1
"Florida_Football,_1946_Media_Guide",college-pre1950,"college-pre1950/text_container/Florida_Football,_1946_Media_Guide.txt",,,1,ocr-text,college media guide,roster-table+biography,read-2026-09-06-yearbooks (college job; all 69 usable documents opened),"shape A/B: roster table with age, weight, height, class year, HOME TOWN and HIGH SCHOOL -- fields the professional record does not hold for these men | from inside a container item",63448,10103,1853,1989,1946,0,1,0,0,53,0,4,2,0,3,0,0,,,,0
"Florida_Football,_1947_Media_Guide",college-pre1950,"college-pre1950/text_container/Florida_Football,_1947_Media_Guide.txt",,,1,ocr-text,college media guide,roster-table+biography,read-2026-09-06-yearbooks (college job; all 69 usable documents opened),"shape A/B: roster table with age, weight, height, class year, HOME TOWN and HIGH SCHOOL -- fields the professional record does not hold for these men | from inside a container item",84887,13226,1853,2022,1946,33,2,0,0,94,0,5,2,5,2,1,20,,,,0
"Florida_Football,_1948_Media_Guide",college-pre1950,"college-pre1950/text_container/Florida_Football,_1948_Media_Guide.txt",,,1,ocr-text,college media guide,roster-table+biography,read-2026-09-06-yearbooks (college job; all 69 usable documents opened),"shape A/B: roster table with age, weight, height, class year, HOME TOWN and HIGH SCHOOL -- fields the professional record does not hold for these men | from inside a container item",122479,18974,1853,2022,1947,67,2,0,0,99,0,43,0,0,3,2,28,,,,0
"Florida_Football,_1949_Media_Guide",college-pre1950,"college-pre1950/text_container/Florida_Football,_1949_Media_Guide.txt",,,1,ocr-text,college media guide,roster-table+biography,read-2026-09-06-yearbooks (college job; all 69 usable documents opened),"shape A/B: roster table with age, weight, height, class year, HOME TOWN and HIGH SCHOOL -- fields the professional record does not hold for these men | from inside a container item",105590,17034,1853,2006,1948,73,2,0,0,87,2,40,0,16,18,1,49,,,,0
Rutgers_Football_1940_Media_Guide,college-pre1950,college-pre1950/text_container/Rutgers_Football_1940_Media_Guide.txt,,,1,ocr-text,college media guide,biography,read-2026-09-06-yearbooks (college job; all 69 usable documents opened),shape B: per-player thumbnail sketches | from inside a container item,37672,5964,1869,1940,1938,21,0,0,0,28,3,4,2,1,5,0,0,,,,0
Rutgers_Football_1941_Media_Guide,college-pre1950,college-pre1950/text_container/Rutgers_Football_1941_Media_Guide.txt,,,1,ocr-text,college media guide,biography,read-2026-09-06-yearbooks (college job; all 69 usable documents opened),shape B: per-player thumbnail sketches | from inside a container item,30096,4714,1869,1941,1941,15,0,0,0,20,2,3,0,0,0,0,0,,,,0
Rutgers_Football_1947_Media_Guide_(C),college-pre1950,college-pre1950/text_container/Rutgers_Football_1947_Media_Guide_(C).txt,,,1,ocr-text,college media guide,biography,read-2026-09-06-yearbooks (college job; all 69 usable documents opened),shape B: per-player thumbnail sketches | from inside a container item,58800,9712,1866,1989,1946,23,0,0,0,39,0,5,0,0,3,0,8,,,,0
Rutgers_Football_1948_Media_Guide_(C),college-pre1950,college-pre1950/text_container/Rutgers_Football_1948_Media_Guide_(C).txt,,,1,ocr-text,college media guide,biography,read-2026-09-06-yearbooks (college job; all 69 usable documents opened),shape B: per-player thumbnail sketches | from inside a container item,59497,9853,1856,1996,1947,24,0,0,0,33,0,9,0,0,0,0,3,,,,0
Rutgers_Football_1949_Media_Guide_(C),college-pre1950,college-pre1950/text_container/Rutgers_Football_1949_Media_Guide_(C).txt,,,1,ocr-text,college media guide,biography,read-2026-09-06-yearbooks (college job; all 69 usable documents opened),shape B: per-player thumbnail sketches | from inside a container item,54225,9180,1866,1989,1948,30,0,0,0,44,4,8,1,0,17,0,9,,,,0
"Wisconsin_Football,_1947",college-pre1950,"college-pre1950/text_container/Wisconsin_Football,_1947.txt",,,1,ocr-text,college media guide,roster-table+biography,read-2026-09-06-yearbooks (college job; all 69 usable documents opened),"shape A/B: roster table with age, weight, height, class year, HOME TOWN and HIGH SCHOOL -- fields the professional record does not hold for these men | from inside a container item",182987,29454,1863,1948,1946,93,8,0,3,81,3,9,0,10,1,0,18,,,,0
"Wisconsin_Football,_1948",college-pre1950,"college-pre1950/text_container/Wisconsin_Football,_1948.txt",,,1,ocr-text,college media guide,roster-table+biography,read-2026-09-06-yearbooks (college job; all 69 usable documents opened),"shape A/B: roster table with age, weight, height, class year, HOME TOWN and HIGH SCHOOL -- fields the professional record does not hold for these men | from inside a container item",469567,75499,1853,2000,1947,141,14,0,0,143,3,23,0,16,19,1,14,,,,0
prog:1925 New York Giants vs Providence Steam Rollers Official Program NFL ,programs,programs/1925 New York Giants vs Providence Steam Rollers Official Program NFL ZJ21054,1925 New York Giants vs Providence Steam Rollers Official Program NFL ZJ21054,1925,0,photographs,"NFL game programme, dealer beauty-shots plus two interior spreads",roster-table+captioned-photograph,read-2026-09-07-yearbooks (photographs opened and read by eye),"'Line-Up and Numbers of Both Teams' -- both starting elevens by number, name, COLLEGE and position, both sets of linesmen, the three officials with their colleges, the 1925 Giants schedule and the NATIONAL FOOTBALL LEAGUE STANDING to 15 Nov 1925; a second spread carries a four-man team photograph with a caption naming the men. OCR scored 0 of 8 photographs above 60 words -- it read none of this | 0 loose images + 8 in zip; eBay listing photographs, no OCR layer | OCR: 0 of 8 photographs carry >60 words (210 total) -- a FLOOR, these are angled dealer photographs and OCR misses readable pages",,,,,,,,,,,,,,,,,,,,,0
prog:1926 New York Giants v Kansas City Cowboys Program 10:24 Polo Grounds ,programs,programs/1926 New York Giants v Kansas City Cowboys Program 10:24 Polo Grounds Ex Rare,1926 New York Giants v Kansas City Cowboys Program 10:24 Polo Grounds Ex Rare,1926,0,photographs,game programme (photographs of a physical copy),unread -- OCR only,read-2026-09-07-yearbooks (OCR of all 667 photographs; OCR is a FLOOR on these angled dealer shots),"2 of 4 photographs carry >60 OCR words (364 total). NOT a content verdict: the class was read in three listings and all three carried interior pages. | 4 loose images + 0 in zip; eBay listing photographs, no OCR layer | OCR: 2 of 4 photographs carry >60 words (364 total) -- a FLOOR, these are angled dealer photographs and OCR misses readable pages",,,,,,,,,,,,,,,,,,,,,0
prog:1926 New York Yankees Pacific Coast Wildcats Program AFL Red Grange ZJ,programs,programs/1926 New York Yankees Pacific Coast Wildcats Program AFL Red Grange ZJ21055,1926 New York Yankees Pacific Coast Wildcats Program AFL Red Grange ZJ21055,1926,0,photographs,game programme (photographs of a physical copy),unread -- OCR found no text,read-2026-09-07-yearbooks (OCR of all 667 photographs; OCR is a FLOOR on these angled dealer shots),"0 of 4 photographs carry >60 OCR words (111 total). NOT a content verdict: the class was read in three listings and all three carried interior pages. | 4 loose images + 0 in zip; eBay listing photographs, no OCR layer | OCR: 0 of 4 photographs carry >60 words (111 total) -- a FLOOR, these are angled dealer photographs and OCR misses readable pages",,,,,,,,,,,,,,,,,,,,,0
prog:1926 Red Grange on Cover NY Football Yankees vs. Boston Bulldogs Progr,programs,programs/1926 Red Grange on Cover NY Football Yankees vs. Boston Bulldogs Program,1926 Red Grange on Cover NY Football Yankees vs. Boston Bulldogs Program,1926,0,photographs,game programme (photographs of a physical copy),unread -- OCR only,read-2026-09-07-yearbooks (OCR of all 667 photographs; OCR is a FLOOR on these angled dealer shots),"2 of 4 photographs carry >60 OCR words (717 total). NOT a content verdict: the class was read in three listings and all three carried interior pages. | 4 loose images + 0 in zip; eBay listing photographs, no OCR layer | OCR: 2 of 4 photographs carry >60 words (717 total) -- a FLOOR, these are angled dealer photographs and OCR misses readable pages",,,,,,,,,,,,,,,,,,,,,0
prog:1926 “RED GRANGE’S record game” CHICAGO BEARS v L.A. TIGERS Football P,programs,programs/1926 “RED GRANGE’S record game” CHICAGO BEARS v L.A. TIGERS Football Program!!!,1926 “RED GRANGE’S record game” CHICAGO BEARS v L.A. TIGERS Football Program!!!,1926,0,photographs,game programme (photographs of a physical copy),unread -- OCR only,read-2026-09-07-yearbooks (OCR of all 667 photographs; OCR is a FLOOR on these angled dealer shots),"9 of 12 photographs carry >60 OCR words (3019 total). NOT a content verdict: the class was read in three listings and all three carried interior pages. | 12 loose images + 0 in zip; eBay listing photographs, no OCR layer | OCR: 9 of 12 photographs carry >60 words (3019 total) -- a FLOOR, these are angled dealer photographs and OCR misses readable pages",,,,,,,,,,,,,,,,,,,,,0
prog:1934 1st College All Stars-Chicago Bears Football Program:RED GRANGE:B,programs,programs/1934 1st College All Stars-Chicago Bears Football Program:RED GRANGE:B.NAGURSKI!,1934 1st College All Stars-Chicago Bears Football Program:RED GRANGE:B.NAGURSKI!,1934,0,photographs,game programme (photographs of a physical copy),unread -- OCR only,read-2026-09-07-yearbooks (OCR of all 667 photographs; OCR is a FLOOR on these angled dealer shots),"11 of 14 photographs carry >60 OCR words (1419 total). NOT a content verdict: the class was read in three listings and all three carried interior pages. | 14 loose images + 0 in zip; eBay listing photographs, no OCR layer | OCR: 11 of 14 photographs carry >60 words (1419 total) -- a FLOOR, these are angled dealer photographs and OCR misses readable pages",,,,,,,,,,,,,,,,,,,,,0
prog:1934 Historic”New Fenway Park” Boston Redskins vs Chicago Cards footba,programs,programs/1934 Historic”New Fenway Park” Boston Redskins vs Chicago Cards football program,1934 Historic”New Fenway Park” Boston Redskins vs Chicago Cards football program,1934,0,photographs,game programme (photographs of a physical copy),unread -- OCR only,read-2026-09-07-yearbooks (OCR of all 667 photographs; OCR is a FLOOR on these angled dealer shots),"13 of 13 photographs carry >60 OCR words (4061 total). NOT a content verdict: the class was read in three listings and all three carried interior pages. | 0 loose images + 13 in zip; eBay listing photographs, no OCR layer | OCR: 13 of 13 photographs carry >60 words (4061 total) -- a FLOOR, these are angled dealer photographs and OCR misses readable pages",,,,,,,,,,,,,,,,,,,,,0
prog:1934 WESTWOOD CUBS vs S.C. MAROONS: Pacific Football League Program:FA,programs,programs/1934 WESTWOOD CUBS vs S.C. MAROONS: Pacific Football League Program:FAMOUS COVER,1934 WESTWOOD CUBS vs S.C. MAROONS: Pacific Football League Program:FAMOUS COVER,1934,0,photographs,game programme (photographs of a physical copy),unread -- OCR only,read-2026-09-07-yearbooks (OCR of all 667 photographs; OCR is a FLOOR on these angled dealer shots),"7 of 8 photographs carry >60 OCR words (1947 total). NOT a content verdict: the class was read in three listings and all three carried interior pages. | 0 loose images + 8 in zip; eBay listing photographs, no OCR layer | OCR: 7 of 8 photographs carry >60 words (1947 total) -- a FLOOR, these are angled dealer photographs and OCR misses readable pages",,,,,,,,,,,,,,,,,,,,,0
prog:1935 BOSTON REDSKINS vs N.Y. GIANTS FOOTBALL PROGRAM:ORIGINAL REDSKIN ,programs,programs/1935 BOSTON REDSKINS vs N.Y. GIANTS FOOTBALL PROGRAM:ORIGINAL REDSKIN FRANCHISE,1935 BOSTON REDSKINS vs N.Y. GIANTS FOOTBALL PROGRAM:ORIGINAL REDSKIN FRANCHISE,1935,0,photographs,game programme (photographs of a physical copy),unread -- OCR only,read-2026-09-07-yearbooks (OCR of all 667 photographs; OCR is a FLOOR on these angled dealer shots),"5 of 6 photographs carry >60 OCR words (2232 total). NOT a content verdict: the class was read in three listings and all three carried interior pages. | 0 loose images + 6 in zip; eBay listing photographs, no OCR layer | OCR: 5 of 6 photographs carry >60 words (2232 total) -- a FLOOR, these are angled dealer photographs and OCR misses readable pages",,,,,,,,,,,,,,,,,,,,,0
prog:1935 COLLEGE ALL-AMERICANS VS CHICAGO BEARS Football Program:R.GRANGE:,programs,programs/1935 COLLEGE ALL-AMERICANS VS CHICAGO BEARS Football Program:R.GRANGE:B.NAGURSKI,1935 COLLEGE ALL-AMERICANS VS CHICAGO BEARS Football Program:R.GRANGE:B.NAGURSKI,1935,0,photographs,game programme (photographs of a physical copy),unread -- OCR only,read-2026-09-07-yearbooks (OCR of all 667 photographs; OCR is a FLOOR on these angled dealer shots),"21 of 24 photographs carry >60 OCR words (2896 total). NOT a content verdict: the class was read in three listings and all three carried interior pages. | 0 loose images + 24 in zip; eBay listing photographs, no OCR layer | OCR: 21 of 24 photographs carry >60 words (2896 total) -- a FLOOR, these are angled dealer photographs and OCR misses readable pages",,,,,,,,,,,,,,,,,,,,,0
prog:1935 NFL CHICAGO BEARS v PACIFIC A.S.FOOTBALL PROGRAM:RED GRANGE:BRONK,programs,programs/1935 NFL CHICAGO BEARS v PACIFIC A.S.FOOTBALL PROGRAM:RED GRANGE:BRONKO NAGURSKI,1935 NFL CHICAGO BEARS v PACIFIC A.S.FOOTBALL PROGRAM:RED GRANGE:BRONKO NAGURSKI,1935,0,photographs,game programme (photographs of a physical copy),unread -- OCR only,read-2026-09-07-yearbooks (OCR of all 667 photographs; OCR is a FLOOR on these angled dealer shots),"7 of 9 photographs carry >60 OCR words (2141 total). NOT a content verdict: the class was read in three listings and all three carried interior pages. | 9 loose images + 0 in zip; eBay listing photographs, no OCR layer | OCR: 7 of 9 photographs carry >60 words (2141 total) -- a FLOOR, these are angled dealer photographs and OCR misses readable pages",,,,,,,,,,,,,,,,,,,,,0
prog:1935 Westwood Cubs vs L.A. Maroons football program:BENNY LEFEBVRE!!,programs,programs/1935 Westwood Cubs vs L.A. Maroons football program:BENNY LEFEBVRE!!,1935 Westwood Cubs vs L.A. Maroons football program:BENNY LEFEBVRE!!,1935,0,photographs,game programme (photographs of a physical copy),unread -- OCR only,read-2026-09-07-yearbooks (OCR of all 667 photographs; OCR is a FLOOR on these angled dealer shots),"8 of 9 photographs carry >60 OCR words (1590 total). NOT a content verdict: the class was read in three listings and all three carried interior pages. | 0 loose images + 9 in zip; eBay listing photographs, no OCR layer | OCR: 8 of 9 photographs carry >60 words (1590 total) -- a FLOOR, these are angled dealer photographs and OCR misses readable pages",,,,,,,,,,,,,,,,,,,,,0
prog:1936 “Rare”Boston Redskins vs Brooklyn Dodgers NFL football program:Bo,programs,programs/1936 “Rare”Boston Redskins vs Brooklyn Dodgers NFL football program:Bos.last yr!,1936 “Rare”Boston Redskins vs Brooklyn Dodgers NFL football program:Bos.last yr!,1936,0,photographs,game programme (photographs of a physical copy),unread -- OCR only,read-2026-09-07-yearbooks (OCR of all 667 photographs; OCR is a FLOOR on these angled dealer shots),"7 of 8 photographs carry >60 OCR words (1008 total). NOT a content verdict: the class was read in three listings and all three carried interior pages. | 0 loose images + 8 in zip; eBay listing photographs, no OCR layer | OCR: 7 of 8 photographs carry >60 words (1008 total) -- a FLOOR, these are angled dealer photographs and OCR misses readable pages",,,,,,,,,,,,,,,,,,,,,0
prog:1936”RARE” BOSTON REDSKINS v NEW YORK GIANTS NFL FOOTBALL PROGRAM:L.Y.,programs,programs/1936”RARE” BOSTON REDSKINS v NEW YORK GIANTS NFL FOOTBALL PROGRAM:L.Y. In Boston,1936”RARE” BOSTON REDSKINS v NEW YORK GIANTS NFL FOOTBALL PROGRAM:L.Y. In Boston,1936,0,photographs,game programme (photographs of a physical copy),unread -- OCR only,read-2026-09-07-yearbooks (OCR of all 667 photographs; OCR is a FLOOR on these angled dealer shots),"8 of 9 photographs carry >60 OCR words (2494 total). NOT a content verdict: the class was read in three listings and all three carried interior pages. | 9 loose images + 0 in zip; eBay listing photographs, no OCR layer | OCR: 8 of 9 photographs carry >60 words (2494 total) -- a FLOOR, these are angled dealer photographs and OCR misses readable pages",,,,,,,,,,,,,,,,,,,,,0
prog:1937 Brooklyn Dodgers vs New York Giants football program:Ace Parker c,programs,programs/1937 Brooklyn Dodgers vs New York Giants football program:Ace Parker cover!!,1937 Brooklyn Dodgers vs New York Giants football program:Ace Parker cover!!,1937,0,photographs,game programme (photographs of a physical copy),unread -- OCR only,read-2026-09-07-yearbooks (OCR of all 667 photographs; OCR is a FLOOR on these angled dealer shots),"5 of 6 photographs carry >60 OCR words (728 total). NOT a content verdict: the class was read in three listings and all three carried interior pages. | 0 loose images + 6 in zip; eBay listing photographs, no OCR layer | OCR: 5 of 6 photographs carry >60 words (728 total) -- a FLOOR, these are angled dealer photographs and OCR misses readable pages",,,,,,,,,,,,,,,,,,,,,0
prog:1937 EAGLES v GREEN BAY FOOTBALL PROGRAM:LAMBEAU:HUTSON:HINKLE:HERBER:,programs,programs/1937 EAGLES v GREEN BAY FOOTBALL PROGRAM:LAMBEAU:HUTSON:HINKLE:HERBER:HEWITT!!!,1937 EAGLES v GREEN BAY FOOTBALL PROGRAM:LAMBEAU:HUTSON:HINKLE:HERBER:HEWITT!!!,1937,0,photographs,game programme (photographs of a physical copy),unread -- OCR only,read-2026-09-07-yearbooks (OCR of all 667 photographs; OCR is a FLOOR on these angled dealer shots),"10 of 14 photographs carry >60 OCR words (2774 total). NOT a content verdict: the class was read in three listings and all three carried interior pages. | 0 loose images + 14 in zip; eBay listing photographs, no OCR layer | OCR: 10 of 14 photographs carry >60 words (2774 total) -- a FLOOR, these are angled dealer photographs and OCR misses readable pages",,,,,,,,,,,,,,,,,,,,,0
prog:1937 HISTORIC Eagles vs Redskins...NFL CHAMPS in 1st Yr in D.C.footbal,programs,programs/1937 HISTORIC Eagles vs Redskins...NFL CHAMPS in 1st Yr in D.C.football program,1937 HISTORIC Eagles vs Redskins...NFL CHAMPS in 1st Yr in D.C.football program,1937,0,photographs,game programme (photographs of a physical copy),unread -- OCR only,read-2026-09-07-yearbooks (OCR of all 667 photographs; OCR is a FLOOR on these angled dealer shots),"7 of 10 photographs carry >60 OCR words (2023 total). NOT a content verdict: the class was read in three listings and all three carried interior pages. | 0 loose images + 10 in zip; eBay listing photographs, no OCR layer | OCR: 7 of 10 photographs carry >60 words (2023 total) -- a FLOOR, these are angled dealer photographs and OCR misses readable pages",,,,,,,,,,,,,,,,,,,,,0
prog:1937 N. Y. GIANTS vs. DETROIT LIONS FOOTBALL PROGRAM:DUTCH CLARK:TOM H,programs,programs/1937 N. Y. GIANTS vs. DETROIT LIONS FOOTBALL PROGRAM:DUTCH CLARK:TOM HUPKE!!￼,1937 N. Y. GIANTS vs. DETROIT LIONS FOOTBALL PROGRAM:DUTCH CLARK:TOM HUPKE!!￼,1937,0,photographs,game programme (photographs of a physical copy),unread -- OCR only,read-2026-09-07-yearbooks (OCR of all 667 photographs; OCR is a FLOOR on these angled dealer shots),"7 of 7 photographs carry >60 OCR words (1919 total). NOT a content verdict: the class was read in three listings and all three carried interior pages. | 0 loose images + 7 in zip; eBay listing photographs, no OCR layer | OCR: 7 of 7 photographs carry >60 words (1919 total) -- a FLOOR, these are angled dealer photographs and OCR misses readable pages",,,,,,,,,,,,,,,,,,,,,0
prog:1937 “Rare”Pittsburgh Pirates vs DETROIT NFL football program:DUTCH CL,programs,programs/1937 “Rare”Pittsburgh Pirates vs DETROIT NFL football program:DUTCH CLARK-COVER!,1937 “Rare”Pittsburgh Pirates vs DETROIT NFL football program:DUTCH CLARK-COVER!,1937,0,photographs,game programme (photographs of a physical copy),unread -- OCR only,read-2026-09-07-yearbooks (OCR of all 667 photographs; OCR is a FLOOR on these angled dealer shots),"9 of 12 photographs carry >60 OCR words (1724 total). NOT a content verdict: the class was read in three listings and all three carried interior pages. | 0 loose images + 12 in zip; eBay listing photographs, no OCR layer | OCR: 9 of 12 photographs carry >60 words (1724 total) -- a FLOOR, these are angled dealer photographs and OCR misses readable pages",,,,,,,,,,,,,,,,,,,,,0
prog:1937”Famous”Green Bay vs New York Giants NFL football program:C.LAMBEA,programs,programs/1937”Famous”Green Bay vs New York Giants NFL football program:C.LAMBEAU:D.HUTSON,1937”Famous”Green Bay vs New York Giants NFL football program:C.LAMBEAU:D.HUTSON,1937,0,photographs,game programme (photographs of a physical copy),unread -- OCR only,read-2026-09-07-yearbooks (OCR of all 667 photographs; OCR is a FLOOR on these angled dealer shots),"8 of 8 photographs carry >60 OCR words (2909 total). NOT a content verdict: the class was read in three listings and all three carried interior pages. | 0 loose images + 8 in zip; eBay listing photographs, no OCR layer | OCR: 8 of 8 photographs carry >60 words (2909 total) -- a FLOOR, these are angled dealer photographs and OCR misses readable pages",,,,,,,,,,,,,,,,,,,,,0
prog:1938 DETROIT LIONS vs. WASHINGTON REDSKINS FOOTBALL PROGRAM:“DUTCH” CL,programs,programs/1938 DETROIT LIONS vs. WASHINGTON REDSKINS FOOTBALL PROGRAM:“DUTCH” CLARK!!!,1938 DETROIT LIONS vs. WASHINGTON REDSKINS FOOTBALL PROGRAM:“DUTCH” CLARK!!!,1938,0,photographs,game programme (photographs of a physical copy),unread -- OCR only,read-2026-09-07-yearbooks (OCR of all 667 photographs; OCR is a FLOOR on these angled dealer shots),"18 of 22 photographs carry >60 OCR words (7660 total). NOT a content verdict: the class was read in three listings and all three carried interior pages. | 0 loose images + 22 in zip; eBay listing photographs, no OCR layer | OCR: 18 of 22 photographs carry >60 words (7660 total) -- a FLOOR, these are angled dealer photographs and OCR misses readable pages",,,,,,,,,,,,,,,,,,,,,0
prog:1938 N. Y. GIANTS VS. GREEN BAY PACKERS FOOTBALL PROGRAM,programs,programs/1938 N. Y. GIANTS VS. GREEN BAY PACKERS FOOTBALL PROGRAM,1938 N. Y. GIANTS VS. GREEN BAY PACKERS FOOTBALL PROGRAM,1938,0,photographs,game programme (photographs of a physical copy),unread -- OCR only,read-2026-09-07-yearbooks (OCR of all 667 photographs; OCR is a FLOOR on these angled dealer shots),"10 of 11 photographs carry >60 OCR words (3962 total). NOT a content verdict: the class was read in three listings and all three carried interior pages. | 0 loose images + 11 in zip; eBay listing photographs, no OCR layer | OCR: 10 of 11 photographs carry >60 words (3962 total) -- a FLOOR, these are angled dealer photographs and OCR misses readable pages",,,,,,,,,,,,,,,,,,,,,0
prog:1938 N.Y. GIANTS v WASHINGTON REDSKINS NFL FOOTBALL PROGRAM:SAMMY BAUG,programs,programs/1938 N.Y. GIANTS v WASHINGTON REDSKINS NFL FOOTBALL PROGRAM:SAMMY BAUGH:MEL HEIN,1938 N.Y. GIANTS v WASHINGTON REDSKINS NFL FOOTBALL PROGRAM:SAMMY BAUGH:MEL HEIN,1938,0,photographs,game programme (photographs of a physical copy),unread -- OCR only,read-2026-09-07-yearbooks (OCR of all 667 photographs; OCR is a FLOOR on these angled dealer shots),"7 of 11 photographs carry >60 OCR words (3329 total). NOT a content verdict: the class was read in three listings and all three carried interior pages. | 0 loose images + 11 in zip; eBay listing photographs, no OCR layer | OCR: 7 of 11 photographs carry >60 words (3329 total) -- a FLOOR, these are angled dealer photographs and OCR misses readable pages",,,,,,,,,,,,,,,,,,,,,0
prog:1938 N.Y.GIANTS v PIRATES FOOTBALL PROGRAM:STEVE OWEN:HEIN:POOLE:“WHIZ,programs,programs/1938 N.Y.GIANTS v PIRATES FOOTBALL PROGRAM:STEVE OWEN:HEIN:POOLE:“WHIZZER” WHITE,1938 N.Y.GIANTS v PIRATES FOOTBALL PROGRAM:STEVE OWEN:HEIN:POOLE:“WHIZZER” WHITE,1938,0,photographs,game programme (photographs of a physical copy),unread -- OCR only,read-2026-09-07-yearbooks (OCR of all 667 photographs; OCR is a FLOOR on these angled dealer shots),"11 of 12 photographs carry >60 OCR words (3319 total). NOT a content verdict: the class was read in three listings and all three carried interior pages. | 0 loose images + 12 in zip; eBay listing photographs, no OCR layer | OCR: 11 of 12 photographs carry >60 words (3319 total) -- a FLOOR, these are angled dealer photographs and OCR misses readable pages",,,,,,,,,,,,,,,,,,,,,0
prog:1939 DETROIT LIONS v CHICAGO BEARS FOOTBALL PROGRAM:SID LUCKMAN:LLOYD ,programs,programs/1939 DETROIT LIONS v CHICAGO BEARS FOOTBALL PROGRAM:SID LUCKMAN:LLOYD CARDWELL,1939 DETROIT LIONS v CHICAGO BEARS FOOTBALL PROGRAM:SID LUCKMAN:LLOYD CARDWELL,1939,0,photographs,game programme (photographs of a physical copy),unread -- OCR only,read-2026-09-07-yearbooks (OCR of all 667 photographs; OCR is a FLOOR on these angled dealer shots),"13 of 16 photographs carry >60 OCR words (6112 total). NOT a content verdict: the class was read in three listings and all three carried interior pages. | 16 loose images + 0 in zip; eBay listing photographs, no OCR layer | OCR: 13 of 16 photographs carry >60 words (6112 total) -- a FLOOR, these are angled dealer photographs and OCR misses readable pages",,,,,,,,,,,,,,,,,,,,,0
prog:1939 GREEN BAY VS. DETROIT FOOTBALL PROGRAM:DON HUTSON:CURLY LAMBEAU:E,programs,programs/1939 GREEN BAY VS. DETROIT FOOTBALL PROGRAM:DON HUTSON:CURLY LAMBEAU:EX+,1939 GREEN BAY VS. DETROIT FOOTBALL PROGRAM:DON HUTSON:CURLY LAMBEAU:EX+,1939,0,photographs,game programme (photographs of a physical copy),unread -- OCR only,read-2026-09-07-yearbooks (OCR of all 667 photographs; OCR is a FLOOR on these angled dealer shots),"17 of 19 photographs carry >60 OCR words (6729 total). NOT a content verdict: the class was read in three listings and all three carried interior pages. | 0 loose images + 19 in zip; eBay listing photographs, no OCR layer | OCR: 17 of 19 photographs carry >60 words (6729 total) -- a FLOOR, these are angled dealer photographs and OCR misses readable pages",,,,,,,,,,,,,,,,,,,,,0
prog:1939 GREEN BAY v CHICAGO CARDS-G.B.wins NFL Football Championship! PRO,programs,programs/1939 GREEN BAY v CHICAGO CARDS-G.B.wins NFL Football Championship! PROGRAM-MINT,1939 GREEN BAY v CHICAGO CARDS-G.B.wins NFL Football Championship! PROGRAM-MINT,1939,0,photographs,"NFL game programme, photographed page by page",biography+roster-table+captioned-photograph,read-2026-09-07-yearbooks (photographs opened and read by eye),"lineup spread: BOTH clubs by number/surname/college/weight/position, plus the four officials by name and city; a player-biography page carrying six men with age, height, weight, marital status, home town, college and fraternity BESIDE a captioned headshot with jersey number (Thompson, Isbell, Becker, Schultz, Svendsen, Engerbretsen); 'Pro Grid Notes' league round-up; advertising | 0 loose images + 22 in zip; eBay listing photographs, no OCR layer | OCR: 21 of 22 photographs carry >60 words (7640 total) -- a FLOOR, these are angled dealer photographs and OCR misses readable pages",,,,,,,,,,,,,,,,,,,,,0
prog:1939 Green Bay v Cleveland Rams Program:Pack Wins N.F.L. World Champio,programs,programs/1939 Green Bay v Cleveland Rams Program:Pack Wins N.F.L. World Championship-MINT,1939 Green Bay v Cleveland Rams Program:Pack Wins N.F.L. World Championship-MINT,1939,0,photographs,game programme (photographs of a physical copy),unread -- OCR only,read-2026-09-07-yearbooks (OCR of all 667 photographs; OCR is a FLOOR on these angled dealer shots),"10 of 12 photographs carry >60 OCR words (3157 total). NOT a content verdict: the class was read in three listings and all three carried interior pages. | 0 loose images + 12 in zip; eBay listing photographs, no OCR layer | OCR: 10 of 12 photographs carry >60 words (3157 total) -- a FLOOR, these are angled dealer photographs and OCR misses readable pages",,,,,,,,,,,,,,,,,,,,,0
prog:1939 Green Bay vs Redskins football program:PACK win NFL TITLE a few d,programs,programs/1939 Green Bay vs Redskins football program:PACK win NFL TITLE a few days later!,1939 Green Bay vs Redskins football program:PACK win NFL TITLE a few days later!,1939,0,photographs,game programme (photographs of a physical copy),unread -- OCR only,read-2026-09-07-yearbooks (OCR of all 667 photographs; OCR is a FLOOR on these angled dealer shots),"14 of 16 photographs carry >60 OCR words (4259 total). NOT a content verdict: the class was read in three listings and all three carried interior pages. | 0 loose images + 16 in zip; eBay listing photographs, no OCR layer | OCR: 14 of 16 photographs carry >60 words (4259 total) -- a FLOOR, these are angled dealer photographs and OCR misses readable pages",,,,,,,,,,,,,,,,,,,,,0
prog:1939 NFL LIONS v CHICAGO CARDINALS FOOTBALL PROGRAM:M.GOLDBERG:BUDDY P,programs,programs/1939 NFL LIONS v CHICAGO CARDINALS FOOTBALL PROGRAM:M.GOLDBERG:BUDDY PARKER:MINT,1939 NFL LIONS v CHICAGO CARDINALS FOOTBALL PROGRAM:M.GOLDBERG:BUDDY PARKER:MINT,1939,0,photographs,game programme (photographs of a physical copy),unread -- OCR only,read-2026-09-07-yearbooks (OCR of all 667 photographs; OCR is a FLOOR on these angled dealer shots),"16 of 20 photographs carry >60 OCR words (7830 total). NOT a content verdict: the class was read in three listings and all three carried interior pages. | 20 loose images + 0 in zip; eBay listing photographs, no OCR layer | OCR: 16 of 20 photographs carry >60 words (7830 total) -- a FLOOR, these are angled dealer photographs and OCR misses readable pages",,,,,,,,,,,,,,,,,,,,,0
prog:1939 NY GIANTS VS. PITTSBURGH PIRATES FOOTBALL PROGRAM:KEN STRONG H.O.,programs,programs/1939 NY GIANTS VS. PITTSBURGH PIRATES FOOTBALL PROGRAM:KEN STRONG H.O.F. Legend!,1939 NY GIANTS VS. PITTSBURGH PIRATES FOOTBALL PROGRAM:KEN STRONG H.O.F. Legend!,1939,0,photographs,game programme (photographs of a physical copy),unread -- OCR only,read-2026-09-07-yearbooks (OCR of all 667 photographs; OCR is a FLOOR on these angled dealer shots),"5 of 7 photographs carry >60 OCR words (714 total). NOT a content verdict: the class was read in three listings and all three carried interior pages. | 0 loose images + 7 in zip; eBay listing photographs, no OCR layer | OCR: 5 of 7 photographs carry >60 words (714 total) -- a FLOOR, these are angled dealer photographs and OCR misses readable pages",,,,,,,,,,,,,,,,,,,,,0
prog:1939 NY GIANTS vs. BROOKLYN DODGERS FOOTBALL PROGRAM:ACE PARKER:SAM FR,programs,programs/1939 NY GIANTS vs. BROOKLYN DODGERS FOOTBALL PROGRAM:ACE PARKER:SAM FRANCIS!!,1939 NY GIANTS vs. BROOKLYN DODGERS FOOTBALL PROGRAM:ACE PARKER:SAM FRANCIS!!,1939,0,photographs,game programme (photographs of a physical copy),unread -- OCR only,read-2026-09-07-yearbooks (OCR of all 667 photographs; OCR is a FLOOR on these angled dealer shots),"7 of 9 photographs carry >60 OCR words (724 total). NOT a content verdict: the class was read in three listings and all three carried interior pages. | 0 loose images + 9 in zip; eBay listing photographs, no OCR layer | OCR: 7 of 9 photographs carry >60 words (724 total) -- a FLOOR, these are angled dealer photographs and OCR misses readable pages",,,,,,,,,,,,,,,,,,,,,0
prog:1939 “RARE” Bears vs Lions Football Program:FABULOUS “STU MERRELL”hist,programs,programs/1939 “RARE” Bears vs Lions Football Program:FABULOUS “STU MERRELL”historic Cover,1939 “RARE” Bears vs Lions Football Program:FABULOUS “STU MERRELL”historic Cover,1939,0,photographs,game programme (photographs of a physical copy),unread -- OCR only,read-2026-09-07-yearbooks (OCR of all 667 photographs; OCR is a FLOOR on these angled dealer shots),"11 of 16 photographs carry >60 OCR words (2129 total). NOT a content verdict: the class was read in three listings and all three carried interior pages. | 0 loose images + 16 in zip; eBay listing photographs, no OCR layer | OCR: 11 of 16 photographs carry >60 words (2129 total) -- a FLOOR, these are angled dealer photographs and OCR misses readable pages",,,,,,,,,,,,,,,,,,,,,0
prog:1939”STU MERRELL” HISTORIC BEARS vs CHICAGO CARDINALS”RARE”NFL FOOTBAL,programs,programs/1939”STU MERRELL” HISTORIC BEARS vs CHICAGO CARDINALS”RARE”NFL FOOTBALL PROGRAM!,1939”STU MERRELL” HISTORIC BEARS vs CHICAGO CARDINALS”RARE”NFL FOOTBALL PROGRAM!,1939,0,photographs,game programme (photographs of a physical copy),unread -- OCR only,read-2026-09-07-yearbooks (OCR of all 667 photographs; OCR is a FLOOR on these angled dealer shots),"14 of 17 photographs carry >60 OCR words (3063 total). NOT a content verdict: the class was read in three listings and all three carried interior pages. | 17 loose images + 0 in zip; eBay listing photographs, no OCR layer | OCR: 14 of 17 photographs carry >60 words (3063 total) -- a FLOOR, these are angled dealer photographs and OCR misses readable pages",,,,,,,,,,,,,,,,,,,,,0
prog:1940 CLEVELAND RAMS v BEARS FOOTBALL PROGRAM:DANTE MAGNANI:JIM BENTON:,programs,programs/1940 CLEVELAND RAMS v BEARS FOOTBALL PROGRAM:DANTE MAGNANI:JIM BENTON:ED MANSKE!,1940 CLEVELAND RAMS v BEARS FOOTBALL PROGRAM:DANTE MAGNANI:JIM BENTON:ED MANSKE!,1940,0,photographs,game programme (photographs of a physical copy),unread -- OCR only,read-2026-09-07-yearbooks (OCR of all 667 photographs; OCR is a FLOOR on these angled dealer shots),"13 of 16 photographs carry >60 OCR words (2635 total). NOT a content verdict: the class was read in three listings and all three carried interior pages. | 0 loose images + 16 in zip; eBay listing photographs, no OCR layer | OCR: 13 of 16 photographs carry >60 words (2635 total) -- a FLOOR, these are angled dealer photographs and OCR misses readable pages",,,,,,,,,,,,,,,,,,,,,0
prog:1940 Cleveland Rams v N.Y. Giants NFL football program:DANTE MAGNANI:J,programs,programs/1940 Cleveland Rams v N.Y. Giants NFL football program:DANTE MAGNANI:JIM BENTON!,1940 Cleveland Rams v N.Y. Giants NFL football program:DANTE MAGNANI:JIM BENTON!,1940,0,photographs,game programme (photographs of a physical copy),unread -- OCR only,read-2026-09-07-yearbooks (OCR of all 667 photographs; OCR is a FLOOR on these angled dealer shots),"12 of 13 photographs carry >60 OCR words (3253 total). NOT a content verdict: the class was read in three listings and all three carried interior pages. | 0 loose images + 13 in zip; eBay listing photographs, no OCR layer | OCR: 12 of 13 photographs carry >60 words (3253 total) -- a FLOOR, these are angled dealer photographs and OCR misses readable pages",,,,,,,,,,,,,,,,,,,,,0
prog:1940 DETROIT v CHICAGO CARDINALS NFL FOOTBALL PROGRAM:LLOYD CARDWELL C,programs,programs/1940 DETROIT v CHICAGO CARDINALS NFL FOOTBALL PROGRAM:LLOYD CARDWELL Cover:MINT,1940 DETROIT v CHICAGO CARDINALS NFL FOOTBALL PROGRAM:LLOYD CARDWELL Cover:MINT,1940,0,photographs,game programme (photographs of a physical copy),unread -- OCR only,read-2026-09-07-yearbooks (OCR of all 667 photographs; OCR is a FLOOR on these angled dealer shots),"18 of 20 photographs carry >60 OCR words (6613 total). NOT a content verdict: the class was read in three listings and all three carried interior pages. | 0 loose images + 20 in zip; eBay listing photographs, no OCR layer | OCR: 18 of 20 photographs carry >60 words (6613 total) -- a FLOOR, these are angled dealer photographs and OCR misses readable pages",,,,,,,,,,,,,,,,,,,,,0
prog:1940 Detroit Lions vs Chicago Bears NFL football program Byron”Whizzer,programs,programs/1940 Detroit Lions vs Chicago Bears NFL football program Byron”Whizzer” White!!!,1940 Detroit Lions vs Chicago Bears NFL football program Byron”Whizzer” White!!!,1940,0,photographs,game programme (photographs of a physical copy),unread -- OCR only,read-2026-09-07-yearbooks (OCR of all 667 photographs; OCR is a FLOOR on these angled dealer shots),"14 of 19 photographs carry >60 OCR words (3922 total). NOT a content verdict: the class was read in three listings and all three carried interior pages. | 0 loose images + 19 in zip; eBay listing photographs, no OCR layer | OCR: 14 of 19 photographs carry >60 words (3922 total) -- a FLOOR, these are angled dealer photographs and OCR misses readable pages",,,,,,,,,,,,,,,,,,,,,0
"prog:1940 NFL All-Stars vs Chicago Bears NFL football DON HUTSON, Sammy BAU",programs,"programs/1940 NFL All-Stars vs Chicago Bears NFL football DON HUTSON, Sammy BAUGH-NRMT!!!","1940 NFL All-Stars vs Chicago Bears NFL football DON HUTSON, Sammy BAUGH-NRMT!!!",1940,0,photographs,game programme (photographs of a physical copy),unread -- OCR only,read-2026-09-07-yearbooks (OCR of all 667 photographs; OCR is a FLOOR on these angled dealer shots),"13 of 14 photographs carry >60 OCR words (6450 total). NOT a content verdict: the class was read in three listings and all three carried interior pages. | 0 loose images + 14 in zip; eBay listing photographs, no OCR layer | OCR: 13 of 14 photographs carry >60 words (6450 total) -- a FLOOR, these are angled dealer photographs and OCR misses readable pages",,,,,,,,,,,,,,,,,,,,,0
prog:1940 NFL N.Y.GIANTS v BROOKLYN DODGERS FOOTBALL PROGRAM:MEL HEIN DAY!,programs,programs/1940 NFL N.Y.GIANTS v BROOKLYN DODGERS FOOTBALL PROGRAM:MEL HEIN DAY!,1940 NFL N.Y.GIANTS v BROOKLYN DODGERS FOOTBALL PROGRAM:MEL HEIN DAY!,1940,0,photographs,game programme (photographs of a physical copy),unread -- OCR only,read-2026-09-07-yearbooks (OCR of all 667 photographs; OCR is a FLOOR on these angled dealer shots),"11 of 13 photographs carry >60 OCR words (4678 total). NOT a content verdict: the class was read in three listings and all three carried interior pages. | 0 loose images + 13 in zip; eBay listing photographs, no OCR layer | OCR: 11 of 13 photographs carry >60 words (4678 total) -- a FLOOR, these are angled dealer photographs and OCR misses readable pages",,,,,,,,,,,,,,,,,,,,,0
prog:1940 Pittsburgh Steelers vs New York Giants NFL football program-S.OWE,programs,programs/1940 Pittsburgh Steelers vs New York Giants NFL football program-S.OWEN on cover,1940 Pittsburgh Steelers vs New York Giants NFL football program-S.OWEN on cover,1940,0,photographs,game programme (photographs of a physical copy),unread -- OCR only,read-2026-09-07-yearbooks (OCR of all 667 photographs; OCR is a FLOOR on these angled dealer shots),"9 of 10 photographs carry >60 OCR words (2572 total). NOT a content verdict: the class was read in three listings and all three carried interior pages. | 0 loose images + 10 in zip; eBay listing photographs, no OCR layer | OCR: 9 of 10 photographs carry >60 words (2572 total) -- a FLOOR, these are angled dealer photographs and OCR misses readable pages",,,,,,,,,,,,,,,,,,,,,0
prog:1941 Brooklyn Dodgers v New York Giants NFL football program:BRUISER K,programs,programs/1941 Brooklyn Dodgers v New York Giants NFL football program:BRUISER KINARD-MINT,1941 Brooklyn Dodgers v New York Giants NFL football program:BRUISER KINARD-MINT,1941,0,photographs,game programme (photographs of a physical copy),unread -- OCR only,read-2026-09-07-yearbooks (OCR of all 667 photographs; OCR is a FLOOR on these angled dealer shots),"7 of 8 photographs carry >60 OCR words (2174 total). NOT a content verdict: the class was read in three listings and all three carried interior pages. | 0 loose images + 8 in zip; eBay listing photographs, no OCR layer | OCR: 7 of 8 photographs carry >60 words (2174 total) -- a FLOOR, these are angled dealer photographs and OCR misses readable pages",,,,,,,,,,,,,,,,,,,,,0
prog:1941 Cleveland Rams v Washington Redskins football program:DUTCH CLARK,programs,programs/1941 Cleveland Rams v Washington Redskins football program:DUTCH CLARK:ED CIFERS,1941 Cleveland Rams v Washington Redskins football program:DUTCH CLARK:ED CIFERS,1941,0,photographs,game programme (photographs of a physical copy),unread -- OCR only,read-2026-09-07-yearbooks (OCR of all 667 photographs; OCR is a FLOOR on these angled dealer shots),"16 of 18 photographs carry >60 OCR words (6048 total). NOT a content verdict: the class was read in three listings and all three carried interior pages. | 0 loose images + 18 in zip; eBay listing photographs, no OCR layer | OCR: 16 of 18 photographs carry >60 words (6048 total) -- a FLOOR, these are angled dealer photographs and OCR misses readable pages",,,,,,,,,,,,,,,,,,,,,0
prog:1941 GREEN BAY v CHICAGO BEARS NFL FOOTBALL PROGRAM:DON HUTSON:CURLY L,programs,programs/1941 GREEN BAY v CHICAGO BEARS NFL FOOTBALL PROGRAM:DON HUTSON:CURLY LAMBEAU!!!!,1941 GREEN BAY v CHICAGO BEARS NFL FOOTBALL PROGRAM:DON HUTSON:CURLY LAMBEAU!!!!,1941,0,photographs,game programme (photographs of a physical copy),unread -- OCR only,read-2026-09-07-yearbooks (OCR of all 667 photographs; OCR is a FLOOR on these angled dealer shots),"12 of 17 photographs carry >60 OCR words (3317 total). NOT a content verdict: the class was read in three listings and all three carried interior pages. | 0 loose images + 17 in zip; eBay listing photographs, no OCR layer | OCR: 12 of 17 photographs carry >60 words (3317 total) -- a FLOOR, these are angled dealer photographs and OCR misses readable pages",,,,,,,,,,,,,,,,,,,,,0
prog:1941 GREEN BAY v DETROIT LIONS NFL FOOTBALL PROGRAM:DON HUTSON:CURLY L,programs,programs/1941 GREEN BAY v DETROIT LIONS NFL FOOTBALL PROGRAM:DON HUTSON:CURLY LAMBEAU!!!,1941 GREEN BAY v DETROIT LIONS NFL FOOTBALL PROGRAM:DON HUTSON:CURLY LAMBEAU!!!,1941,0,photographs,game programme (photographs of a physical copy),unread -- OCR only,read-2026-09-07-yearbooks (OCR of all 667 photographs; OCR is a FLOOR on these angled dealer shots),"3 of 4 photographs carry >60 OCR words (395 total). NOT a content verdict: the class was read in three listings and all three carried interior pages. | 4 loose images + 0 in zip; eBay listing photographs, no OCR layer | OCR: 3 of 4 photographs carry >60 words (395 total) -- a FLOOR, these are angled dealer photographs and OCR misses readable pages",,,,,,,,,,,,,,,,,,,,,0
prog:1941 Green Bay v Chicago football program:HUTSON:LAMBEAU:LUCKMAN:BULLD,programs,programs/1941 Green Bay v Chicago football program:HUTSON:LAMBEAU:LUCKMAN:BULLDOG TURNER!,1941 Green Bay v Chicago football program:HUTSON:LAMBEAU:LUCKMAN:BULLDOG TURNER!,1941,0,photographs,game programme (photographs of a physical copy),unread -- OCR only,read-2026-09-07-yearbooks (OCR of all 667 photographs; OCR is a FLOOR on these angled dealer shots),"9 of 12 photographs carry >60 OCR words (1488 total). NOT a content verdict: the class was read in three listings and all three carried interior pages. | 0 loose images + 12 in zip; eBay listing photographs, no OCR layer | OCR: 9 of 12 photographs carry >60 words (1488 total) -- a FLOOR, these are angled dealer photographs and OCR misses readable pages",,,,,,,,,,,,,,,,,,,,,0
prog:1942 BEARS vs. GREEN BAY NFL FOOTBALL PROGRAM:CURLY LAMBEAU:DON HUTSON,programs,programs/1942 BEARS vs. GREEN BAY NFL FOOTBALL PROGRAM:CURLY LAMBEAU:DON HUTSON,1942 BEARS vs. GREEN BAY NFL FOOTBALL PROGRAM:CURLY LAMBEAU:DON HUTSON,1942,0,photographs,game programme (photographs of a physical copy),unread -- OCR only,read-2026-09-07-yearbooks (OCR of all 667 photographs; OCR is a FLOOR on these angled dealer shots),"6 of 17 photographs carry >60 OCR words (1831 total). NOT a content verdict: the class was read in three listings and all three carried interior pages. | 0 loose images + 17 in zip; eBay listing photographs, no OCR layer | OCR: 6 of 17 photographs carry >60 words (1831 total) -- a FLOOR, these are angled dealer photographs and OCR misses readable pages",,,,,,,,,,,,,,,,,,,,,0
prog:1942 NFL World Championship Chicago Bears-Washington Redskins football,programs,programs/1942 NFL World Championship Chicago Bears-Washington Redskins football program!!,1942 NFL World Championship Chicago Bears-Washington Redskins football program!!,1942,0,photographs,game programme (photographs of a physical copy),unread -- OCR only,read-2026-09-07-yearbooks (OCR of all 667 photographs; OCR is a FLOOR on these angled dealer shots),"11 of 11 photographs carry >60 OCR words (4573 total). NOT a content verdict: the class was read in three listings and all three carried interior pages. | 0 loose images + 11 in zip; eBay listing photographs, no OCR layer | OCR: 11 of 11 photographs carry >60 words (4573 total) -- a FLOOR, these are angled dealer photographs and OCR misses readable pages",,,,,,,,,,,,,,,,,,,,,0
prog:1943 CHICAGO CARDINALS v GREEN BAY:DON HUTSON:C.LAMBEAU :FOOTBALL PROG,programs,programs/1943 CHICAGO CARDINALS v GREEN BAY:DON HUTSON:C.LAMBEAU :FOOTBALL PROGRAM-MINT!!,1943 CHICAGO CARDINALS v GREEN BAY:DON HUTSON:C.LAMBEAU :FOOTBALL PROGRAM-MINT!!,1943,0,photographs,game programme (photographs of a physical copy),unread -- OCR only,read-2026-09-07-yearbooks (OCR of all 667 photographs; OCR is a FLOOR on these angled dealer shots),"13 of 16 photographs carry >60 OCR words (3425 total). NOT a content verdict: the class was read in three listings and all three carried interior pages. | 0 loose images + 16 in zip; eBay listing photographs, no OCR layer | OCR: 13 of 16 photographs carry >60 words (3425 total) -- a FLOOR, these are angled dealer photographs and OCR misses readable pages",,,,,,,,,,,,,,,,,,,,,0
prog:1943 PHILADELPHIA PITTSBURGH STEAGLES AUTOGRAPHED TYPE 1 PHOTO ENTIRE ,programs,programs/1943 PHILADELPHIA PITTSBURGH STEAGLES AUTOGRAPHED TYPE 1 PHOTO ENTIRE BACKFIELD,1943 PHILADELPHIA PITTSBURGH STEAGLES AUTOGRAPHED TYPE 1 PHOTO ENTIRE BACKFIELD,1943,0,photographs,game programme (photographs of a physical copy),unread -- OCR only,read-2026-09-07-yearbooks (OCR of all 667 photographs; OCR is a FLOOR on these angled dealer shots),"2 of 4 photographs carry >60 OCR words (642 total). NOT a content verdict: the class was read in three listings and all three carried interior pages. | 0 loose images + 4 in zip; eBay listing photographs, no OCR layer | OCR: 2 of 4 photographs carry >60 words (642 total) -- a FLOOR, these are angled dealer photographs and OCR misses readable pages",,,,,,,,,,,,,,,,,,,,,0
prog:1944 BROOKLYN TIGERS vs NEW YORK GIANTS football program-ONE-OF-A-KIND,programs,programs/1944 BROOKLYN TIGERS vs NEW YORK GIANTS football program-ONE-OF-A-KIND!!,1944 BROOKLYN TIGERS vs NEW YORK GIANTS football program-ONE-OF-A-KIND!!,1944,0,photographs,game programme (photographs of a physical copy),unread -- OCR only,read-2026-09-07-yearbooks (OCR of all 667 photographs; OCR is a FLOOR on these angled dealer shots),"5 of 8 photographs carry >60 OCR words (1549 total). NOT a content verdict: the class was read in three listings and all three carried interior pages. | 0 loose images + 8 in zip; eBay listing photographs, no OCR layer | OCR: 5 of 8 photographs carry >60 words (1549 total) -- a FLOOR, these are angled dealer photographs and OCR misses readable pages",,,,,,,,,,,,,,,,,,,,,0
prog:1944 Hollywood Rangers vs San Diego Bombers CHAMPIONSHIP football game,programs,programs/1944 Hollywood Rangers vs San Diego Bombers CHAMPIONSHIP football game program!!,1944 Hollywood Rangers vs San Diego Bombers CHAMPIONSHIP football game program!!,1944,0,photographs,game programme (photographs of a physical copy),unread -- OCR only,read-2026-09-07-yearbooks (OCR of all 667 photographs; OCR is a FLOOR on these angled dealer shots),"8 of 13 photographs carry >60 OCR words (1938 total). NOT a content verdict: the class was read in three listings and all three carried interior pages. | 0 loose images + 13 in zip; eBay listing photographs, no OCR layer | OCR: 8 of 13 photographs carry >60 words (1938 total) -- a FLOOR, these are angled dealer photographs and OCR misses readable pages",,,,,,,,,,,,,,,,,,,,,0
prog:1944 LA Mustangs vs San Francisco Clippers”Walt Disney”fab football pr,programs,programs/1944 LA Mustangs vs San Francisco Clippers”Walt Disney”fab football program-MINT,1944 LA Mustangs vs San Francisco Clippers”Walt Disney”fab football program-MINT,1944,0,photographs,game programme (photographs of a physical copy),unread -- OCR only,read-2026-09-07-yearbooks (OCR of all 667 photographs; OCR is a FLOOR on these angled dealer shots),"11 of 13 photographs carry >60 OCR words (2677 total). NOT a content verdict: the class was read in three listings and all three carried interior pages. | 0 loose images + 13 in zip; eBay listing photographs, no OCR layer | OCR: 11 of 13 photographs carry >60 words (2677 total) -- a FLOOR, these are angled dealer photographs and OCR misses readable pages",,,,,,,,,,,,,,,,,,,,,0
prog:1946”RARE”MIAMI SEAHAWKS v L.A. DONS AAFC Football Program-“Only”SEAHA,programs,programs/1946”RARE”MIAMI SEAHAWKS v L.A. DONS AAFC Football Program-“Only”SEAHAWKS Season,1946”RARE”MIAMI SEAHAWKS v L.A. DONS AAFC Football Program-“Only”SEAHAWKS Season,1946,0,photographs,AAFC game programme,biography,read-2026-09-07-yearbooks (photographs opened and read by eye),"coach and staff biography (Jack Meagher, Hank Crisp: career, service, colleges) and club narrative naming players; read from OCR | 0 loose images + 14 in zip; eBay listing photographs, no OCR layer | OCR: 11 of 14 photographs carry >60 words (2875 total) -- a FLOOR, these are angled dealer photographs and OCR misses readable pages",,,,,,,,,,,,,,,,,,,,,0
prog:1976 Souvenir Copy of 1925 Program fr 1st NY Giants Home Football Game,programs,programs/1976 Souvenir Copy of 1925 Program fr 1st NY Giants Home Football Game vs Frankford,1976 Souvenir Copy of 1925 Program fr 1st NY Giants Home Football Game vs Frankford,1976,0,photographs,game programme (photographs of a physical copy),unread -- OCR only,read-2026-09-07-yearbooks (OCR of all 667 photographs; OCR is a FLOOR on these angled dealer shots),"5 of 8 photographs carry >60 OCR words (1681 total). NOT a content verdict: the class was read in three listings and all three carried interior pages. | 0 loose images + 8 in zip; eBay listing photographs, no OCR layer | OCR: 5 of 8 photographs carry >60 words (1681 total) -- a FLOOR, these are angled dealer photographs and OCR misses readable pages",,,,,,,,,,,,,,,,,,,,,0
pfr-pages:1943 Phi_Pit Eagles_Steelers Roster & Players _ Pro-Football-Reference.com.html,pfr-pages,PFR PAGES/1943 Phi_Pit Eagles_Steelers Roster & Players _ Pro-Football-Reference.com.html,1943 Phi_Pit Eagles_Steelers Roster & Players _ Pro-Football-Reference.com.html,,0,html,unread,unread,unread,,,,,,,,,,,,,,,,,,,,,,0
"reference-books:Chris Willis - Old Leather_ An Oral History of Early Pro Football in Ohio, 1920-",reference-books,"Reference Books/Chris Willis - Old Leather_ An Oral History of Early Pro Football in Ohio, 1920-1935.epub","Chris Willis - Old Leather_ An Oral History of Early Pro Football in Ohio, 1920-1935.epub",,0,epub,unread,unread,unread,,,,,,,,,,,,,,,,,,,,,,0
"reference-books:The League That Didn't Exist _ A History of the All-American -- Webster, Gary.ep",reference-books,"Reference Books/The League That Didn't Exist _ A History of the All-American -- Webster, Gary.epub","The League That Didn't Exist _ A History of the All-American -- Webster, Gary.epub",,0,epub,unread,unread,unread,,,,,,,,,,,,,,,,,,,,,,0
reference-books:The_All-America_Football_Conference_-_Kenneth_R_Crippen.pdf,reference-books,Reference Books/The_All-America_Football_Conference_-_Kenneth_R_Crippen.pdf,The_All-America_Football_Conference_-_Kenneth_R_Crippen.pdf,,0,pdf,unread,unread,unread,,,,,,,,,,,,,,,,,,,,,,0
legal-docdump:1984 Toni Fritsch Gamblers Contract.html,legal-docdump,DocDump/1984 Toni Fritsch Gamblers Contract.html,1984 Toni Fritsch Gamblers Contract.html,,0,html,unread,unread,unread,,,,,,,,,,,,,,,,,,,,,,0
legal-docdump:1987-02-09.pdf,legal-docdump,DocDump/1987-02-09.pdf,1987-02-09.pdf,,0,pdf,unread,unread,unread,,,,,,,,,,,,,,,,,,,,,,0
legal-docdump:1987_raiders_rams_salary_numbers.txt,legal-docdump,DocDump/1987_raiders_rams_salary_numbers.txt,1987_raiders_rams_salary_numbers.txt,,1,txt,unread,unread,unread,,4395,642,1985,1990,1988,4,0,0,0,0,0,0,0,0,0,0,0,,,,0
legal-docdump:30484e16-8631-44cd-a908-294a4900ca7b.pdf,legal-docdump,DocDump/30484e16-8631-44cd-a908-294a4900ca7b.pdf,30484e16-8631-44cd-a908-294a4900ca7b.pdf,,0,pdf,unread,unread,unread,,,,,,,,,,,,,,,,,,,,,,0
legal-docdump:A Players View of the NFL Reserve System.pdf,legal-docdump,DocDump/A Players View of the NFL Reserve System.pdf,A Players View of the NFL Reserve System.pdf,,0,pdf,unread,unread,unread,,,,,,,,,,,,,,,,,,,,,,0
"legal-docdump:Alabama Football, Inc. v. Greenwood, 452 F. Supp. 1191 (W.D. Pa. 1978) __ Justia",legal-docdump,"DocDump/Alabama Football, Inc. v. Greenwood, 452 F. Supp. 1191 (W.D. Pa. 1978) __ Justia.html","Alabama Football, Inc. v. Greenwood, 452 F. Supp. 1191 (W.D. Pa. 1978) __ Justia.html",,0,html,unread,unread,unread,,,,,,,,,,,,,,,,,,,,,,0
"legal-docdump:Beathard v. Chicago Football Club, Inc., 419 F. Supp. 1133 (N.D. Ill. 1976) __ J",legal-docdump,"DocDump/Beathard v. Chicago Football Club, Inc., 419 F. Supp. 1133 (N.D. Ill. 1976) __ Justia.html","Beathard v. Chicago Football Club, Inc., 419 F. Supp. 1133 (N.D. Ill. 1976) __ Justia.html",,0,html,unread,unread,unread,,,,,,,,,,,,,,,,,,,,,,0
"legal-docdump:Brown v. Pro Football, Inc., 782 F. Supp. 125 (D.D.C. 1991) __ Justia.html",legal-docdump,"DocDump/Brown v. Pro Football, Inc., 782 F. Supp. 125 (D.D.C. 1991) __ Justia.html","Brown v. Pro Football, Inc., 782 F. Supp. 125 (D.D.C. 1991) __ Justia.html",,0,html,unread,unread,unread,,,,,,,,,,,,,,,,,,,,,,0
"legal-docdump:CASEMINE - KAPP v. NATIONAL FOOTBALL LEAGUE, (N.D.Cal. 1974).pdf",legal-docdump,"DocDump/CASEMINE - KAPP v. NATIONAL FOOTBALL LEAGUE, (N.D.Cal. 1974).pdf","CASEMINE - KAPP v. NATIONAL FOOTBALL LEAGUE, (N.D.Cal. 1974).pdf",,0,pdf,unread,unread,unread,,,,,,,,,,,,,,,,,,,,,,0
"legal-docdump:CASEMINE - MACKEY v. NATIONAL FOOTBALL LEAGUE, (D.Minn. 1975).pdf",legal-docdump,"DocDump/CASEMINE - MACKEY v. NATIONAL FOOTBALL LEAGUE, (D.Minn. 1975).pdf","CASEMINE - MACKEY v. NATIONAL FOOTBALL LEAGUE, (D.Minn. 1975).pdf",,0,pdf,unread,unread,unread,,,,,,,,,,,,,,,,,,,,,,0
legal-docdump:CASEMINE - MACKEY v. NATIONAL FOOTBALL LEAGUE.pdf,legal-docdump,DocDump/CASEMINE - MACKEY v. NATIONAL FOOTBALL LEAGUE.pdf,CASEMINE - MACKEY v. NATIONAL FOOTBALL LEAGUE.pdf,,0,pdf,unread,unread,unread,,,,,,,,,,,,,,,,,,,,,,0
legal-docdump:CASEMINE - REYNOLDS v. NATIONAL FOOTBALL LEAGUE.pdf,legal-docdump,DocDump/CASEMINE - REYNOLDS v. NATIONAL FOOTBALL LEAGUE.pdf,CASEMINE - REYNOLDS v. NATIONAL FOOTBALL LEAGUE.pdf,,0,pdf,unread,unread,unread,,,,,,,,,,,,,,,,,,,,,,0
legal-docdump:CASEMINE - Robertson v. National Basketball Association.pdf,legal-docdump,DocDump/CASEMINE - Robertson v. National Basketball Association.pdf,CASEMINE - Robertson v. National Basketball Association.pdf,,0,pdf,unread,unread,unread,,,,,,,,,,,,,,,,,,,,,,0
"legal-docdump:CINCINNATI BENGALS, INC. v. BERGEY, (S.D.Ohio 1974) _ Civ. A. No. C-1-74-142. _ ",legal-docdump,"DocDump/CINCINNATI BENGALS, INC. v. BERGEY, (S.D.Ohio 1974) _ Civ. A. No. C-1-74-142. _ S.D. Ohio _ Judgment _ Law _ CaseMine.html","CINCINNATI BENGALS, INC. v. BERGEY, (S.D.Ohio 1974) _ Civ. A. No. C-1-74-142. _ S.D. Ohio _ Judgment _ Law _ CaseMine.html",,0,html,unread,unread,unread,,,,,,,,,,,,,,,,,,,,,,0
"legal-docdump:Gardin v. Comm'r of Internal Revenue , Docket No. 1903-74. (Gardin v. Comm'r of ",legal-docdump,"DocDump/Gardin v. Comm'r of Internal Revenue , Docket No. 1903-74. (Gardin v. Comm'r of Internal Revenue , 64 T.C. 1079 (T.C. 1975)) - vLex United States.html","Gardin v. Comm'r of Internal Revenue , Docket No. 1903-74. (Gardin v. Comm'r of Internal Revenue , 64 T.C. 1079 (T.C. 1975)) - vLex United States.html",,0,html,unread,unread,unread,,,,,,,,,,,,,,,,,,,,,,0
legal-docdump:HEIDEL v. COMMISSIONER OF INTERNAL REVENUE _ Docket No. 5405-68. _ T.C. _ Judgme,legal-docdump,DocDump/HEIDEL v. COMMISSIONER OF INTERNAL REVENUE _ Docket No. 5405-68. _ T.C. _ Judgment _ Law _ CaseMine.html,HEIDEL v. COMMISSIONER OF INTERNAL REVENUE _ Docket No. 5405-68. _ T.C. _ Judgment _ Law _ CaseMine.html,,0,html,unread,unread,unread,,,,,,,,,,,,,,,,,,,,,,0
"legal-docdump:Hayes v. National Football League, 469 F. Supp. 247 (C.D. Cal. 1979) __ Justia.h",legal-docdump,"DocDump/Hayes v. National Football League, 469 F. Supp. 247 (C.D. Cal. 1979) __ Justia.html","Hayes v. National Football League, 469 F. Supp. 247 (C.D. Cal. 1979) __ Justia.html",,0,html,unread,unread,unread,,,,,,,,,,,,,,,,,,,,,,0
"legal-docdump:Kapp v. NFL, 390 F. Supp. 73 (N.D. Cal. 1974) __ Justia.html",legal-docdump,"DocDump/Kapp v. NFL, 390 F. Supp. 73 (N.D. Cal. 1974) __ Justia.html","Kapp v. NFL, 390 F. Supp. 73 (N.D. Cal. 1974) __ Justia.html",,0,html,unread,unread,unread,,,,,,,,,,,,,,,,,,,,,,0
"legal-docdump:MIAMI DOLPHINS, LTD. v. COWAN _ No. 91-2420. _ Fla. Dist. Ct. App. _ Judgment _ ",legal-docdump,"DocDump/MIAMI DOLPHINS, LTD. v. COWAN _ No. 91-2420. _ Fla. Dist. Ct. App. _ Judgment _ Law _ CaseMine.html","MIAMI DOLPHINS, LTD. v. COWAN _ No. 91-2420. _ Fla. Dist. Ct. App. _ Judgment _ Law _ CaseMine.html",,0,html,unread,unread,unread,,,,,,,,,,,,,,,,,,,,,,0
legal-docdump:Pampa_News_1984_10_18.pdf,legal-docdump,DocDump/Pampa_News_1984_10_18.pdf,Pampa_News_1984_10_18.pdf,,0,pdf,unread,unread,unread,,,,,,,,,,,,,,,,,,,,,,0
legal-docdump:Partee v. San Diego Chargers Football Co. (1983) __ __ Supreme Court of Californ,legal-docdump,DocDump/Partee v. San Diego Chargers Football Co. (1983) __ __ Supreme Court of California Decisions __ California Case Law __ California Law __ U.S. Law __ Justia.html,Partee v. San Diego Chargers Football Co. (1983) __ __ Supreme Court of California Decisions __ California Case Law __ California Law __ U.S. Law __ Justia.html,,0,html,unread,unread,unread,,,,,,,,,,,,,,,,,,,,,,0
legal-docdump:QBs play for dough in the NFL.html,legal-docdump,DocDump/QBs play for dough in the NFL.html,QBs play for dough in the NFL.html,,0,html,unread,unread,unread,,,,,,,,,,,,,,,,,,,,,,0
"legal-docdump:RUDOLPH v. MIAMI DOLPHINS, LTD _ Nos. AM-381, AN-79 and AN-77. _ Fla. Dist. Ct. ",legal-docdump,"DocDump/RUDOLPH v. MIAMI DOLPHINS, LTD _ Nos. AM-381, AN-79 and AN-77. _ Fla. Dist. Ct. App. _ Judgment _ Law _ CaseMine.html","RUDOLPH v. MIAMI DOLPHINS, LTD _ Nos. AM-381, AN-79 and AN-77. _ Fla. Dist. Ct. App. _ Judgment _ Law _ CaseMine.html",,0,html,unread,unread,unread,,,,,,,,,,,,,,,,,,,,,,0
"legal-docdump:Rivers v. New York Jets, 460 F. Supp. 1233 (E.D. Mo. 1978) __ Justia.html",legal-docdump,"DocDump/Rivers v. New York Jets, 460 F. Supp. 1233 (E.D. Mo. 1978) __ Justia.html","Rivers v. New York Jets, 460 F. Supp. 1233 (E.D. Mo. 1978) __ Justia.html",,0,html,unread,unread,unread,,,,,,,,,,,,,,,,,,,,,,0
legal-docdump:SUPER BOWL XXII _ WASHINGTON REDSKINS vs. DENVER BRONCOS _ Dickerson Has NFL's T,legal-docdump,DocDump/SUPER BOWL XXII _ WASHINGTON REDSKINS vs. DENVER BRONCOS _ Dickerson Has NFL's Top Salary _ But It Pays to Play Quarterback; Elway Has League's Best Package - Los Angeles Times.html,SUPER BOWL XXII _ WASHINGTON REDSKINS vs. DENVER BRONCOS _ Dickerson Has NFL's Top Salary _ But It Pays to Play Quarterback; Elway Has League's Best Package - Los Angeles Times.html,,0,html,unread,unread,unread,,,,,,,,,,,,,,,,,,,,,,0
"legal-docdump:Smith v. Pro-Football, 420 F. Supp. 738 (D.D.C. 1976) __ Justia.html",legal-docdump,"DocDump/Smith v. Pro-Football, 420 F. Supp. 738 (D.D.C. 1976) __ Justia.html","Smith v. Pro-Football, 420 F. Supp. 738 (D.D.C. 1976) __ Justia.html",,0,html,unread,unread,unread,,,,,,,,,,,,,,,,,,,,,,0
legal-docdump:UD_1985_01_14.pdf,legal-docdump,DocDump/UD_1985_01_14.pdf,UD_1985_01_14.pdf,,0,pdf,unread,unread,unread,,,,,,,,,,,,,,,,,,,,,,0
"legal-docdump:Usfl Players Ass'n, Afl-Cio v. Usfl, 650 F. Supp. 12 (D. Or. 1986) __ Justia.htm",legal-docdump,"DocDump/Usfl Players Ass'n, Afl-Cio v. Usfl, 650 F. Supp. 12 (D. Or. 1986) __ Justia.html","Usfl Players Ass'n, Afl-Cio v. Usfl, 650 F. Supp. 12 (D. Or. 1986) __ Justia.html",,0,html,unread,unread,unread,,,,,,,,,,,,,,,,,,,,,,0
hearings:hearing_XQ8o.pdf,hearings,hearings/hearing_XQ8o.pdf,hearing_XQ8o.pdf,,0,pdf,unread,unread,unread,,,,,,,,,,,,,,,,,,,,,,0
hearings:hearing_XQ8o.txt,hearings,hearings/hearing_XQ8o.txt,hearing_XQ8o.txt,,1,txt,unread,unread,unread,,1801756,270498,1879,2006,1976,11,4,0,0,8,1,11,0,2,2,0,0,,,,0
antitrust:Inquiry_Into_Professional_Sports.epub,antitrust,Antitrust Docs/Inquiry_Into_Professional_Sports.epub,Inquiry_Into_Professional_Sports.epub,,0,epub,unread,unread,unread,,,,,,,,,,,,,,,,,,,,,,0
antitrust:umn-31951d03669357b-1294-1788709901.pdf,antitrust,Antitrust Docs/umn-31951d03669357b-1294-1788709901.pdf,umn-31951d03669357b-1294-1788709901.pdf,,0,pdf,unread,unread,unread,,,,,,,,,,,,,,,,,,,,,,0
antitrust:umn-31951d03669357b-1295-1788709895.pdf,antitrust,Antitrust Docs/umn-31951d03669357b-1295-1788709895.pdf,umn-31951d03669357b-1295-1788709895.pdf,,0,pdf,unread,unread,unread,,,,,,,,,,,,,,,,,,,,,,0
antitrust:umn-31951d03669357b-1296-1788721212.pdf,antitrust,Antitrust Docs/umn-31951d03669357b-1296-1788721212.pdf,umn-31951d03669357b-1296-1788721212.pdf,,0,pdf,unread,unread,unread,,,,,,,,,,,,,,,,,,,,,,0
antitrust:umn-31951d03669357b-1297-1788709878.pdf,antitrust,Antitrust Docs/umn-31951d03669357b-1297-1788709878.pdf,umn-31951d03669357b-1297-1788709878.pdf,,0,pdf,unread,unread,unread,,,,,,,,,,,,,,,,,,,,,,0
antitrust:umn-31951d03669357b-1298-1788709873.pdf,antitrust,Antitrust Docs/umn-31951d03669357b-1298-1788709873.pdf,umn-31951d03669357b-1298-1788709873.pdf,,0,pdf,unread,unread,unread,,,,,,,,,,,,,,,,,,,,,,0
antitrust:umn-31951d03669357b-1299-1788709868.pdf,antitrust,Antitrust Docs/umn-31951d03669357b-1299-1788709868.pdf,umn-31951d03669357b-1299-1788709868.pdf,,0,pdf,unread,unread,unread,,,,,,,,,,,,,,,,,,,,,,0
antitrust:umn-31951d03669357b-1300-1788709851.pdf,antitrust,Antitrust Docs/umn-31951d03669357b-1300-1788709851.pdf,umn-31951d03669357b-1300-1788709851.pdf,,0,pdf,unread,unread,unread,,,,,,,,,,,,,,,,,,,,,,0
antitrust:umn-31951d03669357b-1301-1788709844.pdf,antitrust,Antitrust Docs/umn-31951d03669357b-1301-1788709844.pdf,umn-31951d03669357b-1301-1788709844.pdf,,0,pdf,unread,unread,unread,,,,,,,,,,,,,,,,,,,,,,0
antitrust:umn-31951d03669357b-1302-1788709839.pdf,antitrust,Antitrust Docs/umn-31951d03669357b-1302-1788709839.pdf,umn-31951d03669357b-1302-1788709839.pdf,,0,pdf,unread,unread,unread,,,,,,,,,,,,,,,,,,,,,,0
antitrust:umn-31951d03669357b-1303-1788709796.pdf,antitrust,Antitrust Docs/umn-31951d03669357b-1303-1788709796.pdf,umn-31951d03669357b-1303-1788709796.pdf,,0,pdf,unread,unread,unread,,,,,,,,,,,,,,,,,,,,,,0
antitrust:umn-31951d03669357b-1307-1788721226.pdf,antitrust,Antitrust Docs/umn-31951d03669357b-1307-1788721226.pdf,umn-31951d03669357b-1307-1788721226.pdf,,0,pdf,unread,unread,unread,,,,,,,,,,,,,,,,,,,,,,0
antitrust:umn-31951d03669357b-1308-1788721236.pdf,antitrust,Antitrust Docs/umn-31951d03669357b-1308-1788721236.pdf,umn-31951d03669357b-1308-1788721236.pdf,,0,pdf,unread,unread,unread,,,,,,,,,,,,,,,,,,,,,,0
antitrust:umn-31951d03669357b-1309-1788721243.pdf,antitrust,Antitrust Docs/umn-31951d03669357b-1309-1788721243.pdf,umn-31951d03669357b-1309-1788721243.pdf,,0,pdf,unread,unread,unread,,,,,,,,,,,,,,,,,,,,,,0
antitrust:umn-31951d03669357b-1310-1788721250.pdf,antitrust,Antitrust Docs/umn-31951d03669357b-1310-1788721250.pdf,umn-31951d03669357b-1310-1788721250.pdf,,0,pdf,unread,unread,unread,,,,,,,,,,,,,,,,,,,,,,0
antitrust:umn-31951d03669357b-1311-1788721257.pdf,antitrust,Antitrust Docs/umn-31951d03669357b-1311-1788721257.pdf,umn-31951d03669357b-1311-1788721257.pdf,,0,pdf,unread,unread,unread,,,,,,,,,,,,,,,,,,,,,,0
antitrust:umn-31951d03669357b-1312-1788721261.pdf,antitrust,Antitrust Docs/umn-31951d03669357b-1312-1788721261.pdf,umn-31951d03669357b-1312-1788721261.pdf,,0,pdf,unread,unread,unread,,,,,,,,,,,,,,,,,,,,,,0
antitrust:umn-31951d03669357b-1313-1788721266.pdf,antitrust,Antitrust Docs/umn-31951d03669357b-1313-1788721266.pdf,umn-31951d03669357b-1313-1788721266.pdf,,0,pdf,unread,unread,unread,,,,,,,,,,,,,,,,,,,,,,0
antitrust:umn-31951d03669357b-1314-1788721272.pdf,antitrust,Antitrust Docs/umn-31951d03669357b-1314-1788721272.pdf,umn-31951d03669357b-1314-1788721272.pdf,,0,pdf,unread,unread,unread,,,,,,,,,,,,,,,,,,,,,,0
antitrust:umn-31951d03669357b-1315-1788721277.pdf,antitrust,Antitrust Docs/umn-31951d03669357b-1315-1788721277.pdf,umn-31951d03669357b-1315-1788721277.pdf,,0,pdf,unread,unread,unread,,,,,,,,,,,,,,,,,,,,,,0
antitrust:umn-31951d03669357b-1316-1788721282.pdf,antitrust,Antitrust Docs/umn-31951d03669357b-1316-1788721282.pdf,umn-31951d03669357b-1316-1788721282.pdf,,0,pdf,unread,unread,unread,,,,,,,,,,,,,,,,,,,,,,0
antitrust:umn-31951d03669357b-1366-1788721315.pdf,antitrust,Antitrust Docs/umn-31951d03669357b-1366-1788721315.pdf,umn-31951d03669357b-1366-1788721315.pdf,,0,pdf,unread,unread,unread,,,,,,,,,,,,,,,,,,,,,,0
antitrust:umn-31951d03669357b-1367-1788721341.pdf,antitrust,Antitrust Docs/umn-31951d03669357b-1367-1788721341.pdf,umn-31951d03669357b-1367-1788721341.pdf,,0,pdf,unread,unread,unread,,,,,,,,,,,,,,,,,,,,,,0
antitrust:umn-31951d03669357b-1368-1788721348.pdf,antitrust,Antitrust Docs/umn-31951d03669357b-1368-1788721348.pdf,umn-31951d03669357b-1368-1788721348.pdf,,0,pdf,unread,unread,unread,,,,,,,,,,,,,,,,,,,,,,0
antitrust:umn-31951d03669357b-1378-1788721384.pdf,antitrust,Antitrust Docs/umn-31951d03669357b-1378-1788721384.pdf,umn-31951d03669357b-1378-1788721384.pdf,,0,pdf,unread,unread,unread,,,,,,,,,,,,,,,,,,,,,,0
antitrust:umn-31951d03669357b-1390-1788721397.pdf,antitrust,Antitrust Docs/umn-31951d03669357b-1390-1788721397.pdf,umn-31951d03669357b-1390-1788721397.pdf,,0,pdf,unread,unread,unread,,,,,,,,,,,,,,,,,,,,,,0
antitrust:umn-31951d03669357b-1398-1788721407.pdf,antitrust,Antitrust Docs/umn-31951d03669357b-1398-1788721407.pdf,umn-31951d03669357b-1398-1788721407.pdf,,0,pdf,unread,unread,unread,,,,,,,,,,,,,,,,,,,,,,0
antitrust:umn-31951d03669357b-1530-1788722498.pdf,antitrust,Antitrust Docs/umn-31951d03669357b-1530-1788722498.pdf,umn-31951d03669357b-1530-1788722498.pdf,,0,pdf,unread,unread,unread,,,,,,,,,,,,,,,,,,,,,,0
antitrust:umn-31951d03669357b-1531-1788722514.pdf,antitrust,Antitrust Docs/umn-31951d03669357b-1531-1788722514.pdf,umn-31951d03669357b-1531-1788722514.pdf,,0,pdf,unread,unread,unread,,,,,,,,,,,,,,,,,,,,,,0
antitrust:umn-31951d03669357b-1532-1788722523.pdf,antitrust,Antitrust Docs/umn-31951d03669357b-1532-1788722523.pdf,umn-31951d03669357b-1532-1788722523.pdf,,0,pdf,unread,unread,unread,,,,,,,,,,,,,,,,,,,,,,0
antitrust:umn-31951d03669357b-1533-1788722533.pdf,antitrust,Antitrust Docs/umn-31951d03669357b-1533-1788722533.pdf,umn-31951d03669357b-1533-1788722533.pdf,,0,pdf,unread,unread,unread,,,,,,,,,,,,,,,,,,,,,,0
crs:RL34439.pdf,crs,crs/RL34439.pdf,RL34439.pdf,,0,pdf,unread,unread,unread,,,,,,,,,,,,,,,,,,,,,,0
crs:RL34439.txt,crs,crs/RL34439.txt,RL34439.txt,,1,txt,unread,unread,unread,,392790,60385,1920,2013,2007,27,0,0,0,25,0,6,1,5,0,0,0,,,,0
guide-images:Los Angeles Dons (AAFC) 1948 Media Guide_jp2.zip,guide-images,guide_images/Los Angeles Dons (AAFC) 1948 Media Guide_jp2.zip,Los Angeles Dons (AAFC) 1948 Media Guide_jp2.zip,,0,zip,unread,unread,unread,,,,,,,,,,,,,,,,,,,,,,0
